currency,order_book_timestamp,best_bid,best_ask,spread,mid_price,obi
BTC-USD,2026-08-28T20:32:39.503646Z,77336.71,77336.72,0.01,77336.715,-0.1017913876181549996728569368
BTC-USD,2026-08-28T20:32:39.601189Z,77336.71,77336.72,0.01,77336.715,-0.1013614260481840353337594691
BTC-USD,2026-08-28T20:32:39.633886Z,77336.71,77336.72,0.01,77336.715,-0.1013614260481840353337594691
BTC-USD,2026-08-28T20:32:39.691138Z,77336.71,77336.72,0.01,77336.715,-0.1013614260481840353337594691
BTC-USD,2026-08-28T20:32:39.750466Z,77336.71,77336.72,0.01,77336.715,-0.1013614260481840353337594691
BTC-USD,2026-08-28T20:32:39.795804Z,77336.71,77336.72,0.01,77336.715,-0.1013614260481840353337594691
BTC-USD,2026-08-28T20:32:39.898064Z,77336.71,77336.72,0.01,77336.715,-0.1013614260481840353337594691
BTC-USD,2026-08-28T20:32:39.945882Z,77336.71,77336.72,0.01,77336.715,-0.1013614260481840353337594691
BTC-USD,2026-08-28T20:32:39.998629Z,77336.71,77336.72,0.01,77336.715,-0.1000830300951779564035620158
BTC-USD,2026-08-28T20:32:40.040949Z,77336.71,77336.72,0.01,77336.715,-0.1000830300951779564035620158
BTC-USD,2026-08-28T20:32:40.094376Z,77336.71,77336.72,0.01,77336.715,-0.1000830300951779564035620158
BTC-USD,2026-08-28T20:32:40.153657Z,77336.71,77336.72,0.01,77336.715,-0.1000830300951779564035620158
BTC-USD,2026-08-28T20:32:40.19321Z,77336.71,77336.72,0.01,77336.715,-0.2799270820913004718519922413
BTC-USD,2026-08-28T20:32:40.245798Z,77336.71,77336.72,0.01,77336.715,-0.2799270820913004718519922413
BTC-USD,2026-08-28T20:32:40.294709Z,77336.71,77336.72,0.01,77336.715,-0.2799671293694656541911801543
BTC-USD,2026-08-28T20:32:40.331955Z,77336.71,77336.72,0.01,77336.715,-0.2799671293694656541911801543
BTC-USD,2026-08-28T20:32:40.398355Z,77336.71,77336.72,0.01,77336.715,-0.2799671293694656541911801543
BTC-USD,2026-08-28T20:32:40.443787Z,77336.71,77336.72,0.01,77336.715,-0.2799371226712053101393356107
BTC-USD,2026-08-28T20:32:40.497324Z,77336.71,77336.72,0.01,77336.715,-0.1000938152367081424309721744
BTC-USD,2026-08-28T20:32:40.529355Z,77336.71,77336.72,0.01,77336.715,-0.1000938152367081424309721744
BTC-USD,2026-08-28T20:32:40.583086Z,77336.71,77336.72,0.01,77336.715,-0.1000938152367081424309721744
BTC-USD,2026-08-28T20:32:40.637958Z,77336.71,77336.72,0.01,77336.715,-0.1000938152367081424309721744
BTC-USD,2026-08-28T20:32:40.692906Z,77336.71,77336.72,0.01,77336.715,-0.1000938152367081424309721744
BTC-USD,2026-08-28T20:32:40.744807Z,77336.71,77336.72,0.01,77336.715,-0.1002001296056489579287741044
BTC-USD,2026-08-28T20:32:40.783243Z,77336.71,77336.72,0.01,77336.715,-0.1009722144977531307172033952
BTC-USD,2026-08-28T20:32:40.850074Z,77336.71,77336.72,0.01,77336.715,-0.09119336133128868485831614252
BTC-USD,2026-08-28T20:32:40.891029Z,77336.71,77336.72,0.01,77336.715,-0.09119336133128868485831614252
BTC-USD,2026-08-28T20:32:40.917255Z,77336.71,77336.72,0.01,77336.715,-0.09119336133128868485831614252
BTC-USD,2026-08-28T20:32:40.999441Z,77336.71,77336.72,0.01,77336.715,-0.09073721221584380348907048283
BTC-USD,2026-08-28T20:32:41.022687Z,77336.71,77336.72,0.01,77336.715,-0.09073721221584380348907048283
BTC-USD,2026-08-28T20:32:41.085241Z,77336.71,77336.72,0.01,77336.715,-0.09073721221584380348907048283
BTC-USD,2026-08-28T20:32:41.140683Z,77336.71,77336.72,0.01,77336.715,-0.09073721221584380348907048283
BTC-USD,2026-08-28T20:32:41.188761Z,77336.71,77336.72,0.01,77336.715,-0.09073721221584380348907048283
BTC-USD,2026-08-28T20:32:41.239616Z,77336.71,77336.72,0.01,77336.715,-0.09073721221584380348907048283
BTC-USD,2026-08-28T20:32:41.289622Z,77336.71,77336.72,0.01,77336.715,-0.09073721221584380348907048283
BTC-USD,2026-08-28T20:32:41.315523Z,77336.71,77336.72,0.01,77336.715,-0.09073721221584380348907048283
BTC-USD,2026-08-28T20:32:41.391084Z,77336.71,77336.72,0.01,77336.715,-0.09073721221584380348907048283
BTC-USD,2026-08-28T20:32:41.411757Z,77336.71,77336.72,0.01,77336.715,-0.09073721221584380348907048283
BTC-USD,2026-08-28T20:32:41.47048Z,77336.71,77336.72,0.01,77336.715,-0.08981419442625000566516822081
BTC-USD,2026-08-28T20:32:41.52156Z,77336.71,77336.72,0.01,77336.715,-0.08981419442625000566516822081
BTC-USD,2026-08-28T20:32:41.584725Z,77336.71,77336.72,0.01,77336.715,-0.08981419442625000566516822081
BTC-USD,2026-08-28T20:32:41.630959Z,77336.71,77336.72,0.01,77336.715,-0.08981419442625000566516822081
BTC-USD,2026-08-28T20:32:41.692776Z,77336.71,77336.72,0.01,77336.715,-0.08981419442625000566516822081
BTC-USD,2026-08-28T20:32:41.734382Z,77336.71,77336.72,0.01,77336.715,0.1700983964171390201180460851
BTC-USD,2026-08-28T20:32:41.777701Z,77336.72,77336.73,0.01,77336.725,0.2843463356497338549184259910
BTC-USD,2026-08-28T20:32:41.827908Z,77336.73,77336.74,0.01,77336.735,0.3211153676818724101269657187
BTC-USD,2026-08-28T20:32:41.879195Z,77336.94,77338.27,1.33,77337.605,-0.08792184799538104624530491232
BTC-USD,2026-08-28T20:32:42.088504Z,77338.36,77338.37,0.01,77338.365,-0.2222071151578400548412817278
BTC-USD,2026-08-28T20:32:42.110807Z,77338.36,77338.37,0.01,77338.365,-0.1245378282431028751727351845
BTC-USD,2026-08-28T20:32:42.134093Z,77338.36,77338.37,0.01,77338.365,-0.1245378282431028751727351845
BTC-USD,2026-08-28T20:32:42.198613Z,77338.36,77338.37,0.01,77338.365,-0.1202745778848638905233409348
BTC-USD,2026-08-28T20:32:42.243423Z,77338.36,77338.37,0.01,77338.365,-0.1202745778848638905233409348
BTC-USD,2026-08-28T20:32:42.291993Z,77338.36,77338.37,0.01,77338.365,-0.1202745778848638905233409348
BTC-USD,2026-08-28T20:32:42.331762Z,77338.36,77338.37,0.01,77338.365,-0.1202745778848638905233409348
BTC-USD,2026-08-28T20:32:42.381812Z,77338.36,77338.37,0.01,77338.365,0.1656162396933616130522288474
BTC-USD,2026-08-28T20:32:42.408593Z,77338.36,77338.37,0.01,77338.365,0.1019698299009419033486460422
BTC-USD,2026-08-28T20:32:42.462412Z,77338.36,77338.37,0.01,77338.365,0.03136812128424977462721026526
BTC-USD,2026-08-28T20:32:42.53199Z,77338.36,77338.37,0.01,77338.365,0.03139206795733047338586869421
BTC-USD,2026-08-28T20:32:42.582208Z,77338.36,77338.37,0.01,77338.365,-0.01589115134875340680986521282
BTC-USD,2026-08-28T20:32:42.643782Z,77338.36,77338.37,0.01,77338.365,-0.01589115134875340680986521282
BTC-USD,2026-08-28T20:32:42.692247Z,77338.36,77338.37,0.01,77338.365,-0.2521291088596355461769519462
BTC-USD,2026-08-28T20:32:42.738072Z,77338.36,77338.37,0.01,77338.365,-0.2521291088596355461769519462
BTC-USD,2026-08-28T20:32:42.775319Z,77338.36,77338.37,0.01,77338.365,-0.2521291088596355461769519462
BTC-USD,2026-08-28T20:32:42.83725Z,77338.36,77338.37,0.01,77338.365,-0.2521291088596355461769519462
BTC-USD,2026-08-28T20:32:42.876046Z,77338.36,77338.37,0.01,77338.365,-0.2521291088596355461769519462
BTC-USD,2026-08-28T20:32:42.946091Z,77338.36,77338.37,0.01,77338.365,-0.2521291088596355461769519462
BTC-USD,2026-08-28T20:32:42.989551Z,77338.36,77338.37,0.01,77338.365,-0.2521291088596355461769519462
BTC-USD,2026-08-28T20:32:43.02446Z,77338.36,77338.37,0.01,77338.365,-0.2520966575771229096005679079
BTC-USD,2026-08-28T20:32:43.080884Z,77338.36,77338.37,0.01,77338.365,-0.2520966575771229096005679079
BTC-USD,2026-08-28T20:32:43.131136Z,77338.36,77338.37,0.01,77338.365,-0.4759002587495639866857252854
BTC-USD,2026-08-28T20:32:43.188313Z,77338.36,77338.37,0.01,77338.365,-0.5409585389795027195168785161
BTC-USD,2026-08-28T20:32:43.228701Z,77338.36,77338.37,0.01,77338.365,-0.4550129726747270424466024284
BTC-USD,2026-08-28T20:32:43.27248Z,77338.36,77338.37,0.01,77338.365,-0.4759002587495639866857252854
BTC-USD,2026-08-28T20:32:43.321883Z,77338.36,77338.37,0.01,77338.365,-0.4774862767985495795137100769
BTC-USD,2026-08-28T20:32:43.369056Z,77338.36,77338.37,0.01,77338.365,-0.4952320919113137671557134059
BTC-USD,2026-08-28T20:32:43.41681Z,77333,77336.33,3.33,77334.665,-0.7407451768413023155328589432
BTC-USD,2026-08-28T20:32:43.467824Z,77333,77336.76,3.76,77334.88,-0.2899588150839584378653602602
BTC-USD,2026-08-28T20:32:43.539963Z,77333,77336.76,3.76,77334.88,-0.6280342971836006732725009367
BTC-USD,2026-08-28T20:32:43.596285Z,77333,77333.01,0.01,77333.005,-0.9927684091999126340797419213
BTC-USD,2026-08-28T20:32:43.636601Z,77333,77333.01,0.01,77333.005,-0.9918017007196426652382131608
BTC-USD,2026-08-28T20:32:43.685525Z,77333,77333.01,0.01,77333.005,-0.9956402979274538543940987142
BTC-USD,2026-08-28T20:32:43.727273Z,77333,77333.01,0.01,77333.005,-0.9773238988863908323917918448
BTC-USD,2026-08-28T20:32:43.775487Z,77333,77333.01,0.01,77333.005,-0.9677493248990758327857526793
BTC-USD,2026-08-28T20:32:43.843677Z,77333,77333.01,0.01,77333.005,-0.9677493248990758327857526793
BTC-USD,2026-08-28T20:32:43.88461Z,77333,77333.01,0.01,77333.005,-0.9677493248990758327857526793
BTC-USD,2026-08-28T20:32:43.950283Z,77333,77333.01,0.01,77333.005,-0.9684207415225818677825438741
BTC-USD,2026-08-28T20:32:43.994015Z,77333,77333.01,0.01,77333.005,-0.9684207415225818677825438741
BTC-USD,2026-08-28T20:32:44.034439Z,77333,77333.01,0.01,77333.005,-0.9684207415225818677825438741
BTC-USD,2026-08-28T20:32:44.089207Z,77333,77333.01,0.01,77333.005,-0.9684207415225818677825438741
BTC-USD,2026-08-28T20:32:44.156387Z,77333,77333.01,0.01,77333.005,-0.9684207415225818677825438741
BTC-USD,2026-08-28T20:32:44.194148Z,77333,77333.01,0.01,77333.005,-0.9684207415225818677825438741
BTC-USD,2026-08-28T20:32:44.252914Z,77333,77333.01,0.01,77333.005,-0.9684207415225818677825438741
BTC-USD,2026-08-28T20:32:44.28236Z,77333,77333.01,0.01,77333.005,-0.9684207415225818677825438741
BTC-USD,2026-08-28T20:32:44.325358Z,77333,77333.01,0.01,77333.005,-0.8736545945647446117209405117
BTC-USD,2026-08-28T20:32:44.384437Z,77333,77333.01,0.01,77333.005,-0.8521060800435167943280810007
BTC-USD,2026-08-28T20:32:44.4287Z,77328.01,77328.02,0.01,77328.015,-0.9999346540113879431490509785
BTC-USD,2026-08-28T20:32:44.457038Z,77328.01,77328.02,0.01,77328.015,-0.9999511758887921811516891443
BTC-USD,2026-08-28T20:32:44.568851Z,77328.01,77328.02,0.01,77328.015,-0.9999883666900511598995761586
BTC-USD,2026-08-28T20:32:44.593022Z,77328.01,77328.02,0.01,77328.015,-0.9999883666900511598995761586
BTC-USD,2026-08-28T20:32:44.662641Z,77328.01,77328.02,0.01,77328.015,-0.9999883666900511598995761586
BTC-USD,2026-08-28T20:32:44.74267Z,77328.01,77328.02,0.01,77328.015,-0.9999883666900511598995761586
BTC-USD,2026-08-28T20:32:44.764649Z,77328.01,77328.02,0.01,77328.015,-0.9999883666900511598995761586
BTC-USD,2026-08-28T20:32:44.832911Z,77325.01,77325.1,0.09,77325.055,-0.9999771484319461093755741903
BTC-USD,2026-08-28T20:32:44.877757Z,77311.81,77322.47,10.66,77317.14,-0.6509889106313837341229060868
BTC-USD,2026-08-28T20:32:44.930507Z,77313.85,77320.51,6.66,77317.18,-0.8138644200492680691385848320
BTC-USD,2026-08-28T20:32:44.98453Z,77311.72,77314.83,3.11,77313.275,-0.7852520938304347788696626566
BTC-USD,2026-08-28T20:32:45.042894Z,77311.72,77311.73,0.01,77311.725,-0.8637447919708805150563416160
BTC-USD,2026-08-28T20:32:45.070453Z,77311.72,77311.73,0.01,77311.725,0.1884102375054237948690193446
BTC-USD,2026-08-28T20:32:45.122473Z,77311.45,77311.72,0.27,77311.585,0.2592435857652022790750854569
BTC-USD,2026-08-28T20:32:45.22936Z,77311.71,77311.72,0.01,77311.715,0.1659418489055590623930198503
BTC-USD,2026-08-28T20:32:45.254204Z,77311.71,77311.72,0.01,77311.715,0.1381536263392660439351476767
BTC-USD,2026-08-28T20:32:45.411816Z,77306.59,77311.63,5.04,77309.11,-0.1038619575292345157218274839
BTC-USD,2026-08-28T20:32:45.490878Z,77311.59,77311.6,0.01,77311.595,-0.2470468325997930983803377564
BTC-USD,2026-08-28T20:32:45.515695Z,77311.59,77311.6,0.01,77311.595,-0.2765316862377544478932651498
BTC-USD,2026-08-28T20:32:45.570076Z,77311.59,77311.6,0.01,77311.595,-0.3545153053550590328826579249
BTC-USD,2026-08-28T20:32:45.617817Z,77311.59,77311.6,0.01,77311.595,-0.3545153053550590328826579249
BTC-USD,2026-08-28T20:32:45.665902Z,77311.59,77311.6,0.01,77311.595,-0.3545153053550590328826579249
BTC-USD,2026-08-28T20:32:45.724411Z,77311.59,77311.6,0.01,77311.595,-0.3545153053550590328826579249
BTC-USD,2026-08-28T20:32:45.773092Z,77311.59,77311.6,0.01,77311.595,-0.3545153053550590328826579249
BTC-USD,2026-08-28T20:32:45.826322Z,77311.42,77311.6,0.18,77311.51,-0.4656685174185860615731616562
BTC-USD,2026-08-28T20:32:45.874297Z,77311.42,77311.6,0.18,77311.51,-0.4656685174185860615731616562
BTC-USD,2026-08-28T20:32:45.92713Z,77311.59,77311.6,0.01,77311.595,-0.4452159829864936364524121039
BTC-USD,2026-08-28T20:32:45.978676Z,77311.59,77311.6,0.01,77311.595,-0.4813498973550141608281288317
BTC-USD,2026-08-28T20:32:46.013259Z,77311.59,77311.6,0.01,77311.595,-0.4833443588295410015219647681
BTC-USD,2026-08-28T20:32:46.091254Z,77313.65,77313.66,0.01,77313.655,0.001177246964150160056351823567
BTC-USD,2026-08-28T20:32:46.139362Z,77313.65,77313.66,0.01,77313.655,0.06779019221377788763921897103
BTC-USD,2026-08-28T20:32:46.184758Z,77313.65,77313.66,0.01,77313.655,0.1107481186574234831279037483
BTC-USD,2026-08-28T20:32:46.231109Z,77313.65,77313.66,0.01,77313.655,0.1042724206185477852613569249
BTC-USD,2026-08-28T20:32:46.276035Z,77313.65,77313.66,0.01,77313.655,0.1042723668232829211689110299
BTC-USD,2026-08-28T20:32:46.345593Z,77313.65,77313.66,0.01,77313.655,0.1042723668232829211689110299
BTC-USD,2026-08-28T20:32:46.366363Z,77313.65,77313.66,0.01,77313.655,0.1042723668232829211689110299
BTC-USD,2026-08-28T20:32:46.440722Z,77313.65,77313.66,0.01,77313.655,0.06461130792355919636633615304
BTC-USD,2026-08-28T20:32:46.4651Z,77313.65,77313.66,0.01,77313.655,0.06461130792355919636633615304
BTC-USD,2026-08-28T20:32:46.539959Z,77313.65,77313.66,0.01,77313.655,0.06461130792355919636633615304
BTC-USD,2026-08-28T20:32:46.584242Z,77313.65,77313.66,0.01,77313.655,0.06461130792355919636633615304
BTC-USD,2026-08-28T20:32:46.635584Z,77313.65,77313.66,0.01,77313.655,0.2472927506878380631376458132
BTC-USD,2026-08-28T20:32:46.68119Z,77313.65,77313.66,0.01,77313.655,0.2472927506878380631376458132
BTC-USD,2026-08-28T20:32:46.703723Z,77313.65,77313.66,0.01,77313.655,0.2472927506878380631376458132
BTC-USD,2026-08-28T20:32:46.771075Z,77313.65,77313.66,0.01,77313.655,0.2472927506878380631376458132
BTC-USD,2026-08-28T20:32:46.819754Z,77313.65,77313.66,0.01,77313.655,0.2271159761604893671888223485
BTC-USD,2026-08-28T20:32:46.868008Z,77313.65,77313.66,0.01,77313.655,0.2286567819229291381846388121
BTC-USD,2026-08-28T20:32:46.918197Z,77313.65,77313.66,0.01,77313.655,0.2285203053833162366101526014
BTC-USD,2026-08-28T20:32:46.940352Z,77313.65,77313.66,0.01,77313.655,0.2333948982864099522926317410
BTC-USD,2026-08-28T20:32:46.983859Z,77313.65,77313.66,0.01,77313.655,0.2334127523413603259303472280
BTC-USD,2026-08-28T20:32:47.086664Z,77313.65,77313.66,0.01,77313.655,0.2285382019570127861048468582
BTC-USD,2026-08-28T20:32:47.134007Z,77313.65,77313.66,0.01,77313.655,0.2285382019570127861048468582
BTC-USD,2026-08-28T20:32:47.179716Z,77313.65,77313.66,0.01,77313.655,0.2285382019570127861048468582
BTC-USD,2026-08-28T20:32:47.238324Z,77313.65,77313.66,0.01,77313.655,0.2334127523413603259303472280
BTC-USD,2026-08-28T20:32:47.284604Z,77313.65,77313.66,0.01,77313.655,-0.1868712486839357290691209727
BTC-USD,2026-08-28T20:32:47.34573Z,77313.65,77313.66,0.01,77313.655,-0.1867830894931287297148296271
BTC-USD,2026-08-28T20:32:47.363123Z,77313.65,77313.66,0.01,77313.655,-0.1867830894931287297148296271
BTC-USD,2026-08-28T20:32:47.449329Z,77313.65,77313.66,0.01,77313.655,-0.1729817813911964175924015801
BTC-USD,2026-08-28T20:32:47.493805Z,77313.65,77313.66,0.01,77313.655,-0.1729817813911964175924015801
BTC-USD,2026-08-28T20:32:47.523015Z,77313.65,77313.66,0.01,77313.655,-0.1729817813911964175924015801
BTC-USD,2026-08-28T20:32:47.614745Z,77313.65,77313.66,0.01,77313.655,-0.1729820736358976536751224726
BTC-USD,2026-08-28T20:32:47.681764Z,77313.65,77313.66,0.01,77313.655,-0.1729820736358976536751224726
BTC-USD,2026-08-28T20:32:47.734338Z,77313.65,77313.66,0.01,77313.655,-0.1729820736358976536751224726
BTC-USD,2026-08-28T20:32:47.759889Z,77313.65,77313.66,0.01,77313.655,-0.1729820736358976536751224726
BTC-USD,2026-08-28T20:32:47.836948Z,77313.65,77313.66,0.01,77313.655,-0.1731973528941136172862208792
BTC-USD,2026-08-28T20:32:47.891082Z,77313.65,77313.66,0.01,77313.655,-0.1731973528941136172862208792
BTC-USD,2026-08-28T20:32:47.931431Z,77313.65,77313.66,0.01,77313.655,-0.1733925110895607778790605657
BTC-USD,2026-08-28T20:32:47.987954Z,77313.65,77313.66,0.01,77313.655,-0.1732184223176510188735173053
BTC-USD,2026-08-28T20:32:48.034402Z,77313.65,77313.66,0.01,77313.655,-0.1724774505742659412264699271
BTC-USD,2026-08-28T20:32:48.080329Z,77313.65,77313.66,0.01,77313.655,-0.1724774505742659412264699271
BTC-USD,2026-08-28T20:32:48.128249Z,77313.65,77313.66,0.01,77313.655,-0.1724774505742659412264699271
BTC-USD,2026-08-28T20:32:48.17515Z,77313.65,77313.66,0.01,77313.655,-0.2226110624520488516985207928
BTC-USD,2026-08-28T20:32:48.217958Z,77313.65,77313.66,0.01,77313.655,-0.1526759041664925340748078685
BTC-USD,2026-08-28T20:32:48.272391Z,77313.65,77313.66,0.01,77313.655,-0.1526565965528265516230180159
BTC-USD,2026-08-28T20:32:48.325795Z,77313.65,77313.66,0.01,77313.655,-0.1526140188291248058897327426
BTC-USD,2026-08-28T20:32:48.38206Z,77313.65,77313.66,0.01,77313.655,-0.1526140188291248058897327426
BTC-USD,2026-08-28T20:32:48.429523Z,77313.65,77313.66,0.01,77313.655,-0.1521187721268049812965420176
BTC-USD,2026-08-28T20:32:48.472925Z,77313.65,77313.66,0.01,77313.655,-0.1719381550027502149652378144
BTC-USD,2026-08-28T20:32:48.532677Z,77313.65,77313.66,0.01,77313.655,-0.1719381550027502149652378144
BTC-USD,2026-08-28T20:32:48.579471Z,77313.65,77313.66,0.01,77313.655,-0.1716323420717284365968013808
BTC-USD,2026-08-28T20:32:48.637135Z,77313.65,77313.66,0.01,77313.655,-0.1716325840218933110315057599
BTC-USD,2026-08-28T20:32:48.675563Z,77313.65,77313.66,0.01,77313.655,-0.1716325840218933110315057599
BTC-USD,2026-08-28T20:32:48.721012Z,77313.65,77313.66,0.01,77313.655,-0.1716325840218933110315057599
BTC-USD,2026-08-28T20:32:48.770762Z,77313.65,77313.66,0.01,77313.655,-0.1716325840218933110315057599
BTC-USD,2026-08-28T20:32:48.817164Z,77313.65,77313.66,0.01,77313.655,-0.1716325840218933110315057599
BTC-USD,2026-08-28T20:32:48.875062Z,77313.65,77313.66,0.01,77313.655,-0.1716325840218933110315057599
BTC-USD,2026-08-28T20:32:48.920694Z,77313.65,77313.66,0.01,77313.655,-0.1716325840218933110315057599
BTC-USD,2026-08-28T20:32:48.942871Z,77313.65,77313.66,0.01,77313.655,-0.1716325840218933110315057599
BTC-USD,2026-08-28T20:32:48.994612Z,77313.65,77313.66,0.01,77313.655,-0.1716325840218933110315057599
BTC-USD,2026-08-28T20:32:49.091529Z,77313.65,77313.66,0.01,77313.655,-0.1518111710011521341143524322
BTC-USD,2026-08-28T20:32:49.134041Z,77313.65,77313.66,0.01,77313.655,-0.1515355502088741851625521925
BTC-USD,2026-08-28T20:32:49.184924Z,77313.65,77313.66,0.01,77313.655,-0.1515355502088741851625521925
BTC-USD,2026-08-28T20:32:49.204407Z,77313.65,77313.66,0.01,77313.655,-0.1579338488684852210657538882
BTC-USD,2026-08-28T20:32:49.289936Z,77313.65,77313.66,0.01,77313.655,-0.1515529822620126654989659557
BTC-USD,2026-08-28T20:32:49.337168Z,77313.65,77313.66,0.01,77313.655,-0.1999876129415274759735330321
BTC-USD,2026-08-28T20:32:49.389774Z,77313.65,77313.66,0.01,77313.655,-0.1515514134530592171551515840
BTC-USD,2026-08-28T20:32:49.43639Z,77313.65,77313.66,0.01,77313.655,-0.1515514134530592171551515840
BTC-USD,2026-08-28T20:32:49.464143Z,77313.65,77313.66,0.01,77313.655,-0.1515514134530592171551515840
BTC-USD,2026-08-28T20:32:49.518254Z,77313.65,77313.66,0.01,77313.655,-0.1515506339222496735352771232
BTC-USD,2026-08-28T20:32:49.574198Z,77313.65,77313.66,0.01,77313.655,-0.1515506339222496735352771232
BTC-USD,2026-08-28T20:32:49.636Z,77313.65,77313.66,0.01,77313.655,-0.1514185489858584757532824201
BTC-USD,2026-08-28T20:32:49.686958Z,77313.65,77313.66,0.01,77313.655,-0.1514185489858584757532824201
BTC-USD,2026-08-28T20:32:49.745724Z,77313.65,77313.66,0.01,77313.655,-0.1514185489858584757532824201
BTC-USD,2026-08-28T20:32:49.785743Z,77313.65,77313.66,0.01,77313.655,-0.1500953189313091030520265025
BTC-USD,2026-08-28T20:32:49.844701Z,77313.65,77313.66,0.01,77313.655,-0.1500953189313091030520265025
BTC-USD,2026-08-28T20:32:49.898278Z,77313.65,77313.66,0.01,77313.655,-0.1467252266016775813695928242
BTC-USD,2026-08-28T20:32:49.915723Z,77313.65,77313.66,0.01,77313.655,-0.1429553654733566751574078173
BTC-USD,2026-08-28T20:32:49.975472Z,77313.65,77313.66,0.01,77313.655,-0.1429553654733566751574078173
BTC-USD,2026-08-28T20:32:50.03982Z,77313.65,77313.66,0.01,77313.655,-0.1544501195699304262908228841
BTC-USD,2026-08-28T20:32:50.084735Z,77313.65,77313.66,0.01,77313.655,-0.1544501195699304262908228841
BTC-USD,2026-08-28T20:32:50.141212Z,77313.65,77313.66,0.01,77313.655,0.08459425140609410901618243342
BTC-USD,2026-08-28T20:32:50.174556Z,77313.65,77313.66,0.01,77313.655,0.08459425140609410901618243342
BTC-USD,2026-08-28T20:32:50.223465Z,77313.65,77313.66,0.01,77313.655,0.08459425140609410901618243342
BTC-USD,2026-08-28T20:32:50.274834Z,77313.65,77313.66,0.01,77313.655,0.2101950900033738861214202076
BTC-USD,2026-08-28T20:32:50.339804Z,77313.65,77313.66,0.01,77313.655,0.2107881104425431427264572083
BTC-USD,2026-08-28T20:32:50.388898Z,77313.87,77313.88,0.01,77313.875,0.6254917877461321949578186178
BTC-USD,2026-08-28T20:32:50.414704Z,77314.64,77314.65,0.01,77314.645,0.3087262870617246045389614872
BTC-USD,2026-08-28T20:32:50.43887Z,77317.99,77318,0.01,77317.995,0.1228112954952681709288530751
BTC-USD,2026-08-28T20:32:50.521859Z,77317.99,77318,0.01,77317.995,0.3771554672701846652762612126
BTC-USD,2026-08-28T20:32:50.579412Z,77320.71,77321.52,0.81,77321.115,0.01449945376205882716848869001
BTC-USD,2026-08-28T20:32:50.66436Z,77322.27,77323.94,1.67,77323.105,0.3417992486345328614203215441
BTC-USD,2026-08-28T20:32:50.720143Z,77319.46,77323.93,4.47,77321.695,0.2921533870848738214734183498
BTC-USD,2026-08-28T20:32:50.770202Z,77319.46,77323.55,4.09,77321.505,0.09415536051517072915170905252
BTC-USD,2026-08-28T20:32:50.825826Z,77319.46,77323.55,4.09,77321.505,0.09418602846290591599288764630
BTC-USD,2026-08-28T20:32:50.882522Z,77319.46,77323.55,4.09,77321.505,-0.1873003036122914821870814253
BTC-USD,2026-08-28T20:32:50.935268Z,77321.3,77323.55,2.25,77322.425,-0.4035314682393668733705594023
BTC-USD,2026-08-28T20:32:50.989024Z,77321.3,77323.55,2.25,77322.425,-0.1634484955900391448141067068
BTC-USD,2026-08-28T20:32:51.01785Z,77321.3,77323.55,2.25,77322.425,-0.1634484955900391448141067068
BTC-USD,2026-08-28T20:32:51.070979Z,77321.3,77323.55,2.25,77322.425,-0.1634188538781396059355348959
BTC-USD,2026-08-28T20:32:51.143974Z,77323.54,77323.55,0.01,77323.545,-0.2640419959864220902819984112
BTC-USD,2026-08-28T20:32:51.189145Z,77323.54,77323.55,0.01,77323.545,-0.2640729938751408514800344119
BTC-USD,2026-08-28T20:32:51.236417Z,77323.54,77323.55,0.01,77323.545,-0.06242695487229139432760888176
BTC-USD,2026-08-28T20:32:51.287397Z,77323.54,77323.55,0.01,77323.545,-0.2096760311233452783601029967
BTC-USD,2026-08-28T20:32:51.349511Z,77323.54,77323.55,0.01,77323.545,-0.2096760311233452783601029967
BTC-USD,2026-08-28T20:32:51.377479Z,77323.54,77323.55,0.01,77323.545,-0.2098840561988386166225948678
BTC-USD,2026-08-28T20:32:51.446378Z,77323.54,77323.55,0.01,77323.545,-0.06271970312388413797377814641
BTC-USD,2026-08-28T20:32:51.485484Z,77323.54,77323.55,0.01,77323.545,-0.06271970312388413797377814641
BTC-USD,2026-08-28T20:32:51.54495Z,77323.54,77323.55,0.01,77323.545,-0.06218884038370158772484285007
BTC-USD,2026-08-28T20:32:51.579196Z,77323.54,77323.55,0.01,77323.545,-0.06216096447117165349593958029
BTC-USD,2026-08-28T20:32:51.643772Z,77323.54,77323.55,0.01,77323.545,-0.06216096447117165349593958029
BTC-USD,2026-08-28T20:32:51.679715Z,77323.54,77323.55,0.01,77323.545,-0.06216096447117165349593958029
BTC-USD,2026-08-28T20:32:51.740363Z,77323.54,77323.55,0.01,77323.545,-0.06216096447117165349593958029
BTC-USD,2026-08-28T20:32:51.792746Z,77323.54,77323.55,0.01,77323.545,-0.06159489431497006381611773318
BTC-USD,2026-08-28T20:32:51.828388Z,77323.54,77323.55,0.01,77323.545,-0.06159489431497006381611773318
BTC-USD,2026-08-28T20:32:51.878072Z,77323.54,77323.55,0.01,77323.545,-0.3116400873337707861239458911
BTC-USD,2026-08-28T20:32:51.929114Z,77323.54,77323.55,0.01,77323.545,-0.3116400873337707861239458911
BTC-USD,2026-08-28T20:32:52.037128Z,77323.54,77323.55,0.01,77323.545,-0.3116221065481398865853641763
BTC-USD,2026-08-28T20:32:52.084739Z,77323.54,77323.55,0.01,77323.545,-0.3116221065481398865853641763
BTC-USD,2026-08-28T20:32:52.146641Z,77323.54,77323.55,0.01,77323.545,-0.3116221065481398865853641763
BTC-USD,2026-08-28T20:32:52.187502Z,77323.54,77323.55,0.01,77323.545,-0.3116221065481398865853641763
BTC-USD,2026-08-28T20:32:52.242419Z,77323.54,77323.55,0.01,77323.545,-0.3116221561086134764687429183
BTC-USD,2026-08-28T20:32:52.276484Z,77323.54,77323.55,0.01,77323.545,-0.3116221561086134764687429183
BTC-USD,2026-08-28T20:32:52.326547Z,77323.54,77323.55,0.01,77323.545,-0.3116221561086134764687429183
BTC-USD,2026-08-28T20:32:52.379194Z,77323.54,77323.55,0.01,77323.545,-0.9382052771613498626225457494
BTC-USD,2026-08-28T20:32:52.405286Z,77323.54,77323.55,0.01,77323.545,-0.9382052771613498626225457494
BTC-USD,2026-08-28T20:32:52.469936Z,77323.54,77323.55,0.01,77323.545,-0.6891891898298566891424599695
BTC-USD,2026-08-28T20:32:52.569425Z,77323.54,77323.55,0.01,77323.545,-0.5053717696800998965541403317
BTC-USD,2026-08-28T20:32:52.639521Z,77323.54,77323.55,0.01,77323.545,-0.4072483795077214887873176651
BTC-USD,2026-08-28T20:32:52.657849Z,77323.54,77323.55,0.01,77323.545,-0.4072483795077214887873176651
BTC-USD,2026-08-28T20:32:52.734979Z,77323.54,77323.55,0.01,77323.545,-0.4072483795077214887873176651
BTC-USD,2026-08-28T20:32:52.781745Z,77323.54,77323.55,0.01,77323.545,-0.4072484488786878382679607739
BTC-USD,2026-08-28T20:32:52.839819Z,77323.54,77323.55,0.01,77323.545,-0.4072484488786878382679607739
BTC-USD,2026-08-28T20:32:52.859829Z,77323.54,77323.55,0.01,77323.545,-0.4072484488786878382679607739
BTC-USD,2026-08-28T20:32:52.941098Z,77323.54,77323.55,0.01,77323.545,-0.4072484488786878382679607739
BTC-USD,2026-08-28T20:32:52.98885Z,77323.54,77323.55,0.01,77323.545,-0.4072484488786878382679607739
BTC-USD,2026-08-28T20:32:53.094462Z,77323.54,77323.55,0.01,77323.545,-0.4075322333612342776640367754
BTC-USD,2026-08-28T20:32:53.140135Z,77323.54,77323.55,0.01,77323.545,-0.4075322333612342776640367754
BTC-USD,2026-08-28T20:32:53.187202Z,77323.54,77323.55,0.01,77323.545,-0.4075322333612342776640367754
BTC-USD,2026-08-28T20:32:53.236981Z,77323.54,77323.55,0.01,77323.545,-0.4075322333612342776640367754
BTC-USD,2026-08-28T20:32:53.285483Z,77323.54,77323.55,0.01,77323.545,-0.2746091834516502705995495511
BTC-USD,2026-08-28T20:32:53.337399Z,77325.09,77325.1,0.01,77325.095,0.02230121517898659665617220188
BTC-USD,2026-08-28T20:32:53.386875Z,77325.09,77325.1,0.01,77325.095,-0.4239654004477278414875286432
BTC-USD,2026-08-28T20:32:53.428911Z,77325.09,77325.1,0.01,77325.095,-0.5191729749964851776128681459
BTC-USD,2026-08-28T20:32:53.476842Z,77325.09,77325.1,0.01,77325.095,-0.4611566425635153713277672704
BTC-USD,2026-08-28T20:32:53.529205Z,77325.09,77325.1,0.01,77325.095,-0.3352165063765339654205959599
BTC-USD,2026-08-28T20:32:53.590953Z,77325.09,77325.1,0.01,77325.095,-0.4611516499638307995692162872
BTC-USD,2026-08-28T20:32:53.637385Z,77325.09,77325.1,0.01,77325.095,-0.2150158778424318593301519371
BTC-USD,2026-08-28T20:32:53.681399Z,77325.09,77325.1,0.01,77325.095,-0.2149467447692222533610168042
BTC-USD,2026-08-28T20:32:53.728729Z,77325.09,77325.1,0.01,77325.095,-0.2149467447692222533610168042
BTC-USD,2026-08-28T20:32:53.776327Z,77325.09,77325.1,0.01,77325.095,-0.4239654004477278414875286432
BTC-USD,2026-08-28T20:32:53.820605Z,77325.09,77325.1,0.01,77325.095,-0.4239654004477278414875286432
BTC-USD,2026-08-28T20:32:53.892861Z,77325.09,77325.1,0.01,77325.095,-0.1890595488601490539280028479
BTC-USD,2026-08-28T20:32:53.93691Z,77325.09,77325.1,0.01,77325.095,-0.1890532592824741023862865700
BTC-USD,2026-08-28T20:32:53.992663Z,77325.09,77325.1,0.01,77325.095,-0.1645934411171806842541684126
BTC-USD,2026-08-28T20:32:54.032212Z,77325.09,77325.1,0.01,77325.095,-0.1645267934952566212191996918
BTC-USD,2026-08-28T20:32:54.066654Z,77325.09,77325.1,0.01,77325.095,-0.1645267934952566212191996918
BTC-USD,2026-08-28T20:32:54.122256Z,77325.09,77325.1,0.01,77325.095,-0.1645267934952566212191996918
BTC-USD,2026-08-28T20:32:54.187008Z,77325.09,77325.1,0.01,77325.095,-0.1645267934952566212191996918
BTC-USD,2026-08-28T20:32:54.214018Z,77325.09,77325.1,0.01,77325.095,-0.1645267934952566212191996918
BTC-USD,2026-08-28T20:32:54.29179Z,77325.09,77325.1,0.01,77325.095,-0.1988082195232878093151237260
BTC-USD,2026-08-28T20:32:54.32594Z,77325.09,77325.1,0.01,77325.095,-0.1988082195232878093151237260
BTC-USD,2026-08-28T20:32:54.393171Z,77325.09,77325.1,0.01,77325.095,-0.1988082195232878093151237260
BTC-USD,2026-08-28T20:32:54.439139Z,77325.09,77325.1,0.01,77325.095,0.00001835923669823812783915600816
BTC-USD,2026-08-28T20:32:54.463766Z,77325.09,77325.1,0.01,77325.095,-0.3874481106445289971096205447
BTC-USD,2026-08-28T20:32:54.516681Z,77325.09,77325.1,0.01,77325.095,-0.3874481106445289971096205447
BTC-USD,2026-08-28T20:32:54.584482Z,77325.09,77325.1,0.01,77325.095,-0.2115079763530126985898280946
BTC-USD,2026-08-28T20:32:54.633942Z,77325.09,77325.1,0.01,77325.095,-0.2115079763530126985898280946
BTC-USD,2026-08-28T20:32:54.688158Z,77325.09,77325.1,0.01,77325.095,-0.2115079763530126985898280946
BTC-USD,2026-08-28T20:32:54.728801Z,77325.09,77325.1,0.01,77325.095,-0.3619632647630324805059645066
BTC-USD,2026-08-28T20:32:54.794166Z,77325.09,77325.1,0.01,77325.095,-0.3618911473110814826433019281
BTC-USD,2026-08-28T20:32:54.84909Z,77325.09,77325.1,0.01,77325.095,-0.3618911473110814826433019281
BTC-USD,2026-08-28T20:32:54.889268Z,77325.09,77325.1,0.01,77325.095,-0.3619632647630324805059645066
BTC-USD,2026-08-28T20:32:54.949846Z,77325.09,77325.1,0.01,77325.095,-0.3619635908766831125873373539
BTC-USD,2026-08-28T20:32:54.987717Z,77325.09,77325.1,0.01,77325.095,-0.3619635908766831125873373539
BTC-USD,2026-08-28T20:32:55.03859Z,77325.09,77325.1,0.01,77325.095,-0.3874451298448724416302910838
BTC-USD,2026-08-28T20:32:55.081068Z,77325.09,77325.1,0.01,77325.095,-0.3874451298448724416302910838
BTC-USD,2026-08-28T20:32:55.123074Z,77325.09,77325.1,0.01,77325.095,-0.4597433716067963253836098001
BTC-USD,2026-08-28T20:32:55.192354Z,77325.09,77325.1,0.01,77325.095,-0.3943362390497073783991838530
BTC-USD,2026-08-28T20:32:55.242913Z,77325.09,77325.1,0.01,77325.095,-0.4471621353488639677133795472
BTC-USD,2026-08-28T20:32:55.283312Z,77325.09,77325.1,0.01,77325.095,-0.8457709721807517210227705222
BTC-USD,2026-08-28T20:32:55.323627Z,77325.09,77325.1,0.01,77325.095,-0.8532973111662367123802701154
BTC-USD,2026-08-28T20:32:55.392726Z,77325.09,77325.1,0.01,77325.095,-0.8532973111662367123802701154
BTC-USD,2026-08-28T20:32:55.447864Z,77325.09,77325.1,0.01,77325.095,-0.8532973111662367123802701154
BTC-USD,2026-08-28T20:32:55.466924Z,77325.09,77325.1,0.01,77325.095,-0.8532973111662367123802701154
BTC-USD,2026-08-28T20:32:55.568413Z,77325.09,77325.1,0.01,77325.095,-0.8457710607471218934002577904
BTC-USD,2026-08-28T20:32:55.655005Z,77323.4,77324.1,0.7,77323.75,-0.8165965275363532014192108221
BTC-USD,2026-08-28T20:32:55.75265Z,77323.41,77324.1,0.69,77323.755,-0.5905627509598315457965038340
BTC-USD,2026-08-28T20:32:55.801992Z,77323.41,77324.1,0.69,77323.755,-0.5905627509598315457965038340
BTC-USD,2026-08-28T20:32:55.843752Z,77319.91,77319.92,0.01,77319.915,-0.7606719372724772710461105615
BTC-USD,2026-08-28T20:32:55.906071Z,77319.91,77319.92,0.01,77319.915,-0.7741406892558572644918339688
BTC-USD,2026-08-28T20:32:55.930344Z,77319.91,77319.92,0.01,77319.915,-0.7862168493558312177025993191
BTC-USD,2026-08-28T20:32:55.974666Z,77319.91,77319.92,0.01,77319.915,-0.7723981277744228048653884602
BTC-USD,2026-08-28T20:32:56.041254Z,77319.92,77319.93,0.01,77319.925,-0.7088439949715004767028848052
BTC-USD,2026-08-28T20:32:56.093854Z,77319.92,77319.93,0.01,77319.925,-0.7212786648717395572432671994
BTC-USD,2026-08-28T20:32:56.135212Z,77319.92,77319.93,0.01,77319.925,-0.7103272704119965652033766752
BTC-USD,2026-08-28T20:32:56.193313Z,77319.92,77319.93,0.01,77319.925,-0.7103272704119965652033766752
BTC-USD,2026-08-28T20:32:56.230186Z,77319.92,77319.93,0.01,77319.925,-0.7103272704119965652033766752
BTC-USD,2026-08-28T20:32:56.271714Z,77319.92,77319.93,0.01,77319.925,-0.6731870086816562088706389092
BTC-USD,2026-08-28T20:32:56.316524Z,77319.92,77319.93,0.01,77319.925,-0.6685646214216368258662378376
BTC-USD,2026-08-28T20:32:56.373046Z,77319.92,77319.93,0.01,77319.925,-0.6676572974718668633995660534
BTC-USD,2026-08-28T20:32:56.440908Z,77319.92,77319.93,0.01,77319.925,-0.6676572974718668633995660534
BTC-USD,2026-08-28T20:32:56.49291Z,77319.92,77319.93,0.01,77319.925,-0.6536792714171579542929900535
BTC-USD,2026-08-28T20:32:56.541323Z,77319.92,77319.93,0.01,77319.925,-0.6515223914417875962032520491
BTC-USD,2026-08-28T20:32:56.585288Z,77319.92,77319.93,0.01,77319.925,-0.6463751919681345133694409927
BTC-USD,2026-08-28T20:32:56.648209Z,77319.92,77319.93,0.01,77319.925,-0.6581879453363141575087954125
BTC-USD,2026-08-28T20:32:56.690526Z,77319.92,77319.93,0.01,77319.925,-0.6542807814745276863399000048
BTC-USD,2026-08-28T20:32:56.723449Z,77319.92,77319.93,0.01,77319.925,-0.6542807814745276863399000048
BTC-USD,2026-08-28T20:32:56.777883Z,77319.92,77319.93,0.01,77319.925,-0.6271733106902037065954184243
BTC-USD,2026-08-28T20:32:56.892665Z,77319.92,77319.93,0.01,77319.925,-0.6128096231750884099019701101
BTC-USD,2026-08-28T20:32:56.942873Z,77319.92,77319.93,0.01,77319.925,-0.6078040708931395771918230354
BTC-USD,2026-08-28T20:32:56.995603Z,77319.92,77319.93,0.01,77319.925,-0.5893087408220011636602773322
BTC-USD,2026-08-28T20:32:57.040769Z,77319.92,77319.93,0.01,77319.925,-0.5786243102614843692797336635
BTC-USD,2026-08-28T20:32:57.06379Z,77319.92,77319.93,0.01,77319.925,-0.5786243102614843692797336635
BTC-USD,2026-08-28T20:32:57.119512Z,77321.38,77321.39,0.01,77321.385,-0.04373644492140695645761355448
BTC-USD,2026-08-28T20:32:57.172661Z,77334.99,77335,0.01,77334.995,0.1266422446363500829855619916
BTC-USD,2026-08-28T20:32:57.239718Z,77334.99,77335,0.01,77334.995,0.2052384216004717683681568381
BTC-USD,2026-08-28T20:32:57.278692Z,77334.99,77335,0.01,77334.995,0.02103913873248823602667729714
BTC-USD,2026-08-28T20:32:57.322977Z,77334.99,77335,0.01,77334.995,0.02940425862158754087295054811
BTC-USD,2026-08-28T20:32:57.392818Z,77334.99,77335,0.01,77334.995,0.02940425862158754087295054811
BTC-USD,2026-08-28T20:32:57.443335Z,77334.99,77335,0.01,77334.995,-0.08352783785937780755829896031
BTC-USD,2026-08-28T20:32:57.491813Z,77334.99,77335,0.01,77334.995,-0.08352783785937780755829896031
BTC-USD,2026-08-28T20:32:57.54403Z,77334.99,77335,0.01,77334.995,-0.08352783785937780755829896031
BTC-USD,2026-08-28T20:32:57.584797Z,77334.99,77335,0.01,77334.995,-0.2129447777625785810365456548
BTC-USD,2026-08-28T20:32:57.638892Z,77334.99,77335,0.01,77334.995,-0.2129447777625785810365456548
BTC-USD,2026-08-28T20:32:57.680923Z,77334.99,77335,0.01,77334.995,-0.2129447777625785810365456548
BTC-USD,2026-08-28T20:32:57.737592Z,77334.99,77335,0.01,77334.995,-0.2129447777625785810365456548
BTC-USD,2026-08-28T20:32:57.79606Z,77334.99,77335,0.01,77334.995,-0.2865999052101162894204512374
BTC-USD,2026-08-28T20:32:57.82493Z,77334.99,77335,0.01,77334.995,0.04789798693816622828871932217
BTC-USD,2026-08-28T20:32:57.882948Z,77334.99,77335,0.01,77334.995,0.04789798693816622828871932217
BTC-USD,2026-08-28T20:32:57.916971Z,77334.99,77335,0.01,77334.995,0.04789798693816622828871932217
BTC-USD,2026-08-28T20:32:57.963245Z,77334.99,77335,0.01,77334.995,0.04789798693816622828871932217
BTC-USD,2026-08-28T20:32:57.975233Z,77334.99,77335,0.01,77334.995,0.04789798693816622828871932217
BTC-USD,2026-08-28T20:32:58.017414Z,77334.99,77335,0.01,77334.995,0.04789798693816622828871932217
BTC-USD,2026-08-28T20:32:58.144093Z,77334.99,77335,0.01,77334.995,0.1356623344629598048361351743
BTC-USD,2026-08-28T20:32:58.176362Z,77334.99,77335,0.01,77334.995,0.1256878060000337035540036845
BTC-USD,2026-08-28T20:32:58.24557Z,77334.99,77335,0.01,77334.995,0.1256878060000337035540036845
BTC-USD,2026-08-28T20:32:58.285418Z,77334.99,77335,0.01,77334.995,0.1239833285986205600943322687
BTC-USD,2026-08-28T20:32:58.335383Z,77334.99,77335,0.01,77334.995,0.04609009829766097896867601234
BTC-USD,2026-08-28T20:32:58.38029Z,77334.99,77335,0.01,77334.995,0.04608995435156562870991510218
BTC-USD,2026-08-28T20:32:58.437807Z,77334.99,77335,0.01,77334.995,0.05454062665060953708985654222
BTC-USD,2026-08-28T20:32:58.555738Z,77334.99,77335,0.01,77334.995,-0.3758326664091855055884298473
BTC-USD,2026-08-28T20:32:58.589507Z,77334.99,77335,0.01,77334.995,-0.4594016588855880978723275788
BTC-USD,2026-08-28T20:32:58.634639Z,77334.99,77335,0.01,77334.995,-0.4594016588855880978723275788
BTC-USD,2026-08-28T20:32:58.691897Z,77334.99,77335,0.01,77334.995,-0.3643990735449304356747018612
BTC-USD,2026-08-28T20:32:58.747753Z,77334.99,77335,0.01,77334.995,-0.3643993510797845206050495817
BTC-USD,2026-08-28T20:32:58.803697Z,77334.99,77335,0.01,77334.995,-0.3643993510797845206050495817
BTC-USD,2026-08-28T20:32:58.838203Z,77334.99,77335,0.01,77334.995,-0.3643993510797845206050495817
BTC-USD,2026-08-28T20:32:58.901267Z,77334.99,77335,0.01,77334.995,-0.3643993510797845206050495817
BTC-USD,2026-08-28T20:32:58.952518Z,77334.99,77335,0.01,77334.995,-0.3643993510797845206050495817
BTC-USD,2026-08-28T20:32:58.993255Z,77334.99,77335,0.01,77334.995,-0.3643993510797845206050495817
BTC-USD,2026-08-28T20:32:59.035279Z,77334.99,77335,0.01,77334.995,-0.3643993510797845206050495817
BTC-USD,2026-08-28T20:32:59.087835Z,77334.99,77335,0.01,77334.995,-0.3622508405832833630025794079
BTC-USD,2026-08-28T20:32:59.129502Z,77334.99,77335,0.01,77334.995,-0.3622508405832833630025794079
BTC-USD,2026-08-28T20:32:59.202127Z,77334.99,77335,0.01,77334.995,-0.3622508405832833630025794079
BTC-USD,2026-08-28T20:32:59.222798Z,77334.99,77335,0.01,77334.995,-0.3622508405832833630025794079
BTC-USD,2026-08-28T20:32:59.275673Z,77334.99,77335,0.01,77334.995,-0.3622508405832833630025794079
BTC-USD,2026-08-28T20:32:59.325755Z,77334.99,77335,0.01,77334.995,-0.3622508405832833630025794079
BTC-USD,2026-08-28T20:32:59.373853Z,77334.99,77335,0.01,77334.995,-0.5690834812053664986475193337
BTC-USD,2026-08-28T20:32:59.421518Z,77334.99,77335,0.01,77334.995,-0.7862448342852717038857981744
BTC-USD,2026-08-28T20:32:59.468248Z,77334.99,77335,0.01,77334.995,-0.7862448342852717038857981744
BTC-USD,2026-08-28T20:32:59.518347Z,77331.51,77331.52,0.01,77331.515,-0.5635292528808176353135799071
BTC-USD,2026-08-28T20:32:59.589755Z,77331.51,77331.52,0.01,77331.515,-0.5635292528808176353135799071
BTC-USD,2026-08-28T20:32:59.640429Z,77331.51,77331.52,0.01,77331.515,-0.3737200158884151067730873190
BTC-USD,2026-08-28T20:32:59.686562Z,77331.51,77331.52,0.01,77331.515,-0.5635292528808176353135799071
BTC-USD,2026-08-28T20:32:59.735403Z,77331.51,77331.52,0.01,77331.515,-0.3737200158884151067730873190
BTC-USD,2026-08-28T20:32:59.788186Z,77331.51,77331.52,0.01,77331.515,-0.4035485385153103722598372889
BTC-USD,2026-08-28T20:32:59.838255Z,77331.51,77331.52,0.01,77331.515,-0.6652552611780558997307941466
BTC-USD,2026-08-28T20:32:59.881621Z,77331.51,77331.52,0.01,77331.515,-0.6652552611780558997307941466
BTC-USD,2026-08-28T20:32:59.944185Z,77331.51,77331.52,0.01,77331.515,-0.6659432313031209061956222462
BTC-USD,2026-08-28T20:32:59.983595Z,77331.51,77331.52,0.01,77331.515,-0.7372954004345844705169393615
BTC-USD,2026-08-28T20:33:00.040153Z,77331.51,77331.52,0.01,77331.515,-0.7372954004345844705169393615
BTC-USD,2026-08-28T20:33:00.239058Z,77331.51,77331.52,0.01,77331.515,-0.7372954004345844705169393615
BTC-USD,2026-08-28T20:33:00.284603Z,77330.99,77331.43,0.44,77331.21,-0.6499462363440565719644520638
BTC-USD,2026-08-28T20:33:00.32934Z,77330.99,77331.43,0.44,77331.21,-0.6818750738646679076011594940
BTC-USD,2026-08-28T20:33:00.374843Z,77330.99,77331.4,0.41,77331.195,-0.5026421790824970759790848359
BTC-USD,2026-08-28T20:33:00.427555Z,77331,77331.01,0.01,77331.005,-0.4082227553563793983453028850
BTC-USD,2026-08-28T20:33:00.467545Z,77331,77331.01,0.01,77331.005,-0.6620533443154526837027950755
BTC-USD,2026-08-28T20:33:00.535755Z,77331,77331.01,0.01,77331.005,-0.7749434897841684380674599938
BTC-USD,2026-08-28T20:33:00.577571Z,77331,77331.01,0.01,77331.005,-0.7749434897841684380674599938
BTC-USD,2026-08-28T20:33:00.6313Z,77331,77331.01,0.01,77331.005,-0.7749434897841684380674599938
BTC-USD,2026-08-28T20:33:00.665289Z,77331,77331.01,0.01,77331.005,-0.7749434897841684380674599938
BTC-USD,2026-08-28T20:33:00.734202Z,77325.08,77327.02,1.94,77326.05,-0.9821462683373457219510024851
BTC-USD,2026-08-28T20:33:00.782804Z,77326.96,77326.97,0.01,77326.965,-0.2503034649811012601192315669
BTC-USD,2026-08-28T20:33:00.839914Z,77326.96,77326.97,0.01,77326.965,-0.2495949618232337439346918411
BTC-USD,2026-08-28T20:33:00.873002Z,77326.96,77326.97,0.01,77326.965,-0.2495950754754055394197284319
BTC-USD,2026-08-28T20:33:00.940226Z,77326.96,77326.97,0.01,77326.965,-0.2495950754754055394197284319
BTC-USD,2026-08-28T20:33:00.973722Z,77326.96,77326.97,0.01,77326.965,-0.2491514614215641811765014439
BTC-USD,2026-08-28T20:33:00.990289Z,77326.96,77326.97,0.01,77326.965,-0.1998666264930336579747904682
BTC-USD,2026-08-28T20:33:01.04688Z,77326.96,77326.97,0.01,77326.965,-0.1998666264930336579747904682
BTC-USD,2026-08-28T20:33:01.084196Z,77326.96,77326.97,0.01,77326.965,-0.1998666264930336579747904682
BTC-USD,2026-08-28T20:33:01.168228Z,77326.96,77326.97,0.01,77326.965,-0.1998666264930336579747904682
BTC-USD,2026-08-28T20:33:01.235422Z,77326.96,77326.97,0.01,77326.965,-0.1998666264930336579747904682
BTC-USD,2026-08-28T20:33:01.279441Z,77326.97,77326.98,0.01,77326.975,-0.8001603554758608737114581041
BTC-USD,2026-08-28T20:33:01.339397Z,77327.02,77327.03,0.01,77327.025,-0.7268748530203963572855728284
BTC-USD,2026-08-28T20:33:01.375612Z,77327.02,77327.03,0.01,77327.025,-0.7269322516643405977256914075
BTC-USD,2026-08-28T20:33:01.425855Z,77327.02,77327.03,0.01,77327.025,-0.7128322431228337722920336752
BTC-USD,2026-08-28T20:33:01.470226Z,77327.02,77327.03,0.01,77327.025,-0.7128322431228337722920336752
BTC-USD,2026-08-28T20:33:01.54567Z,77327.02,77327.03,0.01,77327.025,-0.7402311790321247803778274266
BTC-USD,2026-08-28T20:33:01.563702Z,77327.02,77327.03,0.01,77327.025,-0.7402311790321247803778274266
BTC-USD,2026-08-28T20:33:01.638699Z,77327.02,77327.03,0.01,77327.025,-0.7402311790321247803778274266
BTC-USD,2026-08-28T20:33:01.69051Z,77327.02,77327.03,0.01,77327.025,-0.7402312599356628024010188958
BTC-USD,2026-08-28T20:33:01.730402Z,77327.02,77327.03,0.01,77327.025,-0.7402312599356628024010188958
BTC-USD,2026-08-28T20:33:01.796822Z,77327.02,77327.03,0.01,77327.025,-0.7402312599356628024010188958
BTC-USD,2026-08-28T20:33:01.833722Z,77327.02,77327.03,0.01,77327.025,-0.7402312599356628024010188958
BTC-USD,2026-08-28T20:33:01.881103Z,77327.02,77327.03,0.01,77327.025,-0.7402312599356628024010188958
BTC-USD,2026-08-28T20:33:01.94375Z,77327.02,77327.03,0.01,77327.025,-0.7402313206133212555124051132
BTC-USD,2026-08-28T20:33:01.99535Z,77327.02,77327.03,0.01,77327.025,-0.7400579750638945830481562110
BTC-USD,2026-08-28T20:33:02.042642Z,77327.02,77327.03,0.01,77327.025,-0.7400579750638945830481562110
BTC-USD,2026-08-28T20:33:02.076104Z,77327.02,77327.03,0.01,77327.025,-0.7400579750638945830481562110
BTC-USD,2026-08-28T20:33:02.1214Z,77327.02,77327.03,0.01,77327.025,-0.7400579750638945830481562110
BTC-USD,2026-08-28T20:33:02.19747Z,77327.02,77327.03,0.01,77327.025,-0.7636615564488537846650355877
BTC-USD,2026-08-28T20:33:02.234885Z,77327.02,77327.03,0.01,77327.025,-0.8653580931353434560367218706
BTC-USD,2026-08-28T20:33:02.278637Z,77327.02,77327.03,0.01,77327.025,-0.8997835795209384584641252197
BTC-USD,2026-08-28T20:33:02.345769Z,77326.97,77327,0.03,77326.985,-0.8901090347016476675078665511
BTC-USD,2026-08-28T20:33:02.378575Z,77326.97,77327,0.03,77326.985,-0.8901090347016476675078665511
BTC-USD,2026-08-28T20:33:02.432123Z,77326.97,77326.98,0.01,77326.975,-0.8910460836410152985879143915
BTC-USD,2026-08-28T20:33:02.49136Z,77326.97,77326.98,0.01,77326.975,-0.8910460836410152985879143915
BTC-USD,2026-08-28T20:33:02.548286Z,77326.97,77327,0.03,77326.985,-0.8901090347016476675078665511
BTC-USD,2026-08-28T20:33:02.58487Z,77326.97,77327,0.03,77326.985,-0.8901090347016476675078665511
BTC-USD,2026-08-28T20:33:02.659756Z,77326.97,77327,0.03,77326.985,-0.8901090347016476675078665511
BTC-USD,2026-08-28T20:33:02.696855Z,77326.97,77327,0.03,77326.985,-0.8901090570347006201074161029
BTC-USD,2026-08-28T20:33:02.743252Z,77326.97,77327,0.03,77326.985,-0.8901090570347006201074161029
BTC-USD,2026-08-28T20:33:02.797917Z,77326.97,77326.98,0.01,77326.975,-0.8910461057946100660708907207
BTC-USD,2026-08-28T20:33:02.822512Z,77326.97,77326.98,0.01,77326.975,-0.8910461057946100660708907207
BTC-USD,2026-08-28T20:33:02.899659Z,77326.97,77327,0.03,77326.985,-0.8901090570347006201074161029
BTC-USD,2026-08-28T20:33:02.95195Z,77326.97,77326.98,0.01,77326.975,-0.8910461205636735327587042499
BTC-USD,2026-08-28T20:33:02.985637Z,77326.97,77326.98,0.01,77326.975,-0.8910461205636735327587042499
BTC-USD,2026-08-28T20:33:03.057106Z,77326.97,77326.98,0.01,77326.975,-0.8910461205636735327587042499
BTC-USD,2026-08-28T20:33:03.07805Z,77326.97,77326.98,0.01,77326.975,-0.8910461205636735327587042499
BTC-USD,2026-08-28T20:33:03.138805Z,77326.97,77326.98,0.01,77326.975,-0.8910461205636735327587042499
BTC-USD,2026-08-28T20:33:03.176624Z,77326.97,77326.98,0.01,77326.975,-0.8927505963055119955312258362
BTC-USD,2026-08-28T20:33:03.235422Z,77327.02,77327.03,0.01,77327.025,-0.8085725978663915657774088403
BTC-USD,2026-08-28T20:33:03.302924Z,77327.02,77327.03,0.01,77327.025,-0.7391707622595248697742172844
BTC-USD,2026-08-28T20:33:03.322302Z,77327.02,77327.03,0.01,77327.025,-0.7391707622595248697742172844
BTC-USD,2026-08-28T20:33:03.368544Z,77327.02,77327.03,0.01,77327.025,-0.7391707622595248697742172844
BTC-USD,2026-08-28T20:33:03.436495Z,77327.02,77327.03,0.01,77327.025,-0.7391707622595248697742172844
BTC-USD,2026-08-28T20:33:03.529791Z,77327.02,77327.03,0.01,77327.025,-0.7391707622595248697742172844
BTC-USD,2026-08-28T20:33:03.583002Z,77327.02,77327.03,0.01,77327.025,-0.7391707622595248697742172844
BTC-USD,2026-08-28T20:33:03.632281Z,77327.02,77327.03,0.01,77327.025,-0.8898088934911379716602684655
BTC-USD,2026-08-28T20:33:03.658105Z,77327.02,77327.03,0.01,77327.025,-0.8898088934911379716602684655
BTC-USD,2026-08-28T20:33:03.710724Z,77326.96,77326.97,0.01,77326.965,-0.8873741454752573017380201976
BTC-USD,2026-08-28T20:33:03.813086Z,77326.96,77326.97,0.01,77326.965,-0.8873743970234833256720524389
BTC-USD,2026-08-28T20:33:03.870426Z,77326.96,77326.97,0.01,77326.965,-0.8872945528856593435482717556
BTC-USD,2026-08-28T20:33:03.90996Z,77326.96,77326.97,0.01,77326.965,-0.8872945528856593435482717556
BTC-USD,2026-08-28T20:33:04.011516Z,77326.96,77326.97,0.01,77326.965,-0.8938752601248211256524884387
BTC-USD,2026-08-28T20:33:04.031793Z,77326.96,77326.97,0.01,77326.965,-0.8938752601248211256524884387
BTC-USD,2026-08-28T20:33:04.074207Z,77326.96,77326.97,0.01,77326.965,-0.8938752889328833163892920240
BTC-USD,2026-08-28T20:33:04.143535Z,77326.96,77326.97,0.01,77326.965,-0.7886050963564469355466802077
BTC-USD,2026-08-28T20:33:04.173028Z,77326.96,77326.97,0.01,77326.965,-0.7886050963564469355466802077
BTC-USD,2026-08-28T20:33:04.242643Z,77326.96,77326.97,0.01,77326.965,-0.6411537668210065664348873129
BTC-USD,2026-08-28T20:33:04.265677Z,77326.96,77326.97,0.01,77326.965,-0.8795955880791953977382384763
BTC-USD,2026-08-28T20:33:04.317317Z,77326.96,77326.97,0.01,77326.965,-0.8795955880791953977382384763
BTC-USD,2026-08-28T20:33:04.372298Z,77326.96,77326.97,0.01,77326.965,-0.8795955880791953977382384763
BTC-USD,2026-08-28T20:33:04.418318Z,77326.96,77326.97,0.01,77326.965,-0.8795955880791953977382384763
BTC-USD,2026-08-28T20:33:04.468422Z,77326.96,77326.97,0.01,77326.965,-0.8776125220846972076300357775
BTC-USD,2026-08-28T20:33:04.541091Z,77326.96,77326.97,0.01,77326.965,-0.8938752889328833163892920240
BTC-USD,2026-08-28T20:33:04.563407Z,77326.96,77326.97,0.01,77326.965,-0.8938752889328833163892920240
BTC-USD,2026-08-28T20:33:04.646547Z,77326.96,77326.97,0.01,77326.965,-0.8938752889328833163892920240
BTC-USD,2026-08-28T20:33:04.686044Z,77326.96,77326.97,0.01,77326.965,-0.8938752889328833163892920240
BTC-USD,2026-08-28T20:33:04.731935Z,77326.96,77326.97,0.01,77326.965,-0.8928212301609316244961867412
BTC-USD,2026-08-28T20:33:04.781954Z,77326.96,77326.97,0.01,77326.965,-0.8923938637492225346489612238
BTC-USD,2026-08-28T20:33:04.83303Z,77326.96,77326.97,0.01,77326.965,-0.8923938637492225346489612238
BTC-USD,2026-08-28T20:33:04.891963Z,77326.96,77326.97,0.01,77326.965,-0.8923938637492225346489612238
BTC-USD,2026-08-28T20:33:04.953034Z,77326.96,77326.97,0.01,77326.965,-0.8925652936699410684973149373
BTC-USD,2026-08-28T20:33:04.987361Z,77326.96,77326.97,0.01,77326.965,-0.8925652936699410684973149373
BTC-USD,2026-08-28T20:33:05.037353Z,77326.96,77326.97,0.01,77326.965,-0.8925652936699410684973149373
BTC-USD,2026-08-28T20:33:05.085754Z,77326.96,77326.97,0.01,77326.965,-0.8925653665286803758381853719
BTC-USD,2026-08-28T20:33:05.131619Z,77326.96,77326.97,0.01,77326.965,-0.8925653665286803758381853719
BTC-USD,2026-08-28T20:33:05.176753Z,77326.96,77326.97,0.01,77326.965,-0.8925653665286803758381853719
BTC-USD,2026-08-28T20:33:05.237298Z,77326.96,77326.97,0.01,77326.965,-0.8925653665286803758381853719
BTC-USD,2026-08-28T20:33:05.262736Z,77326.96,77326.97,0.01,77326.965,-0.8925653665286803758381853719
BTC-USD,2026-08-28T20:33:05.335476Z,77326.96,77326.97,0.01,77326.965,-0.8928517811530419158959291163
BTC-USD,2026-08-28T20:33:05.393424Z,77326.96,77326.97,0.01,77326.965,-0.8910508175542005310242275840
BTC-USD,2026-08-28T20:33:05.442057Z,77326.96,77326.97,0.01,77326.965,-0.8910508175542005310242275840
BTC-USD,2026-08-28T20:33:05.478773Z,77326.96,77326.97,0.01,77326.965,-0.8910508175542005310242275840
BTC-USD,2026-08-28T20:33:05.53927Z,77326.96,77326.97,0.01,77326.965,-0.8910508175542005310242275840
BTC-USD,2026-08-28T20:33:05.590149Z,77326.96,77326.97,0.01,77326.965,-0.8910508175542005310242275840
BTC-USD,2026-08-28T20:33:05.656821Z,77326.96,77326.97,0.01,77326.965,-0.8910508175542005310242275840
BTC-USD,2026-08-28T20:33:05.694529Z,77326.96,77326.97,0.01,77326.965,-0.8910508175542005310242275840
BTC-USD,2026-08-28T20:33:05.743827Z,77326.96,77326.97,0.01,77326.965,-0.8910508175542005310242275840
BTC-USD,2026-08-28T20:33:05.775062Z,77326.96,77326.97,0.01,77326.965,-0.8910508175542005310242275840
BTC-USD,2026-08-28T20:33:05.852113Z,77326.96,77326.97,0.01,77326.965,-0.8910508175542005310242275840
BTC-USD,2026-08-28T20:33:05.89823Z,77326.96,77326.97,0.01,77326.965,-0.8763748369544320506578278340
BTC-USD,2026-08-28T20:33:05.951172Z,77326.96,77326.97,0.01,77326.965,-0.8763748369544320506578278340
BTC-USD,2026-08-28T20:33:06.037659Z,77326.96,77326.97,0.01,77326.965,-0.8763748369544320506578278340
BTC-USD,2026-08-28T20:33:06.093333Z,77326.96,77326.97,0.01,77326.965,-0.8763748369544320506578278340
BTC-USD,2026-08-28T20:33:06.193341Z,77326.96,77326.97,0.01,77326.965,-0.8763748661106722103733914197
BTC-USD,2026-08-28T20:33:06.231468Z,77326.96,77326.97,0.01,77326.965,-0.8910508471683127491943545368
BTC-USD,2026-08-28T20:33:06.275241Z,77326.96,77326.97,0.01,77326.965,-0.8763748661106722103733914197
BTC-USD,2026-08-28T20:33:06.338805Z,77326.96,77326.97,0.01,77326.965,-0.8763041309106904915966525208
BTC-USD,2026-08-28T20:33:06.359949Z,77326.96,77326.97,0.01,77326.965,-0.8763041309106904915966525208
BTC-USD,2026-08-28T20:33:06.433141Z,77326.96,77326.97,0.01,77326.965,-0.8763041309106904915966525208
BTC-USD,2026-08-28T20:33:06.455611Z,77326.96,77326.97,0.01,77326.965,-0.8763041309106904915966525208
BTC-USD,2026-08-28T20:33:06.518022Z,77326.96,77326.97,0.01,77326.965,-0.8763041309106904915966525208
BTC-USD,2026-08-28T20:33:06.574669Z,77326.96,77326.97,0.01,77326.965,-0.8763041309106904915966525208
BTC-USD,2026-08-28T20:33:06.642145Z,77326.96,77326.97,0.01,77326.965,-0.8763041309106904915966525208
BTC-USD,2026-08-28T20:33:06.687744Z,77326.96,77326.97,0.01,77326.965,-0.8763041309106904915966525208
BTC-USD,2026-08-28T20:33:06.715175Z,77326.96,77326.97,0.01,77326.965,-0.8763041309106904915966525208
BTC-USD,2026-08-28T20:33:06.778496Z,77326.96,77326.97,0.01,77326.965,-0.8763041309106904915966525208
BTC-USD,2026-08-28T20:33:06.826829Z,77326.96,77326.97,0.01,77326.965,-0.8763041309106904915966525208
BTC-USD,2026-08-28T20:33:06.887216Z,77326.96,77326.97,0.01,77326.965,-0.8763041309106904915966525208
BTC-USD,2026-08-28T20:33:06.924133Z,77326.96,77326.97,0.01,77326.965,-0.8763041309106904915966525208
BTC-USD,2026-08-28T20:33:06.946336Z,77326.96,77326.97,0.01,77326.965,-0.8763041309106904915966525208
BTC-USD,2026-08-28T20:33:07.031831Z,77326.96,77326.97,0.01,77326.965,-0.8763041309106904915966525208
BTC-USD,2026-08-28T20:33:07.085343Z,77326.96,77326.97,0.01,77326.965,-0.8763041309106904915966525208
BTC-USD,2026-08-28T20:33:07.18537Z,77326.96,77326.97,0.01,77326.965,-0.8783343954349165293978361143
BTC-USD,2026-08-28T20:33:07.205359Z,77326.96,77326.97,0.01,77326.965,-0.8783342838019593253664834932
BTC-USD,2026-08-28T20:33:07.267356Z,77326.96,77326.97,0.01,77326.965,-0.8802914032598746718485513203
BTC-USD,2026-08-28T20:33:07.32605Z,77326.96,77326.97,0.01,77326.965,-0.8783264765742929591278088260
BTC-USD,2026-08-28T20:33:07.383257Z,77326.96,77326.97,0.01,77326.965,-0.8783264765742929591278088260
BTC-USD,2026-08-28T20:33:07.438032Z,77326.96,77326.97,0.01,77326.965,-0.8783264765742929591278088260
BTC-USD,2026-08-28T20:33:07.491805Z,77326.96,77326.97,0.01,77326.965,-0.8793478178997585637817456432
BTC-USD,2026-08-28T20:33:07.541307Z,77326.96,77326.97,0.01,77326.965,-0.8793478178997585637817456432
BTC-USD,2026-08-28T20:33:07.564206Z,77326.96,77326.97,0.01,77326.965,-0.8793478178997585637817456432
BTC-USD,2026-08-28T20:33:07.639815Z,77326.96,77326.97,0.01,77326.965,-0.8793478178997585637817456432
BTC-USD,2026-08-28T20:33:07.68652Z,77326.96,77326.97,0.01,77326.965,-0.8793478178997585637817456432
BTC-USD,2026-08-28T20:33:07.737321Z,77326.96,77326.97,0.01,77326.965,-0.8793478178997585637817456432
BTC-USD,2026-08-28T20:33:07.793305Z,77326.96,77326.97,0.01,77326.965,-0.8812973141630809087577078499
BTC-USD,2026-08-28T20:33:07.852508Z,77326.96,77326.97,0.01,77326.965,-0.8812973141630809087577078499
BTC-USD,2026-08-28T20:33:07.885521Z,77326.96,77326.97,0.01,77326.965,-0.8813017814821088071732485798
BTC-USD,2026-08-28T20:33:07.955541Z,77326.96,77326.97,0.01,77326.965,-0.8813017814821088071732485798
BTC-USD,2026-08-28T20:33:07.960389Z,77326.96,77326.97,0.01,77326.965,-0.8813017814821088071732485798
BTC-USD,2026-08-28T20:33:08.052139Z,77326.96,77326.97,0.01,77326.965,-0.8793478178997585637817456432
BTC-USD,2026-08-28T20:33:08.084482Z,77317.77,77322.49,4.72,77320.13,-0.4909578105877479464249023040
BTC-USD,2026-08-28T20:33:08.1428Z,77315.41,77326.94,11.53,77321.175,-0.7347743888043056052889698632
BTC-USD,2026-08-28T20:33:08.190397Z,77322.83,77322.84,0.01,77322.835,-0.6415779912872164127256154555
BTC-USD,2026-08-28T20:33:08.243541Z,77317.63,77325.94,8.31,77321.785,-0.7431638271127755564722275454
BTC-USD,2026-08-28T20:33:08.27493Z,77324.92,77324.93,0.01,77324.925,-0.5465962653882009615559711013
BTC-USD,2026-08-28T20:33:08.340632Z,77324.92,77324.93,0.01,77324.925,-0.4852049303266536227920167608
BTC-USD,2026-08-28T20:33:08.39337Z,77324.92,77324.93,0.01,77324.925,-0.3027042367435271936609420292
BTC-USD,2026-08-28T20:33:08.441177Z,77324.92,77324.93,0.01,77324.925,-0.3081938796127715641591101481
BTC-USD,2026-08-28T20:33:08.495867Z,77324.92,77324.93,0.01,77324.925,-0.3097502609875292753962348321
BTC-USD,2026-08-28T20:33:08.548857Z,77324.92,77324.93,0.01,77324.925,-0.3097502609875292753962348321
BTC-USD,2026-08-28T20:33:08.587303Z,77324.92,77324.93,0.01,77324.925,-0.3097502609875292753962348321
BTC-USD,2026-08-28T20:33:08.63594Z,77324.92,77324.93,0.01,77324.925,-0.3097051643281181298883962511
BTC-USD,2026-08-28T20:33:08.685116Z,77324.92,77324.93,0.01,77324.925,0.4246469413029598656777537617
BTC-USD,2026-08-28T20:33:08.737741Z,77324.92,77324.93,0.01,77324.925,0.4255345086773670206888231113
BTC-USD,2026-08-28T20:33:08.779287Z,77324.92,77324.93,0.01,77324.925,0.2011363346569224486970265091
BTC-USD,2026-08-28T20:33:08.833803Z,77324.92,77324.93,0.01,77324.925,0.2011363346569224486970265091
BTC-USD,2026-08-28T20:33:08.881165Z,77326.67,77326.68,0.01,77326.675,-0.7719436857147037692391206941
BTC-USD,2026-08-28T20:33:08.923621Z,77326.67,77326.68,0.01,77326.675,-0.7846199650841784914123884666
BTC-USD,2026-08-28T20:33:08.962909Z,77326.67,77326.68,0.01,77326.675,-0.7813022951362156395405522844
BTC-USD,2026-08-28T20:33:09.100832Z,77326.67,77326.68,0.01,77326.675,-0.7813009443972667141718700481
BTC-USD,2026-08-28T20:33:09.144651Z,77326.67,77326.68,0.01,77326.675,-0.7681525884599021493516995821
BTC-USD,2026-08-28T20:33:09.187661Z,77326.67,77326.68,0.01,77326.675,-0.8515915809111644370490380857
BTC-USD,2026-08-28T20:33:09.20977Z,77327.02,77327.03,0.01,77327.025,-0.8553040558362645042331462467
BTC-USD,2026-08-28T20:33:09.280572Z,77327.02,77327.03,0.01,77327.025,-0.8553027148993106631993740607
BTC-USD,2026-08-28T20:33:09.340261Z,77327.02,77327.03,0.01,77327.025,-0.8551999352571946911794060892
BTC-USD,2026-08-28T20:33:09.393707Z,77327.02,77327.03,0.01,77327.025,-0.8551999352571946911794060892
BTC-USD,2026-08-28T20:33:09.445093Z,77327.02,77327.03,0.01,77327.025,-0.8551999352571946911794060892
BTC-USD,2026-08-28T20:33:09.495059Z,77327.02,77327.03,0.01,77327.025,-0.8551999352571946911794060892
BTC-USD,2026-08-28T20:33:09.54527Z,77327.02,77327.03,0.01,77327.025,-0.8551999352571946911794060892
BTC-USD,2026-08-28T20:33:09.588624Z,77327.02,77327.03,0.01,77327.025,-0.8551999352571946911794060892
BTC-USD,2026-08-28T20:33:09.694014Z,77327.02,77327.03,0.01,77327.025,-0.8912205557306209525308068515
BTC-USD,2026-08-28T20:33:09.731212Z,77327.02,77327.03,0.01,77327.025,-0.8912205557306209525308068515
BTC-USD,2026-08-28T20:33:09.78889Z,77327.02,77327.03,0.01,77327.025,-0.8912358674009122995462192461
BTC-USD,2026-08-28T20:33:09.847Z,77327.02,77327.03,0.01,77327.025,-0.8923515617732794759390331100
BTC-USD,2026-08-28T20:33:09.891265Z,77327.02,77327.03,0.01,77327.025,-0.8923515617732794759390331100
BTC-USD,2026-08-28T20:33:09.954215Z,77327.02,77327.03,0.01,77327.025,-0.8923515846408550336559374582
BTC-USD,2026-08-28T20:33:09.99136Z,77327.02,77327.03,0.01,77327.025,-0.8923515846408550336559374582
BTC-USD,2026-08-28T20:33:10.039249Z,77327.02,77327.03,0.01,77327.025,-0.8923515846408550336559374582
BTC-USD,2026-08-28T20:33:10.086329Z,77327.02,77327.03,0.01,77327.025,-0.8923515846408550336559374582
BTC-USD,2026-08-28T20:33:10.150016Z,77327.02,77327.03,0.01,77327.025,-0.8923515846408550336559374582
BTC-USD,2026-08-28T20:33:10.193107Z,77327.02,77327.03,0.01,77327.025,-0.8923880211460742377862569846
BTC-USD,2026-08-28T20:33:10.239489Z,77327.02,77327.03,0.01,77327.025,-0.8923879171487176407881452087
BTC-USD,2026-08-28T20:33:10.297906Z,77327.02,77327.03,0.01,77327.025,-0.8923879171487176407881452087
BTC-USD,2026-08-28T20:33:10.332339Z,77327.02,77327.03,0.01,77327.025,-0.8923879171487176407881452087
BTC-USD,2026-08-28T20:33:10.405076Z,77327.02,77327.03,0.01,77327.025,-0.8923879171487176407881452087
BTC-USD,2026-08-28T20:33:10.446099Z,77327.02,77327.03,0.01,77327.025,-0.7810059943731412931047122739
BTC-USD,2026-08-28T20:33:10.501334Z,77327.02,77327.03,0.01,77327.025,-0.7814689880614039094547638673
BTC-USD,2026-08-28T20:33:10.554391Z,77327.02,77327.03,0.01,77327.025,-0.7814677590160873537464706025
BTC-USD,2026-08-28T20:33:10.565465Z,77327.02,77327.03,0.01,77327.025,-0.7814677590160873537464706025
BTC-USD,2026-08-28T20:33:10.634733Z,77327.02,77327.03,0.01,77327.025,-0.7735905445291392403294758759
BTC-USD,2026-08-28T20:33:10.692157Z,77327.02,77327.03,0.01,77327.025,-0.7735905445291392403294758759
BTC-USD,2026-08-28T20:33:10.754723Z,77327.02,77327.03,0.01,77327.025,-0.7735905445291392403294758759
BTC-USD,2026-08-28T20:33:10.793246Z,77327.02,77327.03,0.01,77327.025,-0.7735905445291392403294758759
BTC-USD,2026-08-28T20:33:10.88831Z,77327.02,77327.03,0.01,77327.025,-0.7735905445291392403294758759
BTC-USD,2026-08-28T20:33:10.949721Z,77327.02,77327.03,0.01,77327.025,-0.7735905445291392403294758759
BTC-USD,2026-08-28T20:33:11.003388Z,77327.02,77327.03,0.01,77327.025,-0.7735906113203903505484219475
BTC-USD,2026-08-28T20:33:11.039796Z,77327.02,77327.03,0.01,77327.025,-0.7735906113203903505484219475
BTC-USD,2026-08-28T20:33:11.094793Z,77327.02,77327.03,0.01,77327.025,-0.7735906113203903505484219475
BTC-USD,2026-08-28T20:33:11.146427Z,77327.02,77327.03,0.01,77327.025,-0.7735759173663311366460192206
BTC-USD,2026-08-28T20:33:11.188623Z,77327.02,77327.03,0.01,77327.025,-0.7735042202344788134137642865
BTC-USD,2026-08-28T20:33:11.239866Z,77327.02,77327.03,0.01,77327.025,-0.7735042202344788134137642865
BTC-USD,2026-08-28T20:33:11.287496Z,77327.02,77327.03,0.01,77327.025,-0.7735042202344788134137642865
BTC-USD,2026-08-28T20:33:11.330948Z,77327.02,77327.03,0.01,77327.025,-0.7735031281096232612493263419
BTC-USD,2026-08-28T20:33:11.393983Z,77327.02,77327.03,0.01,77327.025,-0.7762574394237345589940287664
BTC-USD,2026-08-28T20:33:11.430126Z,77327.02,77327.03,0.01,77327.025,-0.7762574394237345589940287664
BTC-USD,2026-08-28T20:33:11.523624Z,77327.02,77327.03,0.01,77327.025,-0.7762574394237345589940287664
BTC-USD,2026-08-28T20:33:11.58307Z,77327.02,77327.03,0.01,77327.025,-0.7762574394237345589940287664
BTC-USD,2026-08-28T20:33:11.638649Z,77327.02,77327.03,0.01,77327.025,-0.7937469329283019713038200537
BTC-USD,2026-08-28T20:33:11.66387Z,77327.02,77327.03,0.01,77327.025,-0.7937469329283019713038200537
BTC-USD,2026-08-28T20:33:11.740113Z,77327.02,77327.03,0.01,77327.025,-0.7937469329283019713038200537
BTC-USD,2026-08-28T20:33:11.781929Z,77327.02,77327.03,0.01,77327.025,-0.7932939636751710443034452308
BTC-USD,2026-08-28T20:33:11.825171Z,77327.02,77327.03,0.01,77327.025,-0.9055244293916203644961652919
BTC-USD,2026-08-28T20:33:11.875221Z,77327.02,77327.03,0.01,77327.025,-0.9055244293916203644961652919
BTC-USD,2026-08-28T20:33:11.925754Z,77327.02,77327.03,0.01,77327.025,-0.8826564390466187887099788349
BTC-USD,2026-08-28T20:33:12.020091Z,77327.02,77327.03,0.01,77327.025,-0.8826564390466187887099788349
BTC-USD,2026-08-28T20:33:12.090741Z,77327.02,77327.03,0.01,77327.025,-0.8828507784796470936235838421
BTC-USD,2026-08-28T20:33:12.146025Z,77327.02,77327.03,0.01,77327.025,-0.8828507784796470936235838421
BTC-USD,2026-08-28T20:33:12.189793Z,77327.02,77327.03,0.01,77327.025,-0.8859576316984436063765953911
BTC-USD,2026-08-28T20:33:12.252819Z,77327.02,77327.03,0.01,77327.025,-0.8848020852974051422255377406
BTC-USD,2026-08-28T20:33:12.296124Z,77327.02,77327.03,0.01,77327.025,-0.8848020852974051422255377406
BTC-USD,2026-08-28T20:33:12.326164Z,77327.02,77327.03,0.01,77327.025,-0.8999262096628480094199035317
BTC-USD,2026-08-28T20:33:12.383685Z,77327.02,77327.03,0.01,77327.025,-0.9904589710910755516763474684
BTC-USD,2026-08-28T20:33:12.442913Z,77327.02,77327.03,0.01,77327.025,-0.9863664030317422125153060001
BTC-USD,2026-08-28T20:33:12.473903Z,77327.02,77327.03,0.01,77327.025,-0.9863664030317422125153060001
BTC-USD,2026-08-28T20:33:12.540238Z,77327.02,77327.03,0.01,77327.025,-0.9863433905852189176517915315
BTC-USD,2026-08-28T20:33:12.594111Z,77327.02,77327.03,0.01,77327.025,-0.9863433905852189176517915315
BTC-USD,2026-08-28T20:33:12.628073Z,77327.02,77327.03,0.01,77327.025,-0.9863433905852189176517915315
BTC-USD,2026-08-28T20:33:12.674154Z,77325.47,77326.62,1.15,77326.045,-0.5723216853260166357940231651
BTC-USD,2026-08-28T20:33:12.741032Z,77318.36,77320.38,2.02,77319.37,-0.5340332888236421109144864918
BTC-USD,2026-08-28T20:33:12.786407Z,77319.2,77319.59,0.39,77319.395,-0.3687188404342626656682331434
BTC-USD,2026-08-28T20:33:12.833273Z,77319.2,77319.21,0.01,77319.205,-0.6940795699881780249205723879
BTC-USD,2026-08-28T20:33:12.880231Z,77319.2,77319.21,0.01,77319.205,-0.6828147142936025416822960749
BTC-USD,2026-08-28T20:33:12.942694Z,77319.2,77319.59,0.39,77319.395,-0.6225113717469929589448604580
BTC-USD,2026-08-28T20:33:12.987582Z,77319.26,77319.59,0.33,77319.425,-0.7734936110798308456591491527
BTC-USD,2026-08-28T20:33:13.034345Z,77319.26,77319.59,0.33,77319.425,-0.7734936110798308456591491527
BTC-USD,2026-08-28T20:33:13.078079Z,77319.26,77319.59,0.33,77319.425,-0.7734936110798308456591491527
BTC-USD,2026-08-28T20:33:13.193833Z,77319.26,77319.59,0.33,77319.425,-0.7277831816035982446816566489
BTC-USD,2026-08-28T20:33:13.230929Z,77319.26,77319.27,0.01,77319.265,0.1506478335555193318425745176
BTC-USD,2026-08-28T20:33:13.249959Z,77319.26,77319.27,0.01,77319.265,0.1506478335555193318425745176
BTC-USD,2026-08-28T20:33:13.325446Z,77319.26,77319.27,0.01,77319.265,0.1506478335555193318425745176
BTC-USD,2026-08-28T20:33:13.399062Z,77319.26,77319.27,0.01,77319.265,0.1504122992227763274479956376
BTC-USD,2026-08-28T20:33:13.477347Z,77319.26,77319.27,0.01,77319.265,-0.1567702573387815019239846400
BTC-USD,2026-08-28T20:33:13.520903Z,77319.26,77319.27,0.01,77319.265,-0.04349608638571019720254941421
BTC-USD,2026-08-28T20:33:13.568902Z,77319.26,77319.27,0.01,77319.265,-0.04349608638571019720254941421
BTC-USD,2026-08-28T20:33:13.639074Z,77319.26,77319.27,0.01,77319.265,0.001725807180594838516305369151
BTC-USD,2026-08-28T20:33:13.688271Z,77319.26,77319.27,0.01,77319.265,0.001725807180594838516305369151
BTC-USD,2026-08-28T20:33:13.704854Z,77319.26,77319.27,0.01,77319.265,0.001728241219442151732573567704
BTC-USD,2026-08-28T20:33:13.792349Z,77319.26,77319.27,0.01,77319.265,0.001728241219442151732573567704
BTC-USD,2026-08-28T20:33:13.829253Z,77319.26,77319.27,0.01,77319.265,0.001728241219442151732573567704
BTC-USD,2026-08-28T20:33:13.895814Z,77319.26,77319.27,0.01,77319.265,0.001728241219442151732573567704
BTC-USD,2026-08-28T20:33:13.916349Z,77319.26,77319.27,0.01,77319.265,0.001728241219442151732573567704
BTC-USD,2026-08-28T20:33:13.962405Z,77319.26,77319.27,0.01,77319.265,0.001728241219442151732573567704
BTC-USD,2026-08-28T20:33:14.074801Z,77319.26,77319.27,0.01,77319.265,0.001728241219442151732573567704
BTC-USD,2026-08-28T20:33:14.10716Z,77319.26,77319.27,0.01,77319.265,0.001728241219442151732573567704
BTC-USD,2026-08-28T20:33:14.188259Z,77319.26,77319.27,0.01,77319.265,-0.01199534477415140582116104270
BTC-USD,2026-08-28T20:33:14.239088Z,77319.26,77319.27,0.01,77319.265,-0.01282241153648108055591024084
BTC-USD,2026-08-28T20:33:14.284322Z,77319.26,77319.27,0.01,77319.265,-0.01282241153648108055591024084
BTC-USD,2026-08-28T20:33:14.334977Z,77319.26,77319.27,0.01,77319.265,-0.01282241153648108055591024084
BTC-USD,2026-08-28T20:33:14.375479Z,77319.26,77319.27,0.01,77319.265,-0.02817159291236079307274251270
BTC-USD,2026-08-28T20:33:14.418935Z,77319.26,77319.27,0.01,77319.265,-0.02817159291236079307274251270
BTC-USD,2026-08-28T20:33:14.443436Z,77319.26,77319.27,0.01,77319.265,-0.02817159291236079307274251270
BTC-USD,2026-08-28T20:33:14.510636Z,77319.26,77319.27,0.01,77319.265,-0.02765044211409894906555054689
BTC-USD,2026-08-28T20:33:14.579759Z,77319.26,77319.27,0.01,77319.265,-0.02765044211409894906555054689
BTC-USD,2026-08-28T20:33:14.626189Z,77319.26,77319.27,0.01,77319.265,-0.2062964525193556057577877435
BTC-USD,2026-08-28T20:33:14.693367Z,77319.26,77319.27,0.01,77319.265,-0.2062964525193556057577877435
BTC-USD,2026-08-28T20:33:14.731064Z,77319.26,77319.27,0.01,77319.265,-0.2062964525193556057577877435
BTC-USD,2026-08-28T20:33:14.78351Z,77319.26,77319.27,0.01,77319.265,-0.2062964525193556057577877435
BTC-USD,2026-08-28T20:33:14.82809Z,77319.26,77319.27,0.01,77319.265,-0.2062964525193556057577877435
BTC-USD,2026-08-28T20:33:14.885553Z,77319.26,77319.27,0.01,77319.265,-0.2062964525193556057577877435
BTC-USD,2026-08-28T20:33:14.938748Z,77319.26,77319.27,0.01,77319.265,-0.2062964525193556057577877435
BTC-USD,2026-08-28T20:33:14.988843Z,77319.26,77319.27,0.01,77319.265,-0.2062964525193556057577877435
BTC-USD,2026-08-28T20:33:15.033605Z,77319.26,77319.27,0.01,77319.265,-0.2062964525193556057577877435
BTC-USD,2026-08-28T20:33:15.061858Z,77319.26,77319.27,0.01,77319.265,-0.2062964525193556057577877435
BTC-USD,2026-08-28T20:33:15.135478Z,77319.26,77319.27,0.01,77319.265,-0.2062964525193556057577877435
BTC-USD,2026-08-28T20:33:15.174494Z,77319.26,77319.27,0.01,77319.265,-0.2241178709780557962022319470
BTC-USD,2026-08-28T20:33:15.241193Z,77319.26,77319.27,0.01,77319.265,-0.2241157775331956528337862100
BTC-USD,2026-08-28T20:33:15.283227Z,77319.26,77319.27,0.01,77319.265,-0.04631763856209239511937806063
BTC-USD,2026-08-28T20:33:15.33091Z,77319.26,77319.27,0.01,77319.265,-0.04631763856209239511937806063
BTC-USD,2026-08-28T20:33:15.386826Z,77319.26,77319.27,0.01,77319.265,-0.04631763856209239511937806063
BTC-USD,2026-08-28T20:33:15.426901Z,77319.26,77319.27,0.01,77319.265,-0.04631763856209239511937806063
BTC-USD,2026-08-28T20:33:15.489139Z,77319.26,77319.27,0.01,77319.265,0.1151160586479058782434680076
BTC-USD,2026-08-28T20:33:15.540008Z,77319.26,77319.27,0.01,77319.265,0.1151160586479058782434680076
BTC-USD,2026-08-28T20:33:15.579302Z,77319.26,77319.27,0.01,77319.265,0.1151160586479058782434680076
BTC-USD,2026-08-28T20:33:15.64752Z,77319.26,77319.27,0.01,77319.265,0.1151160586479058782434680076
BTC-USD,2026-08-28T20:33:15.665773Z,77319.26,77319.27,0.01,77319.265,0.1151160586479058782434680076
BTC-USD,2026-08-28T20:33:15.720285Z,77319.26,77319.27,0.01,77319.265,0.1151160586479058782434680076
BTC-USD,2026-08-28T20:33:15.788335Z,77319.26,77319.27,0.01,77319.265,0.1150493688131386596550449878
BTC-USD,2026-08-28T20:33:15.849421Z,77319.26,77319.27,0.01,77319.265,0.1150493688131386596550449878
BTC-USD,2026-08-28T20:33:15.895546Z,77319.26,77319.27,0.01,77319.265,0.1150493688131386596550449878
BTC-USD,2026-08-28T20:33:15.935122Z,77319.26,77319.27,0.01,77319.265,0.1805147606983300740139969322
BTC-USD,2026-08-28T20:33:15.984038Z,77319.26,77319.27,0.01,77319.265,0.1805147606983300740139969322
BTC-USD,2026-08-28T20:33:16.036121Z,77319.26,77319.27,0.01,77319.265,0.1805147606983300740139969322
BTC-USD,2026-08-28T20:33:16.091284Z,77319.26,77319.27,0.01,77319.265,0.02853366852771935331343360219
BTC-USD,2026-08-28T20:33:16.134306Z,77319.26,77319.27,0.01,77319.265,-0.06430481946711420650812483790
BTC-USD,2026-08-28T20:33:16.184433Z,77319.26,77319.27,0.01,77319.265,-0.06230594559707048007065151323
BTC-USD,2026-08-28T20:33:16.232799Z,77319.26,77319.27,0.01,77319.265,-0.05826035916335905993079470320
BTC-USD,2026-08-28T20:33:16.278135Z,77319.26,77319.27,0.01,77319.265,-0.05826035916335905993079470320
BTC-USD,2026-08-28T20:33:16.341794Z,77319.26,77319.27,0.01,77319.265,-0.3203927664549287597759537591
BTC-USD,2026-08-28T20:33:16.39068Z,77319.26,77319.27,0.01,77319.265,-0.3203927664549287597759537591
BTC-USD,2026-08-28T20:33:16.433132Z,77319.26,77319.27,0.01,77319.265,-0.3203468057246264837096331407
BTC-USD,2026-08-28T20:33:16.492073Z,77319.26,77319.27,0.01,77319.265,-0.3203468057246264837096331407
BTC-USD,2026-08-28T20:33:16.541759Z,77319.26,77319.27,0.01,77319.265,-0.3203468057246264837096331407
BTC-USD,2026-08-28T20:33:16.601804Z,77319.26,77319.27,0.01,77319.265,-0.3203468057246264837096331407
BTC-USD,2026-08-28T20:33:16.643619Z,77319.26,77319.27,0.01,77319.265,-0.3203468057246264837096331407
BTC-USD,2026-08-28T20:33:16.690691Z,77319.26,77319.27,0.01,77319.265,-0.3203468057246264837096331407
BTC-USD,2026-08-28T20:33:16.745335Z,77319.26,77319.27,0.01,77319.265,-0.3203468057246264837096331407
BTC-USD,2026-08-28T20:33:16.784277Z,77319.26,77319.27,0.01,77319.265,-0.3203468057246264837096331407
BTC-USD,2026-08-28T20:33:16.832687Z,77319.26,77319.27,0.01,77319.265,-0.3203469033582369212588406381
BTC-USD,2026-08-28T20:33:16.947796Z,77319.26,77319.27,0.01,77319.265,-0.3203469033582369212588406381
BTC-USD,2026-08-28T20:33:16.980293Z,77319.26,77319.27,0.01,77319.265,-0.3203469033582369212588406381
BTC-USD,2026-08-28T20:33:17.028271Z,77319.26,77319.27,0.01,77319.265,-0.3203469033582369212588406381
BTC-USD,2026-08-28T20:33:17.075177Z,77319.26,77319.27,0.01,77319.265,-0.3203469033582369212588406381
BTC-USD,2026-08-28T20:33:17.135669Z,77319.26,77319.27,0.01,77319.265,-0.3203469033582369212588406381
BTC-USD,2026-08-28T20:33:17.188173Z,77319.26,77319.27,0.01,77319.265,-0.3344090619833348785419476345
BTC-USD,2026-08-28T20:33:17.224846Z,77319.26,77319.27,0.01,77319.265,-0.3344090619833348785419476345
BTC-USD,2026-08-28T20:33:17.28907Z,77319.26,77319.27,0.01,77319.265,-0.3344090619833348785419476345
BTC-USD,2026-08-28T20:33:17.315473Z,77319.26,77319.27,0.01,77319.265,-0.3344090619833348785419476345
BTC-USD,2026-08-28T20:33:17.387357Z,77319.26,77319.27,0.01,77319.265,-0.3344090619833348785419476345
BTC-USD,2026-08-28T20:33:17.540326Z,77319.26,77319.27,0.01,77319.265,-0.3344090619833348785419476345
BTC-USD,2026-08-28T20:33:17.576088Z,77319.26,77319.27,0.01,77319.265,-0.3344090619833348785419476345
BTC-USD,2026-08-28T20:33:17.643749Z,77319.26,77319.27,0.01,77319.265,-0.3344090619833348785419476345
BTC-USD,2026-08-28T20:33:17.686112Z,77319.26,77319.27,0.01,77319.265,-0.3344090619833348785419476345
BTC-USD,2026-08-28T20:33:17.7398Z,77319.26,77319.27,0.01,77319.265,-0.3344090619833348785419476345
BTC-USD,2026-08-28T20:33:17.791443Z,77319.26,77319.27,0.01,77319.265,-0.3344090619833348785419476345
BTC-USD,2026-08-28T20:33:17.844687Z,77319.26,77319.27,0.01,77319.265,-0.3344090619833348785419476345
BTC-USD,2026-08-28T20:33:17.987649Z,77319.26,77319.27,0.01,77319.265,-0.3353191263112700627034438477
BTC-USD,2026-08-28T20:33:18.025715Z,77319.26,77319.27,0.01,77319.265,-0.3353191263112700627034438477
BTC-USD,2026-08-28T20:33:18.063864Z,77319.26,77319.27,0.01,77319.265,-0.3353191263112700627034438477
BTC-USD,2026-08-28T20:33:18.146134Z,77319.26,77319.27,0.01,77319.265,-0.3353191263112700627034438477
BTC-USD,2026-08-28T20:33:18.197409Z,77319.26,77319.27,0.01,77319.265,-0.4135858383798982100333319192
BTC-USD,2026-08-28T20:33:18.241351Z,77319.26,77319.27,0.01,77319.265,-0.3810962166638905853830066811
BTC-USD,2026-08-28T20:33:18.287812Z,77319.26,77319.27,0.01,77319.265,-0.4149335504216382658595472200
BTC-USD,2026-08-28T20:33:18.326206Z,77319.26,77319.27,0.01,77319.265,-0.4149335504216382658595472200
BTC-USD,2026-08-28T20:33:18.400481Z,77319.26,77319.27,0.01,77319.265,-0.3170588473302166932287036402
BTC-USD,2026-08-28T20:33:18.430314Z,77319.26,77319.27,0.01,77319.265,-0.4924565065898353178663210675
BTC-USD,2026-08-28T20:33:18.472727Z,77319.26,77319.27,0.01,77319.265,-0.4924565065898353178663210675
BTC-USD,2026-08-28T20:33:18.530314Z,77319.26,77319.27,0.01,77319.265,-0.4924565065898353178663210675
BTC-USD,2026-08-28T20:33:18.578398Z,77319.26,77319.27,0.01,77319.265,-0.4924565065898353178663210675
BTC-USD,2026-08-28T20:33:18.643896Z,77319.26,77319.27,0.01,77319.265,-0.4713115832213747167101025701
BTC-USD,2026-08-28T20:33:18.690072Z,77319.26,77319.27,0.01,77319.265,-0.4713115832213747167101025701
BTC-USD,2026-08-28T20:33:18.738886Z,77319.26,77319.27,0.01,77319.265,-0.4717883424635647263254210964
BTC-USD,2026-08-28T20:33:18.780319Z,77319.26,77319.27,0.01,77319.265,-0.4717883424635647263254210964
BTC-USD,2026-08-28T20:33:18.827726Z,77319.26,77319.27,0.01,77319.265,0.1614397125430238539920934371
BTC-USD,2026-08-28T20:33:18.875555Z,77320.63,77320.64,0.01,77320.635,-0.1863198145666325284195952495
BTC-USD,2026-08-28T20:33:18.946206Z,77320.63,77320.64,0.01,77320.635,-0.2223472661812632057359421866
BTC-USD,2026-08-28T20:33:18.977956Z,77320.63,77320.64,0.01,77320.635,-0.09102863715514181165730210415
BTC-USD,2026-08-28T20:33:19.043933Z,77320.63,77320.64,0.01,77320.635,-0.09102863715514181165730210415
BTC-USD,2026-08-28T20:33:19.090806Z,77320.63,77320.64,0.01,77320.635,-0.09102863715514181165730210415
BTC-USD,2026-08-28T20:33:19.135671Z,77320.63,77320.64,0.01,77320.635,-0.09102863715514181165730210415
BTC-USD,2026-08-28T20:33:19.18955Z,77320.63,77320.64,0.01,77320.635,-0.09450370017662642982896112299
BTC-USD,2026-08-28T20:33:19.245142Z,77320.63,77320.64,0.01,77320.635,-0.2282285490195113719428659271
BTC-USD,2026-08-28T20:33:19.286004Z,77320.63,77320.64,0.01,77320.635,-0.2282285490195113719428659271
BTC-USD,2026-08-28T20:33:19.347819Z,77320.63,77320.64,0.01,77320.635,-0.2283303652203669560574028399
BTC-USD,2026-08-28T20:33:19.393495Z,77320.63,77320.64,0.01,77320.635,-0.2283204780930837154715129242
BTC-USD,2026-08-28T20:33:19.445642Z,77320.63,77320.64,0.01,77320.635,-0.2283204780930837154715129242
BTC-USD,2026-08-28T20:33:19.504502Z,77320.63,77320.64,0.01,77320.635,0.2680622554304266480075749345
BTC-USD,2026-08-28T20:33:19.582063Z,77320.63,77320.64,0.01,77320.635,0.2680622554304266480075749345
BTC-USD,2026-08-28T20:33:19.644816Z,77320.63,77320.64,0.01,77320.635,0.2680622554304266480075749345
BTC-USD,2026-08-28T20:33:19.690008Z,77320.63,77320.64,0.01,77320.635,0.2680622554304266480075749345
BTC-USD,2026-08-28T20:33:19.722091Z,77320.63,77320.64,0.01,77320.635,0.2680622554304266480075749345
BTC-USD,2026-08-28T20:33:19.787597Z,77320.63,77320.64,0.01,77320.635,0.2680622554304266480075749345
BTC-USD,2026-08-28T20:33:19.840849Z,77320.63,77320.64,0.01,77320.635,-0.1482358166762985055872223870
BTC-USD,2026-08-28T20:33:19.854785Z,77320.63,77320.64,0.01,77320.635,-0.1482358166762985055872223870
BTC-USD,2026-08-28T20:33:19.936729Z,77320.63,77320.77,0.14,77320.70,-0.1756770313479540538914460952
BTC-USD,2026-08-28T20:33:19.975888Z,77320.63,77320.64,0.01,77320.635,-0.1476194044785905760316621021
BTC-USD,2026-08-28T20:33:20.040467Z,77320.63,77320.64,0.01,77320.635,-0.1476197636567026946874920886
BTC-USD,2026-08-28T20:33:20.060758Z,77320.63,77320.64,0.01,77320.635,-0.1476197636567026946874920886
BTC-USD,2026-08-28T20:33:20.122328Z,77320.63,77320.64,0.01,77320.635,-0.1843029795057769310520102501
BTC-USD,2026-08-28T20:33:20.18978Z,77320.63,77320.64,0.01,77320.635,-0.1843029795057769310520102501
BTC-USD,2026-08-28T20:33:20.231508Z,77320.63,77320.64,0.01,77320.635,-0.1843029795057769310520102501
BTC-USD,2026-08-28T20:33:20.276331Z,77320.63,77320.64,0.01,77320.635,-0.1843029795057769310520102501
BTC-USD,2026-08-28T20:33:20.345936Z,77320.63,77320.64,0.01,77320.635,-0.1843031962714789031726004103
BTC-USD,2026-08-28T20:33:20.385357Z,77320.63,77320.64,0.01,77320.635,-0.1843031962714789031726004103
BTC-USD,2026-08-28T20:33:20.447411Z,77320.76,77320.77,0.01,77320.765,-0.6085956870502812689270704483
BTC-USD,2026-08-28T20:33:20.484675Z,77320.76,77320.77,0.01,77320.765,-0.6085873965158019247597227794
BTC-USD,2026-08-28T20:33:20.530746Z,77320.76,77320.77,0.01,77320.765,-0.4652211191193082790643859851
BTC-USD,2026-08-28T20:33:20.585499Z,77320.76,77320.77,0.01,77320.765,-0.4652211191193082790643859851
BTC-USD,2026-08-28T20:33:20.633582Z,77320.76,77320.77,0.01,77320.765,-0.4652211191193082790643859851
BTC-USD,2026-08-28T20:33:20.675416Z,77320.76,77320.77,0.01,77320.765,-0.4652211191193082790643859851
BTC-USD,2026-08-28T20:33:20.745173Z,77320.76,77320.77,0.01,77320.765,-0.4383009999064725628625757761
BTC-USD,2026-08-28T20:33:20.796864Z,77320.76,77320.77,0.01,77320.765,-0.3660459421545200697027684401
BTC-USD,2026-08-28T20:33:20.843649Z,77320.76,77320.77,0.01,77320.765,-0.3660459421545200697027684401
BTC-USD,2026-08-28T20:33:20.872733Z,77320.84,77320.85,0.01,77320.845,-0.3893419566130416685662877904
BTC-USD,2026-08-28T20:33:20.941018Z,77320.84,77320.85,0.01,77320.845,-0.3892660772383236271492759407
BTC-USD,2026-08-28T20:33:20.994383Z,77320.84,77320.85,0.01,77320.845,-0.3892649571764825791574166383
BTC-USD,2026-08-28T20:33:21.033892Z,77320.84,77320.85,0.01,77320.845,-0.3543919937136492720102329804
BTC-USD,2026-08-28T20:33:21.083311Z,77320.84,77320.85,0.01,77320.845,-0.3543920988529893140956598986
BTC-USD,2026-08-28T20:33:21.191063Z,77320.84,77320.85,0.01,77320.845,-0.3666819881865142221132251940
BTC-USD,2026-08-28T20:33:21.235065Z,77320.84,77320.85,0.01,77320.845,-0.3778089154835646211406685824
BTC-USD,2026-08-28T20:33:21.275734Z,77320.84,77320.85,0.01,77320.845,-0.3778089154835646211406685824
BTC-USD,2026-08-28T20:33:21.33918Z,77320.84,77320.85,0.01,77320.845,0.2817059043359564500462850625
BTC-USD,2026-08-28T20:33:21.365022Z,77320.84,77320.85,0.01,77320.845,0.2817058339945272031449526672
BTC-USD,2026-08-28T20:33:21.443485Z,77320.84,77320.85,0.01,77320.845,0.2816481203969579569649944395
BTC-USD,2026-08-28T20:33:21.497956Z,77320.84,77320.85,0.01,77320.845,0.3248908846550841592694307983
BTC-USD,2026-08-28T20:33:21.546277Z,77320.84,77320.85,0.01,77320.845,0.3239569334378528680739398380
BTC-USD,2026-08-28T20:33:21.595954Z,77320.84,77320.85,0.01,77320.845,0.3239158637551362375807103781
BTC-USD,2026-08-28T20:33:21.631487Z,77320.77,77320.84,0.07,77320.805,-0.6453366557093325022695405548
BTC-USD,2026-08-28T20:33:21.675331Z,77319.26,77319.74,0.48,77319.50,-0.5024202528322282907629392558
BTC-USD,2026-08-28T20:33:21.736554Z,77319.26,77319.69,0.43,77319.475,-0.3380360219956178368090047022
BTC-USD,2026-08-28T20:33:21.779115Z,77319.26,77319.68,0.42,77319.47,-0.3436710219535795572055188726
BTC-USD,2026-08-28T20:33:21.839153Z,77319.26,77319.65,0.39,77319.455,-0.6436723627107670515700409662
BTC-USD,2026-08-28T20:33:21.890011Z,77319.26,77319.27,0.01,77319.265,-0.5793891804113775890909253844
BTC-USD,2026-08-28T20:33:21.937587Z,77319.26,77319.27,0.01,77319.265,-0.6122786091392686303577459959
BTC-USD,2026-08-28T20:33:21.960094Z,77319.26,77319.27,0.01,77319.265,-0.1558044690892459867688611012
BTC-USD,2026-08-28T20:33:22.023839Z,77319.26,77319.27,0.01,77319.265,0.4537327170507371715766188172
BTC-USD,2026-08-28T20:33:22.077748Z,77319.26,77319.27,0.01,77319.265,-0.1526453316296793083245400361
BTC-USD,2026-08-28T20:33:22.126329Z,77319.26,77319.27,0.01,77319.265,-0.2029245384674903862722470988
BTC-USD,2026-08-28T20:33:22.1743Z,77319.26,77319.27,0.01,77319.265,0.1925756525947249627894396983
BTC-USD,2026-08-28T20:33:22.240403Z,77319.26,77319.27,0.01,77319.265,-0.6259896758347131151025523262
BTC-USD,2026-08-28T20:33:22.285231Z,77319.26,77319.27,0.01,77319.265,-0.6388723094116921191691167200
BTC-USD,2026-08-28T20:33:22.323386Z,77319.26,77319.27,0.01,77319.265,-0.6923416963165363252983558927
BTC-USD,2026-08-28T20:33:22.387622Z,77319.26,77319.27,0.01,77319.265,-0.6923416963165363252983558927
BTC-USD,2026-08-28T20:33:22.408856Z,77319.26,77319.27,0.01,77319.265,-0.6923416963165363252983558927
BTC-USD,2026-08-28T20:33:22.496538Z,77319.26,77319.27,0.01,77319.265,-0.5472726284207353474725959116
BTC-USD,2026-08-28T20:33:22.624673Z,77319.26,77319.27,0.01,77319.265,-0.6388723977807606384609966626
BTC-USD,2026-08-28T20:33:22.690852Z,77319.26,77319.27,0.01,77319.265,-0.6589763867212293123551580352
BTC-USD,2026-08-28T20:33:22.739661Z,77319.26,77319.27,0.01,77319.265,-0.6923417740577044098938185994
BTC-USD,2026-08-28T20:33:22.784418Z,77319.26,77319.27,0.01,77319.265,-0.5761698321799313706491367984
BTC-USD,2026-08-28T20:33:22.835613Z,77319.26,77319.27,0.01,77319.265,-0.5761698321799313706491367984
BTC-USD,2026-08-28T20:33:22.897164Z,77319.26,77319.27,0.01,77319.265,-0.6035209932083604082614511443
BTC-USD,2026-08-28T20:33:22.950397Z,77319.26,77319.27,0.01,77319.265,-0.6033769863254880376057554906
BTC-USD,2026-08-28T20:33:22.997698Z,77319.26,77319.27,0.01,77319.265,-0.5759193284198470130928647901
BTC-USD,2026-08-28T20:33:23.061031Z,77319.26,77319.27,0.01,77319.265,-0.5759193284198470130928647901
BTC-USD,2026-08-28T20:33:23.116211Z,77319.26,77319.27,0.01,77319.265,-0.5889337473586368982866216846
BTC-USD,2026-08-28T20:33:23.18338Z,77319.26,77319.27,0.01,77319.265,-0.6298976850744088098279873474
BTC-USD,2026-08-28T20:33:23.240909Z,77319.26,77319.27,0.01,77319.265,-0.6044721460275808616745093524
BTC-USD,2026-08-28T20:33:23.281078Z,77319.26,77319.27,0.01,77319.265,-0.6044721460275808616745093524
BTC-USD,2026-08-28T20:33:23.329175Z,77319.26,77319.27,0.01,77319.265,-0.7045701804879226414662422546
BTC-USD,2026-08-28T20:33:23.383918Z,77319.26,77319.27,0.01,77319.265,-0.7045701804879226414662422546
BTC-USD,2026-08-28T20:33:23.445386Z,77319.26,77319.27,0.01,77319.265,-0.7035502453158264519852223520
BTC-USD,2026-08-28T20:33:23.465504Z,77319.26,77319.27,0.01,77319.265,-0.7035502453158264519852223520
BTC-USD,2026-08-28T20:33:23.544733Z,77319.26,77319.27,0.01,77319.265,-0.5904273655056742477774571176
BTC-USD,2026-08-28T20:33:23.584039Z,77319.26,77319.27,0.01,77319.265,-0.5904273655056742477774571176
BTC-USD,2026-08-28T20:33:23.628789Z,77319.26,77319.27,0.01,77319.265,-0.5904273655056742477774571176
BTC-USD,2026-08-28T20:33:23.690784Z,77319.26,77319.27,0.01,77319.265,-0.5904273655056742477774571176
BTC-USD,2026-08-28T20:33:23.83994Z,77319.26,77319.27,0.01,77319.265,-0.4448005156371684560673243377
BTC-USD,2026-08-28T20:33:23.870708Z,77319.26,77319.27,0.01,77319.265,-0.7037711862085471319857963025
BTC-USD,2026-08-28T20:33:23.94492Z,77319.26,77319.27,0.01,77319.265,-0.5909289780245335807630107784
BTC-USD,2026-08-28T20:33:23.999435Z,77319.26,77319.27,0.01,77319.265,-0.5909289780245335807630107784
BTC-USD,2026-08-28T20:33:24.049342Z,77319.26,77319.27,0.01,77319.265,-0.5909289780245335807630107784
BTC-USD,2026-08-28T20:33:24.072447Z,77319.26,77319.27,0.01,77319.265,-0.6035827625799507259327866311
BTC-USD,2026-08-28T20:33:24.148194Z,77319.26,77319.27,0.01,77319.265,-0.6033514330302778896270554326
BTC-USD,2026-08-28T20:33:24.203379Z,77319.26,77319.27,0.01,77319.265,-0.6032754849912420477034883406
BTC-USD,2026-08-28T20:33:24.233067Z,77319.26,77319.27,0.01,77319.265,-0.6032754849912420477034883406
BTC-USD,2026-08-28T20:33:24.285165Z,77319.26,77319.27,0.01,77319.265,-0.6032754849912420477034883406
BTC-USD,2026-08-28T20:33:24.341124Z,77319.26,77319.27,0.01,77319.265,-0.6032759067670817215506483602
BTC-USD,2026-08-28T20:33:24.397174Z,77319.26,77319.27,0.01,77319.265,-0.6284223640712389682850887533
BTC-USD,2026-08-28T20:33:24.405039Z,77319.26,77319.27,0.01,77319.265,-0.7035820693477237413682676453
BTC-USD,2026-08-28T20:33:24.487068Z,77319.26,77319.27,0.01,77319.265,-0.7035820693477237413682676453
BTC-USD,2026-08-28T20:33:24.528385Z,77319.26,77319.27,0.01,77319.265,-0.7035820693477237413682676453
BTC-USD,2026-08-28T20:33:24.597939Z,77319.26,77319.27,0.01,77319.265,-0.5906053173353142582439223948
BTC-USD,2026-08-28T20:33:24.646613Z,77319.26,77319.27,0.01,77319.265,-0.6715722973020494070315569285
BTC-USD,2026-08-28T20:33:24.704021Z,77319.26,77319.27,0.01,77319.265,-0.6629371665181884803164388564
BTC-USD,2026-08-28T20:33:24.736758Z,77319.26,77319.27,0.01,77319.265,-0.6705870561913194848146505493
BTC-USD,2026-08-28T20:33:24.798109Z,77319.26,77319.27,0.01,77319.265,-0.6705870561913194848146505493
BTC-USD,2026-08-28T20:33:24.844362Z,77319.26,77319.27,0.01,77319.265,-0.6705872914694914571542564149
BTC-USD,2026-08-28T20:33:24.880526Z,77319.26,77319.27,0.01,77319.265,-0.6705872914694914571542564149
BTC-USD,2026-08-28T20:33:24.922306Z,77319.26,77319.27,0.01,77319.265,-0.6704547185133781790123057516
BTC-USD,2026-08-28T20:33:25.001742Z,77319.26,77319.27,0.01,77319.265,-0.6700563586193375766165577197
BTC-USD,2026-08-28T20:33:25.08181Z,77319.26,77319.27,0.01,77319.265,-0.6783070583264317778016116469
BTC-USD,2026-08-28T20:33:25.146751Z,77319.26,77319.27,0.01,77319.265,-0.6783070583264317778016116469
BTC-USD,2026-08-28T20:33:25.18665Z,77319.26,77319.27,0.01,77319.265,-0.6783070583264317778016116469
BTC-USD,2026-08-28T20:33:25.216653Z,77319.26,77319.27,0.01,77319.265,-0.6781770086004476402523194236
BTC-USD,2026-08-28T20:33:25.253813Z,77319.26,77319.27,0.01,77319.265,-0.6781770086004476402523194236
BTC-USD,2026-08-28T20:33:25.346247Z,77319.26,77319.27,0.01,77319.265,-0.6781770086004476402523194236
BTC-USD,2026-08-28T20:33:25.377126Z,77319.26,77319.27,0.01,77319.265,-0.6781774494127769031798519356
BTC-USD,2026-08-28T20:33:25.436341Z,77319.26,77319.27,0.01,77319.265,-0.6781774494127769031798519356
BTC-USD,2026-08-28T20:33:25.448545Z,77319.26,77319.27,0.01,77319.265,-0.6781774494127769031798519356
BTC-USD,2026-08-28T20:33:25.549265Z,77319.26,77319.27,0.01,77319.265,-0.6948324054649171230810473948
BTC-USD,2026-08-28T20:33:25.628502Z,77319.26,77319.27,0.01,77319.265,-0.6948324054649171230810473948
BTC-USD,2026-08-28T20:33:25.696711Z,77319.26,77319.27,0.01,77319.265,-0.6947960010132334614171223052
BTC-USD,2026-08-28T20:33:25.751535Z,77319.26,77319.27,0.01,77319.265,-0.6781394354482676361377469724
BTC-USD,2026-08-28T20:33:25.792744Z,77319.26,77319.27,0.01,77319.265,-0.6781394354482676361377469724
BTC-USD,2026-08-28T20:33:25.814768Z,77319.26,77319.27,0.01,77319.265,-0.6781394354482676361377469724
BTC-USD,2026-08-28T20:33:25.890505Z,77319.26,77319.27,0.01,77319.265,-0.6947960010132334614171223052
BTC-USD,2026-08-28T20:33:25.928612Z,77319.26,77319.27,0.01,77319.265,-0.6947960613174924726837453545
BTC-USD,2026-08-28T20:33:25.967636Z,77319.26,77319.27,0.01,77319.265,-0.6947960613174924726837453545
BTC-USD,2026-08-28T20:33:26.037084Z,77319.26,77319.27,0.01,77319.265,-0.5704495807890809079986759372
BTC-USD,2026-08-28T20:33:26.09305Z,77319.26,77319.27,0.01,77319.265,-0.5704495807890809079986759372
BTC-USD,2026-08-28T20:33:26.130485Z,77319.26,77319.27,0.01,77319.265,-0.8888786494647243889348965642
BTC-USD,2026-08-28T20:33:26.175186Z,77319.26,77319.27,0.01,77319.265,-0.8888798591198922818149832268
BTC-USD,2026-08-28T20:33:26.221867Z,77319.26,77319.27,0.01,77319.265,-0.8888621176660408746863374829
BTC-USD,2026-08-28T20:33:26.269975Z,77319.26,77319.27,0.01,77319.265,-0.6596866342983314103652858390
BTC-USD,2026-08-28T20:33:26.348152Z,77319.26,77319.27,0.01,77319.265,-0.6682683909534867746404604748
BTC-USD,2026-08-28T20:33:26.375277Z,77319.26,77319.27,0.01,77319.265,-0.6682683909534867746404604748
BTC-USD,2026-08-28T20:33:26.441306Z,77319.26,77319.27,0.01,77319.265,-0.6682683909534867746404604748
BTC-USD,2026-08-28T20:33:26.492605Z,77319.26,77319.27,0.01,77319.265,-0.6682687309954656133855516823
BTC-USD,2026-08-28T20:33:26.514725Z,77319.26,77319.27,0.01,77319.265,-0.6682687309954656133855516823
BTC-USD,2026-08-28T20:33:26.583832Z,77319.26,77319.27,0.01,77319.265,-0.6682687309954656133855516823
BTC-USD,2026-08-28T20:33:26.648214Z,77319.26,77319.27,0.01,77319.265,-0.6682687309954656133855516823
BTC-USD,2026-08-28T20:33:26.703044Z,77319.26,77319.27,0.01,77319.265,-0.6044125964508681748084353478
BTC-USD,2026-08-28T20:33:26.735405Z,77319.26,77319.27,0.01,77319.265,-0.6161881274388905789798359361
BTC-USD,2026-08-28T20:33:26.802629Z,77319.26,77319.27,0.01,77319.265,-0.6161881274388905789798359361
BTC-USD,2026-08-28T20:33:26.823161Z,77319.26,77319.27,0.01,77319.265,-0.6161881274388905789798359361
BTC-USD,2026-08-28T20:33:26.892945Z,77319.26,77319.27,0.01,77319.265,-0.6161881274388905789798359361
BTC-USD,2026-08-28T20:33:26.952173Z,77319.26,77319.27,0.01,77319.265,-0.8846065877991132993367892190
BTC-USD,2026-08-28T20:33:26.963493Z,77319.26,77319.27,0.01,77319.265,-0.8846065877991132993367892190
BTC-USD,2026-08-28T20:33:27.046508Z,77319.26,77319.27,0.01,77319.265,-0.6161882227747604954027254125
BTC-USD,2026-08-28T20:33:27.096945Z,77319.26,77319.27,0.01,77319.265,-0.6802286765404248674469157160
BTC-USD,2026-08-28T20:33:27.134402Z,77319.26,77319.27,0.01,77319.265,-0.6802286765404248674469157160
BTC-USD,2026-08-28T20:33:27.18826Z,77319.26,77319.27,0.01,77319.265,-0.6802286765404248674469157160
BTC-USD,2026-08-28T20:33:27.242182Z,77319.26,77319.27,0.01,77319.265,-0.6812063414689990660716087374
BTC-USD,2026-08-28T20:33:27.290977Z,77319.26,77319.27,0.01,77319.265,-0.6812063414689990660716087374
BTC-USD,2026-08-28T20:33:27.328974Z,77319.26,77319.27,0.01,77319.265,-0.6812063414689990660716087374
BTC-USD,2026-08-28T20:33:27.394219Z,77319.26,77319.27,0.01,77319.265,-0.6812063414689990660716087374
BTC-USD,2026-08-28T20:33:27.436764Z,77319.26,77319.27,0.01,77319.265,-0.6812063414689990660716087374
BTC-USD,2026-08-28T20:33:27.500273Z,77319.26,77319.27,0.01,77319.265,-0.6812067012184938189419634369
BTC-USD,2026-08-28T20:33:27.538587Z,77319.26,77319.27,0.01,77319.265,-0.6812067012184938189419634369
BTC-USD,2026-08-28T20:33:27.586186Z,77319.26,77319.27,0.01,77319.265,-0.6812067012184938189419634369
BTC-USD,2026-08-28T20:33:27.646762Z,77319.26,77319.27,0.01,77319.265,-0.7185469207641893162628503990
BTC-USD,2026-08-28T20:33:27.690483Z,77319.26,77319.27,0.01,77319.265,-0.6606303928672703249066573645
BTC-USD,2026-08-28T20:33:27.73075Z,77319.26,77319.27,0.01,77319.265,-0.6606303928672703249066573645
BTC-USD,2026-08-28T20:33:27.787488Z,77319.26,77319.27,0.01,77319.265,-0.6606303928672703249066573645
BTC-USD,2026-08-28T20:33:27.846166Z,77319.26,77319.27,0.01,77319.265,-0.6692558421080167908363499376
BTC-USD,2026-08-28T20:33:27.874617Z,77319.26,77319.27,0.01,77319.265,-0.6692558421080167908363499376
BTC-USD,2026-08-28T20:33:27.934244Z,77319.26,77319.27,0.01,77319.265,-0.7259432868515769493596760393
BTC-USD,2026-08-28T20:33:27.96772Z,77319.26,77319.27,0.01,77319.265,-0.7259432868515769493596760393
BTC-USD,2026-08-28T20:33:28.038085Z,77319.26,77319.27,0.01,77319.265,-0.7259432868515769493596760393
BTC-USD,2026-08-28T20:33:28.085714Z,77319.26,77319.27,0.01,77319.265,-0.7259433775644524398669435953
BTC-USD,2026-08-28T20:33:28.137545Z,77319.26,77319.27,0.01,77319.265,-0.7259433775644524398669435953
BTC-USD,2026-08-28T20:33:28.182137Z,77319.26,77319.27,0.01,77319.265,-0.7259433775644524398669435953
BTC-USD,2026-08-28T20:33:28.212907Z,77319.26,77319.27,0.01,77319.265,-0.7259433775644524398669435953
BTC-USD,2026-08-28T20:33:28.290435Z,77319.26,77319.27,0.01,77319.265,-0.7259433775644524398669435953
BTC-USD,2026-08-28T20:33:28.354653Z,77319.26,77319.27,0.01,77319.265,-0.7259433775644524398669435953
BTC-USD,2026-08-28T20:33:28.385344Z,77319.26,77319.27,0.01,77319.265,-0.7259433775644524398669435953
BTC-USD,2026-08-28T20:33:28.451415Z,77319.25,77319.26,0.01,77319.255,-0.7245079970717368941322905516
BTC-USD,2026-08-28T20:33:28.487769Z,77319.25,77319.26,0.01,77319.255,-0.7905804860784315479068381577
BTC-USD,2026-08-28T20:33:28.548723Z,77319.25,77319.26,0.01,77319.255,-0.7905804860784315479068381577
BTC-USD,2026-08-28T20:33:28.558754Z,77319.25,77319.26,0.01,77319.255,-0.7905805760425185781431571824
BTC-USD,2026-08-28T20:33:28.644401Z,77319.25,77319.26,0.01,77319.255,-0.7728045928289636995682373781
BTC-USD,2026-08-28T20:33:28.698598Z,77319.25,77319.26,0.01,77319.255,-0.7728045928289636995682373781
BTC-USD,2026-08-28T20:33:28.74328Z,77319.25,77319.26,0.01,77319.255,-0.7452544077110190370993007568
BTC-USD,2026-08-28T20:33:28.786372Z,77319.25,77319.26,0.01,77319.255,-0.7452544077110190370993007568
BTC-USD,2026-08-28T20:33:28.848653Z,77319.25,77319.26,0.01,77319.255,-0.7155351042282468238366931751
BTC-USD,2026-08-28T20:33:28.879293Z,77319.25,77319.26,0.01,77319.255,-0.7091725734417245735873762905
BTC-USD,2026-08-28T20:33:28.95355Z,77319.25,77319.26,0.01,77319.255,-0.7091725734417245735873762905
BTC-USD,2026-08-28T20:33:28.992922Z,77319.25,77319.26,0.01,77319.255,-0.7091725734417245735873762905
BTC-USD,2026-08-28T20:33:29.030502Z,77319.25,77319.26,0.01,77319.255,-0.7091725734417245735873762905
BTC-USD,2026-08-28T20:33:29.098658Z,77319.25,77319.26,0.01,77319.255,-0.7155361738722888201106182496
BTC-USD,2026-08-28T20:33:29.153411Z,77319.25,77319.26,0.01,77319.255,-0.7155361738722888201106182496
BTC-USD,2026-08-28T20:33:29.203967Z,77319.25,77319.26,0.01,77319.255,-0.7042708569015395059312503883
BTC-USD,2026-08-28T20:33:29.24439Z,77319.25,77319.26,0.01,77319.255,-0.7042708569015395059312503883
BTC-USD,2026-08-28T20:33:29.296018Z,77319.25,77319.26,0.01,77319.255,-0.7042708569015395059312503883
BTC-USD,2026-08-28T20:33:29.340502Z,77319.25,77319.26,0.01,77319.255,-0.7042708569015395059312503883
BTC-USD,2026-08-28T20:33:29.393517Z,77319.25,77319.26,0.01,77319.255,-0.7042708569015395059312503883
BTC-USD,2026-08-28T20:33:29.411852Z,77319.25,77319.26,0.01,77319.255,-0.7555122728603413228217889142
BTC-USD,2026-08-28T20:33:29.478811Z,77319.25,77319.26,0.01,77319.255,-0.7555122728603413228217889142
BTC-USD,2026-08-28T20:33:29.518137Z,77319.25,77319.26,0.01,77319.255,-0.7471316000094475331178353827
BTC-USD,2026-08-28T20:33:29.593924Z,77319.25,77319.26,0.01,77319.255,-0.7471316000094475331178353827
BTC-USD,2026-08-28T20:33:29.63172Z,77319.25,77319.26,0.01,77319.255,-0.7521336668338588470810233929
BTC-USD,2026-08-28T20:33:29.675016Z,77319.25,77319.26,0.01,77319.255,-0.7521337636212148990999738771
BTC-USD,2026-08-28T20:33:29.728232Z,77319.25,77319.26,0.01,77319.255,-0.7232792307210314130926990701
BTC-USD,2026-08-28T20:33:29.778566Z,77319.25,77319.26,0.01,77319.255,-0.9299990577145187410585641870
BTC-USD,2026-08-28T20:33:29.830938Z,77319.25,77319.26,0.01,77319.255,0.1122593722869191411667677101
BTC-USD,2026-08-28T20:33:29.874429Z,77319.25,77319.26,0.01,77319.255,0.1122611445513020406399935349
BTC-USD,2026-08-28T20:33:29.922542Z,77319.25,77319.26,0.01,77319.255,0.1950584290333853592927169348
BTC-USD,2026-08-28T20:33:29.968931Z,77319.25,77319.26,0.01,77319.255,0.5035186664398084451319276198
BTC-USD,2026-08-28T20:33:30.027149Z,77319.25,77319.26,0.01,77319.255,0.4994951391939786344003800178
BTC-USD,2026-08-28T20:33:30.074231Z,77319.25,77319.26,0.01,77319.255,0.4994951391939786344003800178
BTC-USD,2026-08-28T20:33:30.124836Z,77319.25,77319.26,0.01,77319.255,0.4994951391939786344003800178
BTC-USD,2026-08-28T20:33:30.17631Z,77319.25,77319.26,0.01,77319.255,0.4994951391939786344003800178
BTC-USD,2026-08-28T20:33:30.244076Z,77319.25,77319.26,0.01,77319.255,0.4994951391939786344003800178
BTC-USD,2026-08-28T20:33:30.284059Z,77319.25,77319.26,0.01,77319.255,0.4368928567860320983838548977
BTC-USD,2026-08-28T20:33:30.333445Z,77319.25,77319.26,0.01,77319.255,0.4368928567860320983838548977
BTC-USD,2026-08-28T20:33:30.396865Z,77319.25,77319.26,0.01,77319.255,0.3753559352944242891006144136
BTC-USD,2026-08-28T20:33:30.432969Z,77319.25,77319.26,0.01,77319.255,0.3753559352944242891006144136
BTC-USD,2026-08-28T20:33:30.528675Z,77319.25,77319.26,0.01,77319.255,0.3806916250397091719515881191
BTC-USD,2026-08-28T20:33:30.584105Z,77319.25,77319.26,0.01,77319.255,0.3806916250397091719515881191
BTC-USD,2026-08-28T20:33:30.640503Z,77319.25,77319.26,0.01,77319.255,0.3322176594634605629628724569
BTC-USD,2026-08-28T20:33:30.685126Z,77319.25,77319.26,0.01,77319.255,0.3322174673089134585315563766
BTC-USD,2026-08-28T20:33:30.755319Z,77319.25,77319.26,0.01,77319.255,0.3266949970353185421230261569
BTC-USD,2026-08-28T20:33:30.799545Z,77319.25,77319.26,0.01,77319.255,0.3266949970353185421230261569
BTC-USD,2026-08-28T20:33:30.851906Z,77319.25,77319.26,0.01,77319.255,0.3266949970353185421230261569
BTC-USD,2026-08-28T20:33:30.880926Z,77319.25,77319.26,0.01,77319.255,0.3266949970353185421230261569
BTC-USD,2026-08-28T20:33:30.960471Z,77319.25,77319.26,0.01,77319.255,0.3266949970353185421230261569
BTC-USD,2026-08-28T20:33:31.017707Z,77319.25,77319.26,0.01,77319.255,0.3266949970353185421230261569
BTC-USD,2026-08-28T20:33:31.085022Z,77319.25,77319.26,0.01,77319.255,0.3287073249632635712781934754
BTC-USD,2026-08-28T20:33:31.19483Z,77319.25,77319.26,0.01,77319.255,0.3287073249632635712781934754
BTC-USD,2026-08-28T20:33:31.236925Z,77319.25,77319.26,0.01,77319.255,0.3287326364714439250788610747
BTC-USD,2026-08-28T20:33:31.34389Z,77319.25,77319.26,0.01,77319.255,0.3287326364714439250788610747
BTC-USD,2026-08-28T20:33:31.373953Z,77319.25,77319.26,0.01,77319.255,0.3287326364714439250788610747
BTC-USD,2026-08-28T20:33:31.440445Z,77319.25,77319.26,0.01,77319.255,0.3287325614549749780588790236
BTC-USD,2026-08-28T20:33:31.481048Z,77319.25,77319.26,0.01,77319.255,0.3342730923342256122941295829
BTC-USD,2026-08-28T20:33:31.524778Z,77319.25,77319.26,0.01,77319.255,0.3342730923342256122941295829
BTC-USD,2026-08-28T20:33:31.587547Z,77319.25,77319.26,0.01,77319.255,0.3346501029026685131303778438
BTC-USD,2026-08-28T20:33:31.685325Z,77319.25,77319.26,0.01,77319.255,0.3346501029026685131303778438
BTC-USD,2026-08-28T20:33:31.738655Z,77319.25,77319.26,0.01,77319.255,0.3346498228437086155508429274
BTC-USD,2026-08-28T20:33:31.78211Z,77319.25,77319.26,0.01,77319.255,0.3346876701865866417794088071
BTC-USD,2026-08-28T20:33:31.841054Z,77319.25,77319.26,0.01,77319.255,0.3291535908702390364636486363
BTC-USD,2026-08-28T20:33:31.858027Z,77319.25,77319.26,0.01,77319.255,0.3291535908702390364636486363
BTC-USD,2026-08-28T20:33:31.93614Z,77319.25,77319.26,0.01,77319.255,0.3291535908702390364636486363
BTC-USD,2026-08-28T20:33:31.98404Z,77319.25,77319.26,0.01,77319.255,0.3291535908702390364636486363
BTC-USD,2026-08-28T20:33:32.024213Z,77319.25,77319.26,0.01,77319.255,0.3291535908702390364636486363
BTC-USD,2026-08-28T20:33:32.074327Z,77319.25,77319.26,0.01,77319.255,0.4417876022061644828820804563
BTC-USD,2026-08-28T20:33:32.133737Z,77319.25,77319.26,0.01,77319.255,0.4417876022061644828820804563
BTC-USD,2026-08-28T20:33:32.19793Z,77319.25,77319.26,0.01,77319.255,0.4417876022061644828820804563
BTC-USD,2026-08-28T20:33:32.250797Z,77319.25,77319.26,0.01,77319.255,0.4417876022061644828820804563
BTC-USD,2026-08-28T20:33:32.286778Z,77319.25,77319.26,0.01,77319.255,0.4417876022061644828820804563
BTC-USD,2026-08-28T20:33:32.34988Z,77319.25,77319.26,0.01,77319.255,0.4449257660983025826718208577
BTC-USD,2026-08-28T20:33:32.396082Z,77319.25,77319.26,0.01,77319.255,0.4449257660983025826718208577
BTC-USD,2026-08-28T20:33:32.42473Z,77319.25,77319.26,0.01,77319.255,0.4449257660983025826718208577
BTC-USD,2026-08-28T20:33:32.495293Z,77319.25,77319.26,0.01,77319.255,0.5177284892658293272292031859
BTC-USD,2026-08-28T20:33:32.531841Z,77319.25,77319.26,0.01,77319.255,0.5177284892658293272292031859
BTC-USD,2026-08-28T20:33:32.59109Z,77319.25,77319.26,0.01,77319.255,0.5177284892658293272292031859
BTC-USD,2026-08-28T20:33:32.613837Z,77319.25,77319.26,0.01,77319.255,0.5177284892658293272292031859
BTC-USD,2026-08-28T20:33:32.667347Z,77319.25,77319.26,0.01,77319.255,0.5177284892658293272292031859
BTC-USD,2026-08-28T20:33:32.746102Z,77319.25,77319.26,0.01,77319.255,0.5148637272040267796457257028
BTC-USD,2026-08-28T20:33:32.766156Z,77319.25,77319.26,0.01,77319.255,0.5148637272040267796457257028
BTC-USD,2026-08-28T20:33:32.846625Z,77319.25,77319.26,0.01,77319.255,0.5148636903207128406094736831
BTC-USD,2026-08-28T20:33:32.886077Z,77318.89,77319.25,0.36,77319.07,0.2481125757911079440336514355
BTC-USD,2026-08-28T20:33:32.952539Z,77318.89,77319.25,0.36,77319.07,0.2511061601946482702463613841
BTC-USD,2026-08-28T20:33:32.984116Z,77319.24,77319.25,0.01,77319.245,0.1332247960254874637737471098
BTC-USD,2026-08-28T20:33:33.038301Z,77319.24,77319.25,0.01,77319.245,0.1332247960254874637737471098
BTC-USD,2026-08-28T20:33:33.074017Z,77319.24,77319.25,0.01,77319.245,0.1332247960254874637737471098
BTC-USD,2026-08-28T20:33:33.127826Z,77319.24,77319.25,0.01,77319.245,0.1332247960254874637737471098
BTC-USD,2026-08-28T20:33:33.188949Z,77319.24,77319.25,0.01,77319.245,0.2076005644815877257486076531
BTC-USD,2026-08-28T20:33:33.230431Z,77319.24,77319.25,0.01,77319.245,0.2076575912657977350327786431
BTC-USD,2026-08-28T20:33:33.284232Z,77319.24,77319.25,0.01,77319.245,0.2076575912657977350327786431
BTC-USD,2026-08-28T20:33:33.337241Z,77319.24,77319.25,0.01,77319.245,0.2081190060373759906872994679
BTC-USD,2026-08-28T20:33:33.382499Z,77319.24,77319.25,0.01,77319.245,0.2081190060373759906872994679
BTC-USD,2026-08-28T20:33:33.447888Z,77319.24,77319.25,0.01,77319.245,0.2081190060373759906872994679
BTC-USD,2026-08-28T20:33:33.453491Z,77319.24,77319.25,0.01,77319.245,0.2081190060373759906872994679
BTC-USD,2026-08-28T20:33:33.476154Z,77319.24,77319.25,0.01,77319.245,0.2081190060373759906872994679
BTC-USD,2026-08-28T20:33:33.584737Z,77319.24,77319.25,0.01,77319.245,0.2081188219680801642633667708
BTC-USD,2026-08-28T20:33:33.637701Z,77319.24,77319.25,0.01,77319.245,0.2081284502266462812416920771
BTC-USD,2026-08-28T20:33:33.745092Z,77319.24,77319.25,0.01,77319.245,0.2081284502266462812416920771
BTC-USD,2026-08-28T20:33:33.785579Z,77319.24,77319.25,0.01,77319.245,0.2081284502266462812416920771
BTC-USD,2026-08-28T20:33:33.847311Z,77319.24,77319.25,0.01,77319.245,0.1941460970978696033257577020
BTC-USD,2026-08-28T20:33:33.874938Z,77319.24,77319.25,0.01,77319.245,0.1941460970978696033257577020
BTC-USD,2026-08-28T20:33:33.945713Z,77319.24,77319.25,0.01,77319.245,0.1941460970978696033257577020
BTC-USD,2026-08-28T20:33:33.96877Z,77319.24,77319.25,0.01,77319.245,0.1941460970978696033257577020
BTC-USD,2026-08-28T20:33:34.021945Z,77319.24,77319.25,0.01,77319.245,0.1941460970978696033257577020
BTC-USD,2026-08-28T20:33:34.085706Z,77319.24,77319.25,0.01,77319.245,0.1743849765707575882656112640
BTC-USD,2026-08-28T20:33:34.140725Z,77319.24,77319.25,0.01,77319.245,0.1743849765707575882656112640
BTC-USD,2026-08-28T20:33:34.197603Z,77319.24,77319.25,0.01,77319.245,0.1743849765707575882656112640
BTC-USD,2026-08-28T20:33:34.243871Z,77319.24,77319.25,0.01,77319.245,0.1743849765707575882656112640
BTC-USD,2026-08-28T20:33:34.284519Z,77319.24,77319.25,0.01,77319.245,0.1743849765707575882656112640
BTC-USD,2026-08-28T20:33:34.387769Z,77319.24,77319.25,0.01,77319.245,0.1743849765707575882656112640
BTC-USD,2026-08-28T20:33:34.435755Z,77319.24,77319.25,0.01,77319.245,0.1743849765707575882656112640
BTC-USD,2026-08-28T20:33:34.488705Z,77319.24,77319.25,0.01,77319.245,0.1743849765707575882656112640
BTC-USD,2026-08-28T20:33:34.513829Z,77319.24,77319.25,0.01,77319.245,0.1743849765707575882656112640
BTC-USD,2026-08-28T20:33:34.598964Z,77319.24,77319.25,0.01,77319.245,0.1743849765707575882656112640
BTC-USD,2026-08-28T20:33:34.644003Z,77319.24,77319.25,0.01,77319.245,0.1743849216939219094770690321
BTC-USD,2026-08-28T20:33:34.683845Z,77319.24,77319.25,0.01,77319.245,0.1743849216939219094770690321
BTC-USD,2026-08-28T20:33:34.737242Z,77319.24,77319.25,0.01,77319.245,0.1743849216939219094770690321
BTC-USD,2026-08-28T20:33:34.789002Z,77319.24,77319.25,0.01,77319.245,0.1743849216939219094770690321
BTC-USD,2026-08-28T20:33:34.849797Z,77319.24,77319.25,0.01,77319.245,0.1743848119402286666332998136
BTC-USD,2026-08-28T20:33:34.903488Z,77319.24,77319.25,0.01,77319.245,0.2545555605417082521268939254
BTC-USD,2026-08-28T20:33:34.997993Z,77319.24,77319.25,0.01,77319.245,0.2545555605417082521268939254
BTC-USD,2026-08-28T20:33:35.036376Z,77319.24,77319.25,0.01,77319.245,0.2545555605417082521268939254
BTC-USD,2026-08-28T20:33:35.086969Z,77319.24,77319.25,0.01,77319.245,0.2545555605417082521268939254
BTC-USD,2026-08-28T20:33:35.101331Z,77319.24,77319.25,0.01,77319.245,0.2545555605417082521268939254
BTC-USD,2026-08-28T20:33:35.191144Z,77319.24,77319.25,0.01,77319.245,-0.05093818101589118843333484781
BTC-USD,2026-08-28T20:33:35.247401Z,77319.24,77319.25,0.01,77319.245,-0.05093818101589118843333484781
BTC-USD,2026-08-28T20:33:35.285029Z,77319.24,77319.25,0.01,77319.245,0.1221838052775689981137504075
BTC-USD,2026-08-28T20:33:35.342282Z,77319.24,77319.25,0.01,77319.245,0.1221838052775689981137504075
BTC-USD,2026-08-28T20:33:35.39297Z,77319.24,77319.25,0.01,77319.245,0.1221838052775689981137504075
BTC-USD,2026-08-28T20:33:35.500185Z,77319.24,77319.25,0.01,77319.245,0.1221838052775689981137504075
BTC-USD,2026-08-28T20:33:35.550939Z,77319.24,77319.25,0.01,77319.245,0.1221838052775689981137504075
BTC-USD,2026-08-28T20:33:35.592022Z,77319.24,77319.25,0.01,77319.245,0.1221838052775689981137504075
BTC-USD,2026-08-28T20:33:35.649444Z,77319.24,77319.25,0.01,77319.245,0.1221838052775689981137504075
BTC-USD,2026-08-28T20:33:35.690468Z,77319.24,77319.25,0.01,77319.245,0.1221837318797863827801844694
BTC-USD,2026-08-28T20:33:35.743868Z,77319.24,77319.25,0.01,77319.245,-0.2517309303048336048632896609
BTC-USD,2026-08-28T20:33:35.795521Z,77319.24,77319.25,0.01,77319.245,-0.2517309303048336048632896609
BTC-USD,2026-08-28T20:33:35.818944Z,77319.24,77319.25,0.01,77319.245,-0.2517309303048336048632896609
BTC-USD,2026-08-28T20:33:35.885145Z,77319.24,77319.25,0.01,77319.245,-0.1048380194298990701465544408
BTC-USD,2026-08-28T20:33:35.949713Z,77319.24,77319.25,0.01,77319.245,-0.1048873285652507093777461009
BTC-USD,2026-08-28T20:33:35.988364Z,77319.24,77319.25,0.01,77319.245,-0.1034038208735495143108542611
BTC-USD,2026-08-28T20:33:36.037461Z,77319.24,77319.25,0.01,77319.245,-0.1034038208735495143108542611
BTC-USD,2026-08-28T20:33:36.085856Z,77319.24,77319.25,0.01,77319.245,-0.1034038208735495143108542611
BTC-USD,2026-08-28T20:33:36.13588Z,77319.24,77319.25,0.01,77319.245,-0.1455154069600049072465584223
BTC-USD,2026-08-28T20:33:36.19457Z,77319.24,77319.25,0.01,77319.245,-0.1455154069600049072465584223
BTC-USD,2026-08-28T20:33:36.238222Z,77319.24,77319.25,0.01,77319.245,-0.1034038208735495143108542611
BTC-USD,2026-08-28T20:33:36.286334Z,77319.24,77319.25,0.01,77319.245,-0.1455154069600049072465584223
BTC-USD,2026-08-28T20:33:36.340697Z,77319.24,77319.25,0.01,77319.245,-0.1455154069600049072465584223
BTC-USD,2026-08-28T20:33:36.390209Z,77319.24,77319.25,0.01,77319.245,-0.3628115042064054346005704128
BTC-USD,2026-08-28T20:33:36.506783Z,77319.24,77319.25,0.01,77319.245,-0.04706652164279643903499066482
BTC-USD,2026-08-28T20:33:36.585002Z,77319.24,77319.25,0.01,77319.245,-0.04706652164279643903499066482
BTC-USD,2026-08-28T20:33:36.639976Z,77319.24,77319.25,0.01,77319.245,-0.04706652164279643903499066482
BTC-USD,2026-08-28T20:33:36.673121Z,77319.24,77319.25,0.01,77319.245,-0.03292815030176281762058976341
BTC-USD,2026-08-28T20:33:36.850575Z,77319.24,77319.25,0.01,77319.245,0.1469291566459010584568739415
BTC-USD,2026-08-28T20:33:36.899188Z,77319.24,77319.25,0.01,77319.245,0.1469400172400615556581549648
BTC-USD,2026-08-28T20:33:36.953485Z,77319.24,77319.25,0.01,77319.245,0.2535095189551493621291276988
BTC-USD,2026-08-28T20:33:36.998002Z,77319.24,77319.25,0.01,77319.245,0.2535095189551493621291276988
BTC-USD,2026-08-28T20:33:37.043247Z,77319.24,77319.25,0.01,77319.245,0.2535094143905343700498097175
BTC-USD,2026-08-28T20:33:37.083092Z,77319.24,77319.25,0.01,77319.245,0.2535094143905343700498097175
BTC-USD,2026-08-28T20:33:37.147399Z,77319.24,77319.25,0.01,77319.245,0.2535094143905343700498097175
BTC-USD,2026-08-28T20:33:37.175167Z,77319.24,77319.25,0.01,77319.245,0.2535094143905343700498097175
BTC-USD,2026-08-28T20:33:37.236824Z,77319.24,77319.25,0.01,77319.245,0.2535094143905343700498097175
BTC-USD,2026-08-28T20:33:37.298155Z,77319.24,77319.25,0.01,77319.245,0.2535094143905343700498097175
BTC-USD,2026-08-28T20:33:37.344893Z,77319.24,77319.25,0.01,77319.245,0.2535094143905343700498097175
BTC-USD,2026-08-28T20:33:37.399147Z,77319.24,77319.25,0.01,77319.245,0.2535094143905343700498097175
BTC-USD,2026-08-28T20:33:37.408401Z,77319.24,77319.25,0.01,77319.245,0.2535094143905343700498097175
BTC-USD,2026-08-28T20:33:37.475092Z,77319.24,77319.25,0.01,77319.245,0.2535094143905343700498097175
BTC-USD,2026-08-28T20:33:37.526973Z,77319.24,77319.25,0.01,77319.245,0.2535094143905343700498097175
BTC-USD,2026-08-28T20:33:37.55799Z,77319.24,77319.25,0.01,77319.245,0.2535094143905343700498097175
BTC-USD,2026-08-28T20:33:37.625935Z,77319.24,77319.25,0.01,77319.245,0.2535094143905343700498097175
BTC-USD,2026-08-28T20:33:37.691697Z,77319.24,77319.25,0.01,77319.245,0.2535094143905343700498097175
BTC-USD,2026-08-28T20:33:37.755206Z,77319.24,77319.25,0.01,77319.245,0.1271075373400859894337173983
BTC-USD,2026-08-28T20:33:37.799891Z,77319.24,77319.25,0.01,77319.245,0.1271075373400859894337173983
BTC-USD,2026-08-28T20:33:37.841052Z,77318.89,77318.9,0.01,77318.895,-0.3519149290978399589756460244
BTC-USD,2026-08-28T20:33:37.867859Z,77318.89,77318.9,0.01,77318.895,-0.3264267538716173434492345631
BTC-USD,2026-08-28T20:33:37.950977Z,77318.89,77318.9,0.01,77318.895,-0.3264267538716173434492345631
BTC-USD,2026-08-28T20:33:38.000912Z,77318.89,77318.9,0.01,77318.895,-0.3793120886500298483171949625
BTC-USD,2026-08-28T20:33:38.03163Z,77318.89,77318.9,0.01,77318.895,-0.3793120886500298483171949625
BTC-USD,2026-08-28T20:33:38.080894Z,77318.89,77318.9,0.01,77318.895,-0.3793120886500298483171949625
BTC-USD,2026-08-28T20:33:38.131858Z,77318.89,77318.9,0.01,77318.895,-0.3793126180846613944375305332
BTC-USD,2026-08-28T20:33:38.196719Z,77318.89,77318.9,0.01,77318.895,-0.3793126180846613944375305332
BTC-USD,2026-08-28T20:33:38.207261Z,77318.89,77318.9,0.01,77318.895,-0.3789381400996693579016000934
BTC-USD,2026-08-28T20:33:38.289837Z,77318.89,77318.9,0.01,77318.895,-0.3789381400996693579016000934
BTC-USD,2026-08-28T20:33:38.316718Z,77318.89,77318.9,0.01,77318.895,-0.3789381400996693579016000934
BTC-USD,2026-08-28T20:33:38.387484Z,77318.89,77318.9,0.01,77318.895,-0.3789381400996693579016000934
BTC-USD,2026-08-28T20:33:38.4241Z,77318.89,77318.9,0.01,77318.895,-0.4376970877816577894872389753
BTC-USD,2026-08-28T20:33:38.490901Z,77318.89,77318.9,0.01,77318.895,-0.4376970877816577894872389753
BTC-USD,2026-08-28T20:33:38.533677Z,77318.89,77318.9,0.01,77318.895,-0.4345181015304466169117921387
BTC-USD,2026-08-28T20:33:38.582243Z,77318.89,77318.9,0.01,77318.895,-0.3750577592795641883916033986
BTC-USD,2026-08-28T20:33:38.644115Z,77318.89,77318.9,0.01,77318.895,-0.5144214562942093858083926771
BTC-USD,2026-08-28T20:33:38.691126Z,77318.89,77318.9,0.01,77318.895,-0.5144214562942093858083926771
BTC-USD,2026-08-28T20:33:38.73953Z,77318.89,77318.9,0.01,77318.895,-0.5144214562942093858083926771
BTC-USD,2026-08-28T20:33:38.780729Z,77318.89,77318.9,0.01,77318.895,-0.5144214562942093858083926771
BTC-USD,2026-08-28T20:33:38.895598Z,77318.89,77318.9,0.01,77318.895,-0.5144214562942093858083926771
BTC-USD,2026-08-28T20:33:38.946194Z,77318.89,77318.9,0.01,77318.895,-0.5144214562942093858083926771
BTC-USD,2026-08-28T20:33:38.996748Z,77318.89,77318.9,0.01,77318.895,-0.5144214562942093858083926771
BTC-USD,2026-08-28T20:33:39.022491Z,77318.89,77318.9,0.01,77318.895,-0.5144214562942093858083926771
BTC-USD,2026-08-28T20:33:39.081221Z,77318.89,77318.9,0.01,77318.895,-0.5144214562942093858083926771
BTC-USD,2026-08-28T20:33:39.139187Z,77318.89,77318.9,0.01,77318.895,-0.5144218257875410412518092759
BTC-USD,2026-08-28T20:33:39.187403Z,77318.89,77318.9,0.01,77318.895,-0.5144218257875410412518092759
BTC-USD,2026-08-28T20:33:39.24639Z,77318.89,77318.9,0.01,77318.895,-0.5144221952810529970401269629
BTC-USD,2026-08-28T20:33:39.274939Z,77318.89,77318.9,0.01,77318.895,-0.5144221952810529970401269629
BTC-USD,2026-08-28T20:33:39.346582Z,77318.89,77318.9,0.01,77318.895,-0.5144221952810529970401269629
BTC-USD,2026-08-28T20:33:39.383107Z,77318.89,77318.9,0.01,77318.895,-0.5144221952810529970401269629
BTC-USD,2026-08-28T20:33:39.437394Z,77318.89,77318.9,0.01,77318.895,-0.5144221952810529970401269629
BTC-USD,2026-08-28T20:33:39.522287Z,77318.89,77318.9,0.01,77318.895,-0.5144221952810529970401269629
BTC-USD,2026-08-28T20:33:39.567679Z,77318.89,77318.9,0.01,77318.895,-0.4705780256856560352672857079
BTC-USD,2026-08-28T20:33:39.630969Z,77320.83,77320.84,0.01,77320.835,-0.7859768097443566037831765801
BTC-USD,2026-08-28T20:33:39.650711Z,77321.83,77322.39,0.56,77322.11,-0.6527569555502125736088196167
BTC-USD,2026-08-28T20:33:39.700177Z,77322.38,77322.39,0.01,77322.385,-0.6524362684126340832370479794
BTC-USD,2026-08-28T20:33:39.777281Z,77320.83,77320.84,0.01,77320.835,-0.8984012150512927407917002827
BTC-USD,2026-08-28T20:33:39.824508Z,77320.83,77320.84,0.01,77320.835,-0.8226221082837405491994567780
BTC-USD,2026-08-28T20:33:39.874068Z,77320.83,77320.84,0.01,77320.835,-0.8076261704196109863484244275
BTC-USD,2026-08-28T20:33:39.924987Z,77320.83,77320.84,0.01,77320.835,-0.7629652929866570707167192278
BTC-USD,2026-08-28T20:33:39.974232Z,77320.83,77320.84,0.01,77320.835,-0.8772781628273179620553954691
BTC-USD,2026-08-28T20:33:40.019762Z,77320.83,77320.84,0.01,77320.835,-0.8772781628273179620553954691
BTC-USD,2026-08-28T20:33:40.091388Z,77320.83,77320.84,0.01,77320.835,-0.8772781628273179620553954691
BTC-USD,2026-08-28T20:33:40.134299Z,77320.83,77320.84,0.01,77320.835,-0.8772781628273179620553954691
BTC-USD,2026-08-28T20:33:40.18789Z,77320.83,77320.84,0.01,77320.835,-0.8050924703069225639452193038
BTC-USD,2026-08-28T20:33:40.221328Z,77320.83,77320.84,0.01,77320.835,-0.8050926112537608407465952866
BTC-USD,2026-08-28T20:33:40.274697Z,77320.83,77320.84,0.01,77320.835,-0.8050926112537608407465952866
BTC-USD,2026-08-28T20:33:40.316981Z,77320.83,77320.84,0.01,77320.835,-0.8050926112537608407465952866
BTC-USD,2026-08-28T20:33:40.441465Z,77320.83,77320.84,0.01,77320.835,-0.8050926112537608407465952866
BTC-USD,2026-08-28T20:33:40.474951Z,77320.83,77320.84,0.01,77320.835,-0.7616780591592244812837783545
BTC-USD,2026-08-28T20:33:40.541205Z,77320.83,77320.84,0.01,77320.835,-0.8050926425752834469717042521
BTC-USD,2026-08-28T20:33:40.585008Z,77320.83,77320.84,0.01,77320.835,-0.8050926425752834469717042521
BTC-USD,2026-08-28T20:33:40.636944Z,77320.83,77320.84,0.01,77320.835,-0.8013499408869484470215150463
BTC-USD,2026-08-28T20:33:40.683102Z,77320.83,77320.84,0.01,77320.835,-0.8013499647795368428186182136
BTC-USD,2026-08-28T20:33:40.734998Z,77320.83,77320.84,0.01,77320.835,-0.8013499647795368428186182136
BTC-USD,2026-08-28T20:33:40.800365Z,77320.83,77320.84,0.01,77320.835,-0.8017863203663528754167083262
BTC-USD,2026-08-28T20:33:40.835038Z,77320.83,77320.84,0.01,77320.835,-0.8017863203663528754167083262
BTC-USD,2026-08-28T20:33:40.884937Z,77320.83,77320.84,0.01,77320.835,-0.8017863203663528754167083262
BTC-USD,2026-08-28T20:33:40.945092Z,77320.83,77320.84,0.01,77320.835,-0.8059753885668479243938188586
BTC-USD,2026-08-28T20:33:40.999464Z,77320.83,77320.84,0.01,77320.835,-0.8059753885668479243938188586
BTC-USD,2026-08-28T20:33:41.040667Z,77320.83,77320.84,0.01,77320.835,-0.8059753885668479243938188586
BTC-USD,2026-08-28T20:33:41.096267Z,77320.83,77320.84,0.01,77320.835,-0.8059753885668479243938188586
BTC-USD,2026-08-28T20:33:41.148082Z,77320.83,77320.84,0.01,77320.835,-0.8095473937601510861542704113
BTC-USD,2026-08-28T20:33:41.188087Z,77320.83,77320.84,0.01,77320.835,-0.8095473937601510861542704113
BTC-USD,2026-08-28T20:33:41.249101Z,77320.83,77320.84,0.01,77320.835,-0.8095475318254798051438926169
BTC-USD,2026-08-28T20:33:41.299097Z,77320.83,77320.84,0.01,77320.835,-0.8347059178470941619530650602
BTC-USD,2026-08-28T20:33:41.34482Z,77320.83,77320.84,0.01,77320.835,-0.8347059178470941619530650602
BTC-USD,2026-08-28T20:33:41.378696Z,77320.83,77320.84,0.01,77320.835,-0.8347059178470941619530650602
BTC-USD,2026-08-28T20:33:41.424808Z,77320.83,77320.84,0.01,77320.835,-0.8347059178470941619530650602
BTC-USD,2026-08-28T20:33:41.471148Z,77320.83,77320.84,0.01,77320.835,-0.8343325021491663893300405480
BTC-USD,2026-08-28T20:33:41.536077Z,77320.83,77320.84,0.01,77320.835,-0.8343325021491663893300405480
BTC-USD,2026-08-28T20:33:41.575815Z,77320.83,77320.84,0.01,77320.835,-0.8343325021491663893300405480
BTC-USD,2026-08-28T20:33:41.636917Z,77320.83,77320.84,0.01,77320.835,-0.8343325021491663893300405480
BTC-USD,2026-08-28T20:33:41.681068Z,77320.83,77320.84,0.01,77320.835,-0.8343325494402813000195021153
BTC-USD,2026-08-28T20:33:41.730957Z,77320.83,77320.84,0.01,77320.835,-0.8343325494402813000195021153
BTC-USD,2026-08-28T20:33:41.794027Z,77320.83,77320.84,0.01,77320.835,-0.7950957987082458082088871541
BTC-USD,2026-08-28T20:33:41.833469Z,77320.83,77320.84,0.01,77320.835,-0.8296073419973423243915041435
BTC-USD,2026-08-28T20:33:41.90246Z,77320.83,77320.84,0.01,77320.835,-0.8551833332682347023976026077
BTC-USD,2026-08-28T20:33:41.942651Z,77320.83,77320.84,0.01,77320.835,-0.8629384058384683946243706653
BTC-USD,2026-08-28T20:33:42.038764Z,77320.83,77320.84,0.01,77320.835,-0.6171597499775365013237330214
BTC-USD,2026-08-28T20:33:42.116599Z,77320.83,77320.84,0.01,77320.835,-0.6171597499775365013237330214
BTC-USD,2026-08-28T20:33:42.194564Z,77320.83,77320.84,0.01,77320.835,-0.6171597499775365013237330214
BTC-USD,2026-08-28T20:33:42.220173Z,77320.83,77320.84,0.01,77320.835,-0.8405160977197926977635242125
BTC-USD,2026-08-28T20:33:42.26817Z,77320.83,77320.84,0.01,77320.835,-0.6171597499775365013237330214
BTC-USD,2026-08-28T20:33:42.339635Z,77320.83,77320.84,0.01,77320.835,-0.5785027119599747372212668330
BTC-USD,2026-08-28T20:33:42.383755Z,77320.83,77320.84,0.01,77320.835,-0.5970183759090345071064975467
BTC-USD,2026-08-28T20:33:42.438413Z,77320.83,77320.84,0.01,77320.835,-0.5970182158701155452376107857
BTC-USD,2026-08-28T20:33:42.459139Z,77320.83,77320.84,0.01,77320.835,-0.8371248665879711715082100472
BTC-USD,2026-08-28T20:33:42.598011Z,77320.83,77320.84,0.01,77320.835,-0.8371247014706609568705448697
BTC-USD,2026-08-28T20:33:42.656071Z,77320.83,77320.84,0.01,77320.835,-0.8371247014706609568705448697
BTC-USD,2026-08-28T20:33:42.674354Z,77320.83,77320.84,0.01,77320.835,-0.8371247014706609568705448697
BTC-USD,2026-08-28T20:33:42.747882Z,77320.83,77320.84,0.01,77320.835,-0.8371247790712886315544577987
BTC-USD,2026-08-28T20:33:42.80234Z,77320.83,77320.84,0.01,77320.835,-0.8371247790712886315544577987
BTC-USD,2026-08-28T20:33:42.851125Z,77320.83,77320.84,0.01,77320.835,-0.8371247790712886315544577987
BTC-USD,2026-08-28T20:33:42.902751Z,77320.83,77320.84,0.01,77320.835,-0.8371247790712886315544577987
BTC-USD,2026-08-28T20:33:42.937495Z,77310,77310.01,0.01,77310.005,-0.8376885450488864595845238992
BTC-USD,2026-08-28T20:33:42.984325Z,77310.02,77310.03,0.01,77310.025,-0.5787840021634070086380659945
BTC-USD,2026-08-28T20:33:43.030634Z,77310.02,77310.03,0.01,77310.025,-0.2918455266858892533374192077
BTC-USD,2026-08-28T20:33:43.075153Z,77310.02,77310.03,0.01,77310.025,-0.04666769575949884618363531901
BTC-USD,2026-08-28T20:33:43.121999Z,77310.02,77310.03,0.01,77310.025,-0.1929578749966350997240743208
BTC-USD,2026-08-28T20:33:43.188489Z,77310.02,77310.03,0.01,77310.025,0.1495609336748162496830641535
BTC-USD,2026-08-28T20:33:43.212266Z,77310.02,77310.03,0.01,77310.025,0.3731741730081087981308414486
BTC-USD,2026-08-28T20:33:43.292986Z,77310.02,77310.03,0.01,77310.025,0.3731741730081087981308414486
BTC-USD,2026-08-28T20:33:43.34389Z,77310.02,77310.03,0.01,77310.025,0.3731741730081087981308414486
BTC-USD,2026-08-28T20:33:43.386955Z,77310.02,77310.03,0.01,77310.025,0.3731741730081087981308414486
BTC-USD,2026-08-28T20:33:43.425586Z,77310.02,77310.03,0.01,77310.025,0.3731741730081087981308414486
BTC-USD,2026-08-28T20:33:43.485082Z,77310.02,77310.03,0.01,77310.025,0.3731741730081087981308414486
BTC-USD,2026-08-28T20:33:43.525441Z,77310.02,77310.03,0.01,77310.025,0.3731741730081087981308414486
BTC-USD,2026-08-28T20:33:43.638563Z,77310.02,77310.03,0.01,77310.025,0.1363175244904912488982321656
BTC-USD,2026-08-28T20:33:43.793498Z,77310.02,77310.03,0.01,77310.025,0.1363175244904912488982321656
BTC-USD,2026-08-28T20:33:43.837864Z,77310.02,77310.03,0.01,77310.025,0.1363175244904912488982321656
BTC-USD,2026-08-28T20:33:43.899537Z,77310.02,77310.03,0.01,77310.025,0.1363175244904912488982321656
BTC-USD,2026-08-28T20:33:43.936073Z,77310.02,77310.03,0.01,77310.025,0.1367013928692597262894375143
BTC-USD,2026-08-28T20:33:43.993413Z,77310.02,77310.03,0.01,77310.025,0.1367013928692597262894375143
BTC-USD,2026-08-28T20:33:44.030248Z,77310.02,77310.03,0.01,77310.025,0.1367013928692597262894375143
BTC-USD,2026-08-28T20:33:44.075423Z,77310.02,77310.03,0.01,77310.025,0.1367013928692597262894375143
BTC-USD,2026-08-28T20:33:44.145595Z,77310.02,77310.03,0.01,77310.025,0.1367013928692597262894375143
BTC-USD,2026-08-28T20:33:44.195271Z,77310.02,77310.03,0.01,77310.025,0.06976129182105558834828612377
BTC-USD,2026-08-28T20:33:44.241505Z,77310.02,77310.03,0.01,77310.025,0.1367013928692597262894375143
BTC-USD,2026-08-28T20:33:44.29045Z,77310.02,77310.03,0.01,77310.025,0.1367013928692597262894375143
BTC-USD,2026-08-28T20:33:44.350703Z,77310.02,77310.03,0.01,77310.025,0.1367013928692597262894375143
BTC-USD,2026-08-28T20:33:44.38306Z,77310.02,77310.03,0.01,77310.025,0.1367013928692597262894375143
BTC-USD,2026-08-28T20:33:44.449087Z,77310.02,77310.03,0.01,77310.025,0.1367013928692597262894375143
BTC-USD,2026-08-28T20:33:44.492804Z,77310.02,77310.03,0.01,77310.025,0.1367013928692597262894375143
BTC-USD,2026-08-28T20:33:44.540633Z,77310.02,77310.03,0.01,77310.025,0.1367013928692597262894375143
BTC-USD,2026-08-28T20:33:44.585212Z,77310.02,77310.03,0.01,77310.025,0.1367013928692597262894375143
BTC-USD,2026-08-28T20:33:44.633907Z,77310.02,77310.03,0.01,77310.025,0.1367013928692597262894375143
BTC-USD,2026-08-28T20:33:44.678635Z,77310.02,77310.03,0.01,77310.025,0.1367013928692597262894375143
BTC-USD,2026-08-28T20:33:44.705851Z,77310.02,77310.03,0.01,77310.025,0.1367013928692597262894375143
BTC-USD,2026-08-28T20:33:44.794989Z,77310.02,77310.03,0.01,77310.025,0.1367240340298596983577507482
BTC-USD,2026-08-28T20:33:44.832164Z,77310.02,77310.03,0.01,77310.025,0.1367240340298596983577507482
BTC-USD,2026-08-28T20:33:44.891399Z,77310.02,77310.03,0.01,77310.025,0.1367240340298596983577507482
BTC-USD,2026-08-28T20:33:44.933227Z,77310.02,77310.03,0.01,77310.025,0.1367240340298596983577507482
BTC-USD,2026-08-28T20:33:45.006002Z,77310.02,77310.03,0.01,77310.025,0.1367240340298596983577507482
BTC-USD,2026-08-28T20:33:45.083258Z,77310.02,77310.03,0.01,77310.025,0.1367240340298596983577507482
BTC-USD,2026-08-28T20:33:45.13631Z,77310.02,77310.03,0.01,77310.025,0.1367240340298596983577507482
BTC-USD,2026-08-28T20:33:45.178193Z,77310.02,77310.03,0.01,77310.025,0.1367240340298596983577507482
BTC-USD,2026-08-28T20:33:45.23863Z,77310.02,77310.03,0.01,77310.025,0.1367240340298596983577507482
BTC-USD,2026-08-28T20:33:45.285324Z,77310.02,77310.03,0.01,77310.025,0.1367240340298596983577507482
BTC-USD,2026-08-28T20:33:45.331096Z,77310.02,77310.03,0.01,77310.025,0.1367240340298596983577507482
BTC-USD,2026-08-28T20:33:45.401004Z,77310.02,77310.03,0.01,77310.025,0.1367240340298596983577507482
BTC-USD,2026-08-28T20:33:45.481981Z,77310.02,77310.03,0.01,77310.025,0.1367240340298596983577507482
BTC-USD,2026-08-28T20:33:45.542914Z,77310.02,77310.03,0.01,77310.025,0.1367240340298596983577507482
BTC-USD,2026-08-28T20:33:45.579078Z,77310.02,77310.03,0.01,77310.025,0.1367240340298596983577507482
BTC-USD,2026-08-28T20:33:45.648923Z,77310.02,77310.03,0.01,77310.025,0.1367240340298596983577507482
BTC-USD,2026-08-28T20:33:45.69983Z,77310.02,77310.03,0.01,77310.025,0.1367240340298596983577507482
BTC-USD,2026-08-28T20:33:45.755356Z,77310.02,77310.03,0.01,77310.025,0.1367240340298596983577507482
BTC-USD,2026-08-28T20:33:45.80425Z,77310.02,77310.03,0.01,77310.025,0.1438982688745642648500677245
BTC-USD,2026-08-28T20:33:45.843419Z,77310.02,77310.03,0.01,77310.025,0.1438982688745642648500677245
BTC-USD,2026-08-28T20:33:45.892436Z,77310.02,77310.03,0.01,77310.025,0.1438982688745642648500677245
BTC-USD,2026-08-28T20:33:45.952306Z,77310.02,77310.03,0.01,77310.025,0.1438982688745642648500677245
BTC-USD,2026-08-28T20:33:46.001171Z,77310.02,77310.03,0.01,77310.025,0.1438982688745642648500677245
BTC-USD,2026-08-28T20:33:46.038094Z,77310.02,77310.03,0.01,77310.025,0.1438982688745642648500677245
BTC-USD,2026-08-28T20:33:46.082103Z,77310.02,77310.03,0.01,77310.025,0.1438982688745642648500677245
BTC-USD,2026-08-28T20:33:46.144102Z,77310.02,77310.03,0.01,77310.025,0.1447039420028876881527667809
BTC-USD,2026-08-28T20:33:46.202179Z,77310.02,77310.03,0.01,77310.025,0.1447039420028876881527667809
BTC-USD,2026-08-28T20:33:46.244138Z,77310.02,77310.03,0.01,77310.025,0.1447039420028876881527667809
BTC-USD,2026-08-28T20:33:46.279115Z,77310.02,77310.03,0.01,77310.025,0.1447039420028876881527667809
BTC-USD,2026-08-28T20:33:46.317574Z,77310.02,77310.03,0.01,77310.025,0.1447252984418171258310391500
BTC-USD,2026-08-28T20:33:46.395988Z,77310.02,77310.03,0.01,77310.025,0.1447252984418171258310391500
BTC-USD,2026-08-28T20:33:46.435223Z,77310.02,77310.03,0.01,77310.025,0.1447252984418171258310391500
BTC-USD,2026-08-28T20:33:46.469771Z,77310.02,77310.03,0.01,77310.025,0.07353183691824629081037463579
BTC-USD,2026-08-28T20:33:46.539041Z,77310.02,77310.03,0.01,77310.025,-0.3852799837275367152646603024
BTC-USD,2026-08-28T20:33:46.591682Z,77310.02,77310.03,0.01,77310.025,-0.3852799837275367152646603024
BTC-USD,2026-08-28T20:33:46.63758Z,77310.02,77310.03,0.01,77310.025,-0.3852799837275367152646603024
BTC-USD,2026-08-28T20:33:46.703031Z,77310.02,77310.03,0.01,77310.025,-0.3852621932131894779932208383
BTC-USD,2026-08-28T20:33:46.744636Z,77310.02,77310.03,0.01,77310.025,-0.3852621932131894779932208383
BTC-USD,2026-08-28T20:33:46.787538Z,77310.02,77310.03,0.01,77310.025,-0.3852621932131894779932208383
BTC-USD,2026-08-28T20:33:46.812293Z,77310.02,77310.03,0.01,77310.025,-0.3914870676057088455137273927
BTC-USD,2026-08-28T20:33:46.891729Z,77310.02,77310.03,0.01,77310.025,-0.3852552929712393917661453007
BTC-USD,2026-08-28T20:33:46.940518Z,77310.02,77310.03,0.01,77310.025,-0.5491227911913589854398974613
BTC-USD,2026-08-28T20:33:46.979018Z,77310.02,77310.03,0.01,77310.025,-0.3852552929712393917661453007
BTC-USD,2026-08-28T20:33:47.031972Z,77310.02,77310.03,0.01,77310.025,-0.3852552929712393917661453007
BTC-USD,2026-08-28T20:33:47.076932Z,77310.02,77310.03,0.01,77310.025,-0.4421861614410008820404936616
BTC-USD,2026-08-28T20:33:47.127909Z,77310.02,77310.03,0.01,77310.025,-0.4421861614410008820404936616
BTC-USD,2026-08-28T20:33:47.178406Z,77310.02,77310.03,0.01,77310.025,-0.4421861614410008820404936616
BTC-USD,2026-08-28T20:33:47.203161Z,77310.02,77310.03,0.01,77310.025,-0.4421861614410008820404936616
BTC-USD,2026-08-28T20:33:47.273806Z,77310.02,77310.03,0.01,77310.025,-0.4421861614410008820404936616
BTC-USD,2026-08-28T20:33:47.322169Z,77310.02,77310.03,0.01,77310.025,-0.4421861614410008820404936616
BTC-USD,2026-08-28T20:33:47.353765Z,77310.02,77310.03,0.01,77310.025,-0.4421861614410008820404936616
BTC-USD,2026-08-28T20:33:47.400987Z,77310.02,77310.03,0.01,77310.025,-0.4421861614410008820404936616
BTC-USD,2026-08-28T20:33:47.440164Z,77310.02,77310.03,0.01,77310.025,-0.4421861614410008820404936616
BTC-USD,2026-08-28T20:33:47.505534Z,77310.02,77310.03,0.01,77310.025,-0.4421861614410008820404936616
BTC-USD,2026-08-28T20:33:47.568126Z,77310.02,77310.03,0.01,77310.025,-0.4413991184494253401665156795
BTC-USD,2026-08-28T20:33:47.622759Z,77310.02,77310.03,0.01,77310.025,-0.5804421303496381510166519726
BTC-USD,2026-08-28T20:33:47.686465Z,77310.02,77310.03,0.01,77310.025,-0.5803134454018467503209310450
BTC-USD,2026-08-28T20:33:47.732384Z,77310.02,77310.03,0.01,77310.025,-0.5803134454018467503209310450
BTC-USD,2026-08-28T20:33:47.776596Z,77310.02,77310.03,0.01,77310.025,-0.5803134454018467503209310450
BTC-USD,2026-08-28T20:33:47.886273Z,77310.02,77310.03,0.01,77310.025,-0.5803134454018467503209310450
BTC-USD,2026-08-28T20:33:47.928873Z,77310.02,77310.03,0.01,77310.025,-0.5803134454018467503209310450
BTC-USD,2026-08-28T20:33:47.967948Z,77306.58,77306.59,0.01,77306.585,0.6020577556961775617030840797
BTC-USD,2026-08-28T20:33:47.991028Z,77306.58,77306.59,0.01,77306.585,-0.3470252173317899073244181783
BTC-USD,2026-08-28T20:33:48.089981Z,77306.58,77306.59,0.01,77306.585,-0.6993822035228756321948590928
BTC-USD,2026-08-28T20:33:48.172603Z,77306.58,77306.59,0.01,77306.585,-0.4854369266933756672055552833
BTC-USD,2026-08-28T20:33:48.22172Z,77306.58,77306.59,0.01,77306.585,-0.6063629168539532024148952372
BTC-USD,2026-08-28T20:33:48.271993Z,77306.58,77306.59,0.01,77306.585,-0.2876031303470082883067411784
BTC-USD,2026-08-28T20:33:48.325355Z,77306.58,77306.59,0.01,77306.585,-0.2876031303470082883067411784
BTC-USD,2026-08-28T20:33:48.374863Z,77306.58,77306.59,0.01,77306.585,-0.1379328448387957177092779194
BTC-USD,2026-08-28T20:33:48.436894Z,77306.58,77306.59,0.01,77306.585,-0.1379328448387957177092779194
BTC-USD,2026-08-28T20:33:48.479158Z,77306.58,77306.59,0.01,77306.585,-0.1379328448387957177092779194
BTC-USD,2026-08-28T20:33:48.54885Z,77306.58,77306.59,0.01,77306.585,-0.1337143560646795112943697091
BTC-USD,2026-08-28T20:33:48.588204Z,77306.58,77306.59,0.01,77306.585,-0.1337143560646795112943697091
BTC-USD,2026-08-28T20:33:48.605691Z,77306.58,77306.59,0.01,77306.585,-0.1337143560646795112943697091
BTC-USD,2026-08-28T20:33:48.673883Z,77306.58,77306.59,0.01,77306.585,-0.1337143560646795112943697091
BTC-USD,2026-08-28T20:33:48.721246Z,77306.58,77306.59,0.01,77306.585,-0.1337143560646795112943697091
BTC-USD,2026-08-28T20:33:48.766933Z,77306.58,77306.59,0.01,77306.585,-0.1337143560646795112943697091
BTC-USD,2026-08-28T20:33:48.81648Z,77306.58,77306.59,0.01,77306.585,-0.1337143560646795112943697091
BTC-USD,2026-08-28T20:33:48.870143Z,77306.58,77306.59,0.01,77306.585,-0.1337143560646795112943697091
BTC-USD,2026-08-28T20:33:48.893106Z,77306.58,77306.59,0.01,77306.585,-0.1337143560646795112943697091
BTC-USD,2026-08-28T20:33:48.989747Z,77306.58,77306.59,0.01,77306.585,-0.1337143560646795112943697091
BTC-USD,2026-08-28T20:33:49.051394Z,77306.58,77306.59,0.01,77306.585,-0.1337143560646795112943697091
BTC-USD,2026-08-28T20:33:49.095662Z,77306.58,77306.59,0.01,77306.585,-0.1337143560646795112943697091
BTC-USD,2026-08-28T20:33:49.147387Z,77306.58,77306.59,0.01,77306.585,-0.1337143560646795112943697091
BTC-USD,2026-08-28T20:33:49.185045Z,77306.58,77306.59,0.01,77306.585,-0.1337143560646795112943697091
BTC-USD,2026-08-28T20:33:49.220701Z,77306.58,77306.59,0.01,77306.585,-0.1337143560646795112943697091
BTC-USD,2026-08-28T20:33:49.296472Z,77306.58,77306.59,0.01,77306.585,-0.1337143560646795112943697091
BTC-USD,2026-08-28T20:33:49.307376Z,77306.58,77306.59,0.01,77306.585,-0.1337143560646795112943697091
BTC-USD,2026-08-28T20:33:49.377319Z,77306.58,77306.59,0.01,77306.585,-0.1337143560646795112943697091
BTC-USD,2026-08-28T20:33:49.424135Z,77306.58,77306.59,0.01,77306.585,-0.1337143560646795112943697091
BTC-USD,2026-08-28T20:33:49.492463Z,77306.58,77306.59,0.01,77306.585,-0.1337143560646795112943697091
BTC-USD,2026-08-28T20:33:49.552406Z,77306.58,77306.59,0.01,77306.585,-0.1337143560646795112943697091
BTC-USD,2026-08-28T20:33:49.591077Z,77306.58,77306.59,0.01,77306.585,-0.1337143560646795112943697091
BTC-USD,2026-08-28T20:33:49.637459Z,77306.58,77306.59,0.01,77306.585,-0.04314397689188154628131258922
BTC-USD,2026-08-28T20:33:49.690302Z,77306.58,77306.59,0.01,77306.585,-0.04218319721614552113949061906
BTC-USD,2026-08-28T20:33:49.731707Z,77306.58,77306.59,0.01,77306.585,-0.04218319721614552113949061906
BTC-USD,2026-08-28T20:33:49.773504Z,77306.58,77306.59,0.01,77306.585,-0.04218319721614552113949061906
BTC-USD,2026-08-28T20:33:49.839722Z,77306.58,77306.59,0.01,77306.585,-0.04218319721614552113949061906
BTC-USD,2026-08-28T20:33:49.881564Z,77306.58,77306.59,0.01,77306.585,-0.04218319721614552113949061906
BTC-USD,2026-08-28T20:33:49.901322Z,77306.58,77306.59,0.01,77306.585,-0.04218319721614552113949061906
BTC-USD,2026-08-28T20:33:49.992233Z,77306.58,77306.59,0.01,77306.585,-0.04218319721614552113949061906
BTC-USD,2026-08-28T20:33:50.01676Z,77306.58,77306.59,0.01,77306.585,-0.04218319721614552113949061906
BTC-USD,2026-08-28T20:33:50.092369Z,77306.58,77306.59,0.01,77306.585,-0.04218319721614552113949061906
BTC-USD,2026-08-28T20:33:50.112414Z,77306.58,77306.59,0.01,77306.585,-0.04218319721614552113949061906
BTC-USD,2026-08-28T20:33:50.173005Z,77306.58,77306.59,0.01,77306.585,-0.04218319721614552113949061906
BTC-USD,2026-08-28T20:33:50.245135Z,77306.58,77307.75,1.17,77307.165,-0.4265074540363502681090345262
BTC-USD,2026-08-28T20:33:50.284241Z,77307.47,77307.48,0.01,77307.475,-0.02809890775437014770837400010
BTC-USD,2026-08-28T20:33:50.352193Z,77307.47,77307.48,0.01,77307.475,-0.02809890775437014770837400010
BTC-USD,2026-08-28T20:33:50.40027Z,77307.73,77307.74,0.01,77307.735,-0.09109977697332489037803643253
BTC-USD,2026-08-28T20:33:50.432293Z,77307.73,77307.74,0.01,77307.735,-0.08203409954539998958752298766
BTC-USD,2026-08-28T20:33:50.44949Z,77307.73,77307.74,0.01,77307.735,-0.08203409954539998958752298766
BTC-USD,2026-08-28T20:33:50.473338Z,77307.73,77307.74,0.01,77307.735,-0.08203409954539998958752298766
BTC-USD,2026-08-28T20:33:50.595082Z,77307.73,77307.74,0.01,77307.735,0.1130612033884535564729950296
BTC-USD,2026-08-28T20:33:50.633199Z,77307.73,77307.74,0.01,77307.735,0.1130612033884535564729950296
BTC-USD,2026-08-28T20:33:50.685625Z,77307.73,77307.74,0.01,77307.735,0.1130612033884535564729950296
BTC-USD,2026-08-28T20:33:50.736328Z,77307.73,77307.74,0.01,77307.735,0.1130612033884535564729950296
BTC-USD,2026-08-28T20:33:50.800974Z,77307.73,77307.74,0.01,77307.735,0.1130609538470606630704811058
BTC-USD,2026-08-28T20:33:50.851373Z,77307.73,77307.74,0.01,77307.735,0.1130609538470606630704811058
BTC-USD,2026-08-28T20:33:50.896569Z,77307.73,77307.74,0.01,77307.735,0.1130609538470606630704811058
BTC-USD,2026-08-28T20:33:50.994064Z,77307.73,77307.74,0.01,77307.735,0.1130609538470606630704811058
BTC-USD,2026-08-28T20:33:51.027385Z,77307.73,77307.74,0.01,77307.735,0.1130609538470606630704811058
BTC-USD,2026-08-28T20:33:51.076281Z,77307.73,77307.74,0.01,77307.735,0.1130609538470606630704811058
BTC-USD,2026-08-28T20:33:51.124545Z,77307.73,77307.74,0.01,77307.735,0.1130609538470606630704811058
BTC-USD,2026-08-28T20:33:51.190278Z,77307.73,77307.74,0.01,77307.735,0.1198533593265466778120070190
BTC-USD,2026-08-28T20:33:51.239304Z,77307.73,77307.74,0.01,77307.735,0.1198533593265466778120070190
BTC-USD,2026-08-28T20:33:51.292894Z,77307.73,77307.74,0.01,77307.735,0.1198533593265466778120070190
BTC-USD,2026-08-28T20:33:51.34116Z,77307.73,77307.74,0.01,77307.735,0.1198909365748044070145656454
BTC-USD,2026-08-28T20:33:51.387913Z,77307.73,77307.74,0.01,77307.735,0.08420506517792142213442319800
BTC-USD,2026-08-28T20:33:51.429225Z,77307.73,77307.74,0.01,77307.735,0.08420506517792142213442319800
BTC-USD,2026-08-28T20:33:51.478256Z,77307.73,77307.74,0.01,77307.735,-0.3103387422928586008653148356
BTC-USD,2026-08-28T20:33:51.540191Z,77307.73,77307.74,0.01,77307.735,-0.3113884056659275014707878898
BTC-USD,2026-08-28T20:33:51.592972Z,77307.73,77307.74,0.01,77307.735,-0.3113884056659275014707878898
BTC-USD,2026-08-28T20:33:51.612545Z,77307.73,77307.74,0.01,77307.735,-0.3113884056659275014707878898
BTC-USD,2026-08-28T20:33:51.687017Z,77307.73,77307.74,0.01,77307.735,0.1414745958716808023846224177
BTC-USD,2026-08-28T20:33:51.750162Z,77307.73,77307.74,0.01,77307.735,0.1428052908731075002182529919
BTC-USD,2026-08-28T20:33:51.801066Z,77307.73,77307.74,0.01,77307.735,0.1428052908731075002182529919
BTC-USD,2026-08-28T20:33:51.826945Z,77307.73,77307.74,0.01,77307.735,0.1428052908731075002182529919
BTC-USD,2026-08-28T20:33:51.887846Z,77307.73,77307.74,0.01,77307.735,0.2082847298520975089406318793
BTC-USD,2026-08-28T20:33:51.930484Z,77307.73,77307.74,0.01,77307.735,0.2082847298520975089406318793
BTC-USD,2026-08-28T20:33:51.99036Z,77307.73,77307.74,0.01,77307.735,0.008467179539220604654324259181
BTC-USD,2026-08-28T20:33:52.040179Z,77307.73,77307.74,0.01,77307.735,0.008467179539220604654324259181
BTC-USD,2026-08-28T20:33:52.085945Z,77307.73,77307.74,0.01,77307.735,0.2082847298520975089406318793
BTC-USD,2026-08-28T20:33:52.141706Z,77307.73,77307.74,0.01,77307.735,0.2082847298520975089406318793
BTC-USD,2026-08-28T20:33:52.183336Z,77307.73,77307.74,0.01,77307.735,0.2082847298520975089406318793
BTC-USD,2026-08-28T20:33:52.249708Z,77307.73,77307.74,0.01,77307.735,0.2082847298520975089406318793
BTC-USD,2026-08-28T20:33:52.289127Z,77307.73,77307.74,0.01,77307.735,0.2082847298520975089406318793
BTC-USD,2026-08-28T20:33:52.334778Z,77307.73,77307.74,0.01,77307.735,0.2083272008227865268261578884
BTC-USD,2026-08-28T20:33:52.405793Z,77307.73,77307.74,0.01,77307.735,0.2083272008227865268261578884
BTC-USD,2026-08-28T20:33:52.452825Z,77307.73,77307.74,0.01,77307.735,-0.6167953028853705833673754710
BTC-USD,2026-08-28T20:33:52.487447Z,77307.73,77307.74,0.01,77307.735,-0.9157964675940895469533678345
BTC-USD,2026-08-28T20:33:52.537162Z,77307.73,77307.74,0.01,77307.735,-0.9983210296273436638798889217
BTC-USD,2026-08-28T20:33:52.581902Z,77307.73,77307.74,0.01,77307.735,-0.8318427419855898104690366852
BTC-USD,2026-08-28T20:33:52.633296Z,77307.73,77307.74,0.01,77307.735,-0.7537215898199505611888801107
BTC-USD,2026-08-28T20:33:52.693705Z,77307.73,77307.74,0.01,77307.735,-0.7537215898199505611888801107
BTC-USD,2026-08-28T20:33:52.716647Z,77307.73,77307.74,0.01,77307.735,-0.7537215898199505611888801107
BTC-USD,2026-08-28T20:33:52.791266Z,77307.73,77307.74,0.01,77307.735,-0.7537215898199505611888801107
BTC-USD,2026-08-28T20:33:52.826576Z,77307.73,77307.74,0.01,77307.735,-0.7537215898199505611888801107
BTC-USD,2026-08-28T20:33:52.867011Z,77307.73,77307.74,0.01,77307.735,-0.7017722104953782333997028161
BTC-USD,2026-08-28T20:33:52.929319Z,77307.73,77307.74,0.01,77307.735,-0.6863600671032987541239951767
BTC-USD,2026-08-28T20:33:52.968743Z,77307.73,77307.74,0.01,77307.735,-0.6863465403257001315671680449
BTC-USD,2026-08-28T20:33:52.988449Z,77307.73,77307.74,0.01,77307.735,-0.6863465403257001315671680449
BTC-USD,2026-08-28T20:33:53.075107Z,77307.73,77307.74,0.01,77307.735,-0.7017670857363854173026345410
BTC-USD,2026-08-28T20:33:53.126313Z,77307.73,77307.74,0.01,77307.735,-0.7017670857363854173026345410
BTC-USD,2026-08-28T20:33:53.17298Z,77307.73,77307.74,0.01,77307.735,-0.6863105918363372512067593966
BTC-USD,2026-08-28T20:33:53.238685Z,77307.73,77307.74,0.01,77307.735,-0.6863105918363372512067593966
BTC-USD,2026-08-28T20:33:53.290911Z,77307.73,77307.74,0.01,77307.735,-0.6863105918363372512067593966
BTC-USD,2026-08-28T20:33:53.344411Z,77307.73,77307.74,0.01,77307.735,-0.6859926205198312498363408125
BTC-USD,2026-08-28T20:33:53.388221Z,77307.73,77307.74,0.01,77307.735,-0.6199287699952250862138832756
BTC-USD,2026-08-28T20:33:53.437568Z,77307.73,77307.74,0.01,77307.735,-0.8605269120150434370484444617
BTC-USD,2026-08-28T20:33:53.537323Z,77307.73,77307.74,0.01,77307.735,-0.8291852690522660773954566349
BTC-USD,2026-08-28T20:33:53.561694Z,77307.73,77307.74,0.01,77307.735,-0.8292012888128566404100743298
BTC-USD,2026-08-28T20:33:53.661758Z,77307.73,77307.74,0.01,77307.735,-0.8605250611568527480412409412
BTC-USD,2026-08-28T20:33:53.739221Z,77307.73,77307.74,0.01,77307.735,-0.8650653848278394227411779798
BTC-USD,2026-08-28T20:33:53.784654Z,77307.73,77307.74,0.01,77307.735,-0.8650537742360520850356211760
BTC-USD,2026-08-28T20:33:53.849094Z,77307.73,77307.74,0.01,77307.735,-0.8503752296780541505051958553
BTC-USD,2026-08-28T20:33:53.882875Z,77307.73,77307.74,0.01,77307.735,-0.8503752296780541505051958553
BTC-USD,2026-08-28T20:33:53.938301Z,77307.73,77307.74,0.01,77307.735,-0.8650108476950327532330869769
BTC-USD,2026-08-28T20:33:53.976998Z,77307.73,77307.74,0.01,77307.735,-0.8503752296780541505051958553
BTC-USD,2026-08-28T20:33:54.023059Z,77307.73,77307.74,0.01,77307.735,-0.7373055149025280495231189366
BTC-USD,2026-08-28T20:33:54.069358Z,77307.73,77307.74,0.01,77307.735,-0.8503752296780541505051958553
BTC-USD,2026-08-28T20:33:54.139923Z,77307.73,77307.74,0.01,77307.735,-0.7373055149025280495231189366
BTC-USD,2026-08-28T20:33:54.178889Z,77307.73,77307.74,0.01,77307.735,-0.7524334106894613706160628941
BTC-USD,2026-08-28T20:33:54.220985Z,77307.73,77307.74,0.01,77307.735,-0.7523559479218937295884160098
BTC-USD,2026-08-28T20:33:54.289864Z,77307.73,77307.74,0.01,77307.735,-0.7523559479218937295884160098
BTC-USD,2026-08-28T20:33:54.324027Z,77307.73,77307.74,0.01,77307.735,-0.7523559479218937295884160098
BTC-USD,2026-08-28T20:33:54.392931Z,77307.73,77307.74,0.01,77307.735,-0.7523559479218937295884160098
BTC-USD,2026-08-28T20:33:54.437466Z,77307.73,77307.74,0.01,77307.735,-0.7523559479218937295884160098
BTC-USD,2026-08-28T20:33:54.463601Z,77307.73,77307.74,0.01,77307.735,-0.7523559479218937295884160098
BTC-USD,2026-08-28T20:33:54.542964Z,77307.73,77307.74,0.01,77307.735,-0.7983324196977545416122206123
BTC-USD,2026-08-28T20:33:54.588624Z,77307.73,77307.74,0.01,77307.735,-0.7983324196977545416122206123
BTC-USD,2026-08-28T20:33:54.636147Z,77307.73,77307.74,0.01,77307.735,-0.8064891838765629369959463817
BTC-USD,2026-08-28T20:33:54.654461Z,77307.73,77307.74,0.01,77307.735,-0.8064891838765629369959463817
BTC-USD,2026-08-28T20:33:54.717436Z,77307.73,77307.74,0.01,77307.735,-0.8064891838765629369959463817
BTC-USD,2026-08-28T20:33:54.776057Z,77307.73,77307.74,0.01,77307.735,-0.8064891838765629369959463817
BTC-USD,2026-08-28T20:33:54.823102Z,77307.73,77307.74,0.01,77307.735,-0.8064891838765629369959463817
BTC-USD,2026-08-28T20:33:54.881211Z,77307.73,77307.74,0.01,77307.735,-0.8064891838765629369959463817
BTC-USD,2026-08-28T20:33:54.899048Z,77307.73,77307.74,0.01,77307.735,-0.8064891838765629369959463817
BTC-USD,2026-08-28T20:33:55.038152Z,77307.73,77307.74,0.01,77307.735,-0.8064891838765629369959463817
BTC-USD,2026-08-28T20:33:55.086303Z,77307.73,77307.74,0.01,77307.735,-0.7879250406358701254859776997
BTC-USD,2026-08-28T20:33:55.140578Z,77307.73,77307.74,0.01,77307.735,-0.7840936057112909849671113543
BTC-USD,2026-08-28T20:33:55.184754Z,77307.73,77307.74,0.01,77307.735,-0.7840936057112909849671113543
BTC-USD,2026-08-28T20:33:55.23785Z,77307.73,77307.75,0.02,77307.74,-0.3715672415677597108028139543
BTC-USD,2026-08-28T20:33:55.283377Z,77307.73,77307.93,0.20,77307.83,-0.2744782070374291067849066231
BTC-USD,2026-08-28T20:33:55.347933Z,77307.73,77307.74,0.01,77307.735,-0.1732452602583495048560429389
BTC-USD,2026-08-28T20:33:55.400151Z,77307.73,77307.74,0.01,77307.735,-0.1732452602583495048560429389
BTC-USD,2026-08-28T20:33:55.490733Z,77307.73,77307.74,0.01,77307.735,-0.3113722756675226895402067191
BTC-USD,2026-08-28T20:33:55.525937Z,77307.73,77307.74,0.01,77307.735,-0.1732452602583495048560429389
BTC-USD,2026-08-28T20:33:55.58917Z,77307.73,77307.74,0.01,77307.735,-0.1732452602583495048560429389
BTC-USD,2026-08-28T20:33:55.646581Z,77307.73,77307.74,0.01,77307.735,-0.1732452602583495048560429389
BTC-USD,2026-08-28T20:33:55.681905Z,77307.73,77307.74,0.01,77307.735,-0.1732452602583495048560429389
BTC-USD,2026-08-28T20:33:55.710858Z,77307.73,77307.74,0.01,77307.735,-0.1732452602583495048560429389
BTC-USD,2026-08-28T20:33:55.784563Z,77307.73,77307.74,0.01,77307.735,-0.1732452602583495048560429389
BTC-USD,2026-08-28T20:33:55.814606Z,77307.73,77307.74,0.01,77307.735,-0.1732452602583495048560429389
BTC-USD,2026-08-28T20:33:55.892183Z,77307.75,77307.76,0.01,77307.755,-0.7527317107359632505722457008
BTC-USD,2026-08-28T20:33:55.936192Z,77307.75,77307.76,0.01,77307.755,-0.7527317107359632505722457008
BTC-USD,2026-08-28T20:33:55.994237Z,77307.73,77307.76,0.03,77307.745,-0.7628160644019753036952059661
BTC-USD,2026-08-28T20:33:56.084553Z,77307.73,77307.76,0.03,77307.745,-0.7628160644019753036952059661
BTC-USD,2026-08-28T20:33:56.149311Z,77307.73,77307.76,0.03,77307.745,-0.7402801378156811447982936445
BTC-USD,2026-08-28T20:33:56.192258Z,77307.73,77307.76,0.03,77307.745,-0.7402801378156811447982936445
BTC-USD,2026-08-28T20:33:56.227337Z,77307.73,77307.76,0.03,77307.745,-0.7402801378156811447982936445
BTC-USD,2026-08-28T20:33:56.273036Z,77307.73,77307.76,0.03,77307.745,-0.7402801378156811447982936445
BTC-USD,2026-08-28T20:33:56.323996Z,77307.73,77307.76,0.03,77307.745,-0.7375028625777363595688858649
BTC-USD,2026-08-28T20:33:56.375384Z,77307.73,77307.76,0.03,77307.745,-0.7375028625777363595688858649
BTC-USD,2026-08-28T20:33:56.418504Z,77307.75,77307.76,0.01,77307.755,-0.7265092397795652703935113698
BTC-USD,2026-08-28T20:33:56.488386Z,77307.75,77307.76,0.01,77307.755,-0.7265092397795652703935113698
BTC-USD,2026-08-28T20:33:56.52391Z,77307.73,77307.76,0.03,77307.745,-0.7375028625777363595688858649
BTC-USD,2026-08-28T20:33:56.593587Z,77307.73,77307.76,0.03,77307.745,-0.7375028625777363595688858649
BTC-USD,2026-08-28T20:33:56.650643Z,77307.73,77307.76,0.03,77307.745,-0.7375026236872566444750503372
BTC-USD,2026-08-28T20:33:56.678012Z,77307.73,77307.74,0.01,77307.735,-0.7425798941810961545498291049
BTC-USD,2026-08-28T20:33:56.746538Z,77307.73,77307.74,0.01,77307.735,-0.7425798941810961545498291049
BTC-USD,2026-08-28T20:33:56.783237Z,77307.73,77307.74,0.01,77307.735,-0.7425798941810961545498291049
BTC-USD,2026-08-28T20:33:56.851309Z,77307.73,77307.74,0.01,77307.735,-0.7425798941810961545498291049
BTC-USD,2026-08-28T20:33:56.89135Z,77307.75,77307.76,0.01,77307.755,-0.7265074950311666696440383976
BTC-USD,2026-08-28T20:33:56.935623Z,77307.75,77307.76,0.01,77307.755,-0.7265074950311666696440383976
BTC-USD,2026-08-28T20:33:56.992966Z,77307.75,77307.76,0.01,77307.755,-0.7265074950311666696440383976
BTC-USD,2026-08-28T20:33:57.035016Z,77307.75,77307.76,0.01,77307.755,-0.7265074950311666696440383976
BTC-USD,2026-08-28T20:33:57.090665Z,77307.75,77307.76,0.01,77307.755,-0.7293829875871361217591868729
BTC-USD,2026-08-28T20:33:57.134755Z,77307.75,77307.76,0.01,77307.755,-0.7293829875871361217591868729
BTC-USD,2026-08-28T20:33:57.185402Z,77307.75,77307.76,0.01,77307.755,-0.7527936181640552614466175326
BTC-USD,2026-08-28T20:33:57.243063Z,77307.75,77307.76,0.01,77307.755,-0.7527936181640552614466175326
BTC-USD,2026-08-28T20:33:57.285711Z,77307.75,77307.76,0.01,77307.755,-0.7527936181640552614466175326
BTC-USD,2026-08-28T20:33:57.333961Z,77307.75,77307.76,0.01,77307.755,-0.7527936181640552614466175326
BTC-USD,2026-08-28T20:33:57.400679Z,77307.75,77307.76,0.01,77307.755,-0.7527936181640552614466175326
BTC-USD,2026-08-28T20:33:57.43433Z,77307.75,77307.76,0.01,77307.755,-0.7527936181640552614466175326
BTC-USD,2026-08-28T20:33:57.495022Z,77307.75,77307.76,0.01,77307.755,-0.7527936181640552614466175326
BTC-USD,2026-08-28T20:33:57.533636Z,77307.75,77307.76,0.01,77307.755,-0.7527933977292614540511711405
BTC-USD,2026-08-28T20:33:57.59146Z,77307.75,77307.76,0.01,77307.755,-0.7744712841143003574438977647
BTC-USD,2026-08-28T20:33:57.645956Z,77307.75,77307.76,0.01,77307.755,-0.7744712841143003574438977647
BTC-USD,2026-08-28T20:33:57.699752Z,77307.75,77307.76,0.01,77307.755,-0.7744712841143003574438977647
BTC-USD,2026-08-28T20:33:57.712332Z,77307.75,77307.76,0.01,77307.755,-0.7744712841143003574438977647
BTC-USD,2026-08-28T20:33:57.775992Z,77307.75,77307.76,0.01,77307.755,-0.7744712841143003574438977647
BTC-USD,2026-08-28T20:33:57.850888Z,77307.75,77307.76,0.01,77307.755,-0.7744712841143003574438977647
BTC-USD,2026-08-28T20:33:57.884515Z,77307.75,77307.76,0.01,77307.755,-0.7744712841143003574438977647
BTC-USD,2026-08-28T20:33:57.950956Z,77307.75,77307.76,0.01,77307.755,-0.7744712841143003574438977647
BTC-USD,2026-08-28T20:33:57.990332Z,77307.75,77307.76,0.01,77307.755,-0.7744712841143003574438977647
BTC-USD,2026-08-28T20:33:58.03231Z,77307.75,77307.76,0.01,77307.755,-0.7744712841143003574438977647
BTC-USD,2026-08-28T20:33:58.094245Z,77307.73,77307.76,0.03,77307.745,-0.7837783464968063101911395824
BTC-USD,2026-08-28T20:33:58.110458Z,77307.73,77307.76,0.03,77307.745,-0.7837783464968063101911395824
BTC-USD,2026-08-28T20:33:58.188196Z,77307.73,77307.76,0.03,77307.745,-0.7837783464968063101911395824
BTC-USD,2026-08-28T20:33:58.235318Z,77307.73,77307.76,0.03,77307.745,-0.7837783464968063101911395824
BTC-USD,2026-08-28T20:33:58.295696Z,77307.73,77307.76,0.03,77307.745,-0.7837783464968063101911395824
BTC-USD,2026-08-28T20:33:58.314203Z,77307.73,77307.76,0.03,77307.745,-0.7837783464968063101911395824
BTC-USD,2026-08-28T20:33:58.379234Z,77307.73,77307.76,0.03,77307.745,-0.7837673331499119366720102749
BTC-USD,2026-08-28T20:33:58.449476Z,77307.73,77307.76,0.03,77307.745,-0.7837673331499119366720102749
BTC-USD,2026-08-28T20:33:58.554836Z,77307.73,77307.76,0.03,77307.745,-0.7837673331499119366720102749
BTC-USD,2026-08-28T20:33:58.635045Z,77307.73,77307.76,0.03,77307.745,-0.7837671563210551636928267757
BTC-USD,2026-08-28T20:33:58.701298Z,77307.73,77307.75,0.02,77307.74,-0.7628633633688899831843008733
BTC-USD,2026-08-28T20:33:58.744088Z,77307.73,77307.75,0.02,77307.74,-0.7628633633688899831843008733
BTC-USD,2026-08-28T20:33:58.788486Z,77307.73,77307.74,0.01,77307.735,-0.2274513395897213623286028776
BTC-USD,2026-08-28T20:33:58.840867Z,77307.73,77307.74,0.01,77307.735,-0.3396419202502803393620855729
BTC-USD,2026-08-28T20:33:58.894626Z,77307.73,77307.74,0.01,77307.735,-0.3396419202502803393620855729
BTC-USD,2026-08-28T20:33:58.955033Z,77307.73,77307.74,0.01,77307.735,-0.3396419202502803393620855729
BTC-USD,2026-08-28T20:33:59.03278Z,77307.73,77307.74,0.01,77307.735,-0.5968480809370047218007528461
BTC-USD,2026-08-28T20:33:59.151763Z,77307.73,77307.74,0.01,77307.735,-0.5968480809370047218007528461
BTC-USD,2026-08-28T20:33:59.198516Z,77307.73,77307.74,0.01,77307.735,-0.5968480809370047218007528461
BTC-USD,2026-08-28T20:33:59.239231Z,77307.73,77307.74,0.01,77307.735,-0.5968480809370047218007528461
BTC-USD,2026-08-28T20:33:59.298829Z,77307.73,77307.74,0.01,77307.735,-0.6119321211575002440874509009
BTC-USD,2026-08-28T20:33:59.348737Z,77307.73,77307.74,0.01,77307.735,-0.5489177121369050509561135033
BTC-USD,2026-08-28T20:33:59.384494Z,77307.73,77307.74,0.01,77307.735,-0.8535982211514898652042509053
BTC-USD,2026-08-28T20:33:59.442399Z,77307.73,77307.74,0.01,77307.735,-0.7041415534265389918388276030
BTC-USD,2026-08-28T20:33:59.474472Z,77307.73,77307.74,0.01,77307.735,-0.7041415534265389918388276030
BTC-USD,2026-08-28T20:33:59.518125Z,77307.73,77307.74,0.01,77307.735,-0.7041415534265389918388276030
BTC-USD,2026-08-28T20:33:59.597598Z,77307.73,77307.74,0.01,77307.735,-0.7041415534265389918388276030
BTC-USD,2026-08-28T20:33:59.656031Z,77307.73,77307.74,0.01,77307.735,-0.7041415534265389918388276030
BTC-USD,2026-08-28T20:33:59.692457Z,77307.73,77307.74,0.01,77307.735,-0.7041415534265389918388276030
BTC-USD,2026-08-28T20:33:59.748944Z,77307.73,77307.74,0.01,77307.735,-0.7041415534265389918388276030
BTC-USD,2026-08-28T20:33:59.797592Z,77307.73,77307.74,0.01,77307.735,-0.7041415534265389918388276030
BTC-USD,2026-08-28T20:33:59.83729Z,77307.73,77307.74,0.01,77307.735,-0.9038682669967753419590856908
BTC-USD,2026-08-28T20:33:59.896444Z,77307.73,77307.74,0.01,77307.735,-0.8846551257189571876526084672
BTC-USD,2026-08-28T20:33:59.94454Z,77307.73,77307.74,0.01,77307.735,-0.8846551257189571876526084672
BTC-USD,2026-08-28T20:33:59.982407Z,77307.73,77307.74,0.01,77307.735,-0.9106130955574785581714370955
BTC-USD,2026-08-28T20:34:00.024225Z,77307.73,77307.74,0.01,77307.735,-0.9106130955574785581714370955
BTC-USD,2026-08-28T20:34:00.091703Z,77307.73,77307.74,0.01,77307.735,-0.9106130955574785581714370955
BTC-USD,2026-08-28T20:34:00.13948Z,77307.73,77307.74,0.01,77307.735,-0.9106130955574785581714370955
BTC-USD,2026-08-28T20:34:00.194151Z,77307.73,77307.74,0.01,77307.735,-0.8921032508355482812555472153
BTC-USD,2026-08-28T20:34:00.227777Z,77307.73,77307.74,0.01,77307.735,-0.8921032508355482812555472153
BTC-USD,2026-08-28T20:34:00.291303Z,77307.73,77307.74,0.01,77307.735,-0.9100463177693566030995651328
BTC-USD,2026-08-28T20:34:00.31882Z,77307.73,77307.74,0.01,77307.735,-0.9100463177693566030995651328
BTC-USD,2026-08-28T20:34:00.373484Z,77307.73,77307.74,0.01,77307.735,-0.9100463177693566030995651328
BTC-USD,2026-08-28T20:34:00.398022Z,77307.73,77307.74,0.01,77307.735,-0.9100463177693566030995651328
BTC-USD,2026-08-28T20:34:00.475784Z,77307.73,77307.74,0.01,77307.735,-0.9100463177693566030995651328
BTC-USD,2026-08-28T20:34:00.541734Z,77307.73,77307.74,0.01,77307.735,-0.9100463177693566030995651328
BTC-USD,2026-08-28T20:34:00.576301Z,77307.73,77307.74,0.01,77307.735,-0.9100463177693566030995651328
BTC-USD,2026-08-28T20:34:00.622334Z,77307.73,77307.74,0.01,77307.735,-0.9670663143755888586329640098
BTC-USD,2026-08-28T20:34:00.671445Z,77307.73,77307.74,0.01,77307.735,-0.9731578482133042389635082904
BTC-USD,2026-08-28T20:34:00.769497Z,77307.73,77307.74,0.01,77307.735,-0.9731578482133042389635082904
BTC-USD,2026-08-28T20:34:00.816671Z,77307.73,77307.74,0.01,77307.735,-0.9731578383792526783498445878
BTC-USD,2026-08-28T20:34:00.924325Z,77307.73,77307.74,0.01,77307.735,-0.8834975540075666965212732138
BTC-USD,2026-08-28T20:34:00.979079Z,77307.73,77307.74,0.01,77307.735,-0.8834975540075666965212732138
BTC-USD,2026-08-28T20:34:01.028568Z,77307.73,77307.74,0.01,77307.735,-0.8834975540075666965212732138
BTC-USD,2026-08-28T20:34:01.058157Z,77307.73,77307.74,0.01,77307.735,-0.8834975540075666965212732138
BTC-USD,2026-08-28T20:34:01.134757Z,77307.73,77307.74,0.01,77307.735,-0.9696039400150543259452645228
BTC-USD,2026-08-28T20:34:01.184867Z,77307.73,77307.74,0.01,77307.735,-0.9696039400150543259452645228
BTC-USD,2026-08-28T20:34:01.214367Z,77307.73,77307.74,0.01,77307.735,-0.9696039400150543259452645228
BTC-USD,2026-08-28T20:34:01.266815Z,77307.73,77307.74,0.01,77307.735,-0.9696039400150543259452645228
BTC-USD,2026-08-28T20:34:01.325283Z,77307.73,77307.74,0.01,77307.735,-0.9696039400150543259452645228
BTC-USD,2026-08-28T20:34:01.374579Z,77307.73,77307.74,0.01,77307.735,-0.9696039400150543259452645228
BTC-USD,2026-08-28T20:34:01.422698Z,77307.73,77307.74,0.01,77307.735,-0.9696039400150543259452645228
BTC-USD,2026-08-28T20:34:01.572665Z,77307.73,77307.74,0.01,77307.735,-0.9696039400150543259452645228
BTC-USD,2026-08-28T20:34:01.621487Z,77307.73,77307.74,0.01,77307.735,-0.9696039400150543259452645228
BTC-USD,2026-08-28T20:34:01.664225Z,77307.73,77307.74,0.01,77307.735,-0.9696039400150543259452645228
BTC-USD,2026-08-28T20:34:01.714616Z,77307.73,77307.74,0.01,77307.735,-0.9752103191944236369412996072
BTC-USD,2026-08-28T20:34:01.771987Z,77307.73,77307.74,0.01,77307.735,-0.9100466077906409125496422157
BTC-USD,2026-08-28T20:34:01.828508Z,77307.73,77307.74,0.01,77307.735,-0.7224222996759178042989819092
BTC-USD,2026-08-28T20:34:01.884772Z,77307.73,77307.74,0.01,77307.735,-0.7224222996759178042989819092
BTC-USD,2026-08-28T20:34:01.911666Z,77307.73,77307.74,0.01,77307.735,-0.7224222996759178042989819092
BTC-USD,2026-08-28T20:34:01.967937Z,77307.73,77307.74,0.01,77307.735,-0.7224222996759178042989819092
BTC-USD,2026-08-28T20:34:02.025543Z,77307.73,77307.74,0.01,77307.735,-0.7224222996759178042989819092
BTC-USD,2026-08-28T20:34:02.076804Z,77307.73,77307.74,0.01,77307.735,-0.9471664765227443343337418416
BTC-USD,2026-08-28T20:34:02.136133Z,77307.73,77307.74,0.01,77307.735,-0.9037314695921928996759319627
BTC-USD,2026-08-28T20:34:02.180196Z,77307.73,77307.74,0.01,77307.735,-0.9037314695921928996759319627
BTC-USD,2026-08-28T20:34:02.224959Z,77307.73,77307.74,0.01,77307.735,-0.9037314695921928996759319627
BTC-USD,2026-08-28T20:34:02.288256Z,77307.73,77307.74,0.01,77307.735,-0.9037314695921928996759319627
BTC-USD,2026-08-28T20:34:02.322571Z,77307.73,77307.74,0.01,77307.735,-0.9037314695921928996759319627
BTC-USD,2026-08-28T20:34:02.382809Z,77307.73,77307.74,0.01,77307.735,-0.9037314695921928996759319627
BTC-USD,2026-08-28T20:34:02.421544Z,77307.73,77307.74,0.01,77307.735,-0.9037314695921928996759319627
BTC-USD,2026-08-28T20:34:02.475926Z,77307.73,77307.74,0.01,77307.735,-0.9037314695921928996759319627
BTC-USD,2026-08-28T20:34:02.51699Z,77307.73,77307.74,0.01,77307.735,-0.9037314695921928996759319627
BTC-USD,2026-08-28T20:34:02.595551Z,77307.73,77307.74,0.01,77307.735,-0.9037314695921928996759319627
BTC-USD,2026-08-28T20:34:02.636561Z,77307.73,77307.74,0.01,77307.735,-0.9037314695921928996759319627
BTC-USD,2026-08-28T20:34:02.683978Z,77307.73,77307.74,0.01,77307.735,-0.9037314695921928996759319627
BTC-USD,2026-08-28T20:34:02.732158Z,77307.73,77307.74,0.01,77307.735,-0.9037314695921928996759319627
BTC-USD,2026-08-28T20:34:02.780869Z,77307.73,77307.74,0.01,77307.735,-0.9037314695921928996759319627
BTC-USD,2026-08-28T20:34:02.83748Z,77307.73,77307.74,0.01,77307.735,-0.9037314695921928996759319627
BTC-USD,2026-08-28T20:34:02.896844Z,77307.73,77307.74,0.01,77307.735,-0.9037314695921928996759319627
BTC-USD,2026-08-28T20:34:02.946508Z,77307.73,77307.74,0.01,77307.735,-0.9037314695921928996759319627
BTC-USD,2026-08-28T20:34:02.988228Z,77307.73,77307.74,0.01,77307.735,-0.9037314695921928996759319627
BTC-USD,2026-08-28T20:34:03.039428Z,77307.73,77307.74,0.01,77307.735,-0.9037314695921928996759319627
BTC-USD,2026-08-28T20:34:03.064865Z,77307.73,77307.74,0.01,77307.735,-0.9037314695921928996759319627
BTC-USD,2026-08-28T20:34:03.139081Z,77307.73,77307.74,0.01,77307.735,-0.9037270506519666075803805535
BTC-USD,2026-08-28T20:34:03.185902Z,77307.73,77307.74,0.01,77307.735,-0.9037270506519666075803805535
BTC-USD,2026-08-28T20:34:03.23575Z,77307.73,77307.74,0.01,77307.735,-0.9037270506519666075803805535
BTC-USD,2026-08-28T20:34:03.288689Z,77307.73,77307.74,0.01,77307.735,-0.9037270506519666075803805535
BTC-USD,2026-08-28T20:34:03.336917Z,77307.73,77307.74,0.01,77307.735,-0.9986327792969350545932488963
BTC-USD,2026-08-28T20:34:03.377991Z,77307.73,77307.74,0.01,77307.735,-0.8985105208684534845685944429
BTC-USD,2026-08-28T20:34:03.440091Z,77307.73,77307.74,0.01,77307.735,-0.9731602072821754054758098702
BTC-USD,2026-08-28T20:34:03.480887Z,77307.73,77307.74,0.01,77307.735,-0.9731602072821754054758098702
BTC-USD,2026-08-28T20:34:03.530894Z,77307.73,77307.74,0.01,77307.735,-0.9731602072821754054758098702
BTC-USD,2026-08-28T20:34:03.57678Z,77307.73,77307.74,0.01,77307.735,-0.9731568926463598978793570612
BTC-USD,2026-08-28T20:34:03.626368Z,77307.73,77307.74,0.01,77307.735,-0.9731568926463598978793570612
BTC-USD,2026-08-28T20:34:03.69885Z,77307.73,77307.74,0.01,77307.735,-0.9731568926463598978793570612
BTC-USD,2026-08-28T20:34:03.729123Z,77307.73,77307.74,0.01,77307.735,-0.9731568926463598978793570612
BTC-USD,2026-08-28T20:34:03.789132Z,77307.73,77307.74,0.01,77307.735,-0.9731568926463598978793570612
BTC-USD,2026-08-28T20:34:03.833274Z,77307.73,77307.74,0.01,77307.735,-0.9731568926463598978793570612
BTC-USD,2026-08-28T20:34:03.900874Z,77307.73,77307.74,0.01,77307.735,-0.9731401184981981741111105026
BTC-USD,2026-08-28T20:34:03.941097Z,77307.73,77307.74,0.01,77307.735,-0.9731401184981981741111105026
BTC-USD,2026-08-28T20:34:03.972642Z,77307.73,77307.74,0.01,77307.735,-0.9731401184981981741111105026
BTC-USD,2026-08-28T20:34:04.053852Z,77307.73,77307.74,0.01,77307.735,-0.9731401184981981741111105026
BTC-USD,2026-08-28T20:34:04.133646Z,77307.73,77307.74,0.01,77307.735,-0.9858537951471398233517427933
BTC-USD,2026-08-28T20:34:04.182653Z,77307.73,77307.74,0.01,77307.735,-0.9858537951471398233517427933
BTC-USD,2026-08-28T20:34:04.243291Z,77307.73,77307.74,0.01,77307.735,-0.9858537951471398233517427933
BTC-USD,2026-08-28T20:34:04.281201Z,77307.73,77307.74,0.01,77307.735,-0.9864113793117400594601972581
BTC-USD,2026-08-28T20:34:04.322161Z,77307.73,77307.74,0.01,77307.735,-0.9864113793117400594601972581
BTC-USD,2026-08-28T20:34:04.388647Z,77307.73,77307.74,0.01,77307.735,-0.9864113793117400594601972581
BTC-USD,2026-08-28T20:34:04.437906Z,77307.73,77307.74,0.01,77307.735,-0.9864113793117400594601972581
BTC-USD,2026-08-28T20:34:04.481424Z,77307.73,77307.74,0.01,77307.735,-0.9864113793117400594601972581
BTC-USD,2026-08-28T20:34:04.499513Z,77307.73,77307.74,0.01,77307.735,-0.9864113793117400594601972581
BTC-USD,2026-08-28T20:34:04.588082Z,77307.73,77307.74,0.01,77307.735,-0.9864113793117400594601972581
BTC-USD,2026-08-28T20:34:04.627554Z,77307.73,77307.74,0.01,77307.735,-0.9864113793117400594601972581
BTC-USD,2026-08-28T20:34:04.682388Z,77307.73,77307.74,0.01,77307.735,-0.9864113793117400594601972581
BTC-USD,2026-08-28T20:34:04.71164Z,77307.73,77307.74,0.01,77307.735,-0.9864113793117400594601972581
BTC-USD,2026-08-28T20:34:04.787634Z,77307.73,77307.74,0.01,77307.735,-0.9858537951471398233517427933
BTC-USD,2026-08-28T20:34:04.849849Z,77307.73,77307.74,0.01,77307.735,-0.9858524148448912626686612084
BTC-USD,2026-08-28T20:34:04.892863Z,77307.73,77307.74,0.01,77307.735,-0.9858524148448912626686612084
BTC-USD,2026-08-28T20:34:04.938291Z,77307.73,77307.74,0.01,77307.735,-0.9731359172682422265667488523
BTC-USD,2026-08-28T20:34:04.998198Z,77307.73,77307.74,0.01,77307.735,-0.9731359669325226667465670377
BTC-USD,2026-08-28T20:34:05.044872Z,77307.73,77307.74,0.01,77307.735,-0.9731359669325226667465670377
BTC-USD,2026-08-28T20:34:05.080596Z,77307.73,77307.74,0.01,77307.735,-0.9731359669325226667465670377
BTC-USD,2026-08-28T20:34:05.138481Z,77307.73,77307.74,0.01,77307.735,-0.9731359669325226667465670377
BTC-USD,2026-08-28T20:34:05.188052Z,77307.73,77307.74,0.01,77307.735,-0.9731359669325226667465670377
BTC-USD,2026-08-28T20:34:05.248292Z,77307.73,77307.74,0.01,77307.735,-0.9731359669325226667465670377
BTC-USD,2026-08-28T20:34:05.291818Z,77307.73,77307.74,0.01,77307.735,-0.9731359669325226667465670377
BTC-USD,2026-08-28T20:34:05.315733Z,77307.73,77307.74,0.01,77307.735,-0.9731359669325226667465670377
BTC-USD,2026-08-28T20:34:05.38516Z,77307.73,77307.74,0.01,77307.735,-0.9731359669325226667465670377
BTC-USD,2026-08-28T20:34:05.4401Z,77307.73,77307.74,0.01,77307.735,-0.9731359669325226667465670377
BTC-USD,2026-08-28T20:34:05.491399Z,77307.73,77307.74,0.01,77307.735,-0.9731359669325226667465670377
BTC-USD,2026-08-28T20:34:05.548474Z,77307.73,77307.74,0.01,77307.735,-0.9731359669325226667465670377
BTC-USD,2026-08-28T20:34:05.595457Z,77307.73,77307.74,0.01,77307.735,-0.9731359669325226667465670377
BTC-USD,2026-08-28T20:34:05.641858Z,77307.73,77307.74,0.01,77307.735,-0.9731359669325226667465670377
BTC-USD,2026-08-28T20:34:05.677987Z,77307.73,77307.74,0.01,77307.735,-0.9731359669325226667465670377
BTC-USD,2026-08-28T20:34:05.746215Z,77307.73,77307.74,0.01,77307.735,-0.9731359669325226667465670377
BTC-USD,2026-08-28T20:34:05.768251Z,77307.73,77307.74,0.01,77307.735,-0.9731359669325226667465670377
BTC-USD,2026-08-28T20:34:05.824998Z,77307.73,77307.74,0.01,77307.735,-0.9731359669325226667465670377
BTC-USD,2026-08-28T20:34:05.890901Z,77307.73,77307.74,0.01,77307.735,-0.9731361059925211999026979335
BTC-USD,2026-08-28T20:34:05.913357Z,77307.73,77307.74,0.01,77307.735,-0.9731361059925211999026979335
BTC-USD,2026-08-28T20:34:05.988177Z,77307.73,77307.74,0.01,77307.735,-0.9731361059925211999026979335
BTC-USD,2026-08-28T20:34:06.024778Z,77307.73,77307.74,0.01,77307.735,-0.9731361059925211999026979335
BTC-USD,2026-08-28T20:34:06.07742Z,77307.73,77307.74,0.01,77307.735,-0.9731361258582368761465417222
BTC-USD,2026-08-28T20:34:06.131027Z,77307.73,77307.74,0.01,77307.735,-0.9731361258582368761465417222
BTC-USD,2026-08-28T20:34:06.19167Z,77307.73,77307.74,0.01,77307.735,-0.9731361258582368761465417222
BTC-USD,2026-08-28T20:34:06.237875Z,77307.73,77307.74,0.01,77307.735,-0.9731361258582368761465417222
BTC-USD,2026-08-28T20:34:06.291002Z,77307.73,77307.74,0.01,77307.735,-0.9731361258582368761465417222
BTC-USD,2026-08-28T20:34:06.339897Z,77307.73,77307.74,0.01,77307.735,-0.9858525254037937379699999959
BTC-USD,2026-08-28T20:34:06.396638Z,77307.73,77307.74,0.01,77307.735,-0.9731361258582368761465417222
BTC-USD,2026-08-28T20:34:06.442292Z,77307.73,77307.74,0.01,77307.735,-0.9731361258582368761465417222
BTC-USD,2026-08-28T20:34:06.503903Z,77307.73,77307.74,0.01,77307.735,-0.9731361258582368761465417222
BTC-USD,2026-08-28T20:34:06.534333Z,77307.73,77307.74,0.01,77307.735,-0.9731361258582368761465417222
BTC-USD,2026-08-28T20:34:06.593864Z,77307.73,77307.74,0.01,77307.735,-0.9731361258582368761465417222
BTC-USD,2026-08-28T20:34:06.640173Z,77307.73,77307.74,0.01,77307.735,-0.9731361258582368761465417222
BTC-USD,2026-08-28T20:34:06.692107Z,77307.73,77307.74,0.01,77307.735,-0.9731187966236755847713193767
BTC-USD,2026-08-28T20:34:06.715965Z,77307.73,77307.74,0.01,77307.735,-0.9858477206919849893769023123
BTC-USD,2026-08-28T20:34:06.783056Z,77307.73,77307.74,0.01,77307.735,-0.9858477206919849893769023123
BTC-USD,2026-08-28T20:34:06.843549Z,77307.73,77307.74,0.01,77307.735,-0.9731187966236755847713193767
BTC-USD,2026-08-28T20:34:06.876985Z,77307.73,77307.74,0.01,77307.735,-0.9731187966236755847713193767
BTC-USD,2026-08-28T20:34:06.931375Z,77307.73,77307.74,0.01,77307.735,-0.9731188363803887529166684381
BTC-USD,2026-08-28T20:34:06.994177Z,77307.73,77307.74,0.01,77307.735,-0.9731188363803887529166684381
BTC-USD,2026-08-28T20:34:07.023802Z,77307.73,77307.74,0.01,77307.735,-0.9731188363803887529166684381
BTC-USD,2026-08-28T20:34:07.091261Z,77307.73,77307.74,0.01,77307.735,-0.9731188363803887529166684381
BTC-USD,2026-08-28T20:34:07.135456Z,77306.05,77306.06,0.01,77306.055,-0.06154759046745712835153936500
BTC-USD,2026-08-28T20:34:07.179513Z,77306.05,77306.06,0.01,77306.055,-0.2006413884060782301045074761
BTC-USD,2026-08-28T20:34:07.227338Z,77306.05,77306.06,0.01,77306.055,-0.2006413769071673958444908957
BTC-USD,2026-08-28T20:34:07.295912Z,77306.05,77306.06,0.01,77306.055,-0.2006413769071673958444908957
BTC-USD,2026-08-28T20:34:07.31123Z,77306.05,77306.06,0.01,77306.055,-0.2006413769071673958444908957
BTC-USD,2026-08-28T20:34:07.403428Z,77306.05,77306.06,0.01,77306.055,-0.2006414229028120544277595411
BTC-USD,2026-08-28T20:34:07.454781Z,77306.05,77306.06,0.01,77306.055,-0.1746581673550634241672946498
BTC-USD,2026-08-28T20:34:07.478695Z,77306.05,77306.06,0.01,77306.055,-0.1746581673550634241672946498
BTC-USD,2026-08-28T20:34:07.594508Z,77306.05,77306.06,0.01,77306.055,-0.1746581673550634241672946498
BTC-USD,2026-08-28T20:34:07.631979Z,77306.05,77306.06,0.01,77306.055,-0.1746581673550634241672946498
BTC-USD,2026-08-28T20:34:07.690427Z,77306.05,77306.06,0.01,77306.055,-0.7316191499948222547839666696
BTC-USD,2026-08-28T20:34:07.716942Z,77306.05,77306.06,0.01,77306.055,-0.7271841588820981784311986511
BTC-USD,2026-08-28T20:34:07.78353Z,77306.05,77306.06,0.01,77306.055,-0.07688783231147663445157583167
BTC-USD,2026-08-28T20:34:07.833918Z,77306.05,77306.06,0.01,77306.055,-0.1257701460694733559665413565
BTC-USD,2026-08-28T20:34:07.884837Z,77306.05,77306.06,0.01,77306.055,-0.1257701460694733559665413565
BTC-USD,2026-08-28T20:34:07.946832Z,77306.05,77306.06,0.01,77306.055,-0.1257701460694733559665413565
BTC-USD,2026-08-28T20:34:07.993126Z,77306.05,77306.06,0.01,77306.055,-0.1257701460694733559665413565
BTC-USD,2026-08-28T20:34:08.029445Z,77306.05,77306.06,0.01,77306.055,-0.1257701460694733559665413565
BTC-USD,2026-08-28T20:34:08.087991Z,77306.05,77306.06,0.01,77306.055,0.8405846452385022296598892383
BTC-USD,2026-08-28T20:34:08.144537Z,77306.05,77306.06,0.01,77306.055,0.8405885543380265525030284744
BTC-USD,2026-08-28T20:34:08.193943Z,77306.05,77306.06,0.01,77306.055,-0.1229096244204825094587005175
BTC-USD,2026-08-28T20:34:08.24672Z,77306.05,77306.06,0.01,77306.055,-0.1238251636773329103742145370
BTC-USD,2026-08-28T20:34:08.284696Z,77306.05,77306.06,0.01,77306.055,-0.1238251636773329103742145370
BTC-USD,2026-08-28T20:34:08.326689Z,77306.05,77306.06,0.01,77306.055,-0.1238251636773329103742145370
BTC-USD,2026-08-28T20:34:08.40152Z,77306.05,77306.06,0.01,77306.055,-0.1238251636773329103742145370
BTC-USD,2026-08-28T20:34:08.445741Z,77306.05,77306.06,0.01,77306.055,-0.1238251636773329103742145370
BTC-USD,2026-08-28T20:34:08.489916Z,77306.05,77306.06,0.01,77306.055,-0.1238251636773329103742145370
BTC-USD,2026-08-28T20:34:08.526863Z,77306.05,77306.06,0.01,77306.055,-0.1238252055330493662310689961
BTC-USD,2026-08-28T20:34:08.587381Z,77306.05,77306.06,0.01,77306.055,-0.1238252055330493662310689961
BTC-USD,2026-08-28T20:34:08.644012Z,77306.05,77306.06,0.01,77306.055,-0.1238252055330493662310689961
BTC-USD,2026-08-28T20:34:08.68656Z,77306.05,77306.06,0.01,77306.055,-0.1238252055330493662310689961
BTC-USD,2026-08-28T20:34:08.741765Z,77306.05,77306.06,0.01,77306.055,-0.1238253311002174402828794443
BTC-USD,2026-08-28T20:34:08.767971Z,77306.05,77306.06,0.01,77306.055,-0.1238253311002174402828794443
BTC-USD,2026-08-28T20:34:08.850531Z,77306.05,77306.06,0.01,77306.055,-0.1238253311002174402828794443
BTC-USD,2026-08-28T20:34:08.896211Z,77306.05,77306.06,0.01,77306.055,-0.1238253311002174402828794443
BTC-USD,2026-08-28T20:34:08.919099Z,77306.05,77306.06,0.01,77306.055,-0.1238253311002174402828794443
BTC-USD,2026-08-28T20:34:08.987006Z,77306.05,77306.06,0.01,77306.055,-0.1238253311002174402828794443
BTC-USD,2026-08-28T20:34:09.050819Z,77306.05,77306.06,0.01,77306.055,-0.1238253311002174402828794443
BTC-USD,2026-08-28T20:34:09.084826Z,77306.05,77306.06,0.01,77306.055,-0.1238253311002174402828794443
BTC-USD,2026-08-28T20:34:09.10157Z,77306.05,77306.06,0.01,77306.055,-0.1238253311002174402828794443
BTC-USD,2026-08-28T20:34:09.19525Z,77306.05,77306.06,0.01,77306.055,-0.1233580277509802440269972072
BTC-USD,2026-08-28T20:34:09.231982Z,77306.05,77306.06,0.01,77306.055,-0.1233580277509802440269972072
BTC-USD,2026-08-28T20:34:09.275422Z,77306.05,77306.06,0.01,77306.055,-0.1233580277509802440269972072
BTC-USD,2026-08-28T20:34:09.347498Z,77306.05,77306.06,0.01,77306.055,-0.3907608896318732156585054085
BTC-USD,2026-08-28T20:34:09.364683Z,77306.05,77306.06,0.01,77306.055,-0.3907608896318732156585054085
BTC-USD,2026-08-28T20:34:09.443631Z,77306.05,77306.06,0.01,77306.055,-0.6556323673715005045441744851
BTC-USD,2026-08-28T20:34:09.501361Z,77306.05,77306.06,0.01,77306.055,-0.3394947680596754867844863238
BTC-USD,2026-08-28T20:34:09.596916Z,77306.05,77306.06,0.01,77306.055,-0.1610354299864501637959853726
BTC-USD,2026-08-28T20:34:09.64031Z,77306.05,77306.06,0.01,77306.055,-0.1610354299864501637959853726
BTC-USD,2026-08-28T20:34:09.690903Z,77306.05,77306.06,0.01,77306.055,-0.1610328427296059662174741604
BTC-USD,2026-08-28T20:34:09.780712Z,77306.05,77306.06,0.01,77306.055,-0.3915520790012529369849515116
BTC-USD,2026-08-28T20:34:09.825422Z,77306.05,77306.06,0.01,77306.055,-0.3915521432937628989287955028
BTC-USD,2026-08-28T20:34:09.885477Z,77306.05,77306.06,0.01,77306.055,-0.3915524218947080509491281832
BTC-USD,2026-08-28T20:34:09.935795Z,77306.05,77306.06,0.01,77306.055,-0.3915524218947080509491281832
BTC-USD,2026-08-28T20:34:10.035452Z,77306.05,77306.06,0.01,77306.055,-0.3915524218947080509491281832
BTC-USD,2026-08-28T20:34:10.0888Z,77306.05,77306.06,0.01,77306.055,-0.3915524218947080509491281832
BTC-USD,2026-08-28T20:34:10.132288Z,77306.05,77306.06,0.01,77306.055,-0.3915524218947080509491281832
BTC-USD,2026-08-28T20:34:10.197388Z,77306.05,77306.06,0.01,77306.055,-0.3915524218947080509491281832
BTC-USD,2026-08-28T20:34:10.23526Z,77306.05,77306.06,0.01,77306.055,-0.4027689810146760186615437438
BTC-USD,2026-08-28T20:34:10.30258Z,77306.05,77306.06,0.01,77306.055,-0.4027658877447540263264897678
BTC-USD,2026-08-28T20:34:10.329332Z,77306.05,77306.06,0.01,77306.055,-0.4027658877447540263264897678
BTC-USD,2026-08-28T20:34:10.389394Z,77306.05,77306.06,0.01,77306.055,-0.4027658877447540263264897678
BTC-USD,2026-08-28T20:34:10.440127Z,77306.05,77306.06,0.01,77306.055,-0.4027658877447540263264897678
BTC-USD,2026-08-28T20:34:10.485812Z,77306.05,77306.06,0.01,77306.055,-0.4016396685831335296091166668
BTC-USD,2026-08-28T20:34:10.546403Z,77306.05,77306.06,0.01,77306.055,-0.4016396685831335296091166668
BTC-USD,2026-08-28T20:34:10.593019Z,77306.05,77306.06,0.01,77306.055,-0.1301880637510679021157007782
BTC-USD,2026-08-28T20:34:10.636968Z,77306.05,77306.06,0.01,77306.055,-0.1301880637510679021157007782
BTC-USD,2026-08-28T20:34:10.686346Z,77306.05,77306.06,0.01,77306.055,-0.1301880637510679021157007782
BTC-USD,2026-08-28T20:34:10.754223Z,77306.05,77306.06,0.01,77306.055,-0.08105726047711261475931781143
BTC-USD,2026-08-28T20:34:10.787037Z,77306.05,77306.06,0.01,77306.055,-0.08105726047711261475931781143
BTC-USD,2026-08-28T20:34:10.837546Z,77306.05,77306.06,0.01,77306.055,-0.2336627194885003136290126370
BTC-USD,2026-08-28T20:34:10.890126Z,77306.05,77306.06,0.01,77306.055,-0.7455436410822480747169418101
BTC-USD,2026-08-28T20:34:10.933755Z,77306.05,77306.06,0.01,77306.055,-0.7748223100608106725098359909
BTC-USD,2026-08-28T20:34:10.995251Z,77306.05,77306.06,0.01,77306.055,-0.01272822947351955173178142885
BTC-USD,2026-08-28T20:34:11.026123Z,77306.05,77306.06,0.01,77306.055,-0.01272822947351955173178142885
BTC-USD,2026-08-28T20:34:11.082783Z,77306.05,77306.06,0.01,77306.055,0.04199025882637210987574453773
BTC-USD,2026-08-28T20:34:11.127672Z,77306.05,77306.06,0.01,77306.055,0.04323907707696710908612579900
BTC-USD,2026-08-28T20:34:11.176618Z,77306.05,77306.06,0.01,77306.055,0.05726789057165334155763408259
BTC-USD,2026-08-28T20:34:11.218702Z,77307.05,77307.6,0.55,77307.325,-0.7834201454331955770778996805
BTC-USD,2026-08-28T20:34:11.288192Z,77307.59,77307.6,0.01,77307.595,-0.8257874762154073460464078835
BTC-USD,2026-08-28T20:34:11.327515Z,77307.59,77307.6,0.01,77307.595,-0.8257874762154073460464078835
BTC-USD,2026-08-28T20:34:11.391427Z,77307.59,77307.6,0.01,77307.595,-0.8257874762154073460464078835
BTC-USD,2026-08-28T20:34:11.448758Z,77307.59,77307.6,0.01,77307.595,-0.8123454410520960367255978184
BTC-USD,2026-08-28T20:34:11.482685Z,77307.59,77307.6,0.01,77307.595,-0.8090610903999993004465224394
BTC-USD,2026-08-28T20:34:11.522732Z,77307.59,77307.6,0.01,77307.595,-0.7353380472709838010593874098
BTC-USD,2026-08-28T20:34:11.588644Z,77307.59,77307.6,0.01,77307.595,-0.7353377971297140620525930363
BTC-USD,2026-08-28T20:34:11.639247Z,77307.59,77307.6,0.01,77307.595,-0.7685593820880846567020058991
BTC-USD,2026-08-28T20:34:11.685902Z,77307.59,77307.6,0.01,77307.595,-0.7685593820880846567020058991
BTC-USD,2026-08-28T20:34:11.76265Z,77307.59,77307.6,0.01,77307.595,-0.7685593820880846567020058991
BTC-USD,2026-08-28T20:34:11.841075Z,77307.59,77307.6,0.01,77307.595,-0.7724527802420484442789413156
BTC-USD,2026-08-28T20:34:11.880877Z,77307.59,77307.6,0.01,77307.595,-0.7723976896185651215837484142
BTC-USD,2026-08-28T20:34:11.929003Z,77307.59,77307.6,0.01,77307.595,-0.7723976896185651215837484142
BTC-USD,2026-08-28T20:34:11.974309Z,77307.59,77307.6,0.01,77307.595,-0.7854887722104397130839334954
BTC-USD,2026-08-28T20:34:11.995472Z,77307.59,77307.6,0.01,77307.595,-0.7854887722104397130839334954
BTC-USD,2026-08-28T20:34:12.030528Z,77307.59,77307.6,0.01,77307.595,-0.7854873990065132236063365922
BTC-USD,2026-08-28T20:34:12.133928Z,77307.59,77307.6,0.01,77307.595,-0.7854873990065132236063365922
BTC-USD,2026-08-28T20:34:12.178879Z,77307.59,77307.6,0.01,77307.595,-0.7854873990065132236063365922
BTC-USD,2026-08-28T20:34:12.236382Z,77307.59,77307.6,0.01,77307.595,-0.7855544659758344345003282733
BTC-USD,2026-08-28T20:34:12.281221Z,77307.59,77307.6,0.01,77307.595,-0.7855544659758344345003282733
BTC-USD,2026-08-28T20:34:12.334297Z,77307.59,77307.6,0.01,77307.595,-0.7852109928950330530624503891
BTC-USD,2026-08-28T20:34:12.389003Z,77307.59,77307.6,0.01,77307.595,-0.7852110327172650057856054084
BTC-USD,2026-08-28T20:34:12.411698Z,77307.59,77307.6,0.01,77307.595,-0.8040504318584226154223383681
BTC-USD,2026-08-28T20:34:12.53704Z,77307.59,77307.6,0.01,77307.595,-0.8040504318584226154223383681
BTC-USD,2026-08-28T20:34:12.632348Z,77307.59,77307.6,0.01,77307.595,-0.8040504318584226154223383681
BTC-USD,2026-08-28T20:34:12.676637Z,77307.59,77307.6,0.01,77307.595,-0.8040504563335976754714665050
BTC-USD,2026-08-28T20:34:12.723176Z,77307.59,77307.6,0.01,77307.595,-0.8040504563335976754714665050
BTC-USD,2026-08-28T20:34:12.787332Z,77307.59,77307.6,0.01,77307.595,-0.8040504563335976754714665050
BTC-USD,2026-08-28T20:34:12.827789Z,77307.59,77307.6,0.01,77307.595,-0.8822452462330015971956450542
BTC-USD,2026-08-28T20:34:12.876285Z,77307.59,77307.6,0.01,77307.595,-0.8761046176828298773915714015
BTC-USD,2026-08-28T20:34:12.92594Z,77307.59,77307.6,0.01,77307.595,-0.8761046176828298773915714015
BTC-USD,2026-08-28T20:34:12.975267Z,77307.59,77307.6,0.01,77307.595,-0.8761046176828298773915714015
BTC-USD,2026-08-28T20:34:13.038002Z,77307.59,77307.6,0.01,77307.595,-0.5546204909616460406197113515
BTC-USD,2026-08-28T20:34:13.085354Z,77307.59,77307.6,0.01,77307.595,-0.5546204909616460406197113515
BTC-USD,2026-08-28T20:34:13.124184Z,77307.59,77307.6,0.01,77307.595,-0.5546204909616460406197113515
BTC-USD,2026-08-28T20:34:13.182648Z,77307.59,77307.6,0.01,77307.595,-0.5546204909616460406197113515
BTC-USD,2026-08-28T20:34:13.206695Z,77307.59,77307.6,0.01,77307.595,-0.5542105623316075420101320421
BTC-USD,2026-08-28T20:34:13.292847Z,77307.59,77307.6,0.01,77307.595,-0.5542105623316075420101320421
BTC-USD,2026-08-28T20:34:13.336425Z,77307.59,77307.6,0.01,77307.595,-0.5542105623316075420101320421
BTC-USD,2026-08-28T20:34:13.375585Z,77307.59,77307.6,0.01,77307.595,-0.5542105623316075420101320421
BTC-USD,2026-08-28T20:34:13.424637Z,77307.59,77307.6,0.01,77307.595,-0.5542106247952239249698987459
BTC-USD,2026-08-28T20:34:13.485089Z,77307.59,77307.6,0.01,77307.595,-0.5542106247952239249698987459
BTC-USD,2026-08-28T20:34:13.548426Z,77307.59,77307.6,0.01,77307.595,-0.5542106247952239249698987459
BTC-USD,2026-08-28T20:34:13.588386Z,77307.59,77307.6,0.01,77307.595,-0.5542106247952239249698987459
BTC-USD,2026-08-28T20:34:13.636276Z,77307.59,77307.6,0.01,77307.595,-0.5542106247952239249698987459
BTC-USD,2026-08-28T20:34:13.685515Z,77307.59,77307.6,0.01,77307.595,-0.5542106247952239249698987459
BTC-USD,2026-08-28T20:34:13.727479Z,77307.59,77307.6,0.01,77307.595,-0.5541648194913709468124569738
BTC-USD,2026-08-28T20:34:13.793046Z,77307.59,77307.6,0.01,77307.595,-0.8703538834798338641359524219
BTC-USD,2026-08-28T20:34:13.835279Z,77307.59,77307.6,0.01,77307.595,-0.8703538834798338641359524219
BTC-USD,2026-08-28T20:34:13.852111Z,77307.59,77307.6,0.01,77307.595,-0.8703538834798338641359524219
BTC-USD,2026-08-28T20:34:13.932482Z,77307.59,77307.6,0.01,77307.595,-0.8656615832987452919445525768
BTC-USD,2026-08-28T20:34:13.982221Z,77307.59,77307.6,0.01,77307.595,-0.8656616734798397978520084087
BTC-USD,2026-08-28T20:34:14.02581Z,77307.59,77307.6,0.01,77307.595,-0.8656616734798397978520084087
BTC-USD,2026-08-28T20:34:14.081806Z,77307.59,77307.6,0.01,77307.595,-0.8656616734798397978520084087
BTC-USD,2026-08-28T20:34:14.13601Z,77307.59,77307.6,0.01,77307.595,-0.8656616734798397978520084087
BTC-USD,2026-08-28T20:34:14.196828Z,77307.59,77307.6,0.01,77307.595,-0.8656616734798397978520084087
BTC-USD,2026-08-28T20:34:14.226969Z,77307.59,77307.6,0.01,77307.595,-0.8054517193654583754706308247
BTC-USD,2026-08-28T20:34:14.287522Z,77306.06,77306.07,0.01,77306.065,-0.1232796011573624551767096220
BTC-USD,2026-08-28T20:34:14.381139Z,77306.06,77306.07,0.01,77306.065,-0.1232796011573624551767096220
BTC-USD,2026-08-28T20:34:14.427418Z,77306.06,77306.07,0.01,77306.065,-0.1232796011573624551767096220
BTC-USD,2026-08-28T20:34:14.477629Z,77306.06,77306.07,0.01,77306.065,-0.3772263848270597314325267338
BTC-USD,2026-08-28T20:34:14.5283Z,77306.06,77306.07,0.01,77306.065,-0.3800627436500208794636898069
BTC-USD,2026-08-28T20:34:14.602288Z,77306.06,77306.07,0.01,77306.065,-0.1840996779204883368771233317
BTC-USD,2026-08-28T20:34:14.63697Z,77306.06,77306.07,0.01,77306.065,-0.1840996779204883368771233317
BTC-USD,2026-08-28T20:34:14.685933Z,77306.06,77306.07,0.01,77306.065,-0.1840996779204883368771233317
BTC-USD,2026-08-28T20:34:14.723607Z,77306.06,77306.07,0.01,77306.065,-0.1840996779204883368771233317
BTC-USD,2026-08-28T20:34:14.776338Z,77306.06,77306.07,0.01,77306.065,-0.1840996779204883368771233317
BTC-USD,2026-08-28T20:34:14.802956Z,77306.06,77306.07,0.01,77306.065,-0.1840996779204883368771233317
BTC-USD,2026-08-28T20:34:14.885533Z,77306.06,77306.07,0.01,77306.065,-0.1840996779204883368771233317
BTC-USD,2026-08-28T20:34:14.921279Z,77306.06,77306.07,0.01,77306.065,-0.1840996779204883368771233317
BTC-USD,2026-08-28T20:34:14.966205Z,77306.06,77306.07,0.01,77306.065,-0.1840996779204883368771233317
BTC-USD,2026-08-28T20:34:14.987369Z,77306.06,77306.07,0.01,77306.065,-0.1840996779204883368771233317
BTC-USD,2026-08-28T20:34:15.04493Z,77306.06,77306.07,0.01,77306.065,-0.1840998521170331588457841585
BTC-USD,2026-08-28T20:34:15.146486Z,77306.06,77306.07,0.01,77306.065,-0.3647452227712014602153141218
BTC-USD,2026-08-28T20:34:15.185183Z,77306.05,77306.06,0.01,77306.055,0.8797585496421443585826552661
BTC-USD,2026-08-28T20:34:15.224113Z,77306.05,77306.06,0.01,77306.055,0.8468505419612831539519506564
BTC-USD,2026-08-28T20:34:15.259791Z,77306.05,77306.06,0.01,77306.055,-0.7809443313351195395970908753
BTC-USD,2026-08-28T20:34:15.339064Z,77306.05,77306.06,0.01,77306.055,0.8577894335618571484852549110
BTC-USD,2026-08-28T20:34:15.39503Z,77306.05,77306.06,0.01,77306.055,-0.5077984767665467504611355718
BTC-USD,2026-08-28T20:34:15.434331Z,77306.05,77306.06,0.01,77306.055,-0.5077984767665467504611355718
BTC-USD,2026-08-28T20:34:15.491179Z,77300,77301.55,1.55,77300.775,0.6514523535091593448060230393
BTC-USD,2026-08-28T20:34:15.528501Z,77300,77300.54,0.54,77300.27,0.8249824878027019453838326728
BTC-USD,2026-08-28T20:34:15.585841Z,77300,77300.01,0.01,77300.005,0.8770632402470357910196860425
BTC-USD,2026-08-28T20:34:15.641215Z,77300,77300.01,0.01,77300.005,0.9309023712110963037725875048
BTC-USD,2026-08-28T20:34:15.690387Z,77299,77299.01,0.01,77299.005,-0.8787073844455179966270121986
BTC-USD,2026-08-28T20:34:15.727509Z,77299,77299.01,0.01,77299.005,-0.9298219244381553309285651319
BTC-USD,2026-08-28T20:34:15.792042Z,77299,77299.01,0.01,77299.005,-0.7908869903342491835106656165
BTC-USD,2026-08-28T20:34:15.836339Z,77299,77299.01,0.01,77299.005,-0.7908869903342491835106656165
BTC-USD,2026-08-28T20:34:15.89053Z,77299,77299.01,0.01,77299.005,-0.7908869903342491835106656165
BTC-USD,2026-08-28T20:34:15.936177Z,77299,77299.01,0.01,77299.005,-0.7909549663479667723843896880
BTC-USD,2026-08-28T20:34:15.992514Z,77299,77299.01,0.01,77299.005,-0.7992878586131230552012052639
BTC-USD,2026-08-28T20:34:16.036981Z,77299,77299.01,0.01,77299.005,-0.7992878586131230552012052639
BTC-USD,2026-08-28T20:34:16.08263Z,77299,77299.01,0.01,77299.005,-0.7992878586131230552012052639
BTC-USD,2026-08-28T20:34:16.148111Z,77299,77299.01,0.01,77299.005,-0.7992878586131230552012052639
BTC-USD,2026-08-28T20:34:16.195141Z,77299,77299.01,0.01,77299.005,-0.7992878586131230552012052639
BTC-USD,2026-08-28T20:34:16.229214Z,77299,77299.01,0.01,77299.005,-0.7992878586131230552012052639
BTC-USD,2026-08-28T20:34:16.299835Z,77299,77299.01,0.01,77299.005,-0.7992878586131230552012052639
BTC-USD,2026-08-28T20:34:16.342298Z,77299,77299.01,0.01,77299.005,-0.8026529513816626063614070670
BTC-USD,2026-08-28T20:34:16.383348Z,77299,77299.01,0.01,77299.005,-0.8026529513816626063614070670
BTC-USD,2026-08-28T20:34:16.405966Z,77299,77299.01,0.01,77299.005,-0.8026529513816626063614070670
BTC-USD,2026-08-28T20:34:16.467472Z,77299,77299.01,0.01,77299.005,-0.8026529513816626063614070670
BTC-USD,2026-08-28T20:34:16.518476Z,77299,77299.01,0.01,77299.005,-0.4485479263799453805245231635
BTC-USD,2026-08-28T20:34:16.547892Z,77299,77299.01,0.01,77299.005,-0.3783523277315829879098691057
BTC-USD,2026-08-28T20:34:16.625097Z,77299,77299.01,0.01,77299.005,-0.1179316262217004271011080006
BTC-USD,2026-08-28T20:34:16.673169Z,77299,77299.01,0.01,77299.005,-0.1179316262217004271011080006
BTC-USD,2026-08-28T20:34:16.743859Z,77299,77299.01,0.01,77299.005,0.007440328126209191513824859319
BTC-USD,2026-08-28T20:34:16.775125Z,77299,77299.01,0.01,77299.005,0.007440328126209191513824859319
BTC-USD,2026-08-28T20:34:16.821657Z,77299,77299.01,0.01,77299.005,0.007440328126209191513824859319
BTC-USD,2026-08-28T20:34:16.883961Z,77299,77299.01,0.01,77299.005,-0.7913538658837546816959161577
BTC-USD,2026-08-28T20:34:16.930863Z,77299,77299.01,0.01,77299.005,-0.3306626313466460422320014463
BTC-USD,2026-08-28T20:34:16.979273Z,77299,77299.01,0.01,77299.005,-0.4615765248878166818051885783
BTC-USD,2026-08-28T20:34:17.028825Z,77299,77299.01,0.01,77299.005,-0.3175684025910330071217667528
BTC-USD,2026-08-28T20:34:17.07739Z,77299,77299.01,0.01,77299.005,-0.3175684025910330071217667528
BTC-USD,2026-08-28T20:34:17.122933Z,77299,77299.01,0.01,77299.005,-0.1635379639131032950736397745
BTC-USD,2026-08-28T20:34:17.174095Z,77299,77299.01,0.01,77299.005,-0.1635379639131032950736397745
BTC-USD,2026-08-28T20:34:17.243879Z,77299,77299.01,0.01,77299.005,-0.1635379639131032950736397745
BTC-USD,2026-08-28T20:34:17.287841Z,77299,77299.01,0.01,77299.005,-0.1635379639131032950736397745
BTC-USD,2026-08-28T20:34:17.332815Z,77299,77299.01,0.01,77299.005,-0.1635379639131032950736397745
BTC-USD,2026-08-28T20:34:17.385252Z,77299,77299.01,0.01,77299.005,-0.1635379639131032950736397745
BTC-USD,2026-08-28T20:34:17.401596Z,77299,77299.01,0.01,77299.005,-0.1635379639131032950736397745
BTC-USD,2026-08-28T20:34:17.467275Z,77299,77299.01,0.01,77299.005,-0.1635379639131032950736397745
BTC-USD,2026-08-28T20:34:17.484207Z,77299,77299.01,0.01,77299.005,-0.3175684025910330071217667528
BTC-USD,2026-08-28T20:34:17.545379Z,77299,77299.01,0.01,77299.005,-0.1635379639131032950736397745
BTC-USD,2026-08-28T20:34:17.678907Z,77299,77299.01,0.01,77299.005,-0.1635379639131032950736397745
BTC-USD,2026-08-28T20:34:17.738244Z,77299,77299.01,0.01,77299.005,-0.3175684025910330071217667528
BTC-USD,2026-08-28T20:34:17.758775Z,77299,77299.01,0.01,77299.005,-0.3175684025910330071217667528
BTC-USD,2026-08-28T20:34:17.833627Z,77299,77299.01,0.01,77299.005,-0.3175684025910330071217667528
BTC-USD,2026-08-28T20:34:17.85753Z,77299,77299.01,0.01,77299.005,-0.3175684025910330071217667528
BTC-USD,2026-08-28T20:34:17.880345Z,77299,77299.01,0.01,77299.005,-0.3175684025910330071217667528
BTC-USD,2026-08-28T20:34:18.039917Z,77299,77299.01,0.01,77299.005,-0.3175684025910330071217667528
BTC-USD,2026-08-28T20:34:18.091366Z,77299,77299.01,0.01,77299.005,-0.3175684025910330071217667528
BTC-USD,2026-08-28T20:34:18.147299Z,77299,77299.01,0.01,77299.005,-0.1077707933917913695070679083
BTC-USD,2026-08-28T20:34:18.187773Z,77299,77299.01,0.01,77299.005,-0.1635379639131032950736397745
BTC-USD,2026-08-28T20:34:18.25051Z,77299,77299.01,0.01,77299.005,-0.1635379639131032950736397745
BTC-USD,2026-08-28T20:34:18.295279Z,77299,77299.01,0.01,77299.005,-0.1635379639131032950736397745
BTC-USD,2026-08-28T20:34:18.351415Z,77299,77299.01,0.01,77299.005,-0.1635379639131032950736397745
BTC-USD,2026-08-28T20:34:18.372693Z,77299,77299.01,0.01,77299.005,-0.1635379639131032950736397745
BTC-USD,2026-08-28T20:34:18.451191Z,77299,77299.01,0.01,77299.005,-0.1635379639131032950736397745
BTC-USD,2026-08-28T20:34:18.484213Z,77299,77299.01,0.01,77299.005,-0.1635379639131032950736397745
BTC-USD,2026-08-28T20:34:18.544079Z,77299,77299.01,0.01,77299.005,-0.1635379639131032950736397745
BTC-USD,2026-08-28T20:34:18.584491Z,77299,77299.01,0.01,77299.005,-0.1635379639131032950736397745
BTC-USD,2026-08-28T20:34:18.644341Z,77299,77299.01,0.01,77299.005,-0.1635379639131032950736397745
BTC-USD,2026-08-28T20:34:18.682065Z,77299,77299.01,0.01,77299.005,-0.1635379639131032950736397745
BTC-USD,2026-08-28T20:34:18.743841Z,77299,77299.01,0.01,77299.005,-0.1635379639131032950736397745
BTC-USD,2026-08-28T20:34:18.783505Z,77299,77299.01,0.01,77299.005,-0.3175684025910330071217667528
BTC-USD,2026-08-28T20:34:18.826154Z,77299,77299.01,0.01,77299.005,-0.1898874722277673069295123235
BTC-USD,2026-08-28T20:34:18.896593Z,77299,77299.01,0.01,77299.005,-0.1898874722277673069295123235
BTC-USD,2026-08-28T20:34:18.953575Z,77299,77299.01,0.01,77299.005,-0.1898874722277673069295123235
BTC-USD,2026-08-28T20:34:18.962119Z,77299,77299.01,0.01,77299.005,-0.1898874722277673069295123235
BTC-USD,2026-08-28T20:34:19.051254Z,77299,77299.01,0.01,77299.005,-0.1898874722277673069295123235
BTC-USD,2026-08-28T20:34:19.081726Z,77299,77299.01,0.01,77299.005,-0.1898874722277673069295123235
BTC-USD,2026-08-28T20:34:19.149876Z,77299,77299.01,0.01,77299.005,-0.1898874722277673069295123235
BTC-USD,2026-08-28T20:34:19.196487Z,77299,77299.01,0.01,77299.005,0.1229146684826374743000786549
BTC-USD,2026-08-28T20:34:19.252272Z,77299,77299.01,0.01,77299.005,-0.02829216574036494441075378279
BTC-USD,2026-08-28T20:34:19.259392Z,77299,77299.01,0.01,77299.005,-0.02829216574036494441075378279
BTC-USD,2026-08-28T20:34:19.346431Z,77299,77299.01,0.01,77299.005,-0.1906226611377950376073690497
BTC-USD,2026-08-28T20:34:19.396079Z,77299,77299.01,0.01,77299.005,-0.1906226611377950376073690497
BTC-USD,2026-08-28T20:34:19.446863Z,77299,77299.01,0.01,77299.005,-0.02829216574036494441075378279
BTC-USD,2026-08-28T20:34:19.490439Z,77299,77299.01,0.01,77299.005,-0.02829216574036494441075378279
BTC-USD,2026-08-28T20:34:19.550671Z,77299,77299.01,0.01,77299.005,-0.02829216574036494441075378279
BTC-USD,2026-08-28T20:34:19.592694Z,77299,77299.01,0.01,77299.005,-0.02829216574036494441075378279
BTC-USD,2026-08-28T20:34:19.639795Z,77299,77299.01,0.01,77299.005,-0.02829216574036494441075378279
BTC-USD,2026-08-28T20:34:19.691422Z,77299,77299.01,0.01,77299.005,-0.02829216574036494441075378279
BTC-USD,2026-08-28T20:34:19.721326Z,77299,77299.01,0.01,77299.005,-0.02829216574036494441075378279
BTC-USD,2026-08-28T20:34:19.773188Z,77299,77299.01,0.01,77299.005,-0.02829216574036494441075378279
BTC-USD,2026-08-28T20:34:19.846642Z,77299,77299.01,0.01,77299.005,-0.1569374588543538994280718250
BTC-USD,2026-08-28T20:34:19.89866Z,77299,77299.01,0.01,77299.005,-0.1569374588543538994280718250
BTC-USD,2026-08-28T20:34:19.924388Z,77299,77299.01,0.01,77299.005,-0.1569374588543538994280718250
BTC-USD,2026-08-28T20:34:19.963639Z,77299,77299.01,0.01,77299.005,-0.1569374588543538994280718250
BTC-USD,2026-08-28T20:34:20.038774Z,77299,77299.01,0.01,77299.005,-0.02152191980460641422239850324
BTC-USD,2026-08-28T20:34:20.066964Z,77299,77299.01,0.01,77299.005,-0.02152191980460641422239850324
BTC-USD,2026-08-28T20:34:20.135879Z,77299,77299.01,0.01,77299.005,-0.1851872237410711010757181754
BTC-USD,2026-08-28T20:34:20.17821Z,77299,77299.01,0.01,77299.005,-0.02152191980460641422239850324
BTC-USD,2026-08-28T20:34:20.239223Z,77299,77299.01,0.01,77299.005,-0.02152191980460641422239850324
BTC-USD,2026-08-28T20:34:20.292848Z,77299,77299.01,0.01,77299.005,-0.02152191980460641422239850324
BTC-USD,2026-08-28T20:34:20.343312Z,77299,77299.01,0.01,77299.005,-0.1569374588543538994280718250
BTC-USD,2026-08-28T20:34:20.384934Z,77299,77299.01,0.01,77299.005,-0.1566980667998018949694805357
BTC-USD,2026-08-28T20:34:20.444902Z,77299,77299.01,0.01,77299.005,-0.1489813533699421721314293579
BTC-USD,2026-08-28T20:34:20.454752Z,77299,77299.01,0.01,77299.005,-0.1489813533699421721314293579
BTC-USD,2026-08-28T20:34:20.479143Z,77299,77299.01,0.01,77299.005,-0.1489813533699421721314293579
BTC-USD,2026-08-28T20:34:20.571635Z,77301.11,77301.12,0.01,77301.115,-0.05413937703919092947764951779
BTC-USD,2026-08-28T20:34:20.639481Z,77301.11,77301.12,0.01,77301.115,-0.2083818436437497306606049462
BTC-USD,2026-08-28T20:34:20.685376Z,77301.11,77301.12,0.01,77301.115,-0.2116780100692843926141798066
BTC-USD,2026-08-28T20:34:20.735162Z,77301.1,77301.11,0.01,77301.105,0.2371660248952709919439178409
BTC-USD,2026-08-28T20:34:20.787725Z,77301.1,77301.11,0.01,77301.105,0.2371660248952709919439178409
BTC-USD,2026-08-28T20:34:20.843873Z,77301.1,77301.11,0.01,77301.105,0.2372013766827977975799688029
BTC-USD,2026-08-28T20:34:20.899293Z,77301.1,77301.11,0.01,77301.105,0.2286945592061110866872685442
BTC-USD,2026-08-28T20:34:20.927235Z,77301.1,77301.11,0.01,77301.105,0.2286945592061110866872685442
BTC-USD,2026-08-28T20:34:20.989049Z,77301.1,77301.11,0.01,77301.105,0.2286945592061110866872685442
BTC-USD,2026-08-28T20:34:21.035038Z,77301.1,77301.11,0.01,77301.105,0.2286945592061110866872685442
BTC-USD,2026-08-28T20:34:21.082168Z,77301.1,77301.11,0.01,77301.105,0.3713329103455219605608984717
BTC-USD,2026-08-28T20:34:21.131815Z,77301.1,77301.11,0.01,77301.105,0.2952944912010122169119702711
BTC-USD,2026-08-28T20:34:21.203344Z,77301.1,77301.11,0.01,77301.105,0.2889130492825309159013944810
BTC-USD,2026-08-28T20:34:21.232809Z,77301.1,77301.11,0.01,77301.105,0.2889130492825309159013944810
BTC-USD,2026-08-28T20:34:21.2974Z,77301.1,77301.11,0.01,77301.105,0.2889130492825309159013944810
BTC-USD,2026-08-28T20:34:21.337186Z,77301.1,77301.11,0.01,77301.105,0.2889130492825309159013944810
BTC-USD,2026-08-28T20:34:21.386872Z,77301.1,77301.11,0.01,77301.105,0.2889130492825309159013944810
BTC-USD,2026-08-28T20:34:21.451962Z,77301.1,77301.11,0.01,77301.105,0.2889130492825309159013944810
BTC-USD,2026-08-28T20:34:21.491368Z,77299.06,77301.1,2.04,77300.08,0.2804293872061359949841732677
BTC-USD,2026-08-28T20:34:21.548184Z,77300.82,77301.04,0.22,77300.93,0.3828925104639772018879686526
BTC-USD,2026-08-28T20:34:21.604703Z,77301.03,77301.04,0.01,77301.035,0.4309658241038559444830191979
BTC-USD,2026-08-28T20:34:21.643531Z,77301.03,77301.04,0.01,77301.035,0.3382995328817695080190249818
BTC-USD,2026-08-28T20:34:21.686586Z,77301,77301.04,0.04,77301.02,0.2869063774691973704237462403
BTC-USD,2026-08-28T20:34:21.718509Z,77299,77301,2,77300,-0.9451602772820798173827854361
BTC-USD,2026-08-28T20:34:21.780004Z,77299,77299.97,0.97,77299.485,-0.2475550350024716327778902660
BTC-USD,2026-08-28T20:34:21.825637Z,77300.99,77301,0.01,77300.995,-0.5509140041534886003943365086
BTC-USD,2026-08-28T20:34:21.892709Z,77300.99,77301,0.01,77300.995,-0.4202598097786300419651865933
BTC-USD,2026-08-28T20:34:21.933934Z,77300.99,77301,0.01,77300.995,-0.4202598097786300419651865933
BTC-USD,2026-08-28T20:34:21.979468Z,77300.99,77301,0.01,77300.995,-0.4202598097786300419651865933
BTC-USD,2026-08-28T20:34:22.037439Z,77300.99,77301,0.01,77300.995,-0.4385808936290810782996154265
BTC-USD,2026-08-28T20:34:22.12261Z,77300.87,77300.96,0.09,77300.915,-0.7553164297580859468599759059
BTC-USD,2026-08-28T20:34:22.17498Z,77300.94,77300.95,0.01,77300.945,-0.3016831590174301988474487123
BTC-USD,2026-08-28T20:34:22.233721Z,77300.94,77300.95,0.01,77300.945,-0.5899851983307019000404804887
BTC-USD,2026-08-28T20:34:22.272404Z,77300.94,77300.95,0.01,77300.945,-0.5899851983307019000404804887
BTC-USD,2026-08-28T20:34:22.337203Z,77300.94,77300.95,0.01,77300.945,-0.5899851983307019000404804887
BTC-USD,2026-08-28T20:34:22.397186Z,77300.94,77300.95,0.01,77300.945,-0.5167860272618382220237799313
BTC-USD,2026-08-28T20:34:22.434397Z,77300.94,77300.95,0.01,77300.945,-0.5167860272618382220237799313
BTC-USD,2026-08-28T20:34:22.492762Z,77300.94,77300.95,0.01,77300.945,-0.5167860272618382220237799313
BTC-USD,2026-08-28T20:34:22.535088Z,77300.94,77300.95,0.01,77300.945,-0.5167860272618382220237799313
BTC-USD,2026-08-28T20:34:22.580352Z,77300.94,77300.95,0.01,77300.945,-0.6039938303389366474651776366
BTC-USD,2026-08-28T20:34:22.599805Z,77300.94,77300.95,0.01,77300.945,-0.6039938303389366474651776366
BTC-USD,2026-08-28T20:34:22.680518Z,77300.94,77300.95,0.01,77300.945,-0.6039938303389366474651776366
BTC-USD,2026-08-28T20:34:22.744916Z,77300.94,77300.95,0.01,77300.945,-0.6039938303389366474651776366
BTC-USD,2026-08-28T20:34:22.778966Z,77300.94,77300.95,0.01,77300.945,-0.6039938303389366474651776366
BTC-USD,2026-08-28T20:34:22.828655Z,77300.94,77300.95,0.01,77300.945,-0.6039938303389366474651776366
BTC-USD,2026-08-28T20:34:22.891103Z,77300.4,77300.93,0.53,77300.665,-0.8109144581366522191757067898
BTC-USD,2026-08-28T20:34:23.050609Z,77300.4,77300.41,0.01,77300.405,-0.6120891737449329535637715107
BTC-USD,2026-08-28T20:34:23.12054Z,77300.4,77300.41,0.01,77300.405,-0.6543761453388244309891892980
BTC-USD,2026-08-28T20:34:23.141093Z,77300.4,77300.41,0.01,77300.405,-0.6072753910647056991066739403
BTC-USD,2026-08-28T20:34:23.182959Z,77300.4,77300.41,0.01,77300.405,-0.5736744344735415946050687133
BTC-USD,2026-08-28T20:34:23.287908Z,77300.4,77300.41,0.01,77300.405,-0.5736744344735415946050687133
BTC-USD,2026-08-28T20:34:23.345477Z,77300.4,77300.41,0.01,77300.405,-0.5831447370411512925629539016
BTC-USD,2026-08-28T20:34:23.383673Z,77300.4,77300.41,0.01,77300.405,-0.5955468275524747934944862443
BTC-USD,2026-08-28T20:34:23.441274Z,77300.4,77300.41,0.01,77300.405,-0.5954207253862263381710251745
BTC-USD,2026-08-28T20:34:23.485919Z,77300.4,77300.41,0.01,77300.405,-0.5954207253862263381710251745
BTC-USD,2026-08-28T20:34:23.528184Z,77300.4,77300.41,0.01,77300.405,-0.5953693174749087327813228749
BTC-USD,2026-08-28T20:34:23.577659Z,77300.4,77300.41,0.01,77300.405,-0.5953538929553634306931760903
BTC-USD,2026-08-28T20:34:23.638322Z,77300.4,77300.41,0.01,77300.405,-0.5953538929553634306931760903
BTC-USD,2026-08-28T20:34:23.685931Z,77300.4,77300.41,0.01,77300.405,-0.5953538929553634306931760903
BTC-USD,2026-08-28T20:34:23.749451Z,77300.4,77300.41,0.01,77300.405,-0.5948390390169861534786064878
BTC-USD,2026-08-28T20:34:23.783365Z,77300.4,77300.41,0.01,77300.405,-0.5948390390169861534786064878
BTC-USD,2026-08-28T20:34:23.889395Z,77300.4,77300.41,0.01,77300.405,-0.5948390390169861534786064878
BTC-USD,2026-08-28T20:34:23.92923Z,77300.4,77300.41,0.01,77300.405,-0.6741743947747543908301905304
BTC-USD,2026-08-28T20:34:23.975591Z,77300.4,77300.41,0.01,77300.405,-0.6741743947747543908301905304
BTC-USD,2026-08-28T20:34:24.021363Z,77300.4,77300.41,0.01,77300.405,-0.6741743947747543908301905304
BTC-USD,2026-08-28T20:34:24.089967Z,77300.4,77300.41,0.01,77300.405,-0.6741743947747543908301905304
BTC-USD,2026-08-28T20:34:24.130331Z,77300.4,77300.41,0.01,77300.405,-0.7127950595727733904220962729
BTC-USD,2026-08-28T20:34:24.198324Z,77300.4,77300.41,0.01,77300.405,-0.7127950595727733904220962729
BTC-USD,2026-08-28T20:34:24.251187Z,77300.4,77300.41,0.01,77300.405,-0.7127950595727733904220962729
BTC-USD,2026-08-28T20:34:24.277682Z,77300.4,77300.41,0.01,77300.405,-0.7120225173357722506478365202
BTC-USD,2026-08-28T20:34:24.346798Z,77300.4,77300.41,0.01,77300.405,-0.7120225173357722506478365202
BTC-USD,2026-08-28T20:34:24.400838Z,77300.4,77300.41,0.01,77300.405,-0.7120225173357722506478365202
BTC-USD,2026-08-28T20:34:24.44996Z,77300.4,77300.41,0.01,77300.405,-0.6018722659571788586330673661
BTC-USD,2026-08-28T20:34:24.495061Z,77300.4,77300.41,0.01,77300.405,-0.6018722659571788586330673661
BTC-USD,2026-08-28T20:34:24.546176Z,77300.4,77300.41,0.01,77300.405,-0.6018722659571788586330673661
BTC-USD,2026-08-28T20:34:24.589802Z,77300.4,77300.41,0.01,77300.405,-0.6018722659571788586330673661
BTC-USD,2026-08-28T20:34:24.632625Z,77300.4,77300.41,0.01,77300.405,-0.6018722659571788586330673661
BTC-USD,2026-08-28T20:34:24.651647Z,77300.4,77300.41,0.01,77300.405,-0.6017213802432200246150728616
BTC-USD,2026-08-28T20:34:24.739092Z,77300.4,77300.41,0.01,77300.405,-0.4830483862390937687054052912
BTC-USD,2026-08-28T20:34:24.780033Z,77300.4,77300.41,0.01,77300.405,-0.4830483862390937687054052912
BTC-USD,2026-08-28T20:34:24.845118Z,77300.4,77300.41,0.01,77300.405,-0.4830483862390937687054052912
BTC-USD,2026-08-28T20:34:24.883082Z,77300.4,77300.41,0.01,77300.405,-0.4830483862390937687054052912
BTC-USD,2026-08-28T20:34:24.939663Z,77300.4,77300.41,0.01,77300.405,-0.4830483862390937687054052912
BTC-USD,2026-08-28T20:34:24.986899Z,77300.4,77300.41,0.01,77300.405,-0.4830483862390937687054052912
BTC-USD,2026-08-28T20:34:25.048636Z,77300.4,77300.41,0.01,77300.405,-0.4830483862390937687054052912
BTC-USD,2026-08-28T20:34:25.076826Z,77300.4,77300.41,0.01,77300.405,-0.4830483862390937687054052912
BTC-USD,2026-08-28T20:34:25.121696Z,77300.4,77300.41,0.01,77300.405,-0.7115284590525297126095040571
BTC-USD,2026-08-28T20:34:25.189795Z,77299,77299.01,0.01,77299.005,-0.7346727571261973203418716527
BTC-USD,2026-08-28T20:34:25.240388Z,77299,77299.01,0.01,77299.005,-0.7365823966058134249313183576
BTC-USD,2026-08-28T20:34:25.286091Z,77299,77299.01,0.01,77299.005,-0.7365823966058134249313183576
BTC-USD,2026-08-28T20:34:25.331746Z,77299,77299.01,0.01,77299.005,-0.6383828966701052026003037637
BTC-USD,2026-08-28T20:34:25.374962Z,77299,77299.01,0.01,77299.005,-0.6383828966701052026003037637
BTC-USD,2026-08-28T20:34:25.398528Z,77299,77299.01,0.01,77299.005,-0.6383828966701052026003037637
BTC-USD,2026-08-28T20:34:25.498508Z,77299,77299.01,0.01,77299.005,-0.4877997015633572057828614517
BTC-USD,2026-08-28T20:34:25.533085Z,77299,77299.01,0.01,77299.005,-0.4877115384478714907387412412
BTC-USD,2026-08-28T20:34:25.588983Z,77299,77299.01,0.01,77299.005,-0.4877115384478714907387412412
BTC-USD,2026-08-28T20:34:25.63373Z,77299,77299.01,0.01,77299.005,-0.6967178732621660037581384401
BTC-USD,2026-08-28T20:34:25.696751Z,77299,77299.01,0.01,77299.005,-0.4901982338074133451690420174
BTC-USD,2026-08-28T20:34:25.735889Z,77299,77299.01,0.01,77299.005,-0.4901982338074133451690420174
BTC-USD,2026-08-28T20:34:25.788593Z,77299,77299.01,0.01,77299.005,-0.4895639533148727233207841154
BTC-USD,2026-08-28T20:34:25.824924Z,77299,77299.01,0.01,77299.005,-0.4895639533148727233207841154
BTC-USD,2026-08-28T20:34:25.907702Z,77299,77299.01,0.01,77299.005,-0.4895639533148727233207841154
BTC-USD,2026-08-28T20:34:25.938167Z,77299,77299.01,0.01,77299.005,-0.4895639533148727233207841154
BTC-USD,2026-08-28T20:34:25.983165Z,77299,77299.01,0.01,77299.005,-0.4895639533148727233207841154
BTC-USD,2026-08-28T20:34:26.035713Z,77299,77299.01,0.01,77299.005,-0.4895639533148727233207841154
BTC-USD,2026-08-28T20:34:26.076352Z,77299,77299.01,0.01,77299.005,-0.4895639533148727233207841154
BTC-USD,2026-08-28T20:34:26.150419Z,77299,77299.01,0.01,77299.005,-0.4881483583783793744959830550
BTC-USD,2026-08-28T20:34:26.201858Z,77299,77299.01,0.01,77299.005,-0.4887913906630600923378396601
BTC-USD,2026-08-28T20:34:26.240582Z,77299,77299.01,0.01,77299.005,-0.4887913906630600923378396601
BTC-USD,2026-08-28T20:34:26.309424Z,77299,77299.01,0.01,77299.005,-0.4887913906630600923378396601
BTC-USD,2026-08-28T20:34:26.345943Z,77299,77299.01,0.01,77299.005,-0.4887913906630600923378396601
BTC-USD,2026-08-28T20:34:26.396979Z,77299,77299.01,0.01,77299.005,-0.4887913906630600923378396601
BTC-USD,2026-08-28T20:34:26.442144Z,77299,77299.01,0.01,77299.005,-0.4887913906630600923378396601
BTC-USD,2026-08-28T20:34:26.487154Z,77299,77299.01,0.01,77299.005,-0.4881488949048835780933448336
BTC-USD,2026-08-28T20:34:26.504389Z,77299,77299.01,0.01,77299.005,-0.4887913906630600923378396601
BTC-USD,2026-08-28T20:34:26.598879Z,77299,77299.01,0.01,77299.005,-0.4887913906630600923378396601
BTC-USD,2026-08-28T20:34:26.612931Z,77299,77299.01,0.01,77299.005,-0.4887913906630600923378396601
BTC-USD,2026-08-28T20:34:26.692555Z,77299,77299.01,0.01,77299.005,-0.4887913906630600923378396601
BTC-USD,2026-08-28T20:34:26.753505Z,77299,77299.01,0.01,77299.005,-0.5263459462683156107297908235
BTC-USD,2026-08-28T20:34:26.782966Z,77299,77299.01,0.01,77299.005,-0.5263459462683156107297908235
BTC-USD,2026-08-28T20:34:26.832405Z,77299,77299.01,0.01,77299.005,-0.5263459462683156107297908235
BTC-USD,2026-08-28T20:34:26.905432Z,77299,77299.01,0.01,77299.005,-0.5264226301864796322515233796
BTC-USD,2026-08-28T20:34:26.927402Z,77299,77299.01,0.01,77299.005,-0.5264226301864796322515233796
BTC-USD,2026-08-28T20:34:27.000819Z,77299,77299.01,0.01,77299.005,-0.5264226301864796322515233796
BTC-USD,2026-08-28T20:34:27.035165Z,77299,77299.01,0.01,77299.005,-0.5264226301864796322515233796
BTC-USD,2026-08-28T20:34:27.08713Z,77299,77299.01,0.01,77299.005,-0.5264226301864796322515233796
BTC-USD,2026-08-28T20:34:27.134694Z,77299,77299.01,0.01,77299.005,-0.5264226301864796322515233796
BTC-USD,2026-08-28T20:34:27.194793Z,77299,77299.01,0.01,77299.005,-0.5263459462683156107297908235
BTC-USD,2026-08-28T20:34:27.24113Z,77299,77299.01,0.01,77299.005,-0.5257942468006254851850437529
BTC-USD,2026-08-28T20:34:27.295922Z,77299,77299.01,0.01,77299.005,-0.4887913906630600923378396601
BTC-USD,2026-08-28T20:34:27.348668Z,77299,77299.01,0.01,77299.005,-0.4887913906630600923378396601
BTC-USD,2026-08-28T20:34:27.400585Z,77299,77299.01,0.01,77299.005,-0.4887913906630600923378396601
BTC-USD,2026-08-28T20:34:27.499304Z,77299,77299.01,0.01,77299.005,-0.4887913906630600923378396601
BTC-USD,2026-08-28T20:34:27.547375Z,77299,77299.01,0.01,77299.005,-0.4887913906630600923378396601
BTC-USD,2026-08-28T20:34:27.577394Z,77299,77299.01,0.01,77299.005,-0.4887913906630600923378396601
BTC-USD,2026-08-28T20:34:27.640317Z,77299,77299.01,0.01,77299.005,-0.4887913906630600923378396601
BTC-USD,2026-08-28T20:34:27.701579Z,77299,77299.01,0.01,77299.005,-0.4887913906630600923378396601
BTC-USD,2026-08-28T20:34:27.787491Z,77299,77299.01,0.01,77299.005,-0.4887913906630600923378396601
BTC-USD,2026-08-28T20:34:27.844059Z,77299,77299.01,0.01,77299.005,-0.4887913906630600923378396601
BTC-USD,2026-08-28T20:34:27.883736Z,77299,77299.01,0.01,77299.005,-0.4469470091825292731242515017
BTC-USD,2026-08-28T20:34:27.901128Z,77299,77299.01,0.01,77299.005,-0.4469470091825292731242515017
BTC-USD,2026-08-28T20:34:27.99405Z,77299,77299.01,0.01,77299.005,-0.4469470091825292731242515017
BTC-USD,2026-08-28T20:34:28.040907Z,77299,77299.01,0.01,77299.005,-0.4469470091825292731242515017
BTC-USD,2026-08-28T20:34:28.063991Z,77299,77299.01,0.01,77299.005,-0.4469470091825292731242515017
BTC-USD,2026-08-28T20:34:28.12052Z,77299,77299.01,0.01,77299.005,-0.4469470091825292731242515017
BTC-USD,2026-08-28T20:34:28.187509Z,77299,77299.01,0.01,77299.005,-0.4896921484666114499965226915
BTC-USD,2026-08-28T20:34:28.23622Z,77299,77299.01,0.01,77299.005,-0.8674573117645986400539038807
BTC-USD,2026-08-28T20:34:28.281663Z,77299,77299.01,0.01,77299.005,-0.8674573117645986400539038807
BTC-USD,2026-08-28T20:34:28.3431Z,77299,77299.01,0.01,77299.005,-0.8674573117645986400539038807
BTC-USD,2026-08-28T20:34:28.385031Z,77299,77299.01,0.01,77299.005,-0.8674573117645986400539038807
BTC-USD,2026-08-28T20:34:28.422683Z,77296.8,77296.81,0.01,77296.805,-0.6159061369665863537299328202
BTC-USD,2026-08-28T20:34:28.473785Z,77296.8,77296.81,0.01,77296.805,-0.6159061369665863537299328202
BTC-USD,2026-08-28T20:34:28.551474Z,77296.8,77296.81,0.01,77296.805,-0.6970772651463290185504383114
BTC-USD,2026-08-28T20:34:28.584505Z,77296.8,77296.81,0.01,77296.805,-0.7134450533456306576799090613
BTC-USD,2026-08-28T20:34:28.654292Z,77296.65,77296.8,0.15,77296.725,-0.4901140364507846163444607677
BTC-USD,2026-08-28T20:34:28.704585Z,77296.64,77296.65,0.01,77296.645,-0.7094031155895543751129971434
BTC-USD,2026-08-28T20:34:28.734251Z,77296.64,77296.65,0.01,77296.645,-0.7094031155895543751129971434
BTC-USD,2026-08-28T20:34:28.797845Z,77296.64,77296.65,0.01,77296.645,-0.7091075012241045608071462046
BTC-USD,2026-08-28T20:34:28.852277Z,77296.64,77296.65,0.01,77296.645,-0.7094031155895543751129971434
BTC-USD,2026-08-28T20:34:28.888076Z,77296.64,77296.65,0.01,77296.645,-0.7094031155895543751129971434
BTC-USD,2026-08-28T20:34:28.949883Z,77296.64,77296.65,0.01,77296.645,-0.7094432957395072454896859086
BTC-USD,2026-08-28T20:34:28.988971Z,77296.64,77296.65,0.01,77296.645,-0.7190817414355942051939386164
BTC-USD,2026-08-28T20:34:29.03046Z,77296.64,77296.65,0.01,77296.645,-0.6509080148277282653745446583
BTC-USD,2026-08-28T20:34:29.091203Z,77296.64,77296.65,0.01,77296.645,-0.6509080148277282653745446583
BTC-USD,2026-08-28T20:34:29.141041Z,77296.64,77296.65,0.01,77296.645,-0.6509080148277282653745446583
BTC-USD,2026-08-28T20:34:29.203234Z,77296.64,77296.65,0.01,77296.645,-0.6509080148277282653745446583
BTC-USD,2026-08-28T20:34:29.243884Z,77296.64,77296.65,0.01,77296.645,-0.6509080148277282653745446583
BTC-USD,2026-08-28T20:34:29.299403Z,77296.64,77296.65,0.01,77296.645,-0.6509080148277282653745446583
BTC-USD,2026-08-28T20:34:29.351966Z,77296.64,77296.65,0.01,77296.645,-0.6631948035382328130259628715
BTC-USD,2026-08-28T20:34:29.394489Z,77296.64,77296.65,0.01,77296.645,-0.6631948035382328130259628715
BTC-USD,2026-08-28T20:34:29.44566Z,77296.64,77296.65,0.01,77296.645,-0.6629051753822976872191458715
BTC-USD,2026-08-28T20:34:29.487007Z,77296.64,77296.65,0.01,77296.645,-0.6629051753822976872191458715
BTC-USD,2026-08-28T20:34:29.54417Z,77296.64,77296.65,0.01,77296.645,-0.6629051753822976872191458715
BTC-USD,2026-08-28T20:34:29.600727Z,77296.64,77296.65,0.01,77296.645,-0.6629051753822976872191458715
BTC-USD,2026-08-28T20:34:29.636604Z,77296.64,77296.65,0.01,77296.645,-0.6629051753822976872191458715
BTC-USD,2026-08-28T20:34:29.70236Z,77296.64,77296.65,0.01,77296.645,-0.6629051753822976872191458715
BTC-USD,2026-08-28T20:34:29.747236Z,77296.64,77296.65,0.01,77296.645,-0.6629051753822976872191458715
BTC-USD,2026-08-28T20:34:29.794654Z,77296.64,77296.65,0.01,77296.645,-0.6629051753822976872191458715
BTC-USD,2026-08-28T20:34:29.828329Z,77296.64,77296.65,0.01,77296.645,-0.6629051753822976872191458715
BTC-USD,2026-08-28T20:34:29.895993Z,77296.64,77296.65,0.01,77296.645,-0.6629051753822976872191458715
BTC-USD,2026-08-28T20:34:29.914892Z,77296.64,77296.65,0.01,77296.645,-0.6629051753822976872191458715
BTC-USD,2026-08-28T20:34:29.994456Z,77296.64,77296.65,0.01,77296.645,-0.6629051753822976872191458715
BTC-USD,2026-08-28T20:34:30.020577Z,77296.64,77296.65,0.01,77296.645,-0.6629051753822976872191458715
BTC-USD,2026-08-28T20:34:30.080079Z,77296.64,77296.65,0.01,77296.645,-0.6513893022760783199334261023
BTC-USD,2026-08-28T20:34:30.135763Z,77296.64,77296.65,0.01,77296.645,-0.6096786537474990301871636019
BTC-USD,2026-08-28T20:34:30.193022Z,77296.64,77296.65,0.01,77296.645,-0.6096776784720661491627764278
BTC-USD,2026-08-28T20:34:30.235482Z,77296.64,77296.65,0.01,77296.645,-0.7525005323333407114223420929
BTC-USD,2026-08-28T20:34:30.289661Z,77296.64,77296.65,0.01,77296.645,-0.7525005323333407114223420929
BTC-USD,2026-08-28T20:34:30.34585Z,77296.64,77296.65,0.01,77296.645,-0.5632839147051091741131777293
BTC-USD,2026-08-28T20:34:30.394949Z,77296.64,77296.65,0.01,77296.645,-0.5632855369239871503014529491
BTC-USD,2026-08-28T20:34:30.439359Z,77296.64,77296.65,0.01,77296.645,-0.5632845289783948798671849249
BTC-USD,2026-08-28T20:34:30.484752Z,77296.64,77296.65,0.01,77296.645,-0.5632845289783948798671849249
BTC-USD,2026-08-28T20:34:30.534956Z,77296.64,77296.65,0.01,77296.645,-0.5632845289783948798671849249
BTC-USD,2026-08-28T20:34:30.598238Z,77296.64,77296.65,0.01,77296.645,-0.5632629955777371415392323366
BTC-USD,2026-08-28T20:34:30.641663Z,77296.64,77296.65,0.01,77296.645,-0.7523089963337471985303470502
BTC-USD,2026-08-28T20:34:30.694804Z,77296.64,77296.65,0.01,77296.645,-0.7523089963337471985303470502
BTC-USD,2026-08-28T20:34:30.732977Z,77296.64,77296.65,0.01,77296.645,-0.7523089963337471985303470502
BTC-USD,2026-08-28T20:34:30.780343Z,77296.64,77296.65,0.01,77296.645,-0.7523089963337471985303470502
BTC-USD,2026-08-28T20:34:30.833549Z,77295.7,77295.71,0.01,77295.705,-0.3669341453116408150861149140
BTC-USD,2026-08-28T20:34:30.881379Z,77295.7,77295.71,0.01,77295.705,-0.2460730241720993027104534906
BTC-USD,2026-08-28T20:34:30.933974Z,77295.7,77295.71,0.01,77295.705,-0.4484440886033331106797277976
BTC-USD,2026-08-28T20:34:31.004866Z,77295.7,77295.71,0.01,77295.705,-0.5984519430895316439119566686
BTC-USD,2026-08-28T20:34:31.087095Z,77295.7,77295.71,0.01,77295.705,-0.6922125406534015736204355665
BTC-USD,2026-08-28T20:34:31.139976Z,77295.7,77295.71,0.01,77295.705,-0.6320644343625289390862791922
BTC-USD,2026-08-28T20:34:31.167819Z,77295.7,77295.71,0.01,77295.705,-0.6890545811485488705452607114
BTC-USD,2026-08-28T20:34:31.234216Z,77295.7,77295.71,0.01,77295.705,-0.6890545811485488705452607114
BTC-USD,2026-08-28T20:34:31.279359Z,77295.7,77295.71,0.01,77295.705,-0.7614297976943863931602848554
BTC-USD,2026-08-28T20:34:31.33721Z,77295.7,77295.71,0.01,77295.705,-0.7614297976943863931602848554
BTC-USD,2026-08-28T20:34:31.384447Z,77295.7,77295.71,0.01,77295.705,-0.7614297976943863931602848554
BTC-USD,2026-08-28T20:34:31.416722Z,77295.7,77295.71,0.01,77295.705,-0.7614297976943863931602848554
BTC-USD,2026-08-28T20:34:31.543205Z,77294.46,77294.47,0.01,77294.465,-0.6318867668683089373536176310
BTC-USD,2026-08-28T20:34:31.568722Z,77294.46,77294.47,0.01,77294.465,-0.6318867668683089373536176310
BTC-USD,2026-08-28T20:34:31.634155Z,77294.46,77294.47,0.01,77294.465,-0.6318867668683089373536176310
BTC-USD,2026-08-28T20:34:31.681364Z,77294.46,77294.47,0.01,77294.465,-0.5010033952259917099437827176
BTC-USD,2026-08-28T20:34:31.706404Z,77294.46,77294.47,0.01,77294.465,-0.5010033952259917099437827176
BTC-USD,2026-08-28T20:34:31.773887Z,77294.46,77294.47,0.01,77294.465,-0.5232284252731563861009268625
BTC-USD,2026-08-28T20:34:31.823193Z,77294.46,77294.47,0.01,77294.465,-0.2198491577944834195092210364
BTC-USD,2026-08-28T20:34:31.886955Z,77294.46,77294.47,0.01,77294.465,-0.3052676198198303301814335408
BTC-USD,2026-08-28T20:34:31.930339Z,77294.46,77294.47,0.01,77294.465,-0.3052676198198303301814335408
BTC-USD,2026-08-28T20:34:31.997297Z,77294.46,77294.47,0.01,77294.465,-0.3052676198198303301814335408
BTC-USD,2026-08-28T20:34:32.053323Z,77294.46,77294.47,0.01,77294.465,-0.3052676198198303301814335408
BTC-USD,2026-08-28T20:34:32.099261Z,77294.46,77294.47,0.01,77294.465,-0.3052676198198303301814335408
BTC-USD,2026-08-28T20:34:32.126279Z,77294.46,77294.47,0.01,77294.465,-0.3052676198198303301814335408
BTC-USD,2026-08-28T20:34:32.202436Z,77294.46,77294.47,0.01,77294.465,-0.3129171747432148963002291690
BTC-USD,2026-08-28T20:34:32.2305Z,77294.46,77294.47,0.01,77294.465,-0.3129171747432148963002291690
BTC-USD,2026-08-28T20:34:32.28669Z,77294.46,77294.47,0.01,77294.465,-0.3129171747432148963002291690
BTC-USD,2026-08-28T20:34:32.322239Z,77294.46,77294.47,0.01,77294.465,-0.3129171747432148963002291690
BTC-USD,2026-08-28T20:34:32.392678Z,77294.46,77294.47,0.01,77294.465,-0.3129128745403812553785172243
BTC-USD,2026-08-28T20:34:32.450675Z,77294.46,77294.47,0.01,77294.465,-0.3179934648567475218186475098
BTC-USD,2026-08-28T20:34:32.503565Z,77294.46,77294.47,0.01,77294.465,-0.2340024416349697574971311138
BTC-USD,2026-08-28T20:34:32.540758Z,77294.46,77294.47,0.01,77294.465,-0.2340024416349697574971311138
BTC-USD,2026-08-28T20:34:32.591454Z,77294.46,77294.47,0.01,77294.465,-0.3177672822558612788234819202
BTC-USD,2026-08-28T20:34:32.635157Z,77294.46,77294.47,0.01,77294.465,-0.2340024416349697574971311138
BTC-USD,2026-08-28T20:34:32.702529Z,77294.46,77294.47,0.01,77294.465,-0.3177672822558612788234819202
BTC-USD,2026-08-28T20:34:32.735572Z,77294.46,77294.47,0.01,77294.465,-0.3177672822558612788234819202
BTC-USD,2026-08-28T20:34:32.799823Z,77294.45,77294.46,0.01,77294.455,-0.8403271096851543444897684798
BTC-USD,2026-08-28T20:34:32.830831Z,77294.45,77294.46,0.01,77294.455,-0.8403271096851543444897684798
BTC-USD,2026-08-28T20:34:32.89459Z,77294.45,77294.46,0.01,77294.455,-0.8403271096851543444897684798
BTC-USD,2026-08-28T20:34:32.947516Z,77294.45,77294.46,0.01,77294.455,-0.8205496304479691047780004227
BTC-USD,2026-08-28T20:34:32.974914Z,77294.45,77294.46,0.01,77294.455,-0.8205496304479691047780004227
BTC-USD,2026-08-28T20:34:33.030655Z,77294.45,77294.46,0.01,77294.455,-0.8205496304479691047780004227
BTC-USD,2026-08-28T20:34:33.103169Z,77294.45,77294.46,0.01,77294.455,-0.8205496304479691047780004227
BTC-USD,2026-08-28T20:34:33.114812Z,77294.45,77294.46,0.01,77294.455,-0.8205496304479691047780004227
BTC-USD,2026-08-28T20:34:33.183987Z,77294.45,77294.46,0.01,77294.455,-0.8205496304479691047780004227
BTC-USD,2026-08-28T20:34:33.227554Z,77294.45,77294.46,0.01,77294.455,-0.8001599225954257512873762400
BTC-USD,2026-08-28T20:34:33.27564Z,77294.45,77294.46,0.01,77294.455,-0.8001599225954257512873762400
BTC-USD,2026-08-28T20:34:33.351865Z,77294.45,77294.46,0.01,77294.455,-0.8001599225954257512873762400
BTC-USD,2026-08-28T20:34:33.404304Z,77294.45,77294.46,0.01,77294.455,-0.8001599225954257512873762400
BTC-USD,2026-08-28T20:34:33.435354Z,77294.45,77294.46,0.01,77294.455,-0.3453656977461291546293348827
BTC-USD,2026-08-28T20:34:33.492154Z,77294.45,77294.46,0.01,77294.455,-0.3453656977461291546293348827
BTC-USD,2026-08-28T20:34:33.538859Z,77294.45,77294.46,0.01,77294.455,-0.3453656977461291546293348827
BTC-USD,2026-08-28T20:34:33.588951Z,77294.45,77294.46,0.01,77294.455,-0.2701244362701940528699701803
BTC-USD,2026-08-28T20:34:33.653805Z,77294.45,77294.46,0.01,77294.455,-0.2701244362701940528699701803
BTC-USD,2026-08-28T20:34:33.665245Z,77294.45,77294.46,0.01,77294.455,-0.2701244362701940528699701803
BTC-USD,2026-08-28T20:34:33.74281Z,77294.45,77294.46,0.01,77294.455,-0.2701244362701940528699701803
BTC-USD,2026-08-28T20:34:33.784098Z,77294.45,77294.46,0.01,77294.455,-0.2701244362701940528699701803
BTC-USD,2026-08-28T20:34:33.844863Z,77294.45,77294.46,0.01,77294.455,-0.3453656977461291546293348827
BTC-USD,2026-08-28T20:34:33.892107Z,77294.45,77294.46,0.01,77294.455,-0.4666864338942237930529750671
BTC-USD,2026-08-28T20:34:33.936751Z,77294.45,77294.46,0.01,77294.455,-0.4666864338942237930529750671
BTC-USD,2026-08-28T20:34:33.952296Z,77294.45,77294.46,0.01,77294.455,-0.4666864338942237930529750671
BTC-USD,2026-08-28T20:34:34.050159Z,77294.45,77294.46,0.01,77294.455,-0.4666864338942237930529750671
BTC-USD,2026-08-28T20:34:34.127563Z,77294.45,77294.46,0.01,77294.455,-0.4666864338942237930529750671
BTC-USD,2026-08-28T20:34:34.202171Z,77294.45,77294.46,0.01,77294.455,-0.4666864338942237930529750671
BTC-USD,2026-08-28T20:34:34.231118Z,77294.45,77294.46,0.01,77294.455,-0.4666864338942237930529750671
BTC-USD,2026-08-28T20:34:34.278909Z,77294.45,77294.46,0.01,77294.455,-0.4666864338942237930529750671
BTC-USD,2026-08-28T20:34:34.347531Z,77294.45,77294.46,0.01,77294.455,-0.4666864338942237930529750671
BTC-USD,2026-08-28T20:34:34.377059Z,77294.45,77294.46,0.01,77294.455,-0.4666864338942237930529750671
BTC-USD,2026-08-28T20:34:34.43185Z,77294.45,77294.46,0.01,77294.455,-0.4666864338942237930529750671
BTC-USD,2026-08-28T20:34:34.487018Z,77294.45,77294.46,0.01,77294.455,-0.4666864338942237930529750671
BTC-USD,2026-08-28T20:34:34.526022Z,77294.45,77294.46,0.01,77294.455,-0.4666864338942237930529750671
BTC-USD,2026-08-28T20:34:34.64351Z,77294.45,77294.46,0.01,77294.455,-0.4666864338942237930529750671
BTC-USD,2026-08-28T20:34:34.690276Z,77294.45,77294.46,0.01,77294.455,-0.4666864338942237930529750671
BTC-USD,2026-08-28T20:34:34.803927Z,77294.45,77294.46,0.01,77294.455,-0.4666864338942237930529750671
BTC-USD,2026-08-28T20:34:34.851082Z,77294.45,77294.46,0.01,77294.455,-0.4666864338942237930529750671
BTC-USD,2026-08-28T20:34:34.896207Z,77294.45,77294.46,0.01,77294.455,-0.4703863953727547692538672508
BTC-USD,2026-08-28T20:34:34.947271Z,77294.45,77294.46,0.01,77294.455,-0.4703863953727547692538672508
BTC-USD,2026-08-28T20:34:34.991355Z,77294.45,77294.46,0.01,77294.455,-0.4703863953727547692538672508
BTC-USD,2026-08-28T20:34:35.035183Z,77294.45,77294.46,0.01,77294.455,-0.4703863953727547692538672508
BTC-USD,2026-08-28T20:34:35.091894Z,77294.45,77294.46,0.01,77294.455,-0.4703863953727547692538672508
BTC-USD,2026-08-28T20:34:35.134101Z,77294.45,77294.46,0.01,77294.455,-0.4703863953727547692538672508
BTC-USD,2026-08-28T20:34:35.195849Z,77294.45,77294.46,0.01,77294.455,-0.4703863953727547692538672508
BTC-USD,2026-08-28T20:34:35.234599Z,77294.45,77294.46,0.01,77294.455,-0.4703863953727547692538672508
BTC-USD,2026-08-28T20:34:35.272143Z,77294.45,77294.46,0.01,77294.455,-0.4703863953727547692538672508
BTC-USD,2026-08-28T20:34:35.327532Z,77294.45,77294.46,0.01,77294.455,-0.4703863953727547692538672508
BTC-USD,2026-08-28T20:34:35.37855Z,77294.45,77294.46,0.01,77294.455,-0.4703863953727547692538672508
BTC-USD,2026-08-28T20:34:35.466737Z,77294.45,77294.46,0.01,77294.455,-0.4703863953727547692538672508
BTC-USD,2026-08-28T20:34:35.505721Z,77294.45,77294.46,0.01,77294.455,-0.4703863953727547692538672508
BTC-USD,2026-08-28T20:34:35.589761Z,77294.45,77294.46,0.01,77294.455,-0.4703338974225078013145303259
BTC-USD,2026-08-28T20:34:35.628541Z,77294.45,77294.46,0.01,77294.455,-0.4703338974225078013145303259
BTC-USD,2026-08-28T20:34:35.689721Z,77294.45,77294.46,0.01,77294.455,-0.4703338974225078013145303259
BTC-USD,2026-08-28T20:34:35.752997Z,77294.45,77294.46,0.01,77294.455,-0.4703338974225078013145303259
BTC-USD,2026-08-28T20:34:35.801009Z,77294.45,77294.46,0.01,77294.455,-0.4703338974225078013145303259
BTC-USD,2026-08-28T20:34:35.849011Z,77294.45,77294.46,0.01,77294.455,-0.4703338974225078013145303259
BTC-USD,2026-08-28T20:34:35.894681Z,77294.45,77294.46,0.01,77294.455,-0.4698727466583628532561261395
BTC-USD,2026-08-28T20:34:35.951769Z,77294.45,77294.46,0.01,77294.455,-0.4698727466583628532561261395
BTC-USD,2026-08-28T20:34:35.999311Z,77294.45,77294.46,0.01,77294.455,-0.4698727466583628532561261395
BTC-USD,2026-08-28T20:34:36.027822Z,77294.45,77294.46,0.01,77294.455,-0.4698727466583628532561261395
BTC-USD,2026-08-28T20:34:36.078652Z,77294.45,77294.46,0.01,77294.455,-0.4698238404284448752315583551
BTC-USD,2026-08-28T20:34:36.136184Z,77294.45,77294.46,0.01,77294.455,-0.4698238404284448752315583551
BTC-USD,2026-08-28T20:34:36.187384Z,77294.45,77294.46,0.01,77294.455,-0.4698238404284448752315583551
BTC-USD,2026-08-28T20:34:36.226373Z,77294.45,77294.46,0.01,77294.455,-0.4698238404284448752315583551
BTC-USD,2026-08-28T20:34:36.281267Z,77294.45,77294.46,0.01,77294.455,-0.4698238404284448752315583551
BTC-USD,2026-08-28T20:34:36.393537Z,77294.45,77294.46,0.01,77294.455,-0.4698238404284448752315583551
BTC-USD,2026-08-28T20:34:36.518061Z,77294.45,77294.46,0.01,77294.455,-0.4698238404284448752315583551
BTC-USD,2026-08-28T20:34:36.539183Z,77294.45,77294.46,0.01,77294.455,-0.4698238404284448752315583551
BTC-USD,2026-08-28T20:34:36.551344Z,77294.45,77294.46,0.01,77294.455,-0.4698238404284448752315583551
BTC-USD,2026-08-28T20:34:36.753504Z,77294.29,77294.3,0.01,77294.295,-0.7072764511770374628608278576
BTC-USD,2026-08-28T20:34:36.79955Z,77294.29,77294.3,0.01,77294.295,-0.8881783002067247077284842536
BTC-USD,2026-08-28T20:34:36.851029Z,77294.29,77294.3,0.01,77294.295,-0.8881783002067247077284842536
BTC-USD,2026-08-28T20:34:36.880243Z,77294.29,77294.3,0.01,77294.295,-0.8881689075062232176812828846
BTC-USD,2026-08-28T20:34:36.947519Z,77294.29,77294.3,0.01,77294.295,-0.8881689075062232176812828846
BTC-USD,2026-08-28T20:34:37.035319Z,77294.29,77294.3,0.01,77294.295,-0.8881689075062232176812828846
BTC-USD,2026-08-28T20:34:37.076346Z,77294.29,77294.3,0.01,77294.295,-0.8881689075062232176812828846
BTC-USD,2026-08-28T20:34:37.135549Z,77294.29,77294.3,0.01,77294.295,-0.8398354951141657761107502322
BTC-USD,2026-08-28T20:34:37.196344Z,77294.29,77294.3,0.01,77294.295,-0.8398354951141657761107502322
BTC-USD,2026-08-28T20:34:37.238295Z,77294.29,77294.3,0.01,77294.295,-0.8398354951141657761107502322
BTC-USD,2026-08-28T20:34:37.325831Z,77294.29,77294.3,0.01,77294.295,-0.8396059205920815914039386677
BTC-USD,2026-08-28T20:34:37.376435Z,77294.29,77294.3,0.01,77294.295,-0.8396059205920815914039386677
BTC-USD,2026-08-28T20:34:37.394752Z,77294.29,77294.3,0.01,77294.295,-0.6977321185226124390765921362
BTC-USD,2026-08-28T20:34:37.474978Z,77294.29,77294.3,0.01,77294.295,-0.6954682368419933774655258313
BTC-USD,2026-08-28T20:34:37.522991Z,77294.29,77294.3,0.01,77294.295,0.2403385578842050807636154518
BTC-USD,2026-08-28T20:34:37.575615Z,77294.29,77294.3,0.01,77294.295,0.2403385578842050807636154518
BTC-USD,2026-08-28T20:34:37.632618Z,77294.29,77294.3,0.01,77294.295,0.2403385578842050807636154518
BTC-USD,2026-08-28T20:34:37.669294Z,77294.29,77294.3,0.01,77294.295,0.2403385578842050807636154518
BTC-USD,2026-08-28T20:34:37.726828Z,77294.29,77294.3,0.01,77294.295,0.2403385578842050807636154518
BTC-USD,2026-08-28T20:34:37.776052Z,77294.29,77294.3,0.01,77294.295,0.2403385578842050807636154518
BTC-USD,2026-08-28T20:34:37.831401Z,77294.29,77294.3,0.01,77294.295,0.2403385578842050807636154518
BTC-USD,2026-08-28T20:34:37.881989Z,77294.29,77294.3,0.01,77294.295,0.1528275767108005186829265405
BTC-USD,2026-08-28T20:34:37.931417Z,77294.29,77294.3,0.01,77294.295,0.1528275767108005186829265405
BTC-USD,2026-08-28T20:34:37.974137Z,77294.29,77294.3,0.01,77294.295,0.1528275767108005186829265405
BTC-USD,2026-08-28T20:34:38.020503Z,77294.29,77294.3,0.01,77294.295,0.1528275767108005186829265405
BTC-USD,2026-08-28T20:34:38.067954Z,77294.29,77294.3,0.01,77294.295,0.1528275767108005186829265405
BTC-USD,2026-08-28T20:34:38.117232Z,77294.29,77294.3,0.01,77294.295,0.002703168392349601144984501169
BTC-USD,2026-08-28T20:34:38.169439Z,77294.29,77294.3,0.01,77294.295,0.1528275767108005186829265405
BTC-USD,2026-08-28T20:34:38.23431Z,77294.29,77294.3,0.01,77294.295,-0.05554132412484252486259989303
BTC-USD,2026-08-28T20:34:38.262999Z,77294.29,77294.3,0.01,77294.295,-0.05554132412484252486259989303
BTC-USD,2026-08-28T20:34:38.340311Z,77294.29,77294.3,0.01,77294.295,-0.05341693292375613417954820245
BTC-USD,2026-08-28T20:34:38.362847Z,77294.29,77294.3,0.01,77294.295,0.07920013906471020665971343116
BTC-USD,2026-08-28T20:34:38.441803Z,77294.29,77294.3,0.01,77294.295,-0.7376907986395918967898132192
BTC-USD,2026-08-28T20:34:38.489132Z,77294.29,77294.3,0.01,77294.295,-0.7333804224638927410839818155
BTC-USD,2026-08-28T20:34:38.510906Z,77294.29,77294.3,0.01,77294.295,-0.7302065359811892380386139024
BTC-USD,2026-08-28T20:34:38.572961Z,77294.29,77294.3,0.01,77294.295,0.4442889861853566838324372156
BTC-USD,2026-08-28T20:34:38.619161Z,77294.29,77294.3,0.01,77294.295,0.4442889861853566838324372156
BTC-USD,2026-08-28T20:34:38.671494Z,77294.29,77294.3,0.01,77294.295,0.4442889861853566838324372156
BTC-USD,2026-08-28T20:34:38.722639Z,77294.29,77294.3,0.01,77294.295,0.2602940101748610898767440265
BTC-USD,2026-08-28T20:34:38.769172Z,77294.29,77294.3,0.01,77294.295,0.1269297823629828369437872581
BTC-USD,2026-08-28T20:34:38.82081Z,77294.29,77294.3,0.01,77294.295,0.1269297823629828369437872581
BTC-USD,2026-08-28T20:34:38.88621Z,77294.29,77294.3,0.01,77294.295,0.1269297823629828369437872581
BTC-USD,2026-08-28T20:34:38.914968Z,77294.29,77294.3,0.01,77294.295,0.1269297823629828369437872581
BTC-USD,2026-08-28T20:34:38.982965Z,77294.29,77294.3,0.01,77294.295,0.1290228654353618967583014693
BTC-USD,2026-08-28T20:34:39.019901Z,77294.29,77294.3,0.01,77294.295,0.1290228654353618967583014693
BTC-USD,2026-08-28T20:34:39.071391Z,77294.29,77294.3,0.01,77294.295,0.1290228654353618967583014693
BTC-USD,2026-08-28T20:34:39.09447Z,77294.29,77294.3,0.01,77294.295,0.1290228654353618967583014693
BTC-USD,2026-08-28T20:34:39.187888Z,77294.29,77294.3,0.01,77294.295,0.1290228654353618967583014693
BTC-USD,2026-08-28T20:34:39.23386Z,77294.29,77294.3,0.01,77294.295,0.1290228654353618967583014693
BTC-USD,2026-08-28T20:34:39.274929Z,77294.29,77294.3,0.01,77294.295,0.1290228654353618967583014693
BTC-USD,2026-08-28T20:34:39.332764Z,77294.29,77294.3,0.01,77294.295,0.1290228654353618967583014693
BTC-USD,2026-08-28T20:34:39.356428Z,77294.29,77294.3,0.01,77294.295,0.1290228654353618967583014693
BTC-USD,2026-08-28T20:34:39.445633Z,77294.29,77294.3,0.01,77294.295,0.1290228654353618967583014693
BTC-USD,2026-08-28T20:34:39.509778Z,77294.29,77294.3,0.01,77294.295,0.1290228654353618967583014693
BTC-USD,2026-08-28T20:34:39.566507Z,77294.29,77294.3,0.01,77294.295,0.1176905571745828802547465522
BTC-USD,2026-08-28T20:34:39.620517Z,77294.29,77294.3,0.01,77294.295,0.1176905571745828802547465522
BTC-USD,2026-08-28T20:34:39.670549Z,77294.29,77294.3,0.01,77294.295,0.1176905571745828802547465522
BTC-USD,2026-08-28T20:34:39.71846Z,77294.29,77294.3,0.01,77294.295,0.1176905571745828802547465522
BTC-USD,2026-08-28T20:34:39.793014Z,77294.29,77294.3,0.01,77294.295,0.1176905571745828802547465522
BTC-USD,2026-08-28T20:34:39.836185Z,77294.29,77294.3,0.01,77294.295,0.1176905571745828802547465522
BTC-USD,2026-08-28T20:34:39.886407Z,77294.29,77294.3,0.01,77294.295,0.1176905571745828802547465522
BTC-USD,2026-08-28T20:34:39.926111Z,77294.29,77294.3,0.01,77294.295,0.1176905571745828802547465522
BTC-USD,2026-08-28T20:34:39.99086Z,77294.29,77294.3,0.01,77294.295,0.1176905571745828802547465522
BTC-USD,2026-08-28T20:34:40.016004Z,77294.29,77294.3,0.01,77294.295,0.1176905571745828802547465522
BTC-USD,2026-08-28T20:34:40.068437Z,77296,77296.01,0.01,77296.005,0.09224638040588567900344942281
BTC-USD,2026-08-28T20:34:40.141975Z,77294.29,77295.41,1.12,77294.85,0.2304642027773300451178470948
BTC-USD,2026-08-28T20:34:40.18771Z,77294.49,77295.35,0.86,77294.92,0.3490470726034719596868436031
BTC-USD,2026-08-28T20:34:40.239428Z,77295.34,77295.35,0.01,77295.345,0.4037596472241076885533787170
BTC-USD,2026-08-28T20:34:40.284323Z,77295.34,77295.35,0.01,77295.345,0.3045940413609342249311915854
BTC-USD,2026-08-28T20:34:40.336143Z,77295.34,77295.35,0.01,77295.345,0.3045940413609342249311915854
BTC-USD,2026-08-28T20:34:40.384985Z,77295.34,77295.35,0.01,77295.345,-0.3509857672389098846730335482
BTC-USD,2026-08-28T20:34:40.424076Z,77295.34,77295.35,0.01,77295.345,-0.3509857672389098846730335482
BTC-USD,2026-08-28T20:34:40.49151Z,77294.29,77294.3,0.01,77294.295,-0.2012077954090540239473077370
BTC-USD,2026-08-28T20:34:40.540141Z,77294.29,77294.3,0.01,77294.295,-0.02602450078940186548796257802
BTC-USD,2026-08-28T20:34:40.587928Z,77294.29,77294.3,0.01,77294.295,-0.1957821030948774665848671570
BTC-USD,2026-08-28T20:34:40.651042Z,77294.29,77294.3,0.01,77294.295,-0.1957567243110872677920073170
BTC-USD,2026-08-28T20:34:40.680026Z,77294.29,77294.3,0.01,77294.295,0.1378198844349687176303703809
BTC-USD,2026-08-28T20:34:40.734719Z,77294.29,77294.3,0.01,77294.295,0.1378198844349687176303703809
BTC-USD,2026-08-28T20:34:40.782852Z,77294.29,77294.3,0.01,77294.295,-0.1780286647321990718020300408
BTC-USD,2026-08-28T20:34:40.838837Z,77294.29,77294.3,0.01,77294.295,0.1727707513187801764180025235
BTC-USD,2026-08-28T20:34:40.892634Z,77294.29,77294.3,0.01,77294.295,0.3328887841275024880989710929
BTC-USD,2026-08-28T20:34:40.945275Z,77294.29,77294.3,0.01,77294.295,0.08982877045858891171002586073
BTC-USD,2026-08-28T20:34:40.981902Z,77294.29,77294.3,0.01,77294.295,-0.08040019203974360810473778459
BTC-USD,2026-08-28T20:34:41.043724Z,77295.44,77295.45,0.01,77295.445,0.1340440552808479418799544297
BTC-USD,2026-08-28T20:34:41.063728Z,77295.44,77295.45,0.01,77295.445,0.1340440552808479418799544297
BTC-USD,2026-08-28T20:34:41.143571Z,77295.44,77295.45,0.01,77295.445,0.1967454645032393755613915597
BTC-USD,2026-08-28T20:34:41.195856Z,77295.44,77295.45,0.01,77295.445,0.1954702660797606506299206987
BTC-USD,2026-08-28T20:34:41.234161Z,77295.44,77295.45,0.01,77295.445,-0.6973793221613563585354922534
BTC-USD,2026-08-28T20:34:41.297996Z,77295.44,77295.45,0.01,77295.445,-0.8416629793538135756491159976
BTC-USD,2026-08-28T20:34:41.340195Z,77295.44,77295.45,0.01,77295.445,-0.8307689777884543868030246256
BTC-USD,2026-08-28T20:34:41.391617Z,77295.44,77295.45,0.01,77295.445,-0.8484218022902742859651379813
BTC-USD,2026-08-28T20:34:41.431906Z,77295.44,77295.45,0.01,77295.445,-0.8484218022902742859651379813
BTC-USD,2026-08-28T20:34:41.467027Z,77295.44,77295.45,0.01,77295.445,-0.8484218022902742859651379813
BTC-USD,2026-08-28T20:34:41.487486Z,77295.44,77295.45,0.01,77295.445,-0.8484218022902742859651379813
BTC-USD,2026-08-28T20:34:41.599081Z,77295.44,77295.45,0.01,77295.445,-0.8486743937323162944437247003
BTC-USD,2026-08-28T20:34:41.622006Z,77295.44,77295.45,0.01,77295.445,-0.8486743937323162944437247003
BTC-USD,2026-08-28T20:34:41.675585Z,77295.44,77295.45,0.01,77295.445,-0.8484218022902742859651379813
BTC-USD,2026-08-28T20:34:41.746904Z,77295.44,77295.45,0.01,77295.445,-0.8484218022902742859651379813
BTC-USD,2026-08-28T20:34:41.785729Z,77295.44,77295.45,0.01,77295.445,-0.8484218022902742859651379813
BTC-USD,2026-08-28T20:34:41.830204Z,77295.44,77295.45,0.01,77295.445,-0.8484218022902742859651379813
BTC-USD,2026-08-28T20:34:41.895461Z,77295.44,77295.45,0.01,77295.445,-0.8484202223359248215014159801
BTC-USD,2026-08-28T20:34:41.918928Z,77295.44,77295.45,0.01,77295.445,-0.8322757199002902879823334321
BTC-USD,2026-08-28T20:34:41.941822Z,77295.44,77295.45,0.01,77295.445,-0.8322757199002902879823334321
BTC-USD,2026-08-28T20:34:41.987768Z,77295.44,77295.45,0.01,77295.445,-0.8322757199002902879823334321
BTC-USD,2026-08-28T20:34:42.074075Z,77295.44,77295.45,0.01,77295.445,-0.8322757199002902879823334321
BTC-USD,2026-08-28T20:34:42.125155Z,77295.44,77295.45,0.01,77295.445,-0.8413976449927651851063428564
BTC-USD,2026-08-28T20:34:42.175109Z,77295.44,77295.45,0.01,77295.445,-0.8413976449927651851063428564
BTC-USD,2026-08-28T20:34:42.198484Z,77295.44,77295.45,0.01,77295.445,-0.2857495332507747722829537525
BTC-USD,2026-08-28T20:34:42.284345Z,77295.44,77295.45,0.01,77295.445,-0.2857495332507747722829537525
BTC-USD,2026-08-28T20:34:42.33317Z,77295.44,77295.45,0.01,77295.445,-0.2857495332507747722829537525
BTC-USD,2026-08-28T20:34:42.389817Z,77295.44,77295.45,0.01,77295.445,-0.8750477555040877809388083335
BTC-USD,2026-08-28T20:34:42.436966Z,77295.44,77295.45,0.01,77295.445,-0.8756420007068800484717747524
BTC-USD,2026-08-28T20:34:42.485722Z,77295.44,77295.45,0.01,77295.445,-0.8756420490662943667580147652
BTC-USD,2026-08-28T20:34:42.534223Z,77295.44,77295.45,0.01,77295.445,-0.8756420490662943667580147652
BTC-USD,2026-08-28T20:34:42.589294Z,77295.44,77295.45,0.01,77295.445,-0.8756420490662943667580147652
BTC-USD,2026-08-28T20:34:42.633249Z,77295.44,77295.45,0.01,77295.445,-0.8756420490662943667580147652
BTC-USD,2026-08-28T20:34:42.691472Z,77295.44,77295.45,0.01,77295.445,-0.8756420490662943667580147652
BTC-USD,2026-08-28T20:34:42.726615Z,77295.44,77295.45,0.01,77295.445,-0.8756420490662943667580147652
BTC-USD,2026-08-28T20:34:42.775915Z,77295.44,77295.45,0.01,77295.445,-0.8756420490662943667580147652
BTC-USD,2026-08-28T20:34:42.828443Z,77295.44,77295.45,0.01,77295.445,-0.8756420490662943667580147652
BTC-USD,2026-08-28T20:34:42.890256Z,77295.44,77295.45,0.01,77295.445,-0.8756420490662943667580147652
BTC-USD,2026-08-28T20:34:42.90877Z,77295.44,77295.45,0.01,77295.445,-0.8756420490662943667580147652
BTC-USD,2026-08-28T20:34:42.980844Z,77295.44,77295.45,0.01,77295.445,-0.8756420490662943667580147652
BTC-USD,2026-08-28T20:34:43.034511Z,77295.44,77295.45,0.01,77295.445,-0.8756420490662943667580147652
BTC-USD,2026-08-28T20:34:43.086078Z,77295.44,77295.45,0.01,77295.445,-0.8756420490662943667580147652
BTC-USD,2026-08-28T20:34:43.13903Z,77295.44,77295.45,0.01,77295.445,-0.8756420490662943667580147652
BTC-USD,2026-08-28T20:34:43.175991Z,77295.44,77295.45,0.01,77295.445,-0.8756420490662943667580147652
BTC-USD,2026-08-28T20:34:43.240207Z,77295.44,77295.45,0.01,77295.445,-0.8756421941445522837457544114
BTC-USD,2026-08-28T20:34:43.283802Z,77295.44,77295.45,0.01,77295.445,-0.8756421941445522837457544114
BTC-USD,2026-08-28T20:34:43.339693Z,77295.44,77295.45,0.01,77295.445,-0.8756421941445522837457544114
BTC-USD,2026-08-28T20:34:43.383456Z,77295.44,77295.45,0.01,77295.445,-0.8756421941445522837457544114
BTC-USD,2026-08-28T20:34:43.445108Z,77295.44,77295.45,0.01,77295.445,-0.8756421941445522837457544114
BTC-USD,2026-08-28T20:34:43.476901Z,77295.44,77295.45,0.01,77295.445,-0.8756421941445522837457544114
BTC-USD,2026-08-28T20:34:43.539238Z,77295.44,77295.45,0.01,77295.445,-0.8756422102643601043490857853
BTC-USD,2026-08-28T20:34:43.577656Z,77295.44,77295.45,0.01,77295.445,-0.8756422102643601043490857853
BTC-USD,2026-08-28T20:34:43.637538Z,77295.44,77295.45,0.01,77295.445,-0.8756422102643601043490857853
BTC-USD,2026-08-28T20:34:43.676198Z,77295.44,77295.45,0.01,77295.445,-0.8756422102643601043490857853
BTC-USD,2026-08-28T20:34:43.741441Z,77295.44,77295.45,0.01,77295.445,-0.8756422102643601043490857853
BTC-USD,2026-08-28T20:34:43.791826Z,77295.44,77295.45,0.01,77295.445,-0.8756422102643601043490857853
BTC-USD,2026-08-28T20:34:43.831498Z,77295.44,77295.45,0.01,77295.445,-0.8756422102643601043490857853
BTC-USD,2026-08-28T20:34:43.87975Z,77295.44,77295.45,0.01,77295.445,-0.8756422102643601043490857853
BTC-USD,2026-08-28T20:34:43.934043Z,77295.44,77295.45,0.01,77295.445,-0.8756422102643601043490857853
BTC-USD,2026-08-28T20:34:43.975345Z,77295.44,77295.45,0.01,77295.445,-0.8756422102643601043490857853
BTC-USD,2026-08-28T20:34:44.024261Z,77295.44,77295.45,0.01,77295.445,-0.8756422102643601043490857853
BTC-USD,2026-08-28T20:34:44.092305Z,77295.44,77295.45,0.01,77295.445,-0.8144723922416424378227956249
BTC-USD,2026-08-28T20:34:44.139946Z,77295.44,77295.45,0.01,77295.445,-0.8144723922416424378227956249
BTC-USD,2026-08-28T20:34:44.171333Z,77295.44,77295.45,0.01,77295.445,-0.07969399172671731364400436516
BTC-USD,2026-08-28T20:34:44.222433Z,77295.44,77295.45,0.01,77295.445,-0.07969399172671731364400436516
BTC-USD,2026-08-28T20:34:44.285254Z,77295.44,77295.45,0.01,77295.445,-0.07969399172671731364400436516
BTC-USD,2026-08-28T20:34:44.333174Z,77295.44,77295.45,0.01,77295.445,-0.07969412531117710294106851501
BTC-USD,2026-08-28T20:34:44.388745Z,77295.44,77295.45,0.01,77295.445,-0.07969412531117710294106851501
BTC-USD,2026-08-28T20:34:44.423542Z,77295.44,77295.45,0.01,77295.445,-0.07969412531117710294106851501
BTC-USD,2026-08-28T20:34:44.492641Z,77295.44,77295.45,0.01,77295.445,-0.07969412531117710294106851501
BTC-USD,2026-08-28T20:34:44.535831Z,77295.44,77295.45,0.01,77295.445,-0.07969412531117710294106851501
BTC-USD,2026-08-28T20:34:44.586399Z,77295.44,77295.45,0.01,77295.445,-0.07969412531117710294106851501
BTC-USD,2026-08-28T20:34:44.631206Z,77295.44,77295.45,0.01,77295.445,-0.07969412531117710294106851501
BTC-USD,2026-08-28T20:34:44.67923Z,77295.44,77295.45,0.01,77295.445,-0.07969416983933771166405367658
BTC-USD,2026-08-28T20:34:44.725558Z,77295.44,77295.45,0.01,77295.445,-0.07969416983933771166405367658
BTC-USD,2026-08-28T20:34:44.775447Z,77295.44,77295.45,0.01,77295.445,-0.07969416983933771166405367658
BTC-USD,2026-08-28T20:34:44.800061Z,77295.44,77295.45,0.01,77295.445,-0.07969416983933771166405367658
BTC-USD,2026-08-28T20:34:44.879961Z,77295.44,77295.45,0.01,77295.445,-0.07969416983933771166405367658
BTC-USD,2026-08-28T20:34:44.929939Z,77295.44,77295.45,0.01,77295.445,-0.07969416983933771166405367658
BTC-USD,2026-08-28T20:34:44.97473Z,77295.44,77295.45,0.01,77295.445,-0.2582971928946683577691587422
BTC-USD,2026-08-28T20:34:45.018733Z,77295.44,77295.45,0.01,77295.445,-0.2582971928946683577691587422
BTC-USD,2026-08-28T20:34:45.043907Z,77295.44,77295.45,0.01,77295.445,-0.2582971928946683577691587422
BTC-USD,2026-08-28T20:34:45.142096Z,77295.44,77295.45,0.01,77295.445,-0.2582971928946683577691587422
BTC-USD,2026-08-28T20:34:45.192095Z,77295.44,77295.45,0.01,77295.445,-0.2582971928946683577691587422
BTC-USD,2026-08-28T20:34:45.240269Z,77295.44,77295.45,0.01,77295.445,-0.2582971928946683577691587422
BTC-USD,2026-08-28T20:34:45.289305Z,77295.44,77295.45,0.01,77295.445,-0.2582971928946683577691587422
BTC-USD,2026-08-28T20:34:45.331621Z,77295.44,77295.45,0.01,77295.445,-0.2582971928946683577691587422
BTC-USD,2026-08-28T20:34:45.384999Z,77295.44,77295.45,0.01,77295.445,-0.2582975557646911126806024133
BTC-USD,2026-08-28T20:34:45.42672Z,77295.44,77295.45,0.01,77295.445,-0.2582979186349231578807477906
BTC-USD,2026-08-28T20:34:45.475913Z,77295.44,77295.45,0.01,77295.445,-0.2582979186349231578807477906
BTC-USD,2026-08-28T20:34:45.539948Z,77295.44,77295.45,0.01,77295.445,-0.2582979186349231578807477906
BTC-USD,2026-08-28T20:34:45.580273Z,77295.44,77295.45,0.01,77295.445,-0.2582979186349231578807477906
BTC-USD,2026-08-28T20:34:45.633184Z,77295.44,77295.45,0.01,77295.445,-0.2582979186349231578807477906
BTC-USD,2026-08-28T20:34:45.693141Z,77295.44,77295.45,0.01,77295.445,-0.2582979186349231578807477906
BTC-USD,2026-08-28T20:34:45.73039Z,77295.44,77295.45,0.01,77295.445,-0.2582979186349231578807477906
BTC-USD,2026-08-28T20:34:45.779323Z,77295.44,77295.45,0.01,77295.445,-0.2582982210269430702042578203
BTC-USD,2026-08-28T20:34:45.849084Z,77295.44,77295.45,0.01,77295.445,-0.2582982210269430702042578203
BTC-USD,2026-08-28T20:34:45.882937Z,77295.44,77295.45,0.01,77295.445,-0.2582982210269430702042578203
BTC-USD,2026-08-28T20:34:45.937889Z,77295.44,77295.45,0.01,77295.445,-0.2582982210269430702042578203
BTC-USD,2026-08-28T20:34:46.028442Z,77295.44,77295.45,0.01,77295.445,-0.2582982210269430702042578203
BTC-USD,2026-08-28T20:34:46.076767Z,77295.44,77295.45,0.01,77295.445,-0.2582982210269430702042578203
BTC-USD,2026-08-28T20:34:46.118266Z,77295.44,77295.45,0.01,77295.445,-0.2582982210269430702042578203
BTC-USD,2026-08-28T20:34:46.171952Z,77295.44,77295.45,0.01,77295.445,-0.2582982210269430702042578203
BTC-USD,2026-08-28T20:34:46.23566Z,77295.44,77295.45,0.01,77295.445,-0.2582982210269430702042578203
BTC-USD,2026-08-28T20:34:46.262958Z,77295.44,77295.45,0.01,77295.445,-0.2582982210269430702042578203
BTC-USD,2026-08-28T20:34:46.340522Z,77295.44,77295.45,0.01,77295.445,-0.2582982210269430702042578203
BTC-USD,2026-08-28T20:34:46.393219Z,77295.44,77295.45,0.01,77295.445,-0.2582982210269430702042578203
BTC-USD,2026-08-28T20:34:46.409448Z,77295.44,77295.45,0.01,77295.445,-0.2582982210269430702042578203
BTC-USD,2026-08-28T20:34:46.50744Z,77295.44,77295.45,0.01,77295.445,-0.2582983419837917305262550775
BTC-USD,2026-08-28T20:34:46.546442Z,77295.44,77295.45,0.01,77295.445,-0.2582983419837917305262550775
BTC-USD,2026-08-28T20:34:46.576297Z,77295.44,77295.45,0.01,77295.445,-0.2582983419837917305262550775
BTC-USD,2026-08-28T20:34:46.645116Z,77295.44,77295.45,0.01,77295.445,-0.2740918050602174219592261130
BTC-USD,2026-08-28T20:34:46.693426Z,77295.44,77295.45,0.01,77295.445,-0.2740918050602174219592261130
BTC-USD,2026-08-28T20:34:46.736153Z,77295.44,77295.45,0.01,77295.445,-0.2733113161192781618961959813
BTC-USD,2026-08-28T20:34:46.77842Z,77295.44,77295.45,0.01,77295.445,-0.2733113161192781618961959813
BTC-USD,2026-08-28T20:34:46.839767Z,77295.44,77295.45,0.01,77295.445,-0.2733114090145797562754779497
BTC-USD,2026-08-28T20:34:46.903013Z,77295.44,77295.45,0.01,77295.445,-0.2733114090145797562754779497
BTC-USD,2026-08-28T20:34:46.941484Z,77295.44,77295.45,0.01,77295.445,-0.2733114090145797562754779497
BTC-USD,2026-08-28T20:34:46.955076Z,77295.44,77295.45,0.01,77295.445,-0.2733114090145797562754779497
BTC-USD,2026-08-28T20:34:47.000292Z,77295.44,77295.45,0.01,77295.445,-0.2733114090145797562754779497
BTC-USD,2026-08-28T20:34:47.063101Z,77295.44,77295.45,0.01,77295.445,-0.2733114090145797562754779497
BTC-USD,2026-08-28T20:34:47.116881Z,77295.44,77295.45,0.01,77295.445,-0.2733114090145797562754779497
BTC-USD,2026-08-28T20:34:47.175659Z,77295.44,77295.45,0.01,77295.445,-0.2733114090145797562754779497
BTC-USD,2026-08-28T20:34:47.206323Z,77295.44,77295.45,0.01,77295.445,-0.2733114090145797562754779497
BTC-USD,2026-08-28T20:34:47.291821Z,77295.44,77295.45,0.01,77295.445,-0.2733114090145797562754779497
BTC-USD,2026-08-28T20:34:47.335273Z,77295.44,77295.45,0.01,77295.445,-0.2729316686689274471935400478
BTC-USD,2026-08-28T20:34:47.395681Z,77295.44,77295.45,0.01,77295.445,-0.2729316686689274471935400478
BTC-USD,2026-08-28T20:34:47.434843Z,77295.44,77295.45,0.01,77295.445,-0.2729316686689274471935400478
BTC-USD,2026-08-28T20:34:47.460252Z,77295.44,77295.45,0.01,77295.445,-0.2729318854732754041376013373
BTC-USD,2026-08-28T20:34:47.48148Z,77295.44,77295.45,0.01,77295.445,-0.2729318854732754041376013373
BTC-USD,2026-08-28T20:34:47.59627Z,77295.44,77295.45,0.01,77295.445,-0.2729318854732754041376013373
BTC-USD,2026-08-28T20:34:47.695593Z,77295.44,77295.45,0.01,77295.445,-0.2722802209818169172290361605
BTC-USD,2026-08-28T20:34:47.722464Z,77295.44,77295.45,0.01,77295.445,-0.2722802209818169172290361605
BTC-USD,2026-08-28T20:34:47.772022Z,77295.44,77295.45,0.01,77295.445,-0.2722802209818169172290361605
BTC-USD,2026-08-28T20:34:47.826441Z,77295.44,77295.45,0.01,77295.445,-0.2724393744293967951426475131
BTC-USD,2026-08-28T20:34:47.871252Z,77295.44,77295.45,0.01,77295.445,-0.2192343670090200740300366678
BTC-USD,2026-08-28T20:34:47.923822Z,77295.44,77295.45,0.01,77295.445,-0.2192343670090200740300366678
BTC-USD,2026-08-28T20:34:47.975191Z,77295.44,77295.45,0.01,77295.445,-0.2192343670090200740300366678
BTC-USD,2026-08-28T20:34:48.019524Z,77295.44,77295.45,0.01,77295.445,-0.2192348507296901634543959955
BTC-USD,2026-08-28T20:34:48.085547Z,77295.44,77295.45,0.01,77295.445,-0.2192348507296901634543959955
BTC-USD,2026-08-28T20:34:48.131235Z,77295.44,77295.45,0.01,77295.445,-0.2192348507296901634543959955
BTC-USD,2026-08-28T20:34:48.19863Z,77295.44,77295.45,0.01,77295.445,-0.2197044949381962564453380335
BTC-USD,2026-08-28T20:34:48.21627Z,77295.44,77295.45,0.01,77295.445,-0.2197044949381962564453380335
BTC-USD,2026-08-28T20:34:48.295974Z,77295.44,77295.45,0.01,77295.445,-0.2197044949381962564453380335
BTC-USD,2026-08-28T20:34:48.353479Z,77295.44,77295.45,0.01,77295.445,-0.2197044949381962564453380335
BTC-USD,2026-08-28T20:34:48.372508Z,77295.44,77295.45,0.01,77295.445,-0.2197044949381962564453380335
BTC-USD,2026-08-28T20:34:48.445608Z,77295.44,77295.45,0.01,77295.445,-0.2197046945052380574832491365
BTC-USD,2026-08-28T20:34:48.491183Z,77295.44,77295.45,0.01,77295.445,-0.2197046945052380574832491365
BTC-USD,2026-08-28T20:34:48.552128Z,77295.44,77295.45,0.01,77295.445,-0.2197046945052380574832491365
BTC-USD,2026-08-28T20:34:48.585663Z,77295.44,77295.45,0.01,77295.445,-0.2197046945052380574832491365
BTC-USD,2026-08-28T20:34:48.60432Z,77295.44,77295.45,0.01,77295.445,-0.2197046945052380574832491365
BTC-USD,2026-08-28T20:34:48.653741Z,77295.44,77295.45,0.01,77295.445,-0.2197046945052380574832491365
BTC-USD,2026-08-28T20:34:48.712228Z,77295.44,77295.45,0.01,77295.445,-0.2197046945052380574832491365
BTC-USD,2026-08-28T20:34:48.790552Z,77295.44,77295.45,0.01,77295.445,-0.2197046945052380574832491365
BTC-USD,2026-08-28T20:34:48.804565Z,77295.44,77295.45,0.01,77295.445,-0.2197046945052380574832491365
BTC-USD,2026-08-28T20:34:48.897901Z,77295.44,77295.45,0.01,77295.445,-0.2271260320402329665152963761
BTC-USD,2026-08-28T20:34:48.939175Z,77295.44,77295.45,0.01,77295.445,-0.2271260320402329665152963761
BTC-USD,2026-08-28T20:34:48.981643Z,77295.44,77295.45,0.01,77295.445,-0.2811034209821449395767982172
BTC-USD,2026-08-28T20:34:49.043617Z,77295.44,77295.45,0.01,77295.445,-0.8731254642838825731840431222
BTC-USD,2026-08-28T20:34:49.065447Z,77295.44,77295.45,0.01,77295.445,-0.8731254642838825731840431222
BTC-USD,2026-08-28T20:34:49.141383Z,77295.44,77295.45,0.01,77295.445,-0.7018628646224923920164351818
BTC-USD,2026-08-28T20:34:49.179488Z,77295.44,77295.45,0.01,77295.445,-0.7017520842425973233290080006
BTC-USD,2026-08-28T20:34:49.226612Z,77295.44,77295.45,0.01,77295.445,-0.7017520842425973233290080006
BTC-USD,2026-08-28T20:34:49.275098Z,77295.44,77295.45,0.01,77295.445,-0.7017520842425973233290080006
BTC-USD,2026-08-28T20:34:49.343724Z,77295.44,77295.45,0.01,77295.445,-0.7017526947161914777837356343
BTC-USD,2026-08-28T20:34:49.390368Z,77295.44,77295.45,0.01,77295.445,-0.7017526947161914777837356343
BTC-USD,2026-08-28T20:34:49.449459Z,77295.44,77295.45,0.01,77295.445,-0.6988866379625812006906274849
BTC-USD,2026-08-28T20:34:49.477812Z,77295.44,77295.45,0.01,77295.445,-0.6988866379625812006906274849
BTC-USD,2026-08-28T20:34:49.534308Z,77295.44,77295.45,0.01,77295.445,-0.2707059793150665083329163131
BTC-USD,2026-08-28T20:34:49.574661Z,77295.44,77295.45,0.01,77295.445,-0.2707059793150665083329163131
BTC-USD,2026-08-28T20:34:49.672102Z,77295.44,77295.45,0.01,77295.445,-0.2707059793150665083329163131
BTC-USD,2026-08-28T20:34:49.747162Z,77295.44,77295.45,0.01,77295.445,-0.2707059793150665083329163131
BTC-USD,2026-08-28T20:34:49.790082Z,77295.44,77295.45,0.01,77295.445,-0.2707059793150665083329163131
BTC-USD,2026-08-28T20:34:49.844789Z,77295.44,77295.45,0.01,77295.445,-0.2707059793150665083329163131
BTC-USD,2026-08-28T20:34:49.872655Z,77295.44,77295.45,0.01,77295.445,-0.2707059793150665083329163131
BTC-USD,2026-08-28T20:34:49.931111Z,77295.44,77295.45,0.01,77295.445,-0.2707059793150665083329163131
BTC-USD,2026-08-28T20:34:49.983168Z,77295.44,77295.45,0.01,77295.445,-0.2707059793150665083329163131
BTC-USD,2026-08-28T20:34:50.050799Z,77295.44,77295.45,0.01,77295.445,-0.2707059793150665083329163131
BTC-USD,2026-08-28T20:34:50.075266Z,77295.44,77295.45,0.01,77295.445,-0.2707059793150665083329163131
BTC-USD,2026-08-28T20:34:50.149675Z,77295.44,77295.45,0.01,77295.445,-0.2707059793150665083329163131
BTC-USD,2026-08-28T20:34:50.186795Z,77295.44,77295.45,0.01,77295.445,-0.2707059793150665083329163131
BTC-USD,2026-08-28T20:34:50.242509Z,77295.44,77295.45,0.01,77295.445,-0.2707059793150665083329163131
BTC-USD,2026-08-28T20:34:50.26832Z,77295.44,77295.45,0.01,77295.445,-0.2707059793150665083329163131
BTC-USD,2026-08-28T20:34:50.345818Z,77295.44,77295.45,0.01,77295.445,-0.2707059793150665083329163131
BTC-USD,2026-08-28T20:34:50.39864Z,77295.44,77295.45,0.01,77295.445,-0.2707059793150665083329163131
BTC-USD,2026-08-28T20:34:50.437505Z,77295.44,77295.45,0.01,77295.445,-0.2701608013553479902754951446
BTC-USD,2026-08-28T20:34:50.46578Z,77295.44,77295.45,0.01,77295.445,-0.2701608013553479902754951446
BTC-USD,2026-08-28T20:34:50.525105Z,77295.44,77295.45,0.01,77295.445,-0.2701613585186032169740643852
BTC-USD,2026-08-28T20:34:50.598558Z,77295.44,77295.45,0.01,77295.445,-0.1895200880026655402925902440
BTC-USD,2026-08-28T20:34:50.637311Z,77295.44,77295.45,0.01,77295.445,-0.1895200880026655402925902440
BTC-USD,2026-08-28T20:34:50.684523Z,77295.44,77295.45,0.01,77295.445,-0.1895200880026655402925902440
BTC-USD,2026-08-28T20:34:50.741733Z,77295.44,77295.45,0.01,77295.445,-0.1895200880026655402925902440
BTC-USD,2026-08-28T20:34:50.786291Z,77295.44,77295.45,0.01,77295.445,-0.1895200880026655402925902440
BTC-USD,2026-08-28T20:34:50.843783Z,77295.44,77295.45,0.01,77295.445,-0.1895200880026655402925902440
BTC-USD,2026-08-28T20:34:50.889173Z,77295.44,77295.45,0.01,77295.445,-0.1895200880026655402925902440
BTC-USD,2026-08-28T20:34:50.94333Z,77294.29,77294.3,0.01,77294.295,-0.02442662462476319986410808426
BTC-USD,2026-08-28T20:34:50.987407Z,77294.29,77294.3,0.01,77294.295,-0.2023499037711019863907302041
BTC-USD,2026-08-28T20:34:51.032842Z,77294.29,77294.3,0.01,77294.295,-0.2023499037711019863907302041
BTC-USD,2026-08-28T20:34:51.085333Z,77294.29,77294.3,0.01,77294.295,-0.1433999818786195646759605994
BTC-USD,2026-08-28T20:34:51.154826Z,77294.29,77294.3,0.01,77294.295,-0.1433999818786195646759605994
BTC-USD,2026-08-28T20:34:51.195391Z,77294.29,77294.3,0.01,77294.295,-0.8666017497645102976278482963
BTC-USD,2026-08-28T20:34:51.243662Z,77294.29,77294.3,0.01,77294.295,-0.8725859400641784147778599450
BTC-USD,2026-08-28T20:34:51.290016Z,77294.29,77294.3,0.01,77294.295,-0.6411833090874302058102117652
BTC-USD,2026-08-28T20:34:51.332445Z,77296.38,77296.39,0.01,77296.385,-0.4659548848051212429843571680
BTC-USD,2026-08-28T20:34:51.370734Z,77296.38,77296.39,0.01,77296.385,-0.4642790908878224159978306938
BTC-USD,2026-08-28T20:34:51.445002Z,77296.38,77296.39,0.01,77296.385,-0.2640165127848777536126151076
BTC-USD,2026-08-28T20:34:51.465394Z,77296.38,77296.39,0.01,77296.385,-0.2386997702172637451240331633
BTC-USD,2026-08-28T20:34:51.541295Z,77296.38,77296.39,0.01,77296.385,-0.3413667602694970066185564064
BTC-USD,2026-08-28T20:34:51.578221Z,77296.38,77296.39,0.01,77296.385,-0.6362368280487378242408435301
BTC-USD,2026-08-28T20:34:51.634108Z,77296.38,77296.39,0.01,77296.385,-0.6362368280487378242408435301
BTC-USD,2026-08-28T20:34:51.676093Z,77296.38,77296.39,0.01,77296.385,-0.6362196640470597803547249934
BTC-USD,2026-08-28T20:34:51.744445Z,77296.38,77296.39,0.01,77296.385,-0.6362196640470597803547249934
BTC-USD,2026-08-28T20:34:51.779387Z,77296.38,77296.39,0.01,77296.385,-0.5017556439675542668422832397
BTC-USD,2026-08-28T20:34:51.843257Z,77296.38,77296.39,0.01,77296.385,-0.5017556439675542668422832397
BTC-USD,2026-08-28T20:34:51.879828Z,77296.38,77296.39,0.01,77296.385,-0.5017556439675542668422832397
BTC-USD,2026-08-28T20:34:51.925164Z,77296.38,77296.39,0.01,77296.385,-0.5017556439675542668422832397
BTC-USD,2026-08-28T20:34:51.995324Z,77296.38,77296.39,0.01,77296.385,-0.5017556439675542668422832397
BTC-USD,2026-08-28T20:34:52.032058Z,77296.38,77296.39,0.01,77296.385,-0.4936459816406691034864464640
BTC-USD,2026-08-28T20:34:52.073051Z,77296.38,77296.39,0.01,77296.385,-0.6265167461728641992891241900
BTC-USD,2026-08-28T20:34:52.134453Z,77296.38,77296.39,0.01,77296.385,-0.7039828633537922929824986330
BTC-USD,2026-08-28T20:34:52.179147Z,77296.38,77296.39,0.01,77296.385,-0.8071365724764965249405770678
BTC-USD,2026-08-28T20:34:52.221862Z,77296.38,77296.39,0.01,77296.385,-0.8071365724764965249405770678
BTC-USD,2026-08-28T20:34:52.284849Z,77296.38,77296.39,0.01,77296.385,-0.8071365724764965249405770678
BTC-USD,2026-08-28T20:34:52.311024Z,77296.38,77296.39,0.01,77296.385,-0.8071365724764965249405770678
BTC-USD,2026-08-28T20:34:52.382176Z,77296.38,77296.39,0.01,77296.385,-0.7203482784767051468574138081
BTC-USD,2026-08-28T20:34:52.418175Z,77296.38,77296.39,0.01,77296.385,-0.7203482784767051468574138081
BTC-USD,2026-08-28T20:34:52.435279Z,77296.38,77296.39,0.01,77296.385,-0.8071365724764965249405770678
BTC-USD,2026-08-28T20:34:52.541632Z,77296.38,77296.39,0.01,77296.385,-0.8071365724764965249405770678
BTC-USD,2026-08-28T20:34:52.625591Z,77296.38,77296.39,0.01,77296.385,-0.8070912348920186174302025989
BTC-USD,2026-08-28T20:34:52.68162Z,77296.38,77296.39,0.01,77296.385,-0.8070912348920186174302025989
BTC-USD,2026-08-28T20:34:52.74768Z,77296.38,77296.39,0.01,77296.385,-0.8070912348920186174302025989
BTC-USD,2026-08-28T20:34:52.781907Z,77296.38,77296.39,0.01,77296.385,-0.8070912348920186174302025989
BTC-USD,2026-08-28T20:34:52.851576Z,77296.38,77296.39,0.01,77296.385,-0.8070912348920186174302025989
BTC-USD,2026-08-28T20:34:52.870441Z,77296.38,77296.39,0.01,77296.385,-0.8070912348920186174302025989
BTC-USD,2026-08-28T20:34:52.94685Z,77296.38,77296.39,0.01,77296.385,-0.8071005670023593965385938073
BTC-USD,2026-08-28T20:34:53.022642Z,77296.38,77296.39,0.01,77296.385,-0.8071005670023593965385938073
BTC-USD,2026-08-28T20:34:53.087073Z,77296.38,77296.39,0.01,77296.385,-0.8079001749799130951541398651
BTC-USD,2026-08-28T20:34:53.140996Z,77296.38,77296.39,0.01,77296.385,-0.8078908774407310508741946727
BTC-USD,2026-08-28T20:34:53.199109Z,77296.38,77296.39,0.01,77296.385,-0.8148319247411738685041977862
BTC-USD,2026-08-28T20:34:53.23946Z,77296.38,77296.39,0.01,77296.385,-0.8148319247411738685041977862
BTC-USD,2026-08-28T20:34:53.289497Z,77296.38,77296.39,0.01,77296.385,-0.7192743064900651918108071681
BTC-USD,2026-08-28T20:34:53.327208Z,77296.38,77296.39,0.01,77296.385,-0.8148319247411738685041977862
BTC-USD,2026-08-28T20:34:53.385349Z,77296.38,77296.39,0.01,77296.385,-0.7192743064900651918108071681
BTC-USD,2026-08-28T20:34:53.435352Z,77296.38,77296.39,0.01,77296.385,-0.7192743064900651918108071681
BTC-USD,2026-08-28T20:34:53.486575Z,77296.38,77296.39,0.01,77296.385,-0.7192743064900651918108071681
BTC-USD,2026-08-28T20:34:53.538415Z,77296.38,77296.39,0.01,77296.385,-0.7192743064900651918108071681
BTC-USD,2026-08-28T20:34:53.595217Z,77296.38,77296.39,0.01,77296.385,-0.7192743064900651918108071681
BTC-USD,2026-08-28T20:34:53.645381Z,77296.38,77296.39,0.01,77296.385,-0.8148319247411738685041977862
BTC-USD,2026-08-28T20:34:53.694126Z,77296.38,77296.39,0.01,77296.385,-0.8148319247411738685041977862
BTC-USD,2026-08-28T20:34:53.732993Z,77296.38,77296.39,0.01,77296.385,-0.8148319247411738685041977862
BTC-USD,2026-08-28T20:34:53.778051Z,77296.38,77296.39,0.01,77296.385,-0.8148319247411738685041977862
BTC-USD,2026-08-28T20:34:53.819059Z,77296.38,77296.39,0.01,77296.385,-0.8148319247411738685041977862
BTC-USD,2026-08-28T20:34:53.875437Z,77296.38,77296.39,0.01,77296.385,-0.8148319247411738685041977862
BTC-USD,2026-08-28T20:34:53.934174Z,77296.38,77296.39,0.01,77296.385,-0.8148078609993116406890767354
BTC-USD,2026-08-28T20:34:53.987628Z,77296.38,77296.39,0.01,77296.385,-0.8555824152705260606565598854
BTC-USD,2026-08-28T20:34:54.037479Z,77296.38,77296.39,0.01,77296.385,-0.8555824152705260606565598854
BTC-USD,2026-08-28T20:34:54.082695Z,77295.84,77295.85,0.01,77295.845,-0.8536534154979011545007721289
BTC-USD,2026-08-28T20:34:54.129517Z,77295.84,77295.85,0.01,77295.845,-0.8536534154979011545007721289
BTC-USD,2026-08-28T20:34:54.197582Z,77295.84,77295.85,0.01,77295.845,-0.8536534154979011545007721289
BTC-USD,2026-08-28T20:34:54.231266Z,77296.38,77296.39,0.01,77296.385,-0.5810527801860686995741357335
BTC-USD,2026-08-28T20:34:54.291814Z,77296.38,77296.39,0.01,77296.385,-0.4573920479824151360129619382
BTC-USD,2026-08-28T20:34:54.337102Z,77296.38,77296.39,0.01,77296.385,-0.4118854913212725544138657819
BTC-USD,2026-08-28T20:34:54.384547Z,77296.38,77296.39,0.01,77296.385,-0.4932202059134040962110124551
BTC-USD,2026-08-28T20:34:54.43439Z,77296.38,77296.39,0.01,77296.385,-0.4848935235882718647398621566
BTC-USD,2026-08-28T20:34:54.49203Z,77296.38,77296.39,0.01,77296.385,-0.4747336687143399550666420739
BTC-USD,2026-08-28T20:34:54.538523Z,77296.38,77296.39,0.01,77296.385,-0.4687221897742575450176720902
BTC-USD,2026-08-28T20:34:54.627125Z,77296.38,77296.39,0.01,77296.385,-0.4596597583304164998200346300
BTC-USD,2026-08-28T20:34:54.693225Z,77296.38,77296.39,0.01,77296.385,-0.4596597583304164998200346300
BTC-USD,2026-08-28T20:34:54.732451Z,77296.38,77296.39,0.01,77296.385,-0.4596597583304164998200346300
BTC-USD,2026-08-28T20:34:54.78364Z,77296.38,77296.39,0.01,77296.385,-0.3223999102561496571286528954
BTC-USD,2026-08-28T20:34:54.829724Z,77296.38,77296.39,0.01,77296.385,-0.3223999102561496571286528954
BTC-USD,2026-08-28T20:34:54.875595Z,77296.38,77296.39,0.01,77296.385,-0.3224159774474161824790790855
BTC-USD,2026-08-28T20:34:54.927153Z,77296.38,77296.39,0.01,77296.385,-0.2572817080417008095089897913
BTC-USD,2026-08-28T20:34:54.987242Z,77296.38,77296.39,0.01,77296.385,-0.2427121744503970106966607295
BTC-USD,2026-08-28T20:34:55.03668Z,77296.38,77296.39,0.01,77296.385,-0.1961457398705939838568457532
BTC-USD,2026-08-28T20:34:55.084089Z,77296.38,77296.39,0.01,77296.385,-0.1901155270819278113450733606
BTC-USD,2026-08-28T20:34:55.135944Z,77296.38,77296.39,0.01,77296.385,-0.1801072765160914847646314730
BTC-USD,2026-08-28T20:34:55.181556Z,77296.38,77296.39,0.01,77296.385,-0.1632418053505340927628816736
BTC-USD,2026-08-28T20:34:55.24054Z,77296.38,77296.39,0.01,77296.385,-0.1260068760742339491179438890
BTC-USD,2026-08-28T20:34:55.289552Z,77296.38,77296.39,0.01,77296.385,-0.1069620061517756481922462452
BTC-USD,2026-08-28T20:34:55.333786Z,77296.38,77296.39,0.01,77296.385,-0.08960843187392584819235425614
BTC-USD,2026-08-28T20:34:55.384177Z,77296.38,77296.39,0.01,77296.385,-0.06920936317780059424473429835
BTC-USD,2026-08-28T20:34:55.430613Z,77296.38,77296.39,0.01,77296.385,-0.04897161633549303450054197921
BTC-USD,2026-08-28T20:34:55.540977Z,77296.38,77296.39,0.01,77296.385,-0.02476406784998326792804448213
BTC-USD,2026-08-28T20:34:55.587825Z,77296.38,77296.39,0.01,77296.385,0.04772039702287802683026166842
BTC-USD,2026-08-28T20:34:55.643345Z,77296.38,77296.39,0.01,77296.385,0.05502069340973441592452640985
BTC-USD,2026-08-28T20:34:55.68699Z,77296.38,77296.39,0.01,77296.385,0.07018085186272277505663205605
BTC-USD,2026-08-28T20:34:55.72987Z,77296.38,77296.39,0.01,77296.385,0.1074861643097609415916208172
BTC-USD,2026-08-28T20:34:55.770303Z,77296.38,77296.39,0.01,77296.385,0.1478597141447055914651964141
BTC-USD,2026-08-28T20:34:55.841482Z,77296.38,77296.39,0.01,77296.385,0.1876134322501149365938919442
BTC-USD,2026-08-28T20:34:55.879703Z,77296.38,77296.39,0.01,77296.385,0.2342654079398563035617962015
BTC-USD,2026-08-28T20:34:55.922596Z,77296.38,77296.39,0.01,77296.385,0.2360195304437812501444054907
BTC-USD,2026-08-28T20:34:55.97323Z,77296.61,77296.62,0.01,77296.615,0.5590500882052409587548919198
BTC-USD,2026-08-28T20:34:56.030398Z,77296.61,77296.62,0.01,77296.615,0.5656844573539129191525645836
BTC-USD,2026-08-28T20:34:56.08501Z,77301.16,77301.17,0.01,77301.165,0.3138734580329467258690306395
BTC-USD,2026-08-28T20:34:56.135585Z,77301.16,77301.17,0.01,77301.165,0.2806468148279188834643296310
BTC-USD,2026-08-28T20:34:56.180112Z,77301.16,77301.17,0.01,77301.165,0.2839825728230192830323881168
BTC-USD,2026-08-28T20:34:56.231072Z,77301.16,77301.17,0.01,77301.165,0.2839825728230192830323881168
BTC-USD,2026-08-28T20:34:56.274134Z,77301.16,77301.17,0.01,77301.165,0.2839825728230192830323881168
BTC-USD,2026-08-28T20:34:56.322522Z,77301.16,77301.17,0.01,77301.165,0.03398145475170190438985174428
BTC-USD,2026-08-28T20:34:56.373907Z,77301.16,77301.17,0.01,77301.165,0.03398145475170190438985174428
BTC-USD,2026-08-28T20:34:56.438987Z,77301.16,77301.17,0.01,77301.165,0.03398294400915209766754335189
BTC-USD,2026-08-28T20:34:56.486192Z,77301.16,77301.17,0.01,77301.165,0.03398294400915209766754335189
BTC-USD,2026-08-28T20:34:56.533009Z,77301.16,77301.17,0.01,77301.165,0.03398294400915209766754335189
BTC-USD,2026-08-28T20:34:56.575914Z,77301.16,77301.17,0.01,77301.165,0.03398294400915209766754335189
BTC-USD,2026-08-28T20:34:56.644281Z,77301.16,77301.17,0.01,77301.165,0.03398294400915209766754335189
BTC-USD,2026-08-28T20:34:56.681972Z,77301.16,77301.17,0.01,77301.165,0.03398294400915209766754335189
BTC-USD,2026-08-28T20:34:56.730946Z,77301.16,77301.17,0.01,77301.165,0.03398592253692250697830301169
BTC-USD,2026-08-28T20:34:56.788416Z,77301.16,77301.17,0.01,77301.165,0.09720301055826477370564535267
BTC-USD,2026-08-28T20:34:56.830051Z,77302.48,77302.49,0.01,77302.485,0.6121989090325066789630580745
BTC-USD,2026-08-28T20:34:56.893733Z,77302.48,77302.49,0.01,77302.485,0.5647825454544686385320504008
BTC-USD,2026-08-28T20:34:56.937644Z,77302.48,77302.49,0.01,77302.485,0.5677560955115805029857531131
BTC-USD,2026-08-28T20:34:56.983942Z,77302.48,77302.49,0.01,77302.485,0.5677560955115805029857531131
BTC-USD,2026-08-28T20:34:57.039316Z,77302.48,77302.5,0.02,77302.49,-0.1834818662823195032741411332
BTC-USD,2026-08-28T20:34:57.086282Z,77302.48,77302.5,0.02,77302.49,-0.05866608451045679038803578289
BTC-USD,2026-08-28T20:34:57.143153Z,77302.49,77302.5,0.01,77302.495,-0.4696753822260159044355828038
BTC-USD,2026-08-28T20:34:57.18337Z,77302.49,77302.5,0.01,77302.495,-0.2845372775045708421044880517
BTC-USD,2026-08-28T20:34:57.222864Z,77302.48,77302.5,0.02,77302.49,-0.6191446408100413476035476763
BTC-USD,2026-08-28T20:34:57.292891Z,77302.49,77302.5,0.01,77302.495,0.8817690891653368619362946518
BTC-USD,2026-08-28T20:34:57.314441Z,77306.37,77306.99,0.62,77306.68,0.9993652401809042975209308955
BTC-USD,2026-08-28T20:34:57.380692Z,77309.18,77309.99,0.81,77309.585,0.9980468744597127227712501470
BTC-USD,2026-08-28T20:34:57.437794Z,77309.94,77309.95,0.01,77309.945,0.06707871594530233427347407815
BTC-USD,2026-08-28T20:34:57.495291Z,77309.94,77309.95,0.01,77309.945,0.1737281426837679309702280431
BTC-USD,2026-08-28T20:34:57.531223Z,77309.94,77309.95,0.01,77309.945,0.1737281426837679309702280431
BTC-USD,2026-08-28T20:34:57.566341Z,77309.94,77309.95,0.01,77309.945,0.1737281426837679309702280431
BTC-USD,2026-08-28T20:34:57.625765Z,77309.94,77309.95,0.01,77309.945,0.2676763090292353961078565873
BTC-USD,2026-08-28T20:34:57.678935Z,77309.94,77309.95,0.01,77309.945,0.2834315442275550772038380798
BTC-USD,2026-08-28T20:34:57.729734Z,77309.94,77309.95,0.01,77309.945,0.9973994797953308658819440017
BTC-USD,2026-08-28T20:34:57.779845Z,77309.94,77309.95,0.01,77309.945,0.9973994797953308658819440017
BTC-USD,2026-08-28T20:34:57.835522Z,77309.94,77309.95,0.01,77309.945,0.9979568905549790249770115493
BTC-USD,2026-08-28T20:34:57.893634Z,77309.94,77309.95,0.01,77309.945,0.9979568905549790249770115493
BTC-USD,2026-08-28T20:34:57.935148Z,77309.94,77309.95,0.01,77309.945,0.9979568905549790249770115493
BTC-USD,2026-08-28T20:34:57.953838Z,77309.94,77309.95,0.01,77309.945,0.9979568905549790249770115493
BTC-USD,2026-08-28T20:34:58.02007Z,77309.94,77309.95,0.01,77309.945,0.9979674914799564961919435111
BTC-USD,2026-08-28T20:34:58.06432Z,77309.94,77309.95,0.01,77309.945,0.9979674914799564961919435111
BTC-USD,2026-08-28T20:34:58.124668Z,77309.94,77311.49,1.55,77310.715,0.8622319275533996757269471002
BTC-USD,2026-08-28T20:34:58.172371Z,77316.47,77316.48,0.01,77316.475,0.4050763035624332311115450819
BTC-USD,2026-08-28T20:34:58.230921Z,77317.5,77317.51,0.01,77317.505,0.9404076118109339329773434135
BTC-USD,2026-08-28T20:34:58.274475Z,77319.99,77320,0.01,77319.995,0.5802617212225701486046417093
BTC-USD,2026-08-28T20:34:58.295425Z,77319.99,77320,0.01,77319.995,-0.1552435055767203265853464646
BTC-USD,2026-08-28T20:34:58.385589Z,77319.99,77320,0.01,77319.995,-0.3663025221644624959410333866
BTC-USD,2026-08-28T20:34:58.431401Z,77319.99,77320,0.01,77319.995,-0.1253561613584383356071431359
BTC-USD,2026-08-28T20:34:58.475176Z,77319.99,77320,0.01,77319.995,-0.4553330391859717097492008166
BTC-USD,2026-08-28T20:34:58.546125Z,77319.99,77320,0.01,77319.995,-0.3772904882034130717943860704
BTC-USD,2026-08-28T20:34:58.585167Z,77319.99,77320,0.01,77319.995,-0.3772904882034130717943860704
BTC-USD,2026-08-28T20:34:58.631807Z,77319.99,77320,0.01,77319.995,-0.3772904882034130717943860704
BTC-USD,2026-08-28T20:34:58.692045Z,77319.99,77320,0.01,77319.995,-0.3772887716466982741301680882
BTC-USD,2026-08-28T20:34:58.737274Z,77319.99,77320,0.01,77319.995,-0.3772876256878196862295696734
BTC-USD,2026-08-28T20:34:58.775569Z,77319.99,77320,0.01,77319.995,-0.03215032606833085289285240473
BTC-USD,2026-08-28T20:34:58.837783Z,77319.99,77320,0.01,77319.995,-0.03215059139952983835384427100
BTC-USD,2026-08-28T20:34:58.879033Z,77319.99,77320,0.01,77319.995,-0.03215059139952983835384427100
BTC-USD,2026-08-28T20:34:58.940638Z,77319.99,77320,0.01,77319.995,-0.03214544947265005384606304849
BTC-USD,2026-08-28T20:34:58.984505Z,77319.99,77320,0.01,77319.995,-0.04366255568078466440159650254
BTC-USD,2026-08-28T20:34:59.048727Z,77319.99,77320,0.01,77319.995,-0.04366255568078466440159650254
BTC-USD,2026-08-28T20:34:59.090344Z,77319.99,77320,0.01,77319.995,-0.04366255568078466440159650254
BTC-USD,2026-08-28T20:34:59.145419Z,77319.99,77320,0.01,77319.995,0.001900425792493175180652108433
BTC-USD,2026-08-28T20:34:59.18979Z,77319.99,77320,0.01,77319.995,0.001900425792493175180652108433
BTC-USD,2026-08-28T20:34:59.224358Z,77319.99,77320,0.01,77319.995,0.001900425792493175180652108433
BTC-USD,2026-08-28T20:34:59.286837Z,77319.99,77320,0.01,77319.995,0.02210982466554868979778993899
BTC-USD,2026-08-28T20:34:59.334234Z,77319.99,77320,0.01,77319.995,0.02210982466554868979778993899
BTC-USD,2026-08-28T20:34:59.378202Z,77319.99,77320,0.01,77319.995,0.02210982466554868979778993899
BTC-USD,2026-08-28T20:34:59.437134Z,77319.99,77320,0.01,77319.995,0.02210982466554868979778993899
BTC-USD,2026-08-28T20:34:59.480756Z,77319.99,77320,0.01,77319.995,0.02313988074872614916232452903
BTC-USD,2026-08-28T20:34:59.525846Z,77319.99,77320.5,0.51,77320.245,-0.1433848381908327757964746262
BTC-USD,2026-08-28T20:34:59.579263Z,77320.49,77320.5,0.01,77320.495,-0.2589795930664787111299878035
BTC-USD,2026-08-28T20:34:59.633453Z,77320.49,77320.5,0.01,77320.495,-0.2589781783467816102720426523
BTC-USD,2026-08-28T20:34:59.680602Z,77320.49,77320.5,0.01,77320.495,-0.2652229135424879886263218111
BTC-USD,2026-08-28T20:34:59.72939Z,77320.49,77320.5,0.01,77320.495,-0.4100897962371254668126610291
BTC-USD,2026-08-28T20:34:59.776749Z,77320.49,77320.5,0.01,77320.495,-0.4074888704550137831889029695
BTC-USD,2026-08-28T20:34:59.844373Z,77320.49,77320.5,0.01,77320.495,-0.2042657192391466208255566246
BTC-USD,2026-08-28T20:34:59.88585Z,77320.49,77320.5,0.01,77320.495,-0.2430252299604604540081816702
BTC-USD,2026-08-28T20:34:59.930368Z,77320.49,77320.5,0.01,77320.495,-0.2430252299604604540081816702
BTC-USD,2026-08-28T20:34:59.979512Z,77313.62,77319.49,5.87,77316.555,0.5677580978874373294930335697
BTC-USD,2026-08-28T20:35:00.02811Z,77313.71,77318.11,4.40,77315.91,-0.4203836422651162067422391412
BTC-USD,2026-08-28T20:35:00.096228Z,77309.22,77315.79,6.57,77312.505,-0.5673410521342968694328034486
BTC-USD,2026-08-28T20:35:00.12923Z,77309.83,77312.83,3.00,77311.33,-0.8169260815237769873107792919
BTC-USD,2026-08-28T20:35:00.194528Z,77309.84,77312.83,2.99,77311.335,-0.6489597253674545267821213992
BTC-USD,2026-08-28T20:35:00.248439Z,77309.84,77312.83,2.99,77311.335,-0.5974477766311319874173686603
BTC-USD,2026-08-28T20:35:00.290236Z,77310.24,77312.83,2.59,77311.535,-0.5355804175910628091444748873
BTC-USD,2026-08-28T20:35:00.342754Z,77310.45,77312.83,2.38,77311.64,-0.4928358580516551405550274794
BTC-USD,2026-08-28T20:35:00.395756Z,77310.97,77312.83,1.86,77311.90,0.3543450244250717698263676219
BTC-USD,2026-08-28T20:35:00.425752Z,77311.08,77312.83,1.75,77311.955,-0.5029992016313770388316686311
BTC-USD,2026-08-28T20:35:00.454101Z,77311.46,77312.83,1.37,77312.145,-0.5036905870341635509375466681
BTC-USD,2026-08-28T20:35:00.467755Z,77312.22,77312.83,0.61,77312.525,-0.5353999279253592948132662195
BTC-USD,2026-08-28T20:35:00.584379Z,77317.08,77317.09,0.01,77317.085,0.06319653027180690792279963076
BTC-USD,2026-08-28T20:35:00.626658Z,77317.08,77317.09,0.01,77317.085,0.06319653027180690792279963076
BTC-USD,2026-08-28T20:35:00.674343Z,77317.08,77317.09,0.01,77317.085,0.3414179911018984535935983139
BTC-USD,2026-08-28T20:35:00.724996Z,77317.08,77317.09,0.01,77317.085,0.3311161863583396780452783967
BTC-USD,2026-08-28T20:35:00.772998Z,77317.08,77317.09,0.01,77317.085,0.1598220820856504095561054088
BTC-USD,2026-08-28T20:35:00.823451Z,77317.08,77317.09,0.01,77317.085,0.1171655615503706661297496397
BTC-USD,2026-08-28T20:35:00.875254Z,77317.08,77317.09,0.01,77317.085,0.1171655615503706661297496397
BTC-USD,2026-08-28T20:35:00.922156Z,77317.08,77317.09,0.01,77317.085,0.1171655615503706661297496397
BTC-USD,2026-08-28T20:35:00.946474Z,77317.08,77317.09,0.01,77317.085,-0.2101284347336243346509175071
BTC-USD,2026-08-28T20:35:00.995717Z,77317.08,77317.09,0.01,77317.085,-0.2264578510466381802444939709
BTC-USD,2026-08-28T20:35:01.070614Z,77317.08,77317.09,0.01,77317.085,-0.3486584578693569074250549063
BTC-USD,2026-08-28T20:35:01.124729Z,77317.08,77317.09,0.01,77317.085,-0.4910199956306619733795574027
BTC-USD,2026-08-28T20:35:01.175015Z,77317.08,77317.09,0.01,77317.085,-0.4980541573509046474176683481
BTC-USD,2026-08-28T20:35:01.230414Z,77317.08,77317.09,0.01,77317.085,-0.4980142172784850070757218722
BTC-USD,2026-08-28T20:35:01.281034Z,77317.08,77317.09,0.01,77317.085,-0.4980048767628479900500556051
BTC-USD,2026-08-28T20:35:01.34386Z,77317.08,77317.09,0.01,77317.085,-0.5138221367608836398051699558
BTC-USD,2026-08-28T20:35:01.388313Z,77317.08,77317.09,0.01,77317.085,-0.5138221367608836398051699558
BTC-USD,2026-08-28T20:35:01.491053Z,77319.99,77320,0.01,77319.995,0.7140414505722365955522794145
BTC-USD,2026-08-28T20:35:01.534581Z,77320.49,77320.5,0.01,77320.495,-0.03892676946876777058787716784
BTC-USD,2026-08-28T20:35:01.579797Z,77320.49,77320.5,0.01,77320.495,-0.1420403576070034262434737246
BTC-USD,2026-08-28T20:35:01.625888Z,77320.49,77320.5,0.01,77320.495,-0.1420403576070034262434737246
BTC-USD,2026-08-28T20:35:01.671927Z,77320.49,77320.5,0.01,77320.495,-0.1941490651049511903076666333
BTC-USD,2026-08-28T20:35:01.739262Z,77320.49,77320.5,0.01,77320.495,-0.08795442033258655138029155576
BTC-USD,2026-08-28T20:35:01.788294Z,77320.49,77320.5,0.01,77320.495,-0.03584303830551942239663197160
BTC-USD,2026-08-28T20:35:01.828145Z,77320.49,77320.5,0.01,77320.495,-0.03584303830551942239663197160
BTC-USD,2026-08-28T20:35:01.876843Z,77320.49,77320.5,0.01,77320.495,-0.05069267873709312039888587023
BTC-USD,2026-08-28T20:35:01.929714Z,77320.49,77320.5,0.01,77320.495,-0.05069267873709312039888587023
BTC-USD,2026-08-28T20:35:01.988955Z,77320.49,77320.5,0.01,77320.495,-0.1158019139896237543288082699
BTC-USD,2026-08-28T20:35:02.034739Z,77320.49,77320.5,0.01,77320.495,-0.1411658361695832438053361854
BTC-USD,2026-08-28T20:35:02.086294Z,77320.49,77320.5,0.01,77320.495,0.1170077495904899601865038597
BTC-USD,2026-08-28T20:35:02.134226Z,77320.49,77320.5,0.01,77320.495,0.1171965123455357930052017837
BTC-USD,2026-08-28T20:35:02.187036Z,77320.49,77320.5,0.01,77320.495,0.1170039197870560258024329667
BTC-USD,2026-08-28T20:35:02.226044Z,77320.49,77320.5,0.01,77320.495,0.1170039197870560258024329667
BTC-USD,2026-08-28T20:35:02.285854Z,77320.49,77320.5,0.01,77320.495,0.06725791855045924155507234975
BTC-USD,2026-08-28T20:35:02.339882Z,77320.49,77320.5,0.01,77320.495,0.06726635717638726350549026903
BTC-USD,2026-08-28T20:35:02.379253Z,77320.49,77320.5,0.01,77320.495,0.8041904087864476813797689590
BTC-USD,2026-08-28T20:35:02.402752Z,77320.49,77320.5,0.01,77320.495,0.8858987126155020723959787848
BTC-USD,2026-08-28T20:35:02.530352Z,77326.39,77326.4,0.01,77326.395,-0.3876018163964162148498714660
BTC-USD,2026-08-28T20:35:02.573171Z,77326.39,77326.4,0.01,77326.395,-0.3876018163964162148498714660
BTC-USD,2026-08-28T20:35:02.622264Z,77326.39,77326.4,0.01,77326.395,-0.5888175859734492901003995671
BTC-USD,2026-08-28T20:35:02.650417Z,77326.39,77326.4,0.01,77326.395,-0.6147263575333611225140942477
BTC-USD,2026-08-28T20:35:02.719306Z,77324.43,77324.44,0.01,77324.435,-0.9631908312420347728173268409
BTC-USD,2026-08-28T20:35:02.793755Z,77324.43,77324.44,0.01,77324.435,-0.9631906784732175587858749398
BTC-USD,2026-08-28T20:35:02.867211Z,77324.34,77324.35,0.01,77324.345,-0.9755997983369248962109941190
BTC-USD,2026-08-28T20:35:03.007584Z,77324.14,77324.15,0.01,77324.145,-0.9806130433553154819297327297
BTC-USD,2026-08-28T20:35:03.125692Z,77324.14,77324.15,0.01,77324.145,-0.6646363708152872823589061706
BTC-USD,2026-08-28T20:35:03.194232Z,77324.14,77324.15,0.01,77324.145,-0.6985696649756486194906951855
BTC-USD,2026-08-28T20:35:03.231182Z,77324.14,77324.15,0.01,77324.145,-0.6096825928414078921999297845
BTC-USD,2026-08-28T20:35:03.294006Z,77324.14,77324.15,0.01,77324.145,-0.6096825928414078921999297845
BTC-USD,2026-08-28T20:35:03.339175Z,77324.14,77324.15,0.01,77324.145,-0.6096821506907355259706758054
BTC-USD,2026-08-28T20:35:03.385724Z,77324.14,77324.15,0.01,77324.145,-0.6096821506907355259706758054
BTC-USD,2026-08-28T20:35:03.439865Z,77324.14,77324.15,0.01,77324.145,-0.6096821506907355259706758054
BTC-USD,2026-08-28T20:35:03.481358Z,77324.14,77324.15,0.01,77324.145,-0.6096821506907355259706758054
BTC-USD,2026-08-28T20:35:03.529873Z,77324.14,77324.15,0.01,77324.145,-0.6088128928309596180159245007
BTC-USD,2026-08-28T20:35:03.572826Z,77324.14,77324.15,0.01,77324.145,-0.6088128928309596180159245007
BTC-USD,2026-08-28T20:35:03.621575Z,77324.14,77324.15,0.01,77324.145,-0.6088128928309596180159245007
BTC-USD,2026-08-28T20:35:03.673519Z,77324.14,77324.15,0.01,77324.145,-0.6088128928309596180159245007
BTC-USD,2026-08-28T20:35:03.719336Z,77324.14,77324.15,0.01,77324.145,-0.4571205049622750041378808548
BTC-USD,2026-08-28T20:35:03.767941Z,77324.14,77324.15,0.01,77324.145,-0.5096236690637338260318266165
BTC-USD,2026-08-28T20:35:03.832753Z,77324.14,77324.15,0.01,77324.145,-0.5864462824548881900478644534
BTC-USD,2026-08-28T20:35:03.858976Z,77324.14,77324.15,0.01,77324.145,-0.5864454968722962301511581811
BTC-USD,2026-08-28T20:35:03.934366Z,77324.14,77324.15,0.01,77324.145,-0.5864454968722962301511581811
BTC-USD,2026-08-28T20:35:03.980112Z,77324.14,77324.15,0.01,77324.145,-0.5864454968722962301511581811
BTC-USD,2026-08-28T20:35:04.035331Z,77324.14,77324.15,0.01,77324.145,-0.5864454968722962301511581811
BTC-USD,2026-08-28T20:35:04.059726Z,77324.14,77324.15,0.01,77324.145,-0.5864454968722962301511581811
BTC-USD,2026-08-28T20:35:04.12089Z,77324.14,77324.15,0.01,77324.145,-0.4766466040094560115384899234
BTC-USD,2026-08-28T20:35:04.176925Z,77326.49,77326.5,0.01,77326.495,-0.1845478846127121724147140394
BTC-USD,2026-08-28T20:35:04.228839Z,77327.99,77328,0.01,77327.995,0.4058505731503402029015711081
BTC-USD,2026-08-28T20:35:04.28738Z,77330.98,77330.99,0.01,77330.985,-0.09120108836184304014499067019
BTC-USD,2026-08-28T20:35:04.328972Z,77330.98,77330.99,0.01,77330.985,0.1513361016676881880187610612
BTC-USD,2026-08-28T20:35:04.392237Z,77330.98,77330.99,0.01,77330.985,0.3877670227417027964969484029
BTC-USD,2026-08-28T20:35:04.434912Z,77330.98,77330.99,0.01,77330.985,0.4805362532846428865677369689
BTC-USD,2026-08-28T20:35:04.480341Z,77330.98,77330.99,0.01,77330.985,0.4805361926464333442797123099
BTC-USD,2026-08-28T20:35:04.530576Z,77330.98,77331.13,0.15,77331.055,0.2149516817987053478274895462
BTC-USD,2026-08-28T20:35:04.577941Z,77330.98,77331.13,0.15,77331.055,0.2149516817987053478274895462
BTC-USD,2026-08-28T20:35:04.622812Z,77330.98,77331.13,0.15,77331.055,0.2149516817987053478274895462
BTC-USD,2026-08-28T20:35:04.690718Z,77330.98,77331,0.02,77330.99,0.2149039377229756368507984991
BTC-USD,2026-08-28T20:35:04.734837Z,77330.98,77331,0.02,77330.99,0.2149039377229756368507984991
BTC-USD,2026-08-28T20:35:04.798146Z,77330.98,77331,0.02,77330.99,0.1607598452558952232431322766
BTC-USD,2026-08-28T20:35:04.845679Z,77330.98,77330.99,0.01,77330.985,0.2611256719689086041840124417
BTC-USD,2026-08-28T20:35:04.876068Z,77330.98,77330.99,0.01,77330.985,0.2611233397844201837387766137
BTC-USD,2026-08-28T20:35:04.94435Z,77330.98,77330.99,0.01,77330.985,0.2778173847411383316914405624
BTC-USD,2026-08-28T20:35:04.990513Z,77322,77327.67,5.67,77324.835,-0.2599719779037336702347135826
BTC-USD,2026-08-28T20:35:05.033599Z,77321.67,77326.28,4.61,77323.975,0.2571562305663870420091381825
BTC-USD,2026-08-28T20:35:05.077051Z,77321.69,77325.28,3.59,77323.485,-0.4906347722498325322133086475
BTC-USD,2026-08-28T20:35:05.130906Z,77321.7,77321.71,0.01,77321.705,0.3140568698259081219946635009
BTC-USD,2026-08-28T20:35:05.184246Z,77317.17,77321.7,4.53,77319.435,-0.6919501107432966765083309036
BTC-USD,2026-08-28T20:35:05.233814Z,77311.65,77319.28,7.63,77315.465,-0.5924335254196544575970279125
BTC-USD,2026-08-28T20:35:05.26493Z,77312.7,77317.83,5.13,77315.265,-0.4063824532283623454137776777
BTC-USD,2026-08-28T20:35:05.323267Z,77314.62,77315.25,0.63,77314.935,-0.6580534783701059814757346504
BTC-USD,2026-08-28T20:35:05.36667Z,77314.62,77315.25,0.63,77314.935,-0.6580534783701059814757346504
BTC-USD,2026-08-28T20:35:05.398307Z,77314.63,77315.25,0.62,77314.94,-0.7194544254942727329731083882
BTC-USD,2026-08-28T20:35:05.445548Z,77314.63,77315.25,0.62,77314.94,-0.8255871120452275369889033025
BTC-USD,2026-08-28T20:35:05.49657Z,77314.63,77314.64,0.01,77314.635,-0.6195027629360147414867964391
BTC-USD,2026-08-28T20:35:05.623097Z,77314.63,77314.64,0.01,77314.635,-0.6195017488064701348407627813
BTC-USD,2026-08-28T20:35:05.694439Z,77314.63,77314.64,0.01,77314.635,-0.6107602307184601436049735539
BTC-USD,2026-08-28T20:35:05.73865Z,77314.63,77314.64,0.01,77314.635,-0.6107602307184601436049735539
BTC-USD,2026-08-28T20:35:05.761016Z,77314.63,77314.64,0.01,77314.635,-0.6107083691377954989106645799
BTC-USD,2026-08-28T20:35:05.83132Z,77314.63,77314.64,0.01,77314.635,-0.6107083691377954989106645799
BTC-USD,2026-08-28T20:35:05.881233Z,77314.63,77314.64,0.01,77314.635,-0.6107083691377954989106645799
BTC-USD,2026-08-28T20:35:05.925517Z,77314.63,77314.64,0.01,77314.635,-0.6107073370289879942326333388
BTC-USD,2026-08-28T20:35:05.968949Z,77314.63,77314.64,0.01,77314.635,-0.6106089533631344611558771359
BTC-USD,2026-08-28T20:35:06.004981Z,77314.63,77314.64,0.01,77314.635,-0.4661795275377499069995038229
BTC-USD,2026-08-28T20:35:06.076413Z,77314.63,77314.64,0.01,77314.635,-0.4661795275377499069995038229
BTC-USD,2026-08-28T20:35:06.121145Z,77314.63,77314.64,0.01,77314.635,-0.4661795275377499069995038229
BTC-USD,2026-08-28T20:35:06.191337Z,77314.63,77314.64,0.01,77314.635,-0.4661795275377499069995038229
BTC-USD,2026-08-28T20:35:06.23346Z,77314.63,77314.64,0.01,77314.635,-0.4661795275377499069995038229
BTC-USD,2026-08-28T20:35:06.279094Z,77314.63,77314.64,0.01,77314.635,-0.4661795275377499069995038229
BTC-USD,2026-08-28T20:35:06.324897Z,77315.24,77315.25,0.01,77315.245,-0.4183883570980221294251584490
BTC-USD,2026-08-28T20:35:06.372394Z,77315.24,77315.25,0.01,77315.245,-0.4339740157221727907307513747
BTC-USD,2026-08-28T20:35:06.426059Z,77317.82,77317.83,0.01,77317.825,-0.6409110233376148891389247898
BTC-USD,2026-08-28T20:35:06.47919Z,77317.82,77317.83,0.01,77317.825,-0.4340632379475253251371110959
BTC-USD,2026-08-28T20:35:06.531247Z,77317.82,77317.83,0.01,77317.825,-0.4340632379475253251371110959
BTC-USD,2026-08-28T20:35:06.59085Z,77317.82,77317.83,0.01,77317.825,-0.5539558026726925854046300049
BTC-USD,2026-08-28T20:35:06.634405Z,77317.82,77317.83,0.01,77317.825,-0.5539558026726925854046300049
BTC-USD,2026-08-28T20:35:06.692968Z,77317.82,77317.83,0.01,77317.825,-0.5257650152544358472235126253
BTC-USD,2026-08-28T20:35:06.736672Z,77317.82,77317.83,0.01,77317.825,-0.6508594476049144503910088572
BTC-USD,2026-08-28T20:35:06.800946Z,77317.82,77317.83,0.01,77317.825,-0.6508594666124784078544513316
BTC-USD,2026-08-28T20:35:06.846068Z,77317.82,77317.83,0.01,77317.825,-0.5003356880063840836472921236
BTC-USD,2026-08-28T20:35:06.892214Z,77317.82,77317.83,0.01,77317.825,-0.6508594666124784078544513316
BTC-USD,2026-08-28T20:35:06.934142Z,77317.82,77317.83,0.01,77317.825,-0.6353278188344414307192942914
BTC-USD,2026-08-28T20:35:06.988971Z,77317.82,77317.83,0.01,77317.825,-0.6353278188344414307192942914
BTC-USD,2026-08-28T20:35:07.031415Z,77317.82,77317.83,0.01,77317.825,-0.6353278188344414307192942914
BTC-USD,2026-08-28T20:35:07.074025Z,77317.82,77317.83,0.01,77317.825,-0.6353278188344414307192942914
BTC-USD,2026-08-28T20:35:07.126178Z,77317.82,77317.83,0.01,77317.825,-0.5555745272294393959976263164
BTC-USD,2026-08-28T20:35:07.175521Z,77317.82,77317.83,0.01,77317.825,-0.5555745272294393959976263164
BTC-USD,2026-08-28T20:35:07.217561Z,77317.82,77317.83,0.01,77317.825,-0.5736168143481791585520928203
BTC-USD,2026-08-28T20:35:07.293747Z,77317.82,77317.83,0.01,77317.825,-0.1342240017614539975624644684
BTC-USD,2026-08-28T20:35:07.335833Z,77317.82,77317.83,0.01,77317.825,0.05542757960419150160249945625
BTC-USD,2026-08-28T20:35:07.379138Z,77319.1,77320.28,1.18,77319.69,-0.3052139744137867341792345339
BTC-USD,2026-08-28T20:35:07.437894Z,77319.12,77320.28,1.16,77319.70,-0.3052139744137867341792345339
BTC-USD,2026-08-28T20:35:07.480192Z,77319.12,77320.28,1.16,77319.70,-0.3052139744137867341792345339
BTC-USD,2026-08-28T20:35:07.542753Z,77319.12,77320.28,1.16,77319.70,-0.3046478901348266258072129847
BTC-USD,2026-08-28T20:35:07.581912Z,77319.53,77320.28,0.75,77319.905,-0.4634633989514619029244911568
BTC-USD,2026-08-28T20:35:07.636886Z,77319.53,77320.29,0.76,77319.91,-0.8303633932093342652473051597
BTC-USD,2026-08-28T20:35:07.67671Z,77319.53,77320.29,0.76,77319.91,-0.8303633932093342652473051597
BTC-USD,2026-08-28T20:35:07.716816Z,77319.53,77320.29,0.76,77319.91,-0.5917569282521051991392306791
BTC-USD,2026-08-28T20:35:07.787197Z,77320.27,77320.29,0.02,77320.28,-0.1643844527496660982595921602
BTC-USD,2026-08-28T20:35:07.831456Z,77320.27,77320.29,0.02,77320.28,-0.2792660331679973394923415233
BTC-USD,2026-08-28T20:35:07.870398Z,77320.28,77320.29,0.01,77320.285,-0.3223009842494393496046778290
BTC-USD,2026-08-28T20:35:07.93655Z,77320.28,77320.29,0.01,77320.285,-0.06043626647375575378189009912
BTC-USD,2026-08-28T20:35:08.053267Z,77320.28,77320.29,0.01,77320.285,-0.3270638310136995581700653404
BTC-USD,2026-08-28T20:35:08.075874Z,77320.28,77320.29,0.01,77320.285,-0.3270638310136995581700653404
BTC-USD,2026-08-28T20:35:08.131215Z,77320.28,77320.29,0.01,77320.285,-0.4070202356200500481729219269
BTC-USD,2026-08-28T20:35:08.175032Z,77320.28,77320.29,0.01,77320.285,-0.4070202356200500481729219269
BTC-USD,2026-08-28T20:35:08.241452Z,77320.28,77320.29,0.01,77320.285,-0.2487658065440203523496035090
BTC-USD,2026-08-28T20:35:08.291994Z,77320.28,77320.29,0.01,77320.285,-0.2827710547742686145679334257
BTC-USD,2026-08-28T20:35:08.339129Z,77320.28,77320.29,0.01,77320.285,-0.3389950122538406120794995051
BTC-USD,2026-08-28T20:35:08.384052Z,77320.28,77320.29,0.01,77320.285,-0.3389950122538406120794995051
BTC-USD,2026-08-28T20:35:08.433161Z,77320.28,77320.29,0.01,77320.285,-0.3389950122538406120794995051
BTC-USD,2026-08-28T20:35:08.454747Z,77320.28,77320.29,0.01,77320.285,-0.3372821959848292539365114831
BTC-USD,2026-08-28T20:35:08.510326Z,77320.28,77320.29,0.01,77320.285,-0.3372821959848292539365114831
BTC-USD,2026-08-28T20:35:08.584879Z,77320.28,77320.29,0.01,77320.285,-0.3368766466704365525362791721
BTC-USD,2026-08-28T20:35:08.625415Z,77320.28,77320.29,0.01,77320.285,-0.1150936322885869374795770769
BTC-USD,2026-08-28T20:35:08.669788Z,77320.28,77320.29,0.01,77320.285,-0.1150936322885869374795770769
BTC-USD,2026-08-28T20:35:08.736497Z,77323.72,77323.73,0.01,77323.725,-0.3441862660346391430406449473
BTC-USD,2026-08-28T20:35:08.787386Z,77323.72,77323.73,0.01,77323.725,-0.6287197383582749625261104376
BTC-USD,2026-08-28T20:35:08.823904Z,77323.72,77323.73,0.01,77323.725,-0.6287197383582749625261104376
BTC-USD,2026-08-28T20:35:08.882734Z,77323.72,77323.73,0.01,77323.725,-0.6287197383582749625261104376
BTC-USD,2026-08-28T20:35:08.926339Z,77323.72,77323.73,0.01,77323.725,-0.6287197383582749625261104376
BTC-USD,2026-08-28T20:35:08.987163Z,77323.72,77323.73,0.01,77323.725,-0.6287197383582749625261104376
BTC-USD,2026-08-28T20:35:09.040976Z,77323.72,77323.73,0.01,77323.725,-0.6287198837147784942594560100
BTC-USD,2026-08-28T20:35:09.084198Z,77323.72,77323.73,0.01,77323.725,-0.6287198837147784942594560100
BTC-USD,2026-08-28T20:35:09.144544Z,77323.72,77323.73,0.01,77323.725,-0.6287198837147784942594560100
BTC-USD,2026-08-28T20:35:09.198424Z,77323.72,77323.73,0.01,77323.725,-0.6169730837860669427180404426
BTC-USD,2026-08-28T20:35:09.242704Z,77323.72,77323.73,0.01,77323.725,-0.6169730837860669427180404426
BTC-USD,2026-08-28T20:35:09.275216Z,77323.72,77323.73,0.01,77323.725,-0.6169730837860669427180404426
BTC-USD,2026-08-28T20:35:09.34302Z,77323.72,77323.73,0.01,77323.725,-0.6169212513128431486390509435
BTC-USD,2026-08-28T20:35:09.396329Z,77323.72,77323.73,0.01,77323.725,-0.6169212513128431486390509435
BTC-USD,2026-08-28T20:35:09.443989Z,77323.72,77323.73,0.01,77323.725,-0.6169212513128431486390509435
BTC-USD,2026-08-28T20:35:09.494314Z,77323.72,77323.73,0.01,77323.725,-0.6517340100893506875784172928
BTC-USD,2026-08-28T20:35:09.537563Z,77323.72,77324.15,0.43,77323.935,0.07646182348647514093680616102
BTC-USD,2026-08-28T20:35:09.576925Z,77330.12,77330.62,0.50,77330.37,0.2041661816541719192487906334
BTC-USD,2026-08-28T20:35:09.622107Z,77330.76,77330.99,0.23,77330.875,0.5552171449951512297424173177
BTC-USD,2026-08-28T20:35:09.674885Z,77330.98,77330.99,0.01,77330.985,0.7620037936177407223529020083
BTC-USD,2026-08-28T20:35:09.745258Z,77330.98,77330.99,0.01,77330.985,0.9923608150422073587068883661
BTC-USD,2026-08-28T20:35:09.785684Z,77330.98,77330.99,0.01,77330.985,0.9923608150422073587068883661
BTC-USD,2026-08-28T20:35:09.828039Z,77330.98,77330.99,0.01,77330.985,0.9923612460005278214507321386
BTC-USD,2026-08-28T20:35:09.868835Z,77330.98,77330.99,0.01,77330.985,0.9923616722010938527056219796
BTC-USD,2026-08-28T20:35:09.942129Z,77330.98,77330.99,0.01,77330.985,0.9923616722010938527056219796
BTC-USD,2026-08-28T20:35:09.987281Z,77330.98,77330.99,0.01,77330.985,0.9946870601016555625176719527
BTC-USD,2026-08-28T20:35:10.030038Z,77330.98,77330.99,0.01,77330.985,0.9950929206257002381743698799
BTC-USD,2026-08-28T20:35:10.059169Z,77330.98,77330.99,0.01,77330.985,0.9950927447301151830409636361
BTC-USD,2026-08-28T20:35:10.128885Z,77330.98,77330.99,0.01,77330.985,0.2032420523013087256969242177
BTC-USD,2026-08-28T20:35:10.192167Z,77330.98,77330.99,0.01,77330.985,0.2613195975338962643457439177
BTC-USD,2026-08-28T20:35:10.2305Z,77330.77,77330.82,0.05,77330.795,0.3729467472939171492193362950
BTC-USD,2026-08-28T20:35:10.25476Z,77330.77,77330.82,0.05,77330.795,0.3729466498491612317079648935
BTC-USD,2026-08-28T20:35:10.344783Z,77330.77,77330.82,0.05,77330.795,0.3729466498491612317079648935
BTC-USD,2026-08-28T20:35:10.389414Z,77330.77,77330.82,0.05,77330.795,0.3696759324046116285260714004
BTC-USD,2026-08-28T20:35:10.426053Z,77330.77,77330.82,0.05,77330.795,0.3729466498491612317079648935
BTC-USD,2026-08-28T20:35:10.477178Z,77330.77,77330.82,0.05,77330.795,0.3729466498491612317079648935
BTC-USD,2026-08-28T20:35:10.531968Z,77330.77,77330.82,0.05,77330.795,0.3696759324046116285260714004
BTC-USD,2026-08-28T20:35:10.587188Z,77330.77,77330.82,0.05,77330.795,0.3216036990934790642637012740
BTC-USD,2026-08-28T20:35:10.634552Z,77330.77,77330.78,0.01,77330.775,0.2930777716135451048515975010
BTC-USD,2026-08-28T20:35:10.696435Z,77330.77,77330.78,0.01,77330.775,0.2910049831776010636486521722
BTC-USD,2026-08-28T20:35:10.716701Z,77330.77,77330.78,0.01,77330.775,0.2910049831776010636486521722
BTC-USD,2026-08-28T20:35:10.786515Z,77330.77,77330.78,0.01,77330.775,0.02463775630651037778880958272
BTC-USD,2026-08-28T20:35:10.845686Z,77330.77,77330.78,0.01,77330.775,0.02463764608921457039363084094
BTC-USD,2026-08-28T20:35:10.896867Z,77330.77,77330.78,0.01,77330.775,0.02667369769635295244930560796
BTC-USD,2026-08-28T20:35:10.939751Z,77330.77,77330.78,0.01,77330.775,0.02667369769635295244930560796
BTC-USD,2026-08-28T20:35:10.982844Z,77330.77,77330.78,0.01,77330.775,0.02667369769635295244930560796
BTC-USD,2026-08-28T20:35:11.062869Z,77330.77,77330.78,0.01,77330.775,0.2341071892145586925811512248
BTC-USD,2026-08-28T20:35:11.119334Z,77330.77,77330.78,0.01,77330.775,0.2371453138377619897974271131
BTC-USD,2026-08-28T20:35:11.158852Z,77330.98,77330.99,0.01,77330.985,0.4529236163668014102505929025
BTC-USD,2026-08-28T20:35:11.21708Z,77330.98,77330.99,0.01,77330.985,0.2052869560586033863879997234
BTC-USD,2026-08-28T20:35:11.283319Z,77330.98,77330.99,0.01,77330.985,0.2052869560586033863879997234
BTC-USD,2026-08-28T20:35:11.340125Z,77330.98,77330.99,0.01,77330.985,0.1742356563259429528889188056
BTC-USD,2026-08-28T20:35:11.377074Z,77330.98,77330.99,0.01,77330.985,0.1742356563259429528889188056
BTC-USD,2026-08-28T20:35:11.448799Z,77330.98,77330.99,0.01,77330.985,0.2614419926790255875600962290
BTC-USD,2026-08-28T20:35:11.484949Z,77330.98,77330.99,0.01,77330.985,0.2614419926790255875600962290
BTC-USD,2026-08-28T20:35:11.545534Z,77332.13,77332.14,0.01,77332.135,0.2977466668213638880523468493
BTC-USD,2026-08-28T20:35:11.58553Z,77332.13,77332.14,0.01,77332.135,0.2475453033914473005611648822
BTC-USD,2026-08-28T20:35:11.638419Z,77332.13,77332.14,0.01,77332.135,0.3935243666142011552508363920
BTC-USD,2026-08-28T20:35:11.684498Z,77332.13,77332.14,0.01,77332.135,0.4417535581135453552089935160
BTC-USD,2026-08-28T20:35:11.743497Z,77332.19,77332.2,0.01,77332.195,0.9807429942311611451640427932
BTC-USD,2026-08-28T20:35:11.783314Z,77332.2,77332.49,0.29,77332.345,0.9597749034310731592244139061
BTC-USD,2026-08-28T20:35:11.848983Z,77332.43,77332.44,0.01,77332.435,0.5780245137083929609640294324
BTC-USD,2026-08-28T20:35:11.891938Z,77332.43,77332.44,0.01,77332.435,0.5780244368637943009181209430
BTC-USD,2026-08-28T20:35:11.940955Z,77332.43,77332.44,0.01,77332.435,0.6008419916708256934097217252
BTC-USD,2026-08-28T20:35:12.001362Z,77332.43,77332.44,0.01,77332.435,0.6371010281645370547978910864
BTC-USD,2026-08-28T20:35:12.035394Z,77332.43,77332.44,0.01,77332.435,0.2961363262926498782952044947
BTC-USD,2026-08-28T20:35:12.085234Z,77332.43,77332.44,0.01,77332.435,0.2096042648034949087394382869
BTC-USD,2026-08-28T20:35:12.138318Z,77332.43,77332.44,0.01,77332.435,0.2085382877684942523718555060
BTC-USD,2026-08-28T20:35:12.194774Z,77332.43,77332.44,0.01,77332.435,0.2085382877684942523718555060
BTC-USD,2026-08-28T20:35:12.240339Z,77332.43,77332.44,0.01,77332.435,0.2085382877684942523718555060
BTC-USD,2026-08-28T20:35:12.275844Z,77332.43,77332.44,0.01,77332.435,0.2085381843368258728898559532
BTC-USD,2026-08-28T20:35:12.348781Z,77332.43,77332.44,0.01,77332.435,0.2085381843368258728898559532
BTC-USD,2026-08-28T20:35:12.380493Z,77332.43,77332.44,0.01,77332.435,0.2085381843368258728898559532
BTC-USD,2026-08-28T20:35:12.433717Z,77332.43,77332.44,0.01,77332.435,0.3427762718142011489895502420
BTC-USD,2026-08-28T20:35:12.478932Z,77332.43,77332.44,0.01,77332.435,0.2866662909574442506901745553
BTC-USD,2026-08-28T20:35:12.533593Z,77332.43,77332.44,0.01,77332.435,0.2867477141397723886955211443
BTC-USD,2026-08-28T20:35:12.586974Z,77332.43,77332.44,0.01,77332.435,0.2454267840080578256772829664
BTC-USD,2026-08-28T20:35:12.63369Z,77332.43,77332.44,0.01,77332.435,0.2454444496871980916149703844
BTC-USD,2026-08-28T20:35:12.690329Z,77332.43,77332.44,0.01,77332.435,0.2454444496871980916149703844
BTC-USD,2026-08-28T20:35:12.716644Z,77332.43,77332.44,0.01,77332.435,0.2454444496871980916149703844
BTC-USD,2026-08-28T20:35:12.789121Z,77332.43,77332.44,0.01,77332.435,0.2710388579790536419261076112
BTC-USD,2026-08-28T20:35:12.836623Z,77332.43,77332.44,0.01,77332.435,0.2454444496871980916149703844
BTC-USD,2026-08-28T20:35:12.88199Z,77332.43,77332.44,0.01,77332.435,0.2454471003931498957324752907
BTC-USD,2026-08-28T20:35:12.932797Z,77332.43,77332.44,0.01,77332.435,0.2454428592690428824846925800
BTC-USD,2026-08-28T20:35:12.977808Z,77332.43,77332.44,0.01,77332.435,0.2454427468536064499843994557
BTC-USD,2026-08-28T20:35:13.037377Z,77332.43,77332.44,0.01,77332.435,0.2454427468536064499843994557
BTC-USD,2026-08-28T20:35:13.073914Z,77332.43,77332.44,0.01,77332.435,0.2454427468536064499843994557
BTC-USD,2026-08-28T20:35:13.150369Z,77332.43,77332.44,0.01,77332.435,0.2454427468536064499843994557
BTC-USD,2026-08-28T20:35:13.188339Z,77332.43,77332.44,0.01,77332.435,-0.01453683544497355484611814969
BTC-USD,2026-08-28T20:35:13.237994Z,77332.43,77332.44,0.01,77332.435,0.01289094679486583950958276577
BTC-USD,2026-08-28T20:35:13.28343Z,77332.45,77332.49,0.04,77332.47,-0.5075225832873263336419159494
BTC-USD,2026-08-28T20:35:13.341295Z,77333.83,77333.84,0.01,77333.835,-0.2636500231178888188489717143
BTC-USD,2026-08-28T20:35:13.380098Z,77333.83,77333.84,0.01,77333.835,-0.2636500231178888188489717143
BTC-USD,2026-08-28T20:35:13.440792Z,77333.83,77333.84,0.01,77333.835,0.3028723276647212212545408638
BTC-USD,2026-08-28T20:35:13.480354Z,77333.83,77333.84,0.01,77333.835,0.3028723276647212212545408638
BTC-USD,2026-08-28T20:35:13.519223Z,77333.83,77333.84,0.01,77333.835,0.3028723188883153586557904990
BTC-USD,2026-08-28T20:35:13.593117Z,77333.83,77333.84,0.01,77333.835,0.3390132280763372964181356704
BTC-USD,2026-08-28T20:35:13.633753Z,77333.83,77333.84,0.01,77333.835,-0.05999930627743879468078654968
BTC-USD,2026-08-28T20:35:13.677814Z,77333.83,77333.84,0.01,77333.835,-0.05999930627743879468078654968
BTC-USD,2026-08-28T20:35:13.752373Z,77333.83,77333.84,0.01,77333.835,-0.05999570747950639230268226635
BTC-USD,2026-08-28T20:35:13.78401Z,77325.65,77325.66,0.01,77325.655,-0.3862140002631676671924840431
BTC-USD,2026-08-28T20:35:13.843625Z,77325.65,77325.66,0.01,77325.655,-0.3643567547146375154489756153
BTC-USD,2026-08-28T20:35:13.877412Z,77325.65,77325.66,0.01,77325.655,-0.3073252761355833854644026357
BTC-USD,2026-08-28T20:35:13.935315Z,77325.65,77325.66,0.01,77325.655,-0.3904912415435240288071613086
BTC-USD,2026-08-28T20:35:13.984833Z,77325.65,77325.66,0.01,77325.655,-0.4499396043817426260276597079
BTC-USD,2026-08-28T20:35:14.027214Z,77325.65,77325.66,0.01,77325.655,-0.4570323971152362932116229190
BTC-USD,2026-08-28T20:35:14.07116Z,77325.65,77325.66,0.01,77325.655,-0.4381842276252317942713725080
BTC-USD,2026-08-28T20:35:14.126247Z,77325.65,77325.66,0.01,77325.655,-0.4247636560339191346623786306
BTC-USD,2026-08-28T20:35:14.195747Z,77325.65,77325.66,0.01,77325.655,-0.4024558335794172970708980864
BTC-USD,2026-08-28T20:35:14.220806Z,77325.65,77325.66,0.01,77325.655,-0.3947405283011500312959429544
BTC-USD,2026-08-28T20:35:14.294296Z,77325.65,77325.66,0.01,77325.655,-0.3167293446744483232439192445
BTC-USD,2026-08-28T20:35:14.355482Z,77325.65,77325.66,0.01,77325.655,-0.3116712767319279544588235859
BTC-USD,2026-08-28T20:35:14.392855Z,77325.65,77325.66,0.01,77325.655,-0.3116712767319279544588235859
BTC-USD,2026-08-28T20:35:14.440112Z,77325.65,77325.66,0.01,77325.655,-0.2561170800201145325620787402
BTC-USD,2026-08-28T20:35:14.483572Z,77325.65,77325.66,0.01,77325.655,-0.2353264751458802450303866734
BTC-USD,2026-08-28T20:35:14.510299Z,77325.65,77325.66,0.01,77325.655,-0.2122729028619282449274065492
BTC-USD,2026-08-28T20:35:14.599019Z,77325.65,77325.66,0.01,77325.655,-0.1769962010821145230914299208
BTC-USD,2026-08-28T20:35:14.643157Z,77325.65,77325.66,0.01,77325.655,-0.1498930796763839721412552205
BTC-USD,2026-08-28T20:35:14.696213Z,77325.65,77325.66,0.01,77325.655,-0.1423196498234734532092467436
BTC-USD,2026-08-28T20:35:14.734189Z,77325.65,77325.66,0.01,77325.655,-0.09079958933279624297648368540
BTC-USD,2026-08-28T20:35:14.787343Z,77325.65,77325.66,0.01,77325.655,-0.09079958933279624297648368540
BTC-USD,2026-08-28T20:35:14.836245Z,77325.65,77325.66,0.01,77325.655,0.02866226231478412235282439257
BTC-USD,2026-08-28T20:35:14.894561Z,77325.65,77325.66,0.01,77325.655,0.02866226231478412235282439257
BTC-USD,2026-08-28T20:35:14.930416Z,77325.65,77325.66,0.01,77325.655,0.02866226231478412235282439257
BTC-USD,2026-08-28T20:35:14.98781Z,77325.65,77325.66,0.01,77325.655,0.02866226231478412235282439257
BTC-USD,2026-08-28T20:35:15.036105Z,77328.56,77328.57,0.01,77328.565,-0.1243349932556238904103742444
BTC-USD,2026-08-28T20:35:15.076544Z,77328.56,77328.57,0.01,77328.565,-0.1115549993066695681106359933
BTC-USD,2026-08-28T20:35:15.127642Z,77328.56,77328.57,0.01,77328.565,0.07460276792905120448804126187
BTC-USD,2026-08-28T20:35:15.194012Z,77331.16,77331.17,0.01,77331.165,-0.04921666138880283809986875623
BTC-USD,2026-08-28T20:35:15.233219Z,77331.16,77331.17,0.01,77331.165,-0.007734043805568561328444545739
BTC-USD,2026-08-28T20:35:15.280005Z,77331.16,77331.17,0.01,77331.165,0.3402980847833242492538571311
BTC-USD,2026-08-28T20:35:15.341724Z,77331.16,77331.17,0.01,77331.165,0.1960826780048793737489363555
BTC-USD,2026-08-28T20:35:15.390411Z,77331.16,77331.17,0.01,77331.165,0.09650189894671084175339199480
BTC-USD,2026-08-28T20:35:15.427795Z,77331.16,77331.17,0.01,77331.165,0.09659157792597649057250561838
BTC-USD,2026-08-28T20:35:15.492841Z,77331.16,77331.17,0.01,77331.165,0.09659157792597649057250561838
BTC-USD,2026-08-28T20:35:15.536088Z,77331.16,77331.17,0.01,77331.165,0.09659157792597649057250561838
BTC-USD,2026-08-28T20:35:15.59522Z,77331.16,77331.17,0.01,77331.165,0.1505656368265035882534661633
BTC-USD,2026-08-28T20:35:15.63549Z,77331.16,77331.17,0.01,77331.165,0.1505656368265035882534661633
BTC-USD,2026-08-28T20:35:15.670629Z,77331.16,77331.17,0.01,77331.165,0.1505656368265035882534661633
BTC-USD,2026-08-28T20:35:15.727491Z,77331.16,77331.17,0.01,77331.165,0.1505656368265035882534661633
BTC-USD,2026-08-28T20:35:15.79233Z,77331.16,77331.17,0.01,77331.165,0.1505656368265035882534661633
BTC-USD,2026-08-28T20:35:15.844953Z,77331.16,77331.17,0.01,77331.165,0.1658829118560145085544949197
BTC-USD,2026-08-28T20:35:15.887269Z,77331.16,77331.17,0.01,77331.165,0.1505656368265035882534661633
BTC-USD,2026-08-28T20:35:15.93139Z,77331.16,77331.17,0.01,77331.165,0.1499779602863138245850612983
BTC-USD,2026-08-28T20:35:15.948037Z,77331.16,77331.17,0.01,77331.165,0.1499779602863138245850612983
BTC-USD,2026-08-28T20:35:16.03316Z,77331.17,77332.49,1.32,77331.83,0.1060684270050698202079762072
BTC-USD,2026-08-28T20:35:16.056924Z,77332.48,77332.49,0.01,77332.485,0.01160799294918892806372494591
BTC-USD,2026-08-28T20:35:16.1402Z,77332.48,77332.49,0.01,77332.485,0.1630125975427899341390366290
BTC-USD,2026-08-28T20:35:16.188382Z,77332.48,77332.49,0.01,77332.485,0.1604333167002888759331005322
BTC-USD,2026-08-28T20:35:16.242051Z,77332.48,77332.49,0.01,77332.485,0.1604333167002888759331005322
BTC-USD,2026-08-28T20:35:16.268879Z,77332.48,77332.49,0.01,77332.485,0.1604333167002888759331005322
BTC-USD,2026-08-28T20:35:16.333173Z,77332.48,77332.49,0.01,77332.485,0.1604333167002888759331005322
BTC-USD,2026-08-28T20:35:16.384899Z,77332.48,77332.49,0.01,77332.485,0.1864336315516780758471237666
BTC-USD,2026-08-28T20:35:16.437736Z,77332.48,77332.49,0.01,77332.485,0.05556426668509995627344487883
BTC-USD,2026-08-28T20:35:16.460929Z,77332.48,77332.49,0.01,77332.485,0.05556636394807528803768916329
BTC-USD,2026-08-28T20:35:16.5039Z,77332.48,77332.49,0.01,77332.485,0.05556636394807528803768916329
BTC-USD,2026-08-28T20:35:16.577671Z,77332.48,77332.49,0.01,77332.485,0.1904600661976220235303028334
BTC-USD,2026-08-28T20:35:16.640778Z,77332.48,77332.49,0.01,77332.485,0.1904600661976220235303028334
BTC-USD,2026-08-28T20:35:16.673811Z,77332.48,77332.49,0.01,77332.485,0.1904600661976220235303028334
BTC-USD,2026-08-28T20:35:16.725586Z,77332.48,77332.49,0.01,77332.485,0.2075241540595424030003085199
BTC-USD,2026-08-28T20:35:16.796798Z,77332.48,77332.49,0.01,77332.485,0.2783616580604228399920646855
BTC-USD,2026-08-28T20:35:16.820092Z,77332.48,77332.49,0.01,77332.485,0.2783616580604228399920646855
BTC-USD,2026-08-28T20:35:16.874589Z,77332.48,77332.49,0.01,77332.485,0.2783616580604228399920646855
BTC-USD,2026-08-28T20:35:16.943429Z,77332.48,77332.49,0.01,77332.485,0.2783616580604228399920646855
BTC-USD,2026-08-28T20:35:16.983539Z,77332.48,77332.49,0.01,77332.485,0.3259153399571835744094758112
BTC-USD,2026-08-28T20:35:17.025426Z,77332.48,77332.49,0.01,77332.485,0.3259153399571835744094758112
BTC-USD,2026-08-28T20:35:17.064595Z,77332.48,77332.49,0.01,77332.485,0.3259153399571835744094758112
BTC-USD,2026-08-28T20:35:17.123346Z,77332.48,77332.49,0.01,77332.485,0.3259152953734600473787414836
BTC-USD,2026-08-28T20:35:17.172598Z,77332.48,77332.49,0.01,77332.485,0.3259152953734600473787414836
BTC-USD,2026-08-28T20:35:17.229552Z,77332.48,77332.49,0.01,77332.485,0.3259152953734600473787414836
BTC-USD,2026-08-28T20:35:17.248682Z,77333.83,77333.84,0.01,77333.835,0.9995838507608228172819321856
BTC-USD,2026-08-28T20:35:17.333406Z,77339.99,77340,0.01,77339.995,0.9991195132574099206085439773
BTC-USD,2026-08-28T20:35:17.374868Z,77339.99,77340,0.01,77339.995,0.9995696391866043165136713708
BTC-USD,2026-08-28T20:35:17.411204Z,77339.99,77340,0.01,77339.995,0.9995696391866043165136713708
BTC-USD,2026-08-28T20:35:17.474912Z,77339.99,77340,0.01,77339.995,0.9995611818620179718232758816
BTC-USD,2026-08-28T20:35:17.536023Z,77344.87,77344.95,0.08,77344.91,0.3589158590880454686960746543
BTC-USD,2026-08-28T20:35:17.589455Z,77344.87,77344.95,0.08,77344.91,0.3448648486273480625136209134
BTC-USD,2026-08-28T20:35:17.633715Z,77344.87,77344.95,0.08,77344.91,0.03192609705228695543485614278
BTC-USD,2026-08-28T20:35:17.677103Z,77344.93,77344.95,0.02,77344.94,0.03192232336293448091274864643
BTC-USD,2026-08-28T20:35:17.727215Z,77344.93,77344.95,0.02,77344.94,0.03192881143525831073339975306
BTC-USD,2026-08-28T20:35:17.776984Z,77344.93,77344.95,0.02,77344.94,0.03193261101084646897250578259
BTC-USD,2026-08-28T20:35:17.827442Z,77344.93,77344.95,0.02,77344.94,0.03193194148260191825225556305
BTC-USD,2026-08-28T20:35:17.87745Z,77344.93,77344.95,0.02,77344.94,0.03193194148260191825225556305
BTC-USD,2026-08-28T20:35:17.929413Z,77344.94,77344.95,0.01,77344.945,0.3025305547205414732620035011
BTC-USD,2026-08-28T20:35:17.968775Z,77344.94,77344.95,0.01,77344.945,0.3025362780860976384595707281
BTC-USD,2026-08-28T20:35:18.030239Z,77344.94,77344.95,0.01,77344.945,0.3025392282941740075538625042
BTC-USD,2026-08-28T20:35:18.083246Z,77344.94,77344.95,0.01,77344.945,0.3025392282941740075538625042
BTC-USD,2026-08-28T20:35:18.101787Z,77344.94,77344.95,0.01,77344.945,0.3025392282941740075538625042
BTC-USD,2026-08-28T20:35:18.18182Z,77344.94,77344.95,0.01,77344.945,0.3179864529269222105219034071
BTC-USD,2026-08-28T20:35:18.231722Z,77344.94,77344.95,0.01,77344.945,0.3179864529269222105219034071
BTC-USD,2026-08-28T20:35:18.275203Z,77344.94,77344.95,0.01,77344.945,0.3381272124062338992207570370
BTC-USD,2026-08-28T20:35:18.292428Z,77345.55,77345.56,0.01,77345.555,0.9996601058101622034713590384
BTC-USD,2026-08-28T20:35:18.392936Z,77345.55,77345.56,0.01,77345.555,0.1050305253585351370412284595
BTC-USD,2026-08-28T20:35:18.426059Z,77345.55,77345.56,0.01,77345.555,0.08271204354635436390059057956
BTC-USD,2026-08-28T20:35:18.450437Z,77345.55,77345.56,0.01,77345.555,0.008244003539812140554254092288
BTC-USD,2026-08-28T20:35:18.483279Z,77345.55,77345.56,0.01,77345.555,0.04678305520149118365921252610
BTC-USD,2026-08-28T20:35:18.64523Z,77345.55,77345.56,0.01,77345.555,0.08232216251884124795588469733
BTC-USD,2026-08-28T20:35:18.674188Z,77335.76,77335.77,0.01,77335.765,-0.5634353886868764122284219370
BTC-USD,2026-08-28T20:35:18.752608Z,77335.76,77335.77,0.01,77335.765,-0.6512619815331823688138231107
BTC-USD,2026-08-28T20:35:18.79252Z,77335.76,77335.77,0.01,77335.765,-0.6132801265752531725815573793
BTC-USD,2026-08-28T20:35:18.836862Z,77335.76,77335.77,0.01,77335.765,-0.6132780748033161539882057683
BTC-USD,2026-08-28T20:35:18.873301Z,77335.76,77335.77,0.01,77335.765,-0.7193330006966076001472375155
BTC-USD,2026-08-28T20:35:18.896137Z,77335.76,77335.77,0.01,77335.765,-0.7211904288359820851238549766
BTC-USD,2026-08-28T20:35:18.941376Z,77335.76,77335.77,0.01,77335.765,-0.7007294834459413753109962626
BTC-USD,2026-08-28T20:35:19.044304Z,77335.76,77335.77,0.01,77335.765,-0.7061627691759976753698145804
BTC-USD,2026-08-28T20:35:19.063719Z,77335.76,77335.77,0.01,77335.765,-0.6791094845129445132046066160
BTC-USD,2026-08-28T20:35:19.123201Z,77335.76,77335.77,0.01,77335.765,-0.6953166006489474541750296903
BTC-USD,2026-08-28T20:35:19.161724Z,77335.76,77335.77,0.01,77335.765,-0.6671559420032104706485459141
BTC-USD,2026-08-28T20:35:19.234302Z,77335.76,77335.77,0.01,77335.765,-0.6569519596300490882706209640
BTC-USD,2026-08-28T20:35:19.287149Z,77335.76,77335.77,0.01,77335.765,-0.6474469820013699364480022111
BTC-USD,2026-08-28T20:35:19.332256Z,77335.76,77335.77,0.01,77335.765,-0.6405665158457523311897444585
BTC-USD,2026-08-28T20:35:19.379023Z,77345.55,77345.56,0.01,77345.555,0.07374496316583893175276906844
BTC-USD,2026-08-28T20:35:19.431095Z,77345.55,77346,0.45,77345.775,0.2749394618713283814749069874
BTC-USD,2026-08-28T20:35:19.536255Z,77345.64,77346,0.36,77345.82,0.3500063036945285399060455023
BTC-USD,2026-08-28T20:35:19.58712Z,77345.72,77346,0.28,77345.86,0.9267283539663941767341266917
BTC-USD,2026-08-28T20:35:19.62725Z,77347.5,77347.51,0.01,77347.505,0.04404992188133885078822561029
BTC-USD,2026-08-28T20:35:19.696706Z,77347.5,77347.51,0.01,77347.505,0.2939102489173585584961871587
BTC-USD,2026-08-28T20:35:19.736685Z,77351.73,77351.74,0.01,77351.735,0.3373510934860735328539644848
BTC-USD,2026-08-28T20:35:19.783815Z,77351.73,77351.74,0.01,77351.735,0.1858925709688814995224594613
BTC-USD,2026-08-28T20:35:19.838464Z,77353.26,77353.27,0.01,77353.265,-0.3736677199561086872226602496
BTC-USD,2026-08-28T20:35:19.881459Z,77353.26,77353.27,0.01,77353.265,0.1287544865528558157226524733
BTC-USD,2026-08-28T20:35:19.945056Z,77353.26,77353.27,0.01,77353.265,0.2967870764170299598438407059
BTC-USD,2026-08-28T20:35:19.984935Z,77353.26,77353.27,0.01,77353.265,-0.1600828858170896482309822680
BTC-USD,2026-08-28T20:35:20.028589Z,77353.26,77353.27,0.01,77353.265,-0.1600828858170896482309822680
BTC-USD,2026-08-28T20:35:20.073079Z,77353.26,77353.27,0.01,77353.265,-0.1600828858170896482309822680
BTC-USD,2026-08-28T20:35:20.12203Z,77353.26,77353.27,0.01,77353.265,-0.1600828858170896482309822680
BTC-USD,2026-08-28T20:35:20.192745Z,77353.26,77353.27,0.01,77353.265,-0.1600791726894439765603641484
BTC-USD,2026-08-28T20:35:20.237048Z,77353.26,77353.27,0.01,77353.265,-0.1600793208052314245394703390
BTC-USD,2026-08-28T20:35:20.29001Z,77354.98,77355.01,0.03,77354.995,0.1202010655617889744093793632
BTC-USD,2026-08-28T20:35:20.332301Z,77354.98,77355.01,0.03,77354.995,0.3585215847237549377328312817
BTC-USD,2026-08-28T20:35:20.387108Z,77356.15,77356.16,0.01,77356.155,0.6594415886369228988177945919
BTC-USD,2026-08-28T20:35:20.435977Z,77356.15,77356.16,0.01,77356.155,0.4060246863739076902448815773
BTC-USD,2026-08-28T20:35:20.492217Z,77356.15,77356.16,0.01,77356.155,0.4192634610689284951669291117
BTC-USD,2026-08-28T20:35:20.55266Z,77358.47,77358.48,0.01,77358.475,0.07314675560759895436569683742
BTC-USD,2026-08-28T20:35:20.575857Z,77358.47,77358.48,0.01,77358.475,0.07314675560759895436569683742
BTC-USD,2026-08-28T20:35:20.640811Z,77358.47,77358.48,0.01,77358.475,0.1681700304706903582363784244
BTC-USD,2026-08-28T20:35:20.688899Z,77358.47,77358.48,0.01,77358.475,0.1681700304706903582363784244
BTC-USD,2026-08-28T20:35:20.740179Z,77358.47,77358.48,0.01,77358.475,0.1681723159090566271694882668
BTC-USD,2026-08-28T20:35:20.763958Z,77358.47,77358.48,0.01,77358.475,0.08121672459540623867058485838
BTC-USD,2026-08-28T20:35:20.793612Z,77358.47,77358.48,0.01,77358.475,0.08121836011072598499625259630
BTC-USD,2026-08-28T20:35:20.945129Z,77358.47,77358.48,0.01,77358.475,0.08121836011072598499625259630
BTC-USD,2026-08-28T20:35:20.98922Z,77358.47,77358.48,0.01,77358.475,0.08122076666369319898791458265
BTC-USD,2026-08-28T20:35:21.03023Z,77358.47,77358.48,0.01,77358.475,0.08122076666369319898791458265
BTC-USD,2026-08-28T20:35:21.074891Z,77358.47,77358.48,0.01,77358.475,0.07895723810317905590995522496
BTC-USD,2026-08-28T20:35:21.117786Z,77358.47,77358.48,0.01,77358.475,-0.1033055790821000435213501591
BTC-USD,2026-08-28T20:35:21.190578Z,77358.47,77358.48,0.01,77358.475,0.07895723810317905590995522496
BTC-USD,2026-08-28T20:35:21.231924Z,77358.47,77358.48,0.01,77358.475,-0.1033055790821000435213501591
BTC-USD,2026-08-28T20:35:21.294701Z,77358.47,77358.48,0.01,77358.475,-0.1033056649730797015293818570
BTC-USD,2026-08-28T20:35:21.327249Z,77358.47,77358.48,0.01,77358.475,-0.05165168775794917456744415635
BTC-USD,2026-08-28T20:35:21.387661Z,77357.43,77357.44,0.01,77357.435,-0.6596364593569064126406437210
BTC-USD,2026-08-28T20:35:21.434142Z,77354.02,77356.44,2.42,77355.23,0.005715427467044869417864601108
BTC-USD,2026-08-28T20:35:21.497014Z,77353.75,77355.04,1.29,77354.395,0.02578632129522114816032645548
BTC-USD,2026-08-28T20:35:21.523943Z,77355.03,77355.04,0.01,77355.035,0.1129084450897934264978158664
BTC-USD,2026-08-28T20:35:21.640261Z,77355.03,77355.04,0.01,77355.035,0.1393558688911416829561207575
BTC-USD,2026-08-28T20:35:21.685102Z,77355.03,77355.04,0.01,77355.035,0.3714906988360042942161799929
BTC-USD,2026-08-28T20:35:21.742649Z,77355.03,77355.04,0.01,77355.035,0.3514960070207761589267605203
BTC-USD,2026-08-28T20:35:21.783804Z,77356.14,77356.15,0.01,77356.145,0.1600567015952737832478789808
BTC-USD,2026-08-28T20:35:21.83763Z,77356.14,77356.15,0.01,77356.145,0.1609146132161899807032071609
BTC-USD,2026-08-28T20:35:21.895727Z,77356.14,77356.15,0.01,77356.145,0.1609146132161899807032071609
BTC-USD,2026-08-28T20:35:21.912244Z,77356.14,77356.15,0.01,77356.145,0.1609146132161899807032071609
BTC-USD,2026-08-28T20:35:21.983056Z,77356.14,77356.15,0.01,77356.145,-0.4695352307133897845633606094
BTC-USD,2026-08-28T20:35:22.021757Z,77356.14,77356.15,0.01,77356.145,-0.4695352307133897845633606094
BTC-USD,2026-08-28T20:35:22.095638Z,77356.14,77356.15,0.01,77356.145,-0.4691252137920688836142056648
BTC-USD,2026-08-28T20:35:22.115204Z,77356.14,77356.15,0.01,77356.145,-0.4691135534170296737521054315
BTC-USD,2026-08-28T20:35:22.181248Z,77356.14,77356.15,0.01,77356.145,-0.4691135534170296737521054315
BTC-USD,2026-08-28T20:35:22.222273Z,77356.14,77356.15,0.01,77356.145,-0.4691135534170296737521054315
BTC-USD,2026-08-28T20:35:22.291662Z,77356.14,77356.15,0.01,77356.145,-0.6740645530885347808188807092
BTC-USD,2026-08-28T20:35:22.335681Z,77356.14,77356.15,0.01,77356.145,-0.5510722795207937625325979036
BTC-USD,2026-08-28T20:35:22.387753Z,77356.14,77356.15,0.01,77356.145,-0.5723198526745562484067706636
BTC-USD,2026-08-28T20:35:22.433998Z,77356.14,77356.15,0.01,77356.145,-0.5723198526745562484067706636
BTC-USD,2026-08-28T20:35:22.484347Z,77356.14,77356.15,0.01,77356.145,-0.5402315340219540716007548779
BTC-USD,2026-08-28T20:35:22.532166Z,77356.14,77356.15,0.01,77356.145,-0.5339654929867804171273537072
BTC-USD,2026-08-28T20:35:22.557391Z,77356.14,77356.15,0.01,77356.145,-0.5339654929867804171273537072
BTC-USD,2026-08-28T20:35:22.616076Z,77356.14,77356.15,0.01,77356.145,-0.5309791148034353606782732299
BTC-USD,2026-08-28T20:35:22.681154Z,77356.14,77356.15,0.01,77356.145,-0.5097934011425151769929219689
BTC-USD,2026-08-28T20:35:22.729132Z,77356.14,77356.15,0.01,77356.145,-0.5130510478397785205371782274
BTC-USD,2026-08-28T20:35:22.780208Z,77356.14,77356.15,0.01,77356.145,-0.5130510478397785205371782274
BTC-USD,2026-08-28T20:35:22.834254Z,77356.14,77356.15,0.01,77356.145,-0.4659841404662908357824483296
BTC-USD,2026-08-28T20:35:22.887868Z,77356.14,77356.15,0.01,77356.145,-0.4382241468409207259941850918
BTC-USD,2026-08-28T20:35:22.934633Z,77356.14,77356.15,0.01,77356.145,-0.4382194471772008568919838823
BTC-USD,2026-08-28T20:35:22.987422Z,77356.14,77356.15,0.01,77356.145,-0.4382194471772008568919838823
BTC-USD,2026-08-28T20:35:23.031561Z,77356.14,77356.15,0.01,77356.145,-0.4382194471772008568919838823
BTC-USD,2026-08-28T20:35:23.082026Z,77356.14,77356.15,0.01,77356.145,-0.1661033553950959101487658374
BTC-USD,2026-08-28T20:35:23.110757Z,77356.14,77356.15,0.01,77356.145,-0.1575256403656919244973391549
BTC-USD,2026-08-28T20:35:23.167968Z,77356.14,77356.15,0.01,77356.145,-0.1575256403656919244973391549
BTC-USD,2026-08-28T20:35:23.215932Z,77356.14,77356.15,0.01,77356.145,-0.1575205664626343890798163897
BTC-USD,2026-08-28T20:35:23.294809Z,77356.14,77356.15,0.01,77356.145,-0.1575205664626343890798163897
BTC-USD,2026-08-28T20:35:23.340722Z,77356.14,77356.15,0.01,77356.145,-0.1578321707863945370663995884
BTC-USD,2026-08-28T20:35:23.375122Z,77356.14,77356.15,0.01,77356.145,-0.1578321707863945370663995884
BTC-USD,2026-08-28T20:35:23.445688Z,77356.14,77356.15,0.01,77356.145,-0.1559002808555042525551100313
BTC-USD,2026-08-28T20:35:23.478149Z,77356.14,77356.15,0.01,77356.145,-0.1558905023550160282814898083
BTC-USD,2026-08-28T20:35:23.527051Z,77345.77,77347.49,1.72,77346.63,-0.5226552955964528802863354175
BTC-USD,2026-08-28T20:35:23.57615Z,77347.48,77347.49,0.01,77347.485,-0.6156094415179833684738536744
BTC-USD,2026-08-28T20:35:23.639538Z,77347.48,77347.49,0.01,77347.485,-0.7143988529615646420945634746
BTC-USD,2026-08-28T20:35:23.684447Z,77347.48,77347.49,0.01,77347.485,-0.6855403770636014527646640532
BTC-USD,2026-08-28T20:35:23.748406Z,77347.48,77347.49,0.01,77347.485,-0.8023415939939644762498088997
BTC-USD,2026-08-28T20:35:23.799957Z,77347.48,77347.49,0.01,77347.485,-0.8023414146634272048623990164
BTC-USD,2026-08-28T20:35:23.845399Z,77347.48,77347.49,0.01,77347.485,-0.7734903810824257229824659915
BTC-USD,2026-08-28T20:35:23.893396Z,77347.48,77347.49,0.01,77347.485,-0.7734903810824257229824659915
BTC-USD,2026-08-28T20:35:23.945778Z,77347.48,77347.49,0.01,77347.485,-0.7734863057278989185187974424
BTC-USD,2026-08-28T20:35:24.011348Z,77347.48,77347.49,0.01,77347.485,-0.7560851668602538819736889992
BTC-USD,2026-08-28T20:35:24.026346Z,77347.48,77347.49,0.01,77347.485,-0.7260921337882702908922635838
BTC-USD,2026-08-28T20:35:24.098812Z,77347.48,77347.49,0.01,77347.485,-0.7172070276474464657423685973
BTC-USD,2026-08-28T20:35:24.147291Z,77347.48,77347.49,0.01,77347.485,-0.7169054600694581662348583885
BTC-USD,2026-08-28T20:35:24.188199Z,77347.48,77347.49,0.01,77347.485,-0.7106104346122412537186517915
BTC-USD,2026-08-28T20:35:24.228309Z,77347.48,77347.49,0.01,77347.485,-0.7095230881321557379229537031
BTC-USD,2026-08-28T20:35:24.291031Z,77347.48,77347.49,0.01,77347.485,-0.7095230881321557379229537031
BTC-USD,2026-08-28T20:35:24.354031Z,77347.48,77347.49,0.01,77347.485,-0.7095224552251711978311020717
BTC-USD,2026-08-28T20:35:24.384998Z,77347.48,77347.49,0.01,77347.485,-0.6909201999309729846459245130
BTC-USD,2026-08-28T20:35:24.430794Z,77347.48,77347.49,0.01,77347.485,-0.6853849324565403467402895755
BTC-USD,2026-08-28T20:35:24.450648Z,77347.48,77347.49,0.01,77347.485,-0.6831670128058698569473645991
BTC-USD,2026-08-28T20:35:24.495772Z,77345.93,77347.49,1.56,77346.71,-0.6516951103894139695475595025
BTC-USD,2026-08-28T20:35:24.562976Z,77338.07,77341.05,2.98,77339.56,0.6902637016449016070166516428
BTC-USD,2026-08-28T20:35:24.624783Z,77341.22,77341.23,0.01,77341.225,-0.3037595512691370843749414891
BTC-USD,2026-08-28T20:35:24.691558Z,77341.22,77342.23,1.01,77341.725,-0.8737675579505549594586245040
BTC-USD,2026-08-28T20:35:24.74144Z,77341.22,77341.23,0.01,77341.225,-0.7653908309954753942033638926
BTC-USD,2026-08-28T20:35:24.839393Z,77341.22,77342.23,1.01,77341.725,-0.8963024135329599130434955801
BTC-USD,2026-08-28T20:35:24.888241Z,77341.22,77341.23,0.01,77341.225,-0.8759486432453316539921863717
BTC-USD,2026-08-28T20:35:24.934503Z,77341.22,77341.23,0.01,77341.225,-0.3477306054411589510055057537
BTC-USD,2026-08-28T20:35:24.988101Z,77341.22,77341.23,0.01,77341.225,-0.8754897696006212214978149650
BTC-USD,2026-08-28T20:35:25.033938Z,77341.22,77341.23,0.01,77341.225,-0.8754846387247126946495347610
BTC-USD,2026-08-28T20:35:25.077335Z,77341.22,77341.23,0.01,77341.225,-0.8754846387247126946495347610
BTC-USD,2026-08-28T20:35:25.114968Z,77341.22,77341.23,0.01,77341.225,-0.8369281003942829609137552011
BTC-USD,2026-08-28T20:35:25.192738Z,77341.22,77341.23,0.01,77341.225,-0.8369281003942829609137552011
BTC-USD,2026-08-28T20:35:25.239811Z,77341.22,77341.23,0.01,77341.225,-0.8759476769477932403854022647
BTC-USD,2026-08-28T20:35:25.283946Z,77341.22,77341.23,0.01,77341.225,-0.8759476769477932403854022647
BTC-USD,2026-08-28T20:35:25.336792Z,77341.22,77341.23,0.01,77341.225,-0.8759335058864063139298531303
BTC-USD,2026-08-28T20:35:25.395472Z,77341.22,77341.23,0.01,77341.225,-0.8759335058864063139298531303
BTC-USD,2026-08-28T20:35:25.446026Z,77341.22,77341.23,0.01,77341.225,-0.8375502517987225985984351304
BTC-USD,2026-08-28T20:35:25.48169Z,77341.22,77341.23,0.01,77341.225,-0.8375502517987225985984351304
BTC-USD,2026-08-28T20:35:25.537231Z,77341.22,77341.23,0.01,77341.225,-0.8814496279637785677738717024
BTC-USD,2026-08-28T20:35:25.575834Z,77341.22,77341.23,0.01,77341.225,-0.8814496279637785677738717024
BTC-USD,2026-08-28T20:35:25.646503Z,77341.22,77341.23,0.01,77341.225,-0.8814494203184685797462682113
BTC-USD,2026-08-28T20:35:25.692625Z,77341.22,77341.23,0.01,77341.225,-0.8378768239673865350116583108
BTC-USD,2026-08-28T20:35:25.739833Z,77341.22,77341.23,0.01,77341.225,-0.8378768239673865350116583108
BTC-USD,2026-08-28T20:35:25.775316Z,77344.07,77347.49,3.42,77345.78,-0.8842793127145759238716226010
BTC-USD,2026-08-28T20:35:25.837845Z,77346.68,77347.49,0.81,77347.085,-0.8468879310247072898239982274
BTC-USD,2026-08-28T20:35:25.876963Z,77345.99,77347.49,1.50,77346.74,-0.8523962064689056096755149018
BTC-USD,2026-08-28T20:35:25.944684Z,77346.96,77346.97,0.01,77346.965,-0.9836031601444838421751706080
BTC-USD,2026-08-28T20:35:25.985702Z,77346.96,77346.97,0.01,77346.965,-0.9765659202325332220139567945
BTC-USD,2026-08-28T20:35:26.032196Z,77346.96,77346.97,0.01,77346.965,-0.9765659202325332220139567945
BTC-USD,2026-08-28T20:35:26.076803Z,77346.96,77346.97,0.01,77346.965,-0.9373161899282704359927678670
BTC-USD,2026-08-28T20:35:26.119831Z,77346.96,77346.97,0.01,77346.965,-0.9373161899282704359927678670
BTC-USD,2026-08-28T20:35:26.179932Z,77346.96,77347.19,0.23,77347.075,-0.7096638009838431630243695800
BTC-USD,2026-08-28T20:35:26.22347Z,77346.96,77347.18,0.22,77347.07,-0.7096067890075012781376670427
BTC-USD,2026-08-28T20:35:26.286591Z,77346.99,77347.19,0.20,77347.09,-0.8707436515948793945465165451
BTC-USD,2026-08-28T20:35:26.340729Z,77346.99,77347.19,0.20,77347.09,-0.8702394729348849937196480247
BTC-USD,2026-08-28T20:35:26.38211Z,77346.99,77347.19,0.20,77347.09,-0.8409927776316373011678435547
BTC-USD,2026-08-28T20:35:26.435707Z,77346.99,77347.19,0.20,77347.09,-0.8409927776316373011678435547
BTC-USD,2026-08-28T20:35:26.487901Z,77346.99,77347,0.01,77346.995,-0.8310061503858242262989165393
BTC-USD,2026-08-28T20:35:26.539217Z,77346.99,77347,0.01,77346.995,-0.8240907583886799643085749833
BTC-USD,2026-08-28T20:35:26.587541Z,77346.99,77347.19,0.20,77347.09,-0.8344490987700722695507830787
BTC-USD,2026-08-28T20:35:26.63407Z,77346.99,77347.19,0.20,77347.09,-0.8190480833052851958439526658
BTC-USD,2026-08-28T20:35:26.685843Z,77346.99,77347,0.01,77346.995,-0.8066003938353504823340316834
BTC-USD,2026-08-28T20:35:26.73588Z,77346.99,77347,0.01,77346.995,-0.8066003938353504823340316834
BTC-USD,2026-08-28T20:35:26.785427Z,77346.99,77347,0.01,77346.995,-0.8065851609538953166522155080
BTC-USD,2026-08-28T20:35:26.843842Z,77346.99,77347,0.01,77346.995,-0.8182010424776499062333351492
BTC-USD,2026-08-28T20:35:26.892361Z,77345.57,77345.58,0.01,77345.575,-0.1267254299970937662698849217
BTC-USD,2026-08-28T20:35:26.90812Z,77345.57,77345.58,0.01,77345.575,0.03447157856444095110083548622
BTC-USD,2026-08-28T20:35:26.921145Z,77345.57,77345.58,0.01,77345.575,0.03447157856444095110083548622
BTC-USD,2026-08-28T20:35:27.035731Z,77345.57,77345.58,0.01,77345.575,-0.8323086219062145704910185529
BTC-USD,2026-08-28T20:35:27.118769Z,77345.57,77345.58,0.01,77345.575,-0.8279342340652844304186671057
BTC-USD,2026-08-28T20:35:27.183772Z,77345.57,77345.58,0.01,77345.575,-0.8239342251485864445539216955
BTC-USD,2026-08-28T20:35:27.234239Z,77345.57,77345.58,0.01,77345.575,-0.8239342018400207591731762560
BTC-USD,2026-08-28T20:35:27.281118Z,77344.68,77347,2.32,77345.84,-0.6732193668735575271734433830
BTC-USD,2026-08-28T20:35:27.337563Z,77344.68,77347,2.32,77345.84,-0.6732193668735575271734433830
BTC-USD,2026-08-28T20:35:27.362479Z,77344.68,77347,2.32,77345.84,-0.6868833270179213721394128827
BTC-USD,2026-08-28T20:35:27.441432Z,77344.68,77347,2.32,77345.84,-0.6664811121121709285238400972
BTC-USD,2026-08-28T20:35:27.465066Z,77344.68,77346,1.32,77345.34,-0.6717925319784575824484573076
BTC-USD,2026-08-28T20:35:27.494156Z,77344.68,77346,1.32,77345.34,-0.8110734546161049340747702511
BTC-USD,2026-08-28T20:35:27.586935Z,77344.68,77346,1.32,77345.34,-0.8110734546161049340747702511
BTC-USD,2026-08-28T20:35:27.620816Z,77346.99,77347,0.01,77346.995,-0.5457212868575181125703223382
BTC-USD,2026-08-28T20:35:27.690232Z,77347.48,77347.49,0.01,77347.485,-0.5363408815108481102062984022
BTC-USD,2026-08-28T20:35:27.730802Z,77347.48,77347.49,0.01,77347.485,-0.5273902043532110723690653866
BTC-USD,2026-08-28T20:35:27.788054Z,77347.48,77347.49,0.01,77347.485,-0.6858423914556331935289183017
BTC-USD,2026-08-28T20:35:27.834491Z,77347.48,77347.49,0.01,77347.485,-0.6858423914556331935289183017
BTC-USD,2026-08-28T20:35:27.899782Z,77347.48,77347.49,0.01,77347.485,-0.6900651795125927856724199874
BTC-USD,2026-08-28T20:35:27.931893Z,77347.48,77347.49,0.01,77347.485,-0.7774571287925327407491053037
BTC-USD,2026-08-28T20:35:27.993597Z,77347.48,77347.49,0.01,77347.485,-0.7772519633055457716893485259
BTC-USD,2026-08-28T20:35:28.033571Z,77347.48,77347.49,0.01,77347.485,-0.7772516513079940360126485790
BTC-USD,2026-08-28T20:35:28.076051Z,77347.48,77347.49,0.01,77347.485,-0.7772516513079940360126485790
BTC-USD,2026-08-28T20:35:28.139114Z,77347.48,77347.49,0.01,77347.485,-0.7768509871055903915218205145
BTC-USD,2026-08-28T20:35:28.183787Z,77347.48,77347.49,0.01,77347.485,-0.7768509871055903915218205145
BTC-USD,2026-08-28T20:35:28.200446Z,77347.48,77347.49,0.01,77347.485,-0.6665916835545422434776141366
BTC-USD,2026-08-28T20:35:28.282412Z,77347.48,77347.49,0.01,77347.485,-0.6666119171386172232676934840
BTC-USD,2026-08-28T20:35:28.32604Z,77347.48,77347.49,0.01,77347.485,-0.6665916835545422434776141366
BTC-USD,2026-08-28T20:35:28.392455Z,77347.48,77347.49,0.01,77347.485,-0.6665916835545422434776141366
BTC-USD,2026-08-28T20:35:28.428142Z,77347.48,77347.49,0.01,77347.485,-0.6665646052434992957640923335
BTC-USD,2026-08-28T20:35:28.490989Z,77347.48,77347.49,0.01,77347.485,-0.6659860257152890954912588034
BTC-USD,2026-08-28T20:35:28.534341Z,77347.48,77347.49,0.01,77347.485,-0.6659860257152890954912588034
BTC-USD,2026-08-28T20:35:28.593374Z,77347.48,77347.49,0.01,77347.485,-0.6659860480832160456233276234
BTC-USD,2026-08-28T20:35:28.612946Z,77347.48,77347.49,0.01,77347.485,-0.6659860480832160456233276234
BTC-USD,2026-08-28T20:35:28.691711Z,77347.48,77347.49,0.01,77347.485,-0.6636116635807259734018518403
BTC-USD,2026-08-28T20:35:28.74611Z,77347.48,77347.49,0.01,77347.485,-0.6636116635807259734018518403
BTC-USD,2026-08-28T20:35:28.797865Z,77347.48,77347.49,0.01,77347.485,-0.6636116635807259734018518403
BTC-USD,2026-08-28T20:35:28.854397Z,77347.48,77347.49,0.01,77347.485,-0.6636116635807259734018518403
BTC-USD,2026-08-28T20:35:28.899696Z,77347.48,77347.49,0.01,77347.485,-0.6636117535600392101742005086
BTC-USD,2026-08-28T20:35:28.953877Z,77347.48,77347.49,0.01,77347.485,-0.6636117535600392101742005086
BTC-USD,2026-08-28T20:35:28.987993Z,77347.48,77347.49,0.01,77347.485,-0.6636117535600392101742005086
BTC-USD,2026-08-28T20:35:29.023123Z,77347.48,77347.49,0.01,77347.485,-0.6636117535600392101742005086
BTC-USD,2026-08-28T20:35:29.070669Z,77347.48,77347.49,0.01,77347.485,-0.6636117535600392101742005086
BTC-USD,2026-08-28T20:35:29.118742Z,77347.48,77347.49,0.01,77347.485,-0.6636084467426001325570585444
BTC-USD,2026-08-28T20:35:29.191908Z,77347.48,77347.49,0.01,77347.485,-0.6636084467426001325570585444
BTC-USD,2026-08-28T20:35:29.246307Z,77347.48,77347.49,0.01,77347.485,-0.6693488349339009459810525364
BTC-USD,2026-08-28T20:35:29.291688Z,77347.48,77347.49,0.01,77347.485,-0.7727127141316511986101795741
BTC-USD,2026-08-28T20:35:29.331891Z,77347.48,77347.49,0.01,77347.485,-0.7727127141316511986101795741
BTC-USD,2026-08-28T20:35:29.403523Z,77347.48,77347.49,0.01,77347.485,-0.7727077634852808388524508248
BTC-USD,2026-08-28T20:35:29.454226Z,77347.48,77347.49,0.01,77347.485,-0.7727077634852808388524508248
BTC-USD,2026-08-28T20:35:29.470197Z,77347.48,77347.49,0.01,77347.485,-0.7727077634852808388524508248
BTC-USD,2026-08-28T20:35:29.55342Z,77347.48,77347.49,0.01,77347.485,-0.7727077634852808388524508248
BTC-USD,2026-08-28T20:35:29.586452Z,77347.48,77347.49,0.01,77347.485,-0.7727075358751581318222214365
BTC-USD,2026-08-28T20:35:29.638691Z,77347.48,77347.49,0.01,77347.485,-0.7727073721265864677425619104
BTC-USD,2026-08-28T20:35:29.677543Z,77347.48,77347.49,0.01,77347.485,-0.7727075636936491840244605422
BTC-USD,2026-08-28T20:35:29.7231Z,77347.48,77347.49,0.01,77347.485,-0.7727075636936491840244605422
BTC-USD,2026-08-28T20:35:29.775943Z,77347.48,77347.49,0.01,77347.485,-0.7727072542084317728903736677
BTC-USD,2026-08-28T20:35:29.843572Z,77347.48,77347.49,0.01,77347.485,-0.7727072542084317728903736677
BTC-USD,2026-08-28T20:35:29.890798Z,77347.48,77347.49,0.01,77347.485,-0.7727072542084317728903736677
BTC-USD,2026-08-28T20:35:29.948141Z,77347.48,77347.49,0.01,77347.485,-0.7727073180642043445521922897
BTC-USD,2026-08-28T20:35:30.001674Z,77347.48,77347.49,0.01,77347.485,-0.7727070544280485804446266532
BTC-USD,2026-08-28T20:35:30.039601Z,77347.48,77347.49,0.01,77347.485,-0.7727070544280485804446266532
BTC-USD,2026-08-28T20:35:30.073389Z,77347.48,77347.49,0.01,77347.485,-0.7727070544280485804446266532
BTC-USD,2026-08-28T20:35:30.12716Z,77346.99,77347.49,0.50,77347.24,-0.6738663534151011491929967698
BTC-USD,2026-08-28T20:35:30.19269Z,77346.99,77347,0.01,77346.995,-0.5837922641129061394013928289
BTC-USD,2026-08-28T20:35:30.228682Z,77346.99,77347,0.01,77346.995,-0.5837922641129061394013928289
BTC-USD,2026-08-28T20:35:30.287115Z,77346.99,77347,0.01,77346.995,-0.7261126778703156465576782597
BTC-USD,2026-08-28T20:35:30.336411Z,77346.99,77347,0.01,77346.995,-0.7261126778703156465576782597
BTC-USD,2026-08-28T20:35:30.400296Z,77346.99,77347,0.01,77346.995,-0.7268321106679572211366142955
BTC-USD,2026-08-28T20:35:30.411428Z,77346.99,77347,0.01,77346.995,-0.8100908120764662667738972531
BTC-USD,2026-08-28T20:35:30.475812Z,77346.99,77347,0.01,77346.995,-0.8100908120764662667738972531
BTC-USD,2026-08-28T20:35:30.528403Z,77346.99,77347,0.01,77346.995,-0.8058547398034650188635544077
BTC-USD,2026-08-28T20:35:30.58783Z,77346.99,77347,0.01,77346.995,-0.8058545620873070623370089043
BTC-USD,2026-08-28T20:35:30.635144Z,77346.99,77347,0.01,77346.995,-0.8058545620873070623370089043
BTC-USD,2026-08-28T20:35:30.687911Z,77346.99,77347,0.01,77346.995,-0.8058544351469950393842634932
BTC-USD,2026-08-28T20:35:30.729818Z,77346.99,77347,0.01,77346.995,-0.8058544351469950393842634932
BTC-USD,2026-08-28T20:35:30.789476Z,77346.99,77347,0.01,77346.995,-0.8059944111849536831938963104
BTC-USD,2026-08-28T20:35:30.842014Z,77346.99,77347,0.01,77346.995,-0.8059941422441257169821444991
BTC-USD,2026-08-28T20:35:30.878822Z,77346.99,77347,0.01,77346.995,-0.8059941422441257169821444991
BTC-USD,2026-08-28T20:35:30.909112Z,77346.99,77347,0.01,77346.995,-0.8059941422441257169821444991
BTC-USD,2026-08-28T20:35:30.968174Z,77346.99,77347,0.01,77346.995,-0.8043564626729557052715428476
BTC-USD,2026-08-28T20:35:31.042904Z,77346.99,77347,0.01,77346.995,-0.8043564626729557052715428476
BTC-USD,2026-08-28T20:35:31.07631Z,77346.99,77347,0.01,77346.995,-0.8043564626729557052715428476
BTC-USD,2026-08-28T20:35:31.094576Z,77346.99,77347,0.01,77346.995,-0.8043564626729557052715428476
BTC-USD,2026-08-28T20:35:31.198805Z,77346.99,77347,0.01,77346.995,-0.8043564626729557052715428476
BTC-USD,2026-08-28T20:35:31.224969Z,77346.99,77347,0.01,77346.995,-0.8411633616465071236406597645
BTC-USD,2026-08-28T20:35:31.280927Z,77346.99,77347,0.01,77346.995,-0.9162400234677151805074432329
BTC-USD,2026-08-28T20:35:31.329878Z,77344.62,77344.63,0.01,77344.625,-0.9839235732415389808665971517
BTC-USD,2026-08-28T20:35:31.376635Z,77344.62,77344.63,0.01,77344.625,-0.7691519272793133555481435850
BTC-USD,2026-08-28T20:35:31.444803Z,77344.62,77344.63,0.01,77344.625,-0.8582867392619780434095069654
BTC-USD,2026-08-28T20:35:31.463949Z,77344.62,77344.63,0.01,77344.625,-0.8582553592941015279757676572
BTC-USD,2026-08-28T20:35:31.522853Z,77344.62,77344.63,0.01,77344.625,-0.9221563503694972745803783808
BTC-USD,2026-08-28T20:35:31.58783Z,77344.58,77344.59,0.01,77344.585,-0.7430647291780030525818731995
BTC-USD,2026-08-28T20:35:31.636099Z,77338.05,77341.58,3.53,77339.815,-0.9619315068029742292105031698
BTC-USD,2026-08-28T20:35:31.686101Z,77338.06,77338.07,0.01,77338.065,-0.5510992959313108341216553068
BTC-USD,2026-08-28T20:35:31.730483Z,77338.06,77338.07,0.01,77338.065,-0.5510992959313108341216553068
BTC-USD,2026-08-28T20:35:31.798607Z,77338.06,77338.07,0.01,77338.065,-0.5590341168504620797325262146
BTC-USD,2026-08-28T20:35:31.842828Z,77338.06,77338.07,0.01,77338.065,-0.5230547474314075994941614029
BTC-USD,2026-08-28T20:35:31.891667Z,77338.06,77338.07,0.01,77338.065,-0.5230547474314075994941614029
BTC-USD,2026-08-28T20:35:32.107063Z,77338.06,77338.07,0.01,77338.065,-0.5404891554923546326247840541
BTC-USD,2026-08-28T20:35:32.152521Z,77338.06,77338.07,0.01,77338.065,-0.5404891554923546326247840541
BTC-USD,2026-08-28T20:35:32.194793Z,77338.06,77338.07,0.01,77338.065,-0.5404891554923546326247840541
BTC-USD,2026-08-28T20:35:32.23599Z,77338.06,77338.07,0.01,77338.065,-0.5404891554923546326247840541
BTC-USD,2026-08-28T20:35:32.275515Z,77338.06,77338.07,0.01,77338.065,-0.5404891554923546326247840541
BTC-USD,2026-08-28T20:35:32.321548Z,77338.06,77338.07,0.01,77338.065,-0.5404891554923546326247840541
BTC-USD,2026-08-28T20:35:32.679747Z,77338.06,77338.07,0.01,77338.065,-0.3091413371649458994177789250
BTC-USD,2026-08-28T20:35:32.742633Z,77338.06,77338.07,0.01,77338.065,-0.3091413371649458994177789250
BTC-USD,2026-08-28T20:35:32.789184Z,77338.06,77338.07,0.01,77338.065,-0.3091413371649458994177789250
BTC-USD,2026-08-28T20:35:32.840575Z,77338.06,77338.07,0.01,77338.065,-0.3091362526638334630621469743
BTC-USD,2026-08-28T20:35:32.875901Z,77338.06,77338.07,0.01,77338.065,-0.2194763675288013168031532675
BTC-USD,2026-08-28T20:35:32.939796Z,77338.06,77338.07,0.01,77338.065,-0.2194763675288013168031532675
BTC-USD,2026-08-28T20:35:32.984788Z,77338.06,77338.07,0.01,77338.065,-0.2194763675288013168031532675
BTC-USD,2026-08-28T20:35:33.030191Z,77338.06,77338.07,0.01,77338.065,-0.2194763675288013168031532675
BTC-USD,2026-08-28T20:35:33.054165Z,77338.06,77338.07,0.01,77338.065,-0.2194763675288013168031532675
BTC-USD,2026-08-28T20:35:33.122717Z,77338.06,77338.07,0.01,77338.065,-0.2194763675288013168031532675
BTC-USD,2026-08-28T20:35:33.188894Z,77338.06,77338.07,0.01,77338.065,-0.2194763675288013168031532675
BTC-USD,2026-08-28T20:35:33.2367Z,77338.06,77338.07,0.01,77338.065,-0.2549515407454984274037250394
BTC-USD,2026-08-28T20:35:33.280791Z,77338.06,77338.33,0.27,77338.195,-0.2475913766688236636584742738
BTC-USD,2026-08-28T20:35:33.330477Z,77338.06,77338.07,0.01,77338.065,-0.4794431203259850324460926699
BTC-USD,2026-08-28T20:35:33.384889Z,77338.05,77338.06,0.01,77338.055,-0.5629863000370204633773802095
BTC-USD,2026-08-28T20:35:33.431087Z,77338.05,77338.06,0.01,77338.055,-0.4956519284779543230333014507
BTC-USD,2026-08-28T20:35:33.47549Z,77336.32,77336.33,0.01,77336.325,-0.9996468129317726824073392846
BTC-USD,2026-08-28T20:35:33.499699Z,77336.32,77336.33,0.01,77336.325,-0.9996468129317726824073392846
BTC-USD,2026-08-28T20:35:33.58513Z,77336.32,77336.33,0.01,77336.325,-0.9996468129317726824073392846
BTC-USD,2026-08-28T20:35:33.629913Z,77336.32,77336.33,0.01,77336.325,-0.8039153891016417721291411419
BTC-USD,2026-08-28T20:35:33.692308Z,77336.32,77336.33,0.01,77336.325,-0.8288636230069212442869219676
BTC-USD,2026-08-28T20:35:33.737167Z,77336.32,77336.33,0.01,77336.325,-0.8288636230069212442869219676
BTC-USD,2026-08-28T20:35:33.792965Z,77336.32,77336.33,0.01,77336.325,-0.8288675765302593500762900229
BTC-USD,2026-08-28T20:35:33.834721Z,77336.32,77336.33,0.01,77336.325,-0.8288671053082789387683414081
BTC-USD,2026-08-28T20:35:33.878696Z,77336.32,77336.33,0.01,77336.325,-0.8288804692790030208984678082
BTC-USD,2026-08-28T20:35:33.942939Z,77336.32,77336.33,0.01,77336.325,-0.8288804692790030208984678082
BTC-USD,2026-08-28T20:35:33.961725Z,77336.32,77336.33,0.01,77336.325,-0.8288804692790030208984678082
BTC-USD,2026-08-28T20:35:34.021747Z,77336.32,77336.33,0.01,77336.325,-0.8057034826852041638289178438
BTC-USD,2026-08-28T20:35:34.083118Z,77336.32,77336.33,0.01,77336.325,-0.7740467377133070926314676931
BTC-USD,2026-08-28T20:35:34.129307Z,77336.32,77336.33,0.01,77336.325,-0.7740467377133070926314676931
BTC-USD,2026-08-28T20:35:34.193309Z,77336.32,77336.33,0.01,77336.325,-0.7740467377133070926314676931
BTC-USD,2026-08-28T20:35:34.215523Z,77336.32,77336.33,0.01,77336.325,-0.7740467377133070926314676931
BTC-USD,2026-08-28T20:35:34.288672Z,77336.32,77336.33,0.01,77336.325,-0.7740467377133070926314676931
BTC-USD,2026-08-28T20:35:34.332315Z,77336.32,77336.33,0.01,77336.325,-0.7444213129361603518091007520
BTC-USD,2026-08-28T20:35:34.388031Z,77336.32,77336.33,0.01,77336.325,-0.7444213129361603518091007520
BTC-USD,2026-08-28T20:35:34.40881Z,77336.32,77336.33,0.01,77336.325,-0.7444213129361603518091007520
BTC-USD,2026-08-28T20:35:34.428125Z,77336.32,77336.33,0.01,77336.325,-0.7444213129361603518091007520
BTC-USD,2026-08-28T20:35:34.503878Z,77336.32,77336.33,0.01,77336.325,-0.7738694682921586734678761621
BTC-USD,2026-08-28T20:35:34.626729Z,77336.32,77336.33,0.01,77336.325,-0.7786959716588102077025969597
BTC-USD,2026-08-28T20:35:34.668238Z,77336.32,77336.33,0.01,77336.325,-0.7786959716588102077025969597
BTC-USD,2026-08-28T20:35:34.731396Z,77336.32,77336.33,0.01,77336.325,-0.7786959716588102077025969597
BTC-USD,2026-08-28T20:35:34.788225Z,77336.32,77336.33,0.01,77336.325,-0.7786954988773085758995118540
BTC-USD,2026-08-28T20:35:34.834014Z,77336.32,77336.33,0.01,77336.325,-0.7777639570438431247631548597
BTC-USD,2026-08-28T20:35:34.885193Z,77330.93,77330.94,0.01,77330.935,-0.9999779035338998760107024033
BTC-USD,2026-08-28T20:35:34.971379Z,77330.93,77330.94,0.01,77330.935,-0.9999517814257925869188431291
BTC-USD,2026-08-28T20:35:34.994727Z,77330.93,77330.94,0.01,77330.935,-0.9999531653612385841999395539
BTC-USD,2026-08-28T20:35:35.01544Z,77330.93,77330.94,0.01,77330.935,-0.9999601808341819921505942029
BTC-USD,2026-08-28T20:35:35.154619Z,77330.93,77330.94,0.01,77330.935,-0.9999537959559977255859033331
BTC-USD,2026-08-28T20:35:35.20433Z,77330.93,77330.94,0.01,77330.935,-0.9999537959559977255859033331
BTC-USD,2026-08-28T20:35:35.282665Z,77330.93,77330.94,0.01,77330.935,-0.9999685731012372518316289496
BTC-USD,2026-08-28T20:35:35.332742Z,77330.93,77330.94,0.01,77330.935,-0.9999687283768895268196711524
BTC-USD,2026-08-28T20:35:35.382869Z,77330.93,77330.94,0.01,77330.935,-0.9999645024900355310648246344
BTC-USD,2026-08-28T20:35:35.432901Z,77330.93,77330.94,0.01,77330.935,-0.9999634793888769332171113841
BTC-USD,2026-08-28T20:35:35.487319Z,77330.93,77330.94,0.01,77330.935,-0.9999093158107501323434344169
BTC-USD,2026-08-28T20:35:35.540003Z,77330.93,77330.94,0.01,77330.935,-0.9999093158107501323434344169
BTC-USD,2026-08-28T20:35:35.564184Z,77330.93,77330.94,0.01,77330.935,-0.9999093158107501323434344169
BTC-USD,2026-08-28T20:35:35.640118Z,77330.93,77330.94,0.01,77330.935,-0.9999236069399463605148075833
BTC-USD,2026-08-28T20:35:35.679528Z,77330.93,77330.94,0.01,77330.935,-0.9999236069399463605148075833
BTC-USD,2026-08-28T20:35:35.724411Z,77330.93,77330.94,0.01,77330.935,-0.9999236069399463605148075833
BTC-USD,2026-08-28T20:35:35.787511Z,77330.93,77330.94,0.01,77330.935,-0.9999236067374510415142512400
BTC-USD,2026-08-28T20:35:35.828402Z,77330.93,77330.94,0.01,77330.935,-0.9999236067374510415142512400
BTC-USD,2026-08-28T20:35:35.894537Z,77330.93,77330.94,0.01,77330.935,-0.9999365937081795821509968478
BTC-USD,2026-08-28T20:35:35.942038Z,77330.93,77330.94,0.01,77330.935,-0.9999301305665037668825018804
BTC-USD,2026-08-28T20:35:35.988787Z,77330.93,77330.94,0.01,77330.935,-0.9999301305665037668825018804
BTC-USD,2026-08-28T20:35:36.032575Z,77330.93,77330.94,0.01,77330.935,-0.9999301305665037668825018804
BTC-USD,2026-08-28T20:35:36.051553Z,77330.93,77330.94,0.01,77330.935,-0.9999301305665037668825018804
BTC-USD,2026-08-28T20:35:36.134535Z,77330.93,77330.94,0.01,77330.935,-0.9999301305665037668825018804
BTC-USD,2026-08-28T20:35:36.195704Z,77330.93,77330.94,0.01,77330.935,-0.9999301305665037668825018804
BTC-USD,2026-08-28T20:35:36.213727Z,77330.93,77330.94,0.01,77330.935,-0.9999301305665037668825018804
BTC-USD,2026-08-28T20:35:36.300992Z,77330.93,77330.94,0.01,77330.935,-0.9999301305665037668825018804
BTC-USD,2026-08-28T20:35:36.339456Z,77330.93,77330.94,0.01,77330.935,-0.9999301305665037668825018804
BTC-USD,2026-08-28T20:35:36.385044Z,77330.93,77330.94,0.01,77330.935,-0.9999301305665037668825018804
BTC-USD,2026-08-28T20:35:36.427675Z,77317.93,77323.73,5.80,77320.83,-0.06662755777086590865383225255
BTC-USD,2026-08-28T20:35:36.490859Z,77317.93,77322.63,4.70,77320.28,0.1906906551051058973457304153
BTC-USD,2026-08-28T20:35:36.539603Z,77317.93,77320.65,2.72,77319.29,0.3055113359786521862724333482
BTC-USD,2026-08-28T20:35:36.580796Z,77317.93,77320.62,2.69,77319.275,0.3911507145602685561933920548
BTC-USD,2026-08-28T20:35:36.632203Z,77317.93,77319.58,1.65,77318.755,0.02719054619945791149603885200
BTC-USD,2026-08-28T20:35:36.690417Z,77319.24,77319.25,0.01,77319.245,-0.05901377979663005837392693721
BTC-USD,2026-08-28T20:35:36.736092Z,77319.24,77319.25,0.01,77319.245,-0.1850426711465147756435469942
BTC-USD,2026-08-28T20:35:36.781655Z,77319.24,77319.25,0.01,77319.245,-0.1850426711465147756435469942
BTC-USD,2026-08-28T20:35:36.822245Z,77319.24,77319.25,0.01,77319.245,-0.04465854591620422528467502545
BTC-USD,2026-08-28T20:35:36.870915Z,77319.24,77319.25,0.01,77319.245,-0.04465854591620422528467502545
BTC-USD,2026-08-28T20:35:36.940347Z,77319.24,77319.25,0.01,77319.245,-0.2744064381413285260565845938
BTC-USD,2026-08-28T20:35:36.984572Z,77319.24,77319.25,0.01,77319.245,-0.2744064381413285260565845938
BTC-USD,2026-08-28T20:35:37.027189Z,77319.24,77319.25,0.01,77319.245,-0.2744064381413285260565845938
BTC-USD,2026-08-28T20:35:37.066843Z,77319.24,77319.25,0.01,77319.245,-0.1234129086185356291516462417
BTC-USD,2026-08-28T20:35:37.134015Z,77319.24,77319.25,0.01,77319.245,-0.1234129086185356291516462417
BTC-USD,2026-08-28T20:35:37.177289Z,77319.24,77319.25,0.01,77319.245,-0.1234129086185356291516462417
BTC-USD,2026-08-28T20:35:37.218202Z,77319.24,77319.25,0.01,77319.245,-0.1234129086185356291516462417
BTC-USD,2026-08-28T20:35:37.287495Z,77319.24,77319.25,0.01,77319.245,-0.1234129086185356291516462417
BTC-USD,2026-08-28T20:35:37.341119Z,77319.24,77319.25,0.01,77319.245,-0.1234129086185356291516462417
BTC-USD,2026-08-28T20:35:37.3702Z,77319.24,77319.25,0.01,77319.245,-0.05671160797960509310224026940
BTC-USD,2026-08-28T20:35:37.395013Z,77319.24,77319.25,0.01,77319.245,0.1006876430269061371401907057
BTC-USD,2026-08-28T20:35:37.433984Z,77319.24,77319.25,0.01,77319.245,0.1006876430269061371401907057
BTC-USD,2026-08-28T20:35:37.476908Z,77319.24,77319.25,0.01,77319.245,0.1006876430269061371401907057
BTC-USD,2026-08-28T20:35:37.626424Z,77319.24,77319.25,0.01,77319.245,0.2192850769739529875459974091
BTC-USD,2026-08-28T20:35:37.686402Z,77319.24,77319.25,0.01,77319.245,0.2192888286558403591049361467
BTC-USD,2026-08-28T20:35:37.733276Z,77319.24,77319.25,0.01,77319.245,0.2192888286558403591049361467
BTC-USD,2026-08-28T20:35:37.787745Z,77319.24,77319.25,0.01,77319.245,0.1435790780659974490429784341
BTC-USD,2026-08-28T20:35:37.839038Z,77319.24,77319.25,0.01,77319.245,-0.4105715629722104467718496343
BTC-USD,2026-08-28T20:35:37.894158Z,77319.24,77319.25,0.01,77319.245,-0.4105715629722104467718496343
BTC-USD,2026-08-28T20:35:37.952895Z,77319.24,77319.25,0.01,77319.245,-0.3433581755862582236626582175
BTC-USD,2026-08-28T20:35:37.992932Z,77319.24,77319.25,0.01,77319.245,-0.3433546989999309333232314384
BTC-USD,2026-08-28T20:35:38.028185Z,77319.24,77319.25,0.01,77319.245,-0.3433546989999309333232314384
BTC-USD,2026-08-28T20:35:38.094617Z,77319.24,77319.25,0.01,77319.245,-0.3433546989999309333232314384
BTC-USD,2026-08-28T20:35:38.140783Z,77319.24,77319.25,0.01,77319.245,-0.3433546989999309333232314384
BTC-USD,2026-08-28T20:35:38.193851Z,77319.24,77319.25,0.01,77319.245,-0.1348011187736911069355278897
BTC-USD,2026-08-28T20:35:38.2359Z,77319.24,77319.25,0.01,77319.245,0.2479260332860855673298139228
BTC-USD,2026-08-28T20:35:38.283886Z,77319.24,77319.25,0.01,77319.245,0.5620424233598623178091165289
BTC-USD,2026-08-28T20:35:38.331032Z,77319.24,77319.25,0.01,77319.245,0.6031635243000866471481461988
BTC-USD,2026-08-28T20:35:38.375771Z,77319.24,77319.25,0.01,77319.245,0.6031635243000866471481461988
BTC-USD,2026-08-28T20:35:38.443723Z,77319.24,77319.25,0.01,77319.245,0.6031635243000866471481461988
BTC-USD,2026-08-28T20:35:38.487227Z,77319.24,77319.25,0.01,77319.245,0.6031635243000866471481461988
BTC-USD,2026-08-28T20:35:38.527869Z,77319.24,77319.25,0.01,77319.245,0.6031635243000866471481461988
BTC-USD,2026-08-28T20:35:38.581448Z,77319.24,77319.25,0.01,77319.245,0.6031385836582478264182782766
BTC-USD,2026-08-28T20:35:38.625063Z,77319.24,77319.25,0.01,77319.245,0.4661235491106459749373397571
BTC-USD,2026-08-28T20:35:38.684986Z,77319.24,77319.25,0.01,77319.245,0.6031543267997578731489414021
BTC-USD,2026-08-28T20:35:38.72327Z,77319.24,77319.25,0.01,77319.245,0.6031543267997578731489414021
BTC-USD,2026-08-28T20:35:38.778408Z,77319.24,77319.25,0.01,77319.245,0.6517647249279347917368600513
BTC-USD,2026-08-28T20:35:38.830754Z,77319.24,77319.25,0.01,77319.245,0.6517647249279347917368600513
BTC-USD,2026-08-28T20:35:38.892591Z,77319.24,77319.25,0.01,77319.245,-0.01792503433413022945597213842
BTC-USD,2026-08-28T20:35:38.935976Z,77319.24,77319.25,0.01,77319.245,-0.01792503433413022945597213842
BTC-USD,2026-08-28T20:35:38.994598Z,77319.24,77319.25,0.01,77319.245,-0.01792503433413022945597213842
BTC-USD,2026-08-28T20:35:39.03746Z,77319.24,77319.25,0.01,77319.245,-0.01791912638299496602179765290
BTC-USD,2026-08-28T20:35:39.083208Z,77319.24,77319.25,0.01,77319.245,-0.01791912638299496602179765290
BTC-USD,2026-08-28T20:35:39.140327Z,77319.24,77319.25,0.01,77319.245,-0.07109853336031166804630957093
BTC-USD,2026-08-28T20:35:39.195983Z,77319.24,77319.25,0.01,77319.245,-0.01791912638299496602179765290
BTC-USD,2026-08-28T20:35:39.234861Z,77319.24,77319.25,0.01,77319.245,-0.01791912638299496602179765290
BTC-USD,2026-08-28T20:35:39.294685Z,77319.24,77319.25,0.01,77319.245,-0.01791912638299496602179765290
BTC-USD,2026-08-28T20:35:39.310637Z,77319.24,77319.25,0.01,77319.245,-0.01791912638299496602179765290
BTC-USD,2026-08-28T20:35:39.397717Z,77319.24,77319.25,0.01,77319.245,-0.01860247049041597916524266929
BTC-USD,2026-08-28T20:35:39.416558Z,77319.24,77319.25,0.01,77319.245,-0.01860247049041597916524266929
BTC-USD,2026-08-28T20:35:39.475873Z,77319.24,77319.25,0.01,77319.245,-0.01860247049041597916524266929
BTC-USD,2026-08-28T20:35:39.539227Z,77319.24,77319.25,0.01,77319.245,-0.01860247049041597916524266929
BTC-USD,2026-08-28T20:35:39.597151Z,77319.24,77319.25,0.01,77319.245,-0.01859952059763162749908157529
BTC-USD,2026-08-28T20:35:39.638404Z,77321.18,77322.27,1.09,77321.725,-0.3380631771928984665967801787
BTC-USD,2026-08-28T20:35:39.828451Z,77323.11,77323.12,0.01,77323.115,-0.5855130005359533194152326391
BTC-USD,2026-08-28T20:35:39.878131Z,77323.11,77323.12,0.01,77323.115,-0.6391233889388700579507709998
BTC-USD,2026-08-28T20:35:39.934282Z,77323.11,77323.12,0.01,77323.115,-0.6391233889388700579507709998
BTC-USD,2026-08-28T20:35:39.976678Z,77323.11,77323.12,0.01,77323.115,-0.6516257921093323562451914021
BTC-USD,2026-08-28T20:35:40.086661Z,77323.11,77323.4,0.29,77323.255,-0.1927627859329667707421611215
BTC-USD,2026-08-28T20:35:40.186817Z,77323.11,77323.4,0.29,77323.255,-0.1927627859329667707421611215
BTC-USD,2026-08-28T20:35:40.244027Z,77323.11,77323.12,0.01,77323.115,0.3265221832423930949326677396
BTC-USD,2026-08-28T20:35:40.296804Z,77323.11,77323.12,0.01,77323.115,0.3265221832423930949326677396
BTC-USD,2026-08-28T20:35:40.330429Z,77323.11,77323.4,0.29,77323.255,-0.1927627859329667707421611215
BTC-USD,2026-08-28T20:35:40.394709Z,77323.11,77323.12,0.01,77323.115,0.3265221832423930949326677396
BTC-USD,2026-08-28T20:35:40.432338Z,77323.11,77323.12,0.01,77323.115,-0.4372273491383961703696842344
BTC-USD,2026-08-28T20:35:40.462008Z,77323.11,77323.12,0.01,77323.115,-0.4372273491383961703696842344
BTC-USD,2026-08-28T20:35:40.535208Z,77323.11,77323.12,0.01,77323.115,-0.3152629646670715762752453895
BTC-USD,2026-08-28T20:35:40.586799Z,77323.11,77325.06,1.95,77324.085,-0.6392737772304095119016544590
BTC-USD,2026-08-28T20:35:40.639959Z,77323.11,77323.12,0.01,77323.115,-0.5885896728484764045655316458
BTC-USD,2026-08-28T20:35:40.676358Z,77323.11,77323.12,0.01,77323.115,-0.5885896728484764045655316458
BTC-USD,2026-08-28T20:35:40.740931Z,77323.11,77323.12,0.01,77323.115,-0.5857787707305019609299874265
BTC-USD,2026-08-28T20:35:40.792322Z,77323.11,77323.12,0.01,77323.115,-0.5855037193194692914965698718
BTC-USD,2026-08-28T20:35:40.851905Z,77323.11,77323.12,0.01,77323.115,-0.5633436977793316273680220639
BTC-USD,2026-08-28T20:35:40.886785Z,77323.11,77323.12,0.01,77323.115,-0.5633436977793316273680220639
BTC-USD,2026-08-28T20:35:40.948135Z,77323.11,77323.12,0.01,77323.115,-0.5633421232883133598998340327
BTC-USD,2026-08-28T20:35:40.993298Z,77323.11,77323.12,0.01,77323.115,-0.5633421232883133598998340327
BTC-USD,2026-08-28T20:35:41.019796Z,77323.11,77323.12,0.01,77323.115,-0.5633421232883133598998340327
BTC-USD,2026-08-28T20:35:41.070948Z,77323.11,77323.12,0.01,77323.115,-0.5633421232883133598998340327
BTC-USD,2026-08-28T20:35:41.116694Z,77323.11,77323.12,0.01,77323.115,-0.5633421232883133598998340327
BTC-USD,2026-08-28T20:35:41.190382Z,77323.11,77323.12,0.01,77323.115,-0.6802508204493590023200606403
BTC-USD,2026-08-28T20:35:41.233824Z,77323.11,77323.12,0.01,77323.115,-0.5633421232883133598998340327
BTC-USD,2026-08-28T20:35:41.282173Z,77323.11,77323.12,0.01,77323.115,-0.9957759843949334712547277441
BTC-USD,2026-08-28T20:35:41.335869Z,77323.11,77323.12,0.01,77323.115,-0.9957759843949334712547277441
BTC-USD,2026-08-28T20:35:41.378007Z,77323.11,77323.12,0.01,77323.115,-0.9959604118828849615755391844
BTC-USD,2026-08-28T20:35:41.437496Z,77323.11,77323.12,0.01,77323.115,-0.9959604118828849615755391844
BTC-USD,2026-08-28T20:35:41.479379Z,77323.11,77323.12,0.01,77323.115,-0.9959604118828849615755391844
BTC-USD,2026-08-28T20:35:41.536975Z,77323.11,77323.12,0.01,77323.115,-0.4509011747207247585641274334
BTC-USD,2026-08-28T20:35:41.596722Z,77323.11,77323.12,0.01,77323.115,-0.4509020557757176976488436319
BTC-USD,2026-08-28T20:35:41.641631Z,77323.11,77323.12,0.01,77323.115,-0.4507839273399212127197694488
BTC-USD,2026-08-28T20:35:41.69102Z,77323.11,77323.12,0.01,77323.115,-0.4201754316286143944908063743
BTC-USD,2026-08-28T20:35:41.734128Z,77319.07,77323.11,4.04,77321.09,-0.1162556186421959832070983111
BTC-USD,2026-08-28T20:35:41.779384Z,77321.68,77322.1,0.42,77321.89,-0.1170416051877433951798544194
BTC-USD,2026-08-28T20:35:41.826216Z,77322.98,77322.99,0.01,77322.985,-0.3798162432827144687153671883
BTC-USD,2026-08-28T20:35:41.881205Z,77322.98,77322.99,0.01,77322.985,-0.3798026680780623191878605300
BTC-USD,2026-08-28T20:35:41.942606Z,77322.98,77322.99,0.01,77322.985,-0.3798026680780623191878605300
BTC-USD,2026-08-28T20:35:41.996791Z,77322.98,77322.99,0.01,77322.985,-0.3798026680780623191878605300
BTC-USD,2026-08-28T20:35:42.041418Z,77319.02,77322.98,3.96,77321.00,0.4026264409500081471707887163
BTC-USD,2026-08-28T20:35:42.088673Z,77319.02,77322.23,3.21,77320.625,0.3990457992259428964028641130
BTC-USD,2026-08-28T20:35:42.130696Z,77319.02,77322.23,3.21,77320.625,0.3990457992259428964028641130
BTC-USD,2026-08-28T20:35:42.196222Z,77319.02,77322.23,3.21,77320.625,0.3990457992259428964028641130
BTC-USD,2026-08-28T20:35:42.247466Z,77320.02,77322.23,2.21,77321.125,0.2883434280603394841219773765
BTC-USD,2026-08-28T20:35:42.292433Z,77320.02,77322.23,2.21,77321.125,0.4141090036755620791885016013
BTC-USD,2026-08-28T20:35:42.335147Z,77320.02,77322.23,2.21,77321.125,0.5167686143445175020218580014
BTC-USD,2026-08-28T20:35:42.386874Z,77320.02,77322.23,2.21,77321.125,0.3970333134300863350096851619
BTC-USD,2026-08-28T20:35:42.440892Z,77322.19,77322.2,0.01,77322.195,0.4192757557978981270917224827
BTC-USD,2026-08-28T20:35:42.493661Z,77322.19,77322.2,0.01,77322.195,0.4110828838782910740998052066
BTC-USD,2026-08-28T20:35:42.54388Z,77322.19,77322.2,0.01,77322.195,0.4110828838782910740998052066
BTC-USD,2026-08-28T20:35:42.591335Z,77322.19,77322.2,0.01,77322.195,0.4110828838782910740998052066
BTC-USD,2026-08-28T20:35:42.646981Z,77322.19,77322.2,0.01,77322.195,0.2488151129812009805274064032
BTC-USD,2026-08-28T20:35:42.689355Z,77322.19,77322.2,0.01,77322.195,0.2487883689687024318066474378
BTC-USD,2026-08-28T20:35:42.736177Z,77322.19,77322.2,0.01,77322.195,0.2487883689687024318066474378
BTC-USD,2026-08-28T20:35:42.779188Z,77322.19,77322.2,0.01,77322.195,0.6359120716293780631007052893
BTC-USD,2026-08-28T20:35:42.81951Z,77318.98,77320.17,1.19,77319.575,-0.6125008151928671504534730557
BTC-USD,2026-08-28T20:35:42.882258Z,77318.98,77320.17,1.19,77319.575,-0.6022614903548059814803125835
BTC-USD,2026-08-28T20:35:42.904322Z,77318.98,77320.17,1.19,77319.575,-0.6022614903548059814803125835
BTC-USD,2026-08-28T20:35:42.962355Z,77320.16,77320.17,0.01,77320.165,-0.8264490631868103283942779501
BTC-USD,2026-08-28T20:35:42.979317Z,77320.16,77320.17,0.01,77320.165,-0.8264490631868103283942779501
BTC-USD,2026-08-28T20:35:43.046675Z,77320.16,77320.17,0.01,77320.165,-0.8249001011401342872425824110
BTC-USD,2026-08-28T20:35:43.14927Z,77320.16,77320.17,0.01,77320.165,-0.8252230629955466098450960028
BTC-USD,2026-08-28T20:35:43.192707Z,77320.16,77320.17,0.01,77320.165,-0.8214935852717481581041840243
BTC-USD,2026-08-28T20:35:43.220995Z,77320.16,77320.17,0.01,77320.165,-0.9011438688907789920476164925
BTC-USD,2026-08-28T20:35:43.277456Z,77320.16,77320.17,0.01,77320.165,-0.9011438688907789920476164925
BTC-USD,2026-08-28T20:35:43.333855Z,77320.16,77320.17,0.01,77320.165,-0.9011438688907789920476164925
BTC-USD,2026-08-28T20:35:43.380134Z,77320.16,77320.17,0.01,77320.165,-0.9011438219038116130443949206
BTC-USD,2026-08-28T20:35:43.434538Z,77320.16,77320.17,0.01,77320.165,-0.9011438219038116130443949206
BTC-USD,2026-08-28T20:35:43.444723Z,77320.16,77320.17,0.01,77320.165,-0.9023435079126070161929565024
BTC-USD,2026-08-28T20:35:43.485697Z,77320.16,77320.17,0.01,77320.165,-0.9023435079126070161929565024
BTC-USD,2026-08-28T20:35:43.584261Z,77320.16,77320.17,0.01,77320.165,-0.9023435079126070161929565024
BTC-USD,2026-08-28T20:35:43.642266Z,77320.16,77320.17,0.01,77320.165,-0.9042732047660027003839611034
BTC-USD,2026-08-28T20:35:43.68511Z,77320.16,77320.17,0.01,77320.165,-0.9023434162055760093715068218
BTC-USD,2026-08-28T20:35:43.707185Z,77320.16,77320.17,0.01,77320.165,-0.9023434162055760093715068218
BTC-USD,2026-08-28T20:35:43.77758Z,77320.16,77320.17,0.01,77320.165,-0.9023434162055760093715068218
BTC-USD,2026-08-28T20:35:43.89498Z,77320.16,77320.17,0.01,77320.165,-0.9023435233924753683552321798
BTC-USD,2026-08-28T20:35:43.944996Z,77320.16,77320.17,0.01,77320.165,-0.9023435233924753683552321798
BTC-USD,2026-08-28T20:35:43.995912Z,77320.16,77320.17,0.01,77320.165,-0.9029395849887436144727804357
BTC-USD,2026-08-28T20:35:44.045669Z,77320.16,77320.17,0.01,77320.165,-0.9029394944123586796068841192
BTC-USD,2026-08-28T20:35:44.090853Z,77320.16,77320.17,0.01,77320.165,-0.9029394944123586796068841192
BTC-USD,2026-08-28T20:35:44.144351Z,77320.16,77320.17,0.01,77320.165,-0.9029394944123586796068841192
BTC-USD,2026-08-28T20:35:44.197398Z,77320.16,77320.17,0.01,77320.165,-0.9029394944123586796068841192
BTC-USD,2026-08-28T20:35:44.227458Z,77320.16,77320.17,0.01,77320.165,-0.9029393857204736101598723207
BTC-USD,2026-08-28T20:35:44.282763Z,77320.16,77320.17,0.01,77320.165,-0.9029393857204736101598723207
BTC-USD,2026-08-28T20:35:44.31639Z,77320.16,77320.17,0.01,77320.165,-0.9029392951437167620587733234
BTC-USD,2026-08-28T20:35:44.383907Z,77320.16,77320.17,0.01,77320.165,-0.9029392951437167620587733234
BTC-USD,2026-08-28T20:35:44.443506Z,77320.16,77320.17,0.01,77320.165,-0.9029392951437167620587733234
BTC-USD,2026-08-28T20:35:44.476255Z,77320.16,77320.17,0.01,77320.165,-0.9055825429188765877178603633
BTC-USD,2026-08-28T20:35:44.531139Z,77320.16,77320.17,0.01,77320.165,-0.9074561702635396411886811113
BTC-USD,2026-08-28T20:35:44.552598Z,77320.16,77320.17,0.01,77320.165,-0.9074561702635396411886811113
BTC-USD,2026-08-28T20:35:44.638431Z,77320.16,77320.17,0.01,77320.165,-0.6325060146484262169030038103
BTC-USD,2026-08-28T20:35:44.726552Z,77320.16,77320.17,0.01,77320.165,-0.6585622983398571744538993065
BTC-USD,2026-08-28T20:35:44.753682Z,77320.16,77320.17,0.01,77320.165,-0.9092011034511826283921247476
BTC-USD,2026-08-28T20:35:44.824269Z,77320.16,77320.17,0.01,77320.165,-0.9092011034511826283921247476
BTC-USD,2026-08-28T20:35:44.874067Z,77320.16,77320.17,0.01,77320.165,-0.9092011034511826283921247476
BTC-USD,2026-08-28T20:35:44.922431Z,77320.16,77320.17,0.01,77320.165,-0.9092011034511826283921247476
BTC-USD,2026-08-28T20:35:44.950265Z,77320.16,77320.17,0.01,77320.165,-0.9092011034511826283921247476
BTC-USD,2026-08-28T20:35:45.021954Z,77320.16,77320.17,0.01,77320.165,-0.9092010241842941934827604797
BTC-USD,2026-08-28T20:35:45.091004Z,77320.16,77320.17,0.01,77320.165,-0.9091511862806754538034669118
BTC-USD,2026-08-28T20:35:45.135378Z,77320.16,77320.17,0.01,77320.165,-0.6578556493068605925051556310
BTC-USD,2026-08-28T20:35:45.18261Z,77320.16,77320.17,0.01,77320.165,-0.6578556493068605925051556310
BTC-USD,2026-08-28T20:35:45.222544Z,77320.16,77320.17,0.01,77320.165,-0.6578556493068605925051556310
BTC-USD,2026-08-28T20:35:45.287367Z,77320.16,77320.17,0.01,77320.165,-0.6578556493068605925051556310
BTC-USD,2026-08-28T20:35:45.329978Z,77320.16,77320.17,0.01,77320.165,-0.6578556493068605925051556310
BTC-USD,2026-08-28T20:35:45.369057Z,77320.16,77320.17,0.01,77320.165,-0.7089776339425536108709792415
BTC-USD,2026-08-28T20:35:45.438549Z,77320.16,77320.17,0.01,77320.165,-0.9132004370006411033528865384
BTC-USD,2026-08-28T20:35:45.48127Z,77320.16,77320.17,0.01,77320.165,-0.9178050847086264765199825480
BTC-USD,2026-08-28T20:35:45.529194Z,77318.98,77319.22,0.24,77319.10,-0.9999433262951461444827066372
BTC-USD,2026-08-28T20:35:45.568532Z,77318.98,77318.99,0.01,77318.985,-0.9999285806968491783712353952
BTC-USD,2026-08-28T20:35:45.624496Z,77318.98,77318.99,0.01,77318.985,-0.5408183799104696555784618433
BTC-USD,2026-08-28T20:35:45.692931Z,77318.98,77318.99,0.01,77318.985,-0.9999369585437377755094315606
BTC-USD,2026-08-28T20:35:45.739183Z,77318.98,77318.99,0.01,77318.985,-0.9999545237725325405145643406
BTC-USD,2026-08-28T20:35:45.787171Z,77318.98,77318.99,0.01,77318.985,-0.9999586983011146915512155897
BTC-USD,2026-08-28T20:35:45.844523Z,77318.98,77318.99,0.01,77318.985,-0.9999455094255690333037721967
BTC-USD,2026-08-28T20:35:45.894941Z,77318.98,77318.99,0.01,77318.985,-0.9999455094255690333037721967
BTC-USD,2026-08-28T20:35:45.934494Z,77318.94,77318.98,0.04,77318.96,-0.9999417643362571695381525392
BTC-USD,2026-08-28T20:35:45.977777Z,77318.85,77318.9,0.05,77318.875,-0.5180903592160614597205201097
BTC-USD,2026-08-28T20:35:46.022732Z,77318.82,77318.9,0.08,77318.86,-0.4817502329095990754888919758
BTC-USD,2026-08-28T20:35:46.070989Z,77318.82,77318.88,0.06,77318.85,-0.1833811088606941103563919155
BTC-USD,2026-08-28T20:35:46.140404Z,77318.82,77318.86,0.04,77318.84,-0.2070276751782269271870004638
BTC-USD,2026-08-28T20:35:46.188323Z,77318.82,77318.84,0.02,77318.83,-0.3303365730824659777081368718
BTC-USD,2026-08-28T20:35:46.238959Z,77318.82,77318.83,0.01,77318.825,-0.3302592021270330388076826874
BTC-USD,2026-08-28T20:35:46.295879Z,77318.82,77318.83,0.01,77318.825,-0.5038589044883606229077855118
BTC-USD,2026-08-28T20:35:46.330592Z,77318.82,77318.83,0.01,77318.825,-0.5038589044883606229077855118
BTC-USD,2026-08-28T20:35:46.38352Z,77318.82,77318.83,0.01,77318.825,-0.6553642200019279016181345596
BTC-USD,2026-08-28T20:35:46.431092Z,77318.82,77318.83,0.01,77318.825,-0.6553642200019279016181345596
BTC-USD,2026-08-28T20:35:46.47878Z,77318.82,77318.83,0.01,77318.825,-0.6654285042240143074201756958
BTC-USD,2026-08-28T20:35:46.529458Z,77318.82,77318.83,0.01,77318.825,-0.6915646799026495126218713475
BTC-USD,2026-08-28T20:35:46.576037Z,77318.82,77318.83,0.01,77318.825,-0.6925936714730569700653721273
BTC-USD,2026-08-28T20:35:46.630216Z,77318.82,77318.83,0.01,77318.825,-0.6938296587066802812329710094
BTC-USD,2026-08-28T20:35:46.679406Z,77318.82,77318.83,0.01,77318.825,-0.9655239419510276917256348733
BTC-USD,2026-08-28T20:35:46.734267Z,77318.82,77318.83,0.01,77318.825,-0.9999060309270691568203275184
BTC-USD,2026-08-28T20:35:46.781886Z,77318.82,77318.83,0.01,77318.825,-0.9999060309270691568203275184
BTC-USD,2026-08-28T20:35:46.805846Z,77318.82,77318.83,0.01,77318.825,-0.9999060309270691568203275184
BTC-USD,2026-08-28T20:35:46.868388Z,77318.82,77318.83,0.01,77318.825,-0.9655165218575469227123993690
BTC-USD,2026-08-28T20:35:46.929945Z,77318.82,77318.83,0.01,77318.825,-0.6939215125614344246324656223
BTC-USD,2026-08-28T20:35:46.973633Z,77318.82,77318.83,0.01,77318.825,-0.6915095278594117729721524726
BTC-USD,2026-08-28T20:35:47.040884Z,77318.82,77318.83,0.01,77318.825,-0.6914638792029654095752325094
BTC-USD,2026-08-28T20:35:47.086482Z,77318.82,77318.83,0.01,77318.825,-0.6914638792029654095752325094
BTC-USD,2026-08-28T20:35:47.141988Z,77318.82,77318.83,0.01,77318.825,-0.6914638792029654095752325094
BTC-USD,2026-08-28T20:35:47.180205Z,77318.82,77318.83,0.01,77318.825,-0.6914638792029654095752325094
BTC-USD,2026-08-28T20:35:47.24238Z,77318.82,77318.83,0.01,77318.825,-0.6914638792029654095752325094
BTC-USD,2026-08-28T20:35:47.287717Z,77318.82,77318.83,0.01,77318.825,-0.6914641816707689993117808972
BTC-USD,2026-08-28T20:35:47.335536Z,77318.82,77318.83,0.01,77318.825,-0.6914641816707689993117808972
BTC-USD,2026-08-28T20:35:47.389165Z,77318.82,77318.83,0.01,77318.825,-0.6914641816707689993117808972
BTC-USD,2026-08-28T20:35:47.405564Z,77318.82,77318.83,0.01,77318.825,-0.6914641816707689993117808972
BTC-USD,2026-08-28T20:35:47.487889Z,77318.82,77318.83,0.01,77318.825,-0.6914641816707689993117808972
BTC-USD,2026-08-28T20:35:47.544677Z,77318.82,77318.83,0.01,77318.825,-0.6914641816707689993117808972
BTC-USD,2026-08-28T20:35:47.582547Z,77318.82,77318.83,0.01,77318.825,-0.6914641816707689993117808972
BTC-USD,2026-08-28T20:35:47.617995Z,77318.82,77318.83,0.01,77318.825,-0.6914641816707689993117808972
BTC-USD,2026-08-28T20:35:47.686944Z,77318.82,77318.83,0.01,77318.825,-0.6914641816707689993117808972
BTC-USD,2026-08-28T20:35:47.756416Z,77318.82,77318.83,0.01,77318.825,-0.6914641816707689993117808972
BTC-USD,2026-08-28T20:35:47.783851Z,77318.82,77318.83,0.01,77318.825,-0.6914641816707689993117808972
BTC-USD,2026-08-28T20:35:47.848675Z,77318.82,77318.83,0.01,77318.825,-0.6914641816707689993117808972
BTC-USD,2026-08-28T20:35:47.886431Z,77318.82,77318.83,0.01,77318.825,-0.6914645849613420573738587547
BTC-USD,2026-08-28T20:35:47.944073Z,77318.82,77318.83,0.01,77318.825,-0.6914645849613420573738587547
BTC-USD,2026-08-28T20:35:47.991879Z,77318.82,77318.83,0.01,77318.825,-0.9999547532320032433898180853
BTC-USD,2026-08-28T20:35:48.029394Z,77318.82,77318.83,0.01,77318.825,-0.9999547532320032433898180853
BTC-USD,2026-08-28T20:35:48.067814Z,77318.82,77318.83,0.01,77318.825,-0.9999547532320032433898180853
BTC-USD,2026-08-28T20:35:48.121613Z,77318.82,77318.83,0.01,77318.825,-0.9999547523797552420900975266
BTC-USD,2026-08-28T20:35:48.172008Z,77318.82,77318.83,0.01,77318.825,-0.9999547523797552420900975266
BTC-USD,2026-08-28T20:35:48.223571Z,77318.82,77318.83,0.01,77318.825,-0.9999547523797552420900975266
BTC-USD,2026-08-28T20:35:48.274774Z,77318.82,77318.83,0.01,77318.825,-0.9999547523797552420900975266
BTC-USD,2026-08-28T20:35:48.337066Z,77318.82,77318.83,0.01,77318.825,-0.9997838588891009347274987026
BTC-USD,2026-08-28T20:35:48.38297Z,77318.82,77318.83,0.01,77318.825,-0.9997838588891009347274987026
BTC-USD,2026-08-28T20:35:48.401029Z,77318.82,77318.83,0.01,77318.825,-0.9997838588891009347274987026
BTC-USD,2026-08-28T20:35:48.546275Z,77318.82,77318.83,0.01,77318.825,-0.9997838581274911460762462831
BTC-USD,2026-08-28T20:35:48.5721Z,77318.82,77318.83,0.01,77318.825,-0.9997838574229973129643913914
BTC-USD,2026-08-28T20:35:48.624148Z,77318.82,77318.83,0.01,77318.825,-0.9997912143623143217399951337
BTC-USD,2026-08-28T20:35:48.675976Z,77318.82,77318.83,0.01,77318.825,-0.9997912143623143217399951337
BTC-USD,2026-08-28T20:35:48.734397Z,77318.82,77318.83,0.01,77318.825,-0.9997912143623143217399951337
BTC-USD,2026-08-28T20:35:48.786133Z,77318.82,77318.83,0.01,77318.825,-0.9997912143623143217399951337
BTC-USD,2026-08-28T20:35:48.836622Z,77318.82,77318.83,0.01,77318.825,-0.9997912138506430547027029382
BTC-USD,2026-08-28T20:35:48.891069Z,77318.82,77318.83,0.01,77318.825,-0.9997912138506430547027029382
BTC-USD,2026-08-28T20:35:48.999817Z,77318.82,77318.83,0.01,77318.825,-0.9997912138506430547027029382
BTC-USD,2026-08-28T20:35:49.078077Z,77318.82,77318.83,0.01,77318.825,-0.9997912138506430547027029382
BTC-USD,2026-08-28T20:35:49.155358Z,77318.82,77318.83,0.01,77318.825,-0.9997823854426007458460462151
BTC-USD,2026-08-28T20:35:49.196036Z,77318.82,77318.83,0.01,77318.825,-0.9997823368983384150960964497
BTC-USD,2026-08-28T20:35:49.249762Z,77318.82,77318.83,0.01,77318.825,-0.9997825497833428662968948443
BTC-USD,2026-08-28T20:35:49.261678Z,77318.82,77318.83,0.01,77318.825,-0.9997825497833428662968948443
BTC-USD,2026-08-28T20:35:49.351578Z,77318.82,77318.83,0.01,77318.825,-0.9997826390534555052246257609
BTC-USD,2026-08-28T20:35:49.391751Z,77318.82,77318.83,0.01,77318.825,-0.9997826390534555052246257609
BTC-USD,2026-08-28T20:35:49.405095Z,77318.82,77318.83,0.01,77318.825,-0.9997826390534555052246257609
BTC-USD,2026-08-28T20:35:49.498454Z,77318.82,77318.83,0.01,77318.825,-0.9997826390534555052246257609
BTC-USD,2026-08-28T20:35:49.537683Z,77318.82,77318.83,0.01,77318.825,-0.9997826390534555052246257609
BTC-USD,2026-08-28T20:35:49.596769Z,77318.82,77318.83,0.01,77318.825,-0.9997823881332783195761653785
BTC-USD,2026-08-28T20:35:49.62591Z,77318.82,77318.83,0.01,77318.825,-0.9997823881332783195761653785
BTC-USD,2026-08-28T20:35:49.6744Z,77318.82,77318.83,0.01,77318.825,-0.9997823495616987936365731727
BTC-USD,2026-08-28T20:35:49.71777Z,77318.82,77318.83,0.01,77318.825,-0.9997755052734097023265134390
BTC-USD,2026-08-28T20:35:49.768188Z,77318.82,77318.83,0.01,77318.825,-0.9997755469253527421266939811
BTC-USD,2026-08-28T20:35:49.82072Z,77318.82,77318.83,0.01,77318.825,-0.9997755469253527421266939811
BTC-USD,2026-08-28T20:35:49.870383Z,77318.82,77318.83,0.01,77318.825,-0.9997755469253527421266939811
BTC-USD,2026-08-28T20:35:49.922511Z,77318.82,77318.83,0.01,77318.825,-0.9997670073113812879153730101
BTC-USD,2026-08-28T20:35:49.992236Z,77318.82,77318.83,0.01,77318.825,-0.9997670073113812879153730101
BTC-USD,2026-08-28T20:35:50.02165Z,77318.82,77318.83,0.01,77318.825,-0.9997670073113812879153730101
BTC-USD,2026-08-28T20:35:50.070327Z,77318.82,77318.83,0.01,77318.825,-0.9997669619375791501819079219
BTC-USD,2026-08-28T20:35:50.139628Z,77318.82,77318.83,0.01,77318.825,-0.9997669619375791501819079219
BTC-USD,2026-08-28T20:35:50.186437Z,77315.79,77315.8,0.01,77315.795,-0.3118299132453161234323476892
BTC-USD,2026-08-28T20:35:50.237607Z,77315.79,77315.8,0.01,77315.795,-0.5465616014093479028197785555
BTC-USD,2026-08-28T20:35:50.289867Z,77315.25,77315.26,0.01,77315.255,-0.5630217135979663245646905096
BTC-USD,2026-08-28T20:35:50.330298Z,77315.25,77315.26,0.01,77315.255,-0.5630217135979663245646905096
BTC-USD,2026-08-28T20:35:50.393871Z,77315.25,77315.26,0.01,77315.255,-0.4894825778358539431675254525
BTC-USD,2026-08-28T20:35:50.435891Z,77315.25,77315.26,0.01,77315.255,-0.4894825778358539431675254525
BTC-USD,2026-08-28T20:35:50.481457Z,77315.25,77315.26,0.01,77315.255,-0.3329807817709236740767723390
BTC-USD,2026-08-28T20:35:50.522103Z,77315.25,77315.26,0.01,77315.255,-0.5784265692618850333079955149
BTC-USD,2026-08-28T20:35:50.594418Z,77315.25,77315.26,0.01,77315.255,-0.5784265692618850333079955149
BTC-USD,2026-08-28T20:35:50.650878Z,77315.25,77315.26,0.01,77315.255,-0.5784265692618850333079955149
BTC-USD,2026-08-28T20:35:50.696222Z,77315.25,77315.26,0.01,77315.255,-0.5784265692618850333079955149
BTC-USD,2026-08-28T20:35:50.735691Z,77315.25,77315.26,0.01,77315.255,-0.5784265692618850333079955149
BTC-USD,2026-08-28T20:35:50.796022Z,77315.25,77315.26,0.01,77315.255,-0.5784239210866514953384172391
BTC-USD,2026-08-28T20:35:50.828207Z,77315.25,77315.26,0.01,77315.255,-0.5456914308205447107300281507
BTC-USD,2026-08-28T20:35:50.88024Z,77315.25,77315.26,0.01,77315.255,-0.5456914308205447107300281507
BTC-USD,2026-08-28T20:35:50.904916Z,77315.25,77315.26,0.01,77315.255,-0.5456914308205447107300281507
BTC-USD,2026-08-28T20:35:50.973898Z,77315.25,77315.26,0.01,77315.255,-0.5445604418163893868565848652
BTC-USD,2026-08-28T20:35:51.020909Z,77315.25,77315.26,0.01,77315.255,-0.5445604418163893868565848652
BTC-USD,2026-08-28T20:35:51.087903Z,77315.25,77315.26,0.01,77315.255,-0.5445604418163893868565848652
BTC-USD,2026-08-28T20:35:51.134035Z,77315.25,77315.26,0.01,77315.255,-0.5445604418163893868565848652
BTC-USD,2026-08-28T20:35:51.170333Z,77315.25,77315.26,0.01,77315.255,-0.5349080219872916807036103107
BTC-USD,2026-08-28T20:35:51.238385Z,77315.25,77315.26,0.01,77315.255,-0.5349080219872916807036103107
BTC-USD,2026-08-28T20:35:51.283977Z,77315.25,77315.26,0.01,77315.255,-0.5349080219872916807036103107
BTC-USD,2026-08-28T20:35:51.335926Z,77315.25,77315.26,0.01,77315.255,-0.5349079294577788435541203533
BTC-USD,2026-08-28T20:35:51.374263Z,77315.25,77315.26,0.01,77315.255,-0.5349079294577788435541203533
BTC-USD,2026-08-28T20:35:51.430873Z,77315.25,77315.26,0.01,77315.255,-0.5349079294577788435541203533
BTC-USD,2026-08-28T20:35:51.464164Z,77315.25,77315.26,0.01,77315.255,-0.5349063872938112180066811223
BTC-USD,2026-08-28T20:35:51.51218Z,77315.25,77315.26,0.01,77315.255,-0.5349055159666479758781229059
BTC-USD,2026-08-28T20:35:51.593788Z,77315.25,77315.26,0.01,77315.255,-0.5349055159666479758781229059
BTC-USD,2026-08-28T20:35:51.633207Z,77315.25,77315.26,0.01,77315.255,-0.5349055159666479758781229059
BTC-USD,2026-08-28T20:35:51.678905Z,77315.25,77315.26,0.01,77315.255,-0.5349042359579918162736575061
BTC-USD,2026-08-28T20:35:51.747263Z,77315.25,77315.26,0.01,77315.255,-0.5349034648650393500557302518
BTC-USD,2026-08-28T20:35:51.788026Z,77315.25,77315.26,0.01,77315.255,-0.5349016142315215418187948301
BTC-USD,2026-08-28T20:35:51.827565Z,77315.25,77315.26,0.01,77315.255,-0.5349016142315215418187948301
BTC-USD,2026-08-28T20:35:51.898895Z,77315.25,77315.26,0.01,77315.255,-0.5348952886351744504137191485
BTC-USD,2026-08-28T20:35:51.913988Z,77315.25,77315.26,0.01,77315.255,-0.5348952886351744504137191485
BTC-USD,2026-08-28T20:35:51.991237Z,77315.25,77315.26,0.01,77315.255,-0.5348952886351744504137191485
BTC-USD,2026-08-28T20:35:52.033112Z,77315.25,77315.26,0.01,77315.255,-0.5348952886351744504137191485
BTC-USD,2026-08-28T20:35:52.081837Z,77315.25,77315.26,0.01,77315.255,-0.5348945175241535521646098941
BTC-USD,2026-08-28T20:35:52.173083Z,77315.25,77315.26,0.01,77315.255,-0.5348945175241535521646098941
BTC-USD,2026-08-28T20:35:52.24369Z,77315.25,77315.26,0.01,77315.255,-0.6328963220692810770617431786
BTC-USD,2026-08-28T20:35:52.287699Z,77315.25,77315.26,0.01,77315.255,-0.6036318281037288646673554727
BTC-USD,2026-08-28T20:35:52.314956Z,77315.25,77315.26,0.01,77315.255,-0.6036318281037288646673554727
BTC-USD,2026-08-28T20:35:52.389444Z,77315.25,77315.26,0.01,77315.255,-0.6036318281037288646673554727
BTC-USD,2026-08-28T20:35:52.42711Z,77315.25,77315.26,0.01,77315.255,-0.6036318281037288646673554727
BTC-USD,2026-08-28T20:35:52.478993Z,77315.25,77315.26,0.01,77315.255,-0.6036318281037288646673554727
BTC-USD,2026-08-28T20:35:52.525203Z,77315.25,77315.26,0.01,77315.255,-0.6036301391100070551875721996
BTC-USD,2026-08-28T20:35:52.578732Z,77315.25,77315.26,0.01,77315.255,-0.5691405615919706217896686910
BTC-USD,2026-08-28T20:35:52.64722Z,77315.25,77315.26,0.01,77315.255,-0.5691082686187109686706233480
BTC-USD,2026-08-28T20:35:52.690998Z,77315.25,77315.26,0.01,77315.255,-0.5223811568139102442899200161
BTC-USD,2026-08-28T20:35:52.72035Z,77315.25,77315.26,0.01,77315.255,-0.5223797334215944801140254386
BTC-USD,2026-08-28T20:35:52.782343Z,77315.25,77315.26,0.01,77315.255,-0.5223797334215944801140254386
BTC-USD,2026-08-28T20:35:52.807046Z,77315.25,77315.26,0.01,77315.255,-0.5223797334215944801140254386
BTC-USD,2026-08-28T20:35:52.873334Z,77315.25,77315.26,0.01,77315.255,-0.5223797334215944801140254386
BTC-USD,2026-08-28T20:35:52.995013Z,77315.25,77315.26,0.01,77315.255,-0.3157807721963660953196346179
BTC-USD,2026-08-28T20:35:53.039533Z,77315.25,77315.26,0.01,77315.255,-0.3157807721963660953196346179
BTC-USD,2026-08-28T20:35:53.086491Z,77315.25,77315.26,0.01,77315.255,-0.3157807721963660953196346179
BTC-USD,2026-08-28T20:35:53.184349Z,77315.25,77315.26,0.01,77315.255,-0.5224204960198189200688095693
BTC-USD,2026-08-28T20:35:53.217209Z,77315.25,77315.26,0.01,77315.255,-0.4856297660449105767432373805
BTC-USD,2026-08-28T20:35:53.276185Z,77315.25,77315.26,0.01,77315.255,-0.4856297660449105767432373805
BTC-USD,2026-08-28T20:35:53.322493Z,77315.25,77315.26,0.01,77315.255,-0.4856297660449105767432373805
BTC-USD,2026-08-28T20:35:53.392234Z,77315.25,77315.26,0.01,77315.255,-0.4855239932042987066177599026
BTC-USD,2026-08-28T20:35:53.441403Z,77315.25,77315.26,0.01,77315.255,-0.4855239932042987066177599026
BTC-USD,2026-08-28T20:35:53.459397Z,77315.25,77315.26,0.01,77315.255,-0.4855239932042987066177599026
BTC-USD,2026-08-28T20:35:53.548354Z,77315.25,77315.26,0.01,77315.255,-0.4855224741930305537239463169
BTC-USD,2026-08-28T20:35:53.598108Z,77315.25,77315.26,0.01,77315.255,-0.4855224741930305537239463169
BTC-USD,2026-08-28T20:35:53.642417Z,77315.25,77315.26,0.01,77315.255,-0.4855208230836522247817407632
BTC-USD,2026-08-28T20:35:53.691469Z,77315.25,77315.26,0.01,77315.255,-0.4855208230836522247817407632
BTC-USD,2026-08-28T20:35:53.733036Z,77315.25,77315.26,0.01,77315.255,-0.4855197993905154405194136327
BTC-USD,2026-08-28T20:35:53.762178Z,77315.25,77315.26,0.01,77315.255,-0.4855197993905154405194136327
BTC-USD,2026-08-28T20:35:53.886309Z,77315.25,77315.26,0.01,77315.255,-0.4855197993905154405194136327
BTC-USD,2026-08-28T20:35:53.944757Z,77315.25,77315.26,0.01,77315.255,-0.4855181482639685867584375332
BTC-USD,2026-08-28T20:35:54.000743Z,77315.25,77315.26,0.01,77315.255,-0.4855168851450054145207360860
BTC-USD,2026-08-28T20:35:54.028994Z,77315.25,77315.26,0.01,77315.255,-0.4855168851450054145207360860
BTC-USD,2026-08-28T20:35:54.092295Z,77315.25,77315.26,0.01,77315.255,-0.4855168851450054145207360860
BTC-USD,2026-08-28T20:35:54.182815Z,77315.25,77315.26,0.01,77315.255,-0.4855168851450054145207360860
BTC-USD,2026-08-28T20:35:54.221131Z,77315.25,77315.26,0.01,77315.255,-0.4855168851450054145207360860
BTC-USD,2026-08-28T20:35:54.287069Z,77315.25,77315.26,0.01,77315.255,-0.4855168851450054145207360860
BTC-USD,2026-08-28T20:35:54.351689Z,77315.25,77315.26,0.01,77315.255,-0.4855168851450054145207360860
BTC-USD,2026-08-28T20:35:54.392578Z,77315.25,77315.26,0.01,77315.255,-0.4844410773336599103474057324
BTC-USD,2026-08-28T20:35:54.432544Z,77315.25,77315.26,0.01,77315.255,-0.4844410773336599103474057324
BTC-USD,2026-08-28T20:35:54.467983Z,77315.25,77315.26,0.01,77315.255,-0.4844410773336599103474057324
BTC-USD,2026-08-28T20:35:54.548567Z,77315.25,77315.26,0.01,77315.255,-0.3724342044858261419808423702
BTC-USD,2026-08-28T20:35:54.57194Z,77315.25,77315.26,0.01,77315.255,-0.5681661230820765416033587381
BTC-USD,2026-08-28T20:35:54.632254Z,77315.25,77315.26,0.01,77315.255,-0.5681661230820765416033587381
BTC-USD,2026-08-28T20:35:54.68484Z,77315.25,77315.26,0.01,77315.255,-0.5681654586178427886782515129
BTC-USD,2026-08-28T20:35:54.737451Z,77315.25,77315.26,0.01,77315.255,-0.5681645615878836091593045970
BTC-USD,2026-08-28T20:35:54.795499Z,77315.25,77315.26,0.01,77315.255,-0.5681645615878836091593045970
BTC-USD,2026-08-28T20:35:54.833347Z,77315.25,77315.26,0.01,77315.255,-0.5407884046111140961643866185
BTC-USD,2026-08-28T20:35:54.891683Z,77315.25,77315.26,0.01,77315.255,-0.5504903790970741987510115742
BTC-USD,2026-08-28T20:35:54.907349Z,77315.25,77315.26,0.01,77315.255,-0.5504903790970741987510115742
BTC-USD,2026-08-28T20:35:54.982333Z,77315.25,77315.26,0.01,77315.255,-0.5504879445140802046647809862
BTC-USD,2026-08-28T20:35:55.046259Z,77315.25,77315.26,0.01,77315.255,-0.5504879445140802046647809862
BTC-USD,2026-08-28T20:35:55.082847Z,77315.25,77315.26,0.01,77315.255,-0.5504879445140802046647809862
BTC-USD,2026-08-28T20:35:55.127657Z,77315.25,77315.26,0.01,77315.255,-0.5504879445140802046647809862
BTC-USD,2026-08-28T20:35:55.175837Z,77315.25,77315.26,0.01,77315.255,-0.5504879445140802046647809862
BTC-USD,2026-08-28T20:35:55.238413Z,77315.25,77315.26,0.01,77315.255,-0.5504879445140802046647809862
BTC-USD,2026-08-28T20:35:55.304526Z,77315.25,77315.26,0.01,77315.255,-0.5473907822650166668882750167
BTC-USD,2026-08-28T20:35:55.330425Z,77315.25,77315.26,0.01,77315.255,-0.5473907822650166668882750167
BTC-USD,2026-08-28T20:35:55.404177Z,77315.25,77315.26,0.01,77315.255,-0.5473907822650166668882750167
BTC-USD,2026-08-28T20:35:55.435545Z,77315.25,77315.26,0.01,77315.255,-0.5473899294654525386093662782
BTC-USD,2026-08-28T20:35:55.480863Z,77315.25,77315.26,0.01,77315.255,-0.5473899294654525386093662782
BTC-USD,2026-08-28T20:35:55.539165Z,77315.25,77315.26,0.01,77315.255,-0.5473899294654525386093662782
BTC-USD,2026-08-28T20:35:55.594448Z,77315.25,77315.26,0.01,77315.255,-0.5473884873255440054297793286
BTC-USD,2026-08-28T20:35:55.638409Z,77315.25,77315.26,0.01,77315.255,-0.5473884873255440054297793286
BTC-USD,2026-08-28T20:35:55.66931Z,77315.25,77315.26,0.01,77315.255,-0.5114644756150890705535292373
BTC-USD,2026-08-28T20:35:55.735837Z,77315.25,77315.26,0.01,77315.255,-0.5473472853894377856906370722
BTC-USD,2026-08-28T20:35:55.789454Z,77315.25,77315.26,0.01,77315.255,-0.5473472853894377856906370722
BTC-USD,2026-08-28T20:35:55.834372Z,77315.25,77315.26,0.01,77315.255,-0.5473472853894377856906370722
BTC-USD,2026-08-28T20:35:55.883573Z,77315.25,77315.26,0.01,77315.255,-0.5473460094103498528316267419
BTC-USD,2026-08-28T20:35:55.937025Z,77315.25,77315.26,0.01,77315.255,-0.5473175060458697836586358171
BTC-USD,2026-08-28T20:35:55.98619Z,77315.25,77315.26,0.01,77315.255,-0.5473175060458697836586358171
BTC-USD,2026-08-28T20:35:56.050366Z,77315.25,77315.26,0.01,77315.255,-0.5473168124886193302815327764
BTC-USD,2026-08-28T20:35:56.085314Z,77315.25,77315.26,0.01,77315.255,-0.5473153906896119563422157928
BTC-USD,2026-08-28T20:35:56.136667Z,77315.25,77315.26,0.01,77315.255,-0.5473153906896119563422157928
BTC-USD,2026-08-28T20:35:56.180464Z,77315.25,77315.26,0.01,77315.255,-0.5473153906896119563422157928
BTC-USD,2026-08-28T20:35:56.238552Z,77315.25,77315.26,0.01,77315.255,-0.5473153906896119563422157928
BTC-USD,2026-08-28T20:35:56.289625Z,77315.25,77315.26,0.01,77315.255,-0.5473153906896119563422157928
BTC-USD,2026-08-28T20:35:56.33153Z,77315.25,77315.26,0.01,77315.255,-0.5473153906896119563422157928
BTC-USD,2026-08-28T20:35:56.400289Z,77315.25,77315.26,0.01,77315.255,-0.3433800961663852161450224149
BTC-USD,2026-08-28T20:35:56.435108Z,77315.25,77315.26,0.01,77315.255,-0.3433800961663852161450224149
BTC-USD,2026-08-28T20:35:56.478935Z,77315.25,77315.26,0.01,77315.255,-0.3433800961663852161450224149
BTC-USD,2026-08-28T20:35:56.553515Z,77315.25,77315.26,0.01,77315.255,-0.3311336864829841019237140029
BTC-USD,2026-08-28T20:35:56.589143Z,77315.25,77315.26,0.01,77315.255,-0.5346544736107895316880461042
BTC-USD,2026-08-28T20:35:56.605625Z,77315.25,77315.26,0.01,77315.255,-0.5346544736107895316880461042
BTC-USD,2026-08-28T20:35:56.684377Z,77315.25,77315.26,0.01,77315.255,-0.5346537606818004553934190177
BTC-USD,2026-08-28T20:35:56.735446Z,77315.25,77315.26,0.01,77315.255,-0.5346537606818004553934190177
BTC-USD,2026-08-28T20:35:56.788169Z,77315.25,77315.26,0.01,77315.255,-0.5346527126722206998795168651
BTC-USD,2026-08-28T20:35:56.830759Z,77315.25,77315.26,0.01,77315.255,-0.5346527126722206998795168651
BTC-USD,2026-08-28T20:35:56.885082Z,77315.25,77315.26,0.01,77315.255,-0.5346527126722206998795168651
BTC-USD,2026-08-28T20:35:56.950476Z,77315.25,77315.26,0.01,77315.255,-0.5346527126722206998795168651
BTC-USD,2026-08-28T20:35:56.985075Z,77315.25,77315.26,0.01,77315.255,-0.5346519997378359448061933225
BTC-USD,2026-08-28T20:35:57.039548Z,77315.25,77315.26,0.01,77315.255,-0.5346509731084841604730680533
BTC-USD,2026-08-28T20:35:57.063196Z,77315.25,77315.26,0.01,77315.255,-0.5346509731084841604730680533
BTC-USD,2026-08-28T20:35:57.12621Z,77315.25,77315.26,0.01,77315.255,-0.5346509731084841604730680533
BTC-USD,2026-08-28T20:35:57.189916Z,77315.25,77315.26,0.01,77315.255,-0.5346509731084841604730680533
BTC-USD,2026-08-28T20:35:57.22282Z,77315.25,77315.26,0.01,77315.255,-0.5375690746268820322365081792
BTC-USD,2026-08-28T20:35:57.287526Z,77315.25,77315.26,0.01,77315.255,-0.5375690746268820322365081792
BTC-USD,2026-08-28T20:35:57.335763Z,77315.25,77315.26,0.01,77315.255,-0.5375690746268820322365081792
BTC-USD,2026-08-28T20:35:57.418302Z,77315.25,77315.26,0.01,77315.255,-0.5375690746268820322365081792
BTC-USD,2026-08-28T20:35:57.482545Z,77315.25,77315.26,0.01,77315.255,-0.5375676524914138068060134722
BTC-USD,2026-08-28T20:35:57.536119Z,77315.25,77315.26,0.01,77315.255,0.3245540360852822096387547077
BTC-USD,2026-08-28T20:35:57.58546Z,77315.25,77315.26,0.01,77315.255,0.1164894096827459111210406095
BTC-USD,2026-08-28T20:35:57.629746Z,77315.25,77315.26,0.01,77315.255,0.1164976176747938443813170067
BTC-USD,2026-08-28T20:35:57.669995Z,77315.25,77315.26,0.01,77315.255,-0.3165427963876649543921875623
BTC-USD,2026-08-28T20:35:57.744124Z,77315.25,77315.26,0.01,77315.255,-0.2882229567553575824876977260
BTC-USD,2026-08-28T20:35:57.784907Z,77315.25,77315.26,0.01,77315.255,-0.3134820105518865364048830866
BTC-USD,2026-08-28T20:35:57.825902Z,77315.25,77315.26,0.01,77315.255,-0.005166426536128471448396912189
BTC-USD,2026-08-28T20:35:57.903137Z,77315.25,77315.26,0.01,77315.255,-0.005166426536128471448396912189
BTC-USD,2026-08-28T20:35:57.923312Z,77315.25,77315.26,0.01,77315.255,-0.005164719099307013090954139208
BTC-USD,2026-08-28T20:35:57.994633Z,77315.25,77315.26,0.01,77315.255,-0.005161474953199241384301846541
BTC-USD,2026-08-28T20:35:58.035013Z,77315.25,77315.26,0.01,77315.255,-0.005161474953199241384301846541
BTC-USD,2026-08-28T20:35:58.080336Z,77315.25,77315.26,0.01,77315.255,0.02597529027914532043403614976
BTC-USD,2026-08-28T20:35:58.137235Z,77315.25,77315.26,0.01,77315.255,-0.005158589352828927479496992142
BTC-USD,2026-08-28T20:35:58.180205Z,77315.25,77315.26,0.01,77315.255,-0.005158589352828927479496992142
BTC-USD,2026-08-28T20:35:58.241501Z,77315.25,77315.26,0.01,77315.255,0.02295547323506265666283489527
BTC-USD,2026-08-28T20:35:58.28649Z,77315.25,77315.26,0.01,77315.255,0.02295547323506265666283489527
BTC-USD,2026-08-28T20:35:58.335027Z,77315.25,77315.26,0.01,77315.255,0.02303106092327534921621349193
BTC-USD,2026-08-28T20:35:58.383507Z,77315.25,77315.26,0.01,77315.255,0.02303474379601289407493581656
BTC-USD,2026-08-28T20:35:58.437872Z,77315.25,77315.26,0.01,77315.255,0.02303474379601289407493581656
BTC-USD,2026-08-28T20:35:58.498244Z,77315.25,77315.26,0.01,77315.255,0.02392587852917868585985748269
BTC-USD,2026-08-28T20:35:58.544817Z,77315.25,77315.26,0.01,77315.255,0.1745202136320600834838426914
BTC-USD,2026-08-28T20:35:58.590003Z,77315.25,77315.26,0.01,77315.255,0.1745231558001617600982602462
BTC-USD,2026-08-28T20:35:58.613189Z,77315.25,77315.26,0.01,77315.255,0.1745231558001617600982602462
BTC-USD,2026-08-28T20:35:58.685891Z,77315.25,77315.26,0.01,77315.255,0.1745231558001617600982602462
BTC-USD,2026-08-28T20:35:58.737088Z,77315.25,77315.26,0.01,77315.255,0.1745258636455086028949633543
BTC-USD,2026-08-28T20:35:58.787456Z,77315.25,77315.26,0.01,77315.255,0.1745292436511431051288126429
BTC-USD,2026-08-28T20:35:58.873833Z,77315.25,77315.26,0.01,77315.255,0.1745327462681804633389203828
BTC-USD,2026-08-28T20:35:58.950371Z,77315.25,77315.26,0.01,77315.255,0.1745327462681804633389203828
BTC-USD,2026-08-28T20:35:58.981968Z,77315.25,77315.26,0.01,77315.255,0.1745327462681804633389203828
BTC-USD,2026-08-28T20:35:59.018566Z,77315.25,77315.26,0.01,77315.255,0.1745327462681804633389203828
BTC-USD,2026-08-28T20:35:59.091554Z,77315.25,77315.26,0.01,77315.255,0.1745327462681804633389203828
BTC-USD,2026-08-28T20:35:59.111318Z,77315.25,77315.26,0.01,77315.255,0.1745327462681804633389203828
BTC-USD,2026-08-28T20:35:59.198327Z,77315.25,77315.26,0.01,77315.255,0.1745598236774879707926327321
BTC-USD,2026-08-28T20:35:59.236514Z,77315.25,77315.26,0.01,77315.255,0.1745598236774879707926327321
BTC-USD,2026-08-28T20:35:59.283141Z,77315.25,77315.26,0.01,77315.255,0.03201302473201307543884622161
BTC-USD,2026-08-28T20:35:59.335733Z,77315.25,77315.26,0.01,77315.255,0.03201302473201307543884622161
BTC-USD,2026-08-28T20:35:59.392617Z,77315.25,77315.26,0.01,77315.255,0.03201302473201307543884622161
BTC-USD,2026-08-28T20:35:59.427629Z,77315.25,77315.26,0.01,77315.255,0.03202799411036817542584167759
BTC-USD,2026-08-28T20:35:59.448641Z,77315.25,77315.26,0.01,77315.255,0.03202799411036817542584167759
BTC-USD,2026-08-28T20:35:59.513447Z,77315.25,77315.26,0.01,77315.255,0.03203352208301314078942652095
BTC-USD,2026-08-28T20:35:59.568972Z,77315.25,77315.26,0.01,77315.255,0.4146822164497574300084915615
BTC-USD,2026-08-28T20:35:59.645177Z,77315.25,77315.26,0.01,77315.255,-0.03210697546526332766181103324
BTC-USD,2026-08-28T20:35:59.704251Z,77315.25,77315.26,0.01,77315.255,-0.03210697546526332766181103324
BTC-USD,2026-08-28T20:35:59.729209Z,77315.25,77315.26,0.01,77315.255,-0.03210697546526332766181103324
BTC-USD,2026-08-28T20:35:59.793569Z,77315.25,77315.26,0.01,77315.255,-0.03209879402563795444446238324
BTC-USD,2026-08-28T20:35:59.831878Z,77315.25,77315.26,0.01,77315.255,-0.03209290330346393352177070380
BTC-USD,2026-08-28T20:35:59.883493Z,77315.25,77315.26,0.01,77315.255,-0.03198332243448404373783923990
BTC-USD,2026-08-28T20:35:59.929021Z,77315.25,77315.26,0.01,77315.255,-0.03198332243448404373783923990
BTC-USD,2026-08-28T20:35:59.972188Z,77315.25,77315.26,0.01,77315.255,-0.03198332243448404373783923990
BTC-USD,2026-08-28T20:35:59.981799Z,77315.25,77315.26,0.01,77315.255,-0.03198332243448404373783923990
BTC-USD,2026-08-28T20:36:00.059231Z,77315.25,77315.26,0.01,77315.255,-0.03198332243448404373783923990
BTC-USD,2026-08-28T20:36:00.239125Z,77315.25,77315.26,0.01,77315.255,-0.03198332243448404373783923990
BTC-USD,2026-08-28T20:36:00.272798Z,77315.25,77315.26,0.01,77315.255,0.4137944314729733122442318797
BTC-USD,2026-08-28T20:36:00.345447Z,77315.25,77315.26,0.01,77315.255,0.4137944314729733122442318797
BTC-USD,2026-08-28T20:36:00.400307Z,77315.25,77315.26,0.01,77315.255,0.4322315746512924482458505445
BTC-USD,2026-08-28T20:36:00.445901Z,77315.25,77315.26,0.01,77315.255,0.4322315746512924482458505445
BTC-USD,2026-08-28T20:36:00.478316Z,77315.25,77315.26,0.01,77315.255,0.07544374152290733853073946404
BTC-USD,2026-08-28T20:36:00.540924Z,77315.25,77315.26,0.01,77315.255,0.07545553761365178586302815211
BTC-USD,2026-08-28T20:36:00.587746Z,77316.25,77317.2,0.95,77316.725,-0.5488182649042175391807916185
BTC-USD,2026-08-28T20:36:00.629454Z,77321.17,77321.18,0.01,77321.175,-0.9056010285819900421535343337
BTC-USD,2026-08-28T20:36:00.678975Z,77321.17,77321.18,0.01,77321.175,-0.9899373034883954405003749326
BTC-USD,2026-08-28T20:36:00.732224Z,77321.17,77321.18,0.01,77321.175,-0.8163132697846140274667778635
BTC-USD,2026-08-28T20:36:00.780987Z,77321.17,77321.18,0.01,77321.175,-0.7162400153272629666578801341
BTC-USD,2026-08-28T20:36:00.82724Z,77321.17,77321.18,0.01,77321.175,-0.9809693576442381011331958148
BTC-USD,2026-08-28T20:36:00.869469Z,77321.17,77321.18,0.01,77321.175,-0.9995069182119783060815198118
BTC-USD,2026-08-28T20:36:00.918071Z,77321.17,77321.18,0.01,77321.175,-0.9014189816968583833726766316
BTC-USD,2026-08-28T20:36:00.992186Z,77321.17,77321.18,0.01,77321.175,-0.9014189816968583833726766316
BTC-USD,2026-08-28T20:36:01.03301Z,77320.39,77320.4,0.01,77320.395,-0.9027068572110033847424599293
BTC-USD,2026-08-28T20:36:01.086216Z,77320.39,77320.4,0.01,77320.395,-0.9381814526799481769537859779
BTC-USD,2026-08-28T20:36:01.12966Z,77317.51,77317.52,0.01,77317.515,-0.9369716210125701176065693827
BTC-USD,2026-08-28T20:36:01.180718Z,77317.51,77317.52,0.01,77317.515,-0.9430199653076658159712107368
BTC-USD,2026-08-28T20:36:01.222581Z,77317.51,77317.52,0.01,77317.515,-0.8764406557263119433826464850
BTC-USD,2026-08-28T20:36:01.285146Z,77315.25,77315.26,0.01,77315.255,-0.9999338441119192236606533721
BTC-USD,2026-08-28T20:36:01.333172Z,77315.25,77315.26,0.01,77315.255,-0.9998926307041523595670903809
BTC-USD,2026-08-28T20:36:01.387349Z,77315.25,77315.26,0.01,77315.255,-0.9999151244439805249026844526
BTC-USD,2026-08-28T20:36:01.425044Z,77315.25,77315.26,0.01,77315.255,-0.9999151244439805249026844526
BTC-USD,2026-08-28T20:36:01.490865Z,77315.25,77315.26,0.01,77315.255,-0.9999132738732976529870001719
BTC-USD,2026-08-28T20:36:01.53079Z,77315.25,77315.26,0.01,77315.255,-0.9998788725971604803965253365
BTC-USD,2026-08-28T20:36:01.593711Z,77315.25,77315.26,0.01,77315.255,-0.9998788725971604803965253365
BTC-USD,2026-08-28T20:36:01.666485Z,77315.25,77315.26,0.01,77315.255,-0.3503430001887753502120068369
BTC-USD,2026-08-28T20:36:01.734013Z,77315.25,77315.26,0.01,77315.255,-0.9999370857104093023483346863
BTC-USD,2026-08-28T20:36:01.789169Z,77315.25,77315.26,0.01,77315.255,-0.5128526975130782419869236200
BTC-USD,2026-08-28T20:36:01.836564Z,77315.16,77315.26,0.10,77315.21,-0.9999190576634309477063572442
BTC-USD,2026-08-28T20:36:01.878206Z,77315.16,77315.17,0.01,77315.165,-0.9999739762132889686126280449
BTC-USD,2026-08-28T20:36:01.993158Z,77315.16,77315.17,0.01,77315.165,-0.9999752675158235342200506002
BTC-USD,2026-08-28T20:36:02.061178Z,77315.16,77315.17,0.01,77315.165,-0.6998012529257564477483452273
BTC-USD,2026-08-28T20:36:02.136042Z,77315.16,77315.17,0.01,77315.165,-0.6997539312783593440397663195
BTC-USD,2026-08-28T20:36:02.191708Z,77315.15,77315.16,0.01,77315.155,-0.9999685313275926273935537111
BTC-USD,2026-08-28T20:36:02.2248Z,77315.15,77315.16,0.01,77315.155,-0.9999673251476194134783795774
BTC-USD,2026-08-28T20:36:02.28554Z,77315.15,77315.16,0.01,77315.155,-0.9696952261148510947555128605
BTC-USD,2026-08-28T20:36:02.32227Z,77315.15,77315.16,0.01,77315.155,-0.9696952261148510947555128605
BTC-USD,2026-08-28T20:36:02.381059Z,77315.15,77315.16,0.01,77315.155,-0.9696952261148510947555128605
BTC-USD,2026-08-28T20:36:02.42808Z,77315.15,77315.16,0.01,77315.155,-0.9696952261148510947555128605
BTC-USD,2026-08-28T20:36:02.498751Z,77315.15,77315.16,0.01,77315.155,-0.7323664921926750980565380345
BTC-USD,2026-08-28T20:36:02.525379Z,77315.15,77315.16,0.01,77315.155,-0.7323664921926750980565380345
BTC-USD,2026-08-28T20:36:02.614941Z,77315.15,77315.16,0.01,77315.155,-0.7461501418827803155739527729
BTC-USD,2026-08-28T20:36:02.685061Z,77315.15,77315.16,0.01,77315.155,-0.7453464345559148831493855576
BTC-USD,2026-08-28T20:36:02.749956Z,77315.15,77315.16,0.01,77315.155,-0.7453464345559148831493855576
BTC-USD,2026-08-28T20:36:02.799091Z,77315.15,77315.16,0.01,77315.155,-0.7453464345559148831493855576
BTC-USD,2026-08-28T20:36:02.851898Z,77315.15,77315.16,0.01,77315.155,-0.5659773487114152848412046687
BTC-USD,2026-08-28T20:36:02.883462Z,77315.15,77315.16,0.01,77315.155,-0.5659755377313137730846447772
BTC-USD,2026-08-28T20:36:02.944791Z,77315.15,77315.16,0.01,77315.155,-0.5659755377313137730846447772
BTC-USD,2026-08-28T20:36:02.984262Z,77315.15,77315.16,0.01,77315.155,-0.5659755377313137730846447772
BTC-USD,2026-08-28T20:36:03.026278Z,77315.15,77315.16,0.01,77315.155,-0.3589575552360243226100831797
BTC-USD,2026-08-28T20:36:03.090955Z,77315.15,77315.16,0.01,77315.155,-0.3169712812134091736463124360
BTC-USD,2026-08-28T20:36:03.147403Z,77315.15,77315.16,0.01,77315.155,-0.3169663860454639614535469379
BTC-USD,2026-08-28T20:36:03.194816Z,77315.15,77315.16,0.01,77315.155,-0.3169663860454639614535469379
BTC-USD,2026-08-28T20:36:03.206326Z,77315.15,77315.16,0.01,77315.155,-0.3169663860454639614535469379
BTC-USD,2026-08-28T20:36:03.277088Z,77315.15,77315.16,0.01,77315.155,-0.3169663860454639614535469379
BTC-USD,2026-08-28T20:36:03.320748Z,77315.15,77315.16,0.01,77315.155,-0.3169663860454639614535469379
BTC-USD,2026-08-28T20:36:03.379083Z,77315.15,77315.16,0.01,77315.155,-0.3168454413435178427006761758
BTC-USD,2026-08-28T20:36:03.44562Z,77315.15,77315.16,0.01,77315.155,-0.3168454413435178427006761758
BTC-USD,2026-08-28T20:36:03.493131Z,77315.15,77315.16,0.01,77315.155,-0.3168454413435178427006761758
BTC-USD,2026-08-28T20:36:03.530964Z,77315.15,77315.16,0.01,77315.155,-0.3168454413435178427006761758
BTC-USD,2026-08-28T20:36:03.569542Z,77315.15,77315.16,0.01,77315.155,0.1901666047346570554845614527
BTC-USD,2026-08-28T20:36:03.632933Z,77315.15,77315.16,0.01,77315.155,0.1904167388579174267980717292
BTC-USD,2026-08-28T20:36:03.681308Z,77315.15,77315.16,0.01,77315.155,0.6606893618736685421986089648
BTC-USD,2026-08-28T20:36:03.741993Z,77315.15,77315.16,0.01,77315.155,-0.7667958163576646265951145970
BTC-USD,2026-08-28T20:36:03.785328Z,77315.15,77315.16,0.01,77315.155,-0.7667958163576646265951145970
BTC-USD,2026-08-28T20:36:03.830621Z,77315.15,77315.16,0.01,77315.155,-0.3696699922933675479290447167
BTC-USD,2026-08-28T20:36:03.856279Z,77315.15,77315.16,0.01,77315.155,0.2405239631403069712268722786
BTC-USD,2026-08-28T20:36:03.915439Z,77315.15,77315.16,0.01,77315.155,0.2405239631403069712268722786
BTC-USD,2026-08-28T20:36:03.995829Z,77315.15,77315.16,0.01,77315.155,0.2405239631403069712268722786
BTC-USD,2026-08-28T20:36:04.038027Z,77315.15,77315.16,0.01,77315.155,0.2405239631403069712268722786
BTC-USD,2026-08-28T20:36:04.085043Z,77315.15,77315.16,0.01,77315.155,0.4941695911526238670427068729
BTC-USD,2026-08-28T20:36:04.144658Z,77315.15,77315.16,0.01,77315.155,0.5060373435843610193174018213
BTC-USD,2026-08-28T20:36:04.200434Z,77315.15,77315.16,0.01,77315.155,0.3044112444862118204381934355
BTC-USD,2026-08-28T20:36:04.243806Z,77315.15,77315.16,0.01,77315.155,0.2092859999327498359455510527
BTC-USD,2026-08-28T20:36:04.279125Z,77315.15,77315.16,0.01,77315.155,0.2093013444070522208379603655
BTC-USD,2026-08-28T20:36:04.345574Z,77315.15,77315.16,0.01,77315.155,0.2093013444070522208379603655
BTC-USD,2026-08-28T20:36:04.389466Z,77315.15,77315.16,0.01,77315.155,0.2093141317664385535971955606
BTC-USD,2026-08-28T20:36:04.444526Z,77315.15,77315.16,0.01,77315.155,0.2092313507083744359146600429
BTC-USD,2026-08-28T20:36:04.482242Z,77315.15,77315.16,0.01,77315.155,0.2092313507083744359146600429
BTC-USD,2026-08-28T20:36:04.535054Z,77315.15,77315.16,0.01,77315.155,0.2092313507083744359146600429
BTC-USD,2026-08-28T20:36:04.585328Z,77315.15,77315.16,0.01,77315.155,0.2092313507083744359146600429
BTC-USD,2026-08-28T20:36:04.654917Z,77315.15,77315.16,0.01,77315.155,0.2092313507083744359146600429
BTC-USD,2026-08-28T20:36:04.67577Z,77315.15,77315.16,0.01,77315.155,0.2092313507083744359146600429
BTC-USD,2026-08-28T20:36:04.719792Z,77315.15,77315.16,0.01,77315.155,0.2092441388015714183586233211
BTC-USD,2026-08-28T20:36:04.784807Z,77315.15,77315.16,0.01,77315.155,0.2092441388015714183586233211
BTC-USD,2026-08-28T20:36:04.836149Z,77315.15,77315.16,0.01,77315.155,0.2092441388015714183586233211
BTC-USD,2026-08-28T20:36:04.898868Z,77315.15,77315.16,0.01,77315.155,0.2092441388015714183586233211
BTC-USD,2026-08-28T20:36:05.024169Z,77315.15,77315.16,0.01,77315.155,0.2092505329495997510963036067
BTC-USD,2026-08-28T20:36:05.119604Z,77315.15,77315.16,0.01,77315.155,0.2092505329495997510963036067
BTC-USD,2026-08-28T20:36:05.199988Z,77315.15,77315.16,0.01,77315.155,0.2092505329495997510963036067
BTC-USD,2026-08-28T20:36:05.25106Z,77315.15,77315.16,0.01,77315.155,0.2092505329495997510963036067
BTC-USD,2026-08-28T20:36:05.281868Z,77315.15,77315.16,0.01,77315.155,0.2092505329495997510963036067
BTC-USD,2026-08-28T20:36:05.317412Z,77315.15,77315.16,0.01,77315.155,0.2092505329495997510963036067
BTC-USD,2026-08-28T20:36:05.390765Z,77315.15,77315.16,0.01,77315.155,0.2092505329495997510963036067
BTC-USD,2026-08-28T20:36:05.427993Z,77315.15,77315.16,0.01,77315.155,0.2519886228948638241276572775
BTC-USD,2026-08-28T20:36:05.446608Z,77315.15,77315.16,0.01,77315.155,0.2519886228948638241276572775
BTC-USD,2026-08-28T20:36:05.46435Z,77315.15,77315.16,0.01,77315.155,0.2519886228948638241276572775
BTC-USD,2026-08-28T20:36:05.586919Z,77315.15,77315.16,0.01,77315.155,0.2520585191537161020184898454
BTC-USD,2026-08-28T20:36:05.639778Z,77315.15,77315.16,0.01,77315.155,0.2520585191537161020184898454
BTC-USD,2026-08-28T20:36:05.66633Z,77315.15,77315.16,0.01,77315.155,0.2520722270744509492592512508
BTC-USD,2026-08-28T20:36:05.749393Z,77315.15,77315.16,0.01,77315.155,0.2520722270744509492592512508
BTC-USD,2026-08-28T20:36:05.801499Z,77315.15,77315.16,0.01,77315.155,0.2520722270744509492592512508
BTC-USD,2026-08-28T20:36:05.834901Z,77315.15,77315.16,0.01,77315.155,0.2520722270744509492592512508
BTC-USD,2026-08-28T20:36:05.895425Z,77315.15,77315.16,0.01,77315.155,0.2520722270744509492592512508
BTC-USD,2026-08-28T20:36:05.935687Z,77315.15,77315.16,0.01,77315.155,0.2520859352953461249275693152
BTC-USD,2026-08-28T20:36:05.987593Z,77315.15,77315.16,0.01,77315.155,0.2520859352953461249275693152
BTC-USD,2026-08-28T20:36:06.047492Z,77315.15,77315.16,0.01,77315.155,0.2520859352953461249275693152
BTC-USD,2026-08-28T20:36:06.084205Z,77315.15,77315.16,0.01,77315.155,0.2520859352953461249275693152
BTC-USD,2026-08-28T20:36:06.140097Z,77315.15,77315.16,0.01,77315.155,0.2520859352953461249275693152
BTC-USD,2026-08-28T20:36:06.181202Z,77315.15,77315.16,0.01,77315.155,0.2520859352953461249275693152
BTC-USD,2026-08-28T20:36:06.246072Z,77315.15,77315.16,0.01,77315.155,0.2520859352953461249275693152
BTC-USD,2026-08-28T20:36:06.285872Z,77315.15,77315.16,0.01,77315.155,0.2520859352953461249275693152
BTC-USD,2026-08-28T20:36:06.344532Z,77315.15,77315.16,0.01,77315.155,-0.02435250267240077565739352840
BTC-USD,2026-08-28T20:36:06.378917Z,77315.15,77315.16,0.01,77315.155,-0.02435250267240077565739352840
BTC-USD,2026-08-28T20:36:06.445462Z,77315.15,77315.16,0.01,77315.155,-0.02435250267240077565739352840
BTC-USD,2026-08-28T20:36:06.496348Z,77315.15,77315.16,0.01,77315.155,0.07743922720511643763465719882
BTC-USD,2026-08-28T20:36:06.535018Z,77315.15,77315.16,0.01,77315.155,0.07757955709057704890376587552
BTC-USD,2026-08-28T20:36:06.596102Z,77315.15,77315.16,0.01,77315.155,0.07757955709057704890376587552
BTC-USD,2026-08-28T20:36:06.645171Z,77315.15,77315.16,0.01,77315.155,0.02342831701970899453527512086
BTC-USD,2026-08-28T20:36:06.690341Z,77315.15,77315.16,0.01,77315.155,0.1296037446588367858742273891
BTC-USD,2026-08-28T20:36:06.747313Z,77315.15,77315.16,0.01,77315.155,0.1295098780344993055004077759
BTC-USD,2026-08-28T20:36:06.804984Z,77315.15,77315.16,0.01,77315.155,0.1294600272580322071990620054
BTC-USD,2026-08-28T20:36:06.843727Z,77315.15,77315.16,0.01,77315.155,0.1294600272580322071990620054
BTC-USD,2026-08-28T20:36:06.897673Z,77315.15,77315.16,0.01,77315.155,0.1294700539629043089940482778
BTC-USD,2026-08-28T20:36:06.950456Z,77315.15,77315.16,0.01,77315.155,0.1294791512457124041900642312
BTC-USD,2026-08-28T20:36:06.964085Z,77315.15,77315.16,0.01,77315.155,0.1294791512457124041900642312
BTC-USD,2026-08-28T20:36:07.020672Z,77315.15,77315.16,0.01,77315.155,0.1294791512457124041900642312
BTC-USD,2026-08-28T20:36:07.076156Z,77315.15,77315.16,0.01,77315.155,0.1294791512457124041900642312
BTC-USD,2026-08-28T20:36:07.135982Z,77315.15,77315.16,0.01,77315.155,0.1294791512457124041900642312
BTC-USD,2026-08-28T20:36:07.179151Z,77315.15,77315.16,0.01,77315.155,0.1294791512457124041900642312
BTC-USD,2026-08-28T20:36:07.231675Z,77315.15,77315.16,0.01,77315.155,0.1294791512457124041900642312
BTC-USD,2026-08-28T20:36:07.252249Z,77315.15,77315.16,0.01,77315.155,0.02825183959602029932540878138
BTC-USD,2026-08-28T20:36:07.32952Z,77315.15,77315.16,0.01,77315.155,0.02825183959602029932540878138
BTC-USD,2026-08-28T20:36:07.370468Z,77315.15,77315.16,0.01,77315.155,-0.1419872820693803793832018221
BTC-USD,2026-08-28T20:36:07.421152Z,77315.15,77315.16,0.01,77315.155,-0.4650662497894048472987147473
BTC-USD,2026-08-28T20:36:07.445798Z,77308.12,77312.16,4.04,77310.14,0.03649738285135701618517658836
BTC-USD,2026-08-28T20:36:07.494377Z,77309.21,77309.22,0.01,77309.215,0.7668234266218938515096188600
BTC-USD,2026-08-28T20:36:07.513711Z,77309.21,77309.22,0.01,77309.215,0.5099579844501313768208615224
BTC-USD,2026-08-28T20:36:07.625126Z,77309.21,77309.22,0.01,77309.215,0.6643172878160610673151454249
BTC-USD,2026-08-28T20:36:07.686497Z,77309.21,77309.22,0.01,77309.215,0.3857856504901578118934190598
BTC-USD,2026-08-28T20:36:07.744065Z,77309.21,77309.22,0.01,77309.215,0.6958207638378261864373752726
BTC-USD,2026-08-28T20:36:07.785916Z,77309.21,77309.22,0.01,77309.215,0.6391615313338572852320082866
BTC-USD,2026-08-28T20:36:07.830424Z,77309.21,77309.22,0.01,77309.215,0.6888208965778864958822875592
BTC-USD,2026-08-28T20:36:07.887572Z,77309.21,77309.22,0.01,77309.215,0.3235991824070972037911929457
BTC-USD,2026-08-28T20:36:07.914215Z,77309.21,77309.22,0.01,77309.215,0.3235991824070972037911929457
BTC-USD,2026-08-28T20:36:08.043404Z,77309.21,77309.22,0.01,77309.215,0.3355870980227995432067122664
BTC-USD,2026-08-28T20:36:08.074839Z,77309.21,77309.22,0.01,77309.215,0.6958234818829038748874069864
BTC-USD,2026-08-28T20:36:08.140293Z,77309.21,77309.22,0.01,77309.215,0.6899548676447249687004135711
BTC-USD,2026-08-28T20:36:08.196705Z,77309.21,77309.22,0.01,77309.215,0.6958234818829038748874069864
BTC-USD,2026-08-28T20:36:08.25118Z,77309.21,77309.22,0.01,77309.215,0.3355870980227995432067122664
BTC-USD,2026-08-28T20:36:08.299216Z,77309.21,77309.22,0.01,77309.215,0.3355870980227995432067122664
BTC-USD,2026-08-28T20:36:08.352331Z,77309.21,77309.22,0.01,77309.215,0.3255839005203246027253222086
BTC-USD,2026-08-28T20:36:08.402666Z,77309.21,77309.22,0.01,77309.215,0.3356380820761040380689274489
BTC-USD,2026-08-28T20:36:08.427691Z,77309.21,77309.22,0.01,77309.215,0.3356404199189311874989257187
BTC-USD,2026-08-28T20:36:08.479263Z,77309.21,77309.22,0.01,77309.215,0.3356404199189311874989257187
BTC-USD,2026-08-28T20:36:08.55329Z,77309.21,77309.22,0.01,77309.215,0.3356404199189311874989257187
BTC-USD,2026-08-28T20:36:08.589638Z,77309.21,77309.22,0.01,77309.215,0.3356404199189311874989257187
BTC-USD,2026-08-28T20:36:08.640729Z,77309.21,77309.22,0.01,77309.215,0.6958355271774178509818568684
BTC-USD,2026-08-28T20:36:08.691798Z,77309.21,77309.22,0.01,77309.215,0.6391775938113788217844065941
BTC-USD,2026-08-28T20:36:08.74482Z,77309.21,77309.22,0.01,77309.215,0.6391801332092907044930172729
BTC-USD,2026-08-28T20:36:08.800766Z,77309.21,77309.22,0.01,77309.215,0.2418861448892915954008455567
BTC-USD,2026-08-28T20:36:08.833985Z,77309.21,77309.22,0.01,77309.215,0.2418861448892915954008455567
BTC-USD,2026-08-28T20:36:08.890431Z,77309.21,77309.22,0.01,77309.215,0.2418861448892915954008455567
BTC-USD,2026-08-28T20:36:08.922129Z,77309.21,77309.22,0.01,77309.215,0.2418861448892915954008455567
BTC-USD,2026-08-28T20:36:08.990674Z,77309.21,77309.22,0.01,77309.215,0.6391801332092907044930172729
BTC-USD,2026-08-28T20:36:09.022589Z,77309.21,77309.22,0.01,77309.215,0.6391801332092907044930172729
BTC-USD,2026-08-28T20:36:09.071182Z,77309.21,77309.22,0.01,77309.215,0.6391814029111971559571941057
BTC-USD,2026-08-28T20:36:09.140943Z,77309.21,77309.22,0.01,77309.215,0.6391814029111971559571941057
BTC-USD,2026-08-28T20:36:09.176377Z,77309.21,77309.22,0.01,77309.215,0.6391814029111971559571941057
BTC-USD,2026-08-28T20:36:09.222505Z,77309.21,77309.22,0.01,77309.215,0.6391814029111971559571941057
BTC-USD,2026-08-28T20:36:09.284958Z,77309.21,77309.22,0.01,77309.215,0.6391814029111971559571941057
BTC-USD,2026-08-28T20:36:09.343457Z,77309.21,77309.22,0.01,77309.215,0.6394942031093820178447761519
BTC-USD,2026-08-28T20:36:09.399091Z,77309.21,77309.22,0.01,77309.215,0.2423861990455151717239079693
BTC-USD,2026-08-28T20:36:09.434133Z,77309.21,77309.22,0.01,77309.215,0.2423861990455151717239079693
BTC-USD,2026-08-28T20:36:09.475912Z,77309.21,77309.22,0.01,77309.215,0.2423861990455151717239079693
BTC-USD,2026-08-28T20:36:09.541392Z,77309.21,77309.22,0.01,77309.215,0.2336823633577404564009949744
BTC-USD,2026-08-28T20:36:09.590747Z,77309.21,77309.22,0.01,77309.215,0.6394942031093820178447761519
BTC-USD,2026-08-28T20:36:09.638953Z,77309.21,77309.22,0.01,77309.215,0.6394954732978896674955473324
BTC-USD,2026-08-28T20:36:09.686046Z,77309.21,77309.22,0.01,77309.215,0.6394954732978896674955473324
BTC-USD,2026-08-28T20:36:09.745566Z,77309.21,77309.22,0.01,77309.215,0.6394954732978896674955473324
BTC-USD,2026-08-28T20:36:09.796501Z,77309.21,77309.22,0.01,77309.215,0.6394954732978896674955473324
BTC-USD,2026-08-28T20:36:09.851655Z,77309.21,77309.22,0.01,77309.215,0.6394954732978896674955473324
BTC-USD,2026-08-28T20:36:09.900125Z,77309.21,77309.22,0.01,77309.215,0.2423882218360251529565078928
BTC-USD,2026-08-28T20:36:09.941126Z,77309.21,77309.22,0.01,77309.215,0.2336883470195122933098387463
BTC-USD,2026-08-28T20:36:09.975209Z,77309.21,77309.22,0.01,77309.215,0.2320136542157562290045459696
BTC-USD,2026-08-28T20:36:10.022994Z,77309.21,77309.22,0.01,77309.215,0.2320136542157562290045459696
BTC-USD,2026-08-28T20:36:10.079382Z,77309.21,77309.22,0.01,77309.215,0.2320136542157562290045459696
BTC-USD,2026-08-28T20:36:10.143308Z,77309.21,77309.22,0.01,77309.215,0.2320136542157562290045459696
BTC-USD,2026-08-28T20:36:10.175195Z,77309.21,77309.22,0.01,77309.215,0.2320136542157562290045459696
BTC-USD,2026-08-28T20:36:10.22229Z,77309.21,77309.22,0.01,77309.215,0.6329522465011845824677164865
BTC-USD,2026-08-28T20:36:10.294571Z,77309.21,77309.22,0.01,77309.215,0.2320136542157562290045459696
BTC-USD,2026-08-28T20:36:10.309776Z,77309.21,77309.22,0.01,77309.215,0.2326507508891502587610195751
BTC-USD,2026-08-28T20:36:10.38264Z,77309.21,77309.22,0.01,77309.215,0.2326507508891502587610195751
BTC-USD,2026-08-28T20:36:10.429327Z,77309.21,77309.22,0.01,77309.215,0.2326507508891502587610195751
BTC-USD,2026-08-28T20:36:10.492341Z,77309.21,77309.22,0.01,77309.215,0.6333557201187838261548236512
BTC-USD,2026-08-28T20:36:10.511858Z,77309.21,77309.22,0.01,77309.215,0.6333557201187838261548236512
BTC-USD,2026-08-28T20:36:10.599127Z,77309.21,77309.22,0.01,77309.215,0.6333582415103356507871577481
BTC-USD,2026-08-28T20:36:10.644661Z,77309.21,77309.22,0.01,77309.215,0.6333582415103356507871577481
BTC-USD,2026-08-28T20:36:10.672955Z,77309.21,77309.22,0.01,77309.215,0.5842005911413016724673355593
BTC-USD,2026-08-28T20:36:10.724466Z,77309.21,77309.22,0.01,77309.215,0.5750729787382902804675998220
BTC-USD,2026-08-28T20:36:10.78778Z,77309.21,77309.22,0.01,77309.215,0.7482407216911776994985525548
BTC-USD,2026-08-28T20:36:10.842473Z,77309.21,77309.22,0.01,77309.215,0.7482407216911776994985525548
BTC-USD,2026-08-28T20:36:10.863393Z,77309.21,77309.22,0.01,77309.215,0.7482407216911776994985525548
BTC-USD,2026-08-28T20:36:10.943588Z,77309.21,77309.22,0.01,77309.215,0.5531681929535853149610680961
BTC-USD,2026-08-28T20:36:10.984445Z,77309.21,77309.22,0.01,77309.215,0.5534408692813695699651492647
BTC-USD,2026-08-28T20:36:11.033701Z,77309.21,77309.22,0.01,77309.215,0.5534408692813695699651492647
BTC-USD,2026-08-28T20:36:11.056029Z,77309.21,77309.22,0.01,77309.215,0.5033145521135315333638885135
BTC-USD,2026-08-28T20:36:11.126758Z,77309.21,77309.22,0.01,77309.215,0.5033145521135315333638885135
BTC-USD,2026-08-28T20:36:11.190417Z,77309.21,77309.22,0.01,77309.215,0.5554837000244670888589513354
BTC-USD,2026-08-28T20:36:11.231262Z,77309.21,77309.22,0.01,77309.215,0.5554837000244670888589513354
BTC-USD,2026-08-28T20:36:11.283949Z,77309.21,77309.22,0.01,77309.215,0.5554837000244670888589513354
BTC-USD,2026-08-28T20:36:11.326591Z,77309.21,77309.22,0.01,77309.215,0.5554837000244670888589513354
BTC-USD,2026-08-28T20:36:11.374774Z,77309.21,77309.22,0.01,77309.215,0.5554837000244670888589513354
BTC-USD,2026-08-28T20:36:11.435721Z,77309.21,77309.22,0.01,77309.215,0.6095818570059879853253962277
BTC-USD,2026-08-28T20:36:11.476577Z,77309.21,77309.22,0.01,77309.215,0.6095818570059879853253962277
BTC-USD,2026-08-28T20:36:11.526972Z,77309.21,77309.22,0.01,77309.215,0.2555833199716365603513263487
BTC-USD,2026-08-28T20:36:11.58913Z,77309.21,77309.22,0.01,77309.215,0.2555833199716365603513263487
BTC-USD,2026-08-28T20:36:11.634303Z,77309.21,77309.22,0.01,77309.215,0.2707590321699136676708970938
BTC-USD,2026-08-28T20:36:11.669766Z,77309.21,77309.22,0.01,77309.215,0.2707590321699136676708970938
BTC-USD,2026-08-28T20:36:11.735028Z,77309.21,77309.22,0.01,77309.215,0.2707590321699136676708970938
BTC-USD,2026-08-28T20:36:11.787674Z,77309.21,77309.22,0.01,77309.215,0.2707590321699136676708970938
BTC-USD,2026-08-28T20:36:11.828814Z,77309.21,77309.22,0.01,77309.215,0.2707609460689012594487877556
BTC-USD,2026-08-28T20:36:11.895714Z,77309.21,77309.22,0.01,77309.215,0.2707632744828948969645415365
BTC-USD,2026-08-28T20:36:11.94576Z,77309.21,77309.22,0.01,77309.215,0.2707632744828948969645415365
BTC-USD,2026-08-28T20:36:11.993799Z,77309.21,77309.22,0.01,77309.215,0.2707632744828948969645415365
BTC-USD,2026-08-28T20:36:12.039366Z,77309.21,77309.22,0.01,77309.215,0.2707632744828948969645415365
BTC-USD,2026-08-28T20:36:12.089407Z,77309.21,77309.22,0.01,77309.215,0.2707632744828948969645415365
BTC-USD,2026-08-28T20:36:12.1419Z,77309.21,77309.22,0.01,77309.215,0.2707632744828948969645415365
BTC-USD,2026-08-28T20:36:12.187449Z,77309.21,77309.22,0.01,77309.215,0.2707632744828948969645415365
BTC-USD,2026-08-28T20:36:12.230761Z,77309.21,77309.22,0.01,77309.215,0.2707632744828948969645415365
BTC-USD,2026-08-28T20:36:12.278098Z,77309.21,77309.22,0.01,77309.215,0.1932478716208375832750634696
BTC-USD,2026-08-28T20:36:12.330037Z,77309.21,77309.22,0.01,77309.215,0.05984148784980583500966243257
BTC-USD,2026-08-28T20:36:12.399907Z,77309.21,77309.22,0.01,77309.215,0.5601251664356637762787603456
BTC-USD,2026-08-28T20:36:12.451067Z,77309.21,77309.22,0.01,77309.215,0.08035682143901399122837633845
BTC-USD,2026-08-28T20:36:12.495318Z,77309.21,77309.22,0.01,77309.215,0.08035682143901399122837633845
BTC-USD,2026-08-28T20:36:12.546958Z,77309.21,77309.22,0.01,77309.215,0.08035682143901399122837633845
BTC-USD,2026-08-28T20:36:12.5988Z,77309.21,77309.22,0.01,77309.215,0.08035682143901399122837633845
BTC-USD,2026-08-28T20:36:12.650828Z,77309.21,77309.22,0.01,77309.215,0.08035682143901399122837633845
BTC-USD,2026-08-28T20:36:12.701273Z,77309.21,77309.22,0.01,77309.215,0.08123315834756895011671436361
BTC-USD,2026-08-28T20:36:12.747802Z,77309.21,77309.22,0.01,77309.215,0.08123315834756895011671436361
BTC-USD,2026-08-28T20:36:12.776041Z,77309.21,77309.22,0.01,77309.215,0.08123315834756895011671436361
BTC-USD,2026-08-28T20:36:12.840825Z,77309.21,77309.22,0.01,77309.215,0.08123315834756895011671436361
BTC-USD,2026-08-28T20:36:12.887002Z,77309.21,77309.22,0.01,77309.215,0.08123315834756895011671436361
BTC-USD,2026-08-28T20:36:12.9301Z,77309.21,77309.22,0.01,77309.215,0.08123315834756895011671436361
BTC-USD,2026-08-28T20:36:12.955999Z,77309.21,77309.22,0.01,77309.215,0.08123315834756895011671436361
BTC-USD,2026-08-28T20:36:13.024098Z,77309.21,77309.22,0.01,77309.215,0.08123315834756895011671436361
BTC-USD,2026-08-28T20:36:13.082922Z,77309.21,77309.22,0.01,77309.215,0.08123315834756895011671436361
BTC-USD,2026-08-28T20:36:13.147951Z,77309.21,77309.22,0.01,77309.215,0.08123315834756895011671436361
BTC-USD,2026-08-28T20:36:13.187429Z,77309.21,77309.22,0.01,77309.215,0.08123315834756895011671436361
BTC-USD,2026-08-28T20:36:13.225643Z,77309.21,77309.22,0.01,77309.215,0.5571961336088577560170604842
BTC-USD,2026-08-28T20:36:13.268035Z,77309.21,77309.22,0.01,77309.215,0.3634535483739057486744203712
BTC-USD,2026-08-28T20:36:13.335187Z,77309.21,77309.22,0.01,77309.215,0.06563564983790353654465133685
BTC-USD,2026-08-28T20:36:13.378742Z,77309.21,77309.22,0.01,77309.215,0.08123315834756895011671436361
BTC-USD,2026-08-28T20:36:13.41807Z,77309.21,77309.22,0.01,77309.215,0.1621055526639179201503963711
BTC-USD,2026-08-28T20:36:13.49768Z,77309.21,77309.22,0.01,77309.215,0.1621055526639179201503963711
BTC-USD,2026-08-28T20:36:13.615887Z,77309.21,77309.22,0.01,77309.215,0.1621055526639179201503963711
BTC-USD,2026-08-28T20:36:13.638531Z,77309.21,77309.22,0.01,77309.215,0.1621055526639179201503963711
BTC-USD,2026-08-28T20:36:13.663585Z,77309.21,77309.22,0.01,77309.215,0.1621055526639179201503963711
BTC-USD,2026-08-28T20:36:13.749183Z,77309.21,77309.22,0.01,77309.215,0.1621055526639179201503963711
BTC-USD,2026-08-28T20:36:13.789986Z,77309.21,77309.22,0.01,77309.215,0.1621055526639179201503963711
BTC-USD,2026-08-28T20:36:13.840951Z,77309.21,77309.22,0.01,77309.215,0.1621055526639179201503963711
BTC-USD,2026-08-28T20:36:13.893809Z,77309.21,77309.22,0.01,77309.215,0.08123315834756895011671436361
BTC-USD,2026-08-28T20:36:13.911918Z,77309.21,77309.22,0.01,77309.215,0.08123315834756895011671436361
BTC-USD,2026-08-28T20:36:14.043579Z,77309.21,77309.22,0.01,77309.215,0.08123315834756895011671436361
BTC-USD,2026-08-28T20:36:14.08484Z,77309.21,77309.22,0.01,77309.215,0.08123315834756895011671436361
BTC-USD,2026-08-28T20:36:14.138277Z,77309.21,77309.22,0.01,77309.215,0.08123303975781673653115360221
BTC-USD,2026-08-28T20:36:14.153763Z,77309.21,77309.22,0.01,77309.215,0.08123303975781673653115360221
BTC-USD,2026-08-28T20:36:14.232393Z,77309.21,77309.22,0.01,77309.215,0.08126565078633680806805749632
BTC-USD,2026-08-28T20:36:14.285359Z,77309.21,77309.22,0.01,77309.215,0.08126565078633680806805749632
BTC-USD,2026-08-28T20:36:14.335036Z,77309.21,77309.22,0.01,77309.215,0.6021090550506798605129966362
BTC-USD,2026-08-28T20:36:14.385858Z,77309.21,77309.22,0.01,77309.215,0.5008683564070814410519566433
BTC-USD,2026-08-28T20:36:14.434745Z,77309.21,77309.22,0.01,77309.215,0.5008683564070814410519566433
BTC-USD,2026-08-28T20:36:14.475664Z,77309.21,77309.22,0.01,77309.215,0.5494193714174090343573905161
BTC-USD,2026-08-28T20:36:14.534888Z,77309.21,77309.22,0.01,77309.215,0.5358168307689229301256700217
BTC-USD,2026-08-28T20:36:14.592633Z,77309.21,77309.22,0.01,77309.215,0.5358099552284582881524158264
BTC-USD,2026-08-28T20:36:14.650803Z,77309.21,77309.22,0.01,77309.215,-0.01420179419916928238947098277
BTC-USD,2026-08-28T20:36:14.695762Z,77309.21,77309.22,0.01,77309.215,-0.01420179419916928238947098277
BTC-USD,2026-08-28T20:36:14.733938Z,77309.21,77309.22,0.01,77309.215,-0.01420179419916928238947098277
BTC-USD,2026-08-28T20:36:14.797596Z,77309.21,77309.22,0.01,77309.215,-0.01420179419916928238947098277
BTC-USD,2026-08-28T20:36:14.840837Z,77309.21,77309.22,0.01,77309.215,-0.01420179419916928238947098277
BTC-USD,2026-08-28T20:36:14.892261Z,77309.21,77309.22,0.01,77309.215,-0.01420179419916928238947098277
BTC-USD,2026-08-28T20:36:14.94614Z,77309.21,77309.22,0.01,77309.215,-0.04490998370482585890972041890
BTC-USD,2026-08-28T20:36:14.992991Z,77309.21,77309.22,0.01,77309.215,-0.04490998370482585890972041890
BTC-USD,2026-08-28T20:36:15.045567Z,77309.21,77309.22,0.01,77309.215,-0.04490998370482585890972041890
BTC-USD,2026-08-28T20:36:15.090991Z,77309.21,77309.22,0.01,77309.215,-0.04490998370482585890972041890
BTC-USD,2026-08-28T20:36:15.141285Z,77309.21,77309.22,0.01,77309.215,-0.04490998370482585890972041890
BTC-USD,2026-08-28T20:36:15.190525Z,77309.21,77309.22,0.01,77309.215,-0.04491026876026424384539419243
BTC-USD,2026-08-28T20:36:15.239003Z,77309.21,77309.22,0.01,77309.215,-0.04448426427540257535234341343
BTC-USD,2026-08-28T20:36:15.287467Z,77309.21,77309.22,0.01,77309.215,-0.04448426427540257535234341343
BTC-USD,2026-08-28T20:36:15.30617Z,77309.21,77309.22,0.01,77309.215,-0.04448426427540257535234341343
BTC-USD,2026-08-28T20:36:15.445307Z,77309.21,77309.22,0.01,77309.215,-0.04448426427540257535234341343
BTC-USD,2026-08-28T20:36:15.499329Z,77309.21,77309.22,0.01,77309.215,-0.04448426427540257535234341343
BTC-USD,2026-08-28T20:36:15.537398Z,77309.21,77309.22,0.01,77309.215,-0.04448426427540257535234341343
BTC-USD,2026-08-28T20:36:15.603062Z,77309.21,77309.22,0.01,77309.215,-0.01377528899506390469102196718
BTC-USD,2026-08-28T20:36:15.648339Z,77309.21,77309.22,0.01,77309.215,-0.01377528899506390469102196718
BTC-USD,2026-08-28T20:36:15.741225Z,77309.21,77309.22,0.01,77309.215,-0.01377528899506390469102196718
BTC-USD,2026-08-28T20:36:15.802445Z,77309.21,77309.22,0.01,77309.215,-0.01377528899506390469102196718
BTC-USD,2026-08-28T20:36:15.835433Z,77309.21,77309.22,0.01,77309.215,-0.01377528899506390469102196718
BTC-USD,2026-08-28T20:36:15.885835Z,77309.21,77309.22,0.01,77309.215,-0.04448448599375585738056447647
BTC-USD,2026-08-28T20:36:15.900249Z,77309.21,77309.22,0.01,77309.215,0.02237859338505139358939016609
BTC-USD,2026-08-28T20:36:15.950414Z,77309.21,77309.22,0.01,77309.215,0.02237859338505139358939016609
BTC-USD,2026-08-28T20:36:15.970829Z,77309.21,77309.22,0.01,77309.215,0.02237859338505139358939016609
BTC-USD,2026-08-28T20:36:16.06489Z,77309.21,77309.22,0.01,77309.215,0.03044281589220247512150479936
BTC-USD,2026-08-28T20:36:16.149211Z,77309.21,77309.22,0.01,77309.215,0.1086587454850380032427191428
BTC-USD,2026-08-28T20:36:16.187514Z,77309.21,77309.22,0.01,77309.215,0.1086595061114334602747721355
BTC-USD,2026-08-28T20:36:16.238096Z,77309.21,77309.22,0.01,77309.215,0.1086595061114334602747721355
BTC-USD,2026-08-28T20:36:16.259418Z,77309.21,77309.22,0.01,77309.215,0.1086593022683468474901342838
BTC-USD,2026-08-28T20:36:16.31598Z,77309.21,77309.22,0.01,77309.215,0.1086593022683468474901342838
BTC-USD,2026-08-28T20:36:16.388903Z,77309.21,77309.22,0.01,77309.215,0.1086593022683468474901342838
BTC-USD,2026-08-28T20:36:16.428772Z,77309.21,77309.22,0.01,77309.215,0.1489856744787751971497635958
BTC-USD,2026-08-28T20:36:16.492054Z,77309.21,77309.22,0.01,77309.215,0.1491118207527537031409481508
BTC-USD,2026-08-28T20:36:16.538197Z,77309.21,77309.22,0.01,77309.215,0.07015022436583561123837671213
BTC-USD,2026-08-28T20:36:16.578457Z,77309.21,77309.22,0.01,77309.215,0.07015022436583561123837671213
BTC-USD,2026-08-28T20:36:16.645661Z,77309.21,77309.22,0.01,77309.215,0.5639367382893922034512802983
BTC-USD,2026-08-28T20:36:16.691773Z,77309.21,77309.22,0.01,77309.215,0.5426127073296725374907817578
BTC-USD,2026-08-28T20:36:16.736365Z,77309.21,77309.22,0.01,77309.215,0.3875642836757958847407139992
BTC-USD,2026-08-28T20:36:16.799137Z,77309.21,77309.22,0.01,77309.215,0.3875642836757958847407139992
BTC-USD,2026-08-28T20:36:16.840839Z,77309.21,77309.22,0.01,77309.215,0.3875642836757958847407139992
BTC-USD,2026-08-28T20:36:16.881066Z,77309.21,77309.22,0.01,77309.215,-0.7408183790997907528241612096
BTC-USD,2026-08-28T20:36:16.946386Z,77309.21,77309.22,0.01,77309.215,-0.7408183790997907528241612096
BTC-USD,2026-08-28T20:36:16.996245Z,77309.21,77309.22,0.01,77309.215,-0.7408183790997907528241612096
BTC-USD,2026-08-28T20:36:17.039183Z,77309.21,77309.22,0.01,77309.215,-0.7365453196013893348578684992
BTC-USD,2026-08-28T20:36:17.096013Z,77309.21,77309.22,0.01,77309.215,-0.7365453196013893348578684992
BTC-USD,2026-08-28T20:36:17.123118Z,77309.21,77309.22,0.01,77309.215,-0.7365453196013893348578684992
BTC-USD,2026-08-28T20:36:17.179306Z,77309.21,77309.22,0.01,77309.215,-0.7365453196013893348578684992
BTC-USD,2026-08-28T20:36:17.246666Z,77309.21,77309.22,0.01,77309.215,-0.7365453196013893348578684992
BTC-USD,2026-08-28T20:36:17.299397Z,77309.21,77309.22,0.01,77309.215,-0.7365453559054064387776608224
BTC-USD,2026-08-28T20:36:17.345232Z,77309.21,77309.22,0.01,77309.215,-0.8123692227148220298726515451
BTC-USD,2026-08-28T20:36:17.392623Z,77309.21,77309.22,0.01,77309.215,-0.8123693919983708945284811132
BTC-USD,2026-08-28T20:36:17.445034Z,77309.21,77309.22,0.01,77309.215,-0.8119886575791808042664865707
BTC-USD,2026-08-28T20:36:17.489294Z,77309.21,77309.22,0.01,77309.215,-0.8164114434072805637418857719
BTC-USD,2026-08-28T20:36:17.526072Z,77309.21,77309.22,0.01,77309.215,-0.7416158511987916972584400376
BTC-USD,2026-08-28T20:36:17.594094Z,77309.21,77309.22,0.01,77309.215,-0.7555722627271054001398761772
BTC-USD,2026-08-28T20:36:17.645439Z,77309.21,77309.22,0.01,77309.215,-0.7555227393588763139023677243
BTC-USD,2026-08-28T20:36:17.690247Z,77309.21,77309.22,0.01,77309.215,-0.7555227393588763139023677243
BTC-USD,2026-08-28T20:36:17.752274Z,77309.21,77309.22,0.01,77309.215,-0.7554955972956578164423324061
BTC-USD,2026-08-28T20:36:17.802629Z,77309.21,77309.22,0.01,77309.215,-0.7554955972956578164423324061
BTC-USD,2026-08-28T20:36:17.845683Z,77309.21,77309.22,0.01,77309.215,-0.7554955972956578164423324061
BTC-USD,2026-08-28T20:36:17.90573Z,77309.21,77309.22,0.01,77309.215,-0.7554955972956578164423324061
BTC-USD,2026-08-28T20:36:17.955096Z,77309.21,77309.22,0.01,77309.215,-0.8659976461784248504112185965
BTC-USD,2026-08-28T20:36:17.979535Z,77309.21,77309.22,0.01,77309.215,-0.8659976461784248504112185965
BTC-USD,2026-08-28T20:36:18.035386Z,77309.21,77309.22,0.01,77309.215,-0.8578012592171047258285872760
BTC-USD,2026-08-28T20:36:18.093542Z,77309.21,77309.22,0.01,77309.215,-0.8578012592171047258285872760
BTC-USD,2026-08-28T20:36:18.141965Z,77309.21,77309.22,0.01,77309.215,-0.8580560370449568285856058624
BTC-USD,2026-08-28T20:36:18.193561Z,77309.21,77309.22,0.01,77309.215,-0.8578672730465797934718152192
BTC-USD,2026-08-28T20:36:18.232608Z,77309.21,77309.22,0.01,77309.215,-0.7434193915525603667376797962
BTC-USD,2026-08-28T20:36:18.290308Z,77309.21,77309.22,0.01,77309.215,-0.7434193915525603667376797962
BTC-USD,2026-08-28T20:36:18.334203Z,77309.21,77309.22,0.01,77309.215,-0.7434193915525603667376797962
BTC-USD,2026-08-28T20:36:18.37541Z,77311.14,77311.15,0.01,77311.145,-0.8249470460099632772879352767
BTC-USD,2026-08-28T20:36:18.423572Z,77311.14,77311.15,0.01,77311.145,-0.8262207777352681740571839948
BTC-USD,2026-08-28T20:36:18.492555Z,77311.14,77311.15,0.01,77311.145,-0.7200065748450194565353684079
BTC-USD,2026-08-28T20:36:18.536629Z,77311.14,77311.15,0.01,77311.145,-0.8433584482032313085300453924
BTC-USD,2026-08-28T20:36:18.587856Z,77311.14,77311.15,0.01,77311.145,-0.8433584823694696186363923568
BTC-USD,2026-08-28T20:36:18.633814Z,77311.14,77311.15,0.01,77311.145,-0.8433584823694696186363923568
BTC-USD,2026-08-28T20:36:18.677988Z,77311.14,77311.15,0.01,77311.145,-0.8296438761722306921450186184
BTC-USD,2026-08-28T20:36:18.729496Z,77311.14,77311.15,0.01,77311.145,-0.9456567800328383872722022703
BTC-USD,2026-08-28T20:36:18.78507Z,77311.14,77311.15,0.01,77311.145,-0.9456567800328383872722022703
BTC-USD,2026-08-28T20:36:18.831938Z,77311.14,77311.15,0.01,77311.145,-0.9456567800328383872722022703
BTC-USD,2026-08-28T20:36:18.897429Z,77311.14,77311.15,0.01,77311.145,-0.9456567800328383872722022703
BTC-USD,2026-08-28T20:36:18.91513Z,77311.14,77311.15,0.01,77311.145,-0.9456567800328383872722022703
BTC-USD,2026-08-28T20:36:18.976603Z,77311.14,77311.15,0.01,77311.145,-0.9456567800328383872722022703
BTC-USD,2026-08-28T20:36:19.028908Z,77311.14,77311.15,0.01,77311.145,-0.9456567800328383872722022703
BTC-USD,2026-08-28T20:36:19.058601Z,77311.14,77311.15,0.01,77311.145,-0.9456567800328383872722022703
BTC-USD,2026-08-28T20:36:19.141725Z,77311.14,77311.15,0.01,77311.145,-0.9456567800328383872722022703
BTC-USD,2026-08-28T20:36:19.174987Z,77311.14,77311.15,0.01,77311.145,-0.9456567800328383872722022703
BTC-USD,2026-08-28T20:36:19.199277Z,77311.14,77311.15,0.01,77311.145,-0.9456567800328383872722022703
BTC-USD,2026-08-28T20:36:19.2906Z,77311.14,77311.15,0.01,77311.145,-0.9456904289686593458569620110
BTC-USD,2026-08-28T20:36:19.350264Z,77311.14,77311.15,0.01,77311.145,-0.8104071716193318748185897601
BTC-USD,2026-08-28T20:36:19.394664Z,77311.14,77311.15,0.01,77311.145,-0.8526856087389799927218443109
BTC-USD,2026-08-28T20:36:19.467986Z,77311.14,77311.15,0.01,77311.145,-0.8526856087389799927218443109
BTC-USD,2026-08-28T20:36:19.541496Z,77311.14,77311.15,0.01,77311.145,-0.8417890904315805827943241695
BTC-USD,2026-08-28T20:36:19.58766Z,77311.14,77311.15,0.01,77311.145,-0.8417890904315805827943241695
BTC-USD,2026-08-28T20:36:19.631568Z,77311.14,77311.15,0.01,77311.145,-0.8417890904315805827943241695
BTC-USD,2026-08-28T20:36:19.690285Z,77311.14,77311.15,0.01,77311.145,-0.8417890904315805827943241695
BTC-USD,2026-08-28T20:36:19.727248Z,77311.14,77311.15,0.01,77311.145,-0.8698478904019690187656608021
BTC-USD,2026-08-28T20:36:19.790019Z,77311.14,77311.15,0.01,77311.145,-0.8698478904019690187656608021
BTC-USD,2026-08-28T20:36:19.844723Z,77311.14,77311.15,0.01,77311.145,-0.8698478904019690187656608021
BTC-USD,2026-08-28T20:36:19.892037Z,77311.14,77311.15,0.01,77311.145,-0.8698479684932780094386337299
BTC-USD,2026-08-28T20:36:19.93372Z,77311.14,77311.15,0.01,77311.145,-0.8698479684932780094386337299
BTC-USD,2026-08-28T20:36:19.992666Z,77311.14,77311.15,0.01,77311.145,-0.8522181172551365085531105007
BTC-USD,2026-08-28T20:36:20.02599Z,77311.14,77311.15,0.01,77311.145,-0.8522181172551365085531105007
BTC-USD,2026-08-28T20:36:20.073809Z,77311.14,77311.15,0.01,77311.145,-0.8442255250028996106919783039
BTC-USD,2026-08-28T20:36:20.141375Z,77311.14,77311.15,0.01,77311.145,-0.8888904749225644840704098258
BTC-USD,2026-08-28T20:36:20.188772Z,77311.14,77311.15,0.01,77311.145,-0.8716230220376803001790221463
BTC-USD,2026-08-28T20:36:20.229663Z,77311.14,77311.15,0.01,77311.145,-0.8713500069098643828626240881
BTC-USD,2026-08-28T20:36:20.290606Z,77311.14,77311.15,0.01,77311.145,-0.8662616113977748901021301755
BTC-USD,2026-08-28T20:36:20.33096Z,77311.14,77311.15,0.01,77311.145,-0.8662616113977748901021301755
BTC-USD,2026-08-28T20:36:20.403509Z,77311.14,77311.15,0.01,77311.145,-0.8662616113977748901021301755
BTC-USD,2026-08-28T20:36:20.443579Z,77311.14,77311.15,0.01,77311.145,-0.8662616113977748901021301755
BTC-USD,2026-08-28T20:36:20.495041Z,77311.14,77311.15,0.01,77311.145,-0.8658144413176119811791840300
BTC-USD,2026-08-28T20:36:20.545933Z,77311.14,77311.15,0.01,77311.145,-0.8695475667789899372186444918
BTC-USD,2026-08-28T20:36:20.587309Z,77311.14,77311.15,0.01,77311.145,-0.8695475667789899372186444918
BTC-USD,2026-08-28T20:36:20.652077Z,77311.14,77311.15,0.01,77311.145,-0.8695475667789899372186444918
BTC-USD,2026-08-28T20:36:20.691351Z,77311.14,77311.15,0.01,77311.145,-0.8695475667789899372186444918
BTC-USD,2026-08-28T20:36:20.728103Z,77311.14,77311.15,0.01,77311.145,-0.8695475667789899372186444918
BTC-USD,2026-08-28T20:36:20.786463Z,77310.76,77310.77,0.01,77310.765,-0.8730766626942346837460275433
BTC-USD,2026-08-28T20:36:20.850559Z,77310.76,77310.77,0.01,77310.765,-0.8829474423097311027217918458
BTC-USD,2026-08-28T20:36:20.887505Z,77310.76,77310.77,0.01,77310.765,-0.8779480377620928236572590319
BTC-USD,2026-08-28T20:36:20.931224Z,77310.76,77310.77,0.01,77310.765,-0.8703144064764503710820360187
BTC-USD,2026-08-28T20:36:20.979046Z,77310.76,77310.77,0.01,77310.765,-0.8703144064764503710820360187
BTC-USD,2026-08-28T20:36:21.025591Z,77310.76,77310.77,0.01,77310.765,-0.8703144064764503710820360187
BTC-USD,2026-08-28T20:36:21.082093Z,77310.76,77310.77,0.01,77310.765,-0.8703144064764503710820360187
BTC-USD,2026-08-28T20:36:21.129541Z,77310.76,77310.77,0.01,77310.765,-0.8703144064764503710820360187
BTC-USD,2026-08-28T20:36:21.188809Z,77310.76,77310.77,0.01,77310.765,-0.7768162147890758949248482168
BTC-USD,2026-08-28T20:36:21.239235Z,77310.76,77310.77,0.01,77310.765,-0.7768883311930685667993798260
BTC-USD,2026-08-28T20:36:21.276864Z,77310.76,77310.77,0.01,77310.765,-0.8508641921496919487403049749
BTC-USD,2026-08-28T20:36:21.327381Z,77310.76,77310.77,0.01,77310.765,-0.8508641921496919487403049749
BTC-USD,2026-08-28T20:36:21.396763Z,77310.76,77310.77,0.01,77310.765,-0.8508641921496919487403049749
BTC-USD,2026-08-28T20:36:21.439023Z,77310.76,77310.77,0.01,77310.765,-0.8508641921496919487403049749
BTC-USD,2026-08-28T20:36:21.498203Z,77310.76,77310.77,0.01,77310.765,-0.3110170673862639346451579346
BTC-USD,2026-08-28T20:36:21.606122Z,77310.76,77310.77,0.01,77310.765,-0.7296395871626995561005497492
BTC-USD,2026-08-28T20:36:21.654143Z,77310.76,77310.77,0.01,77310.765,-0.8099993480067711922259385928
BTC-USD,2026-08-28T20:36:21.676104Z,77307.26,77310.77,3.51,77309.015,-0.3235158531812464786987562647
BTC-USD,2026-08-28T20:36:21.745206Z,77307.29,77307.3,0.01,77307.295,-0.3510356424607690275685618933
BTC-USD,2026-08-28T20:36:21.766756Z,77307.29,77307.3,0.01,77307.295,-0.3510356424607690275685618933
BTC-USD,2026-08-28T20:36:21.82372Z,77307.29,77307.3,0.01,77307.295,-0.3735685772695568977388219044
BTC-USD,2026-08-28T20:36:21.891462Z,77307.29,77307.3,0.01,77307.295,-0.8059322955575202922085743474
BTC-USD,2026-08-28T20:36:21.933979Z,77307.29,77307.3,0.01,77307.295,-0.3735678692337583279835834707
BTC-USD,2026-08-28T20:36:21.952581Z,77307.29,77307.3,0.01,77307.295,-0.3735678692337583279835834707
BTC-USD,2026-08-28T20:36:22.022779Z,77307.29,77307.3,0.01,77307.295,-0.3735678692337583279835834707
BTC-USD,2026-08-28T20:36:22.084901Z,77307.29,77307.3,0.01,77307.295,0.1107106047124516414773172838
BTC-USD,2026-08-28T20:36:22.136534Z,77307.29,77307.3,0.01,77307.295,0.06813376023461183639417527821
BTC-USD,2026-08-28T20:36:22.200822Z,77307.29,77307.3,0.01,77307.295,0.1105673948061532836769085428
BTC-USD,2026-08-28T20:36:22.23483Z,77307.29,77307.3,0.01,77307.295,0.1105673948061532836769085428
BTC-USD,2026-08-28T20:36:22.273652Z,77307.29,77307.3,0.01,77307.295,0.1105673948061532836769085428
BTC-USD,2026-08-28T20:36:22.327705Z,77307.29,77307.3,0.01,77307.295,0.1105673948061532836769085428
BTC-USD,2026-08-28T20:36:22.384495Z,77307.29,77307.3,0.01,77307.295,0.1330870015485842178481218310
BTC-USD,2026-08-28T20:36:22.443284Z,77307.29,77307.3,0.01,77307.295,0.4351300313330279472365921746
BTC-USD,2026-08-28T20:36:22.497627Z,77307.29,77307.3,0.01,77307.295,0.4492727884651991269205803192
BTC-USD,2026-08-28T20:36:22.508363Z,77307.29,77307.3,0.01,77307.295,0.4492727884651991269205803192
BTC-USD,2026-08-28T20:36:22.64431Z,77307.29,77307.3,0.01,77307.295,0.4492727884651991269205803192
BTC-USD,2026-08-28T20:36:22.690756Z,77307.29,77307.3,0.01,77307.295,-0.2559974841267015918656582371
BTC-USD,2026-08-28T20:36:22.754152Z,77307.29,77307.3,0.01,77307.295,-0.2133443213717938288734528151
BTC-USD,2026-08-28T20:36:22.799112Z,77307.29,77307.3,0.01,77307.295,-0.2567669911417130205522458031
BTC-USD,2026-08-28T20:36:22.83689Z,77307.29,77307.3,0.01,77307.295,-0.3300584565160387190416790093
BTC-USD,2026-08-28T20:36:22.886301Z,77307.29,77307.3,0.01,77307.295,-0.3288617274595025419310194864
BTC-USD,2026-08-28T20:36:22.94395Z,77307.29,77307.3,0.01,77307.295,-0.3288617274595025419310194864
BTC-USD,2026-08-28T20:36:22.992365Z,77307.29,77307.3,0.01,77307.295,-0.3288617274595025419310194864
BTC-USD,2026-08-28T20:36:23.02375Z,77307.29,77307.3,0.01,77307.295,0.4312064627489666905231928695
BTC-USD,2026-08-28T20:36:23.071572Z,77307.29,77307.3,0.01,77307.295,-0.2555247431550844323055963949
BTC-USD,2026-08-28T20:36:23.136707Z,77307.29,77307.3,0.01,77307.295,-0.2555247431550844323055963949
BTC-USD,2026-08-28T20:36:23.167719Z,77307.29,77307.3,0.01,77307.295,-0.2127938407480881036757315039
BTC-USD,2026-08-28T20:36:23.22712Z,77307.29,77307.3,0.01,77307.295,-0.06433355483606091241917161923
BTC-USD,2026-08-28T20:36:23.269698Z,77307.29,77307.3,0.01,77307.295,0.6984764718216510931985294666
BTC-USD,2026-08-28T20:36:23.332937Z,77307.29,77307.3,0.01,77307.295,0.6984764718216510931985294666
BTC-USD,2026-08-28T20:36:23.391821Z,77307.29,77307.3,0.01,77307.295,0.6984764718216510931985294666
BTC-USD,2026-08-28T20:36:23.443956Z,77307.29,77307.3,0.01,77307.295,0.6984764718216510931985294666
BTC-USD,2026-08-28T20:36:23.458589Z,77307.29,77307.3,0.01,77307.295,0.6984764718216510931985294666
BTC-USD,2026-08-28T20:36:23.551855Z,77307.29,77307.3,0.01,77307.295,0.6984764718216510931985294666
BTC-USD,2026-08-28T20:36:23.598856Z,77307.29,77307.3,0.01,77307.295,0.4628923903776569231008197429
BTC-USD,2026-08-28T20:36:23.650817Z,77307.29,77307.3,0.01,77307.295,0.4142373042461628331084261841
BTC-USD,2026-08-28T20:36:23.690761Z,77307.29,77307.3,0.01,77307.295,0.4142373042461628331084261841
BTC-USD,2026-08-28T20:36:23.746623Z,77307.29,77307.3,0.01,77307.295,0.4142373042461628331084261841
BTC-USD,2026-08-28T20:36:23.761362Z,77307.29,77307.3,0.01,77307.295,0.4142373042461628331084261841
BTC-USD,2026-08-28T20:36:23.855182Z,77307.29,77307.3,0.01,77307.295,0.4142373042461628331084261841
BTC-USD,2026-08-28T20:36:23.903496Z,77307.29,77307.3,0.01,77307.295,0.4142373042461628331084261841
BTC-USD,2026-08-28T20:36:23.94684Z,77307.29,77307.3,0.01,77307.295,0.4142373042461628331084261841
BTC-USD,2026-08-28T20:36:23.992277Z,77307.29,77307.3,0.01,77307.295,0.4152450783136797661992831283
BTC-USD,2026-08-28T20:36:24.044802Z,77307.29,77307.3,0.01,77307.295,0.4152450783136797661992831283
BTC-USD,2026-08-28T20:36:24.116273Z,77307.29,77307.3,0.01,77307.295,0.6640813725936850742937186954
BTC-USD,2026-08-28T20:36:24.172001Z,77307.29,77307.3,0.01,77307.295,0.6640813725936850742937186954
BTC-USD,2026-08-28T20:36:24.214493Z,77307.29,77307.3,0.01,77307.295,0.6726079334246874343454821287
BTC-USD,2026-08-28T20:36:24.290251Z,77307.29,77307.3,0.01,77307.295,0.6726079334246874343454821287
BTC-USD,2026-08-28T20:36:24.333722Z,77307.29,77307.3,0.01,77307.295,0.7043681089749595286323156263
BTC-USD,2026-08-28T20:36:24.374291Z,77307.29,77307.3,0.01,77307.295,0.7043681089749595286323156263
BTC-USD,2026-08-28T20:36:24.421116Z,77307.29,77307.3,0.01,77307.295,0.7043681089749595286323156263
BTC-USD,2026-08-28T20:36:24.546691Z,77307.29,77307.3,0.01,77307.295,0.6965186251738840075665487580
BTC-USD,2026-08-28T20:36:24.583824Z,77307.29,77307.3,0.01,77307.295,0.6965186251738840075665487580
BTC-USD,2026-08-28T20:36:24.64054Z,77307.29,77307.3,0.01,77307.295,0.8513286964699890746184588548
BTC-USD,2026-08-28T20:36:24.692865Z,77307.29,77307.3,0.01,77307.295,0.7141149514755893131033781634
BTC-USD,2026-08-28T20:36:24.717299Z,77307.29,77307.3,0.01,77307.295,0.7141149514755893131033781634
BTC-USD,2026-08-28T20:36:24.7873Z,77307.29,77307.3,0.01,77307.295,0.7141149514755893131033781634
BTC-USD,2026-08-28T20:36:24.838277Z,77307.29,77307.3,0.01,77307.295,0.7141149514755893131033781634
BTC-USD,2026-08-28T20:36:24.88651Z,77307.29,77307.3,0.01,77307.295,-0.0001399362987609430445614891666
BTC-USD,2026-08-28T20:36:24.902871Z,77307.29,77307.3,0.01,77307.295,-0.0001399362987609430445614891666
BTC-USD,2026-08-28T20:36:24.994394Z,77307.29,77307.3,0.01,77307.295,-0.0001399362987609430445614891666
BTC-USD,2026-08-28T20:36:25.033297Z,77307.29,77307.3,0.01,77307.295,-0.0001399362987609430445614891666
BTC-USD,2026-08-28T20:36:25.236381Z,77307.29,77307.3,0.01,77307.295,0.8517899581529346921795402378
BTC-USD,2026-08-28T20:36:25.293034Z,77307.29,77307.3,0.01,77307.295,0.7193238341443441100217701199
BTC-USD,2026-08-28T20:36:25.348196Z,77307.29,77307.3,0.01,77307.295,0.7193238341443441100217701199
BTC-USD,2026-08-28T20:36:25.400398Z,77307.29,77307.3,0.01,77307.295,-0.0001399362987609430445614891666
BTC-USD,2026-08-28T20:36:25.450157Z,77307.29,77307.3,0.01,77307.295,-0.0001399362987609430445614891666
BTC-USD,2026-08-28T20:36:25.49849Z,77307.29,77307.3,0.01,77307.295,0.7142169129972963583355413196
BTC-USD,2026-08-28T20:36:25.549524Z,77307.29,77307.3,0.01,77307.295,0.7142169129972963583355413196
BTC-USD,2026-08-28T20:36:25.588745Z,77307.29,77307.3,0.01,77307.295,0.7183051682200109763522707319
BTC-USD,2026-08-28T20:36:25.640152Z,77307.29,77307.3,0.01,77307.295,0.7183051682200109763522707319
BTC-USD,2026-08-28T20:36:25.685837Z,77307.29,77307.3,0.01,77307.295,0.7183051682200109763522707319
BTC-USD,2026-08-28T20:36:25.747864Z,77307.29,77307.3,0.01,77307.295,0.008463375217872764665423215305
BTC-USD,2026-08-28T20:36:25.797242Z,77307.29,77307.3,0.01,77307.295,0.008463375217872764665423215305
BTC-USD,2026-08-28T20:36:25.844713Z,77307.29,77307.3,0.01,77307.295,0.008463375217872764665423215305
BTC-USD,2026-08-28T20:36:25.901066Z,77307.29,77307.3,0.01,77307.295,0.009086847521572965001848816105
BTC-USD,2026-08-28T20:36:25.946598Z,77307.29,77307.3,0.01,77307.295,0.009086847521572965001848816105
BTC-USD,2026-08-28T20:36:25.997016Z,77307.29,77307.3,0.01,77307.295,0.009086847521572965001848816105
BTC-USD,2026-08-28T20:36:26.030556Z,77307.29,77307.3,0.01,77307.295,0.7186068404090761400559162794
BTC-USD,2026-08-28T20:36:26.095414Z,77307.29,77307.3,0.01,77307.295,0.7237470700950003060361241127
BTC-USD,2026-08-28T20:36:26.112188Z,77307.29,77307.3,0.01,77307.295,0.7237470700950003060361241127
BTC-USD,2026-08-28T20:36:26.186718Z,77307.29,77307.3,0.01,77307.295,0.7237470700950003060361241127
BTC-USD,2026-08-28T20:36:26.223259Z,77307.29,77307.3,0.01,77307.295,0.7288903806997561292434967110
BTC-USD,2026-08-28T20:36:26.274385Z,77307.29,77307.3,0.01,77307.295,0.8547978099679754009216945550
BTC-USD,2026-08-28T20:36:26.347876Z,77307.29,77307.3,0.01,77307.295,0.8308574753380150572388942368
BTC-USD,2026-08-28T20:36:26.366522Z,77308.55,77308.56,0.01,77308.555,-0.3730329294134530259953564366
BTC-USD,2026-08-28T20:36:26.433778Z,77308.55,77308.56,0.01,77308.555,-0.3729784354817842231785107984
BTC-USD,2026-08-28T20:36:26.489357Z,77308.55,77308.56,0.01,77308.555,-0.8015976098167565314721036171
BTC-USD,2026-08-28T20:36:26.535416Z,77310.76,77310.77,0.01,77310.765,-0.9315281055456927334262174938
BTC-USD,2026-08-28T20:36:26.592094Z,77310.76,77310.77,0.01,77310.765,-0.9228701843900750017794008764
BTC-USD,2026-08-28T20:36:26.63608Z,77310.76,77310.77,0.01,77310.765,-0.9230119342821518428954079872
BTC-USD,2026-08-28T20:36:26.68579Z,77310.76,77310.77,0.01,77310.765,-0.9511971096421201138756576551
BTC-USD,2026-08-28T20:36:26.747774Z,77310.76,77310.77,0.01,77310.765,-0.9511971096421201138756576551
BTC-USD,2026-08-28T20:36:26.797804Z,77310.76,77310.77,0.01,77310.765,-0.9511971096421201138756576551
BTC-USD,2026-08-28T20:36:26.851921Z,77310.76,77310.77,0.01,77310.765,-0.9511971096421201138756576551
BTC-USD,2026-08-28T20:36:26.904003Z,77310.76,77310.77,0.01,77310.765,-0.9283162027659310359619582538
BTC-USD,2026-08-28T20:36:26.949282Z,77310.76,77310.77,0.01,77310.765,-0.9283084877246617551664018383
BTC-USD,2026-08-28T20:36:26.962023Z,77310.76,77310.77,0.01,77310.765,-0.9283084877246617551664018383
BTC-USD,2026-08-28T20:36:27.034089Z,77310.76,77310.77,0.01,77310.765,-0.9283085124932685573470746282
BTC-USD,2026-08-28T20:36:27.100774Z,77310.76,77310.77,0.01,77310.765,-0.9282911464312331806465577266
BTC-USD,2026-08-28T20:36:27.141283Z,77310.76,77310.77,0.01,77310.765,-0.9282911464312331806465577266
BTC-USD,2026-08-28T20:36:27.200321Z,77310.76,77310.77,0.01,77310.765,-0.9281318993096773221866611537
BTC-USD,2026-08-28T20:36:27.216319Z,77310.76,77310.77,0.01,77310.765,-0.9281318993096773221866611537
BTC-USD,2026-08-28T20:36:27.266813Z,77310.76,77310.77,0.01,77310.765,-0.8460855965332621482397555323
BTC-USD,2026-08-28T20:36:27.340779Z,77310.76,77310.77,0.01,77310.765,-0.8460855965332621482397555323
BTC-USD,2026-08-28T20:36:27.391228Z,77310.76,77310.77,0.01,77310.765,-0.8460855965332621482397555323
BTC-USD,2026-08-28T20:36:27.420035Z,77310.76,77310.77,0.01,77310.765,-0.8460774919587279950222310650
BTC-USD,2026-08-28T20:36:27.44118Z,77310.76,77310.77,0.01,77310.765,-0.8460774919587279950222310650
BTC-USD,2026-08-28T20:36:27.592219Z,77310.76,77310.77,0.01,77310.765,-0.8701742678051319026795864557
BTC-USD,2026-08-28T20:36:27.636124Z,77310.76,77310.77,0.01,77310.765,-0.8701742678051319026795864557
BTC-USD,2026-08-28T20:36:27.698743Z,77310.76,77310.77,0.01,77310.765,-0.8701742678051319026795864557
BTC-USD,2026-08-28T20:36:27.752305Z,77310.76,77310.77,0.01,77310.765,-0.8701396190532043682792883743
BTC-USD,2026-08-28T20:36:27.789258Z,77310.76,77310.77,0.01,77310.765,-0.8700034007723037738858940752
BTC-USD,2026-08-28T20:36:27.836571Z,77310.76,77310.77,0.01,77310.765,-0.8700034007723037738858940752
BTC-USD,2026-08-28T20:36:27.899504Z,77310.76,77310.77,0.01,77310.765,-0.8699964542517228909134064378
BTC-USD,2026-08-28T20:36:27.945829Z,77310.76,77310.77,0.01,77310.765,-0.8699617105099784223119335018
BTC-USD,2026-08-28T20:36:27.974357Z,77310.76,77310.77,0.01,77310.765,-0.8699480656793241193634688016
BTC-USD,2026-08-28T20:36:28.033719Z,77310.76,77310.77,0.01,77310.765,-0.8699480656793241193634688016
BTC-USD,2026-08-28T20:36:28.093378Z,77310.76,77310.77,0.01,77310.765,-0.8699480656793241193634688016
BTC-USD,2026-08-28T20:36:28.141067Z,77310.76,77310.77,0.01,77310.765,-0.8699480113917476639105086891
BTC-USD,2026-08-28T20:36:28.175764Z,77310.76,77310.77,0.01,77310.765,-0.8699480113917476639105086891
BTC-USD,2026-08-28T20:36:28.239314Z,77310.76,77310.77,0.01,77310.765,-0.8699097653915211448394208034
BTC-USD,2026-08-28T20:36:28.254647Z,77310.76,77310.77,0.01,77310.765,-0.8699097653915211448394208034
BTC-USD,2026-08-28T20:36:28.351694Z,77310.76,77310.77,0.01,77310.765,-0.8699098278543988704496525809
BTC-USD,2026-08-28T20:36:28.379369Z,77310.76,77310.77,0.01,77310.765,-0.8699098278543988704496525809
BTC-USD,2026-08-28T20:36:28.442522Z,77310.76,77310.77,0.01,77310.765,-0.8699098278543988704496525809
BTC-USD,2026-08-28T20:36:28.494899Z,77310.76,77310.77,0.01,77310.765,-0.8699098278543988704496525809
BTC-USD,2026-08-28T20:36:28.548605Z,77310.76,77310.77,0.01,77310.765,-0.8699098278543988704496525809
BTC-USD,2026-08-28T20:36:28.591243Z,77310.76,77310.77,0.01,77310.765,-0.7458453042280540845242326702
BTC-USD,2026-08-28T20:36:28.636651Z,77310.76,77310.77,0.01,77310.765,-0.5239211589385694818265693421
BTC-USD,2026-08-28T20:36:28.682748Z,77310.76,77310.77,0.01,77310.765,-0.5214969269455829562567453645
BTC-USD,2026-08-28T20:36:28.730694Z,77310.76,77310.77,0.01,77310.765,-0.5152912415520813887688530196
BTC-USD,2026-08-28T20:36:28.774563Z,77310.76,77310.77,0.01,77310.765,-0.5094588594243094620253626212
BTC-USD,2026-08-28T20:36:28.821782Z,77310.76,77310.77,0.01,77310.765,-0.5030548919980889032309970373
BTC-USD,2026-08-28T20:36:28.870582Z,77311.14,77311.15,0.01,77311.145,-0.5690934805992123496850989086
BTC-USD,2026-08-28T20:36:28.943243Z,77311.14,77311.15,0.01,77311.145,-0.4536772568117795536880741740
BTC-USD,2026-08-28T20:36:28.985388Z,77311.14,77311.15,0.01,77311.145,-0.5199489797926346389430993895
BTC-USD,2026-08-28T20:36:29.022543Z,77311.14,77311.15,0.01,77311.145,-0.4921455471015827561196325547
BTC-USD,2026-08-28T20:36:29.281681Z,77311.14,77311.15,0.01,77311.145,-0.5300611033373425009233035628
BTC-USD,2026-08-28T20:36:29.346778Z,77311.14,77311.15,0.01,77311.145,-0.5138773919691650203757428250
BTC-USD,2026-08-28T20:36:29.397497Z,77311.14,77311.15,0.01,77311.145,-0.5122226521564125378727639765
BTC-USD,2026-08-28T20:36:29.434865Z,77311.14,77311.15,0.01,77311.145,-0.5005562405017690377818423183
BTC-USD,2026-08-28T20:36:29.483726Z,77311.14,77311.15,0.01,77311.145,-0.4989354011468910475917180829
BTC-USD,2026-08-28T20:36:29.529418Z,77311.14,77311.15,0.01,77311.145,-0.4989354011468910475917180829
BTC-USD,2026-08-28T20:36:29.594275Z,77311.14,77311.15,0.01,77311.145,-0.4785014098871442977068631066
BTC-USD,2026-08-28T20:36:29.62713Z,77311.14,77311.15,0.01,77311.145,-0.4785014098871442977068631066
BTC-USD,2026-08-28T20:36:29.674709Z,77311.14,77311.15,0.01,77311.145,-0.4636665515221635866584370951
BTC-USD,2026-08-28T20:36:29.7369Z,77311.14,77311.15,0.01,77311.145,-0.4453735206191678090979881904
BTC-USD,2026-08-28T20:36:29.782724Z,77311.14,77311.15,0.01,77311.145,-0.4367617577502832367086592413
BTC-USD,2026-08-28T20:36:29.844611Z,77311.14,77311.15,0.01,77311.145,-0.6148612209424480025348899428
BTC-USD,2026-08-28T20:36:29.884928Z,77311.14,77311.15,0.01,77311.145,-0.6147959686232917295146219981
BTC-USD,2026-08-28T20:36:29.946819Z,77311.14,77311.15,0.01,77311.145,-0.6147959686232917295146219981
BTC-USD,2026-08-28T20:36:30.028185Z,77311.14,77311.15,0.01,77311.145,-0.5934501421156034002028847440
BTC-USD,2026-08-28T20:36:30.088758Z,77311.14,77311.15,0.01,77311.145,-0.6266113040885088530858084458
BTC-USD,2026-08-28T20:36:30.15129Z,77311.14,77311.15,0.01,77311.145,-0.6484988814702904563902595639
BTC-USD,2026-08-28T20:36:30.197125Z,77311.14,77311.15,0.01,77311.145,-0.6777791753838231914413890689
BTC-USD,2026-08-28T20:36:30.228247Z,77311.14,77311.15,0.01,77311.145,-0.6777791753838231914413890689
BTC-USD,2026-08-28T20:36:30.30374Z,77311.14,77311.15,0.01,77311.145,-0.6778218958321426276746485466
BTC-USD,2026-08-28T20:36:30.340199Z,77311.14,77311.15,0.01,77311.145,-0.6778218958321426276746485466
BTC-USD,2026-08-28T20:36:30.375769Z,77311.14,77311.15,0.01,77311.145,-0.6778218958321426276746485466
BTC-USD,2026-08-28T20:36:30.446019Z,77311.14,77311.15,0.01,77311.145,-0.6778218958321426276746485466
BTC-USD,2026-08-28T20:36:30.476037Z,77311.14,77311.15,0.01,77311.145,-0.6778221137991918049036373566
BTC-USD,2026-08-28T20:36:30.53819Z,77311.14,77311.15,0.01,77311.145,-0.6778261449845654322020849452
BTC-USD,2026-08-28T20:36:30.580211Z,77311.14,77311.15,0.01,77311.145,-0.7294546811294184840779135895
BTC-USD,2026-08-28T20:36:30.644816Z,77311.14,77311.15,0.01,77311.145,-0.7560660724871492135978380974
BTC-USD,2026-08-28T20:36:30.692917Z,77311.14,77311.15,0.01,77311.145,-0.7560660724871492135978380974
BTC-USD,2026-08-28T20:36:30.746683Z,77311.14,77311.15,0.01,77311.145,-0.7560660724871492135978380974
BTC-USD,2026-08-28T20:36:30.7932Z,77311.14,77311.15,0.01,77311.145,-0.7560660724871492135978380974
BTC-USD,2026-08-28T20:36:30.837147Z,77311.14,77311.15,0.01,77311.145,-0.7560660724871492135978380974
BTC-USD,2026-08-28T20:36:30.903932Z,77311.14,77311.15,0.01,77311.145,-0.7560660724871492135978380974
BTC-USD,2026-08-28T20:36:30.95098Z,77311.14,77311.15,0.01,77311.145,-0.7560234209311594109867360488
BTC-USD,2026-08-28T20:36:30.989794Z,77311.14,77311.15,0.01,77311.145,-0.7560234209311594109867360488
BTC-USD,2026-08-28T20:36:31.021613Z,77311.14,77311.15,0.01,77311.145,-0.7560234209311594109867360488
BTC-USD,2026-08-28T20:36:31.076019Z,77311.14,77311.15,0.01,77311.145,-0.7560234209311594109867360488
BTC-USD,2026-08-28T20:36:31.135899Z,77311.14,77311.15,0.01,77311.145,-0.7560234209311594109867360488
BTC-USD,2026-08-28T20:36:31.17964Z,77311.14,77311.15,0.01,77311.145,-0.7560234209311594109867360488
BTC-USD,2026-08-28T20:36:31.222474Z,77311.14,77311.15,0.01,77311.145,-0.7560236845356983345470602215
BTC-USD,2026-08-28T20:36:31.275725Z,77311.14,77311.15,0.01,77311.145,-0.7560236845356983345470602215
BTC-USD,2026-08-28T20:36:31.312792Z,77311.14,77311.15,0.01,77311.145,-0.7560241086372835330251498864
BTC-USD,2026-08-28T20:36:31.367346Z,77311.14,77311.15,0.01,77311.145,-0.7560241086372835330251498864
BTC-USD,2026-08-28T20:36:31.452604Z,77311.14,77311.15,0.01,77311.145,-0.7560241086372835330251498864
BTC-USD,2026-08-28T20:36:31.48924Z,77311.14,77311.15,0.01,77311.145,-0.7560241086372835330251498864
BTC-USD,2026-08-28T20:36:31.553776Z,77311.14,77311.15,0.01,77311.145,-0.7560241086372835330251498864
BTC-USD,2026-08-28T20:36:31.594198Z,77311.14,77311.15,0.01,77311.145,-0.7560241086372835330251498864
BTC-USD,2026-08-28T20:36:31.638924Z,77311.14,77311.15,0.01,77311.145,-0.7564616227048566370730877721
BTC-USD,2026-08-28T20:36:31.689139Z,77311.14,77311.15,0.01,77311.145,-0.7564616227048566370730877721
BTC-USD,2026-08-28T20:36:31.719295Z,77311.14,77311.15,0.01,77311.145,-0.7385879291003684790501248825
BTC-USD,2026-08-28T20:36:31.7842Z,77311.14,77311.15,0.01,77311.145,-0.7385879291003684790501248825
BTC-USD,2026-08-28T20:36:31.851659Z,77311.14,77311.15,0.01,77311.145,-0.7385879291003684790501248825
BTC-USD,2026-08-28T20:36:31.871229Z,77311.14,77311.15,0.01,77311.145,-0.7385879291003684790501248825
BTC-USD,2026-08-28T20:36:31.955773Z,77311.14,77311.15,0.01,77311.145,-0.7385879291003684790501248825
BTC-USD,2026-08-28T20:36:31.993941Z,77311.14,77311.15,0.01,77311.145,-0.7385879728605160780834351929
BTC-USD,2026-08-28T20:36:32.03752Z,77311.14,77311.15,0.01,77311.145,-0.7385879728605160780834351929
BTC-USD,2026-08-28T20:36:32.085046Z,77311.14,77311.15,0.01,77311.145,-0.7385879728605160780834351929
BTC-USD,2026-08-28T20:36:32.126846Z,77311.14,77311.15,0.01,77311.145,-0.7385879728605160780834351929
BTC-USD,2026-08-28T20:36:32.174841Z,77311.14,77311.15,0.01,77311.145,-0.7385879728605160780834351929
BTC-USD,2026-08-28T20:36:32.221606Z,77311.14,77311.15,0.01,77311.145,-0.7385876932219428216460174385
BTC-USD,2026-08-28T20:36:32.286216Z,77311.14,77311.15,0.01,77311.145,-0.7385876932219428216460174385
BTC-USD,2026-08-28T20:36:32.325506Z,77311.14,77311.15,0.01,77311.145,-0.7385876932219428216460174385
BTC-USD,2026-08-28T20:36:32.384846Z,77311.14,77311.15,0.01,77311.145,-0.7385876932219428216460174385
BTC-USD,2026-08-28T20:36:32.404081Z,77311.14,77311.15,0.01,77311.145,-0.7385876932219428216460174385
BTC-USD,2026-08-28T20:36:32.468481Z,77311.14,77311.15,0.01,77311.145,-0.7385876932219428216460174385
BTC-USD,2026-08-28T20:36:32.532659Z,77311.14,77311.15,0.01,77311.145,-0.7385876932219428216460174385
BTC-USD,2026-08-28T20:36:32.588251Z,77311.14,77311.15,0.01,77311.145,-0.7385876932219428216460174385
BTC-USD,2026-08-28T20:36:32.622063Z,77311.14,77311.15,0.01,77311.145,-0.7385855876887683797271931552
BTC-USD,2026-08-28T20:36:32.675235Z,77311.14,77311.15,0.01,77311.145,-0.7385855876887683797271931552
BTC-USD,2026-08-28T20:36:32.746678Z,77311.14,77311.15,0.01,77311.145,-0.7385855876887683797271931552
BTC-USD,2026-08-28T20:36:32.835965Z,77311.14,77311.15,0.01,77311.145,-0.7385855876887683797271931552
BTC-USD,2026-08-28T20:36:32.869054Z,77311.14,77311.15,0.01,77311.145,-0.7385855876887683797271931552
BTC-USD,2026-08-28T20:36:32.935248Z,77311.14,77311.15,0.01,77311.145,-0.7385855876887683797271931552
BTC-USD,2026-08-28T20:36:32.985969Z,77311.14,77311.15,0.01,77311.145,-0.7385855876887683797271931552
BTC-USD,2026-08-28T20:36:33.105216Z,77311.14,77311.15,0.01,77311.145,-0.7383747937483671070047634786
BTC-USD,2026-08-28T20:36:33.117796Z,77311.14,77311.15,0.01,77311.145,-0.7383747937483671070047634786
BTC-USD,2026-08-28T20:36:33.195829Z,77311.14,77311.15,0.01,77311.145,-0.7383747937483671070047634786
BTC-USD,2026-08-28T20:36:33.346701Z,77311.14,77311.15,0.01,77311.145,-0.7383747937483671070047634786
BTC-USD,2026-08-28T20:36:33.530088Z,77311.14,77311.15,0.01,77311.145,-0.5999699224400820880820680989
BTC-USD,2026-08-28T20:36:33.623057Z,77311.14,77311.15,0.01,77311.145,-0.5780211495673103939445853753
BTC-USD,2026-08-28T20:36:33.680881Z,77311.14,77311.15,0.01,77311.145,-0.5780110916290475048340303519
BTC-USD,2026-08-28T20:36:33.745275Z,77311.14,77311.15,0.01,77311.145,-0.5780110916290475048340303519
BTC-USD,2026-08-28T20:36:33.785475Z,77311.14,77311.15,0.01,77311.145,-0.5779707684941294525611663472
BTC-USD,2026-08-28T20:36:33.850164Z,77311.14,77311.15,0.01,77311.145,-0.5899273680389266383397889139
BTC-USD,2026-08-28T20:36:33.881266Z,77311.14,77311.15,0.01,77311.145,-0.5470555442891914555586735170
BTC-USD,2026-08-28T20:36:33.922287Z,77311.14,77311.15,0.01,77311.145,-0.5466819834321549032302175615
BTC-USD,2026-08-28T20:36:33.962154Z,77311.14,77311.15,0.01,77311.145,-0.5466819834321549032302175615
BTC-USD,2026-08-28T20:36:34.041472Z,77311.14,77311.15,0.01,77311.145,-0.4977508817880663676609942163
BTC-USD,2026-08-28T20:36:34.086478Z,77311.14,77311.15,0.01,77311.145,-0.4696928138777168240175922799
BTC-USD,2026-08-28T20:36:34.134501Z,77311.14,77311.15,0.01,77311.145,-0.3042865236426247014573751638
BTC-USD,2026-08-28T20:36:34.169036Z,77311.14,77311.15,0.01,77311.145,0.01516627747951443310012801948
BTC-USD,2026-08-28T20:36:34.247059Z,77311.14,77311.15,0.01,77311.145,0.01516627747951443310012801948
BTC-USD,2026-08-28T20:36:34.285185Z,77311.14,77311.15,0.01,77311.145,0.1451976838428206943670522888
BTC-USD,2026-08-28T20:36:34.322337Z,77311.14,77311.15,0.01,77311.145,0.1930893339879232027983757972
BTC-USD,2026-08-28T20:36:34.390573Z,77323.49,77323.92,0.43,77323.705,-0.3679104920588008401582546769
BTC-USD,2026-08-28T20:36:34.431279Z,77323.49,77323.5,0.01,77323.495,-0.6655801703618100270953761309
BTC-USD,2026-08-28T20:36:34.473205Z,77323.49,77323.5,0.01,77323.495,-0.6440942170225350722295186842
BTC-USD,2026-08-28T20:36:34.542118Z,77323.49,77323.5,0.01,77323.495,-0.6440356752817919701319300953
BTC-USD,2026-08-28T20:36:34.592266Z,77323.49,77323.92,0.43,77323.705,-0.6265818228597187123927683616
BTC-USD,2026-08-28T20:36:34.64154Z,77323.49,77323.92,0.43,77323.705,-0.6265818228597187123927683616
BTC-USD,2026-08-28T20:36:34.695747Z,77323.49,77323.92,0.43,77323.705,-0.6487683994690572834795046482
BTC-USD,2026-08-28T20:36:34.737454Z,77323.49,77323.92,0.43,77323.705,-0.8892145989550862561172980414
BTC-USD,2026-08-28T20:36:34.785195Z,77323.49,77325.73,2.24,77324.61,-0.5477112918158598953470451748
BTC-USD,2026-08-28T20:36:34.824371Z,77328.59,77329.41,0.82,77329.00,-0.3145917541667763958748472139
BTC-USD,2026-08-28T20:36:34.889991Z,77330.43,77332.62,2.19,77331.525,-0.3952673658959956813737826483
BTC-USD,2026-08-28T20:36:34.936341Z,77331.77,77331.78,0.01,77331.775,-0.6653650969916696825412486352
BTC-USD,2026-08-28T20:36:34.978201Z,77331.77,77331.78,0.01,77331.775,-0.8581261195778802375464630574
BTC-USD,2026-08-28T20:36:35.027635Z,77331.77,77331.78,0.01,77331.775,-0.8581261195778802375464630574
BTC-USD,2026-08-28T20:36:35.086431Z,77327.54,77331.78,4.24,77329.66,-0.5290897615342934910021015348
BTC-USD,2026-08-28T20:36:35.142725Z,77334.33,77335.37,1.04,77334.85,-0.1999164269260289964176406553
BTC-USD,2026-08-28T20:36:35.187043Z,77334.33,77334.34,0.01,77334.335,-0.6066082664336149290410725719
BTC-USD,2026-08-28T20:36:35.235653Z,77334.33,77334.34,0.01,77334.335,-0.9121643218140037377185185718
BTC-USD,2026-08-28T20:36:35.280334Z,77334.33,77334.34,0.01,77334.335,-0.9272894846220589905516964517
BTC-USD,2026-08-28T20:36:35.344624Z,77334.33,77334.34,0.01,77334.335,-0.5342514258397443237128122909
BTC-USD,2026-08-28T20:36:35.367374Z,77334.33,77334.34,0.01,77334.335,-0.9273201352733166527656026392
BTC-USD,2026-08-28T20:36:35.43819Z,77334.33,77334.34,0.01,77334.335,-0.6529771570704083246929466697
BTC-USD,2026-08-28T20:36:35.527128Z,77334.33,77334.34,0.01,77334.335,-0.9110801348467706268899557533
BTC-USD,2026-08-28T20:36:35.584838Z,77334.33,77334.34,0.01,77334.335,-0.6877282087779930920599272725
BTC-USD,2026-08-28T20:36:35.628461Z,77334.33,77334.34,0.01,77334.335,-0.6877282087779930920599272725
BTC-USD,2026-08-28T20:36:35.692181Z,77334.33,77334.34,0.01,77334.335,-0.6877282087779930920599272725
BTC-USD,2026-08-28T20:36:35.731369Z,77334.33,77334.34,0.01,77334.335,-0.6877282087779930920599272725
BTC-USD,2026-08-28T20:36:35.798996Z,77334.33,77334.34,0.01,77334.335,-0.6877282087779930920599272725
BTC-USD,2026-08-28T20:36:35.836145Z,77334.33,77334.34,0.01,77334.335,-0.6171346653876339347227346935
BTC-USD,2026-08-28T20:36:35.886722Z,77334.33,77334.34,0.01,77334.335,-0.4850681066049203271882811660
BTC-USD,2026-08-28T20:36:35.907488Z,77334.33,77334.34,0.01,77334.335,-0.6171349307115166645603511452
BTC-USD,2026-08-28T20:36:36.02084Z,77322.44,77326.5,4.06,77324.47,-0.5426289574249911260176893371
BTC-USD,2026-08-28T20:36:36.044575Z,77326.49,77326.5,0.01,77326.495,-0.6266956615586991347106611578
BTC-USD,2026-08-28T20:36:36.239822Z,77326.49,77326.5,0.01,77326.495,-0.6266956615586991347106611578
BTC-USD,2026-08-28T20:36:36.292389Z,77326.49,77326.5,0.01,77326.495,-0.6434716731288145844263628231
BTC-USD,2026-08-28T20:36:36.334622Z,77326.49,77326.5,0.01,77326.495,-0.6434716731288145844263628231
BTC-USD,2026-08-28T20:36:36.390769Z,77326.49,77326.5,0.01,77326.495,-0.6434716731288145844263628231
BTC-USD,2026-08-28T20:36:36.436598Z,77327.5,77327.51,0.01,77327.505,-0.6746938290264964458310911887
BTC-USD,2026-08-28T20:36:36.479792Z,77327.5,77327.51,0.01,77327.505,-0.5712546132637857270833108994
BTC-USD,2026-08-28T20:36:36.5264Z,77327.5,77327.51,0.01,77327.505,-0.5524132358075502803938697251
BTC-USD,2026-08-28T20:36:36.586497Z,77327.5,77327.51,0.01,77327.505,-0.5524132358075502803938697251
BTC-USD,2026-08-28T20:36:36.623934Z,77327.5,77327.51,0.01,77327.505,-0.5524132358075502803938697251
BTC-USD,2026-08-28T20:36:36.665358Z,77327.5,77327.51,0.01,77327.505,-0.5524132358075502803938697251
BTC-USD,2026-08-28T20:36:36.717528Z,77327.5,77327.51,0.01,77327.505,-0.5524132358075502803938697251
BTC-USD,2026-08-28T20:36:36.795042Z,77327.5,77327.51,0.01,77327.505,-0.5524132358075502803938697251
BTC-USD,2026-08-28T20:36:36.842978Z,77327.5,77327.51,0.01,77327.505,-0.5524132358075502803938697251
BTC-USD,2026-08-28T20:36:36.890245Z,77327.5,77327.51,0.01,77327.505,-0.5524132358075502803938697251
BTC-USD,2026-08-28T20:36:36.942854Z,77327.5,77327.51,0.01,77327.505,-0.5523322772936992532394631436
BTC-USD,2026-08-28T20:36:36.996184Z,77327.5,77327.51,0.01,77327.505,-0.5279954155559100945440787386
BTC-USD,2026-08-28T20:36:37.051037Z,77327.5,77327.51,0.01,77327.505,-0.5279954155559100945440787386
BTC-USD,2026-08-28T20:36:37.089539Z,77327.5,77327.51,0.01,77327.505,-0.5226976748218471321075332795
BTC-USD,2026-08-28T20:36:37.149823Z,77327.5,77327.51,0.01,77327.505,-0.5226976748218471321075332795
BTC-USD,2026-08-28T20:36:37.185725Z,77327.5,77327.51,0.01,77327.505,-0.5226976748218471321075332795
BTC-USD,2026-08-28T20:36:37.22796Z,77328.37,77329.97,1.60,77329.17,-0.8204498542464852997305944485
BTC-USD,2026-08-28T20:36:37.279087Z,77328.37,77329.97,1.60,77329.17,-0.8988105496654103054227181240
BTC-USD,2026-08-28T20:36:37.330735Z,77328.37,77328.38,0.01,77328.375,-0.9283832687919911246081246495
BTC-USD,2026-08-28T20:36:37.374307Z,77328.37,77328.87,0.50,77328.62,-0.9302167946732795444449139235
BTC-USD,2026-08-28T20:36:37.436952Z,77328.37,77328.86,0.49,77328.615,-0.9163753792101305015886847637
BTC-USD,2026-08-28T20:36:37.486985Z,77328.37,77328.38,0.01,77328.375,-0.9163581859691967208256765623
BTC-USD,2026-08-28T20:36:37.540608Z,77328.37,77328.87,0.50,77328.62,-0.6638911273441685920079095455
BTC-USD,2026-08-28T20:36:37.586322Z,77328.37,77328.87,0.50,77328.62,-0.6638911273441685920079095455
BTC-USD,2026-08-28T20:36:37.651492Z,77328.86,77328.87,0.01,77328.865,-0.9349200212231446417373544665
BTC-USD,2026-08-28T20:36:37.69638Z,77328.86,77328.87,0.01,77328.865,-0.9495438209343001574869354129
BTC-USD,2026-08-28T20:36:37.747052Z,77328.86,77328.87,0.01,77328.865,-0.9495438209343001574869354129
BTC-USD,2026-08-28T20:36:37.792716Z,77328.86,77328.87,0.01,77328.865,-0.9495438209343001574869354129
BTC-USD,2026-08-28T20:36:37.846532Z,77328.86,77328.87,0.01,77328.865,-0.9530687283490792406653018626
BTC-USD,2026-08-28T20:36:37.923416Z,77328.86,77328.87,0.01,77328.865,-0.9530687283490792406653018626
BTC-USD,2026-08-28T20:36:38.032655Z,77328.37,77328.38,0.01,77328.375,-0.5280790699153670804880637581
BTC-USD,2026-08-28T20:36:38.085052Z,77328.37,77328.38,0.01,77328.375,-0.5280790699153670804880637581
BTC-USD,2026-08-28T20:36:38.14267Z,77328.37,77328.38,0.01,77328.375,-0.5197882390620835282981433761
BTC-USD,2026-08-28T20:36:38.198592Z,77328.37,77328.38,0.01,77328.375,-0.5349173642944563406797130011
BTC-USD,2026-08-28T20:36:38.238496Z,77328.37,77328.38,0.01,77328.375,-0.5349173642944563406797130011
BTC-USD,2026-08-28T20:36:38.299384Z,77328.37,77328.38,0.01,77328.375,-0.6448545149694150328736631283
BTC-USD,2026-08-28T20:36:38.336285Z,77328.37,77328.38,0.01,77328.375,-0.6448545149694150328736631283
BTC-USD,2026-08-28T20:36:38.39235Z,77328.37,77328.38,0.01,77328.375,-0.6448545149694150328736631283
BTC-USD,2026-08-28T20:36:38.413258Z,77328.37,77328.38,0.01,77328.375,-0.6448545149694150328736631283
BTC-USD,2026-08-28T20:36:38.46377Z,77328.37,77328.38,0.01,77328.375,-0.6436053528324173093430952103
BTC-USD,2026-08-28T20:36:38.514721Z,77329.87,77329.88,0.01,77329.875,-0.5816119896968994618999549280
BTC-USD,2026-08-28T20:36:38.590637Z,77329.87,77329.88,0.01,77329.875,-0.7021774333985175462702866187
BTC-USD,2026-08-28T20:36:38.650342Z,77329.87,77329.88,0.01,77329.875,-0.7021774333985175462702866187
BTC-USD,2026-08-28T20:36:38.693304Z,77329.87,77329.88,0.01,77329.875,-0.7021987001098359168783733003
BTC-USD,2026-08-28T20:36:38.743991Z,77329.87,77329.88,0.01,77329.875,-0.6634618511211097608229980447
BTC-USD,2026-08-28T20:36:38.796738Z,77329.87,77329.88,0.01,77329.875,-0.6634618511211097608229980447
BTC-USD,2026-08-28T20:36:38.85758Z,77329.87,77329.88,0.01,77329.875,-0.6227736473885955944067354604
BTC-USD,2026-08-28T20:36:38.88506Z,77329.87,77329.88,0.01,77329.875,-0.6292362476898586276514729153
BTC-USD,2026-08-28T20:36:38.951385Z,77329.87,77329.88,0.01,77329.875,-0.6292375618685420672397704011
BTC-USD,2026-08-28T20:36:38.999254Z,77329.87,77329.88,0.01,77329.875,-0.6292375618685420672397704011
BTC-USD,2026-08-28T20:36:39.045141Z,77329.87,77329.88,0.01,77329.875,-0.6292375618685420672397704011
BTC-USD,2026-08-28T20:36:39.084204Z,77329.87,77329.88,0.01,77329.875,-0.6292375618685420672397704011
BTC-USD,2026-08-28T20:36:39.144875Z,77329.87,77329.88,0.01,77329.875,-0.6366024100190915221509860002
BTC-USD,2026-08-28T20:36:39.195473Z,77329.87,77329.88,0.01,77329.875,-0.6366024100190915221509860002
BTC-USD,2026-08-28T20:36:39.236651Z,77329.87,77329.88,0.01,77329.875,-0.6292375618685420672397704011
BTC-USD,2026-08-28T20:36:39.285099Z,77329.87,77329.88,0.01,77329.875,-0.6292375618685420672397704011
BTC-USD,2026-08-28T20:36:39.340266Z,77329.87,77329.88,0.01,77329.875,-0.6292377847014067820814192601
BTC-USD,2026-08-28T20:36:39.395177Z,77329.87,77329.88,0.01,77329.875,-0.6562481947053264684235722747
BTC-USD,2026-08-28T20:36:39.413282Z,77329.87,77329.88,0.01,77329.875,-0.6292371920326014374316150814
BTC-USD,2026-08-28T20:36:39.478018Z,77329.87,77329.88,0.01,77329.875,-0.6292371920326014374316150814
BTC-USD,2026-08-28T20:36:39.553635Z,77329.87,77329.88,0.01,77329.875,-0.6196855633551076587510777007
BTC-USD,2026-08-28T20:36:39.582557Z,77329.87,77329.88,0.01,77329.875,-0.6196855633551076587510777007
BTC-USD,2026-08-28T20:36:39.637704Z,77329.87,77329.88,0.01,77329.875,-0.6196855633551076587510777007
BTC-USD,2026-08-28T20:36:39.70564Z,77329.87,77329.88,0.01,77329.875,-0.6269654186701101927830783080
BTC-USD,2026-08-28T20:36:39.735787Z,77329.87,77329.88,0.01,77329.875,-0.6269654186701101927830783080
BTC-USD,2026-08-28T20:36:39.789372Z,77329.87,77329.88,0.01,77329.875,-0.6269654186701101927830783080
BTC-USD,2026-08-28T20:36:39.851451Z,77329.87,77329.88,0.01,77329.875,-0.6269654186701101927830783080
BTC-USD,2026-08-28T20:36:39.898488Z,77329.87,77329.88,0.01,77329.875,-0.6269654186701101927830783080
BTC-USD,2026-08-28T20:36:39.950489Z,77329.87,77329.88,0.01,77329.875,-0.6269654186701101927830783080
BTC-USD,2026-08-28T20:36:39.995636Z,77329.87,77329.88,0.01,77329.875,-0.6269654186701101927830783080
BTC-USD,2026-08-28T20:36:40.053999Z,77329.15,77329.16,0.01,77329.155,-0.9316713541472367110203338221
BTC-USD,2026-08-28T20:36:40.078667Z,77329.15,77329.16,0.01,77329.155,-0.9383013689102695604452327492
BTC-USD,2026-08-28T20:36:40.168562Z,77329.15,77329.16,0.01,77329.155,-0.9383013689102695604452327492
BTC-USD,2026-08-28T20:36:40.240619Z,77326.49,77326.5,0.01,77326.495,-0.9446418269260226375575223974
BTC-USD,2026-08-28T20:36:40.262653Z,77326.49,77326.5,0.01,77326.495,-0.7087557450632483519881392692
BTC-USD,2026-08-28T20:36:40.34286Z,77326.49,77326.5,0.01,77326.495,-0.9573336468002320987740804507
BTC-USD,2026-08-28T20:36:40.395338Z,77326.49,77326.5,0.01,77326.495,-0.7439082765206623035501919312
BTC-USD,2026-08-28T20:36:40.436441Z,77323.65,77325.48,1.83,77324.565,-0.5978537019994433910009355938
BTC-USD,2026-08-28T20:36:40.495345Z,77322.25,77324.79,2.54,77323.52,0.1352121036267116409155776101
BTC-USD,2026-08-28T20:36:40.548239Z,77324.78,77324.79,0.01,77324.785,-0.03579251453925297698970328301
BTC-USD,2026-08-28T20:36:40.595741Z,77324.78,77324.79,0.01,77324.785,-0.03575770202631723981288338948
BTC-USD,2026-08-28T20:36:40.645398Z,77321.25,77324.78,3.53,77323.015,0.1327934641016182233687654680
BTC-USD,2026-08-28T20:36:40.681604Z,77323.98,77323.99,0.01,77323.985,-0.3665307413932679807503989519
BTC-USD,2026-08-28T20:36:40.724473Z,77323.98,77323.99,0.01,77323.985,-0.3665307413932679807503989519
BTC-USD,2026-08-28T20:36:40.769149Z,77323.98,77323.99,0.01,77323.985,-0.3664570649484773897841500282
BTC-USD,2026-08-28T20:36:40.837095Z,77323.98,77323.99,0.01,77323.985,-0.4054738490525636778766847666
BTC-USD,2026-08-28T20:36:40.874674Z,77323.98,77323.99,0.01,77323.985,-0.4054738490525636778766847666
BTC-USD,2026-08-28T20:36:40.945133Z,77323.98,77323.99,0.01,77323.985,-0.4054738490525636778766847666
BTC-USD,2026-08-28T20:36:40.96375Z,77323.98,77323.99,0.01,77323.985,-0.4054738490525636778766847666
BTC-USD,2026-08-28T20:36:41.022901Z,77323.98,77323.99,0.01,77323.985,-0.4054738490525636778766847666
BTC-USD,2026-08-28T20:36:41.121964Z,77323.98,77323.99,0.01,77323.985,0.3709390914260318772290001174
BTC-USD,2026-08-28T20:36:41.170693Z,77323.98,77323.99,0.01,77323.985,0.3709390914260318772290001174
BTC-USD,2026-08-28T20:36:41.228174Z,77323.98,77323.99,0.01,77323.985,0.3711351113871815555255672101
BTC-USD,2026-08-28T20:36:41.278902Z,77323.98,77323.99,0.01,77323.985,0.3362949414299342809289521960
BTC-USD,2026-08-28T20:36:41.331259Z,77323.98,77323.99,0.01,77323.985,-0.4112670508997660277588208973
BTC-USD,2026-08-28T20:36:41.39506Z,77323.98,77323.99,0.01,77323.985,-0.4113172233502532085536590162
BTC-USD,2026-08-28T20:36:41.416816Z,77323.98,77323.99,0.01,77323.985,-0.4112570112910322270744984020
BTC-USD,2026-08-28T20:36:41.45708Z,77323.98,77323.99,0.01,77323.985,-0.4112570112910322270744984020
BTC-USD,2026-08-28T20:36:41.535147Z,77323.98,77323.99,0.01,77323.985,-0.4112570112910322270744984020
BTC-USD,2026-08-28T20:36:41.59274Z,77323.99,77324,0.01,77323.995,-0.5407170025132669986953430220
BTC-USD,2026-08-28T20:36:41.632203Z,77323.99,77324,0.01,77323.995,-0.5149993976670330139610730765
BTC-USD,2026-08-28T20:36:41.701113Z,77323.99,77324,0.01,77323.995,-0.8825539788592376948176196942
BTC-USD,2026-08-28T20:36:41.739704Z,77323.99,77324,0.01,77323.995,-0.8825539788592376948176196942
BTC-USD,2026-08-28T20:36:41.787526Z,77323.99,77324,0.01,77323.995,-0.8825539788592376948176196942
BTC-USD,2026-08-28T20:36:41.850564Z,77323.99,77324,0.01,77323.995,-0.8825539788592376948176196942
BTC-USD,2026-08-28T20:36:41.892105Z,77323.99,77324,0.01,77323.995,-0.8825539788592376948176196942
BTC-USD,2026-08-28T20:36:41.949435Z,77323.99,77324,0.01,77323.995,-0.8825539788592376948176196942
BTC-USD,2026-08-28T20:36:41.978952Z,77323.99,77324,0.01,77323.995,-0.8825539788592376948176196942
BTC-USD,2026-08-28T20:36:42.018403Z,77323.99,77324,0.01,77323.995,-0.8825539788592376948176196942
BTC-USD,2026-08-28T20:36:42.089887Z,77323.99,77324,0.01,77323.995,-0.8680310639022305473076686976
BTC-USD,2026-08-28T20:36:42.135018Z,77323.99,77324,0.01,77323.995,-0.8680310639022305473076686976
BTC-USD,2026-08-28T20:36:42.198477Z,77323.99,77324,0.01,77323.995,-0.8683926513406031010444622412
BTC-USD,2026-08-28T20:36:42.235311Z,77323.99,77324,0.01,77323.995,-0.8683926513406031010444622412
BTC-USD,2026-08-28T20:36:42.271353Z,77323.99,77324,0.01,77323.995,-0.8680179312115201893616230862
BTC-USD,2026-08-28T20:36:42.335757Z,77323.99,77324,0.01,77323.995,-0.8545350334584410289882116560
BTC-USD,2026-08-28T20:36:42.373702Z,77323.99,77324,0.01,77323.995,-0.8580068453064211890879625089
BTC-USD,2026-08-28T20:36:42.435947Z,77323.99,77324,0.01,77323.995,-0.8758001527832541481910764832
BTC-USD,2026-08-28T20:36:42.502638Z,77323.99,77324,0.01,77323.995,-0.8758001527832541481910764832
BTC-USD,2026-08-28T20:36:42.548177Z,77323.99,77324,0.01,77323.995,-0.8757932900660923085273178822
BTC-USD,2026-08-28T20:36:42.602092Z,77323.99,77324,0.01,77323.995,-0.8757932900660923085273178822
BTC-USD,2026-08-28T20:36:42.629033Z,77323.99,77324,0.01,77323.995,-0.8757932900660923085273178822
BTC-USD,2026-08-28T20:36:42.69127Z,77323.99,77324,0.01,77323.995,-0.8787985545623839256983876925
BTC-USD,2026-08-28T20:36:42.737471Z,77323.99,77324,0.01,77323.995,-0.8787985545623839256983876925
BTC-USD,2026-08-28T20:36:42.789774Z,77323.99,77324,0.01,77323.995,-0.8787950399511412906967179443
BTC-USD,2026-08-28T20:36:42.851412Z,77323.99,77324,0.01,77323.995,-0.8787950399511412906967179443
BTC-USD,2026-08-28T20:36:42.885537Z,77323.99,77324,0.01,77323.995,-0.8787950399511412906967179443
BTC-USD,2026-08-28T20:36:42.920918Z,77323.99,77324,0.01,77323.995,-0.8787950399511412906967179443
BTC-USD,2026-08-28T20:36:42.998218Z,77323.99,77324,0.01,77323.995,-0.8787950399511412906967179443
BTC-USD,2026-08-28T20:36:43.026975Z,77323.99,77324,0.01,77323.995,-0.8757895989974320539572496429
BTC-USD,2026-08-28T20:36:43.096482Z,77323.99,77324,0.01,77323.995,-0.8757895989974320539572496429
BTC-USD,2026-08-28T20:36:43.141761Z,77323.99,77324,0.01,77323.995,-0.8787950399511412906967179443
BTC-USD,2026-08-28T20:36:43.188034Z,77323.99,77324,0.01,77323.995,-0.8787950399511412906967179443
BTC-USD,2026-08-28T20:36:43.238081Z,77323.99,77324,0.01,77323.995,-0.6460886075983661682066731527
BTC-USD,2026-08-28T20:36:43.29508Z,77323.99,77324,0.01,77323.995,-0.6460733049378633272106431215
BTC-USD,2026-08-28T20:36:43.342578Z,77323.99,77324,0.01,77323.995,-0.6460733049378633272106431215
BTC-USD,2026-08-28T20:36:43.375903Z,77323.99,77324,0.01,77323.995,-0.6460733049378633272106431215
BTC-USD,2026-08-28T20:36:43.446017Z,77323.99,77324,0.01,77323.995,-0.6460733049378633272106431215
BTC-USD,2026-08-28T20:36:43.476916Z,77323.99,77324,0.01,77323.995,-0.6460733049378633272106431215
BTC-USD,2026-08-28T20:36:43.547692Z,77323.99,77324,0.01,77323.995,-0.6460733049378633272106431215
BTC-USD,2026-08-28T20:36:43.602314Z,77323.99,77324,0.01,77323.995,-0.6460733049378633272106431215
BTC-USD,2026-08-28T20:36:43.636583Z,77323.99,77324,0.01,77323.995,-0.6460733049378633272106431215
BTC-USD,2026-08-28T20:36:43.685158Z,77323.99,77324,0.01,77323.995,-0.6460733049378633272106431215
BTC-USD,2026-08-28T20:36:43.738495Z,77323.99,77324,0.01,77323.995,-0.6460735935167409015758277359
BTC-USD,2026-08-28T20:36:43.798756Z,77323.99,77324,0.01,77323.995,-0.6460735935167409015758277359
BTC-USD,2026-08-28T20:36:43.850814Z,77323.99,77324,0.01,77323.995,-0.6460735935167409015758277359
BTC-USD,2026-08-28T20:36:43.887389Z,77323.99,77324,0.01,77323.995,-0.6456371626213749868891293716
BTC-USD,2026-08-28T20:36:43.951933Z,77323.99,77324,0.01,77323.995,-0.5947457403627919970622557121
BTC-USD,2026-08-28T20:36:44.038608Z,77323.99,77324,0.01,77323.995,-0.4810276406470595094819575203
BTC-USD,2026-08-28T20:36:44.075224Z,77323.99,77324,0.01,77323.995,-0.5947457403627919970622557121
BTC-USD,2026-08-28T20:36:44.139477Z,77323.99,77324,0.01,77323.995,-0.5947457403627919970622557121
BTC-USD,2026-08-28T20:36:44.185159Z,77323.99,77324,0.01,77323.995,-0.5947457403627919970622557121
BTC-USD,2026-08-28T20:36:44.226515Z,77323.99,77324,0.01,77323.995,-0.8549757109896189598825475196
BTC-USD,2026-08-28T20:36:44.274939Z,77323.99,77324,0.01,77323.995,-0.6456371626213749868891293716
BTC-USD,2026-08-28T20:36:44.304045Z,77323.99,77324,0.01,77323.995,-0.4638530597228469082433170269
BTC-USD,2026-08-28T20:36:44.391132Z,77323.99,77324,0.01,77323.995,-0.4638530597228469082433170269
BTC-USD,2026-08-28T20:36:44.446352Z,77323.99,77324,0.01,77323.995,-0.4940194947145039938851334485
BTC-USD,2026-08-28T20:36:44.492801Z,77323.99,77324,0.01,77323.995,-0.8676616620344381768945740406
BTC-USD,2026-08-28T20:36:44.55128Z,77323.99,77324,0.01,77323.995,-0.4840602798414246749736284826
BTC-USD,2026-08-28T20:36:44.597293Z,77323.99,77324,0.01,77323.995,-0.4840602798414246749736284826
BTC-USD,2026-08-28T20:36:44.647062Z,77323.99,77324,0.01,77323.995,-0.4840602798414246749736284826
BTC-USD,2026-08-28T20:36:44.696496Z,77323.99,77324,0.01,77323.995,-0.5643846844552087053904945947
BTC-USD,2026-08-28T20:36:44.745785Z,77323.99,77324,0.01,77323.995,-0.5643846844552087053904945947
BTC-USD,2026-08-28T20:36:44.803142Z,77323.99,77324,0.01,77323.995,-0.5643852409881794284986518778
BTC-USD,2026-08-28T20:36:44.84123Z,77323.99,77324,0.01,77323.995,-0.5643852409881794284986518778
BTC-USD,2026-08-28T20:36:44.885636Z,77323.99,77324,0.01,77323.995,-0.5643852409881794284986518778
BTC-USD,2026-08-28T20:36:44.931248Z,77323.99,77324,0.01,77323.995,-0.5643852409881794284986518778
BTC-USD,2026-08-28T20:36:45.000571Z,77323.99,77324,0.01,77323.995,-0.5643852409881794284986518778
BTC-USD,2026-08-28T20:36:45.05234Z,77323.99,77324,0.01,77323.995,-0.3618478601888297159743018733
BTC-USD,2026-08-28T20:36:45.090868Z,77323.99,77324,0.01,77323.995,-0.3618478601888297159743018733
BTC-USD,2026-08-28T20:36:45.12619Z,77323.99,77324,0.01,77323.995,-0.5636200678525731410035972312
BTC-USD,2026-08-28T20:36:45.176133Z,77323.99,77324,0.01,77323.995,-0.4382002676336664400806339328
BTC-USD,2026-08-28T20:36:45.244399Z,77323.99,77324,0.01,77323.995,-0.3618478601888297159743018733
BTC-USD,2026-08-28T20:36:45.279249Z,77323.99,77324,0.01,77323.995,-0.3618478601888297159743018733
BTC-USD,2026-08-28T20:36:45.311754Z,77323.99,77324,0.01,77323.995,-0.3567463232618643832893301999
BTC-USD,2026-08-28T20:36:45.387539Z,77323.99,77324,0.01,77323.995,-0.5612405675520481259167343383
BTC-USD,2026-08-28T20:36:45.444332Z,77323.99,77324,0.01,77323.995,-0.3568360495794453276144585402
BTC-USD,2026-08-28T20:36:45.481408Z,77323.99,77324,0.01,77323.995,-0.3569547245713412570404676007
BTC-USD,2026-08-28T20:36:45.533827Z,77323.99,77324,0.01,77323.995,-0.3569547245713412570404676007
BTC-USD,2026-08-28T20:36:45.575353Z,77323.99,77324,0.01,77323.995,-0.3569547245713412570404676007
BTC-USD,2026-08-28T20:36:45.639867Z,77323.99,77324,0.01,77323.995,-0.3569552278310547379338422574
BTC-USD,2026-08-28T20:36:45.747636Z,77323.99,77324,0.01,77323.995,-0.3569552278310547379338422574
BTC-USD,2026-08-28T20:36:45.798704Z,77323.99,77324,0.01,77323.995,-0.3568846073672520459223636571
BTC-USD,2026-08-28T20:36:45.849233Z,77323.99,77324,0.01,77323.995,-0.3568846073672520459223636571
BTC-USD,2026-08-28T20:36:45.893826Z,77323.99,77324,0.01,77323.995,-0.3568846073672520459223636571
BTC-USD,2026-08-28T20:36:45.944177Z,77323.99,77324,0.01,77323.995,-0.3568846073672520459223636571
BTC-USD,2026-08-28T20:36:45.997283Z,77323.99,77324,0.01,77323.995,-0.3568846073672520459223636571
BTC-USD,2026-08-28T20:36:46.030516Z,77323.99,77324,0.01,77323.995,-0.3568846073672520459223636571
BTC-USD,2026-08-28T20:36:46.083488Z,77323.99,77324,0.01,77323.995,-0.3568846073672520459223636571
BTC-USD,2026-08-28T20:36:46.116925Z,77323.99,77324,0.01,77323.995,-0.3568846073672520459223636571
BTC-USD,2026-08-28T20:36:46.202414Z,77323.99,77324,0.01,77323.995,-0.3568846073672520459223636571
BTC-USD,2026-08-28T20:36:46.257253Z,77323.99,77324,0.01,77323.995,-0.3568846073672520459223636571
BTC-USD,2026-08-28T20:36:46.289101Z,77323.99,77324,0.01,77323.995,-0.3568086692159876803900286859
BTC-USD,2026-08-28T20:36:46.351948Z,77323.99,77324,0.01,77323.995,-0.3568086692159876803900286859
BTC-USD,2026-08-28T20:36:46.379366Z,77323.99,77324,0.01,77323.995,-0.3568089207916324932492693018
BTC-USD,2026-08-28T20:36:46.439028Z,77323.99,77324,0.01,77323.995,-0.3568089207916324932492693018
BTC-USD,2026-08-28T20:36:46.567416Z,77323.99,77324,0.01,77323.995,-0.3568089207916324932492693018
BTC-USD,2026-08-28T20:36:46.592682Z,77323.99,77324,0.01,77323.995,-0.3568089207916324932492693018
BTC-USD,2026-08-28T20:36:46.636353Z,77323.99,77324,0.01,77323.995,-0.3568089207916324932492693018
BTC-USD,2026-08-28T20:36:46.684477Z,77323.99,77324,0.01,77323.995,-0.3568089207916324932492693018
BTC-USD,2026-08-28T20:36:46.727442Z,77323.99,77324,0.01,77323.995,-0.3568089207916324932492693018
BTC-USD,2026-08-28T20:36:46.788122Z,77323.99,77324,0.01,77323.995,-0.3568089207916324932492693018
BTC-USD,2026-08-28T20:36:46.843444Z,77323.99,77324,0.01,77323.995,-0.5620636339043070228814857990
BTC-USD,2026-08-28T20:36:46.888021Z,77323.99,77324,0.01,77323.995,-0.5620642583896198685212972000
BTC-USD,2026-08-28T20:36:46.941859Z,77323.99,77324,0.01,77323.995,-0.5620642583896198685212972000
BTC-USD,2026-08-28T20:36:47.038305Z,77323.99,77324,0.01,77323.995,-0.5620642583896198685212972000
BTC-USD,2026-08-28T20:36:47.086699Z,77323.99,77324,0.01,77323.995,-0.6329517102602920108517727386
BTC-USD,2026-08-28T20:36:47.135255Z,77323.99,77324,0.01,77323.995,-0.6329517102602920108517727386
BTC-USD,2026-08-28T20:36:47.190376Z,77322.01,77322.7,0.69,77322.355,-0.02936994428617043290818065984
BTC-USD,2026-08-28T20:36:47.228521Z,77322.01,77322.7,0.69,77322.355,0.1025242983883345841928249007
BTC-USD,2026-08-28T20:36:47.277085Z,77322.02,77322.03,0.01,77322.025,-0.1379651195626799987714102001
BTC-USD,2026-08-28T20:36:47.35359Z,77322.02,77322.03,0.01,77322.025,0.1966328131061222019090122920
BTC-USD,2026-08-28T20:36:47.390818Z,77322.02,77322.03,0.01,77322.025,0.1966328131061222019090122920
BTC-USD,2026-08-28T20:36:47.436098Z,77322.02,77322.03,0.01,77322.025,-0.07121587948663918519873191708
BTC-USD,2026-08-28T20:36:47.487239Z,77322.02,77322.03,0.01,77322.025,-0.1836174744360013889536165299
BTC-USD,2026-08-28T20:36:47.592168Z,77322.02,77322.03,0.01,77322.025,-0.1836174744360013889536165299
BTC-USD,2026-08-28T20:36:47.614143Z,77322.02,77322.03,0.01,77322.025,-0.1836174744360013889536165299
BTC-USD,2026-08-28T20:36:47.681671Z,77322.02,77322.03,0.01,77322.025,-0.1836174744360013889536165299
BTC-USD,2026-08-28T20:36:47.729137Z,77322.02,77322.03,0.01,77322.025,-0.1836174744360013889536165299
BTC-USD,2026-08-28T20:36:47.789672Z,77322.02,77322.03,0.01,77322.025,-0.03890097257778012915750413070
BTC-USD,2026-08-28T20:36:47.844669Z,77322.02,77322.03,0.01,77322.025,-0.03890097257778012915750413070
BTC-USD,2026-08-28T20:36:47.892594Z,77322.02,77322.03,0.01,77322.025,-0.2991727776920467114837688097
BTC-USD,2026-08-28T20:36:47.934397Z,77322.02,77322.03,0.01,77322.025,-0.2991727776920467114837688097
BTC-USD,2026-08-28T20:36:47.988178Z,77322.02,77322.03,0.01,77322.025,-0.2976317778070076976696225096
BTC-USD,2026-08-28T20:36:48.027633Z,77322.02,77322.03,0.01,77322.025,-0.2976317778070076976696225096
BTC-USD,2026-08-28T20:36:48.073626Z,77322.02,77322.03,0.01,77322.025,-0.2976317778070076976696225096
BTC-USD,2026-08-28T20:36:48.126717Z,77322.02,77322.03,0.01,77322.025,-0.2976317778070076976696225096
BTC-USD,2026-08-28T20:36:48.183493Z,77322.02,77322.03,0.01,77322.025,-0.2974892917237929603107313041
BTC-USD,2026-08-28T20:36:48.23265Z,77322.02,77322.03,0.01,77322.025,-0.2974892917237929603107313041
BTC-USD,2026-08-28T20:36:48.292634Z,77322.02,77322.03,0.01,77322.025,-0.2974892917237929603107313041
BTC-USD,2026-08-28T20:36:48.340027Z,77322.02,77322.03,0.01,77322.025,-0.2974892917237929603107313041
BTC-USD,2026-08-28T20:36:48.379458Z,77322.02,77322.03,0.01,77322.025,-0.2404504268799332539831911414
BTC-USD,2026-08-28T20:36:48.449127Z,77322.02,77322.03,0.01,77322.025,-0.2041577138793300747202000362
BTC-USD,2026-08-28T20:36:48.475492Z,77322.02,77322.03,0.01,77322.025,-0.2041577138793300747202000362
BTC-USD,2026-08-28T20:36:48.535852Z,77322.02,77322.03,0.01,77322.025,-0.2041577138793300747202000362
BTC-USD,2026-08-28T20:36:48.600757Z,77322.02,77322.03,0.01,77322.025,-0.2041577138793300747202000362
BTC-USD,2026-08-28T20:36:48.639794Z,77322.02,77322.03,0.01,77322.025,-0.1882700041475628303481507082
BTC-USD,2026-08-28T20:36:48.729893Z,77322.02,77322.03,0.01,77322.025,-0.1882700041475628303481507082
BTC-USD,2026-08-28T20:36:48.795642Z,77322.02,77322.03,0.01,77322.025,-0.2314785060151922015288867464
BTC-USD,2026-08-28T20:36:48.890738Z,77322.02,77322.03,0.01,77322.025,-0.2314785060151922015288867464
BTC-USD,2026-08-28T20:36:48.951164Z,77322.02,77322.03,0.01,77322.025,-0.2314785060151922015288867464
BTC-USD,2026-08-28T20:36:48.966749Z,77322.02,77322.03,0.01,77322.025,-0.2314785060151922015288867464
BTC-USD,2026-08-28T20:36:49.031045Z,77322.02,77322.03,0.01,77322.025,-0.2314785060151922015288867464
BTC-USD,2026-08-28T20:36:49.085128Z,77322.02,77322.03,0.01,77322.025,-0.2314787026705459379913475457
BTC-USD,2026-08-28T20:36:49.137704Z,77322.02,77322.03,0.01,77322.025,-0.2314787026705459379913475457
BTC-USD,2026-08-28T20:36:49.190535Z,77322.02,77322.03,0.01,77322.025,-0.2314787026705459379913475457
BTC-USD,2026-08-28T20:36:49.293056Z,77322.02,77322.03,0.01,77322.025,-0.2409163230297966542599985014
BTC-USD,2026-08-28T20:36:49.350074Z,77322.02,77322.03,0.01,77322.025,-0.2409163230297966542599985014
BTC-USD,2026-08-28T20:36:49.393495Z,77322.02,77322.03,0.01,77322.025,-0.2409163230297966542599985014
BTC-USD,2026-08-28T20:36:49.485288Z,77322.02,77322.03,0.01,77322.025,-0.2363316839654591112321779556
BTC-USD,2026-08-28T20:36:49.515455Z,77322.02,77322.03,0.01,77322.025,-0.7185657565245255913343570707
BTC-USD,2026-08-28T20:36:49.564448Z,77322.02,77322.03,0.01,77322.025,-0.9031861213019606996167649848
BTC-USD,2026-08-28T20:36:49.64489Z,77322.02,77322.03,0.01,77322.025,-0.9031861213019606996167649848
BTC-USD,2026-08-28T20:36:49.700346Z,77322.02,77322.03,0.01,77322.025,-0.9052219206598159606862990936
BTC-USD,2026-08-28T20:36:49.716405Z,77322.02,77322.03,0.01,77322.025,-0.9052219206598159606862990936
BTC-USD,2026-08-28T20:36:49.797301Z,77322.02,77322.03,0.01,77322.025,-0.9052219206598159606862990936
BTC-USD,2026-08-28T20:36:49.8465Z,77322.02,77322.03,0.01,77322.025,-0.7239170382991711534026058063
BTC-USD,2026-08-28T20:36:49.877586Z,77322.02,77322.03,0.01,77322.025,-0.7239170382991711534026058063
BTC-USD,2026-08-28T20:36:49.957453Z,77322.02,77322.03,0.01,77322.025,-0.7239170382991711534026058063
BTC-USD,2026-08-28T20:36:49.983538Z,77322.02,77322.03,0.01,77322.025,-0.7239170382991711534026058063
BTC-USD,2026-08-28T20:36:50.053001Z,77322.02,77322.03,0.01,77322.025,-0.7239170382991711534026058063
BTC-USD,2026-08-28T20:36:50.081539Z,77322.02,77322.03,0.01,77322.025,-0.7239170382991711534026058063
BTC-USD,2026-08-28T20:36:50.136353Z,77322.02,77322.03,0.01,77322.025,-0.7239172920001573198409127023
BTC-USD,2026-08-28T20:36:50.168164Z,77322.02,77322.03,0.01,77322.025,-0.7239220489074739713310656550
BTC-USD,2026-08-28T20:36:50.231746Z,77322.02,77322.03,0.01,77322.025,-0.7239220489074739713310656550
BTC-USD,2026-08-28T20:36:50.285949Z,77322.02,77322.03,0.01,77322.025,-0.7239220489074739713310656550
BTC-USD,2026-08-28T20:36:50.341828Z,77322.02,77322.03,0.01,77322.025,-0.7185672389877157783623150602
BTC-USD,2026-08-28T20:36:50.395333Z,77322.02,77322.03,0.01,77322.025,-0.7185680124477868307128969815
BTC-USD,2026-08-28T20:36:50.445168Z,77322.02,77322.03,0.01,77322.025,-0.7152401456811329636803352032
BTC-USD,2026-08-28T20:36:50.505796Z,77322.02,77322.03,0.01,77322.025,-0.8991134952973366231986565785
BTC-USD,2026-08-28T20:36:50.544086Z,77322.02,77322.03,0.01,77322.025,-0.1842194664446091274777544745
BTC-USD,2026-08-28T20:36:50.574611Z,77322.02,77322.03,0.01,77322.025,-0.1842269019572347482723605448
BTC-USD,2026-08-28T20:36:50.63759Z,77322.02,77322.03,0.01,77322.025,0.7767177679717934836845280387
BTC-USD,2026-08-28T20:36:50.696711Z,77322.02,77322.03,0.01,77322.025,0.7644316243503236935019882246
BTC-USD,2026-08-28T20:36:50.724679Z,77322.02,77322.03,0.01,77322.025,0.7767177679717934836845280387
BTC-USD,2026-08-28T20:36:50.786201Z,77322.02,77322.03,0.01,77322.025,0.8025493196856726176139002891
BTC-USD,2026-08-28T20:36:50.814885Z,77322.02,77322.03,0.01,77322.025,0.8025493196856726176139002891
BTC-USD,2026-08-28T20:36:50.891182Z,77322.02,77322.03,0.01,77322.025,0.7929698576196847738559369529
BTC-USD,2026-08-28T20:36:50.923487Z,77322.02,77322.03,0.01,77322.025,0.8075930584167516308236478844
BTC-USD,2026-08-28T20:36:50.99675Z,77322.02,77322.03,0.01,77322.025,0.08842014535060613955883987662
BTC-USD,2026-08-28T20:36:51.047704Z,77322.02,77322.03,0.01,77322.025,0.06516057245352471856281980657
BTC-USD,2026-08-28T20:36:51.083814Z,77322.02,77322.03,0.01,77322.025,0.06516057245352471856281980657
BTC-USD,2026-08-28T20:36:51.146512Z,77322.02,77322.03,0.01,77322.025,0.06516057245352471856281980657
BTC-USD,2026-08-28T20:36:51.196093Z,77322.02,77322.03,0.01,77322.025,0.06516057245352471856281980657
BTC-USD,2026-08-28T20:36:51.243671Z,77322.02,77322.03,0.01,77322.025,0.06516027594726103001132362145
BTC-USD,2026-08-28T20:36:51.289787Z,77322.02,77322.03,0.01,77322.025,0.06516027594726103001132362145
BTC-USD,2026-08-28T20:36:51.306206Z,77322.02,77322.03,0.01,77322.025,0.06520499685008952850084876846
BTC-USD,2026-08-28T20:36:51.387823Z,77322.02,77322.03,0.01,77322.025,0.03892830951199000715215004293
BTC-USD,2026-08-28T20:36:51.443958Z,77322.02,77322.03,0.01,77322.025,0.06520894987323765130897546780
BTC-USD,2026-08-28T20:36:51.476068Z,77322.02,77322.03,0.01,77322.025,0.06520894987323765130897546780
BTC-USD,2026-08-28T20:36:51.525395Z,77322.02,77322.03,0.01,77322.025,0.06520820868394401689010127517
BTC-USD,2026-08-28T20:36:51.581944Z,77322.02,77322.03,0.01,77322.025,0.06520820868394401689010127517
BTC-USD,2026-08-28T20:36:51.624962Z,77322.02,77322.03,0.01,77322.025,0.06520820868394401689010127517
BTC-USD,2026-08-28T20:36:51.674674Z,77322.02,77322.03,0.01,77322.025,0.06520820868394401689010127517
BTC-USD,2026-08-28T20:36:51.741241Z,77322.02,77322.03,0.01,77322.025,0.05628451489279569140865392406
BTC-USD,2026-08-28T20:36:51.796669Z,77322.02,77322.03,0.01,77322.025,0.05628451489279569140865392406
BTC-USD,2026-08-28T20:36:51.845827Z,77322.02,77322.03,0.01,77322.025,0.05628451489279569140865392406
BTC-USD,2026-08-28T20:36:51.890899Z,77322.02,77322.03,0.01,77322.025,0.05628451489279569140865392406
BTC-USD,2026-08-28T20:36:51.910405Z,77322.02,77322.03,0.01,77322.025,0.05628451489279569140865392406
BTC-USD,2026-08-28T20:36:51.951819Z,77322.02,77322.03,0.01,77322.025,0.05628451489279569140865392406
BTC-USD,2026-08-28T20:36:52.033332Z,77322.02,77322.03,0.01,77322.025,0.05883555774805993538571156333
BTC-USD,2026-08-28T20:36:52.09288Z,77322.02,77322.03,0.01,77322.025,0.05883555774805993538571156333
BTC-USD,2026-08-28T20:36:52.135712Z,77322.02,77322.03,0.01,77322.025,0.05883555774805993538571156333
BTC-USD,2026-08-28T20:36:52.184556Z,77322.02,77322.03,0.01,77322.025,0.06014163536968212478968241290
BTC-USD,2026-08-28T20:36:52.204414Z,77322.02,77322.03,0.01,77322.025,0.06014163536968212478968241290
BTC-USD,2026-08-28T20:36:52.32935Z,77322.02,77322.03,0.01,77322.025,0.06014085378314577884227390437
BTC-USD,2026-08-28T20:36:52.387872Z,77322.02,77322.03,0.01,77322.025,0.06014085378314577884227390437
BTC-USD,2026-08-28T20:36:52.411659Z,77322.02,77322.03,0.01,77322.025,0.06014085378314577884227390437
BTC-USD,2026-08-28T20:36:52.537468Z,77322.02,77322.03,0.01,77322.025,0.06014085378314577884227390437
BTC-USD,2026-08-28T20:36:52.602845Z,77322.02,77322.03,0.01,77322.025,0.06014077814567004848149899675
BTC-USD,2026-08-28T20:36:52.697078Z,77322.02,77322.03,0.01,77322.025,0.06014077814567004848149899675
BTC-USD,2026-08-28T20:36:52.725842Z,77322.02,77322.03,0.01,77322.025,0.06014077814567004848149899675
BTC-USD,2026-08-28T20:36:52.779042Z,77322.02,77322.03,0.01,77322.025,0.06014077814567004848149899675
BTC-USD,2026-08-28T20:36:52.892583Z,77322.02,77322.03,0.01,77322.025,-0.05230922454348065473735341751
BTC-USD,2026-08-28T20:36:52.940952Z,77322.02,77322.03,0.01,77322.025,-0.05230922454348065473735341751
BTC-USD,2026-08-28T20:36:52.978046Z,77322.02,77322.03,0.01,77322.025,-0.05230922454348065473735341751
BTC-USD,2026-08-28T20:36:53.02889Z,77322.02,77322.03,0.01,77322.025,-0.05230922454348065473735341751
BTC-USD,2026-08-28T20:36:53.084795Z,77322.02,77322.03,0.01,77322.025,-0.05230922454348065473735341751
BTC-USD,2026-08-28T20:36:53.192395Z,77322.02,77322.03,0.01,77322.025,-0.05230922454348065473735341751
BTC-USD,2026-08-28T20:36:53.206243Z,77322.02,77322.03,0.01,77322.025,-0.05230922454348065473735341751
BTC-USD,2026-08-28T20:36:53.291415Z,77322.02,77322.03,0.01,77322.025,-0.05230922454348065473735341751
BTC-USD,2026-08-28T20:36:53.351027Z,77322.02,77322.03,0.01,77322.025,0.5071286889170827223242837637
BTC-USD,2026-08-28T20:36:53.385213Z,77322.02,77322.03,0.01,77322.025,0.5071286889170827223242837637
BTC-USD,2026-08-28T20:36:53.440217Z,77322.02,77322.03,0.01,77322.025,0.5420546865488188930620677319
BTC-USD,2026-08-28T20:36:53.489078Z,77322.02,77322.03,0.01,77322.025,0.5420546865488188930620677319
BTC-USD,2026-08-28T20:36:53.517017Z,77322.02,77322.03,0.01,77322.025,0.5420546865488188930620677319
BTC-USD,2026-08-28T20:36:53.58801Z,77322.02,77322.03,0.01,77322.025,0.5648639512373526791793453460
BTC-USD,2026-08-28T20:36:53.629949Z,77322.02,77322.03,0.01,77322.025,0.5648638573573164860448527880
BTC-USD,2026-08-28T20:36:53.675794Z,77328.37,77328.43,0.06,77328.40,-0.7407643603792872044762283153
BTC-USD,2026-08-28T20:36:53.724009Z,77328.42,77328.43,0.01,77328.425,-0.7853298580586965156791273992
BTC-USD,2026-08-28T20:36:53.77129Z,77328.42,77328.43,0.01,77328.425,-0.8045461339128410021695114461
BTC-USD,2026-08-28T20:36:53.837033Z,77328.42,77328.43,0.01,77328.425,-0.8363886651690969172509192342
BTC-USD,2026-08-28T20:36:53.885451Z,77328.42,77328.43,0.01,77328.425,-0.8363886651690969172509192342
BTC-USD,2026-08-28T20:36:53.935797Z,77328.42,77328.43,0.01,77328.425,-0.8363886651690969172509192342
BTC-USD,2026-08-28T20:36:53.995175Z,77328.42,77328.43,0.01,77328.425,-0.8184905358080823997422957021
BTC-USD,2026-08-28T20:36:54.04528Z,77328.42,77328.43,0.01,77328.425,-0.8137885927246477318825741487
BTC-USD,2026-08-28T20:36:54.085302Z,77328.42,77328.43,0.01,77328.425,-0.8137884322293227413539151772
BTC-USD,2026-08-28T20:36:54.129125Z,77328.42,77328.43,0.01,77328.425,-0.8213652739112279622236784998
BTC-USD,2026-08-28T20:36:54.181709Z,77328.42,77328.43,0.01,77328.425,-0.8137884322293227413539151772
BTC-USD,2026-08-28T20:36:54.205027Z,77328.42,77328.43,0.01,77328.425,-0.8822128658386832856594985549
BTC-USD,2026-08-28T20:36:54.293212Z,77328.42,77328.43,0.01,77328.425,-0.8822128658386832856594985549
BTC-USD,2026-08-28T20:36:54.386721Z,77328.42,77328.43,0.01,77328.425,-0.8822128658386832856594985549
BTC-USD,2026-08-28T20:36:54.445707Z,77328.42,77328.43,0.01,77328.425,-0.8822129211641901287430197449
BTC-USD,2026-08-28T20:36:54.487944Z,77328.42,77328.43,0.01,77328.425,-0.8822129211641901287430197449
BTC-USD,2026-08-28T20:36:54.527816Z,77328.42,77328.43,0.01,77328.425,-0.8822128168029779570314169317
BTC-USD,2026-08-28T20:36:54.583303Z,77328.42,77328.43,0.01,77328.425,-0.8822128168029779570314169317
BTC-USD,2026-08-28T20:36:54.640231Z,77328.42,77328.43,0.01,77328.425,-0.8822128168029779570314169317
BTC-USD,2026-08-28T20:36:54.698715Z,77328.42,77328.43,0.01,77328.425,-0.8822128168029779570314169317
BTC-USD,2026-08-28T20:36:54.746944Z,77328.42,77328.43,0.01,77328.425,-0.8822129274540933039772348516
BTC-USD,2026-08-28T20:36:54.797021Z,77328.42,77328.43,0.01,77328.425,-0.8822544317703424687311668605
BTC-USD,2026-08-28T20:36:54.84436Z,77328.42,77328.43,0.01,77328.425,-0.8822544317703424687311668605
BTC-USD,2026-08-28T20:36:54.892311Z,77328.42,77328.43,0.01,77328.425,-0.8822544317703424687311668605
BTC-USD,2026-08-28T20:36:54.941004Z,77328.42,77328.43,0.01,77328.425,-0.8822543635631955435262286027
BTC-USD,2026-08-28T20:36:54.952628Z,77328.42,77328.43,0.01,77328.425,-0.8822543635631955435262286027
BTC-USD,2026-08-28T20:36:55.050012Z,77328.42,77328.43,0.01,77328.425,-0.8822543635631955435262286027
BTC-USD,2026-08-28T20:36:55.145789Z,77328.42,77328.43,0.01,77328.425,-0.8746577546443743698208753621
BTC-USD,2026-08-28T20:36:55.199021Z,77328.42,77328.43,0.01,77328.425,-0.8822543635631955435262286027
BTC-USD,2026-08-28T20:36:55.25229Z,77328.42,77328.43,0.01,77328.425,-0.8822543635631955435262286027
BTC-USD,2026-08-28T20:36:55.262469Z,77328.42,77328.43,0.01,77328.425,-0.8822543635631955435262286027
BTC-USD,2026-08-28T20:36:55.355121Z,77328.42,77328.43,0.01,77328.425,-0.8822207446287563072321164753
BTC-USD,2026-08-28T20:36:55.394793Z,77328.42,77328.43,0.01,77328.425,-0.8822208394666791937919819531
BTC-USD,2026-08-28T20:36:55.449637Z,77328.42,77328.43,0.01,77328.425,-0.8822209738204196428843603966
BTC-USD,2026-08-28T20:36:55.522919Z,77328.42,77328.43,0.01,77328.425,-0.8822209738204196428843603966
BTC-USD,2026-08-28T20:36:55.576354Z,77328.42,77328.43,0.01,77328.425,-0.8822209738204196428843603966
BTC-USD,2026-08-28T20:36:55.626758Z,77328.42,77328.43,0.01,77328.425,-0.8822209738204196428843603966
BTC-USD,2026-08-28T20:36:55.681768Z,77328.42,77328.43,0.01,77328.425,-0.8822209738204196428843603966
BTC-USD,2026-08-28T20:36:55.728912Z,77328.42,77328.43,0.01,77328.425,-0.8822209738204196428843603966
BTC-USD,2026-08-28T20:36:55.771846Z,77328.42,77328.43,0.01,77328.425,-0.7859384854205262106815155760
BTC-USD,2026-08-28T20:36:55.837242Z,77328.42,77328.43,0.01,77328.425,-0.8665635202490037778584393949
BTC-USD,2026-08-28T20:36:55.875077Z,77328.42,77328.43,0.01,77328.425,-0.8555287829579105274914427196
BTC-USD,2026-08-28T20:36:55.928605Z,77328.42,77328.43,0.01,77328.425,-0.8739722929452298264109675224
BTC-USD,2026-08-28T20:36:55.971258Z,77328.41,77328.42,0.01,77328.415,-0.7946105953350705639979143791
BTC-USD,2026-08-28T20:36:56.029711Z,77328.42,77328.43,0.01,77328.425,-0.6735649379790159433516151053
BTC-USD,2026-08-28T20:36:56.057886Z,77328.42,77328.43,0.01,77328.425,-0.6727655771589926681430217924
BTC-USD,2026-08-28T20:36:56.108011Z,77328.42,77328.43,0.01,77328.425,-0.6727655771589926681430217924
BTC-USD,2026-08-28T20:36:56.190386Z,77328.42,77328.43,0.01,77328.425,-0.3921953276446429255304220950
BTC-USD,2026-08-28T20:36:56.233677Z,77328.42,77328.43,0.01,77328.425,-0.4689638014836664962310690860
BTC-USD,2026-08-28T20:36:56.282003Z,77328.42,77328.43,0.01,77328.425,-0.6886291151864494007989413597
BTC-USD,2026-08-28T20:36:56.312153Z,77328.42,77328.43,0.01,77328.425,-0.6886291151864494007989413597
BTC-USD,2026-08-28T20:36:56.366861Z,77328.42,77328.43,0.01,77328.425,-0.6796800782891492098001331884
BTC-USD,2026-08-28T20:36:56.427364Z,77328.42,77328.43,0.01,77328.425,-0.6931883393645702066155193181
BTC-USD,2026-08-28T20:36:56.481486Z,77328.42,77328.43,0.01,77328.425,-0.5416082068891877766153751311
BTC-USD,2026-08-28T20:36:56.536469Z,77328.42,77328.43,0.01,77328.425,-0.5673232709591049147820304237
BTC-USD,2026-08-28T20:36:56.581245Z,77328.42,77328.43,0.01,77328.425,-0.5617799090277973816870627502
BTC-USD,2026-08-28T20:36:56.627799Z,77328.42,77328.43,0.01,77328.425,-0.5594808089213684188285185023
BTC-USD,2026-08-28T20:36:56.677178Z,77328.42,77328.43,0.01,77328.425,-0.5594808089213684188285185023
BTC-USD,2026-08-28T20:36:56.721987Z,77328.42,77328.43,0.01,77328.425,-0.5594808089213684188285185023
BTC-USD,2026-08-28T20:36:56.766963Z,77328.42,77328.43,0.01,77328.425,-0.6192039458767627264035854290
BTC-USD,2026-08-28T20:36:56.817854Z,77328.42,77328.43,0.01,77328.425,-0.2865576919723906860030950577
BTC-USD,2026-08-28T20:36:56.886776Z,77328.42,77328.43,0.01,77328.425,-0.3674264821650205090024361171
BTC-USD,2026-08-28T20:36:56.936873Z,77328.42,77328.43,0.01,77328.425,-0.4390981521226693290130307092
BTC-USD,2026-08-28T20:36:56.976157Z,77328.42,77328.43,0.01,77328.425,-0.4533633063531647432994293371
BTC-USD,2026-08-28T20:36:57.027421Z,77328.42,77328.43,0.01,77328.425,-0.3807783126197435402141923069
BTC-USD,2026-08-28T20:36:57.07599Z,77328.42,77328.43,0.01,77328.425,-0.6080337065754381600926568397
BTC-USD,2026-08-28T20:36:57.121698Z,77328.42,77328.43,0.01,77328.425,-0.6010475322168601071635578233
BTC-USD,2026-08-28T20:36:57.194387Z,77328.42,77328.43,0.01,77328.425,-0.5946657622901033095075846510
BTC-USD,2026-08-28T20:36:57.239967Z,77328.42,77328.43,0.01,77328.425,-0.5770679047876731393077755814
BTC-USD,2026-08-28T20:36:57.284265Z,77328.42,77328.43,0.01,77328.425,-0.6291749363714842122508823829
BTC-USD,2026-08-28T20:36:57.327238Z,77328.42,77328.43,0.01,77328.425,-0.6291749363714842122508823829
BTC-USD,2026-08-28T20:36:57.368835Z,77328.42,77328.43,0.01,77328.425,-0.6132508696391572248793540404
BTC-USD,2026-08-28T20:36:57.4217Z,77328.42,77328.43,0.01,77328.425,-0.5493300665600205172916009332
BTC-USD,2026-08-28T20:36:57.568162Z,77328.42,77328.43,0.01,77328.425,-0.2059976490476043122964305210
BTC-USD,2026-08-28T20:36:57.586707Z,77328.42,77328.43,0.01,77328.425,-0.2002561395001040751464083801
BTC-USD,2026-08-28T20:36:57.640771Z,77328.42,77328.43,0.01,77328.425,-0.1846169859501939606914750808
BTC-USD,2026-08-28T20:36:57.693995Z,77328.42,77328.43,0.01,77328.425,-0.4568045275265925060066160320
BTC-USD,2026-08-28T20:36:57.736764Z,77328.42,77328.43,0.01,77328.425,-0.4393610317296847016014976108
BTC-USD,2026-08-28T20:36:57.779874Z,77328.42,77328.43,0.01,77328.425,-0.4529242134785470002260390528
BTC-USD,2026-08-28T20:36:57.822942Z,77328.42,77328.43,0.01,77328.425,-0.4391003255726434026216157208
BTC-USD,2026-08-28T20:36:57.887989Z,77328.42,77328.43,0.01,77328.425,-0.08478568266050608901070591531
BTC-USD,2026-08-28T20:36:57.949892Z,77328.42,77328.43,0.01,77328.425,-0.05598398506330645097480922804
BTC-USD,2026-08-28T20:36:58.022767Z,77328.42,77328.43,0.01,77328.425,-0.03013738853077046723152731613
BTC-USD,2026-08-28T20:36:58.046729Z,77328.42,77328.43,0.01,77328.425,-0.003966933131665390210471884107
BTC-USD,2026-08-28T20:36:58.136764Z,77328.42,77328.43,0.01,77328.425,0.03430561891426053500382275111
BTC-USD,2026-08-28T20:36:58.198646Z,77328.42,77328.43,0.01,77328.425,0.05592340915278148646527774963
BTC-USD,2026-08-28T20:36:58.233449Z,77328.42,77328.43,0.01,77328.425,0.1089445250400856790981314799
BTC-USD,2026-08-28T20:36:58.296875Z,77328.42,77328.43,0.01,77328.425,-0.2036780460634043805311191621
BTC-USD,2026-08-28T20:36:58.340446Z,77328.42,77328.43,0.01,77328.425,-0.1730360240235119805768930930
BTC-USD,2026-08-28T20:36:58.384978Z,77328.42,77328.43,0.01,77328.425,-0.1409522916556938350396278378
BTC-USD,2026-08-28T20:36:58.440239Z,77328.42,77328.43,0.01,77328.425,-0.1394090862661121762965984073
BTC-USD,2026-08-28T20:36:58.496837Z,77328.42,77328.43,0.01,77328.425,0.4724893326166518702366405614
BTC-USD,2026-08-28T20:36:58.552801Z,77328.42,77328.43,0.01,77328.425,0.5694965204644138025422834676
BTC-USD,2026-08-28T20:36:58.603882Z,77328.42,77328.43,0.01,77328.425,0.4090771671571044891114799842
BTC-USD,2026-08-28T20:36:58.628638Z,77328.42,77328.43,0.01,77328.425,0.4757917767908447311809838056
BTC-USD,2026-08-28T20:36:58.692021Z,77328.42,77328.43,0.01,77328.425,0.5387155272901551757045413943
BTC-USD,2026-08-28T20:36:58.736874Z,77328.42,77328.43,0.01,77328.425,0.5675475228345671051194403619
BTC-USD,2026-08-28T20:36:58.780754Z,77328.42,77328.43,0.01,77328.425,0.5109810739974152091538135229
BTC-USD,2026-08-28T20:36:58.838558Z,77328.42,77328.43,0.01,77328.425,0.2415183489451217997400928104
BTC-USD,2026-08-28T20:36:58.898168Z,77328.42,77328.43,0.01,77328.425,0.2415183489451217997400928104
BTC-USD,2026-08-28T20:36:58.949991Z,77328.42,77328.43,0.01,77328.425,0.5214658552322015555925254785
BTC-USD,2026-08-28T20:36:58.980731Z,77328.42,77328.43,0.01,77328.425,0.5214658552322015555925254785
BTC-USD,2026-08-28T20:36:59.025146Z,77328.42,77328.43,0.01,77328.425,0.5214658552322015555925254785
BTC-USD,2026-08-28T20:36:59.075834Z,77334.33,77334.34,0.01,77334.335,-0.3390541645402413624738399424
BTC-USD,2026-08-28T20:36:59.123982Z,77334.33,77334.34,0.01,77334.335,-0.1161475070330392627631072451
BTC-USD,2026-08-28T20:36:59.198523Z,77334.33,77334.34,0.01,77334.335,-0.08081403920854367169883059527
BTC-USD,2026-08-28T20:36:59.244383Z,77334.33,77334.34,0.01,77334.335,-0.5160270834032468450241107265
BTC-USD,2026-08-28T20:36:59.292646Z,77334.33,77334.34,0.01,77334.335,-0.5160248577407019256343864266
BTC-USD,2026-08-28T20:36:59.337285Z,77334.33,77334.34,0.01,77334.335,-0.3510374153430566676759045249
BTC-USD,2026-08-28T20:36:59.381482Z,77334.97,77334.98,0.01,77334.975,-0.3286391363259497014048919530
BTC-USD,2026-08-28T20:36:59.430661Z,77334.97,77334.98,0.01,77334.975,-0.2247947593994159167093709952
BTC-USD,2026-08-28T20:36:59.492817Z,77334.97,77334.98,0.01,77334.975,-0.3651050671444232541603464606
BTC-USD,2026-08-28T20:36:59.53444Z,77334.97,77334.98,0.01,77334.975,-0.3651050671444232541603464606
BTC-USD,2026-08-28T20:36:59.591209Z,77334.97,77334.98,0.01,77334.975,-0.3651050671444232541603464606
BTC-USD,2026-08-28T20:36:59.614655Z,77334.97,77334.98,0.01,77334.975,-0.4061428078523995212513241217
BTC-USD,2026-08-28T20:36:59.675567Z,77334.97,77334.98,0.01,77334.975,-0.4061428078523995212513241217
BTC-USD,2026-08-28T20:36:59.725553Z,77334.97,77334.98,0.01,77334.975,-0.4061428078523995212513241217
BTC-USD,2026-08-28T20:36:59.804287Z,77334.97,77334.98,0.01,77334.975,-0.4061428078523995212513241217
BTC-USD,2026-08-28T20:36:59.845758Z,77334.97,77334.98,0.01,77334.975,-0.4061428078523995212513241217
BTC-USD,2026-08-28T20:36:59.891844Z,77334.97,77334.98,0.01,77334.975,-0.4061428078523995212513241217
BTC-USD,2026-08-28T20:36:59.953189Z,77334.97,77334.98,0.01,77334.975,-0.3651054320540520102775116451
BTC-USD,2026-08-28T20:36:59.995217Z,77334.97,77334.98,0.01,77334.975,-0.3651054320540520102775116451
BTC-USD,2026-08-28T20:37:00.086337Z,77334.97,77334.98,0.01,77334.975,-0.3239012796446141491137227268
BTC-USD,2026-08-28T20:37:00.101367Z,77334.97,77334.98,0.01,77334.975,-0.3239012796446141491137227268
BTC-USD,2026-08-28T20:37:00.123915Z,77334.97,77334.98,0.01,77334.975,-0.3238622886645026907062502484
BTC-USD,2026-08-28T20:37:00.149029Z,77330.35,77330.36,0.01,77330.355,-0.7631652326620035848486440163
BTC-USD,2026-08-28T20:37:00.221371Z,77330.35,77330.36,0.01,77330.355,-0.7631652326620035848486440163
BTC-USD,2026-08-28T20:37:00.28914Z,77330.35,77330.36,0.01,77330.355,-0.7373727427326476887329253316
BTC-USD,2026-08-28T20:37:00.325528Z,77330.35,77330.36,0.01,77330.355,-0.7153923154021044077162412256
BTC-USD,2026-08-28T20:37:00.382776Z,77330.35,77330.36,0.01,77330.355,-0.7102487304987348527023393851
BTC-USD,2026-08-28T20:37:00.640359Z,77330.35,77330.36,0.01,77330.355,-0.6837225255188059261079588877
BTC-USD,2026-08-28T20:37:00.694172Z,77330.35,77330.36,0.01,77330.355,-0.6776330602299950879217637815
BTC-USD,2026-08-28T20:37:00.731639Z,77330.35,77330.36,0.01,77330.355,-0.6735604668065622811565293086
BTC-USD,2026-08-28T20:37:00.785531Z,77330.35,77330.36,0.01,77330.355,-0.6636951822063670511243634446
BTC-USD,2026-08-28T20:37:00.821493Z,77330.35,77330.36,0.01,77330.355,-0.6622105216223506854330710729
BTC-USD,2026-08-28T20:37:00.875649Z,77330.35,77330.36,0.01,77330.355,-0.6622105216223506854330710729
BTC-USD,2026-08-28T20:37:00.938557Z,77330.35,77330.36,0.01,77330.355,-0.6622105216223506854330710729
BTC-USD,2026-08-28T20:37:00.978363Z,77330.35,77330.36,0.01,77330.355,-0.6622105216223506854330710729
BTC-USD,2026-08-28T20:37:01.025436Z,77330.35,77330.36,0.01,77330.355,-0.6622105216223506854330710729
BTC-USD,2026-08-28T20:37:01.09104Z,77330.35,77330.36,0.01,77330.355,-0.6263914293713342567540013666
BTC-USD,2026-08-28T20:37:01.111703Z,77330.35,77330.36,0.01,77330.355,-0.6216055412798945716286614666
BTC-USD,2026-08-28T20:37:01.187697Z,77330.35,77330.36,0.01,77330.355,-0.6164011406715784903353298478
BTC-USD,2026-08-28T20:37:01.230571Z,77330.35,77330.36,0.01,77330.355,-0.6116127543554612983551321425
BTC-USD,2026-08-28T20:37:01.277349Z,77330.35,77330.36,0.01,77330.355,-0.6057101789475127895409658762
BTC-USD,2026-08-28T20:37:01.325329Z,77330.35,77330.36,0.01,77330.355,0.5650609598977581170795403792
BTC-USD,2026-08-28T20:37:01.374108Z,77330.35,77330.36,0.01,77330.355,0.2389278886120964702160248259
BTC-USD,2026-08-28T20:37:01.421832Z,77330.35,77330.36,0.01,77330.355,0.3426169392647525864281876913
BTC-USD,2026-08-28T20:37:01.468245Z,77330.35,77330.36,0.01,77330.355,0.3792428103393624267342988114
BTC-USD,2026-08-28T20:37:01.531389Z,77330.35,77330.36,0.01,77330.355,0.4681649773984990669274606144
BTC-USD,2026-08-28T20:37:01.575528Z,77330.35,77330.36,0.01,77330.355,0.5104114452095169603215108535
BTC-USD,2026-08-28T20:37:01.61917Z,77330.35,77330.36,0.01,77330.355,0.5524057398323510904743251616
BTC-USD,2026-08-28T20:37:01.676015Z,77330.35,77330.36,0.01,77330.355,0.5622260666852071275635286674
BTC-USD,2026-08-28T20:37:01.722718Z,77336.31,77336.32,0.01,77336.315,0.3840216343672881534028803805
BTC-USD,2026-08-28T20:37:01.789026Z,77336.31,77336.32,0.01,77336.315,0.3800122875447194535618529423
BTC-USD,2026-08-28T20:37:01.829856Z,77336.31,77336.32,0.01,77336.315,0.3345155322598057101950189186
BTC-USD,2026-08-28T20:37:01.886231Z,77336.31,77336.32,0.01,77336.315,0.3345350033785615802457652621
BTC-USD,2026-08-28T20:37:01.928754Z,77336.31,77336.32,0.01,77336.315,0.3345350033785615802457652621
BTC-USD,2026-08-28T20:37:01.972842Z,77342.84,77342.85,0.01,77342.845,0.06894257783688657751573756224
BTC-USD,2026-08-28T20:37:02.02227Z,77344.56,77345.54,0.98,77345.05,-0.1662049736239333798287645483
BTC-USD,2026-08-28T20:37:02.069084Z,77344.56,77345.53,0.97,77345.045,0.3673290122539393327073664668
BTC-USD,2026-08-28T20:37:02.143364Z,77344.56,77345.35,0.79,77344.955,-0.1136109798658150524346188984
BTC-USD,2026-08-28T20:37:02.164977Z,77344.56,77345.34,0.78,77344.95,-0.008418240758624918316727943916
BTC-USD,2026-08-28T20:37:02.237324Z,77344.56,77345.31,0.75,77344.935,-0.6293830560250086328144366752
BTC-USD,2026-08-28T20:37:02.290313Z,77344.56,77345.3,0.74,77344.93,-0.8290779885623675137648987515
BTC-USD,2026-08-28T20:37:02.335869Z,77344.56,77345.29,0.73,77344.925,-0.8290779885623675137648987515
BTC-USD,2026-08-28T20:37:02.384011Z,77344.56,77345.28,0.72,77344.92,-0.3027928592031950024203257176
BTC-USD,2026-08-28T20:37:02.446205Z,77344.56,77345.27,0.71,77344.915,-0.3027899693252591863710547595
BTC-USD,2026-08-28T20:37:02.473491Z,77344.56,77345.27,0.71,77344.915,-0.3027899693252591863710547595
BTC-USD,2026-08-28T20:37:02.568637Z,77344.56,77345.27,0.71,77344.915,-0.3027899693252591863710547595
BTC-USD,2026-08-28T20:37:02.6672Z,77346.19,77346.24,0.05,77346.215,-0.6911208268936030327120436308
BTC-USD,2026-08-28T20:37:02.690829Z,77346.2,77346.24,0.04,77346.22,-0.3160937128205162929606120886
BTC-USD,2026-08-28T20:37:02.715562Z,77346.23,77346.24,0.01,77346.235,-0.2142777569230282542683380669
BTC-USD,2026-08-28T20:37:02.793929Z,77346.23,77346.24,0.01,77346.235,-0.2118653804612475607607020021
BTC-USD,2026-08-28T20:37:02.819417Z,77346.23,77346.24,0.01,77346.235,-0.2118653804612475607607020021
BTC-USD,2026-08-28T20:37:02.885852Z,77344.56,77346.2,1.64,77345.38,-0.5658274632806154254197596618
BTC-USD,2026-08-28T20:37:02.91033Z,77346.23,77346.24,0.01,77346.235,0.2031055392811399716235608356
BTC-USD,2026-08-28T20:37:02.967274Z,77346.23,77346.24,0.01,77346.235,-0.03685529280344241511445570506
BTC-USD,2026-08-28T20:37:03.006112Z,77346.23,77346.24,0.01,77346.235,-0.06768235146945617100179604222
BTC-USD,2026-08-28T20:37:03.051312Z,77346.23,77346.24,0.01,77346.235,-0.08895225460232779897002850820
BTC-USD,2026-08-28T20:37:03.116406Z,77346.23,77346.24,0.01,77346.235,-0.2791152824841982751569137450
BTC-USD,2026-08-28T20:37:03.19147Z,77346.23,77346.24,0.01,77346.235,-0.05856208298354132762760059875
BTC-USD,2026-08-28T20:37:03.219099Z,77346.23,77346.24,0.01,77346.235,-0.09049754077903189898245760279
BTC-USD,2026-08-28T20:37:03.294101Z,77346.23,77346.24,0.01,77346.235,-0.09902190865585942095247546394
BTC-USD,2026-08-28T20:37:03.331987Z,77346.23,77346.24,0.01,77346.235,-0.09902190865585942095247546394
BTC-USD,2026-08-28T20:37:03.377699Z,77346.23,77346.24,0.01,77346.235,-0.09049754077903189898245760279
BTC-USD,2026-08-28T20:37:03.420599Z,77346.23,77346.24,0.01,77346.235,-0.1015774312381982694542187751
BTC-USD,2026-08-28T20:37:03.523812Z,77346.23,77346.24,0.01,77346.235,-0.1015774312381982694542187751
BTC-USD,2026-08-28T20:37:03.57517Z,77346.23,77346.24,0.01,77346.235,-0.1015774312381982694542187751
BTC-USD,2026-08-28T20:37:03.633661Z,77346.23,77346.24,0.01,77346.235,-0.09873840303512076712618614506
BTC-USD,2026-08-28T20:37:03.672512Z,77346.23,77346.24,0.01,77346.235,-0.09873840303512076712618614506
BTC-USD,2026-08-28T20:37:03.722827Z,77346.23,77346.24,0.01,77346.235,-0.09873840303512076712618614506
BTC-USD,2026-08-28T20:37:03.785659Z,77346.23,77346.24,0.01,77346.235,-0.09873840303512076712618614506
BTC-USD,2026-08-28T20:37:03.843891Z,77346.23,77346.24,0.01,77346.235,-0.8599310950721115850172171116
BTC-USD,2026-08-28T20:37:03.900598Z,77346.23,77346.24,0.01,77346.235,-0.8599310950721115850172171116
BTC-USD,2026-08-28T20:37:03.942722Z,77346.23,77346.24,0.01,77346.235,-0.9455963670419988995306213941
BTC-USD,2026-08-28T20:37:03.993424Z,77346.23,77346.24,0.01,77346.235,-0.9455963670419988995306213941
BTC-USD,2026-08-28T20:37:04.049927Z,77346.23,77346.24,0.01,77346.235,-0.9455963670419988995306213941
BTC-USD,2026-08-28T20:37:04.098196Z,77344.59,77346.24,1.65,77345.415,-0.8171003988291574567324535261
BTC-USD,2026-08-28T20:37:04.139545Z,77344.59,77346.24,1.65,77345.415,-0.7978137437492345517209073087
BTC-USD,2026-08-28T20:37:04.201454Z,77346.23,77346.24,0.01,77346.235,-0.7557155676641032986361468945
BTC-USD,2026-08-28T20:37:04.22771Z,77349.86,77349.87,0.01,77349.865,-0.6740888514084600164089261745
BTC-USD,2026-08-28T20:37:04.281364Z,77349.86,77349.87,0.01,77349.865,-0.6740888514084600164089261745
BTC-USD,2026-08-28T20:37:04.329804Z,77349.86,77349.87,0.01,77349.865,-0.6740881416071285650493219814
BTC-USD,2026-08-28T20:37:04.379098Z,77349.86,77349.87,0.01,77349.865,-0.6532894248087876485398588785
BTC-USD,2026-08-28T20:37:04.422609Z,77349.86,77349.87,0.01,77349.865,-0.6532894248087876485398588785
BTC-USD,2026-08-28T20:37:04.470411Z,77347.92,77351.25,3.33,77349.585,-0.2974393716703491551942108462
BTC-USD,2026-08-28T20:37:04.549265Z,77347.92,77351.25,3.33,77349.585,-0.1331216245632276724922865096
BTC-USD,2026-08-28T20:37:04.581978Z,77347.92,77349.37,1.45,77348.645,-0.7102241788087726289194081249
BTC-USD,2026-08-28T20:37:04.618Z,77347.92,77349.37,1.45,77348.645,-0.7102241788087726289194081249
BTC-USD,2026-08-28T20:37:04.672302Z,77347.92,77349.37,1.45,77348.645,-0.7102241788087726289194081249
BTC-USD,2026-08-28T20:37:04.71874Z,77347.92,77349.37,1.45,77348.645,-0.7620178258987406741072547227
BTC-USD,2026-08-28T20:37:04.79397Z,77347.92,77349.37,1.45,77348.645,-0.7712547626437097919802770158
BTC-USD,2026-08-28T20:37:04.829432Z,77347.92,77349.37,1.45,77348.645,-0.7712547626437097919802770158
BTC-USD,2026-08-28T20:37:04.878558Z,77347.92,77349.37,1.45,77348.645,-0.7998191608206432940482974132
BTC-USD,2026-08-28T20:37:04.926145Z,77347.92,77349.37,1.45,77348.645,-0.7713145555963559747733417027
BTC-USD,2026-08-28T20:37:04.992535Z,77348.93,77349.37,0.44,77349.15,-0.7620242439713435102334728454
BTC-USD,2026-08-28T20:37:05.028189Z,77348.93,77349.37,0.44,77349.15,-0.9396640288451317942376207592
BTC-USD,2026-08-28T20:37:05.085153Z,77338.09,77344.2,6.11,77341.145,-0.7280345915898830488635691758
BTC-USD,2026-08-28T20:37:05.138023Z,77338.09,77342.79,4.70,77340.44,-0.8712799484277080321573107291
BTC-USD,2026-08-28T20:37:05.192939Z,77342.77,77342.78,0.01,77342.775,-0.5556395963707737458939988632
BTC-USD,2026-08-28T20:37:05.22871Z,77342.77,77342.78,0.01,77342.775,-0.3414228595864200568795458007
BTC-USD,2026-08-28T20:37:05.286963Z,77342.77,77345.21,2.44,77343.99,-0.6386276672811565975667425534
BTC-USD,2026-08-28T20:37:05.340124Z,77345.21,77345.22,0.01,77345.215,-0.7960800585826550278980328857
BTC-USD,2026-08-28T20:37:05.382295Z,77345.21,77348.37,3.16,77346.79,-0.7519841473366258375204152746
BTC-USD,2026-08-28T20:37:05.424829Z,77345.21,77348.37,3.16,77346.79,-0.6955959795288481459642751048
BTC-USD,2026-08-28T20:37:05.442139Z,77345.21,77348.37,3.16,77346.79,-0.6955959795288481459642751048
BTC-USD,2026-08-28T20:37:05.460418Z,77345.21,77346.97,1.76,77346.09,-0.7348090070093741800145591283
BTC-USD,2026-08-28T20:37:05.602887Z,77343.32,77345.98,2.66,77344.65,-0.4663761408293008219396092304
BTC-USD,2026-08-28T20:37:05.63412Z,77345.97,77345.98,0.01,77345.975,-0.6699015780769653920965759397
BTC-USD,2026-08-28T20:37:05.683542Z,77345.97,77345.98,0.01,77345.975,-0.6699015780769653920965759397
BTC-USD,2026-08-28T20:37:05.718661Z,77345.97,77345.98,0.01,77345.975,-0.6699015780769653920965759397
BTC-USD,2026-08-28T20:37:05.763891Z,77345.97,77345.98,0.01,77345.975,-0.6915590048680226171410151393
BTC-USD,2026-08-28T20:37:05.810314Z,77345.97,77345.98,0.01,77345.975,-0.6911479282035708149422900856
BTC-USD,2026-08-28T20:37:05.879481Z,77345.97,77345.98,0.01,77345.975,-0.6911479282035708149422900856
BTC-USD,2026-08-28T20:37:05.926925Z,77345.97,77345.98,0.01,77345.975,-0.7087991894977049800870969886
BTC-USD,2026-08-28T20:37:05.951705Z,77345.97,77345.98,0.01,77345.975,-0.7300136988946958807631436151
BTC-USD,2026-08-28T20:37:06.02159Z,77345.97,77345.98,0.01,77345.975,-0.7300136988946958807631436151
BTC-USD,2026-08-28T20:37:06.069104Z,77344.43,77344.63,0.20,77344.53,-0.5076856813298310434087847146
BTC-USD,2026-08-28T20:37:06.136882Z,77344.43,77344.63,0.20,77344.53,-0.4872409118123326525332877870
BTC-USD,2026-08-28T20:37:06.184352Z,77344.62,77344.63,0.01,77344.625,-0.5512310829716689123353448267
BTC-USD,2026-08-28T20:37:06.226872Z,77344.62,77344.63,0.01,77344.625,-0.5506432602905168023936224435
BTC-USD,2026-08-28T20:37:06.275665Z,77344.62,77344.63,0.01,77344.625,-0.4713677723200312324900874564
BTC-USD,2026-08-28T20:37:06.321224Z,77344.62,77344.63,0.01,77344.625,-0.4713680702139361528246865424
BTC-USD,2026-08-28T20:37:06.392284Z,77345.97,77345.98,0.01,77345.975,-0.4833527684060250381618701395
BTC-USD,2026-08-28T20:37:06.435792Z,77345.97,77345.98,0.01,77345.975,-0.4833527684060250381618701395
BTC-USD,2026-08-28T20:37:06.486639Z,77345.97,77345.98,0.01,77345.975,-0.4823503769670348624680388992
BTC-USD,2026-08-28T20:37:06.539646Z,77344.43,77346.97,2.54,77345.70,-0.5814426604877462771481226764
BTC-USD,2026-08-28T20:37:06.584653Z,77346.96,77346.97,0.01,77346.965,-0.6392121767390029983949178048
BTC-USD,2026-08-28T20:37:06.627231Z,77346.96,77346.97,0.01,77346.965,-0.6392121767390029983949178048
BTC-USD,2026-08-28T20:37:06.672795Z,77346.96,77346.97,0.01,77346.965,-0.6392121767390029983949178048
BTC-USD,2026-08-28T20:37:06.721147Z,77346.96,77346.97,0.01,77346.965,-0.6392123626212720559915147053
BTC-USD,2026-08-28T20:37:06.776409Z,77349.36,77349.37,0.01,77349.365,-0.5530677248350587502350290033
BTC-USD,2026-08-28T20:37:06.826675Z,77349.36,77349.37,0.01,77349.365,-0.5530677248350587502350290033
BTC-USD,2026-08-28T20:37:06.876103Z,77351.11,77355,3.89,77353.055,-0.2683638568210779222318928871
BTC-USD,2026-08-28T20:37:06.923869Z,77353.72,77354.37,0.65,77354.045,-0.5905279536408714198205501137
BTC-USD,2026-08-28T20:37:06.970278Z,77348.98,77351.74,2.76,77350.36,-0.7777658366303505353394834496
BTC-USD,2026-08-28T20:37:07.041411Z,77351.73,77351.74,0.01,77351.735,-0.7533719311410722358394424598
BTC-USD,2026-08-28T20:37:07.084761Z,77351.73,77351.74,0.01,77351.735,-0.7946864620554073588158133095
BTC-USD,2026-08-28T20:37:07.131146Z,77351.73,77351.74,0.01,77351.735,-0.8379340118107133154013387071
BTC-USD,2026-08-28T20:37:07.178457Z,77351.73,77351.74,0.01,77351.735,-0.8336774293603686237975358889
BTC-USD,2026-08-28T20:37:07.22807Z,77351.73,77351.74,0.01,77351.735,-0.7659126130912492020573024828
BTC-USD,2026-08-28T20:37:07.278499Z,77351.73,77351.74,0.01,77351.735,-0.7659126130912492020573024828
BTC-USD,2026-08-28T20:37:07.325185Z,77351.73,77351.74,0.01,77351.735,-0.7404445977827758586785515055
BTC-USD,2026-08-28T20:37:07.372279Z,77351.73,77351.74,0.01,77351.735,-0.7404447564366052443646653977
BTC-USD,2026-08-28T20:37:07.428456Z,77351.73,77351.74,0.01,77351.735,-0.7404447564366052443646653977
BTC-USD,2026-08-28T20:37:07.455596Z,77351.73,77351.74,0.01,77351.735,-0.7404447564366052443646653977
BTC-USD,2026-08-28T20:37:07.549686Z,77351.73,77351.74,0.01,77351.735,-0.4643355423520419786568898737
BTC-USD,2026-08-28T20:37:07.591047Z,77351.73,77351.74,0.01,77351.735,-0.4610132203907218512279016224
BTC-USD,2026-08-28T20:37:07.638225Z,77351.73,77351.74,0.01,77351.735,-0.4610132203907218512279016224
BTC-USD,2026-08-28T20:37:07.690644Z,77351.73,77351.74,0.01,77351.735,-0.4610132203907218512279016224
BTC-USD,2026-08-28T20:37:07.726607Z,77351.73,77351.74,0.01,77351.735,-0.4610132203907218512279016224
BTC-USD,2026-08-28T20:37:07.783952Z,77351.73,77351.74,0.01,77351.735,-0.4610132654900579629264895036
BTC-USD,2026-08-28T20:37:07.83092Z,77351.73,77351.74,0.01,77351.735,-0.4610132654900579629264895036
BTC-USD,2026-08-28T20:37:07.885682Z,77351.73,77351.74,0.01,77351.735,-0.4610132654900579629264895036
BTC-USD,2026-08-28T20:37:07.911928Z,77351.73,77351.74,0.01,77351.735,-0.4610132654900579629264895036
BTC-USD,2026-08-28T20:37:07.949561Z,77351.73,77351.74,0.01,77351.735,-0.4610132654900579629264895036
BTC-USD,2026-08-28T20:37:07.989399Z,77351.73,77351.74,0.01,77351.735,-0.4610132654900579629264895036
BTC-USD,2026-08-28T20:37:08.087124Z,77351.73,77351.74,0.01,77351.735,-0.4610132654900579629264895036
BTC-USD,2026-08-28T20:37:08.138993Z,77351.73,77351.74,0.01,77351.735,-0.4610132654900579629264895036
BTC-USD,2026-08-28T20:37:08.183057Z,77351.73,77351.74,0.01,77351.735,-0.4610132654900579629264895036
BTC-USD,2026-08-28T20:37:08.220938Z,77351.73,77351.74,0.01,77351.735,-0.4610132654900579629264895036
BTC-USD,2026-08-28T20:37:08.298235Z,77351.73,77351.74,0.01,77351.735,-0.4610132654900579629264895036
BTC-USD,2026-08-28T20:37:08.336008Z,77351.73,77351.74,0.01,77351.735,-0.4611406637465249282032595176
BTC-USD,2026-08-28T20:37:08.387Z,77351.73,77351.74,0.01,77351.735,-0.4611406637465249282032595176
BTC-USD,2026-08-28T20:37:08.432261Z,77351.73,77351.74,0.01,77351.735,-0.4611410695801205554462638812
BTC-USD,2026-08-28T20:37:08.451052Z,77351.73,77351.74,0.01,77351.735,-0.4599761065373863122442987214
BTC-USD,2026-08-28T20:37:08.558575Z,77351.73,77351.74,0.01,77351.735,-0.4599743163852590316464077746
BTC-USD,2026-08-28T20:37:08.579902Z,77351.73,77351.74,0.01,77351.735,-0.4599743163852590316464077746
BTC-USD,2026-08-28T20:37:08.645613Z,77351.73,77351.74,0.01,77351.735,-0.4599743163852590316464077746
BTC-USD,2026-08-28T20:37:08.690699Z,77351.73,77351.74,0.01,77351.735,-0.4599743163852590316464077746
BTC-USD,2026-08-28T20:37:08.746099Z,77351.73,77351.74,0.01,77351.735,-0.4599743163852590316464077746
BTC-USD,2026-08-28T20:37:08.787907Z,77351.73,77351.74,0.01,77351.735,-0.4599743163852590316464077746
BTC-USD,2026-08-28T20:37:08.830068Z,77351.73,77351.74,0.01,77351.735,-0.4599743163852590316464077746
BTC-USD,2026-08-28T20:37:08.874367Z,77351.73,77351.74,0.01,77351.735,-0.4599743839165409683878658028
BTC-USD,2026-08-28T20:37:08.923353Z,77351.73,77351.74,0.01,77351.735,-0.4599743839165409683878658028
BTC-USD,2026-08-28T20:37:08.974607Z,77351.73,77351.74,0.01,77351.735,-0.4599743839165409683878658028
BTC-USD,2026-08-28T20:37:09.021992Z,77351.73,77351.74,0.01,77351.735,-0.4599743839165409683878658028
BTC-USD,2026-08-28T20:37:09.087752Z,77351.73,77351.74,0.01,77351.735,-0.4204379297043686952396790513
BTC-USD,2026-08-28T20:37:09.133064Z,77351.73,77351.74,0.01,77351.735,-0.4434440889966992169360429416
BTC-USD,2026-08-28T20:37:09.176908Z,77351.73,77351.74,0.01,77351.735,0.6376325844835911677544202187
BTC-USD,2026-08-28T20:37:09.232532Z,77356.15,77356.16,0.01,77356.155,0.6858164332965137457540127159
BTC-USD,2026-08-28T20:37:09.280456Z,77356.15,77356.16,0.01,77356.155,0.3350771032430174068925309454
BTC-USD,2026-08-28T20:37:09.321535Z,77356.15,77356.16,0.01,77356.155,0.3350771032430174068925309454
BTC-USD,2026-08-28T20:37:09.388143Z,77356.15,77356.16,0.01,77356.155,0.1165867549805980683707947439
BTC-USD,2026-08-28T20:37:09.440784Z,77356.15,77356.16,0.01,77356.155,0.02521523861100754854016971580
BTC-USD,2026-08-28T20:37:09.487694Z,77356.15,77356.16,0.01,77356.155,0.02521523861100754854016971580
BTC-USD,2026-08-28T20:37:09.540405Z,77356.15,77356.16,0.01,77356.155,0.02521514787840184590559561852
BTC-USD,2026-08-28T20:37:09.588539Z,77356.15,77356.16,0.01,77356.155,0.02521514787840184590559561852
BTC-USD,2026-08-28T20:37:09.645301Z,77356.15,77356.16,0.01,77356.155,0.02521514787840184590559561852
BTC-USD,2026-08-28T20:37:09.699446Z,77356.15,77356.16,0.01,77356.155,0.02521514787840184590559561852
BTC-USD,2026-08-28T20:37:09.735678Z,77356.15,77356.16,0.01,77356.155,0.02521514787840184590559561852
BTC-USD,2026-08-28T20:37:09.791908Z,77356.15,77356.16,0.01,77356.155,0.02521514787840184590559561852
BTC-USD,2026-08-28T20:37:09.840345Z,77356.15,77356.16,0.01,77356.155,0.02521514787840184590559561852
BTC-USD,2026-08-28T20:37:09.875837Z,77356.15,77356.16,0.01,77356.155,0.02521514787840184590559561852
BTC-USD,2026-08-28T20:37:09.953055Z,77356.15,77356.16,0.01,77356.155,0.01977393246213506945484208807
BTC-USD,2026-08-28T20:37:09.973536Z,77356.15,77356.16,0.01,77356.155,0.01977393246213506945484208807
BTC-USD,2026-08-28T20:37:10.040155Z,77354.71,77355.19,0.48,77354.95,-0.5785490208967298643165223550
BTC-USD,2026-08-28T20:37:10.272989Z,77355.18,77355.19,0.01,77355.185,-0.1729276788710149715819104286
BTC-USD,2026-08-28T20:37:10.322331Z,77355.18,77355.19,0.01,77355.185,-0.1823362779586904904404140478
BTC-USD,2026-08-28T20:37:10.36752Z,77355.18,77355.19,0.01,77355.185,-0.1823362779586904904404140478
BTC-USD,2026-08-28T20:37:10.440617Z,77355.18,77355.19,0.01,77355.185,-0.1823586800343170648729859874
BTC-USD,2026-08-28T20:37:10.476624Z,77355.18,77355.19,0.01,77355.185,-0.1823586800343170648729859874
BTC-USD,2026-08-28T20:37:10.526403Z,77355.18,77355.19,0.01,77355.185,-0.2417507681068485967873544426
BTC-USD,2026-08-28T20:37:10.552186Z,77355.18,77355.19,0.01,77355.185,-0.2417507681068485967873544426
BTC-USD,2026-08-28T20:37:10.644438Z,77355.18,77355.19,0.01,77355.185,-0.2417507681068485967873544426
BTC-USD,2026-08-28T20:37:10.685619Z,77355.18,77355.19,0.01,77355.185,-0.2417507681068485967873544426
BTC-USD,2026-08-28T20:37:10.748791Z,77355.18,77355.19,0.01,77355.185,-0.2417507681068485967873544426
BTC-USD,2026-08-28T20:37:10.791748Z,77355.18,77355.19,0.01,77355.185,-0.2417507681068485967873544426
BTC-USD,2026-08-28T20:37:10.843795Z,77355.18,77355.19,0.01,77355.185,-0.2417508681275434436594467202
BTC-USD,2026-08-28T20:37:10.879297Z,77355.18,77355.19,0.01,77355.185,-0.2417508681275434436594467202
BTC-USD,2026-08-28T20:37:10.944137Z,77355.18,77355.19,0.01,77355.185,-0.2414156770284182786971991363
BTC-USD,2026-08-28T20:37:11.091302Z,77355.18,77355.19,0.01,77355.185,-0.2411371471402436590542127565
BTC-USD,2026-08-28T20:37:11.143916Z,77355.18,77355.19,0.01,77355.185,-0.2411372043129233221505764279
BTC-USD,2026-08-28T20:37:11.186816Z,77355.18,77355.19,0.01,77355.185,-0.2411372043129233221505764279
BTC-USD,2026-08-28T20:37:11.277465Z,77355.18,77355.19,0.01,77355.185,-0.2411372043129233221505764279
BTC-USD,2026-08-28T20:37:11.344286Z,77355.18,77355.19,0.01,77355.185,-0.2411372043129233221505764279
BTC-USD,2026-08-28T20:37:11.364541Z,77355.18,77355.19,0.01,77355.185,-0.2411372043129233221505764279
BTC-USD,2026-08-28T20:37:11.439112Z,77355.18,77355.19,0.01,77355.185,-0.2411372043129233221505764279
BTC-USD,2026-08-28T20:37:11.487008Z,77355.18,77355.19,0.01,77355.185,-0.2411372043129233221505764279
BTC-USD,2026-08-28T20:37:11.53948Z,77355.18,77355.19,0.01,77355.185,-0.2411372043129233221505764279
BTC-USD,2026-08-28T20:37:11.577371Z,77355.18,77355.19,0.01,77355.185,-0.2411372043129233221505764279
BTC-USD,2026-08-28T20:37:11.636506Z,77355.18,77355.19,0.01,77355.185,-0.2411372043129233221505764279
BTC-USD,2026-08-28T20:37:11.677745Z,77355.18,77355.19,0.01,77355.185,-0.2411372043129233221505764279
BTC-USD,2026-08-28T20:37:11.738235Z,77355.18,77355.19,0.01,77355.185,-0.2411372043129233221505764279
BTC-USD,2026-08-28T20:37:11.788772Z,77355.18,77355.19,0.01,77355.185,-0.2411372043129233221505764279
BTC-USD,2026-08-28T20:37:11.85172Z,77355.18,77355.19,0.01,77355.185,-0.2411372043129233221505764279
BTC-USD,2026-08-28T20:37:11.873366Z,77355.18,77355.19,0.01,77355.185,-0.2411372043129233221505764279
BTC-USD,2026-08-28T20:37:11.946056Z,77355.18,77355.19,0.01,77355.185,-0.2411373901241686044480894979
BTC-USD,2026-08-28T20:37:11.994254Z,77355.18,77355.19,0.01,77355.185,-0.2411373901241686044480894979
BTC-USD,2026-08-28T20:37:12.048665Z,77355.18,77355.19,0.01,77355.185,-0.2411373901241686044480894979
BTC-USD,2026-08-28T20:37:12.091762Z,77357.79,77357.8,0.01,77357.795,-0.4318631094404067046452656940
BTC-USD,2026-08-28T20:37:12.115482Z,77357.79,77357.8,0.01,77357.795,-0.2514695264211682235789204446
BTC-USD,2026-08-28T20:37:12.187233Z,77357.79,77357.8,0.01,77357.795,-0.2507297880514242246983158910
BTC-USD,2026-08-28T20:37:12.227412Z,77357.79,77357.8,0.01,77357.795,-0.03571441083509526653801614272
BTC-USD,2026-08-28T20:37:12.294326Z,77357.79,77357.8,0.01,77357.795,-0.4092623121988331843389750907
BTC-USD,2026-08-28T20:37:12.341148Z,77357.79,77357.8,0.01,77357.795,-0.1806958035817923419763038990
BTC-USD,2026-08-28T20:37:12.383698Z,77357.79,77357.8,0.01,77357.795,-0.1806958035817923419763038990
BTC-USD,2026-08-28T20:37:12.446489Z,77357.79,77357.8,0.01,77357.795,-0.1806958035817923419763038990
BTC-USD,2026-08-28T20:37:12.488069Z,77357.79,77357.8,0.01,77357.795,-0.1806958035817923419763038990
BTC-USD,2026-08-28T20:37:12.533797Z,77357.79,77357.8,0.01,77357.795,-0.2756231500416581462190233968
BTC-USD,2026-08-28T20:37:12.596742Z,77357.79,77357.8,0.01,77357.795,-0.2756231500416581462190233968
BTC-USD,2026-08-28T20:37:12.641309Z,77357.79,77357.8,0.01,77357.795,-0.2310787334429361951865655903
BTC-USD,2026-08-28T20:37:12.69148Z,77357.79,77357.8,0.01,77357.795,-0.6122865395721577564719129901
BTC-USD,2026-08-28T20:37:12.741426Z,77357.79,77357.8,0.01,77357.795,-0.2310787334429361951865655903
BTC-USD,2026-08-28T20:37:12.79824Z,77357.79,77357.8,0.01,77357.795,-0.2310787334429361951865655903
BTC-USD,2026-08-28T20:37:12.849427Z,77357.79,77357.8,0.01,77357.795,-0.2310787334429361951865655903
BTC-USD,2026-08-28T20:37:12.875969Z,77357.79,77357.8,0.01,77357.795,-0.2310787334429361951865655903
BTC-USD,2026-08-28T20:37:12.941545Z,77357.79,77357.8,0.01,77357.795,-0.2310787334429361951865655903
BTC-USD,2026-08-28T20:37:12.985103Z,77357.79,77357.8,0.01,77357.795,-0.2310787334429361951865655903
BTC-USD,2026-08-28T20:37:13.037519Z,77357.79,77357.8,0.01,77357.795,-0.2310787334429361951865655903
BTC-USD,2026-08-28T20:37:13.087243Z,77357.79,77357.8,0.01,77357.795,-0.2753751512824848257932198317
BTC-USD,2026-08-28T20:37:13.104307Z,77357.79,77357.8,0.01,77357.795,-0.2771088146165255266423932354
BTC-USD,2026-08-28T20:37:13.19286Z,77357.79,77357.8,0.01,77357.795,-0.2771088146165255266423932354
BTC-USD,2026-08-28T20:37:13.235497Z,77357.79,77357.8,0.01,77357.795,-0.2771088382267365667797342891
BTC-USD,2026-08-28T20:37:13.29143Z,77357.79,77357.8,0.01,77357.795,-0.2771088382267365667797342891
BTC-USD,2026-08-28T20:37:13.330999Z,77357.79,77357.8,0.01,77357.795,-0.2771088382267365667797342891
BTC-USD,2026-08-28T20:37:13.379899Z,77357.79,77357.8,0.01,77357.795,-0.1681829494243260445723314618
BTC-USD,2026-08-28T20:37:13.669012Z,77362.14,77362.32,0.18,77362.23,-0.2557702581236395334412786956
BTC-USD,2026-08-28T20:37:13.736128Z,77362.14,77362.32,0.18,77362.23,-0.2510221662055914073648540219
BTC-USD,2026-08-28T20:37:13.779867Z,77362.31,77362.32,0.01,77362.315,-0.2510221662055914073648540219
BTC-USD,2026-08-28T20:37:13.827675Z,77362.31,77362.32,0.01,77362.315,-0.2510221662055914073648540219
BTC-USD,2026-08-28T20:37:13.89496Z,77361.22,77362.32,1.10,77361.77,-0.1402275628762980153127903556
BTC-USD,2026-08-28T20:37:13.933516Z,77361.63,77362.32,0.69,77361.975,-0.3543586036575337751750220460
BTC-USD,2026-08-28T20:37:13.991571Z,77361.63,77362.32,0.69,77361.975,-0.3543586036575337751750220460
BTC-USD,2026-08-28T20:37:14.032975Z,77361.63,77362.32,0.69,77361.975,-0.3543586036575337751750220460
BTC-USD,2026-08-28T20:37:14.092134Z,77362.31,77362.32,0.01,77362.315,-0.3507881609688254243506179788
BTC-USD,2026-08-28T20:37:14.134664Z,77362.31,77362.32,0.01,77362.315,-0.1255815199964810146376347230
BTC-USD,2026-08-28T20:37:14.187028Z,77362.31,77362.32,0.01,77362.315,-0.1255815199964810146376347230
BTC-USD,2026-08-28T20:37:14.216817Z,77362.31,77362.32,0.01,77362.315,-0.1255815199964810146376347230
BTC-USD,2026-08-28T20:37:14.278196Z,77362.31,77362.32,0.01,77362.315,-0.1255815199964810146376347230
BTC-USD,2026-08-28T20:37:14.335929Z,77362.31,77362.32,0.01,77362.315,-0.1255816029577993992753088985
BTC-USD,2026-08-28T20:37:14.373132Z,77362.31,77362.32,0.01,77362.315,-0.3386701735778318305028935366
BTC-USD,2026-08-28T20:37:14.437104Z,77362.31,77362.32,0.01,77362.315,-0.3371739760179006327361008616
BTC-USD,2026-08-28T20:37:14.484653Z,77362.31,77362.32,0.01,77362.315,-0.3371739760179006327361008616
BTC-USD,2026-08-28T20:37:14.526299Z,77362.31,77362.32,0.01,77362.315,-0.3371739760179006327361008616
BTC-USD,2026-08-28T20:37:14.585777Z,77362.31,77362.32,0.01,77362.315,-0.1239188139545929626819345193
BTC-USD,2026-08-28T20:37:14.637025Z,77360.36,77360.37,0.01,77360.365,-0.2170692210674739422734121328
BTC-USD,2026-08-28T20:37:14.678291Z,77357.79,77359.78,1.99,77358.785,-0.4091791325262801001250971386
BTC-USD,2026-08-28T20:37:14.729384Z,77360.39,77360.4,0.01,77360.395,-0.1182840674984072732321626260
BTC-USD,2026-08-28T20:37:14.778457Z,77360.39,77360.4,0.01,77360.395,-0.1182840674984072732321626260
BTC-USD,2026-08-28T20:37:14.839738Z,77360.39,77360.4,0.01,77360.395,-0.1182840674984072732321626260
BTC-USD,2026-08-28T20:37:14.864046Z,77360.39,77360.4,0.01,77360.395,-0.1182840674984072732321626260
BTC-USD,2026-08-28T20:37:14.917608Z,77360.39,77360.4,0.01,77360.395,-0.2774467181190762908162131969
BTC-USD,2026-08-28T20:37:14.992506Z,77360.39,77360.4,0.01,77360.395,-0.2773934650832651404604940189
BTC-USD,2026-08-28T20:37:15.031724Z,77360.39,77360.4,0.01,77360.395,-0.2773934650832651404604940189
BTC-USD,2026-08-28T20:37:15.069556Z,77357.79,77357.8,0.01,77357.795,-0.8703703517665810171349715503
BTC-USD,2026-08-28T20:37:15.144084Z,77357.79,77357.8,0.01,77357.795,-0.8700678150055348081328302097
BTC-USD,2026-08-28T20:37:15.187462Z,77357.79,77357.8,0.01,77357.795,-0.8700381622564107866225722891
BTC-USD,2026-08-28T20:37:15.242216Z,77357.79,77357.8,0.01,77357.795,-0.8700574600877306438064443190
BTC-USD,2026-08-28T20:37:15.290809Z,77357.79,77357.8,0.01,77357.795,-0.8700575487803298570077744698
BTC-USD,2026-08-28T20:37:15.345767Z,77357.79,77357.8,0.01,77357.795,-0.8849409069682673779305901306
BTC-USD,2026-08-28T20:37:15.390753Z,77357.79,77357.8,0.01,77357.795,-0.8849409069682673779305901306
BTC-USD,2026-08-28T20:37:15.421024Z,77357.79,77357.8,0.01,77357.795,-0.8849409069682673779305901306
BTC-USD,2026-08-28T20:37:15.487566Z,77357.79,77357.8,0.01,77357.795,-0.8849409520232631932802354783
BTC-USD,2026-08-28T20:37:15.541248Z,77357.79,77357.8,0.01,77357.795,-0.8849409520232631932802354783
BTC-USD,2026-08-28T20:37:15.597946Z,77357.79,77357.8,0.01,77357.795,-0.9000631180011465464399597308
BTC-USD,2026-08-28T20:37:15.649428Z,77357.79,77357.8,0.01,77357.795,-0.9000631180011465464399597308
BTC-USD,2026-08-28T20:37:15.681291Z,77357.79,77357.8,0.01,77357.795,-0.9000631180011465464399597308
BTC-USD,2026-08-28T20:37:15.73825Z,77357.79,77357.8,0.01,77357.795,-0.9000633545353869691696413239
BTC-USD,2026-08-28T20:37:15.803846Z,77357.79,77357.8,0.01,77357.795,-0.9000633545353869691696413239
BTC-USD,2026-08-28T20:37:15.825003Z,77357.79,77357.8,0.01,77357.795,-0.9000633545353869691696413239
BTC-USD,2026-08-28T20:37:15.892763Z,77357.79,77357.8,0.01,77357.795,-0.9000633545353869691696413239
BTC-USD,2026-08-28T20:37:15.913279Z,77357.79,77357.8,0.01,77357.795,-0.9000633545353869691696413239
BTC-USD,2026-08-28T20:37:15.937719Z,77357.79,77357.8,0.01,77357.795,-0.9000633545353869691696413239
BTC-USD,2026-08-28T20:37:16.021911Z,77357.79,77357.8,0.01,77357.795,-0.9000381301251414254567782371
BTC-USD,2026-08-28T20:37:16.099413Z,77357.79,77357.8,0.01,77357.795,-0.9000381301251414254567782371
BTC-USD,2026-08-28T20:37:16.120677Z,77357.79,77357.8,0.01,77357.795,-0.9000381301251414254567782371
BTC-USD,2026-08-28T20:37:16.182803Z,77357.79,77357.8,0.01,77357.795,-0.8979791615216973762944683886
BTC-USD,2026-08-28T20:37:16.222908Z,77357.79,77357.8,0.01,77357.795,-0.8979791615216973762944683886
BTC-USD,2026-08-28T20:37:16.291217Z,77357.79,77357.8,0.01,77357.795,-0.8979791615216973762944683886
BTC-USD,2026-08-28T20:37:16.335117Z,77357.79,77357.8,0.01,77357.795,-0.8948018050569656210415372055
BTC-USD,2026-08-28T20:37:16.388754Z,77357.79,77357.8,0.01,77357.795,-0.8948018050569656210415372055
BTC-USD,2026-08-28T20:37:16.449128Z,77357.79,77357.8,0.01,77357.795,-0.8948018050569656210415372055
BTC-USD,2026-08-28T20:37:16.470377Z,77357.79,77357.8,0.01,77357.795,-0.8948018050569656210415372055
BTC-USD,2026-08-28T20:37:16.496349Z,77357.79,77357.8,0.01,77357.795,-0.8948018050569656210415372055
BTC-USD,2026-08-28T20:37:16.575383Z,77357.79,77357.8,0.01,77357.795,-0.8948444918845697105672461148
BTC-USD,2026-08-28T20:37:16.627357Z,77357.79,77357.8,0.01,77357.795,-0.8948445232438277277707120104
BTC-USD,2026-08-28T20:37:16.696516Z,77357.79,77357.8,0.01,77357.795,-0.8845421003866669166325876264
BTC-USD,2026-08-28T20:37:16.736055Z,77357.79,77357.8,0.01,77357.795,-0.8845421586052264830551587820
BTC-USD,2026-08-28T20:37:16.795714Z,77357.79,77357.8,0.01,77357.795,-0.8845421586052264830551587820
BTC-USD,2026-08-28T20:37:16.833115Z,77357.79,77357.8,0.01,77357.795,-0.8845421586052264830551587820
BTC-USD,2026-08-28T20:37:16.886386Z,77357.79,77357.8,0.01,77357.795,-0.8845421586052264830551587820
BTC-USD,2026-08-28T20:37:16.941111Z,77357.79,77357.8,0.01,77357.795,-0.8845421586052264830551587820
BTC-USD,2026-08-28T20:37:16.983985Z,77357.79,77357.8,0.01,77357.795,-0.8845421586052264830551587820
BTC-USD,2026-08-28T20:37:17.021018Z,77357.79,77357.8,0.01,77357.795,-0.8845421586052264830551587820
BTC-USD,2026-08-28T20:37:17.074526Z,77357.79,77357.8,0.01,77357.795,-0.8845421586052264830551587820
BTC-USD,2026-08-28T20:37:17.131946Z,77357.79,77357.8,0.01,77357.795,-0.8845390610090433161532166663
BTC-USD,2026-08-28T20:37:17.185647Z,77357.79,77357.8,0.01,77357.795,-0.8841066434063324424180210368
BTC-USD,2026-08-28T20:37:17.234174Z,77357.79,77357.8,0.01,77357.795,-0.8841066434063324424180210368
BTC-USD,2026-08-28T20:37:17.291357Z,77357.79,77357.8,0.01,77357.795,-0.8841066434063324424180210368
BTC-USD,2026-08-28T20:37:17.3482Z,77357.79,77357.8,0.01,77357.795,-0.8841066434063324424180210368
BTC-USD,2026-08-28T20:37:17.389155Z,77357.79,77357.8,0.01,77357.795,-0.8841066434063324424180210368
BTC-USD,2026-08-28T20:37:17.444506Z,77357.79,77357.8,0.01,77357.795,-0.8841066434063324424180210368
BTC-USD,2026-08-28T20:37:17.486059Z,77357.79,77357.8,0.01,77357.795,-0.8841066434063324424180210368
BTC-USD,2026-08-28T20:37:17.532277Z,77357.79,77357.8,0.01,77357.795,-0.8624335301449160393200219181
BTC-USD,2026-08-28T20:37:17.575688Z,77357.79,77357.8,0.01,77357.795,-0.8624963130357899718111781766
BTC-USD,2026-08-28T20:37:17.64468Z,77357.79,77357.8,0.01,77357.795,-0.8624963130357899718111781766
BTC-USD,2026-08-28T20:37:17.682576Z,77357.79,77357.8,0.01,77357.795,-0.8535001859955552821942219284
BTC-USD,2026-08-28T20:37:17.747521Z,77358.08,77358.09,0.01,77358.085,-0.7936613561590777550672569498
BTC-USD,2026-08-28T20:37:17.783773Z,77358.08,77358.09,0.01,77358.085,-0.8002074686684417405404849044
BTC-USD,2026-08-28T20:37:17.827154Z,77358.08,77358.09,0.01,77358.085,-0.8136568745251385581008594134
BTC-USD,2026-08-28T20:37:17.89385Z,77358.08,77358.09,0.01,77358.085,-0.8136568745251385581008594134
BTC-USD,2026-08-28T20:37:17.938814Z,77358.08,77358.09,0.01,77358.085,-0.8136568745251385581008594134
BTC-USD,2026-08-28T20:37:17.980426Z,77358.08,77358.09,0.01,77358.085,-0.8136568745251385581008594134
BTC-USD,2026-08-28T20:37:18.034697Z,77358.08,77358.09,0.01,77358.085,-0.8136568745251385581008594134
BTC-USD,2026-08-28T20:37:18.053351Z,77358.08,77358.09,0.01,77358.085,-0.8136568745251385581008594134
BTC-USD,2026-08-28T20:37:18.127892Z,77358.08,77358.09,0.01,77358.085,-0.8135233228134424873524960172
BTC-USD,2026-08-28T20:37:18.196075Z,77358.08,77358.09,0.01,77358.085,-0.8135233228134424873524960172
BTC-USD,2026-08-28T20:37:18.211481Z,77358.08,77358.09,0.01,77358.085,-0.8135233228134424873524960172
BTC-USD,2026-08-28T20:37:18.29704Z,77358.08,77358.09,0.01,77358.085,-0.8835824990298951174631191344
BTC-USD,2026-08-28T20:37:18.343813Z,77358.08,77358.09,0.01,77358.085,-0.8408416326832332381039352237
BTC-USD,2026-08-28T20:37:18.355322Z,77358.08,77358.09,0.01,77358.085,-0.8408416326832332381039352237
BTC-USD,2026-08-28T20:37:18.438835Z,77358.08,77358.09,0.01,77358.085,-0.8408416326832332381039352237
BTC-USD,2026-08-28T20:37:18.479478Z,77358.08,77358.09,0.01,77358.085,-0.8408416326832332381039352237
BTC-USD,2026-08-28T20:37:18.530811Z,77358.08,77358.09,0.01,77358.085,-0.8386846047597054279705954448
BTC-USD,2026-08-28T20:37:18.601004Z,77349.64,77355.03,5.39,77352.335,-0.8700067250949108315363387130
BTC-USD,2026-08-28T20:37:18.620828Z,77349.64,77352.21,2.57,77350.925,-0.8797955953378215455397842798
BTC-USD,2026-08-28T20:37:18.690828Z,77352.2,77352.21,0.01,77352.205,-0.9607388147560180288401197095
BTC-USD,2026-08-28T20:37:18.728906Z,77352.2,77352.21,0.01,77352.205,-0.9039787754249307759745739155
BTC-USD,2026-08-28T20:37:18.794227Z,77352.2,77352.21,0.01,77352.205,-0.9038483105965508344022115656
BTC-USD,2026-08-28T20:37:18.832842Z,77352.2,77352.21,0.01,77352.205,-0.9038483105965508344022115656
BTC-USD,2026-08-28T20:37:18.89013Z,77352.2,77352.21,0.01,77352.205,-0.8875443957404204470670414217
BTC-USD,2026-08-28T20:37:18.951399Z,77352.2,77352.21,0.01,77352.205,-0.8875443957404204470670414217
BTC-USD,2026-08-28T20:37:19.042081Z,77352.2,77352.21,0.01,77352.205,-0.8875443957404204470670414217
BTC-USD,2026-08-28T20:37:19.064659Z,77352.2,77352.21,0.01,77352.205,-0.8875443957404204470670414217
BTC-USD,2026-08-28T20:37:19.131343Z,77352.23,77352.24,0.01,77352.235,-0.7989479389112982283817955401
BTC-USD,2026-08-28T20:37:19.194514Z,77352.23,77352.24,0.01,77352.235,-0.3223827248615417266537126669
BTC-USD,2026-08-28T20:37:19.237898Z,77352.23,77352.24,0.01,77352.235,-0.3107956745732989447447943056
BTC-USD,2026-08-28T20:37:19.301699Z,77355.02,77355.03,0.01,77355.025,-0.7842808198076954258751803869
BTC-USD,2026-08-28T20:37:19.347187Z,77355.02,77355.03,0.01,77355.025,-0.7722060015576341986307753053
BTC-USD,2026-08-28T20:37:19.38543Z,77355.02,77355.03,0.01,77355.025,-0.7948829705549849301376332686
BTC-USD,2026-08-28T20:37:19.43106Z,77355.02,77355.03,0.01,77355.025,-0.7948829705549849301376332686
BTC-USD,2026-08-28T20:37:19.474757Z,77355.02,77355.03,0.01,77355.025,-0.7948829705549849301376332686
BTC-USD,2026-08-28T20:37:19.543273Z,77358.08,77358.09,0.01,77358.085,-0.7122870159750633747164681820
BTC-USD,2026-08-28T20:37:19.583797Z,77358.08,77358.09,0.01,77358.085,-0.7122870159750633747164681820
BTC-USD,2026-08-28T20:37:19.625903Z,77358.08,77358.09,0.01,77358.085,-0.7122870159750633747164681820
BTC-USD,2026-08-28T20:37:19.687138Z,77358.08,77358.09,0.01,77358.085,-0.7591106815622707004974930714
BTC-USD,2026-08-28T20:37:19.729664Z,77358.08,77358.09,0.01,77358.085,-0.7629334746821824170830972507
BTC-USD,2026-08-28T20:37:19.781117Z,77358.08,77358.09,0.01,77358.085,-0.7629334746821824170830972507
BTC-USD,2026-08-28T20:37:19.846103Z,77358.08,77358.09,0.01,77358.085,-0.7516248248793559562115833710
BTC-USD,2026-08-28T20:37:19.874169Z,77358.08,77358.09,0.01,77358.085,-0.7516248248793559562115833710
BTC-USD,2026-08-28T20:37:19.94548Z,77358.08,77358.09,0.01,77358.085,-0.7516248248793559562115833710
BTC-USD,2026-08-28T20:37:19.985786Z,77358.08,77358.09,0.01,77358.085,-0.7516249035416193665140931589
BTC-USD,2026-08-28T20:37:20.027994Z,77358.08,77358.09,0.01,77358.085,-0.7122182839857431475068783272
BTC-USD,2026-08-28T20:37:20.074181Z,77358.08,77358.09,0.01,77358.085,-0.7073820194192444352134747297
BTC-USD,2026-08-28T20:37:20.122933Z,77358.08,77358.09,0.01,77358.085,-0.7016176128299537429769378936
BTC-USD,2026-08-28T20:37:20.189058Z,77358.08,77358.09,0.01,77358.085,-0.5400744868659112464052929452
BTC-USD,2026-08-28T20:37:20.239541Z,77358.08,77358.09,0.01,77358.085,-0.5288429357616040809950871635
BTC-USD,2026-08-28T20:37:20.288676Z,77358.08,77358.09,0.01,77358.085,-0.3689946014004316764503829412
BTC-USD,2026-08-28T20:37:20.336627Z,77358.08,77358.09,0.01,77358.085,-0.3534210368542611450126673358
BTC-USD,2026-08-28T20:37:20.362998Z,77358.08,77358.09,0.01,77358.085,-0.2149114889864569224169069871
BTC-USD,2026-08-28T20:37:20.436095Z,77358.08,77358.09,0.01,77358.085,0.01080340939614903332743699103
BTC-USD,2026-08-28T20:37:20.459353Z,77358.08,77358.09,0.01,77358.085,0.04168305557344417338510674424
BTC-USD,2026-08-28T20:37:20.535126Z,77358.08,77358.09,0.01,77358.085,0.07614669945548055781355610087
BTC-USD,2026-08-28T20:37:20.578645Z,77358.08,77358.09,0.01,77358.085,0.02683116719844069659217850283
BTC-USD,2026-08-28T20:37:20.625309Z,77358.08,77358.09,0.01,77358.085,-0.08874970090979190013526389516
BTC-USD,2026-08-28T20:37:20.670466Z,77358.08,77358.09,0.01,77358.085,-0.06541530788432943017152678110
BTC-USD,2026-08-28T20:37:20.740051Z,77358.08,77358.09,0.01,77358.085,0.1841767414847933905100316059
BTC-USD,2026-08-28T20:37:20.782031Z,77358.08,77358.09,0.01,77358.085,0.05659701265671719842527443736
BTC-USD,2026-08-28T20:37:20.822164Z,77358.08,77358.09,0.01,77358.085,0.05659701265671719842527443736
BTC-USD,2026-08-28T20:37:20.888466Z,77358.08,77358.09,0.01,77358.085,0.05659701265671719842527443736
BTC-USD,2026-08-28T20:37:20.951537Z,77358.08,77358.09,0.01,77358.085,0.2117484959593356866343191650
BTC-USD,2026-08-28T20:37:20.997574Z,77358.08,77358.09,0.01,77358.085,0.2117484959593356866343191650
BTC-USD,2026-08-28T20:37:21.062078Z,77358.08,77358.09,0.01,77358.085,0.4936007312349816939125358372
BTC-USD,2026-08-28T20:37:21.14441Z,77358.08,77358.09,0.01,77358.085,0.5228510196105951337979544022
BTC-USD,2026-08-28T20:37:21.169697Z,77358.08,77358.09,0.01,77358.085,0.6019020594921700796606006957
BTC-USD,2026-08-28T20:37:21.21814Z,77358.08,77358.09,0.01,77358.085,0.6735097609273363419109567566
BTC-USD,2026-08-28T20:37:21.292075Z,77358.08,77358.09,0.01,77358.085,0.8002764805644784623565730825
BTC-USD,2026-08-28T20:37:21.341163Z,77358.08,77358.09,0.01,77358.085,0.8314029688001425761070082216
BTC-USD,2026-08-28T20:37:21.387423Z,77358.08,77358.09,0.01,77358.085,0.8540318510715360099368402640
BTC-USD,2026-08-28T20:37:21.42437Z,77358.08,77358.09,0.01,77358.085,0.8540318510715360099368402640
BTC-USD,2026-08-28T20:37:21.573959Z,77359.48,77359.49,0.01,77359.485,0.9998012469505189050418861171
BTC-USD,2026-08-28T20:37:21.621904Z,77359.48,77359.49,0.01,77359.485,0.9997963310147279435780418669
BTC-USD,2026-08-28T20:37:21.686982Z,77365.5,77365.51,0.01,77365.505,0.3557135709357545562998725076
BTC-USD,2026-08-28T20:37:21.712166Z,77365.5,77365.51,0.01,77365.505,0.3676335672010011450120271163
BTC-USD,2026-08-28T20:37:21.76732Z,77365.5,77365.51,0.01,77365.505,0.4328011440435898358896207048
BTC-USD,2026-08-28T20:37:21.852091Z,77365.5,77365.51,0.01,77365.505,0.4126258786857993447720773764
BTC-USD,2026-08-28T20:37:21.884342Z,77365.5,77365.51,0.01,77365.505,0.4126258786857993447720773764
BTC-USD,2026-08-28T20:37:21.936147Z,77365.5,77365.51,0.01,77365.505,0.4126298984658471504219894957
BTC-USD,2026-08-28T20:37:21.989009Z,77365.5,77365.51,0.01,77365.505,0.4126298984658471504219894957
BTC-USD,2026-08-28T20:37:22.033887Z,77365.5,77365.51,0.01,77365.505,0.4126298984658471504219894957
BTC-USD,2026-08-28T20:37:22.075279Z,77365.5,77365.51,0.01,77365.505,0.4126298984658471504219894957
BTC-USD,2026-08-28T20:37:22.149869Z,77365.5,77365.51,0.01,77365.505,0.4126298984658471504219894957
BTC-USD,2026-08-28T20:37:22.192062Z,77365.5,77365.51,0.01,77365.505,0.4126298984658471504219894957
BTC-USD,2026-08-28T20:37:22.239454Z,77365.5,77366.08,0.58,77365.79,0.1081812767286986709333106529
BTC-USD,2026-08-28T20:37:22.281939Z,77366.07,77366.08,0.01,77366.075,0.1301122768541022280700123701
BTC-USD,2026-08-28T20:37:22.342959Z,77366.07,77366.08,0.01,77366.075,0.1057733293496245701435409617
BTC-USD,2026-08-28T20:37:22.388012Z,77366.07,77366.08,0.01,77366.075,0.1057733293496245701435409617
BTC-USD,2026-08-28T20:37:22.448355Z,77366.07,77366.08,0.01,77366.075,0.04328251536483742345645054957
BTC-USD,2026-08-28T20:37:22.478997Z,77366.07,77366.08,0.01,77366.075,0.3578992063617137107664896712
BTC-USD,2026-08-28T20:37:22.541795Z,77366.07,77366.08,0.01,77366.075,0.3819773027566761370853843454
BTC-USD,2026-08-28T20:37:22.580938Z,77366.07,77366.08,0.01,77366.075,0.4250940270233912022125043780
BTC-USD,2026-08-28T20:37:22.635229Z,77366.07,77366.08,0.01,77366.075,0.4250940270233912022125043780
BTC-USD,2026-08-28T20:37:22.690852Z,77366.07,77366.08,0.01,77366.075,0.4250940270233912022125043780
BTC-USD,2026-08-28T20:37:22.744107Z,77366.07,77366.08,0.01,77366.075,0.4250940270233912022125043780
BTC-USD,2026-08-28T20:37:22.803246Z,77366.07,77366.08,0.01,77366.075,0.1221415569601095614383729269
BTC-USD,2026-08-28T20:37:22.851884Z,77366.07,77366.08,0.01,77366.075,0.1221415569601095614383729269
BTC-USD,2026-08-28T20:37:22.876012Z,77366.07,77366.08,0.01,77366.075,0.1221415569601095614383729269
BTC-USD,2026-08-28T20:37:22.952707Z,77366.07,77366.08,0.01,77366.075,0.1221415569601095614383729269
BTC-USD,2026-08-28T20:37:23.005815Z,77366.07,77366.08,0.01,77366.075,0.1221415569601095614383729269
BTC-USD,2026-08-28T20:37:23.051863Z,77366.07,77366.08,0.01,77366.075,0.1221415569601095614383729269
BTC-USD,2026-08-28T20:37:23.095206Z,77366.07,77366.08,0.01,77366.075,0.1221415569601095614383729269
BTC-USD,2026-08-28T20:37:23.154312Z,77366.07,77366.08,0.01,77366.075,0.1221415569601095614383729269
BTC-USD,2026-08-28T20:37:23.189082Z,77366.07,77366.08,0.01,77366.075,0.1221415569601095614383729269
BTC-USD,2026-08-28T20:37:23.238602Z,77366.07,77366.08,0.01,77366.075,0.1221415569601095614383729269
BTC-USD,2026-08-28T20:37:23.299066Z,77366.07,77366.08,0.01,77366.075,0.1221415569601095614383729269
BTC-USD,2026-08-28T20:37:23.355566Z,77366.07,77366.08,0.01,77366.075,0.1220159229134061005283984509
BTC-USD,2026-08-28T20:37:23.403657Z,77366.07,77366.08,0.01,77366.075,0.1220159229134061005283984509
BTC-USD,2026-08-28T20:37:23.447673Z,77366.07,77366.08,0.01,77366.075,0.1220159229134061005283984509
BTC-USD,2026-08-28T20:37:23.492966Z,77366.07,77366.08,0.01,77366.075,0.1220159229134061005283984509
BTC-USD,2026-08-28T20:37:23.544727Z,77366.07,77366.08,0.01,77366.075,0.1220159229134061005283984509
BTC-USD,2026-08-28T20:37:23.595734Z,77366.07,77366.08,0.01,77366.075,0.1220159229134061005283984509
BTC-USD,2026-08-28T20:37:23.637469Z,77366.07,77366.08,0.01,77366.075,0.1220159229134061005283984509
BTC-USD,2026-08-28T20:37:23.69594Z,77366.07,77366.08,0.01,77366.075,0.1220159229134061005283984509
BTC-USD,2026-08-28T20:37:23.753753Z,77366.07,77366.08,0.01,77366.075,0.1220159229134061005283984509
BTC-USD,2026-08-28T20:37:23.803458Z,77366.07,77366.08,0.01,77366.075,0.1220159229134061005283984509
BTC-USD,2026-08-28T20:37:23.844689Z,77366.07,77366.08,0.01,77366.075,0.07099250255935328559593181381
BTC-USD,2026-08-28T20:37:23.854585Z,77366.07,77366.08,0.01,77366.075,0.07099250255935328559593181381
BTC-USD,2026-08-28T20:37:23.920901Z,77366.07,77366.08,0.01,77366.075,0.07099250255935328559593181381
BTC-USD,2026-08-28T20:37:24.019854Z,77368.62,77368.63,0.01,77368.625,-0.3993330539764592342102130687
BTC-USD,2026-08-28T20:37:24.084575Z,77368.62,77368.63,0.01,77368.625,-0.3993203579918681872614489010
BTC-USD,2026-08-28T20:37:24.131089Z,77368.62,77368.63,0.01,77368.625,-0.4484478239180397411648997876
BTC-USD,2026-08-28T20:37:24.173137Z,77368.62,77368.63,0.01,77368.625,-0.4913363910881304352802459194
BTC-USD,2026-08-28T20:37:24.240111Z,77368.62,77368.63,0.01,77368.625,-0.5038846857744290892887755854
BTC-USD,2026-08-28T20:37:24.292342Z,77368.62,77368.63,0.01,77368.625,-0.5038846857744290892887755854
BTC-USD,2026-08-28T20:37:24.349756Z,77368.62,77368.63,0.01,77368.625,-0.5038846857744290892887755854
BTC-USD,2026-08-28T20:37:24.383618Z,77368.62,77368.63,0.01,77368.625,-0.5038846857744290892887755854
BTC-USD,2026-08-28T20:37:24.451867Z,77368.62,77368.63,0.01,77368.625,-0.5038850146902579318480366714
BTC-USD,2026-08-28T20:37:24.476178Z,77368.62,77368.63,0.01,77368.625,-0.5038850146902579318480366714
BTC-USD,2026-08-28T20:37:24.552182Z,77369.98,77369.99,0.01,77369.985,-0.5949147444430410450280223965
BTC-USD,2026-08-28T20:37:24.58973Z,77369.98,77369.99,0.01,77369.985,-0.5639339893077083311580115904
BTC-USD,2026-08-28T20:37:24.64523Z,77369.98,77369.99,0.01,77369.985,-0.5639339893077083311580115904
BTC-USD,2026-08-28T20:37:24.705234Z,77369.98,77369.99,0.01,77369.985,-0.5640031594205310086923503835
BTC-USD,2026-08-28T20:37:24.716628Z,77369.98,77369.99,0.01,77369.985,-0.5640031594205310086923503835
BTC-USD,2026-08-28T20:37:24.777939Z,77369.98,77369.99,0.01,77369.985,-0.5640031594205310086923503835
BTC-USD,2026-08-28T20:37:24.847542Z,77360.01,77360.02,0.01,77360.015,-0.6529965541798756723449186326
BTC-USD,2026-08-28T20:37:24.900244Z,77360.01,77360.02,0.01,77360.015,-0.7921317323567398256798303928
BTC-USD,2026-08-28T20:37:24.940173Z,77360.01,77360.02,0.01,77360.015,-0.8047758040159442484912194575
BTC-USD,2026-08-28T20:37:24.97593Z,77360.01,77360.02,0.01,77360.015,-0.8051080726879200089841315021
BTC-USD,2026-08-28T20:37:25.020409Z,77360.01,77360.02,0.01,77360.015,-0.8051080726879200089841315021
BTC-USD,2026-08-28T20:37:25.041028Z,77360.01,77360.02,0.01,77360.015,-0.8051080726879200089841315021
BTC-USD,2026-08-28T20:37:25.271039Z,77355.09,77355.1,0.01,77355.095,-0.6503122732816665292255629245
BTC-USD,2026-08-28T20:37:25.321953Z,77355.09,77355.1,0.01,77355.095,-0.6493998062045663690359634867
BTC-USD,2026-08-28T20:37:25.373351Z,77350.98,77350.99,0.01,77350.985,-0.7754511245859449099391890239
BTC-USD,2026-08-28T20:37:25.440531Z,77353.68,77353.69,0.01,77353.685,-0.8015925887551571751524093398
BTC-USD,2026-08-28T20:37:25.484909Z,77353.68,77353.69,0.01,77353.685,-0.9530293940044296704668993766
BTC-USD,2026-08-28T20:37:25.533747Z,77353.68,77353.69,0.01,77353.685,-0.9529420576928982494748196985
BTC-USD,2026-08-28T20:37:25.576057Z,77353.68,77353.69,0.01,77353.685,-0.9458914434259646457508378457
BTC-USD,2026-08-28T20:37:25.619195Z,77353.68,77353.69,0.01,77353.685,-0.9458914434259646457508378457
BTC-USD,2026-08-28T20:37:25.692699Z,77353.68,77353.69,0.01,77353.685,-0.9047750359616955843723368127
BTC-USD,2026-08-28T20:37:25.744325Z,77353.68,77353.69,0.01,77353.685,-0.9047750359616955843723368127
BTC-USD,2026-08-28T20:37:25.781478Z,77353.68,77353.69,0.01,77353.685,-0.9047750359616955843723368127
BTC-USD,2026-08-28T20:37:25.821091Z,77353.68,77353.69,0.01,77353.685,-0.8061042988445005646346151673
BTC-USD,2026-08-28T20:37:25.878846Z,77353.68,77353.69,0.01,77353.685,-0.8059822154010330786965071082
BTC-USD,2026-08-28T20:37:25.925436Z,77353.68,77358.31,4.63,77355.995,-0.8246393597904791801267889830
BTC-USD,2026-08-28T20:37:25.968771Z,77358.29,77358.3,0.01,77358.295,-0.8644109985437446128151285546
BTC-USD,2026-08-28T20:37:26.026413Z,77358.29,77358.3,0.01,77358.295,-0.8644109985437446128151285546
BTC-USD,2026-08-28T20:37:26.07968Z,77358.29,77358.3,0.01,77358.295,-0.8644109985437446128151285546
BTC-USD,2026-08-28T20:37:26.109026Z,77358.29,77358.3,0.01,77358.295,-0.8644109985437446128151285546
BTC-USD,2026-08-28T20:37:26.178653Z,77358.29,77358.3,0.01,77358.295,-0.8644109985437446128151285546
BTC-USD,2026-08-28T20:37:26.250377Z,77358.29,77358.3,0.01,77358.295,-0.8644109985437446128151285546
BTC-USD,2026-08-28T20:37:26.285004Z,77358.29,77358.3,0.01,77358.295,-0.8644109985437446128151285546
BTC-USD,2026-08-28T20:37:26.336223Z,77358.29,77358.3,0.01,77358.295,-0.8644109985437446128151285546
BTC-USD,2026-08-28T20:37:26.398598Z,77358.29,77358.3,0.01,77358.295,-0.8842012138921036526283551177
BTC-USD,2026-08-28T20:37:26.444367Z,77358.29,77358.3,0.01,77358.295,-0.8725758666040786917060435454
BTC-USD,2026-08-28T20:37:26.464853Z,77360.01,77360.02,0.01,77360.015,-0.6190260693492481373993975592
BTC-USD,2026-08-28T20:37:26.566253Z,77360.01,77360.02,0.01,77360.015,-0.6659712650869492517843679380
BTC-USD,2026-08-28T20:37:26.633224Z,77360.01,77360.02,0.01,77360.015,-0.6659712650869492517843679380
BTC-USD,2026-08-28T20:37:26.685586Z,77360.01,77360.02,0.01,77360.015,-0.6914176074624342332749844400
BTC-USD,2026-08-28T20:37:26.737307Z,77360.01,77360.02,0.01,77360.015,-0.6583878824035868068512469457
BTC-USD,2026-08-28T20:37:26.804259Z,77360.01,77360.02,0.01,77360.015,-0.6582856234564179909749157300
BTC-USD,2026-08-28T20:37:26.840032Z,77360.01,77360.02,0.01,77360.015,-0.6582856234564179909749157300
BTC-USD,2026-08-28T20:37:26.907651Z,77360.01,77360.02,0.01,77360.015,-0.6582856234564179909749157300
BTC-USD,2026-08-28T20:37:26.915139Z,77360.01,77360.02,0.01,77360.015,-0.6582856234564179909749157300
BTC-USD,2026-08-28T20:37:26.966086Z,77360.01,77360.02,0.01,77360.015,-0.6582429139014490210184678778
BTC-USD,2026-08-28T20:37:27.053943Z,77360.01,77360.02,0.01,77360.015,-0.6582429139014490210184678778
BTC-USD,2026-08-28T20:37:27.162276Z,77360.01,77360.02,0.01,77360.015,-0.6582429139014490210184678778
BTC-USD,2026-08-28T20:37:27.194361Z,77360.01,77360.02,0.01,77360.015,-0.6582429543924733709667910502
BTC-USD,2026-08-28T20:37:27.227969Z,77360.01,77360.02,0.01,77360.015,-0.6331325826836937015129367651
BTC-USD,2026-08-28T20:37:27.285241Z,77360.01,77360.02,0.01,77360.015,-0.6331325826836937015129367651
BTC-USD,2026-08-28T20:37:27.330864Z,77360.01,77360.02,0.01,77360.015,-0.7340956441825820333386301632
BTC-USD,2026-08-28T20:37:27.382934Z,77360.01,77360.02,0.01,77360.015,-0.7340956441825820333386301632
BTC-USD,2026-08-28T20:37:27.445219Z,77360.01,77360.02,0.01,77360.015,-0.7573111867892294842963567039
BTC-USD,2026-08-28T20:37:27.486366Z,77360.01,77360.02,0.01,77360.015,-0.7573059310140407277772567847
BTC-USD,2026-08-28T20:37:27.529258Z,77360.01,77360.02,0.01,77360.015,-0.7573059310140407277772567847
BTC-USD,2026-08-28T20:37:27.592842Z,77360.01,77360.02,0.01,77360.015,-0.7573057489265797185891876777
BTC-USD,2026-08-28T20:37:27.635993Z,77360.01,77360.02,0.01,77360.015,-0.7573057489265797185891876777
BTC-USD,2026-08-28T20:37:27.670762Z,77360.01,77360.02,0.01,77360.015,-0.7573057489265797185891876777
BTC-USD,2026-08-28T20:37:27.737474Z,77360.01,77360.02,0.01,77360.015,-0.7573057489265797185891876777
BTC-USD,2026-08-28T20:37:27.776722Z,77360.01,77360.02,0.01,77360.015,-0.7573057489265797185891876777
BTC-USD,2026-08-28T20:37:27.803962Z,77360.01,77360.02,0.01,77360.015,-0.7573057489265797185891876777
BTC-USD,2026-08-28T20:37:27.873212Z,77360.01,77360.02,0.01,77360.015,-0.7573057489265797185891876777
BTC-USD,2026-08-28T20:37:27.93763Z,77360.01,77360.02,0.01,77360.015,-0.7573057489265797185891876777
BTC-USD,2026-08-28T20:37:27.993339Z,77360.01,77360.02,0.01,77360.015,-0.7573057489265797185891876777
BTC-USD,2026-08-28T20:37:28.040716Z,77360.01,77360.02,0.01,77360.015,-0.7572889758480831002842259770
BTC-USD,2026-08-28T20:37:28.082093Z,77360.01,77360.02,0.01,77360.015,-0.7572802156383437500784496117
BTC-USD,2026-08-28T20:37:28.144365Z,77360.01,77360.02,0.01,77360.015,-0.7572802156383437500784496117
BTC-USD,2026-08-28T20:37:28.198322Z,77360.01,77360.02,0.01,77360.015,-0.7572802156383437500784496117
BTC-USD,2026-08-28T20:37:28.235854Z,77360.01,77360.02,0.01,77360.015,-0.7572802156383437500784496117
BTC-USD,2026-08-28T20:37:28.301855Z,77360.01,77360.02,0.01,77360.015,-0.7572802156383437500784496117
BTC-USD,2026-08-28T20:37:28.349021Z,77360.01,77360.02,0.01,77360.015,-0.7572527543638909263505663331
BTC-USD,2026-08-28T20:37:28.374451Z,77360.01,77360.02,0.01,77360.015,-0.7572527543638909263505663331
BTC-USD,2026-08-28T20:37:28.436775Z,77360.01,77360.02,0.01,77360.015,-0.7572527543638909263505663331
BTC-USD,2026-08-28T20:37:28.474853Z,77360.01,77360.02,0.01,77360.015,-0.7572359670544484246204016064
BTC-USD,2026-08-28T20:37:28.526668Z,77360.01,77360.02,0.01,77360.015,-0.7572359670544484246204016064
BTC-USD,2026-08-28T20:37:28.575006Z,77360.01,77360.02,0.01,77360.015,-0.7572359670544484246204016064
BTC-USD,2026-08-28T20:37:28.638335Z,77360.01,77360.02,0.01,77360.015,-0.7572359670544484246204016064
BTC-USD,2026-08-28T20:37:28.663638Z,77360.01,77360.02,0.01,77360.015,-0.7572359670544484246204016064
BTC-USD,2026-08-28T20:37:28.711058Z,77360.01,77360.02,0.01,77360.015,-0.7572023868388503731991522220
BTC-USD,2026-08-28T20:37:28.789196Z,77360.01,77360.02,0.01,77360.015,-0.7572023868388503731991522220
BTC-USD,2026-08-28T20:37:28.829877Z,77360.01,77360.02,0.01,77360.015,-0.7572023868388503731991522220
BTC-USD,2026-08-28T20:37:28.887442Z,77360.01,77360.02,0.01,77360.015,-0.7977744415704790262018184993
BTC-USD,2026-08-28T20:37:28.950174Z,77360.01,77360.02,0.01,77360.015,-0.7977744415704790262018184993
BTC-USD,2026-08-28T20:37:28.99371Z,77360.01,77360.02,0.01,77360.015,-0.7976233801858198006875919522
BTC-USD,2026-08-28T20:37:29.033418Z,77360.01,77360.02,0.01,77360.015,-0.7976233801858198006875919522
BTC-USD,2026-08-28T20:37:29.093931Z,77360.01,77360.02,0.01,77360.015,-0.7976233801858198006875919522
BTC-USD,2026-08-28T20:37:29.111116Z,77360.01,77360.02,0.01,77360.015,-0.7976233801858198006875919522
BTC-USD,2026-08-28T20:37:29.188417Z,77360.01,77360.02,0.01,77360.015,-0.7382668266505273315579037735
BTC-USD,2026-08-28T20:37:29.236258Z,77360.01,77360.02,0.01,77360.015,-0.7976233801858198006875919522
BTC-USD,2026-08-28T20:37:29.278301Z,77360.01,77360.02,0.01,77360.015,-0.7976233801858198006875919522
BTC-USD,2026-08-28T20:37:29.323311Z,77360.01,77360.02,0.01,77360.015,-0.7976233801858198006875919522
BTC-USD,2026-08-28T20:37:29.390367Z,77360.01,77360.02,0.01,77360.015,-0.7976233801858198006875919522
BTC-USD,2026-08-28T20:37:29.448945Z,77360.01,77360.02,0.01,77360.015,-0.7777248456167197291752668837
BTC-USD,2026-08-28T20:37:29.462418Z,77360.01,77360.02,0.01,77360.015,-0.7777248456167197291752668837
BTC-USD,2026-08-28T20:37:29.531547Z,77360.01,77360.02,0.01,77360.015,-0.7775240109990615903658683463
BTC-USD,2026-08-28T20:37:29.574132Z,77360.01,77360.02,0.01,77360.015,-0.7774885508017514805356316467
BTC-USD,2026-08-28T20:37:29.61817Z,77360.01,77360.02,0.01,77360.015,-0.7774885508017514805356316467
BTC-USD,2026-08-28T20:37:29.689111Z,77360.01,77360.02,0.01,77360.015,-0.7766413509729770268975142263
BTC-USD,2026-08-28T20:37:29.735532Z,77360.01,77360.02,0.01,77360.015,-0.7766413509729770268975142263
BTC-USD,2026-08-28T20:37:29.785982Z,77360.01,77360.02,0.01,77360.015,-0.7766413509729770268975142263
BTC-USD,2026-08-28T20:37:29.829424Z,77360.01,77360.02,0.01,77360.015,-0.7766413509729770268975142263
BTC-USD,2026-08-28T20:37:29.869859Z,77360.01,77360.02,0.01,77360.015,-0.7766413509729770268975142263
BTC-USD,2026-08-28T20:37:29.941962Z,77360.01,77360.02,0.01,77360.015,-0.7766413509729770268975142263
BTC-USD,2026-08-28T20:37:29.982278Z,77360.01,77360.02,0.01,77360.015,-0.7766413509729770268975142263
BTC-USD,2026-08-28T20:37:30.03072Z,77360.01,77360.02,0.01,77360.015,-0.7766413509729770268975142263
BTC-USD,2026-08-28T20:37:30.083368Z,77360.01,77360.02,0.01,77360.015,-0.7766413509729770268975142263
BTC-USD,2026-08-28T20:37:30.1253Z,77360.01,77360.02,0.01,77360.015,-0.7766413509729770268975142263
BTC-USD,2026-08-28T20:37:30.178669Z,77360.01,77360.02,0.01,77360.015,-0.7766413509729770268975142263
BTC-USD,2026-08-28T20:37:30.220382Z,77360.01,77360.02,0.01,77360.015,-0.7766413509729770268975142263
BTC-USD,2026-08-28T20:37:30.275182Z,77360.01,77360.02,0.01,77360.015,-0.7766413509729770268975142263
BTC-USD,2026-08-28T20:37:30.323967Z,77360.01,77360.02,0.01,77360.015,-0.7766413509729770268975142263
BTC-USD,2026-08-28T20:37:30.372934Z,77360.01,77360.02,0.01,77360.015,-0.7766413509729770268975142263
BTC-USD,2026-08-28T20:37:30.436056Z,77360.01,77360.02,0.01,77360.015,-0.7472900875543810714391768388
BTC-USD,2026-08-28T20:37:30.481589Z,77360.01,77360.02,0.01,77360.015,-0.7472900875543810714391768388
BTC-USD,2026-08-28T20:37:30.544246Z,77360.01,77360.02,0.01,77360.015,-0.7472900875543810714391768388
BTC-USD,2026-08-28T20:37:30.587912Z,77360.01,77360.02,0.01,77360.015,-0.7416321069735244613935985847
BTC-USD,2026-08-28T20:37:30.625736Z,77360.01,77360.02,0.01,77360.015,-0.7416321069735244613935985847
BTC-USD,2026-08-28T20:37:30.672728Z,77360.01,77360.02,0.01,77360.015,-0.7416203200978443765955191316
BTC-USD,2026-08-28T20:37:30.730869Z,77360.01,77360.02,0.01,77360.015,-0.7408596803194535602261969824
BTC-USD,2026-08-28T20:37:30.794045Z,77360.01,77360.02,0.01,77360.015,-0.7408596803194535602261969824
BTC-USD,2026-08-28T20:37:30.836912Z,77360.01,77360.02,0.01,77360.015,-0.7407898265138971965139883302
BTC-USD,2026-08-28T20:37:30.859065Z,77360.01,77360.02,0.01,77360.015,-0.7407898265138971965139883302
BTC-USD,2026-08-28T20:37:30.938537Z,77360.01,77360.02,0.01,77360.015,-0.7407898265138971965139883302
BTC-USD,2026-08-28T20:37:30.99416Z,77360.01,77360.02,0.01,77360.015,-0.7407666911795773138999850067
BTC-USD,2026-08-28T20:37:31.038126Z,77360.01,77360.02,0.01,77360.015,-0.7407666911795773138999850067
BTC-USD,2026-08-28T20:37:31.083137Z,77360.01,77360.02,0.01,77360.015,-0.7407666911795773138999850067
BTC-USD,2026-08-28T20:37:31.151238Z,77360.01,77360.02,0.01,77360.015,-0.7407666911795773138999850067
BTC-USD,2026-08-28T20:37:31.189815Z,77360.01,77360.02,0.01,77360.015,-0.7172288266391715908681908932
BTC-USD,2026-08-28T20:37:31.235097Z,77360.01,77360.02,0.01,77360.015,-0.7407295948182584119608601821
BTC-USD,2026-08-28T20:37:31.282815Z,77360.01,77360.02,0.01,77360.015,-0.7407295948182584119608601821
BTC-USD,2026-08-28T20:37:31.322106Z,77360.01,77360.02,0.01,77360.015,-0.7407295948182584119608601821
BTC-USD,2026-08-28T20:37:31.368998Z,77360.01,77360.02,0.01,77360.015,-0.7407295948182584119608601821
BTC-USD,2026-08-28T20:37:31.437093Z,77360.01,77360.02,0.01,77360.015,-0.5244691681591746051784070669
BTC-USD,2026-08-28T20:37:31.486724Z,77360.01,77360.02,0.01,77360.015,-0.3597573984499783346544809193
BTC-USD,2026-08-28T20:37:31.537049Z,77360.01,77360.02,0.01,77360.015,-0.1306187256835779598943399855
BTC-USD,2026-08-28T20:37:31.578735Z,77360.01,77360.02,0.01,77360.015,-0.3388964039591747847380101968
BTC-USD,2026-08-28T20:37:31.62892Z,77360.01,77360.02,0.01,77360.015,-0.3266344056838911756496362496
BTC-USD,2026-08-28T20:37:31.674213Z,77360.01,77360.02,0.01,77360.015,-0.4299387194624468646452432083
BTC-USD,2026-08-28T20:37:31.726308Z,77360.01,77360.02,0.01,77360.015,-0.3736421777932525793032674229
BTC-USD,2026-08-28T20:37:31.792393Z,77360.01,77360.02,0.01,77360.015,-0.3669807639404990716859665483
BTC-USD,2026-08-28T20:37:31.829745Z,77360.01,77360.02,0.01,77360.015,-0.4396999423682205235418309528
BTC-USD,2026-08-28T20:37:31.88593Z,77360.01,77360.02,0.01,77360.015,-0.6922477626781346571799565366
BTC-USD,2026-08-28T20:37:31.912084Z,77360.01,77360.02,0.01,77360.015,-0.6922477626781346571799565366
BTC-USD,2026-08-28T20:37:31.995287Z,77360.01,77360.02,0.01,77360.015,-0.6028265781568959189243993157
BTC-USD,2026-08-28T20:37:32.068696Z,77360.01,77360.02,0.01,77360.015,-0.6028265781568959189243993157
BTC-USD,2026-08-28T20:37:32.146006Z,77360.01,77360.02,0.01,77360.015,-0.6028265781568959189243993157
BTC-USD,2026-08-28T20:37:32.170114Z,77360.01,77360.02,0.01,77360.015,-0.6028265781568959189243993157
BTC-USD,2026-08-28T20:37:32.220459Z,77360.01,77360.02,0.01,77360.015,-0.6028265781568959189243993157
BTC-USD,2026-08-28T20:37:32.291705Z,77360.01,77360.02,0.01,77360.015,-0.5052031807306771624405284762
BTC-USD,2026-08-28T20:37:32.330056Z,77360.01,77360.02,0.01,77360.015,-0.4883324912161293457777392544
BTC-USD,2026-08-28T20:37:32.394251Z,77360.01,77360.02,0.01,77360.015,-0.4998626833076824095747261495
BTC-USD,2026-08-28T20:37:32.415347Z,77360.01,77360.02,0.01,77360.015,-0.4907709375799947263334414188
BTC-USD,2026-08-28T20:37:32.458439Z,77360.01,77360.02,0.01,77360.015,-0.4693458712907873045793899469
BTC-USD,2026-08-28T20:37:32.557901Z,77360.01,77360.02,0.01,77360.015,-0.4171522859949376964076671285
BTC-USD,2026-08-28T20:37:32.607214Z,77360.01,77360.02,0.01,77360.015,-0.3951706456802270985682920653
BTC-USD,2026-08-28T20:37:32.681686Z,77360.01,77360.02,0.01,77360.015,-0.3691040114262557809542706373
BTC-USD,2026-08-28T20:37:32.72623Z,77360.01,77360.02,0.01,77360.015,-0.3288129025759519920196647185
BTC-USD,2026-08-28T20:37:32.77983Z,77360.01,77360.02,0.01,77360.015,-0.1363273666807434131789110856
BTC-USD,2026-08-28T20:37:32.826879Z,77360.01,77360.02,0.01,77360.015,-0.1369259188884991960117322077
BTC-USD,2026-08-28T20:37:32.881886Z,77360.01,77360.02,0.01,77360.015,-0.1397539972702166210286287684
BTC-USD,2026-08-28T20:37:32.934175Z,77360.01,77360.02,0.01,77360.015,-0.1397539972702166210286287684
BTC-USD,2026-08-28T20:37:32.975141Z,77360.01,77360.02,0.01,77360.015,-0.1397539972702166210286287684
BTC-USD,2026-08-28T20:37:33.018824Z,77360.01,77360.02,0.01,77360.015,-0.1375418009473838049784523550
BTC-USD,2026-08-28T20:37:33.070089Z,77360.01,77360.02,0.01,77360.015,-0.1463691997353360305487654302
BTC-USD,2026-08-28T20:37:33.123998Z,77360.01,77360.02,0.01,77360.015,-0.1463691997353360305487654302
BTC-USD,2026-08-28T20:37:33.176199Z,77360.01,77360.02,0.01,77360.015,-0.1463691997353360305487654302
BTC-USD,2026-08-28T20:37:33.231285Z,77360.01,77360.02,0.01,77360.015,-0.1323696758893394122535491773
BTC-USD,2026-08-28T20:37:33.298477Z,77360.01,77360.02,0.01,77360.015,0.2846295780227597125413119450
BTC-USD,2026-08-28T20:37:33.332277Z,77360.01,77360.02,0.01,77360.015,0.3731516158745522548647438012
BTC-USD,2026-08-28T20:37:33.369112Z,77360.01,77360.02,0.01,77360.015,0.5516965451053893989383932555
BTC-USD,2026-08-28T20:37:33.428068Z,77360.01,77360.02,0.01,77360.015,0.7786807082891760654951097815
BTC-USD,2026-08-28T20:37:33.468316Z,77361.56,77361.96,0.40,77361.76,0.9751131036403399798502144669
BTC-USD,2026-08-28T20:37:33.538197Z,77362.34,77362.35,0.01,77362.345,0.1419812988044644984817858155
BTC-USD,2026-08-28T20:37:33.583162Z,77362.34,77362.35,0.01,77362.345,0.3937787405752285239805366968
BTC-USD,2026-08-28T20:37:33.646406Z,77362.34,77362.35,0.01,77362.345,0.8048758787976708539989412973
BTC-USD,2026-08-28T20:37:33.691108Z,77362.34,77362.35,0.01,77362.345,0.9413728329160038377430238536
BTC-USD,2026-08-28T20:37:33.753647Z,77362.34,77362.35,0.01,77362.345,0.8948600460332027328350341574
BTC-USD,2026-08-28T20:37:33.794857Z,77362.34,77362.35,0.01,77362.345,0.7815858054988489771098466751
BTC-USD,2026-08-28T20:37:33.846723Z,77362.34,77362.35,0.01,77362.345,0.7815858054988489771098466751
BTC-USD,2026-08-28T20:37:33.909463Z,77363.89,77363.9,0.01,77363.895,-0.2020468602222897497484211560
BTC-USD,2026-08-28T20:37:33.946017Z,77363.89,77363.9,0.01,77363.895,-0.2021903265364976472193289951
BTC-USD,2026-08-28T20:37:33.964309Z,77363.89,77363.9,0.01,77363.895,-0.2020384166055074675411238776
BTC-USD,2026-08-28T20:37:34.048257Z,77363.89,77363.9,0.01,77363.895,-0.2640106705534255642974038859
BTC-USD,2026-08-28T20:37:34.090307Z,77363.89,77363.9,0.01,77363.895,-0.1050019227490951185959570731
BTC-USD,2026-08-28T20:37:34.117184Z,77363.89,77363.9,0.01,77363.895,-0.1050019227490951185959570731
BTC-USD,2026-08-28T20:37:34.186824Z,77363.89,77363.9,0.01,77363.895,-0.2403570514443738899524543744
BTC-USD,2026-08-28T20:37:34.198897Z,77363.89,77363.9,0.01,77363.895,-0.2403570514443738899524543744
BTC-USD,2026-08-28T20:37:34.288559Z,77363.89,77363.9,0.01,77363.895,0.9732163587626095002807897246
BTC-USD,2026-08-28T20:37:34.334601Z,77363.89,77363.9,0.01,77363.895,0.9682085984730639121854343533
BTC-USD,2026-08-28T20:37:34.388722Z,77363.89,77363.9,0.01,77363.895,0.9669162228440679536785146999
BTC-USD,2026-08-28T20:37:34.416568Z,77363.99,77364,0.01,77363.995,0.9995391026830227924217382645
BTC-USD,2026-08-28T20:37:34.434606Z,77363.99,77364,0.01,77363.995,0.9996314663229166585483264659
BTC-USD,2026-08-28T20:37:34.457425Z,77363.99,77364,0.01,77363.995,0.9995896634766130743525383708
BTC-USD,2026-08-28T20:37:34.588602Z,77369.98,77370,0.02,77369.99,0.3600883164463552739278761006
BTC-USD,2026-08-28T20:37:34.631003Z,77360.26,77361.94,1.68,77361.10,-0.7551799385357996982356799323
BTC-USD,2026-08-28T20:37:34.692732Z,77360.01,77361.95,1.94,77360.98,-0.9770734259481032000686847469
BTC-USD,2026-08-28T20:37:34.736213Z,77361.94,77361.95,0.01,77361.945,-0.8880780304988300873653824350
BTC-USD,2026-08-28T20:37:34.78324Z,77361.94,77361.95,0.01,77361.945,-0.8113156046525564527316720004
BTC-USD,2026-08-28T20:37:34.82347Z,77361.94,77361.95,0.01,77361.945,-0.8112683229607294710202320252
BTC-USD,2026-08-28T20:37:34.89594Z,77361.94,77361.95,0.01,77361.945,-0.8112683229607294710202320252
BTC-USD,2026-08-28T20:37:34.937644Z,77361.94,77361.95,0.01,77361.945,-0.8112681556589207990744752667
BTC-USD,2026-08-28T20:37:34.960156Z,77361.94,77361.95,0.01,77361.945,-0.8112681556589207990744752667
BTC-USD,2026-08-28T20:37:35.038873Z,77361.94,77361.95,0.01,77361.945,-0.8112679786196468157750910840
BTC-USD,2026-08-28T20:37:35.080274Z,77361.94,77361.95,0.01,77361.945,-0.8110432332640959947007125275
BTC-USD,2026-08-28T20:37:35.143832Z,77361.94,77361.95,0.01,77361.945,-0.8110433268117333726730240257
BTC-USD,2026-08-28T20:37:35.186783Z,77361.94,77361.95,0.01,77361.945,-0.8110433268117333726730240257
BTC-USD,2026-08-28T20:37:35.237674Z,77361.94,77361.95,0.01,77361.945,-0.8110107206662525179215143510
BTC-USD,2026-08-28T20:37:35.287831Z,77361.94,77361.95,0.01,77361.945,-0.8110107206662525179215143510
BTC-USD,2026-08-28T20:37:35.334366Z,77361.94,77361.95,0.01,77361.945,-0.8110107206662525179215143510
BTC-USD,2026-08-28T20:37:35.384643Z,77361.94,77361.95,0.01,77361.945,-0.8110105431435797937116493463
BTC-USD,2026-08-28T20:37:35.439011Z,77361.94,77361.95,0.01,77361.945,-0.8110105431435797937116493463
BTC-USD,2026-08-28T20:37:35.50105Z,77361.94,77361.95,0.01,77361.945,-0.8110208158318888996237656345
BTC-USD,2026-08-28T20:37:35.544737Z,77361.94,77361.95,0.01,77361.945,-0.8110206640662393106297489784
BTC-USD,2026-08-28T20:37:35.598167Z,77361.94,77361.95,0.01,77361.945,-0.8110206640662393106297489784
BTC-USD,2026-08-28T20:37:35.649414Z,77361.94,77361.95,0.01,77361.945,-0.8110206640662393106297489784
BTC-USD,2026-08-28T20:37:35.689543Z,77361.94,77361.95,0.01,77361.945,-0.8109345683428375808985555852
BTC-USD,2026-08-28T20:37:35.730582Z,77361.94,77361.95,0.01,77361.945,-0.7519596930668372282543947017
BTC-USD,2026-08-28T20:37:35.784967Z,77361.94,77361.95,0.01,77361.945,-0.7519593988447163988402830259
BTC-USD,2026-08-28T20:37:35.833524Z,77361.94,77361.95,0.01,77361.945,-0.7519675383072505887109165040
BTC-USD,2026-08-28T20:37:35.875493Z,77361.94,77361.95,0.01,77361.945,-0.7325348422696363080684596577
BTC-USD,2026-08-28T20:37:35.917351Z,77361.94,77361.95,0.01,77361.945,-0.7310465153650892421981437942
BTC-USD,2026-08-28T20:37:35.986955Z,77361.94,77361.95,0.01,77361.945,-0.7249753043256075791342703917
BTC-USD,2026-08-28T20:37:36.025669Z,77361.94,77361.95,0.01,77361.945,-0.7224796472066915885661201358
BTC-USD,2026-08-28T20:37:36.090316Z,77361.94,77361.95,0.01,77361.945,-0.7147905412232196560646303576
BTC-USD,2026-08-28T20:37:36.137816Z,77361.94,77361.95,0.01,77361.945,-0.7094255281515498846268553254
BTC-USD,2026-08-28T20:37:36.183235Z,77361.94,77361.95,0.01,77361.945,-0.7043469948444764556302612834
BTC-USD,2026-08-28T20:37:36.230269Z,77361.94,77361.95,0.01,77361.945,-0.7002237578263926855471860421
BTC-USD,2026-08-28T20:37:36.28353Z,77361.94,77361.95,0.01,77361.945,-0.6943647613582939460483513533
BTC-USD,2026-08-28T20:37:36.330541Z,77361.94,77361.95,0.01,77361.945,-0.7157607815957795576156421432
BTC-USD,2026-08-28T20:37:36.395493Z,77361.94,77361.95,0.01,77361.945,-0.7066835195610640881419993694
BTC-USD,2026-08-28T20:37:36.446831Z,77361.94,77361.95,0.01,77361.945,-0.7066835195610640881419993694
BTC-USD,2026-08-28T20:37:36.475285Z,77361.94,77361.95,0.01,77361.945,-0.7003210289674709004680008672
BTC-USD,2026-08-28T20:37:36.522822Z,77361.94,77361.95,0.01,77361.945,-0.6978740630163724301583827379
BTC-USD,2026-08-28T20:37:36.575974Z,77361.94,77361.95,0.01,77361.945,-0.6978740630163724301583827379
BTC-USD,2026-08-28T20:37:36.641376Z,77361.94,77361.95,0.01,77361.945,-0.6978738600704436652598837736
BTC-USD,2026-08-28T20:37:36.69212Z,77361.94,77361.95,0.01,77361.945,-0.6978731757668343402237374211
BTC-USD,2026-08-28T20:37:36.744074Z,77361.94,77361.95,0.01,77361.945,-0.6978731757668343402237374211
BTC-USD,2026-08-28T20:37:36.786944Z,77361.94,77361.95,0.01,77361.945,-0.6978731757668343402237374211
BTC-USD,2026-08-28T20:37:36.847562Z,77361.94,77361.95,0.01,77361.945,-0.6978731757668343402237374211
BTC-USD,2026-08-28T20:37:36.891997Z,77361.94,77361.95,0.01,77361.945,-0.6978731757668343402237374211
BTC-USD,2026-08-28T20:37:36.927824Z,77361.94,77361.95,0.01,77361.945,-0.6978729728202550566828304650
BTC-USD,2026-08-28T20:37:36.995599Z,77361.94,77361.95,0.01,77361.945,-0.6978092467701129135640157393
BTC-USD,2026-08-28T20:37:37.024342Z,77361.94,77361.95,0.01,77361.945,-0.6978092467701129135640157393
BTC-USD,2026-08-28T20:37:37.086499Z,77361.94,77361.95,0.01,77361.945,-0.6978090193737034823727352188
BTC-USD,2026-08-28T20:37:37.138094Z,77361.94,77361.95,0.01,77361.945,-0.6978090193737034823727352188
BTC-USD,2026-08-28T20:37:37.188471Z,77361.94,77361.95,0.01,77361.945,-0.6978090193737034823727352188
BTC-USD,2026-08-28T20:37:37.215369Z,77361.94,77361.95,0.01,77361.945,-0.6978090193737034823727352188
BTC-USD,2026-08-28T20:37:37.269651Z,77361.94,77361.95,0.01,77361.945,-0.8252563206047144039480678860
BTC-USD,2026-08-28T20:37:37.347558Z,77361.94,77361.95,0.01,77361.945,-0.8252563206047144039480678860
BTC-USD,2026-08-28T20:37:37.387676Z,77361.94,77361.95,0.01,77361.945,-0.8252563206047144039480678860
BTC-USD,2026-08-28T20:37:37.460274Z,77361.94,77361.95,0.01,77361.945,-0.8932659610093318707333116815
BTC-USD,2026-08-28T20:37:37.53316Z,77361.94,77361.95,0.01,77361.945,-0.8932659610093318707333116815
BTC-USD,2026-08-28T20:37:37.569888Z,77361.94,77361.95,0.01,77361.945,-0.8932658010753352397569451872
BTC-USD,2026-08-28T20:37:37.640666Z,77361.94,77361.95,0.01,77361.945,-0.8932658010753352397569451872
BTC-USD,2026-08-28T20:37:37.689168Z,77361.94,77361.95,0.01,77361.945,-0.8932622432196562835660580021
BTC-USD,2026-08-28T20:37:37.724608Z,77361.94,77361.95,0.01,77361.945,-0.8806167433626090820171503676
BTC-USD,2026-08-28T20:37:37.797438Z,77361.94,77361.95,0.01,77361.945,-0.8806167433626090820171503676
BTC-USD,2026-08-28T20:37:37.851658Z,77361.94,77361.95,0.01,77361.945,-0.8805922075293025174035985065
BTC-USD,2026-08-28T20:37:37.879882Z,77361.94,77361.95,0.01,77361.945,-0.8805920073586900482982346146
BTC-USD,2026-08-28T20:37:37.936093Z,77361.94,77361.95,0.01,77361.945,-0.8805920073586900482982346146
BTC-USD,2026-08-28T20:37:37.979773Z,77361.94,77361.95,0.01,77361.945,-0.8805920073586900482982346146
BTC-USD,2026-08-28T20:37:38.073492Z,77361.94,77361.95,0.01,77361.945,-0.8805920073586900482982346146
BTC-USD,2026-08-28T20:37:38.152576Z,77361.94,77361.95,0.01,77361.945,-0.8805920073586900482982346146
BTC-USD,2026-08-28T20:37:38.198494Z,77361.94,77361.95,0.01,77361.945,-0.8805920073586900482982346146
BTC-USD,2026-08-28T20:37:38.208946Z,77361.94,77361.95,0.01,77361.945,-0.8805920073586900482982346146
BTC-USD,2026-08-28T20:37:38.29601Z,77361.94,77361.95,0.01,77361.945,-0.8805920073586900482982346146
BTC-USD,2026-08-28T20:37:38.331969Z,77361.94,77361.95,0.01,77361.945,-0.8805920073586900482982346146
BTC-USD,2026-08-28T20:37:38.396227Z,77361.94,77361.95,0.01,77361.945,-0.8805920073586900482982346146
BTC-USD,2026-08-28T20:37:38.433834Z,77361.94,77361.95,0.01,77361.945,-0.8805920073586900482982346146
BTC-USD,2026-08-28T20:37:38.542406Z,77361.94,77361.95,0.01,77361.945,-0.8805920073586900482982346146
BTC-USD,2026-08-28T20:37:38.584063Z,77361.94,77361.95,0.01,77361.945,-0.8805919072731321448206127111
BTC-USD,2026-08-28T20:37:38.636104Z,77361.94,77361.95,0.01,77361.945,-0.8805919072731321448206127111
BTC-USD,2026-08-28T20:37:38.691279Z,77361.94,77361.95,0.01,77361.945,-0.8805919072731321448206127111
BTC-USD,2026-08-28T20:37:38.746511Z,77361.94,77361.95,0.01,77361.945,-0.8805919072731321448206127111
BTC-USD,2026-08-28T20:37:38.760798Z,77361.94,77361.95,0.01,77361.945,-0.8805919072731321448206127111
BTC-USD,2026-08-28T20:37:38.85173Z,77361.94,77361.95,0.01,77361.945,-0.8805918071874064614971791359
BTC-USD,2026-08-28T20:37:38.904431Z,77361.94,77361.95,0.01,77361.945,-0.8805918071874064614971791359
BTC-USD,2026-08-28T20:37:38.956513Z,77361.94,77361.95,0.01,77361.945,-0.8805919017641144067995145685
BTC-USD,2026-08-28T20:37:38.995035Z,77361.94,77361.95,0.01,77361.945,-0.8805919017641144067995145685
BTC-USD,2026-08-28T20:37:39.040433Z,77361.94,77361.95,0.01,77361.945,-0.8805919017641144067995145685
BTC-USD,2026-08-28T20:37:39.075369Z,77361.94,77361.95,0.01,77361.945,-0.8805919017641144067995145685
BTC-USD,2026-08-28T20:37:39.130958Z,77361.94,77361.95,0.01,77361.945,-0.8805919017641144067995145685
BTC-USD,2026-08-28T20:37:39.192776Z,77361.94,77361.95,0.01,77361.945,-0.8805921539687154341496990989
BTC-USD,2026-08-28T20:37:39.235147Z,77361.94,77361.95,0.01,77361.945,-0.8683815347374228493486965862
BTC-USD,2026-08-28T20:37:39.275105Z,77361.94,77361.95,0.01,77361.945,-0.8683815347374228493486965862
BTC-USD,2026-08-28T20:37:39.341308Z,77361.94,77361.95,0.01,77361.945,-0.8683815347374228493486965862
BTC-USD,2026-08-28T20:37:39.387017Z,77361.94,77361.95,0.01,77361.945,-0.8683815347374228493486965862
BTC-USD,2026-08-28T20:37:39.40432Z,77361.94,77361.95,0.01,77361.945,-0.8683815347374228493486965862
BTC-USD,2026-08-28T20:37:39.494812Z,77361.94,77361.95,0.01,77361.945,-0.8683815347374228493486965862
BTC-USD,2026-08-28T20:37:39.543927Z,77361.94,77361.95,0.01,77361.945,-0.8683813155291455892197168569
BTC-USD,2026-08-28T20:37:39.59697Z,77361.94,77361.95,0.01,77361.945,-0.8683813155291455892197168569
BTC-USD,2026-08-28T20:37:39.64387Z,77361.94,77361.95,0.01,77361.945,-0.8683813155291455892197168569
BTC-USD,2026-08-28T20:37:39.681144Z,77361.94,77361.95,0.01,77361.945,-0.8683813155291455892197168569
BTC-USD,2026-08-28T20:37:39.735823Z,77361.94,77361.95,0.01,77361.945,-0.8683813155291455892197168569
BTC-USD,2026-08-28T20:37:39.786215Z,77361.94,77361.95,0.01,77361.945,-0.8683847384678560333462225276
BTC-USD,2026-08-28T20:37:39.842835Z,77361.94,77361.95,0.01,77361.945,-0.6859283719359513748738576745
BTC-USD,2026-08-28T20:37:39.878763Z,77361.94,77361.95,0.01,77361.945,-0.6858690773782442868083816953
BTC-USD,2026-08-28T20:37:39.935783Z,77361.94,77361.95,0.01,77361.945,-0.6858690773782442868083816953
BTC-USD,2026-08-28T20:37:40.04117Z,77361.94,77361.95,0.01,77361.945,-0.6858690773782442868083816953
BTC-USD,2026-08-28T20:37:40.063781Z,77361.94,77361.95,0.01,77361.945,-0.6858690773782442868083816953
BTC-USD,2026-08-28T20:37:40.144096Z,77361.94,77361.95,0.01,77361.945,-0.6858690773782442868083816953
BTC-USD,2026-08-28T20:37:40.187324Z,77361.94,77361.95,0.01,77361.945,-0.6846783216459293648682130349
BTC-USD,2026-08-28T20:37:40.231978Z,77361.94,77361.95,0.01,77361.945,-0.6846783216459293648682130349
BTC-USD,2026-08-28T20:37:40.296465Z,77361.94,77361.95,0.01,77361.945,-0.6849113052977578731195794992
BTC-USD,2026-08-28T20:37:40.31067Z,77361.94,77361.95,0.01,77361.945,-0.6849113052977578731195794992
BTC-USD,2026-08-28T20:37:40.396651Z,77361.94,77361.95,0.01,77361.945,-0.6849113052977578731195794992
BTC-USD,2026-08-28T20:37:40.458815Z,77361.94,77361.95,0.01,77361.945,-0.6836776389636545621152177952
BTC-USD,2026-08-28T20:37:40.475413Z,77361.94,77361.95,0.01,77361.945,-0.6836770639095775783607098337
BTC-USD,2026-08-28T20:37:40.56813Z,77361.94,77361.95,0.01,77361.945,-0.7173039204457022247215066096
BTC-USD,2026-08-28T20:37:40.638056Z,77361.94,77361.95,0.01,77361.945,-0.6789099518996181082477449249
BTC-USD,2026-08-28T20:37:40.675345Z,77361.94,77361.95,0.01,77361.945,-0.6513758446433859827666933596
BTC-USD,2026-08-28T20:37:40.740008Z,77361.94,77361.95,0.01,77361.945,-0.8663034129711281205137722099
BTC-USD,2026-08-28T20:37:40.786712Z,77361.94,77361.95,0.01,77361.945,-0.8662595151029519269686747362
BTC-USD,2026-08-28T20:37:40.838356Z,77361.94,77361.95,0.01,77361.945,-0.8662592887622689926396135021
BTC-USD,2026-08-28T20:37:40.890583Z,77361.94,77361.95,0.01,77361.945,-0.8461011400372127085015990800
BTC-USD,2026-08-28T20:37:40.953586Z,77361.94,77361.95,0.01,77361.945,-0.8461011400372127085015990800
BTC-USD,2026-08-28T20:37:40.978857Z,77361.94,77361.95,0.01,77361.945,-0.8461011400372127085015990800
BTC-USD,2026-08-28T20:37:41.033532Z,77361.94,77361.95,0.01,77361.945,-0.8461011400372127085015990800
BTC-USD,2026-08-28T20:37:41.084964Z,77361.94,77361.95,0.01,77361.945,-0.8462996361933309924135520811
BTC-USD,2026-08-28T20:37:41.134484Z,77361.94,77361.95,0.01,77361.945,-0.8462996361933309924135520811
BTC-USD,2026-08-28T20:37:41.195608Z,77361.94,77361.95,0.01,77361.945,-0.8462996361933309924135520811
BTC-USD,2026-08-28T20:37:41.237865Z,77361.94,77361.95,0.01,77361.945,-0.8462996361933309924135520811
BTC-USD,2026-08-28T20:37:41.289333Z,77361.94,77361.95,0.01,77361.945,-0.8462996361933309924135520811
BTC-USD,2026-08-28T20:37:41.336574Z,77361.94,77361.95,0.01,77361.945,-0.8462996361933309924135520811
BTC-USD,2026-08-28T20:37:41.392933Z,77361.94,77361.95,0.01,77361.945,-0.8462996361933309924135520811
BTC-USD,2026-08-28T20:37:41.447804Z,77361.94,77361.95,0.01,77361.945,-0.8462996361933309924135520811
BTC-USD,2026-08-28T20:37:41.492316Z,77361.94,77361.95,0.01,77361.945,-0.8462993727933381643099676430
BTC-USD,2026-08-28T20:37:41.551797Z,77361.94,77361.95,0.01,77361.945,-0.8462993727933381643099676430
BTC-USD,2026-08-28T20:37:41.589038Z,77361.94,77361.95,0.01,77361.945,-0.8462993727933381643099676430
BTC-USD,2026-08-28T20:37:41.646762Z,77361.94,77361.95,0.01,77361.945,-0.8462993727933381643099676430
BTC-USD,2026-08-28T20:37:41.678554Z,77361.94,77361.95,0.01,77361.945,-0.8462993727933381643099676430
BTC-USD,2026-08-28T20:37:41.719222Z,77361.94,77361.95,0.01,77361.945,-0.8462993727933381643099676430
BTC-USD,2026-08-28T20:37:41.798875Z,77361.94,77361.95,0.01,77361.945,-0.8462990734321207685613106265
BTC-USD,2026-08-28T20:37:41.844599Z,77361.94,77361.95,0.01,77361.945,-0.8462990734321207685613106265
BTC-USD,2026-08-28T20:37:41.895312Z,77361.94,77361.95,0.01,77361.945,-0.8462990734321207685613106265
BTC-USD,2026-08-28T20:37:41.910656Z,77361.94,77361.95,0.01,77361.945,-0.8462990734321207685613106265
BTC-USD,2026-08-28T20:37:41.992979Z,77361.94,77361.95,0.01,77361.945,-0.8462990734321207685613106265
BTC-USD,2026-08-28T20:37:42.022761Z,77361.94,77361.95,0.01,77361.945,-0.8462990734321207685613106265
BTC-USD,2026-08-28T20:37:42.075258Z,77361.94,77361.95,0.01,77361.945,-0.8460428693603206692525099461
BTC-USD,2026-08-28T20:37:42.204167Z,77361.94,77361.95,0.01,77361.945,-0.8388678391783871732639864243
BTC-USD,2026-08-28T20:37:42.216269Z,77361.94,77361.95,0.01,77361.945,-0.8388678391783871732639864243
BTC-USD,2026-08-28T20:37:42.275039Z,77361.94,77361.95,0.01,77361.945,-0.8388678391783871732639864243
BTC-USD,2026-08-28T20:37:42.325149Z,77361.94,77361.95,0.01,77361.945,-0.8388678391783871732639864243
BTC-USD,2026-08-28T20:37:42.392323Z,77361.94,77361.95,0.01,77361.945,-0.8388679106498192753436105355
BTC-USD,2026-08-28T20:37:42.40648Z,77361.94,77361.95,0.01,77361.945,-0.8388679106498192753436105355
BTC-USD,2026-08-28T20:37:42.49083Z,77361.94,77361.95,0.01,77361.945,-0.8388679106498192753436105355
BTC-USD,2026-08-28T20:37:42.555426Z,77361.94,77361.95,0.01,77361.945,-0.8388679821212569331958643360
BTC-USD,2026-08-28T20:37:42.589781Z,77361.94,77361.95,0.01,77361.945,-0.8388679821212569331958643360
BTC-USD,2026-08-28T20:37:42.646248Z,77361.94,77361.95,0.01,77361.945,-0.8368216512748995461142037350
BTC-USD,2026-08-28T20:37:42.695289Z,77361.94,77361.95,0.01,77361.945,-0.8368216512748995461142037350
BTC-USD,2026-08-28T20:37:42.741349Z,77361.94,77361.95,0.01,77361.945,-0.8368216512748995461142037350
BTC-USD,2026-08-28T20:37:42.79302Z,77361.94,77361.95,0.01,77361.945,-0.8368216512748995461142037350
BTC-USD,2026-08-28T20:37:42.822412Z,77361.94,77361.95,0.01,77361.945,-0.8375226001795768521082679181
BTC-USD,2026-08-28T20:37:42.876203Z,77361.94,77361.95,0.01,77361.945,-0.8375226001795768521082679181
BTC-USD,2026-08-28T20:37:42.932973Z,77361.94,77361.95,0.01,77361.945,-0.8375226001795768521082679181
BTC-USD,2026-08-28T20:37:42.978224Z,77361.94,77361.95,0.01,77361.945,-0.8375226001795768521082679181
BTC-USD,2026-08-28T20:37:43.03433Z,77361.94,77361.95,0.01,77361.945,-0.8375226001795768521082679181
BTC-USD,2026-08-28T20:37:43.040798Z,77361.94,77361.95,0.01,77361.945,-0.8373894517617611329698394212
BTC-USD,2026-08-28T20:37:43.085662Z,77361.94,77361.95,0.01,77361.945,-0.8373894517617611329698394212
BTC-USD,2026-08-28T20:37:43.197514Z,77361.94,77361.95,0.01,77361.945,-0.8373897413930012212533550970
BTC-USD,2026-08-28T20:37:43.244171Z,77361.94,77361.95,0.01,77361.945,-0.8373897413930012212533550970
BTC-USD,2026-08-28T20:37:43.285237Z,77361.94,77361.95,0.01,77361.945,-0.8373897413930012212533550970
BTC-USD,2026-08-28T20:37:43.353818Z,77361.94,77361.95,0.01,77361.945,-0.8373897413930012212533550970
BTC-USD,2026-08-28T20:37:43.400216Z,77361.94,77361.95,0.01,77361.945,-0.8394313676144823222628096641
BTC-USD,2026-08-28T20:37:43.440778Z,77361.94,77361.95,0.01,77361.945,-0.8394315286653636580046845662
BTC-USD,2026-08-28T20:37:43.45385Z,77361.94,77361.95,0.01,77361.945,-0.8394315286653636580046845662
BTC-USD,2026-08-28T20:37:43.563987Z,77361.94,77361.95,0.01,77361.945,-0.8394315286653636580046845662
BTC-USD,2026-08-28T20:37:43.591056Z,77361.94,77361.95,0.01,77361.945,-0.8394315286653636580046845662
BTC-USD,2026-08-28T20:37:43.636935Z,77361.94,77361.95,0.01,77361.945,-0.8394315286653636580046845662
BTC-USD,2026-08-28T20:37:43.704462Z,77361.94,77361.95,0.01,77361.945,-0.8394315286653636580046845662
BTC-USD,2026-08-28T20:37:43.740859Z,77361.94,77361.95,0.01,77361.945,-0.8394315286653636580046845662
BTC-USD,2026-08-28T20:37:43.798672Z,77361.94,77361.95,0.01,77361.945,-0.8394315286653636580046845662
BTC-USD,2026-08-28T20:37:43.851143Z,77361.94,77361.95,0.01,77361.945,-0.8394315286653636580046845662
BTC-USD,2026-08-28T20:37:43.8915Z,77361.94,77361.95,0.01,77361.945,-0.8394315286653636580046845662
BTC-USD,2026-08-28T20:37:43.951646Z,77361.94,77361.95,0.01,77361.945,-0.8394315286653636580046845662
BTC-USD,2026-08-28T20:37:43.98898Z,77361.94,77361.95,0.01,77361.945,-0.8394315286653636580046845662
BTC-USD,2026-08-28T20:37:44.044931Z,77361.94,77361.95,0.01,77361.945,-0.8394315286653636580046845662
BTC-USD,2026-08-28T20:37:44.086262Z,77361.94,77361.95,0.01,77361.945,-0.8394315286653636580046845662
BTC-USD,2026-08-28T20:37:44.11473Z,77361.94,77361.95,0.01,77361.945,-0.8394315286653636580046845662
BTC-USD,2026-08-28T20:37:44.192317Z,77361.94,77361.95,0.01,77361.945,-0.8394315286653636580046845662
BTC-USD,2026-08-28T20:37:44.213322Z,77361.94,77361.95,0.01,77361.945,-0.8394315286653636580046845662
BTC-USD,2026-08-28T20:37:44.304855Z,77361.94,77361.95,0.01,77361.945,-0.8392727854594485498320374533
BTC-USD,2026-08-28T20:37:44.330432Z,77361.94,77361.95,0.01,77361.945,-0.8392727854594485498320374533
BTC-USD,2026-08-28T20:37:44.389749Z,77361.94,77361.95,0.01,77361.945,-0.8392627710148911016637024542
BTC-USD,2026-08-28T20:37:44.441127Z,77361.94,77361.95,0.01,77361.945,-0.8392627710148911016637024542
BTC-USD,2026-08-28T20:37:44.482002Z,77361.94,77361.95,0.01,77361.945,-0.8392628963968533613901574915
BTC-USD,2026-08-28T20:37:44.540267Z,77361.94,77361.95,0.01,77361.945,-0.7538100516032521825469897930
BTC-USD,2026-08-28T20:37:44.587051Z,77361.94,77361.95,0.01,77361.945,-0.7538100516032521825469897930
BTC-USD,2026-08-28T20:37:44.636296Z,77361.94,77361.95,0.01,77361.945,-0.7538100516032521825469897930
BTC-USD,2026-08-28T20:37:44.685462Z,77361.94,77361.95,0.01,77361.945,-0.7538100516032521825469897930
BTC-USD,2026-08-28T20:37:44.720589Z,77361.94,77361.95,0.01,77361.945,-0.7538100516032521825469897930
BTC-USD,2026-08-28T20:37:44.783279Z,77361.94,77361.95,0.01,77361.945,-0.7538100516032521825469897930
BTC-USD,2026-08-28T20:37:44.836605Z,77361.94,77361.95,0.01,77361.945,-0.7538100516032521825469897930
BTC-USD,2026-08-28T20:37:44.882503Z,77361.94,77361.95,0.01,77361.945,-0.7538100516032521825469897930
BTC-USD,2026-08-28T20:37:44.906783Z,77361.94,77361.95,0.01,77361.945,-0.7538100516032521825469897930
BTC-USD,2026-08-28T20:37:44.984699Z,77361.94,77361.95,0.01,77361.945,-0.7538100516032521825469897930
BTC-USD,2026-08-28T20:37:45.032809Z,77361.94,77361.95,0.01,77361.945,-0.7538100516032521825469897930
BTC-USD,2026-08-28T20:37:45.239615Z,77361.94,77361.95,0.01,77361.945,-0.6722429343940953109618116901
BTC-USD,2026-08-28T20:37:45.295062Z,77361.94,77361.95,0.01,77361.945,-0.7252847857181108842888899784
BTC-USD,2026-08-28T20:37:45.327958Z,77361.94,77361.95,0.01,77361.945,-0.7252847857181108842888899784
BTC-USD,2026-08-28T20:37:45.370379Z,77361.94,77361.95,0.01,77361.945,-0.7252847857181108842888899784
BTC-USD,2026-08-28T20:37:45.440918Z,77361.94,77361.95,0.01,77361.945,-0.7252821477257977135181411615
BTC-USD,2026-08-28T20:37:45.484534Z,77361.94,77361.95,0.01,77361.945,-0.7252821477257977135181411615
BTC-USD,2026-08-28T20:37:45.547082Z,77361.94,77361.95,0.01,77361.945,-0.7252821477257977135181411615
BTC-USD,2026-08-28T20:37:45.579457Z,77361.94,77361.95,0.01,77361.945,-0.6721367630246251880306515761
BTC-USD,2026-08-28T20:37:45.636059Z,77361.94,77361.95,0.01,77361.945,-0.6721368863182961131783143409
BTC-USD,2026-08-28T20:37:45.682759Z,77361.94,77361.95,0.01,77361.945,-0.6721368863182961131783143409
BTC-USD,2026-08-28T20:37:45.750815Z,77361.94,77361.95,0.01,77361.945,-0.6721368863182961131783143409
BTC-USD,2026-08-28T20:37:45.784432Z,77361.94,77361.95,0.01,77361.945,-0.7252823008571952493133164135
BTC-USD,2026-08-28T20:37:45.844034Z,77361.94,77361.95,0.01,77361.945,-0.7252823008571952493133164135
BTC-USD,2026-08-28T20:37:45.888352Z,77361.94,77361.95,0.01,77361.945,-0.7252823008571952493133164135
BTC-USD,2026-08-28T20:37:45.937064Z,77361.94,77361.95,0.01,77361.945,-0.7252823008571952493133164135
BTC-USD,2026-08-28T20:37:45.962919Z,77361.94,77361.95,0.01,77361.945,-0.7252823008571952493133164135
BTC-USD,2026-08-28T20:37:46.022308Z,77361.94,77361.95,0.01,77361.945,-0.7252823008571952493133164135
BTC-USD,2026-08-28T20:37:46.087869Z,77361.94,77361.95,0.01,77361.945,-0.7252823336710696864126298506
BTC-USD,2026-08-28T20:37:46.135052Z,77361.94,77361.95,0.01,77361.945,-0.4770310164383175188372865443
BTC-USD,2026-08-28T20:37:46.175264Z,77361.94,77361.95,0.01,77361.945,-0.2737146682808988190974589290
BTC-USD,2026-08-28T20:37:46.239249Z,77361.94,77361.95,0.01,77361.945,-0.3501168418451785519067843469
BTC-USD,2026-08-28T20:37:46.267323Z,77361.94,77361.95,0.01,77361.945,-0.3414377612561780567463106958
BTC-USD,2026-08-28T20:37:46.33228Z,77361.94,77361.95,0.01,77361.945,-0.3221979136596766093410786807
BTC-USD,2026-08-28T20:37:46.396407Z,77361.94,77361.95,0.01,77361.945,-0.2986059077354062866034853858
BTC-USD,2026-08-28T20:37:46.446205Z,77361.94,77361.95,0.01,77361.945,-0.2721662960304444821499248141
BTC-USD,2026-08-28T20:37:46.499355Z,77361.94,77361.95,0.01,77361.945,-0.2550523420557271115612265620
BTC-USD,2026-08-28T20:37:46.552822Z,77361.94,77361.95,0.01,77361.945,-0.2550523420557271115612265620
BTC-USD,2026-08-28T20:37:46.588225Z,77361.94,77361.95,0.01,77361.945,-0.2123059437946218858224228395
BTC-USD,2026-08-28T20:37:46.642968Z,77361.94,77361.95,0.01,77361.945,-0.1907103975201291911953333633
BTC-USD,2026-08-28T20:37:46.686214Z,77361.94,77361.95,0.01,77361.945,-0.3287355691468475901391550508
BTC-USD,2026-08-28T20:37:46.739732Z,77361.94,77361.95,0.01,77361.945,-0.3287348202923351376592584078
BTC-USD,2026-08-28T20:37:46.78916Z,77361.94,77361.95,0.01,77361.945,-0.3287348202923351376592584078
BTC-USD,2026-08-28T20:37:46.846684Z,77361.94,77361.95,0.01,77361.945,-0.3287348202923351376592584078
BTC-USD,2026-08-28T20:37:46.88948Z,77361.94,77361.95,0.01,77361.945,-0.6060326385378732424672989906
BTC-USD,2026-08-28T20:37:46.945193Z,77361.94,77361.95,0.01,77361.945,-0.6060326385378732424672989906
BTC-USD,2026-08-28T20:37:46.998119Z,77361.94,77361.95,0.01,77361.945,-0.6060326385378732424672989906
BTC-USD,2026-08-28T20:37:47.039342Z,77361.94,77361.95,0.01,77361.945,-0.4180718026241951570249826845
BTC-USD,2026-08-28T20:37:47.084588Z,77361.94,77361.95,0.01,77361.945,-0.2379751754180764595762530009
BTC-USD,2026-08-28T20:37:47.131938Z,77361.94,77361.95,0.01,77361.945,0.2049077163779992392670927896
BTC-USD,2026-08-28T20:37:47.195224Z,77361.94,77361.95,0.01,77361.945,0.2561853123892211045055411240
BTC-USD,2026-08-28T20:37:47.232423Z,77361.94,77361.95,0.01,77361.945,0.3108348544295737494163235357
BTC-USD,2026-08-28T20:37:47.28352Z,77361.94,77372.72,10.78,77367.33,0.1167084622622061166280512296
BTC-USD,2026-08-28T20:37:47.334943Z,77372.71,77372.72,0.01,77372.715,-0.2192409124819682869213260650
BTC-USD,2026-08-28T20:37:47.389364Z,77372.71,77372.72,0.01,77372.715,-0.1207906306619836951160345960
BTC-USD,2026-08-28T20:37:47.442178Z,77372.71,77372.72,0.01,77372.715,-0.4849832540060527195828009442
BTC-USD,2026-08-28T20:37:47.473502Z,77372.71,77372.72,0.01,77372.715,-0.4849832540060527195828009442
BTC-USD,2026-08-28T20:37:47.528584Z,77372.71,77372.72,0.01,77372.715,-0.6257750775842316289716287292
BTC-USD,2026-08-28T20:37:47.584436Z,77372.71,77372.72,0.01,77372.715,-0.6257750775842316289716287292
BTC-USD,2026-08-28T20:37:47.631426Z,77372.71,77372.72,0.01,77372.715,-0.6257750775842316289716287292
BTC-USD,2026-08-28T20:37:47.700914Z,77372.71,77372.72,0.01,77372.715,-0.6257759220783223397511797225
BTC-USD,2026-08-28T20:37:47.735906Z,77372.71,77372.72,0.01,77372.715,-0.5182434663444220817586660691
BTC-USD,2026-08-28T20:37:47.801817Z,77372.71,77372.72,0.01,77372.715,-0.5182393588825522933829251253
BTC-USD,2026-08-28T20:37:47.820451Z,77372.71,77372.72,0.01,77372.715,-0.5182393588825522933829251253
BTC-USD,2026-08-28T20:37:47.885574Z,77372.71,77372.72,0.01,77372.715,-0.5182393588825522933829251253
BTC-USD,2026-08-28T20:37:47.945141Z,77372.71,77372.72,0.01,77372.715,-0.5182393588825522933829251253
BTC-USD,2026-08-28T20:37:47.998843Z,77372.71,77372.72,0.01,77372.715,-0.5182393588825522933829251253
BTC-USD,2026-08-28T20:37:48.037845Z,77372.71,77372.72,0.01,77372.715,-0.5182393588825522933829251253
BTC-USD,2026-08-28T20:37:48.082363Z,77370.77,77370.78,0.01,77370.775,-0.1686773424977865964377168807
BTC-USD,2026-08-28T20:37:48.119326Z,77372.7,77372.71,0.01,77372.705,-0.4273786074942505748426412402
BTC-USD,2026-08-28T20:37:48.172513Z,77372.7,77372.71,0.01,77372.705,-0.4273740456298346217468309075
BTC-USD,2026-08-28T20:37:48.218365Z,77372.7,77372.71,0.01,77372.705,-0.4273740456298346217468309075
BTC-USD,2026-08-28T20:37:48.27664Z,77372.7,77372.71,0.01,77372.705,-0.4814508221739758183762989656
BTC-USD,2026-08-28T20:37:48.330641Z,77372.7,77372.71,0.01,77372.705,-0.4816678635325866025474159693
BTC-USD,2026-08-28T20:37:48.351807Z,77372.7,77372.71,0.01,77372.705,-0.4816678635325866025474159693
BTC-USD,2026-08-28T20:37:48.404792Z,77372.7,77372.71,0.01,77372.705,-0.4816659891423373716049508390
BTC-USD,2026-08-28T20:37:48.468173Z,77372.7,77372.71,0.01,77372.705,-0.4816659891423373716049508390
BTC-USD,2026-08-28T20:37:48.539937Z,77370.77,77370.78,0.01,77370.775,-0.5471641747436693544791530896
BTC-USD,2026-08-28T20:37:48.632859Z,77370.77,77370.78,0.01,77370.775,-0.3344851098937208338428096807
BTC-USD,2026-08-28T20:37:48.6668Z,77370.77,77370.78,0.01,77370.775,-0.3901886050142947660081642264
BTC-USD,2026-08-28T20:37:48.716853Z,77370.77,77370.78,0.01,77370.775,-0.5201713138651741001674626674
BTC-USD,2026-08-28T20:37:48.794116Z,77370.77,77370.78,0.01,77370.775,-0.3525395560461465712326817449
BTC-USD,2026-08-28T20:37:48.826198Z,77370.77,77370.78,0.01,77370.775,-0.3525395560461465712326817449
BTC-USD,2026-08-28T20:37:48.875367Z,77370.77,77370.78,0.01,77370.775,-0.3525395560461465712326817449
BTC-USD,2026-08-28T20:37:48.924934Z,77370.77,77370.78,0.01,77370.775,-0.3525395560461465712326817449
BTC-USD,2026-08-28T20:37:48.990143Z,77370.77,77370.78,0.01,77370.775,-0.3525380937993651360912096639
BTC-USD,2026-08-28T20:37:49.021549Z,77370.77,77370.78,0.01,77370.775,-0.3525380937993651360912096639
BTC-USD,2026-08-28T20:37:49.09275Z,77370.77,77370.78,0.01,77370.775,-0.3525380021608244855981809127
BTC-USD,2026-08-28T20:37:49.141034Z,77370.77,77370.78,0.01,77370.775,-0.3525385825384583245348470870
BTC-USD,2026-08-28T20:37:49.188421Z,77363.87,77363.88,0.01,77363.875,-0.9834577330176421671989804274
BTC-USD,2026-08-28T20:37:49.232656Z,77363.87,77363.88,0.01,77363.875,-0.9847418915439806910487151900
BTC-USD,2026-08-28T20:37:49.278063Z,77363.87,77363.88,0.01,77363.875,-0.8864251923449866323335581516
BTC-USD,2026-08-28T20:37:49.34732Z,77363.87,77363.88,0.01,77363.875,-0.8170507638275769933482305409
BTC-USD,2026-08-28T20:37:49.386907Z,77363.87,77363.88,0.01,77363.875,-0.8170507638275769933482305409
BTC-USD,2026-08-28T20:37:49.433467Z,77363.87,77363.88,0.01,77363.875,-0.7221662030889318385269509511
BTC-USD,2026-08-28T20:37:49.487391Z,77363.87,77363.88,0.01,77363.875,-0.7221412358585440708456767640
BTC-USD,2026-08-28T20:37:49.539027Z,77363.87,77363.88,0.01,77363.875,-0.7221412358585440708456767640
BTC-USD,2026-08-28T20:37:49.586256Z,77363.87,77363.88,0.01,77363.875,-0.7221409940115221913690222999
BTC-USD,2026-08-28T20:37:49.621338Z,77363.87,77363.88,0.01,77363.875,-0.7221409940115221913690222999
BTC-USD,2026-08-28T20:37:49.669045Z,77363.87,77363.88,0.01,77363.875,-0.7221409940115221913690222999
BTC-USD,2026-08-28T20:37:49.721709Z,77363.87,77363.88,0.01,77363.875,-0.7221409940115221913690222999
BTC-USD,2026-08-28T20:37:49.773694Z,77363.87,77363.88,0.01,77363.875,-0.7221409940115221913690222999
BTC-USD,2026-08-28T20:37:49.837093Z,77363.87,77363.88,0.01,77363.875,-0.7221409940115221913690222999
BTC-USD,2026-08-28T20:37:49.876399Z,77363.87,77363.88,0.01,77363.875,-0.7221409940115221913690222999
BTC-USD,2026-08-28T20:37:49.928879Z,77363.87,77363.88,0.01,77363.875,-0.7222140536890931258155307378
BTC-USD,2026-08-28T20:37:49.97479Z,77363.87,77363.88,0.01,77363.875,-0.7225046229548591641552750090
BTC-USD,2026-08-28T20:37:50.040358Z,77363.87,77363.88,0.01,77363.875,-0.7225046229548591641552750090
BTC-USD,2026-08-28T20:37:50.104752Z,77363.87,77363.88,0.01,77363.875,-0.7225046229548591641552750090
BTC-USD,2026-08-28T20:37:50.128536Z,77363.87,77363.88,0.01,77363.875,-0.7225046229548591641552750090
BTC-USD,2026-08-28T20:37:50.195223Z,77363.87,77363.88,0.01,77363.875,-0.7225043813726742125604143993
BTC-USD,2026-08-28T20:37:50.243917Z,77363.87,77363.88,0.01,77363.875,-0.7225043813726742125604143993
BTC-USD,2026-08-28T20:37:50.3004Z,77363.87,77363.88,0.01,77363.875,-0.7225043813726742125604143993
BTC-USD,2026-08-28T20:37:50.338559Z,77363.87,77363.88,0.01,77363.875,-0.7224923017270953331452564490
BTC-USD,2026-08-28T20:37:50.389819Z,77363.87,77363.88,0.01,77363.875,-0.7224478649502030558154684255
BTC-USD,2026-08-28T20:37:50.451808Z,77363.87,77363.88,0.01,77363.875,-0.7224478649502030558154684255
BTC-USD,2026-08-28T20:37:50.500429Z,77363.87,77363.88,0.01,77363.875,-0.7224477441097456798366745916
BTC-USD,2026-08-28T20:37:50.550095Z,77363.87,77363.88,0.01,77363.875,-0.7224477441097456798366745916
BTC-USD,2026-08-28T20:37:50.595278Z,77363.87,77363.88,0.01,77363.875,-0.7224328958591199927125097595
BTC-USD,2026-08-28T20:37:50.635298Z,77363.87,77363.88,0.01,77363.875,-0.7224180478644888887172556485
BTC-USD,2026-08-28T20:37:50.70553Z,77363.87,77363.88,0.01,77363.875,-0.7224180478644888887172556485
BTC-USD,2026-08-28T20:37:50.748809Z,77363.87,77363.88,0.01,77363.875,-0.7224180478644888887172556485
BTC-USD,2026-08-28T20:37:50.783848Z,77363.87,77363.88,0.01,77363.875,-0.7224178061615673924554624160
BTC-USD,2026-08-28T20:37:50.853165Z,77363.87,77363.88,0.01,77363.875,-0.7223107056326082544393664823
BTC-USD,2026-08-28T20:37:50.887112Z,77363.87,77363.88,0.01,77363.875,-0.7223107056326082544393664823
BTC-USD,2026-08-28T20:37:50.905903Z,77363.87,77363.88,0.01,77363.875,-0.7223107056326082544393664823
BTC-USD,2026-08-28T20:37:50.994374Z,77363.87,77363.88,0.01,77363.875,-0.7223107056326082544393664823
BTC-USD,2026-08-28T20:37:51.050913Z,77363.87,77363.88,0.01,77363.875,-0.7223107056326082544393664823
BTC-USD,2026-08-28T20:37:51.085797Z,77363.87,77363.88,0.01,77363.875,-0.7223107056326082544393664823
BTC-USD,2026-08-28T20:37:51.120262Z,77363.87,77363.88,0.01,77363.875,-0.7223107056326082544393664823
BTC-USD,2026-08-28T20:37:51.203389Z,77363.87,77363.88,0.01,77363.875,-0.7222954098576756277599002476
BTC-USD,2026-08-28T20:37:51.21282Z,77363.87,77363.88,0.01,77363.875,-0.7222954098576756277599002476
BTC-USD,2026-08-28T20:37:51.288Z,77363.87,77363.88,0.01,77363.875,-0.7222954098576756277599002476
BTC-USD,2026-08-28T20:37:51.350556Z,77363.87,77363.88,0.01,77363.875,-0.7224175161175059781125896893
BTC-USD,2026-08-28T20:37:51.399467Z,77363.87,77363.88,0.01,77363.875,-0.7224175161175059781125896893
BTC-USD,2026-08-28T20:37:51.435409Z,77363.87,77363.88,0.01,77363.875,-0.7224172744136584491794539967
BTC-USD,2026-08-28T20:37:51.476258Z,77363.87,77363.88,0.01,77363.875,-0.7224172744136584491794539967
BTC-USD,2026-08-28T20:37:51.560306Z,77363.87,77363.88,0.01,77363.875,-0.7224172744136584491794539967
BTC-USD,2026-08-28T20:37:51.594829Z,77363.87,77363.88,0.01,77363.875,-0.7224172744136584491794539967
BTC-USD,2026-08-28T20:37:51.641012Z,77363.87,77363.88,0.01,77363.875,-0.7224172744136584491794539967
BTC-USD,2026-08-28T20:37:51.703666Z,77363.87,77363.88,0.01,77363.875,-0.7224172744136584491794539967
BTC-USD,2026-08-28T20:37:51.734576Z,77363.87,77363.88,0.01,77363.875,-0.7223100528214173581559573549
BTC-USD,2026-08-28T20:37:51.78529Z,77363.87,77363.88,0.01,77363.875,-0.7223100528214173581559573549
BTC-USD,2026-08-28T20:37:51.852396Z,77363.87,77363.88,0.01,77363.875,-0.7223100528214173581559573549
BTC-USD,2026-08-28T20:37:51.901816Z,77363.87,77363.88,0.01,77363.875,-0.7222702841323189841120855399
BTC-USD,2026-08-28T20:37:51.942251Z,77363.87,77363.88,0.01,77363.875,-0.7023739748684656107678520378
BTC-USD,2026-08-28T20:37:51.996283Z,77363.87,77363.88,0.01,77363.875,-0.6961573420045394188160121196
BTC-USD,2026-08-28T20:37:52.025682Z,77363.87,77363.88,0.01,77363.875,-0.6955256430345512590368407272
BTC-USD,2026-08-28T20:37:52.069833Z,77363.87,77363.88,0.01,77363.875,-0.6955256430345512590368407272
BTC-USD,2026-08-28T20:37:52.138542Z,77363.87,77363.88,0.01,77363.875,-0.6841684580677283429719327027
BTC-USD,2026-08-28T20:37:52.187929Z,77363.87,77363.88,0.01,77363.875,-0.6789943703448607464032059556
BTC-USD,2026-08-28T20:37:52.23923Z,77363.87,77363.88,0.01,77363.875,-0.6738689958604001741556072279
BTC-USD,2026-08-28T20:37:52.290566Z,77363.87,77363.88,0.01,77363.875,-0.6671925905837049748843277009
BTC-USD,2026-08-28T20:37:52.352173Z,77363.87,77363.88,0.01,77363.875,-0.6629585905218343593384580762
BTC-USD,2026-08-28T20:37:52.388074Z,77363.87,77363.88,0.01,77363.875,-0.6629585905218343593384580762
BTC-USD,2026-08-28T20:37:52.446823Z,77363.87,77363.88,0.01,77363.875,-0.6496837626551174311315050892
BTC-USD,2026-08-28T20:37:52.488173Z,77363.87,77363.88,0.01,77363.875,-0.6496837626551174311315050892
BTC-USD,2026-08-28T20:37:52.529322Z,77363.87,77363.88,0.01,77363.875,-0.6380040285246301703458506342
BTC-USD,2026-08-28T20:37:52.598726Z,77363.87,77363.88,0.01,77363.875,-0.6380040285246301703458506342
BTC-USD,2026-08-28T20:37:52.644397Z,77363.87,77363.88,0.01,77363.875,-0.6220558335862299517743265281
BTC-USD,2026-08-28T20:37:52.678586Z,77363.87,77363.88,0.01,77363.875,-0.6205533052977895863268552179
BTC-USD,2026-08-28T20:37:52.740273Z,77363.87,77363.88,0.01,77363.875,-0.6094426252875711170804247624
BTC-USD,2026-08-28T20:37:52.79937Z,77363.87,77363.88,0.01,77363.875,-0.5871140779675814310420339875
BTC-USD,2026-08-28T20:37:52.839482Z,77363.87,77363.88,0.01,77363.875,-0.5871567293226418955492038631
BTC-USD,2026-08-28T20:37:52.889223Z,77363.87,77363.88,0.01,77363.875,-0.5871567293226418955492038631
BTC-USD,2026-08-28T20:37:52.92194Z,77363.87,77363.88,0.01,77363.875,-0.6142837132340241094958414281
BTC-USD,2026-08-28T20:37:52.984417Z,77363.87,77363.88,0.01,77363.875,-0.6142837132340241094958414281
BTC-USD,2026-08-28T20:37:53.02191Z,77363.87,77363.88,0.01,77363.875,-0.6031609189864844411141174741
BTC-USD,2026-08-28T20:37:53.074355Z,77363.87,77363.88,0.01,77363.875,-0.6031609189864844411141174741
BTC-USD,2026-08-28T20:37:53.144311Z,77363.87,77363.88,0.01,77363.875,-0.6094666849491753381088132477
BTC-USD,2026-08-28T20:37:53.197141Z,77363.87,77363.88,0.01,77363.875,-0.6094666849491753381088132477
BTC-USD,2026-08-28T20:37:53.244837Z,77363.87,77363.88,0.01,77363.875,-0.6096085364730557538561793747
BTC-USD,2026-08-28T20:37:53.287116Z,77363.87,77363.88,0.01,77363.875,-0.6096085364730557538561793747
BTC-USD,2026-08-28T20:37:53.340734Z,77363.87,77363.88,0.01,77363.875,-0.6096085364730557538561793747
BTC-USD,2026-08-28T20:37:53.394103Z,77363.87,77363.88,0.01,77363.875,-0.6096082974089990638759630660
BTC-USD,2026-08-28T20:37:53.436167Z,77363.87,77363.88,0.01,77363.875,-0.5396910177286362209994670240
BTC-USD,2026-08-28T20:37:53.486571Z,77363.87,77363.88,0.01,77363.875,-0.5396876740431646508061630828
BTC-USD,2026-08-28T20:37:53.506911Z,77363.87,77363.88,0.01,77363.875,-0.5396876740431646508061630828
BTC-USD,2026-08-28T20:37:53.593836Z,77363.87,77363.88,0.01,77363.875,-0.5396876740431646508061630828
BTC-USD,2026-08-28T20:37:53.648665Z,77363.87,77363.88,0.01,77363.875,-0.5441448009887547776645426825
BTC-USD,2026-08-28T20:37:53.694779Z,77363.87,77363.88,0.01,77363.875,-0.5441448009887547776645426825
BTC-USD,2026-08-28T20:37:53.7463Z,77363.87,77363.88,0.01,77363.875,-0.5441442133894678750777322062
BTC-USD,2026-08-28T20:37:53.807125Z,77363.87,77363.88,0.01,77363.875,-0.5441442133894678750777322062
BTC-USD,2026-08-28T20:37:53.836096Z,77363.87,77363.88,0.01,77363.875,-0.5441442133894678750777322062
BTC-USD,2026-08-28T20:37:53.887192Z,77363.87,77363.88,0.01,77363.875,-0.5441442133894678750777322062
BTC-USD,2026-08-28T20:37:53.929194Z,77363.87,77363.88,0.01,77363.875,-0.5441442133894678750777322062
BTC-USD,2026-08-28T20:37:53.956498Z,77363.87,77363.88,0.01,77363.875,-0.5441431867376400761533836821
BTC-USD,2026-08-28T20:37:54.0338Z,77363.87,77363.88,0.01,77363.875,-0.5441423944629718221533759250
BTC-USD,2026-08-28T20:37:54.07467Z,77363.87,77363.88,0.01,77363.875,-0.5441423944629718221533759250
BTC-USD,2026-08-28T20:37:54.151843Z,77363.87,77363.88,0.01,77363.875,-0.5441423944629718221533759250
BTC-USD,2026-08-28T20:37:54.186773Z,77363.87,77363.88,0.01,77363.875,-0.5441423944629718221533759250
BTC-USD,2026-08-28T20:37:54.251476Z,77363.87,77363.88,0.01,77363.875,-0.5441423944629718221533759250
BTC-USD,2026-08-28T20:37:54.286284Z,77363.87,77363.88,0.01,77363.875,-0.5441423944629718221533759250
BTC-USD,2026-08-28T20:37:54.35544Z,77363.87,77363.88,0.01,77363.875,-0.5442187966802942323905539673
BTC-USD,2026-08-28T20:37:54.396263Z,77363.87,77363.88,0.01,77363.875,-0.5442182818728910918430656287
BTC-USD,2026-08-28T20:37:54.453729Z,77363.87,77363.88,0.01,77363.875,-0.5442182818728910918430656287
BTC-USD,2026-08-28T20:37:54.465366Z,77363.87,77363.88,0.01,77363.875,-0.5442182818728910918430656287
BTC-USD,2026-08-28T20:37:54.528769Z,77363.87,77363.88,0.01,77363.875,-0.5442182818728910918430656287
BTC-USD,2026-08-28T20:37:54.609346Z,77363.87,77363.88,0.01,77363.875,-0.5442182818728910918430656287
BTC-USD,2026-08-28T20:37:54.631951Z,77363.87,77363.88,0.01,77363.875,-0.5439647630069528585684609352
BTC-USD,2026-08-28T20:37:54.691483Z,77363.87,77363.88,0.01,77363.875,-0.5439647630069528585684609352
BTC-USD,2026-08-28T20:37:54.729836Z,77363.87,77363.88,0.01,77363.875,-0.5439647630069528585684609352
BTC-USD,2026-08-28T20:37:54.794178Z,77363.87,77363.88,0.01,77363.875,-0.5439647630069528585684609352
BTC-USD,2026-08-28T20:37:54.844212Z,77363.87,77363.88,0.01,77363.875,-0.5394909446573604840110709117
BTC-USD,2026-08-28T20:37:54.9037Z,77363.87,77363.88,0.01,77363.875,-0.5394811585130515077285322221
BTC-USD,2026-08-28T20:37:54.949896Z,77363.87,77363.88,0.01,77363.875,-0.5394811585130515077285322221
BTC-USD,2026-08-28T20:37:54.973955Z,77363.87,77363.88,0.01,77363.875,-0.5394811585130515077285322221
BTC-USD,2026-08-28T20:37:55.038946Z,77363.87,77363.88,0.01,77363.875,-0.5394811585130515077285322221
BTC-USD,2026-08-28T20:37:55.086215Z,77363.87,77363.88,0.01,77363.875,-0.5394811585130515077285322221
BTC-USD,2026-08-28T20:37:55.126067Z,77363.87,77363.88,0.01,77363.875,-0.5394811585130515077285322221
BTC-USD,2026-08-28T20:37:55.193854Z,77363.87,77363.88,0.01,77363.875,-0.5394811585130515077285322221
BTC-USD,2026-08-28T20:37:55.229092Z,77363.87,77363.88,0.01,77363.875,-0.5394909446573604840110709117
BTC-USD,2026-08-28T20:37:55.276436Z,77363.87,77363.88,0.01,77363.875,-0.5394909446573604840110709117
BTC-USD,2026-08-28T20:37:55.351514Z,77363.87,77363.88,0.01,77363.875,-0.5394909446573604840110709117
BTC-USD,2026-08-28T20:37:55.394663Z,77363.87,77363.88,0.01,77363.875,-0.5394909446573604840110709117
BTC-USD,2026-08-28T20:37:55.439346Z,77363.87,77363.88,0.01,77363.875,-0.5395007309260870001777742847
BTC-USD,2026-08-28T20:37:55.491149Z,77363.87,77363.88,0.01,77363.875,-0.5395007309260870001777742847
BTC-USD,2026-08-28T20:37:55.551419Z,77363.87,77363.88,0.01,77363.875,-0.5395000656270503938453745788
BTC-USD,2026-08-28T20:37:55.595539Z,77363.87,77363.88,0.01,77363.875,-0.5388221329695423011248939740
BTC-USD,2026-08-28T20:37:55.635575Z,77363.87,77363.88,0.01,77363.875,-0.5432855162412102541141621986
BTC-USD,2026-08-28T20:37:55.6913Z,77363.87,77363.88,0.01,77363.875,-0.5432855162412102541141621986
BTC-USD,2026-08-28T20:37:55.789129Z,77363.87,77363.88,0.01,77363.875,-0.5432851848814302146075301012
BTC-USD,2026-08-28T20:37:55.822279Z,77360.01,77363.32,3.31,77361.665,-0.9293654627978447444948183536
BTC-USD,2026-08-28T20:37:55.893616Z,77355.01,77355.02,0.01,77355.015,-0.7439078761214627096744665457
BTC-USD,2026-08-28T20:37:55.937857Z,77346.24,77350.26,4.02,77348.25,-0.2108787260115497704694560212
BTC-USD,2026-08-28T20:37:56.037981Z,77346.24,77351.27,5.03,77348.755,-0.2505234369641380476318771846
BTC-USD,2026-08-28T20:37:56.084531Z,77348.22,77348.23,0.01,77348.225,-0.3203470993313555720812918089
BTC-USD,2026-08-28T20:37:56.110677Z,77348.22,77348.23,0.01,77348.225,-0.3203470993313555720812918089
BTC-USD,2026-08-28T20:37:56.171735Z,77348.22,77348.23,0.01,77348.225,0.2584455220996207832003237479
BTC-USD,2026-08-28T20:37:56.213494Z,77348.22,77348.23,0.01,77348.225,0.2584455220996207832003237479
BTC-USD,2026-08-28T20:37:56.270839Z,77348.22,77348.23,0.01,77348.225,0.1802187310323659935632702546
BTC-USD,2026-08-28T20:37:56.339849Z,77348.22,77348.23,0.01,77348.225,0.1802187310323659935632702546
BTC-USD,2026-08-28T20:37:56.380767Z,77348.22,77348.23,0.01,77348.225,0.1802187310323659935632702546
BTC-USD,2026-08-28T20:37:56.425697Z,77348.22,77348.23,0.01,77348.225,0.1802214001043956512410908810
BTC-USD,2026-08-28T20:37:56.48734Z,77348.22,77348.23,0.01,77348.225,0.1802214001043956512410908810
BTC-USD,2026-08-28T20:37:56.535481Z,77348.22,77348.23,0.01,77348.225,0.1802214001043956512410908810
BTC-USD,2026-08-28T20:37:56.596661Z,77348.22,77348.23,0.01,77348.225,0.1778540800838847063390021631
BTC-USD,2026-08-28T20:37:56.618417Z,77348.22,77348.23,0.01,77348.225,0.1778540800838847063390021631
BTC-USD,2026-08-28T20:37:56.685816Z,77348.22,77348.23,0.01,77348.225,0.1778540800838847063390021631
BTC-USD,2026-08-28T20:37:56.730753Z,77348.22,77348.23,0.01,77348.225,0.1778540800838847063390021631
BTC-USD,2026-08-28T20:37:56.7936Z,77348.22,77348.23,0.01,77348.225,0.1778540800838847063390021631
BTC-USD,2026-08-28T20:37:56.83085Z,77348.22,77348.23,0.01,77348.225,0.1782782198684487292862490882
BTC-USD,2026-08-28T20:37:56.873962Z,77348.22,77348.23,0.01,77348.225,0.1782782198684487292862490882
BTC-USD,2026-08-28T20:37:56.93582Z,77348.22,77348.23,0.01,77348.225,0.1782782198684487292862490882
BTC-USD,2026-08-28T20:37:56.977631Z,77348.22,77348.23,0.01,77348.225,0.05674850891447217011720011131
BTC-USD,2026-08-28T20:37:57.091513Z,77350.16,77350.17,0.01,77350.165,-0.5149892413505252023868503648
BTC-USD,2026-08-28T20:37:57.114671Z,77350.16,77350.17,0.01,77350.165,-0.2795089689531963941590694617
BTC-USD,2026-08-28T20:37:57.179773Z,77350.16,77350.17,0.01,77350.165,-0.2795089689531963941590694617
BTC-USD,2026-08-28T20:37:57.216331Z,77350.16,77350.17,0.01,77350.165,-0.2795089689531963941590694617
BTC-USD,2026-08-28T20:37:57.278851Z,77350.16,77350.17,0.01,77350.165,-0.2795089689531963941590694617
BTC-USD,2026-08-28T20:37:57.369142Z,77350.16,77350.17,0.01,77350.165,-0.1453738038190618884929306973
BTC-USD,2026-08-28T20:37:57.450075Z,77350.16,77350.17,0.01,77350.165,-0.2795089689531963941590694617
BTC-USD,2026-08-28T20:37:57.493788Z,77350.16,77350.17,0.01,77350.165,-0.1417594864446780469947616296
BTC-USD,2026-08-28T20:37:57.529446Z,77350.16,77350.17,0.01,77350.165,-0.1417594864446780469947616296
BTC-USD,2026-08-28T20:37:57.58742Z,77350.16,77350.17,0.01,77350.165,-0.1417594864446780469947616296
BTC-USD,2026-08-28T20:37:57.648811Z,77350.16,77350.17,0.01,77350.165,-0.1417594864446780469947616296
BTC-USD,2026-08-28T20:37:57.677887Z,77350.16,77350.17,0.01,77350.165,-0.1417594864446780469947616296
