currency,order_book_timestamp,best_bid,best_ask,spread,mid_price,obi
BTC-USD,2026-08-30T18:37:01.434255Z,79123.21,79123.22,0.01,79123.215,-0.8720385403890710675770507774
BTC-USD,2026-08-30T18:37:01.501554Z,79123.21,79123.22,0.01,79123.215,-0.8748987485475323915078427937
BTC-USD,2026-08-30T18:37:01.536541Z,79123.21,79123.22,0.01,79123.215,-0.8655548677804675493638409403
BTC-USD,2026-08-30T18:37:01.67879Z,79123.21,79123.22,0.01,79123.215,-0.8748990331809387033527071617
BTC-USD,2026-08-30T18:37:01.765375Z,79123.21,79123.22,0.01,79123.215,-0.8748944464657357222339417475
BTC-USD,2026-08-30T18:37:01.787543Z,79123.21,79123.22,0.01,79123.215,-0.8748754863741149287073416796
BTC-USD,2026-08-30T18:37:01.839774Z,79123.21,79123.22,0.01,79123.215,-0.8748754863741149287073416796
BTC-USD,2026-08-30T18:37:01.90994Z,79123.21,79123.22,0.01,79123.215,-0.8520742528379003416707035727
BTC-USD,2026-08-30T18:37:01.948065Z,79123.21,79123.22,0.01,79123.215,-0.8520742528379003416707035727
BTC-USD,2026-08-30T18:37:02.027327Z,79123.21,79123.22,0.01,79123.215,-0.8520742528379003416707035727
BTC-USD,2026-08-30T18:37:02.049644Z,79123.21,79123.22,0.01,79123.215,-0.8520742528379003416707035727
BTC-USD,2026-08-30T18:37:02.146135Z,79123.21,79123.22,0.01,79123.215,-0.6824805676085850578859449275
BTC-USD,2026-08-30T18:37:02.321159Z,79123.21,79123.22,0.01,79123.215,-0.8668255724673317352251624302
BTC-USD,2026-08-30T18:37:02.376293Z,79123.21,79123.22,0.01,79123.215,-0.8668255724673317352251624302
BTC-USD,2026-08-30T18:37:02.41766Z,79123.21,79123.22,0.01,79123.215,-0.8720325820932472435879696858
BTC-USD,2026-08-30T18:37:02.463254Z,79123.21,79123.22,0.01,79123.215,-0.8720325820932472435879696858
BTC-USD,2026-08-30T18:37:02.508176Z,79123.21,79123.22,0.01,79123.215,-0.7206701994187226412924274050
BTC-USD,2026-08-30T18:37:02.552704Z,79123.21,79123.22,0.01,79123.215,-0.3953440963132826439080396817
BTC-USD,2026-08-30T18:37:02.637622Z,79123.21,79123.22,0.01,79123.215,-0.02149727959600879244823542229
BTC-USD,2026-08-30T18:37:02.722304Z,79123.21,79123.22,0.01,79123.215,-0.02149727959600879244823542229
BTC-USD,2026-08-30T18:37:02.774257Z,79123.21,79123.22,0.01,79123.215,-0.02149727959600879244823542229
BTC-USD,2026-08-30T18:37:02.83149Z,79123.21,79123.22,0.01,79123.215,-0.09637003511205162492266615768
BTC-USD,2026-08-30T18:37:02.875295Z,79123.21,79123.22,0.01,79123.215,-0.1491977757132631674628128615
BTC-USD,2026-08-30T18:37:02.91906Z,79123.21,79123.22,0.01,79123.215,-0.08111254890815374557162361925
BTC-USD,2026-08-30T18:37:02.966404Z,79123.21,79123.22,0.01,79123.215,-0.1951148960322766383957255641
BTC-USD,2026-08-30T18:37:03.018292Z,79123.21,79123.22,0.01,79123.215,-0.1951148960322766383957255641
BTC-USD,2026-08-30T18:37:03.073652Z,79123.21,79123.22,0.01,79123.215,-0.1951148960322766383957255641
BTC-USD,2026-08-30T18:37:03.128832Z,79123.21,79123.22,0.01,79123.215,-0.1996915132724668829429817849
BTC-USD,2026-08-30T18:37:03.171805Z,79123.21,79123.22,0.01,79123.215,-0.1996915132724668829429817849
BTC-USD,2026-08-30T18:37:03.216546Z,79123.21,79123.22,0.01,79123.215,-0.2006934856941758860188802683
BTC-USD,2026-08-30T18:37:03.273446Z,79123.21,79123.22,0.01,79123.215,-0.1859189844686794636572926095
BTC-USD,2026-08-30T18:37:03.316879Z,79123.21,79123.22,0.01,79123.215,-0.2006934856941758860188802683
BTC-USD,2026-08-30T18:37:03.377131Z,79123.21,79123.22,0.01,79123.215,-0.2006934856941758860188802683
BTC-USD,2026-08-30T18:37:03.432816Z,79123.21,79123.22,0.01,79123.215,-0.2006934856941758860188802683
BTC-USD,2026-08-30T18:37:03.445361Z,79123.21,79123.22,0.01,79123.215,-0.2006934856941758860188802683
BTC-USD,2026-08-30T18:37:03.515198Z,79123.21,79123.22,0.01,79123.215,-0.2006934856941758860188802683
BTC-USD,2026-08-30T18:37:03.580164Z,79123.21,79123.22,0.01,79123.215,-0.2006934856941758860188802683
BTC-USD,2026-08-30T18:37:03.594617Z,79123.21,79123.22,0.01,79123.215,-0.2006934856941758860188802683
BTC-USD,2026-08-30T18:37:03.655549Z,79123.21,79123.22,0.01,79123.215,-0.2006934856941758860188802683
BTC-USD,2026-08-30T18:37:03.713025Z,79123.21,79123.22,0.01,79123.215,-0.2006934856941758860188802683
BTC-USD,2026-08-30T18:37:03.805736Z,79123.21,79123.22,0.01,79123.215,-0.2006934856941758860188802683
BTC-USD,2026-08-30T18:37:03.864544Z,79123.21,79123.22,0.01,79123.215,-0.2006934856941758860188802683
BTC-USD,2026-08-30T18:37:03.973616Z,79123.21,79123.22,0.01,79123.215,-0.2006934856941758860188802683
BTC-USD,2026-08-30T18:37:04.014292Z,79123.21,79123.22,0.01,79123.215,-0.2006934856941758860188802683
BTC-USD,2026-08-30T18:37:04.027027Z,79123.21,79123.22,0.01,79123.215,-0.2565631666629925078653242340
BTC-USD,2026-08-30T18:37:04.073968Z,79123.21,79123.22,0.01,79123.215,0.03261908819576086161542744301
BTC-USD,2026-08-30T18:37:04.175952Z,79123.21,79123.22,0.01,79123.215,0.03860102015722293889203960804
BTC-USD,2026-08-30T18:37:04.275052Z,79123.21,79123.22,0.01,79123.215,-0.1899646612728941808907012890
BTC-USD,2026-08-30T18:37:04.3069Z,79123.21,79123.22,0.01,79123.215,-0.1899646612728941808907012890
BTC-USD,2026-08-30T18:37:04.423799Z,79123.21,79123.22,0.01,79123.215,-0.1899646612728941808907012890
BTC-USD,2026-08-30T18:37:04.459994Z,79123.21,79123.22,0.01,79123.215,-0.1899646612728941808907012890
BTC-USD,2026-08-30T18:37:04.517829Z,79123.21,79123.22,0.01,79123.215,-0.1899647592707033519869604690
BTC-USD,2026-08-30T18:37:04.554423Z,79123.21,79123.22,0.01,79123.215,-0.1899647592707033519869604690
BTC-USD,2026-08-30T18:37:04.602812Z,79123.21,79123.22,0.01,79123.215,-0.1747872046727943249210029648
BTC-USD,2026-08-30T18:37:04.687209Z,79123.21,79123.22,0.01,79123.215,-0.1747872046727943249210029648
BTC-USD,2026-08-30T18:37:04.767602Z,79123.21,79123.22,0.01,79123.215,-0.1739564787225742723538598798
BTC-USD,2026-08-30T18:37:04.793003Z,79123.21,79123.22,0.01,79123.215,-0.1739564787225742723538598798
BTC-USD,2026-08-30T18:37:04.855793Z,79123.21,79123.22,0.01,79123.215,-0.1739564787225742723538598798
BTC-USD,2026-08-30T18:37:04.932322Z,79123.21,79123.22,0.01,79123.215,-0.1739564787225742723538598798
BTC-USD,2026-08-30T18:37:04.974825Z,79123.21,79123.22,0.01,79123.215,-0.1739564787225742723538598798
BTC-USD,2026-08-30T18:37:05.005236Z,79123.21,79123.22,0.01,79123.215,-0.1891643250339776144668673847
BTC-USD,2026-08-30T18:37:05.057839Z,79123.21,79123.22,0.01,79123.215,-0.2157889569902583439827910645
BTC-USD,2026-08-30T18:37:05.153112Z,79123.21,79123.22,0.01,79123.215,-0.1999128988236216633347565499
BTC-USD,2026-08-30T18:37:05.219487Z,79123.21,79123.22,0.01,79123.215,-0.1999128988236216633347565499
BTC-USD,2026-08-30T18:37:05.262891Z,79123.21,79123.22,0.01,79123.215,-0.1999128988236216633347565499
BTC-USD,2026-08-30T18:37:05.306952Z,79123.21,79123.22,0.01,79123.215,-0.1999128988236216633347565499
BTC-USD,2026-08-30T18:37:05.37909Z,79123.21,79123.22,0.01,79123.215,-0.1999128988236216633347565499
BTC-USD,2026-08-30T18:37:05.465968Z,79123.21,79123.22,0.01,79123.215,-0.1999128988236216633347565499
BTC-USD,2026-08-30T18:37:05.526734Z,79123.21,79123.22,0.01,79123.215,-0.1999128988236216633347565499
BTC-USD,2026-08-30T18:37:05.57206Z,79123.21,79125.36,2.15,79124.285,-0.5591206012032423087685850228
BTC-USD,2026-08-30T18:37:05.626843Z,79123.21,79123.22,0.01,79123.215,-0.6866715329760813748052256909
BTC-USD,2026-08-30T18:37:05.663731Z,79123.21,79123.22,0.01,79123.215,-0.6899027812563991903672961906
BTC-USD,2026-08-30T18:37:05.730162Z,79123.21,79123.22,0.01,79123.215,-0.6899027812563991903672961906
BTC-USD,2026-08-30T18:37:05.761655Z,79123.21,79123.22,0.01,79123.215,-0.6899027812563991903672961906
BTC-USD,2026-08-30T18:37:05.871707Z,79123.21,79123.22,0.01,79123.215,-0.6899030828423780976325413420
BTC-USD,2026-08-30T18:37:05.898604Z,79123.21,79123.22,0.01,79123.215,-0.6432441428291695806893014218
BTC-USD,2026-08-30T18:37:05.970347Z,79123.21,79123.22,0.01,79123.215,-0.6432441428291695806893014218
BTC-USD,2026-08-30T18:37:06.020713Z,79123.21,79123.22,0.01,79123.215,-0.6432441428291695806893014218
BTC-USD,2026-08-30T18:37:06.078461Z,79123.21,79123.22,0.01,79123.215,-0.6049364182190306435702238050
BTC-USD,2026-08-30T18:37:06.116202Z,79123.21,79123.22,0.01,79123.215,-0.6049364182190306435702238050
BTC-USD,2026-08-30T18:37:06.153023Z,79123.21,79123.22,0.01,79123.215,-0.6438596180822046912415918324
BTC-USD,2026-08-30T18:37:06.200734Z,79123.21,79123.22,0.01,79123.215,-0.6437399584784182835790242076
BTC-USD,2026-08-30T18:37:06.264564Z,79123.21,79123.22,0.01,79123.215,-0.6437399584784182835790242076
BTC-USD,2026-08-30T18:37:06.324351Z,79123.21,79123.22,0.01,79123.215,-0.6437399584784182835790242076
BTC-USD,2026-08-30T18:37:06.376619Z,79123.21,79123.22,0.01,79123.215,-0.6437399584784182835790242076
BTC-USD,2026-08-30T18:37:06.421931Z,79121.64,79121.65,0.01,79121.645,-0.007744197076657809642102835820
BTC-USD,2026-08-30T18:37:06.473072Z,79121.64,79121.65,0.01,79121.645,-0.1822064250333998494799880459
BTC-USD,2026-08-30T18:37:06.520293Z,79121.64,79121.65,0.01,79121.645,-0.3188985509163336388176628646
BTC-USD,2026-08-30T18:37:06.570246Z,79121.64,79121.65,0.01,79121.645,-0.3188985509163336388176628646
BTC-USD,2026-08-30T18:37:06.609595Z,79121.64,79121.65,0.01,79121.645,-0.3188985509163336388176628646
BTC-USD,2026-08-30T18:37:06.657681Z,79121.64,79121.65,0.01,79121.645,-0.3188985509163336388176628646
BTC-USD,2026-08-30T18:37:06.731934Z,79121.64,79121.65,0.01,79121.645,-0.2865506192640768111340909967
BTC-USD,2026-08-30T18:37:06.771219Z,79121.64,79121.65,0.01,79121.645,-0.3121242881490787005164487660
BTC-USD,2026-08-30T18:37:06.80796Z,79121.64,79121.65,0.01,79121.645,-0.3121242881490787005164487660
BTC-USD,2026-08-30T18:37:06.866445Z,79121.64,79121.65,0.01,79121.645,-0.3129616600657456137948270709
BTC-USD,2026-08-30T18:37:06.92248Z,79121.64,79121.65,0.01,79121.645,-0.3332671339833969195698728734
BTC-USD,2026-08-30T18:37:06.983478Z,79121.64,79121.65,0.01,79121.645,-0.3332671339833969195698728734
BTC-USD,2026-08-30T18:37:07.033683Z,79121.64,79121.65,0.01,79121.645,-0.3332671339833969195698728734
BTC-USD,2026-08-30T18:37:07.089157Z,79121.64,79121.65,0.01,79121.645,-0.3332673344040335338698631108
BTC-USD,2026-08-30T18:37:07.124692Z,79121.64,79121.65,0.01,79121.645,-0.3332673344040335338698631108
BTC-USD,2026-08-30T18:37:07.420379Z,79121.64,79121.65,0.01,79121.645,0.3300142372646355134352831677
BTC-USD,2026-08-30T18:37:07.560954Z,79121.64,79121.65,0.01,79121.645,0.2854142531587714491633668052
BTC-USD,2026-08-30T18:37:07.803129Z,79121.64,79121.65,0.01,79121.645,0.4255289730490417430089890927
BTC-USD,2026-08-30T18:37:07.820286Z,79121.64,79121.65,0.01,79121.645,0.4255289730490417430089890927
BTC-USD,2026-08-30T18:37:07.997693Z,79121.64,79121.65,0.01,79121.645,0.4825626792210895461983684567
BTC-USD,2026-08-30T18:37:08.013637Z,79121.64,79121.65,0.01,79121.645,0.4825626792210895461983684567
BTC-USD,2026-08-30T18:37:08.069832Z,79121.64,79121.65,0.01,79121.645,0.4825626792210895461983684567
BTC-USD,2026-08-30T18:37:08.115536Z,79121.64,79121.65,0.01,79121.645,0.4825626792210895461983684567
BTC-USD,2026-08-30T18:37:08.167991Z,79121.64,79121.65,0.01,79121.645,0.4825626521984798606644695886
BTC-USD,2026-08-30T18:37:08.202172Z,79121.64,79121.65,0.01,79121.645,0.4825626521984798606644695886
BTC-USD,2026-08-30T18:37:08.263676Z,79121.64,79121.65,0.01,79121.645,0.4825626521984798606644695886
BTC-USD,2026-08-30T18:37:08.328374Z,79121.64,79121.65,0.01,79121.645,0.4825626521984798606644695886
BTC-USD,2026-08-30T18:37:08.380197Z,79121.64,79121.65,0.01,79121.645,0.4825626521984798606644695886
BTC-USD,2026-08-30T18:37:08.428826Z,79121.64,79121.65,0.01,79121.645,0.4825626521984798606644695886
BTC-USD,2026-08-30T18:37:08.464049Z,79121.64,79121.65,0.01,79121.645,0.4825626521984798606644695886
BTC-USD,2026-08-30T18:37:08.529031Z,79121.64,79121.65,0.01,79121.645,0.4825626521984798606644695886
BTC-USD,2026-08-30T18:37:08.572083Z,79121.64,79121.65,0.01,79121.645,0.4869592759531593138439843968
BTC-USD,2026-08-30T18:37:08.629083Z,79121.64,79121.65,0.01,79121.645,0.4869592759531593138439843968
BTC-USD,2026-08-30T18:37:08.680578Z,79121.64,79121.65,0.01,79121.645,0.4869592759531593138439843968
BTC-USD,2026-08-30T18:37:08.730124Z,79121.64,79121.65,0.01,79121.645,0.4869592759531593138439843968
BTC-USD,2026-08-30T18:37:08.76291Z,79121.64,79121.65,0.01,79121.645,0.4869592759531593138439843968
BTC-USD,2026-08-30T18:37:08.82423Z,79121.64,79121.65,0.01,79121.645,0.1500272590814611561885707976
BTC-USD,2026-08-30T18:37:08.870055Z,79121.64,79121.65,0.01,79121.645,0.2242983478708732966237660190
BTC-USD,2026-08-30T18:37:08.89899Z,79121.64,79121.65,0.01,79121.645,0.2242983478708732966237660190
BTC-USD,2026-08-30T18:37:08.976997Z,79121.64,79121.65,0.01,79121.645,0.1961941652532468662992056436
BTC-USD,2026-08-30T18:37:09.028898Z,79121.64,79121.65,0.01,79121.645,0.1961941652532468662992056436
BTC-USD,2026-08-30T18:37:09.06297Z,79121.64,79121.65,0.01,79121.645,0.1961941652532468662992056436
BTC-USD,2026-08-30T18:37:09.101049Z,79121.64,79121.65,0.01,79121.645,0.1961941652532468662992056436
BTC-USD,2026-08-30T18:37:09.169088Z,79121.64,79121.65,0.01,79121.645,0.1961937351674702196963647903
BTC-USD,2026-08-30T18:37:09.225078Z,79121.64,79121.65,0.01,79121.645,0.1961937351674702196963647903
BTC-USD,2026-08-30T18:37:09.279611Z,79121.64,79121.65,0.01,79121.645,0.4344738463883314526544225602
BTC-USD,2026-08-30T18:37:09.318507Z,79121.64,79121.65,0.01,79121.645,0.4433876874798891677414378822
BTC-USD,2026-08-30T18:37:09.377339Z,79121.64,79121.65,0.01,79121.645,0.4433876874798891677414378822
BTC-USD,2026-08-30T18:37:09.415697Z,79121.64,79121.65,0.01,79121.645,0.4433876874798891677414378822
BTC-USD,2026-08-30T18:37:09.472053Z,79121.64,79121.65,0.01,79121.645,0.4433876874798891677414378822
BTC-USD,2026-08-30T18:37:09.558833Z,79121.64,79121.65,0.01,79121.645,0.4434332957092841748620930198
BTC-USD,2026-08-30T18:37:09.616836Z,79121.64,79121.65,0.01,79121.645,0.4434332957092841748620930198
BTC-USD,2026-08-30T18:37:09.664827Z,79121.64,79121.65,0.01,79121.645,0.4434332957092841748620930198
BTC-USD,2026-08-30T18:37:09.6871Z,79121.64,79121.65,0.01,79121.645,0.4434332957092841748620930198
BTC-USD,2026-08-30T18:37:09.771166Z,79121.64,79121.65,0.01,79121.645,0.4434332957092841748620930198
BTC-USD,2026-08-30T18:37:09.828676Z,79121.64,79121.65,0.01,79121.645,0.4434332957092841748620930198
BTC-USD,2026-08-30T18:37:09.872757Z,79121.64,79121.65,0.01,79121.645,0.4434332957092841748620930198
BTC-USD,2026-08-30T18:37:09.921575Z,79121.64,79121.65,0.01,79121.645,0.4372209090631542919948002115
BTC-USD,2026-08-30T18:37:09.953721Z,79121.64,79121.65,0.01,79121.645,0.4395329214309064442138187362
BTC-USD,2026-08-30T18:37:10.015413Z,79121.64,79121.65,0.01,79121.645,0.4395329214309064442138187362
BTC-USD,2026-08-30T18:37:10.058452Z,79121.64,79121.65,0.01,79121.645,0.4395329214309064442138187362
BTC-USD,2026-08-30T18:37:10.133233Z,79121.64,79121.65,0.01,79121.645,0.4395329214309064442138187362
BTC-USD,2026-08-30T18:37:10.157278Z,79121.64,79121.65,0.01,79121.645,0.4395329214309064442138187362
BTC-USD,2026-08-30T18:37:10.263118Z,79121.64,79121.65,0.01,79121.645,0.4395326972081881705166911964
BTC-USD,2026-08-30T18:37:10.316799Z,79121.64,79121.65,0.01,79121.645,-0.03379516369368784551434432268
BTC-USD,2026-08-30T18:37:10.358606Z,79121.64,79121.65,0.01,79121.645,-0.03379516369368784551434432268
BTC-USD,2026-08-30T18:37:10.428709Z,79121.64,79121.65,0.01,79121.645,-0.03379516369368784551434432268
BTC-USD,2026-08-30T18:37:10.463657Z,79121.64,79121.65,0.01,79121.645,-0.03379516369368784551434432268
BTC-USD,2026-08-30T18:37:10.525923Z,79121.64,79121.65,0.01,79121.645,-0.03379516369368784551434432268
BTC-USD,2026-08-30T18:37:10.567173Z,79121.64,79121.65,0.01,79121.645,-0.03379516369368784551434432268
BTC-USD,2026-08-30T18:37:10.623752Z,79121.64,79121.65,0.01,79121.645,-0.03379516369368784551434432268
BTC-USD,2026-08-30T18:37:10.70481Z,79121.64,79121.65,0.01,79121.645,-0.03379516369368784551434432268
BTC-USD,2026-08-30T18:37:10.776202Z,79121.64,79121.65,0.01,79121.645,-0.03379544128878517139019794452
BTC-USD,2026-08-30T18:37:10.819255Z,79121.64,79121.65,0.01,79121.645,-0.03379544128878517139019794452
BTC-USD,2026-08-30T18:37:10.870862Z,79121.64,79121.65,0.01,79121.645,-0.03379544128878517139019794452
BTC-USD,2026-08-30T18:37:10.924758Z,79121.64,79121.65,0.01,79121.645,-0.03379544128878517139019794452
BTC-USD,2026-08-30T18:37:10.932741Z,79121.64,79121.65,0.01,79121.645,-0.03379544128878517139019794452
BTC-USD,2026-08-30T18:37:11.027075Z,79121.64,79121.65,0.01,79121.645,-0.3153412876233270264785406362
BTC-USD,2026-08-30T18:37:11.075388Z,79121.64,79121.65,0.01,79121.645,0.008992370918794201942042715725
BTC-USD,2026-08-30T18:37:11.129218Z,79121.64,79121.65,0.01,79121.645,0.008992370918794201942042715725
BTC-USD,2026-08-30T18:37:11.177215Z,79121.64,79121.65,0.01,79121.645,0.008992370918794201942042715725
BTC-USD,2026-08-30T18:37:11.230188Z,79121.64,79121.65,0.01,79121.645,0.008992370918794201942042715725
BTC-USD,2026-08-30T18:37:11.265032Z,79121.64,79121.65,0.01,79121.645,0.2900603093038318843298480353
BTC-USD,2026-08-30T18:37:11.317176Z,79126.39,79128.53,2.14,79127.46,-0.4359202596528464427188833511
BTC-USD,2026-08-30T18:37:11.365906Z,79127.39,79128.52,1.13,79127.955,-0.5097471241123129429718527642
BTC-USD,2026-08-30T18:37:11.426411Z,79127.39,79128.52,1.13,79127.955,-0.4915268450789175016957440392
BTC-USD,2026-08-30T18:37:11.46552Z,79127.39,79128.52,1.13,79127.955,-0.4915268450789175016957440392
BTC-USD,2026-08-30T18:37:11.505486Z,79127.39,79128.52,1.13,79127.955,-0.4918790009114694688653424291
BTC-USD,2026-08-30T18:37:11.575014Z,79127.39,79128.52,1.13,79127.955,-0.4918790009114694688653424291
BTC-USD,2026-08-30T18:37:11.632336Z,79126.39,79128.52,2.13,79127.455,-0.3315492591595605441235425353
BTC-USD,2026-08-30T18:37:11.66319Z,79126.39,79128.52,2.13,79127.455,-0.3314830254777392697982062553
BTC-USD,2026-08-30T18:37:11.714777Z,79126.39,79128.52,2.13,79127.455,-0.3314830254777392697982062553
BTC-USD,2026-08-30T18:37:11.770598Z,79126.39,79128.52,2.13,79127.455,-0.4725170818762210546938979099
BTC-USD,2026-08-30T18:37:11.836343Z,79126.39,79128.52,2.13,79127.455,-0.4008598535187451499091744311
BTC-USD,2026-08-30T18:37:11.880016Z,79126.39,79128.52,2.13,79127.455,-0.4008598535187451499091744311
BTC-USD,2026-08-30T18:37:11.92425Z,79126.39,79128.52,2.13,79127.455,-0.4008598535187451499091744311
BTC-USD,2026-08-30T18:37:11.975811Z,79126.39,79128.52,2.13,79127.455,-0.4008598535187451499091744311
BTC-USD,2026-08-30T18:37:12.032362Z,79126.39,79128.52,2.13,79127.455,-0.4008598535187451499091744311
BTC-USD,2026-08-30T18:37:12.080873Z,79126.39,79128.52,2.13,79127.455,-0.4401712185006559469509393591
BTC-USD,2026-08-30T18:37:12.092878Z,79126.39,79128.52,2.13,79127.455,-0.4398234700566771439949030954
BTC-USD,2026-08-30T18:37:12.126909Z,79126.39,79128.52,2.13,79127.455,-0.4398234700566771439949030954
BTC-USD,2026-08-30T18:37:12.229961Z,79126.39,79128.52,2.13,79127.455,-0.4398234700566771439949030954
BTC-USD,2026-08-30T18:37:12.268229Z,79126.39,79128.52,2.13,79127.455,-0.4398234700566771439949030954
BTC-USD,2026-08-30T18:37:12.334541Z,79127.39,79128.52,1.13,79127.955,-0.5304424117990366680871846751
BTC-USD,2026-08-30T18:37:12.382896Z,79127.4,79128.52,1.12,79127.96,-0.5405893125735068078396777439
BTC-USD,2026-08-30T18:37:12.432607Z,79127.4,79128.52,1.12,79127.96,-0.5406641535015660620509914607
BTC-USD,2026-08-30T18:37:12.483093Z,79127.4,79128.52,1.12,79127.96,-0.5350800472104192443124271944
BTC-USD,2026-08-30T18:37:12.513163Z,79127.4,79128.52,1.12,79127.96,-0.5350800472104192443124271944
BTC-USD,2026-08-30T18:37:12.59034Z,79127.41,79128.52,1.11,79127.965,-0.5405797753003078133713034144
BTC-USD,2026-08-30T18:37:12.678389Z,79127.41,79128.52,1.11,79127.965,-0.4492089501763323242865401092
BTC-USD,2026-08-30T18:37:12.73765Z,79127.41,79128.52,1.11,79127.965,-0.4491367758857638152100722203
BTC-USD,2026-08-30T18:37:12.78068Z,79127.41,79128.51,1.10,79127.96,-0.6089711676751617340187961864
BTC-USD,2026-08-30T18:37:12.834951Z,79127.42,79128.51,1.09,79127.965,-0.6135290470150016871989788194
BTC-USD,2026-08-30T18:37:12.885871Z,79127.42,79128.51,1.09,79127.965,-0.6136069433721178242099899979
BTC-USD,2026-08-30T18:37:12.919369Z,79127.42,79128.42,1.00,79127.92,-0.6090426513395149051864701652
BTC-USD,2026-08-30T18:37:12.982541Z,79127.42,79128.42,1.00,79127.92,-0.5325370546362542893871672117
BTC-USD,2026-08-30T18:37:13.020507Z,79127.42,79128.42,1.00,79127.92,-0.5325370546362542893871672117
BTC-USD,2026-08-30T18:37:13.049925Z,79127.42,79128.42,1.00,79127.92,-0.5325370546362542893871672117
BTC-USD,2026-08-30T18:37:13.112093Z,79127.42,79127.92,0.50,79127.67,-0.5145704898662772735715824427
BTC-USD,2026-08-30T18:37:13.169776Z,79127.42,79127.92,0.50,79127.67,-0.5145704898662772735715824427
BTC-USD,2026-08-30T18:37:13.266518Z,79127.91,79127.92,0.01,79127.915,-0.7642071120594306583314105442
BTC-USD,2026-08-30T18:37:13.313641Z,79127.42,79127.92,0.50,79127.67,-0.5872225245888893208412704583
BTC-USD,2026-08-30T18:37:13.354087Z,79127.42,79127.92,0.50,79127.67,-0.5871356873955727887273310939
BTC-USD,2026-08-30T18:37:13.435761Z,79127.42,79127.92,0.50,79127.67,-0.5350647484855987431008066841
BTC-USD,2026-08-30T18:37:13.484672Z,79127.42,79127.92,0.50,79127.67,-0.5350650539382200872393595416
BTC-USD,2026-08-30T18:37:13.525601Z,79127.43,79127.92,0.49,79127.675,-0.5405640837964853491145376177
BTC-USD,2026-08-30T18:37:13.582181Z,79127.44,79127.92,0.48,79127.68,-0.7637968375082054243581549808
BTC-USD,2026-08-30T18:37:13.634323Z,79127.44,79127.92,0.48,79127.68,-0.7637968375082054243581549808
BTC-USD,2026-08-30T18:37:13.67361Z,79127.44,79127.92,0.48,79127.68,-0.4492895467957724021085575164
BTC-USD,2026-08-30T18:37:13.731277Z,79127.91,79127.92,0.01,79127.915,-0.8626814017351451290843657148
BTC-USD,2026-08-30T18:37:13.782606Z,79127.91,79127.92,0.01,79127.915,-0.8626814017351451290843657148
BTC-USD,2026-08-30T18:37:13.823558Z,79127.91,79127.92,0.01,79127.915,-0.5152106955410187124142013990
BTC-USD,2026-08-30T18:37:13.88033Z,79127.91,79127.92,0.01,79127.915,-0.7306556461082776872250556461
BTC-USD,2026-08-30T18:37:13.928921Z,79127.91,79127.92,0.01,79127.915,-0.7306556461082776872250556461
BTC-USD,2026-08-30T18:37:13.94998Z,79127.91,79127.92,0.01,79127.915,-0.7637942163079396266857193891
BTC-USD,2026-08-30T18:37:14.019694Z,79127.91,79127.92,0.01,79127.915,-0.7637942163079396266857193891
BTC-USD,2026-08-30T18:37:14.066642Z,79127.45,79127.91,0.46,79127.68,-0.3788550550346189365024427045
BTC-USD,2026-08-30T18:37:14.090313Z,79127.45,79127.91,0.46,79127.68,-0.6089551992146074151025948351
BTC-USD,2026-08-30T18:37:14.164937Z,79127.45,79127.86,0.41,79127.655,-0.5426744899855470583727978200
BTC-USD,2026-08-30T18:37:14.256317Z,79127.45,79127.86,0.41,79127.655,-0.4576538438652958358139446503
BTC-USD,2026-08-30T18:37:14.312882Z,79127.45,79127.46,0.01,79127.455,-0.5145556089046749864394263166
BTC-USD,2026-08-30T18:37:14.375113Z,79127.45,79127.46,0.01,79127.455,-0.5077311957787171042382050399
BTC-USD,2026-08-30T18:37:14.40024Z,79127.45,79127.46,0.01,79127.455,-0.5077311957787171042382050399
BTC-USD,2026-08-30T18:37:14.467931Z,79127.45,79127.46,0.01,79127.455,-0.5077311957787171042382050399
BTC-USD,2026-08-30T18:37:14.529367Z,79127.45,79127.46,0.01,79127.455,-0.5077311957787171042382050399
BTC-USD,2026-08-30T18:37:14.579325Z,79127.45,79127.46,0.01,79127.455,-0.5077314172273705787298624881
BTC-USD,2026-08-30T18:37:14.634798Z,79127.45,79127.46,0.01,79127.455,-0.4491221677757641304705390730
BTC-USD,2026-08-30T18:37:14.664222Z,79127.45,79127.46,0.01,79127.455,-0.4491221677757641304705390730
BTC-USD,2026-08-30T18:37:14.721254Z,79127.45,79127.46,0.01,79127.455,-0.4491221677757641304705390730
BTC-USD,2026-08-30T18:37:14.782052Z,79127.45,79127.46,0.01,79127.455,-0.4483118528058939947422614183
BTC-USD,2026-08-30T18:37:14.805035Z,79127.45,79127.46,0.01,79127.455,-0.4483118528058939947422614183
BTC-USD,2026-08-30T18:37:14.847646Z,79127.45,79127.46,0.01,79127.455,-0.4483118528058939947422614183
BTC-USD,2026-08-30T18:37:14.929744Z,79127.45,79127.46,0.01,79127.455,-0.4483118528058939947422614183
BTC-USD,2026-08-30T18:37:14.971389Z,79127.45,79127.46,0.01,79127.455,-0.4483118528058939947422614183
BTC-USD,2026-08-30T18:37:15.019021Z,79127.45,79127.46,0.01,79127.455,-0.4483118528058939947422614183
BTC-USD,2026-08-30T18:37:15.060722Z,79127.45,79127.46,0.01,79127.455,-0.4483118528058939947422614183
BTC-USD,2026-08-30T18:37:15.100127Z,79127.45,79127.46,0.01,79127.455,-0.4483118528058939947422614183
BTC-USD,2026-08-30T18:37:15.18208Z,79127.45,79127.46,0.01,79127.455,-0.4483118528058939947422614183
BTC-USD,2026-08-30T18:37:15.227445Z,79127.45,79127.46,0.01,79127.455,-0.4483118528058939947422614183
BTC-USD,2026-08-30T18:37:15.273274Z,79127.45,79127.46,0.01,79127.455,-0.3818549322751894589748149213
BTC-USD,2026-08-30T18:37:15.325277Z,79127.45,79131.72,4.27,79129.585,0.1294683968076202654252743094
BTC-USD,2026-08-30T18:37:15.826614Z,79131.71,79131.72,0.01,79131.715,0.5215969274519999336783091100
BTC-USD,2026-08-30T18:37:15.954159Z,79131.71,79131.72,0.01,79131.715,0.5215967895019571186479532616
BTC-USD,2026-08-30T18:37:15.97613Z,79131.71,79131.72,0.01,79131.715,0.5215967895019571186479532616
BTC-USD,2026-08-30T18:37:16.143884Z,79131.71,79131.72,0.01,79131.715,-0.2553384421990314766839754274
BTC-USD,2026-08-30T18:37:16.264982Z,79131.71,79131.72,0.01,79131.715,-0.2041635183735014786495376289
BTC-USD,2026-08-30T18:37:16.31563Z,79131.71,79131.72,0.01,79131.715,-0.2041358969570199010149765479
BTC-USD,2026-08-30T18:37:16.339327Z,79131.71,79131.72,0.01,79131.715,-0.2430212411644247724730205040
BTC-USD,2026-08-30T18:37:16.420578Z,79131.71,79131.72,0.01,79131.715,-0.4607856644315539513924721889
BTC-USD,2026-08-30T18:37:16.468489Z,79131.71,79131.72,0.01,79131.715,-0.4607856644315539513924721889
BTC-USD,2026-08-30T18:37:16.518752Z,79131.71,79131.72,0.01,79131.715,-0.4607856644315539513924721889
BTC-USD,2026-08-30T18:37:16.57694Z,79131.71,79131.72,0.01,79131.715,-0.4588223965472857764300775177
BTC-USD,2026-08-30T18:37:16.629213Z,79131.71,79131.72,0.01,79131.715,-0.4588223965472857764300775177
BTC-USD,2026-08-30T18:37:16.654911Z,79131.71,79131.72,0.01,79131.715,-0.4588223965472857764300775177
BTC-USD,2026-08-30T18:37:16.710251Z,79131.71,79131.72,0.01,79131.715,-0.4587220048083912800160099817
BTC-USD,2026-08-30T18:37:16.76731Z,79131.71,79131.72,0.01,79131.715,-0.4587220048083912800160099817
BTC-USD,2026-08-30T18:37:16.822442Z,79131.71,79131.72,0.01,79131.715,-0.4587220048083912800160099817
BTC-USD,2026-08-30T18:37:16.872988Z,79131.71,79131.72,0.01,79131.715,-0.4587220048083912800160099817
BTC-USD,2026-08-30T18:37:16.919568Z,79131.71,79131.72,0.01,79131.715,-0.4587220048083912800160099817
BTC-USD,2026-08-30T18:37:16.984528Z,79131.71,79131.72,0.01,79131.715,-0.4587221345726975463556205354
BTC-USD,2026-08-30T18:37:17.021265Z,79131.71,79131.72,0.01,79131.715,-0.4587221345726975463556205354
BTC-USD,2026-08-30T18:37:17.057856Z,79131.71,79131.72,0.01,79131.715,-0.4587221345726975463556205354
BTC-USD,2026-08-30T18:37:17.098113Z,79131.71,79131.72,0.01,79131.715,-0.4587221345726975463556205354
BTC-USD,2026-08-30T18:37:17.155121Z,79131.71,79131.72,0.01,79131.715,-0.4086746849087718114357935799
BTC-USD,2026-08-30T18:37:17.230931Z,79131.71,79131.72,0.01,79131.715,-0.4086746849087718114357935799
BTC-USD,2026-08-30T18:37:17.281415Z,79131.71,79131.72,0.01,79131.715,-0.4086746849087718114357935799
BTC-USD,2026-08-30T18:37:17.303783Z,79131.71,79131.72,0.01,79131.715,-0.4086746849087718114357935799
BTC-USD,2026-08-30T18:37:17.38122Z,79131.71,79131.72,0.01,79131.715,-0.4086746849087718114357935799
BTC-USD,2026-08-30T18:37:17.401707Z,79131.71,79131.72,0.01,79131.715,-0.4086746849087718114357935799
BTC-USD,2026-08-30T18:37:17.460772Z,79131.71,79131.72,0.01,79131.715,-0.4086746849087718114357935799
BTC-USD,2026-08-30T18:37:17.526757Z,79131.71,79131.72,0.01,79131.715,-0.4086746849087718114357935799
BTC-USD,2026-08-30T18:37:17.538148Z,79131.71,79131.72,0.01,79131.715,-0.4086746849087718114357935799
BTC-USD,2026-08-30T18:37:17.60079Z,79131.71,79131.72,0.01,79131.715,-0.4086746849087718114357935799
BTC-USD,2026-08-30T18:37:17.660888Z,79131.71,79131.72,0.01,79131.715,-0.4086746849087718114357935799
BTC-USD,2026-08-30T18:37:17.694316Z,79131.71,79131.72,0.01,79131.715,-0.4086746849087718114357935799
BTC-USD,2026-08-30T18:37:17.770984Z,79131.71,79131.72,0.01,79131.715,-0.4086746849087718114357935799
BTC-USD,2026-08-30T18:37:17.816287Z,79131.71,79131.72,0.01,79131.715,-0.4086746849087718114357935799
BTC-USD,2026-08-30T18:37:17.871219Z,79131.71,79131.72,0.01,79131.715,-0.5416234143881643624281871932
BTC-USD,2026-08-30T18:37:17.894108Z,79131.71,79131.72,0.01,79131.715,-0.5416234143881643624281871932
BTC-USD,2026-08-30T18:37:17.979655Z,79131.71,79131.72,0.01,79131.715,-0.5416234143881643624281871932
BTC-USD,2026-08-30T18:37:18.013188Z,79131.71,79131.72,0.01,79131.715,-0.5416234143881643624281871932
BTC-USD,2026-08-30T18:37:18.05542Z,79131.71,79131.72,0.01,79131.715,-0.5416234143881643624281871932
BTC-USD,2026-08-30T18:37:18.112927Z,79131.71,79131.72,0.01,79131.715,-0.4226115254970398616470867836
BTC-USD,2026-08-30T18:37:18.21255Z,79131.71,79131.72,0.01,79131.715,-0.7930751042878584858850476485
BTC-USD,2026-08-30T18:37:18.231129Z,79131.71,79131.72,0.01,79131.715,-0.7930751042878584858850476485
BTC-USD,2026-08-30T18:37:18.322101Z,79131.71,79131.72,0.01,79131.715,-0.7927615000431113146256957923
BTC-USD,2026-08-30T18:37:18.36017Z,79131.71,79131.72,0.01,79131.715,-0.7927615000431113146256957923
BTC-USD,2026-08-30T18:37:18.422043Z,79133.54,79135.72,2.18,79134.63,-0.3687897075300178425854871854
BTC-USD,2026-08-30T18:37:18.440822Z,79134.54,79139.77,5.23,79137.155,0.1591075452104664790591621171
BTC-USD,2026-08-30T18:37:18.466779Z,79137.5,79139.77,2.27,79138.635,0.2198398518486485566798727761
BTC-USD,2026-08-30T18:37:18.495329Z,79137.5,79139.77,2.27,79138.635,0.1160849241022845216825640898
BTC-USD,2026-08-30T18:37:18.53757Z,79136.5,79138.77,2.27,79137.635,0.4849234908882340657240783364
BTC-USD,2026-08-30T18:37:18.615177Z,79136.5,79137.74,1.24,79137.12,0.07696061148648913535222910776
BTC-USD,2026-08-30T18:37:18.750594Z,79136.5,79137.74,1.24,79137.12,0.3586188726366492669215600550
BTC-USD,2026-08-30T18:37:18.854179Z,79136.5,79138.74,2.24,79137.62,0.2701638611884387340816478969
BTC-USD,2026-08-30T18:37:18.905808Z,79136.5,79138.74,2.24,79137.62,0.2701638611884387340816478969
BTC-USD,2026-08-30T18:37:18.976222Z,79136.5,79138.74,2.24,79137.62,0.2568966300506082990341719592
BTC-USD,2026-08-30T18:37:19.012548Z,79136.5,79138.74,2.24,79137.62,0.2568966300506082990341719592
BTC-USD,2026-08-30T18:37:19.060684Z,79136.5,79138.74,2.24,79137.62,0.2572043677519408462586480400
BTC-USD,2026-08-30T18:37:19.090711Z,79136.5,79138.74,2.24,79137.62,0.3414145390381328027178093408
BTC-USD,2026-08-30T18:37:19.169558Z,79136.5,79136.51,0.01,79136.505,0.3210755402556014107234387430
BTC-USD,2026-08-30T18:37:19.229395Z,79136.5,79136.51,0.01,79136.505,-0.1576427872239999245450455826
BTC-USD,2026-08-30T18:37:19.270743Z,79136.5,79136.51,0.01,79136.505,-0.1576427872239999245450455826
BTC-USD,2026-08-30T18:37:19.321459Z,79136.5,79136.51,0.01,79136.505,-0.5361948643964604783901645106
BTC-USD,2026-08-30T18:37:19.366064Z,79136.5,79136.51,0.01,79136.505,-0.6673032425170137451460247456
BTC-USD,2026-08-30T18:37:19.42626Z,79136.5,79136.51,0.01,79136.505,-0.6673032425170137451460247456
BTC-USD,2026-08-30T18:37:19.461978Z,79136.5,79136.51,0.01,79136.505,-0.6673032425170137451460247456
BTC-USD,2026-08-30T18:37:19.528237Z,79136.5,79136.51,0.01,79136.505,-0.6679569746001264144900130881
BTC-USD,2026-08-30T18:37:19.569864Z,79136.5,79136.51,0.01,79136.505,-0.7614700902343535094380090187
BTC-USD,2026-08-30T18:37:19.596472Z,79136.5,79136.51,0.01,79136.505,-0.7614700902343535094380090187
BTC-USD,2026-08-30T18:37:19.675458Z,79136.29,79136.3,0.01,79136.295,-0.1854270927935455597517955455
BTC-USD,2026-08-30T18:37:19.723509Z,79136.29,79136.3,0.01,79136.295,-0.1854270927935455597517955455
BTC-USD,2026-08-30T18:37:19.775915Z,79136.29,79136.3,0.01,79136.295,-0.2357937118879909786614067618
BTC-USD,2026-08-30T18:37:19.81201Z,79134.91,79134.92,0.01,79134.915,0.04589679976892584732654979379
BTC-USD,2026-08-30T18:37:19.876966Z,79134.91,79134.92,0.01,79134.915,0.04589679976892584732654979379
BTC-USD,2026-08-30T18:37:19.890264Z,79134.91,79134.92,0.01,79134.915,0.04589679976892584732654979379
BTC-USD,2026-08-30T18:37:19.981367Z,79134.91,79134.92,0.01,79134.915,0.04589679976892584732654979379
BTC-USD,2026-08-30T18:37:20.019424Z,79134.91,79134.92,0.01,79134.915,0.04589679976892584732654979379
BTC-USD,2026-08-30T18:37:20.072442Z,79134.91,79134.92,0.01,79134.915,0.02750461443223609870864795012
BTC-USD,2026-08-30T18:37:20.131034Z,79134.91,79134.92,0.01,79134.915,-0.06396125165477742425012362532
BTC-USD,2026-08-30T18:37:20.173402Z,79134.91,79134.92,0.01,79134.915,-0.06396125165477742425012362532
BTC-USD,2026-08-30T18:37:20.230659Z,79134.91,79134.92,0.01,79134.915,-0.05962777236215013978911014102
BTC-USD,2026-08-30T18:37:20.269838Z,79134.91,79134.92,0.01,79134.915,-0.05962777236215013978911014102
BTC-USD,2026-08-30T18:37:20.334776Z,79134.91,79134.92,0.01,79134.915,-0.05962777236215013978911014102
BTC-USD,2026-08-30T18:37:20.360818Z,79134.91,79134.92,0.01,79134.915,-0.05739339446842328058876299062
BTC-USD,2026-08-30T18:37:20.434703Z,79134.91,79134.92,0.01,79134.915,-0.05739339446842328058876299062
BTC-USD,2026-08-30T18:37:20.488962Z,79134.91,79134.92,0.01,79134.915,-0.05739339446842328058876299062
BTC-USD,2026-08-30T18:37:20.501867Z,79134.91,79134.92,0.01,79134.915,-0.05739339446842328058876299062
BTC-USD,2026-08-30T18:37:20.584865Z,79134.91,79134.92,0.01,79134.915,-0.05739339446842328058876299062
BTC-USD,2026-08-30T18:37:20.650399Z,79134.91,79134.92,0.01,79134.915,-0.05686817514345302400478418476
BTC-USD,2026-08-30T18:37:20.717642Z,79134.91,79134.92,0.01,79134.915,-0.05681564062101129639830758529
BTC-USD,2026-08-30T18:37:20.775335Z,79134.91,79135.28,0.37,79135.095,-0.04521787370792179073418297474
BTC-USD,2026-08-30T18:37:20.811548Z,79134.91,79134.92,0.01,79134.915,-0.04521787370792179073418297474
BTC-USD,2026-08-30T18:37:20.893425Z,79134.91,79134.92,0.01,79134.915,-0.04332198612796313126007707972
BTC-USD,2026-08-30T18:37:20.932099Z,79134.91,79134.92,0.01,79134.915,-0.3515870351069380744459385552
BTC-USD,2026-08-30T18:37:20.974548Z,79134.91,79134.92,0.01,79134.915,-0.3515870351069380744459385552
BTC-USD,2026-08-30T18:37:21.039878Z,79134.91,79134.92,0.01,79134.915,-0.3515876678973383392526000751
BTC-USD,2026-08-30T18:37:21.048178Z,79134.91,79134.92,0.01,79134.915,-0.3605108540714046736198342083
BTC-USD,2026-08-30T18:37:21.105289Z,79134.91,79134.92,0.01,79134.915,-0.3669329369333871800972365289
BTC-USD,2026-08-30T18:37:21.16483Z,79134.91,79134.92,0.01,79134.915,-0.3718976870405176564416755991
BTC-USD,2026-08-30T18:37:21.229707Z,79134.91,79134.92,0.01,79134.915,-0.3718976870405176564416755991
BTC-USD,2026-08-30T18:37:21.272404Z,79134.91,79134.92,0.01,79134.915,-0.3718976870405176564416755991
BTC-USD,2026-08-30T18:37:21.330731Z,79134.91,79134.92,0.01,79134.915,-0.3718977661049751543120583366
BTC-USD,2026-08-30T18:37:21.366409Z,79134.91,79134.92,0.01,79134.915,-0.3718977661049751543120583366
BTC-USD,2026-08-30T18:37:21.432829Z,79134.91,79134.92,0.01,79134.915,-0.3718640591175070121828170012
BTC-USD,2026-08-30T18:37:21.446802Z,79134.91,79134.92,0.01,79134.915,-0.3718640591175070121828170012
BTC-USD,2026-08-30T18:37:21.526615Z,79134.91,79134.92,0.01,79134.915,-0.3718640591175070121828170012
BTC-USD,2026-08-30T18:37:21.579089Z,79134.91,79134.92,0.01,79134.915,-0.3718640591175070121828170012
BTC-USD,2026-08-30T18:37:21.655793Z,79134.91,79134.92,0.01,79134.915,-0.3718640591175070121828170012
BTC-USD,2026-08-30T18:37:21.733157Z,79134.91,79134.92,0.01,79134.915,-0.3717960328949453944290694335
BTC-USD,2026-08-30T18:37:21.785926Z,79134.91,79134.92,0.01,79134.915,-0.3717960328949453944290694335
BTC-USD,2026-08-30T18:37:21.793933Z,79134.91,79134.92,0.01,79134.915,-0.3717960328949453944290694335
BTC-USD,2026-08-30T18:37:21.881557Z,79134.91,79134.92,0.01,79134.915,-0.3717960328949453944290694335
BTC-USD,2026-08-30T18:37:21.918713Z,79134.91,79134.92,0.01,79134.915,-0.3717960328949453944290694335
BTC-USD,2026-08-30T18:37:21.975728Z,79134.91,79134.92,0.01,79134.915,-0.3717960328949453944290694335
BTC-USD,2026-08-30T18:37:22.023708Z,79134.91,79134.92,0.01,79134.915,-0.3717960328949453944290694335
BTC-USD,2026-08-30T18:37:22.051203Z,79134.91,79134.92,0.01,79134.915,-0.3717962700906413249383901697
BTC-USD,2026-08-30T18:37:22.114873Z,79134.91,79134.92,0.01,79134.915,-0.3717962700906413249383901697
BTC-USD,2026-08-30T18:37:22.158138Z,79134.91,79134.92,0.01,79134.915,-0.3717962700906413249383901697
BTC-USD,2026-08-30T18:37:22.216603Z,79134.91,79134.92,0.01,79134.915,-0.3717962700906413249383901697
BTC-USD,2026-08-30T18:37:22.264089Z,79134.91,79134.92,0.01,79134.915,-0.3717962700906413249383901697
BTC-USD,2026-08-30T18:37:22.323504Z,79134.91,79134.92,0.01,79134.915,-0.3717964282211508488817646159
BTC-USD,2026-08-30T18:37:22.357468Z,79134.91,79134.92,0.01,79134.915,-0.3717964282211508488817646159
BTC-USD,2026-08-30T18:37:22.413368Z,79134.91,79134.92,0.01,79134.915,-0.3717964282211508488817646159
BTC-USD,2026-08-30T18:37:22.475425Z,79134.91,79134.92,0.01,79134.915,-0.3717964282211508488817646159
BTC-USD,2026-08-30T18:37:22.518769Z,79134.91,79134.92,0.01,79134.915,-0.3716453952978691120170127905
BTC-USD,2026-08-30T18:37:22.570161Z,79134.91,79136.28,1.37,79135.595,-0.3766232191557023173317060399
BTC-USD,2026-08-30T18:37:22.601077Z,79134.91,79136.28,1.37,79135.595,-0.3766232191557023173317060399
BTC-USD,2026-08-30T18:37:22.661191Z,79134.91,79136.28,1.37,79135.595,-0.3761063205695283598278751713
BTC-USD,2026-08-30T18:37:22.706378Z,79134.91,79136.28,1.37,79135.595,-0.3761063205695283598278751713
BTC-USD,2026-08-30T18:37:22.770995Z,79134.91,79136.28,1.37,79135.595,-0.3761063205695283598278751713
BTC-USD,2026-08-30T18:37:22.814783Z,79134.91,79136.28,1.37,79135.595,-0.3761063205695283598278751713
BTC-USD,2026-08-30T18:37:22.863193Z,79134.91,79136.28,1.37,79135.595,-0.3823200671269101758212667244
BTC-USD,2026-08-30T18:37:23.025547Z,79134.91,79136.28,1.37,79135.595,-0.3823200671269101758212667244
BTC-USD,2026-08-30T18:37:23.071807Z,79134.91,79136.28,1.37,79135.595,-0.3823200932392935965159411680
BTC-USD,2026-08-30T18:37:23.113843Z,79134.91,79136.24,1.33,79135.575,-0.3750638872994972765691372482
BTC-USD,2026-08-30T18:37:23.170861Z,79134.91,79136.24,1.33,79135.575,-0.3750638872994972765691372482
BTC-USD,2026-08-30T18:37:23.193288Z,79134.91,79136.24,1.33,79135.575,-0.3750638872994972765691372482
BTC-USD,2026-08-30T18:37:23.27272Z,79134.91,79136.24,1.33,79135.575,-0.3750638872994972765691372482
BTC-USD,2026-08-30T18:37:23.289622Z,79134.91,79136.24,1.33,79135.575,-0.3750638872994972765691372482
BTC-USD,2026-08-30T18:37:23.362925Z,79134.91,79136.24,1.33,79135.575,-0.3750639661409811740444182412
BTC-USD,2026-08-30T18:37:23.425277Z,79134.91,79136.24,1.33,79135.575,-0.3750639661409811740444182412
BTC-USD,2026-08-30T18:37:23.472527Z,79134.91,79136.24,1.33,79135.575,-0.3750639661409811740444182412
BTC-USD,2026-08-30T18:37:23.531737Z,79134.91,79136.24,1.33,79135.575,-0.3750639661409811740444182412
BTC-USD,2026-08-30T18:37:23.54208Z,79134.91,79136.24,1.33,79135.575,-0.3750639661409811740444182412
BTC-USD,2026-08-30T18:37:23.674686Z,79134.91,79136.24,1.33,79135.575,-0.3750639661409811740444182412
BTC-USD,2026-08-30T18:37:23.772739Z,79134.91,79136.24,1.33,79135.575,-0.3750639661409811740444182412
BTC-USD,2026-08-30T18:37:23.806407Z,79134.91,79136.24,1.33,79135.575,-0.3750639661409811740444182412
BTC-USD,2026-08-30T18:37:23.855796Z,79134.91,79136.24,1.33,79135.575,-0.3750639661409811740444182412
BTC-USD,2026-08-30T18:37:23.920079Z,79134.91,79136.24,1.33,79135.575,-0.3750639661409811740444182412
BTC-USD,2026-08-30T18:37:23.964011Z,79134.91,79136.24,1.33,79135.575,-0.3750639661409811740444182412
BTC-USD,2026-08-30T18:37:24.027348Z,79134.91,79136.24,1.33,79135.575,-0.3750639661409811740444182412
BTC-USD,2026-08-30T18:37:24.088041Z,79134.91,79136.24,1.33,79135.575,-0.06637442460750112259415947489
BTC-USD,2026-08-30T18:37:24.09721Z,79134.91,79136.24,1.33,79135.575,-0.3750639661409811740444182412
BTC-USD,2026-08-30T18:37:24.169466Z,79134.91,79136.24,1.33,79135.575,-0.3750639661409811740444182412
BTC-USD,2026-08-30T18:37:24.20119Z,79134.91,79136.24,1.33,79135.575,-0.3750639661409811740444182412
BTC-USD,2026-08-30T18:37:24.244471Z,79134.91,79136.23,1.32,79135.57,-0.3486364151397130853437157518
BTC-USD,2026-08-30T18:37:24.294193Z,79134.91,79134.92,0.01,79134.915,-0.3531059098090406681172892153
BTC-USD,2026-08-30T18:37:24.378363Z,79134.91,79134.92,0.01,79134.915,-0.3531061775039743552103759219
BTC-USD,2026-08-30T18:37:24.422076Z,79134.91,79134.92,0.01,79134.915,-0.3531061775039743552103759219
BTC-USD,2026-08-30T18:37:24.465297Z,79134.91,79134.92,0.01,79134.915,-0.3531061775039743552103759219
BTC-USD,2026-08-30T18:37:24.524135Z,79134.91,79134.92,0.01,79134.915,-0.3531061775039743552103759219
BTC-USD,2026-08-30T18:37:24.563103Z,79134.91,79134.92,0.01,79134.915,-0.2809732472410937695743185688
BTC-USD,2026-08-30T18:37:24.632237Z,79134.91,79134.92,0.01,79134.915,-0.2809736697655666962047823952
BTC-USD,2026-08-30T18:37:24.679266Z,79134.91,79134.92,0.01,79134.915,-0.2809736697655666962047823952
BTC-USD,2026-08-30T18:37:24.702963Z,79134.91,79134.92,0.01,79134.915,-0.2809736697655666962047823952
BTC-USD,2026-08-30T18:37:24.781678Z,79134.91,79134.92,0.01,79134.915,-0.2809736697655666962047823952
BTC-USD,2026-08-30T18:37:24.801057Z,79134.91,79134.92,0.01,79134.915,-0.1164598766909154894471939587
BTC-USD,2026-08-30T18:37:24.863042Z,79134.91,79134.92,0.01,79134.915,-0.1164598766909154894471939587
BTC-USD,2026-08-30T18:37:24.925803Z,79134.91,79134.92,0.01,79134.915,-0.1164598766909154894471939587
BTC-USD,2026-08-30T18:37:24.98679Z,79134.91,79134.92,0.01,79134.915,-0.1164598766909154894471939587
BTC-USD,2026-08-30T18:37:25.027862Z,79134.91,79134.92,0.01,79134.915,-0.1164598766909154894471939587
BTC-USD,2026-08-30T18:37:25.076459Z,79134.91,79134.92,0.01,79134.915,0.03786284980228483330042757085
BTC-USD,2026-08-30T18:37:25.121124Z,79134.91,79134.92,0.01,79134.915,-0.4671493148744328674809844660
BTC-USD,2026-08-30T18:37:25.170721Z,79134.91,79136.27,1.36,79135.59,-0.01062552040494037576098575151
BTC-USD,2026-08-30T18:37:25.187988Z,79134.91,79136.27,1.36,79135.59,-0.01062552040494037576098575151
BTC-USD,2026-08-30T18:37:25.274873Z,79134.91,79136.27,1.36,79135.59,-0.01062552040494037576098575151
BTC-USD,2026-08-30T18:37:25.314172Z,79134.91,79136.27,1.36,79135.59,-0.01062552040494037576098575151
BTC-USD,2026-08-30T18:37:25.377989Z,79134.91,79136.27,1.36,79135.59,-0.01062552040494037576098575151
BTC-USD,2026-08-30T18:37:25.426242Z,79134.91,79136.27,1.36,79135.59,-0.08517155287749878815535927573
BTC-USD,2026-08-30T18:37:25.467769Z,79134.91,79136.26,1.35,79135.585,-0.03828390461319943106195754245
BTC-USD,2026-08-30T18:37:25.513152Z,79137.25,79139.77,2.52,79138.51,-0.2172898796921523507949179983
BTC-USD,2026-08-30T18:37:25.57636Z,79139.76,79139.77,0.01,79139.765,0.2914896931121159812633603582
BTC-USD,2026-08-30T18:37:25.619114Z,79139.76,79139.77,0.01,79139.765,0.09755502181941838658564961750
BTC-USD,2026-08-30T18:37:25.665812Z,79139.76,79139.77,0.01,79139.765,0.09655238090451466437215650711
BTC-USD,2026-08-30T18:37:25.713156Z,79139.76,79139.77,0.01,79139.765,-0.1018137848107854373541763939
BTC-USD,2026-08-30T18:37:25.770181Z,79139.76,79139.77,0.01,79139.765,0.1391334599394481697082931850
BTC-USD,2026-08-30T18:37:25.825413Z,79139.76,79139.77,0.01,79139.765,0.1391334599394481697082931850
BTC-USD,2026-08-30T18:37:25.878688Z,79139.76,79139.77,0.01,79139.765,0.1391334599394481697082931850
BTC-USD,2026-08-30T18:37:25.914342Z,79139.76,79139.77,0.01,79139.765,0.6193929478327114761938195404
BTC-USD,2026-08-30T18:37:25.957293Z,79139.76,79139.77,0.01,79139.765,0.6193929478327114761938195404
BTC-USD,2026-08-30T18:37:26.019296Z,79139.76,79139.77,0.01,79139.765,0.3924052264581548847068802056
BTC-USD,2026-08-30T18:37:26.065751Z,79139.76,79139.77,0.01,79139.765,0.3924052264581548847068802056
BTC-USD,2026-08-30T18:37:26.148866Z,79139.76,79139.77,0.01,79139.765,0.6193969490821299868001997321
BTC-USD,2026-08-30T18:37:26.215073Z,79139.76,79139.77,0.01,79139.765,0.6193969490821299868001997321
BTC-USD,2026-08-30T18:37:26.273011Z,79139.76,79139.77,0.01,79139.765,0.6321619269335573404648137246
BTC-USD,2026-08-30T18:37:26.319865Z,79139.76,79139.77,0.01,79139.765,0.4830693387112918912904402927
BTC-USD,2026-08-30T18:37:26.346434Z,79139.76,79139.77,0.01,79139.765,0.6198270177077809475893864181
BTC-USD,2026-08-30T18:37:26.399467Z,79139.76,79139.77,0.01,79139.765,0.6198270177077809475893864181
BTC-USD,2026-08-30T18:37:26.473928Z,79139.76,79139.77,0.01,79139.765,0.6198643551721630001629561313
BTC-USD,2026-08-30T18:37:26.530366Z,79139.76,79139.77,0.01,79139.765,0.6198865675890100011981857613
BTC-USD,2026-08-30T18:37:26.575359Z,79139.76,79139.77,0.01,79139.765,0.6198865675890100011981857613
BTC-USD,2026-08-30T18:37:26.598966Z,79139.76,79141.65,1.89,79140.705,0.5766922419108579482060015268
BTC-USD,2026-08-30T18:37:26.642522Z,79147.53,79149.54,2.01,79148.535,0.6220572624013354763438697819
BTC-USD,2026-08-30T18:37:26.665908Z,79149.53,79149.54,0.01,79149.535,0.9482997121732883814364933180
BTC-USD,2026-08-30T18:37:26.752053Z,79149.53,79149.54,0.01,79149.535,0.7239173217815231788874075165
BTC-USD,2026-08-30T18:37:26.853082Z,79149.53,79149.54,0.01,79149.535,0.7444697382608064375733602820
BTC-USD,2026-08-30T18:37:26.930348Z,79149.53,79149.54,0.01,79149.535,0.6737309068762105453266729790
BTC-USD,2026-08-30T18:37:27.010286Z,79149.53,79149.54,0.01,79149.535,0.6737309068762105453266729790
BTC-USD,2026-08-30T18:37:27.071314Z,79149.53,79149.54,0.01,79149.535,0.7885893592781483945232924015
BTC-USD,2026-08-30T18:37:27.131668Z,79149.53,79149.54,0.01,79149.535,0.7885893592781483945232924015
BTC-USD,2026-08-30T18:37:27.175543Z,79149.53,79149.54,0.01,79149.535,0.6824520500182886036819487258
BTC-USD,2026-08-30T18:37:27.231855Z,79149.53,79149.54,0.01,79149.535,0.6893712811534537137556327328
BTC-USD,2026-08-30T18:37:27.250258Z,79149.53,79149.54,0.01,79149.535,0.6893712811534537137556327328
BTC-USD,2026-08-30T18:37:27.318546Z,79149.53,79149.54,0.01,79149.535,0.7721722312557285096369619284
BTC-USD,2026-08-30T18:37:27.378475Z,79149.53,79149.54,0.01,79149.535,0.7721722312557285096369619284
BTC-USD,2026-08-30T18:37:27.411529Z,79149.53,79149.54,0.01,79149.535,0.7721722312557285096369619284
BTC-USD,2026-08-30T18:37:27.453247Z,79149.53,79149.54,0.01,79149.535,0.7721722312557285096369619284
BTC-USD,2026-08-30T18:37:27.472108Z,79149.53,79149.54,0.01,79149.535,0.6446397130278720646697112664
BTC-USD,2026-08-30T18:37:27.628258Z,79149.53,79149.54,0.01,79149.535,0.6536885826466000863192140463
BTC-USD,2026-08-30T18:37:27.667087Z,79149.53,79149.54,0.01,79149.535,0.6545629156962915578847351544
BTC-USD,2026-08-30T18:37:27.716931Z,79149.53,79149.54,0.01,79149.535,0.6545629156962915578847351544
BTC-USD,2026-08-30T18:37:27.771596Z,79149.53,79149.54,0.01,79149.535,0.6545629156962915578847351544
BTC-USD,2026-08-30T18:37:27.822238Z,79149.53,79149.54,0.01,79149.535,0.6545629156962915578847351544
BTC-USD,2026-08-30T18:37:27.862276Z,79149.53,79149.54,0.01,79149.535,0.6545629156962915578847351544
BTC-USD,2026-08-30T18:37:27.917651Z,79149.53,79149.54,0.01,79149.535,0.6545629156962915578847351544
BTC-USD,2026-08-30T18:37:27.970916Z,79149.53,79149.54,0.01,79149.535,0.6546356214589646638255481240
BTC-USD,2026-08-30T18:37:28.015524Z,79149.53,79149.54,0.01,79149.535,0.6546356214589646638255481240
BTC-USD,2026-08-30T18:37:28.125046Z,79149.53,79149.54,0.01,79149.535,0.6546356214589646638255481240
BTC-USD,2026-08-30T18:37:28.161606Z,79149.53,79149.54,0.01,79149.535,0.6546356214589646638255481240
BTC-USD,2026-08-30T18:37:28.278235Z,79149.53,79149.54,0.01,79149.535,0.6546356214589646638255481240
BTC-USD,2026-08-30T18:37:28.328934Z,79149.53,79149.54,0.01,79149.535,0.6546356214589646638255481240
BTC-USD,2026-08-30T18:37:28.366577Z,79149.53,79149.54,0.01,79149.535,0.6546356214589646638255481240
BTC-USD,2026-08-30T18:37:28.475766Z,79149.53,79149.54,0.01,79149.535,0.6546356214589646638255481240
BTC-USD,2026-08-30T18:37:28.564257Z,79149.53,79149.54,0.01,79149.535,0.4286758117935615208400959998
BTC-USD,2026-08-30T18:37:28.591706Z,79149.53,79149.54,0.01,79149.535,0.4286758117935615208400959998
BTC-USD,2026-08-30T18:37:28.663203Z,79155.99,79157.94,1.95,79156.965,0.08942506652520259727804476771
BTC-USD,2026-08-30T18:37:28.723323Z,79157.95,79157.96,0.01,79157.955,-0.4056149122251318754822828984
BTC-USD,2026-08-30T18:37:28.843876Z,79157.95,79157.96,0.01,79157.955,0.2192216291393548007781073016
BTC-USD,2026-08-30T18:37:28.871673Z,79157.95,79157.96,0.01,79157.955,0.2277061112984117901712760054
BTC-USD,2026-08-30T18:37:28.907197Z,79157.95,79157.96,0.01,79157.955,0.2192216291393548007781073016
BTC-USD,2026-08-30T18:37:29.70025Z,79149.53,79152.3,2.77,79150.915,0.01440780654460321572419495090
BTC-USD,2026-08-30T18:37:29.822088Z,79149.53,79152.3,2.77,79150.915,0.01440780654460321572419495090
BTC-USD,2026-08-30T18:37:29.867126Z,79149.53,79152.3,2.77,79150.915,0.01440780654460321572419495090
BTC-USD,2026-08-30T18:37:29.924571Z,79149.53,79151.37,1.84,79150.45,0.1758444958410474317142062903
BTC-USD,2026-08-30T18:37:29.965664Z,79149.53,79151.37,1.84,79150.45,0.1758444958410474317142062903
BTC-USD,2026-08-30T18:37:30.019292Z,79149.53,79151.37,1.84,79150.45,0.1758444958410474317142062903
BTC-USD,2026-08-30T18:37:30.064917Z,79149.53,79151.37,1.84,79150.45,0.1758444958410474317142062903
BTC-USD,2026-08-30T18:37:30.157951Z,79149.53,79151.37,1.84,79150.45,-0.09978668307063681699564538670
BTC-USD,2026-08-30T18:37:30.219957Z,79149.53,79151.37,1.84,79150.45,0.02050427176791459391873340448
BTC-USD,2026-08-30T18:37:30.267036Z,79149.53,79151.37,1.84,79150.45,0.02050427176791459391873340448
BTC-USD,2026-08-30T18:37:30.325098Z,79149.53,79151.37,1.84,79150.45,0.02050427176791459391873340448
BTC-USD,2026-08-30T18:37:30.364774Z,79149.53,79151.37,1.84,79150.45,0.02050427176791459391873340448
BTC-USD,2026-08-30T18:37:30.427933Z,79149.53,79151.37,1.84,79150.45,0.02050427176791459391873340448
BTC-USD,2026-08-30T18:37:30.460644Z,79149.53,79151.37,1.84,79150.45,-0.1697147305171776026116725421
BTC-USD,2026-08-30T18:37:30.517894Z,79149.53,79151.37,1.84,79150.45,-0.1697147305171776026116725421
BTC-USD,2026-08-30T18:37:30.561714Z,79149.53,79151.37,1.84,79150.45,-0.1697147305171776026116725421
BTC-USD,2026-08-30T18:37:30.658004Z,79150.53,79152.3,1.77,79151.415,-0.2309396130673475373676810328
BTC-USD,2026-08-30T18:37:30.703729Z,79150.53,79152.3,1.77,79151.415,-0.3356257542144048376618734973
BTC-USD,2026-08-30T18:37:30.772975Z,79150.53,79152.3,1.77,79151.415,-0.3356258210562401108337302206
BTC-USD,2026-08-30T18:37:30.821598Z,79150.54,79152.3,1.76,79151.42,-0.2240635752031634717772666362
BTC-USD,2026-08-30T18:37:30.880728Z,79150.54,79152.3,1.76,79151.42,-0.2240635752031634717772666362
BTC-USD,2026-08-30T18:37:30.929709Z,79150.54,79152.3,1.76,79151.42,-0.2733988128764552324655046554
BTC-USD,2026-08-30T18:37:30.952286Z,79150.54,79152.3,1.76,79151.42,-0.2733988128764552324655046554
BTC-USD,2026-08-30T18:37:30.996608Z,79152.29,79152.3,0.01,79152.295,-0.2100978345876040802277780655
BTC-USD,2026-08-30T18:37:31.076161Z,79152.92,79152.93,0.01,79152.925,-0.5551894290414997885437091422
BTC-USD,2026-08-30T18:37:31.095028Z,79152.92,79152.93,0.01,79152.925,-0.5551894290414997885437091422
BTC-USD,2026-08-30T18:37:31.1299Z,79152.92,79152.93,0.01,79152.925,-0.5661391182355788799625465838
BTC-USD,2026-08-30T18:37:31.22316Z,79152.92,79152.93,0.01,79152.925,-0.2325091645515830621896598496
BTC-USD,2026-08-30T18:37:31.266931Z,79152.92,79152.93,0.01,79152.925,-0.2325091645515830621896598496
BTC-USD,2026-08-30T18:37:31.312331Z,79152.92,79152.93,0.01,79152.925,-0.2325091645515830621896598496
BTC-USD,2026-08-30T18:37:31.385639Z,79152.92,79152.93,0.01,79152.925,-0.2325091645515830621896598496
BTC-USD,2026-08-30T18:37:31.411457Z,79152.92,79152.93,0.01,79152.925,-0.2325091645515830621896598496
BTC-USD,2026-08-30T18:37:31.476247Z,79152.92,79152.93,0.01,79152.925,-0.2322599887568823827822702475
BTC-USD,2026-08-30T18:37:31.515009Z,79152.92,79152.93,0.01,79152.925,-0.2322599887568823827822702475
BTC-USD,2026-08-30T18:37:31.569936Z,79152.92,79152.93,0.01,79152.925,-0.7409701873992354742398514079
BTC-USD,2026-08-30T18:37:31.584844Z,79152.92,79152.93,0.01,79152.925,-0.6888316121301319119526250628
BTC-USD,2026-08-30T18:37:31.663354Z,79152.92,79152.93,0.01,79152.925,-0.8310731849084956600286560057
BTC-USD,2026-08-30T18:37:31.731623Z,79152.92,79152.93,0.01,79152.925,-0.7761090172152621097854820499
BTC-USD,2026-08-30T18:37:31.827121Z,79152.92,79152.93,0.01,79152.925,-0.3526852556733943364239990502
BTC-USD,2026-08-30T18:37:31.87195Z,79152.92,79152.93,0.01,79152.925,-0.3526852556733943364239990502
BTC-USD,2026-08-30T18:37:31.882515Z,79152.92,79152.93,0.01,79152.925,-0.3526852556733943364239990502
BTC-USD,2026-08-30T18:37:31.968644Z,79152.92,79152.93,0.01,79152.925,-0.3526852556733943364239990502
BTC-USD,2026-08-30T18:37:32.038961Z,79152.92,79152.93,0.01,79152.925,-0.3833017073293163393010764714
BTC-USD,2026-08-30T18:37:32.079697Z,79152.92,79152.93,0.01,79152.925,-0.3836325221119296501471038172
BTC-USD,2026-08-30T18:37:32.192009Z,79152.92,79152.93,0.01,79152.925,-0.3836325221119296501471038172
BTC-USD,2026-08-30T18:37:32.327724Z,79152.92,79152.93,0.01,79152.925,-0.3836325221119296501471038172
BTC-USD,2026-08-30T18:37:32.365593Z,79152.92,79152.93,0.01,79152.925,-0.3836325221119296501471038172
BTC-USD,2026-08-30T18:37:32.416079Z,79152.92,79152.93,0.01,79152.925,-0.3836325221119296501471038172
BTC-USD,2026-08-30T18:37:32.473828Z,79152.92,79152.93,0.01,79152.925,-0.3836325221119296501471038172
BTC-USD,2026-08-30T18:37:32.520722Z,79152.92,79152.93,0.01,79152.925,-0.3836325221119296501471038172
BTC-USD,2026-08-30T18:37:32.572974Z,79152.92,79152.93,0.01,79152.925,-0.3836325221119296501471038172
BTC-USD,2026-08-30T18:37:32.63108Z,79152.92,79152.93,0.01,79152.925,-0.3836325221119296501471038172
BTC-USD,2026-08-30T18:37:32.679963Z,79152.92,79152.93,0.01,79152.925,-0.3835387904287001799608488016
BTC-USD,2026-08-30T18:37:32.726016Z,79152.92,79152.93,0.01,79152.925,-0.3575928264082425644860189034
BTC-USD,2026-08-30T18:37:32.775459Z,79152.92,79152.93,0.01,79152.925,-0.3575928264082425644860189034
BTC-USD,2026-08-30T18:37:32.800929Z,79152.92,79152.93,0.01,79152.925,-0.3575935426231585743899157241
BTC-USD,2026-08-30T18:37:32.876481Z,79152.92,79152.93,0.01,79152.925,-0.3570707733113327990607291602
BTC-USD,2026-08-30T18:37:32.8897Z,79152.92,79152.93,0.01,79152.925,-0.3570707733113327990607291602
BTC-USD,2026-08-30T18:37:32.970082Z,79152.92,79152.93,0.01,79152.925,-0.3570707733113327990607291602
BTC-USD,2026-08-30T18:37:33.068735Z,79152.92,79152.93,0.01,79152.925,-0.3567109021382888261239624686
BTC-USD,2026-08-30T18:37:33.105962Z,79152.92,79152.93,0.01,79152.925,-0.3567109021382888261239624686
BTC-USD,2026-08-30T18:37:33.165621Z,79152.92,79152.93,0.01,79152.925,-0.3567109021382888261239624686
BTC-USD,2026-08-30T18:37:33.227869Z,79152.92,79152.93,0.01,79152.925,-0.3567109021382888261239624686
BTC-USD,2026-08-30T18:37:33.263541Z,79152.92,79152.93,0.01,79152.925,-0.3567109021382888261239624686
BTC-USD,2026-08-30T18:37:33.323041Z,79152.92,79152.93,0.01,79152.925,-0.3567110813215767395097823952
BTC-USD,2026-08-30T18:37:33.380829Z,79152.92,79152.93,0.01,79152.925,-0.3431438075447627996042140946
BTC-USD,2026-08-30T18:37:33.427315Z,79152.92,79152.93,0.01,79152.925,-0.2648328392944863770422295814
BTC-USD,2026-08-30T18:37:33.521648Z,79152.92,79152.93,0.01,79152.925,-0.2648328392944863770422295814
BTC-USD,2026-08-30T18:37:33.5767Z,79152.92,79152.93,0.01,79152.925,-0.2648328392944863770422295814
BTC-USD,2026-08-30T18:37:33.625022Z,79152.92,79152.93,0.01,79152.925,-0.1311114665512846319197361680
BTC-USD,2026-08-30T18:37:33.728691Z,79152.92,79152.93,0.01,79152.925,-0.1311114665512846319197361680
BTC-USD,2026-08-30T18:37:33.770374Z,79152.92,79152.93,0.01,79152.925,-0.6615010518071742561538479906
BTC-USD,2026-08-30T18:37:33.829553Z,79152.92,79152.93,0.01,79152.925,-0.6615023535659003488777586968
BTC-USD,2026-08-30T18:37:33.862743Z,79152.92,79152.93,0.01,79152.925,-0.5083029250605731469515342839
BTC-USD,2026-08-30T18:37:33.905424Z,79152.92,79152.93,0.01,79152.925,-0.5651439792333496358675852725
BTC-USD,2026-08-30T18:37:33.985073Z,79152.92,79152.93,0.01,79152.925,-0.5647622980653316542133398635
BTC-USD,2026-08-30T18:37:34.024411Z,79152.92,79152.93,0.01,79152.925,-0.5647622980653316542133398635
BTC-USD,2026-08-30T18:37:34.079706Z,79152.92,79152.93,0.01,79152.925,-0.5649434364707135327063071712
BTC-USD,2026-08-30T18:37:34.11955Z,79152.92,79152.93,0.01,79152.925,-0.5080465135906785228124164972
BTC-USD,2026-08-30T18:37:34.150439Z,79152.92,79152.93,0.01,79152.925,-0.5080465135906785228124164972
BTC-USD,2026-08-30T18:37:34.188604Z,79152.92,79152.93,0.01,79152.925,-0.5080465135906785228124164972
BTC-USD,2026-08-30T18:37:34.283198Z,79152.92,79152.93,0.01,79152.925,-0.5080465135906785228124164972
BTC-USD,2026-08-30T18:37:34.402692Z,79152.92,79152.93,0.01,79152.925,-0.8599846853007390540710983964
BTC-USD,2026-08-30T18:37:34.466745Z,79152.92,79152.93,0.01,79152.925,-0.8742817657379958454338667725
BTC-USD,2026-08-30T18:37:34.524686Z,79152.92,79152.93,0.01,79152.925,-0.8729313376694054483631916457
BTC-USD,2026-08-30T18:37:34.594859Z,79152.92,79152.93,0.01,79152.925,-0.8729313376694054483631916457
BTC-USD,2026-08-30T18:37:34.737883Z,79152.92,79152.93,0.01,79152.925,-0.8356871173441621632566146331
BTC-USD,2026-08-30T18:37:34.837599Z,79152.92,79152.93,0.01,79152.925,-0.8356871173441621632566146331
BTC-USD,2026-08-30T18:37:34.844763Z,79152.92,79152.93,0.01,79152.925,-0.8356871173441621632566146331
BTC-USD,2026-08-30T18:37:34.923205Z,79152.92,79152.93,0.01,79152.925,-0.8356871173441621632566146331
BTC-USD,2026-08-30T18:37:34.977847Z,79152.92,79152.93,0.01,79152.925,-0.9238959867340844649641518299
BTC-USD,2026-08-30T18:37:35.054346Z,79152.92,79152.93,0.01,79152.925,-0.9238959867340844649641518299
BTC-USD,2026-08-30T18:37:35.070108Z,79152.92,79152.93,0.01,79152.925,-0.9238959867340844649641518299
BTC-USD,2026-08-30T18:37:35.219309Z,79150.94,79150.95,0.01,79150.945,-0.4235655278587373146929030967
BTC-USD,2026-08-30T18:37:35.284068Z,79149.53,79150.95,1.42,79150.24,-0.2437111748836810781963412189
BTC-USD,2026-08-30T18:37:35.334158Z,79149.53,79150.95,1.42,79150.24,-0.2438319038781988514792218390
BTC-USD,2026-08-30T18:37:35.384679Z,79149.53,79150.95,1.42,79150.24,-0.2438319038781988514792218390
BTC-USD,2026-08-30T18:37:35.42855Z,79149.53,79150.95,1.42,79150.24,-0.2173834938077749812996921318
BTC-USD,2026-08-30T18:37:35.464839Z,79149.53,79149.95,0.42,79149.74,-0.08590250518635105801849591688
BTC-USD,2026-08-30T18:37:35.522148Z,79149.53,79150.95,1.42,79150.24,-0.07559477120827853855918337114
BTC-USD,2026-08-30T18:37:35.580369Z,79149.53,79149.54,0.01,79149.535,-0.2735469701693382203550954631
BTC-USD,2026-08-30T18:37:35.625117Z,79149.53,79149.54,0.01,79149.535,-0.2735469701693382203550954631
BTC-USD,2026-08-30T18:37:35.678352Z,79149.53,79149.54,0.01,79149.535,-0.2779040891336835389584163025
BTC-USD,2026-08-30T18:37:35.72175Z,79149.53,79149.54,0.01,79149.535,-0.2822092534674021206388150988
BTC-USD,2026-08-30T18:37:35.770906Z,79149.53,79149.54,0.01,79149.535,-0.2776649703504302184134608409
BTC-USD,2026-08-30T18:37:35.824138Z,79149.53,79149.54,0.01,79149.535,-0.2776649703504302184134608409
BTC-USD,2026-08-30T18:37:35.87365Z,79149.53,79149.54,0.01,79149.535,-0.1540897520125977549258924335
BTC-USD,2026-08-30T18:37:35.910831Z,79149.53,79149.54,0.01,79149.535,0.02227907254451847969658734350
BTC-USD,2026-08-30T18:37:35.967135Z,79149.53,79149.54,0.01,79149.535,-0.1790780202963625465437792557
BTC-USD,2026-08-30T18:37:36.018118Z,79149.53,79149.54,0.01,79149.535,-0.1790780202963625465437792557
BTC-USD,2026-08-30T18:37:36.068846Z,79149.53,79149.54,0.01,79149.535,-0.1473814269402118284040892150
BTC-USD,2026-08-30T18:37:36.123235Z,79149.53,79149.54,0.01,79149.535,-0.09982519884755973569800163691
BTC-USD,2026-08-30T18:37:36.17419Z,79149.53,79149.54,0.01,79149.535,-0.09978469218047172712874559096
BTC-USD,2026-08-30T18:37:36.210139Z,79149.53,79149.54,0.01,79149.535,0.01094025603436787105776844020
BTC-USD,2026-08-30T18:37:36.260829Z,79149.53,79149.54,0.01,79149.535,0.01759032698872995229492018850
BTC-USD,2026-08-30T18:37:36.329082Z,79149.53,79149.54,0.01,79149.535,-0.1128734950704167496803910242
BTC-USD,2026-08-30T18:37:36.378304Z,79149.53,79149.54,0.01,79149.535,-0.1128734950704167496803910242
BTC-USD,2026-08-30T18:37:36.411992Z,79149.53,79149.54,0.01,79149.535,-0.1128734950704167496803910242
BTC-USD,2026-08-30T18:37:36.479436Z,79149.53,79149.54,0.01,79149.535,-0.1128736043464533816807929937
BTC-USD,2026-08-30T18:37:36.528488Z,79149.53,79149.54,0.01,79149.535,0.03005511340302413389433777365
BTC-USD,2026-08-30T18:37:36.564069Z,79149.53,79149.54,0.01,79149.535,0.4893867671623936919311907695
BTC-USD,2026-08-30T18:37:36.579608Z,79149.53,79149.54,0.01,79149.535,0.3672178897895770160177576465
BTC-USD,2026-08-30T18:37:36.625422Z,79149.53,79149.54,0.01,79149.535,-0.09261255739897966854253258187
BTC-USD,2026-08-30T18:37:36.704562Z,79149.53,79149.54,0.01,79149.535,0.4927231142712467006915878260
BTC-USD,2026-08-30T18:37:36.755062Z,79149.53,79149.54,0.01,79149.535,0.4927180557822339401255061926
BTC-USD,2026-08-30T18:37:36.872782Z,79149.53,79149.54,0.01,79149.535,0.2920947708395092125970603778
BTC-USD,2026-08-30T18:37:36.928816Z,79149.53,79149.54,0.01,79149.535,0.3403885085475781668348672640
BTC-USD,2026-08-30T18:37:36.969952Z,79149.53,79149.54,0.01,79149.535,0.6524572719628819156781513302
BTC-USD,2026-08-30T18:37:37.023233Z,79149.53,79149.54,0.01,79149.535,0.6524570713322038951693936520
BTC-USD,2026-08-30T18:37:37.046005Z,79149.53,79149.54,0.01,79149.535,0.6524570713322038951693936520
BTC-USD,2026-08-30T18:37:37.166915Z,79149.53,79149.54,0.01,79149.535,0.4708260222851503201142963980
BTC-USD,2026-08-30T18:37:37.182863Z,79149.53,79149.54,0.01,79149.535,0.6524589478100852171095442816
BTC-USD,2026-08-30T18:37:37.279509Z,79149.53,79149.54,0.01,79149.535,0.6524589478100852171095442816
BTC-USD,2026-08-30T18:37:37.315885Z,79149.53,79149.54,0.01,79149.535,0.6524589478100852171095442816
BTC-USD,2026-08-30T18:37:37.376734Z,79149.53,79149.54,0.01,79149.535,0.6524589478100852171095442816
BTC-USD,2026-08-30T18:37:37.403832Z,79149.53,79149.54,0.01,79149.535,0.6524589478100852171095442816
BTC-USD,2026-08-30T18:37:37.476166Z,79149.53,79149.54,0.01,79149.535,0.6523970015332242803520448419
BTC-USD,2026-08-30T18:37:37.533232Z,79149.53,79149.54,0.01,79149.535,0.6523970015332242803520448419
BTC-USD,2026-08-30T18:37:37.57556Z,79149.53,79149.54,0.01,79149.535,0.6523970015332242803520448419
BTC-USD,2026-08-30T18:37:37.619508Z,79149.53,79149.54,0.01,79149.535,0.6523967654152351372870596333
BTC-USD,2026-08-30T18:37:37.625715Z,79149.53,79149.54,0.01,79149.535,0.6523967654152351372870596333
BTC-USD,2026-08-30T18:37:37.698234Z,79149.53,79149.54,0.01,79149.535,0.6524473227625460464412463099
BTC-USD,2026-08-30T18:37:37.747552Z,79149.53,79149.54,0.01,79149.535,0.6524473227625460464412463099
BTC-USD,2026-08-30T18:37:37.814772Z,79149.53,79149.54,0.01,79149.535,0.7005038551444259890695798847
BTC-USD,2026-08-30T18:37:37.870082Z,79149.53,79149.54,0.01,79149.535,0.8806448461403568788036525543
BTC-USD,2026-08-30T18:37:37.9135Z,79152.92,79152.93,0.01,79152.925,0.8897149477008367133936719617
BTC-USD,2026-08-30T18:37:37.973519Z,79159.31,79159.32,0.01,79159.315,0.5525838475375550039025311944
BTC-USD,2026-08-30T18:37:38.013296Z,79159.31,79159.32,0.01,79159.315,0.3860156215178122008018502170
BTC-USD,2026-08-30T18:37:38.058145Z,79159.31,79159.32,0.01,79159.315,0.4617993851674796890437627721
BTC-USD,2026-08-30T18:37:38.120509Z,79158.34,79159.32,0.98,79158.83,0.2187102894240454906204324752
BTC-USD,2026-08-30T18:37:38.161139Z,79158.34,79159.32,0.98,79158.83,0.2187102894240454906204324752
BTC-USD,2026-08-30T18:37:38.20643Z,79158.34,79159.32,0.98,79158.83,0.4670337229786325898677267174
BTC-USD,2026-08-30T18:37:38.25136Z,79158.34,79159.32,0.98,79158.83,0.4289133729079594061384318602
BTC-USD,2026-08-30T18:37:38.297619Z,79158.34,79159.32,0.98,79158.83,0.2063106536924738809322628765
BTC-USD,2026-08-30T18:37:38.380603Z,79158.34,79159.32,0.98,79158.83,0.2063106536924738809322628765
BTC-USD,2026-08-30T18:37:38.476163Z,79159.31,79159.32,0.01,79159.315,0.4623900139815204738818204254
BTC-USD,2026-08-30T18:37:38.511139Z,79158.34,79159.32,0.98,79158.83,0.2426767875492596429605044339
BTC-USD,2026-08-30T18:37:38.572231Z,79159.31,79159.32,0.01,79159.315,0.2433158807248417278177347990
BTC-USD,2026-08-30T18:37:38.608103Z,79159.31,79159.32,0.01,79159.315,0.3790836458878875517511585404
BTC-USD,2026-08-30T18:37:38.667101Z,79159.31,79159.32,0.01,79159.315,0.3790836458878875517511585404
BTC-USD,2026-08-30T18:37:38.715208Z,79159.31,79159.32,0.01,79159.315,0.4042991816897973412981564918
BTC-USD,2026-08-30T18:37:38.774632Z,79159.31,79159.32,0.01,79159.315,0.4042991816897973412981564918
BTC-USD,2026-08-30T18:37:38.877989Z,79159.31,79159.32,0.01,79159.315,0.3269531940032889924389204757
BTC-USD,2026-08-30T18:37:38.925392Z,79159.31,79159.32,0.01,79159.315,0.4165382418916916666919933508
BTC-USD,2026-08-30T18:37:38.976307Z,79159.31,79159.32,0.01,79159.315,0.5402345715368229359302161058
BTC-USD,2026-08-30T18:37:39.016229Z,79159.31,79159.32,0.01,79159.315,0.5393111797433257974243830185
BTC-USD,2026-08-30T18:37:39.025753Z,79159.31,79159.32,0.01,79159.315,0.5393111797433257974243830185
BTC-USD,2026-08-30T18:37:39.22295Z,79159.31,79159.32,0.01,79159.315,0.5415738810171745077774135986
BTC-USD,2026-08-30T18:37:39.266955Z,79159.31,79159.32,0.01,79159.315,0.5639446006054663115767772836
BTC-USD,2026-08-30T18:37:39.326247Z,79159.31,79159.32,0.01,79159.315,0.5161140563488090821638898876
BTC-USD,2026-08-30T18:37:39.376062Z,79159.31,79159.32,0.01,79159.315,0.5415738810171745077774135986
BTC-USD,2026-08-30T18:37:39.439649Z,79159.31,79159.32,0.01,79159.315,0.4884106323871788653937232924
BTC-USD,2026-08-30T18:37:39.551263Z,79159.31,79159.32,0.01,79159.315,0.4884106323871788653937232924
BTC-USD,2026-08-30T18:37:39.558555Z,79159.31,79159.32,0.01,79159.315,0.4884106323871788653937232924
BTC-USD,2026-08-30T18:37:39.58591Z,79159.31,79159.32,0.01,79159.315,0.4884106323871788653937232924
BTC-USD,2026-08-30T18:37:39.620254Z,79159.31,79159.32,0.01,79159.315,0.4884106323871788653937232924
BTC-USD,2026-08-30T18:37:39.74118Z,79159.31,79159.32,0.01,79159.315,0.4884106323871788653937232924
BTC-USD,2026-08-30T18:37:39.775927Z,79159.31,79159.32,0.01,79159.315,0.4884106323871788653937232924
BTC-USD,2026-08-30T18:37:39.801115Z,79159.31,79159.32,0.01,79159.315,0.4884106323871788653937232924
BTC-USD,2026-08-30T18:37:39.931163Z,79159.31,79159.32,0.01,79159.315,0.4884105386607630255528646361
BTC-USD,2026-08-30T18:37:39.975524Z,79159.31,79159.32,0.01,79159.315,0.4884105386607630255528646361
BTC-USD,2026-08-30T18:37:40.023436Z,79159.31,79159.32,0.01,79159.315,0.4884105386607630255528646361
BTC-USD,2026-08-30T18:37:40.039147Z,79159.31,79159.32,0.01,79159.315,0.5291608261522739657173168974
BTC-USD,2026-08-30T18:37:40.04868Z,79159.31,79159.32,0.01,79159.315,0.5291608261522739657173168974
BTC-USD,2026-08-30T18:37:40.138161Z,79159.31,79159.32,0.01,79159.315,0.4884105386607630255528646361
BTC-USD,2026-08-30T18:37:40.237094Z,79159.31,79159.32,0.01,79159.315,0.4884105386607630255528646361
BTC-USD,2026-08-30T18:37:40.326784Z,79159.31,79159.32,0.01,79159.315,0.4893707411756910024550888034
BTC-USD,2026-08-30T18:37:40.391408Z,79159.31,79159.32,0.01,79159.315,0.4893706011132533710536065851
BTC-USD,2026-08-30T18:37:40.41952Z,79159.31,79159.32,0.01,79159.315,0.4893706011132533710536065851
BTC-USD,2026-08-30T18:37:40.473846Z,79159.31,79159.32,0.01,79159.315,0.4893706011132533710536065851
BTC-USD,2026-08-30T18:37:40.498491Z,79159.31,79159.32,0.01,79159.315,0.4893706011132533710536065851
BTC-USD,2026-08-30T18:37:40.573311Z,79159.31,79159.32,0.01,79159.315,0.4893706011132533710536065851
BTC-USD,2026-08-30T18:37:40.661387Z,79159.31,79159.32,0.01,79159.315,0.4893699825032347277943931446
BTC-USD,2026-08-30T18:37:40.710087Z,79159.31,79159.32,0.01,79159.315,0.4893699825032347277943931446
BTC-USD,2026-08-30T18:37:40.778463Z,79159.31,79159.32,0.01,79159.315,0.4893699825032347277943931446
BTC-USD,2026-08-30T18:37:40.808063Z,79159.31,79159.32,0.01,79159.315,0.4893699825032347277943931446
BTC-USD,2026-08-30T18:37:40.872956Z,79159.31,79159.32,0.01,79159.315,0.4893699825032347277943931446
BTC-USD,2026-08-30T18:37:40.930637Z,79159.31,79159.32,0.01,79159.315,0.4893699825032347277943931446
BTC-USD,2026-08-30T18:37:40.971079Z,79159.31,79159.32,0.01,79159.315,0.4893696907055358735437516413
BTC-USD,2026-08-30T18:37:41.025041Z,79159.31,79159.32,0.01,79159.315,0.4241194363142658970790802957
BTC-USD,2026-08-30T18:37:41.074733Z,79159.31,79159.32,0.01,79159.315,0.1916375653515358174054541522
BTC-USD,2026-08-30T18:37:41.124627Z,79159.31,79159.32,0.01,79159.315,0.2895374963863675177930651968
BTC-USD,2026-08-30T18:37:41.178065Z,79159.31,79159.32,0.01,79159.315,0.2895374963863675177930651968
BTC-USD,2026-08-30T18:37:41.229975Z,79159.31,79159.32,0.01,79159.315,0.2895374963863675177930651968
BTC-USD,2026-08-30T18:37:41.279283Z,79159.31,79159.32,0.01,79159.315,0.2895374963863675177930651968
BTC-USD,2026-08-30T18:37:41.326283Z,79159.31,79159.32,0.01,79159.315,0.2895374963863675177930651968
BTC-USD,2026-08-30T18:37:41.368706Z,79159.31,79159.32,0.01,79159.315,0.2895374963863675177930651968
BTC-USD,2026-08-30T18:37:41.428479Z,79159.31,79159.32,0.01,79159.315,0.01248904601487125044823813239
BTC-USD,2026-08-30T18:37:41.482859Z,79159.31,79159.32,0.01,79159.315,0.3174258992323913589212657879
BTC-USD,2026-08-30T18:37:41.536297Z,79159.31,79159.32,0.01,79159.315,0.2845288802161666898117662854
BTC-USD,2026-08-30T18:37:41.587507Z,79159.31,79159.32,0.01,79159.315,0.2845288802161666898117662854
BTC-USD,2026-08-30T18:37:41.635838Z,79159.31,79159.32,0.01,79159.315,0.4654369012050593762034884252
BTC-USD,2026-08-30T18:37:41.665241Z,79159.31,79159.32,0.01,79159.315,0.4654369012050593762034884252
BTC-USD,2026-08-30T18:37:41.71153Z,79159.31,79159.32,0.01,79159.315,0.4654579810278720457416082104
BTC-USD,2026-08-30T18:37:41.826193Z,79159.31,79159.32,0.01,79159.315,0.4654578275400253782996156406
BTC-USD,2026-08-30T18:37:41.877358Z,79159.31,79159.32,0.01,79159.315,0.4654578275400253782996156406
BTC-USD,2026-08-30T18:37:41.928931Z,79159.31,79159.32,0.01,79159.315,0.4654578275400253782996156406
BTC-USD,2026-08-30T18:37:41.971837Z,79159.31,79159.32,0.01,79159.315,0.4654578275400253782996156406
BTC-USD,2026-08-30T18:37:42.015026Z,79159.31,79159.32,0.01,79159.315,0.4654578275400253782996156406
BTC-USD,2026-08-30T18:37:42.057685Z,79159.31,79159.32,0.01,79159.315,0.5127709687163643937766426717
BTC-USD,2026-08-30T18:37:42.172623Z,79159.31,79159.32,0.01,79159.315,0.5127709687163643937766426717
BTC-USD,2026-08-30T18:37:42.272891Z,79161.9,79163.87,1.97,79162.885,-0.3271971404241650472454405372
BTC-USD,2026-08-30T18:37:42.334144Z,79161.9,79163.87,1.97,79162.885,-0.3271942490483286875815580384
BTC-USD,2026-08-30T18:37:42.39817Z,79163.86,79163.87,0.01,79163.865,0.1357665260893661090446446933
BTC-USD,2026-08-30T18:37:42.414764Z,79163.86,79163.87,0.01,79163.865,-0.01526647939079624095640268771
BTC-USD,2026-08-30T18:37:42.456533Z,79163.86,79163.87,0.01,79163.865,-0.01526647939079624095640268771
BTC-USD,2026-08-30T18:37:42.526102Z,79163.86,79163.87,0.01,79163.865,-0.01526647939079624095640268771
BTC-USD,2026-08-30T18:37:42.580272Z,79163.86,79163.87,0.01,79163.865,0.3073199046837056181290033081
BTC-USD,2026-08-30T18:37:42.66617Z,79163.86,79163.87,0.01,79163.865,0.3073199046837056181290033081
BTC-USD,2026-08-30T18:37:42.697459Z,79163.86,79163.87,0.01,79163.865,0.3073199046837056181290033081
BTC-USD,2026-08-30T18:37:42.766208Z,79163.86,79163.87,0.01,79163.865,0.3073194310989310457423615968
BTC-USD,2026-08-30T18:37:42.830087Z,79163.86,79163.87,0.01,79163.865,0.3073194310989310457423615968
BTC-USD,2026-08-30T18:37:42.876909Z,79163.86,79163.87,0.01,79163.865,0.3073194310989310457423615968
BTC-USD,2026-08-30T18:37:42.924398Z,79163.86,79163.87,0.01,79163.865,0.3073194310989310457423615968
BTC-USD,2026-08-30T18:37:42.980372Z,79163.86,79163.87,0.01,79163.865,0.3073194310989310457423615968
BTC-USD,2026-08-30T18:37:43.013988Z,79163.86,79163.87,0.01,79163.865,-0.2134358577281041795858842102
BTC-USD,2026-08-30T18:37:43.076213Z,79162.5,79163.87,1.37,79163.185,0.6366253833027657337194742920
BTC-USD,2026-08-30T18:37:43.122134Z,79162.5,79163.87,1.37,79163.185,0.6366253833027657337194742920
BTC-USD,2026-08-30T18:37:43.17514Z,79162.5,79163.87,1.37,79163.185,0.6366253833027657337194742920
BTC-USD,2026-08-30T18:37:43.2221Z,79162.5,79163.87,1.37,79163.185,0.3855003020253480735304212999
BTC-USD,2026-08-30T18:37:43.274575Z,79162.5,79163.87,1.37,79163.185,0.3629361467147301232340624025
BTC-USD,2026-08-30T18:37:43.331752Z,79162.5,79163.87,1.37,79163.185,-0.08948362088601026337788671534
BTC-USD,2026-08-30T18:37:43.368655Z,79162.5,79163.87,1.37,79163.185,-0.08948362088601026337788671534
BTC-USD,2026-08-30T18:37:43.434706Z,79162.5,79163.87,1.37,79163.185,-0.08948362088601026337788671534
BTC-USD,2026-08-30T18:37:43.466614Z,79162.5,79163.87,1.37,79163.185,-0.08948362088601026337788671534
BTC-USD,2026-08-30T18:37:43.526871Z,79162.5,79163.87,1.37,79163.185,-0.08948362088601026337788671534
BTC-USD,2026-08-30T18:37:43.587699Z,79162.5,79163.87,1.37,79163.185,-0.06720776719708678009650671877
BTC-USD,2026-08-30T18:37:43.63235Z,79163.86,79163.87,0.01,79163.865,0.2796591539957175778324443993
BTC-USD,2026-08-30T18:37:43.668011Z,79163.86,79163.87,0.01,79163.865,0.2796591539957175778324443993
BTC-USD,2026-08-30T18:37:43.73659Z,79163.86,79163.87,0.01,79163.865,0.2796591539957175778324443993
BTC-USD,2026-08-30T18:37:43.758452Z,79163.86,79163.87,0.01,79163.865,0.2796591539957175778324443993
BTC-USD,2026-08-30T18:37:43.82664Z,79163.2,79163.87,0.67,79163.535,0.3433266842066280595818162245
BTC-USD,2026-08-30T18:37:43.876721Z,79163.86,79163.87,0.01,79163.865,0.2796591539957175778324443993
BTC-USD,2026-08-30T18:37:43.927679Z,79163.86,79163.87,0.01,79163.865,0.3073198831571390044564101382
BTC-USD,2026-08-30T18:37:43.973659Z,79163.86,79163.87,0.01,79163.865,0.3073198831571390044564101382
BTC-USD,2026-08-30T18:37:44.017055Z,79163.86,79163.87,0.01,79163.865,0.3073198831571390044564101382
BTC-USD,2026-08-30T18:37:44.077509Z,79163.86,79163.87,0.01,79163.865,0.3073198831571390044564101382
BTC-USD,2026-08-30T18:37:44.127228Z,79163.86,79163.87,0.01,79163.865,0.3073196678913992792819222430
BTC-USD,2026-08-30T18:37:44.166277Z,79163.86,79163.87,0.01,79163.865,0.3073196678913992792819222430
BTC-USD,2026-08-30T18:37:44.217943Z,79163.86,79163.87,0.01,79163.865,0.3073196678913992792819222430
BTC-USD,2026-08-30T18:37:44.259773Z,79163.86,79163.87,0.01,79163.865,0.3073196678913992792819222430
BTC-USD,2026-08-30T18:37:44.283426Z,79163.86,79163.87,0.01,79163.865,0.3073196678913992792819222430
BTC-USD,2026-08-30T18:37:44.382215Z,79163.86,79163.87,0.01,79163.865,0.3073196678913992792819222430
BTC-USD,2026-08-30T18:37:44.434526Z,79163.86,79163.87,0.01,79163.865,0.3073196678913992792819222430
BTC-USD,2026-08-30T18:37:44.477449Z,79163.86,79163.87,0.01,79163.865,0.3073196678913992792819222430
BTC-USD,2026-08-30T18:37:44.526308Z,79163.86,79163.87,0.01,79163.865,0.3073196678913992792819222430
BTC-USD,2026-08-30T18:37:44.546826Z,79163.86,79163.87,0.01,79163.865,0.3073196678913992792819222430
BTC-USD,2026-08-30T18:37:44.61669Z,79163.86,79163.87,0.01,79163.865,0.3073196678913992792819222430
BTC-USD,2026-08-30T18:37:44.665946Z,79163.86,79163.87,0.01,79163.865,0.3073196678913992792819222430
BTC-USD,2026-08-30T18:37:44.713855Z,79163.86,79163.87,0.01,79163.865,0.3073196678913992792819222430
BTC-USD,2026-08-30T18:37:44.778556Z,79163.86,79163.87,0.01,79163.865,0.3073196678913992792819222430
BTC-USD,2026-08-30T18:37:44.830062Z,79163.86,79163.87,0.01,79163.865,0.3074192543714297515649894266
BTC-USD,2026-08-30T18:37:44.857863Z,79163.86,79163.87,0.01,79163.865,0.3074192543714297515649894266
BTC-USD,2026-08-30T18:37:44.919212Z,79162.84,79163.87,1.03,79163.355,0.3967504423715092309564361011
BTC-USD,2026-08-30T18:37:44.989734Z,79163.86,79163.87,0.01,79163.865,0.1491105874926356175995048825
BTC-USD,2026-08-30T18:37:45.013142Z,79163.86,79163.87,0.01,79163.865,0.1491105874926356175995048825
BTC-USD,2026-08-30T18:37:45.08938Z,79163.86,79163.87,0.01,79163.865,0.1491105874926356175995048825
BTC-USD,2026-08-30T18:37:45.107355Z,79163.86,79163.87,0.01,79163.865,0.1491105874926356175995048825
BTC-USD,2026-08-30T18:37:45.15496Z,79163.86,79163.87,0.01,79163.865,0.1491104146383564770128198684
BTC-USD,2026-08-30T18:37:45.259103Z,79163.86,79163.87,0.01,79163.865,0.1785599918954290701837127598
BTC-USD,2026-08-30T18:37:45.330999Z,79163.86,79163.87,0.01,79163.865,0.1785599918954290701837127598
BTC-USD,2026-08-30T18:37:45.375546Z,79163.86,79163.87,0.01,79163.865,0.1785599918954290701837127598
BTC-USD,2026-08-30T18:37:45.430044Z,79161.76,79163.87,2.11,79162.815,0.1920378298017159540740475380
BTC-USD,2026-08-30T18:37:45.46425Z,79163.27,79163.87,0.60,79163.57,0.1381134942439993206087226608
BTC-USD,2026-08-30T18:37:45.526935Z,79163.27,79163.87,0.60,79163.57,0.1381134942439993206087226608
BTC-USD,2026-08-30T18:37:45.541636Z,79164.69,79168.73,4.04,79166.71,0.7639245339984875573741400745
BTC-USD,2026-08-30T18:37:45.59726Z,79169.09,79169.1,0.01,79169.095,0.8709896209227700160784175138
BTC-USD,2026-08-30T18:37:45.641273Z,79169.09,79169.1,0.01,79169.095,0.6077699982108868524907309301
BTC-USD,2026-08-30T18:37:45.819059Z,79169.09,79169.1,0.01,79169.095,0.6649145898427759301876969619
BTC-USD,2026-08-30T18:37:45.863894Z,79168.83,79169.1,0.27,79168.965,0.7601180657885048936064568499
BTC-USD,2026-08-30T18:37:45.90711Z,79168.83,79169.1,0.27,79168.965,0.7902858054203609682381293821
BTC-USD,2026-08-30T18:37:45.955202Z,79168.83,79169.1,0.27,79168.965,0.7786890389518144000612966791
BTC-USD,2026-08-30T18:37:46.016072Z,79168.83,79169.1,0.27,79168.965,0.7786890389518144000612966791
BTC-USD,2026-08-30T18:37:46.066341Z,79169.03,79169.1,0.07,79169.065,0.8044400080566435596839067177
BTC-USD,2026-08-30T18:37:46.11724Z,79169.03,79169.1,0.07,79169.065,0.2241730159996540804671409460
BTC-USD,2026-08-30T18:37:46.154742Z,79169.04,79169.1,0.06,79169.07,0.03215333879366571918355541805
BTC-USD,2026-08-30T18:37:46.215128Z,79169.04,79169.1,0.06,79169.07,0.1697431282147313680272263684
BTC-USD,2026-08-30T18:37:46.237137Z,79168.81,79169.1,0.29,79168.955,0.4961233777558266499810055649
BTC-USD,2026-08-30T18:37:46.304654Z,79168.81,79169.1,0.29,79168.955,0.4961233777558266499810055649
BTC-USD,2026-08-30T18:37:46.383977Z,79169.83,79169.84,0.01,79169.835,0.3492152217768966037676743541
BTC-USD,2026-08-30T18:37:46.428561Z,79169.83,79169.84,0.01,79169.835,0.1097074165724899924485921710
BTC-USD,2026-08-30T18:37:46.474958Z,79169.83,79169.84,0.01,79169.835,0.4916000821479890169628414691
BTC-USD,2026-08-30T18:37:46.51511Z,79169.83,79169.84,0.01,79169.835,0.4916000821479890169628414691
BTC-USD,2026-08-30T18:37:46.572656Z,79169.83,79169.84,0.01,79169.835,0.5157539668311935213607666101
BTC-USD,2026-08-30T18:37:46.606753Z,79169.83,79169.84,0.01,79169.835,0.5157539591624124312648686293
BTC-USD,2026-08-30T18:37:46.67156Z,79169.83,79169.84,0.01,79169.835,0.5157539591624124312648686293
BTC-USD,2026-08-30T18:37:46.717465Z,79169.83,79169.84,0.01,79169.835,0.2867921058688555271298598587
BTC-USD,2026-08-30T18:37:46.763541Z,79169.83,79169.84,0.01,79169.835,0.2867921058688555271298598587
BTC-USD,2026-08-30T18:37:46.831005Z,79169.83,79169.84,0.01,79169.835,0.2867921058688555271298598587
BTC-USD,2026-08-30T18:37:46.872806Z,79169.83,79169.84,0.01,79169.835,0.2867921058688555271298598587
BTC-USD,2026-08-30T18:37:46.915757Z,79169.83,79169.84,0.01,79169.835,0.4025032577101550274502578830
BTC-USD,2026-08-30T18:37:46.972817Z,79169.83,79169.84,0.01,79169.835,0.04147773167544069972975686196
BTC-USD,2026-08-30T18:37:47.013177Z,79169.83,79169.84,0.01,79169.835,-0.03937305393310345707572852890
BTC-USD,2026-08-30T18:37:47.031234Z,79169.83,79169.84,0.01,79169.835,-0.03937305393310345707572852890
BTC-USD,2026-08-30T18:37:47.119142Z,79169.83,79169.84,0.01,79169.835,0.1387885136603749476577403004
BTC-USD,2026-08-30T18:37:47.1559Z,79169.83,79169.84,0.01,79169.835,-0.02579909689420050773413761965
BTC-USD,2026-08-30T18:37:47.18221Z,79169.83,79169.84,0.01,79169.835,-0.2168490211893827854472029606
BTC-USD,2026-08-30T18:37:47.256524Z,79169.83,79169.84,0.01,79169.835,-0.05847867505710848535040047686
BTC-USD,2026-08-30T18:37:47.326589Z,79169.83,79169.84,0.01,79169.835,-0.1168507916186830055652754262
BTC-USD,2026-08-30T18:37:47.373018Z,79169.83,79169.84,0.01,79169.835,0.04536605518400364063059515258
BTC-USD,2026-08-30T18:37:47.432485Z,79169.83,79169.84,0.01,79169.835,0.04536605518400364063059515258
BTC-USD,2026-08-30T18:37:47.462843Z,79169.83,79169.84,0.01,79169.835,0.04536605518400364063059515258
BTC-USD,2026-08-30T18:37:47.529113Z,79169.83,79169.84,0.01,79169.835,0.04536497130304083176680108840
BTC-USD,2026-08-30T18:37:47.57221Z,79169.83,79169.84,0.01,79169.835,0.04536497130304083176680108840
BTC-USD,2026-08-30T18:37:47.589055Z,79169.83,79169.84,0.01,79169.835,0.04536497130304083176680108840
BTC-USD,2026-08-30T18:37:47.616314Z,79169.83,79169.84,0.01,79169.835,0.04536497130304083176680108840
BTC-USD,2026-08-30T18:37:47.690932Z,79169.83,79169.84,0.01,79169.835,0.03042471913670064328392749111
BTC-USD,2026-08-30T18:37:47.73166Z,79169.83,79169.84,0.01,79169.835,0.07889169921727324026373047247
BTC-USD,2026-08-30T18:37:47.742482Z,79169.83,79169.84,0.01,79169.835,0.07889169921727324026373047247
BTC-USD,2026-08-30T18:37:47.839056Z,79169.83,79169.84,0.01,79169.835,0.1403281414349866746407724090
BTC-USD,2026-08-30T18:37:47.93179Z,79169.83,79169.84,0.01,79169.835,0.03042471913670064328392749111
BTC-USD,2026-08-30T18:37:47.970632Z,79169.83,79169.84,0.01,79169.835,0.03022021058840503923892958161
BTC-USD,2026-08-30T18:37:48.03682Z,79169.83,79169.84,0.01,79169.835,0.03022021058840503923892958161
BTC-USD,2026-08-30T18:37:48.053648Z,79169.83,79169.84,0.01,79169.835,0.03022021058840503923892958161
BTC-USD,2026-08-30T18:37:48.062683Z,79169.83,79169.84,0.01,79169.835,0.03022021058840503923892958161
BTC-USD,2026-08-30T18:37:48.105073Z,79169.83,79169.84,0.01,79169.835,0.03022021058840503923892958161
BTC-USD,2026-08-30T18:37:48.21811Z,79169.83,79169.84,0.01,79169.835,0.03022021058840503923892958161
BTC-USD,2026-08-30T18:37:48.278159Z,79169.83,79169.84,0.01,79169.835,0.03022021058840503923892958161
BTC-USD,2026-08-30T18:37:48.323743Z,79169.83,79169.84,0.01,79169.835,0.03022021058840503923892958161
BTC-USD,2026-08-30T18:37:48.369929Z,79169.83,79169.84,0.01,79169.835,0.03022021058840503923892958161
BTC-USD,2026-08-30T18:37:48.430248Z,79169.83,79169.84,0.01,79169.835,0.03022021058840503923892958161
BTC-USD,2026-08-30T18:37:48.47365Z,79169.83,79169.84,0.01,79169.835,0.06858604943573881810448581952
BTC-USD,2026-08-30T18:37:48.486126Z,79169.83,79169.84,0.01,79169.835,0.03022021058840503923892958161
BTC-USD,2026-08-30T18:37:48.563949Z,79169.83,79169.84,0.01,79169.835,0.03022021058840503923892958161
BTC-USD,2026-08-30T18:37:48.633876Z,79169.83,79169.84,0.01,79169.835,0.03022021058840503923892958161
BTC-USD,2026-08-30T18:37:48.677604Z,79169.83,79169.84,0.01,79169.835,0.03022021058840503923892958161
BTC-USD,2026-08-30T18:37:48.732879Z,79169.83,79169.84,0.01,79169.835,-0.07024928706253266751103264746
BTC-USD,2026-08-30T18:37:48.771135Z,79169.83,79169.84,0.01,79169.835,-0.6183040857385647446407399250
BTC-USD,2026-08-30T18:37:48.822876Z,79169.83,79169.84,0.01,79169.835,-0.6186160396627539711385380886
BTC-USD,2026-08-30T18:37:48.872055Z,79169.83,79169.84,0.01,79169.835,0.06474849350106996017147092695
BTC-USD,2026-08-30T18:37:48.911297Z,79169.83,79169.84,0.01,79169.835,0.1061910018311087143040202998
BTC-USD,2026-08-30T18:37:48.979558Z,79169.83,79169.84,0.01,79169.835,-0.3002294119470315463401492805
BTC-USD,2026-08-30T18:37:49.017171Z,79169.83,79169.84,0.01,79169.835,-0.3002294119470315463401492805
BTC-USD,2026-08-30T18:37:49.064623Z,79169.83,79169.84,0.01,79169.835,-0.3001375881050357123087154501
BTC-USD,2026-08-30T18:37:49.120377Z,79169.83,79169.84,0.01,79169.835,-0.2230397843959258991541340432
BTC-USD,2026-08-30T18:37:49.158854Z,79169.83,79169.84,0.01,79169.835,-0.2229585390526050694243770067
BTC-USD,2026-08-30T18:37:49.221524Z,79169.83,79169.84,0.01,79169.835,-0.05371286581781451892896826638
BTC-USD,2026-08-30T18:37:49.27293Z,79169.83,79169.84,0.01,79169.835,0.01118482466587161414071197919
BTC-USD,2026-08-30T18:37:49.310975Z,79169.83,79169.84,0.01,79169.835,0.03512024180445204207708163145
BTC-USD,2026-08-30T18:37:49.352306Z,79169.83,79169.84,0.01,79169.835,0.03512024180445204207708163145
BTC-USD,2026-08-30T18:37:49.429432Z,79169.83,79169.84,0.01,79169.835,0.1934717349951897066118417928
BTC-USD,2026-08-30T18:37:49.473244Z,79169.83,79169.84,0.01,79169.835,0.1934717349951897066118417928
BTC-USD,2026-08-30T18:37:49.530413Z,79169.83,79169.84,0.01,79169.835,0.1934717349951897066118417928
BTC-USD,2026-08-30T18:37:49.564931Z,79169.83,79169.84,0.01,79169.835,0.1934717349951897066118417928
BTC-USD,2026-08-30T18:37:49.605222Z,79169.83,79169.84,0.01,79169.835,0.2300467801828473602021756360
BTC-USD,2026-08-30T18:37:49.714789Z,79169.83,79169.84,0.01,79169.835,0.2300467801828473602021756360
BTC-USD,2026-08-30T18:37:49.769388Z,79169.83,79169.84,0.01,79169.835,0.1642197518219741060292606311
BTC-USD,2026-08-30T18:37:49.831277Z,79169.83,79169.84,0.01,79169.835,0.1603135582194023760231651901
BTC-USD,2026-08-30T18:37:49.869239Z,79169.83,79169.84,0.01,79169.835,0.09556018244400147437338401173
BTC-USD,2026-08-30T18:37:49.933601Z,79169.83,79169.84,0.01,79169.835,0.09556018244400147437338401173
BTC-USD,2026-08-30T18:37:49.964645Z,79169.83,79169.84,0.01,79169.835,0.08120762161870961046597627745
BTC-USD,2026-08-30T18:37:50.0183Z,79169.83,79169.84,0.01,79169.835,0.08120762161870961046597627745
BTC-USD,2026-08-30T18:37:50.061045Z,79169.83,79169.84,0.01,79169.835,-0.08033334705320563155246401100
BTC-USD,2026-08-30T18:37:50.092467Z,79169.83,79169.84,0.01,79169.835,-0.08033345471933423864567506064
BTC-USD,2026-08-30T18:37:50.144995Z,79169.83,79169.84,0.01,79169.835,-0.08033345471933423864567506064
BTC-USD,2026-08-30T18:37:50.226264Z,79169.83,79169.84,0.01,79169.835,-0.08033345471933423864567506064
BTC-USD,2026-08-30T18:37:50.278548Z,79169.83,79169.84,0.01,79169.835,-0.08033345471933423864567506064
BTC-USD,2026-08-30T18:37:50.356762Z,79169.83,79169.84,0.01,79169.835,-0.08298446128983420802854172035
BTC-USD,2026-08-30T18:37:50.377609Z,79169.83,79169.84,0.01,79169.835,-0.08298446128983420802854172035
BTC-USD,2026-08-30T18:37:50.464426Z,79169.83,79169.84,0.01,79169.835,-0.08298446128983420802854172035
BTC-USD,2026-08-30T18:37:50.516992Z,79169.83,79169.84,0.01,79169.835,-0.2006754036378249392744238007
BTC-USD,2026-08-30T18:37:50.561185Z,79169.83,79169.84,0.01,79169.835,-0.2006754036378249392744238007
BTC-USD,2026-08-30T18:37:50.581144Z,79169.83,79169.84,0.01,79169.835,-0.2006754036378249392744238007
BTC-USD,2026-08-30T18:37:50.609306Z,79169.83,79169.84,0.01,79169.835,-0.2006754036378249392744238007
BTC-USD,2026-08-30T18:37:50.656497Z,79169.83,79169.84,0.01,79169.835,-0.2809851800882649845154988146
BTC-USD,2026-08-30T18:37:50.789571Z,79169.83,79169.84,0.01,79169.835,-0.2811490110411303603787786242
BTC-USD,2026-08-30T18:37:50.817412Z,79169.83,79169.84,0.01,79169.835,-0.2811495761365247371299817048
BTC-USD,2026-08-30T18:37:50.86852Z,79169.83,79169.84,0.01,79169.835,-0.2811495761365247371299817048
BTC-USD,2026-08-30T18:37:50.932661Z,79169.83,79169.84,0.01,79169.835,-0.2811495761365247371299817048
BTC-USD,2026-08-30T18:37:50.986602Z,79169.83,79169.84,0.01,79169.835,-0.08862289057795033727753694976
BTC-USD,2026-08-30T18:37:51.064076Z,79169.83,79169.84,0.01,79169.835,-0.08862289057795033727753694976
BTC-USD,2026-08-30T18:37:51.119609Z,79169.83,79169.84,0.01,79169.835,-0.08862289057795033727753694976
BTC-USD,2026-08-30T18:37:51.18241Z,79169.83,79169.84,0.01,79169.835,-0.08913036512324741863897761400
BTC-USD,2026-08-30T18:37:51.228287Z,79169.83,79169.84,0.01,79169.835,-0.08854457568376557372075476661
BTC-USD,2026-08-30T18:37:51.27241Z,79169.83,79169.84,0.01,79169.835,-0.08854457568376557372075476661
BTC-USD,2026-08-30T18:37:51.323372Z,79169.83,79169.84,0.01,79169.835,-0.08854457568376557372075476661
BTC-USD,2026-08-30T18:37:51.370549Z,79169.83,79169.84,0.01,79169.835,-0.08854457568376557372075476661
BTC-USD,2026-08-30T18:37:51.399044Z,79169.83,79169.84,0.01,79169.835,-0.1670920140287494560275263498
BTC-USD,2026-08-30T18:37:51.458725Z,79169.83,79169.84,0.01,79169.835,-0.4369281744143433386065343077
BTC-USD,2026-08-30T18:37:51.522583Z,79169.83,79169.84,0.01,79169.835,-0.4369109104857933528783187659
BTC-USD,2026-08-30T18:37:51.554346Z,79169.83,79169.84,0.01,79169.835,-0.4369109104857933528783187659
BTC-USD,2026-08-30T18:37:51.620705Z,79166.27,79166.28,0.01,79166.275,0.05049869775354621187289525454
BTC-USD,2026-08-30T18:37:51.661713Z,79166.27,79166.28,0.01,79166.275,0.03334667455405758050457364086
BTC-USD,2026-08-30T18:37:51.723531Z,79166.27,79166.28,0.01,79166.275,-0.2990742583949044250109255867
BTC-USD,2026-08-30T18:37:51.772917Z,79166.19,79166.2,0.01,79166.195,-0.2765294857691425942138870395
BTC-USD,2026-08-30T18:37:51.828353Z,79166.19,79166.88,0.69,79166.535,-0.006959583088092181809600815663
BTC-USD,2026-08-30T18:37:51.887792Z,79166.19,79166.88,0.69,79166.535,-0.006959583088092181809600815663
BTC-USD,2026-08-30T18:37:51.93136Z,79166.86,79166.88,0.02,79166.87,0.2825368973412255022749263286
BTC-USD,2026-08-30T18:37:51.988758Z,79166.87,79166.88,0.01,79166.875,0.2892796824223583865777898845
BTC-USD,2026-08-30T18:37:52.027285Z,79166.87,79166.88,0.01,79166.875,0.2659662863482437487073416511
BTC-USD,2026-08-30T18:37:52.08323Z,79166.87,79166.88,0.01,79166.875,0.2659662863482437487073416511
BTC-USD,2026-08-30T18:37:52.131096Z,79166.87,79166.88,0.01,79166.875,0.1208609530410381136118231015
BTC-USD,2026-08-30T18:37:52.17132Z,79167.87,79169.84,1.97,79168.855,0.2537145863237714466079977154
BTC-USD,2026-08-30T18:37:52.223654Z,79167.87,79169.84,1.97,79168.855,-0.3890292202049045326945926879
BTC-USD,2026-08-30T18:37:52.268763Z,79169.83,79169.84,0.01,79169.835,-0.01145466476638212203046399685
BTC-USD,2026-08-30T18:37:52.342437Z,79169.83,79169.84,0.01,79169.835,-0.04989015088954609563348300695
BTC-USD,2026-08-30T18:37:52.375772Z,79169.83,79169.84,0.01,79169.835,-0.04989015088954609563348300695
BTC-USD,2026-08-30T18:37:52.423484Z,79169.83,79169.84,0.01,79169.835,0.1231994273441447403760007331
BTC-USD,2026-08-30T18:37:52.468944Z,79169.83,79169.84,0.01,79169.835,0.1231994273441447403760007331
BTC-USD,2026-08-30T18:37:52.53739Z,79169.83,79169.84,0.01,79169.835,0.1764423467950634251037495635
BTC-USD,2026-08-30T18:37:52.576651Z,79169.83,79169.84,0.01,79169.835,-0.1645026578195776334849731640
BTC-USD,2026-08-30T18:37:52.589424Z,79169.83,79169.84,0.01,79169.835,-0.1645026578195776334849731640
BTC-USD,2026-08-30T18:37:52.675364Z,79169.83,79169.84,0.01,79169.835,-0.1190827741690543165518206514
BTC-USD,2026-08-30T18:37:52.680899Z,79169.83,79169.84,0.01,79169.835,-0.1190827741690543165518206514
BTC-USD,2026-08-30T18:37:52.742707Z,79169.83,79169.84,0.01,79169.835,0.01918571543308519180282920970
BTC-USD,2026-08-30T18:37:52.810208Z,79169.83,79169.84,0.01,79169.835,-0.1103982129592908637307078143
BTC-USD,2026-08-30T18:37:52.87164Z,79169.83,79169.84,0.01,79169.835,-0.1103982129592908637307078143
BTC-USD,2026-08-30T18:37:52.925392Z,79169.83,79169.84,0.01,79169.835,-0.1094506892212236198241775682
BTC-USD,2026-08-30T18:37:52.969629Z,79169.83,79169.84,0.01,79169.835,-0.1094506892212236198241775682
BTC-USD,2026-08-30T18:37:53.015751Z,79169.83,79169.84,0.01,79169.835,-0.1094506892212236198241775682
BTC-USD,2026-08-30T18:37:53.061531Z,79169.83,79169.84,0.01,79169.835,-0.1094506892212236198241775682
BTC-USD,2026-08-30T18:37:53.074587Z,79169.83,79169.84,0.01,79169.835,-0.1094506892212236198241775682
BTC-USD,2026-08-30T18:37:53.14501Z,79169.83,79169.84,0.01,79169.835,-0.1094506892212236198241775682
BTC-USD,2026-08-30T18:37:53.155984Z,79169.83,79169.84,0.01,79169.835,-0.1094506892212236198241775682
BTC-USD,2026-08-30T18:37:53.198876Z,79169.83,79169.84,0.01,79169.835,-0.1094506892212236198241775682
BTC-USD,2026-08-30T18:37:53.327074Z,79169.83,79169.84,0.01,79169.835,0.03179030781789975141647677376
BTC-USD,2026-08-30T18:37:53.386422Z,79169.83,79169.84,0.01,79169.835,0.03261052427155412141235329898
BTC-USD,2026-08-30T18:37:53.407475Z,79169.83,79169.84,0.01,79169.835,0.03261041059506774521712985645
BTC-USD,2026-08-30T18:37:53.45636Z,79169.83,79169.84,0.01,79169.835,-0.09620250889117201020990944437
BTC-USD,2026-08-30T18:37:53.529414Z,79169.83,79169.84,0.01,79169.835,-0.1345978363907858441673521489
BTC-USD,2026-08-30T18:37:53.583423Z,79169.83,79169.84,0.01,79169.835,-0.1345978363907858441673521489
BTC-USD,2026-08-30T18:37:53.656767Z,79169.83,79169.84,0.01,79169.835,-0.1345978363907858441673521489
BTC-USD,2026-08-30T18:37:53.678824Z,79168.24,79169.13,0.89,79168.685,-0.04546468569163811244914588753
BTC-USD,2026-08-30T18:37:53.777903Z,79168.24,79169.13,0.89,79168.685,-0.04546468569163811244914588753
BTC-USD,2026-08-30T18:37:53.82492Z,79168.24,79169.13,0.89,79168.685,-0.04546468569163811244914588753
BTC-USD,2026-08-30T18:37:53.873692Z,79168.24,79169.13,0.89,79168.685,-0.04546468569163811244914588753
BTC-USD,2026-08-30T18:37:53.931163Z,79168.24,79168.25,0.01,79168.245,0.1463006027102468538992935893
BTC-USD,2026-08-30T18:37:53.963978Z,79162.45,79167.24,4.79,79164.845,0.2693192977311710819178055185
BTC-USD,2026-08-30T18:37:54.019549Z,79162.45,79167.24,4.79,79164.845,0.008002052936613522199766568682
BTC-USD,2026-08-30T18:37:54.073517Z,79162.45,79167.24,4.79,79164.845,-0.01746848500347082018007700201
BTC-USD,2026-08-30T18:37:54.125128Z,79162.45,79167.24,4.79,79164.845,-0.02347569519255156135483824076
BTC-USD,2026-08-30T18:37:54.164473Z,79162.45,79167.24,4.79,79164.845,-0.02347569519255156135483824076
BTC-USD,2026-08-30T18:37:54.208311Z,79162.45,79167.24,4.79,79164.845,-0.02347569519255156135483824076
BTC-USD,2026-08-30T18:37:54.269148Z,79162.45,79167.24,4.79,79164.845,-0.03207787550901427713093352080
BTC-USD,2026-08-30T18:37:54.321136Z,79164.46,79168.81,4.35,79166.635,-0.02461151339044851908709013877
BTC-USD,2026-08-30T18:37:54.366751Z,79164.48,79168.81,4.33,79166.645,0.05783850603319253040879958480
BTC-USD,2026-08-30T18:37:54.415072Z,79165.54,79168.81,3.27,79167.175,-0.03655410090289453771547196997
BTC-USD,2026-08-30T18:37:54.463387Z,79168.58,79169.84,1.26,79169.21,0.5668233875650510945602604916
BTC-USD,2026-08-30T18:37:54.52396Z,79169.83,79169.84,0.01,79169.835,0.3507891267783108612328921640
BTC-USD,2026-08-30T18:37:54.566329Z,79169.83,79169.84,0.01,79169.835,-0.006287852672926032383668977740
BTC-USD,2026-08-30T18:37:54.615625Z,79169.83,79169.84,0.01,79169.835,-0.1421684961937695630007376838
BTC-USD,2026-08-30T18:37:54.636401Z,79168.58,79169.84,1.26,79169.21,0.2770475257587251271733526145
BTC-USD,2026-08-30T18:37:54.674828Z,79168.58,79169.84,1.26,79169.21,0.2770475257587251271733526145
BTC-USD,2026-08-30T18:37:54.777462Z,79168.58,79169.84,1.26,79169.21,0.2770475257587251271733526145
BTC-USD,2026-08-30T18:37:54.810174Z,79168.58,79169.84,1.26,79169.21,-0.1569709656937832732200446173
BTC-USD,2026-08-30T18:37:54.879088Z,79168.58,79169.84,1.26,79169.21,0.2648694838236721795601179334
BTC-USD,2026-08-30T18:37:54.919643Z,79168.58,79169.84,1.26,79169.21,-0.05803991341230689820744896237
BTC-USD,2026-08-30T18:37:54.981849Z,79169.83,79169.84,0.01,79169.835,-0.03419513985701734051559735234
BTC-USD,2026-08-30T18:37:55.030967Z,79169.83,79169.84,0.01,79169.835,-0.03419546592181959013285185319
BTC-USD,2026-08-30T18:37:55.051803Z,79169.83,79169.84,0.01,79169.835,-0.03419546592181959013285185319
BTC-USD,2026-08-30T18:37:55.073738Z,79169.83,79169.84,0.01,79169.835,-0.03419546592181959013285185319
BTC-USD,2026-08-30T18:37:55.094426Z,79169.83,79169.84,0.01,79169.835,-0.03419546592181959013285185319
BTC-USD,2026-08-30T18:37:55.129669Z,79169.83,79169.84,0.01,79169.835,-0.03419546592181959013285185319
BTC-USD,2026-08-30T18:37:55.28768Z,79169.83,79169.84,0.01,79169.835,0.01391089062869460679120455654
BTC-USD,2026-08-30T18:37:55.486379Z,79169.83,79169.84,0.01,79169.835,0.01391089062869460679120455654
BTC-USD,2026-08-30T18:37:55.52665Z,79169.83,79169.84,0.01,79169.835,-0.07307295190773333827467875295
BTC-USD,2026-08-30T18:37:55.57054Z,79155.63,79165.88,10.25,79160.755,-0.5296677628387958641420779171
BTC-USD,2026-08-30T18:37:55.601649Z,79150,79157.8,7.8,79153.9,-0.6789346585911363291426639610
BTC-USD,2026-08-30T18:37:55.61617Z,79150,79157.8,7.8,79153.9,-0.6214214963835759140411149928
BTC-USD,2026-08-30T18:37:55.738347Z,79151,79157.45,6.45,79154.225,-0.5962698421243775419220713915
BTC-USD,2026-08-30T18:37:55.932657Z,79158.55,79160.8,2.25,79159.675,-0.2718916164960277591043926820
BTC-USD,2026-08-30T18:37:55.976995Z,79155.07,79160.8,5.73,79157.935,-0.3322800750367349704214676203
BTC-USD,2026-08-30T18:37:56.019944Z,79155.07,79160.8,5.73,79157.935,-0.3322800750367349704214676203
BTC-USD,2026-08-30T18:37:56.039682Z,79155.07,79159.79,4.72,79157.43,0.1594210918893506646231527326
BTC-USD,2026-08-30T18:37:56.152486Z,79156.07,79159.79,3.72,79157.93,-0.5449363161807275658411593522
BTC-USD,2026-08-30T18:37:56.189492Z,79156.07,79159.79,3.72,79157.93,-0.5449363161807275658411593522
BTC-USD,2026-08-30T18:37:56.330783Z,79156.07,79159.79,3.72,79157.93,-0.5390613469769272396320165297
BTC-USD,2026-08-30T18:37:56.411373Z,79156.07,79159.77,3.70,79157.92,-0.4783303479826074510662460396
BTC-USD,2026-08-30T18:37:56.467409Z,79156.07,79159.59,3.52,79157.83,-0.2209632067276028057284941408
BTC-USD,2026-08-30T18:37:56.52516Z,79156.07,79159.57,3.50,79157.82,-0.3886820218324430032108619684
BTC-USD,2026-08-30T18:37:56.566719Z,79156.07,79159.57,3.50,79157.82,-0.3888528551414485384149881347
BTC-USD,2026-08-30T18:37:56.575227Z,79156.07,79159.57,3.50,79157.82,-0.09507768168048184398064169917
BTC-USD,2026-08-30T18:37:56.753045Z,79156.07,79159.56,3.49,79157.815,-0.2573125498258801398323448052
BTC-USD,2026-08-30T18:37:56.823643Z,79156.07,79159.18,3.11,79157.625,-0.2097331345676791310033708623
BTC-USD,2026-08-30T18:37:56.858029Z,79156.07,79159.18,3.11,79157.625,-0.2097331345676791310033708623
BTC-USD,2026-08-30T18:37:56.910992Z,79156.07,79159.18,3.11,79157.625,-0.2097331345676791310033708623
BTC-USD,2026-08-30T18:37:56.963469Z,79156.07,79159.18,3.11,79157.625,-0.2097331345676791310033708623
BTC-USD,2026-08-30T18:37:57.016473Z,79156.07,79159.18,3.11,79157.625,-0.2097331345676791310033708623
BTC-USD,2026-08-30T18:37:57.075026Z,79156.07,79159.18,3.11,79157.625,-0.2097331345676791310033708623
BTC-USD,2026-08-30T18:37:57.087857Z,79156.07,79159.18,3.11,79157.625,-0.2097331345676791310033708623
BTC-USD,2026-08-30T18:37:57.170268Z,79156.07,79159.17,3.10,79157.62,-0.1509474614317509592437077225
BTC-USD,2026-08-30T18:37:57.204111Z,79156.07,79159.17,3.10,79157.62,-0.2057980288481488497587338094
BTC-USD,2026-08-30T18:37:57.258259Z,79156.07,79159.17,3.10,79157.62,-0.1745956502602821638973172484
BTC-USD,2026-08-30T18:37:57.330491Z,79156.07,79159.17,3.10,79157.62,-0.1745956502602821638973172484
BTC-USD,2026-08-30T18:37:57.385204Z,79156.07,79159.17,3.10,79157.62,-0.1745956502602821638973172484
BTC-USD,2026-08-30T18:37:57.429784Z,79156.07,79159.15,3.08,79157.61,0.2751692794427425841229897170
BTC-USD,2026-08-30T18:37:57.469324Z,79156.07,79159.15,3.08,79157.61,0.1621804846318866278279002389
BTC-USD,2026-08-30T18:37:57.519755Z,79156.07,79159.15,3.08,79157.61,0.1305001469785411329945827909
BTC-USD,2026-08-30T18:37:57.566452Z,79156.07,79159.14,3.07,79157.605,-0.2085338597009653292233394945
BTC-USD,2026-08-30T18:37:57.622775Z,79156.07,79159.14,3.07,79157.605,-0.2085338597009653292233394945
BTC-USD,2026-08-30T18:37:57.660535Z,79156.07,79159.14,3.07,79157.605,-0.2085338597009653292233394945
BTC-USD,2026-08-30T18:37:57.719996Z,79156.07,79159.14,3.07,79157.605,-0.2124413487904392522626079414
BTC-USD,2026-08-30T18:37:57.778646Z,79156.07,79159.14,3.07,79157.605,-0.2124413487904392522626079414
BTC-USD,2026-08-30T18:37:57.829816Z,79156.07,79159.14,3.07,79157.605,-0.2124413487904392522626079414
BTC-USD,2026-08-30T18:37:57.884872Z,79156.07,79159.14,3.07,79157.605,-0.2124413487904392522626079414
BTC-USD,2026-08-30T18:37:57.915845Z,79156.07,79159.14,3.07,79157.605,-0.2124413487904392522626079414
BTC-USD,2026-08-30T18:37:57.973075Z,79156.07,79159.14,3.07,79157.605,-0.3197988688786062958413795955
BTC-USD,2026-08-30T18:37:58.02507Z,79156.07,79159.14,3.07,79157.605,-0.3197988688786062958413795955
BTC-USD,2026-08-30T18:37:58.070447Z,79156.07,79159.14,3.07,79157.605,-0.3197988688786062958413795955
BTC-USD,2026-08-30T18:37:58.078955Z,79156.07,79159.14,3.07,79157.605,-0.3197988688786062958413795955
BTC-USD,2026-08-30T18:37:58.178514Z,79156.07,79159.13,3.06,79157.60,-0.3234352821308971612408387661
BTC-USD,2026-08-30T18:37:58.227259Z,79156.07,79159.12,3.05,79157.595,-0.3889389905031576337343664361
BTC-USD,2026-08-30T18:37:58.243801Z,79156.07,79158.32,2.25,79157.195,-0.07092641818686117401956372916
BTC-USD,2026-08-30T18:37:58.257682Z,79156.07,79158.32,2.25,79157.195,0.2114268638812477499097097223
BTC-USD,2026-08-30T18:37:58.377196Z,79156.07,79158.32,2.25,79157.195,-0.2483646530653111597047289151
BTC-USD,2026-08-30T18:37:58.412373Z,79156.07,79158.32,2.25,79157.195,-0.2297437385504262437232397731
BTC-USD,2026-08-30T18:37:58.466321Z,79156.07,79158.32,2.25,79157.195,-0.07734763637473494260205931610
BTC-USD,2026-08-30T18:37:58.526948Z,79156.07,79158.32,2.25,79157.195,-0.3235942908079068922292990333
BTC-USD,2026-08-30T18:37:58.580234Z,79156.07,79158.32,2.25,79157.195,-0.3235942908079068922292990333
BTC-USD,2026-08-30T18:37:58.591389Z,79156.07,79158.19,2.12,79157.13,-0.07734327266228611250316957366
BTC-USD,2026-08-30T18:37:58.657306Z,79156.07,79158.19,2.12,79157.13,0.02466344248736295882813788887
BTC-USD,2026-08-30T18:37:58.705703Z,79156.07,79158.18,2.11,79157.125,0.04734985115900939309364453283
BTC-USD,2026-08-30T18:37:58.74731Z,79156.07,79158.18,2.11,79157.125,-0.2358691797297196298634904034
BTC-USD,2026-08-30T18:37:58.826661Z,79156.07,79158.17,2.10,79157.12,-0.09138157829101897222894649299
BTC-USD,2026-08-30T18:37:58.878077Z,79156.07,79158.17,2.10,79157.12,-0.09138157829101897222894649299
BTC-USD,2026-08-30T18:37:58.891075Z,79156.07,79158.17,2.10,79157.12,-0.09138157829101897222894649299
BTC-USD,2026-08-30T18:37:58.975361Z,79156.07,79158.17,2.10,79157.12,-0.09138157829101897222894649299
BTC-USD,2026-08-30T18:37:59.009738Z,79156.07,79158.17,2.10,79157.12,-0.09138157829101897222894649299
BTC-USD,2026-08-30T18:37:59.072819Z,79156.07,79158.17,2.10,79157.12,-0.09138157829101897222894649299
BTC-USD,2026-08-30T18:37:59.090653Z,79156.07,79158.17,2.10,79157.12,-0.09138157829101897222894649299
BTC-USD,2026-08-30T18:37:59.158045Z,79156.07,79158.17,2.10,79157.12,-0.1633381845466593414506947534
BTC-USD,2026-08-30T18:37:59.179746Z,79156.07,79158.17,2.10,79157.12,-0.1633381845466593414506947534
BTC-USD,2026-08-30T18:37:59.253056Z,79156.07,79158.05,1.98,79157.06,0.2574756455071442324498201925
BTC-USD,2026-08-30T18:37:59.297293Z,79156.07,79158.05,1.98,79157.06,0.3671906896322466626930971279
BTC-USD,2026-08-30T18:37:59.375939Z,79156.07,79158.04,1.97,79157.055,0.4548031598017971993211683436
BTC-USD,2026-08-30T18:37:59.430082Z,79156.07,79158.01,1.94,79157.04,0.03250538603156333430391610932
BTC-USD,2026-08-30T18:37:59.478305Z,79156.07,79157.99,1.92,79157.03,0.2576778691744477230646566599
BTC-USD,2026-08-30T18:37:59.502033Z,79156.07,79157.99,1.92,79157.03,0.2576778691744477230646566599
BTC-USD,2026-08-30T18:37:59.577859Z,79156.07,79157.98,1.91,79157.025,0.3674297442268860842988702232
BTC-USD,2026-08-30T18:37:59.628723Z,79156.07,79157.98,1.91,79157.025,0.3674297442268860842988702232
BTC-USD,2026-08-30T18:37:59.667509Z,79156.07,79157.95,1.88,79157.01,0.3670432681039078447814889273
BTC-USD,2026-08-30T18:37:59.728534Z,79156.07,79157.93,1.86,79157.00,0.2922493481737429253540181878
BTC-USD,2026-08-30T18:37:59.740982Z,79156.07,79157.93,1.86,79157.00,0.2922493481737429253540181878
BTC-USD,2026-08-30T18:37:59.825849Z,79156.07,79157.93,1.86,79157.00,0.2922493481737429253540181878
BTC-USD,2026-08-30T18:37:59.863297Z,79156.07,79157.93,1.86,79157.00,0.2922493481737429253540181878
BTC-USD,2026-08-30T18:37:59.914781Z,79156.07,79157.93,1.86,79157.00,0.3996328675867585091187035666
BTC-USD,2026-08-30T18:37:59.971269Z,79156.07,79157.93,1.86,79157.00,0.3996328675867585091187035666
BTC-USD,2026-08-30T18:37:59.989979Z,79156.07,79157.93,1.86,79157.00,-0.01660555714808783964127084732
BTC-USD,2026-08-30T18:38:00.078283Z,79156.07,79157.93,1.86,79157.00,-0.01660555714808783964127084732
BTC-USD,2026-08-30T18:38:00.107404Z,79156.07,79157.93,1.86,79157.00,-0.01660555714808783964127084732
BTC-USD,2026-08-30T18:38:00.147583Z,79156.07,79157.92,1.85,79156.995,0.2922493481737429253540181878
BTC-USD,2026-08-30T18:38:00.220202Z,79156.07,79157.92,1.85,79156.995,-0.01660555714808783964127084732
BTC-USD,2026-08-30T18:38:00.27663Z,79156.07,79157.91,1.84,79156.99,-0.2000311435377409432570704720
BTC-USD,2026-08-30T18:38:00.315915Z,79156.07,79157.91,1.84,79156.99,-0.2170680843316251218534766477
BTC-USD,2026-08-30T18:38:00.369346Z,79156.07,79157.9,1.83,79156.985,-0.1186143417295420983936180403
BTC-USD,2026-08-30T18:38:00.41231Z,79156.07,79157.89,1.82,79156.98,0.2262046366548929073587879460
BTC-USD,2026-08-30T18:38:00.469362Z,79157.88,79157.89,0.01,79157.885,0.3261425838574824420885996868
BTC-USD,2026-08-30T18:38:00.516186Z,79152.63,79157.88,5.25,79155.255,0.1281141534437590032229075762
BTC-USD,2026-08-30T18:38:00.570296Z,79152.69,79157.88,5.19,79155.285,0.3293655306987942412457047873
BTC-USD,2026-08-30T18:38:00.601699Z,79152.63,79157.87,5.24,79155.25,0.4874035648432357871725918405
BTC-USD,2026-08-30T18:38:00.616882Z,79153.04,79157.87,4.83,79155.455,0.5606536681791834740775318260
BTC-USD,2026-08-30T18:38:00.746256Z,79156.2,79157.86,1.66,79157.03,0.6020916207702382299224375427
BTC-USD,2026-08-30T18:38:00.869462Z,79157.85,79157.86,0.01,79157.855,0.4351612624769535846940489486
BTC-USD,2026-08-30T18:38:00.923133Z,79157.85,79157.86,0.01,79157.855,0.4821143224647507470250373437
BTC-USD,2026-08-30T18:38:00.971673Z,79157.85,79157.86,0.01,79157.855,0.4821146372750142200197870344
BTC-USD,2026-08-30T18:38:01.015028Z,79157.85,79157.86,0.01,79157.855,0.4269717390380389475732093178
BTC-USD,2026-08-30T18:38:01.301434Z,79157.85,79157.86,0.01,79157.855,0.2598392549892511360432425090
BTC-USD,2026-08-30T18:38:01.39874Z,79157.85,79157.86,0.01,79157.855,0.2598392549892511360432425090
BTC-USD,2026-08-30T18:38:01.466362Z,79157.85,79157.86,0.01,79157.855,0.2598392549892511360432425090
BTC-USD,2026-08-30T18:38:01.508966Z,79157.85,79157.86,0.01,79157.855,0.2598392549892511360432425090
BTC-USD,2026-08-30T18:38:01.552219Z,79157.85,79157.86,0.01,79157.855,0.2598392549892511360432425090
BTC-USD,2026-08-30T18:38:01.621042Z,79157.85,79157.86,0.01,79157.855,0.2598392549892511360432425090
BTC-USD,2026-08-30T18:38:01.652849Z,79157.85,79157.86,0.01,79157.855,0.2598392549892511360432425090
BTC-USD,2026-08-30T18:38:01.697826Z,79157.85,79157.86,0.01,79157.855,0.3778680525425797258914202194
BTC-USD,2026-08-30T18:38:01.793172Z,79157.85,79157.86,0.01,79157.855,0.3778913282328593654682421214
BTC-USD,2026-08-30T18:38:01.865959Z,79157.85,79157.86,0.01,79157.855,0.3778913282328593654682421214
BTC-USD,2026-08-30T18:38:01.931002Z,79157.85,79157.86,0.01,79157.855,0.3779303829422966451932343609
BTC-USD,2026-08-30T18:38:01.976341Z,79157.85,79157.86,0.01,79157.855,0.3779303829422966451932343609
BTC-USD,2026-08-30T18:38:01.998789Z,79157.85,79157.86,0.01,79157.855,0.3779303829422966451932343609
BTC-USD,2026-08-30T18:38:02.041841Z,79157.85,79157.86,0.01,79157.855,0.3779303124149614321006723768
BTC-USD,2026-08-30T18:38:02.125556Z,79157.85,79157.86,0.01,79157.855,0.3298187516445332694222989870
BTC-USD,2026-08-30T18:38:02.160585Z,79157.85,79157.86,0.01,79157.855,0.3779303124149614321006723768
BTC-USD,2026-08-30T18:38:02.218978Z,79157.85,79157.86,0.01,79157.855,0.3779303124149614321006723768
BTC-USD,2026-08-30T18:38:02.261883Z,79157.85,79157.86,0.01,79157.855,0.3779303124149614321006723768
BTC-USD,2026-08-30T18:38:02.322347Z,79157.85,79157.86,0.01,79157.855,0.3298187516445332694222989870
BTC-USD,2026-08-30T18:38:02.358545Z,79157.85,79157.86,0.01,79157.855,0.3779303124149614321006723768
BTC-USD,2026-08-30T18:38:02.427459Z,79157.85,79157.86,0.01,79157.855,0.3779303124149614321006723768
BTC-USD,2026-08-30T18:38:02.446483Z,79157.85,79157.86,0.01,79157.855,0.3779303124149614321006723768
BTC-USD,2026-08-30T18:38:02.534451Z,79157.85,79157.86,0.01,79157.855,0.3779303124149614321006723768
BTC-USD,2026-08-30T18:38:02.57299Z,79157.85,79157.86,0.01,79157.855,0.3779303124149614321006723768
BTC-USD,2026-08-30T18:38:02.614319Z,79157.85,79157.86,0.01,79157.855,0.3779303124149614321006723768
BTC-USD,2026-08-30T18:38:02.675685Z,79157.85,79157.86,0.01,79157.855,0.3775828345189815742893551766
BTC-USD,2026-08-30T18:38:02.713272Z,79157.85,79157.86,0.01,79157.855,0.3772954636932021635369364435
BTC-USD,2026-08-30T18:38:02.758512Z,79157.85,79157.86,0.01,79157.855,0.3879417733991354917858130609
BTC-USD,2026-08-30T18:38:02.830359Z,79157.85,79157.86,0.01,79157.855,0.3879417733991354917858130609
BTC-USD,2026-08-30T18:38:02.875302Z,79157.85,79157.86,0.01,79157.855,0.2632335472831717178608105380
BTC-USD,2026-08-30T18:38:02.894333Z,79157.85,79157.86,0.01,79157.855,0.2632335472831717178608105380
BTC-USD,2026-08-30T18:38:02.966938Z,79157.85,79157.86,0.01,79157.855,0.2632335077687146989049524091
BTC-USD,2026-08-30T18:38:03.017646Z,79157.85,79157.86,0.01,79157.855,0.3879415552407401272946305504
BTC-USD,2026-08-30T18:38:03.067508Z,79157.85,79157.86,0.01,79157.855,0.2632332311673968881687383390
BTC-USD,2026-08-30T18:38:03.127655Z,79157.85,79157.86,0.01,79157.855,0.2632332311673968881687383390
BTC-USD,2026-08-30T18:38:03.164285Z,79157.85,79157.86,0.01,79157.855,0.2631607149437323133470277197
BTC-USD,2026-08-30T18:38:03.235025Z,79157.85,79157.86,0.01,79157.855,0.2631607149437323133470277197
BTC-USD,2026-08-30T18:38:03.249925Z,79157.85,79157.86,0.01,79157.855,0.2631607149437323133470277197
BTC-USD,2026-08-30T18:38:03.322061Z,79157.85,79157.86,0.01,79157.855,0.2631607149437323133470277197
BTC-USD,2026-08-30T18:38:03.366555Z,79157.85,79157.86,0.01,79157.855,0.2631607149437323133470277197
BTC-USD,2026-08-30T18:38:03.43253Z,79157.85,79157.86,0.01,79157.855,0.2631607149437323133470277197
BTC-USD,2026-08-30T18:38:03.493706Z,79157.85,79157.86,0.01,79157.855,0.2631607149437323133470277197
BTC-USD,2026-08-30T18:38:03.560217Z,79157.85,79157.86,0.01,79157.855,0.3517877928728273277185250900
BTC-USD,2026-08-30T18:38:03.587864Z,79157.85,79157.86,0.01,79157.855,0.3517877928728273277185250900
BTC-USD,2026-08-30T18:38:03.62266Z,79157.85,79157.86,0.01,79157.855,0.3517877928728273277185250900
BTC-USD,2026-08-30T18:38:03.761216Z,79157.85,79157.86,0.01,79157.855,0.3517877928728273277185250900
BTC-USD,2026-08-30T18:38:03.812432Z,79157.85,79157.86,0.01,79157.855,0.2630383732157316783610615865
BTC-USD,2026-08-30T18:38:03.890627Z,79157.85,79157.86,0.01,79157.855,0.2630383732157316783610615865
BTC-USD,2026-08-30T18:38:03.980743Z,79157.85,79157.86,0.01,79157.855,0.2630383732157316783610615865
BTC-USD,2026-08-30T18:38:04.011793Z,79157.85,79157.86,0.01,79157.855,0.2630383732157316783610615865
BTC-USD,2026-08-30T18:38:04.081102Z,79157.85,79157.86,0.01,79157.855,0.2630657869993281285040804881
BTC-USD,2026-08-30T18:38:04.125997Z,79157.85,79157.86,0.01,79157.855,0.2630657869993281285040804881
BTC-USD,2026-08-30T18:38:04.179293Z,79157.85,79157.86,0.01,79157.855,0.2630657869993281285040804881
BTC-USD,2026-08-30T18:38:04.261869Z,79157.85,79157.86,0.01,79157.855,0.2630657869993281285040804881
BTC-USD,2026-08-30T18:38:04.307015Z,79157.85,79157.86,0.01,79157.855,0.2630657869993281285040804881
BTC-USD,2026-08-30T18:38:04.370577Z,79157.85,79157.86,0.01,79157.855,0.2630656684017381811122190804
BTC-USD,2026-08-30T18:38:04.431771Z,79157.85,79157.86,0.01,79157.855,0.2630656684017381811122190804
BTC-USD,2026-08-30T18:38:04.456719Z,79157.85,79157.86,0.01,79157.855,0.2630656684017381811122190804
BTC-USD,2026-08-30T18:38:04.529937Z,79157.85,79157.86,0.01,79157.855,0.2112297341496586601088472637
BTC-USD,2026-08-30T18:38:04.555144Z,79157.85,79157.86,0.01,79157.855,0.2630656684017381811122190804
BTC-USD,2026-08-30T18:38:04.672607Z,79157.85,79157.86,0.01,79157.855,0.2630656684017381811122190804
BTC-USD,2026-08-30T18:38:04.73412Z,79157.85,79157.86,0.01,79157.855,0.2648946252567219109718403203
BTC-USD,2026-08-30T18:38:04.763309Z,79157.85,79157.86,0.01,79157.855,0.2648946252567219109718403203
BTC-USD,2026-08-30T18:38:04.827649Z,79157.85,79157.86,0.01,79157.855,0.2648946252567219109718403203
BTC-USD,2026-08-30T18:38:04.883548Z,79157.85,79157.86,0.01,79157.855,0.2648946252567219109718403203
BTC-USD,2026-08-30T18:38:04.933164Z,79157.85,79157.86,0.01,79157.855,0.2648946252567219109718403203
BTC-USD,2026-08-30T18:38:04.940703Z,79157.85,79157.86,0.01,79157.855,0.2648946252567219109718403203
BTC-USD,2026-08-30T18:38:05.027169Z,79157.85,79157.86,0.01,79157.855,0.3714903973935718575283491410
BTC-USD,2026-08-30T18:38:05.0772Z,79157.85,79157.86,0.01,79157.855,0.2648946252567219109718403203
BTC-USD,2026-08-30T18:38:05.106581Z,79157.85,79157.86,0.01,79157.855,0.2648946252567219109718403203
BTC-USD,2026-08-30T18:38:05.184196Z,79157.85,79157.86,0.01,79157.855,0.2648946252567219109718403203
BTC-USD,2026-08-30T18:38:05.224492Z,79157.85,79157.86,0.01,79157.855,0.2648946252567219109718403203
BTC-USD,2026-08-30T18:38:05.267795Z,79157.85,79157.86,0.01,79157.855,0.2648946252567219109718403203
BTC-USD,2026-08-30T18:38:05.322647Z,79157.85,79157.86,0.01,79157.855,0.2648945462736635517688876554
BTC-USD,2026-08-30T18:38:05.361937Z,79157.85,79157.86,0.01,79157.855,0.2648945462736635517688876554
BTC-USD,2026-08-30T18:38:05.417369Z,79157.85,79157.86,0.01,79157.855,0.2648945462736635517688876554
BTC-USD,2026-08-30T18:38:05.462801Z,79157.85,79157.86,0.01,79157.855,0.2648945462736635517688876554
BTC-USD,2026-08-30T18:38:05.518228Z,79157.85,79157.86,0.01,79157.855,0.2648945462736635517688876554
BTC-USD,2026-08-30T18:38:05.577129Z,79157.85,79157.86,0.01,79157.855,0.1565770641864575691802276249
BTC-USD,2026-08-30T18:38:05.665267Z,79157.85,79157.86,0.01,79157.855,0.1565769509458249204034253648
BTC-USD,2026-08-30T18:38:05.71692Z,79157.85,79157.86,0.01,79157.855,0.1548682309205136205015761195
BTC-USD,2026-08-30T18:38:05.764759Z,79157.85,79157.86,0.01,79157.855,0.1548682309205136205015761195
BTC-USD,2026-08-30T18:38:05.822452Z,79157.85,79157.86,0.01,79157.855,0.3762812907048691762839492429
BTC-USD,2026-08-30T18:38:05.869779Z,79157.85,79157.86,0.01,79157.855,0.3762812907048691762839492429
BTC-USD,2026-08-30T18:38:05.89754Z,79157.85,79157.86,0.01,79157.855,0.3762812907048691762839492429
BTC-USD,2026-08-30T18:38:05.985731Z,79157.85,79157.86,0.01,79157.855,0.2741380188073491896642914312
BTC-USD,2026-08-30T18:38:05.998673Z,79157.85,79157.86,0.01,79157.855,0.2741380188073491896642914312
BTC-USD,2026-08-30T18:38:06.067447Z,79157.85,79157.86,0.01,79157.855,-0.4235441754647540426140231287
BTC-USD,2026-08-30T18:38:06.111354Z,79157.85,79157.86,0.01,79157.855,-0.4235441754647540426140231287
BTC-USD,2026-08-30T18:38:06.161622Z,79157.85,79157.86,0.01,79157.855,-0.4235441754647540426140231287
BTC-USD,2026-08-30T18:38:06.212728Z,79157.85,79157.86,0.01,79157.855,-0.1331119657352120364191711923
BTC-USD,2026-08-30T18:38:06.265125Z,79157.85,79157.86,0.01,79157.855,0.1539241841271310386687719384
BTC-USD,2026-08-30T18:38:06.309044Z,79157.85,79157.86,0.01,79157.855,-0.1331119657352120364191711923
BTC-USD,2026-08-30T18:38:06.369845Z,79157.85,79157.86,0.01,79157.855,-0.3857568859462213571662496803
BTC-USD,2026-08-30T18:38:06.432426Z,79157.85,79157.86,0.01,79157.855,-0.08466080970808108939305807287
BTC-USD,2026-08-30T18:38:06.501007Z,79157.85,79157.86,0.01,79157.855,-0.08466103366247488629383794142
BTC-USD,2026-08-30T18:38:06.569881Z,79157.85,79157.86,0.01,79157.855,-0.08466103366247488629383794142
BTC-USD,2026-08-30T18:38:06.847653Z,79157.85,79157.86,0.01,79157.855,0.003132999152239102413975830987
BTC-USD,2026-08-30T18:38:06.900066Z,79157.85,79157.86,0.01,79157.855,0.003132999152239102413975830987
BTC-USD,2026-08-30T18:38:07.238373Z,79156.01,79157.4,1.39,79156.705,0.2949545435509944185585374269
BTC-USD,2026-08-30T18:38:07.348091Z,79155.33,79157.4,2.07,79156.365,0.3246505822935303514797470971
BTC-USD,2026-08-30T18:38:07.484822Z,79155.33,79157.4,2.07,79156.365,0.2709249300595046159227457943
BTC-USD,2026-08-30T18:38:07.529052Z,79155.33,79157.39,2.06,79156.36,0.2709244368866571830220524971
BTC-USD,2026-08-30T18:38:07.577663Z,79155.33,79157.19,1.86,79156.26,0.1183295600529355842686132746
BTC-USD,2026-08-30T18:38:07.610292Z,79155.33,79157.19,1.86,79156.26,0.1183295600529355842686132746
BTC-USD,2026-08-30T18:38:07.634923Z,79155.33,79157.19,1.86,79156.26,0.1183295600529355842686132746
BTC-USD,2026-08-30T18:38:07.686928Z,79155.33,79157.19,1.86,79156.26,0.1183295600529355842686132746
BTC-USD,2026-08-30T18:38:07.774699Z,79155.33,79157.18,1.85,79156.255,0.1183292782243404087013913349
BTC-USD,2026-08-30T18:38:07.820689Z,79155.33,79157.18,1.85,79156.255,0.02832438028163528830510015201
BTC-USD,2026-08-30T18:38:07.877093Z,79155.33,79157.18,1.85,79156.255,0.02832438028163528830510015201
BTC-USD,2026-08-30T18:38:07.915194Z,79155.33,79157.18,1.85,79156.255,0.02832438028163528830510015201
BTC-USD,2026-08-30T18:38:07.963283Z,79155.33,79157.18,1.85,79156.255,-0.1124151483771391461011874201
BTC-USD,2026-08-30T18:38:08.017104Z,79155.33,79157.18,1.85,79156.255,-0.1124151483771391461011874201
BTC-USD,2026-08-30T18:38:08.057693Z,79155.33,79157.18,1.85,79156.255,-0.1124151483771391461011874201
BTC-USD,2026-08-30T18:38:08.138489Z,79155.33,79157.18,1.85,79156.255,-0.1760472952781475518374456595
BTC-USD,2026-08-30T18:38:08.158752Z,79155.33,79157.18,1.85,79156.255,-0.1136006561265864454333290320
BTC-USD,2026-08-30T18:38:08.202361Z,79155.33,79157.18,1.85,79156.255,-0.1136006561265864454333290320
BTC-USD,2026-08-30T18:38:08.27121Z,79155.33,79157.18,1.85,79156.255,-0.1136006561265864454333290320
BTC-USD,2026-08-30T18:38:08.351746Z,79155.33,79157.12,1.79,79156.225,0.03870301992758268843428601926
BTC-USD,2026-08-30T18:38:08.421834Z,79155.33,79156.77,1.44,79156.05,0.2305337618190503226658692252
BTC-USD,2026-08-30T18:38:08.466196Z,79155.33,79156.77,1.44,79156.05,0.3494813909663115659935174918
BTC-USD,2026-08-30T18:38:08.524614Z,79155.33,79156.77,1.44,79156.05,0.3494813909663115659935174918
BTC-USD,2026-08-30T18:38:08.574643Z,79155.33,79156.76,1.43,79156.045,0.05625429967008898422442564175
BTC-USD,2026-08-30T18:38:08.58987Z,79155.33,79156.76,1.43,79156.045,0.05625429967008898422442564175
BTC-USD,2026-08-30T18:38:08.656517Z,79155.33,79156.76,1.43,79156.045,0.05625429967008898422442564175
BTC-USD,2026-08-30T18:38:08.712614Z,79155.33,79156.76,1.43,79156.045,0.05625429967008898422442564175
BTC-USD,2026-08-30T18:38:08.757973Z,79155.33,79156.76,1.43,79156.045,0.1668822387099110946419964282
BTC-USD,2026-08-30T18:38:08.824843Z,79155.33,79156.75,1.42,79156.04,0.4011008463743804339415399210
BTC-USD,2026-08-30T18:38:08.836332Z,79155.33,79156.75,1.42,79156.04,0.2744249350370550301606192536
BTC-USD,2026-08-30T18:38:08.929549Z,79155.33,79156.75,1.42,79156.04,0.2744249350370550301606192536
BTC-USD,2026-08-30T18:38:08.983328Z,79155.33,79156.5,1.17,79155.915,0.3802881137336597750844915927
BTC-USD,2026-08-30T18:38:09.022339Z,79155.33,79156.5,1.17,79155.915,0.3802881137336597750844915927
BTC-USD,2026-08-30T18:38:09.067733Z,79155.33,79156.5,1.17,79155.915,0.4011008463743804339415399210
BTC-USD,2026-08-30T18:38:09.136042Z,79154.09,79155.49,1.40,79154.79,0.5810965157163667537118083510
BTC-USD,2026-08-30T18:38:09.218978Z,79149.54,79154.6,5.06,79152.07,0.4746579833513283466865063148
BTC-USD,2026-08-30T18:38:09.247042Z,79150.53,79154.6,4.07,79152.565,0.2584157097272902565461903298
BTC-USD,2026-08-30T18:38:09.326123Z,79151.88,79155.3,3.42,79153.59,-0.1566356960010162771245043822
BTC-USD,2026-08-30T18:38:09.373083Z,79151.91,79154.3,2.39,79153.105,-0.2765894613721622497325954086
BTC-USD,2026-08-30T18:38:09.415063Z,79151.05,79152.63,1.58,79151.84,-0.6117942467823602802553526915
BTC-USD,2026-08-30T18:38:09.460496Z,79150.94,79151.06,0.12,79151.00,-0.6875120895666326394884031345
BTC-USD,2026-08-30T18:38:09.540565Z,79150.53,79151.06,0.53,79150.795,-0.4213565556353888628861589678
BTC-USD,2026-08-30T18:38:09.562512Z,79150.53,79151.06,0.53,79150.795,-0.4213565556353888628861589678
BTC-USD,2026-08-30T18:38:09.613424Z,79150.53,79151.06,0.53,79150.795,-0.4213565556353888628861589678
BTC-USD,2026-08-30T18:38:09.663725Z,79149.54,79151.06,1.52,79150.30,-0.4282536827148771516669352769
BTC-USD,2026-08-30T18:38:09.691542Z,79149.54,79150.43,0.89,79149.985,-0.2672347580183162448365550479
BTC-USD,2026-08-30T18:38:09.742191Z,79150.42,79150.43,0.01,79150.425,0.07935986818758365692061591330
BTC-USD,2026-08-30T18:38:09.8048Z,79150.42,79150.43,0.01,79150.425,0.07935986818758365692061591330
BTC-USD,2026-08-30T18:38:09.873638Z,79150.42,79150.43,0.01,79150.425,-0.1480368594420219792665017729
BTC-USD,2026-08-30T18:38:09.911849Z,79149.54,79150.43,0.89,79149.985,0.2197082045800185568850091287
BTC-USD,2026-08-30T18:38:09.964912Z,79149.54,79150.42,0.88,79149.98,0.3138539512930472367965417399
BTC-USD,2026-08-30T18:38:10.013457Z,79149.54,79150.42,0.88,79149.98,0.09396673197616155492818201349
BTC-USD,2026-08-30T18:38:10.038422Z,79150.41,79150.42,0.01,79150.415,-0.4297070931582505604926649415
BTC-USD,2026-08-30T18:38:10.179624Z,79149.54,79150.42,0.88,79149.98,-0.1189895448886401322372672200
BTC-USD,2026-08-30T18:38:10.203491Z,79149.54,79150.42,0.88,79149.98,-0.1189895448886401322372672200
BTC-USD,2026-08-30T18:38:10.263201Z,79150.41,79150.42,0.01,79150.415,-0.2555152406614139053099270445
BTC-USD,2026-08-30T18:38:10.320089Z,79150.41,79150.42,0.01,79150.415,-0.4064100720737095301786560936
BTC-USD,2026-08-30T18:38:10.370573Z,79150.41,79150.42,0.01,79150.415,-0.6874577681160968694540783679
BTC-USD,2026-08-30T18:38:10.431777Z,79150.41,79150.42,0.01,79150.415,-0.4399929282142901214163484277
BTC-USD,2026-08-30T18:38:10.484636Z,79150.41,79150.42,0.01,79150.415,-0.4399929282142901214163484277
BTC-USD,2026-08-30T18:38:10.507516Z,79150.41,79150.42,0.01,79150.415,-0.4399929282142901214163484277
BTC-USD,2026-08-30T18:38:10.554379Z,79150.41,79150.42,0.01,79150.415,-0.4399929282142901214163484277
BTC-USD,2026-08-30T18:38:10.618079Z,79150.41,79150.42,0.01,79150.415,-0.4399929282142901214163484277
BTC-USD,2026-08-30T18:38:10.668399Z,79150.41,79150.42,0.01,79150.415,-0.4399929282142901214163484277
BTC-USD,2026-08-30T18:38:10.717299Z,79150.41,79150.42,0.01,79150.415,-0.4399929282142901214163484277
BTC-USD,2026-08-30T18:38:10.77809Z,79150.41,79150.42,0.01,79150.415,-0.4399929282142901214163484277
BTC-USD,2026-08-30T18:38:10.832388Z,79150.41,79150.42,0.01,79150.415,-0.4399929282142901214163484277
BTC-USD,2026-08-30T18:38:10.882515Z,79150.41,79150.42,0.01,79150.415,0.02480408856654325456203605474
BTC-USD,2026-08-30T18:38:10.918826Z,79150.41,79150.42,0.01,79150.415,-0.4399929282142901214163484277
BTC-USD,2026-08-30T18:38:10.946636Z,79150.41,79150.42,0.01,79150.415,-0.4399929282142901214163484277
BTC-USD,2026-08-30T18:38:11.021644Z,79150.41,79150.42,0.01,79150.415,0.7131544521381088723192106540
BTC-USD,2026-08-30T18:38:11.068821Z,79154.64,79154.65,0.01,79154.645,0.8162127381495527575043117058
BTC-USD,2026-08-30T18:38:11.119865Z,79154.64,79154.65,0.01,79154.645,0.6732870477585710944144632746
BTC-USD,2026-08-30T18:38:11.166435Z,79154.64,79154.65,0.01,79154.645,0.6640877706981941825923298149
BTC-USD,2026-08-30T18:38:11.21602Z,79154.64,79154.65,0.01,79154.645,0.9353259156620996323674008019
BTC-USD,2026-08-30T18:38:11.237115Z,79157.85,79157.86,0.01,79157.855,0.7878716378045760177780357251
BTC-USD,2026-08-30T18:38:11.308265Z,79158.85,79160.95,2.10,79159.90,0.2433506226519641044031364501
BTC-USD,2026-08-30T18:38:11.385622Z,79158.06,79160.19,2.13,79159.125,-0.01867776137717546586185491521
BTC-USD,2026-08-30T18:38:11.457011Z,79159.97,79160.95,0.98,79160.46,-0.1324969344622805866287690105
BTC-USD,2026-08-30T18:38:11.513085Z,79159.97,79160.95,0.98,79160.46,-0.1315460886963360853436965403
BTC-USD,2026-08-30T18:38:11.62282Z,79159.02,79160.8,1.78,79159.91,-0.005659775007775108047388496595
BTC-USD,2026-08-30T18:38:11.677747Z,79159.02,79160.8,1.78,79159.91,-0.2201111746824491064726485699
BTC-USD,2026-08-30T18:38:11.728555Z,79159.02,79160.8,1.78,79159.91,-0.2201111746824491064726485699
BTC-USD,2026-08-30T18:38:11.771752Z,79159.02,79160.8,1.78,79159.91,-0.2201111746824491064726485699
BTC-USD,2026-08-30T18:38:11.825226Z,79159.02,79160.8,1.78,79159.91,-0.2201111746824491064726485699
BTC-USD,2026-08-30T18:38:11.870167Z,79159.02,79160.8,1.78,79159.91,-0.05867238870760784167907735001
BTC-USD,2026-08-30T18:38:11.902139Z,79159.02,79160.8,1.78,79159.91,-0.06604831065153219441089196728
BTC-USD,2026-08-30T18:38:11.967657Z,79159.02,79160.8,1.78,79159.91,-0.06604831065153219441089196728
BTC-USD,2026-08-30T18:38:12.013219Z,79159.02,79160.8,1.78,79159.91,-0.06604831065153219441089196728
BTC-USD,2026-08-30T18:38:12.063885Z,79157.85,79159.98,2.13,79158.915,0.2603265235361165992089226220
BTC-USD,2026-08-30T18:38:12.125932Z,79157.85,79159.98,2.13,79158.915,0.1007565471629217605625706404
BTC-USD,2026-08-30T18:38:12.16519Z,79157.85,79158.98,1.13,79158.415,-0.1289539519695560545612047622
BTC-USD,2026-08-30T18:38:12.264859Z,79157.85,79158.98,1.13,79158.415,0.3102954778282826924053857296
BTC-USD,2026-08-30T18:38:12.380468Z,79158.97,79158.98,0.01,79158.975,0.2827072130116646728471755594
BTC-USD,2026-08-30T18:38:12.415376Z,79158.97,79158.98,0.01,79158.975,0.2827072130116646728471755594
BTC-USD,2026-08-30T18:38:12.481656Z,79158.97,79158.98,0.01,79158.975,0.2827072130116646728471755594
BTC-USD,2026-08-30T18:38:12.531595Z,79158.97,79158.98,0.01,79158.975,0.1215151313192561365175404703
BTC-USD,2026-08-30T18:38:12.563397Z,79158.97,79158.98,0.01,79158.975,0.1215151313192561365175404703
BTC-USD,2026-08-30T18:38:12.60133Z,79158.97,79158.98,0.01,79158.975,0.3067345969612539288214221990
BTC-USD,2026-08-30T18:38:12.691715Z,79158.97,79158.98,0.01,79158.975,-0.06734795772855608010602093455
BTC-USD,2026-08-30T18:38:12.758318Z,79158.97,79158.98,0.01,79158.975,-0.06734795772855608010602093455
BTC-USD,2026-08-30T18:38:12.854425Z,79158.97,79158.98,0.01,79158.975,0.2033992437278910921630062134
BTC-USD,2026-08-30T18:38:12.929543Z,79158.97,79158.98,0.01,79158.975,0.2033992437278910921630062134
BTC-USD,2026-08-30T18:38:12.981532Z,79158.97,79158.98,0.01,79158.975,0.2033992437278910921630062134
BTC-USD,2026-08-30T18:38:13.013306Z,79158.97,79158.98,0.01,79158.975,0.2033992437278910921630062134
BTC-USD,2026-08-30T18:38:13.060302Z,79158.97,79158.98,0.01,79158.975,0.2033992437278910921630062134
BTC-USD,2026-08-30T18:38:13.180234Z,79158.97,79158.98,0.01,79158.975,0.2033992437278910921630062134
BTC-USD,2026-08-30T18:38:13.232294Z,79158.97,79158.98,0.01,79158.975,0.2033992437278910921630062134
BTC-USD,2026-08-30T18:38:13.274637Z,79158.97,79158.98,0.01,79158.975,0.2033991858086508185301985186
BTC-USD,2026-08-30T18:38:13.328112Z,79158.97,79158.98,0.01,79158.975,0.2033991858086508185301985186
BTC-USD,2026-08-30T18:38:13.381613Z,79158.97,79158.98,0.01,79158.975,0.2033991858086508185301985186
BTC-USD,2026-08-30T18:38:13.419989Z,79158.97,79158.98,0.01,79158.975,0.2033991858086508185301985186
BTC-USD,2026-08-30T18:38:13.46457Z,79158.97,79158.98,0.01,79158.975,0.2033991858086508185301985186
BTC-USD,2026-08-30T18:38:13.523124Z,79158.97,79158.98,0.01,79158.975,0.2033991858086508185301985186
BTC-USD,2026-08-30T18:38:13.564387Z,79158.97,79158.98,0.01,79158.975,0.2193340502480236530278275813
BTC-USD,2026-08-30T18:38:13.601803Z,79158.97,79158.98,0.01,79158.975,0.2193339064673690609802065426
BTC-USD,2026-08-30T18:38:13.679962Z,79158.97,79158.98,0.01,79158.975,0.2193339064673690609802065426
BTC-USD,2026-08-30T18:38:13.730992Z,79158.97,79158.98,0.01,79158.975,0.2193339064673690609802065426
BTC-USD,2026-08-30T18:38:13.776349Z,79158.97,79158.98,0.01,79158.975,-0.05780535845841447588767148452
BTC-USD,2026-08-30T18:38:13.835347Z,79158.97,79158.98,0.01,79158.975,-0.05780535845841447588767148452
BTC-USD,2026-08-30T18:38:13.854362Z,79158.97,79158.98,0.01,79158.975,-0.05780535845841447588767148452
BTC-USD,2026-08-30T18:38:13.916649Z,79158.97,79158.98,0.01,79158.975,-0.05780535845841447588767148452
BTC-USD,2026-08-30T18:38:13.985471Z,79158.97,79158.98,0.01,79158.975,-0.05780535845841447588767148452
BTC-USD,2026-08-30T18:38:14.019549Z,79158.97,79158.98,0.01,79158.975,-0.05780535845841447588767148452
BTC-USD,2026-08-30T18:38:14.075134Z,79158.97,79158.98,0.01,79158.975,0.2193339064673690609802065426
BTC-USD,2026-08-30T18:38:14.121084Z,79158.97,79158.98,0.01,79158.975,0.2193339064673690609802065426
BTC-USD,2026-08-30T18:38:14.169054Z,79158.97,79158.98,0.01,79158.975,0.1496767964822195215668371852
BTC-USD,2026-08-30T18:38:14.214054Z,79155.07,79157.13,2.06,79156.10,-0.2230756952699554163661514331
BTC-USD,2026-08-30T18:38:14.270463Z,79154.14,79157.13,2.99,79155.635,0.1130867161578685456546702079
BTC-USD,2026-08-30T18:38:14.315223Z,79155.14,79157.13,1.99,79156.135,-0.1501981385941217791858851568
BTC-USD,2026-08-30T18:38:14.376697Z,79155.14,79157.13,1.99,79156.135,-0.1400596858021459650261631853
BTC-USD,2026-08-30T18:38:14.405475Z,79155.14,79157.13,1.99,79156.135,-0.1400203650827094875508276337
BTC-USD,2026-08-30T18:38:14.470527Z,79155.14,79157.12,1.98,79156.13,-0.4899489734629398878982887520
BTC-USD,2026-08-30T18:38:14.508987Z,79155.14,79156.29,1.15,79155.715,-0.4366012372066827387732900664
BTC-USD,2026-08-30T18:38:14.565491Z,79155.14,79156.29,1.15,79155.715,-0.4266614153145343388424518260
BTC-USD,2026-08-30T18:38:14.578575Z,79155.14,79156.29,1.15,79155.715,-0.5648826326694550655699135732
BTC-USD,2026-08-30T18:38:14.607991Z,79155.14,79156.29,1.15,79155.715,-0.1884372168500210516142601216
BTC-USD,2026-08-30T18:38:14.679246Z,79155.14,79156.18,1.04,79155.66,-0.1699807481207489601164249723
BTC-USD,2026-08-30T18:38:14.701664Z,79155.14,79156.29,1.15,79155.715,-0.3004690112045443750135679854
BTC-USD,2026-08-30T18:38:14.836568Z,79155.14,79156.29,1.15,79155.715,-0.3004690112045443750135679854
BTC-USD,2026-08-30T18:38:14.881782Z,79155.14,79156.29,1.15,79155.715,-0.3004690112045443750135679854
BTC-USD,2026-08-30T18:38:14.915272Z,79155.14,79156.29,1.15,79155.715,-0.3004690112045443750135679854
BTC-USD,2026-08-30T18:38:14.961478Z,79155.14,79156.29,1.15,79155.715,-0.3004690112045443750135679854
BTC-USD,2026-08-30T18:38:15.015781Z,79155.14,79156.29,1.15,79155.715,-0.3004690112045443750135679854
BTC-USD,2026-08-30T18:38:15.053984Z,79155.14,79156.29,1.15,79155.715,-0.3004690112045443750135679854
BTC-USD,2026-08-30T18:38:15.111257Z,79155.14,79156.29,1.15,79155.715,-0.3004690112045443750135679854
BTC-USD,2026-08-30T18:38:15.225203Z,79154.86,79156.29,1.43,79155.575,-0.02057687889500086448124301711
BTC-USD,2026-08-30T18:38:15.268692Z,79154.86,79156.18,1.32,79155.52,0.06455606826610894561380794947
BTC-USD,2026-08-30T18:38:15.29792Z,79153.86,79156.16,2.30,79155.01,0.002601331739960978007244098986
BTC-USD,2026-08-30T18:38:15.323282Z,79153.86,79155.16,1.30,79154.51,-0.5391174124218175973589185059
BTC-USD,2026-08-30T18:38:15.363553Z,79149.54,79149.72,0.18,79149.63,-0.4933265067377527236647038418
BTC-USD,2026-08-30T18:38:15.394152Z,79149.54,79149.72,0.18,79149.63,-0.6259593834025117780427153851
BTC-USD,2026-08-30T18:38:15.428792Z,79149.54,79150.14,0.60,79149.84,-0.9537987289560615389216427502
BTC-USD,2026-08-30T18:38:15.451682Z,79149.54,79150.14,0.60,79149.84,-0.9457075474474522451207350765
BTC-USD,2026-08-30T18:38:15.542611Z,79149.54,79149.55,0.01,79149.545,-0.8763321976822094854279967767
BTC-USD,2026-08-30T18:38:15.658964Z,79149.54,79149.55,0.01,79149.545,-0.6853162604964342185899170961
BTC-USD,2026-08-30T18:38:15.778694Z,79149.54,79149.55,0.01,79149.545,-0.6853162604964342185899170961
BTC-USD,2026-08-30T18:38:15.832911Z,79149.54,79149.55,0.01,79149.545,-0.6268406371721156200661367588
BTC-USD,2026-08-30T18:38:15.886368Z,79149.54,79149.55,0.01,79149.545,-0.7517246488046128643417893849
BTC-USD,2026-08-30T18:38:15.924075Z,79149.54,79149.55,0.01,79149.545,-0.7517246488046128643417893849
BTC-USD,2026-08-30T18:38:15.967006Z,79149.54,79149.55,0.01,79149.545,-0.5699544294313676288947542478
BTC-USD,2026-08-30T18:38:16.020198Z,79149.54,79149.55,0.01,79149.545,-0.5699544294313676288947542478
BTC-USD,2026-08-30T18:38:16.079611Z,79149.54,79149.55,0.01,79149.545,-0.5699544294313676288947542478
BTC-USD,2026-08-30T18:38:16.115076Z,79149.54,79149.55,0.01,79149.545,-0.7933878410980569574048645703
BTC-USD,2026-08-30T18:38:16.174188Z,79149.54,79149.55,0.01,79149.545,-0.7933878410980569574048645703
BTC-USD,2026-08-30T18:38:16.223822Z,79149.54,79149.55,0.01,79149.545,-0.7933878410980569574048645703
BTC-USD,2026-08-30T18:38:16.268015Z,79149.54,79149.55,0.01,79149.545,-0.7914026441860479230418265577
BTC-USD,2026-08-30T18:38:16.311321Z,79149.54,79149.55,0.01,79149.545,-0.4962795111750226200144271995
BTC-USD,2026-08-30T18:38:16.361174Z,79149.54,79149.55,0.01,79149.545,-0.4962795111750226200144271995
BTC-USD,2026-08-30T18:38:16.408464Z,79149.54,79149.55,0.01,79149.545,-0.4962795111750226200144271995
BTC-USD,2026-08-30T18:38:16.434798Z,79149.54,79149.55,0.01,79149.545,-0.8049562531961569644237603079
BTC-USD,2026-08-30T18:38:16.523519Z,79149.54,79149.55,0.01,79149.545,-0.8049566980289219485936275267
BTC-USD,2026-08-30T18:38:16.565119Z,79149.54,79149.55,0.01,79149.545,-0.7912876573620508724421128342
BTC-USD,2026-08-30T18:38:16.67525Z,79149.54,79149.55,0.01,79149.545,-0.4673618185380753887037554032
BTC-USD,2026-08-30T18:38:16.715084Z,79149.54,79149.55,0.01,79149.545,-0.4673618185380753887037554032
BTC-USD,2026-08-30T18:38:16.754022Z,79149.54,79149.55,0.01,79149.545,-0.4673618185380753887037554032
BTC-USD,2026-08-30T18:38:16.818955Z,79149.54,79149.55,0.01,79149.545,-0.7537834229286412378294611654
BTC-USD,2026-08-30T18:38:16.870529Z,79149.54,79149.55,0.01,79149.545,-0.7537834229286412378294611654
BTC-USD,2026-08-30T18:38:16.920494Z,79149.54,79149.55,0.01,79149.545,-0.7537834229286412378294611654
BTC-USD,2026-08-30T18:38:16.962642Z,79149.54,79149.55,0.01,79149.545,-0.3977882977066992686858706111
BTC-USD,2026-08-30T18:38:17.004956Z,79149.54,79149.55,0.01,79149.545,-0.3977882977066992686858706111
BTC-USD,2026-08-30T18:38:17.032958Z,79149.54,79149.55,0.01,79149.545,-0.3992183227530705543767747152
BTC-USD,2026-08-30T18:38:17.058655Z,79149.54,79149.55,0.01,79149.545,-0.3992183227530705543767747152
BTC-USD,2026-08-30T18:38:17.223032Z,79149.54,79149.55,0.01,79149.545,-0.3202080234960633785980336527
BTC-USD,2026-08-30T18:38:17.251129Z,79149.54,79149.55,0.01,79149.545,-0.4154313251560740159268767646
BTC-USD,2026-08-30T18:38:17.274176Z,79149.54,79149.55,0.01,79149.545,-0.4154313251560740159268767646
BTC-USD,2026-08-30T18:38:17.362988Z,79149.54,79149.55,0.01,79149.545,-0.4153264468371091234906472201
BTC-USD,2026-08-30T18:38:17.407549Z,79149.54,79149.55,0.01,79149.545,-0.4153265209327602427396509938
BTC-USD,2026-08-30T18:38:17.433242Z,79149.54,79149.55,0.01,79149.545,-0.4153265209327602427396509938
BTC-USD,2026-08-30T18:38:17.461542Z,79149.54,79149.55,0.01,79149.545,-0.4153265209327602427396509938
BTC-USD,2026-08-30T18:38:17.535436Z,79149.54,79149.55,0.01,79149.545,-0.2678010891339821504405255596
BTC-USD,2026-08-30T18:38:17.55805Z,79149.54,79149.55,0.01,79149.545,-0.2678010891339821504405255596
BTC-USD,2026-08-30T18:38:17.662046Z,79149.54,79149.55,0.01,79149.545,-0.2678010891339821504405255596
BTC-USD,2026-08-30T18:38:17.70548Z,79149.54,79149.55,0.01,79149.545,-0.2933125480488464444713599455
BTC-USD,2026-08-30T18:38:17.799034Z,79149.54,79149.55,0.01,79149.545,-0.6621311182719590163710397700
BTC-USD,2026-08-30T18:38:17.821973Z,79149.54,79149.55,0.01,79149.545,-0.6621311182719590163710397700
BTC-USD,2026-08-30T18:38:17.873527Z,79149.54,79149.55,0.01,79149.545,-0.6482233945158309147687556162
BTC-USD,2026-08-30T18:38:17.894865Z,79149.54,79149.55,0.01,79149.545,-0.6482233945158309147687556162
BTC-USD,2026-08-30T18:38:18.026984Z,79149.54,79149.55,0.01,79149.545,-0.3441259007812439396108059892
BTC-USD,2026-08-30T18:38:18.04556Z,79149.54,79149.55,0.01,79149.545,-0.3441259007812439396108059892
BTC-USD,2026-08-30T18:38:18.11184Z,79149.54,79149.55,0.01,79149.545,-0.3441259007812439396108059892
BTC-USD,2026-08-30T18:38:18.25727Z,79149.54,79149.55,0.01,79149.545,-0.6518522880611500575644256975
BTC-USD,2026-08-30T18:38:18.313352Z,79149.54,79149.55,0.01,79149.545,-0.4845763191792211923297609475
BTC-USD,2026-08-30T18:38:18.359672Z,79149.54,79149.55,0.01,79149.545,-0.6830638567977122471325465011
BTC-USD,2026-08-30T18:38:18.403487Z,79149.54,79149.55,0.01,79149.545,-0.3439003615919908637469361442
BTC-USD,2026-08-30T18:38:18.455872Z,79149.54,79149.55,0.01,79149.545,-0.3439003615919908637469361442
BTC-USD,2026-08-30T18:38:18.515336Z,79149.54,79149.55,0.01,79149.545,-0.3483926820076347460308100032
BTC-USD,2026-08-30T18:38:18.562097Z,79149.54,79149.55,0.01,79149.545,-0.3483094032680179141403211253
BTC-USD,2026-08-30T18:38:18.595107Z,79149.54,79149.55,0.01,79149.545,-0.2981669825818731822639077296
BTC-USD,2026-08-30T18:38:18.657244Z,79149.54,79149.55,0.01,79149.545,-0.4275271364312181898953022583
BTC-USD,2026-08-30T18:38:18.707397Z,79149.54,79149.55,0.01,79149.545,-0.4275271364312181898953022583
BTC-USD,2026-08-30T18:38:18.773262Z,79149.54,79149.55,0.01,79149.545,-0.4276091495143385303087725518
BTC-USD,2026-08-30T18:38:18.820877Z,79141.41,79145.35,3.94,79143.38,0.3054825881045892049239677883
BTC-USD,2026-08-30T18:38:18.870399Z,79141.41,79145.35,3.94,79143.38,0.3161568723287976359049543455
BTC-USD,2026-08-30T18:38:18.926112Z,79141.41,79145.35,3.94,79143.38,0.4580137184735068546597418831
BTC-USD,2026-08-30T18:38:18.964748Z,79141.41,79145.35,3.94,79143.38,0.4580137184735068546597418831
BTC-USD,2026-08-30T18:38:18.980114Z,79141.41,79145.35,3.94,79143.38,0.4580137184735068546597418831
BTC-USD,2026-08-30T18:38:19.056055Z,79141.41,79145.35,3.94,79143.38,0.4580137184735068546597418831
BTC-USD,2026-08-30T18:38:19.104407Z,79141.41,79145.33,3.92,79143.37,0.4658045674136617975837461105
BTC-USD,2026-08-30T18:38:19.153258Z,79141.41,79144.33,2.92,79142.87,0.7684903445129662199815817566
BTC-USD,2026-08-30T18:38:19.220174Z,79140.77,79144.33,3.56,79142.55,0.6901974454171432962605181014
BTC-USD,2026-08-30T18:38:19.279056Z,79140.77,79144.33,3.56,79142.55,0.3890367160276074757609668928
BTC-USD,2026-08-30T18:38:19.326688Z,79141.77,79144.33,2.56,79143.05,0.3876474037163082339651420494
BTC-USD,2026-08-30T18:38:19.380599Z,79141.77,79144.33,2.56,79143.05,0.3873997368705917788775603331
BTC-USD,2026-08-30T18:38:19.433305Z,79141.77,79144.33,2.56,79143.05,0.1491570923055657800496372281
BTC-USD,2026-08-30T18:38:19.481091Z,79141.77,79144.33,2.56,79143.05,0.1340985074996080434156664188
BTC-USD,2026-08-30T18:38:19.497659Z,79141.77,79144.33,2.56,79143.05,0.1340985074996080434156664188
BTC-USD,2026-08-30T18:38:19.571478Z,79141.77,79144.33,2.56,79143.05,0.1340985074996080434156664188
BTC-USD,2026-08-30T18:38:19.746722Z,79141.35,79143.31,1.96,79142.33,0.04332426471829115672360975289
BTC-USD,2026-08-30T18:38:19.828345Z,79141.35,79143.31,1.96,79142.33,0.3656357190756381661783177625
BTC-USD,2026-08-30T18:38:19.881641Z,79141.35,79143.31,1.96,79142.33,-0.07600886043673498996138719517
BTC-USD,2026-08-30T18:38:19.925486Z,79142.35,79143.3,0.95,79142.825,0.4568036715176816772243373919
BTC-USD,2026-08-30T18:38:19.978977Z,79143.29,79143.3,0.01,79143.295,0.1046627767997408706846507654
BTC-USD,2026-08-30T18:38:20.030941Z,79141.35,79143.09,1.74,79142.22,0.4302610852979900741296479569
BTC-USD,2026-08-30T18:38:20.066749Z,79141.35,79143.08,1.73,79142.215,0.07280020045504953877134256486
BTC-USD,2026-08-30T18:38:20.111971Z,79141.35,79143.08,1.73,79142.215,-0.1417580282957715414248345579
BTC-USD,2026-08-30T18:38:20.166446Z,79141.35,79142.08,0.73,79141.715,-0.02045033428894337879551236864
BTC-USD,2026-08-30T18:38:20.2626Z,79142.09,79142.1,0.01,79142.095,-0.05432872512350065829508066171
BTC-USD,2026-08-30T18:38:20.355967Z,79142.09,79142.1,0.01,79142.095,-0.05432872512350065829508066171
BTC-USD,2026-08-30T18:38:20.427826Z,79142.09,79142.1,0.01,79142.095,-0.05424250635832482769658978582
BTC-USD,2026-08-30T18:38:20.468405Z,79142.09,79142.1,0.01,79142.095,-0.05424250635832482769658978582
BTC-USD,2026-08-30T18:38:20.512855Z,79142.09,79142.1,0.01,79142.095,0.2086102787411887311569876513
BTC-USD,2026-08-30T18:38:20.562514Z,79142.09,79142.1,0.01,79142.095,0.2086102787411887311569876513
BTC-USD,2026-08-30T18:38:20.6236Z,79142.09,79142.1,0.01,79142.095,0.2086102787411887311569876513
BTC-USD,2026-08-30T18:38:20.66696Z,79142.09,79142.1,0.01,79142.095,0.2086102787411887311569876513
BTC-USD,2026-08-30T18:38:20.75999Z,79142.09,79142.1,0.01,79142.095,0.2098388773386133109465642038
BTC-USD,2026-08-30T18:38:20.842592Z,79142.09,79142.1,0.01,79142.095,-0.0004033423368406402424336389315
BTC-USD,2026-08-30T18:38:20.924109Z,79142.09,79142.1,0.01,79142.095,0.1524090095867430632037287458
BTC-USD,2026-08-30T18:38:20.954285Z,79142.09,79142.1,0.01,79142.095,0.1524090095867430632037287458
BTC-USD,2026-08-30T18:38:20.990233Z,79142.09,79142.1,0.01,79142.095,0.2514243305242689426011313744
BTC-USD,2026-08-30T18:38:21.069319Z,79142.09,79142.1,0.01,79142.095,-0.2763880491398730747354230768
BTC-USD,2026-08-30T18:38:21.101115Z,79142.09,79142.1,0.01,79142.095,-0.2763880491398730747354230768
BTC-USD,2026-08-30T18:38:21.156724Z,79142.09,79142.1,0.01,79142.095,-0.2763880491398730747354230768
BTC-USD,2026-08-30T18:38:21.222294Z,79142.09,79142.1,0.01,79142.095,0.1547814705886502970212913221
BTC-USD,2026-08-30T18:38:21.279328Z,79142.09,79142.1,0.01,79142.095,0.1547814705886502970212913221
BTC-USD,2026-08-30T18:38:21.331429Z,79142.09,79142.1,0.01,79142.095,0.1547814705886502970212913221
BTC-USD,2026-08-30T18:38:21.379724Z,79142.09,79142.1,0.01,79142.095,0.1992074901594138371053000415
BTC-USD,2026-08-30T18:38:21.408308Z,79142.09,79142.1,0.01,79142.095,0.2002193853204151335872735670
BTC-USD,2026-08-30T18:38:21.486908Z,79142.09,79142.1,0.01,79142.095,0.2002193853204151335872735670
BTC-USD,2026-08-30T18:38:21.531134Z,79142.09,79142.1,0.01,79142.095,0.2002193853204151335872735670
BTC-USD,2026-08-30T18:38:21.563809Z,79142.09,79142.1,0.01,79142.095,0.1763123139222281535272184709
BTC-USD,2026-08-30T18:38:21.621649Z,79142.09,79142.1,0.01,79142.095,0.1763123139222281535272184709
BTC-USD,2026-08-30T18:38:21.656351Z,79142.09,79142.1,0.01,79142.095,0.1763123139222281535272184709
BTC-USD,2026-08-30T18:38:21.732248Z,79142.09,79142.1,0.01,79142.095,0.1584942522831001324638207328
BTC-USD,2026-08-30T18:38:21.780687Z,79142.09,79142.1,0.01,79142.095,0.1840870985475147672101115568
BTC-USD,2026-08-30T18:38:21.836593Z,79142.09,79142.1,0.01,79142.095,0.1840870985475147672101115568
BTC-USD,2026-08-30T18:38:21.883382Z,79142.09,79142.1,0.01,79142.095,-0.2851780564378019439673284370
BTC-USD,2026-08-30T18:38:21.888417Z,79142.09,79142.1,0.01,79142.095,0.1840866270292870949570625555
BTC-USD,2026-08-30T18:38:21.971814Z,79142.09,79142.1,0.01,79142.095,0.1840866270292870949570625555
BTC-USD,2026-08-30T18:38:21.991161Z,79142.09,79142.1,0.01,79142.095,0.1584937507205907251429028030
BTC-USD,2026-08-30T18:38:22.070136Z,79142.09,79142.1,0.01,79142.095,-0.6736827284383990460203415054
BTC-USD,2026-08-30T18:38:22.112449Z,79142.09,79142.1,0.01,79142.095,-0.5140690659530455855283343418
BTC-USD,2026-08-30T18:38:22.167059Z,79141.35,79142.1,0.75,79141.725,-0.1771450190271146853246006176
BTC-USD,2026-08-30T18:38:22.207043Z,79141.35,79142.09,0.74,79141.72,0.1047154449460344321517765686
BTC-USD,2026-08-30T18:38:22.278124Z,79141.35,79142.09,0.74,79141.72,-0.1225608082510957814356718635
BTC-USD,2026-08-30T18:38:22.318913Z,79141.35,79142.08,0.73,79141.715,-0.1225608082510957814356718635
BTC-USD,2026-08-30T18:38:22.346285Z,79141.35,79142.08,0.73,79141.715,-0.1225608082510957814356718635
BTC-USD,2026-08-30T18:38:22.426176Z,79141.35,79142.08,0.73,79141.715,0.1557402561061739636462449257
BTC-USD,2026-08-30T18:38:22.467651Z,79141.35,79141.36,0.01,79141.355,0.1500272592191391788026610699
BTC-USD,2026-08-30T18:38:22.523947Z,79141.35,79141.36,0.01,79141.355,0.1793564881948940259775061375
BTC-USD,2026-08-30T18:38:22.535292Z,79141.35,79141.36,0.01,79141.355,0.2526271862155411370888063937
BTC-USD,2026-08-30T18:38:22.54929Z,79141.35,79141.36,0.01,79141.355,0.09041993420476429934372057002
BTC-USD,2026-08-30T18:38:22.628299Z,79141.35,79141.36,0.01,79141.355,0.09041993420476429934372057002
BTC-USD,2026-08-30T18:38:22.702484Z,79141.35,79141.36,0.01,79141.355,-0.4767602277288658881767885674
BTC-USD,2026-08-30T18:38:22.753395Z,79141.35,79141.36,0.01,79141.355,-0.4604347881026843250745589044
BTC-USD,2026-08-30T18:38:22.803177Z,79141.35,79141.36,0.01,79141.355,-0.3188023174187178978626926046
BTC-USD,2026-08-30T18:38:22.87593Z,79141.35,79141.36,0.01,79141.355,-0.3188023174187178978626926046
BTC-USD,2026-08-30T18:38:22.920641Z,79141.35,79141.36,0.01,79141.355,-0.3188024913896856424801319845
BTC-USD,2026-08-30T18:38:22.955171Z,79141.35,79141.36,0.01,79141.355,-0.3188024913896856424801319845
BTC-USD,2026-08-30T18:38:23.023902Z,79141.35,79141.36,0.01,79141.355,-0.4507463349325844685830011920
BTC-USD,2026-08-30T18:38:23.067666Z,79141.35,79141.36,0.01,79141.355,-0.4507463349325844685830011920
BTC-USD,2026-08-30T18:38:23.078454Z,79141.35,79141.36,0.01,79141.355,-0.4507463349325844685830011920
BTC-USD,2026-08-30T18:38:23.154342Z,79141.35,79141.36,0.01,79141.355,-0.4507463349325844685830011920
BTC-USD,2026-08-30T18:38:23.163529Z,79141.35,79141.36,0.01,79141.355,-0.4507463349325844685830011920
BTC-USD,2026-08-30T18:38:23.276114Z,79141.35,79141.36,0.01,79141.355,-0.3121812375107352122465179018
BTC-USD,2026-08-30T18:38:23.33201Z,79141.35,79141.36,0.01,79141.355,-0.3686263716714397798503178767
BTC-USD,2026-08-30T18:38:23.362497Z,79141.35,79141.36,0.01,79141.355,-0.3686263716714397798503178767
BTC-USD,2026-08-30T18:38:23.428877Z,79141.35,79141.36,0.01,79141.355,-0.3686263716714397798503178767
BTC-USD,2026-08-30T18:38:23.495081Z,79141.35,79141.36,0.01,79141.355,-0.3686272362532348137805079368
BTC-USD,2026-08-30T18:38:23.506623Z,79141.35,79141.36,0.01,79141.355,-0.4992567483811499576188866073
BTC-USD,2026-08-30T18:38:23.571801Z,79141.35,79141.36,0.01,79141.355,-0.4992567483811499576188866073
BTC-USD,2026-08-30T18:38:23.649746Z,79141.35,79141.36,0.01,79141.355,-0.4847850610816268013707685202
BTC-USD,2026-08-30T18:38:23.835616Z,79141.35,79141.36,0.01,79141.355,-0.4126232181106415763804177318
BTC-USD,2026-08-30T18:38:23.916747Z,79141.35,79141.36,0.01,79141.355,-0.4124873900755912821998686292
BTC-USD,2026-08-30T18:38:23.980313Z,79141.35,79141.36,0.01,79141.355,-0.4120690976934544140730552848
BTC-USD,2026-08-30T18:38:24.018083Z,79141.35,79141.36,0.01,79141.355,-0.5335426204866545590806802162
BTC-USD,2026-08-30T18:38:24.064479Z,79141.35,79141.36,0.01,79141.355,-0.5335426204866545590806802162
BTC-USD,2026-08-30T18:38:24.122858Z,79141.35,79141.36,0.01,79141.355,-0.5335426204866545590806802162
BTC-USD,2026-08-30T18:38:24.176648Z,79141.35,79141.36,0.01,79141.355,-0.4120690976934544140730552848
BTC-USD,2026-08-30T18:38:24.218831Z,79141.35,79141.36,0.01,79141.355,-0.4120698211623578596152280285
BTC-USD,2026-08-30T18:38:24.268736Z,79141.35,79141.36,0.01,79141.355,-0.4120698211623578596152280285
BTC-USD,2026-08-30T18:38:24.319255Z,79141.35,79141.36,0.01,79141.355,-0.5333701477834562751750947875
BTC-USD,2026-08-30T18:38:24.373087Z,79141.35,79141.36,0.01,79141.355,-0.5084842189519827999202683437
BTC-USD,2026-08-30T18:38:24.386589Z,79141.35,79141.36,0.01,79141.355,-0.5084842189519827999202683437
BTC-USD,2026-08-30T18:38:24.477985Z,79141.35,79141.36,0.01,79141.355,-0.3909383308811207921299164541
BTC-USD,2026-08-30T18:38:24.518983Z,79141.35,79141.36,0.01,79141.355,-0.3909383308811207921299164541
BTC-USD,2026-08-30T18:38:24.576225Z,79141.35,79141.36,0.01,79141.355,-0.3270884246969212890162261704
BTC-USD,2026-08-30T18:38:24.597309Z,79141.35,79141.36,0.01,79141.355,-0.2189631769080803192220833223
BTC-USD,2026-08-30T18:38:24.66616Z,79141.35,79141.36,0.01,79141.355,-0.2189631769080803192220833223
BTC-USD,2026-08-30T18:38:24.713917Z,79141.35,79141.36,0.01,79141.355,-0.2189631769080803192220833223
BTC-USD,2026-08-30T18:38:24.775454Z,79141.35,79141.36,0.01,79141.355,-0.2179583991932110759918443167
BTC-USD,2026-08-30T18:38:24.828171Z,79141.35,79141.36,0.01,79141.355,-0.3687446287279453773763340799
BTC-USD,2026-08-30T18:38:24.883277Z,79141.35,79141.36,0.01,79141.355,-0.3687446287279453773763340799
BTC-USD,2026-08-30T18:38:24.906511Z,79141.35,79141.36,0.01,79141.355,-0.3687000432676627670836454930
BTC-USD,2026-08-30T18:38:24.983921Z,79141.35,79141.36,0.01,79141.355,-0.2179230959287119679692503127
BTC-USD,2026-08-30T18:38:25.021848Z,79141.35,79141.36,0.01,79141.355,-0.2179230959287119679692503127
BTC-USD,2026-08-30T18:38:25.07314Z,79141.35,79141.36,0.01,79141.355,-0.3287979159434302503017481761
BTC-USD,2026-08-30T18:38:25.126517Z,79141.35,79141.36,0.01,79141.355,-0.3287979159434302503017481761
BTC-USD,2026-08-30T18:38:25.141968Z,79141.35,79141.36,0.01,79141.355,-0.3287979159434302503017481761
BTC-USD,2026-08-30T18:38:25.315239Z,79141.35,79141.36,0.01,79141.355,-0.3730075179923679812421053331
BTC-USD,2026-08-30T18:38:25.411461Z,79141.35,79141.36,0.01,79141.355,-0.3287589793711772452552736284
BTC-USD,2026-08-30T18:38:25.462903Z,79141.35,79141.36,0.01,79141.355,-0.3287589793711772452552736284
BTC-USD,2026-08-30T18:38:25.480185Z,79141.35,79141.36,0.01,79141.355,-0.3278582105100015098048990201
BTC-USD,2026-08-30T18:38:25.564678Z,79141.35,79141.36,0.01,79141.355,-0.3278582105100015098048990201
BTC-USD,2026-08-30T18:38:25.626193Z,79141.35,79141.36,0.01,79141.355,-0.3658988599866548104067317964
BTC-USD,2026-08-30T18:38:25.648948Z,79141.35,79141.36,0.01,79141.355,-0.3726359412070580467582225165
BTC-USD,2026-08-30T18:38:25.684612Z,79141.17,79141.18,0.01,79141.175,0.6108745057776218616460977955
BTC-USD,2026-08-30T18:38:25.757667Z,79141.17,79141.18,0.01,79141.175,0.6148803880598428352998166789
BTC-USD,2026-08-30T18:38:25.821621Z,79141.17,79141.18,0.01,79141.175,0.05497523097388305807704078695
BTC-USD,2026-08-30T18:38:25.858786Z,79141.17,79141.18,0.01,79141.175,0.05497520114497093146117467975
BTC-USD,2026-08-30T18:38:25.935403Z,79141.17,79141.18,0.01,79141.175,-0.06291794309063535887967012834
BTC-USD,2026-08-30T18:38:25.960098Z,79141.17,79141.18,0.01,79141.175,-0.06291794309063535887967012834
BTC-USD,2026-08-30T18:38:26.017962Z,79141.17,79141.18,0.01,79141.175,-0.1781050939250067164466316818
BTC-USD,2026-08-30T18:38:26.06699Z,79141.17,79141.18,0.01,79141.175,-0.1781050939250067164466316818
BTC-USD,2026-08-30T18:38:26.076299Z,79141.17,79141.18,0.01,79141.175,-0.1781050939250067164466316818
BTC-USD,2026-08-30T18:38:26.153049Z,79141.17,79141.18,0.01,79141.175,-0.06191387509852188958374463059
BTC-USD,2026-08-30T18:38:26.239931Z,79141.17,79141.18,0.01,79141.175,-0.06191387509852188958374463059
BTC-USD,2026-08-30T18:38:26.267512Z,79141.17,79141.18,0.01,79141.175,-0.1438046099662078745143507134
BTC-USD,2026-08-30T18:38:26.33829Z,79141.17,79141.18,0.01,79141.175,0.1665992094277569868861144314
BTC-USD,2026-08-30T18:38:26.429448Z,79141.17,79141.18,0.01,79141.175,-0.2263969646005240755897724057
BTC-USD,2026-08-30T18:38:26.468452Z,79141.17,79141.18,0.01,79141.175,-0.1842248774554671032717556889
BTC-USD,2026-08-30T18:38:26.525964Z,79141.17,79141.18,0.01,79141.175,-0.1842248161902275358099599154
BTC-USD,2026-08-30T18:38:26.571383Z,79141.17,79141.18,0.01,79141.175,-0.1842248161902275358099599154
BTC-USD,2026-08-30T18:38:26.628928Z,79141.17,79141.18,0.01,79141.175,-0.2069191580377374838326274412
BTC-USD,2026-08-30T18:38:26.667059Z,79141.17,79141.18,0.01,79141.175,-0.2012912906519946681182358051
BTC-USD,2026-08-30T18:38:26.695387Z,79141.17,79141.18,0.01,79141.175,-0.2012912906519946681182358051
BTC-USD,2026-08-30T18:38:26.786003Z,79141.17,79141.18,0.01,79141.175,-0.2012912906519946681182358051
BTC-USD,2026-08-30T18:38:26.816858Z,79141.17,79141.18,0.01,79141.175,-0.2012912906519946681182358051
BTC-USD,2026-08-30T18:38:26.878339Z,79141.17,79141.18,0.01,79141.175,-0.2012912906519946681182358051
BTC-USD,2026-08-30T18:38:26.930534Z,79142.33,79143.23,0.90,79142.78,0.007624382349795793486072831614
BTC-USD,2026-08-30T18:38:26.978967Z,79142.33,79143.22,0.89,79142.775,0.007624004383982869174197107582
BTC-USD,2026-08-30T18:38:27.032623Z,79142.33,79143.22,0.89,79142.775,0.007624004383982869174197107582
BTC-USD,2026-08-30T18:38:27.07634Z,79142.33,79143.22,0.89,79142.775,-0.1396124706072466530099450855
BTC-USD,2026-08-30T18:38:27.136652Z,79142.33,79142.34,0.01,79142.335,-0.05191774470952686689721834484
BTC-USD,2026-08-30T18:38:27.184999Z,79142.33,79142.34,0.01,79142.335,-0.05191774470952686689721834484
BTC-USD,2026-08-30T18:38:27.209107Z,79142.33,79142.34,0.01,79142.335,-0.05191771491657337667119686624
BTC-USD,2026-08-30T18:38:27.269905Z,79142.33,79142.34,0.01,79142.335,-0.05191771491657337667119686624
BTC-USD,2026-08-30T18:38:27.32118Z,79142.33,79142.34,0.01,79142.335,-0.05191771491657337667119686624
BTC-USD,2026-08-30T18:38:27.386798Z,79142.33,79142.34,0.01,79142.335,-0.05191771491657337667119686624
BTC-USD,2026-08-30T18:38:27.434464Z,79142.33,79142.34,0.01,79142.335,-0.008797009867992034988485372883
BTC-USD,2026-08-30T18:38:27.475091Z,79142.33,79142.34,0.01,79142.335,-0.008797009867992034988485372883
BTC-USD,2026-08-30T18:38:27.486184Z,79142.33,79142.34,0.01,79142.335,-0.008797009867992034988485372883
BTC-USD,2026-08-30T18:38:27.56531Z,79142.33,79142.34,0.01,79142.335,-0.008797009867992034988485372883
BTC-USD,2026-08-30T18:38:27.632608Z,79142.33,79142.34,0.01,79142.335,-0.008797009867992034988485372883
BTC-USD,2026-08-30T18:38:27.672282Z,79142.33,79142.34,0.01,79142.335,-0.008703688993558282625619494590
BTC-USD,2026-08-30T18:38:27.724076Z,79142.33,79142.34,0.01,79142.335,-0.008703688993558282625619494590
BTC-USD,2026-08-30T18:38:27.77846Z,79142.33,79142.34,0.01,79142.335,-0.008703688993558282625619494590
BTC-USD,2026-08-30T18:38:27.8363Z,79142.33,79142.34,0.01,79142.335,-0.008703688993558282625619494590
BTC-USD,2026-08-30T18:38:27.873382Z,79142.33,79142.34,0.01,79142.335,-0.008703688993558282625619494590
BTC-USD,2026-08-30T18:38:27.92425Z,79142.33,79142.34,0.01,79142.335,0.01554297706562362779356168583
BTC-USD,2026-08-30T18:38:27.984809Z,79142.33,79142.34,0.01,79142.335,0.01554297706562362779356168583
BTC-USD,2026-08-30T18:38:27.997393Z,79142.33,79142.34,0.01,79142.335,0.01554297706562362779356168583
BTC-USD,2026-08-30T18:38:28.044606Z,79142.33,79142.34,0.01,79142.335,0.01554297706562362779356168583
BTC-USD,2026-08-30T18:38:28.070652Z,79142.33,79142.34,0.01,79142.335,0.01554297706562362779356168583
BTC-USD,2026-08-30T18:38:28.176777Z,79142.33,79142.34,0.01,79142.335,0.01554297706562362779356168583
BTC-USD,2026-08-30T18:38:28.235956Z,79142.33,79142.34,0.01,79142.335,0.01554278119059048022463501195
BTC-USD,2026-08-30T18:38:28.260973Z,79142.33,79142.34,0.01,79142.335,0.01554278119059048022463501195
BTC-USD,2026-08-30T18:38:28.372409Z,79142.33,79142.34,0.01,79142.335,0.7822714010768012018590953159
BTC-USD,2026-08-30T18:38:28.421135Z,79142.33,79142.34,0.01,79142.335,0.7900725598063543095049043889
BTC-USD,2026-08-30T18:38:28.471806Z,79142.33,79142.34,0.01,79142.335,0.7900725598063543095049043889
BTC-USD,2026-08-30T18:38:28.541713Z,79142.33,79142.34,0.01,79142.335,0.7314647881849838063820417855
BTC-USD,2026-08-30T18:38:28.558876Z,79142.33,79142.34,0.01,79142.335,0.7314647881849838063820417855
BTC-USD,2026-08-30T18:38:28.596879Z,79142.33,79142.34,0.01,79142.335,0.7314647881849838063820417855
BTC-USD,2026-08-30T18:38:28.678309Z,79142.33,79142.34,0.01,79142.335,0.7561433730203341940181174079
BTC-USD,2026-08-30T18:38:28.743635Z,79142.33,79142.34,0.01,79142.335,0.5153719664754617103409354875
BTC-USD,2026-08-30T18:38:28.824961Z,79142.33,79142.34,0.01,79142.335,0.5573154435726242077170588845
BTC-USD,2026-08-30T18:38:28.85909Z,79142.33,79142.34,0.01,79142.335,0.5573154435726242077170588845
BTC-USD,2026-08-30T18:38:28.934206Z,79142.33,79142.34,0.01,79142.335,0.5573154435726242077170588845
BTC-USD,2026-08-30T18:38:28.964201Z,79142.33,79142.34,0.01,79142.335,0.5573154435726242077170588845
BTC-USD,2026-08-30T18:38:29.021473Z,79142.33,79142.34,0.01,79142.335,0.5573154435726242077170588845
BTC-USD,2026-08-30T18:38:29.088211Z,79142.33,79142.34,0.01,79142.335,0.5573154435726242077170588845
BTC-USD,2026-08-30T18:38:29.153317Z,79142.33,79142.34,0.01,79142.335,0.5573154435726242077170588845
BTC-USD,2026-08-30T18:38:29.169337Z,79142.33,79142.34,0.01,79142.335,0.5573154435726242077170588845
BTC-USD,2026-08-30T18:38:29.212876Z,79142.33,79142.34,0.01,79142.335,0.5573154435726242077170588845
BTC-USD,2026-08-30T18:38:29.27197Z,79142.33,79142.34,0.01,79142.335,0.5573151447135593820496904453
BTC-USD,2026-08-30T18:38:29.386262Z,79142.33,79142.34,0.01,79142.335,0.5153716083008628581788237343
BTC-USD,2026-08-30T18:38:29.424439Z,79142.33,79142.34,0.01,79142.335,0.5153716083008628581788237343
BTC-USD,2026-08-30T18:38:29.47259Z,79142.33,79142.34,0.01,79142.335,0.5153716083008628581788237343
BTC-USD,2026-08-30T18:38:29.510258Z,79142.33,79142.34,0.01,79142.335,0.5153716083008628581788237343
BTC-USD,2026-08-30T18:38:29.578362Z,79142.33,79142.34,0.01,79142.335,0.5153716083008628581788237343
BTC-USD,2026-08-30T18:38:29.597986Z,79142.33,79142.34,0.01,79142.335,0.3315241639107496860784412932
BTC-USD,2026-08-30T18:38:29.675103Z,79142.33,79142.34,0.01,79142.335,0.3905689836784188744977180751
BTC-USD,2026-08-30T18:38:29.712426Z,79142.33,79142.34,0.01,79142.335,0.3905689836784188744977180751
BTC-USD,2026-08-30T18:38:29.757339Z,79142.33,79142.34,0.01,79142.335,0.3905689836784188744977180751
BTC-USD,2026-08-30T18:38:29.815537Z,79142.33,79142.34,0.01,79142.335,0.3905689836784188744977180751
BTC-USD,2026-08-30T18:38:29.856036Z,79142.33,79142.34,0.01,79142.335,0.3905689836784188744977180751
BTC-USD,2026-08-30T18:38:29.928536Z,79142.33,79142.34,0.01,79142.335,0.3905956912004038507281683657
BTC-USD,2026-08-30T18:38:29.962765Z,79142.33,79142.34,0.01,79142.335,0.3905956912004038507281683657
BTC-USD,2026-08-30T18:38:30.027626Z,79142.33,79142.34,0.01,79142.335,0.3905956912004038507281683657
BTC-USD,2026-08-30T18:38:30.06742Z,79142.33,79142.34,0.01,79142.335,0.3905955254160093212936176081
BTC-USD,2026-08-30T18:38:30.124526Z,79142.33,79142.34,0.01,79142.335,0.3905955254160093212936176081
BTC-USD,2026-08-30T18:38:30.170559Z,79142.33,79142.34,0.01,79142.335,0.3905955254160093212936176081
BTC-USD,2026-08-30T18:38:30.211517Z,79142.33,79142.34,0.01,79142.335,0.3905955254160093212936176081
BTC-USD,2026-08-30T18:38:30.282366Z,79142.33,79142.34,0.01,79142.335,0.3905955254160093212936176081
BTC-USD,2026-08-30T18:38:30.310132Z,79142.33,79142.34,0.01,79142.335,0.3905955254160093212936176081
BTC-USD,2026-08-30T18:38:30.365588Z,79142.33,79142.34,0.01,79142.335,0.3905955254160093212936176081
BTC-USD,2026-08-30T18:38:30.400225Z,79142.33,79142.34,0.01,79142.335,0.3905954952733824430973681065
BTC-USD,2026-08-30T18:38:30.458377Z,79142.33,79142.34,0.01,79142.335,0.3905954952733824430973681065
BTC-USD,2026-08-30T18:38:30.496499Z,79142.33,79142.34,0.01,79142.335,0.3905954952733824430973681065
BTC-USD,2026-08-30T18:38:30.570823Z,79142.33,79142.34,0.01,79142.335,0.3905954952733824430973681065
BTC-USD,2026-08-30T18:38:30.622869Z,79142.33,79142.34,0.01,79142.335,0.3905954952733824430973681065
BTC-USD,2026-08-30T18:38:30.666755Z,79142.33,79142.34,0.01,79142.335,0.3905954952733824430973681065
BTC-USD,2026-08-30T18:38:30.727241Z,79142.33,79142.34,0.01,79142.335,0.3905954952733824430973681065
BTC-USD,2026-08-30T18:38:30.769693Z,79142.33,79142.34,0.01,79142.335,0.3905954952733824430973681065
BTC-USD,2026-08-30T18:38:30.827416Z,79142.33,79142.34,0.01,79142.335,0.3905954952733824430973681065
BTC-USD,2026-08-30T18:38:30.86245Z,79142.33,79142.34,0.01,79142.335,0.3905954952733824430973681065
BTC-USD,2026-08-30T18:38:30.931539Z,79142.33,79142.34,0.01,79142.335,0.3905954952733824430973681065
BTC-USD,2026-08-30T18:38:30.973381Z,79142.33,79142.34,0.01,79142.335,0.3905954952733824430973681065
BTC-USD,2026-08-30T18:38:31.025422Z,79142.33,79142.34,0.01,79142.335,0.3026748351171680088818938139
BTC-USD,2026-08-30T18:38:31.067229Z,79142.33,79142.34,0.01,79142.335,0.3026748351171680088818938139
BTC-USD,2026-08-30T18:38:31.084732Z,79142.33,79142.34,0.01,79142.335,0.3026748351171680088818938139
BTC-USD,2026-08-30T18:38:31.131788Z,79142.33,79142.34,0.01,79142.335,0.3026748351171680088818938139
BTC-USD,2026-08-30T18:38:31.202133Z,79142.33,79142.34,0.01,79142.335,0.5172153339718593483573830919
BTC-USD,2026-08-30T18:38:31.269952Z,79142.33,79142.34,0.01,79142.335,0.5187519734256888307322881642
BTC-USD,2026-08-30T18:38:31.291013Z,79142.33,79142.34,0.01,79142.335,0.6204878801926517845455352271
BTC-USD,2026-08-30T18:38:31.350429Z,79142.33,79142.34,0.01,79142.335,0.6204878801926517845455352271
BTC-USD,2026-08-30T18:38:31.403016Z,79142.33,79142.34,0.01,79142.335,0.5400661255602761651992785025
BTC-USD,2026-08-30T18:38:31.452059Z,79142.33,79142.34,0.01,79142.335,0.5400214965897259444123471920
BTC-USD,2026-08-30T18:38:31.518641Z,79142.33,79142.34,0.01,79142.335,0.5400211579920204316459237439
BTC-USD,2026-08-30T18:38:31.559136Z,79142.33,79142.34,0.01,79142.335,0.5400211579920204316459237439
BTC-USD,2026-08-30T18:38:31.736702Z,79142.33,79142.34,0.01,79142.335,0.6774083000802466915223266937
BTC-USD,2026-08-30T18:38:31.757055Z,79142.33,79142.34,0.01,79142.335,0.6774083000802466915223266937
BTC-USD,2026-08-30T18:38:31.873803Z,79142.33,79142.34,0.01,79142.335,0.6774083000802466915223266937
BTC-USD,2026-08-30T18:38:31.923561Z,79142.33,79142.34,0.01,79142.335,0.6529786116472739301279884262
BTC-USD,2026-08-30T18:38:31.963956Z,79142.33,79142.34,0.01,79142.335,0.6774082395207321356861823206
BTC-USD,2026-08-30T18:38:32.023275Z,79142.33,79142.34,0.01,79142.335,0.5040383970164680617718432456
BTC-USD,2026-08-30T18:38:32.048677Z,79142.33,79142.34,0.01,79142.335,0.5040398892683887820038260642
BTC-USD,2026-08-30T18:38:32.090065Z,79142.33,79142.34,0.01,79142.335,0.5040398892683887820038260642
BTC-USD,2026-08-30T18:38:32.136597Z,79142.33,79142.34,0.01,79142.335,0.5040398892683887820038260642
BTC-USD,2026-08-30T18:38:32.211479Z,79142.33,79142.34,0.01,79142.335,0.5037507330186433494161978250
BTC-USD,2026-08-30T18:38:32.277788Z,79142.33,79142.34,0.01,79142.335,0.5037507330186433494161978250
BTC-USD,2026-08-30T18:38:32.301814Z,79142.33,79142.34,0.01,79142.335,0.5037507330186433494161978250
BTC-USD,2026-08-30T18:38:32.37673Z,79142.33,79142.34,0.01,79142.335,0.5037507330186433494161978250
BTC-USD,2026-08-30T18:38:32.417377Z,79142.33,79142.34,0.01,79142.335,0.4895195208190080218409254045
BTC-USD,2026-08-30T18:38:32.481662Z,79142.33,79142.34,0.01,79142.335,0.4554680175711983330645884998
BTC-USD,2026-08-30T18:38:32.520941Z,79142.33,79142.34,0.01,79142.335,0.4554680175711983330645884998
BTC-USD,2026-08-30T18:38:32.550384Z,79142.33,79142.34,0.01,79142.335,0.4554680175711983330645884998
BTC-USD,2026-08-30T18:38:32.676693Z,79142.33,79142.34,0.01,79142.335,0.4554680175711983330645884998
BTC-USD,2026-08-30T18:38:32.704916Z,79142.33,79142.34,0.01,79142.335,0.4554680175711983330645884998
BTC-USD,2026-08-30T18:38:32.776482Z,79142.33,79142.34,0.01,79142.335,0.4554680175711983330645884998
BTC-USD,2026-08-30T18:38:32.826913Z,79142.33,79142.34,0.01,79142.335,0.4554680175711983330645884998
BTC-USD,2026-08-30T18:38:32.83759Z,79142.33,79142.34,0.01,79142.335,0.4554680175711983330645884998
BTC-USD,2026-08-30T18:38:32.931245Z,79142.33,79142.34,0.01,79142.335,0.4554679933560582077321760911
BTC-USD,2026-08-30T18:38:32.975504Z,79142.33,79142.34,0.01,79142.335,0.4554679933560582077321760911
BTC-USD,2026-08-30T18:38:33.029725Z,79142.33,79142.34,0.01,79142.335,0.4554679933560582077321760911
BTC-USD,2026-08-30T18:38:33.071787Z,79142.33,79142.34,0.01,79142.335,0.4554679933560582077321760911
BTC-USD,2026-08-30T18:38:33.10693Z,79142.33,79142.34,0.01,79142.335,0.08001367806217203968289662886
BTC-USD,2026-08-30T18:38:33.157908Z,79142.33,79142.34,0.01,79142.335,-0.1870464480555658796646181104
BTC-USD,2026-08-30T18:38:33.201538Z,79142.33,79142.34,0.01,79142.335,0.2435121439140473277006547089
BTC-USD,2026-08-30T18:38:33.270358Z,79142.33,79142.34,0.01,79142.335,-0.1723952737066389089543340719
BTC-USD,2026-08-30T18:38:33.319268Z,79142.33,79142.34,0.01,79142.335,-0.1070550061473135172008961711
BTC-USD,2026-08-30T18:38:33.375392Z,79142.33,79142.34,0.01,79142.335,0.1030467005084001768213802132
BTC-USD,2026-08-30T18:38:33.425546Z,79142.33,79142.34,0.01,79142.335,0.2729717822657460386848892667
BTC-USD,2026-08-30T18:38:33.466626Z,79142.33,79142.34,0.01,79142.335,0.2729717822657460386848892667
BTC-USD,2026-08-30T18:38:33.488772Z,79142.33,79142.34,0.01,79142.335,0.2729717822657460386848892667
BTC-USD,2026-08-30T18:38:33.553805Z,79142.33,79142.34,0.01,79142.335,0.2729716727736709942553781188
BTC-USD,2026-08-30T18:38:33.599982Z,79142.33,79142.34,0.01,79142.335,0.2246326956762429668796027228
BTC-USD,2026-08-30T18:38:33.676319Z,79142.33,79142.34,0.01,79142.335,0.3933358194418718708674080510
BTC-USD,2026-08-30T18:38:33.710993Z,79142.33,79142.34,0.01,79142.335,0.3968821654500305251448539849
BTC-USD,2026-08-30T18:38:33.748845Z,79142.33,79142.34,0.01,79142.335,0.3089080662435789434350756029
BTC-USD,2026-08-30T18:38:33.832542Z,79142.33,79142.34,0.01,79142.335,0.3089080662435789434350756029
BTC-USD,2026-08-30T18:38:33.872203Z,79142.33,79142.34,0.01,79142.335,0.3089080662435789434350756029
BTC-USD,2026-08-30T18:38:33.937122Z,79142.33,79142.34,0.01,79142.335,0.3089078685108924056972742184
BTC-USD,2026-08-30T18:38:33.960646Z,79142.33,79142.34,0.01,79142.335,0.3089078685108924056972742184
BTC-USD,2026-08-30T18:38:34.037454Z,79142.33,79142.34,0.01,79142.335,0.3089078685108924056972742184
BTC-USD,2026-08-30T18:38:34.046785Z,79142.33,79142.34,0.01,79142.335,0.3089078685108924056972742184
BTC-USD,2026-08-30T18:38:34.112Z,79142.33,79142.34,0.01,79142.335,0.3089078685108924056972742184
BTC-USD,2026-08-30T18:38:34.122856Z,79142.33,79142.34,0.01,79142.335,0.3089078685108924056972742184
BTC-USD,2026-08-30T18:38:34.141652Z,79142.33,79142.34,0.01,79142.335,0.3089078685108924056972742184
BTC-USD,2026-08-30T18:38:34.222178Z,79142.33,79142.34,0.01,79142.335,0.3089078685108924056972742184
BTC-USD,2026-08-30T18:38:34.289044Z,79142.33,79142.34,0.01,79142.335,0.3089078685108924056972742184
BTC-USD,2026-08-30T18:38:34.387622Z,79142.33,79142.34,0.01,79142.335,0.3089078685108924056972742184
BTC-USD,2026-08-30T18:38:34.401368Z,79142.33,79142.34,0.01,79142.335,0.3089078685108924056972742184
BTC-USD,2026-08-30T18:38:34.467605Z,79142.33,79142.34,0.01,79142.335,0.3089078685108924056972742184
BTC-USD,2026-08-30T18:38:34.523342Z,79142.33,79142.34,0.01,79142.335,0.3089078685108924056972742184
BTC-USD,2026-08-30T18:38:34.559844Z,79142.33,79142.34,0.01,79142.335,0.3089078685108924056972742184
BTC-USD,2026-08-30T18:38:34.594598Z,79142.33,79142.34,0.01,79142.335,0.3089078685108924056972742184
BTC-USD,2026-08-30T18:38:34.672207Z,79142.33,79142.34,0.01,79142.335,0.3100584814680773452051513451
BTC-USD,2026-08-30T18:38:34.709238Z,79142.33,79142.34,0.01,79142.335,0.3100584814680773452051513451
BTC-USD,2026-08-30T18:38:34.746559Z,79142.33,79142.34,0.01,79142.335,0.3100584024372426232923955183
BTC-USD,2026-08-30T18:38:34.759096Z,79142.33,79142.34,0.01,79142.335,0.3100584024372426232923955183
BTC-USD,2026-08-30T18:38:34.880051Z,79142.33,79142.34,0.01,79142.335,0.3100584024372426232923955183
BTC-USD,2026-08-30T18:38:34.915139Z,79142.33,79142.34,0.01,79142.335,0.3100584024372426232923955183
BTC-USD,2026-08-30T18:38:34.975138Z,79142.33,79142.34,0.01,79142.335,0.3100584024372426232923955183
BTC-USD,2026-08-30T18:38:35.031715Z,79142.33,79142.34,0.01,79142.335,0.3100584024372426232923955183
BTC-USD,2026-08-30T18:38:35.076386Z,79142.33,79142.34,0.01,79142.335,0.3100584024372426232923955183
BTC-USD,2026-08-30T18:38:35.112999Z,79142.33,79142.34,0.01,79142.335,0.3100584024372426232923955183
BTC-USD,2026-08-30T18:38:35.169543Z,79142.33,79142.34,0.01,79142.335,0.3100584024372426232923955183
BTC-USD,2026-08-30T18:38:35.213873Z,79142.33,79142.34,0.01,79142.335,0.3100584024372426232923955183
BTC-USD,2026-08-30T18:38:35.269136Z,79142.33,79142.34,0.01,79142.335,0.3100584024372426232923955183
BTC-USD,2026-08-30T18:38:35.323275Z,79142.33,79142.34,0.01,79142.335,0.3100584024372426232923955183
BTC-USD,2026-08-30T18:38:35.376549Z,79142.33,79142.34,0.01,79142.335,0.3100581851023537814474623460
BTC-USD,2026-08-30T18:38:35.419532Z,79142.33,79142.34,0.01,79142.335,0.3100581851023537814474623460
BTC-USD,2026-08-30T18:38:35.475508Z,79142.33,79142.34,0.01,79142.335,0.3100581851023537814474623460
BTC-USD,2026-08-30T18:38:35.522316Z,79142.33,79142.34,0.01,79142.335,0.3191128927639171016649256740
BTC-USD,2026-08-30T18:38:35.575533Z,79142.33,79142.34,0.01,79142.335,0.3191128927639171016649256740
BTC-USD,2026-08-30T18:38:35.619385Z,79142.33,79142.34,0.01,79142.335,0.3191126571655253638258733789
BTC-USD,2026-08-30T18:38:35.675049Z,79142.33,79142.34,0.01,79142.335,0.2308410775687844268799962334
BTC-USD,2026-08-30T18:38:35.726279Z,79142.33,79142.34,0.01,79142.335,0.2308410775687844268799962334
BTC-USD,2026-08-30T18:38:35.781142Z,79142.33,79142.34,0.01,79142.335,0.2308410775687844268799962334
BTC-USD,2026-08-30T18:38:35.835634Z,79142.33,79142.34,0.01,79142.335,0.2308410775687844268799962334
BTC-USD,2026-08-30T18:38:35.877063Z,79142.33,79142.34,0.01,79142.335,0.2308410775687844268799962334
BTC-USD,2026-08-30T18:38:35.936972Z,79142.33,79142.34,0.01,79142.335,0.2308410775687844268799962334
BTC-USD,2026-08-30T18:38:35.982614Z,79142.33,79142.34,0.01,79142.335,0.2308752019573212894698853432
BTC-USD,2026-08-30T18:38:36.024448Z,79142.33,79142.34,0.01,79142.335,0.2308752019573212894698853432
BTC-USD,2026-08-30T18:38:36.0769Z,79142.33,79142.34,0.01,79142.335,0.2308745819167018825914771604
BTC-USD,2026-08-30T18:38:36.114734Z,79142.33,79142.34,0.01,79142.335,0.2308745819167018825914771604
BTC-USD,2026-08-30T18:38:36.167767Z,79142.33,79142.34,0.01,79142.335,0.2308745819167018825914771604
BTC-USD,2026-08-30T18:38:36.211131Z,79142.33,79142.34,0.01,79142.335,0.2308745819167018825914771604
BTC-USD,2026-08-30T18:38:36.270439Z,79142.33,79142.34,0.01,79142.335,0.2308745819167018825914771604
BTC-USD,2026-08-30T18:38:36.325517Z,79142.33,79142.34,0.01,79142.335,0.5521333158191570361073074822
BTC-USD,2026-08-30T18:38:36.364946Z,79142.33,79142.34,0.01,79142.335,0.7462668801530266068306431282
BTC-USD,2026-08-30T18:38:36.406908Z,79142.33,79142.34,0.01,79142.335,0.7568497781501833943246333886
BTC-USD,2026-08-30T18:38:36.475232Z,79142.33,79142.34,0.01,79142.335,0.7568497781501833943246333886
BTC-USD,2026-08-30T18:38:36.509793Z,79142.33,79142.34,0.01,79142.335,0.7461469174564556129186232095
BTC-USD,2026-08-30T18:38:36.568581Z,79142.33,79142.34,0.01,79142.335,0.7461469041917098008795192164
BTC-USD,2026-08-30T18:38:36.605678Z,79142.33,79142.34,0.01,79142.335,0.7461469041917098008795192164
BTC-USD,2026-08-30T18:38:36.694478Z,79142.33,79142.34,0.01,79142.335,0.7568497659803848619155807647
BTC-USD,2026-08-30T18:38:36.747755Z,79142.33,79142.34,0.01,79142.335,0.7568497659803848619155807647
BTC-USD,2026-08-30T18:38:36.87436Z,79142.33,79142.34,0.01,79142.335,0.7568497659803848619155807647
BTC-USD,2026-08-30T18:38:36.975268Z,79142.33,79142.34,0.01,79142.335,0.7461469041917098008795192164
BTC-USD,2026-08-30T18:38:37.02729Z,79142.33,79142.34,0.01,79142.335,0.7461469041917098008795192164
BTC-USD,2026-08-30T18:38:37.047093Z,79142.33,79142.34,0.01,79142.335,0.7461469041917098008795192164
BTC-USD,2026-08-30T18:38:37.060897Z,79142.33,79142.34,0.01,79142.335,0.7461469041917098008795192164
BTC-USD,2026-08-30T18:38:37.171811Z,79142.33,79142.34,0.01,79142.335,0.7461469041917098008795192164
BTC-USD,2026-08-30T18:38:37.276893Z,79142.33,79142.34,0.01,79142.335,0.7534677464944031907885346989
BTC-USD,2026-08-30T18:38:37.335686Z,79142.33,79142.34,0.01,79142.335,0.7534677464944031907885346989
BTC-USD,2026-08-30T18:38:37.380175Z,79142.33,79142.34,0.01,79142.335,0.7534677464944031907885346989
BTC-USD,2026-08-30T18:38:37.423386Z,79142.33,79142.34,0.01,79142.335,0.7534677163098967968362590109
BTC-USD,2026-08-30T18:38:37.481913Z,79142.33,79142.34,0.01,79142.335,0.7534677163098967968362590109
BTC-USD,2026-08-30T18:38:37.500865Z,79142.33,79142.34,0.01,79142.335,0.7534677163098967968362590109
BTC-USD,2026-08-30T18:38:37.553687Z,79142.33,79142.34,0.01,79142.335,0.7534677163098967968362590109
BTC-USD,2026-08-30T18:38:37.567054Z,79142.33,79142.34,0.01,79142.335,0.7534677163098967968362590109
BTC-USD,2026-08-30T18:38:37.655357Z,79142.33,79142.34,0.01,79142.335,0.7534677163098967968362590109
BTC-USD,2026-08-30T18:38:37.71018Z,79142.33,79142.34,0.01,79142.335,0.7534677163098967968362590109
BTC-USD,2026-08-30T18:38:37.76468Z,79142.33,79142.34,0.01,79142.335,0.7534677163098967968362590109
BTC-USD,2026-08-30T18:38:37.827405Z,79142.33,79142.34,0.01,79142.335,0.7534677163098967968362590109
BTC-USD,2026-08-30T18:38:37.866854Z,79142.33,79142.34,0.01,79142.335,0.7534677033736775081951018256
BTC-USD,2026-08-30T18:38:37.967682Z,79142.33,79142.34,0.01,79142.335,0.7534677033736775081951018256
BTC-USD,2026-08-30T18:38:38.017847Z,79142.33,79142.34,0.01,79142.335,0.7534677033736775081951018256
BTC-USD,2026-08-30T18:38:38.06969Z,79142.33,79142.34,0.01,79142.335,0.7534677033736775081951018256
BTC-USD,2026-08-30T18:38:38.132393Z,79142.33,79142.34,0.01,79142.335,0.7534677033736775081951018256
BTC-USD,2026-08-30T18:38:38.15398Z,79142.33,79142.34,0.01,79142.335,0.7534677033736775081951018256
BTC-USD,2026-08-30T18:38:38.226095Z,79142.33,79142.34,0.01,79142.335,0.7534677033736775081951018256
BTC-USD,2026-08-30T18:38:38.274065Z,79142.33,79142.34,0.01,79142.335,0.6721482636905737073958943082
BTC-USD,2026-08-30T18:38:38.317548Z,79142.33,79142.34,0.01,79142.335,0.6721482636905737073958943082
BTC-USD,2026-08-30T18:38:38.358583Z,79142.33,79142.34,0.01,79142.335,0.6721482636905737073958943082
BTC-USD,2026-08-30T18:38:38.430542Z,79142.33,79142.34,0.01,79142.335,0.6721482636905737073958943082
BTC-USD,2026-08-30T18:38:38.464471Z,79142.33,79142.34,0.01,79142.335,0.6721482636905737073958943082
BTC-USD,2026-08-30T18:38:38.530864Z,79142.33,79142.34,0.01,79142.335,0.6720033669255499918308235052
BTC-USD,2026-08-30T18:38:38.571804Z,79142.33,79142.34,0.01,79142.335,0.6720033669255499918308235052
BTC-USD,2026-08-30T18:38:38.623819Z,79142.33,79142.34,0.01,79142.335,0.6851997365769521786524400101
BTC-USD,2026-08-30T18:38:38.678456Z,79142.33,79142.34,0.01,79142.335,0.6721518673808297663402338057
BTC-USD,2026-08-30T18:38:38.721146Z,79142.33,79142.34,0.01,79142.335,0.6721518673808297663402338057
BTC-USD,2026-08-30T18:38:38.765252Z,79142.33,79142.34,0.01,79142.335,0.6721529118346695396336406677
BTC-USD,2026-08-30T18:38:38.83486Z,79142.33,79142.34,0.01,79142.335,0.6721529118346695396336406677
BTC-USD,2026-08-30T18:38:38.901219Z,79142.33,79142.34,0.01,79142.335,0.6721529118346695396336406677
BTC-USD,2026-08-30T18:38:38.974745Z,79142.33,79142.34,0.01,79142.335,0.6721528899613589207638706943
BTC-USD,2026-08-30T18:38:39.01654Z,79142.33,79142.34,0.01,79142.335,0.6721528899613589207638706943
BTC-USD,2026-08-30T18:38:39.054844Z,79142.33,79142.34,0.01,79142.335,0.6721528899613589207638706943
BTC-USD,2026-08-30T18:38:39.149258Z,79142.33,79142.34,0.01,79142.335,0.6721528899613589207638706943
BTC-USD,2026-08-30T18:38:39.212656Z,79142.33,79142.34,0.01,79142.335,0.6721528899613589207638706943
BTC-USD,2026-08-30T18:38:39.276257Z,79142.33,79142.34,0.01,79142.335,0.6721528899613589207638706943
BTC-USD,2026-08-30T18:38:39.323551Z,79142.33,79142.34,0.01,79142.335,0.6721912684248559975110936276
BTC-USD,2026-08-30T18:38:39.370628Z,79142.33,79142.34,0.01,79142.335,0.6721912684248559975110936276
BTC-USD,2026-08-30T18:38:39.431079Z,79142.33,79142.34,0.01,79142.335,0.6721912684248559975110936276
BTC-USD,2026-08-30T18:38:39.468818Z,79142.33,79142.34,0.01,79142.335,0.6721912684248559975110936276
BTC-USD,2026-08-30T18:38:39.484903Z,79142.33,79142.34,0.01,79142.335,0.6721912684248559975110936276
BTC-USD,2026-08-30T18:38:39.565988Z,79142.33,79142.34,0.01,79142.335,0.5227059820547222775744015256
BTC-USD,2026-08-30T18:38:39.609613Z,79142.33,79142.34,0.01,79142.335,0.5227059820547222775744015256
BTC-USD,2026-08-30T18:38:39.624791Z,79142.33,79142.34,0.01,79142.335,0.5227059820547222775744015256
BTC-USD,2026-08-30T18:38:39.684498Z,79142.33,79142.34,0.01,79142.335,0.5227059820547222775744015256
BTC-USD,2026-08-30T18:38:39.763673Z,79142.33,79142.34,0.01,79142.335,0.5227059820547222775744015256
BTC-USD,2026-08-30T18:38:39.82475Z,79142.33,79142.34,0.01,79142.335,0.5227059820547222775744015256
BTC-USD,2026-08-30T18:38:39.857304Z,79142.33,79142.34,0.01,79142.335,0.5227059820547222775744015256
BTC-USD,2026-08-30T18:38:39.89137Z,79142.33,79142.34,0.01,79142.335,0.5227059820547222775744015256
BTC-USD,2026-08-30T18:38:39.969961Z,79142.33,79142.34,0.01,79142.335,0.5227059820547222775744015256
BTC-USD,2026-08-30T18:38:40.026897Z,79142.33,79142.34,0.01,79142.335,0.5227059820547222775744015256
BTC-USD,2026-08-30T18:38:40.074539Z,79142.33,79142.34,0.01,79142.335,0.5227055763472144978713173061
BTC-USD,2026-08-30T18:38:40.165186Z,79142.33,79142.34,0.01,79142.335,0.5227055763472144978713173061
BTC-USD,2026-08-30T18:38:40.202142Z,79142.33,79142.34,0.01,79142.335,0.5227055763472144978713173061
BTC-USD,2026-08-30T18:38:40.26191Z,79142.33,79142.34,0.01,79142.335,0.5227055763472144978713173061
BTC-USD,2026-08-30T18:38:40.335262Z,79142.33,79142.34,0.01,79142.335,0.5226538051489784370438909005
BTC-USD,2026-08-30T18:38:40.481312Z,79142.33,79142.34,0.01,79142.335,0.5226538051489784370438909005
BTC-USD,2026-08-30T18:38:40.525245Z,79142.33,79142.34,0.01,79142.335,0.5226538051489784370438909005
BTC-USD,2026-08-30T18:38:40.583578Z,79142.33,79142.34,0.01,79142.335,0.5226538051489784370438909005
BTC-USD,2026-08-30T18:38:40.597659Z,79142.33,79142.34,0.01,79142.335,0.5226538051489784370438909005
BTC-USD,2026-08-30T18:38:40.670075Z,79142.33,79142.34,0.01,79142.335,0.5226538051489784370438909005
BTC-USD,2026-08-30T18:38:40.731322Z,79142.33,79142.34,0.01,79142.335,0.5226538051489784370438909005
BTC-USD,2026-08-30T18:38:40.762945Z,79142.33,79142.34,0.01,79142.335,0.2931739245675350877666355770
BTC-USD,2026-08-30T18:38:40.806373Z,79142.33,79142.34,0.01,79142.335,0.2501216059954345132591157460
BTC-USD,2026-08-30T18:38:40.855684Z,79142.33,79142.34,0.01,79142.335,0.2501216059954345132591157460
BTC-USD,2026-08-30T18:38:40.92908Z,79142.33,79142.34,0.01,79142.335,0.5841294297584797040609777480
BTC-USD,2026-08-30T18:38:40.966867Z,79142.33,79142.34,0.01,79142.335,0.5841294297584797040609777480
BTC-USD,2026-08-30T18:38:41.022674Z,79142.33,79142.34,0.01,79142.335,0.5037047170459706085967009043
BTC-USD,2026-08-30T18:38:41.070742Z,79142.33,79142.34,0.01,79142.335,0.4561168649679365784215131845
BTC-USD,2026-08-30T18:38:41.115556Z,79142.33,79142.34,0.01,79142.335,0.4561168649679365784215131845
BTC-USD,2026-08-30T18:38:41.182147Z,79142.33,79142.34,0.01,79142.335,0.4584040153376034287879880441
BTC-USD,2026-08-30T18:38:41.206756Z,79142.33,79142.34,0.01,79142.335,0.4578970166585401150953280032
BTC-USD,2026-08-30T18:38:41.284881Z,79142.33,79142.34,0.01,79142.335,0.5035448223973459036747468186
BTC-USD,2026-08-30T18:38:41.323445Z,79142.33,79142.34,0.01,79142.335,0.4146288524036707467534807321
BTC-USD,2026-08-30T18:38:41.356424Z,79142.33,79142.34,0.01,79142.335,0.4146287630285473084440508122
BTC-USD,2026-08-30T18:38:41.428948Z,79142.33,79142.34,0.01,79142.335,0.4146287630285473084440508122
BTC-USD,2026-08-30T18:38:41.455144Z,79142.33,79142.34,0.01,79142.335,0.4146287630285473084440508122
BTC-USD,2026-08-30T18:38:41.50077Z,79142.33,79142.34,0.01,79142.335,0.4146287630285473084440508122
BTC-USD,2026-08-30T18:38:41.577912Z,79142.33,79142.34,0.01,79142.335,0.4146287630285473084440508122
BTC-USD,2026-08-30T18:38:41.596543Z,79142.33,79142.34,0.01,79142.335,0.4146287630285473084440508122
BTC-USD,2026-08-30T18:38:41.66449Z,79142.33,79142.34,0.01,79142.335,0.4146287630285473084440508122
BTC-USD,2026-08-30T18:38:41.773298Z,79142.33,79142.34,0.01,79142.335,0.4146287630285473084440508122
BTC-USD,2026-08-30T18:38:41.824672Z,79142.33,79142.34,0.01,79142.335,0.4146287630285473084440508122
BTC-USD,2026-08-30T18:38:41.878526Z,79142.33,79142.34,0.01,79142.335,0.5052715894354367946456888565
BTC-USD,2026-08-30T18:38:41.918643Z,79142.33,79142.34,0.01,79142.335,0.5052715128283444932684886711
BTC-USD,2026-08-30T18:38:41.98709Z,79142.33,79142.34,0.01,79142.335,0.5052715128283444932684886711
BTC-USD,2026-08-30T18:38:42.023609Z,79142.33,79142.34,0.01,79142.335,0.4702153503835174920368136111
BTC-USD,2026-08-30T18:38:42.079912Z,79142.33,79142.34,0.01,79142.335,0.4702153503835174920368136111
BTC-USD,2026-08-30T18:38:42.111645Z,79142.33,79142.34,0.01,79142.335,0.4702153503835174920368136111
BTC-USD,2026-08-30T18:38:42.153074Z,79142.33,79142.34,0.01,79142.335,0.4702153503835174920368136111
BTC-USD,2026-08-30T18:38:42.265304Z,79142.33,79142.34,0.01,79142.335,0.4702153503835174920368136111
BTC-USD,2026-08-30T18:38:42.314386Z,79142.33,79142.34,0.01,79142.335,0.4599027519725239634850078519
BTC-USD,2026-08-30T18:38:42.363915Z,79142.33,79142.34,0.01,79142.335,0.4599027519725239634850078519
BTC-USD,2026-08-30T18:38:42.405934Z,79142.33,79142.34,0.01,79142.335,0.4599026926856834119273085405
BTC-USD,2026-08-30T18:38:42.475377Z,79142.33,79142.34,0.01,79142.335,0.4599026926856834119273085405
BTC-USD,2026-08-30T18:38:42.519944Z,79142.33,79142.34,0.01,79142.335,0.4599026926856834119273085405
BTC-USD,2026-08-30T18:38:42.56478Z,79142.33,79142.34,0.01,79142.335,0.4599026926856834119273085405
BTC-USD,2026-08-30T18:38:42.610207Z,79142.33,79142.34,0.01,79142.335,0.4599026926856834119273085405
BTC-USD,2026-08-30T18:38:42.63903Z,79142.33,79142.34,0.01,79142.335,0.4599026926856834119273085405
BTC-USD,2026-08-30T18:38:42.682816Z,79142.33,79142.34,0.01,79142.335,0.4599026926856834119273085405
BTC-USD,2026-08-30T18:38:42.785394Z,79142.33,79142.34,0.01,79142.335,0.4599026926856834119273085405
BTC-USD,2026-08-30T18:38:42.835811Z,79142.33,79142.34,0.01,79142.335,0.4599026926856834119273085405
BTC-USD,2026-08-30T18:38:42.869676Z,79142.33,79142.34,0.01,79142.335,0.4599026926856834119273085405
BTC-USD,2026-08-30T18:38:42.916441Z,79142.33,79142.34,0.01,79142.335,0.4599026926856834119273085405
BTC-USD,2026-08-30T18:38:42.958059Z,79142.33,79142.34,0.01,79142.335,0.4599026926856834119273085405
BTC-USD,2026-08-30T18:38:43.019707Z,79142.33,79142.34,0.01,79142.335,0.4599026926856834119273085405
BTC-USD,2026-08-30T18:38:43.065605Z,79142.33,79142.34,0.01,79142.335,0.4599026926856834119273085405
BTC-USD,2026-08-30T18:38:43.078121Z,79142.33,79142.34,0.01,79142.335,0.4599026926856834119273085405
BTC-USD,2026-08-30T18:38:43.135184Z,79142.33,79142.34,0.01,79142.335,0.4599026926856834119273085405
BTC-USD,2026-08-30T18:38:43.199263Z,79142.33,79142.34,0.01,79142.335,0.4599026926856834119273085405
BTC-USD,2026-08-30T18:38:43.265464Z,79142.33,79142.34,0.01,79142.335,0.4637542076730611135535320240
BTC-USD,2026-08-30T18:38:43.292768Z,79142.33,79142.34,0.01,79142.335,0.4990922490687511487122381614
BTC-USD,2026-08-30T18:38:43.385504Z,79142.33,79142.34,0.01,79142.335,0.4990922490687511487122381614
BTC-USD,2026-08-30T18:38:43.429074Z,79142.33,79142.34,0.01,79142.335,0.4995540767978248295808244770
BTC-USD,2026-08-30T18:38:43.473296Z,79142.33,79142.34,0.01,79142.335,0.4839448583580389045639193276
BTC-USD,2026-08-30T18:38:43.485085Z,79142.33,79142.34,0.01,79142.335,0.4839448583580389045639193276
BTC-USD,2026-08-30T18:38:43.576489Z,79142.33,79142.34,0.01,79142.335,0.4839448583580389045639193276
BTC-USD,2026-08-30T18:38:43.635556Z,79142.33,79142.34,0.01,79142.335,0.4839448583580389045639193276
BTC-USD,2026-08-30T18:38:43.650266Z,79142.33,79142.34,0.01,79142.335,0.4839448583580389045639193276
BTC-USD,2026-08-30T18:38:43.727277Z,79142.33,79142.34,0.01,79142.335,0.4839448583580389045639193276
BTC-USD,2026-08-30T18:38:43.764685Z,79142.33,79142.34,0.01,79142.335,0.4839448583580389045639193276
BTC-USD,2026-08-30T18:38:43.807208Z,79142.33,79142.34,0.01,79142.335,0.4463074190231853861477523925
BTC-USD,2026-08-30T18:38:43.873225Z,79142.33,79142.34,0.01,79142.335,0.4463074190231853861477523925
BTC-USD,2026-08-30T18:38:43.886345Z,79142.33,79142.34,0.01,79142.335,0.4463074190231853861477523925
BTC-USD,2026-08-30T18:38:43.966956Z,79142.33,79142.34,0.01,79142.335,0.4463074190231853861477523925
BTC-USD,2026-08-30T18:38:44.024782Z,79142.33,79142.34,0.01,79142.335,0.4463074190231853861477523925
BTC-USD,2026-08-30T18:38:44.078003Z,79142.33,79142.34,0.01,79142.335,0.4463074190231853861477523925
BTC-USD,2026-08-30T18:38:44.089484Z,79142.33,79142.34,0.01,79142.335,0.4463074190231853861477523925
BTC-USD,2026-08-30T18:38:44.164233Z,79142.33,79142.34,0.01,79142.335,0.4463074190231853861477523925
BTC-USD,2026-08-30T18:38:44.203329Z,79142.33,79142.34,0.01,79142.335,0.4463074190231853861477523925
BTC-USD,2026-08-30T18:38:44.283922Z,79142.33,79142.34,0.01,79142.335,0.4463074190231853861477523925
BTC-USD,2026-08-30T18:38:44.299596Z,79142.33,79142.34,0.01,79142.335,0.4463074190231853861477523925
BTC-USD,2026-08-30T18:38:44.375887Z,79142.33,79142.34,0.01,79142.335,0.4463074190231853861477523925
BTC-USD,2026-08-30T18:38:44.410988Z,79142.33,79142.34,0.01,79142.335,0.4418819329459752146915527791
BTC-USD,2026-08-30T18:38:44.477921Z,79142.33,79142.34,0.01,79142.335,0.4418815847466273976958253786
BTC-USD,2026-08-30T18:38:44.531724Z,79142.33,79142.34,0.01,79142.335,0.4418815847466273976958253786
BTC-USD,2026-08-30T18:38:44.569901Z,79142.33,79142.34,0.01,79142.335,0.4797116765722186020959627810
BTC-USD,2026-08-30T18:38:44.588611Z,79142.33,79142.34,0.01,79142.335,0.4418815847466273976958253786
BTC-USD,2026-08-30T18:38:44.65842Z,79142.33,79142.34,0.01,79142.335,0.4418815847466273976958253786
BTC-USD,2026-08-30T18:38:44.76684Z,79142.33,79142.34,0.01,79142.335,0.4418815847466273976958253786
BTC-USD,2026-08-30T18:38:44.815055Z,79142.33,79142.34,0.01,79142.335,0.4418815847466273976958253786
BTC-USD,2026-08-30T18:38:44.833913Z,79142.33,79142.34,0.01,79142.335,0.4418815847466273976958253786
BTC-USD,2026-08-30T18:38:44.923141Z,79142.33,79142.34,0.01,79142.335,0.4418815847466273976958253786
BTC-USD,2026-08-30T18:38:44.95452Z,79142.33,79142.34,0.01,79142.335,0.4418815847466273976958253786
BTC-USD,2026-08-30T18:38:45.02532Z,79142.33,79142.34,0.01,79142.335,0.4418815847466273976958253786
BTC-USD,2026-08-30T18:38:45.072139Z,79142.33,79142.34,0.01,79142.335,0.4418815847466273976958253786
BTC-USD,2026-08-30T18:38:45.123583Z,79142.33,79142.34,0.01,79142.335,0.4418815847466273976958253786
BTC-USD,2026-08-30T18:38:45.172964Z,79142.33,79142.34,0.01,79142.335,0.4315054804217749259109900092
BTC-USD,2026-08-30T18:38:45.19099Z,79142.33,79142.34,0.01,79142.335,0.06420903552255659538413687771
BTC-USD,2026-08-30T18:38:45.264304Z,79142.33,79142.34,0.01,79142.335,0.4315054804217749259109900092
BTC-USD,2026-08-30T18:38:45.292016Z,79142.33,79142.34,0.01,79142.335,0.4315054804217749259109900092
BTC-USD,2026-08-30T18:38:45.366976Z,79142.33,79142.34,0.01,79142.335,0.4315054804217749259109900092
BTC-USD,2026-08-30T18:38:45.383384Z,79142.33,79142.34,0.01,79142.335,0.4315054804217749259109900092
BTC-USD,2026-08-30T18:38:45.531595Z,79142.33,79142.34,0.01,79142.335,0.4315054804217749259109900092
BTC-USD,2026-08-30T18:38:45.571569Z,79142.33,79142.34,0.01,79142.335,0.4315054804217749259109900092
BTC-USD,2026-08-30T18:38:45.589006Z,79142.33,79142.34,0.01,79142.335,0.4315049220997673765860040677
BTC-USD,2026-08-30T18:38:45.696589Z,79142.33,79142.34,0.01,79142.335,0.4315049220997673765860040677
BTC-USD,2026-08-30T18:38:45.784262Z,79142.33,79142.34,0.01,79142.335,0.4324956018163155235281689996
BTC-USD,2026-08-30T18:38:45.795324Z,79142.33,79142.34,0.01,79142.335,0.4324956018163155235281689996
BTC-USD,2026-08-30T18:38:45.88142Z,79142.33,79142.34,0.01,79142.335,0.4324956018163155235281689996
BTC-USD,2026-08-30T18:38:45.923534Z,79142.33,79142.34,0.01,79142.335,0.4324956018163155235281689996
BTC-USD,2026-08-30T18:38:45.972603Z,79142.33,79142.34,0.01,79142.335,0.4324956018163155235281689996
BTC-USD,2026-08-30T18:38:46.022441Z,79142.33,79142.34,0.01,79142.335,0.4324956018163155235281689996
BTC-USD,2026-08-30T18:38:46.063219Z,79142.33,79142.34,0.01,79142.335,0.4324956018163155235281689996
BTC-USD,2026-08-30T18:38:46.180045Z,79142.33,79142.34,0.01,79142.335,0.4324956018163155235281689996
BTC-USD,2026-08-30T18:38:46.204459Z,79142.33,79142.34,0.01,79142.335,0.4324956018163155235281689996
BTC-USD,2026-08-30T18:38:46.274924Z,79142.33,79142.34,0.01,79142.335,0.4324956018163155235281689996
BTC-USD,2026-08-30T18:38:46.323159Z,79142.33,79142.34,0.01,79142.335,0.4324956018163155235281689996
BTC-USD,2026-08-30T18:38:46.359505Z,79142.33,79142.34,0.01,79142.335,0.4324956018163155235281689996
BTC-USD,2026-08-30T18:38:46.478007Z,79142.33,79142.34,0.01,79142.335,0.4324956018163155235281689996
BTC-USD,2026-08-30T18:38:46.532979Z,79142.33,79142.34,0.01,79142.335,0.4324956018163155235281689996
BTC-USD,2026-08-30T18:38:46.579087Z,79142.33,79142.34,0.01,79142.335,0.4324955526043712933070424594
BTC-USD,2026-08-30T18:38:46.625081Z,79142.33,79142.34,0.01,79142.335,0.4324955526043712933070424594
BTC-USD,2026-08-30T18:38:46.681626Z,79142.33,79142.34,0.01,79142.335,0.4407306005526402514766648921
BTC-USD,2026-08-30T18:38:46.694727Z,79142.33,79142.34,0.01,79142.335,0.4407306005526402514766648921
BTC-USD,2026-08-30T18:38:46.761772Z,79142.33,79142.34,0.01,79142.335,0.4407306005526402514766648921
BTC-USD,2026-08-30T18:38:46.833736Z,79142.33,79142.34,0.01,79142.335,0.3872934472063378740359510722
BTC-USD,2026-08-30T18:38:46.884467Z,79142.33,79142.34,0.01,79142.335,0.3225658734498438328849884907
BTC-USD,2026-08-30T18:38:46.897908Z,79142.33,79142.34,0.01,79142.335,0.3225652532147080061742902380
BTC-USD,2026-08-30T18:38:46.95125Z,79142.33,79142.34,0.01,79142.335,0.3225652532147080061742902380
BTC-USD,2026-08-30T18:38:47.016487Z,79142.33,79142.34,0.01,79142.335,0.3225652532147080061742902380
BTC-USD,2026-08-30T18:38:47.067088Z,79142.33,79142.34,0.01,79142.335,0.3225652532147080061742902380
BTC-USD,2026-08-30T18:38:47.135544Z,79142.33,79142.34,0.01,79142.335,0.3221405984092796677875102013
BTC-USD,2026-08-30T18:38:47.176321Z,79142.33,79142.34,0.01,79142.335,0.3221405984092796677875102013
BTC-USD,2026-08-30T18:38:47.234395Z,79142.33,79142.34,0.01,79142.335,0.3221405984092796677875102013
BTC-USD,2026-08-30T18:38:47.266244Z,79142.33,79142.34,0.01,79142.335,0.3221405984092796677875102013
BTC-USD,2026-08-30T18:38:47.331128Z,79142.33,79142.34,0.01,79142.335,0.3221405984092796677875102013
BTC-USD,2026-08-30T18:38:47.377368Z,79141.69,79142.13,0.44,79141.91,0.5136425908864304008545803292
BTC-USD,2026-08-30T18:38:47.405794Z,79141.69,79142.13,0.44,79141.91,0.5136723907831070406703091788
BTC-USD,2026-08-30T18:38:47.481415Z,79141.69,79142.12,0.43,79141.905,0.3731991129137632610979750592
BTC-USD,2026-08-30T18:38:47.523969Z,79141.69,79142.12,0.43,79141.905,0.3733868545815333004549915814
BTC-USD,2026-08-30T18:38:47.562059Z,79141.69,79142.12,0.43,79141.905,0.5829391079799221972572263694
BTC-USD,2026-08-30T18:38:47.632221Z,79141.69,79142.06,0.37,79141.875,0.5490706758148310298619620099
BTC-USD,2026-08-30T18:38:47.677666Z,79141.69,79142.05,0.36,79141.87,0.6977108504125070132383904114
BTC-USD,2026-08-30T18:38:47.718817Z,79141.69,79141.7,0.01,79141.695,0.6866527389124948137635401090
BTC-USD,2026-08-30T18:38:47.73046Z,79141.69,79141.7,0.01,79141.695,0.6866527389124948137635401090
BTC-USD,2026-08-30T18:38:47.856558Z,79141.69,79141.7,0.01,79141.695,0.6572634963991844285914926797
BTC-USD,2026-08-30T18:38:47.908121Z,79141.69,79141.7,0.01,79141.695,0.6882342919610284054099756179
BTC-USD,2026-08-30T18:38:47.964134Z,79141.69,79141.7,0.01,79141.695,0.6882342919610284054099756179
BTC-USD,2026-08-30T18:38:48.021544Z,79141.69,79141.7,0.01,79141.695,0.6882342919610284054099756179
BTC-USD,2026-08-30T18:38:48.063651Z,79141.69,79141.7,0.01,79141.695,0.6367365186065766681600510830
BTC-USD,2026-08-30T18:38:48.101922Z,79141.69,79141.7,0.01,79141.695,0.6367365186065766681600510830
BTC-USD,2026-08-30T18:38:48.137731Z,79141.69,79141.7,0.01,79141.695,0.6367365186065766681600510830
BTC-USD,2026-08-30T18:38:48.164315Z,79141.69,79141.7,0.01,79141.695,0.6367365186065766681600510830
BTC-USD,2026-08-30T18:38:48.285099Z,79141.69,79141.7,0.01,79141.695,0.6367363944854187567734493836
BTC-USD,2026-08-30T18:38:48.369763Z,79141.69,79141.7,0.01,79141.695,0.3783071140346632363358590130
BTC-USD,2026-08-30T18:38:48.523218Z,79141.69,79141.7,0.01,79141.695,0.3783071140346632363358590130
BTC-USD,2026-08-30T18:38:48.586351Z,79141.69,79141.7,0.01,79141.695,0.3783071140346632363358590130
BTC-USD,2026-08-30T18:38:48.595748Z,79141.69,79141.7,0.01,79141.695,0.3783071140346632363358590130
BTC-USD,2026-08-30T18:38:48.644259Z,79141.69,79141.7,0.01,79141.695,0.3783071140346632363358590130
BTC-USD,2026-08-30T18:38:48.72459Z,79141.69,79141.7,0.01,79141.695,0.09687108258165867885191492000
BTC-USD,2026-08-30T18:38:48.771887Z,79141.69,79141.7,0.01,79141.695,0.01664498942232005073947096295
BTC-USD,2026-08-30T18:38:48.823144Z,79141.69,79141.7,0.01,79141.695,0.01580318208180161171671481617
BTC-USD,2026-08-30T18:38:48.872666Z,79141.69,79141.7,0.01,79141.695,-0.1911857355750464172662920713
BTC-USD,2026-08-30T18:38:48.934075Z,79141.69,79141.7,0.01,79141.695,-0.5002042365532080972869939295
BTC-USD,2026-08-30T18:38:48.970117Z,79141.69,79141.7,0.01,79141.695,-0.5001676997686731999363729686
BTC-USD,2026-08-30T18:38:49.020044Z,79141.69,79141.7,0.01,79141.695,-0.5001676997686731999363729686
BTC-USD,2026-08-30T18:38:49.079551Z,79141.69,79141.7,0.01,79141.695,-0.5001676997686731999363729686
BTC-USD,2026-08-30T18:38:49.112369Z,79141.69,79141.7,0.01,79141.695,-0.1366680433558813570134156854
BTC-USD,2026-08-30T18:38:49.168288Z,79141.69,79141.7,0.01,79141.695,-0.1366680433558813570134156854
BTC-USD,2026-08-30T18:38:49.214908Z,79141.69,79141.7,0.01,79141.695,-0.1366680433558813570134156854
BTC-USD,2026-08-30T18:38:49.277988Z,79141.69,79141.7,0.01,79141.695,-0.2393448957782040080776673575
BTC-USD,2026-08-30T18:38:49.326485Z,79141.69,79141.7,0.01,79141.695,-0.2393448957782040080776673575
BTC-USD,2026-08-30T18:38:49.363316Z,79141.69,79141.7,0.01,79141.695,-0.2393448957782040080776673575
BTC-USD,2026-08-30T18:38:49.429046Z,79141.69,79141.7,0.01,79141.695,-0.2393458088994629865600316024
BTC-USD,2026-08-30T18:38:49.461342Z,79141.69,79141.7,0.01,79141.695,-0.2393458088994629865600316024
BTC-USD,2026-08-30T18:38:49.520318Z,79141.69,79141.7,0.01,79141.695,-0.2393458088994629865600316024
BTC-USD,2026-08-30T18:38:49.55991Z,79141.69,79141.7,0.01,79141.695,-0.2393458088994629865600316024
BTC-USD,2026-08-30T18:38:49.675659Z,79141.69,79141.7,0.01,79141.695,-0.2393458088994629865600316024
BTC-USD,2026-08-30T18:38:49.733266Z,79141.69,79141.7,0.01,79141.695,-0.2393459915238762463769704819
BTC-USD,2026-08-30T18:38:49.757944Z,79141.69,79141.7,0.01,79141.695,-0.2382670650160652001371641590
BTC-USD,2026-08-30T18:38:49.821098Z,79141.69,79141.7,0.01,79141.695,-0.2382670650160652001371641590
BTC-USD,2026-08-30T18:38:49.883709Z,79141.69,79141.7,0.01,79141.695,-0.2379975580062095266336424457
BTC-USD,2026-08-30T18:38:49.983449Z,79141.69,79141.7,0.01,79141.695,-0.2379975580062095266336424457
BTC-USD,2026-08-30T18:38:50.02963Z,79141.69,79141.7,0.01,79141.695,-0.2379975580062095266336424457
BTC-USD,2026-08-30T18:38:50.04471Z,79141.69,79141.7,0.01,79141.695,-0.2379975580062095266336424457
BTC-USD,2026-08-30T18:38:50.117621Z,79141.69,79141.7,0.01,79141.695,-0.2379975580062095266336424457
BTC-USD,2026-08-30T18:38:50.161987Z,79141.69,79141.7,0.01,79141.695,-0.2379975580062095266336424457
BTC-USD,2026-08-30T18:38:50.228069Z,79141.69,79141.7,0.01,79141.695,-0.2379975580062095266336424457
BTC-USD,2026-08-30T18:38:50.273992Z,79141.69,79141.7,0.01,79141.695,-0.2379975580062095266336424457
BTC-USD,2026-08-30T18:38:50.332496Z,79141.69,79141.7,0.01,79141.695,-0.2379975580062095266336424457
BTC-USD,2026-08-30T18:38:50.38734Z,79141.69,79141.7,0.01,79141.695,-0.2379975580062095266336424457
BTC-USD,2026-08-30T18:38:50.43566Z,79141.69,79141.7,0.01,79141.695,-0.2379975580062095266336424457
BTC-USD,2026-08-30T18:38:50.453136Z,79141.69,79141.7,0.01,79141.695,-0.2379975580062095266336424457
BTC-USD,2026-08-30T18:38:50.515522Z,79141.69,79141.7,0.01,79141.695,-0.2379975580062095266336424457
BTC-USD,2026-08-30T18:38:50.601807Z,79141.69,79141.7,0.01,79141.695,-0.2379975580062095266336424457
BTC-USD,2026-08-30T18:38:50.816729Z,79141.69,79141.7,0.01,79141.695,-0.2379986910518680735221663824
BTC-USD,2026-08-30T18:38:50.832649Z,79141.69,79141.7,0.01,79141.695,-0.2379986910518680735221663824
BTC-USD,2026-08-30T18:38:50.879258Z,79141.69,79141.7,0.01,79141.695,-0.2379986910518680735221663824
BTC-USD,2026-08-30T18:38:50.975355Z,79141.69,79141.7,0.01,79141.695,-0.2379986910518680735221663824
BTC-USD,2026-08-30T18:38:51.015011Z,79141.69,79141.7,0.01,79141.695,-0.2379986910518680735221663824
BTC-USD,2026-08-30T18:38:51.072572Z,79141.69,79141.7,0.01,79141.695,0.1288679971654639016089517596
BTC-USD,2026-08-30T18:38:51.123471Z,79141.69,79141.7,0.01,79141.695,-0.2594605704028935668841985831
BTC-USD,2026-08-30T18:38:51.178676Z,79141.69,79141.7,0.01,79141.695,-0.2594605704028935668841985831
BTC-USD,2026-08-30T18:38:51.21514Z,79141.69,79141.7,0.01,79141.695,-0.2594605704028935668841985831
BTC-USD,2026-08-30T18:38:51.291393Z,79141.69,79141.7,0.01,79141.695,-0.2594605704028935668841985831
BTC-USD,2026-08-30T18:38:51.358671Z,79141.69,79141.7,0.01,79141.695,-0.2594605704028935668841985831
BTC-USD,2026-08-30T18:38:51.480668Z,79141.69,79141.7,0.01,79141.695,-0.2594605704028935668841985831
BTC-USD,2026-08-30T18:38:51.507612Z,79141.69,79141.7,0.01,79141.695,-0.2594605704028935668841985831
BTC-USD,2026-08-30T18:38:51.564083Z,79141.69,79141.7,0.01,79141.695,-0.2594605704028935668841985831
BTC-USD,2026-08-30T18:38:51.666939Z,79141.69,79141.7,0.01,79141.695,-0.2594605704028935668841985831
BTC-USD,2026-08-30T18:38:51.696334Z,79141.69,79141.7,0.01,79141.695,-0.2594605704028935668841985831
BTC-USD,2026-08-30T18:38:51.814159Z,79141.69,79141.7,0.01,79141.695,-0.2594608670452376425694313201
BTC-USD,2026-08-30T18:38:51.86333Z,79141.69,79141.7,0.01,79141.695,-0.2594608670452376425694313201
BTC-USD,2026-08-30T18:38:51.929282Z,79141.69,79141.7,0.01,79141.695,-0.2594608670452376425694313201
BTC-USD,2026-08-30T18:38:51.955896Z,79141.69,79141.7,0.01,79141.695,-0.2594623502590540798797696257
BTC-USD,2026-08-30T18:38:52.022586Z,79141.69,79141.7,0.01,79141.695,-0.2594646640795834287237841133
BTC-USD,2026-08-30T18:38:52.08221Z,79141.17,79141.7,0.53,79141.435,0.1463484284361806865765005587
BTC-USD,2026-08-30T18:38:52.128274Z,79141.17,79141.18,0.01,79141.175,0.1821734256649869569316836558
BTC-USD,2026-08-30T18:38:52.158631Z,79141.17,79141.18,0.01,79141.175,0.1821734256649869569316836558
BTC-USD,2026-08-30T18:38:52.234193Z,79141.17,79141.18,0.01,79141.175,0.1821734256649869569316836558
BTC-USD,2026-08-30T18:38:52.283562Z,79141.17,79141.18,0.01,79141.175,0.1821734256649869569316836558
BTC-USD,2026-08-30T18:38:52.291576Z,79141.17,79141.18,0.01,79141.175,0.1821734256649869569316836558
BTC-USD,2026-08-30T18:38:52.374661Z,79141.17,79141.18,0.01,79141.175,0.1821734256649869569316836558
BTC-USD,2026-08-30T18:38:52.42268Z,79141.17,79141.18,0.01,79141.175,0.2339480545359224660434735507
BTC-USD,2026-08-30T18:38:52.466112Z,79141.17,79141.18,0.01,79141.175,0.2339480545359224660434735507
BTC-USD,2026-08-30T18:38:52.517156Z,79141.17,79141.18,0.01,79141.175,0.2339480545359224660434735507
BTC-USD,2026-08-30T18:38:52.570875Z,79141.17,79141.18,0.01,79141.175,0.2339480545359224660434735507
BTC-USD,2026-08-30T18:38:52.627744Z,79141.17,79141.18,0.01,79141.175,0.2339480545359224660434735507
BTC-USD,2026-08-30T18:38:52.678892Z,79141.17,79141.18,0.01,79141.175,0.2339480545359224660434735507
BTC-USD,2026-08-30T18:38:52.724169Z,79141.17,79141.18,0.01,79141.175,0.2339480545359224660434735507
BTC-USD,2026-08-30T18:38:52.761191Z,79141.17,79141.18,0.01,79141.175,0.2339480545359224660434735507
BTC-USD,2026-08-30T18:38:52.828306Z,79141.17,79141.18,0.01,79141.175,0.2339480545359224660434735507
BTC-USD,2026-08-30T18:38:52.864169Z,79141.17,79141.18,0.01,79141.175,0.1611431032402684109308536315
BTC-USD,2026-08-30T18:38:52.916095Z,79141.17,79141.18,0.01,79141.175,0.1058122720262445837849418918
BTC-USD,2026-08-30T18:38:52.966465Z,79141.17,79141.18,0.01,79141.175,0.1616988824173486745059358583
BTC-USD,2026-08-30T18:38:53.023462Z,79141.17,79141.18,0.01,79141.175,0.1616985758990527111555277050
BTC-USD,2026-08-30T18:38:53.075026Z,79141.17,79141.18,0.01,79141.175,0.1616982080768016742716628921
BTC-USD,2026-08-30T18:38:53.124935Z,79141.17,79141.18,0.01,79141.175,0.1617859858338156260903380948
BTC-USD,2026-08-30T18:38:53.177004Z,79141.17,79141.18,0.01,79141.175,0.1617859858338156260903380948
BTC-USD,2026-08-30T18:38:53.219254Z,79141.17,79141.18,0.01,79141.175,0.1617859858338156260903380948
BTC-USD,2026-08-30T18:38:53.269673Z,79141.17,79141.18,0.01,79141.175,0.4205275495079638759759922193
BTC-USD,2026-08-30T18:38:53.325175Z,79141.17,79141.18,0.01,79141.175,0.4200577879086816825751186889
BTC-USD,2026-08-30T18:38:53.359087Z,79141.17,79141.18,0.01,79141.175,0.4200577879086816825751186889
BTC-USD,2026-08-30T18:38:53.425947Z,79141.17,79141.18,0.01,79141.175,0.4200577879086816825751186889
BTC-USD,2026-08-30T18:38:53.45866Z,79141.17,79141.18,0.01,79141.175,0.4966026936954420423023973347
BTC-USD,2026-08-30T18:38:53.52876Z,79141.17,79141.18,0.01,79141.175,0.4966026936954420423023973347
BTC-USD,2026-08-30T18:38:53.575952Z,79141.17,79141.18,0.01,79141.175,0.4966026936954420423023973347
BTC-USD,2026-08-30T18:38:53.666286Z,79141.17,79141.18,0.01,79141.175,0.4966026936954420423023973347
BTC-USD,2026-08-30T18:38:53.724987Z,79141.17,79141.18,0.01,79141.175,0.4966026936954420423023973347
BTC-USD,2026-08-30T18:38:53.814246Z,79141.17,79141.18,0.01,79141.175,0.4966026936954420423023973347
BTC-USD,2026-08-30T18:38:53.877353Z,79141.17,79141.18,0.01,79141.175,0.4966025503363871144958879259
BTC-USD,2026-08-30T18:38:53.910823Z,79141.17,79141.18,0.01,79141.175,0.4966025503363871144958879259
BTC-USD,2026-08-30T18:38:53.976609Z,79141.17,79141.18,0.01,79141.175,0.4966025503363871144958879259
BTC-USD,2026-08-30T18:38:54.044627Z,79141.17,79141.18,0.01,79141.175,0.4966025503363871144958879259
BTC-USD,2026-08-30T18:38:54.076816Z,79141.17,79141.18,0.01,79141.175,0.4966022505853720494315440779
BTC-USD,2026-08-30T18:38:54.124854Z,79141.17,79141.18,0.01,79141.175,0.4972185288030449550029353822
BTC-USD,2026-08-30T18:38:54.181633Z,79139.62,79140.82,1.20,79140.22,0.6152533735458393157457093737
BTC-USD,2026-08-30T18:38:54.285913Z,79139.62,79140.82,1.20,79140.22,0.6152533735458393157457093737
BTC-USD,2026-08-30T18:38:54.31967Z,79139.62,79140.82,1.20,79140.22,0.6152533735458393157457093737
BTC-USD,2026-08-30T18:38:54.358542Z,79139.62,79140.82,1.20,79140.22,0.6152533735458393157457093737
BTC-USD,2026-08-30T18:38:54.421172Z,79139.62,79140.81,1.19,79140.215,0.6447164776439582142761564585
BTC-USD,2026-08-30T18:38:54.47814Z,79139.73,79140.81,1.08,79140.27,0.5528320358577964847048472876
BTC-USD,2026-08-30T18:38:54.528687Z,79139.76,79140.34,0.58,79140.05,0.5166521757750471716729800153
BTC-USD,2026-08-30T18:38:54.584784Z,79139.76,79140.34,0.58,79140.05,0.5166521757750471716729800153
BTC-USD,2026-08-30T18:38:54.609249Z,79139.76,79140.34,0.58,79140.05,0.5166550331554230720255587251
BTC-USD,2026-08-30T18:38:54.683684Z,79139.76,79140.34,0.58,79140.05,0.5166550331554230720255587251
BTC-USD,2026-08-30T18:38:54.701995Z,79139.76,79140.34,0.58,79140.05,0.5166550331554230720255587251
BTC-USD,2026-08-30T18:38:54.781342Z,79139.76,79139.77,0.01,79139.765,0.5171198244241184330820226573
BTC-USD,2026-08-30T18:38:54.833839Z,79139.76,79139.77,0.01,79139.765,0.4032315722252641360657540677
BTC-USD,2026-08-30T18:38:54.871926Z,79139.76,79139.77,0.01,79139.765,0.4032315722252641360657540677
BTC-USD,2026-08-30T18:38:54.933278Z,79139.76,79139.77,0.01,79139.765,0.4161167935643998926530200182
BTC-USD,2026-08-30T18:38:54.960191Z,79139.76,79139.77,0.01,79139.765,0.3858170761058670267941713803
BTC-USD,2026-08-30T18:38:55.018212Z,79139.76,79139.77,0.01,79139.765,0.3858170761058670267941713803
BTC-USD,2026-08-30T18:38:55.041838Z,79139.76,79139.77,0.01,79139.765,0.3858170761058670267941713803
BTC-USD,2026-08-30T18:38:55.184483Z,79139.76,79139.77,0.01,79139.765,0.3957433980021244178881807831
BTC-USD,2026-08-30T18:38:55.195377Z,79139.76,79139.77,0.01,79139.765,0.3957433980021244178881807831
BTC-USD,2026-08-30T18:38:55.259098Z,79139.76,79139.77,0.01,79139.765,0.3957433980021244178881807831
BTC-USD,2026-08-30T18:38:55.306088Z,79139.76,79139.77,0.01,79139.765,0.3957433250193687534675488757
BTC-USD,2026-08-30T18:38:55.374671Z,79139.76,79139.77,0.01,79139.765,0.3957433250193687534675488757
BTC-USD,2026-08-30T18:38:55.426897Z,79139.76,79139.77,0.01,79139.765,0.3957433250193687534675488757
BTC-USD,2026-08-30T18:38:55.473876Z,79139.76,79139.77,0.01,79139.765,0.3957433250193687534675488757
BTC-USD,2026-08-30T18:38:55.524788Z,79139.76,79139.77,0.01,79139.765,0.3957433250193687534675488757
BTC-USD,2026-08-30T18:38:55.58182Z,79139.76,79139.77,0.01,79139.765,0.3957433250193687534675488757
BTC-USD,2026-08-30T18:38:55.630577Z,79139.76,79139.77,0.01,79139.765,0.3957433250193687534675488757
BTC-USD,2026-08-30T18:38:55.677219Z,79139.76,79139.77,0.01,79139.765,0.4245634230563859326682933627
BTC-USD,2026-08-30T18:38:55.717738Z,79139.76,79139.77,0.01,79139.765,0.4245634230563859326682933627
BTC-USD,2026-08-30T18:38:55.77596Z,79139.76,79139.77,0.01,79139.765,0.4245634230563859326682933627
BTC-USD,2026-08-30T18:38:55.834626Z,79139.76,79139.77,0.01,79139.765,0.4245634230563859326682933627
BTC-USD,2026-08-30T18:38:55.872974Z,79139.76,79139.77,0.01,79139.765,0.4245634230563859326682933627
BTC-USD,2026-08-30T18:38:55.888709Z,79139.76,79139.77,0.01,79139.765,0.4245634230563859326682933627
BTC-USD,2026-08-30T18:38:55.983982Z,79139.76,79139.77,0.01,79139.765,0.4245630329028648887602444693
BTC-USD,2026-08-30T18:38:56.023951Z,79139.76,79139.77,0.01,79139.765,0.4245630329028648887602444693
BTC-USD,2026-08-30T18:38:56.060263Z,79139.76,79139.77,0.01,79139.765,0.4245630329028648887602444693
BTC-USD,2026-08-30T18:38:56.189557Z,79139.76,79139.77,0.01,79139.765,0.4245630329028648887602444693
BTC-USD,2026-08-30T18:38:56.229275Z,79139.76,79139.77,0.01,79139.765,0.4245630329028648887602444693
BTC-USD,2026-08-30T18:38:56.324765Z,79139.76,79139.77,0.01,79139.765,0.4245630329028648887602444693
BTC-USD,2026-08-30T18:38:56.370038Z,79139.76,79139.77,0.01,79139.765,0.4258266528352672307187855020
BTC-USD,2026-08-30T18:38:56.38556Z,79139.76,79139.77,0.01,79139.765,0.4258266528352672307187855020
BTC-USD,2026-08-30T18:38:56.479691Z,79139.76,79139.77,0.01,79139.765,0.4258266528352672307187855020
BTC-USD,2026-08-30T18:38:56.522291Z,79139.76,79139.77,0.01,79139.765,0.4920914504540232215361441427
BTC-USD,2026-08-30T18:38:56.546859Z,79139.76,79139.77,0.01,79139.765,0.6698208148235485313533305498
BTC-USD,2026-08-30T18:38:56.564949Z,79139.76,79139.77,0.01,79139.765,0.6698208148235485313533305498
BTC-USD,2026-08-30T18:38:56.643851Z,79139.76,79139.77,0.01,79139.765,0.6698208148235485313533305498
BTC-USD,2026-08-30T18:38:56.702458Z,79139.76,79139.77,0.01,79139.765,0.6698208148235485313533305498
BTC-USD,2026-08-30T18:38:56.833949Z,79139.76,79139.77,0.01,79139.765,0.6698208148235485313533305498
BTC-USD,2026-08-30T18:38:56.878488Z,79139.76,79139.77,0.01,79139.765,0.6698208148235485313533305498
BTC-USD,2026-08-30T18:38:56.981442Z,79139.76,79139.77,0.01,79139.765,0.6698208148235485313533305498
BTC-USD,2026-08-30T18:38:57.024127Z,79139.76,79139.77,0.01,79139.765,0.6698208148235485313533305498
BTC-USD,2026-08-30T18:38:57.074616Z,79139.76,79139.77,0.01,79139.765,0.6698208148235485313533305498
BTC-USD,2026-08-30T18:38:57.170976Z,79139.76,79139.77,0.01,79139.765,0.6698208148235485313533305498
BTC-USD,2026-08-30T18:38:57.206584Z,79139.76,79139.77,0.01,79139.765,0.6378150907161888975727871883
BTC-USD,2026-08-30T18:38:57.266135Z,79139.76,79139.77,0.01,79139.765,0.6378150907161888975727871883
BTC-USD,2026-08-30T18:38:57.313986Z,79139.76,79139.77,0.01,79139.765,0.6378150907161888975727871883
BTC-USD,2026-08-30T18:38:57.368528Z,79139.76,79139.77,0.01,79139.765,0.6378150907161888975727871883
BTC-USD,2026-08-30T18:38:57.431139Z,79139.76,79139.77,0.01,79139.765,0.6378150907161888975727871883
BTC-USD,2026-08-30T18:38:57.466889Z,79139.76,79139.77,0.01,79139.765,0.6011058216530639071327879600
BTC-USD,2026-08-30T18:38:57.515545Z,79139.76,79139.77,0.01,79139.765,0.6011058216530639071327879600
BTC-USD,2026-08-30T18:38:57.579957Z,79139.76,79139.77,0.01,79139.765,0.6011058216530639071327879600
BTC-USD,2026-08-30T18:38:57.59338Z,79139.76,79139.77,0.01,79139.765,0.6011058216530639071327879600
BTC-USD,2026-08-30T18:38:57.673255Z,79139.76,79139.77,0.01,79139.765,0.6093726675892521306481308641
BTC-USD,2026-08-30T18:38:57.717919Z,79139.76,79139.77,0.01,79139.765,0.6093726675892521306481308641
BTC-USD,2026-08-30T18:38:57.781406Z,79139.76,79139.77,0.01,79139.765,0.6093726507607905497696867807
BTC-USD,2026-08-30T18:38:57.821197Z,79139.76,79139.77,0.01,79139.765,0.6093726507607905497696867807
BTC-USD,2026-08-30T18:38:57.861992Z,79139.76,79139.77,0.01,79139.765,0.6093726507607905497696867807
BTC-USD,2026-08-30T18:38:57.914937Z,79139.76,79139.77,0.01,79139.765,0.6093726507607905497696867807
BTC-USD,2026-08-30T18:38:57.9875Z,79139.76,79139.77,0.01,79139.765,0.5891401832066596069128916842
BTC-USD,2026-08-30T18:38:58.01955Z,79139.76,79139.77,0.01,79139.765,0.5891401832066596069128916842
BTC-USD,2026-08-30T18:38:58.079311Z,79139.76,79139.77,0.01,79139.765,0.3776879124125193624062858506
BTC-USD,2026-08-30T18:38:58.130079Z,79139.76,79139.77,0.01,79139.765,0.3776879124125193624062858506
BTC-USD,2026-08-30T18:38:58.165389Z,79139.76,79139.77,0.01,79139.765,0.3776879124125193624062858506
BTC-USD,2026-08-30T18:38:58.20452Z,79139.76,79139.77,0.01,79139.765,0.4253662313050227854441862452
BTC-USD,2026-08-30T18:38:58.284299Z,79139.76,79139.77,0.01,79139.765,0.4253656122192573777572023698
BTC-USD,2026-08-30T18:38:58.466905Z,79139.76,79139.77,0.01,79139.765,0.4253656122192573777572023698
BTC-USD,2026-08-30T18:38:58.483062Z,79139.76,79139.77,0.01,79139.765,0.4253656122192573777572023698
BTC-USD,2026-08-30T18:38:58.584134Z,79139.76,79139.77,0.01,79139.765,0.4347538814633626650779478173
BTC-USD,2026-08-30T18:38:58.656703Z,79139.76,79139.77,0.01,79139.765,0.4347538814633626650779478173
BTC-USD,2026-08-30T18:38:58.73658Z,79139.76,79139.77,0.01,79139.765,0.4347538814633626650779478173
BTC-USD,2026-08-30T18:38:58.758932Z,79139.76,79139.77,0.01,79139.765,0.4347538814633626650779478173
BTC-USD,2026-08-30T18:38:58.860781Z,79139.76,79139.78,0.02,79139.77,0.4523553677404401387225546698
BTC-USD,2026-08-30T18:38:58.932312Z,79139.77,79139.78,0.01,79139.775,0.6012649380536840581099813273
BTC-USD,2026-08-30T18:38:58.975252Z,79139.77,79139.78,0.01,79139.775,0.6013156867756063536905891952
BTC-USD,2026-08-30T18:38:59.028928Z,79139.77,79139.78,0.01,79139.775,0.3831422493808527390145118892
BTC-USD,2026-08-30T18:38:59.0608Z,79139.77,79139.78,0.01,79139.775,0.3831422493808527390145118892
BTC-USD,2026-08-30T18:38:59.082384Z,79139.77,79139.78,0.01,79139.775,0.3831422493808527390145118892
BTC-USD,2026-08-30T18:38:59.153178Z,79139.77,79139.78,0.01,79139.775,0.3831784415846098435493537653
BTC-USD,2026-08-30T18:38:59.199165Z,79139.77,79139.78,0.01,79139.775,0.3831784415846098435493537653
BTC-USD,2026-08-30T18:38:59.210904Z,79139.77,79139.78,0.01,79139.775,0.3831784415846098435493537653
BTC-USD,2026-08-30T18:38:59.250204Z,79139.77,79139.78,0.01,79139.775,0.3831784415846098435493537653
BTC-USD,2026-08-30T18:38:59.313017Z,79139.77,79139.78,0.01,79139.775,0.3693342195784195498451469304
BTC-USD,2026-08-30T18:38:59.440741Z,79139.77,79139.78,0.01,79139.775,0.3722265271519235761317210477
BTC-USD,2026-08-30T18:38:59.514531Z,79139.77,79139.78,0.01,79139.775,0.3722265271519235761317210477
BTC-USD,2026-08-30T18:38:59.568279Z,79139.77,79139.78,0.01,79139.775,0.3722265271519235761317210477
BTC-USD,2026-08-30T18:38:59.622557Z,79139.77,79139.78,0.01,79139.775,0.3722265271519235761317210477
BTC-USD,2026-08-30T18:38:59.669372Z,79139.77,79139.78,0.01,79139.775,0.3722263722232697116314148483
BTC-USD,2026-08-30T18:38:59.686847Z,79139.77,79139.78,0.01,79139.775,0.3722263722232697116314148483
BTC-USD,2026-08-30T18:38:59.784Z,79139.77,79139.78,0.01,79139.775,0.3722263722232697116314148483
BTC-USD,2026-08-30T18:38:59.792068Z,79139.77,79139.78,0.01,79139.775,0.3722263722232697116314148483
BTC-USD,2026-08-30T18:38:59.877974Z,79139.77,79139.78,0.01,79139.775,0.3722263722232697116314148483
BTC-USD,2026-08-30T18:38:59.923682Z,79139.77,79139.78,0.01,79139.775,0.3722263722232697116314148483
BTC-USD,2026-08-30T18:38:59.972484Z,79142.27,79142.28,0.01,79142.275,0.9074850211863214509711714297
BTC-USD,2026-08-30T18:39:00.078379Z,79142.27,79142.28,0.01,79142.275,0.9074764593685073951956216088
BTC-USD,2026-08-30T18:39:00.12511Z,79142.27,79142.28,0.01,79142.275,0.9074917066801254667273153210
BTC-USD,2026-08-30T18:39:00.172803Z,79142.27,79142.28,0.01,79142.275,0.9074917066801254667273153210
BTC-USD,2026-08-30T18:39:00.216075Z,79142.27,79142.28,0.01,79142.275,0.9074917066801254667273153210
BTC-USD,2026-08-30T18:39:00.268524Z,79142.27,79142.28,0.01,79142.275,0.9164233156874010734645953806
BTC-USD,2026-08-30T18:39:00.300801Z,79145.39,79145.4,0.01,79145.395,0.7862254983059081393869902543
BTC-USD,2026-08-30T18:39:00.363198Z,79154.34,79155.66,1.32,79155.00,-0.3029434081346836429419179472
BTC-USD,2026-08-30T18:39:00.411112Z,79155.65,79155.66,0.01,79155.655,-0.3978433346970071511453132092
BTC-USD,2026-08-30T18:39:00.467938Z,79155.65,79157.47,1.82,79156.56,-0.3543415112829992141716726599
BTC-USD,2026-08-30T18:39:00.516434Z,79156.65,79157.53,0.88,79157.09,-0.7427199899184323910999418496
BTC-USD,2026-08-30T18:39:00.56291Z,79153.78,79157.53,3.75,79155.655,-0.1444034892947621696637972961
BTC-USD,2026-08-30T18:39:00.633383Z,79154.78,79157.53,2.75,79156.155,-0.2014313100294564541512693054
BTC-USD,2026-08-30T18:39:00.657643Z,79154.78,79157.53,2.75,79156.155,-0.2014313100294564541512693054
BTC-USD,2026-08-30T18:39:00.725474Z,79155.8,79158.17,2.37,79156.985,-0.5731364710116994908755344644
BTC-USD,2026-08-30T18:39:00.763312Z,79155.8,79158.17,2.37,79156.985,-0.5588835565278683477794572879
BTC-USD,2026-08-30T18:39:00.824122Z,79156.8,79158.17,1.37,79157.485,-0.8597525079579175196845152735
BTC-USD,2026-08-30T18:39:00.859806Z,79156.8,79158.17,1.37,79157.485,-0.8597525079579175196845152735
BTC-USD,2026-08-30T18:39:00.92105Z,79156.8,79158.17,1.37,79157.485,-0.6182725181642936196530626811
BTC-USD,2026-08-30T18:39:00.953566Z,79156.8,79158.17,1.37,79157.485,-0.6182725181642936196530626811
BTC-USD,2026-08-30T18:39:01.026583Z,79158.17,79158.18,0.01,79158.175,-0.7259067783673456284668691047
BTC-USD,2026-08-30T18:39:01.074965Z,79158.17,79158.18,0.01,79158.175,-0.8246640313443910869368377134
BTC-USD,2026-08-30T18:39:01.133301Z,79159.17,79163.48,4.31,79161.325,-0.1437469313330972642485892490
BTC-USD,2026-08-30T18:39:01.176427Z,79155.91,79162.48,6.57,79159.195,-0.2245959057991851902141342599
BTC-USD,2026-08-30T18:39:01.221691Z,79157.12,79161.47,4.35,79159.295,-0.2442820020426727265978473401
BTC-USD,2026-08-30T18:39:01.278015Z,79157.12,79161.07,3.95,79159.095,-0.1791750683843791988519319330
BTC-USD,2026-08-30T18:39:01.321934Z,79157.13,79161.07,3.94,79159.10,-0.5192623166890582745857584850
BTC-USD,2026-08-30T18:39:01.346427Z,79157.13,79161.07,3.94,79159.10,-0.4426511172384766773911646986
BTC-USD,2026-08-30T18:39:01.411912Z,79158.13,79160.05,1.92,79159.09,-0.3797214909513009436811419762
BTC-USD,2026-08-30T18:39:01.42822Z,79158.13,79158.35,0.22,79158.24,-0.3727815853038433036811416209
BTC-USD,2026-08-30T18:39:01.512134Z,79157.13,79158.35,1.22,79157.74,-0.7637412545294701309259091463
BTC-USD,2026-08-30T18:39:01.530411Z,79157.13,79158.35,1.22,79157.74,-0.4685883718759480083074697221
BTC-USD,2026-08-30T18:39:01.583652Z,79157.13,79158.35,1.22,79157.74,-0.4685883718759480083074697221
BTC-USD,2026-08-30T18:39:01.651855Z,79158.34,79158.35,0.01,79158.345,-0.4826332070776298925454485297
BTC-USD,2026-08-30T18:39:01.673087Z,79158.34,79158.35,0.01,79158.345,-0.7656274778522204764509545370
BTC-USD,2026-08-30T18:39:01.786082Z,79158.34,79158.35,0.01,79158.345,-0.3866520342256070258618074157
BTC-USD,2026-08-30T18:39:01.919646Z,79158.34,79158.35,0.01,79158.345,-0.6426040449165160928943061908
BTC-USD,2026-08-30T18:39:01.977967Z,79158.34,79158.35,0.01,79158.345,-0.6440819902122898087417132614
BTC-USD,2026-08-30T18:39:02.017775Z,79158.34,79158.35,0.01,79158.345,-0.6440819902122898087417132614
BTC-USD,2026-08-30T18:39:02.050362Z,79158.34,79158.35,0.01,79158.345,-0.6440819902122898087417132614
BTC-USD,2026-08-30T18:39:02.128329Z,79158.34,79158.35,0.01,79158.345,-0.6444582081727002296380109603
BTC-USD,2026-08-30T18:39:02.209963Z,79158.34,79158.35,0.01,79158.345,-0.3206162324931628091277823394
BTC-USD,2026-08-30T18:39:02.32534Z,79158.34,79158.35,0.01,79158.345,-0.3206164090845426809024086446
BTC-USD,2026-08-30T18:39:02.370792Z,79158.34,79158.35,0.01,79158.345,-0.3178206636987548680734216167
BTC-USD,2026-08-30T18:39:02.431184Z,79158.34,79158.35,0.01,79158.345,-0.3178206636987548680734216167
BTC-USD,2026-08-30T18:39:02.457181Z,79158.34,79158.35,0.01,79158.345,-0.3178206636987548680734216167
BTC-USD,2026-08-30T18:39:02.573296Z,79158.34,79158.35,0.01,79158.345,-0.3178206636987548680734216167
BTC-USD,2026-08-30T18:39:02.605535Z,79158.34,79158.35,0.01,79158.345,-0.3178206636987548680734216167
BTC-USD,2026-08-30T18:39:02.680298Z,79158.34,79158.35,0.01,79158.345,-0.3178206636987548680734216167
BTC-USD,2026-08-30T18:39:02.708498Z,79158.34,79158.35,0.01,79158.345,-0.3178206636987548680734216167
BTC-USD,2026-08-30T18:39:02.763288Z,79158.34,79158.35,0.01,79158.345,-0.3178206636987548680734216167
BTC-USD,2026-08-30T18:39:02.832671Z,79158.34,79158.35,0.01,79158.345,-0.3178214725802384553263681339
BTC-USD,2026-08-30T18:39:02.856336Z,79158.34,79158.35,0.01,79158.345,-0.3178214725802384553263681339
BTC-USD,2026-08-30T18:39:02.908868Z,79158.34,79158.35,0.01,79158.345,-0.3178214725802384553263681339
BTC-USD,2026-08-30T18:39:02.973064Z,79158.34,79158.35,0.01,79158.345,-0.3178214725802384553263681339
BTC-USD,2026-08-30T18:39:03.016915Z,79158.34,79158.35,0.01,79158.345,-0.3178214725802384553263681339
BTC-USD,2026-08-30T18:39:03.072707Z,79158.34,79158.35,0.01,79158.345,-0.3178214725802384553263681339
BTC-USD,2026-08-30T18:39:03.097115Z,79158.34,79158.35,0.01,79158.345,-0.1797960698677569163745962341
BTC-USD,2026-08-30T18:39:03.133698Z,79158.34,79158.35,0.01,79158.345,-0.1797960698677569163745962341
BTC-USD,2026-08-30T18:39:03.198302Z,79158.34,79158.35,0.01,79158.345,0.04411917512861486726932991827
BTC-USD,2026-08-30T18:39:03.261317Z,79158.34,79158.35,0.01,79158.345,-0.3557149415855455694773214338
BTC-USD,2026-08-30T18:39:03.314362Z,79158.34,79158.35,0.01,79158.345,-0.3557149415855455694773214338
BTC-USD,2026-08-30T18:39:03.373209Z,79158.34,79158.35,0.01,79158.345,-0.3557149415855455694773214338
BTC-USD,2026-08-30T18:39:03.454837Z,79158.34,79158.35,0.01,79158.345,-0.1797960698677569163745962341
BTC-USD,2026-08-30T18:39:03.526826Z,79158.34,79158.35,0.01,79158.345,-0.1797960698677569163745962341
BTC-USD,2026-08-30T18:39:03.568305Z,79158.34,79158.35,0.01,79158.345,-0.3557149415855455694773214338
BTC-USD,2026-08-30T18:39:03.723521Z,79158.34,79158.35,0.01,79158.345,-0.3558211721787356630382263193
BTC-USD,2026-08-30T18:39:03.76429Z,79158.34,79158.35,0.01,79158.345,-0.3558211721787356630382263193
BTC-USD,2026-08-30T18:39:03.85689Z,79158.34,79158.35,0.01,79158.345,-0.3558211721787356630382263193
BTC-USD,2026-08-30T18:39:03.934264Z,79158.34,79158.35,0.01,79158.345,-0.3558211721787356630382263193
BTC-USD,2026-08-30T18:39:03.962481Z,79158.34,79158.35,0.01,79158.345,-0.3558211721787356630382263193
BTC-USD,2026-08-30T18:39:04.016523Z,79158.34,79158.35,0.01,79158.345,-0.3558211721787356630382263193
BTC-USD,2026-08-30T18:39:04.045631Z,79158.34,79158.35,0.01,79158.345,-0.3558211721787356630382263193
BTC-USD,2026-08-30T18:39:04.068537Z,79158.34,79158.35,0.01,79158.345,-0.3558211721787356630382263193
BTC-USD,2026-08-30T18:39:04.138874Z,79158.34,79158.35,0.01,79158.345,-0.3558214914301795403147323708
BTC-USD,2026-08-30T18:39:04.243564Z,79158.34,79158.35,0.01,79158.345,-0.4034122878286583906657106862
BTC-USD,2026-08-30T18:39:04.372734Z,79158.34,79158.35,0.01,79158.345,-0.4034122878286583906657106862
BTC-USD,2026-08-30T18:39:04.434101Z,79158.34,79158.35,0.01,79158.345,-0.6979975105462728665506538497
BTC-USD,2026-08-30T18:39:04.531476Z,79158.34,79158.35,0.01,79158.345,-0.7288095197078927278728966788
BTC-USD,2026-08-30T18:39:04.546305Z,79158.34,79158.35,0.01,79158.345,-0.7288095197078927278728966788
BTC-USD,2026-08-30T18:39:04.618712Z,79158.34,79158.35,0.01,79158.345,-0.6979976288863798939794399680
BTC-USD,2026-08-30T18:39:04.637165Z,79158.34,79158.35,0.01,79158.345,-0.7018947579222689981510533555
BTC-USD,2026-08-30T18:39:04.743026Z,79158.34,79158.35,0.01,79158.345,-0.6174374681902150992709341876
BTC-USD,2026-08-30T18:39:04.80279Z,79158.34,79158.35,0.01,79158.345,-0.6174374681902150992709341876
BTC-USD,2026-08-30T18:39:04.866854Z,79158.34,79158.35,0.01,79158.345,-0.5918588777504338284413273424
BTC-USD,2026-08-30T18:39:04.895265Z,79158.34,79158.35,0.01,79158.345,-0.6678734560419978455261850326
BTC-USD,2026-08-30T18:39:04.976719Z,79158.34,79158.35,0.01,79158.345,-0.4348625484638396397962801140
BTC-USD,2026-08-30T18:39:05.01541Z,79158.34,79158.35,0.01,79158.345,-0.4348625484638396397962801140
BTC-USD,2026-08-30T18:39:05.054434Z,79158.34,79158.35,0.01,79158.345,-0.4348625484638396397962801140
BTC-USD,2026-08-30T18:39:05.072515Z,79158.34,79158.35,0.01,79158.345,-0.4348625484638396397962801140
BTC-USD,2026-08-30T18:39:05.173581Z,79158.34,79158.35,0.01,79158.345,-0.4976009004546137280431461539
BTC-USD,2026-08-30T18:39:05.266164Z,79158.34,79158.35,0.01,79158.345,-0.4976009004546137280431461539
BTC-USD,2026-08-30T18:39:05.323404Z,79158.34,79158.35,0.01,79158.345,-0.4976009004546137280431461539
BTC-USD,2026-08-30T18:39:05.380692Z,79158.34,79158.35,0.01,79158.345,-0.4976009004546137280431461539
BTC-USD,2026-08-30T18:39:05.423397Z,79158.34,79158.35,0.01,79158.345,-0.4976009004546137280431461539
BTC-USD,2026-08-30T18:39:05.461109Z,79158.34,79158.35,0.01,79158.345,-0.5159903998561386701890545144
BTC-USD,2026-08-30T18:39:05.506423Z,79158.34,79158.35,0.01,79158.345,-0.4435907707883336065370058147
BTC-USD,2026-08-30T18:39:05.553443Z,79158.34,79158.35,0.01,79158.345,-0.4922901926816470555998244213
BTC-USD,2026-08-30T18:39:05.601128Z,79158.34,79158.35,0.01,79158.345,-0.4922901926816470555998244213
BTC-USD,2026-08-30T18:39:05.672799Z,79158.34,79158.35,0.01,79158.345,-0.4922901926816470555998244213
BTC-USD,2026-08-30T18:39:05.716146Z,79158.34,79158.35,0.01,79158.345,0.2365461739885192911978006516
BTC-USD,2026-08-30T18:39:05.768043Z,79158.34,79158.35,0.01,79158.345,0.3498968618769105456359088725
BTC-USD,2026-08-30T18:39:05.805981Z,79158.34,79158.35,0.01,79158.345,0.3498968618769105456359088725
BTC-USD,2026-08-30T18:39:05.862407Z,79158.34,79158.35,0.01,79158.345,0.3498968618769105456359088725
BTC-USD,2026-08-30T18:39:05.929977Z,79158.34,79158.35,0.01,79158.345,0.4851727502579161863259221843
BTC-USD,2026-08-30T18:39:05.974727Z,79158.34,79158.35,0.01,79158.345,0.4213426404633006254150312841
BTC-USD,2026-08-30T18:39:06.020387Z,79158.34,79158.35,0.01,79158.345,0.3836667357968438957072382664
BTC-USD,2026-08-30T18:39:06.06688Z,79158.34,79158.35,0.01,79158.345,0.4440858490028494159154080284
BTC-USD,2026-08-30T18:39:06.089069Z,79158.34,79158.35,0.01,79158.345,0.3158666937894855083327198331
BTC-USD,2026-08-30T18:39:06.128733Z,79158.34,79158.35,0.01,79158.345,0.3158666937894855083327198331
BTC-USD,2026-08-30T18:39:06.203316Z,79158.34,79158.35,0.01,79158.345,0.3158666937894855083327198331
BTC-USD,2026-08-30T18:39:06.272707Z,79158.34,79158.35,0.01,79158.345,0.4262869304731240775708266899
BTC-USD,2026-08-30T18:39:06.315791Z,79158.34,79158.35,0.01,79158.345,0.4262869304731240775708266899
BTC-USD,2026-08-30T18:39:06.366912Z,79158.34,79158.35,0.01,79158.345,0.4262869304731240775708266899
BTC-USD,2026-08-30T18:39:06.408259Z,79158.34,79158.35,0.01,79158.345,0.4262869304731240775708266899
BTC-USD,2026-08-30T18:39:06.468506Z,79158.34,79158.35,0.01,79158.345,0.4454852411220761742700283913
BTC-USD,2026-08-30T18:39:06.53149Z,79158.34,79158.35,0.01,79158.345,0.4455312039194705629950638151
BTC-USD,2026-08-30T18:39:06.564654Z,79158.34,79158.35,0.01,79158.345,0.4455516038239808598060075106
BTC-USD,2026-08-30T18:39:06.595314Z,79158.34,79158.35,0.01,79158.345,0.4455516038239808598060075106
BTC-USD,2026-08-30T18:39:06.640303Z,79158.34,79158.35,0.01,79158.345,0.4455515370388197960352890276
BTC-USD,2026-08-30T18:39:06.713645Z,79158.34,79158.35,0.01,79158.345,0.4455514702536426432712347218
BTC-USD,2026-08-30T18:39:06.76715Z,79158.34,79158.35,0.01,79158.345,0.4455514702536426432712347218
BTC-USD,2026-08-30T18:39:06.824907Z,79158.34,79158.35,0.01,79158.345,0.4455514702536426432712347218
BTC-USD,2026-08-30T18:39:06.886494Z,79158.34,79158.35,0.01,79158.345,0.4455514702536426432712347218
BTC-USD,2026-08-30T18:39:06.97777Z,79158.34,79158.35,0.01,79158.345,0.4455514702536426432712347218
BTC-USD,2026-08-30T18:39:07.0218Z,79158.34,79158.35,0.01,79158.345,0.4455514702536426432712347218
BTC-USD,2026-08-30T18:39:07.058253Z,79158.34,79158.35,0.01,79158.345,0.4455514702536426432712347218
BTC-USD,2026-08-30T18:39:07.154438Z,79158.34,79158.35,0.01,79158.345,0.4455514702536426432712347218
BTC-USD,2026-08-30T18:39:07.230507Z,79158.34,79158.35,0.01,79158.345,0.4455514702536426432712347218
BTC-USD,2026-08-30T18:39:07.276972Z,79158.34,79158.35,0.01,79158.345,0.4455514702536426432712347218
BTC-USD,2026-08-30T18:39:07.283854Z,79158.34,79158.35,0.01,79158.345,0.4455514702536426432712347218
BTC-USD,2026-08-30T18:39:07.374863Z,79158.34,79158.35,0.01,79158.345,0.6820107713911482334857470833
BTC-USD,2026-08-30T18:39:07.415358Z,79158.34,79158.35,0.01,79158.345,0.6820107713911482334857470833
BTC-USD,2026-08-30T18:39:07.460601Z,79158.34,79158.35,0.01,79158.345,0.6820107713911482334857470833
BTC-USD,2026-08-30T18:39:07.51159Z,79158.34,79158.35,0.01,79158.345,0.6820107713911482334857470833
BTC-USD,2026-08-30T18:39:07.580289Z,79158.34,79158.35,0.01,79158.345,0.6820107713911482334857470833
BTC-USD,2026-08-30T18:39:07.591459Z,79158.34,79158.35,0.01,79158.345,0.6820107713911482334857470833
BTC-USD,2026-08-30T18:39:07.637402Z,79158.34,79158.35,0.01,79158.345,0.6820107713911482334857470833
BTC-USD,2026-08-30T18:39:07.723648Z,79158.34,79158.35,0.01,79158.345,0.6820107713911482334857470833
BTC-USD,2026-08-30T18:39:07.764855Z,79158.34,79158.35,0.01,79158.345,0.6820107713911482334857470833
BTC-USD,2026-08-30T18:39:07.814601Z,79158.34,79158.35,0.01,79158.345,0.6820107713911482334857470833
BTC-USD,2026-08-30T18:39:07.867408Z,79158.34,79158.35,0.01,79158.345,0.6820107713911482334857470833
BTC-USD,2026-08-30T18:39:07.912676Z,79158.34,79158.35,0.01,79158.345,0.6820107713911482334857470833
BTC-USD,2026-08-30T18:39:08.017207Z,79158.34,79158.35,0.01,79158.345,0.6820107713911482334857470833
BTC-USD,2026-08-30T18:39:08.056659Z,79158.34,79158.35,0.01,79158.345,0.8746338453224485182661566527
BTC-USD,2026-08-30T18:39:08.111354Z,79159.99,79160,0.01,79159.995,0.4501249158296774694110690414
BTC-USD,2026-08-30T18:39:08.168439Z,79159.99,79160,0.01,79159.995,0.1349248446962104155525186017
BTC-USD,2026-08-30T18:39:08.217744Z,79159.99,79160,0.01,79159.995,0.1839138353786509617706226104
BTC-USD,2026-08-30T18:39:08.262419Z,79159.99,79160,0.01,79159.995,0.4363897422647237081413473251
BTC-USD,2026-08-30T18:39:08.319368Z,79159.99,79160,0.01,79159.995,0.2643283841381039795030419052
BTC-USD,2026-08-30T18:39:08.380731Z,79159.99,79160,0.01,79159.995,0.4926329331821359611724713425
BTC-USD,2026-08-30T18:39:08.396728Z,79159.99,79160,0.01,79159.995,0.6038658326437414038295606193
BTC-USD,2026-08-30T18:39:08.467697Z,79159.99,79160,0.01,79159.995,0.4926328987076741436848049620
BTC-USD,2026-08-30T18:39:08.512454Z,79159.99,79160,0.01,79159.995,0.5637187234555226009810494123
BTC-USD,2026-08-30T18:39:08.567925Z,79159.99,79160,0.01,79159.995,0.5119730396890489978148961561
BTC-USD,2026-08-30T18:39:08.623594Z,79159.99,79160,0.01,79159.995,0.5119730396890489978148961561
BTC-USD,2026-08-30T18:39:08.671601Z,79159.99,79160,0.01,79159.995,0.5119730396890489978148961561
BTC-USD,2026-08-30T18:39:08.723008Z,79162.41,79163.49,1.08,79162.95,-0.3769024981951682872242627452
BTC-USD,2026-08-30T18:39:08.761514Z,79162.41,79163.49,1.08,79162.95,-0.4497754792572974244850230715
BTC-USD,2026-08-30T18:39:08.821272Z,79163.48,79163.49,0.01,79163.485,-0.4817559075516107563945550898
BTC-USD,2026-08-30T18:39:08.882715Z,79163.48,79163.49,0.01,79163.485,-0.5043390021833601160287224069
BTC-USD,2026-08-30T18:39:08.927964Z,79163.48,79163.49,0.01,79163.485,-0.5043390021833601160287224069
BTC-USD,2026-08-30T18:39:08.966063Z,79163.48,79163.49,0.01,79163.485,-0.6452557197362510358289092163
BTC-USD,2026-08-30T18:39:09.006329Z,79163.48,79163.49,0.01,79163.485,-0.4288176397363335968163180893
BTC-USD,2026-08-30T18:39:09.067361Z,79163.48,79163.49,0.01,79163.485,-0.1862377705742065627499132763
BTC-USD,2026-08-30T18:39:09.113257Z,79163.48,79163.49,0.01,79163.485,-0.1861761782652447655040882069
BTC-USD,2026-08-30T18:39:09.174607Z,79163.48,79163.49,0.01,79163.485,-0.2874580486068450432027797753
BTC-USD,2026-08-30T18:39:09.217763Z,79163.48,79163.49,0.01,79163.485,-0.1861727076378201702368596632
BTC-USD,2026-08-30T18:39:09.266526Z,79163.48,79163.49,0.01,79163.485,-0.1861727076378201702368596632
BTC-USD,2026-08-30T18:39:09.323417Z,79163.48,79163.49,0.01,79163.485,-0.1861727076378201702368596632
BTC-USD,2026-08-30T18:39:09.370044Z,79163.48,79163.49,0.01,79163.485,-0.1861727076378201702368596632
BTC-USD,2026-08-30T18:39:09.473256Z,79163.48,79163.49,0.01,79163.485,-0.1861727076378201702368596632
BTC-USD,2026-08-30T18:39:09.535201Z,79163.48,79163.49,0.01,79163.485,-0.3515485565229642223663343239
BTC-USD,2026-08-30T18:39:09.574576Z,79163.48,79163.49,0.01,79163.485,-0.3515485565229642223663343239
BTC-USD,2026-08-30T18:39:09.607969Z,79163.48,79163.49,0.01,79163.485,-0.3515485565229642223663343239
BTC-USD,2026-08-30T18:39:09.630702Z,79163.48,79163.49,0.01,79163.485,-0.5136620652511405367486094397
BTC-USD,2026-08-30T18:39:09.731614Z,79163.48,79163.49,0.01,79163.485,0.1927295194520742289583584200
BTC-USD,2026-08-30T18:39:09.786801Z,79163.48,79163.49,0.01,79163.485,0.2793033487859587801498464636
BTC-USD,2026-08-30T18:39:09.826834Z,79163.48,79163.49,0.01,79163.485,0.2793159856292264582624318852
BTC-USD,2026-08-30T18:39:09.863506Z,79163.48,79163.49,0.01,79163.485,0.2793159856292264582624318852
BTC-USD,2026-08-30T18:39:09.910394Z,79163.48,79163.49,0.01,79163.485,0.2793159856292264582624318852
BTC-USD,2026-08-30T18:39:09.97532Z,79163.48,79163.49,0.01,79163.485,0.2793159995620151424530066404
BTC-USD,2026-08-30T18:39:10.007658Z,79163.48,79163.49,0.01,79163.485,0.2793159995620151424530066404
BTC-USD,2026-08-30T18:39:10.061055Z,79163.48,79163.49,0.01,79163.485,0.2793159995620151424530066404
BTC-USD,2026-08-30T18:39:10.072264Z,79163.48,79163.49,0.01,79163.485,0.2793159995620151424530066404
BTC-USD,2026-08-30T18:39:10.085297Z,79163.48,79163.49,0.01,79163.485,0.2793159995620151424530066404
BTC-USD,2026-08-30T18:39:10.231546Z,79163.48,79163.49,0.01,79163.485,0.1899796629338062963710916133
BTC-USD,2026-08-30T18:39:10.260238Z,79163.48,79163.49,0.01,79163.485,0.1899796629338062963710916133
BTC-USD,2026-08-30T18:39:10.333278Z,79163.48,79163.49,0.01,79163.485,0.1904481983994385337662167077
BTC-USD,2026-08-30T18:39:10.381441Z,79163.48,79163.49,0.01,79163.485,0.1904481983994385337662167077
BTC-USD,2026-08-30T18:39:10.429708Z,79163.48,79163.49,0.01,79163.485,0.1904481983994385337662167077
BTC-USD,2026-08-30T18:39:10.480222Z,79163.48,79163.49,0.01,79163.485,0.2057073580890002761688458384
BTC-USD,2026-08-30T18:39:10.531824Z,79163.48,79163.49,0.01,79163.485,0.2057073580890002761688458384
BTC-USD,2026-08-30T18:39:10.587619Z,79163.48,79163.49,0.01,79163.485,0.2057073580890002761688458384
BTC-USD,2026-08-30T18:39:10.626895Z,79163.48,79163.49,0.01,79163.485,0.2792170048482505706811165340
BTC-USD,2026-08-30T18:39:10.673527Z,79163.48,79163.49,0.01,79163.485,0.2792170048482505706811165340
BTC-USD,2026-08-30T18:39:10.728465Z,79163.48,79163.49,0.01,79163.485,0.2792138841532438952508423285
BTC-USD,2026-08-30T18:39:10.758894Z,79163.48,79163.49,0.01,79163.485,0.2792138841532438952508423285
BTC-USD,2026-08-30T18:39:10.823294Z,79163.48,79163.49,0.01,79163.485,0.2792138292037661199929079219
BTC-USD,2026-08-30T18:39:10.870521Z,79163.48,79163.49,0.01,79163.485,0.2057045286734508888477173126
BTC-USD,2026-08-30T18:39:10.932964Z,79163.48,79163.49,0.01,79163.485,0.2057045286734508888477173126
BTC-USD,2026-08-30T18:39:10.959477Z,79163.48,79163.49,0.01,79163.485,0.05853761729182256189115694578
BTC-USD,2026-08-30T18:39:11.006656Z,79163.48,79163.49,0.01,79163.485,0.05853761729182256189115694578
BTC-USD,2026-08-30T18:39:11.049764Z,79163.48,79163.49,0.01,79163.485,-0.2525000482343312937583730637
BTC-USD,2026-08-30T18:39:11.12941Z,79163.48,79163.49,0.01,79163.485,-0.2525000482343312937583730637
BTC-USD,2026-08-30T18:39:11.174754Z,79163.48,79163.49,0.01,79163.485,-0.2442745645623099411838249113
BTC-USD,2026-08-30T18:39:11.197189Z,79163.48,79163.49,0.01,79163.485,-0.2442745645623099411838249113
BTC-USD,2026-08-30T18:39:11.256008Z,79163.48,79163.49,0.01,79163.485,-0.2309013656267460142149920089
BTC-USD,2026-08-30T18:39:11.325289Z,79163.48,79163.49,0.01,79163.485,-0.1151335854412076668266318432
BTC-USD,2026-08-30T18:39:11.360804Z,79163.48,79163.49,0.01,79163.485,-0.1151335854412076668266318432
BTC-USD,2026-08-30T18:39:11.405409Z,79163.48,79163.49,0.01,79163.485,-0.1151335854412076668266318432
BTC-USD,2026-08-30T18:39:11.468284Z,79163.48,79163.49,0.01,79163.485,-0.1151335854412076668266318432
BTC-USD,2026-08-30T18:39:11.506166Z,79163.48,79163.49,0.01,79163.485,-0.1151335854412076668266318432
BTC-USD,2026-08-30T18:39:11.557061Z,79163.48,79163.49,0.01,79163.485,-0.1054944260273503362652670521
BTC-USD,2026-08-30T18:39:11.61791Z,79158.83,79160,1.17,79159.415,-0.1793524900218033188432564974
BTC-USD,2026-08-30T18:39:11.66664Z,79154.19,79154.2,0.01,79154.195,-0.6540625876693592891343052165
BTC-USD,2026-08-30T18:39:11.708429Z,79154.19,79154.2,0.01,79154.195,-0.2645114607068387518432197800
BTC-USD,2026-08-30T18:39:11.757245Z,79154.19,79154.2,0.01,79154.195,-0.5710529029839975776106323524
BTC-USD,2026-08-30T18:39:11.805745Z,79154.19,79154.2,0.01,79154.195,-0.3071740793926068616372592647
BTC-USD,2026-08-30T18:39:11.857626Z,79154.19,79154.2,0.01,79154.195,-0.1849410794738943195821991916
BTC-USD,2026-08-30T18:39:11.923057Z,79154.19,79154.2,0.01,79154.195,-0.3395390827049516893014558693
BTC-USD,2026-08-30T18:39:11.964156Z,79154.19,79154.2,0.01,79154.195,-0.02842773287402467741743696434
BTC-USD,2026-08-30T18:39:12.012397Z,79154.19,79154.2,0.01,79154.195,-0.02842773287402467741743696434
BTC-USD,2026-08-30T18:39:12.068266Z,79154.19,79154.2,0.01,79154.195,-0.02914350520293524280052298735
BTC-USD,2026-08-30T18:39:12.112763Z,79154.19,79154.2,0.01,79154.195,-0.1066353416545308506122780704
BTC-USD,2026-08-30T18:39:12.191526Z,79154.19,79154.2,0.01,79154.195,-0.1636101247270171217122251001
BTC-USD,2026-08-30T18:39:12.253498Z,79154.19,79154.2,0.01,79154.195,-0.1636101247270171217122251001
BTC-USD,2026-08-30T18:39:12.337262Z,79154.19,79154.2,0.01,79154.195,-0.1636101247270171217122251001
BTC-USD,2026-08-30T18:39:12.385434Z,79154.19,79154.2,0.01,79154.195,-0.2627736978349506584686766238
BTC-USD,2026-08-30T18:39:12.425888Z,79154.19,79154.2,0.01,79154.195,-0.1723953924773928884163048744
BTC-USD,2026-08-30T18:39:12.476774Z,79154.19,79154.2,0.01,79154.195,-0.1723953924773928884163048744
BTC-USD,2026-08-30T18:39:12.515659Z,79154.19,79154.2,0.01,79154.195,-0.1723953924773928884163048744
BTC-USD,2026-08-30T18:39:12.56615Z,79154.19,79154.2,0.01,79154.195,-0.1723953924773928884163048744
BTC-USD,2026-08-30T18:39:12.605638Z,79154.19,79154.2,0.01,79154.195,-0.1723953924773928884163048744
BTC-USD,2026-08-30T18:39:12.706147Z,79154.19,79154.2,0.01,79154.195,-0.1722617096455951730103895817
BTC-USD,2026-08-30T18:39:12.713678Z,79154.19,79154.2,0.01,79154.195,-0.1722617096455951730103895817
BTC-USD,2026-08-30T18:39:12.816127Z,79154.19,79154.2,0.01,79154.195,-0.1718076595593337886294246884
BTC-USD,2026-08-30T18:39:12.892777Z,79154.19,79154.2,0.01,79154.195,-0.2186164139291809708594987973
BTC-USD,2026-08-30T18:39:12.90662Z,79154.19,79154.2,0.01,79154.195,-0.2186164139291809708594987973
BTC-USD,2026-08-30T18:39:12.984572Z,79154.19,79154.2,0.01,79154.195,-0.1708799634271479969544351101
BTC-USD,2026-08-30T18:39:13.013996Z,79154.19,79154.2,0.01,79154.195,-0.1708799634271479969544351101
BTC-USD,2026-08-30T18:39:13.054926Z,79154.19,79154.2,0.01,79154.195,0.02162357078212417480808545753
BTC-USD,2026-08-30T18:39:13.064959Z,79154.19,79154.2,0.01,79154.195,0.02162357078212417480808545753
BTC-USD,2026-08-30T18:39:13.156437Z,79154.19,79154.2,0.01,79154.195,0.02183592983671063351108126004
BTC-USD,2026-08-30T18:39:13.219802Z,79154.19,79154.2,0.01,79154.195,0.02183592983671063351108126004
BTC-USD,2026-08-30T18:39:13.267306Z,79154.19,79154.2,0.01,79154.195,0.02183592983671063351108126004
BTC-USD,2026-08-30T18:39:13.314407Z,79154.19,79154.2,0.01,79154.195,0.02183592983671063351108126004
BTC-USD,2026-08-30T18:39:13.379511Z,79154.19,79154.2,0.01,79154.195,0.02183592983671063351108126004
BTC-USD,2026-08-30T18:39:13.470846Z,79154.19,79154.2,0.01,79154.195,0.06980104806797489022316117343
BTC-USD,2026-08-30T18:39:13.529917Z,79154.19,79154.2,0.01,79154.195,0.1941268780828164031554996067
BTC-USD,2026-08-30T18:39:13.571605Z,79154.19,79154.2,0.01,79154.195,0.1941268780828164031554996067
BTC-USD,2026-08-30T18:39:13.632523Z,79154.19,79154.2,0.01,79154.195,0.1941268780828164031554996067
BTC-USD,2026-08-30T18:39:13.675368Z,79154.19,79154.2,0.01,79154.195,0.1941268780828164031554996067
BTC-USD,2026-08-30T18:39:13.685565Z,79154.19,79154.2,0.01,79154.195,0.1932147926521935952599300376
BTC-USD,2026-08-30T18:39:13.777509Z,79154.19,79154.2,0.01,79154.195,0.1932147926521935952599300376
BTC-USD,2026-08-30T18:39:13.819411Z,79154.19,79154.2,0.01,79154.195,0.1932147926521935952599300376
BTC-USD,2026-08-30T18:39:13.872356Z,79154.19,79154.2,0.01,79154.195,0.1932144662547639122190748007
BTC-USD,2026-08-30T18:39:13.925937Z,79154.19,79154.2,0.01,79154.195,0.06858518372849558594621614994
BTC-USD,2026-08-30T18:39:13.979649Z,79154.19,79154.2,0.01,79154.195,0.06858518372849558594621614994
BTC-USD,2026-08-30T18:39:14.032392Z,79154.19,79154.2,0.01,79154.195,0.06858518372849558594621614994
BTC-USD,2026-08-30T18:39:14.061674Z,79154.19,79154.2,0.01,79154.195,0.06858518372849558594621614994
BTC-USD,2026-08-30T18:39:14.123017Z,79154.19,79154.2,0.01,79154.195,0.06858518372849558594621614994
BTC-USD,2026-08-30T18:39:14.184951Z,79154.19,79154.2,0.01,79154.195,0.1970326753411095665681920561
BTC-USD,2026-08-30T18:39:14.226035Z,79154.19,79154.2,0.01,79154.195,0.1970326753411095665681920561
BTC-USD,2026-08-30T18:39:14.274104Z,79154.19,79154.2,0.01,79154.195,0.1970326753411095665681920561
BTC-USD,2026-08-30T18:39:14.324266Z,79154.19,79154.2,0.01,79154.195,0.1970326753411095665681920561
BTC-USD,2026-08-30T18:39:14.375698Z,79154.19,79154.2,0.01,79154.195,0.07253472254281524488561305495
BTC-USD,2026-08-30T18:39:14.41955Z,79154.19,79154.2,0.01,79154.195,0.07253472254281524488561305495
BTC-USD,2026-08-30T18:39:14.462317Z,79154.19,79154.2,0.01,79154.195,0.07253472254281524488561305495
BTC-USD,2026-08-30T18:39:14.521928Z,79154.19,79154.2,0.01,79154.195,0.07253472254281524488561305495
BTC-USD,2026-08-30T18:39:14.572576Z,79154.19,79154.2,0.01,79154.195,0.07253472254281524488561305495
BTC-USD,2026-08-30T18:39:14.6575Z,79154.19,79154.2,0.01,79154.195,0.07253472254281524488561305495
BTC-USD,2026-08-30T18:39:14.771955Z,79154.19,79154.2,0.01,79154.195,0.07253472254281524488561305495
BTC-USD,2026-08-30T18:39:14.822626Z,79154.19,79154.2,0.01,79154.195,0.07253472254281524488561305495
BTC-USD,2026-08-30T18:39:14.850653Z,79154.19,79154.2,0.01,79154.195,0.07253472254281524488561305495
BTC-USD,2026-08-30T18:39:14.925853Z,79154.19,79154.2,0.01,79154.195,0.07253472254281524488561305495
BTC-USD,2026-08-30T18:39:14.981413Z,79154.19,79154.2,0.01,79154.195,0.1970326753411095665681920561
BTC-USD,2026-08-30T18:39:15.013924Z,79154.19,79154.2,0.01,79154.195,0.1970326753411095665681920561
BTC-USD,2026-08-30T18:39:15.030207Z,79154.19,79154.2,0.01,79154.195,0.1970326753411095665681920561
BTC-USD,2026-08-30T18:39:15.095291Z,79154.19,79154.2,0.01,79154.195,0.1970326753411095665681920561
BTC-USD,2026-08-30T18:39:15.254132Z,79152.08,79152.74,0.66,79152.41,0.01183222193344665072069580397
BTC-USD,2026-08-30T18:39:15.300739Z,79152.73,79152.74,0.01,79152.735,-0.2478223408339733610215054202
BTC-USD,2026-08-30T18:39:15.372518Z,79152.73,79152.74,0.01,79152.735,-0.4567223348629640678852086182
BTC-USD,2026-08-30T18:39:15.436354Z,79152.73,79152.74,0.01,79152.735,-0.5905802736251396188336026572
BTC-USD,2026-08-30T18:39:15.465708Z,79152.73,79152.74,0.01,79152.735,-0.5905802736251396188336026572
BTC-USD,2026-08-30T18:39:15.513941Z,79152.73,79152.74,0.01,79152.735,-0.7239825659315816899064278849
BTC-USD,2026-08-30T18:39:15.585989Z,79152.73,79152.74,0.01,79152.735,-0.5687377628272955980950312503
BTC-USD,2026-08-30T18:39:15.65308Z,79152.73,79152.74,0.01,79152.735,-0.5687377628272955980950312503
BTC-USD,2026-08-30T18:39:15.741592Z,79152.73,79152.74,0.01,79152.735,-0.2453677919398311196961404323
BTC-USD,2026-08-30T18:39:15.818938Z,79152.73,79152.74,0.01,79152.735,-0.2453677919398311196961404323
BTC-USD,2026-08-30T18:39:15.856672Z,79152.73,79152.74,0.01,79152.735,-0.2453677919398311196961404323
BTC-USD,2026-08-30T18:39:15.926511Z,79152.73,79152.74,0.01,79152.735,-0.2446128997407351968812769067
BTC-USD,2026-08-30T18:39:15.960034Z,79152.73,79152.74,0.01,79152.735,-0.2446128997407351968812769067
BTC-USD,2026-08-30T18:39:16.034293Z,79152.73,79152.74,0.01,79152.735,0.01047353993015389340867743783
BTC-USD,2026-08-30T18:39:16.055533Z,79152.73,79152.74,0.01,79152.735,0.01047353993015389340867743783
BTC-USD,2026-08-30T18:39:16.119455Z,79152.73,79152.74,0.01,79152.735,0.01047353993015389340867743783
BTC-USD,2026-08-30T18:39:16.180821Z,79152.73,79152.74,0.01,79152.735,0.04322413653509378965099660562
BTC-USD,2026-08-30T18:39:16.219406Z,79152.73,79152.74,0.01,79152.735,0.002306027859157391245433749976
BTC-USD,2026-08-30T18:39:16.276168Z,79152.73,79152.74,0.01,79152.735,0.002306027859157391245433749976
BTC-USD,2026-08-30T18:39:16.327289Z,79152.73,79152.74,0.01,79152.735,0.002743602970793789882058638551
BTC-USD,2026-08-30T18:39:16.380311Z,79152.73,79152.74,0.01,79152.735,0.002743602970793789882058638551
BTC-USD,2026-08-30T18:39:16.424889Z,79152.73,79152.74,0.01,79152.735,0.1118703050247180690894313352
BTC-USD,2026-08-30T18:39:16.468034Z,79152.73,79152.74,0.01,79152.735,0.1118703050247180690894313352
BTC-USD,2026-08-30T18:39:16.530675Z,79152.73,79152.74,0.01,79152.735,0.1118703050247180690894313352
BTC-USD,2026-08-30T18:39:16.5702Z,79152.73,79152.74,0.01,79152.735,0.1118701117174800676033963344
BTC-USD,2026-08-30T18:39:16.617262Z,79152.73,79152.74,0.01,79152.735,0.1118701117174800676033963344
BTC-USD,2026-08-30T18:39:16.658086Z,79152.73,79152.74,0.01,79152.735,0.1118701117174800676033963344
BTC-USD,2026-08-30T18:39:16.724888Z,79152.73,79152.74,0.01,79152.735,0.1118701117174800676033963344
BTC-USD,2026-08-30T18:39:16.786899Z,79152.73,79152.74,0.01,79152.735,0.1118701117174800676033963344
BTC-USD,2026-08-30T18:39:16.823361Z,79152.73,79152.74,0.01,79152.735,0.1118701117174800676033963344
BTC-USD,2026-08-30T18:39:16.87472Z,79152.73,79152.74,0.01,79152.735,0.1118701117174800676033963344
BTC-USD,2026-08-30T18:39:16.983174Z,79152.73,79152.74,0.01,79152.735,0.1118701117174800676033963344
BTC-USD,2026-08-30T18:39:17.027626Z,79152.73,79152.74,0.01,79152.735,0.1118701117174800676033963344
BTC-USD,2026-08-30T18:39:17.062918Z,79152.73,79152.74,0.01,79152.735,0.1118701117174800676033963344
BTC-USD,2026-08-30T18:39:17.126457Z,79152.73,79152.74,0.01,79152.735,0.1118701117174800676033963344
BTC-USD,2026-08-30T18:39:17.169391Z,79152.73,79152.74,0.01,79152.735,0.1118701117174800676033963344
BTC-USD,2026-08-30T18:39:17.229804Z,79152.73,79152.74,0.01,79152.735,0.1118701117174800676033963344
BTC-USD,2026-08-30T18:39:17.284715Z,79152.73,79152.74,0.01,79152.735,0.1118701117174800676033963344
BTC-USD,2026-08-30T18:39:17.33653Z,79152.73,79152.74,0.01,79152.735,0.1116863790103504879098622834
BTC-USD,2026-08-30T18:39:17.374387Z,79152.73,79152.74,0.01,79152.735,0.1116863790103504879098622834
BTC-USD,2026-08-30T18:39:17.42192Z,79152.73,79152.74,0.01,79152.735,0.1116863790103504879098622834
BTC-USD,2026-08-30T18:39:17.472486Z,79152.73,79152.74,0.01,79152.735,0.1116862823526796050454537797
BTC-USD,2026-08-30T18:39:17.575158Z,79152.73,79152.74,0.01,79152.735,0.1116862823526796050454537797
BTC-USD,2026-08-30T18:39:17.616432Z,79152.73,79152.74,0.01,79152.735,0.1116862823526796050454537797
BTC-USD,2026-08-30T18:39:17.747903Z,79152.73,79152.74,0.01,79152.735,0.1028301412135491934313576827
BTC-USD,2026-08-30T18:39:17.789265Z,79152.73,79152.74,0.01,79152.735,-0.3125754009926785314601282575
BTC-USD,2026-08-30T18:39:17.831635Z,79152.73,79152.74,0.01,79152.735,-0.3118183648778567123734336486
BTC-USD,2026-08-30T18:39:17.864908Z,79152.73,79152.74,0.01,79152.735,-0.3118183648778567123734336486
BTC-USD,2026-08-30T18:39:17.925624Z,79152.73,79152.74,0.01,79152.735,-0.3118183648778567123734336486
BTC-USD,2026-08-30T18:39:17.969112Z,79152.73,79152.74,0.01,79152.735,-0.3118183648778567123734336486
BTC-USD,2026-08-30T18:39:18.024671Z,79152.73,79152.74,0.01,79152.735,-0.3118183648778567123734336486
BTC-USD,2026-08-30T18:39:18.053723Z,79152.73,79152.74,0.01,79152.735,-0.3118183648778567123734336486
BTC-USD,2026-08-30T18:39:18.092257Z,79152.73,79152.74,0.01,79152.735,-0.3117639278773018509464008783
BTC-USD,2026-08-30T18:39:18.116815Z,79152.73,79152.74,0.01,79152.735,-0.3110536671417724542614310190
BTC-USD,2026-08-30T18:39:18.147866Z,79152.73,79152.74,0.01,79152.735,-0.3110536671417724542614310190
BTC-USD,2026-08-30T18:39:18.257002Z,79152.73,79152.74,0.01,79152.735,-0.3110536671417724542614310190
BTC-USD,2026-08-30T18:39:18.340834Z,79152.73,79152.74,0.01,79152.735,-0.3110536671417724542614310190
BTC-USD,2026-08-30T18:39:18.384643Z,79152.73,79152.74,0.01,79152.735,-0.3110536671417724542614310190
BTC-USD,2026-08-30T18:39:18.431945Z,79152.73,79152.74,0.01,79152.735,-0.3110536671417724542614310190
BTC-USD,2026-08-30T18:39:18.478392Z,79152.73,79152.74,0.01,79152.735,-0.3110536671417724542614310190
BTC-USD,2026-08-30T18:39:18.519806Z,79152.73,79152.74,0.01,79152.735,-0.3110537800760918744671426052
BTC-USD,2026-08-30T18:39:18.568828Z,79152.73,79152.74,0.01,79152.735,-0.07670341296993517076875918814
BTC-USD,2026-08-30T18:39:18.586391Z,79152.73,79152.74,0.01,79152.735,-0.07670341296993517076875918814
BTC-USD,2026-08-30T18:39:18.621164Z,79152.73,79152.74,0.01,79152.735,-0.07670341296993517076875918814
BTC-USD,2026-08-30T18:39:18.72503Z,79152.73,79152.74,0.01,79152.735,-0.07670369860302947861076412345
BTC-USD,2026-08-30T18:39:18.786342Z,79152.73,79152.74,0.01,79152.735,-0.07670369860302947861076412345
BTC-USD,2026-08-30T18:39:18.884754Z,79152.73,79152.74,0.01,79152.735,-0.07670369860302947861076412345
BTC-USD,2026-08-30T18:39:18.930676Z,79152.73,79152.74,0.01,79152.735,-0.07670369860302947861076412345
BTC-USD,2026-08-30T18:39:18.961816Z,79152.73,79152.74,0.01,79152.735,-0.07670369860302947861076412345
BTC-USD,2026-08-30T18:39:19.014651Z,79152.73,79152.74,0.01,79152.735,-0.07670369860302947861076412345
BTC-USD,2026-08-30T18:39:19.066589Z,79152.73,79152.74,0.01,79152.735,-0.07670369860302947861076412345
BTC-USD,2026-08-30T18:39:19.115397Z,79152.73,79152.74,0.01,79152.735,-0.6146838648956785965663459082
BTC-USD,2026-08-30T18:39:19.162202Z,79152.73,79152.74,0.01,79152.735,-0.7576874186625364275795067753
BTC-USD,2026-08-30T18:39:19.20228Z,79152.73,79152.74,0.01,79152.735,-0.3508532909633767167879323995
BTC-USD,2026-08-30T18:39:19.258654Z,79152.73,79152.74,0.01,79152.735,-0.4351163255345930204554135390
BTC-USD,2026-08-30T18:39:19.316296Z,79152.73,79152.74,0.01,79152.735,-0.4351163255345930204554135390
BTC-USD,2026-08-30T18:39:19.359018Z,79152.73,79152.74,0.01,79152.735,-0.5353383952266025018663964944
BTC-USD,2026-08-30T18:39:19.41783Z,79152.73,79152.74,0.01,79152.735,-0.3093915221911972101964595896
BTC-USD,2026-08-30T18:39:19.47488Z,79152.73,79152.74,0.01,79152.735,-0.3398326296957338229760176470
BTC-USD,2026-08-30T18:39:19.512649Z,79152.73,79152.74,0.01,79152.735,-0.3392687804889763200266351298
BTC-USD,2026-08-30T18:39:19.560655Z,79152.73,79152.74,0.01,79152.735,-0.3447458835543187964291205636
BTC-USD,2026-08-30T18:39:19.606433Z,79152.73,79152.74,0.01,79152.735,-0.3773985196360379048606854934
BTC-USD,2026-08-30T18:39:19.630226Z,79152.73,79152.74,0.01,79152.735,-0.3773986733612963585355571953
BTC-USD,2026-08-30T18:39:19.719827Z,79152.73,79152.74,0.01,79152.735,-0.3773986733612963585355571953
BTC-USD,2026-08-30T18:39:19.77468Z,79152.73,79152.74,0.01,79152.735,-0.5064231454504541404080111571
BTC-USD,2026-08-30T18:39:19.821739Z,79152.73,79152.74,0.01,79152.735,-0.5003140721111178430610758629
BTC-USD,2026-08-30T18:39:19.866731Z,79152.73,79152.74,0.01,79152.735,-0.5003140721111178430610758629
BTC-USD,2026-08-30T18:39:19.914533Z,79152.73,79152.74,0.01,79152.735,-0.5002373513104582335724237764
BTC-USD,2026-08-30T18:39:19.955646Z,79152.73,79152.74,0.01,79152.735,-0.5002373513104582335724237764
BTC-USD,2026-08-30T18:39:20.021023Z,79152.73,79152.74,0.01,79152.735,-0.5002373513104582335724237764
BTC-USD,2026-08-30T18:39:20.082007Z,79152.73,79152.74,0.01,79152.735,-0.5614700071253654821087805797
BTC-USD,2026-08-30T18:39:20.196678Z,79152.73,79152.74,0.01,79152.735,-0.1660344383273767405131611193
BTC-USD,2026-08-30T18:39:20.259077Z,79152.73,79152.74,0.01,79152.735,-0.1120036691152972529528748340
BTC-USD,2026-08-30T18:39:20.365014Z,79152.73,79152.74,0.01,79152.735,-0.1113358231957676278839518498
BTC-USD,2026-08-30T18:39:20.401244Z,79152.73,79152.74,0.01,79152.735,-0.1113358231957676278839518498
BTC-USD,2026-08-30T18:39:20.473931Z,79152.73,79152.74,0.01,79152.735,-0.1289473657877210823676375886
BTC-USD,2026-08-30T18:39:20.506955Z,79152.73,79152.74,0.01,79152.735,-0.09305839575659102184041503989
BTC-USD,2026-08-30T18:39:20.617305Z,79152.73,79152.74,0.01,79152.735,-0.07721886937362029180546209939
BTC-USD,2026-08-30T18:39:20.630358Z,79152.73,79152.74,0.01,79152.735,-0.07721886937362029180546209939
BTC-USD,2026-08-30T18:39:20.678958Z,79152.73,79152.74,0.01,79152.735,-0.07659247583227750231950277842
BTC-USD,2026-08-30T18:39:20.757026Z,79152.73,79152.74,0.01,79152.735,-0.07659247583227750231950277842
BTC-USD,2026-08-30T18:39:20.813205Z,79152.73,79152.74,0.01,79152.735,-0.07659247583227750231950277842
BTC-USD,2026-08-30T18:39:20.856912Z,79152.73,79152.74,0.01,79152.735,-0.2910099607292398117084081038
BTC-USD,2026-08-30T18:39:20.923282Z,79152.73,79152.74,0.01,79152.735,-0.2387024470503781238914451154
BTC-USD,2026-08-30T18:39:20.975332Z,79152.73,79152.74,0.01,79152.735,-0.1293291251272707297721309753
BTC-USD,2026-08-30T18:39:21.015703Z,79152.73,79152.74,0.01,79152.735,-0.4409527474473123928455181653
BTC-USD,2026-08-30T18:39:21.051441Z,79152.73,79152.74,0.01,79152.735,-0.7950937091312588055284609954
BTC-USD,2026-08-30T18:39:21.072843Z,79152.73,79152.74,0.01,79152.735,-0.5968247508321365459175453860
BTC-USD,2026-08-30T18:39:21.094668Z,79152.73,79152.74,0.01,79152.735,-0.8230884820656311407127511589
BTC-USD,2026-08-30T18:39:21.159506Z,79152.73,79152.74,0.01,79152.735,-0.6488675524572216649999451075
BTC-USD,2026-08-30T18:39:21.178845Z,79152.73,79152.74,0.01,79152.735,-0.6488343455586447086993559469
BTC-USD,2026-08-30T18:39:21.275404Z,79152.73,79152.74,0.01,79152.735,-0.5356174073708474807382417122
BTC-USD,2026-08-30T18:39:21.317027Z,79152.73,79152.74,0.01,79152.735,-0.5098439915390920294612952322
BTC-USD,2026-08-30T18:39:21.400426Z,79152.73,79152.74,0.01,79152.735,-0.5713738769056275041132469635
BTC-USD,2026-08-30T18:39:21.453944Z,79152.73,79152.74,0.01,79152.735,-0.3508278173481289425366039583
BTC-USD,2026-08-30T18:39:21.515013Z,79152.73,79152.74,0.01,79152.735,-0.4787326382878975650331681273
BTC-USD,2026-08-30T18:39:21.580384Z,79152.73,79152.74,0.01,79152.735,-0.3508278173481289425366039583
BTC-USD,2026-08-30T18:39:21.622546Z,79152.73,79152.74,0.01,79152.735,-0.3508278173481289425366039583
BTC-USD,2026-08-30T18:39:21.673017Z,79152.73,79152.74,0.01,79152.735,-0.3651424288990297035360665616
BTC-USD,2026-08-30T18:39:21.732225Z,79152.73,79152.74,0.01,79152.735,-0.2681120766834547795400124510
BTC-USD,2026-08-30T18:39:21.783969Z,79152.73,79152.74,0.01,79152.735,-0.3380982623552922145900762361
BTC-USD,2026-08-30T18:39:21.826801Z,79152.73,79152.74,0.01,79152.735,-0.3669857193548192728300418547
BTC-USD,2026-08-30T18:39:21.864602Z,79152.73,79152.74,0.01,79152.735,-0.3669857193548192728300418547
BTC-USD,2026-08-30T18:39:21.925027Z,79152.73,79152.74,0.01,79152.735,-0.3669857901165649138024416401
BTC-USD,2026-08-30T18:39:21.960878Z,79152.73,79152.74,0.01,79152.735,-0.3669857901165649138024416401
BTC-USD,2026-08-30T18:39:21.996583Z,79152.73,79152.74,0.01,79152.735,-0.3669857901165649138024416401
BTC-USD,2026-08-30T18:39:22.077012Z,79152.73,79152.74,0.01,79152.735,-0.3669857901165649138024416401
BTC-USD,2026-08-30T18:39:22.114088Z,79152.73,79152.74,0.01,79152.735,-0.3695600464957851530546407962
BTC-USD,2026-08-30T18:39:22.16582Z,79152.73,79152.74,0.01,79152.735,0.06678842516709697802200056160
BTC-USD,2026-08-30T18:39:22.287677Z,79152.73,79152.74,0.01,79152.735,0.1570987008351582583959415200
BTC-USD,2026-08-30T18:39:22.328798Z,79152.73,79152.74,0.01,79152.735,0.1570987008351582583959415200
BTC-USD,2026-08-30T18:39:22.382397Z,79152.73,79152.74,0.01,79152.735,0.1570986424943498403859325096
BTC-USD,2026-08-30T18:39:22.426029Z,79152.73,79152.74,0.01,79152.735,0.1569832361141029570889335780
BTC-USD,2026-08-30T18:39:22.478722Z,79152.73,79152.74,0.01,79152.735,0.1569832361141029570889335780
BTC-USD,2026-08-30T18:39:22.52937Z,79152.73,79152.74,0.01,79152.735,0.1569832361141029570889335780
BTC-USD,2026-08-30T18:39:22.561701Z,79152.73,79152.74,0.01,79152.735,0.1569832361141029570889335780
BTC-USD,2026-08-30T18:39:22.611075Z,79152.73,79152.74,0.01,79152.735,0.1569832361141029570889335780
BTC-USD,2026-08-30T18:39:22.631766Z,79152.73,79152.74,0.01,79152.735,0.1569832361141029570889335780
BTC-USD,2026-08-30T18:39:22.771175Z,79152.73,79152.74,0.01,79152.735,0.1192141229435456077462747353
BTC-USD,2026-08-30T18:39:22.870737Z,79152.73,79152.74,0.01,79152.735,0.1192141229435456077462747353
BTC-USD,2026-08-30T18:39:22.925809Z,79152.73,79152.74,0.01,79152.735,0.1192141060958377374450930795
BTC-USD,2026-08-30T18:39:22.974223Z,79152.73,79152.74,0.01,79152.735,0.1192141060958377374450930795
BTC-USD,2026-08-30T18:39:23.028748Z,79152.73,79152.74,0.01,79152.735,0.1192141060958377374450930795
BTC-USD,2026-08-30T18:39:23.07873Z,79152.73,79152.74,0.01,79152.735,0.1192141060958377374450930795
BTC-USD,2026-08-30T18:39:23.093717Z,79152.73,79152.74,0.01,79152.735,0.1192141060958377374450930795
BTC-USD,2026-08-30T18:39:23.160134Z,79152.73,79152.74,0.01,79152.735,0.1193479993703060988425443284
BTC-USD,2026-08-30T18:39:23.20561Z,79152.73,79152.74,0.01,79152.735,0.1193613936718391772834805157
BTC-USD,2026-08-30T18:39:23.264265Z,79152.73,79152.74,0.01,79152.735,0.1193613936718391772834805157
BTC-USD,2026-08-30T18:39:23.318554Z,79152.73,79152.74,0.01,79152.735,0.1193613936718391772834805157
BTC-USD,2026-08-30T18:39:23.376558Z,79152.73,79152.74,0.01,79152.735,0.1193613936718391772834805157
BTC-USD,2026-08-30T18:39:23.439418Z,79152.73,79152.74,0.01,79152.735,0.1194249823264251098101443426
BTC-USD,2026-08-30T18:39:23.48783Z,79152.73,79152.74,0.01,79152.735,0.1194249823264251098101443426
BTC-USD,2026-08-30T18:39:23.53087Z,79152.73,79152.74,0.01,79152.735,0.1730610509777404326619499122
BTC-USD,2026-08-30T18:39:23.591878Z,79152.73,79152.74,0.01,79152.735,0.1207412085416050821144707750
BTC-USD,2026-08-30T18:39:23.600589Z,79152.73,79152.74,0.01,79152.735,0.1745065115327188399230605087
BTC-USD,2026-08-30T18:39:23.683508Z,79152.73,79152.74,0.01,79152.735,0.1747960005528268089319296303
BTC-USD,2026-08-30T18:39:23.69602Z,79152.73,79152.74,0.01,79152.735,0.1172031938064399448208104547
BTC-USD,2026-08-30T18:39:23.714743Z,79152.73,79152.74,0.01,79152.735,0.1172031938064399448208104547
BTC-USD,2026-08-30T18:39:23.785344Z,79152.73,79152.74,0.01,79152.735,0.1186056753571679934294955235
BTC-USD,2026-08-30T18:39:23.871052Z,79152.73,79152.74,0.01,79152.735,0.1192624023094665470283470224
BTC-USD,2026-08-30T18:39:23.98559Z,79152.73,79152.74,0.01,79152.735,0.1192624023094665470283470224
BTC-USD,2026-08-30T18:39:24.037227Z,79152.73,79152.74,0.01,79152.735,0.1192624023094665470283470224
BTC-USD,2026-08-30T18:39:24.060382Z,79152.73,79152.74,0.01,79152.735,0.1192624023094665470283470224
BTC-USD,2026-08-30T18:39:24.180539Z,79152.73,79152.74,0.01,79152.735,0.1192624023094665470283470224
BTC-USD,2026-08-30T18:39:24.23163Z,79152.73,79152.74,0.01,79152.735,0.05047167841973979485047292258
BTC-USD,2026-08-30T18:39:24.266158Z,79152.73,79152.74,0.01,79152.735,0.05047167841973979485047292258
BTC-USD,2026-08-30T18:39:24.296199Z,79152.73,79152.74,0.01,79152.735,0.05047167841973979485047292258
BTC-USD,2026-08-30T18:39:24.369631Z,79152.73,79152.74,0.01,79152.735,0.05047167841973979485047292258
BTC-USD,2026-08-30T18:39:24.407371Z,79152.73,79152.74,0.01,79152.735,0.05047167841973979485047292258
BTC-USD,2026-08-30T18:39:24.511026Z,79152.73,79152.74,0.01,79152.735,0.05058668572163912144760094745
BTC-USD,2026-08-30T18:39:24.575411Z,79152.73,79152.74,0.01,79152.735,0.05076366413286570581943116250
BTC-USD,2026-08-30T18:39:24.612991Z,79152.73,79152.74,0.01,79152.735,0.05076366413286570581943116250
BTC-USD,2026-08-30T18:39:24.664329Z,79152.73,79152.74,0.01,79152.735,0.05076366413286570581943116250
BTC-USD,2026-08-30T18:39:24.769091Z,79152.73,79152.74,0.01,79152.735,0.05076363856302416684934629605
BTC-USD,2026-08-30T18:39:24.867301Z,79152.73,79152.74,0.01,79152.735,0.05076363856302416684934629605
BTC-USD,2026-08-30T18:39:24.925797Z,79152.73,79152.74,0.01,79152.735,0.05081379690432458927357814273
BTC-USD,2026-08-30T18:39:24.975489Z,79152.73,79152.74,0.01,79152.735,0.05081379690432458927357814273
BTC-USD,2026-08-30T18:39:25.023313Z,79152.73,79152.74,0.01,79152.735,0.05081379690432458927357814273
BTC-USD,2026-08-30T18:39:25.075899Z,79152.73,79152.74,0.01,79152.735,0.05081379690432458927357814273
BTC-USD,2026-08-30T18:39:25.127136Z,79152.73,79152.74,0.01,79152.735,0.05081379690432458927357814273
BTC-USD,2026-08-30T18:39:25.172767Z,79152.73,79152.74,0.01,79152.735,0.05081379690432458927357814273
BTC-USD,2026-08-30T18:39:25.196568Z,79152.73,79152.74,0.01,79152.735,0.05081379690432458927357814273
BTC-USD,2026-08-30T18:39:25.260005Z,79152.73,79152.74,0.01,79152.735,0.05081379690432458927357814273
BTC-USD,2026-08-30T18:39:25.299435Z,79152.73,79152.74,0.01,79152.735,0.05081369462546711247477719696
BTC-USD,2026-08-30T18:39:25.383307Z,79152.73,79152.74,0.01,79152.735,0.05081369462546711247477719696
BTC-USD,2026-08-30T18:39:25.414419Z,79152.73,79152.74,0.01,79152.735,0.05081369462546711247477719696
BTC-USD,2026-08-30T18:39:25.47893Z,79152.73,79152.74,0.01,79152.735,0.06608947040655555390258616960
BTC-USD,2026-08-30T18:39:25.536125Z,79152.73,79152.74,0.01,79152.735,0.06608947040655555390258616960
BTC-USD,2026-08-30T18:39:25.638383Z,79152.73,79152.74,0.01,79152.735,0.06608947040655555390258616960
BTC-USD,2026-08-30T18:39:25.673746Z,79152.73,79152.74,0.01,79152.735,0.06608947040655555390258616960
BTC-USD,2026-08-30T18:39:25.711203Z,79152.73,79152.74,0.01,79152.735,0.06608947040655555390258616960
BTC-USD,2026-08-30T18:39:25.781116Z,79152.73,79152.74,0.01,79152.735,0.04378391799091677875228636848
BTC-USD,2026-08-30T18:39:25.831638Z,79152.73,79152.74,0.01,79152.735,0.04378387339470443762720165377
BTC-USD,2026-08-30T18:39:25.873149Z,79152.73,79152.74,0.01,79152.735,0.04378387339470443762720165377
BTC-USD,2026-08-30T18:39:25.921012Z,79152.73,79152.74,0.01,79152.735,0.04438188231980358168319118727
BTC-USD,2026-08-30T18:39:25.972486Z,79152.73,79152.74,0.01,79152.735,0.04438188231980358168319118727
BTC-USD,2026-08-30T18:39:25.997129Z,79152.73,79152.74,0.01,79152.735,0.04438188231980358168319118727
BTC-USD,2026-08-30T18:39:26.098217Z,79152.73,79152.74,0.01,79152.735,0.04438188231980358168319118727
BTC-USD,2026-08-30T18:39:26.270529Z,79152.73,79152.74,0.01,79152.735,0.04438188231980358168319118727
BTC-USD,2026-08-30T18:39:26.314184Z,79152.73,79152.74,0.01,79152.735,0.04438188231980358168319118727
BTC-USD,2026-08-30T18:39:26.366095Z,79152.73,79152.74,0.01,79152.735,0.04438183772594288258191504975
BTC-USD,2026-08-30T18:39:26.421619Z,79152.73,79152.74,0.01,79152.735,0.04438183772594288258191504975
BTC-USD,2026-08-30T18:39:26.461903Z,79152.73,79152.74,0.01,79152.735,0.04438183772594288258191504975
BTC-USD,2026-08-30T18:39:26.583179Z,79152.73,79152.74,0.01,79152.735,0.04438183772594288258191504975
BTC-USD,2026-08-30T18:39:26.702712Z,79152.73,79152.74,0.01,79152.735,0.04467389683809842464590311498
BTC-USD,2026-08-30T18:39:26.715003Z,79152.73,79152.74,0.01,79152.735,0.04467389683809842464590311498
BTC-USD,2026-08-30T18:39:26.777364Z,79152.73,79152.74,0.01,79152.735,0.04467389683809842464590311498
BTC-USD,2026-08-30T18:39:26.83337Z,79152.73,79152.74,0.01,79152.735,0.04467387900101784155974388646
BTC-USD,2026-08-30T18:39:26.854265Z,79152.73,79152.74,0.01,79152.735,0.04467387900101784155974388646
BTC-USD,2026-08-30T18:39:26.929387Z,79152.73,79152.74,0.01,79152.735,0.04467387900101784155974388646
BTC-USD,2026-08-30T18:39:26.964725Z,79152.73,79152.74,0.01,79152.735,0.04467387900101784155974388646
BTC-USD,2026-08-30T18:39:27.018179Z,79152.73,79152.74,0.01,79152.735,0.04467387900101784155974388646
BTC-USD,2026-08-30T18:39:27.074802Z,79152.73,79152.74,0.01,79152.735,0.04467387900101784155974388646
BTC-USD,2026-08-30T18:39:27.111277Z,79152.73,79152.74,0.01,79152.735,0.04467387900101784155974388646
BTC-USD,2026-08-30T18:39:27.172702Z,79152.73,79152.74,0.01,79152.735,0.04467387900101784155974388646
BTC-USD,2026-08-30T18:39:27.205177Z,79152.73,79152.74,0.01,79152.735,0.04467387900101784155974388646
BTC-USD,2026-08-30T18:39:27.268427Z,79152.73,79152.74,0.01,79152.735,0.04467387900101784155974388646
BTC-USD,2026-08-30T18:39:27.362662Z,79152.73,79152.74,0.01,79152.735,0.04467387900101784155974388646
BTC-USD,2026-08-30T18:39:27.423101Z,79152.73,79152.74,0.01,79152.735,0.06455027934860880792059390280
BTC-USD,2026-08-30T18:39:27.453896Z,79152.73,79152.74,0.01,79152.735,0.02371584681115677214603023999
BTC-USD,2026-08-30T18:39:27.494101Z,79152.73,79152.74,0.01,79152.735,0.02371584681115677214603023999
BTC-USD,2026-08-30T18:39:27.561151Z,79152.73,79152.74,0.01,79152.735,0.02371584681115677214603023999
BTC-USD,2026-08-30T18:39:27.630871Z,79152.73,79152.74,0.01,79152.735,0.02403376227883146408794181542
BTC-USD,2026-08-30T18:39:27.677695Z,79152.73,79152.74,0.01,79152.735,0.02403194001315936487442738141
BTC-USD,2026-08-30T18:39:27.731198Z,79146.51,79146.52,0.01,79146.515,0.4548308112159595769922175316
BTC-USD,2026-08-30T18:39:27.788162Z,79146.51,79146.52,0.01,79146.515,0.3494380781182724596109098242
BTC-USD,2026-08-30T18:39:27.831957Z,79146.51,79146.52,0.01,79146.515,0.2587779772064167669126719460
BTC-USD,2026-08-30T18:39:27.88369Z,79146.51,79146.52,0.01,79146.515,-0.2530754381948705950454645614
BTC-USD,2026-08-30T18:39:27.928855Z,79146.51,79146.52,0.01,79146.515,-0.01205992343184430237255305977
BTC-USD,2026-08-30T18:39:27.982969Z,79146.51,79146.52,0.01,79146.515,-0.01285367017049654361399854272
BTC-USD,2026-08-30T18:39:28.017176Z,79146.51,79146.52,0.01,79146.515,-0.01285367017049654361399854272
BTC-USD,2026-08-30T18:39:28.078113Z,79146.51,79146.52,0.01,79146.515,-0.01285367017049654361399854272
BTC-USD,2026-08-30T18:39:28.13065Z,79146.51,79146.52,0.01,79146.515,-0.01285367017049654361399854272
BTC-USD,2026-08-30T18:39:28.151506Z,79146.51,79146.52,0.01,79146.515,-0.01285367017049654361399854272
BTC-USD,2026-08-30T18:39:28.1659Z,79146.51,79146.52,0.01,79146.515,-0.01285367017049654361399854272
BTC-USD,2026-08-30T18:39:28.25888Z,79146.51,79146.52,0.01,79146.515,-0.01285367017049654361399854272
BTC-USD,2026-08-30T18:39:28.305971Z,79146.51,79146.52,0.01,79146.515,-0.01285367017049654361399854272
BTC-USD,2026-08-30T18:39:28.375515Z,79146.51,79146.52,0.01,79146.515,0.1935462841199216373725277331
BTC-USD,2026-08-30T18:39:28.473722Z,79146.51,79146.52,0.01,79146.515,0.1935461286198667744065269269
BTC-USD,2026-08-30T18:39:28.50959Z,79146.51,79146.52,0.01,79146.515,0.1935461286198667744065269269
BTC-USD,2026-08-30T18:39:28.580049Z,79146.51,79146.52,0.01,79146.515,0.1935461286198667744065269269
BTC-USD,2026-08-30T18:39:28.618058Z,79146.51,79146.52,0.01,79146.515,0.1935461286198667744065269269
BTC-USD,2026-08-30T18:39:28.737995Z,79146.51,79146.52,0.01,79146.515,-0.005625570405485991095009583551
BTC-USD,2026-08-30T18:39:28.762595Z,79146.51,79146.52,0.01,79146.515,-0.005625570405485991095009583551
BTC-USD,2026-08-30T18:39:28.80706Z,79146.51,79146.52,0.01,79146.515,-0.005625570405485991095009583551
BTC-USD,2026-08-30T18:39:28.855004Z,79146.51,79146.52,0.01,79146.515,-0.005625570405485991095009583551
BTC-USD,2026-08-30T18:39:28.891787Z,79146.51,79146.52,0.01,79146.515,-0.005625570405485991095009583551
BTC-USD,2026-08-30T18:39:28.981177Z,79146.51,79146.52,0.01,79146.515,-0.04214710003769993263541968253
BTC-USD,2026-08-30T18:39:29.024545Z,79146.51,79146.52,0.01,79146.515,-0.04777673196932320691904873404
BTC-USD,2026-08-30T18:39:29.056982Z,79146.51,79146.52,0.01,79146.515,-0.04725653968227901779151682806
BTC-USD,2026-08-30T18:39:29.184631Z,79146.51,79146.52,0.01,79146.515,-0.04725653968227901779151682806
BTC-USD,2026-08-30T18:39:29.299146Z,79146.51,79146.52,0.01,79146.515,-0.04725653968227901779151682806
BTC-USD,2026-08-30T18:39:29.35449Z,79146.51,79146.52,0.01,79146.515,-0.04725653968227901779151682806
BTC-USD,2026-08-30T18:39:29.401509Z,79146.51,79146.52,0.01,79146.515,-0.04725653968227901779151682806
BTC-USD,2026-08-30T18:39:29.469054Z,79146.51,79146.52,0.01,79146.515,-0.04725653968227901779151682806
BTC-USD,2026-08-30T18:39:29.528607Z,79146.51,79146.52,0.01,79146.515,-0.04725653968227901779151682806
BTC-USD,2026-08-30T18:39:29.5631Z,79146.51,79146.52,0.01,79146.515,-0.04725653968227901779151682806
BTC-USD,2026-08-30T18:39:29.58667Z,79146.51,79146.52,0.01,79146.515,-0.04725653968227901779151682806
BTC-USD,2026-08-30T18:39:29.675439Z,79146.51,79146.52,0.01,79146.515,-0.04725653968227901779151682806
BTC-USD,2026-08-30T18:39:29.72487Z,79146.51,79146.52,0.01,79146.515,-0.05726867564229071894855953533
BTC-USD,2026-08-30T18:39:29.775783Z,79146.51,79146.52,0.01,79146.515,-0.2486948057178757547932853768
BTC-USD,2026-08-30T18:39:29.831708Z,79146.51,79146.52,0.01,79146.515,-0.08590223476448726800176808458
BTC-USD,2026-08-30T18:39:29.870915Z,79146.51,79146.52,0.01,79146.515,-0.3315825657258821149906491156
BTC-USD,2026-08-30T18:39:29.93423Z,79146.51,79146.52,0.01,79146.515,0.03467711819805801333362267970
BTC-USD,2026-08-30T18:39:29.977538Z,79146.51,79146.52,0.01,79146.515,0.1080560116967832317622036843
BTC-USD,2026-08-30T18:39:30.023163Z,79146.51,79146.52,0.01,79146.515,0.1080560116967832317622036843
BTC-USD,2026-08-30T18:39:30.075403Z,79146.51,79146.52,0.01,79146.515,0.1074139637526033592875756184
BTC-USD,2026-08-30T18:39:30.134412Z,79146.51,79146.52,0.01,79146.515,0.1074139637526033592875756184
BTC-USD,2026-08-30T18:39:30.178629Z,79146.51,79146.52,0.01,79146.515,0.1329399106145247585130934778
BTC-USD,2026-08-30T18:39:30.217979Z,79146.51,79146.52,0.01,79146.515,0.1329399106145247585130934778
BTC-USD,2026-08-30T18:39:30.280042Z,79146.51,79146.52,0.01,79146.515,0.1329399106145247585130934778
BTC-USD,2026-08-30T18:39:30.318451Z,79146.51,79146.52,0.01,79146.515,0.1329399106145247585130934778
BTC-USD,2026-08-30T18:39:30.359763Z,79146.51,79146.52,0.01,79146.515,0.6458242017379572074788302917
BTC-USD,2026-08-30T18:39:30.413039Z,79146.51,79146.52,0.01,79146.515,0.6458242017379572074788302917
BTC-USD,2026-08-30T18:39:30.464306Z,79146.51,79146.52,0.01,79146.515,0.6455916707567383701603289903
BTC-USD,2026-08-30T18:39:30.492094Z,79146.51,79146.52,0.01,79146.515,-0.1413134055250686887830250807
BTC-USD,2026-08-30T18:39:30.575125Z,79146.51,79146.52,0.01,79146.515,0.6547038588388093999819503043
BTC-USD,2026-08-30T18:39:30.611353Z,79146.51,79146.52,0.01,79146.515,0.6154988652996271164539620301
BTC-USD,2026-08-30T18:39:30.658529Z,79146.51,79146.52,0.01,79146.515,-0.7478484822157977024882670863
BTC-USD,2026-08-30T18:39:30.723236Z,79146.51,79146.52,0.01,79146.515,-0.6481059780519984121041977072
BTC-USD,2026-08-30T18:39:30.758957Z,79146.51,79146.52,0.01,79146.515,-0.6481059780519984121041977072
BTC-USD,2026-08-30T18:39:30.775329Z,79146.51,79146.52,0.01,79146.515,-0.6481059780519984121041977072
BTC-USD,2026-08-30T18:39:30.857663Z,79146.51,79146.52,0.01,79146.515,0.6154996304577164843696118665
BTC-USD,2026-08-30T18:39:30.9209Z,79146.51,79146.52,0.01,79146.515,-0.05410217737312113138488916653
BTC-USD,2026-08-30T18:39:30.975785Z,79146.51,79146.52,0.01,79146.515,-0.05403411709047700585974457508
BTC-USD,2026-08-30T18:39:31.034571Z,79146.51,79146.52,0.01,79146.515,-0.09385734146579821909479918302
BTC-USD,2026-08-30T18:39:31.074258Z,79146.51,79146.52,0.01,79146.515,-0.09393064194990505144506378036
BTC-USD,2026-08-30T18:39:31.131631Z,79146.51,79146.52,0.01,79146.515,0.06551075753082295305886630322
BTC-USD,2026-08-30T18:39:31.156578Z,79146.51,79146.52,0.01,79146.515,0.06551075753082295305886630322
BTC-USD,2026-08-30T18:39:31.212646Z,79146.51,79146.52,0.01,79146.515,0.5137948661648244601177302964
BTC-USD,2026-08-30T18:39:31.274714Z,79146.51,79146.52,0.01,79146.515,0.5137948661648244601177302964
BTC-USD,2026-08-30T18:39:31.312671Z,79146.51,79146.52,0.01,79146.515,0.5166106523101032597188996144
BTC-USD,2026-08-30T18:39:31.368245Z,79146.51,79146.52,0.01,79146.515,0.5168379050194872853403936281
BTC-USD,2026-08-30T18:39:31.417386Z,79146.51,79146.52,0.01,79146.515,0.5168378525135280129796021539
BTC-USD,2026-08-30T18:39:31.459681Z,79146.51,79146.52,0.01,79146.515,0.5168378525135280129796021539
BTC-USD,2026-08-30T18:39:31.518281Z,79146.51,79146.52,0.01,79146.515,0.5168378525135280129796021539
BTC-USD,2026-08-30T18:39:31.560037Z,79146.51,79146.52,0.01,79146.515,0.5168378525135280129796021539
BTC-USD,2026-08-30T18:39:31.595086Z,79146.51,79146.52,0.01,79146.515,0.5173155123418830347033916486
BTC-USD,2026-08-30T18:39:31.680176Z,79146.51,79146.52,0.01,79146.515,0.5173155123418830347033916486
BTC-USD,2026-08-30T18:39:31.762839Z,79146.51,79146.52,0.01,79146.515,0.5173155123418830347033916486
BTC-USD,2026-08-30T18:39:31.811456Z,79146.51,79146.52,0.01,79146.515,0.5173155123418830347033916486
BTC-USD,2026-08-30T18:39:31.859273Z,79146.51,79146.52,0.01,79146.515,0.5173155123418830347033916486
BTC-USD,2026-08-30T18:39:31.979619Z,79146.51,79146.52,0.01,79146.515,0.5173155123418830347033916486
BTC-USD,2026-08-30T18:39:32.014196Z,79146.51,79146.52,0.01,79146.515,0.3799314576998969212222386029
BTC-USD,2026-08-30T18:39:32.034966Z,79146.51,79146.52,0.01,79146.515,0.3799314576998969212222386029
BTC-USD,2026-08-30T18:39:32.135822Z,79146.51,79146.52,0.01,79146.515,0.3799788065310609672690925439
BTC-USD,2026-08-30T18:39:32.160085Z,79146.51,79146.52,0.01,79146.515,0.3799788065310609672690925439
BTC-USD,2026-08-30T18:39:32.19328Z,79146.51,79146.52,0.01,79146.515,0.1456540464962873061665193703
BTC-USD,2026-08-30T18:39:32.278125Z,79146.51,79146.52,0.01,79146.515,0.1459147175909254889515290429
BTC-USD,2026-08-30T18:39:32.321602Z,79146.51,79146.52,0.01,79146.515,0.1459147175909254889515290429
BTC-USD,2026-08-30T18:39:32.363372Z,79146.51,79146.52,0.01,79146.515,0.1084504618940978603101699833
BTC-USD,2026-08-30T18:39:32.418726Z,79146.51,79146.52,0.01,79146.515,0.1084503077430053484085358962
BTC-USD,2026-08-30T18:39:32.462703Z,79146.51,79146.52,0.01,79146.515,0.1084503077430053484085358962
BTC-USD,2026-08-30T18:39:32.52007Z,79146.51,79146.52,0.01,79146.515,0.1084502614976672001283627798
BTC-USD,2026-08-30T18:39:32.549016Z,79146.51,79146.52,0.01,79146.515,0.1084502614976672001283627798
BTC-USD,2026-08-30T18:39:32.677805Z,79146.51,79146.52,0.01,79146.515,0.1084502614976672001283627798
BTC-USD,2026-08-30T18:39:32.719395Z,79146.51,79146.52,0.01,79146.515,0.1084502614976672001283627798
BTC-USD,2026-08-30T18:39:32.761627Z,79146.51,79146.52,0.01,79146.515,0.1084502614976672001283627798
BTC-USD,2026-08-30T18:39:32.829329Z,79146.51,79146.52,0.01,79146.515,0.1084502614976672001283627798
BTC-USD,2026-08-30T18:39:32.87129Z,79146.51,79146.52,0.01,79146.515,0.1102510095116794326458289467
BTC-USD,2026-08-30T18:39:32.962028Z,79146.51,79146.52,0.01,79146.515,0.1102510095116794326458289467
BTC-USD,2026-08-30T18:39:33.018492Z,79146.51,79146.52,0.01,79146.515,0.1102510095116794326458289467
BTC-USD,2026-08-30T18:39:33.060951Z,79146.51,79146.52,0.01,79146.515,0.1102510095116794326458289467
BTC-USD,2026-08-30T18:39:33.131174Z,79146.51,79146.52,0.01,79146.515,0.1102510095116794326458289467
BTC-USD,2026-08-30T18:39:33.157066Z,79146.51,79146.52,0.01,79146.515,0.1102510095116794326458289467
BTC-USD,2026-08-30T18:39:33.231693Z,79146.51,79146.52,0.01,79146.515,0.1102510095116794326458289467
BTC-USD,2026-08-30T18:39:33.274589Z,79146.51,79146.52,0.01,79146.515,0.1102510095116794326458289467
BTC-USD,2026-08-30T18:39:33.31194Z,79146.51,79146.52,0.01,79146.515,0.1102510095116794326458289467
BTC-USD,2026-08-30T18:39:33.374521Z,79146.51,79146.52,0.01,79146.515,0.1100763533547323102820835783
BTC-USD,2026-08-30T18:39:33.40777Z,79146.51,79146.52,0.01,79146.515,0.1100763533547323102820835783
BTC-USD,2026-08-30T18:39:33.463471Z,79146.51,79146.52,0.01,79146.515,0.1100763533547323102820835783
BTC-USD,2026-08-30T18:39:33.505245Z,79146.51,79146.52,0.01,79146.515,0.1100763533547323102820835783
BTC-USD,2026-08-30T18:39:33.577257Z,79146.51,79146.52,0.01,79146.515,0.1100763533547323102820835783
BTC-USD,2026-08-30T18:39:33.620752Z,79146.51,79146.52,0.01,79146.515,0.1100763533547323102820835783
BTC-USD,2026-08-30T18:39:33.665558Z,79146.51,79146.52,0.01,79146.515,0.1100763071260179587817816780
BTC-USD,2026-08-30T18:39:33.711195Z,79146.51,79146.52,0.01,79146.515,0.1100763071260179587817816780
BTC-USD,2026-08-30T18:39:33.771363Z,79146.51,79146.52,0.01,79146.515,0.1100761684398460870531729762
BTC-USD,2026-08-30T18:39:33.869306Z,79146.51,79146.52,0.01,79146.515,0.1100761684398460870531729762
BTC-USD,2026-08-30T18:39:33.926861Z,79146.51,79146.52,0.01,79146.515,0.1051771424747282443377388040
BTC-USD,2026-08-30T18:39:33.955488Z,79146.51,79146.52,0.01,79146.515,0.1051771424747282443377388040
BTC-USD,2026-08-30T18:39:34.019447Z,79146.51,79146.52,0.01,79146.515,0.1051771424747282443377388040
BTC-USD,2026-08-30T18:39:34.045437Z,79146.51,79146.52,0.01,79146.515,0.1051771424747282443377388040
BTC-USD,2026-08-30T18:39:34.09808Z,79146.51,79146.52,0.01,79146.515,0.1051771424747282443377388040
BTC-USD,2026-08-30T18:39:34.180727Z,79146.51,79146.52,0.01,79146.515,0.1051771424747282443377388040
BTC-USD,2026-08-30T18:39:34.268774Z,79146.51,79146.52,0.01,79146.515,0.1051771424747282443377388040
BTC-USD,2026-08-30T18:39:34.329034Z,79146.51,79146.52,0.01,79146.515,0.1051771424747282443377388040
BTC-USD,2026-08-30T18:39:34.471743Z,79146.51,79146.52,0.01,79146.515,0.1051771424747282443377388040
BTC-USD,2026-08-30T18:39:34.488413Z,79146.51,79146.52,0.01,79146.515,0.1051771424747282443377388040
BTC-USD,2026-08-30T18:39:34.565032Z,79146.51,79146.52,0.01,79146.515,0.1051771424747282443377388040
BTC-USD,2026-08-30T18:39:34.615598Z,79146.51,79146.52,0.01,79146.515,0.1051771424747282443377388040
BTC-USD,2026-08-30T18:39:34.671085Z,79146.51,79146.52,0.01,79146.515,0.1051770344925314623976896717
BTC-USD,2026-08-30T18:39:34.706917Z,79146.51,79146.52,0.01,79146.515,0.1051088616726733469164423633
BTC-USD,2026-08-30T18:39:34.783341Z,79146.51,79146.52,0.01,79146.515,0.1051085068197799358232066267
BTC-USD,2026-08-30T18:39:34.820185Z,79146.51,79146.52,0.01,79146.515,0.1051085068197799358232066267
BTC-USD,2026-08-30T18:39:34.883115Z,79146.51,79146.52,0.01,79146.515,0.1051085068197799358232066267
BTC-USD,2026-08-30T18:39:34.927928Z,79146.51,79146.52,0.01,79146.515,0.1051085068197799358232066267
BTC-USD,2026-08-30T18:39:34.957908Z,79146.51,79146.52,0.01,79146.515,0.2189155502615031780953258405
BTC-USD,2026-08-30T18:39:35.019878Z,79146.51,79146.52,0.01,79146.515,-0.1454312871665774544661840188
BTC-USD,2026-08-30T18:39:35.060336Z,79146.51,79146.52,0.01,79146.515,-0.1233543513403716932009619368
BTC-USD,2026-08-30T18:39:35.119406Z,79146.51,79146.52,0.01,79146.515,0.1567751931609766396098312345
BTC-USD,2026-08-30T18:39:35.159878Z,79147.76,79152.7,4.94,79150.23,0.08895876351679605684373763340
BTC-USD,2026-08-30T18:39:35.199414Z,79147.82,79152.7,4.88,79150.26,-0.1721696129763255992556454347
BTC-USD,2026-08-30T18:39:35.261449Z,79148.84,79152.7,3.86,79150.77,-0.4625268959055501141719556688
BTC-USD,2026-08-30T18:39:35.321266Z,79148.84,79152.7,3.86,79150.77,-0.4187727769045699931654505690
BTC-USD,2026-08-30T18:39:35.367943Z,79148.84,79152.69,3.85,79150.765,0.1569876689604367451423125611
BTC-USD,2026-08-30T18:39:35.417786Z,79148.84,79152.69,3.85,79150.765,-0.006171622908057422929597235690
BTC-USD,2026-08-30T18:39:35.452984Z,79148.84,79152.69,3.85,79150.765,-0.006171622908057422929597235690
BTC-USD,2026-08-30T18:39:35.505122Z,79148.84,79152.69,3.85,79150.765,-0.006171622908057422929597235690
BTC-USD,2026-08-30T18:39:35.531853Z,79149.84,79152.69,2.85,79151.265,0.1026810616213804259604321896
BTC-USD,2026-08-30T18:39:35.617775Z,79149.84,79152.69,2.85,79151.265,0.1026810616213804259604321896
BTC-USD,2026-08-30T18:39:35.678203Z,79149.84,79152.69,2.85,79151.265,0.1435985472807094775372806378
BTC-USD,2026-08-30T18:39:35.712753Z,79149.84,79152.68,2.84,79151.26,0.1435673621533305804694118185
BTC-USD,2026-08-30T18:39:35.76892Z,79150.84,79152.67,1.83,79151.755,0.1028690804786973796285231721
BTC-USD,2026-08-30T18:39:35.829419Z,79150.84,79152.06,1.22,79151.45,0.09123509480069858117537722780
BTC-USD,2026-08-30T18:39:35.838348Z,79150.84,79152.06,1.22,79151.45,0.09120401349509699163037728115
BTC-USD,2026-08-30T18:39:35.957131Z,79150.84,79152.06,1.22,79151.45,0.1331799602045137514639734319
BTC-USD,2026-08-30T18:39:36.025623Z,79150.84,79152.06,1.22,79151.45,0.2261472427210706876249836568
BTC-USD,2026-08-30T18:39:36.060871Z,79150.84,79152.06,1.22,79151.45,0.2261472427210706876249836568
BTC-USD,2026-08-30T18:39:36.114623Z,79150.84,79152.06,1.22,79151.45,0.2261472427210706876249836568
BTC-USD,2026-08-30T18:39:36.176887Z,79150.84,79151.06,0.22,79150.95,0.2111594991415592301044519639
BTC-USD,2026-08-30T18:39:36.198007Z,79150.84,79151.06,0.22,79150.95,0.2111594991415592301044519639
BTC-USD,2026-08-30T18:39:36.274594Z,79150.84,79150.85,0.01,79150.845,0.2046212182512721334559102691
BTC-USD,2026-08-30T18:39:36.323563Z,79150.84,79150.85,0.01,79150.845,0.2206721093051912356990832215
BTC-USD,2026-08-30T18:39:36.361731Z,79150.84,79150.85,0.01,79150.845,0.2206721093051912356990832215
BTC-USD,2026-08-30T18:39:36.433234Z,79150.84,79150.85,0.01,79150.845,0.2206721093051912356990832215
BTC-USD,2026-08-30T18:39:36.484108Z,79150.84,79150.85,0.01,79150.845,0.2214546094342850880702861654
BTC-USD,2026-08-30T18:39:36.500274Z,79150.84,79150.85,0.01,79150.845,0.2214546094342850880702861654
BTC-USD,2026-08-30T18:39:36.565862Z,79150.84,79150.85,0.01,79150.845,0.2214546094342850880702861654
BTC-USD,2026-08-30T18:39:36.672443Z,79150.84,79150.85,0.01,79150.845,0.2214546094342850880702861654
BTC-USD,2026-08-30T18:39:36.763949Z,79150.84,79150.85,0.01,79150.845,0.2295814956027061143886393338
BTC-USD,2026-08-30T18:39:36.8357Z,79150.84,79150.85,0.01,79150.845,0.2295814956027061143886393338
BTC-USD,2026-08-30T18:39:36.877599Z,79150.84,79150.85,0.01,79150.845,0.2366095776974962332994591093
BTC-USD,2026-08-30T18:39:36.925299Z,79150.84,79150.85,0.01,79150.845,0.2309805880680852907575116593
BTC-USD,2026-08-30T18:39:36.961127Z,79150.84,79150.85,0.01,79150.845,0.2309805880680852907575116593
BTC-USD,2026-08-30T18:39:37.014435Z,79150.84,79150.85,0.01,79150.845,0.2309805880680852907575116593
BTC-USD,2026-08-30T18:39:37.06731Z,79150.84,79150.85,0.01,79150.845,0.2309805880680852907575116593
BTC-USD,2026-08-30T18:39:37.119168Z,79150.84,79150.85,0.01,79150.845,0.2309805880680852907575116593
BTC-USD,2026-08-30T18:39:37.165832Z,79150.84,79150.85,0.01,79150.845,0.2309805880680852907575116593
BTC-USD,2026-08-30T18:39:37.222527Z,79150.84,79150.85,0.01,79150.845,0.2309805880680852907575116593
BTC-USD,2026-08-30T18:39:37.274546Z,79150.84,79150.85,0.01,79150.845,0.2309805880680852907575116593
BTC-USD,2026-08-30T18:39:37.32686Z,79150.84,79150.85,0.01,79150.845,0.2309805880680852907575116593
BTC-USD,2026-08-30T18:39:37.375439Z,79150.84,79150.85,0.01,79150.845,0.2309805880680852907575116593
BTC-USD,2026-08-30T18:39:37.434189Z,79150.84,79150.85,0.01,79150.845,0.2309805880680852907575116593
BTC-USD,2026-08-30T18:39:37.464474Z,79150.84,79150.85,0.01,79150.845,0.2309805880680852907575116593
BTC-USD,2026-08-30T18:39:37.522633Z,79150.84,79150.85,0.01,79150.845,0.2324590822239679375686433245
BTC-USD,2026-08-30T18:39:37.565173Z,79150.84,79150.85,0.01,79150.845,0.2324590822239679375686433245
BTC-USD,2026-08-30T18:39:37.616273Z,79150.84,79150.85,0.01,79150.845,0.2324590822239679375686433245
BTC-USD,2026-08-30T18:39:37.673033Z,79150.84,79150.85,0.01,79150.845,0.2324590822239679375686433245
BTC-USD,2026-08-30T18:39:37.733748Z,79150.84,79150.85,0.01,79150.845,0.2324590822239679375686433245
BTC-USD,2026-08-30T18:39:37.781586Z,79150.84,79150.85,0.01,79150.845,0.2240744185883528606563212922
BTC-USD,2026-08-30T18:39:37.806169Z,79150.84,79150.85,0.01,79150.845,0.2240744185883528606563212922
BTC-USD,2026-08-30T18:39:37.862032Z,79150.84,79150.85,0.01,79150.845,0.2240744185883528606563212922
BTC-USD,2026-08-30T18:39:37.904943Z,79150.84,79150.85,0.01,79150.845,0.2240743567940762275244566739
BTC-USD,2026-08-30T18:39:37.946924Z,79150.84,79150.85,0.01,79150.845,0.2240743567940762275244566739
BTC-USD,2026-08-30T18:39:38.031184Z,79150.84,79150.85,0.01,79150.845,0.2240742795512165950605187112
BTC-USD,2026-08-30T18:39:38.076101Z,79150.84,79150.85,0.01,79150.845,0.2240742795512165950605187112
BTC-USD,2026-08-30T18:39:38.12847Z,79150.84,79150.85,0.01,79150.845,0.2240742795512165950605187112
BTC-USD,2026-08-30T18:39:38.167781Z,79150.84,79150.85,0.01,79150.845,0.2240742795512165950605187112
BTC-USD,2026-08-30T18:39:38.284231Z,79150.84,79150.85,0.01,79150.845,0.2240742795512165950605187112
BTC-USD,2026-08-30T18:39:38.326161Z,79150.84,79150.85,0.01,79150.845,0.2240742795512165950605187112
BTC-USD,2026-08-30T18:39:38.376471Z,79150.84,79150.85,0.01,79150.845,0.2240742795512165950605187112
BTC-USD,2026-08-30T18:39:38.427371Z,79150.84,79150.85,0.01,79150.845,0.2240742795512165950605187112
BTC-USD,2026-08-30T18:39:38.483373Z,79150.84,79150.85,0.01,79150.845,0.2240742795512165950605187112
BTC-USD,2026-08-30T18:39:38.527272Z,79150.84,79150.85,0.01,79150.845,0.2240742795512165950605187112
BTC-USD,2026-08-30T18:39:38.581971Z,79150.84,79150.85,0.01,79150.845,0.2240742795512165950605187112
BTC-USD,2026-08-30T18:39:38.630295Z,79150.84,79150.85,0.01,79150.845,0.2256002781286835554621726451
BTC-USD,2026-08-30T18:39:38.675097Z,79150.84,79150.85,0.01,79150.845,0.1110858021717720524153836456
BTC-USD,2026-08-30T18:39:38.710937Z,79150.84,79150.85,0.01,79150.845,-0.09623613846597255324662843935
BTC-USD,2026-08-30T18:39:38.758646Z,79150.84,79150.85,0.01,79150.845,0.09536911527957244079806764557
BTC-USD,2026-08-30T18:39:38.823319Z,79150.84,79150.85,0.01,79150.845,-0.4345064923275532177934361698
BTC-USD,2026-08-30T18:39:38.859155Z,79147.51,79149.33,1.82,79148.42,-0.2533130548797940007789227288
BTC-USD,2026-08-30T18:39:38.920722Z,79147.51,79149.33,1.82,79148.42,-0.2533130548797940007789227288
BTC-USD,2026-08-30T18:39:38.980052Z,79147.51,79149.32,1.81,79148.415,-0.1960690458109244288282774924
BTC-USD,2026-08-30T18:39:39.016657Z,79147.51,79149.32,1.81,79148.415,-0.1960690458109244288282774924
BTC-USD,2026-08-30T18:39:39.072155Z,79147.51,79149.32,1.81,79148.415,-0.1960690458109244288282774924
BTC-USD,2026-08-30T18:39:39.212196Z,79148.17,79148.18,0.01,79148.175,-0.03014211101138936494596747743
BTC-USD,2026-08-30T18:39:39.2777Z,79148.17,79148.18,0.01,79148.175,0.2212620145310512116322229925
BTC-USD,2026-08-30T18:39:39.301535Z,79148.17,79148.18,0.01,79148.175,0.2213132101846768501132604714
BTC-USD,2026-08-30T18:39:39.383312Z,79148.17,79148.18,0.01,79148.175,0.2085719650095009825301489640
BTC-USD,2026-08-30T18:39:39.425284Z,79148.17,79148.18,0.01,79148.175,0.2268955730093650310327317684
BTC-USD,2026-08-30T18:39:39.475748Z,79148.17,79148.18,0.01,79148.175,0.2268955730093650310327317684
BTC-USD,2026-08-30T18:39:39.529944Z,79148.17,79148.18,0.01,79148.175,0.2097692481508403286204952190
BTC-USD,2026-08-30T18:39:39.567755Z,79148.17,79148.18,0.01,79148.175,0.2097692481508403286204952190
BTC-USD,2026-08-30T18:39:39.600821Z,79148.17,79148.18,0.01,79148.175,0.1215713092336237889354493561
BTC-USD,2026-08-30T18:39:39.717607Z,79148.17,79148.18,0.01,79148.175,0.1468141585826029345166764218
BTC-USD,2026-08-30T18:39:39.779143Z,79148.17,79148.18,0.01,79148.175,0.1468141585826029345166764218
BTC-USD,2026-08-30T18:39:39.81136Z,79148.17,79148.18,0.01,79148.175,0.1468141585826029345166764218
BTC-USD,2026-08-30T18:39:39.85951Z,79148.17,79148.18,0.01,79148.175,0.05525349773930584749547160616
BTC-USD,2026-08-30T18:39:39.905879Z,79148.17,79148.18,0.01,79148.175,0.05525349773930584749547160616
BTC-USD,2026-08-30T18:39:39.960144Z,79148.17,79148.18,0.01,79148.175,0.05525349773930584749547160616
BTC-USD,2026-08-30T18:39:40.019972Z,79148.17,79148.18,0.01,79148.175,0.05525349773930584749547160616
BTC-USD,2026-08-30T18:39:40.085856Z,79148.17,79148.18,0.01,79148.175,0.05525349773930584749547160616
BTC-USD,2026-08-30T18:39:40.125193Z,79148.17,79148.18,0.01,79148.175,0.05580572281330035411118076160
BTC-USD,2026-08-30T18:39:40.177857Z,79148.17,79148.18,0.01,79148.175,0.05580572281330035411118076160
BTC-USD,2026-08-30T18:39:40.227543Z,79148.17,79148.18,0.01,79148.175,0.05580572281330035411118076160
BTC-USD,2026-08-30T18:39:40.263336Z,79148.17,79148.18,0.01,79148.175,0.05580572281330035411118076160
BTC-USD,2026-08-30T18:39:40.334655Z,79148.17,79148.18,0.01,79148.175,0.05059036036254095720209484293
BTC-USD,2026-08-30T18:39:40.3778Z,79148.17,79148.18,0.01,79148.175,0.05059036036254095720209484293
BTC-USD,2026-08-30T18:39:40.432765Z,79148.17,79148.18,0.01,79148.175,0.05059036036254095720209484293
BTC-USD,2026-08-30T18:39:40.455913Z,79148.17,79148.18,0.01,79148.175,0.05059036036254095720209484293
BTC-USD,2026-08-30T18:39:40.53111Z,79148.17,79148.18,0.01,79148.175,0.05059036036254095720209484293
BTC-USD,2026-08-30T18:39:40.561064Z,79148.17,79148.18,0.01,79148.175,0.05059029847715744864029206858
BTC-USD,2026-08-30T18:39:40.626913Z,79148.17,79148.18,0.01,79148.175,0.05059029847715744864029206858
BTC-USD,2026-08-30T18:39:40.676411Z,79148.17,79148.18,0.01,79148.175,0.05059029847715744864029206858
BTC-USD,2026-08-30T18:39:40.711736Z,79148.17,79148.18,0.01,79148.175,0.05059029847715744864029206858
BTC-USD,2026-08-30T18:39:40.761152Z,79148.17,79148.18,0.01,79148.175,0.05059029847715744864029206858
BTC-USD,2026-08-30T18:39:40.798888Z,79148.17,79148.18,0.01,79148.175,0.05059029847715744864029206858
BTC-USD,2026-08-30T18:39:40.866334Z,79148.17,79148.18,0.01,79148.175,0.05059029847715744864029206858
BTC-USD,2026-08-30T18:39:40.93336Z,79148.17,79148.18,0.01,79148.175,0.05059029847715744864029206858
BTC-USD,2026-08-30T18:39:40.982999Z,79148.17,79148.18,0.01,79148.175,0.05059029847715744864029206858
BTC-USD,2026-08-30T18:39:41.02738Z,79148.17,79148.18,0.01,79148.175,0.05059029847715744864029206858
BTC-USD,2026-08-30T18:39:41.083319Z,79148.17,79148.18,0.01,79148.175,0.05059029847715744864029206858
BTC-USD,2026-08-30T18:39:41.129746Z,79148.17,79148.18,0.01,79148.175,0.05004501917221055460653703876
BTC-USD,2026-08-30T18:39:41.168431Z,79148.17,79148.18,0.01,79148.175,0.004750245737081901416992262754
BTC-USD,2026-08-30T18:39:41.214224Z,79148.17,79148.18,0.01,79148.175,0.004750245737081901416992262754
BTC-USD,2026-08-30T18:39:41.256608Z,79148.17,79148.18,0.01,79148.175,0.004750245737081901416992262754
BTC-USD,2026-08-30T18:39:41.424969Z,79148.17,79148.18,0.01,79148.175,0.004750245737081901416992262754
BTC-USD,2026-08-30T18:39:41.463369Z,79148.17,79148.18,0.01,79148.175,0.004750245737081901416992262754
BTC-USD,2026-08-30T18:39:41.512221Z,79148.17,79148.18,0.01,79148.175,0.004750245737081901416992262754
BTC-USD,2026-08-30T18:39:41.582088Z,79148.17,79148.18,0.01,79148.175,0.004750177805747391613575212855
BTC-USD,2026-08-30T18:39:41.603158Z,79148.17,79148.18,0.01,79148.175,0.004750132518185899864803920636
BTC-USD,2026-08-30T18:39:41.675017Z,79148.17,79148.18,0.01,79148.175,0.004750132518185899864803920636
BTC-USD,2026-08-30T18:39:41.734586Z,79148.17,79148.18,0.01,79148.175,0.004750132518185899864803920636
BTC-USD,2026-08-30T18:39:41.768918Z,79148.17,79148.18,0.01,79148.175,0.004750132518185899864803920636
BTC-USD,2026-08-30T18:39:41.81076Z,79148.17,79148.18,0.01,79148.175,0.004750132518185899864803920636
BTC-USD,2026-08-30T18:39:41.877194Z,79148.17,79148.18,0.01,79148.175,0.004750132518185899864803920636
BTC-USD,2026-08-30T18:39:41.88716Z,79148.17,79148.18,0.01,79148.175,0.004750132518185899864803920636
BTC-USD,2026-08-30T18:39:41.964262Z,79148.17,79148.18,0.01,79148.175,0.004750132518185899864803920636
BTC-USD,2026-08-30T18:39:42.022148Z,79148.17,79148.18,0.01,79148.175,0.004750132518185899864803920636
BTC-USD,2026-08-30T18:39:42.085364Z,79148.17,79148.18,0.01,79148.175,0.004750132518185899864803920636
BTC-USD,2026-08-30T18:39:42.122527Z,79148.17,79148.18,0.01,79148.175,0.004750132518185899864803920636
BTC-USD,2026-08-30T18:39:42.167313Z,79148.17,79148.18,0.01,79148.175,0.004750132518185899864803920636
BTC-USD,2026-08-30T18:39:42.205338Z,79148.17,79148.18,0.01,79148.175,0.004750132518185899864803920636
BTC-USD,2026-08-30T18:39:42.27164Z,79148.17,79148.18,0.01,79148.175,0.005322299319812446174023832892
BTC-USD,2026-08-30T18:39:42.300003Z,79148.17,79148.18,0.01,79148.175,0.005322299319812446174023832892
BTC-USD,2026-08-30T18:39:42.365361Z,79148.17,79148.18,0.01,79148.175,0.005322299319812446174023832892
BTC-USD,2026-08-30T18:39:42.433032Z,79148.17,79148.18,0.01,79148.175,0.005596616772316628358213713348
BTC-USD,2026-08-30T18:39:42.474825Z,79148.17,79148.18,0.01,79148.175,0.007300856090486656831160489367
BTC-USD,2026-08-30T18:39:42.4991Z,79148.17,79148.18,0.01,79148.175,0.007300856090486656831160489367
BTC-USD,2026-08-30T18:39:42.577844Z,79148.17,79148.18,0.01,79148.175,0.007300856090486656831160489367
BTC-USD,2026-08-30T18:39:42.675354Z,79148.17,79148.18,0.01,79148.175,0.007300742875045148787708717984
BTC-USD,2026-08-30T18:39:42.728002Z,79148.17,79148.18,0.01,79148.175,-0.07224734869905408799044087660
BTC-USD,2026-08-30T18:39:42.766972Z,79148.17,79148.18,0.01,79148.175,-0.07224734869905408799044087660
BTC-USD,2026-08-30T18:39:42.818523Z,79148.17,79148.18,0.01,79148.175,-0.07224734869905408799044087660
BTC-USD,2026-08-30T18:39:42.86228Z,79148.17,79148.18,0.01,79148.175,-0.07224734869905408799044087660
BTC-USD,2026-08-30T18:39:42.931574Z,79148.17,79148.18,0.01,79148.175,-0.07224734869905408799044087660
BTC-USD,2026-08-30T18:39:42.97224Z,79148.17,79148.18,0.01,79148.175,-0.07224734869905408799044087660
BTC-USD,2026-08-30T18:39:43.030222Z,79148.17,79148.18,0.01,79148.175,-0.07224734869905408799044087660
BTC-USD,2026-08-30T18:39:43.07016Z,79148.17,79148.18,0.01,79148.175,-0.07224761287324443836502170841
BTC-USD,2026-08-30T18:39:43.13142Z,79148.17,79148.18,0.01,79148.175,-0.07224761287324443836502170841
BTC-USD,2026-08-30T18:39:43.157322Z,79148.17,79148.18,0.01,79148.175,-0.07224761287324443836502170841
BTC-USD,2026-08-30T18:39:43.278294Z,79148.17,79148.18,0.01,79148.175,-0.07224761287324443836502170841
BTC-USD,2026-08-30T18:39:43.290157Z,79148.17,79148.18,0.01,79148.175,-0.01253423469049395792999349482
BTC-USD,2026-08-30T18:39:43.423729Z,79148.17,79148.18,0.01,79148.175,-0.01253423469049395792999349482
BTC-USD,2026-08-30T18:39:43.478544Z,79148.17,79148.18,0.01,79148.175,-0.01540790460074792068996145141
BTC-USD,2026-08-30T18:39:43.522518Z,79148.17,79148.18,0.01,79148.175,-0.01540790460074792068996145141
BTC-USD,2026-08-30T18:39:43.582553Z,79148.17,79148.18,0.01,79148.175,-0.01540790460074792068996145141
BTC-USD,2026-08-30T18:39:43.600279Z,79148.17,79148.18,0.01,79148.175,-0.01540790460074792068996145141
BTC-USD,2026-08-30T18:39:43.629252Z,79148.17,79148.18,0.01,79148.175,-0.01540790460074792068996145141
BTC-USD,2026-08-30T18:39:43.764256Z,79148.17,79148.18,0.01,79148.175,-0.01246854187561386023639578718
BTC-USD,2026-08-30T18:39:43.830127Z,79148.17,79148.18,0.01,79148.175,-0.01246854187561386023639578718
BTC-USD,2026-08-30T18:39:43.863818Z,79148.17,79148.18,0.01,79148.175,-0.01246854187561386023639578718
BTC-USD,2026-08-30T18:39:43.976528Z,79148.17,79148.18,0.01,79148.175,-0.01246854187561386023639578718
BTC-USD,2026-08-30T18:39:44.025672Z,79148.17,79148.18,0.01,79148.175,-0.01246854187561386023639578718
BTC-USD,2026-08-30T18:39:44.07769Z,79148.17,79148.18,0.01,79148.175,-0.01246854187561386023639578718
BTC-USD,2026-08-30T18:39:44.170237Z,79148.17,79148.18,0.01,79148.175,-0.1678979727774256408714391666
BTC-USD,2026-08-30T18:39:44.181515Z,79148.17,79148.18,0.01,79148.175,-0.1678979727774256408714391666
BTC-USD,2026-08-30T18:39:44.277321Z,79148.17,79148.18,0.01,79148.175,-0.1678979727774256408714391666
BTC-USD,2026-08-30T18:39:44.316792Z,79148.17,79148.18,0.01,79148.175,-0.1668502884144682589005460311
BTC-USD,2026-08-30T18:39:44.381396Z,79148.17,79148.18,0.01,79148.175,-0.1668502884144682589005460311
BTC-USD,2026-08-30T18:39:44.436511Z,79148.17,79148.18,0.01,79148.175,-0.1668502884144682589005460311
BTC-USD,2026-08-30T18:39:44.460344Z,79148.17,79148.18,0.01,79148.175,-0.1668502884144682589005460311
BTC-USD,2026-08-30T18:39:44.52695Z,79148.17,79148.18,0.01,79148.175,-0.1668502884144682589005460311
BTC-USD,2026-08-30T18:39:44.584201Z,79148.17,79148.18,0.01,79148.175,-0.1668502884144682589005460311
BTC-USD,2026-08-30T18:39:44.596857Z,79148.17,79148.18,0.01,79148.175,-0.1668502884144682589005460311
BTC-USD,2026-08-30T18:39:44.672078Z,79148.17,79148.18,0.01,79148.175,-0.1668502884144682589005460311
BTC-USD,2026-08-30T18:39:44.723563Z,79148.17,79148.18,0.01,79148.175,-0.1668502884144682589005460311
BTC-USD,2026-08-30T18:39:44.779499Z,79148.17,79148.18,0.01,79148.175,-0.1668505358132603078564086311
BTC-USD,2026-08-30T18:39:44.86792Z,79148.17,79148.18,0.01,79148.175,-0.1668505358132603078564086311
BTC-USD,2026-08-30T18:39:44.888895Z,79148.17,79148.18,0.01,79148.175,-0.1668505358132603078564086311
BTC-USD,2026-08-30T18:39:44.98118Z,79148.17,79148.18,0.01,79148.175,-0.1910206380043707704670909649
BTC-USD,2026-08-30T18:39:45.01556Z,79148.17,79148.18,0.01,79148.175,-0.1910206380043707704670909649
BTC-USD,2026-08-30T18:39:45.053048Z,79148.17,79148.18,0.01,79148.175,-0.2919870607213929454907007204
BTC-USD,2026-08-30T18:39:45.126626Z,79148.17,79148.18,0.01,79148.175,-0.1303508484534928159156082081
BTC-USD,2026-08-30T18:39:45.150599Z,79148.17,79148.18,0.01,79148.175,-0.1057291143611797897336902220
BTC-USD,2026-08-30T18:39:45.272687Z,79148.17,79148.18,0.01,79148.175,-0.2785285183948501651344726944
BTC-USD,2026-08-30T18:39:45.324139Z,79148.17,79148.18,0.01,79148.175,-0.3199513405366676518411556289
BTC-USD,2026-08-30T18:39:45.366452Z,79148.17,79148.18,0.01,79148.175,-0.3090643844639117150362215428
BTC-USD,2026-08-30T18:39:45.436723Z,79148.17,79148.18,0.01,79148.175,-0.3090643844639117150362215428
BTC-USD,2026-08-30T18:39:45.477544Z,79148.17,79148.18,0.01,79148.175,-0.3090643844639117150362215428
BTC-USD,2026-08-30T18:39:45.525114Z,79148.17,79148.18,0.01,79148.175,-0.3090643844639117150362215428
BTC-USD,2026-08-30T18:39:45.571572Z,79148.17,79148.18,0.01,79148.175,-0.3090643844639117150362215428
BTC-USD,2026-08-30T18:39:45.604577Z,79148.17,79148.18,0.01,79148.175,-0.3090643844639117150362215428
BTC-USD,2026-08-30T18:39:45.678779Z,79148.17,79148.18,0.01,79148.175,-0.3090643844639117150362215428
BTC-USD,2026-08-30T18:39:45.728368Z,79148.17,79148.18,0.01,79148.175,-0.3090643844639117150362215428
BTC-USD,2026-08-30T18:39:45.785773Z,79148.17,79148.18,0.01,79148.175,-0.3419820572489794747920536943
BTC-USD,2026-08-30T18:39:45.827801Z,79148.17,79148.18,0.01,79148.175,-0.3419822299716504507684382501
BTC-USD,2026-08-30T18:39:45.875318Z,79148.17,79148.18,0.01,79148.175,-0.3419822299716504507684382501
BTC-USD,2026-08-30T18:39:45.900292Z,79148.17,79148.18,0.01,79148.175,-0.3419822299716504507684382501
BTC-USD,2026-08-30T18:39:45.963553Z,79148.17,79148.18,0.01,79148.175,-0.3419822299716504507684382501
BTC-USD,2026-08-30T18:39:46.024266Z,79148.17,79148.18,0.01,79148.175,-0.3419822299716504507684382501
BTC-USD,2026-08-30T18:39:46.07808Z,79148.17,79148.18,0.01,79148.175,-0.3192297947936686083698206108
BTC-USD,2026-08-30T18:39:46.17148Z,79148.17,79148.18,0.01,79148.175,-0.3083375005351736178504506325
BTC-USD,2026-08-30T18:39:46.220913Z,79148.17,79148.18,0.01,79148.175,-0.3083375005351736178504506325
BTC-USD,2026-08-30T18:39:46.2689Z,79148.17,79148.18,0.01,79148.175,-0.3083375005351736178504506325
BTC-USD,2026-08-30T18:39:46.387179Z,79148.17,79148.18,0.01,79148.175,-0.3083375005351736178504506325
BTC-USD,2026-08-30T18:39:46.431577Z,79148.17,79148.18,0.01,79148.175,-0.3083375005351736178504506325
BTC-USD,2026-08-30T18:39:46.461878Z,79148.17,79148.18,0.01,79148.175,-0.3307110925446269061538927276
BTC-USD,2026-08-30T18:39:46.513284Z,79148.17,79148.18,0.01,79148.175,-0.3307110925446269061538927276
BTC-USD,2026-08-30T18:39:46.566379Z,79148.17,79148.18,0.01,79148.175,-0.3307110925446269061538927276
BTC-USD,2026-08-30T18:39:46.626757Z,79148.17,79148.18,0.01,79148.175,-0.3307110925446269061538927276
BTC-USD,2026-08-30T18:39:46.676215Z,79148.17,79148.18,0.01,79148.175,-0.3307110925446269061538927276
BTC-USD,2026-08-30T18:39:46.736826Z,79148.17,79148.18,0.01,79148.175,-0.3192299617092303967022116749
BTC-USD,2026-08-30T18:39:46.779723Z,79148.17,79148.18,0.01,79148.175,-0.3090657692536983112236637768
BTC-USD,2026-08-30T18:39:46.829242Z,79148.17,79148.18,0.01,79148.175,-0.3090657692536983112236637768
BTC-USD,2026-08-30T18:39:46.879081Z,79148.17,79148.18,0.01,79148.175,-0.3090658348893225380105934285
BTC-USD,2026-08-30T18:39:46.91757Z,79148.17,79148.18,0.01,79148.175,-0.3090658348893225380105934285
BTC-USD,2026-08-30T18:39:46.971479Z,79148.17,79148.18,0.01,79148.175,-0.3090658348893225380105934285
BTC-USD,2026-08-30T18:39:47.035948Z,79148.17,79148.18,0.01,79148.175,-0.3199527895397652525562705870
BTC-USD,2026-08-30T18:39:47.062513Z,79148.17,79148.18,0.01,79148.175,-0.3090658348893225380105934285
BTC-USD,2026-08-30T18:39:47.099797Z,79148.17,79148.18,0.01,79148.175,-0.3090658348893225380105934285
BTC-USD,2026-08-30T18:39:47.161777Z,79148.17,79148.18,0.01,79148.175,-0.3090658348893225380105934285
BTC-USD,2026-08-30T18:39:47.235608Z,79148.17,79148.18,0.01,79148.175,-0.3090658348893225380105934285
BTC-USD,2026-08-30T18:39:47.272395Z,79148.17,79148.18,0.01,79148.175,-0.3090661630675423996718884240
BTC-USD,2026-08-30T18:39:47.3276Z,79148.17,79148.18,0.01,79148.175,-0.3090661630675423996718884240
BTC-USD,2026-08-30T18:39:47.363946Z,79148.17,79148.18,0.01,79148.175,-0.3090661630675423996718884240
BTC-USD,2026-08-30T18:39:47.435409Z,79148.17,79148.18,0.01,79148.175,-0.3090661630675423996718884240
BTC-USD,2026-08-30T18:39:47.477054Z,79148.17,79148.18,0.01,79148.175,-0.3090661630675423996718884240
BTC-USD,2026-08-30T18:39:47.517102Z,79148.17,79148.18,0.01,79148.175,-0.3090661630675423996718884240
BTC-USD,2026-08-30T18:39:47.561791Z,79148.17,79148.18,0.01,79148.175,-0.3090661630675423996718884240
BTC-USD,2026-08-30T18:39:47.600624Z,79148.17,79148.18,0.01,79148.175,-0.3090661630675423996718884240
BTC-USD,2026-08-30T18:39:47.667046Z,79148.17,79148.18,0.01,79148.175,-0.3090661630675423996718884240
BTC-USD,2026-08-30T18:39:47.718631Z,79148.17,79148.18,0.01,79148.175,-0.3090661630675423996718884240
BTC-USD,2026-08-30T18:39:47.75368Z,79148.17,79148.18,0.01,79148.175,-0.3090661630675423996718884240
BTC-USD,2026-08-30T18:39:47.78326Z,79148.17,79148.18,0.01,79148.175,-0.3090661630675423996718884240
BTC-USD,2026-08-30T18:39:47.875431Z,79148.17,79148.18,0.01,79148.175,-0.3090661630675423996718884240
BTC-USD,2026-08-30T18:39:47.885092Z,79148.17,79148.18,0.01,79148.175,-0.3090661630675423996718884240
BTC-USD,2026-08-30T18:39:48.121588Z,79148.17,79148.18,0.01,79148.175,-0.3092235904109594877908807433
BTC-USD,2026-08-30T18:39:48.182459Z,79148.17,79148.18,0.01,79148.175,-0.3092235904109594877908807433
BTC-USD,2026-08-30T18:39:48.211408Z,79148.17,79148.18,0.01,79148.175,-0.3092235904109594877908807433
BTC-USD,2026-08-30T18:39:48.276997Z,79148.17,79148.18,0.01,79148.175,-0.3092235904109594877908807433
BTC-USD,2026-08-30T18:39:48.32538Z,79148.17,79148.18,0.01,79148.175,-0.3092239841830315376662201688
BTC-USD,2026-08-30T18:39:48.374868Z,79148.17,79148.18,0.01,79148.175,-0.3092239841830315376662201688
BTC-USD,2026-08-30T18:39:48.427032Z,79148.17,79148.18,0.01,79148.175,-0.3092239841830315376662201688
BTC-USD,2026-08-30T18:39:48.45436Z,79148.17,79148.18,0.01,79148.175,-0.3092239841830315376662201688
BTC-USD,2026-08-30T18:39:48.526795Z,79148.17,79148.18,0.01,79148.175,-0.3092239841830315376662201688
BTC-USD,2026-08-30T18:39:48.581612Z,79148.17,79148.18,0.01,79148.175,-0.3428475164392789638207838636
BTC-USD,2026-08-30T18:39:48.608541Z,79148.17,79148.18,0.01,79148.175,-0.3428475164392789638207838636
BTC-USD,2026-08-30T18:39:48.660801Z,79148.17,79148.18,0.01,79148.175,-0.3428475164392789638207838636
BTC-USD,2026-08-30T18:39:48.724122Z,79148.17,79148.18,0.01,79148.175,-0.3428475164392789638207838636
BTC-USD,2026-08-30T18:39:48.736688Z,79148.17,79148.18,0.01,79148.175,-0.3428475164392789638207838636
BTC-USD,2026-08-30T18:39:48.82881Z,79148.17,79148.18,0.01,79148.175,-0.3428475164392789638207838636
BTC-USD,2026-08-30T18:39:48.889251Z,79148.17,79148.18,0.01,79148.175,-0.3315836117381087033468861683
BTC-USD,2026-08-30T18:39:48.92108Z,79148.17,79148.18,0.01,79148.175,-0.3315843585233002207890994410
BTC-USD,2026-08-30T18:39:48.972083Z,79148.17,79148.18,0.01,79148.175,-0.3315843585233002207890994410
BTC-USD,2026-08-30T18:39:49.031406Z,79148.17,79148.18,0.01,79148.175,-0.3315843585233002207890994410
BTC-USD,2026-08-30T18:39:49.077543Z,79148.17,79148.18,0.01,79148.175,-0.3315843585233002207890994410
BTC-USD,2026-08-30T18:39:49.099627Z,79148.17,79148.18,0.01,79148.175,-0.3315843585233002207890994410
BTC-USD,2026-08-30T18:39:49.181579Z,79148.17,79148.18,0.01,79148.175,-0.3315310724545074869203942016
BTC-USD,2026-08-30T18:39:49.21825Z,79148.17,79148.18,0.01,79148.175,-0.3200567692888186474572622251
BTC-USD,2026-08-30T18:39:49.283898Z,79148.17,79148.18,0.01,79148.175,-0.3200567692888186474572622251
BTC-USD,2026-08-30T18:39:49.331597Z,79148.17,79148.18,0.01,79148.175,-0.3100557377047535547855329686
BTC-USD,2026-08-30T18:39:49.373726Z,79148.17,79148.18,0.01,79148.175,-0.3100560005847325703817401704
BTC-USD,2026-08-30T18:39:49.432876Z,79148.17,79148.18,0.01,79148.175,-0.3100560005847325703817401704
BTC-USD,2026-08-30T18:39:49.47236Z,79148.17,79148.18,0.01,79148.175,-0.3173889123017158603400040216
BTC-USD,2026-08-30T18:39:49.581861Z,79148.17,79148.18,0.01,79148.175,-0.3091708248157138655373084892
BTC-USD,2026-08-30T18:39:49.602575Z,79148.17,79148.18,0.01,79148.175,-0.3091708248157138655373084892
BTC-USD,2026-08-30T18:39:49.682366Z,79148.17,79148.18,0.01,79148.175,-0.3093398142197697871412865582
BTC-USD,2026-08-30T18:39:49.728884Z,79148.17,79148.18,0.01,79148.175,-0.3092496854848188816948893285
BTC-USD,2026-08-30T18:39:49.775848Z,79148.17,79148.18,0.01,79148.175,-0.2578470386289867620204190130
BTC-USD,2026-08-30T18:39:49.875846Z,79148.17,79148.18,0.01,79148.175,-0.2578470386289867620204190130
BTC-USD,2026-08-30T18:39:49.913474Z,79148.17,79148.18,0.01,79148.175,-0.2578470386289867620204190130
BTC-USD,2026-08-30T18:39:49.973927Z,79148.17,79148.18,0.01,79148.175,-0.2578477050772865531654568543
BTC-USD,2026-08-30T18:39:50.022329Z,79148.17,79148.18,0.01,79148.175,-0.2578477050772865531654568543
BTC-USD,2026-08-30T18:39:50.081211Z,79148.17,79148.18,0.01,79148.175,-0.2578477050772865531654568543
BTC-USD,2026-08-30T18:39:50.089071Z,79148.17,79148.18,0.01,79148.175,-0.2578477050772865531654568543
BTC-USD,2026-08-30T18:39:50.156193Z,79148.17,79148.18,0.01,79148.175,-0.2579031087121014087364261316
BTC-USD,2026-08-30T18:39:50.205013Z,79148.17,79148.18,0.01,79148.175,-0.2579031087121014087364261316
BTC-USD,2026-08-30T18:39:50.278211Z,79148.17,79148.18,0.01,79148.175,-0.2579031087121014087364261316
BTC-USD,2026-08-30T18:39:50.287718Z,79148.17,79148.18,0.01,79148.175,-0.2579031087121014087364261316
BTC-USD,2026-08-30T18:39:50.380926Z,79148.17,79148.18,0.01,79148.175,-0.2579031087121014087364261316
BTC-USD,2026-08-30T18:39:50.427412Z,79148.17,79148.18,0.01,79148.175,-0.2579032601730862815193154843
BTC-USD,2026-08-30T18:39:50.483079Z,79148.17,79148.18,0.01,79148.175,-0.2579032601730862815193154843
BTC-USD,2026-08-30T18:39:50.531812Z,79148.17,79148.18,0.01,79148.175,-0.2579032601730862815193154843
BTC-USD,2026-08-30T18:39:50.588132Z,79148.17,79148.18,0.01,79148.175,-0.2579032601730862815193154843
BTC-USD,2026-08-30T18:39:50.609483Z,79148.17,79148.18,0.01,79148.175,-0.2579032601730862815193154843
BTC-USD,2026-08-30T18:39:50.626832Z,79148.17,79148.18,0.01,79148.175,-0.2579032601730862815193154843
BTC-USD,2026-08-30T18:39:50.731117Z,79148.17,79148.18,0.01,79148.175,-0.2577968242684260695280189090
BTC-USD,2026-08-30T18:39:50.756942Z,79148.17,79148.18,0.01,79148.175,-0.2575347063314125623553865212
BTC-USD,2026-08-30T18:39:50.823188Z,79148.17,79148.18,0.01,79148.175,-0.2575347063314125623553865212
BTC-USD,2026-08-30T18:39:50.860728Z,79148.17,79148.18,0.01,79148.175,-0.2575347063314125623553865212
BTC-USD,2026-08-30T18:39:50.928604Z,79148.17,79148.18,0.01,79148.175,-0.2559015456124567141512426529
BTC-USD,2026-08-30T18:39:50.979033Z,79148.17,79148.18,0.01,79148.175,-0.2559015456124567141512426529
BTC-USD,2026-08-30T18:39:51.034568Z,79148.17,79148.18,0.01,79148.175,-0.2559017275659377726814789602
BTC-USD,2026-08-30T18:39:51.058829Z,79148.17,79148.18,0.01,79148.175,-0.2559017275659377726814789602
BTC-USD,2026-08-30T18:39:51.131475Z,79148.17,79148.18,0.01,79148.175,-0.2559017275659377726814789602
BTC-USD,2026-08-30T18:39:51.177027Z,79148.17,79148.18,0.01,79148.175,-0.2558572377687652960387266741
BTC-USD,2026-08-30T18:39:51.211161Z,79148.17,79148.18,0.01,79148.175,-0.2558572377687652960387266741
BTC-USD,2026-08-30T18:39:51.273421Z,79148.17,79148.18,0.01,79148.175,-0.2558572377687652960387266741
BTC-USD,2026-08-30T18:39:51.323589Z,79148.17,79148.18,0.01,79148.175,-0.2558572377687652960387266741
BTC-USD,2026-08-30T18:39:51.378345Z,79148.17,79148.18,0.01,79148.175,-0.2558572377687652960387266741
BTC-USD,2026-08-30T18:39:51.432545Z,79148.17,79148.18,0.01,79148.175,-0.5408078465572565207104294215
BTC-USD,2026-08-30T18:39:51.482141Z,79148.17,79148.18,0.01,79148.175,-0.5408078465572565207104294215
BTC-USD,2026-08-30T18:39:51.528781Z,79148.17,79148.18,0.01,79148.175,-0.5408078465572565207104294215
BTC-USD,2026-08-30T18:39:51.578888Z,79148.17,79148.18,0.01,79148.175,-0.5408078465572565207104294215
BTC-USD,2026-08-30T18:39:51.608116Z,79148.17,79148.18,0.01,79148.175,-0.5408078465572565207104294215
BTC-USD,2026-08-30T18:39:51.669249Z,79148.17,79148.18,0.01,79148.175,-0.5408078465572565207104294215
BTC-USD,2026-08-30T18:39:51.727301Z,79148.17,79148.18,0.01,79148.175,-0.5408078465572565207104294215
BTC-USD,2026-08-30T18:39:51.753002Z,79148.17,79148.18,0.01,79148.175,-0.5408896415443708475875611208
BTC-USD,2026-08-30T18:39:51.793243Z,79148.17,79148.18,0.01,79148.175,-0.5408896415443708475875611208
BTC-USD,2026-08-30T18:39:51.879906Z,79148.17,79148.18,0.01,79148.175,-0.5408896415443708475875611208
BTC-USD,2026-08-30T18:39:51.958508Z,79148.17,79148.18,0.01,79148.175,-0.5408896415443708475875611208
BTC-USD,2026-08-30T18:39:52.034402Z,79148.17,79148.18,0.01,79148.175,-0.5408896415443708475875611208
BTC-USD,2026-08-30T18:39:52.090379Z,79148.17,79148.18,0.01,79148.175,-0.5408898241197173398513806072
BTC-USD,2026-08-30T18:39:52.149851Z,79148.17,79148.18,0.01,79148.175,-0.2559652816859869858232939455
BTC-USD,2026-08-30T18:39:52.21696Z,79148.17,79148.18,0.01,79148.175,-0.2559652816859869858232939455
BTC-USD,2026-08-30T18:39:52.252549Z,79148.17,79148.18,0.01,79148.175,-0.2559652816859869858232939455
BTC-USD,2026-08-30T18:39:52.319847Z,79148.17,79148.18,0.01,79148.175,-0.2559652816859869858232939455
BTC-USD,2026-08-30T18:39:52.360283Z,79148.17,79148.18,0.01,79148.175,-0.2559652816859869858232939455
BTC-USD,2026-08-30T18:39:52.416848Z,79148.17,79148.18,0.01,79148.175,-0.2559652816859869858232939455
BTC-USD,2026-08-30T18:39:52.478647Z,79148.17,79148.18,0.01,79148.175,-0.2559652816859869858232939455
BTC-USD,2026-08-30T18:39:52.528765Z,79148.17,79148.18,0.01,79148.175,-0.2559652816859869858232939455
BTC-USD,2026-08-30T18:39:52.57143Z,79148.17,79148.18,0.01,79148.175,-0.2559652816859869858232939455
BTC-USD,2026-08-30T18:39:52.615067Z,79148.17,79148.18,0.01,79148.175,-0.2511552215996865429550752718
BTC-USD,2026-08-30T18:39:52.684233Z,79148.17,79148.18,0.01,79148.175,-0.2511552215996865429550752718
BTC-USD,2026-08-30T18:39:52.730124Z,79148.17,79148.18,0.01,79148.175,-0.2518559258405581127864333133
BTC-USD,2026-08-30T18:39:52.784088Z,79148.17,79148.18,0.01,79148.175,-0.2465730784031936518150838827
BTC-USD,2026-08-30T18:39:52.791688Z,79148.17,79148.18,0.01,79148.175,-0.2465730784031936518150838827
BTC-USD,2026-08-30T18:39:52.861669Z,79148.17,79148.18,0.01,79148.175,-0.2465732612694797166259497842
BTC-USD,2026-08-30T18:39:52.970849Z,79148.17,79148.18,0.01,79148.175,-0.2465732612694797166259497842
BTC-USD,2026-08-30T18:39:53.011756Z,79148.17,79148.18,0.01,79148.175,-0.2465732612694797166259497842
BTC-USD,2026-08-30T18:39:53.020686Z,79148.17,79148.18,0.01,79148.175,-0.2465732612694797166259497842
BTC-USD,2026-08-30T18:39:53.103866Z,79148.17,79148.18,0.01,79148.175,-0.2465732612694797166259497842
BTC-USD,2026-08-30T18:39:53.158196Z,79148.17,79148.18,0.01,79148.175,-0.2465733527026428682375555825
BTC-USD,2026-08-30T18:39:53.198247Z,79148.17,79148.18,0.01,79148.175,-0.2465733527026428682375555825
BTC-USD,2026-08-30T18:39:53.277845Z,79148.17,79148.18,0.01,79148.175,-0.2465733527026428682375555825
BTC-USD,2026-08-30T18:39:53.31466Z,79148.17,79148.18,0.01,79148.175,-0.2465733527026428682375555825
BTC-USD,2026-08-30T18:39:53.360341Z,79148.17,79148.18,0.01,79148.175,-0.2465733527026428682375555825
BTC-USD,2026-08-30T18:39:53.427416Z,79148.17,79148.18,0.01,79148.175,-0.2465733527026428682375555825
BTC-USD,2026-08-30T18:39:53.472411Z,79148.17,79148.18,0.01,79148.175,-0.2465733527026428682375555825
BTC-USD,2026-08-30T18:39:53.531193Z,79148.17,79148.18,0.01,79148.175,-0.2465733527026428682375555825
BTC-USD,2026-08-30T18:39:53.565191Z,79148.17,79148.18,0.01,79148.175,-0.2465733527026428682375555825
BTC-USD,2026-08-30T18:39:53.666975Z,79148.17,79148.18,0.01,79148.175,-0.2465733527026428682375555825
BTC-USD,2026-08-30T18:39:53.690431Z,79148.17,79148.18,0.01,79148.175,-0.2465733527026428682375555825
BTC-USD,2026-08-30T18:39:53.776699Z,79148.17,79148.18,0.01,79148.175,-0.2579040641188570981618557464
BTC-USD,2026-08-30T18:39:53.841382Z,79148.17,79148.18,0.01,79148.175,-0.05358764279796183679438115542
BTC-USD,2026-08-30T18:39:53.879878Z,79148.17,79148.18,0.01,79148.175,-0.05358764279796183679438115542
BTC-USD,2026-08-30T18:39:53.92063Z,79148.17,79148.18,0.01,79148.175,-0.05358771411023561077282808058
BTC-USD,2026-08-30T18:39:53.976351Z,79148.17,79148.18,0.01,79148.175,-0.05261580993417496104556873470
BTC-USD,2026-08-30T18:39:54.023122Z,79148.17,79148.18,0.01,79148.175,-0.05261580993417496104556873470
BTC-USD,2026-08-30T18:39:54.064509Z,79148.17,79148.18,0.01,79148.175,-0.05339757813149091742804916207
BTC-USD,2026-08-30T18:39:54.105393Z,79148.17,79148.18,0.01,79148.175,-0.5503770076845457569993058227
BTC-USD,2026-08-30T18:39:54.153352Z,79148.17,79148.18,0.01,79148.175,-0.7452362709528758942791716370
BTC-USD,2026-08-30T18:39:54.209055Z,79148.17,79148.18,0.01,79148.175,-0.8077783872514516561583212461
BTC-USD,2026-08-30T18:39:54.256547Z,79148.17,79148.18,0.01,79148.175,-0.8077783872514516561583212461
BTC-USD,2026-08-30T18:39:54.317593Z,79148.17,79148.18,0.01,79148.175,-0.8077783872514516561583212461
BTC-USD,2026-08-30T18:39:54.366069Z,79148.17,79148.18,0.01,79148.175,-0.8077783872514516561583212461
BTC-USD,2026-08-30T18:39:54.402348Z,79148.17,79148.18,0.01,79148.175,-0.6873143919746017991910788679
BTC-USD,2026-08-30T18:39:54.478113Z,79148.17,79148.18,0.01,79148.175,-0.6873143919746017991910788679
BTC-USD,2026-08-30T18:39:54.571515Z,79148.17,79148.18,0.01,79148.175,-0.6873143919746017991910788679
BTC-USD,2026-08-30T18:39:54.626111Z,79148.17,79148.18,0.01,79148.175,-0.7621375540136718843357366879
BTC-USD,2026-08-30T18:39:54.656419Z,79148.17,79148.18,0.01,79148.175,-0.7621375540136718843357366879
BTC-USD,2026-08-30T18:39:54.703216Z,79148.17,79148.18,0.01,79148.175,-0.7621375540136718843357366879
BTC-USD,2026-08-30T18:39:54.783606Z,79148.17,79148.18,0.01,79148.175,-0.7621375540136718843357366879
BTC-USD,2026-08-30T18:39:54.833587Z,79148.17,79148.18,0.01,79148.175,-0.7023657022754492862293512853
BTC-USD,2026-08-30T18:39:54.875185Z,79148.17,79148.18,0.01,79148.175,-0.7023657022754492862293512853
BTC-USD,2026-08-30T18:39:54.925155Z,79148.17,79148.18,0.01,79148.175,-0.7023657022754492862293512853
BTC-USD,2026-08-30T18:39:54.985241Z,79148.17,79148.18,0.01,79148.175,-0.7023657022754492862293512853
BTC-USD,2026-08-30T18:39:55.032966Z,79148.17,79148.18,0.01,79148.175,-0.7023660472319479597997623351
BTC-USD,2026-08-30T18:39:55.079719Z,79148.17,79148.18,0.01,79148.175,-0.7023660472319479597997623351
BTC-USD,2026-08-30T18:39:55.125042Z,79148.17,79148.18,0.01,79148.175,-0.7023660472319479597997623351
BTC-USD,2026-08-30T18:39:55.173029Z,79148.17,79148.18,0.01,79148.175,-0.7023660472319479597997623351
BTC-USD,2026-08-30T18:39:55.220562Z,79148.17,79148.18,0.01,79148.175,-0.7023660472319479597997623351
BTC-USD,2026-08-30T18:39:55.254615Z,79148.17,79148.18,0.01,79148.175,-0.7023661162232644704614295631
BTC-USD,2026-08-30T18:39:55.36947Z,79148.17,79148.18,0.01,79148.175,-0.7023661162232644704614295631
BTC-USD,2026-08-30T18:39:55.40522Z,79148.17,79148.18,0.01,79148.175,-0.7023661162232644704614295631
BTC-USD,2026-08-30T18:39:55.467254Z,79148.17,79148.18,0.01,79148.175,-0.7023661162232644704614295631
BTC-USD,2026-08-30T18:39:55.581933Z,79148.17,79148.18,0.01,79148.175,-0.7023661162232644704614295631
BTC-USD,2026-08-30T18:39:55.594721Z,79148.17,79148.18,0.01,79148.175,-0.7023636253734340773946513721
BTC-USD,2026-08-30T18:39:55.706794Z,79148.17,79148.18,0.01,79148.175,-0.7023636253734340773946513721
BTC-USD,2026-08-30T18:39:55.762588Z,79148.17,79148.18,0.01,79148.175,-0.7553166521241529261303992633
BTC-USD,2026-08-30T18:39:55.81941Z,79148.17,79148.18,0.01,79148.175,-0.7553166521241529261303992633
BTC-USD,2026-08-30T18:39:55.873507Z,79148.17,79148.18,0.01,79148.175,-0.7553166521241529261303992633
BTC-USD,2026-08-30T18:39:55.920843Z,79148.17,79148.18,0.01,79148.175,-0.7553166521241529261303992633
BTC-USD,2026-08-30T18:39:55.972076Z,79148.17,79148.18,0.01,79148.175,-0.7329762248806655557975230923
BTC-USD,2026-08-30T18:39:56.031942Z,79148.17,79148.18,0.01,79148.175,-0.6686409543862270764982517915
BTC-USD,2026-08-30T18:39:56.088332Z,79148.17,79148.18,0.01,79148.175,-0.6686412931784583655651124802
BTC-USD,2026-08-30T18:39:56.113303Z,79148.17,79148.18,0.01,79148.175,-0.6686412931784583655651124802
BTC-USD,2026-08-30T18:39:56.150347Z,79148.17,79148.18,0.01,79148.175,-0.6686412931784583655651124802
BTC-USD,2026-08-30T18:39:56.175114Z,79148.17,79148.18,0.01,79148.175,-0.6686412931784583655651124802
BTC-USD,2026-08-30T18:39:56.262901Z,79148.17,79148.18,0.01,79148.175,-0.6686412931784583655651124802
BTC-USD,2026-08-30T18:39:56.318972Z,79148.17,79148.18,0.01,79148.175,-0.6686418578324828991037250023
BTC-USD,2026-08-30T18:39:56.384633Z,79148.17,79148.18,0.01,79148.175,-0.6705088010997224672330979135
BTC-USD,2026-08-30T18:39:56.412658Z,79148.17,79148.18,0.01,79148.175,-0.6500277998141754868184086593
BTC-USD,2026-08-30T18:39:56.446261Z,79148.17,79148.18,0.01,79148.175,-0.6500277998141754868184086593
BTC-USD,2026-08-30T18:39:56.467901Z,79148.17,79148.18,0.01,79148.175,-0.6500277998141754868184086593
BTC-USD,2026-08-30T18:39:56.57497Z,79148.17,79148.18,0.01,79148.175,-0.6500277998141754868184086593
BTC-USD,2026-08-30T18:39:56.601448Z,79148.17,79148.18,0.01,79148.175,-0.6500277998141754868184086593
BTC-USD,2026-08-30T18:39:56.732437Z,79148.17,79148.18,0.01,79148.175,-0.6500277998141754868184086593
BTC-USD,2026-08-30T18:39:56.784802Z,79148.17,79148.18,0.01,79148.175,-0.6500277998141754868184086593
BTC-USD,2026-08-30T18:39:56.817196Z,79148.17,79148.18,0.01,79148.175,-0.6500277998141754868184086593
BTC-USD,2026-08-30T18:39:56.871847Z,79148.17,79148.18,0.01,79148.175,-0.6500277998141754868184086593
BTC-USD,2026-08-30T18:39:56.926452Z,79148.17,79148.18,0.01,79148.175,-0.6500277998141754868184086593
BTC-USD,2026-08-30T18:39:56.973036Z,79148.17,79148.18,0.01,79148.175,-0.6500277998141754868184086593
BTC-USD,2026-08-30T18:39:57.021952Z,79148.17,79148.18,0.01,79148.175,-0.6500277998141754868184086593
BTC-USD,2026-08-30T18:39:57.073954Z,79148.17,79148.18,0.01,79148.175,-0.6500281143321096647421590868
BTC-USD,2026-08-30T18:39:57.130878Z,79148.17,79148.18,0.01,79148.175,-0.6500281143321096647421590868
BTC-USD,2026-08-30T18:39:57.181888Z,79148.17,79148.18,0.01,79148.175,-0.7210199709221498463704359020
BTC-USD,2026-08-30T18:39:57.217438Z,79148.17,79148.18,0.01,79148.175,-0.7210199709221498463704359020
BTC-USD,2026-08-30T18:39:57.27746Z,79148.17,79148.18,0.01,79148.175,-0.7210199709221498463704359020
BTC-USD,2026-08-30T18:39:57.324661Z,79148.17,79148.18,0.01,79148.175,-0.7210199709221498463704359020
BTC-USD,2026-08-30T18:39:57.36935Z,79148.17,79148.18,0.01,79148.175,-0.7210200689865358001890761226
BTC-USD,2026-08-30T18:39:57.425136Z,79148.17,79148.18,0.01,79148.175,-0.7210200689865358001890761226
BTC-USD,2026-08-30T18:39:57.471621Z,79148.17,79148.18,0.01,79148.175,-0.7210200689865358001890761226
BTC-USD,2026-08-30T18:39:57.4959Z,79148.17,79148.18,0.01,79148.175,-0.7210200689865358001890761226
BTC-USD,2026-08-30T18:39:57.585719Z,79148.17,79148.18,0.01,79148.175,-0.7210200689865358001890761226
BTC-USD,2026-08-30T18:39:57.629087Z,79148.17,79148.18,0.01,79148.175,-0.7210200689865358001890761226
BTC-USD,2026-08-30T18:39:57.684071Z,79148.17,79148.18,0.01,79148.175,-0.7210200689865358001890761226
BTC-USD,2026-08-30T18:39:57.729385Z,79148.17,79148.18,0.01,79148.175,-0.7210200689865358001890761226
BTC-USD,2026-08-30T18:39:57.753518Z,79148.17,79148.18,0.01,79148.175,-0.7210200689865358001890761226
BTC-USD,2026-08-30T18:39:57.823948Z,79148.17,79148.18,0.01,79148.175,-0.7210200689865358001890761226
BTC-USD,2026-08-30T18:39:57.884725Z,79148.17,79148.18,0.01,79148.175,-0.7210200689865358001890761226
BTC-USD,2026-08-30T18:39:57.928898Z,79148.17,79148.18,0.01,79148.175,-0.7210200689865358001890761226
BTC-USD,2026-08-30T18:39:57.969029Z,79148.17,79148.18,0.01,79148.175,-0.7210200689865358001890761226
BTC-USD,2026-08-30T18:39:58.015443Z,79148.17,79148.18,0.01,79148.175,-0.7210200689865358001890761226
BTC-USD,2026-08-30T18:39:58.06561Z,79148.17,79148.18,0.01,79148.175,-0.7210200689865358001890761226
BTC-USD,2026-08-30T18:39:58.099265Z,79148.17,79148.18,0.01,79148.175,-0.7210200689865358001890761226
BTC-USD,2026-08-30T18:39:58.178425Z,79148.17,79148.18,0.01,79148.175,-0.7563372041626266212001778806
BTC-USD,2026-08-30T18:39:58.222845Z,79148.17,79148.18,0.01,79148.175,-0.8164409651111268724009098405
BTC-USD,2026-08-30T18:39:58.260697Z,79148.17,79148.18,0.01,79148.175,-0.8164409651111268724009098405
BTC-USD,2026-08-30T18:39:58.300163Z,79148.17,79148.18,0.01,79148.175,-0.8164409651111268724009098405
BTC-USD,2026-08-30T18:39:58.365676Z,79148.17,79148.18,0.01,79148.175,-0.8164409651111268724009098405
BTC-USD,2026-08-30T18:39:58.416948Z,79148.17,79148.18,0.01,79148.175,0.2683651379245135702427640211
BTC-USD,2026-08-30T18:39:58.460781Z,79148.17,79148.18,0.01,79148.175,0.2683651379245135702427640211
BTC-USD,2026-08-30T18:39:58.507695Z,79148.17,79148.18,0.01,79148.175,0.2977623602325019203204491088
BTC-USD,2026-08-30T18:39:58.531047Z,79148.17,79148.18,0.01,79148.175,0.3086702551226789437476633407
BTC-USD,2026-08-30T18:39:58.601316Z,79148.17,79148.18,0.01,79148.175,0.3086702551226789437476633407
BTC-USD,2026-08-30T18:39:58.625119Z,79148.17,79148.18,0.01,79148.175,0.3097296461883374944381868714
BTC-USD,2026-08-30T18:39:58.706954Z,79148.17,79148.18,0.01,79148.175,0.3098481014663077258820987040
BTC-USD,2026-08-30T18:39:58.731208Z,79148.17,79148.18,0.01,79148.175,0.3097296199032582750751341420
BTC-USD,2026-08-30T18:39:58.892944Z,79148.17,79148.18,0.01,79148.175,0.3101240319182909304451095942
BTC-USD,2026-08-30T18:39:58.930708Z,79148.17,79148.18,0.01,79148.175,0.3101240319182909304451095942
BTC-USD,2026-08-30T18:39:58.991744Z,79148.17,79148.18,0.01,79148.175,0.2936980066391595240020531089
BTC-USD,2026-08-30T18:39:59.016891Z,79148.17,79148.18,0.01,79148.175,0.2936980066391595240020531089
BTC-USD,2026-08-30T18:39:59.060131Z,79148.17,79148.18,0.01,79148.175,0.2936980066391595240020531089
BTC-USD,2026-08-30T18:39:59.112992Z,79148.17,79148.18,0.01,79148.175,0.2936980066391595240020531089
BTC-USD,2026-08-30T18:39:59.179571Z,79148.17,79148.18,0.01,79148.175,0.2936980066391595240020531089
BTC-USD,2026-08-30T18:39:59.257125Z,79148.17,79148.18,0.01,79148.175,0.2936980066391595240020531089
BTC-USD,2026-08-30T18:39:59.324443Z,79148.17,79148.18,0.01,79148.175,0.2936980066391595240020531089
BTC-USD,2026-08-30T18:39:59.376305Z,79148.17,79148.18,0.01,79148.175,0.2936980066391595240020531089
BTC-USD,2026-08-30T18:39:59.421168Z,79148.17,79148.18,0.01,79148.175,0.2937822201160471956934941237
BTC-USD,2026-08-30T18:39:59.47031Z,79148.17,79148.18,0.01,79148.175,0.2936981216258287196550499631
BTC-USD,2026-08-30T18:39:59.51376Z,79148.17,79148.18,0.01,79148.175,0.2937822201160471956934941237
BTC-USD,2026-08-30T18:39:59.561026Z,79148.17,79148.18,0.01,79148.175,0.2936993949036478357372568487
BTC-USD,2026-08-30T18:39:59.605772Z,79148.17,79148.18,0.01,79148.175,0.2936993949036478357372568487
BTC-USD,2026-08-30T18:39:59.656271Z,79148.17,79148.18,0.01,79148.175,0.2936993949036478357372568487
BTC-USD,2026-08-30T18:39:59.707962Z,79148.17,79148.18,0.01,79148.175,0.3458920185060958368053748750
BTC-USD,2026-08-30T18:39:59.746024Z,79148.17,79148.18,0.01,79148.175,0.3458925029600524890836280817
BTC-USD,2026-08-30T18:39:59.819549Z,79148.17,79148.18,0.01,79148.175,0.3415348194198783832187653787
BTC-USD,2026-08-30T18:39:59.871532Z,79148.17,79148.18,0.01,79148.175,0.3415348194198783832187653787
BTC-USD,2026-08-30T18:39:59.925172Z,79148.17,79148.18,0.01,79148.175,0.3415348194198783832187653787
BTC-USD,2026-08-30T18:39:59.969663Z,79148.17,79148.18,0.01,79148.175,0.3415348194198783832187653787
BTC-USD,2026-08-30T18:39:59.999363Z,79148.17,79148.18,0.01,79148.175,0.3415348194198783832187653787
BTC-USD,2026-08-30T18:40:00.067241Z,79148.17,79148.18,0.01,79148.175,0.3415348194198783832187653787
BTC-USD,2026-08-30T18:40:00.115301Z,79148.17,79148.18,0.01,79148.175,0.3415348194198783832187653787
BTC-USD,2026-08-30T18:40:00.176966Z,79148.17,79148.18,0.01,79148.175,0.3416136211416177219442065958
BTC-USD,2026-08-30T18:40:00.22521Z,79148.17,79148.18,0.01,79148.175,0.3490029191940051499798871917
BTC-USD,2026-08-30T18:40:00.278545Z,79148.17,79148.18,0.01,79148.175,0.3490029191940051499798871917
BTC-USD,2026-08-30T18:40:00.331837Z,79148.17,79148.18,0.01,79148.175,0.3416136211416177219442065958
BTC-USD,2026-08-30T18:40:00.364597Z,79148.17,79148.18,0.01,79148.175,0.3045762530594551813996267273
BTC-USD,2026-08-30T18:40:00.411192Z,79148.17,79148.18,0.01,79148.175,0.3045762530594551813996267273
BTC-USD,2026-08-30T18:40:00.449752Z,79148.17,79148.18,0.01,79148.175,0.3045762530594551813996267273
BTC-USD,2026-08-30T18:40:00.515085Z,79148.17,79148.18,0.01,79148.175,0.3075266883075766159377288700
BTC-USD,2026-08-30T18:40:00.579778Z,79148.17,79148.18,0.01,79148.175,0.3151570344866000467495551053
BTC-USD,2026-08-30T18:40:00.623383Z,79148.17,79148.18,0.01,79148.175,0.3151570344866000467495551053
BTC-USD,2026-08-30T18:40:00.67775Z,79148.17,79148.18,0.01,79148.175,0.3151570344866000467495551053
BTC-USD,2026-08-30T18:40:00.726871Z,79148.17,79148.18,0.01,79148.175,0.3151570344866000467495551053
BTC-USD,2026-08-30T18:40:00.760962Z,79148.17,79148.18,0.01,79148.175,0.3151570344866000467495551053
BTC-USD,2026-08-30T18:40:00.826879Z,79148.17,79148.18,0.01,79148.175,0.3151570344866000467495551053
BTC-USD,2026-08-30T18:40:00.858785Z,79148.17,79148.18,0.01,79148.175,0.3151570344866000467495551053
BTC-USD,2026-08-30T18:40:00.926939Z,79148.17,79148.18,0.01,79148.175,0.3151569927386727641003384569
BTC-USD,2026-08-30T18:40:00.975376Z,79148.17,79148.18,0.01,79148.175,0.3151569927386727641003384569
BTC-USD,2026-08-30T18:40:01.028528Z,79148.17,79148.18,0.01,79148.175,0.3151569927386727641003384569
BTC-USD,2026-08-30T18:40:01.071624Z,79148.17,79148.18,0.01,79148.175,0.3151569927386727641003384569
BTC-USD,2026-08-30T18:40:01.099369Z,79148.17,79148.18,0.01,79148.175,0.3151569927386727641003384569
BTC-USD,2026-08-30T18:40:01.250361Z,79148.17,79148.18,0.01,79148.175,-0.4921043117722303995606139919
BTC-USD,2026-08-30T18:40:01.258306Z,79148.17,79148.18,0.01,79148.175,-0.4921043117722303995606139919
BTC-USD,2026-08-30T18:40:01.301205Z,79148.17,79148.18,0.01,79148.175,0.3164904162724666362276488237
BTC-USD,2026-08-30T18:40:01.345471Z,79148.17,79148.18,0.01,79148.175,0.3164904162724666362276488237
BTC-USD,2026-08-30T18:40:01.424375Z,79148.17,79148.18,0.01,79148.175,0.3164904162724666362276488237
BTC-USD,2026-08-30T18:40:01.463598Z,79148.17,79148.18,0.01,79148.175,0.3164904162724666362276488237
BTC-USD,2026-08-30T18:40:01.525071Z,79148.17,79148.18,0.01,79148.175,0.3164904162724666362276488237
BTC-USD,2026-08-30T18:40:01.553002Z,79148.17,79148.18,0.01,79148.175,0.3164904162724666362276488237
BTC-USD,2026-08-30T18:40:01.595279Z,79148.17,79148.18,0.01,79148.175,0.3164904162724666362276488237
BTC-USD,2026-08-30T18:40:01.639074Z,79148.17,79148.18,0.01,79148.175,-0.4853077053864635538608014043
BTC-USD,2026-08-30T18:40:01.752083Z,79148.17,79148.18,0.01,79148.175,-0.4950079020034820349485362971
BTC-USD,2026-08-30T18:40:01.764154Z,79148.17,79148.18,0.01,79148.175,-0.4950079020034820349485362971
BTC-USD,2026-08-30T18:40:01.837821Z,79148.17,79148.18,0.01,79148.175,-0.4950079020034820349485362971
BTC-USD,2026-08-30T18:40:01.873226Z,79148.17,79148.18,0.01,79148.175,-0.4950079020034820349485362971
BTC-USD,2026-08-30T18:40:01.926814Z,79148.17,79148.18,0.01,79148.175,-0.4950079020034820349485362971
BTC-USD,2026-08-30T18:40:01.980396Z,79148.17,79148.18,0.01,79148.175,-0.4950079548940900948360737088
BTC-USD,2026-08-30T18:40:02.017888Z,79148.17,79148.18,0.01,79148.175,-0.4950079548940900948360737088
BTC-USD,2026-08-30T18:40:02.05463Z,79148.17,79148.18,0.01,79148.175,-0.6428299248661079866930802159
BTC-USD,2026-08-30T18:40:02.108554Z,79148.17,79148.18,0.01,79148.175,-0.6428299248661079866930802159
BTC-USD,2026-08-30T18:40:02.227937Z,79148.17,79148.18,0.01,79148.175,-0.6428299248661079866930802159
BTC-USD,2026-08-30T18:40:02.272696Z,79148.17,79148.18,0.01,79148.175,-0.6428299248661079866930802159
BTC-USD,2026-08-30T18:40:02.325025Z,79148.17,79148.18,0.01,79148.175,-0.6428299248661079866930802159
BTC-USD,2026-08-30T18:40:02.367391Z,79148.17,79148.18,0.01,79148.175,-0.6428299248661079866930802159
BTC-USD,2026-08-30T18:40:02.42041Z,79148.17,79148.18,0.01,79148.175,-0.6498799100395727491380267349
BTC-USD,2026-08-30T18:40:02.473748Z,79148.17,79148.18,0.01,79148.175,-0.6498247285296352979146495091
BTC-USD,2026-08-30T18:40:02.520149Z,79148.17,79148.18,0.01,79148.175,-0.4154345073813234059079835464
BTC-USD,2026-08-30T18:40:02.575601Z,79148.17,79148.18,0.01,79148.175,0.2742384519356540031145343437
BTC-USD,2026-08-30T18:40:02.635158Z,79148.17,79148.18,0.01,79148.175,0.2742384519356540031145343437
BTC-USD,2026-08-30T18:40:02.676351Z,79148.17,79148.18,0.01,79148.175,0.2742384519356540031145343437
BTC-USD,2026-08-30T18:40:02.736673Z,79148.17,79148.18,0.01,79148.175,0.2742384519356540031145343437
BTC-USD,2026-08-30T18:40:02.764666Z,79148.17,79148.18,0.01,79148.175,0.2742384519356540031145343437
BTC-USD,2026-08-30T18:40:02.826542Z,79148.17,79148.18,0.01,79148.175,-0.7019501456209447961790992355
BTC-USD,2026-08-30T18:40:02.860708Z,79140.02,79142.47,2.45,79141.245,0.1681991429760426227124097712
BTC-USD,2026-08-30T18:40:02.928448Z,79140.02,79142.47,2.45,79141.245,0.1681991429760426227124097712
BTC-USD,2026-08-30T18:40:02.979074Z,79140.02,79141.38,1.36,79140.70,0.2514008629553081662762145243
BTC-USD,2026-08-30T18:40:03.035949Z,79140.02,79141.38,1.36,79140.70,0.3474362420669965785549400191
BTC-USD,2026-08-30T18:40:03.079686Z,79141.02,79141.38,0.36,79141.20,0.0003044863989272500633326267653
BTC-USD,2026-08-30T18:40:03.126671Z,79141.37,79141.38,0.01,79141.375,0.0003044863989272500633326267653
BTC-USD,2026-08-30T18:40:03.169316Z,79141.37,79141.38,0.01,79141.375,-0.1191773690976368927302624271
BTC-USD,2026-08-30T18:40:03.197541Z,79141.37,79141.38,0.01,79141.375,-0.1191773690976368927302624271
BTC-USD,2026-08-30T18:40:03.2653Z,79141.37,79141.38,0.01,79141.375,-0.1191773690976368927302624271
BTC-USD,2026-08-30T18:40:03.319343Z,79141.37,79141.38,0.01,79141.375,-0.1191773690976368927302624271
BTC-USD,2026-08-30T18:40:03.385905Z,79141.37,79141.38,0.01,79141.375,-0.1191773690976368927302624271
BTC-USD,2026-08-30T18:40:03.431088Z,79141.37,79141.38,0.01,79141.375,-0.1191773690976368927302624271
BTC-USD,2026-08-30T18:40:03.463489Z,79141.37,79141.38,0.01,79141.375,-0.1191773690976368927302624271
BTC-USD,2026-08-30T18:40:03.535674Z,79141.37,79141.38,0.01,79141.375,-0.1191773690976368927302624271
BTC-USD,2026-08-30T18:40:03.578926Z,79141.37,79142.37,1.00,79141.87,-0.3652267808206665191116904948
BTC-USD,2026-08-30T18:40:03.617874Z,79141.37,79142.37,1.00,79141.87,-0.3652267588990054646914789727
BTC-USD,2026-08-30T18:40:03.67607Z,79142.36,79142.37,0.01,79142.365,-0.4573274972556293605522405854
BTC-USD,2026-08-30T18:40:03.725369Z,79142.36,79142.37,0.01,79142.365,-0.3343516125386867114563701384
BTC-USD,2026-08-30T18:40:03.757863Z,79142.36,79142.37,0.01,79142.365,-0.3343516125386867114563701384
BTC-USD,2026-08-30T18:40:03.830881Z,79142.36,79142.37,0.01,79142.365,-0.3652260988328266183992431117
BTC-USD,2026-08-30T18:40:03.87932Z,79142.36,79142.37,0.01,79142.365,-0.2554079417211529315800722458
BTC-USD,2026-08-30T18:40:03.926712Z,79142.36,79142.37,0.01,79142.365,-0.2540291347740453012466295907
BTC-USD,2026-08-30T18:40:03.98458Z,79142.36,79142.37,0.01,79142.365,-0.2540296929578738003767511680
BTC-USD,2026-08-30T18:40:04.024119Z,79142.36,79142.37,0.01,79142.365,-0.2540296929578738003767511680
BTC-USD,2026-08-30T18:40:04.064257Z,79142.36,79142.37,0.01,79142.365,-0.2540296929578738003767511680
BTC-USD,2026-08-30T18:40:04.135416Z,79142.36,79142.37,0.01,79142.365,-0.2204100805051720020691788750
BTC-USD,2026-08-30T18:40:04.174218Z,79142.36,79142.37,0.01,79142.365,-0.2204104649825704388972986937
BTC-USD,2026-08-30T18:40:04.216247Z,79142.36,79142.37,0.01,79142.365,-0.2204104649825704388972986937
BTC-USD,2026-08-30T18:40:04.253538Z,79142.36,79142.37,0.01,79142.365,-0.2204104649825704388972986937
BTC-USD,2026-08-30T18:40:04.264775Z,79142.36,79142.37,0.01,79142.365,-0.2204104649825704388972986937
BTC-USD,2026-08-30T18:40:04.37284Z,79142.36,79142.37,0.01,79142.365,-0.2204104649825704388972986937
BTC-USD,2026-08-30T18:40:04.395024Z,79142.36,79142.37,0.01,79142.365,-0.2203312196998427542998230892
BTC-USD,2026-08-30T18:40:04.462891Z,79142.36,79142.37,0.01,79142.365,-0.2203312196998427542998230892
BTC-USD,2026-08-30T18:40:04.522779Z,79142.36,79142.37,0.01,79142.365,-0.2203312196998427542998230892
BTC-USD,2026-08-30T18:40:04.565703Z,79142.36,79142.37,0.01,79142.365,-0.2203312196998427542998230892
BTC-USD,2026-08-30T18:40:04.619917Z,79142.36,79142.37,0.01,79142.365,-0.2390440214561309471033758191
BTC-USD,2026-08-30T18:40:04.67759Z,79142.36,79142.37,0.01,79142.365,-0.2390440214561309471033758191
BTC-USD,2026-08-30T18:40:04.728584Z,79142.36,79142.37,0.01,79142.365,-0.2390440214561309471033758191
BTC-USD,2026-08-30T18:40:04.798993Z,79142.36,79142.37,0.01,79142.365,-0.2390440214561309471033758191
BTC-USD,2026-08-30T18:40:04.815666Z,79142.36,79142.37,0.01,79142.365,-0.2390440214561309471033758191
BTC-USD,2026-08-30T18:40:04.884209Z,79142.36,79142.37,0.01,79142.365,-0.2390440214561309471033758191
BTC-USD,2026-08-30T18:40:04.938505Z,79142.36,79142.37,0.01,79142.365,-0.2390440214561309471033758191
BTC-USD,2026-08-30T18:40:04.977921Z,79142.36,79142.37,0.01,79142.365,-0.2390440214561309471033758191
BTC-USD,2026-08-30T18:40:05.036008Z,79142.36,79142.37,0.01,79142.365,-0.2390440214561309471033758191
BTC-USD,2026-08-30T18:40:05.061922Z,79142.36,79142.37,0.01,79142.365,-0.2390440214561309471033758191
BTC-USD,2026-08-30T18:40:05.13377Z,79142.36,79142.37,0.01,79142.365,-0.2283311122939890281913691238
BTC-USD,2026-08-30T18:40:05.175701Z,79142.36,79142.37,0.01,79142.365,-0.2283311122939890281913691238
BTC-USD,2026-08-30T18:40:05.265899Z,79142.36,79142.37,0.01,79142.365,-0.2283311122939890281913691238
BTC-USD,2026-08-30T18:40:05.302781Z,79142.36,79142.37,0.01,79142.365,-0.2283311122939890281913691238
BTC-USD,2026-08-30T18:40:05.37563Z,79142.36,79142.37,0.01,79142.365,-0.2283311122939890281913691238
BTC-USD,2026-08-30T18:40:05.40295Z,79142.36,79142.37,0.01,79142.365,-0.2283316738871909617316212863
BTC-USD,2026-08-30T18:40:05.469803Z,79142.36,79142.37,0.01,79142.365,-0.2283324226789256840852293277
BTC-USD,2026-08-30T18:40:05.530843Z,79142.36,79142.37,0.01,79142.365,-0.2283324226789256840852293277
BTC-USD,2026-08-30T18:40:05.584764Z,79142.36,79142.37,0.01,79142.365,0.4007695398845166249011747953
BTC-USD,2026-08-30T18:40:05.62916Z,79142.36,79142.37,0.01,79142.365,0.6582512325620404469265980877
BTC-USD,2026-08-30T18:40:05.671797Z,79142.36,79142.37,0.01,79142.365,0.6525162450654380789247028469
BTC-USD,2026-08-30T18:40:05.722083Z,79142.36,79142.37,0.01,79142.365,0.6757181801788206965574129212
BTC-USD,2026-08-30T18:40:05.767247Z,79142.36,79142.37,0.01,79142.365,0.5009700412283191450265956975
BTC-USD,2026-08-30T18:40:05.827515Z,79142.36,79142.37,0.01,79142.365,0.5009700412283191450265956975
BTC-USD,2026-08-30T18:40:05.868203Z,79142.36,79142.37,0.01,79142.365,0.5009700412283191450265956975
BTC-USD,2026-08-30T18:40:05.917948Z,79142.36,79142.37,0.01,79142.365,0.6757274088847891319763712675
BTC-USD,2026-08-30T18:40:05.979659Z,79142.36,79142.37,0.01,79142.365,0.6757274088847891319763712675
BTC-USD,2026-08-30T18:40:06.025244Z,79142.36,79142.37,0.01,79142.365,0.6757274088847891319763712675
BTC-USD,2026-08-30T18:40:06.086034Z,79142.36,79142.37,0.01,79142.365,0.6757274088847891319763712675
BTC-USD,2026-08-30T18:40:06.18025Z,79142.36,79142.37,0.01,79142.365,0.6777406553854162914594106737
BTC-USD,2026-08-30T18:40:06.213564Z,79142.36,79142.37,0.01,79142.365,0.6893462866118423309318139425
BTC-USD,2026-08-30T18:40:06.274377Z,79142.36,79142.37,0.01,79142.365,0.6893462866118423309318139425
BTC-USD,2026-08-30T18:40:06.330213Z,79142.36,79142.37,0.01,79142.365,0.5198466012750350132880601019
BTC-USD,2026-08-30T18:40:06.381938Z,79142.36,79142.37,0.01,79142.365,0.5198466012750350132880601019
BTC-USD,2026-08-30T18:40:06.467313Z,79142.36,79142.37,0.01,79142.365,0.5198466012750350132880601019
BTC-USD,2026-08-30T18:40:06.480893Z,79142.36,79142.37,0.01,79142.365,0.5198466012750350132880601019
BTC-USD,2026-08-30T18:40:06.565505Z,79142.36,79142.37,0.01,79142.365,0.5198466012750350132880601019
BTC-USD,2026-08-30T18:40:06.62016Z,79142.36,79142.37,0.01,79142.365,0.5198466012750350132880601019
BTC-USD,2026-08-30T18:40:06.668589Z,79142.36,79142.37,0.01,79142.365,0.5198466012750350132880601019
BTC-USD,2026-08-30T18:40:06.776994Z,79142.36,79142.37,0.01,79142.365,0.5198466012750350132880601019
BTC-USD,2026-08-30T18:40:06.824223Z,79142.36,79142.37,0.01,79142.365,0.5198466012750350132880601019
BTC-USD,2026-08-30T18:40:06.868588Z,79142.36,79142.37,0.01,79142.365,0.5198466012750350132880601019
BTC-USD,2026-08-30T18:40:06.923207Z,79142.36,79142.37,0.01,79142.365,0.5198463981309949828082137791
BTC-USD,2026-08-30T18:40:06.978152Z,79142.36,79142.37,0.01,79142.365,0.5215297550988090855422774646
BTC-USD,2026-08-30T18:40:07.032717Z,79142.36,79142.37,0.01,79142.365,0.5215297550988090855422774646
BTC-USD,2026-08-30T18:40:07.060261Z,79142.36,79142.37,0.01,79142.365,0.5215297550988090855422774646
BTC-USD,2026-08-30T18:40:07.110271Z,79142.36,79142.37,0.01,79142.365,0.5215297550988090855422774646
BTC-USD,2026-08-30T18:40:07.162517Z,79142.36,79142.37,0.01,79142.365,0.5215297550988090855422774646
BTC-USD,2026-08-30T18:40:07.223372Z,79142.36,79142.37,0.01,79142.365,0.5215297550988090855422774646
BTC-USD,2026-08-30T18:40:07.267418Z,79142.36,79142.37,0.01,79142.365,0.5215297550988090855422774646
BTC-USD,2026-08-30T18:40:07.334354Z,79142.36,79142.37,0.01,79142.365,0.5215297550988090855422774646
BTC-USD,2026-08-30T18:40:07.343971Z,79142.36,79142.37,0.01,79142.365,0.5215297550988090855422774646
BTC-USD,2026-08-30T18:40:07.43402Z,79142.36,79142.37,0.01,79142.365,0.5215297550988090855422774646
BTC-USD,2026-08-30T18:40:07.48019Z,79142.36,79142.37,0.01,79142.365,0.5215296917687572645476520971
BTC-USD,2026-08-30T18:40:07.494293Z,79142.36,79142.37,0.01,79142.365,0.5215296917687572645476520971
BTC-USD,2026-08-30T18:40:07.568428Z,79142.36,79142.37,0.01,79142.365,0.5215296917687572645476520971
BTC-USD,2026-08-30T18:40:07.588474Z,79142.36,79142.37,0.01,79142.365,0.6931274697169789645183779693
BTC-USD,2026-08-30T18:40:07.605118Z,79142.36,79142.37,0.01,79142.365,0.6931274697169789645183779693
BTC-USD,2026-08-30T18:40:07.766743Z,79142.36,79142.37,0.01,79142.365,0.6931274697169789645183779693
BTC-USD,2026-08-30T18:40:07.807156Z,79142.92,79144.35,1.43,79143.635,0.6271748091740741771632749524
BTC-USD,2026-08-30T18:40:07.869152Z,79148.17,79148.18,0.01,79148.175,-0.09084398055317952370142664393
BTC-USD,2026-08-30T18:40:07.90031Z,79148.17,79148.18,0.01,79148.175,-0.4155356969793686499374421148
BTC-USD,2026-08-30T18:40:07.975666Z,79148.17,79148.18,0.01,79148.175,0.3837014557946127005585222460
BTC-USD,2026-08-30T18:40:08.15002Z,79148.17,79148.18,0.01,79148.175,0.3092859784235114050417480497
BTC-USD,2026-08-30T18:40:08.210544Z,79148.17,79148.18,0.01,79148.175,0.3092859784235114050417480497
BTC-USD,2026-08-30T18:40:08.277943Z,79148.17,79148.18,0.01,79148.175,0.2910801489745443387061066763
BTC-USD,2026-08-30T18:40:08.309648Z,79148.17,79148.18,0.01,79148.175,0.2910801489745443387061066763
BTC-USD,2026-08-30T18:40:08.363372Z,79148.17,79148.18,0.01,79148.175,0.2910801489745443387061066763
BTC-USD,2026-08-30T18:40:08.420912Z,79148.17,79148.18,0.01,79148.175,0.2910801489745443387061066763
BTC-USD,2026-08-30T18:40:08.474547Z,79148.17,79148.18,0.01,79148.175,0.2910801489745443387061066763
BTC-USD,2026-08-30T18:40:08.514106Z,79148.17,79148.18,0.01,79148.175,0.2910800450890550601488419470
BTC-USD,2026-08-30T18:40:08.571989Z,79148.17,79148.18,0.01,79148.175,0.2910800450890550601488419470
BTC-USD,2026-08-30T18:40:08.628568Z,79148.17,79148.18,0.01,79148.175,0.2910800450890550601488419470
BTC-USD,2026-08-30T18:40:08.665525Z,79148.17,79148.18,0.01,79148.175,0.5341275148342030467605353238
BTC-USD,2026-08-30T18:40:08.729048Z,79148.17,79148.18,0.01,79148.175,0.5381396656682374350621824170
BTC-USD,2026-08-30T18:40:08.771002Z,79148.17,79148.18,0.01,79148.175,0.5381396656682374350621824170
BTC-USD,2026-08-30T18:40:08.828782Z,79148.17,79148.18,0.01,79148.175,0.5381396656682374350621824170
BTC-USD,2026-08-30T18:40:08.875128Z,79148.17,79148.18,0.01,79148.175,0.5380358882719581023444453998
BTC-USD,2026-08-30T18:40:08.929918Z,79148.17,79148.18,0.01,79148.175,0.5671533212148432324639657443
BTC-USD,2026-08-30T18:40:08.973934Z,79148.17,79148.18,0.01,79148.175,0.5671533212148432324639657443
BTC-USD,2026-08-30T18:40:09.019323Z,79148.17,79148.18,0.01,79148.175,0.5671533212148432324639657443
BTC-USD,2026-08-30T18:40:09.07473Z,79148.17,79148.18,0.01,79148.175,0.5671533212148432324639657443
BTC-USD,2026-08-30T18:40:09.130238Z,79148.17,79148.18,0.01,79148.175,0.5671533212148432324639657443
BTC-USD,2026-08-30T18:40:09.173877Z,79148.17,79148.18,0.01,79148.175,0.5683462645404412021565612891
BTC-USD,2026-08-30T18:40:09.228653Z,79148.17,79148.18,0.01,79148.175,0.5683462645404412021565612891
BTC-USD,2026-08-30T18:40:09.267472Z,79148.17,79148.18,0.01,79148.175,0.5683462645404412021565612891
BTC-USD,2026-08-30T18:40:09.32876Z,79148.17,79148.18,0.01,79148.175,0.5683462645404412021565612891
BTC-USD,2026-08-30T18:40:09.360439Z,79148.17,79148.18,0.01,79148.175,0.5683462645404412021565612891
BTC-USD,2026-08-30T18:40:09.428596Z,79148.17,79148.18,0.01,79148.175,0.5683462645404412021565612891
BTC-USD,2026-08-30T18:40:09.437582Z,79148.17,79148.18,0.01,79148.175,0.5683462645404412021565612891
BTC-USD,2026-08-30T18:40:09.529153Z,79148.17,79148.18,0.01,79148.175,0.5683462645404412021565612891
BTC-USD,2026-08-30T18:40:09.564693Z,79148.17,79148.18,0.01,79148.175,0.5683460634879894786865374395
BTC-USD,2026-08-30T18:40:09.62347Z,79148.17,79148.18,0.01,79148.175,0.5683460634879894786865374395
BTC-USD,2026-08-30T18:40:09.662494Z,79148.17,79148.18,0.01,79148.175,0.5683460634879894786865374395
BTC-USD,2026-08-30T18:40:09.695697Z,79148.17,79148.18,0.01,79148.175,0.5683460634879894786865374395
BTC-USD,2026-08-30T18:40:09.781597Z,79148.17,79148.18,0.01,79148.175,0.5683459773225956922642065474
BTC-USD,2026-08-30T18:40:09.814999Z,79148.17,79148.18,0.01,79148.175,0.5683459773225956922642065474
BTC-USD,2026-08-30T18:40:09.860358Z,79148.17,79148.18,0.01,79148.175,0.5683459773225956922642065474
BTC-USD,2026-08-30T18:40:09.936452Z,79148.17,79148.18,0.01,79148.175,0.5683459773225956922642065474
BTC-USD,2026-08-30T18:40:09.960383Z,79148.17,79148.18,0.01,79148.175,0.5683459773225956922642065474
BTC-USD,2026-08-30T18:40:09.993653Z,79148.17,79148.18,0.01,79148.175,0.5683459773225956922642065474
BTC-USD,2026-08-30T18:40:10.05513Z,79148.17,79148.18,0.01,79148.175,0.5410563856137211758240011629
BTC-USD,2026-08-30T18:40:10.078916Z,79148.17,79148.18,0.01,79148.175,0.5410563856137211758240011629
BTC-USD,2026-08-30T18:40:10.166999Z,79148.17,79148.18,0.01,79148.175,0.5415043128012440958571994320
BTC-USD,2026-08-30T18:40:10.214224Z,79148.17,79148.18,0.01,79148.175,0.5415043128012440958571994320
BTC-USD,2026-08-30T18:40:10.268263Z,79148.17,79148.18,0.01,79148.175,0.5415043128012440958571994320
BTC-USD,2026-08-30T18:40:10.328081Z,79148.17,79148.18,0.01,79148.175,0.5415043128012440958571994320
BTC-USD,2026-08-30T18:40:10.376203Z,79148.17,79148.18,0.01,79148.175,0.5415043128012440958571994320
BTC-USD,2026-08-30T18:40:10.461845Z,79148.17,79148.18,0.01,79148.175,0.5415043128012440958571994320
BTC-USD,2026-08-30T18:40:10.507164Z,79148.17,79148.18,0.01,79148.175,0.5415043128012440958571994320
BTC-USD,2026-08-30T18:40:10.565702Z,79148.17,79148.18,0.01,79148.175,0.5415043128012440958571994320
BTC-USD,2026-08-30T18:40:10.660863Z,79148.17,79148.18,0.01,79148.175,0.5415042803963456731232139591
BTC-USD,2026-08-30T18:40:10.701952Z,79148.17,79148.18,0.01,79148.175,0.5415042803963456731232139591
BTC-USD,2026-08-30T18:40:10.78642Z,79148.17,79148.18,0.01,79148.175,0.5415042803963456731232139591
BTC-USD,2026-08-30T18:40:10.807063Z,79148.17,79148.18,0.01,79148.175,0.5415042803963456731232139591
BTC-USD,2026-08-30T18:40:10.880969Z,79148.17,79148.18,0.01,79148.175,0.5415042803963456731232139591
BTC-USD,2026-08-30T18:40:10.920485Z,79148.17,79148.18,0.01,79148.175,0.5415042803963456731232139591
BTC-USD,2026-08-30T18:40:11.025991Z,79148.17,79148.18,0.01,79148.175,0.5415042803963456731232139591
BTC-USD,2026-08-30T18:40:11.072536Z,79148.17,79148.18,0.01,79148.175,0.5709225049425545435961619426
BTC-USD,2026-08-30T18:40:11.113538Z,79148.17,79148.18,0.01,79148.175,0.2262517050752470401477026273
BTC-USD,2026-08-30T18:40:11.176984Z,79148.17,79148.18,0.01,79148.175,0.2264355443104201981326519493
BTC-USD,2026-08-30T18:40:11.21331Z,79148.17,79148.18,0.01,79148.175,0.2264355443104201981326519493
BTC-USD,2026-08-30T18:40:11.295566Z,79148.17,79148.18,0.01,79148.175,0.5710530980845638994191896611
BTC-USD,2026-08-30T18:40:11.359948Z,79148.17,79148.18,0.01,79148.175,0.5710530980845638994191896611
BTC-USD,2026-08-30T18:40:11.385968Z,79148.17,79148.18,0.01,79148.175,0.5710530697218866058650168815
BTC-USD,2026-08-30T18:40:11.461667Z,79148.17,79148.18,0.01,79148.175,0.5710530697218866058650168815
BTC-USD,2026-08-30T18:40:11.513354Z,79148.17,79148.18,0.01,79148.175,0.5710530697218866058650168815
BTC-USD,2026-08-30T18:40:11.585446Z,79148.17,79148.18,0.01,79148.175,0.5710530697218866058650168815
BTC-USD,2026-08-30T18:40:11.682491Z,79148.17,79148.18,0.01,79148.175,0.5710530697218866058650168815
BTC-USD,2026-08-30T18:40:11.694624Z,79148.17,79148.18,0.01,79148.175,0.5710530224507494482202727549
BTC-USD,2026-08-30T18:40:11.765973Z,79148.17,79148.18,0.01,79148.175,0.5710530224507494482202727549
BTC-USD,2026-08-30T18:40:11.816199Z,79148.17,79148.18,0.01,79148.175,0.5710530224507494482202727549
BTC-USD,2026-08-30T18:40:11.95878Z,79148.17,79148.18,0.01,79148.175,0.5710530224507494482202727549
BTC-USD,2026-08-30T18:40:11.995269Z,79148.17,79148.18,0.01,79148.175,0.5710530224507494482202727549
BTC-USD,2026-08-30T18:40:12.077232Z,79148.17,79148.18,0.01,79148.175,0.5710530224507494482202727549
BTC-USD,2026-08-30T18:40:12.129016Z,79148.17,79148.18,0.01,79148.175,0.5416533052879406946962329014
BTC-USD,2026-08-30T18:40:12.146363Z,79148.17,79148.18,0.01,79148.175,0.5417277544336991511596632782
BTC-USD,2026-08-30T18:40:12.226677Z,79148.17,79148.18,0.01,79148.175,0.5417277544336991511596632782
BTC-USD,2026-08-30T18:40:12.271205Z,79148.17,79148.18,0.01,79148.175,0.5417277544336991511596632782
BTC-USD,2026-08-30T18:40:12.319277Z,79148.17,79148.18,0.01,79148.175,0.5417277544336991511596632782
BTC-USD,2026-08-30T18:40:12.36488Z,79148.17,79148.18,0.01,79148.175,0.5417277544336991511596632782
BTC-USD,2026-08-30T18:40:12.461884Z,79148.17,79148.18,0.01,79148.175,0.5417277328514850291459952137
BTC-USD,2026-08-30T18:40:12.49502Z,79148.17,79148.18,0.01,79148.175,0.5417277328514850291459952137
BTC-USD,2026-08-30T18:40:12.560281Z,79148.17,79148.18,0.01,79148.175,0.5417277328514850291459952137
BTC-USD,2026-08-30T18:40:12.625559Z,79148.17,79148.18,0.01,79148.175,0.5417277328514850291459952137
BTC-USD,2026-08-30T18:40:12.667743Z,79148.17,79148.18,0.01,79148.175,0.5417277328514850291459952137
BTC-USD,2026-08-30T18:40:12.721104Z,79148.17,79148.18,0.01,79148.175,0.5416860538037621855192062533
BTC-USD,2026-08-30T18:40:12.759292Z,79148.17,79148.18,0.01,79148.175,0.5416860322176201237197306312
BTC-USD,2026-08-30T18:40:12.827176Z,79148.17,79148.18,0.01,79148.175,0.5416860322176201237197306312
BTC-USD,2026-08-30T18:40:12.868548Z,79148.17,79148.18,0.01,79148.175,0.5439990645306405601910523526
BTC-USD,2026-08-30T18:40:12.878045Z,79148.17,79148.18,0.01,79148.175,0.5439990645306405601910523526
BTC-USD,2026-08-30T18:40:12.969003Z,79148.17,79148.18,0.01,79148.175,0.5439990645306405601910523526
BTC-USD,2026-08-30T18:40:13.020835Z,79148.17,79148.18,0.01,79148.175,0.5439990645306405601910523526
BTC-USD,2026-08-30T18:40:13.078243Z,79148.17,79148.18,0.01,79148.175,0.5439990645306405601910523526
BTC-USD,2026-08-30T18:40:13.154725Z,79148.17,79148.18,0.01,79148.175,0.5440361545158183081583607789
BTC-USD,2026-08-30T18:40:13.196991Z,79148.17,79148.18,0.01,79148.175,0.5440361545158183081583607789
BTC-USD,2026-08-30T18:40:13.265386Z,79148.17,79148.18,0.01,79148.175,0.5440361545158183081583607789
BTC-USD,2026-08-30T18:40:13.311148Z,79148.17,79148.18,0.01,79148.175,0.3639653332104487351649971555
BTC-USD,2026-08-30T18:40:13.381434Z,79148.17,79148.18,0.01,79148.175,0.1327110321236615191717487153
BTC-USD,2026-08-30T18:40:13.463852Z,79148.17,79148.18,0.01,79148.175,0.008183213900675521272189520841
BTC-USD,2026-08-30T18:40:13.539513Z,79148.17,79148.18,0.01,79148.175,0.008183213900675521272189520841
BTC-USD,2026-08-30T18:40:13.58951Z,79148.17,79148.18,0.01,79148.175,-0.05659017373428687733637845440
BTC-USD,2026-08-30T18:40:13.636604Z,79148.17,79148.18,0.01,79148.175,-0.05659017373428687733637845440
BTC-USD,2026-08-30T18:40:13.668286Z,79148.17,79148.18,0.01,79148.175,-0.05659017373428687733637845440
BTC-USD,2026-08-30T18:40:13.71222Z,79148.17,79148.18,0.01,79148.175,-0.05659017373428687733637845440
BTC-USD,2026-08-30T18:40:13.875113Z,79148.17,79148.18,0.01,79148.175,-0.05659025696273253359579236358
BTC-USD,2026-08-30T18:40:13.925389Z,79148.17,79148.18,0.01,79148.175,-0.05659025696273253359579236358
BTC-USD,2026-08-30T18:40:13.983959Z,79148.17,79148.18,0.01,79148.175,-0.05659025696273253359579236358
BTC-USD,2026-08-30T18:40:14.028348Z,79148.17,79148.18,0.01,79148.175,-0.05659025696273253359579236358
BTC-USD,2026-08-30T18:40:14.078254Z,79148.17,79148.18,0.01,79148.175,-0.05659025696273253359579236358
BTC-USD,2026-08-30T18:40:14.136042Z,79148.17,79148.18,0.01,79148.175,-0.05659025696273253359579236358
BTC-USD,2026-08-30T18:40:14.171814Z,79148.17,79148.18,0.01,79148.175,-0.09866858647655754409747635685
BTC-USD,2026-08-30T18:40:14.224149Z,79148.17,79148.18,0.01,79148.175,-0.1014065008366883786394168387
BTC-USD,2026-08-30T18:40:14.252774Z,79148.17,79148.18,0.01,79148.175,-0.1014065008366883786394168387
BTC-USD,2026-08-30T18:40:14.306342Z,79148.17,79148.18,0.01,79148.175,-0.7218167534766759040423457826
BTC-USD,2026-08-30T18:40:14.370867Z,79148.17,79148.18,0.01,79148.175,-0.7423624388898631280962514280
BTC-USD,2026-08-30T18:40:14.393365Z,79148.17,79148.18,0.01,79148.175,-0.7707817787707238948162200435
BTC-USD,2026-08-30T18:40:14.462346Z,79148.17,79148.18,0.01,79148.175,-0.7707817787707238948162200435
BTC-USD,2026-08-30T18:40:14.520277Z,79148.17,79148.18,0.01,79148.175,-0.7707817787707238948162200435
BTC-USD,2026-08-30T18:40:14.560247Z,79148.17,79148.18,0.01,79148.175,-0.7912497388726945982462284722
BTC-USD,2026-08-30T18:40:14.622353Z,79148.17,79148.18,0.01,79148.175,-0.7912497388726945982462284722
BTC-USD,2026-08-30T18:40:14.673439Z,79148.17,79148.18,0.01,79148.175,-0.7912497388726945982462284722
BTC-USD,2026-08-30T18:40:14.705099Z,79148.17,79148.18,0.01,79148.175,-0.7482535774753131078560401527
BTC-USD,2026-08-30T18:40:14.767347Z,79148.17,79148.18,0.01,79148.175,-0.7482535774753131078560401527
BTC-USD,2026-08-30T18:40:14.827743Z,79148.17,79148.18,0.01,79148.175,-0.7480164906492963052301357318
BTC-USD,2026-08-30T18:40:14.879326Z,79148.17,79148.18,0.01,79148.175,-0.7480164906492963052301357318
BTC-USD,2026-08-30T18:40:14.889098Z,79148.17,79148.18,0.01,79148.175,-0.7480164906492963052301357318
BTC-USD,2026-08-30T18:40:14.966722Z,79148.17,79148.18,0.01,79148.175,-0.7480164906492963052301357318
BTC-USD,2026-08-30T18:40:15.002157Z,79148.17,79148.18,0.01,79148.175,-0.7480164906492963052301357318
BTC-USD,2026-08-30T18:40:15.071401Z,79148.17,79148.18,0.01,79148.175,-0.8130140642888360175447317568
BTC-USD,2026-08-30T18:40:15.106202Z,79148.17,79148.18,0.01,79148.175,-0.8130140642888360175447317568
BTC-USD,2026-08-30T18:40:15.112942Z,79148.17,79148.18,0.01,79148.175,-0.8130140642888360175447317568
BTC-USD,2026-08-30T18:40:15.147791Z,79148.17,79148.18,0.01,79148.175,-0.8125982243373286294417830485
BTC-USD,2026-08-30T18:40:15.321885Z,79148.17,79148.18,0.01,79148.175,-0.8246037831380461933921918838
BTC-USD,2026-08-30T18:40:15.421972Z,79148.17,79148.18,0.01,79148.175,-0.8182037931957589472118205747
BTC-USD,2026-08-30T18:40:15.438021Z,79148.17,79148.18,0.01,79148.175,-0.8245239743467328686463604825
BTC-USD,2026-08-30T18:40:15.502267Z,79148.17,79148.18,0.01,79148.175,-0.8245239743467328686463604825
BTC-USD,2026-08-30T18:40:15.551452Z,79148.17,79148.18,0.01,79148.175,-0.8245239743467328686463604825
BTC-USD,2026-08-30T18:40:15.560943Z,79148.17,79148.18,0.01,79148.175,-0.8245239743467328686463604825
BTC-USD,2026-08-30T18:40:15.76359Z,79148.17,79148.18,0.01,79148.175,-0.8245239743467328686463604825
BTC-USD,2026-08-30T18:40:15.825137Z,79148.17,79148.18,0.01,79148.175,-0.8245239743467328686463604825
BTC-USD,2026-08-30T18:40:15.870016Z,79148.17,79148.18,0.01,79148.175,-0.8245239743467328686463604825
BTC-USD,2026-08-30T18:40:15.9224Z,79148.17,79148.18,0.01,79148.175,-0.8245239743467328686463604825
BTC-USD,2026-08-30T18:40:15.970209Z,79148.17,79148.18,0.01,79148.175,-0.8245239743467328686463604825
BTC-USD,2026-08-30T18:40:15.980444Z,79148.17,79148.18,0.01,79148.175,-0.8245239743467328686463604825
BTC-USD,2026-08-30T18:40:16.072783Z,79148.17,79148.18,0.01,79148.175,-0.8245239743467328686463604825
BTC-USD,2026-08-30T18:40:16.121064Z,79148.17,79148.18,0.01,79148.175,-0.8232374817916210007664635195
BTC-USD,2026-08-30T18:40:16.17882Z,79148.17,79148.18,0.01,79148.175,-0.8230269252528355736027500452
BTC-USD,2026-08-30T18:40:16.253296Z,79148.17,79148.18,0.01,79148.175,-0.8230269252528355736027500452
BTC-USD,2026-08-30T18:40:16.329309Z,79148.17,79148.18,0.01,79148.175,-0.8278183455930230637753851927
BTC-USD,2026-08-30T18:40:16.366146Z,79148.17,79148.18,0.01,79148.175,-0.8278183950799082798839455115
BTC-USD,2026-08-30T18:40:16.461002Z,79148.17,79148.18,0.01,79148.175,-0.8278183950799082798839455115
BTC-USD,2026-08-30T18:40:16.488384Z,79148.17,79148.18,0.01,79148.175,-0.8278183950799082798839455115
BTC-USD,2026-08-30T18:40:16.565174Z,79148.17,79148.18,0.01,79148.175,-0.8278183950799082798839455115
BTC-USD,2026-08-30T18:40:16.621122Z,79148.17,79148.18,0.01,79148.175,-0.8278183950799082798839455115
BTC-USD,2026-08-30T18:40:16.646148Z,79148.17,79148.18,0.01,79148.175,-0.8278183950799082798839455115
BTC-USD,2026-08-30T18:40:16.731422Z,79148.17,79148.18,0.01,79148.175,-0.8278183950799082798839455115
BTC-USD,2026-08-30T18:40:16.764683Z,79148.17,79148.18,0.01,79148.175,-0.8230269759834930499886616012
BTC-USD,2026-08-30T18:40:16.871288Z,79148.17,79148.18,0.01,79148.175,-0.8230269759834930499886616012
BTC-USD,2026-08-30T18:40:16.970121Z,79148.17,79148.18,0.01,79148.175,-0.8243148529882327434994665713
BTC-USD,2026-08-30T18:40:17.014293Z,79148.17,79148.18,0.01,79148.175,-0.8243148529882327434994665713
BTC-USD,2026-08-30T18:40:17.062786Z,79148.17,79148.18,0.01,79148.175,-0.8243148529882327434994665713
BTC-USD,2026-08-30T18:40:17.113211Z,79148.17,79148.18,0.01,79148.175,-0.8243148529882327434994665713
BTC-USD,2026-08-30T18:40:17.152333Z,79148.17,79148.18,0.01,79148.175,-0.7849548652606998613524835415
BTC-USD,2026-08-30T18:40:17.223503Z,79148.17,79148.18,0.01,79148.175,-0.7849811025591318811841799906
BTC-USD,2026-08-30T18:40:17.266552Z,79148.17,79148.18,0.01,79148.175,-0.7689456296977714857348403801
BTC-USD,2026-08-30T18:40:17.306937Z,79148.17,79148.18,0.01,79148.175,-0.7689456296977714857348403801
BTC-USD,2026-08-30T18:40:17.369538Z,79148.17,79148.18,0.01,79148.175,-0.7689456296977714857348403801
BTC-USD,2026-08-30T18:40:17.429018Z,79148.17,79148.18,0.01,79148.175,-0.8108135502749203288088901448
BTC-USD,2026-08-30T18:40:17.462982Z,79148.17,79148.18,0.01,79148.175,-0.8108135502749203288088901448
BTC-USD,2026-08-30T18:40:17.491592Z,79148.17,79148.18,0.01,79148.175,-0.8108140078574294423622422903
BTC-USD,2026-08-30T18:40:17.615397Z,79148.17,79148.18,0.01,79148.175,-0.8108140078574294423622422903
BTC-USD,2026-08-30T18:40:17.669126Z,79148.17,79148.18,0.01,79148.175,-0.8108140078574294423622422903
BTC-USD,2026-08-30T18:40:17.731984Z,79148.17,79148.18,0.01,79148.175,-0.8083656286780342204653941496
BTC-USD,2026-08-30T18:40:17.756176Z,79148.17,79148.18,0.01,79148.175,-0.8083656286780342204653941496
BTC-USD,2026-08-30T18:40:17.822938Z,79148.17,79148.18,0.01,79148.175,-0.8083656286780342204653941496
BTC-USD,2026-08-30T18:40:17.875979Z,79148.17,79148.18,0.01,79148.175,-0.8156092229390969094275143996
BTC-USD,2026-08-30T18:40:17.917888Z,79148.17,79148.18,0.01,79148.175,-0.8156092229390969094275143996
BTC-USD,2026-08-30T18:40:17.971577Z,79148.17,79148.18,0.01,79148.175,-0.8155664801854765457800982660
BTC-USD,2026-08-30T18:40:17.98729Z,79148.17,79148.18,0.01,79148.175,-0.8155664801854765457800982660
BTC-USD,2026-08-30T18:40:18.061837Z,79148.17,79148.18,0.01,79148.175,-0.8155664801854765457800982660
BTC-USD,2026-08-30T18:40:18.152486Z,79148.17,79148.18,0.01,79148.175,-0.8155119828056254956129642051
BTC-USD,2026-08-30T18:40:18.236851Z,79148.17,79148.18,0.01,79148.175,-0.8155119828056254956129642051
BTC-USD,2026-08-30T18:40:18.273254Z,79148.17,79148.18,0.01,79148.175,-0.8155119828056254956129642051
BTC-USD,2026-08-30T18:40:18.302496Z,79148.17,79148.18,0.01,79148.175,-0.8155119828056254956129642051
BTC-USD,2026-08-30T18:40:18.360401Z,79148.17,79148.18,0.01,79148.175,-0.8155119828056254956129642051
BTC-USD,2026-08-30T18:40:18.476026Z,79148.17,79148.18,0.01,79148.175,-0.8155119828056254956129642051
BTC-USD,2026-08-30T18:40:18.543Z,79148.17,79148.18,0.01,79148.175,-0.8155126929338417115769801155
BTC-USD,2026-08-30T18:40:18.590962Z,79148.17,79148.18,0.01,79148.175,-0.8155126929338417115769801155
BTC-USD,2026-08-30T18:40:18.627889Z,79148.17,79148.18,0.01,79148.175,-0.8155126929338417115769801155
BTC-USD,2026-08-30T18:40:18.65303Z,79148.17,79148.18,0.01,79148.175,-0.8155126929338417115769801155
BTC-USD,2026-08-30T18:40:18.712067Z,79148.17,79148.18,0.01,79148.175,-0.8158477214976479788200529620
BTC-USD,2026-08-30T18:40:18.774288Z,79148.17,79148.18,0.01,79148.175,-0.8158477214976479788200529620
BTC-USD,2026-08-30T18:40:18.880468Z,79148.17,79148.18,0.01,79148.175,-0.8158477214976479788200529620
BTC-USD,2026-08-30T18:40:18.93358Z,79148.17,79148.18,0.01,79148.175,-0.8124555099976884638322347842
BTC-USD,2026-08-30T18:40:18.978091Z,79148.17,79148.18,0.01,79148.175,-0.8124555099976884638322347842
BTC-USD,2026-08-30T18:40:19.026269Z,79148.17,79148.18,0.01,79148.175,-0.8124555099976884638322347842
BTC-USD,2026-08-30T18:40:19.046547Z,79148.17,79148.18,0.01,79148.175,-0.8124555099976884638322347842
BTC-USD,2026-08-30T18:40:19.082953Z,79148.17,79148.18,0.01,79148.175,-0.8124555099976884638322347842
BTC-USD,2026-08-30T18:40:19.154487Z,79148.17,79148.18,0.01,79148.175,-0.8124555099976884638322347842
BTC-USD,2026-08-30T18:40:19.179679Z,79148.17,79148.18,0.01,79148.175,-0.8111402355019869258700173510
BTC-USD,2026-08-30T18:40:19.263501Z,79148.17,79148.18,0.01,79148.175,-0.8111402355019869258700173510
BTC-USD,2026-08-30T18:40:19.280169Z,79148.17,79148.18,0.01,79148.175,-0.8111402355019869258700173510
BTC-USD,2026-08-30T18:40:19.383196Z,79148.17,79148.18,0.01,79148.175,-0.8111403954208871700728697504
BTC-USD,2026-08-30T18:40:19.423191Z,79148.17,79148.18,0.01,79148.175,-0.8111403954208871700728697504
BTC-USD,2026-08-30T18:40:19.483595Z,79148.17,79148.18,0.01,79148.175,-0.8111403954208871700728697504
BTC-USD,2026-08-30T18:40:19.521724Z,79148.17,79148.18,0.01,79148.175,-0.8111403954208871700728697504
BTC-USD,2026-08-30T18:40:19.571993Z,79148.17,79148.18,0.01,79148.175,-0.8111403954208871700728697504
BTC-USD,2026-08-30T18:40:19.594552Z,79148.17,79148.18,0.01,79148.175,-0.8111406886056109655095595078
BTC-USD,2026-08-30T18:40:19.676285Z,79148.17,79148.18,0.01,79148.175,-0.8111406886056109655095595078
BTC-USD,2026-08-30T18:40:19.723726Z,79148.17,79148.18,0.01,79148.175,-0.8111406886056109655095595078
BTC-USD,2026-08-30T18:40:19.770172Z,79148.17,79148.18,0.01,79148.175,-0.8111690665204995768027802078
BTC-USD,2026-08-30T18:40:19.811287Z,79148.17,79148.18,0.01,79148.175,-0.8179117830580200665880172869
BTC-USD,2026-08-30T18:40:19.863223Z,79148.17,79148.18,0.01,79148.175,-0.8179117830580200665880172869
BTC-USD,2026-08-30T18:40:19.905796Z,79148.17,79148.18,0.01,79148.175,-0.8179117830580200665880172869
BTC-USD,2026-08-30T18:40:19.967356Z,79148.17,79148.18,0.01,79148.175,-0.8179117830580200665880172869
BTC-USD,2026-08-30T18:40:20.015619Z,79148.17,79148.18,0.01,79148.175,-0.8179117830580200665880172869
BTC-USD,2026-08-30T18:40:20.058429Z,79148.17,79148.18,0.01,79148.175,-0.8178800434201860042842324929
BTC-USD,2026-08-30T18:40:20.128205Z,79148.17,79148.18,0.01,79148.175,-0.8178800434201860042842324929
BTC-USD,2026-08-30T18:40:20.164993Z,79148.17,79148.18,0.01,79148.175,-0.8174561056045113501584583254
BTC-USD,2026-08-30T18:40:20.271452Z,79148.17,79148.18,0.01,79148.175,-0.8211932804535861292009759529
BTC-USD,2026-08-30T18:40:20.327746Z,79148.17,79148.18,0.01,79148.175,-0.8211933816923792720366367712
BTC-USD,2026-08-30T18:40:20.375824Z,79148.17,79148.18,0.01,79148.175,-0.8211933816923792720366367712
BTC-USD,2026-08-30T18:40:20.431068Z,79148.17,79148.18,0.01,79148.175,-0.8174562087471713293595351528
BTC-USD,2026-08-30T18:40:20.465849Z,79148.17,79148.18,0.01,79148.175,-0.8174562087471713293595351528
BTC-USD,2026-08-30T18:40:20.507868Z,79148.17,79148.18,0.01,79148.175,-0.8174562087471713293595351528
BTC-USD,2026-08-30T18:40:20.581118Z,79148.17,79148.18,0.01,79148.175,-0.8174562087471713293595351528
BTC-USD,2026-08-30T18:40:20.608678Z,79148.17,79148.18,0.01,79148.175,-0.8174561621291230351570833659
BTC-USD,2026-08-30T18:40:20.684166Z,79148.17,79148.18,0.01,79148.175,-0.8174561621291230351570833659
BTC-USD,2026-08-30T18:40:20.760794Z,79148.17,79148.18,0.01,79148.175,-0.8174561621291230351570833659
BTC-USD,2026-08-30T18:40:20.839122Z,79148.17,79148.18,0.01,79148.175,-0.8174561621291230351570833659
BTC-USD,2026-08-30T18:40:20.929893Z,79148.17,79148.18,0.01,79148.175,-0.8174562910574940907173107726
BTC-USD,2026-08-30T18:40:20.964363Z,79148.17,79148.18,0.01,79148.175,-0.8174562910574940907173107726
BTC-USD,2026-08-30T18:40:21.019767Z,79148.17,79148.18,0.01,79148.175,-0.8174562910574940907173107726
BTC-USD,2026-08-30T18:40:21.045727Z,79148.17,79148.18,0.01,79148.175,-0.8174562910574940907173107726
BTC-USD,2026-08-30T18:40:21.085213Z,79148.17,79148.18,0.01,79148.175,-0.8174562910574940907173107726
BTC-USD,2026-08-30T18:40:21.233196Z,79148.17,79148.18,0.01,79148.175,-0.8172442286185865030143606598
BTC-USD,2026-08-30T18:40:21.277985Z,79148.17,79148.18,0.01,79148.175,-0.8172442286185865030143606598
BTC-USD,2026-08-30T18:40:21.325089Z,79148.17,79148.18,0.01,79148.175,-0.8172442286185865030143606598
BTC-USD,2026-08-30T18:40:21.353231Z,79148.17,79148.18,0.01,79148.175,-0.8172442286185865030143606598
BTC-USD,2026-08-30T18:40:21.433399Z,79148.17,79148.18,0.01,79148.175,-0.8172442286185865030143606598
BTC-USD,2026-08-30T18:40:21.453389Z,79148.17,79148.18,0.01,79148.175,-0.8172442286185865030143606598
BTC-USD,2026-08-30T18:40:21.532305Z,79148.17,79148.18,0.01,79148.175,-0.8172442286185865030143606598
BTC-USD,2026-08-30T18:40:21.555098Z,79148.17,79148.18,0.01,79148.175,-0.8172442286185865030143606598
BTC-USD,2026-08-30T18:40:21.660682Z,79148.17,79148.18,0.01,79148.175,-0.8172442286185865030143606598
BTC-USD,2026-08-30T18:40:21.706813Z,79148.17,79148.18,0.01,79148.175,-0.8172442286185865030143606598
BTC-USD,2026-08-30T18:40:21.780212Z,79148.17,79148.18,0.01,79148.175,-0.8172280130799191801336295754
BTC-USD,2026-08-30T18:40:21.817949Z,79148.17,79148.18,0.01,79148.175,-0.8172280130799191801336295754
BTC-USD,2026-08-30T18:40:21.86208Z,79148.17,79148.18,0.01,79148.175,-0.8172280130799191801336295754
BTC-USD,2026-08-30T18:40:21.965394Z,79148.17,79148.18,0.01,79148.175,-0.8172280130799191801336295754
BTC-USD,2026-08-30T18:40:22.053792Z,79148.17,79148.18,0.01,79148.175,-0.8172280130799191801336295754
BTC-USD,2026-08-30T18:40:22.125452Z,79148.17,79148.18,0.01,79148.175,-0.8172280130799191801336295754
BTC-USD,2026-08-30T18:40:22.169093Z,79148.17,79148.18,0.01,79148.175,-0.8171221595190449675795249974
BTC-USD,2026-08-30T18:40:22.234433Z,79148.17,79148.18,0.01,79148.175,-0.8171221595190449675795249974
BTC-USD,2026-08-30T18:40:22.277036Z,79148.17,79148.18,0.01,79148.175,-0.8171221595190449675795249974
BTC-USD,2026-08-30T18:40:22.325507Z,79148.17,79148.18,0.01,79148.175,-0.8170112072690157785103083388
BTC-USD,2026-08-30T18:40:22.425433Z,79148.17,79148.18,0.01,79148.175,-0.8168486091364269449421508903
BTC-USD,2026-08-30T18:40:22.48076Z,79148.17,79148.18,0.01,79148.175,-0.8168486091364269449421508903
BTC-USD,2026-08-30T18:40:22.504391Z,79148.17,79148.18,0.01,79148.175,-0.8168486091364269449421508903
BTC-USD,2026-08-30T18:40:22.577216Z,79148.17,79148.18,0.01,79148.175,-0.8168486091364269449421508903
BTC-USD,2026-08-30T18:40:22.618682Z,79148.17,79148.18,0.01,79148.175,-0.8168486091364269449421508903
BTC-USD,2026-08-30T18:40:22.675423Z,79148.17,79148.18,0.01,79148.175,-0.8184564235534618960432704885
BTC-USD,2026-08-30T18:40:22.773787Z,79148.17,79148.18,0.01,79148.175,-0.8184565011307456914886174027
BTC-USD,2026-08-30T18:40:22.8788Z,79148.17,79148.18,0.01,79148.175,-0.8184565011307456914886174027
BTC-USD,2026-08-30T18:40:22.921859Z,79148.17,79148.18,0.01,79148.175,-0.8181395979072730052360340753
BTC-USD,2026-08-30T18:40:22.946366Z,79148.17,79148.18,0.01,79148.175,-0.8181395979072730052360340753
BTC-USD,2026-08-30T18:40:23.024042Z,79148.17,79148.18,0.01,79148.175,-0.8181395979072730052360340753
BTC-USD,2026-08-30T18:40:23.078767Z,79148.17,79148.18,0.01,79148.175,-0.8180759649910968929428914924
BTC-USD,2026-08-30T18:40:23.12419Z,79148.17,79148.18,0.01,79148.175,-0.8180759649910968929428914924
BTC-USD,2026-08-30T18:40:23.174782Z,79148.17,79148.18,0.01,79148.175,-0.8180226220376506148352900846
BTC-USD,2026-08-30T18:40:23.228644Z,79148.17,79148.18,0.01,79148.175,-0.8180226220376506148352900846
BTC-USD,2026-08-30T18:40:23.283819Z,79148.17,79148.18,0.01,79148.175,-0.8179111057391308761770897397
BTC-USD,2026-08-30T18:40:23.384681Z,79148.17,79148.18,0.01,79148.175,-0.8179111057391308761770897397
BTC-USD,2026-08-30T18:40:23.416254Z,79148.17,79148.18,0.01,79148.175,-0.8179111057391308761770897397
BTC-USD,2026-08-30T18:40:23.463156Z,79148.17,79148.18,0.01,79148.175,-0.8179111057391308761770897397
BTC-USD,2026-08-30T18:40:23.534452Z,79148.17,79148.18,0.01,79148.175,-0.8176997721526229685207690110
BTC-USD,2026-08-30T18:40:23.570053Z,79148.17,79148.18,0.01,79148.175,-0.8176997721526229685207690110
BTC-USD,2026-08-30T18:40:23.586395Z,79148.17,79148.18,0.01,79148.175,-0.8176997721526229685207690110
BTC-USD,2026-08-30T18:40:23.672821Z,79148.17,79148.18,0.01,79148.175,-0.8171383831657019646630256861
BTC-USD,2026-08-30T18:40:23.707956Z,79148.17,79148.18,0.01,79148.175,-0.8171383831657019646630256861
BTC-USD,2026-08-30T18:40:23.754692Z,79148.17,79148.18,0.01,79148.175,-0.8171383831657019646630256861
BTC-USD,2026-08-30T18:40:23.799139Z,79148.17,79148.18,0.01,79148.175,-0.8171383831657019646630256861
BTC-USD,2026-08-30T18:40:23.879132Z,79148.17,79148.18,0.01,79148.175,-0.8171149750468954973114970423
BTC-USD,2026-08-30T18:40:23.928999Z,79148.17,79148.18,0.01,79148.175,-0.8171150528511981175832792334
BTC-USD,2026-08-30T18:40:23.966108Z,79148.17,79148.18,0.01,79148.175,-0.8171150528511981175832792334
BTC-USD,2026-08-30T18:40:24.014698Z,79148.17,79148.18,0.01,79148.175,-0.8171150528511981175832792334
BTC-USD,2026-08-30T18:40:24.064356Z,79148.17,79148.18,0.01,79148.175,-0.8171150528511981175832792334
BTC-USD,2026-08-30T18:40:24.10439Z,79148.17,79148.18,0.01,79148.175,-0.8171150528511981175832792334
BTC-USD,2026-08-30T18:40:24.204885Z,79148.17,79148.18,0.01,79148.175,-0.8157892769613857302344648946
BTC-USD,2026-08-30T18:40:24.257105Z,79148.17,79148.18,0.01,79148.175,-0.8157892769613857302344648946
BTC-USD,2026-08-30T18:40:24.30841Z,79148.17,79148.18,0.01,79148.175,-0.8157499002688876643048404360
BTC-USD,2026-08-30T18:40:24.383928Z,79148.17,79148.18,0.01,79148.175,-0.6413543731553591932157964595
BTC-USD,2026-08-30T18:40:24.405251Z,79148.17,79148.18,0.01,79148.175,-0.6826155209235155322842911444
BTC-USD,2026-08-30T18:40:24.457414Z,79148.17,79148.18,0.01,79148.175,-0.6367602634955263777961967291
BTC-USD,2026-08-30T18:40:24.521271Z,79148.17,79148.18,0.01,79148.175,-0.6155651792645942004767358936
BTC-USD,2026-08-30T18:40:24.556589Z,79148.17,79148.18,0.01,79148.175,-0.6794297888918189677349328088
BTC-USD,2026-08-30T18:40:24.57353Z,79148.17,79148.18,0.01,79148.175,-0.6794297888918189677349328088
BTC-USD,2026-08-30T18:40:24.696738Z,79148.17,79148.18,0.01,79148.175,-0.6774633255731715167115997696
BTC-USD,2026-08-30T18:40:24.758398Z,79148.17,79148.18,0.01,79148.175,-0.6774633255731715167115997696
BTC-USD,2026-08-30T18:40:24.820255Z,79148.17,79148.18,0.01,79148.175,-0.6774633255731715167115997696
BTC-USD,2026-08-30T18:40:24.872492Z,79148.17,79148.18,0.01,79148.175,-0.7291015243145187607981116104
BTC-USD,2026-08-30T18:40:24.918295Z,79148.17,79148.18,0.01,79148.175,-0.7291015243145187607981116104
BTC-USD,2026-08-30T18:40:24.979332Z,79148.17,79148.18,0.01,79148.175,-0.7290659758913071216128761991
BTC-USD,2026-08-30T18:40:25.028226Z,79148.17,79148.18,0.01,79148.175,-0.7290659758913071216128761991
BTC-USD,2026-08-30T18:40:25.073006Z,79148.17,79148.18,0.01,79148.175,-0.7290659758913071216128761991
BTC-USD,2026-08-30T18:40:25.127861Z,79148.17,79148.18,0.01,79148.175,-0.7290659758913071216128761991
BTC-USD,2026-08-30T18:40:25.184552Z,79148.17,79148.18,0.01,79148.175,-0.7284698468680227302388114813
BTC-USD,2026-08-30T18:40:25.198584Z,79148.17,79148.18,0.01,79148.175,-0.7284699556330407523234809239
BTC-USD,2026-08-30T18:40:25.269949Z,79148.17,79148.18,0.01,79148.175,-0.7127500525059920071068649213
BTC-USD,2026-08-30T18:40:25.33208Z,79148.17,79148.18,0.01,79148.175,-0.7127181601269133887491261345
BTC-USD,2026-08-30T18:40:25.364539Z,79148.17,79148.18,0.01,79148.175,-0.7127187682654100308677523619
BTC-USD,2026-08-30T18:40:25.425567Z,79148.17,79148.18,0.01,79148.175,-0.7123194934967601859830472975
BTC-USD,2026-08-30T18:40:25.480875Z,79148.17,79148.18,0.01,79148.175,-0.7123194934967601859830472975
BTC-USD,2026-08-30T18:40:25.531661Z,79148.17,79148.18,0.01,79148.175,-0.7097418572037103696723661371
BTC-USD,2026-08-30T18:40:25.572891Z,79148.17,79148.18,0.01,79148.175,-0.7097418572037103696723661371
BTC-USD,2026-08-30T18:40:25.670355Z,79148.17,79148.18,0.01,79148.175,-0.7097418572037103696723661371
BTC-USD,2026-08-30T18:40:25.720908Z,79148.17,79148.18,0.01,79148.175,-0.7097418572037103696723661371
BTC-USD,2026-08-30T18:40:25.758456Z,79148.17,79148.18,0.01,79148.175,-0.7097418572037103696723661371
BTC-USD,2026-08-30T18:40:25.824393Z,79148.17,79148.18,0.01,79148.175,-0.7097418572037103696723661371
BTC-USD,2026-08-30T18:40:25.858891Z,79148.17,79148.18,0.01,79148.175,-0.7077303269203628641933788603
BTC-USD,2026-08-30T18:40:25.893114Z,79148.17,79148.18,0.01,79148.175,-0.7077303269203628641933788603
BTC-USD,2026-08-30T18:40:25.978981Z,79148.17,79148.18,0.01,79148.175,-0.7077303269203628641933788603
BTC-USD,2026-08-30T18:40:26.023401Z,79148.17,79148.18,0.01,79148.175,-0.7077303269203628641933788603
BTC-USD,2026-08-30T18:40:26.080391Z,79148.17,79148.18,0.01,79148.175,-0.7077303269203628641933788603
BTC-USD,2026-08-30T18:40:26.114664Z,79148.17,79148.18,0.01,79148.175,-0.7077303269203628641933788603
BTC-USD,2026-08-30T18:40:26.199701Z,79148.17,79148.18,0.01,79148.175,-0.7074137634275104894710259225
BTC-USD,2026-08-30T18:40:26.27592Z,79148.17,79148.18,0.01,79148.175,-0.7236871313281488608058852470
BTC-USD,2026-08-30T18:40:26.317106Z,79148.17,79148.18,0.01,79148.175,-0.7236871313281488608058852470
BTC-USD,2026-08-30T18:40:26.386119Z,79148.17,79148.18,0.01,79148.175,-0.7236871313281488608058852470
BTC-USD,2026-08-30T18:40:26.4258Z,79148.17,79148.18,0.01,79148.175,-0.7236873517981790738991546411
BTC-USD,2026-08-30T18:40:26.463108Z,79148.17,79148.18,0.01,79148.175,-0.7236873517981790738991546411
BTC-USD,2026-08-30T18:40:26.491756Z,79148.17,79148.18,0.01,79148.175,-0.7236873517981790738991546411
BTC-USD,2026-08-30T18:40:26.576722Z,79148.17,79148.18,0.01,79148.175,-0.7261397199234455281174234068
BTC-USD,2026-08-30T18:40:26.631598Z,79148.17,79148.18,0.01,79148.175,-0.7261397199234455281174234068
BTC-USD,2026-08-30T18:40:26.727095Z,79148.17,79148.18,0.01,79148.175,-0.7094363729912998229780058689
BTC-USD,2026-08-30T18:40:26.756395Z,79148.17,79148.18,0.01,79148.175,-0.7094363729912998229780058689
BTC-USD,2026-08-30T18:40:26.838901Z,79148.17,79148.18,0.01,79148.175,-0.7256291095540170301789575968
BTC-USD,2026-08-30T18:40:26.876852Z,79148.17,79148.18,0.01,79148.175,-0.7256291095540170301789575968
BTC-USD,2026-08-30T18:40:26.939007Z,79148.17,79148.18,0.01,79148.175,-0.7256291095540170301789575968
BTC-USD,2026-08-30T18:40:26.963649Z,79148.17,79148.18,0.01,79148.175,-0.7256291095540170301789575968
BTC-USD,2026-08-30T18:40:27.022839Z,79148.17,79148.18,0.01,79148.175,-0.7256291095540170301789575968
BTC-USD,2026-08-30T18:40:27.041848Z,79148.17,79148.18,0.01,79148.175,-0.6922986780557084715875651283
BTC-USD,2026-08-30T18:40:27.111139Z,79148.17,79148.18,0.01,79148.175,-0.1245049825092473401712353573
BTC-USD,2026-08-30T18:40:27.120612Z,79148.17,79148.18,0.01,79148.175,-0.02428437715717815914820488523
BTC-USD,2026-08-30T18:40:27.194873Z,79148.17,79148.18,0.01,79148.175,-0.1610349100425330222314358814
BTC-USD,2026-08-30T18:40:27.269852Z,79148.17,79148.18,0.01,79148.175,-0.1610349100425330222314358814
BTC-USD,2026-08-30T18:40:27.371544Z,79148.17,79148.18,0.01,79148.175,0.1844580078451867150283131694
BTC-USD,2026-08-30T18:40:27.429011Z,79148.17,79148.18,0.01,79148.175,-0.1282780883690081025992980349
BTC-USD,2026-08-30T18:40:27.440594Z,79148.17,79148.18,0.01,79148.175,-0.1282780883690081025992980349
BTC-USD,2026-08-30T18:40:27.514442Z,79148.17,79148.18,0.01,79148.175,-0.1282781842092101343226134740
BTC-USD,2026-08-30T18:40:27.555573Z,79148.17,79148.18,0.01,79148.175,-0.03211499037447406117970630008
BTC-USD,2026-08-30T18:40:27.613512Z,79148.17,79148.18,0.01,79148.175,-0.03211499037447406117970630008
BTC-USD,2026-08-30T18:40:27.668713Z,79148.17,79148.18,0.01,79148.175,-0.03211499037447406117970630008
BTC-USD,2026-08-30T18:40:27.724727Z,79148.17,79148.18,0.01,79148.175,0.2727684709914362947452892626
BTC-USD,2026-08-30T18:40:27.746655Z,79148.17,79148.18,0.01,79148.175,0.3888632474082244019727398566
BTC-USD,2026-08-30T18:40:27.830089Z,79148.17,79148.18,0.01,79148.175,0.3888632474082244019727398566
BTC-USD,2026-08-30T18:40:27.874414Z,79148.17,79148.18,0.01,79148.175,0.3888632474082244019727398566
BTC-USD,2026-08-30T18:40:27.903591Z,79148.17,79148.18,0.01,79148.175,0.3888632474082244019727398566
BTC-USD,2026-08-30T18:40:27.974584Z,79148.17,79148.18,0.01,79148.175,0.3888632474082244019727398566
BTC-USD,2026-08-30T18:40:28.012246Z,79148.17,79148.18,0.01,79148.175,0.3888632474082244019727398566
BTC-USD,2026-08-30T18:40:28.058204Z,79148.17,79148.18,0.01,79148.175,0.3938179585455264923311108832
BTC-USD,2026-08-30T18:40:28.141171Z,79148.17,79148.18,0.01,79148.175,0.2580660991523727409683625915
BTC-USD,2026-08-30T18:40:28.179613Z,79148.17,79148.18,0.01,79148.175,0.2580949426159964074672840715
BTC-USD,2026-08-30T18:40:28.22925Z,79148.17,79148.18,0.01,79148.175,0.6851863587768988622357240585
BTC-USD,2026-08-30T18:40:28.270458Z,79148.17,79148.18,0.01,79148.175,0.5451645563179298475604166429
BTC-USD,2026-08-30T18:40:28.316546Z,79148.17,79148.18,0.01,79148.175,0.5451645563179298475604166429
BTC-USD,2026-08-30T18:40:28.353229Z,79148.17,79148.18,0.01,79148.175,0.5622242529288369179661802958
BTC-USD,2026-08-30T18:40:28.403352Z,79148.17,79148.18,0.01,79148.175,0.5622242529288369179661802958
BTC-USD,2026-08-30T18:40:28.479164Z,79148.17,79148.18,0.01,79148.175,0.5622242529288369179661802958
BTC-USD,2026-08-30T18:40:28.52958Z,79148.17,79148.18,0.01,79148.175,0.5622242529288369179661802958
BTC-USD,2026-08-30T18:40:28.579269Z,79148.17,79148.18,0.01,79148.175,0.5622242529288369179661802958
BTC-USD,2026-08-30T18:40:28.639209Z,79148.17,79148.18,0.01,79148.175,0.5622242529288369179661802958
BTC-USD,2026-08-30T18:40:28.721689Z,79148.17,79148.18,0.01,79148.175,0.5622242529288369179661802958
BTC-USD,2026-08-30T18:40:28.773473Z,79148.17,79148.18,0.01,79148.175,0.5622242206630485658341280766
BTC-USD,2026-08-30T18:40:28.836584Z,79148.17,79148.18,0.01,79148.175,0.5622242206630485658341280766
BTC-USD,2026-08-30T18:40:28.872115Z,79148.17,79148.18,0.01,79148.175,0.4837673844877863632631234757
BTC-USD,2026-08-30T18:40:28.901982Z,79148.17,79148.18,0.01,79148.175,0.4837673844877863632631234757
BTC-USD,2026-08-30T18:40:28.951359Z,79148.17,79148.18,0.01,79148.175,0.4837673844877863632631234757
BTC-USD,2026-08-30T18:40:29.013903Z,79148.17,79148.18,0.01,79148.175,0.4837673844877863632631234757
BTC-USD,2026-08-30T18:40:29.055573Z,79148.17,79148.18,0.01,79148.175,0.4837673844877863632631234757
BTC-USD,2026-08-30T18:40:29.125845Z,79148.17,79148.18,0.01,79148.175,0.4837673844877863632631234757
BTC-USD,2026-08-30T18:40:29.183376Z,79148.17,79148.18,0.01,79148.175,0.4846568562399243543463022079
BTC-USD,2026-08-30T18:40:29.239519Z,79148.17,79148.18,0.01,79148.175,0.4846568562399243543463022079
BTC-USD,2026-08-30T18:40:29.282286Z,79148.17,79148.18,0.01,79148.175,0.4846568562399243543463022079
BTC-USD,2026-08-30T18:40:29.319775Z,79148.17,79148.18,0.01,79148.175,0.4846568562399243543463022079
BTC-USD,2026-08-30T18:40:29.37117Z,79148.17,79148.18,0.01,79148.175,0.4846568562399243543463022079
BTC-USD,2026-08-30T18:40:29.43634Z,79148.17,79148.18,0.01,79148.175,0.4879641996432290918870687705
BTC-USD,2026-08-30T18:40:29.479617Z,79148.17,79148.18,0.01,79148.175,0.4879641996432290918870687705
BTC-USD,2026-08-30T18:40:29.536887Z,79148.17,79148.18,0.01,79148.175,0.4879641996432290918870687705
BTC-USD,2026-08-30T18:40:29.546224Z,79148.17,79148.18,0.01,79148.175,0.4879641996432290918870687705
BTC-USD,2026-08-30T18:40:29.615017Z,79148.17,79148.18,0.01,79148.175,0.4879641996432290918870687705
BTC-USD,2026-08-30T18:40:29.654276Z,79148.17,79148.18,0.01,79148.175,0.4879641996432290918870687705
BTC-USD,2026-08-30T18:40:29.708302Z,79148.17,79148.18,0.01,79148.175,0.4879641996432290918870687705
BTC-USD,2026-08-30T18:40:29.758608Z,79148.17,79148.18,0.01,79148.175,0.4879641996432290918870687705
BTC-USD,2026-08-30T18:40:29.820491Z,79148.17,79148.18,0.01,79148.175,0.4879641996432290918870687705
BTC-USD,2026-08-30T18:40:29.884659Z,79148.17,79148.18,0.01,79148.175,0.4879641996432290918870687705
BTC-USD,2026-08-30T18:40:29.918114Z,79148.17,79148.18,0.01,79148.175,0.4879640741272636599640434508
BTC-USD,2026-08-30T18:40:29.961076Z,79148.17,79148.18,0.01,79148.175,0.4879640741272636599640434508
BTC-USD,2026-08-30T18:40:30.022512Z,79148.17,79148.18,0.01,79148.175,0.4879640741272636599640434508
BTC-USD,2026-08-30T18:40:30.055918Z,79148.17,79148.18,0.01,79148.175,0.4879640741272636599640434508
BTC-USD,2026-08-30T18:40:30.089906Z,79148.17,79148.18,0.01,79148.175,0.4879640741272636599640434508
BTC-USD,2026-08-30T18:40:30.147825Z,79148.17,79148.18,0.01,79148.175,0.4875060334319513872310691138
BTC-USD,2026-08-30T18:40:30.211117Z,79148.17,79148.18,0.01,79148.175,0.5665391287798244370017119596
BTC-USD,2026-08-30T18:40:30.263746Z,79148.17,79148.18,0.01,79148.175,0.5665391287798244370017119596
BTC-USD,2026-08-30T18:40:30.313578Z,79148.17,79148.18,0.01,79148.175,0.5665382974196110504392624223
BTC-USD,2026-08-30T18:40:30.375277Z,79148.17,79148.18,0.01,79148.175,0.3982297400448743501607762136
BTC-USD,2026-08-30T18:40:30.40246Z,79148.17,79148.18,0.01,79148.175,0.3101471790824882845513411158
BTC-USD,2026-08-30T18:40:30.464113Z,79148.17,79148.18,0.01,79148.175,0.4228810430160736237631579620
BTC-USD,2026-08-30T18:40:30.519545Z,79148.17,79148.18,0.01,79148.175,0.4228810430160736237631579620
BTC-USD,2026-08-30T18:40:30.56602Z,79148.17,79148.18,0.01,79148.175,0.3101471790824882845513411158
BTC-USD,2026-08-30T18:40:30.613514Z,79148.17,79148.18,0.01,79148.175,0.3101471790824882845513411158
BTC-USD,2026-08-30T18:40:30.66287Z,79148.17,79148.18,0.01,79148.175,0.3101471790824882845513411158
BTC-USD,2026-08-30T18:40:30.764794Z,79148.17,79148.18,0.01,79148.175,0.3101471790824882845513411158
BTC-USD,2026-08-30T18:40:30.829276Z,79148.17,79148.18,0.01,79148.175,0.3101471790824882845513411158
BTC-USD,2026-08-30T18:40:30.883705Z,79148.17,79148.18,0.01,79148.175,0.3101471790824882845513411158
BTC-USD,2026-08-30T18:40:30.937014Z,79148.17,79148.18,0.01,79148.175,0.3131229331444235182081222805
BTC-USD,2026-08-30T18:40:30.985848Z,79148.17,79148.18,0.01,79148.175,0.4091199221038396072563927482
BTC-USD,2026-08-30T18:40:31.026974Z,79148.17,79148.18,0.01,79148.175,0.4091199221038396072563927482
BTC-USD,2026-08-30T18:40:31.073142Z,79148.17,79148.18,0.01,79148.175,0.3783766417825220754491709785
BTC-USD,2026-08-30T18:40:31.120961Z,79148.17,79148.18,0.01,79148.175,0.3783766417825220754491709785
BTC-USD,2026-08-30T18:40:31.184695Z,79148.17,79148.18,0.01,79148.175,0.3790466240096039155543260983
BTC-USD,2026-08-30T18:40:31.229284Z,79148.17,79148.18,0.01,79148.175,0.3791293509815364084673879470
BTC-USD,2026-08-30T18:40:31.260642Z,79148.17,79148.18,0.01,79148.175,0.3791293509815364084673879470
BTC-USD,2026-08-30T18:40:31.295713Z,79148.17,79148.18,0.01,79148.175,0.3791293509815364084673879470
BTC-USD,2026-08-30T18:40:31.358457Z,79148.17,79148.18,0.01,79148.175,0.3791293509815364084673879470
BTC-USD,2026-08-30T18:40:31.425404Z,79148.17,79148.18,0.01,79148.175,0.3791293509815364084673879470
BTC-USD,2026-08-30T18:40:31.475967Z,79148.17,79148.18,0.01,79148.175,0.3791293509815364084673879470
BTC-USD,2026-08-30T18:40:31.502871Z,79148.17,79148.18,0.01,79148.175,0.3791292603283868917535202781
BTC-USD,2026-08-30T18:40:31.569961Z,79148.17,79148.18,0.01,79148.175,0.3791292603283868917535202781
BTC-USD,2026-08-30T18:40:31.626241Z,79148.17,79148.18,0.01,79148.175,0.3791292603283868917535202781
BTC-USD,2026-08-30T18:40:31.646412Z,79148.17,79148.18,0.01,79148.175,0.3791292603283868917535202781
BTC-USD,2026-08-30T18:40:31.778607Z,79148.17,79148.18,0.01,79148.175,0.3791292603283868917535202781
BTC-USD,2026-08-30T18:40:31.833297Z,79148.17,79148.18,0.01,79148.175,0.3789790923064173470215178048
BTC-USD,2026-08-30T18:40:31.881768Z,79148.17,79148.18,0.01,79148.175,0.3789790217642826380669347188
BTC-USD,2026-08-30T18:40:31.899699Z,79148.17,79148.18,0.01,79148.175,0.3789790217642826380669347188
BTC-USD,2026-08-30T18:40:31.943101Z,79148.17,79148.18,0.01,79148.175,0.3789790217642826380669347188
BTC-USD,2026-08-30T18:40:32.018461Z,79148.17,79148.18,0.01,79148.175,0.3789790217642826380669347188
BTC-USD,2026-08-30T18:40:32.041779Z,79148.17,79148.18,0.01,79148.175,0.3789790217642826380669347188
BTC-USD,2026-08-30T18:40:32.067197Z,79148.17,79148.18,0.01,79148.175,0.3789790217642826380669347188
BTC-USD,2026-08-30T18:40:32.190826Z,79148.17,79148.18,0.01,79148.175,0.3790205179261729286978789088
BTC-USD,2026-08-30T18:40:32.245404Z,79148.17,79148.18,0.01,79148.175,0.3790205179261729286978789088
BTC-USD,2026-08-30T18:40:32.3142Z,79148.17,79148.18,0.01,79148.175,0.3788209959801327288217163167
BTC-USD,2026-08-30T18:40:32.379921Z,79148.17,79148.18,0.01,79148.175,0.3788209959801327288217163167
BTC-USD,2026-08-30T18:40:32.41896Z,79148.17,79148.18,0.01,79148.175,0.3788209959801327288217163167
BTC-USD,2026-08-30T18:40:32.475112Z,79148.17,79148.18,0.01,79148.175,0.5127648860481140271792829834
BTC-USD,2026-08-30T18:40:32.530124Z,79148.17,79148.18,0.01,79148.175,0.8143807112687110188696366120
BTC-USD,2026-08-30T18:40:32.594562Z,79148.17,79148.18,0.01,79148.175,0.7823503602187363363743915959
BTC-USD,2026-08-30T18:40:32.60247Z,79148.17,79148.18,0.01,79148.175,0.8333796877353922589615684964
BTC-USD,2026-08-30T18:40:32.669266Z,79148.17,79148.18,0.01,79148.175,0.8333796877353922589615684964
BTC-USD,2026-08-30T18:40:32.78618Z,79148.17,79148.18,0.01,79148.175,0.3457909345692553681871039727
BTC-USD,2026-08-30T18:40:32.835949Z,79148.17,79148.18,0.01,79148.175,0.3457909345692553681871039727
BTC-USD,2026-08-30T18:40:32.87494Z,79148.17,79148.18,0.01,79148.175,0.3457909345692553681871039727
BTC-USD,2026-08-30T18:40:32.937665Z,79148.17,79148.18,0.01,79148.175,0.4324819938352767448187520662
BTC-USD,2026-08-30T18:40:32.979971Z,79148.17,79148.18,0.01,79148.175,0.4324819938352767448187520662
BTC-USD,2026-08-30T18:40:33.030103Z,79148.17,79148.18,0.01,79148.175,0.4324819938352767448187520662
BTC-USD,2026-08-30T18:40:33.080816Z,79148.17,79148.18,0.01,79148.175,0.4324819938352767448187520662
BTC-USD,2026-08-30T18:40:33.11915Z,79148.17,79148.18,0.01,79148.175,0.4324819784152352023787030089
BTC-USD,2026-08-30T18:40:33.185502Z,79148.17,79148.18,0.01,79148.175,0.4324819784152352023787030089
BTC-USD,2026-08-30T18:40:33.224869Z,79148.17,79148.18,0.01,79148.175,0.4324978529043843462203720062
BTC-USD,2026-08-30T18:40:33.266794Z,79148.17,79148.18,0.01,79148.175,0.4324978529043843462203720062
BTC-USD,2026-08-30T18:40:33.329577Z,79148.17,79148.18,0.01,79148.175,0.4322899570738856110234345466
BTC-USD,2026-08-30T18:40:33.366679Z,79148.17,79148.18,0.01,79148.175,0.4322899570738856110234345466
BTC-USD,2026-08-30T18:40:33.435035Z,79148.17,79148.18,0.01,79148.175,0.4322899570738856110234345466
BTC-USD,2026-08-30T18:40:33.479523Z,79148.17,79148.18,0.01,79148.175,0.4322899570738856110234345466
BTC-USD,2026-08-30T18:40:33.52505Z,79148.17,79148.18,0.01,79148.175,0.4322899184976865969833062668
BTC-USD,2026-08-30T18:40:33.559901Z,79148.17,79148.18,0.01,79148.175,0.4322899184976865969833062668
BTC-USD,2026-08-30T18:40:33.611013Z,79148.17,79148.18,0.01,79148.175,0.4322899184976865969833062668
BTC-USD,2026-08-30T18:40:33.661737Z,79148.17,79148.18,0.01,79148.175,0.8090656322384674027185770300
BTC-USD,2026-08-30T18:40:33.710158Z,79148.17,79148.18,0.01,79148.175,0.8090656322384674027185770300
BTC-USD,2026-08-30T18:40:33.770874Z,79148.17,79148.18,0.01,79148.175,0.8090656322384674027185770300
BTC-USD,2026-08-30T18:40:33.82655Z,79148.17,79148.18,0.01,79148.175,0.8090656322384674027185770300
BTC-USD,2026-08-30T18:40:33.877973Z,79148.17,79148.18,0.01,79148.175,0.8108163419275260799850065547
BTC-USD,2026-08-30T18:40:33.923222Z,79148.17,79148.18,0.01,79148.175,0.8108163419275260799850065547
BTC-USD,2026-08-30T18:40:33.98238Z,79148.17,79148.18,0.01,79148.175,0.8108163419275260799850065547
BTC-USD,2026-08-30T18:40:34.018977Z,79148.17,79148.18,0.01,79148.175,0.8108163419275260799850065547
BTC-USD,2026-08-30T18:40:34.057267Z,79148.17,79148.18,0.01,79148.175,0.8108163419275260799850065547
BTC-USD,2026-08-30T18:40:34.167423Z,79148.17,79148.18,0.01,79148.175,0.8108163289255320517989343526
BTC-USD,2026-08-30T18:40:34.23314Z,79148.17,79148.18,0.01,79148.175,0.8100710261183474249409725624
BTC-USD,2026-08-30T18:40:34.263203Z,79148.17,79148.18,0.01,79148.175,0.8100710261183474249409725624
BTC-USD,2026-08-30T18:40:34.324359Z,79148.17,79148.18,0.01,79148.175,0.8100710261183474249409725624
BTC-USD,2026-08-30T18:40:34.380764Z,79148.17,79148.18,0.01,79148.175,0.8100710261183474249409725624
BTC-USD,2026-08-30T18:40:34.420886Z,79148.17,79148.18,0.01,79148.175,0.8101592808867849651907704606
BTC-USD,2026-08-30T18:40:34.4782Z,79148.17,79148.18,0.01,79148.175,0.3526942864545039922159739898
BTC-USD,2026-08-30T18:40:34.528259Z,79148.17,79148.18,0.01,79148.175,0.2187848669859946401526734000
BTC-USD,2026-08-30T18:40:34.575107Z,79148.17,79148.18,0.01,79148.175,0.2187848669859946401526734000
BTC-USD,2026-08-30T18:40:34.621328Z,79148.17,79148.18,0.01,79148.175,0.2187848669859946401526734000
BTC-USD,2026-08-30T18:40:34.642338Z,79148.17,79148.18,0.01,79148.175,0.2373665119576909354312309333
BTC-USD,2026-08-30T18:40:34.770594Z,79148.17,79148.18,0.01,79148.175,0.2373665119576909354312309333
BTC-USD,2026-08-30T18:40:34.824445Z,79148.17,79148.18,0.01,79148.175,0.2373665119576909354312309333
BTC-USD,2026-08-30T18:40:34.8664Z,79148.17,79148.18,0.01,79148.175,0.2373665119576909354312309333
BTC-USD,2026-08-30T18:40:34.926479Z,79148.17,79148.18,0.01,79148.175,0.2373665119576909354312309333
BTC-USD,2026-08-30T18:40:34.984042Z,79148.17,79148.18,0.01,79148.175,0.4581792735064656812722977666
BTC-USD,2026-08-30T18:40:35.024738Z,79148.17,79148.18,0.01,79148.175,0.4581792735064656812722977666
BTC-USD,2026-08-30T18:40:35.070901Z,79148.17,79148.18,0.01,79148.175,0.4581792735064656812722977666
BTC-USD,2026-08-30T18:40:35.083448Z,79148.17,79148.18,0.01,79148.175,0.4581792735064656812722977666
BTC-USD,2026-08-30T18:40:35.140945Z,79148.17,79148.18,0.01,79148.175,0.4581792735064656812722977666
BTC-USD,2026-08-30T18:40:35.211433Z,79148.17,79148.18,0.01,79148.175,0.4583310070182335455892477918
BTC-USD,2026-08-30T18:40:35.27492Z,79148.17,79148.18,0.01,79148.175,0.4583310070182335455892477918
BTC-USD,2026-08-30T18:40:35.319323Z,79148.17,79148.18,0.01,79148.175,0.4583310070182335455892477918
BTC-USD,2026-08-30T18:40:35.3707Z,79148.17,79148.18,0.01,79148.175,0.4583309516464375055382206610
BTC-USD,2026-08-30T18:40:35.390712Z,79148.17,79148.18,0.01,79148.175,0.4583309516464375055382206610
BTC-USD,2026-08-30T18:40:35.45767Z,79148.17,79148.18,0.01,79148.175,0.4583309516464375055382206610
BTC-USD,2026-08-30T18:40:35.582091Z,79148.17,79148.18,0.01,79148.175,0.4389689879079052854279573490
BTC-USD,2026-08-30T18:40:35.599874Z,79148.17,79148.18,0.01,79148.175,0.4389689879079052854279573490
BTC-USD,2026-08-30T18:40:35.646292Z,79148.17,79148.18,0.01,79148.175,0.4389689879079052854279573490
BTC-USD,2026-08-30T18:40:35.705612Z,79148.17,79148.18,0.01,79148.175,0.4389689879079052854279573490
BTC-USD,2026-08-30T18:40:35.774226Z,79148.17,79148.18,0.01,79148.175,0.4389689879079052854279573490
BTC-USD,2026-08-30T18:40:35.83987Z,79148.17,79148.18,0.01,79148.175,0.4389689879079052854279573490
BTC-USD,2026-08-30T18:40:35.859581Z,79148.17,79148.18,0.01,79148.175,0.4389689879079052854279573490
BTC-USD,2026-08-30T18:40:35.904279Z,79148.17,79148.18,0.01,79148.175,0.4389689879079052854279573490
BTC-USD,2026-08-30T18:40:35.963989Z,79148.17,79148.18,0.01,79148.175,0.4389689879079052854279573490
BTC-USD,2026-08-30T18:40:36.021036Z,79148.17,79148.18,0.01,79148.175,0.4418738895158742767182120584
BTC-USD,2026-08-30T18:40:36.062795Z,79148.17,79148.18,0.01,79148.175,0.7764569604211104456914928325
BTC-USD,2026-08-30T18:40:36.084917Z,79148.17,79148.18,0.01,79148.175,0.7764569604211104456914928325
BTC-USD,2026-08-30T18:40:36.176874Z,79148.17,79148.18,0.01,79148.175,0.7764569604211104456914928325
BTC-USD,2026-08-30T18:40:36.220152Z,79148.17,79148.18,0.01,79148.175,0.7764951130888979632981944252
BTC-USD,2026-08-30T18:40:36.259915Z,79148.17,79148.18,0.01,79148.175,0.7764951130888979632981944252
BTC-USD,2026-08-30T18:40:36.321025Z,79148.17,79148.18,0.01,79148.175,0.7764951130888979632981944252
BTC-USD,2026-08-30T18:40:36.380398Z,79148.17,79148.18,0.01,79148.175,0.7764951130888979632981944252
BTC-USD,2026-08-30T18:40:36.433054Z,79148.17,79148.18,0.01,79148.175,0.7764951130888979632981944252
BTC-USD,2026-08-30T18:40:36.476148Z,79148.17,79148.18,0.01,79148.175,0.7764951130888979632981944252
BTC-USD,2026-08-30T18:40:36.511946Z,79148.17,79148.18,0.01,79148.175,0.7764951130888979632981944252
BTC-USD,2026-08-30T18:40:36.567046Z,79148.17,79148.18,0.01,79148.175,0.7764951130888979632981944252
BTC-USD,2026-08-30T18:40:36.61464Z,79148.17,79148.18,0.01,79148.175,0.7764951130888979632981944252
BTC-USD,2026-08-30T18:40:36.657627Z,79148.17,79148.18,0.01,79148.175,0.7764950898997428684998847519
BTC-USD,2026-08-30T18:40:36.726472Z,79148.17,79148.18,0.01,79148.175,0.7764950898997428684998847519
BTC-USD,2026-08-30T18:40:36.778874Z,79148.17,79148.18,0.01,79148.175,0.7764950898997428684998847519
BTC-USD,2026-08-30T18:40:36.815419Z,79148.17,79148.18,0.01,79148.175,0.7764950898997428684998847519
BTC-USD,2026-08-30T18:40:36.866623Z,79148.17,79148.18,0.01,79148.175,0.7764950898997428684998847519
BTC-USD,2026-08-30T18:40:36.912456Z,79148.17,79148.18,0.01,79148.175,0.7764950898997428684998847519
BTC-USD,2026-08-30T18:40:36.975836Z,79148.17,79148.18,0.01,79148.175,0.7768345164812818468987834125
BTC-USD,2026-08-30T18:40:37.028516Z,79148.17,79148.18,0.01,79148.175,0.7768345164812818468987834125
BTC-USD,2026-08-30T18:40:37.06914Z,79148.17,79148.18,0.01,79148.175,0.7768345164812818468987834125
BTC-USD,2026-08-30T18:40:37.098103Z,79148.17,79148.18,0.01,79148.175,0.7768345164812818468987834125
BTC-USD,2026-08-30T18:40:37.162676Z,79148.17,79148.18,0.01,79148.175,0.7768344794278915132412265291
BTC-USD,2026-08-30T18:40:37.232567Z,79148.17,79148.18,0.01,79148.175,0.7768535510337440783315058539
BTC-USD,2026-08-30T18:40:37.280207Z,79148.17,79148.18,0.01,79148.175,0.7768535510337440783315058539
BTC-USD,2026-08-30T18:40:37.324762Z,79148.17,79148.18,0.01,79148.175,0.7768535510337440783315058539
BTC-USD,2026-08-30T18:40:37.370228Z,79148.17,79148.18,0.01,79148.175,0.7768535510337440783315058539
BTC-USD,2026-08-30T18:40:37.416775Z,79148.17,79148.18,0.01,79148.175,0.7768535510337440783315058539
BTC-USD,2026-08-30T18:40:37.466665Z,79148.17,79148.18,0.01,79148.175,0.7768535510337440783315058539
BTC-USD,2026-08-30T18:40:37.532505Z,79148.17,79148.18,0.01,79148.175,0.4422133952730145744043009438
BTC-USD,2026-08-30T18:40:37.578822Z,79148.17,79148.18,0.01,79148.175,0.7768535510337440783315058539
BTC-USD,2026-08-30T18:40:37.61597Z,79148.17,79148.18,0.01,79148.175,0.7768535510337440783315058539
BTC-USD,2026-08-30T18:40:37.710762Z,79148.17,79148.18,0.01,79148.175,0.7768535371410943522974288383
BTC-USD,2026-08-30T18:40:37.763571Z,79148.17,79148.18,0.01,79148.175,0.7768535371410943522974288383
BTC-USD,2026-08-30T18:40:37.830522Z,79148.17,79148.18,0.01,79148.175,0.7768535371410943522974288383
BTC-USD,2026-08-30T18:40:37.866411Z,79148.17,79148.18,0.01,79148.175,0.7768535371410943522974288383
BTC-USD,2026-08-30T18:40:37.898622Z,79148.17,79148.18,0.01,79148.175,0.7861539734046671430836640048
BTC-USD,2026-08-30T18:40:37.970424Z,79148.17,79148.18,0.01,79148.175,0.7861539734046671430836640048
BTC-USD,2026-08-30T18:40:38.016373Z,79148.17,79148.18,0.01,79148.175,0.7861539734046671430836640048
BTC-USD,2026-08-30T18:40:38.061201Z,79148.17,79148.18,0.01,79148.175,0.7768535371410943522974288383
BTC-USD,2026-08-30T18:40:38.074061Z,79148.17,79148.18,0.01,79148.175,0.7768535371410943522974288383
BTC-USD,2026-08-30T18:40:38.0917Z,79148.17,79148.18,0.01,79148.175,0.7768535371410943522974288383
BTC-USD,2026-08-30T18:40:38.163628Z,79148.17,79148.18,0.01,79148.175,0.7768535371410943522974288383
BTC-USD,2026-08-30T18:40:38.253578Z,79148.17,79148.18,0.01,79148.175,0.7768630717228731316863782264
BTC-USD,2026-08-30T18:40:38.303801Z,79148.17,79148.18,0.01,79148.175,0.4422327117475202878192100384
BTC-USD,2026-08-30T18:40:38.361586Z,79148.17,79148.18,0.01,79148.175,0.4422327117475202878192100384
BTC-USD,2026-08-30T18:40:38.42579Z,79148.17,79148.18,0.01,79148.175,0.8219069914981412104690716810
BTC-USD,2026-08-30T18:40:38.462987Z,79148.17,79148.18,0.01,79148.175,0.8219069914981412104690716810
BTC-USD,2026-08-30T18:40:38.527633Z,79148.17,79148.18,0.01,79148.175,0.8219069914981412104690716810
BTC-USD,2026-08-30T18:40:38.569933Z,79148.17,79148.18,0.01,79148.175,0.8219069914981412104690716810
BTC-USD,2026-08-30T18:40:38.625448Z,79148.17,79148.18,0.01,79148.175,0.8219069914981412104690716810
BTC-USD,2026-08-30T18:40:38.67523Z,79148.17,79148.18,0.01,79148.175,0.8212447215192695781221982331
BTC-USD,2026-08-30T18:40:38.730038Z,79148.17,79148.18,0.01,79148.175,0.8213254631178002032307416073
BTC-USD,2026-08-30T18:40:38.772909Z,79148.17,79148.18,0.01,79148.175,0.8213254631178002032307416073
BTC-USD,2026-08-30T18:40:38.881825Z,79148.17,79148.18,0.01,79148.175,0.8367305904003401749217612319
BTC-USD,2026-08-30T18:40:38.900965Z,79148.17,79148.18,0.01,79148.175,0.8367305904003401749217612319
BTC-USD,2026-08-30T18:40:38.986846Z,79148.17,79148.18,0.01,79148.175,0.8367305904003401749217612319
BTC-USD,2026-08-30T18:40:39.036828Z,79148.17,79148.18,0.01,79148.175,0.8367305904003401749217612319
BTC-USD,2026-08-30T18:40:39.079271Z,79148.17,79148.18,0.01,79148.175,0.8367305904003401749217612319
BTC-USD,2026-08-30T18:40:39.128865Z,79148.17,79148.18,0.01,79148.175,0.8367305904003401749217612319
BTC-USD,2026-08-30T18:40:39.177062Z,79148.17,79148.18,0.01,79148.175,0.8367305904003401749217612319
BTC-USD,2026-08-30T18:40:39.231168Z,79148.17,79148.18,0.01,79148.175,0.8367305904003401749217612319
BTC-USD,2026-08-30T18:40:39.277356Z,79148.17,79148.18,0.01,79148.175,0.8367305904003401749217612319
BTC-USD,2026-08-30T18:40:39.321754Z,79148.17,79148.18,0.01,79148.175,0.8367305904003401749217612319
BTC-USD,2026-08-30T18:40:39.384736Z,79148.17,79148.18,0.01,79148.175,0.8367305904003401749217612319
BTC-USD,2026-08-30T18:40:39.425197Z,79148.17,79148.18,0.01,79148.175,0.8367305904003401749217612319
BTC-USD,2026-08-30T18:40:39.466631Z,79148.17,79148.18,0.01,79148.175,0.8367305904003401749217612319
BTC-USD,2026-08-30T18:40:39.497137Z,79148.17,79148.18,0.01,79148.175,0.8367305904003401749217612319
BTC-USD,2026-08-30T18:40:39.567897Z,79148.17,79148.18,0.01,79148.175,0.8367305904003401749217612319
BTC-USD,2026-08-30T18:40:39.635624Z,79148.17,79148.18,0.01,79148.175,0.8367305904003401749217612319
BTC-USD,2026-08-30T18:40:39.676726Z,79148.17,79148.18,0.01,79148.175,0.8367305904003401749217612319
BTC-USD,2026-08-30T18:40:39.72912Z,79148.17,79148.18,0.01,79148.175,0.8369036990175136937188836667
BTC-USD,2026-08-30T18:40:39.741029Z,79148.17,79148.18,0.01,79148.175,0.8369036990175136937188836667
BTC-USD,2026-08-30T18:40:39.824898Z,79148.17,79148.18,0.01,79148.175,0.8369036990175136937188836667
BTC-USD,2026-08-30T18:40:39.879017Z,79148.17,79148.18,0.01,79148.175,0.8369036990175136937188836667
BTC-USD,2026-08-30T18:40:39.902624Z,79148.17,79148.18,0.01,79148.175,0.8369036990175136937188836667
BTC-USD,2026-08-30T18:40:39.963771Z,79148.17,79148.18,0.01,79148.175,0.8369036990175136937188836667
BTC-USD,2026-08-30T18:40:40.015196Z,79148.17,79148.18,0.01,79148.175,0.8369036990175136937188836667
BTC-USD,2026-08-30T18:40:40.075273Z,79148.17,79148.18,0.01,79148.175,0.8369530787343308089521662934
BTC-USD,2026-08-30T18:40:40.113191Z,79148.17,79148.18,0.01,79148.175,0.8369530787343308089521662934
BTC-USD,2026-08-30T18:40:40.169853Z,79148.17,79148.18,0.01,79148.175,0.8369530787343308089521662934
BTC-USD,2026-08-30T18:40:40.226241Z,79148.17,79148.18,0.01,79148.175,0.8369530787343308089521662934
BTC-USD,2026-08-30T18:40:40.263578Z,79148.17,79148.18,0.01,79148.175,0.8592635460338853305813681681
BTC-USD,2026-08-30T18:40:40.378835Z,79148.17,79148.18,0.01,79148.175,0.8592635460338853305813681681
BTC-USD,2026-08-30T18:40:40.392253Z,79148.17,79148.18,0.01,79148.175,0.8592635460338853305813681681
BTC-USD,2026-08-30T18:40:40.466162Z,79148.17,79148.18,0.01,79148.175,0.8592635460338853305813681681
BTC-USD,2026-08-30T18:40:40.528704Z,79148.17,79148.18,0.01,79148.175,0.8592635460338853305813681681
BTC-USD,2026-08-30T18:40:40.564729Z,79148.17,79148.18,0.01,79148.175,0.8654033921108048644581865347
BTC-USD,2026-08-30T18:40:40.610909Z,79148.17,79148.18,0.01,79148.175,0.8654033921108048644581865347
BTC-USD,2026-08-30T18:40:40.715771Z,79148.17,79148.18,0.01,79148.175,0.8593138808966726293689160364
BTC-USD,2026-08-30T18:40:40.796141Z,79148.17,79148.18,0.01,79148.175,0.5958001243731688839090816784
BTC-USD,2026-08-30T18:40:40.828024Z,79148.17,79148.18,0.01,79148.175,0.5958001243731688839090816784
BTC-USD,2026-08-30T18:40:40.889756Z,79148.17,79148.18,0.01,79148.175,0.5958001243731688839090816784
BTC-USD,2026-08-30T18:40:40.900533Z,79148.17,79148.18,0.01,79148.175,0.5958001243731688839090816784
BTC-USD,2026-08-30T18:40:40.945913Z,79148.17,79148.18,0.01,79148.175,0.5958001243731688839090816784
BTC-USD,2026-08-30T18:40:41.02902Z,79148.17,79148.18,0.01,79148.175,0.5958000564364965223950364269
BTC-USD,2026-08-30T18:40:41.07361Z,79148.17,79148.18,0.01,79148.175,0.5958000564364965223950364269
BTC-USD,2026-08-30T18:40:41.156305Z,79148.17,79148.18,0.01,79148.175,0.5958000564364965223950364269
BTC-USD,2026-08-30T18:40:41.232405Z,79148.17,79148.18,0.01,79148.175,0.5958000564364965223950364269
BTC-USD,2026-08-30T18:40:41.279519Z,79148.17,79148.18,0.01,79148.175,0.5939309566378667174435462716
BTC-USD,2026-08-30T18:40:41.360984Z,79148.17,79148.18,0.01,79148.175,0.5939309566378667174435462716
BTC-USD,2026-08-30T18:40:41.426394Z,79148.17,79148.18,0.01,79148.175,0.5939309566378667174435462716
BTC-USD,2026-08-30T18:40:41.465691Z,79148.17,79148.18,0.01,79148.175,0.5939309566378667174435462716
BTC-USD,2026-08-30T18:40:41.532662Z,79148.17,79148.18,0.01,79148.175,0.5939309566378667174435462716
BTC-USD,2026-08-30T18:40:41.576666Z,79148.17,79148.18,0.01,79148.175,0.5939309566378667174435462716
BTC-USD,2026-08-30T18:40:41.675759Z,79148.17,79148.18,0.01,79148.175,0.5939308733178647367668046579
BTC-USD,2026-08-30T18:40:41.701507Z,79148.17,79148.18,0.01,79148.175,0.5939931644115590843097871299
BTC-USD,2026-08-30T18:40:41.777242Z,79148.17,79148.18,0.01,79148.175,0.5939931644115590843097871299
BTC-USD,2026-08-30T18:40:41.82335Z,79148.17,79148.18,0.01,79148.175,0.5939931644115590843097871299
BTC-USD,2026-08-30T18:40:41.886231Z,79148.17,79148.18,0.01,79148.175,0.5939931644115590843097871299
BTC-USD,2026-08-30T18:40:41.894655Z,79148.17,79148.18,0.01,79148.175,0.5939931644115590843097871299
BTC-USD,2026-08-30T18:40:41.962015Z,79148.17,79148.18,0.01,79148.175,0.5939931644115590843097871299
BTC-USD,2026-08-30T18:40:42.030073Z,79148.17,79148.18,0.01,79148.175,0.5939931644115590843097871299
BTC-USD,2026-08-30T18:40:42.072028Z,79148.17,79148.18,0.01,79148.175,0.5939931644115590843097871299
BTC-USD,2026-08-30T18:40:42.136579Z,79148.17,79148.18,0.01,79148.175,0.5939931644115590843097871299
BTC-USD,2026-08-30T18:40:42.172593Z,79148.17,79148.18,0.01,79148.175,0.5939931644115590843097871299
BTC-USD,2026-08-30T18:40:42.197572Z,79148.17,79148.18,0.01,79148.175,0.5939931644115590843097871299
BTC-USD,2026-08-30T18:40:42.28072Z,79148.17,79148.18,0.01,79148.175,0.5980640048019747302100615260
BTC-USD,2026-08-30T18:40:42.367436Z,79148.17,79148.18,0.01,79148.175,0.5980639897710844096637912644
BTC-USD,2026-08-30T18:40:42.474933Z,79148.17,79148.18,0.01,79148.175,0.5980639897710844096637912644
BTC-USD,2026-08-30T18:40:42.499371Z,79148.17,79148.18,0.01,79148.175,0.5980639897710844096637912644
BTC-USD,2026-08-30T18:40:42.57433Z,79148.17,79148.18,0.01,79148.175,0.5980639897710844096637912644
BTC-USD,2026-08-30T18:40:42.627729Z,79148.17,79148.18,0.01,79148.175,0.5980639897710844096637912644
BTC-USD,2026-08-30T18:40:42.66568Z,79148.17,79148.18,0.01,79148.175,0.5980639897710844096637912644
BTC-USD,2026-08-30T18:40:42.730636Z,79148.17,79148.18,0.01,79148.175,0.5980949209640117979760661989
BTC-USD,2026-08-30T18:40:42.77885Z,79148.17,79148.18,0.01,79148.175,0.5980949209640117979760661989
BTC-USD,2026-08-30T18:40:42.830605Z,79148.17,79148.18,0.01,79148.175,0.5980948833925644063131947685
BTC-USD,2026-08-30T18:40:42.864553Z,79148.17,79148.18,0.01,79148.175,0.5980948833925644063131947685
BTC-USD,2026-08-30T18:40:42.919448Z,79148.17,79148.18,0.01,79148.175,0.6137133183656744761679337922
BTC-USD,2026-08-30T18:40:42.979943Z,79148.17,79148.18,0.01,79148.175,0.5785519723452166918698836594
BTC-USD,2026-08-30T18:40:43.028118Z,79148.17,79148.18,0.01,79148.175,0.5785519723452166918698836594
BTC-USD,2026-08-30T18:40:43.065722Z,79148.17,79148.18,0.01,79148.175,0.6137126231682815790850922872
BTC-USD,2026-08-30T18:40:43.117529Z,79148.17,79148.18,0.01,79148.175,0.6137126231682815790850922872
BTC-USD,2026-08-30T18:40:43.159126Z,79148.17,79148.18,0.01,79148.175,0.6137126231682815790850922872
BTC-USD,2026-08-30T18:40:43.243691Z,79148.17,79148.18,0.01,79148.175,0.6137126231682815790850922872
BTC-USD,2026-08-30T18:40:43.277446Z,79148.17,79148.18,0.01,79148.175,0.6137126231682815790850922872
BTC-USD,2026-08-30T18:40:43.288876Z,79148.17,79148.18,0.01,79148.175,0.6137126231682815790850922872
BTC-USD,2026-08-30T18:40:43.381533Z,79148.17,79148.18,0.01,79148.175,0.6137125745043703657564904717
BTC-USD,2026-08-30T18:40:43.430081Z,79148.17,79148.18,0.01,79148.175,0.6136687372445774672578873482
BTC-USD,2026-08-30T18:40:43.466991Z,79148.17,79148.18,0.01,79148.175,0.6136687372445774672578873482
BTC-USD,2026-08-30T18:40:43.530888Z,79148.17,79148.18,0.01,79148.175,0.6136687372445774672578873482
BTC-USD,2026-08-30T18:40:43.566122Z,79148.17,79148.18,0.01,79148.175,0.6136687372445774672578873482
BTC-USD,2026-08-30T18:40:43.599392Z,79148.17,79148.18,0.01,79148.175,0.6136687372445774672578873482
BTC-USD,2026-08-30T18:40:43.6508Z,79148.17,79148.18,0.01,79148.175,0.6136687372445774672578873482
BTC-USD,2026-08-30T18:40:43.702035Z,79148.17,79148.18,0.01,79148.175,0.6136830541067068835225018337
BTC-USD,2026-08-30T18:40:43.763947Z,79148.17,79148.18,0.01,79148.175,0.6136830541067068835225018337
BTC-USD,2026-08-30T18:40:43.812331Z,79148.17,79148.18,0.01,79148.175,0.6136830541067068835225018337
BTC-USD,2026-08-30T18:40:43.876202Z,79148.17,79148.18,0.01,79148.175,0.6143964564244215243881731818
BTC-USD,2026-08-30T18:40:43.916262Z,79148.17,79148.18,0.01,79148.175,0.6143964564244215243881731818
BTC-USD,2026-08-30T18:40:43.958037Z,79148.17,79148.18,0.01,79148.175,0.6143964564244215243881731818
BTC-USD,2026-08-30T18:40:44.025145Z,79148.17,79148.18,0.01,79148.175,0.6143964564244215243881731818
BTC-USD,2026-08-30T18:40:44.077826Z,79148.17,79148.18,0.01,79148.175,0.5325517923771216514450154800
BTC-USD,2026-08-30T18:40:44.153139Z,79148.17,79148.18,0.01,79148.175,0.5325517923771216514450154800
BTC-USD,2026-08-30T18:40:44.204169Z,79148.17,79148.18,0.01,79148.175,0.5325517923771216514450154800
BTC-USD,2026-08-30T18:40:44.275607Z,79148.17,79148.18,0.01,79148.175,0.5325517923771216514450154800
BTC-USD,2026-08-30T18:40:44.304556Z,79148.17,79148.18,0.01,79148.175,0.5325517923771216514450154800
BTC-USD,2026-08-30T18:40:44.365929Z,79148.17,79148.18,0.01,79148.175,0.5325517923771216514450154800
BTC-USD,2026-08-30T18:40:44.432623Z,79148.17,79148.18,0.01,79148.175,0.5325515168821546313886934423
BTC-USD,2026-08-30T18:40:44.45712Z,79148.17,79148.18,0.01,79148.175,0.5325515168821546313886934423
BTC-USD,2026-08-30T18:40:44.515555Z,79148.17,79148.18,0.01,79148.175,0.5325515168821546313886934423
BTC-USD,2026-08-30T18:40:44.574136Z,79148.17,79148.18,0.01,79148.175,0.5325515168821546313886934423
BTC-USD,2026-08-30T18:40:44.606424Z,79148.17,79148.18,0.01,79148.175,0.5325515168821546313886934423
BTC-USD,2026-08-30T18:40:44.673173Z,79148.17,79148.18,0.01,79148.175,0.5325515168821546313886934423
BTC-USD,2026-08-30T18:40:44.711234Z,79148.17,79148.18,0.01,79148.175,0.5330541320145297488518214626
BTC-USD,2026-08-30T18:40:44.781896Z,79148.17,79148.18,0.01,79148.175,0.5330541320145297488518214626
BTC-USD,2026-08-30T18:40:44.823995Z,79148.17,79148.18,0.01,79148.175,0.5330541320145297488518214626
BTC-USD,2026-08-30T18:40:44.861716Z,79148.17,79148.18,0.01,79148.175,0.5330541320145297488518214626
BTC-USD,2026-08-30T18:40:44.963069Z,79148.17,79148.18,0.01,79148.175,0.5330541320145297488518214626
BTC-USD,2026-08-30T18:40:45.015762Z,79148.17,79148.18,0.01,79148.175,0.5330540301985793829107299851
BTC-USD,2026-08-30T18:40:45.060148Z,79148.17,79148.18,0.01,79148.175,0.5330540301985793829107299851
BTC-USD,2026-08-30T18:40:45.129703Z,79148.17,79148.18,0.01,79148.175,0.5330540301985793829107299851
BTC-USD,2026-08-30T18:40:45.185418Z,79148.17,79148.18,0.01,79148.175,0.5330540301985793829107299851
BTC-USD,2026-08-30T18:40:45.201701Z,79148.17,79148.18,0.01,79148.175,0.5330540301985793829107299851
BTC-USD,2026-08-30T18:40:45.268609Z,79148.17,79148.18,0.01,79148.175,0.5330540301985793829107299851
BTC-USD,2026-08-30T18:40:45.363013Z,79148.17,79148.18,0.01,79148.175,0.5330540301985793829107299851
BTC-USD,2026-08-30T18:40:45.430712Z,79149.64,79149.65,0.01,79149.645,0.05354729240978878822985292370
BTC-USD,2026-08-30T18:40:45.474302Z,79149.64,79149.65,0.01,79149.645,0.05348695268966385593411955815
BTC-USD,2026-08-30T18:40:45.520674Z,79149.64,79149.65,0.01,79149.645,0.05387009248736177217606548458
BTC-USD,2026-08-30T18:40:45.57446Z,79149.64,79149.65,0.01,79149.645,0.1969757456676711507587138784
BTC-USD,2026-08-30T18:40:45.61189Z,79149.64,79149.65,0.01,79149.645,0.1969757456676711507587138784
BTC-USD,2026-08-30T18:40:45.683488Z,79149.64,79149.65,0.01,79149.645,0.1970133159986110058227722678
BTC-USD,2026-08-30T18:40:45.73121Z,79149.64,79149.65,0.01,79149.645,0.1264899226671289891531124800
BTC-USD,2026-08-30T18:40:45.750485Z,79149.64,79149.65,0.01,79149.645,0.1264899226671289891531124800
BTC-USD,2026-08-30T18:40:45.823315Z,79149.64,79149.65,0.01,79149.645,0.1264899226671289891531124800
BTC-USD,2026-08-30T18:40:45.874045Z,79149.64,79149.65,0.01,79149.645,0.1264899226671289891531124800
BTC-USD,2026-08-30T18:40:45.960884Z,79149.64,79149.65,0.01,79149.645,0.1264899226671289891531124800
BTC-USD,2026-08-30T18:40:46.017542Z,79149.64,79149.65,0.01,79149.645,0.1264899226671289891531124800
BTC-USD,2026-08-30T18:40:46.074721Z,79149.64,79149.65,0.01,79149.645,0.1264166684064188481094909202
BTC-USD,2026-08-30T18:40:46.175531Z,79149.64,79149.65,0.01,79149.645,0.1264166684064188481094909202
BTC-USD,2026-08-30T18:40:46.228962Z,79149.64,79149.65,0.01,79149.645,0.3723651326729814003414154613
BTC-USD,2026-08-30T18:40:46.272146Z,79149.64,79149.65,0.01,79149.645,0.3723651326729814003414154613
BTC-USD,2026-08-30T18:40:46.383824Z,79149.64,79149.65,0.01,79149.645,0.3731692862596091586271376708
BTC-USD,2026-08-30T18:40:46.41023Z,79149.64,79149.65,0.01,79149.645,0.3731692862596091586271376708
BTC-USD,2026-08-30T18:40:46.46327Z,79149.64,79149.65,0.01,79149.645,0.3719306127121075045786535449
BTC-USD,2026-08-30T18:40:46.491848Z,79149.64,79149.65,0.01,79149.645,0.3719306127121075045786535449
BTC-USD,2026-08-30T18:40:46.570625Z,79149.64,79149.65,0.01,79149.645,0.3719306127121075045786535449
BTC-USD,2026-08-30T18:40:46.653634Z,79149.64,79149.65,0.01,79149.645,0.3719306127121075045786535449
BTC-USD,2026-08-30T18:40:46.713697Z,79149.64,79149.65,0.01,79149.645,0.3720787664358615196693760218
BTC-USD,2026-08-30T18:40:46.775258Z,79149.64,79149.65,0.01,79149.645,0.3720787664358615196693760218
BTC-USD,2026-08-30T18:40:46.808845Z,79149.64,79149.65,0.01,79149.645,0.3720787664358615196693760218
BTC-USD,2026-08-30T18:40:46.870018Z,79149.64,79149.65,0.01,79149.645,0.3720784237351451755994172897
BTC-USD,2026-08-30T18:40:46.921889Z,79149.64,79149.65,0.01,79149.645,0.3720784237351451755994172897
BTC-USD,2026-08-30T18:40:46.971961Z,79149.64,79149.65,0.01,79149.645,0.3720784237351451755994172897
BTC-USD,2026-08-30T18:40:47.022133Z,79149.64,79149.65,0.01,79149.645,0.3720784237351451755994172897
BTC-USD,2026-08-30T18:40:47.06541Z,79149.64,79149.65,0.01,79149.645,0.3720784237351451755994172897
BTC-USD,2026-08-30T18:40:47.123659Z,79149.64,79149.65,0.01,79149.645,0.3720784237351451755994172897
BTC-USD,2026-08-30T18:40:47.170784Z,79149.64,79149.65,0.01,79149.645,0.3598235779858346146408799734
BTC-USD,2026-08-30T18:40:47.220237Z,79149.64,79149.65,0.01,79149.645,0.3606805346079977117809065313
BTC-USD,2026-08-30T18:40:47.256185Z,79149.64,79149.65,0.01,79149.645,0.3606803102362920449438675444
BTC-USD,2026-08-30T18:40:47.315137Z,79149.64,79149.65,0.01,79149.645,0.3606803102362920449438675444
BTC-USD,2026-08-30T18:40:47.354151Z,79149.64,79149.65,0.01,79149.645,0.3606803102362920449438675444
BTC-USD,2026-08-30T18:40:47.411125Z,79149.64,79149.65,0.01,79149.645,0.3606803102362920449438675444
BTC-USD,2026-08-30T18:40:47.459682Z,79149.64,79149.65,0.01,79149.645,0.3606803102362920449438675444
BTC-USD,2026-08-30T18:40:47.485153Z,79149.64,79149.65,0.01,79149.645,0.3606803102362920449438675444
BTC-USD,2026-08-30T18:40:47.573798Z,79149.64,79149.65,0.01,79149.645,0.3603224910056608023645270420
BTC-USD,2026-08-30T18:40:47.629558Z,79149.64,79149.65,0.01,79149.645,0.3603224910056608023645270420
BTC-USD,2026-08-30T18:40:47.666052Z,79149.64,79149.65,0.01,79149.645,0.3604004551173824020635636519
BTC-USD,2026-08-30T18:40:47.718527Z,79149.64,79149.65,0.01,79149.645,0.3604772224977606554521955954
BTC-USD,2026-08-30T18:40:47.766442Z,79149.64,79149.65,0.01,79149.645,0.3604772224977606554521955954
BTC-USD,2026-08-30T18:40:47.826159Z,79149.64,79149.65,0.01,79149.645,0.3604772224977606554521955954
BTC-USD,2026-08-30T18:40:47.853029Z,79149.64,79149.65,0.01,79149.645,0.3604772224977606554521955954
BTC-USD,2026-08-30T18:40:47.975097Z,79149.64,79149.65,0.01,79149.645,0.3604772224977606554521955954
BTC-USD,2026-08-30T18:40:48.019415Z,79149.64,79149.65,0.01,79149.645,0.3604772224977606554521955954
BTC-USD,2026-08-30T18:40:48.064296Z,79149.64,79149.65,0.01,79149.645,0.3604772224977606554521955954
BTC-USD,2026-08-30T18:40:48.10579Z,79149.64,79149.65,0.01,79149.645,-0.7517698601253846907232093747
BTC-USD,2026-08-30T18:40:48.156501Z,79149.64,79149.65,0.01,79149.645,-0.7517698601253846907232093747
BTC-USD,2026-08-30T18:40:48.211591Z,79149.64,79149.65,0.01,79149.645,-0.7517698601253846907232093747
BTC-USD,2026-08-30T18:40:48.244184Z,79149.64,79149.65,0.01,79149.645,-0.7517698601253846907232093747
BTC-USD,2026-08-30T18:40:48.299409Z,79149.64,79149.65,0.01,79149.645,-0.7517698601253846907232093747
BTC-USD,2026-08-30T18:40:48.34886Z,79149.64,79149.65,0.01,79149.645,-0.6653929226830168815551679652
BTC-USD,2026-08-30T18:40:48.428941Z,79149.64,79149.65,0.01,79149.645,-0.5459139120519189531985597882
BTC-USD,2026-08-30T18:40:48.469405Z,79149.64,79149.65,0.01,79149.645,-0.5459139120519189531985597882
BTC-USD,2026-08-30T18:40:48.513736Z,79149.64,79149.65,0.01,79149.645,-0.5459139120519189531985597882
BTC-USD,2026-08-30T18:40:48.554232Z,79149.64,79149.65,0.01,79149.645,-0.5459142393353846094288534073
BTC-USD,2026-08-30T18:40:48.568174Z,79149.64,79149.65,0.01,79149.645,-0.6653933025109417904340417036
BTC-USD,2026-08-30T18:40:48.674893Z,79149.64,79149.65,0.01,79149.645,-0.6916092302116178965412606327
BTC-USD,2026-08-30T18:40:48.737801Z,79149.64,79149.65,0.01,79149.645,-0.6915046454480230429643813053
BTC-USD,2026-08-30T18:40:48.786684Z,79149.64,79149.65,0.01,79149.645,-0.6915046454480230429643813053
BTC-USD,2026-08-30T18:40:48.862076Z,79149.64,79149.65,0.01,79149.645,-0.6915046454480230429643813053
BTC-USD,2026-08-30T18:40:48.927288Z,79149.64,79149.65,0.01,79149.645,-0.6915046454480230429643813053
BTC-USD,2026-08-30T18:40:48.966068Z,79149.64,79149.65,0.01,79149.645,-0.6915046454480230429643813053
BTC-USD,2026-08-30T18:40:49.021288Z,79149.64,79149.65,0.01,79149.645,-0.6915046454480230429643813053
BTC-USD,2026-08-30T18:40:49.047473Z,79149.64,79149.65,0.01,79149.645,-0.6915046454480230429643813053
BTC-USD,2026-08-30T18:40:49.136746Z,79149.64,79149.65,0.01,79149.645,-0.6915046454480230429643813053
BTC-USD,2026-08-30T18:40:49.148384Z,79149.64,79149.65,0.01,79149.645,-0.6915046454480230429643813053
BTC-USD,2026-08-30T18:40:49.225014Z,79149.64,79149.65,0.01,79149.645,-0.6915046454480230429643813053
BTC-USD,2026-08-30T18:40:49.261723Z,79149.64,79149.65,0.01,79149.645,-0.6915046454480230429643813053
BTC-USD,2026-08-30T18:40:49.32398Z,79149.64,79149.65,0.01,79149.645,-0.6915046454480230429643813053
BTC-USD,2026-08-30T18:40:49.378838Z,79149.64,79149.65,0.01,79149.645,-0.6915046454480230429643813053
BTC-USD,2026-08-30T18:40:49.401879Z,79149.64,79149.65,0.01,79149.645,-0.6915046454480230429643813053
BTC-USD,2026-08-30T18:40:49.47654Z,79149.64,79149.65,0.01,79149.645,-0.6915046454480230429643813053
BTC-USD,2026-08-30T18:40:49.530794Z,79149.64,79149.65,0.01,79149.645,-0.7089814752445334230849567438
BTC-USD,2026-08-30T18:40:49.558439Z,79149.64,79149.65,0.01,79149.645,-0.7089814752445334230849567438
BTC-USD,2026-08-30T18:40:49.621659Z,79149.64,79149.65,0.01,79149.645,-0.7089814752445334230849567438
BTC-USD,2026-08-30T18:40:49.679564Z,79149.64,79149.65,0.01,79149.645,-0.6652815863089397075308702790
BTC-USD,2026-08-30T18:40:49.725873Z,79149.64,79149.65,0.01,79149.645,-0.6915046454480230429643813053
BTC-USD,2026-08-30T18:40:49.768236Z,79149.64,79149.65,0.01,79149.645,-0.6890041060894125412909357542
BTC-USD,2026-08-30T18:40:49.815192Z,79149.64,79149.65,0.01,79149.645,-0.6890041060894125412909357542
BTC-USD,2026-08-30T18:40:49.86033Z,79149.64,79149.65,0.01,79149.645,-0.6890041060894125412909357542
BTC-USD,2026-08-30T18:40:49.903161Z,79149.64,79149.65,0.01,79149.645,-0.6890041060894125412909357542
BTC-USD,2026-08-30T18:40:49.969394Z,79149.64,79149.65,0.01,79149.645,-0.6890045618564042137581271653
BTC-USD,2026-08-30T18:40:50.014874Z,79149.64,79149.65,0.01,79149.645,-0.6890045618564042137581271653
BTC-USD,2026-08-30T18:40:50.066381Z,79149.64,79149.65,0.01,79149.645,-0.6890045618564042137581271653
BTC-USD,2026-08-30T18:40:50.129785Z,79149.64,79149.65,0.01,79149.645,-0.6890045618564042137581271653
BTC-USD,2026-08-30T18:40:50.168829Z,79149.64,79149.65,0.01,79149.645,-0.6890045618564042137581271653
BTC-USD,2026-08-30T18:40:50.286302Z,79149.64,79149.65,0.01,79149.645,-0.6890045618564042137581271653
BTC-USD,2026-08-30T18:40:50.330343Z,79149.64,79149.65,0.01,79149.645,-0.6890045618564042137581271653
BTC-USD,2026-08-30T18:40:50.372038Z,79149.64,79149.65,0.01,79149.645,-0.6890051695461090663952878330
BTC-USD,2026-08-30T18:40:50.39245Z,79149.64,79149.65,0.01,79149.645,-0.6890051695461090663952878330
BTC-USD,2026-08-30T18:40:50.482518Z,79149.64,79149.65,0.01,79149.645,-0.6890051695461090663952878330
BTC-USD,2026-08-30T18:40:50.518394Z,79149.64,79149.65,0.01,79149.645,-0.6890051695461090663952878330
BTC-USD,2026-08-30T18:40:50.585536Z,79149.64,79149.65,0.01,79149.645,-0.7267175852479265442020460208
BTC-USD,2026-08-30T18:40:50.635401Z,79149.64,79149.65,0.01,79149.645,-0.7586511621056400529369023852
BTC-USD,2026-08-30T18:40:50.676963Z,79149.64,79149.65,0.01,79149.645,-0.7021050956767679552616191241
BTC-USD,2026-08-30T18:40:50.729312Z,79149.64,79149.65,0.01,79149.645,-0.7013019696974002890191248033
BTC-USD,2026-08-30T18:40:50.782867Z,79149.64,79149.65,0.01,79149.645,-0.7013019696974002890191248033
BTC-USD,2026-08-30T18:40:50.80952Z,79149.64,79149.65,0.01,79149.645,-0.5928391374468580082963106939
BTC-USD,2026-08-30T18:40:50.845868Z,79149.64,79149.65,0.01,79149.645,-0.5928391374468580082963106939
BTC-USD,2026-08-30T18:40:50.906954Z,79149.64,79149.65,0.01,79149.645,-0.6136084842571378027632415783
BTC-USD,2026-08-30T18:40:50.979729Z,79149.64,79149.65,0.01,79149.645,-0.6136084842571378027632415783
BTC-USD,2026-08-30T18:40:51.025939Z,79149.64,79149.65,0.01,79149.645,-0.7175198001224733891039622180
BTC-USD,2026-08-30T18:40:51.083961Z,79149.64,79149.65,0.01,79149.645,-0.6136089781199949438699166687
BTC-USD,2026-08-30T18:40:51.099915Z,79149.64,79149.65,0.01,79149.645,-0.6136089781199949438699166687
BTC-USD,2026-08-30T18:40:51.179666Z,79149.64,79149.65,0.01,79149.645,-0.6136089781199949438699166687
BTC-USD,2026-08-30T18:40:51.214714Z,79149.64,79149.65,0.01,79149.645,-0.6963276350322719847709618767
BTC-USD,2026-08-30T18:40:51.27927Z,79149.64,79149.65,0.01,79149.645,-0.7246723897451875613166863206
BTC-USD,2026-08-30T18:40:51.320636Z,79149.64,79149.65,0.01,79149.645,-0.7895439256346939985087820682
BTC-USD,2026-08-30T18:40:51.359296Z,79149.64,79149.65,0.01,79149.645,-0.7895439256346939985087820682
BTC-USD,2026-08-30T18:40:51.428705Z,79149.64,79149.65,0.01,79149.645,-0.7895439256346939985087820682
BTC-USD,2026-08-30T18:40:51.477935Z,79149.64,79149.65,0.01,79149.645,-0.7246723897451875613166863206
BTC-USD,2026-08-30T18:40:51.503618Z,79149.64,79149.65,0.01,79149.645,-0.7895439256346939985087820682
BTC-USD,2026-08-30T18:40:51.573634Z,79149.64,79149.65,0.01,79149.645,-0.7895439256346939985087820682
BTC-USD,2026-08-30T18:40:51.603601Z,79149.64,79149.65,0.01,79149.645,-0.7895439256346939985087820682
BTC-USD,2026-08-30T18:40:51.633886Z,79149.64,79149.65,0.01,79149.645,-0.7298006554528277237506792326
BTC-USD,2026-08-30T18:40:51.704785Z,79149.64,79149.65,0.01,79149.645,-0.7298006554528277237506792326
BTC-USD,2026-08-30T18:40:51.771076Z,79149.64,79149.65,0.01,79149.645,-0.7294568071166234380875991620
BTC-USD,2026-08-30T18:40:51.797976Z,79149.64,79149.65,0.01,79149.645,-0.7294568071166234380875991620
BTC-USD,2026-08-30T18:40:51.866142Z,79149.64,79149.65,0.01,79149.645,-0.7294568071166234380875991620
BTC-USD,2026-08-30T18:40:51.917046Z,79149.64,79149.65,0.01,79149.645,-0.7419495155357698952830261864
BTC-USD,2026-08-30T18:40:51.97677Z,79149.64,79149.65,0.01,79149.645,-0.7419495155357698952830261864
BTC-USD,2026-08-30T18:40:52.012772Z,79149.64,79149.65,0.01,79149.645,-0.7419495155357698952830261864
BTC-USD,2026-08-30T18:40:52.025447Z,79149.64,79149.65,0.01,79149.645,-0.7419495155357698952830261864
BTC-USD,2026-08-30T18:40:52.094357Z,79149.64,79149.65,0.01,79149.645,-0.7419495155357698952830261864
BTC-USD,2026-08-30T18:40:52.139315Z,79149.64,79149.65,0.01,79149.645,-0.6916169786905374600954054392
BTC-USD,2026-08-30T18:40:52.180249Z,79149.64,79149.65,0.01,79149.645,-0.6916173054106999972408465083
BTC-USD,2026-08-30T18:40:52.228722Z,79149.64,79149.65,0.01,79149.645,-0.3472384230480440896797756521
BTC-USD,2026-08-30T18:40:52.250149Z,79149.64,79149.65,0.01,79149.645,-0.1803037313760756236332177256
BTC-USD,2026-08-30T18:40:52.331853Z,79149.64,79149.65,0.01,79149.645,-0.3472384230480440896797756521
BTC-USD,2026-08-30T18:40:52.473704Z,79149.64,79149.65,0.01,79149.645,-0.6007943696056074833268299319
BTC-USD,2026-08-30T18:40:52.527574Z,79149.64,79149.65,0.01,79149.645,-0.6007946224266833937126698161
BTC-USD,2026-08-30T18:40:52.579971Z,79149.64,79149.65,0.01,79149.645,-0.6007946224266833937126698161
BTC-USD,2026-08-30T18:40:52.61795Z,79149.64,79149.65,0.01,79149.645,-0.6007946224266833937126698161
BTC-USD,2026-08-30T18:40:52.67783Z,79149.64,79149.65,0.01,79149.645,-0.6036931883732548417851992678
BTC-USD,2026-08-30T18:40:52.733555Z,79149.64,79149.65,0.01,79149.645,-0.6035195661339977673780001699
BTC-USD,2026-08-30T18:40:52.768761Z,79149.64,79149.65,0.01,79149.645,-0.6035195661339977673780001699
BTC-USD,2026-08-30T18:40:52.828541Z,79149.64,79149.65,0.01,79149.645,-0.6035195661339977673780001699
BTC-USD,2026-08-30T18:40:52.873348Z,79149.64,79149.65,0.01,79149.645,-0.6035195661339977673780001699
BTC-USD,2026-08-30T18:40:52.918768Z,79149.64,79149.65,0.01,79149.645,-0.6035195661339977673780001699
BTC-USD,2026-08-30T18:40:52.960553Z,79149.64,79149.65,0.01,79149.645,-0.6035195661339977673780001699
BTC-USD,2026-08-30T18:40:53.012523Z,79149.64,79149.65,0.01,79149.645,-0.6035195661339977673780001699
BTC-USD,2026-08-30T18:40:53.069039Z,79149.64,79149.65,0.01,79149.645,-0.6035195661339977673780001699
BTC-USD,2026-08-30T18:40:53.08624Z,79149.64,79149.65,0.01,79149.645,-0.6038475117518525533240630692
BTC-USD,2026-08-30T18:40:53.170139Z,79149.64,79149.65,0.01,79149.645,-0.7107602738652005398439537809
BTC-USD,2026-08-30T18:40:53.208869Z,79149.64,79149.65,0.01,79149.645,-0.7107602738652005398439537809
BTC-USD,2026-08-30T18:40:53.284326Z,79149.64,79149.65,0.01,79149.645,-0.5058341119623097004135291652
BTC-USD,2026-08-30T18:40:53.324186Z,79149.64,79149.65,0.01,79149.645,-0.5058341119623097004135291652
BTC-USD,2026-08-30T18:40:53.377388Z,79149.64,79149.65,0.01,79149.645,-0.5058341119623097004135291652
BTC-USD,2026-08-30T18:40:53.475148Z,79149.64,79149.65,0.01,79149.645,-0.5058344011527023867989439163
BTC-USD,2026-08-30T18:40:53.578131Z,79149.64,79149.65,0.01,79149.645,-0.6966836675068950265912498786
BTC-USD,2026-08-30T18:40:53.637435Z,79149.64,79149.65,0.01,79149.645,-0.4819035894258553000210989992
BTC-USD,2026-08-30T18:40:53.660607Z,79149.64,79149.65,0.01,79149.645,-0.4819035894258553000210989992
BTC-USD,2026-08-30T18:40:53.709273Z,79149.64,79149.65,0.01,79149.645,-0.6966836675068950265912498786
BTC-USD,2026-08-30T18:40:53.758247Z,79149.64,79149.65,0.01,79149.645,-0.6965855327820533827455815771
BTC-USD,2026-08-30T18:40:53.812385Z,79149.64,79149.65,0.01,79149.645,-0.6965855327820533827455815771
BTC-USD,2026-08-30T18:40:53.86248Z,79149.64,79149.65,0.01,79149.645,-0.6965855327820533827455815771
BTC-USD,2026-08-30T18:40:53.931627Z,79149.64,79149.65,0.01,79149.645,-0.6965855327820533827455815771
BTC-USD,2026-08-30T18:40:53.982261Z,79149.64,79149.65,0.01,79149.645,-0.6965855327820533827455815771
BTC-USD,2026-08-30T18:40:54.032916Z,79149.64,79149.65,0.01,79149.645,-0.6965855327820533827455815771
BTC-USD,2026-08-30T18:40:54.074894Z,79149.64,79149.65,0.01,79149.645,-0.6965855327820533827455815771
BTC-USD,2026-08-30T18:40:54.110981Z,79149.64,79149.65,0.01,79149.645,-0.6965855327820533827455815771
BTC-USD,2026-08-30T18:40:54.232577Z,79149.64,79149.65,0.01,79149.645,-0.6965855327820533827455815771
BTC-USD,2026-08-30T18:40:54.275132Z,79149.64,79149.65,0.01,79149.645,-0.6965855327820533827455815771
BTC-USD,2026-08-30T18:40:54.332397Z,79149.64,79149.65,0.01,79149.645,-0.6965855327820533827455815771
BTC-USD,2026-08-30T18:40:54.383366Z,79149.64,79149.65,0.01,79149.645,-0.6965855327820533827455815771
BTC-USD,2026-08-30T18:40:54.427047Z,79149.64,79149.65,0.01,79149.645,-0.6965855327820533827455815771
BTC-USD,2026-08-30T18:40:54.450471Z,79149.64,79149.65,0.01,79149.645,-0.6965855327820533827455815771
BTC-USD,2026-08-30T18:40:54.494804Z,79149.64,79149.65,0.01,79149.645,-0.6965865812718096041067107237
BTC-USD,2026-08-30T18:40:54.554518Z,79149.64,79149.65,0.01,79149.645,-0.6965865812718096041067107237
BTC-USD,2026-08-30T18:40:54.606469Z,79149.64,79149.65,0.01,79149.645,-0.6965865812718096041067107237
BTC-USD,2026-08-30T18:40:54.660252Z,79149.64,79149.65,0.01,79149.645,-0.6965865812718096041067107237
BTC-USD,2026-08-30T18:40:54.713344Z,79149.64,79149.65,0.01,79149.645,-0.6965865812718096041067107237
BTC-USD,2026-08-30T18:40:54.739716Z,79149.64,79149.65,0.01,79149.645,-0.6965865812718096041067107237
BTC-USD,2026-08-30T18:40:54.830748Z,79149.64,79149.65,0.01,79149.645,-0.6942403064990335504861870543
BTC-USD,2026-08-30T18:40:54.867574Z,79149.64,79149.65,0.01,79149.645,-0.6942403064990335504861870543
BTC-USD,2026-08-30T18:40:54.911478Z,79149.64,79149.65,0.01,79149.645,-0.6942403064990335504861870543
BTC-USD,2026-08-30T18:40:54.986746Z,79149.64,79149.65,0.01,79149.645,-0.6942403064990335504861870543
BTC-USD,2026-08-30T18:40:55.023282Z,79149.64,79149.65,0.01,79149.645,-0.6942403064990335504861870543
BTC-USD,2026-08-30T18:40:55.072639Z,79149.64,79149.65,0.01,79149.645,-0.6942403064990335504861870543
BTC-USD,2026-08-30T18:40:55.15951Z,79149.64,79149.65,0.01,79149.645,-0.6942403064990335504861870543
BTC-USD,2026-08-30T18:40:55.201935Z,79149.64,79149.65,0.01,79149.645,-0.6942403064990335504861870543
BTC-USD,2026-08-30T18:40:55.258503Z,79149.64,79149.65,0.01,79149.645,-0.6942403064990335504861870543
BTC-USD,2026-08-30T18:40:55.300534Z,79149.64,79149.65,0.01,79149.645,-0.6942403064990335504861870543
BTC-USD,2026-08-30T18:40:55.384485Z,79149.64,79149.65,0.01,79149.645,-0.6942403064990335504861870543
BTC-USD,2026-08-30T18:40:55.422808Z,79149.64,79149.65,0.01,79149.645,-0.7880279039150420901524816377
BTC-USD,2026-08-30T18:40:55.4578Z,79149.64,79149.65,0.01,79149.645,-0.7880279039150420901524816377
BTC-USD,2026-08-30T18:40:55.525321Z,79149.64,79149.65,0.01,79149.645,-0.7992761974353666911025726135
BTC-USD,2026-08-30T18:40:55.559906Z,79149.64,79149.65,0.01,79149.645,-0.8117900495319196046521655306
BTC-USD,2026-08-30T18:40:55.608845Z,79149.64,79149.65,0.01,79149.645,-0.8117900495319196046521655306
BTC-USD,2026-08-30T18:40:55.662133Z,79149.64,79149.65,0.01,79149.645,-0.8117116946084027842821507865
BTC-USD,2026-08-30T18:40:55.756009Z,79149.64,79149.65,0.01,79149.645,-0.8109303716787475750518690605
BTC-USD,2026-08-30T18:40:55.829263Z,79149.64,79149.65,0.01,79149.645,-0.8109303716787475750518690605
BTC-USD,2026-08-30T18:40:55.858728Z,79149.64,79149.65,0.01,79149.645,-0.8109303716787475750518690605
BTC-USD,2026-08-30T18:40:55.90961Z,79149.64,79149.65,0.01,79149.645,-0.8109303716787475750518690605
BTC-USD,2026-08-30T18:40:55.970615Z,79149.64,79149.65,0.01,79149.645,-0.8109303716787475750518690605
BTC-USD,2026-08-30T18:40:56.030298Z,79149.64,79149.65,0.01,79149.645,-0.8109303716787475750518690605
BTC-USD,2026-08-30T18:40:56.079432Z,79149.64,79149.65,0.01,79149.645,-0.8109303716787475750518690605
BTC-USD,2026-08-30T18:40:56.118507Z,79149.64,79149.65,0.01,79149.645,-0.8109303716787475750518690605
BTC-USD,2026-08-30T18:40:56.175515Z,79149.64,79149.65,0.01,79149.645,-0.8109303716787475750518690605
BTC-USD,2026-08-30T18:40:56.212621Z,79149.64,79149.65,0.01,79149.645,-0.7055074775452162056993210259
BTC-USD,2026-08-30T18:40:56.270093Z,79149.64,79149.65,0.01,79149.645,-0.7055074775452162056993210259
BTC-USD,2026-08-30T18:40:56.381759Z,79149.64,79149.65,0.01,79149.645,-0.7055074775452162056993210259
BTC-USD,2026-08-30T18:40:56.433233Z,79149.64,79149.65,0.01,79149.645,-0.7055074775452162056993210259
BTC-USD,2026-08-30T18:40:56.456754Z,79149.64,79149.65,0.01,79149.645,-0.7055074775452162056993210259
BTC-USD,2026-08-30T18:40:56.526765Z,79149.64,79149.65,0.01,79149.645,-0.6275487189150206117239129895
BTC-USD,2026-08-30T18:40:56.579031Z,79149.64,79149.65,0.01,79149.645,-0.7232837965822431628990657195
BTC-USD,2026-08-30T18:40:56.616738Z,79149.64,79149.65,0.01,79149.645,-0.7232837965822431628990657195
BTC-USD,2026-08-30T18:40:56.671017Z,79149.64,79149.65,0.01,79149.645,-0.7232837965822431628990657195
BTC-USD,2026-08-30T18:40:56.694938Z,79149.64,79149.65,0.01,79149.645,-0.7232837965822431628990657195
BTC-USD,2026-08-30T18:40:56.760733Z,79149.64,79149.65,0.01,79149.645,-0.7229298943950910571805447322
BTC-USD,2026-08-30T18:40:56.834487Z,79149.64,79149.65,0.01,79149.645,-0.7229298943950910571805447322
BTC-USD,2026-08-30T18:40:56.886361Z,79149.64,79149.65,0.01,79149.645,-0.7229298943950910571805447322
BTC-USD,2026-08-30T18:40:56.892907Z,79149.64,79149.65,0.01,79149.645,-0.7229298943950910571805447322
BTC-USD,2026-08-30T18:40:56.974403Z,79149.64,79149.65,0.01,79149.645,-0.6272334643228951581471251249
BTC-USD,2026-08-30T18:40:57.009371Z,79149.64,79149.65,0.01,79149.645,-0.6272334643228951581471251249
BTC-USD,2026-08-30T18:40:57.067778Z,79149.64,79149.65,0.01,79149.645,-0.6272334643228951581471251249
BTC-USD,2026-08-30T18:40:57.084977Z,79149.64,79149.65,0.01,79149.645,-0.6272334643228951581471251249
BTC-USD,2026-08-30T18:40:57.1486Z,79149.64,79149.65,0.01,79149.645,-0.6272334643228951581471251249
BTC-USD,2026-08-30T18:40:57.200265Z,79149.64,79149.65,0.01,79149.645,-0.6272334643228951581471251249
BTC-USD,2026-08-30T18:40:57.256786Z,79149.64,79149.65,0.01,79149.645,-0.6272334643228951581471251249
BTC-USD,2026-08-30T18:40:57.308918Z,79149.64,79149.65,0.01,79149.645,-0.6272334643228951581471251249
BTC-USD,2026-08-30T18:40:57.379708Z,79149.64,79149.65,0.01,79149.645,-0.7229301955632560787203360635
BTC-USD,2026-08-30T18:40:57.426236Z,79149.64,79149.65,0.01,79149.645,-0.7229301955632560787203360635
BTC-USD,2026-08-30T18:40:57.46433Z,79149.64,79149.65,0.01,79149.645,-0.7229301955632560787203360635
BTC-USD,2026-08-30T18:40:57.537124Z,79149.64,79149.65,0.01,79149.645,-0.7229301955632560787203360635
BTC-USD,2026-08-30T18:40:57.564209Z,79149.64,79149.65,0.01,79149.645,-0.7229301955632560787203360635
BTC-USD,2026-08-30T18:40:57.593317Z,79149.64,79149.65,0.01,79149.645,-0.7229311851165396090435684534
BTC-USD,2026-08-30T18:40:57.661144Z,79149.64,79149.65,0.01,79149.645,-0.7229311851165396090435684534
BTC-USD,2026-08-30T18:40:57.754546Z,79149.64,79149.65,0.01,79149.645,-0.7227545463531983031046285895
BTC-USD,2026-08-30T18:40:57.829552Z,79149.64,79149.65,0.01,79149.645,-0.7227545463531983031046285895
BTC-USD,2026-08-30T18:40:57.868789Z,79149.64,79149.65,0.01,79149.645,-0.7227545463531983031046285895
BTC-USD,2026-08-30T18:40:57.894445Z,79149.64,79149.65,0.01,79149.645,-0.7227545463531983031046285895
BTC-USD,2026-08-30T18:40:57.965915Z,79149.64,79149.65,0.01,79149.645,-0.7227545463531983031046285895
BTC-USD,2026-08-30T18:40:58.020911Z,79149.64,79149.65,0.01,79149.645,-0.7227545463531983031046285895
BTC-USD,2026-08-30T18:40:58.084272Z,79149.64,79149.65,0.01,79149.645,-0.4276492076790940543850774236
BTC-USD,2026-08-30T18:40:58.130341Z,79149.64,79149.65,0.01,79149.645,-0.4433878736219631538111064725
BTC-USD,2026-08-30T18:40:58.183323Z,79149.64,79149.65,0.01,79149.645,-0.5147793251981212423729105095
BTC-USD,2026-08-30T18:40:58.228092Z,79149.64,79149.65,0.01,79149.645,-0.3767591592307633966344800864
BTC-USD,2026-08-30T18:40:58.269752Z,79149.64,79149.65,0.01,79149.645,-0.3767591592307633966344800864
BTC-USD,2026-08-30T18:40:58.324752Z,79149.64,79149.65,0.01,79149.645,-0.4392136416298329648350182263
BTC-USD,2026-08-30T18:40:58.375571Z,79149.64,79149.65,0.01,79149.645,-0.3767591592307633966344800864
BTC-USD,2026-08-30T18:40:58.432085Z,79149.64,79149.65,0.01,79149.645,-0.3767591592307633966344800864
BTC-USD,2026-08-30T18:40:58.464624Z,79149.64,79149.65,0.01,79149.645,-0.3767591592307633966344800864
BTC-USD,2026-08-30T18:40:58.524428Z,79149.64,79149.65,0.01,79149.645,-0.3767591592307633966344800864
BTC-USD,2026-08-30T18:40:58.566856Z,79149.64,79149.65,0.01,79149.645,-0.3767591592307633966344800864
BTC-USD,2026-08-30T18:40:58.624815Z,79149.64,79149.65,0.01,79149.645,-0.3767591592307633966344800864
BTC-USD,2026-08-30T18:40:58.664379Z,79149.64,79149.65,0.01,79149.645,-0.3767591592307633966344800864
BTC-USD,2026-08-30T18:40:58.735656Z,79149.64,79149.65,0.01,79149.645,-0.5880659681118007026681652582
BTC-USD,2026-08-30T18:40:58.781142Z,79149.64,79149.65,0.01,79149.645,-0.6733576394436936834948529569
BTC-USD,2026-08-30T18:40:58.83639Z,79149.64,79149.65,0.01,79149.645,-0.5879823296034648117209554783
BTC-USD,2026-08-30T18:40:58.878945Z,79149.64,79149.65,0.01,79149.645,-0.5879823296034648117209554783
BTC-USD,2026-08-30T18:40:58.930079Z,79149.64,79149.65,0.01,79149.645,-0.6348839907747420948712241827
BTC-USD,2026-08-30T18:40:58.980631Z,79149.64,79149.65,0.01,79149.645,-0.5879826951727234210132939569
BTC-USD,2026-08-30T18:40:59.013633Z,79149.64,79149.65,0.01,79149.645,-0.5879826951727234210132939569
BTC-USD,2026-08-30T18:40:59.080698Z,79149.64,79149.65,0.01,79149.645,-0.5879826951727234210132939569
BTC-USD,2026-08-30T18:40:59.131103Z,79149.64,79149.65,0.01,79149.645,-0.5879826951727234210132939569
BTC-USD,2026-08-30T18:40:59.182555Z,79149.64,79149.65,0.01,79149.645,-0.5879826951727234210132939569
BTC-USD,2026-08-30T18:40:59.233396Z,79149.64,79149.65,0.01,79149.645,-0.5879835481683147359868278938
BTC-USD,2026-08-30T18:40:59.278055Z,79149.64,79149.65,0.01,79149.645,-0.7089777405152286014485389061
BTC-USD,2026-08-30T18:40:59.321699Z,79149.64,79149.65,0.01,79149.645,-0.7089777405152286014485389061
BTC-USD,2026-08-30T18:40:59.378067Z,79149.64,79149.65,0.01,79149.645,-0.6689585401228293897848131472
BTC-USD,2026-08-30T18:40:59.424549Z,79149.64,79149.65,0.01,79149.645,-0.8060396395399734450844692541
BTC-USD,2026-08-30T18:40:59.483435Z,79149.64,79149.65,0.01,79149.645,-0.8060396395399734450844692541
BTC-USD,2026-08-30T18:40:59.522994Z,79149.64,79149.65,0.01,79149.645,-0.8060396395399734450844692541
BTC-USD,2026-08-30T18:40:59.561313Z,79149.64,79149.65,0.01,79149.645,-0.8060396395399734450844692541
BTC-USD,2026-08-30T18:40:59.62383Z,79149.64,79149.65,0.01,79149.645,-0.7903023840336545679321853092
BTC-USD,2026-08-30T18:40:59.653784Z,79149.64,79149.65,0.01,79149.645,-0.7903023840336545679321853092
BTC-USD,2026-08-30T18:40:59.776136Z,79149.64,79149.65,0.01,79149.645,-0.7791671913932820665111794832
BTC-USD,2026-08-30T18:40:59.798961Z,79149.64,79149.65,0.01,79149.645,-0.7791671913932820665111794832
BTC-USD,2026-08-30T18:40:59.882261Z,79149.64,79149.65,0.01,79149.645,-0.7791671913932820665111794832
BTC-USD,2026-08-30T18:40:59.981915Z,79149.64,79149.65,0.01,79149.645,-0.7791671913932820665111794832
BTC-USD,2026-08-30T18:41:00.035849Z,79149.64,79149.65,0.01,79149.645,-0.7791657224236155498894645902
BTC-USD,2026-08-30T18:41:00.062761Z,79149.64,79149.65,0.01,79149.645,-0.7888127370614068485200633461
BTC-USD,2026-08-30T18:41:00.106946Z,79149.64,79149.65,0.01,79149.645,-0.7888127370614068485200633461
BTC-USD,2026-08-30T18:41:00.188468Z,79149.64,79149.65,0.01,79149.645,-0.7933055178291921521438907752
BTC-USD,2026-08-30T18:41:00.226712Z,79149.64,79149.65,0.01,79149.645,-0.8045775388416692377076744859
BTC-USD,2026-08-30T18:41:00.275877Z,79149.64,79149.65,0.01,79149.645,-0.8045775388416692377076744859
BTC-USD,2026-08-30T18:41:00.324524Z,79149.64,79149.65,0.01,79149.645,-0.8046624473567228270527629993
BTC-USD,2026-08-30T18:41:00.375645Z,79149.64,79149.65,0.01,79149.645,-0.8046624473567228270527629993
BTC-USD,2026-08-30T18:41:00.424004Z,79149.64,79149.65,0.01,79149.645,-0.8046285663792128772636937949
BTC-USD,2026-08-30T18:41:00.477512Z,79149.64,79149.65,0.01,79149.645,-0.8046285663792128772636937949
BTC-USD,2026-08-30T18:41:00.529039Z,79149.64,79149.65,0.01,79149.645,-0.8046285663792128772636937949
BTC-USD,2026-08-30T18:41:00.574987Z,79149.64,79149.65,0.01,79149.645,-0.8046285663792128772636937949
BTC-USD,2026-08-30T18:41:00.610849Z,79149.64,79149.65,0.01,79149.645,-0.8046285663792128772636937949
BTC-USD,2026-08-30T18:41:00.67355Z,79149.64,79149.65,0.01,79149.645,-0.8046285663792128772636937949
BTC-USD,2026-08-30T18:41:00.700952Z,79148.84,79149.65,0.81,79149.245,-0.7947240732299282374014047910
BTC-USD,2026-08-30T18:41:00.74981Z,79142.36,79145.24,2.88,79143.80,-0.4092363768837287753774360296
BTC-USD,2026-08-30T18:41:00.814445Z,79142.36,79145.24,2.88,79143.80,-0.4092363768837287753774360296
BTC-USD,2026-08-30T18:41:00.853702Z,79142.36,79142.37,0.01,79142.365,-0.07103223364714362979036557060
BTC-USD,2026-08-30T18:41:00.918605Z,79142.36,79142.37,0.01,79142.365,0.05467456601193309751168972353
BTC-USD,2026-08-30T18:41:00.964916Z,79142.36,79142.37,0.01,79142.365,0.04902455071802189518657980484
BTC-USD,2026-08-30T18:41:01.006543Z,79142.36,79142.37,0.01,79142.365,0.04902455071802189518657980484
BTC-USD,2026-08-30T18:41:01.05992Z,79142.36,79142.37,0.01,79142.365,-0.1733813476233873419400905687
BTC-USD,2026-08-30T18:41:01.083802Z,79142.36,79142.37,0.01,79142.365,-0.1733813476233873419400905687
BTC-USD,2026-08-30T18:41:01.175639Z,79142.36,79142.37,0.01,79142.365,-0.1733813476233873419400905687
BTC-USD,2026-08-30T18:41:01.219579Z,79142.36,79142.37,0.01,79142.365,-0.1733813476233873419400905687
BTC-USD,2026-08-30T18:41:01.264682Z,79140,79140.01,0.01,79140.005,-0.3015525004086812696843401508
BTC-USD,2026-08-30T18:41:01.313373Z,79129.98,79133.48,3.50,79131.73,0.4209782501999924321615161591
BTC-USD,2026-08-30T18:41:01.362144Z,79130.61,79132.09,1.48,79131.35,0.4567402018478154308588107034
BTC-USD,2026-08-30T18:41:01.401106Z,79131.36,79131.37,0.01,79131.365,0.2565257233509707474604782054
BTC-USD,2026-08-30T18:41:01.446852Z,79131.36,79131.37,0.01,79131.365,0.2565257233509707474604782054
BTC-USD,2026-08-30T18:41:01.519643Z,79130.05,79131.36,1.31,79130.705,0.6502098854885200316752811723
BTC-USD,2026-08-30T18:41:01.559289Z,79129.98,79131.36,1.38,79130.67,0.6420734561046946485912206579
BTC-USD,2026-08-30T18:41:01.626817Z,79129.98,79131.36,1.38,79130.67,0.5973276863760815616382316483
BTC-USD,2026-08-30T18:41:01.662515Z,79129.98,79131.36,1.38,79130.67,0.5973276863760815616382316483
BTC-USD,2026-08-30T18:41:01.676469Z,79129.98,79131.36,1.38,79130.67,0.5973276863760815616382316483
BTC-USD,2026-08-30T18:41:01.776552Z,79129.98,79131.36,1.38,79130.67,0.6260459669269717003834829884
BTC-USD,2026-08-30T18:41:01.829089Z,79131.34,79131.35,0.01,79131.345,0.4145111504648848698827233048
BTC-USD,2026-08-30T18:41:01.877863Z,79131.34,79131.35,0.01,79131.345,0.6006922303648975799475535801
BTC-USD,2026-08-30T18:41:01.910078Z,79129.98,79131.35,1.37,79130.665,0.4734557254597176653065775239
BTC-USD,2026-08-30T18:41:01.964052Z,79129.98,79131.34,1.36,79130.66,0.4910906545836601087641786600
BTC-USD,2026-08-30T18:41:02.017785Z,79129.98,79131.34,1.36,79130.66,0.4910906545836601087641786600
BTC-USD,2026-08-30T18:41:02.070796Z,79129.98,79131.34,1.36,79130.66,0.4910906545836601087641786600
BTC-USD,2026-08-30T18:41:02.081869Z,79129.98,79131.34,1.36,79130.66,0.4910906545836601087641786600
BTC-USD,2026-08-30T18:41:02.158581Z,79130.04,79131.34,1.30,79130.69,0.4190390339177078527617530462
BTC-USD,2026-08-30T18:41:02.217819Z,79130.09,79131.18,1.09,79130.635,0.4693777439608225111911871090
BTC-USD,2026-08-30T18:41:02.285034Z,79131.11,79131.34,0.23,79131.225,-0.1720371836558632572425756026
BTC-USD,2026-08-30T18:41:02.323333Z,79131.11,79131.34,0.23,79131.225,-0.3834662416988777072078243141
BTC-USD,2026-08-30T18:41:02.334919Z,79131.33,79131.34,0.01,79131.335,-0.4544421375233829713401608893
BTC-USD,2026-08-30T18:41:02.423721Z,79131.33,79131.34,0.01,79131.335,-0.4841840709400667458094079176
BTC-USD,2026-08-30T18:41:02.471617Z,79131.33,79131.34,0.01,79131.335,0.1670682341643640921225181928
BTC-USD,2026-08-30T18:41:02.52952Z,79131.33,79131.34,0.01,79131.335,-0.4667096425665354651857351446
BTC-USD,2026-08-30T18:41:02.543209Z,79131.33,79131.34,0.01,79131.335,-0.4667096425665354651857351446
BTC-USD,2026-08-30T18:41:02.641454Z,79131.33,79131.34,0.01,79131.335,-0.4667098365545588720914511223
BTC-USD,2026-08-30T18:41:02.66305Z,79131.33,79131.34,0.01,79131.335,-0.4667098365545588720914511223
BTC-USD,2026-08-30T18:41:02.821072Z,79131.33,79131.34,0.01,79131.335,-0.4690682154589883132113483863
BTC-USD,2026-08-30T18:41:02.923348Z,79131.33,79131.34,0.01,79131.335,-0.4690684717185152579351788944
BTC-USD,2026-08-30T18:41:02.958859Z,79131.33,79131.34,0.01,79131.335,-0.4690684717185152579351788944
BTC-USD,2026-08-30T18:41:02.98121Z,79131.33,79131.34,0.01,79131.335,-0.4690684717185152579351788944
BTC-USD,2026-08-30T18:41:03.056271Z,79131.33,79131.34,0.01,79131.335,-0.4690684717185152579351788944
BTC-USD,2026-08-30T18:41:03.076187Z,79131.33,79131.34,0.01,79131.335,-0.4690684717185152579351788944
BTC-USD,2026-08-30T18:41:03.119107Z,79131.33,79131.34,0.01,79131.335,-0.4690684717185152579351788944
BTC-USD,2026-08-30T18:41:03.198334Z,79131.33,79131.34,0.01,79131.335,-0.5293122104944056837158568888
BTC-USD,2026-08-30T18:41:03.264996Z,79131.33,79131.34,0.01,79131.335,-0.5293122104944056837158568888
BTC-USD,2026-08-30T18:41:03.320543Z,79131.33,79131.34,0.01,79131.335,-0.5292069653523557669552125261
BTC-USD,2026-08-30T18:41:03.375937Z,79131.33,79131.34,0.01,79131.335,-0.5292069653523557669552125261
BTC-USD,2026-08-30T18:41:03.391919Z,79131.33,79131.34,0.01,79131.335,-0.5292069653523557669552125261
BTC-USD,2026-08-30T18:41:03.467237Z,79131.33,79131.34,0.01,79131.335,-0.5292069653523557669552125261
BTC-USD,2026-08-30T18:41:03.530593Z,79131.33,79131.34,0.01,79131.335,-0.6638341437939220540784004165
BTC-USD,2026-08-30T18:41:03.565302Z,79131.33,79131.34,0.01,79131.335,-0.6638341437939220540784004165
BTC-USD,2026-08-30T18:41:03.633042Z,79131.33,79131.34,0.01,79131.335,-0.6638341437939220540784004165
BTC-USD,2026-08-30T18:41:03.676119Z,79131.33,79131.34,0.01,79131.335,-0.6638341437939220540784004165
BTC-USD,2026-08-30T18:41:03.6982Z,79131.33,79131.34,0.01,79131.335,-0.6638351838552466531890479454
BTC-USD,2026-08-30T18:41:03.773689Z,79131.33,79131.34,0.01,79131.335,-0.6638347038267814184904710753
BTC-USD,2026-08-30T18:41:03.812967Z,79131.33,79131.34,0.01,79131.335,-0.6638347038267814184904710753
BTC-USD,2026-08-30T18:41:03.87743Z,79131.33,79131.34,0.01,79131.335,-0.5292074384229660849462019644
BTC-USD,2026-08-30T18:41:03.919819Z,79131.33,79131.34,0.01,79131.335,-0.5292074384229660849462019644
BTC-USD,2026-08-30T18:41:03.952568Z,79131.33,79131.34,0.01,79131.335,-0.5292077425399415646939825114
BTC-USD,2026-08-30T18:41:04.069892Z,79131.33,79131.34,0.01,79131.335,-0.5292077425399415646939825114
BTC-USD,2026-08-30T18:41:04.107386Z,79131.33,79131.34,0.01,79131.335,-0.5292077425399415646939825114
BTC-USD,2026-08-30T18:41:04.166703Z,79131.33,79131.34,0.01,79131.335,-0.5292077425399415646939825114
BTC-USD,2026-08-30T18:41:04.198922Z,79131.33,79131.34,0.01,79131.335,-0.5292077425399415646939825114
BTC-USD,2026-08-30T18:41:04.269219Z,79131.33,79131.34,0.01,79131.335,-0.5292077425399415646939825114
BTC-USD,2026-08-30T18:41:04.319412Z,79131.33,79131.34,0.01,79131.335,-0.5292077425399415646939825114
BTC-USD,2026-08-30T18:41:04.367019Z,79131.33,79131.34,0.01,79131.335,-0.5292077425399415646939825114
BTC-USD,2026-08-30T18:41:04.423606Z,79131.33,79131.34,0.01,79131.335,-0.5292077425399415646939825114
BTC-USD,2026-08-30T18:41:04.445368Z,79131.33,79131.34,0.01,79131.335,-0.5292077425399415646939825114
BTC-USD,2026-08-30T18:41:04.503412Z,79131.33,79131.34,0.01,79131.335,-0.5292077425399415646939825114
BTC-USD,2026-08-30T18:41:04.565308Z,79131.33,79131.34,0.01,79131.335,-0.5292077425399415646939825114
BTC-USD,2026-08-30T18:41:04.597109Z,79131.33,79131.34,0.01,79131.335,-0.5292077425399415646939825114
BTC-USD,2026-08-30T18:41:04.654047Z,79131.33,79131.34,0.01,79131.335,-0.5292077425399415646939825114
BTC-USD,2026-08-30T18:41:04.71681Z,79131.33,79131.34,0.01,79131.335,-0.5292077425399415646939825114
BTC-USD,2026-08-30T18:41:04.776441Z,79131.33,79131.34,0.01,79131.335,-0.5267465374535975221920145877
BTC-USD,2026-08-30T18:41:04.829039Z,79131.33,79131.34,0.01,79131.335,-0.5267468742746638129854892059
BTC-USD,2026-08-30T18:41:04.873972Z,79131.33,79131.34,0.01,79131.335,-0.6630397332826121395671171710
BTC-USD,2026-08-30T18:41:04.927523Z,79131.33,79131.34,0.01,79131.335,-0.6200824048984340698166158917
BTC-USD,2026-08-30T18:41:04.972869Z,79131.33,79131.34,0.01,79131.335,-0.6241783990945014793780654898
BTC-USD,2026-08-30T18:41:05.012525Z,79131.33,79131.34,0.01,79131.335,-0.6241783990945014793780654898
BTC-USD,2026-08-30T18:41:05.040706Z,79131.33,79131.34,0.01,79131.335,-0.7207424409878306134019566493
BTC-USD,2026-08-30T18:41:05.058116Z,79131.33,79131.34,0.01,79131.335,-0.7207424409878306134019566493
BTC-USD,2026-08-30T18:41:05.144211Z,79131.33,79131.34,0.01,79131.335,-0.8364997600360795790522889882
BTC-USD,2026-08-30T18:41:05.235654Z,79131.33,79131.34,0.01,79131.335,-0.8569046736223509676246499629
BTC-USD,2026-08-30T18:41:05.299536Z,79131.33,79131.34,0.01,79131.335,-0.8569046736223509676246499629
BTC-USD,2026-08-30T18:41:05.378901Z,79130.11,79130.34,0.23,79130.225,0.3605172471870710679727571795
BTC-USD,2026-08-30T18:41:05.430851Z,79130.11,79130.12,0.01,79130.115,0.5453193442551647948755618712
BTC-USD,2026-08-30T18:41:05.475611Z,79130.11,79130.12,0.01,79130.115,0.5839418366925837676338997986
BTC-USD,2026-08-30T18:41:05.512993Z,79130.11,79130.12,0.01,79130.115,0.5997956764382939247134463255
BTC-USD,2026-08-30T18:41:05.560435Z,79130.11,79130.12,0.01,79130.115,0.5999814802648886928247768491
BTC-USD,2026-08-30T18:41:05.575898Z,79130.11,79130.12,0.01,79130.115,0.5999814802648886928247768491
BTC-USD,2026-08-30T18:41:05.647911Z,79130.11,79130.12,0.01,79130.115,0.5999814802648886928247768491
BTC-USD,2026-08-30T18:41:05.672115Z,79130.11,79130.12,0.01,79130.115,0.3993570306715134565462082651
BTC-USD,2026-08-30T18:41:05.753105Z,79130.11,79130.12,0.01,79130.115,0.3993807567267241023007848176
BTC-USD,2026-08-30T18:41:05.843719Z,79130.11,79130.12,0.01,79130.115,0.3993807567267241023007848176
BTC-USD,2026-08-30T18:41:05.854095Z,79130.98,79130.99,0.01,79130.985,0.2443969440137540212857134967
BTC-USD,2026-08-30T18:41:05.872487Z,79130.99,79131.33,0.34,79131.16,0.9591980896000457580827363333
BTC-USD,2026-08-30T18:41:05.959999Z,79131.32,79131.33,0.01,79131.325,0.9467592001109157416129688490
BTC-USD,2026-08-30T18:41:06.014587Z,79131.32,79131.33,0.01,79131.325,0.8139822213986849777994483068
BTC-USD,2026-08-30T18:41:06.06438Z,79131.32,79131.33,0.01,79131.325,0.7845642055839358545958092563
BTC-USD,2026-08-30T18:41:06.090998Z,79131.32,79131.33,0.01,79131.325,0.7845642055839358545958092563
BTC-USD,2026-08-30T18:41:06.161604Z,79131.32,79131.33,0.01,79131.325,0.7847209196637085039730191607
BTC-USD,2026-08-30T18:41:06.22631Z,79131.32,79131.33,0.01,79131.325,0.7847209196637085039730191607
BTC-USD,2026-08-30T18:41:06.271386Z,79131.32,79131.33,0.01,79131.325,0.7847319432324447066458838309
BTC-USD,2026-08-30T18:41:06.31364Z,79131.32,79131.33,0.01,79131.325,0.8104052035982365405396197305
BTC-USD,2026-08-30T18:41:06.353319Z,79131.32,79131.33,0.01,79131.325,0.8104052035982365405396197305
BTC-USD,2026-08-30T18:41:06.41505Z,79131.32,79131.33,0.01,79131.325,0.8102321509398491874833234714
BTC-USD,2026-08-30T18:41:06.461156Z,79131.32,79131.33,0.01,79131.325,0.8076035758556194064924061064
BTC-USD,2026-08-30T18:41:06.524487Z,79131.32,79131.33,0.01,79131.325,0.8076035758556194064924061064
BTC-USD,2026-08-30T18:41:06.567056Z,79131.32,79131.33,0.01,79131.325,0.8076035758556194064924061064
BTC-USD,2026-08-30T18:41:06.636934Z,79131.32,79131.33,0.01,79131.325,0.7963192866380510638849486069
BTC-USD,2026-08-30T18:41:06.657045Z,79131.32,79131.33,0.01,79131.325,0.7963192866380510638849486069
BTC-USD,2026-08-30T18:41:06.727224Z,79131.32,79131.33,0.01,79131.325,0.6967577033093696735264388113
BTC-USD,2026-08-30T18:41:06.775627Z,79131.32,79131.33,0.01,79131.325,0.6967577033093696735264388113
BTC-USD,2026-08-30T18:41:06.823607Z,79131.32,79131.33,0.01,79131.325,0.7021403496680732239805423768
BTC-USD,2026-08-30T18:41:06.87556Z,79131.32,79131.33,0.01,79131.325,0.7021403496680732239805423768
BTC-USD,2026-08-30T18:41:06.927783Z,79131.32,79131.33,0.01,79131.325,0.8023532699212199523780896132
BTC-USD,2026-08-30T18:41:06.977387Z,79131.32,79131.33,0.01,79131.325,0.8023532699212199523780896132
BTC-USD,2026-08-30T18:41:07.014686Z,79131.32,79131.33,0.01,79131.325,0.8023532699212199523780896132
BTC-USD,2026-08-30T18:41:07.079272Z,79131.32,79131.33,0.01,79131.325,0.8023532350250305365100543679
BTC-USD,2026-08-30T18:41:07.096086Z,79131.32,79131.33,0.01,79131.325,0.8023530372797244226733339499
BTC-USD,2026-08-30T18:41:07.164483Z,79131.32,79131.33,0.01,79131.325,0.8023530372797244226733339499
BTC-USD,2026-08-30T18:41:07.1876Z,79131.32,79131.33,0.01,79131.325,0.8023530372797244226733339499
BTC-USD,2026-08-30T18:41:07.345406Z,79131.32,79131.33,0.01,79131.325,0.6998235331893646567611465963
BTC-USD,2026-08-30T18:41:07.361618Z,79131.32,79131.33,0.01,79131.325,0.6998235331893646567611465963
BTC-USD,2026-08-30T18:41:07.468861Z,79131.32,79131.33,0.01,79131.325,0.4646057859657290647043512809
BTC-USD,2026-08-30T18:41:07.502841Z,79131.32,79131.33,0.01,79131.325,0.4646057859657290647043512809
BTC-USD,2026-08-30T18:41:07.566636Z,79131.32,79131.33,0.01,79131.325,0.4646057859657290647043512809
BTC-USD,2026-08-30T18:41:07.640468Z,79131.32,79131.33,0.01,79131.325,0.4021532192484840005164030737
BTC-USD,2026-08-30T18:41:07.676599Z,79131.32,79131.33,0.01,79131.325,0.4021532192484840005164030737
BTC-USD,2026-08-30T18:41:07.726111Z,79131.32,79131.33,0.01,79131.325,0.4021532192484840005164030737
BTC-USD,2026-08-30T18:41:07.764596Z,79131.32,79131.33,0.01,79131.325,0.4021532192484840005164030737
BTC-USD,2026-08-30T18:41:07.826572Z,79131.32,79131.33,0.01,79131.325,0.4021532192484840005164030737
BTC-USD,2026-08-30T18:41:07.845885Z,79131.32,79131.33,0.01,79131.325,0.4021532192484840005164030737
BTC-USD,2026-08-30T18:41:07.921945Z,79131.32,79131.33,0.01,79131.325,0.4021532192484840005164030737
BTC-USD,2026-08-30T18:41:07.981211Z,79131.32,79131.33,0.01,79131.325,0.4021532192484840005164030737
BTC-USD,2026-08-30T18:41:08.022484Z,79131.32,79131.33,0.01,79131.325,0.4021532192484840005164030737
BTC-USD,2026-08-30T18:41:08.053999Z,79131.32,79131.33,0.01,79131.325,0.4021532192484840005164030737
BTC-USD,2026-08-30T18:41:08.061759Z,79131.32,79131.33,0.01,79131.325,0.4021532192484840005164030737
BTC-USD,2026-08-30T18:41:08.164939Z,79131.32,79131.33,0.01,79131.325,0.4021532192484840005164030737
BTC-USD,2026-08-30T18:41:08.181194Z,79131.32,79131.33,0.01,79131.325,0.4021531713586277583175746719
BTC-USD,2026-08-30T18:41:08.31677Z,79131.32,79131.33,0.01,79131.325,0.3990845991646449839760493445
BTC-USD,2026-08-30T18:41:08.382981Z,79131.32,79131.33,0.01,79131.325,0.3990845991646449839760493445
BTC-USD,2026-08-30T18:41:08.429554Z,79131.32,79131.33,0.01,79131.325,0.3990845991646449839760493445
BTC-USD,2026-08-30T18:41:08.47127Z,79131.32,79131.33,0.01,79131.325,0.3990845991646449839760493445
BTC-USD,2026-08-30T18:41:08.492136Z,79131.32,79131.33,0.01,79131.325,0.4143227018195318002757512757
BTC-USD,2026-08-30T18:41:08.616201Z,79131.32,79131.33,0.01,79131.325,0.4143227018195318002757512757
BTC-USD,2026-08-30T18:41:08.638258Z,79131.32,79131.33,0.01,79131.325,0.4143227018195318002757512757
BTC-USD,2026-08-30T18:41:08.70386Z,79131.32,79131.33,0.01,79131.325,0.4143227018195318002757512757
BTC-USD,2026-08-30T18:41:08.762062Z,79131.32,79131.33,0.01,79131.325,0.4143227018195318002757512757
BTC-USD,2026-08-30T18:41:08.829134Z,79131.32,79131.33,0.01,79131.325,0.4143227018195318002757512757
BTC-USD,2026-08-30T18:41:08.876055Z,79131.32,79131.33,0.01,79131.325,0.4143227018195318002757512757
BTC-USD,2026-08-30T18:41:08.927072Z,79131.32,79131.33,0.01,79131.325,0.4143227018195318002757512757
BTC-USD,2026-08-30T18:41:08.973924Z,79131.32,79131.33,0.01,79131.325,0.4143227018195318002757512757
BTC-USD,2026-08-30T18:41:09.025735Z,79131.32,79131.33,0.01,79131.325,0.4143227018195318002757512757
BTC-USD,2026-08-30T18:41:09.062069Z,79131.32,79131.33,0.01,79131.325,0.4143227018195318002757512757
BTC-USD,2026-08-30T18:41:09.131099Z,79131.32,79131.33,0.01,79131.325,0.4154710382389101418970038590
BTC-USD,2026-08-30T18:41:09.158367Z,79131.32,79131.33,0.01,79131.325,0.4154710382389101418970038590
BTC-USD,2026-08-30T18:41:09.233366Z,79131.32,79131.33,0.01,79131.325,0.4154710382389101418970038590
BTC-USD,2026-08-30T18:41:09.272974Z,79131.32,79131.33,0.01,79131.325,0.4154708339792432356063475120
BTC-USD,2026-08-30T18:41:09.320851Z,79131.32,79131.33,0.01,79131.325,0.4154708339792432356063475120
BTC-USD,2026-08-30T18:41:09.351695Z,79131.32,79131.33,0.01,79131.325,0.4154708339792432356063475120
BTC-USD,2026-08-30T18:41:09.410726Z,79131.32,79131.33,0.01,79131.325,0.4033150952805477390632110811
BTC-USD,2026-08-30T18:41:09.449051Z,79131.32,79131.33,0.01,79131.325,0.4154708339792432356063475120
BTC-USD,2026-08-30T18:41:09.50934Z,79131.32,79131.33,0.01,79131.325,0.4154708339792432356063475120
BTC-USD,2026-08-30T18:41:09.554345Z,79131.32,79131.33,0.01,79131.325,0.4154708339792432356063475120
BTC-USD,2026-08-30T18:41:09.581191Z,79131.32,79131.33,0.01,79131.325,0.4154708339792432356063475120
BTC-USD,2026-08-30T18:41:09.659725Z,79131.32,79131.33,0.01,79131.325,0.4182121028222549054699049960
BTC-USD,2026-08-30T18:41:09.759649Z,79131.32,79131.33,0.01,79131.325,0.4182121028222549054699049960
BTC-USD,2026-08-30T18:41:09.814685Z,79131.32,79131.33,0.01,79131.325,0.4182121028222549054699049960
BTC-USD,2026-08-30T18:41:09.871312Z,79131.32,79131.33,0.01,79131.325,0.4182121028222549054699049960
BTC-USD,2026-08-30T18:41:09.915983Z,79131.32,79131.33,0.01,79131.325,0.4182121028222549054699049960
BTC-USD,2026-08-30T18:41:09.96705Z,79131.32,79131.33,0.01,79131.325,0.4182121028222549054699049960
BTC-USD,2026-08-30T18:41:10.017208Z,79131.32,79131.33,0.01,79131.325,0.4182121028222549054699049960
BTC-USD,2026-08-30T18:41:10.067556Z,79131.32,79131.33,0.01,79131.325,0.4182121028222549054699049960
BTC-USD,2026-08-30T18:41:10.096867Z,79131.32,79131.33,0.01,79131.325,0.4182121028222549054699049960
BTC-USD,2026-08-30T18:41:10.117493Z,79131.32,79131.33,0.01,79131.325,0.4182121028222549054699049960
BTC-USD,2026-08-30T18:41:10.200614Z,79131.32,79131.33,0.01,79131.325,0.4182121028222549054699049960
BTC-USD,2026-08-30T18:41:10.383444Z,79131.32,79131.33,0.01,79131.325,0.3014183639147197187649274594
BTC-USD,2026-08-30T18:41:10.429436Z,79131.32,79131.33,0.01,79131.325,0.3064197906489200123329539621
BTC-USD,2026-08-30T18:41:10.464098Z,79131.32,79131.33,0.01,79131.325,0.3064197906489200123329539621
BTC-USD,2026-08-30T18:41:10.522281Z,79131.32,79131.33,0.01,79131.325,0.2928624920196728649555557166
BTC-USD,2026-08-30T18:41:10.572838Z,79131.32,79131.33,0.01,79131.325,0.3064197906489200123329539621
BTC-USD,2026-08-30T18:41:10.615763Z,79131.32,79131.33,0.01,79131.325,0.3064197906489200123329539621
BTC-USD,2026-08-30T18:41:10.671862Z,79131.32,79131.33,0.01,79131.325,0.3064197906489200123329539621
BTC-USD,2026-08-30T18:41:10.686539Z,79131.32,79131.33,0.01,79131.325,0.3064197906489200123329539621
BTC-USD,2026-08-30T18:41:10.75669Z,79131.32,79131.33,0.01,79131.325,0.3064197906489200123329539621
BTC-USD,2026-08-30T18:41:10.805147Z,79131.32,79131.33,0.01,79131.325,0.3064197906489200123329539621
BTC-USD,2026-08-30T18:41:10.878131Z,79131.32,79131.33,0.01,79131.325,0.2324366514640239634376004843
BTC-USD,2026-08-30T18:41:10.902295Z,79131.32,79131.33,0.01,79131.325,0.3072755221493886778280103860
BTC-USD,2026-08-30T18:41:10.988626Z,79131.32,79131.33,0.01,79131.325,0.3072755221493886778280103860
BTC-USD,2026-08-30T18:41:11.024388Z,79131.32,79131.33,0.01,79131.325,0.3072755221493886778280103860
BTC-USD,2026-08-30T18:41:11.06958Z,79131.32,79131.33,0.01,79131.325,0.3072755221493886778280103860
BTC-USD,2026-08-30T18:41:11.084033Z,79131.32,79131.33,0.01,79131.325,0.3072755221493886778280103860
BTC-USD,2026-08-30T18:41:11.154202Z,79131.32,79131.33,0.01,79131.325,0.3072755221493886778280103860
BTC-USD,2026-08-30T18:41:11.231496Z,79131.32,79131.33,0.01,79131.325,0.3156381406135127620930448430
BTC-USD,2026-08-30T18:41:11.269323Z,79131.32,79131.33,0.01,79131.325,0.3156381406135127620930448430
BTC-USD,2026-08-30T18:41:11.316587Z,79131.32,79131.33,0.01,79131.325,0.3156381406135127620930448430
BTC-USD,2026-08-30T18:41:11.362041Z,79131.32,79131.33,0.01,79131.325,0.3156381406135127620930448430
BTC-USD,2026-08-30T18:41:11.424182Z,79131.32,79131.33,0.01,79131.325,0.3156377231133309217861794203
BTC-USD,2026-08-30T18:41:11.463071Z,79131.32,79131.33,0.01,79131.325,0.3156377231133309217861794203
BTC-USD,2026-08-30T18:41:11.535947Z,79131.32,79131.33,0.01,79131.325,0.3156377231133309217861794203
BTC-USD,2026-08-30T18:41:11.576962Z,79131.32,79131.33,0.01,79131.325,0.3021643604087705257291737641
BTC-USD,2026-08-30T18:41:11.588242Z,79131.32,79131.33,0.01,79131.325,0.3156377231133309217861794203
BTC-USD,2026-08-30T18:41:11.664648Z,79131.32,79131.33,0.01,79131.325,0.3156377231133309217861794203
BTC-USD,2026-08-30T18:41:11.712144Z,79131.32,79131.33,0.01,79131.325,0.3156377231133309217861794203
BTC-USD,2026-08-30T18:41:11.771653Z,79131.32,79131.33,0.01,79131.325,0.3161441990108571998116573125
BTC-USD,2026-08-30T18:41:11.828063Z,79131.32,79131.33,0.01,79131.325,0.3161441990108571998116573125
BTC-USD,2026-08-30T18:41:11.859416Z,79131.32,79131.33,0.01,79131.325,0.3161441990108571998116573125
BTC-USD,2026-08-30T18:41:11.920357Z,79131.32,79131.33,0.01,79131.325,0.3161441990108571998116573125
BTC-USD,2026-08-30T18:41:11.9589Z,79131.32,79131.33,0.01,79131.325,0.3161441990108571998116573125
BTC-USD,2026-08-30T18:41:12.019042Z,79131.32,79131.33,0.01,79131.325,0.3161441990108571998116573125
BTC-USD,2026-08-30T18:41:12.059714Z,79131.32,79131.33,0.01,79131.325,0.3161441990108571998116573125
BTC-USD,2026-08-30T18:41:12.110791Z,79131.32,79131.33,0.01,79131.325,0.3161441990108571998116573125
BTC-USD,2026-08-30T18:41:12.162441Z,79131.32,79131.33,0.01,79131.325,0.3161441990108571998116573125
BTC-USD,2026-08-30T18:41:12.225236Z,79131.32,79131.33,0.01,79131.325,0.3161441990108571998116573125
BTC-USD,2026-08-30T18:41:12.273502Z,79131.32,79131.33,0.01,79131.325,0.3161441990108571998116573125
BTC-USD,2026-08-30T18:41:12.31247Z,79131.32,79131.33,0.01,79131.325,0.2677618805278209975746279372
BTC-USD,2026-08-30T18:41:12.36945Z,79131.32,79131.33,0.01,79131.325,0.3310154199428809561964982875
BTC-USD,2026-08-30T18:41:12.417376Z,79131.32,79131.33,0.01,79131.325,0.1831982516030500262826164321
BTC-USD,2026-08-30T18:41:12.452726Z,79131.32,79131.33,0.01,79131.325,0.1831982516030500262826164321
BTC-USD,2026-08-30T18:41:12.519594Z,79131.32,79131.33,0.01,79131.325,0.1831979591159247161960881258
BTC-USD,2026-08-30T18:41:12.569823Z,79131.32,79131.33,0.01,79131.325,0.1831979591159247161960881258
BTC-USD,2026-08-30T18:41:12.602231Z,79131.32,79131.33,0.01,79131.325,0.1831979591159247161960881258
BTC-USD,2026-08-30T18:41:12.682722Z,79131.32,79131.33,0.01,79131.325,0.1831979591159247161960881258
BTC-USD,2026-08-30T18:41:12.731447Z,79131.32,79131.33,0.01,79131.325,0.1831979591159247161960881258
BTC-USD,2026-08-30T18:41:12.756077Z,79131.32,79131.33,0.01,79131.325,0.1831979591159247161960881258
BTC-USD,2026-08-30T18:41:12.826863Z,79131.32,79131.33,0.01,79131.325,0.1831963762407887933151783633
BTC-USD,2026-08-30T18:41:12.860814Z,79131.32,79131.33,0.01,79131.325,0.1831963762407887933151783633
BTC-USD,2026-08-30T18:41:12.934391Z,79131.32,79131.33,0.01,79131.325,0.1831963762407887933151783633
BTC-USD,2026-08-30T18:41:12.975978Z,79131.32,79131.33,0.01,79131.325,0.1751367373807792327356871955
BTC-USD,2026-08-30T18:41:13.026989Z,79131.32,79131.33,0.01,79131.325,0.1753234766343628134279361382
BTC-USD,2026-08-30T18:41:13.074323Z,79131.32,79131.33,0.01,79131.325,0.1486299137710293271612943989
BTC-USD,2026-08-30T18:41:13.099516Z,79131.32,79131.33,0.01,79131.325,0.1486299137710293271612943989
BTC-USD,2026-08-30T18:41:13.153518Z,79131.32,79131.33,0.01,79131.325,0.1486299137710293271612943989
BTC-USD,2026-08-30T18:41:13.220689Z,79131.32,79131.33,0.01,79131.325,0.1486299137710293271612943989
BTC-USD,2026-08-30T18:41:13.27425Z,79131.32,79131.33,0.01,79131.325,0.1486299137710293271612943989
BTC-USD,2026-08-30T18:41:13.332323Z,79131.32,79131.33,0.01,79131.325,0.1486299137710293271612943989
BTC-USD,2026-08-30T18:41:13.375941Z,79131.32,79131.33,0.01,79131.325,0.1486299137710293271612943989
BTC-USD,2026-08-30T18:41:13.416821Z,79131.32,79131.33,0.01,79131.325,0.1328545401174489215263440128
BTC-USD,2026-08-30T18:41:13.475031Z,79131.32,79131.33,0.01,79131.325,0.1328545401174489215263440128
BTC-USD,2026-08-30T18:41:13.544027Z,79131.32,79131.33,0.01,79131.325,0.1328545401174489215263440128
BTC-USD,2026-08-30T18:41:13.551603Z,79131.32,79131.33,0.01,79131.325,0.1328545401174489215263440128
BTC-USD,2026-08-30T18:41:13.570439Z,79131.32,79131.33,0.01,79131.325,0.1328545401174489215263440128
BTC-USD,2026-08-30T18:41:13.579748Z,79131.32,79131.33,0.01,79131.325,0.1328545401174489215263440128
BTC-USD,2026-08-30T18:41:13.644702Z,79131.32,79131.33,0.01,79131.325,0.1328541846115119504982602810
BTC-USD,2026-08-30T18:41:13.74759Z,79131.32,79131.33,0.01,79131.325,0.1486295598720864351846270940
BTC-USD,2026-08-30T18:41:13.759791Z,79131.32,79131.33,0.01,79131.325,0.1486295598720864351846270940
BTC-USD,2026-08-30T18:41:13.861593Z,79131.32,79131.33,0.01,79131.325,0.1486295598720864351846270940
BTC-USD,2026-08-30T18:41:13.881885Z,79131.32,79131.33,0.01,79131.325,0.1486295598720864351846270940
BTC-USD,2026-08-30T18:41:13.981395Z,79131.32,79131.33,0.01,79131.325,0.1486295598720864351846270940
BTC-USD,2026-08-30T18:41:14.029606Z,79131.32,79131.33,0.01,79131.325,0.1486295598720864351846270940
BTC-USD,2026-08-30T18:41:14.076896Z,79131.32,79131.33,0.01,79131.325,0.1486295598720864351846270940
BTC-USD,2026-08-30T18:41:14.163991Z,79131.32,79131.33,0.01,79131.325,0.1499183114537747172548630761
BTC-USD,2026-08-30T18:41:14.220688Z,79131.32,79131.33,0.01,79131.325,0.1499183114537747172548630761
BTC-USD,2026-08-30T18:41:14.254355Z,79131.32,79131.33,0.01,79131.325,0.1499183114537747172548630761
BTC-USD,2026-08-30T18:41:14.321189Z,79131.32,79131.33,0.01,79131.325,0.1499183114537747172548630761
BTC-USD,2026-08-30T18:41:14.373849Z,79131.32,79131.33,0.01,79131.325,0.1499183114537747172548630761
BTC-USD,2026-08-30T18:41:14.422424Z,79131.32,79131.33,0.01,79131.325,0.1499183114537747172548630761
BTC-USD,2026-08-30T18:41:14.477047Z,79131.32,79131.33,0.01,79131.325,0.1499181879637887445024999131
BTC-USD,2026-08-30T18:41:14.491851Z,79131.32,79131.33,0.01,79131.325,0.1499181879637887445024999131
BTC-USD,2026-08-30T18:41:14.578092Z,79131.32,79131.33,0.01,79131.325,0.1499181879637887445024999131
BTC-USD,2026-08-30T18:41:14.621137Z,79131.32,79131.33,0.01,79131.325,0.1499181879637887445024999131
BTC-USD,2026-08-30T18:41:14.669607Z,79131.32,79131.33,0.01,79131.325,0.1499181879637887445024999131
BTC-USD,2026-08-30T18:41:14.777495Z,79131.32,79131.33,0.01,79131.325,0.1499179057008289369055447484
BTC-USD,2026-08-30T18:41:14.830585Z,79131.32,79131.33,0.01,79131.325,0.1499179057008289369055447484
BTC-USD,2026-08-30T18:41:14.923107Z,79131.32,79131.33,0.01,79131.325,0.1499179057008289369055447484
BTC-USD,2026-08-30T18:41:14.980744Z,79131.32,79131.33,0.01,79131.325,0.1499179057008289369055447484
BTC-USD,2026-08-30T18:41:15.025876Z,79131.32,79131.33,0.01,79131.325,0.1499179057008289369055447484
BTC-USD,2026-08-30T18:41:15.079021Z,79131.32,79131.33,0.01,79131.325,0.1499179057008289369055447484
BTC-USD,2026-08-30T18:41:15.153056Z,79131.32,79131.33,0.01,79131.325,0.1499179057008289369055447484
BTC-USD,2026-08-30T18:41:15.229052Z,79131.32,79131.33,0.01,79131.325,0.1499179057008289369055447484
BTC-USD,2026-08-30T18:41:15.265849Z,79131.32,79131.33,0.01,79131.325,0.1499179057008289369055447484
BTC-USD,2026-08-30T18:41:15.324Z,79131.32,79131.33,0.01,79131.325,0.1499179057008289369055447484
BTC-USD,2026-08-30T18:41:15.376985Z,79131.32,79131.33,0.01,79131.325,0.1499179057008289369055447484
BTC-USD,2026-08-30T18:41:15.417322Z,79131.32,79131.33,0.01,79131.325,0.1499179057008289369055447484
BTC-USD,2026-08-30T18:41:15.480913Z,79131.32,79131.33,0.01,79131.325,0.1499178704179457811319013062
BTC-USD,2026-08-30T18:41:15.518082Z,79131.32,79131.33,0.01,79131.325,0.1499178704179457811319013062
BTC-USD,2026-08-30T18:41:15.564093Z,79131.32,79131.33,0.01,79131.325,0.1499178704179457811319013062
BTC-USD,2026-08-30T18:41:15.674287Z,79131.32,79131.33,0.01,79131.325,0.1499178704179457811319013062
BTC-USD,2026-08-30T18:41:15.720571Z,79131.32,79131.33,0.01,79131.325,0.1499178704179457811319013062
BTC-USD,2026-08-30T18:41:15.787591Z,79131.32,79131.33,0.01,79131.325,0.1331716683233965514709302417
BTC-USD,2026-08-30T18:41:15.826424Z,79131.32,79131.33,0.01,79131.325,0.1331716683233965514709302417
BTC-USD,2026-08-30T18:41:15.884187Z,79131.32,79131.33,0.01,79131.325,0.07441127074538711835404318834
BTC-USD,2026-08-30T18:41:15.906751Z,79131.32,79131.33,0.01,79131.325,0.1331716683233965514709302417
BTC-USD,2026-08-30T18:41:15.982169Z,79131.32,79131.33,0.01,79131.325,0.1331716683233965514709302417
BTC-USD,2026-08-30T18:41:16.018657Z,79131.32,79131.33,0.01,79131.325,0.1331716683233965514709302417
BTC-USD,2026-08-30T18:41:16.072416Z,79131.32,79131.33,0.01,79131.325,0.1331716683233965514709302417
BTC-USD,2026-08-30T18:41:16.113717Z,79131.32,79131.33,0.01,79131.325,0.1331716683233965514709302417
BTC-USD,2026-08-30T18:41:16.161636Z,79131.32,79131.33,0.01,79131.325,0.1331716683233965514709302417
BTC-USD,2026-08-30T18:41:16.236571Z,79131.32,79131.33,0.01,79131.325,0.1331716683233965514709302417
BTC-USD,2026-08-30T18:41:16.262401Z,79131.32,79131.33,0.01,79131.325,0.1331716683233965514709302417
BTC-USD,2026-08-30T18:41:16.298161Z,79131.32,79131.33,0.01,79131.325,0.1331716683233965514709302417
BTC-USD,2026-08-30T18:41:16.361117Z,79131.32,79131.33,0.01,79131.325,0.1331716683233965514709302417
BTC-USD,2026-08-30T18:41:16.430867Z,79131.32,79131.33,0.01,79131.325,0.1331716683233965514709302417
BTC-USD,2026-08-30T18:41:16.475316Z,79131.32,79131.33,0.01,79131.325,0.1331716683233965514709302417
BTC-USD,2026-08-30T18:41:16.512943Z,79131.32,79131.33,0.01,79131.325,0.1331715949500143241864088547
BTC-USD,2026-08-30T18:41:16.562039Z,79131.32,79131.33,0.01,79131.325,0.1331715949500143241864088547
BTC-USD,2026-08-30T18:41:16.595578Z,79131.32,79131.33,0.01,79131.325,0.1331715949500143241864088547
BTC-USD,2026-08-30T18:41:16.701116Z,79131.35,79131.36,0.01,79131.355,-0.1407753419196722507153556110
BTC-USD,2026-08-30T18:41:16.768409Z,79131.35,79131.36,0.01,79131.355,-0.1406232185449613992131826909
BTC-USD,2026-08-30T18:41:16.818232Z,79131.35,79131.36,0.01,79131.355,-0.1599400751388743162003761620
BTC-USD,2026-08-30T18:41:16.860369Z,79131.35,79131.36,0.01,79131.355,-0.1599400751388743162003761620
BTC-USD,2026-08-30T18:41:16.911645Z,79131.35,79131.36,0.01,79131.355,-0.1599400751388743162003761620
BTC-USD,2026-08-30T18:41:17.029075Z,79131.35,79131.36,0.01,79131.355,-0.1599400751388743162003761620
BTC-USD,2026-08-30T18:41:17.064338Z,79131.35,79131.36,0.01,79131.355,-0.1599400751388743162003761620
BTC-USD,2026-08-30T18:41:17.105241Z,79131.46,79131.47,0.01,79131.465,-0.4447472959978361105921698837
BTC-USD,2026-08-30T18:41:17.157956Z,79131.46,79131.47,0.01,79131.465,-0.4447400102279934817744812250
BTC-USD,2026-08-30T18:41:17.213106Z,79131.46,79131.47,0.01,79131.465,-0.1864407561345167279995393711
BTC-USD,2026-08-30T18:41:17.267521Z,79131.46,79131.47,0.01,79131.465,-0.1864407561345167279995393711
BTC-USD,2026-08-30T18:41:17.319987Z,79131.46,79131.47,0.01,79131.465,-0.1864407561345167279995393711
BTC-USD,2026-08-30T18:41:17.366356Z,79131.46,79131.47,0.01,79131.465,-0.2054449490641732867873053862
BTC-USD,2026-08-30T18:41:17.38308Z,79131.46,79131.47,0.01,79131.465,-0.2054449490641732867873053862
BTC-USD,2026-08-30T18:41:17.446635Z,79131.46,79131.47,0.01,79131.465,-0.2438246419302184532426586727
BTC-USD,2026-08-30T18:41:17.496532Z,79131.46,79131.47,0.01,79131.465,-0.1526028495524253995162780755
BTC-USD,2026-08-30T18:41:17.562474Z,79131.46,79131.47,0.01,79131.465,-0.1526028495524253995162780755
BTC-USD,2026-08-30T18:41:17.616691Z,79131.46,79131.47,0.01,79131.465,-0.1526028495524253995162780755
BTC-USD,2026-08-30T18:41:17.667785Z,79131.46,79131.47,0.01,79131.465,-0.1526028495524253995162780755
BTC-USD,2026-08-30T18:41:17.717328Z,79131.46,79131.47,0.01,79131.465,-0.08191233424662347152703373193
BTC-USD,2026-08-30T18:41:17.764326Z,79131.46,79131.47,0.01,79131.465,-0.08191233424662347152703373193
BTC-USD,2026-08-30T18:41:17.834942Z,79131.46,79131.47,0.01,79131.465,-0.09071280047421217657382460953
BTC-USD,2026-08-30T18:41:17.875364Z,79131.46,79131.47,0.01,79131.465,-0.09071280047421217657382460953
BTC-USD,2026-08-30T18:41:17.927376Z,79131.46,79131.47,0.01,79131.465,-0.09071292974535436470053417855
BTC-USD,2026-08-30T18:41:17.979983Z,79131.46,79131.47,0.01,79131.465,-0.09071292974535436470053417855
BTC-USD,2026-08-30T18:41:18.006247Z,79131.46,79131.47,0.01,79131.465,-0.09071292974535436470053417855
BTC-USD,2026-08-30T18:41:18.078489Z,79131.46,79131.47,0.01,79131.465,-0.09071292974535436470053417855
BTC-USD,2026-08-30T18:41:18.115174Z,79131.46,79131.47,0.01,79131.465,-0.09071292974535436470053417855
BTC-USD,2026-08-30T18:41:18.260895Z,79131.46,79131.47,0.01,79131.465,-0.09071292974535436470053417855
BTC-USD,2026-08-30T18:41:18.320662Z,79131.46,79131.47,0.01,79131.465,-0.09071292974535436470053417855
BTC-USD,2026-08-30T18:41:18.365326Z,79131.46,79131.47,0.01,79131.465,-0.09071292974535436470053417855
BTC-USD,2026-08-30T18:41:18.416371Z,79131.46,79131.47,0.01,79131.465,-0.09071292974535436470053417855
BTC-USD,2026-08-30T18:41:18.470312Z,79131.46,79131.47,0.01,79131.465,-0.09071292974535436470053417855
BTC-USD,2026-08-30T18:41:18.524793Z,79131.46,79131.47,0.01,79131.465,-0.09071292974535436470053417855
BTC-USD,2026-08-30T18:41:18.577262Z,79131.46,79131.47,0.01,79131.465,-0.09071313657924560190447249047
BTC-USD,2026-08-30T18:41:18.61684Z,79131.46,79131.47,0.01,79131.465,-0.09071313657924560190447249047
BTC-USD,2026-08-30T18:41:18.674822Z,79131.46,79131.47,0.01,79131.465,-0.1012732921506783812745232888
BTC-USD,2026-08-30T18:41:18.723041Z,79131.46,79131.47,0.01,79131.465,-0.1012732921506783812745232888
BTC-USD,2026-08-30T18:41:18.747277Z,79131.46,79131.47,0.01,79131.465,-0.1012732921506783812745232888
BTC-USD,2026-08-30T18:41:18.836245Z,79131.46,79131.47,0.01,79131.465,-0.1012732921506783812745232888
BTC-USD,2026-08-30T18:41:18.868171Z,79131.46,79131.47,0.01,79131.465,-0.1012732921506783812745232888
BTC-USD,2026-08-30T18:41:18.892905Z,79131.46,79131.47,0.01,79131.465,-0.1012732921506783812745232888
BTC-USD,2026-08-30T18:41:18.980817Z,79131.46,79131.47,0.01,79131.465,-0.1012742673716518231103784269
BTC-USD,2026-08-30T18:41:19.006502Z,79131.46,79131.47,0.01,79131.465,0.07510670699803390740282491927
BTC-USD,2026-08-30T18:41:19.063311Z,79131.46,79131.47,0.01,79131.465,0.07510670699803390740282491927
BTC-USD,2026-08-30T18:41:19.074979Z,79131.46,79131.47,0.01,79131.465,0.2550776796472716357277545974
BTC-USD,2026-08-30T18:41:19.086245Z,79131.46,79131.47,0.01,79131.465,0.2550346786997576669173560625
BTC-USD,2026-08-30T18:41:19.158429Z,79131.46,79131.47,0.01,79131.465,0.2550346786997576669173560625
BTC-USD,2026-08-30T18:41:19.230523Z,79131.46,79131.47,0.01,79131.465,0.3791711717641659369657916155
BTC-USD,2026-08-30T18:41:19.295506Z,79131.46,79131.47,0.01,79131.465,0.3791711717641659369657916155
BTC-USD,2026-08-30T18:41:19.381058Z,79131.46,79131.47,0.01,79131.465,0.3791711717641659369657916155
BTC-USD,2026-08-30T18:41:19.427266Z,79131.46,79131.47,0.01,79131.465,0.3791711717641659369657916155
BTC-USD,2026-08-30T18:41:19.456839Z,79131.46,79131.47,0.01,79131.465,0.3791711717641659369657916155
BTC-USD,2026-08-30T18:41:19.489795Z,79131.46,79131.47,0.01,79131.465,0.3791711717641659369657916155
BTC-USD,2026-08-30T18:41:19.529118Z,79131.46,79131.47,0.01,79131.465,0.3791711717641659369657916155
BTC-USD,2026-08-30T18:41:19.541139Z,79131.46,79131.47,0.01,79131.465,0.3791711717641659369657916155
BTC-USD,2026-08-30T18:41:19.553335Z,79131.46,79131.47,0.01,79131.465,0.3791711717641659369657916155
BTC-USD,2026-08-30T18:41:19.560913Z,79131.46,79131.47,0.01,79131.465,0.3791711717641659369657916155
BTC-USD,2026-08-30T18:41:19.621773Z,79131.46,79131.47,0.01,79131.465,0.3791711717641659369657916155
BTC-USD,2026-08-30T18:41:19.818044Z,79131.46,79131.47,0.01,79131.465,0.3791711717641659369657916155
BTC-USD,2026-08-30T18:41:19.870279Z,79131.46,79131.47,0.01,79131.465,0.3791708218970572853737092487
BTC-USD,2026-08-30T18:41:19.965225Z,79131.46,79131.47,0.01,79131.465,0.3791708218970572853737092487
BTC-USD,2026-08-30T18:41:20.033169Z,79131.46,79131.47,0.01,79131.465,0.3791708218970572853737092487
BTC-USD,2026-08-30T18:41:20.074706Z,79131.46,79131.47,0.01,79131.465,0.3791708218970572853737092487
BTC-USD,2026-08-30T18:41:20.09819Z,79131.46,79131.47,0.01,79131.465,0.3791708218970572853737092487
BTC-USD,2026-08-30T18:41:20.179157Z,79131.46,79131.47,0.01,79131.465,0.3791707694169569763144803358
BTC-USD,2026-08-30T18:41:20.203122Z,79131.46,79131.47,0.01,79131.465,0.3742406130827581704943393869
BTC-USD,2026-08-30T18:41:20.273034Z,79132.89,79132.9,0.01,79132.895,0.1128607873955958427343730441
BTC-USD,2026-08-30T18:41:20.326281Z,79132.89,79132.9,0.01,79132.895,0.1128742353772637706648594201
BTC-USD,2026-08-30T18:41:20.374896Z,79132.89,79132.9,0.01,79132.895,0.1226649076617654284905357806
BTC-USD,2026-08-30T18:41:20.436028Z,79132.89,79132.9,0.01,79132.895,0.1226649076617654284905357806
BTC-USD,2026-08-30T18:41:20.481449Z,79132.89,79132.9,0.01,79132.895,0.2718239797883109509890582942
BTC-USD,2026-08-30T18:41:20.52782Z,79132.89,79132.9,0.01,79132.895,0.1285533568869028252249145623
BTC-USD,2026-08-30T18:41:20.568939Z,79132.89,79132.9,0.01,79132.895,0.1285533568869028252249145623
BTC-USD,2026-08-30T18:41:20.617578Z,79132.89,79132.9,0.01,79132.895,-0.01232337691749815574672814823
BTC-USD,2026-08-30T18:41:20.678925Z,79132.89,79132.9,0.01,79132.895,-0.01232337691749815574672814823
BTC-USD,2026-08-30T18:41:20.732876Z,79132.89,79132.9,0.01,79132.895,-0.01232337691749815574672814823
BTC-USD,2026-08-30T18:41:20.776777Z,79132.89,79132.9,0.01,79132.895,0.1968095462695099203327053279
BTC-USD,2026-08-30T18:41:20.827998Z,79132.89,79132.9,0.01,79132.895,0.1968095462695099203327053279
BTC-USD,2026-08-30T18:41:20.880286Z,79132.89,79132.9,0.01,79132.895,0.1968095462695099203327053279
BTC-USD,2026-08-30T18:41:20.926662Z,79132.89,79132.9,0.01,79132.895,0.1968095462695099203327053279
BTC-USD,2026-08-30T18:41:20.97054Z,79132.89,79132.9,0.01,79132.895,0.1968095462695099203327053279
BTC-USD,2026-08-30T18:41:21.016724Z,79132.89,79132.9,0.01,79132.895,0.1968095462695099203327053279
BTC-USD,2026-08-30T18:41:21.062718Z,79132.89,79132.9,0.01,79132.895,0.1968095462695099203327053279
BTC-USD,2026-08-30T18:41:21.118799Z,79132.89,79132.9,0.01,79132.895,0.1968095462695099203327053279
BTC-USD,2026-08-30T18:41:21.168563Z,79132.89,79132.9,0.01,79132.895,0.1968095462695099203327053279
BTC-USD,2026-08-30T18:41:21.235422Z,79132.89,79132.9,0.01,79132.895,0.1968091104677554384455712932
BTC-USD,2026-08-30T18:41:21.262685Z,79132.89,79132.9,0.01,79132.895,0.1968091104677554384455712932
BTC-USD,2026-08-30T18:41:21.382158Z,79132.89,79132.9,0.01,79132.895,0.1823961292612050029563378648
BTC-USD,2026-08-30T18:41:21.417494Z,79132.89,79132.9,0.01,79132.895,0.1823961292612050029563378648
BTC-USD,2026-08-30T18:41:21.45111Z,79132.89,79132.9,0.01,79132.895,0.1823961292612050029563378648
BTC-USD,2026-08-30T18:41:21.571617Z,79132.89,79132.9,0.01,79132.895,0.1823961292612050029563378648
BTC-USD,2026-08-30T18:41:21.602302Z,79132.89,79132.9,0.01,79132.895,0.1823961292612050029563378648
BTC-USD,2026-08-30T18:41:21.653276Z,79132.89,79132.9,0.01,79132.895,0.1823961292612050029563378648
BTC-USD,2026-08-30T18:41:21.721717Z,79132.89,79132.9,0.01,79132.895,0.1823959831679010801490230414
BTC-USD,2026-08-30T18:41:21.776668Z,79132.89,79132.9,0.01,79132.895,0.1823959831679010801490230414
BTC-USD,2026-08-30T18:41:21.828697Z,79132.89,79132.9,0.01,79132.895,0.1823959831679010801490230414
BTC-USD,2026-08-30T18:41:21.868311Z,79132.89,79132.9,0.01,79132.895,0.1823959831679010801490230414
BTC-USD,2026-08-30T18:41:21.9134Z,79132.89,79132.9,0.01,79132.895,0.1823959831679010801490230414
BTC-USD,2026-08-30T18:41:21.980565Z,79132.89,79132.9,0.01,79132.895,0.1823959831679010801490230414
BTC-USD,2026-08-30T18:41:22.019994Z,79132.89,79132.9,0.01,79132.895,0.1823959831679010801490230414
BTC-USD,2026-08-30T18:41:22.06243Z,79132.89,79132.9,0.01,79132.895,0.1823959831679010801490230414
BTC-USD,2026-08-30T18:41:22.167723Z,79132.89,79132.9,0.01,79132.895,0.1823959831679010801490230414
BTC-USD,2026-08-30T18:41:22.206756Z,79132.89,79132.9,0.01,79132.895,0.1823969339109976144679689993
BTC-USD,2026-08-30T18:41:22.262704Z,79132.89,79132.9,0.01,79132.895,0.1823969339109976144679689993
BTC-USD,2026-08-30T18:41:22.415429Z,79132.89,79132.9,0.01,79132.895,0.1823969339109976144679689993
BTC-USD,2026-08-30T18:41:22.473389Z,79132.89,79132.9,0.01,79132.895,0.1823969339109976144679689993
BTC-USD,2026-08-30T18:41:22.527082Z,79132.89,79132.9,0.01,79132.895,0.2873551051065861782427700123
BTC-USD,2026-08-30T18:41:22.568692Z,79132.89,79132.9,0.01,79132.895,0.2873551051065861782427700123
BTC-USD,2026-08-30T18:41:22.631348Z,79132.89,79132.9,0.01,79132.895,0.2873551051065861782427700123
BTC-USD,2026-08-30T18:41:22.652425Z,79132.89,79132.9,0.01,79132.895,0.2873551051065861782427700123
BTC-USD,2026-08-30T18:41:22.721418Z,79132.89,79132.9,0.01,79132.895,0.2873547721305154480645550992
BTC-USD,2026-08-30T18:41:22.769517Z,79132.89,79132.9,0.01,79132.895,0.2873547721305154480645550992
BTC-USD,2026-08-30T18:41:22.813706Z,79132.89,79132.9,0.01,79132.895,0.2873547721305154480645550992
BTC-USD,2026-08-30T18:41:22.880483Z,79132.89,79132.9,0.01,79132.895,0.2873547721305154480645550992
BTC-USD,2026-08-30T18:41:22.910419Z,79132.89,79132.9,0.01,79132.895,0.2873544021567385854680969266
BTC-USD,2026-08-30T18:41:22.969824Z,79132.89,79132.9,0.01,79132.895,0.2873544021567385854680969266
BTC-USD,2026-08-30T18:41:23.027057Z,79132.89,79132.9,0.01,79132.895,0.2873544021567385854680969266
BTC-USD,2026-08-30T18:41:23.080025Z,79132.89,79132.9,0.01,79132.895,0.2873544021567385854680969266
BTC-USD,2026-08-30T18:41:23.09339Z,79132.89,79132.9,0.01,79132.895,0.2873544021567385854680969266
BTC-USD,2026-08-30T18:41:23.178172Z,79132.89,79132.9,0.01,79132.895,0.2879701014484149584380776259
BTC-USD,2026-08-30T18:41:23.211171Z,79132.89,79132.9,0.01,79132.895,0.2880956471656936633687796130
BTC-USD,2026-08-30T18:41:23.269378Z,79132.89,79132.9,0.01,79132.895,0.3025372551778864701479128993
BTC-USD,2026-08-30T18:41:23.303636Z,79132.89,79132.9,0.01,79132.895,0.3025372551778864701479128993
BTC-USD,2026-08-30T18:41:23.360505Z,79132.89,79132.9,0.01,79132.895,0.3025372551778864701479128993
BTC-USD,2026-08-30T18:41:23.434121Z,79132.89,79132.9,0.01,79132.895,0.3025372551778864701479128993
BTC-USD,2026-08-30T18:41:23.4846Z,79132.89,79132.9,0.01,79132.895,0.3025372551778864701479128993
BTC-USD,2026-08-30T18:41:23.520324Z,79132.89,79132.9,0.01,79132.895,0.2353835367111150701178876470
BTC-USD,2026-08-30T18:41:23.552505Z,79132.89,79132.9,0.01,79132.895,0.2353835367111150701178876470
BTC-USD,2026-08-30T18:41:23.598803Z,79132.89,79132.9,0.01,79132.895,0.2353835367111150701178876470
BTC-USD,2026-08-30T18:41:23.658444Z,79132.89,79132.9,0.01,79132.895,0.2353835367111150701178876470
BTC-USD,2026-08-30T18:41:23.733767Z,79132.89,79132.9,0.01,79132.895,0.2353831176881586465888782853
BTC-USD,2026-08-30T18:41:23.779436Z,79132.89,79132.9,0.01,79132.895,0.2353831176881586465888782853
BTC-USD,2026-08-30T18:41:23.828983Z,79132.89,79132.9,0.01,79132.895,0.4813775183081594243257715674
BTC-USD,2026-08-30T18:41:23.866368Z,79132.89,79132.9,0.01,79132.895,0.4813775183081594243257715674
BTC-USD,2026-08-30T18:41:23.927141Z,79132.89,79132.9,0.01,79132.895,0.4813775183081594243257715674
BTC-USD,2026-08-30T18:41:23.975635Z,79132.89,79132.9,0.01,79132.895,0.4813775183081594243257715674
BTC-USD,2026-08-30T18:41:24.013386Z,79132.89,79132.9,0.01,79132.895,0.4813775183081594243257715674
BTC-USD,2026-08-30T18:41:24.055867Z,79132.89,79132.9,0.01,79132.895,0.4813775183081594243257715674
BTC-USD,2026-08-30T18:41:24.122241Z,79132.89,79132.9,0.01,79132.895,0.4813773324128981559942872960
BTC-USD,2026-08-30T18:41:24.171328Z,79132.89,79132.9,0.01,79132.895,0.4813773324128981559942872960
BTC-USD,2026-08-30T18:41:24.228642Z,79132.89,79132.9,0.01,79132.895,0.4813773324128981559942872960
BTC-USD,2026-08-30T18:41:24.268363Z,79132.89,79132.9,0.01,79132.895,0.4813773324128981559942872960
BTC-USD,2026-08-30T18:41:24.325571Z,79132.89,79132.9,0.01,79132.895,0.4831789422364892849541300701
BTC-USD,2026-08-30T18:41:24.36453Z,79132.89,79132.9,0.01,79132.895,0.4831789422364892849541300701
BTC-USD,2026-08-30T18:41:24.467823Z,79132.89,79132.9,0.01,79132.895,0.4831789422364892849541300701
BTC-USD,2026-08-30T18:41:24.520631Z,79132.89,79132.9,0.01,79132.895,0.4831789422364892849541300701
BTC-USD,2026-08-30T18:41:24.565875Z,79132.89,79132.9,0.01,79132.895,0.4831789422364892849541300701
BTC-USD,2026-08-30T18:41:24.601993Z,79132.89,79132.9,0.01,79132.895,0.4831789422364892849541300701
BTC-USD,2026-08-30T18:41:24.662109Z,79132.89,79132.9,0.01,79132.895,0.4831789422364892849541300701
BTC-USD,2026-08-30T18:41:24.688628Z,79132.89,79132.9,0.01,79132.895,0.4831789422364892849541300701
BTC-USD,2026-08-30T18:41:24.780138Z,79132.89,79132.9,0.01,79132.895,0.4831789422364892849541300701
BTC-USD,2026-08-30T18:41:24.831536Z,79132.89,79132.9,0.01,79132.895,0.4832344342775623608367515092
BTC-USD,2026-08-30T18:41:24.863451Z,79132.89,79132.9,0.01,79132.895,0.4832343879120888651835525467
BTC-USD,2026-08-30T18:41:24.933588Z,79132.89,79132.9,0.01,79132.895,0.4994895685369586605543088555
BTC-USD,2026-08-30T18:41:24.984444Z,79135.08,79135.09,0.01,79135.085,-0.6224588880498958656306307695
BTC-USD,2026-08-30T18:41:25.041931Z,79135.08,79136,0.92,79135.54,-0.3915882611791192228712966201
BTC-USD,2026-08-30T18:41:25.087363Z,79136,79136.01,0.01,79136.005,-0.4493055542556317944296971639
BTC-USD,2026-08-30T18:41:25.12307Z,79136,79136.01,0.01,79136.005,-0.5729014450783326581814399874
BTC-USD,2026-08-30T18:41:25.141115Z,79136,79136.01,0.01,79136.005,-0.4667061329754351877062777621
BTC-USD,2026-08-30T18:41:25.262587Z,79134.1,79136,1.9,79135.05,-0.2261726641116430701893529227
BTC-USD,2026-08-30T18:41:25.330247Z,79134.1,79136,1.9,79135.05,-0.2261704966071362242749412296
BTC-USD,2026-08-30T18:41:25.374193Z,79134.1,79136,1.9,79135.05,-0.2261656403273882411813357564
BTC-USD,2026-08-30T18:41:25.428469Z,79134.1,79136,1.9,79135.05,-0.2260980531890901752616312337
BTC-USD,2026-08-30T18:41:25.476879Z,79134.1,79136,1.9,79135.05,-0.1806893248079532940136722116
BTC-USD,2026-08-30T18:41:25.488674Z,79134.1,79136,1.9,79135.05,-0.1806893248079532940136722116
BTC-USD,2026-08-30T18:41:25.578826Z,79135.99,79136.01,0.02,79136.00,-0.6389219353253892110105350000
BTC-USD,2026-08-30T18:41:25.612689Z,79135.99,79136.01,0.02,79136.00,-0.6379889829903075403400195418
BTC-USD,2026-08-30T18:41:25.659333Z,79136,79136.01,0.01,79136.005,-0.9428642692506858602612982270
BTC-USD,2026-08-30T18:41:25.720689Z,79136,79136.01,0.01,79136.005,-0.6379891521334107335176475477
BTC-USD,2026-08-30T18:41:25.775362Z,79136,79136.01,0.01,79136.005,-0.3538906248244940709253408319
BTC-USD,2026-08-30T18:41:25.79161Z,79136,79136.01,0.01,79136.005,-0.3512794702531585906896666972
BTC-USD,2026-08-30T18:41:25.88292Z,79136,79136.01,0.01,79136.005,-0.5754867270572419811244214937
BTC-USD,2026-08-30T18:41:25.926429Z,79136,79136.01,0.01,79136.005,-0.6361927392322812032145966256
BTC-USD,2026-08-30T18:41:25.976326Z,79136,79136.01,0.01,79136.005,-0.6361928750663809920578166689
BTC-USD,2026-08-30T18:41:26.029298Z,79136,79136.01,0.01,79136.005,-0.3514117096369448704576453167
BTC-USD,2026-08-30T18:41:26.075286Z,79136,79136.01,0.01,79136.005,-0.3733646461228162005977449924
BTC-USD,2026-08-30T18:41:26.123231Z,79136,79136.01,0.01,79136.005,-0.3733646461228162005977449924
BTC-USD,2026-08-30T18:41:26.18061Z,79136,79136.01,0.01,79136.005,-0.5596668457349003987543838961
BTC-USD,2026-08-30T18:41:26.215276Z,79136,79136.01,0.01,79136.005,-0.5593981516662249335132261930
BTC-USD,2026-08-30T18:41:26.282678Z,79136,79136.01,0.01,79136.005,-0.5596137621182271017725512962
BTC-USD,2026-08-30T18:41:26.296487Z,79136,79136.01,0.01,79136.005,-0.5593982429366133015267235144
BTC-USD,2026-08-30T18:41:26.381077Z,79136,79136.01,0.01,79136.005,-0.5593982429366133015267235144
BTC-USD,2026-08-30T18:41:26.432471Z,79136,79136.01,0.01,79136.005,-0.5593982429366133015267235144
BTC-USD,2026-08-30T18:41:26.469609Z,79136,79136.01,0.01,79136.005,-0.5593982429366133015267235144
BTC-USD,2026-08-30T18:41:26.516959Z,79136,79136.01,0.01,79136.005,-0.5593982429366133015267235144
BTC-USD,2026-08-30T18:41:26.55303Z,79136,79136.01,0.01,79136.005,-0.5593982429366133015267235144
BTC-USD,2026-08-30T18:41:26.612237Z,79136,79136.01,0.01,79136.005,-0.5593982429366133015267235144
BTC-USD,2026-08-30T18:41:26.666768Z,79136,79136.01,0.01,79136.005,-0.5593982429366133015267235144
BTC-USD,2026-08-30T18:41:26.736599Z,79136,79136.01,0.01,79136.005,-0.5593982429366133015267235144
BTC-USD,2026-08-30T18:41:26.783559Z,79136,79136.01,0.01,79136.005,-0.5593982429366133015267235144
BTC-USD,2026-08-30T18:41:26.826684Z,79136,79136.01,0.01,79136.005,-0.5593982429366133015267235144
BTC-USD,2026-08-30T18:41:26.883801Z,79136,79136.01,0.01,79136.005,-0.3435066939012615946491820209
BTC-USD,2026-08-30T18:41:26.981597Z,79136,79136.01,0.01,79136.005,-0.3435067616491141968283741553
BTC-USD,2026-08-30T18:41:27.017634Z,79136,79136.01,0.01,79136.005,-0.3435067616491141968283741553
BTC-USD,2026-08-30T18:41:27.116061Z,79136,79136.01,0.01,79136.005,-0.3434653454095637252097035960
BTC-USD,2026-08-30T18:41:27.158642Z,79136,79136.01,0.01,79136.005,-0.3434653454095637252097035960
BTC-USD,2026-08-30T18:41:27.225114Z,79136,79136.01,0.01,79136.005,-0.5406658039340253188977179135
BTC-USD,2026-08-30T18:41:27.263618Z,79136,79136.01,0.01,79136.005,-0.5406658039340253188977179135
BTC-USD,2026-08-30T18:41:27.335768Z,79136,79136.01,0.01,79136.005,-0.5407452347302614057955940525
BTC-USD,2026-08-30T18:41:27.370141Z,79136,79136.01,0.01,79136.005,-0.5407452347302614057955940525
BTC-USD,2026-08-30T18:41:27.429114Z,79136,79136.01,0.01,79136.005,-0.5407452347302614057955940525
BTC-USD,2026-08-30T18:41:27.471679Z,79136,79136.01,0.01,79136.005,-0.5407452347302614057955940525
BTC-USD,2026-08-30T18:41:27.515872Z,79136,79136.01,0.01,79136.005,-0.5407452347302614057955940525
BTC-USD,2026-08-30T18:41:27.575967Z,79136,79136.01,0.01,79136.005,-0.5407453834436120760845626059
BTC-USD,2026-08-30T18:41:27.646636Z,79136,79136.01,0.01,79136.005,-0.4953243585579802576438361511
BTC-USD,2026-08-30T18:41:27.671387Z,79136,79136.01,0.01,79136.005,-0.5449051434983109653956797320
BTC-USD,2026-08-30T18:41:27.746184Z,79136,79136.01,0.01,79136.005,-0.8061886669401740840669542199
BTC-USD,2026-08-30T18:41:27.801939Z,79136,79136.01,0.01,79136.005,-0.5417773073799953577848370830
BTC-USD,2026-08-30T18:41:27.860302Z,79136,79136.01,0.01,79136.005,-0.5417773073799953577848370830
BTC-USD,2026-08-30T18:41:27.918958Z,79136,79136.01,0.01,79136.005,-0.5417773073799953577848370830
BTC-USD,2026-08-30T18:41:27.961028Z,79136,79136.01,0.01,79136.005,-0.5417773073799953577848370830
BTC-USD,2026-08-30T18:41:28.020154Z,79136,79136.01,0.01,79136.005,-0.5417773073799953577848370830
BTC-USD,2026-08-30T18:41:28.079793Z,79136,79136.01,0.01,79136.005,-0.5416670704362971835156185446
BTC-USD,2026-08-30T18:41:28.183599Z,79136,79136.01,0.01,79136.005,-0.5416670704362971835156185446
BTC-USD,2026-08-30T18:41:28.23602Z,79136,79136.01,0.01,79136.005,-0.5416670704362971835156185446
BTC-USD,2026-08-30T18:41:28.270652Z,79136,79136.01,0.01,79136.005,-0.5416670704362971835156185446
BTC-USD,2026-08-30T18:41:28.325522Z,79136,79136.01,0.01,79136.005,-0.5416670704362971835156185446
BTC-USD,2026-08-30T18:41:28.378405Z,79136,79136.01,0.01,79136.005,-0.5416670704362971835156185446
BTC-USD,2026-08-30T18:41:28.436023Z,79136,79136.01,0.01,79136.005,-0.5416670704362971835156185446
BTC-USD,2026-08-30T18:41:28.486623Z,79136,79136.01,0.01,79136.005,-0.5417551085041206216967550500
BTC-USD,2026-08-30T18:41:28.52811Z,79136,79136.01,0.01,79136.005,-0.5424256146752690486680572556
BTC-USD,2026-08-30T18:41:28.576096Z,79136,79136.01,0.01,79136.005,-0.5424256146752690486680572556
BTC-USD,2026-08-30T18:41:28.620765Z,79136,79136.01,0.01,79136.005,-0.5424256146752690486680572556
BTC-USD,2026-08-30T18:41:28.721218Z,79136,79136.01,0.01,79136.005,-0.5437706663082760028566782535
BTC-USD,2026-08-30T18:41:28.769077Z,79134.02,79136.01,1.99,79135.015,-0.3315940140435668503192166550
BTC-USD,2026-08-30T18:41:28.822525Z,79136,79136.01,0.01,79136.005,-0.3615614056040046405444439816
BTC-USD,2026-08-30T18:41:28.845928Z,79136,79136.01,0.01,79136.005,-0.3615614056040046405444439816
BTC-USD,2026-08-30T18:41:28.929167Z,79136,79136.01,0.01,79136.005,-0.3615614056040046405444439816
BTC-USD,2026-08-30T18:41:28.956602Z,79136,79136.01,0.01,79136.005,-0.3615614056040046405444439816
BTC-USD,2026-08-30T18:41:29.012753Z,79136,79136.01,0.01,79136.005,-0.3615614056040046405444439816
BTC-USD,2026-08-30T18:41:29.072987Z,79136,79136.01,0.01,79136.005,-0.5635022315682658432641955473
BTC-USD,2026-08-30T18:41:29.120969Z,79136,79136.01,0.01,79136.005,-0.3615614056040046405444439816
BTC-USD,2026-08-30T18:41:29.147427Z,79134.02,79136.01,1.99,79135.015,-0.2686128850055711779349759014
BTC-USD,2026-08-30T18:41:29.231484Z,79134.02,79136.01,1.99,79135.015,-0.2686128850055711779349759014
BTC-USD,2026-08-30T18:41:29.268746Z,79134.02,79136.01,1.99,79135.015,-0.2686128850055711779349759014
BTC-USD,2026-08-30T18:41:29.331653Z,79134.02,79136.01,1.99,79135.015,-0.2686128850055711779349759014
BTC-USD,2026-08-30T18:41:29.361027Z,79134.02,79136.01,1.99,79135.015,-0.2581513131772603782315012501
BTC-USD,2026-08-30T18:41:29.434022Z,79134.02,79136.01,1.99,79135.015,-0.2581513131772603782315012501
BTC-USD,2026-08-30T18:41:29.468598Z,79136,79136.01,0.01,79136.005,-0.3615614516819080691342462404
BTC-USD,2026-08-30T18:41:29.578395Z,79136,79136.01,0.01,79136.005,-0.3615614516819080691342462404
BTC-USD,2026-08-30T18:41:29.617445Z,79136,79136.01,0.01,79136.005,-0.3615614516819080691342462404
BTC-USD,2026-08-30T18:41:29.674353Z,79136,79136.01,0.01,79136.005,-0.5635022315682658432641955473
BTC-USD,2026-08-30T18:41:29.729928Z,79136,79136.01,0.01,79136.005,-0.5635022315682658432641955473
BTC-USD,2026-08-30T18:41:29.762786Z,79136,79136.01,0.01,79136.005,-0.5635022315682658432641955473
BTC-USD,2026-08-30T18:41:29.828175Z,79135.41,79136,0.59,79135.705,-0.4915959942452506238161046963
BTC-USD,2026-08-30T18:41:29.876762Z,79135.41,79136,0.59,79135.705,-0.3915166471674458775267021275
BTC-USD,2026-08-30T18:41:29.924058Z,79135.41,79135.42,0.01,79135.415,-0.2728126481077347698504451727
BTC-USD,2026-08-30T18:41:29.979762Z,79134.82,79135.42,0.60,79135.12,-0.1131710178246988865633950347
BTC-USD,2026-08-30T18:41:30.024545Z,79133.44,79135.42,1.98,79134.43,-0.02376035725676863404676080706
BTC-USD,2026-08-30T18:41:30.265969Z,79133.44,79133.45,0.01,79133.445,0.1818706815450624149778226005
BTC-USD,2026-08-30T18:41:30.306445Z,79133.44,79133.45,0.01,79133.445,0.1818706815450624149778226005
BTC-USD,2026-08-30T18:41:30.37356Z,79133.44,79133.45,0.01,79133.445,0.1818706815450624149778226005
BTC-USD,2026-08-30T18:41:30.429865Z,79133.44,79133.45,0.01,79133.445,0.1818706815450624149778226005
BTC-USD,2026-08-30T18:41:30.461964Z,79133.44,79133.45,0.01,79133.445,0.1818706815450624149778226005
BTC-USD,2026-08-30T18:41:30.528697Z,79133.44,79133.45,0.01,79133.445,0.1675635031261891058255963181
BTC-USD,2026-08-30T18:41:30.573598Z,79133.44,79133.45,0.01,79133.445,0.1675635031261891058255963181
BTC-USD,2026-08-30T18:41:30.675631Z,79133.44,79133.45,0.01,79133.445,0.1675635031261891058255963181
BTC-USD,2026-08-30T18:41:30.730837Z,79133.44,79133.45,0.01,79133.445,0.1675635031261891058255963181
BTC-USD,2026-08-30T18:41:30.782071Z,79133.44,79133.45,0.01,79133.445,0.1675635031261891058255963181
BTC-USD,2026-08-30T18:41:30.823333Z,79133.44,79133.45,0.01,79133.445,0.1675635031261891058255963181
BTC-USD,2026-08-30T18:41:30.863334Z,79133.44,79133.45,0.01,79133.445,0.1676154156349152513899483548
BTC-USD,2026-08-30T18:41:30.926256Z,79133.44,79133.45,0.01,79133.445,0.1676154156349152513899483548
BTC-USD,2026-08-30T18:41:30.973124Z,79133.44,79133.45,0.01,79133.445,0.1676154156349152513899483548
BTC-USD,2026-08-30T18:41:31.022671Z,79133.44,79133.45,0.01,79133.445,0.1676154156349152513899483548
BTC-USD,2026-08-30T18:41:31.042967Z,79133.44,79133.45,0.01,79133.445,0.2068891258504808224203777105
BTC-USD,2026-08-30T18:41:31.126422Z,79133.44,79133.45,0.01,79133.445,0.2068889391582362292187633407
BTC-USD,2026-08-30T18:41:31.18253Z,79133.44,79133.45,0.01,79133.445,0.2068889391582362292187633407
BTC-USD,2026-08-30T18:41:31.210438Z,79133.44,79133.45,0.01,79133.445,0.2087972125214857400571485965
BTC-USD,2026-08-30T18:41:31.264654Z,79133.44,79133.45,0.01,79133.445,0.2087972125214857400571485965
BTC-USD,2026-08-30T18:41:31.377019Z,79133.44,79133.45,0.01,79133.445,0.2087972125214857400571485965
BTC-USD,2026-08-30T18:41:31.400578Z,79133.44,79133.45,0.01,79133.445,0.2087972125214857400571485965
BTC-USD,2026-08-30T18:41:31.472281Z,79133.44,79133.45,0.01,79133.445,0.2087972125214857400571485965
BTC-USD,2026-08-30T18:41:31.527139Z,79133.44,79133.45,0.01,79133.445,0.2087972125214857400571485965
BTC-USD,2026-08-30T18:41:31.562551Z,79133.44,79133.45,0.01,79133.445,0.2087972125214857400571485965
BTC-USD,2026-08-30T18:41:31.62843Z,79133.44,79133.45,0.01,79133.445,0.2087972125214857400571485965
BTC-USD,2026-08-30T18:41:31.653277Z,79133.44,79133.45,0.01,79133.445,0.2087972125214857400571485965
BTC-USD,2026-08-30T18:41:31.729935Z,79133.44,79133.45,0.01,79133.445,0.2087972125214857400571485965
BTC-USD,2026-08-30T18:41:31.773003Z,79133.44,79133.45,0.01,79133.445,0.2087972125214857400571485965
BTC-USD,2026-08-30T18:41:31.828775Z,79133.44,79133.45,0.01,79133.445,0.2087972125214857400571485965
BTC-USD,2026-08-30T18:41:31.882523Z,79133.44,79133.45,0.01,79133.445,0.2087972125214857400571485965
BTC-USD,2026-08-30T18:41:31.932643Z,79133.44,79133.45,0.01,79133.445,0.2087972125214857400571485965
BTC-USD,2026-08-30T18:41:31.953492Z,79133.44,79133.45,0.01,79133.445,0.2087972125214857400571485965
BTC-USD,2026-08-30T18:41:32.015912Z,79133.44,79133.45,0.01,79133.445,0.2087972125214857400571485965
BTC-USD,2026-08-30T18:41:32.076345Z,79133.44,79133.45,0.01,79133.445,0.2084347952592516675863496465
BTC-USD,2026-08-30T18:41:32.178781Z,79133.44,79133.45,0.01,79133.445,0.2084347952592516675863496465
BTC-USD,2026-08-30T18:41:32.1877Z,79133.44,79133.45,0.01,79133.445,0.2084347952592516675863496465
BTC-USD,2026-08-30T18:41:32.299937Z,79133.44,79133.45,0.01,79133.445,0.2084344767030804037556348911
BTC-USD,2026-08-30T18:41:32.375281Z,79133.44,79133.45,0.01,79133.445,0.2084344767030804037556348911
BTC-USD,2026-08-30T18:41:32.427606Z,79133.44,79133.45,0.01,79133.445,0.2084344767030804037556348911
BTC-USD,2026-08-30T18:41:32.480996Z,79133.44,79133.45,0.01,79133.445,0.2084344767030804037556348911
BTC-USD,2026-08-30T18:41:32.528601Z,79133.44,79133.45,0.01,79133.445,0.2084344767030804037556348911
BTC-USD,2026-08-30T18:41:32.583394Z,79133.44,79133.45,0.01,79133.445,0.2084344767030804037556348911
BTC-USD,2026-08-30T18:41:32.614841Z,79133.44,79133.45,0.01,79133.445,0.2084344767030804037556348911
BTC-USD,2026-08-30T18:41:32.660086Z,79133.44,79133.45,0.01,79133.445,0.2084344767030804037556348911
BTC-USD,2026-08-30T18:41:32.787464Z,79133.44,79133.45,0.01,79133.445,0.2084344767030804037556348911
BTC-USD,2026-08-30T18:41:32.812996Z,79133.44,79133.45,0.01,79133.445,0.2075835698926028456819199011
BTC-USD,2026-08-30T18:41:32.936693Z,79133.44,79133.45,0.01,79133.445,0.2075835698926028456819199011
BTC-USD,2026-08-30T18:41:32.980469Z,79133.44,79133.45,0.01,79133.445,0.2087004308681367865533745791
BTC-USD,2026-08-30T18:41:33.04092Z,79133.44,79133.45,0.01,79133.445,0.2087004308681367865533745791
BTC-USD,2026-08-30T18:41:33.074074Z,79133.44,79133.45,0.01,79133.445,0.2087004308681367865533745791
BTC-USD,2026-08-30T18:41:33.088282Z,79133.44,79133.45,0.01,79133.445,0.2087004308681367865533745791
BTC-USD,2026-08-30T18:41:33.145792Z,79133.44,79133.45,0.01,79133.445,0.2087004308681367865533745791
BTC-USD,2026-08-30T18:41:33.190377Z,79133.44,79133.45,0.01,79133.445,0.2087004308681367865533745791
BTC-USD,2026-08-30T18:41:33.267439Z,79133.44,79133.45,0.01,79133.445,0.2087004308681367865533745791
BTC-USD,2026-08-30T18:41:33.281156Z,79133.44,79133.45,0.01,79133.445,0.2087004308681367865533745791
BTC-USD,2026-08-30T18:41:33.373075Z,79133.44,79133.45,0.01,79133.445,0.2089434225643091328797352424
BTC-USD,2026-08-30T18:41:33.442762Z,79133.44,79133.45,0.01,79133.445,0.2089432633214983388230597026
BTC-USD,2026-08-30T18:41:33.482978Z,79133.44,79133.45,0.01,79133.445,0.2089432633214983388230597026
BTC-USD,2026-08-30T18:41:33.533896Z,79133.44,79133.45,0.01,79133.445,0.2089432633214983388230597026
BTC-USD,2026-08-30T18:41:33.587101Z,79133.44,79133.45,0.01,79133.445,0.2089432633214983388230597026
BTC-USD,2026-08-30T18:41:33.596394Z,79133.44,79133.45,0.01,79133.445,0.2089432102405471602671075402
BTC-USD,2026-08-30T18:41:33.666959Z,79133.44,79133.45,0.01,79133.445,0.2089432102405471602671075402
BTC-USD,2026-08-30T18:41:33.735495Z,79133.44,79133.45,0.01,79133.445,0.2089432102405471602671075402
BTC-USD,2026-08-30T18:41:33.770317Z,79133.44,79133.45,0.01,79133.445,0.2089432102405471602671075402
BTC-USD,2026-08-30T18:41:33.863396Z,79133.44,79133.45,0.01,79133.445,0.2089432102405471602671075402
BTC-USD,2026-08-30T18:41:33.935255Z,79133.44,79133.45,0.01,79133.445,0.2089432102405471602671075402
BTC-USD,2026-08-30T18:41:33.959894Z,79133.44,79133.45,0.01,79133.445,0.2089432102405471602671075402
BTC-USD,2026-08-30T18:41:34.016275Z,79133.44,79133.45,0.01,79133.445,0.2089432102405471602671075402
BTC-USD,2026-08-30T18:41:34.036348Z,79133.44,79133.45,0.01,79133.445,0.2089432102405471602671075402
BTC-USD,2026-08-30T18:41:34.104509Z,79133.44,79133.45,0.01,79133.445,0.2089432102405471602671075402
BTC-USD,2026-08-30T18:41:34.219902Z,79133.44,79133.45,0.01,79133.445,0.02497108915690136065499859979
BTC-USD,2026-08-30T18:41:34.281174Z,79133.44,79133.45,0.01,79133.445,-0.4221223041943389125885183010
BTC-USD,2026-08-30T18:41:34.337147Z,79133.44,79133.45,0.01,79133.445,-0.4222809438529560141426051575
BTC-USD,2026-08-30T18:41:34.382236Z,79133.44,79133.45,0.01,79133.445,-0.4222809438529560141426051575
BTC-USD,2026-08-30T18:41:34.429372Z,79133.44,79133.45,0.01,79133.445,-0.7040599068824616455701375752
BTC-USD,2026-08-30T18:41:34.463029Z,79133.44,79133.45,0.01,79133.445,-0.7040599068824616455701375752
BTC-USD,2026-08-30T18:41:34.523551Z,79133.44,79133.45,0.01,79133.445,-0.7040600605051297559561925143
BTC-USD,2026-08-30T18:41:34.578455Z,79133.44,79133.45,0.01,79133.445,-0.7040600605051297559561925143
BTC-USD,2026-08-30T18:41:34.623995Z,79133.44,79133.45,0.01,79133.445,-0.7040600605051297559561925143
BTC-USD,2026-08-30T18:41:34.681461Z,79133.44,79133.45,0.01,79133.445,-0.7040600605051297559561925143
BTC-USD,2026-08-30T18:41:34.721992Z,79133.44,79133.45,0.01,79133.445,-0.7040600605051297559561925143
BTC-USD,2026-08-30T18:41:34.766706Z,79133.44,79133.45,0.01,79133.445,-0.7040600605051297559561925143
BTC-USD,2026-08-30T18:41:34.83278Z,79133.44,79133.45,0.01,79133.445,-0.7040600605051297559561925143
BTC-USD,2026-08-30T18:41:34.872331Z,79133.44,79133.45,0.01,79133.445,-0.7040600605051297559561925143
BTC-USD,2026-08-30T18:41:34.91939Z,79133.44,79133.45,0.01,79133.445,-0.7040600605051297559561925143
BTC-USD,2026-08-30T18:41:34.968009Z,79133.44,79133.45,0.01,79133.445,-0.7040600605051297559561925143
BTC-USD,2026-08-30T18:41:35.016712Z,79133.44,79133.45,0.01,79133.445,-0.7040600605051297559561925143
BTC-USD,2026-08-30T18:41:35.076207Z,79133.44,79133.45,0.01,79133.445,-0.8138386343305120443961900539
BTC-USD,2026-08-30T18:41:35.121825Z,79133.44,79133.45,0.01,79133.445,-0.8138386343305120443961900539
BTC-USD,2026-08-30T18:41:35.176456Z,79133.44,79133.45,0.01,79133.445,-0.8138386343305120443961900539
BTC-USD,2026-08-30T18:41:35.222554Z,79133.44,79133.45,0.01,79133.445,-0.4474480817307566581943886947
BTC-USD,2026-08-30T18:41:35.277647Z,79133.44,79133.45,0.01,79133.445,-0.4474480817307566581943886947
BTC-USD,2026-08-30T18:41:35.32062Z,79133.44,79133.45,0.01,79133.445,-0.4474480817307566581943886947
BTC-USD,2026-08-30T18:41:35.382801Z,79133.44,79133.45,0.01,79133.445,-0.4474480817307566581943886947
BTC-USD,2026-08-30T18:41:35.425247Z,79133.44,79133.45,0.01,79133.445,-0.6932562646564292677597837956
BTC-USD,2026-08-30T18:41:35.478056Z,79133.44,79133.45,0.01,79133.445,-0.6932562646564292677597837956
BTC-USD,2026-08-30T18:41:35.530395Z,79133.44,79133.45,0.01,79133.445,-0.6932562646564292677597837956
BTC-USD,2026-08-30T18:41:35.570242Z,79133.44,79133.45,0.01,79133.445,-0.6932562646564292677597837956
BTC-USD,2026-08-30T18:41:35.607346Z,79133.44,79133.45,0.01,79133.445,-0.6932564898739500362337394305
BTC-USD,2026-08-30T18:41:35.675096Z,79133.44,79133.45,0.01,79133.445,-0.6932564898739500362337394305
BTC-USD,2026-08-30T18:41:35.73941Z,79133.44,79133.45,0.01,79133.445,-0.4474484657381836875449635482
BTC-USD,2026-08-30T18:41:35.763337Z,79133.44,79133.45,0.01,79133.445,-0.4474484657381836875449635482
BTC-USD,2026-08-30T18:41:35.815207Z,79133.44,79133.45,0.01,79133.445,-0.4474484657381836875449635482
BTC-USD,2026-08-30T18:41:35.872981Z,79133.44,79133.45,0.01,79133.445,-0.4474032365504448717698246006
BTC-USD,2026-08-30T18:41:35.932884Z,79133.44,79133.45,0.01,79133.445,-0.4474032365504448717698246006
BTC-USD,2026-08-30T18:41:35.98062Z,79133.44,79133.45,0.01,79133.445,-0.4474032365504448717698246006
BTC-USD,2026-08-30T18:41:36.031547Z,79133.44,79133.45,0.01,79133.445,-0.4474032365504448717698246006
BTC-USD,2026-08-30T18:41:36.067936Z,79133.44,79133.45,0.01,79133.445,-0.4474032365504448717698246006
BTC-USD,2026-08-30T18:41:36.099889Z,79133.44,79133.45,0.01,79133.445,-0.4474032365504448717698246006
BTC-USD,2026-08-30T18:41:36.141887Z,79133.44,79133.45,0.01,79133.445,-0.4474032365504448717698246006
BTC-USD,2026-08-30T18:41:36.186635Z,79133.44,79133.45,0.01,79133.445,-0.4474032365504448717698246006
BTC-USD,2026-08-30T18:41:36.24763Z,79133.44,79133.45,0.01,79133.445,-0.4474032365504448717698246006
BTC-USD,2026-08-30T18:41:36.343575Z,79133.44,79133.45,0.01,79133.445,-0.4487910207164904616081337253
BTC-USD,2026-08-30T18:41:36.359823Z,79133.44,79133.45,0.01,79133.445,-0.7715191038043589938765240098
BTC-USD,2026-08-30T18:41:36.429498Z,79133.44,79133.45,0.01,79133.445,-0.7715191038043589938765240098
BTC-USD,2026-08-30T18:41:36.474542Z,79133.44,79133.45,0.01,79133.445,-0.7715194735812471204806549063
BTC-USD,2026-08-30T18:41:36.518413Z,79133.44,79133.45,0.01,79133.445,-0.7715194735812471204806549063
BTC-USD,2026-08-30T18:41:36.574222Z,79133.44,79133.45,0.01,79133.445,-0.7715194735812471204806549063
BTC-USD,2026-08-30T18:41:36.67591Z,79133.44,79133.45,0.01,79133.445,-0.7715197611856001663195568486
BTC-USD,2026-08-30T18:41:36.741354Z,79133.44,79133.45,0.01,79133.445,-0.7715197611856001663195568486
BTC-USD,2026-08-30T18:41:36.820091Z,79133.44,79133.45,0.01,79133.445,-0.7715197611856001663195568486
BTC-USD,2026-08-30T18:41:36.874429Z,79133.44,79133.45,0.01,79133.445,-0.7715197611856001663195568486
BTC-USD,2026-08-30T18:41:36.928264Z,79133.44,79133.45,0.01,79133.445,-0.7715197611856001663195568486
BTC-USD,2026-08-30T18:41:36.960052Z,79133.44,79133.45,0.01,79133.445,-0.7715197611856001663195568486
BTC-USD,2026-08-30T18:41:37.020994Z,79133.44,79133.45,0.01,79133.445,-0.7715197611856001663195568486
BTC-USD,2026-08-30T18:41:37.061825Z,79133.44,79133.45,0.01,79133.445,-0.4474045804940502300040074188
BTC-USD,2026-08-30T18:41:37.159582Z,79133.44,79133.45,0.01,79133.445,-0.4474045804940502300040074188
BTC-USD,2026-08-30T18:41:37.217936Z,79133.44,79133.45,0.01,79133.445,-0.4474045804940502300040074188
BTC-USD,2026-08-30T18:41:37.285616Z,79133.44,79133.45,0.01,79133.445,-0.4474045804940502300040074188
BTC-USD,2026-08-30T18:41:37.332034Z,79133.44,79133.45,0.01,79133.445,-0.4474045804940502300040074188
BTC-USD,2026-08-30T18:41:37.375361Z,79133.44,79133.45,0.01,79133.445,-0.4474045804940502300040074188
BTC-USD,2026-08-30T18:41:37.474219Z,79133.44,79133.45,0.01,79133.445,-0.3071949992354864297178255961
BTC-USD,2026-08-30T18:41:37.559084Z,79133.44,79133.45,0.01,79133.445,-0.3071949992354864297178255961
BTC-USD,2026-08-30T18:41:37.618161Z,79133.44,79133.45,0.01,79133.445,-0.3071949992354864297178255961
BTC-USD,2026-08-30T18:41:37.68103Z,79133.44,79133.45,0.01,79133.445,-0.3071951234577873483207783310
BTC-USD,2026-08-30T18:41:37.696354Z,79133.44,79133.45,0.01,79133.445,-0.3071951234577873483207783310
BTC-USD,2026-08-30T18:41:37.77033Z,79125.03,79133.45,8.42,79129.24,0.2803312589538227040986326773
BTC-USD,2026-08-30T18:41:37.818254Z,79131.85,79131.86,0.01,79131.855,0.3750660693569927561846444026
BTC-USD,2026-08-30T18:41:37.8775Z,79131.85,79131.86,0.01,79131.855,0.3750615288605605701498742246
BTC-USD,2026-08-30T18:41:37.928995Z,79131.85,79131.86,0.01,79131.855,0.3750615288605605701498742246
BTC-USD,2026-08-30T18:41:37.975797Z,79131.85,79131.86,0.01,79131.855,0.3750615288605605701498742246
BTC-USD,2026-08-30T18:41:38.015436Z,79131.85,79131.86,0.01,79131.855,0.3750615288605605701498742246
BTC-USD,2026-08-30T18:41:38.081577Z,79131.85,79131.86,0.01,79131.855,0.1770242332100494851804847062
BTC-USD,2026-08-30T18:41:38.112175Z,79131.85,79131.86,0.01,79131.855,0.1770242332100494851804847062
BTC-USD,2026-08-30T18:41:38.16123Z,79131.85,79131.86,0.01,79131.855,0.1770242332100494851804847062
BTC-USD,2026-08-30T18:41:38.235206Z,79131.85,79131.86,0.01,79131.855,0.1770242332100494851804847062
BTC-USD,2026-08-30T18:41:38.251346Z,79131.85,79131.86,0.01,79131.855,0.1770242332100494851804847062
BTC-USD,2026-08-30T18:41:38.323172Z,79131.85,79131.86,0.01,79131.855,0.1770242332100494851804847062
BTC-USD,2026-08-30T18:41:38.360085Z,79131.85,79131.86,0.01,79131.855,0.1770242332100494851804847062
BTC-USD,2026-08-30T18:41:38.404095Z,79131.85,79131.86,0.01,79131.855,0.1770242332100494851804847062
BTC-USD,2026-08-30T18:41:38.472187Z,79131.85,79131.86,0.01,79131.855,0.1770242332100494851804847062
BTC-USD,2026-08-30T18:41:38.498727Z,79131.85,79131.86,0.01,79131.855,0.1770242332100494851804847062
BTC-USD,2026-08-30T18:41:38.576461Z,79131.85,79131.86,0.01,79131.855,0.07110792348378422541204287066
BTC-USD,2026-08-30T18:41:38.602127Z,79131.85,79131.86,0.01,79131.855,0.1648296368524797875040310501
BTC-USD,2026-08-30T18:41:38.686654Z,79131.85,79131.86,0.01,79131.855,0.07750058955056135466494205053
BTC-USD,2026-08-30T18:41:38.730265Z,79131.85,79131.86,0.01,79131.855,0.07750058955056135466494205053
BTC-USD,2026-08-30T18:41:38.789714Z,79131.85,79131.86,0.01,79131.855,0.07994414018562452865508830052
BTC-USD,2026-08-30T18:41:38.830838Z,79131.85,79131.86,0.01,79131.855,0.2177614759024506824848202968
BTC-USD,2026-08-30T18:41:38.906388Z,79131.85,79131.86,0.01,79131.855,0.2159894648367119306433902601
BTC-USD,2026-08-30T18:41:38.976471Z,79131.85,79131.86,0.01,79131.855,0.2159894648367119306433902601
BTC-USD,2026-08-30T18:41:39.02759Z,79131.85,79131.86,0.01,79131.855,0.2159894648367119306433902601
BTC-USD,2026-08-30T18:41:39.077654Z,79131.85,79131.86,0.01,79131.855,0.2159894648367119306433902601
BTC-USD,2026-08-30T18:41:39.119465Z,79131.85,79131.86,0.01,79131.855,0.2159894648367119306433902601
BTC-USD,2026-08-30T18:41:39.185063Z,79131.85,79131.86,0.01,79131.855,0.2305946432527164312961324356
BTC-USD,2026-08-30T18:41:39.22623Z,79131.85,79131.86,0.01,79131.855,0.3111331695467843969069171311
BTC-USD,2026-08-30T18:41:39.270087Z,79131.85,79131.86,0.01,79131.855,0.05938554916263656832162775177
BTC-USD,2026-08-30T18:41:39.331414Z,79131.85,79131.86,0.01,79131.855,0.01811098929978651522484694525
BTC-USD,2026-08-30T18:41:39.377604Z,79131.85,79131.86,0.01,79131.855,0.1439152648217989682232487359
BTC-USD,2026-08-30T18:41:39.429789Z,79131.85,79131.86,0.01,79131.855,0.08320575339998454149580173972
BTC-USD,2026-08-30T18:41:39.46286Z,79131.85,79131.86,0.01,79131.855,0.08320575339998454149580173972
BTC-USD,2026-08-30T18:41:39.521111Z,79131.85,79131.86,0.01,79131.855,0.08689715603713656476558459221
BTC-USD,2026-08-30T18:41:39.567817Z,79131.85,79131.86,0.01,79131.855,0.08689715603713656476558459221
BTC-USD,2026-08-30T18:41:39.619943Z,79131.85,79131.86,0.01,79131.855,0.08689715603713656476558459221
BTC-USD,2026-08-30T18:41:39.658599Z,79131.85,79131.86,0.01,79131.855,0.08689715603713656476558459221
BTC-USD,2026-08-30T18:41:39.722829Z,79131.85,79131.86,0.01,79131.855,0.08689715603713656476558459221
BTC-USD,2026-08-30T18:41:39.768995Z,79131.85,79131.86,0.01,79131.855,0.08689715603713656476558459221
BTC-USD,2026-08-30T18:41:39.822717Z,79131.85,79131.86,0.01,79131.855,0.08689715603713656476558459221
BTC-USD,2026-08-30T18:41:39.873533Z,79131.85,79131.86,0.01,79131.855,0.08689715603713656476558459221
BTC-USD,2026-08-30T18:41:39.923801Z,79131.85,79131.86,0.01,79131.855,0.08689710406169638007356286377
BTC-USD,2026-08-30T18:41:39.968017Z,79131.85,79131.86,0.01,79131.855,0.08689289403139074242083701987
BTC-USD,2026-08-30T18:41:40.011836Z,79131.85,79131.86,0.01,79131.855,0.08689289403139074242083701987
BTC-USD,2026-08-30T18:41:40.053265Z,79131.85,79131.86,0.01,79131.855,0.08689289403139074242083701987
BTC-USD,2026-08-30T18:41:40.100264Z,79131.85,79131.86,0.01,79131.855,0.08689289403139074242083701987
BTC-USD,2026-08-30T18:41:40.214627Z,79131.85,79131.86,0.01,79131.855,0.08689289403139074242083701987
BTC-USD,2026-08-30T18:41:40.324573Z,79131.85,79131.86,0.01,79131.855,0.2929218573055257836608693724
BTC-USD,2026-08-30T18:41:40.378232Z,79131.85,79131.86,0.01,79131.855,0.2928936007608069282844208690
BTC-USD,2026-08-30T18:41:40.412786Z,79131.85,79131.86,0.01,79131.855,0.2928936007608069282844208690
BTC-USD,2026-08-30T18:41:40.465391Z,79131.85,79131.86,0.01,79131.855,0.2928936007608069282844208690
BTC-USD,2026-08-30T18:41:40.51247Z,79131.85,79131.86,0.01,79131.855,0.2928936007608069282844208690
BTC-USD,2026-08-30T18:41:40.580175Z,79131.85,79131.86,0.01,79131.855,0.4677790358737680274948547067
BTC-USD,2026-08-30T18:41:40.621991Z,79131.85,79131.86,0.01,79131.855,0.4677790358737680274948547067
BTC-USD,2026-08-30T18:41:40.640936Z,79131.85,79131.86,0.01,79131.855,0.4677790358737680274948547067
BTC-USD,2026-08-30T18:41:40.721047Z,79131.85,79131.86,0.01,79131.855,0.3700277676086203103648544996
BTC-USD,2026-08-30T18:41:40.768689Z,79131.85,79131.86,0.01,79131.855,0.3700277676086203103648544996
BTC-USD,2026-08-30T18:41:40.824561Z,79131.85,79131.86,0.01,79131.855,0.3700277676086203103648544996
BTC-USD,2026-08-30T18:41:40.86476Z,79131.85,79131.86,0.01,79131.855,0.3700277676086203103648544996
BTC-USD,2026-08-30T18:41:40.925333Z,79131.85,79131.86,0.01,79131.855,0.3700277676086203103648544996
BTC-USD,2026-08-30T18:41:40.956308Z,79131.85,79131.86,0.01,79131.855,0.3700277676086203103648544996
BTC-USD,2026-08-30T18:41:41.036089Z,79131.85,79131.86,0.01,79131.855,0.4742436185607583762542976282
BTC-USD,2026-08-30T18:41:41.064532Z,79131.85,79131.86,0.01,79131.855,0.4742436185607583762542976282
BTC-USD,2026-08-30T18:41:41.090736Z,79131.85,79131.86,0.01,79131.855,0.4742436185607583762542976282
BTC-USD,2026-08-30T18:41:41.164286Z,79131.85,79131.86,0.01,79131.855,0.4742436185607583762542976282
BTC-USD,2026-08-30T18:41:41.239129Z,79131.85,79131.86,0.01,79131.855,0.4742436185607583762542976282
BTC-USD,2026-08-30T18:41:41.280408Z,79131.85,79131.86,0.01,79131.855,0.4653540775391191995586709748
BTC-USD,2026-08-30T18:41:41.288839Z,79131.85,79131.86,0.01,79131.855,0.4653540775391191995586709748
BTC-USD,2026-08-30T18:41:41.365223Z,79131.85,79131.86,0.01,79131.855,0.4653540775391191995586709748
BTC-USD,2026-08-30T18:41:41.428946Z,79131.85,79131.86,0.01,79131.855,0.4653540775391191995586709748
BTC-USD,2026-08-30T18:41:41.458759Z,79131.85,79131.86,0.01,79131.855,0.4653540775391191995586709748
BTC-USD,2026-08-30T18:41:41.525056Z,79131.85,79131.86,0.01,79131.855,0.4653540775391191995586709748
BTC-USD,2026-08-30T18:41:41.536567Z,79131.85,79131.86,0.01,79131.855,0.5026092440163006483887108424
BTC-USD,2026-08-30T18:41:41.590221Z,79131.85,79131.86,0.01,79131.855,0.7288568299211624688353002993
BTC-USD,2026-08-30T18:41:41.605216Z,79131.85,79131.86,0.01,79131.855,0.7765671183408002574100937505
BTC-USD,2026-08-30T18:41:41.684134Z,79131.85,79131.86,0.01,79131.855,0.5950702481990971799863690682
BTC-USD,2026-08-30T18:41:41.776847Z,79131.85,79131.86,0.01,79131.855,0.5764550343127477926084278573
BTC-USD,2026-08-30T18:41:41.806886Z,79131.85,79131.86,0.01,79131.855,0.5764550343127477926084278573
BTC-USD,2026-08-30T18:41:41.921787Z,79131.85,79131.86,0.01,79131.855,0.5768011973258435871594102101
BTC-USD,2026-08-30T18:41:41.958632Z,79131.85,79131.86,0.01,79131.855,0.5768011973258435871594102101
BTC-USD,2026-08-30T18:41:42.024734Z,79131.85,79131.86,0.01,79131.855,0.5768011973258435871594102101
BTC-USD,2026-08-30T18:41:42.079838Z,79131.85,79131.86,0.01,79131.855,0.5768011973258435871594102101
BTC-USD,2026-08-30T18:41:42.136318Z,79131.85,79131.86,0.01,79131.855,0.5768011973258435871594102101
BTC-USD,2026-08-30T18:41:42.180954Z,79131.85,79131.86,0.01,79131.855,0.5768011973258435871594102101
BTC-USD,2026-08-30T18:41:42.221746Z,79131.85,79131.86,0.01,79131.855,0.8077616311511834252781910794
BTC-USD,2026-08-30T18:41:42.264671Z,79131.85,79131.86,0.01,79131.855,0.8077616311511834252781910794
BTC-USD,2026-08-30T18:41:42.326818Z,79131.85,79131.86,0.01,79131.855,0.8077615763238270777737953644
BTC-USD,2026-08-30T18:41:42.366201Z,79131.85,79131.86,0.01,79131.855,0.8077615763238270777737953644
BTC-USD,2026-08-30T18:41:42.39903Z,79131.85,79131.86,0.01,79131.855,0.8077615763238270777737953644
BTC-USD,2026-08-30T18:41:42.472629Z,79131.85,79131.86,0.01,79131.855,0.8077615763238270777737953644
BTC-USD,2026-08-30T18:41:42.518356Z,79131.85,79131.86,0.01,79131.855,0.8077615763238270777737953644
BTC-USD,2026-08-30T18:41:42.579358Z,79131.85,79131.86,0.01,79131.855,0.8077615763238270777737953644
BTC-USD,2026-08-30T18:41:42.629258Z,79131.85,79131.86,0.01,79131.855,0.5790766334160506836158137198
BTC-USD,2026-08-30T18:41:42.655533Z,79131.85,79131.86,0.01,79131.855,0.5790766334160506836158137198
BTC-USD,2026-08-30T18:41:42.728038Z,79131.85,79131.86,0.01,79131.855,0.5790766334160506836158137198
BTC-USD,2026-08-30T18:41:42.779118Z,79131.85,79131.86,0.01,79131.855,0.5451089543325681723639214734
BTC-USD,2026-08-30T18:41:42.818211Z,79131.85,79131.86,0.01,79131.855,0.5791042944604938944816383311
BTC-USD,2026-08-30T18:41:42.876604Z,79131.85,79131.86,0.01,79131.855,0.5791042944604938944816383311
BTC-USD,2026-08-30T18:41:42.889851Z,79131.85,79131.86,0.01,79131.855,0.5791042944604938944816383311
BTC-USD,2026-08-30T18:41:42.965629Z,79131.85,79131.86,0.01,79131.855,0.5791042944604938944816383311
BTC-USD,2026-08-30T18:41:43.01736Z,79131.85,79131.86,0.01,79131.855,0.5791042944604938944816383311
BTC-USD,2026-08-30T18:41:43.069102Z,79132.82,79132.83,0.01,79132.825,0.4492906027918222129188607943
BTC-USD,2026-08-30T18:41:43.123472Z,79132.82,79132.83,0.01,79132.825,0.4492906027918222129188607943
BTC-USD,2026-08-30T18:41:43.162603Z,79132.82,79132.83,0.01,79132.825,0.4492535628710555870236831611
BTC-USD,2026-08-30T18:41:43.213479Z,79132.82,79132.83,0.01,79132.825,0.4495859235820693042087760401
BTC-USD,2026-08-30T18:41:43.276102Z,79132.82,79132.83,0.01,79132.825,0.4495859235820693042087760401
BTC-USD,2026-08-30T18:41:43.315345Z,79132.82,79132.83,0.01,79132.825,0.4495859235820693042087760401
BTC-USD,2026-08-30T18:41:43.375505Z,79132.82,79132.83,0.01,79132.825,0.5975494168049220540539105291
BTC-USD,2026-08-30T18:41:43.417528Z,79132.82,79132.83,0.01,79132.825,0.5975494168049220540539105291
BTC-USD,2026-08-30T18:41:43.475986Z,79132.82,79132.83,0.01,79132.825,0.1534540510618365918107624638
BTC-USD,2026-08-30T18:41:43.522068Z,79132.82,79132.83,0.01,79132.825,0.4257824585758211749574321188
BTC-USD,2026-08-30T18:41:43.564057Z,79132.82,79132.83,0.01,79132.825,0.4257824585758211749574321188
BTC-USD,2026-08-30T18:41:43.611061Z,79132.82,79132.83,0.01,79132.825,0.4257824585758211749574321188
BTC-USD,2026-08-30T18:41:43.661035Z,79132.82,79132.83,0.01,79132.825,0.4257824585758211749574321188
BTC-USD,2026-08-30T18:41:43.70995Z,79132.82,79132.83,0.01,79132.825,0.4257824585758211749574321188
BTC-USD,2026-08-30T18:41:43.745266Z,79132.82,79132.83,0.01,79132.825,0.5660773252753790456664755256
BTC-USD,2026-08-30T18:41:43.791133Z,79132.82,79132.83,0.01,79132.825,0.6042082306901083523185333281
BTC-USD,2026-08-30T18:41:43.872837Z,79132.82,79132.83,0.01,79132.825,0.6922522777355453610507958578
BTC-USD,2026-08-30T18:41:43.919086Z,79132.82,79132.83,0.01,79132.825,0.5898041448907961929427860151
BTC-USD,2026-08-30T18:41:43.964414Z,79132.82,79132.83,0.01,79132.825,0.5808774275003299832619945392
BTC-USD,2026-08-30T18:41:44.015721Z,79132.82,79132.83,0.01,79132.825,0.5808774275003299832619945392
BTC-USD,2026-08-30T18:41:44.049514Z,79132.82,79132.83,0.01,79132.825,0.5808774275003299832619945392
BTC-USD,2026-08-30T18:41:44.087853Z,79132.82,79132.83,0.01,79132.825,0.5010127034033874253565916591
BTC-USD,2026-08-30T18:41:44.125257Z,79132.82,79132.83,0.01,79132.825,0.5010127034033874253565916591
BTC-USD,2026-08-30T18:41:44.189583Z,79132.82,79132.83,0.01,79132.825,0.5010127034033874253565916591
BTC-USD,2026-08-30T18:41:44.250094Z,79136,79136.01,0.01,79136.005,0.4593858404229315328669612991
BTC-USD,2026-08-30T18:41:44.339982Z,79136.22,79136.23,0.01,79136.225,-0.03269467188512057094183876776
BTC-USD,2026-08-30T18:41:44.380362Z,79136.22,79136.23,0.01,79136.225,-0.06301165095855166315701112834
BTC-USD,2026-08-30T18:41:44.403538Z,79136.22,79136.23,0.01,79136.225,0.01258306911680742188938003435
BTC-USD,2026-08-30T18:41:44.476557Z,79136.22,79136.23,0.01,79136.225,0.2057376445709296188448441788
BTC-USD,2026-08-30T18:41:44.510851Z,79136.22,79136.23,0.01,79136.225,-0.2071582181298321098048685623
BTC-USD,2026-08-30T18:41:44.567924Z,79136.22,79136.23,0.01,79136.225,0.3857609753165623138014651495
BTC-USD,2026-08-30T18:41:44.621756Z,79136.22,79136.23,0.01,79136.225,0.3857607697232743076358847806
BTC-USD,2026-08-30T18:41:44.67782Z,79136.22,79136.23,0.01,79136.225,0.1646140146321735714165924592
BTC-USD,2026-08-30T18:41:44.714403Z,79136.22,79136.23,0.01,79136.225,0.1646140146321735714165924592
BTC-USD,2026-08-30T18:41:44.765981Z,79136.22,79136.23,0.01,79136.225,0.07017408845041204283809297583
BTC-USD,2026-08-30T18:41:44.813439Z,79136.22,79136.23,0.01,79136.225,0.07002487065641553275204943507
BTC-USD,2026-08-30T18:41:44.875118Z,79136.22,79136.23,0.01,79136.225,0.07002487065641553275204943507
BTC-USD,2026-08-30T18:41:44.934371Z,79136.22,79136.23,0.01,79136.225,0.07002487065641553275204943507
BTC-USD,2026-08-30T18:41:44.972307Z,79136.22,79136.23,0.01,79136.225,0.07002487065641553275204943507
BTC-USD,2026-08-30T18:41:45.026267Z,79136.22,79136.23,0.01,79136.225,0.07002487065641553275204943507
BTC-USD,2026-08-30T18:41:45.07685Z,79136.22,79136.23,0.01,79136.225,0.07002487065641553275204943507
BTC-USD,2026-08-30T18:41:45.125562Z,79136.22,79136.23,0.01,79136.225,0.07002487065641553275204943507
BTC-USD,2026-08-30T18:41:45.178407Z,79136.22,79136.23,0.01,79136.225,0.07002487065641553275204943507
BTC-USD,2026-08-30T18:41:45.22485Z,79136.22,79136.23,0.01,79136.225,0.07002487065641553275204943507
BTC-USD,2026-08-30T18:41:45.273614Z,79136.22,79136.23,0.01,79136.225,0.07002487065641553275204943507
BTC-USD,2026-08-30T18:41:45.332423Z,79136.22,79136.23,0.01,79136.225,0.07002487065641553275204943507
BTC-USD,2026-08-30T18:41:45.380689Z,79136.22,79136.23,0.01,79136.225,0.06982885672052753370213333294
BTC-USD,2026-08-30T18:41:45.418867Z,79136.22,79136.23,0.01,79136.225,0.06982885672052753370213333294
BTC-USD,2026-08-30T18:41:45.481643Z,79136.22,79136.23,0.01,79136.225,0.2881421717426496159707528539
BTC-USD,2026-08-30T18:41:45.515499Z,79136.22,79136.23,0.01,79136.225,0.2881419416768658660385463007
BTC-USD,2026-08-30T18:41:45.561109Z,79136.22,79136.23,0.01,79136.225,0.2881419416768658660385463007
BTC-USD,2026-08-30T18:41:45.631438Z,79136.22,79136.23,0.01,79136.225,0.2881419416768658660385463007
BTC-USD,2026-08-30T18:41:45.674331Z,79136.22,79136.23,0.01,79136.225,0.2881419416768658660385463007
BTC-USD,2026-08-30T18:41:45.774781Z,79136.22,79136.23,0.01,79136.225,0.2881419416768658660385463007
BTC-USD,2026-08-30T18:41:45.830717Z,79138.08,79138.09,0.01,79138.085,-0.1317719643270506322080349437
BTC-USD,2026-08-30T18:41:45.873924Z,79138.08,79138.09,0.01,79138.085,-0.1310512648242837774607999427
BTC-USD,2026-08-30T18:41:45.918102Z,79138.08,79138.09,0.01,79138.085,0.1335917170693938390924704793
BTC-USD,2026-08-30T18:41:45.985178Z,79138.08,79138.09,0.01,79138.085,0.1335917170693938390924704793
BTC-USD,2026-08-30T18:41:46.028615Z,79138.08,79138.09,0.01,79138.085,0.1335917170693938390924704793
BTC-USD,2026-08-30T18:41:46.126402Z,79138.08,79138.09,0.01,79138.085,0.07101127313978797745846627653
BTC-USD,2026-08-30T18:41:46.171765Z,79138.08,79138.09,0.01,79138.085,0.07101127313978797745846627653
BTC-USD,2026-08-30T18:41:46.21665Z,79138.08,79138.09,0.01,79138.085,0.07101127313978797745846627653
BTC-USD,2026-08-30T18:41:46.259145Z,79138.08,79138.09,0.01,79138.085,0.07101127313978797745846627653
BTC-USD,2026-08-30T18:41:46.315433Z,79138.08,79138.09,0.01,79138.085,0.07101127313978797745846627653
BTC-USD,2026-08-30T18:41:46.427795Z,79138.08,79138.09,0.01,79138.085,0.07103550645048142965519481145
BTC-USD,2026-08-30T18:41:46.472129Z,79138.08,79138.09,0.01,79138.085,0.07103550645048142965519481145
BTC-USD,2026-08-30T18:41:46.530885Z,79138.08,79138.09,0.01,79138.085,-0.2224789200613035491395876052
BTC-USD,2026-08-30T18:41:46.589051Z,79138.08,79138.09,0.01,79138.085,0.06860101112922245166449197351
BTC-USD,2026-08-30T18:41:46.701024Z,79138.08,79138.09,0.01,79138.085,0.06860101112922245166449197351
BTC-USD,2026-08-30T18:41:46.760517Z,79138.08,79138.09,0.01,79138.085,0.06860101112922245166449197351
BTC-USD,2026-08-30T18:41:46.812519Z,79138.08,79138.09,0.01,79138.085,0.06902526741749230608560615631
BTC-USD,2026-08-30T18:41:46.863048Z,79138.08,79138.09,0.01,79138.085,0.06902526741749230608560615631
BTC-USD,2026-08-30T18:41:46.930355Z,79138.08,79138.09,0.01,79138.085,0.06793813904033408992486967900
BTC-USD,2026-08-30T18:41:46.965293Z,79138.08,79138.09,0.01,79138.085,0.06793813904033408992486967900
BTC-USD,2026-08-30T18:41:47.022703Z,79138.08,79138.09,0.01,79138.085,0.06793803562340450663729677085
BTC-USD,2026-08-30T18:41:47.065528Z,79138.08,79138.09,0.01,79138.085,0.06793803562340450663729677085
BTC-USD,2026-08-30T18:41:47.165074Z,79138.08,79138.09,0.01,79138.085,0.06793803562340450663729677085
BTC-USD,2026-08-30T18:41:47.283763Z,79138.08,79138.09,0.01,79138.085,0.06793803562340450663729677085
BTC-USD,2026-08-30T18:41:47.385402Z,79138.08,79138.09,0.01,79138.085,0.06793803562340450663729677085
BTC-USD,2026-08-30T18:41:47.428057Z,79138.08,79138.09,0.01,79138.085,0.5616274324159946834706967858
BTC-USD,2026-08-30T18:41:47.475732Z,79138.08,79138.09,0.01,79138.085,0.5616274324159946834706967858
BTC-USD,2026-08-30T18:41:47.535188Z,79138.08,79138.09,0.01,79138.085,0.5616274324159946834706967858
BTC-USD,2026-08-30T18:41:47.578584Z,79138.08,79138.09,0.01,79138.085,0.5616274324159946834706967858
BTC-USD,2026-08-30T18:41:47.605646Z,79138.08,79138.09,0.01,79138.085,0.5616274324159946834706967858
BTC-USD,2026-08-30T18:41:47.675726Z,79138.08,79138.09,0.01,79138.085,0.1587725005418087418666987621
BTC-USD,2026-08-30T18:41:47.727856Z,79138.08,79138.09,0.01,79138.085,0.2098230484351709979567338404
BTC-USD,2026-08-30T18:41:47.75727Z,79138.08,79138.09,0.01,79138.085,0.2118272614195688649098599572
BTC-USD,2026-08-30T18:41:47.818666Z,79138.08,79138.09,0.01,79138.085,0.1432840888773732465616475210
BTC-USD,2026-08-30T18:41:47.873371Z,79138.08,79138.09,0.01,79138.085,0.1328088434332341014546672860
BTC-USD,2026-08-30T18:41:47.920197Z,79138.08,79138.09,0.01,79138.085,0.5746121690987161894673298275
BTC-USD,2026-08-30T18:41:47.967081Z,79136.03,79137.79,1.76,79136.91,0.1781013817157963890135684546
BTC-USD,2026-08-30T18:41:48.024503Z,79136.03,79137.24,1.21,79136.635,0.1633355454074471278739459105
BTC-USD,2026-08-30T18:41:48.064917Z,79137.23,79137.24,0.01,79137.235,0.01005265685012807396506361320
BTC-USD,2026-08-30T18:41:48.123302Z,79137.23,79137.24,0.01,79137.235,0.01005261727263891827929192825
BTC-USD,2026-08-30T18:41:48.173512Z,79137.23,79137.24,0.01,79137.235,0.2092608421947531257363847911
BTC-USD,2026-08-30T18:41:48.21704Z,79137.23,79137.24,0.01,79137.235,0.1924380914431501254682779318
BTC-USD,2026-08-30T18:41:48.267183Z,79137.23,79137.24,0.01,79137.235,0.1194780698322089360444828989
BTC-USD,2026-08-30T18:41:48.310236Z,79133.56,79137.23,3.67,79135.395,0.2258143897948182759967814704
BTC-USD,2026-08-30T18:41:48.369699Z,79134.56,79136.42,1.86,79135.49,0.1248577640386145559990541803
BTC-USD,2026-08-30T18:41:48.398504Z,79134.56,79136.42,1.86,79135.49,0.1248577640386145559990541803
BTC-USD,2026-08-30T18:41:48.474804Z,79134.57,79134.58,0.01,79134.575,0.03037405318358100110477856459
BTC-USD,2026-08-30T18:41:48.492115Z,79134.57,79134.58,0.01,79134.575,0.03037405318358100110477856459
BTC-USD,2026-08-30T18:41:48.559748Z,79134.57,79134.58,0.01,79134.575,0.1126666255060716478482625662
BTC-USD,2026-08-30T18:41:48.617746Z,79134.57,79134.58,0.01,79134.575,0.3572202333370468433427205503
BTC-USD,2026-08-30T18:41:48.672394Z,79134.57,79134.58,0.01,79134.575,0.3572239536100177824652930782
BTC-USD,2026-08-30T18:41:48.719861Z,79134.57,79134.58,0.01,79134.575,0.3666277291013269242747945868
BTC-USD,2026-08-30T18:41:48.771067Z,79134.57,79134.58,0.01,79134.575,0.3666277291013269242747945868
BTC-USD,2026-08-30T18:41:48.821647Z,79134.57,79134.58,0.01,79134.575,0.3672104293470878232631077907
BTC-USD,2026-08-30T18:41:48.879103Z,79134.57,79134.58,0.01,79134.575,0.3658267401610949121303602954
BTC-USD,2026-08-30T18:41:48.925354Z,79134.57,79134.58,0.01,79134.575,0.3774473209808601693455720481
BTC-USD,2026-08-30T18:41:48.978839Z,79134.57,79134.58,0.01,79134.575,0.1793310400782956252555289724
BTC-USD,2026-08-30T18:41:49.024595Z,79134.57,79134.58,0.01,79134.575,0.1793310400782956252555289724
BTC-USD,2026-08-30T18:41:49.064934Z,79134.57,79134.58,0.01,79134.575,0.02040688960727480293140985695
BTC-USD,2026-08-30T18:41:49.083902Z,79134.57,79134.58,0.01,79134.575,-0.05663523736019109278281739853
BTC-USD,2026-08-30T18:41:49.101488Z,79134.57,79134.58,0.01,79134.575,0.1019857003105083913231349117
BTC-USD,2026-08-30T18:41:49.281643Z,79134.57,79134.58,0.01,79134.575,0.1216085277252743618231908167
BTC-USD,2026-08-30T18:41:49.337226Z,79134.57,79134.58,0.01,79134.575,0.1216085277252743618231908167
BTC-USD,2026-08-30T18:41:49.344615Z,79134.57,79134.58,0.01,79134.575,-0.1082212714234094545936211637
BTC-USD,2026-08-30T18:41:49.418563Z,79134.57,79134.58,0.01,79134.575,-0.1082212714234094545936211637
BTC-USD,2026-08-30T18:41:49.464973Z,79134.57,79134.58,0.01,79134.575,-0.1082212714234094545936211637
BTC-USD,2026-08-30T18:41:49.577018Z,79134.57,79134.58,0.01,79134.575,-0.1082212714234094545936211637
BTC-USD,2026-08-30T18:41:49.606895Z,79134.57,79134.58,0.01,79134.575,-0.3011660303099006477258701278
BTC-USD,2026-08-30T18:41:49.618095Z,79134.57,79134.58,0.01,79134.575,-0.5062448430652034579040065992
BTC-USD,2026-08-30T18:41:49.72853Z,79132.85,79134.52,1.67,79133.685,-0.2986005500937123700651576407
BTC-USD,2026-08-30T18:41:49.785887Z,79132.85,79133.91,1.06,79133.38,-0.2939200801576425637921926165
BTC-USD,2026-08-30T18:41:49.806837Z,79132.85,79133.91,1.06,79133.38,-0.2939200801576425637921926165
BTC-USD,2026-08-30T18:41:49.857294Z,79132.85,79133.9,1.05,79133.375,-0.06209003341474112678033390571
BTC-USD,2026-08-30T18:41:49.926604Z,79132.85,79132.86,0.01,79132.855,-0.04317851642788591278094190739
BTC-USD,2026-08-30T18:41:49.977531Z,79132.85,79132.86,0.01,79132.855,-0.2971467149392625092928666369
BTC-USD,2026-08-30T18:41:50.02883Z,79132.85,79132.86,0.01,79132.855,-0.05137084301069168934565718580
BTC-USD,2026-08-30T18:41:50.084285Z,79132.85,79132.86,0.01,79132.855,0.08758894442463393097275233244
BTC-USD,2026-08-30T18:41:50.135778Z,79132.85,79132.86,0.01,79132.855,0.07505572669141597361606433357
BTC-USD,2026-08-30T18:41:50.157883Z,79132.85,79132.86,0.01,79132.855,0.07505572669141597361606433357
BTC-USD,2026-08-30T18:41:50.227248Z,79132.85,79132.86,0.01,79132.855,0.07505572669141597361606433357
BTC-USD,2026-08-30T18:41:50.27824Z,79132.85,79132.86,0.01,79132.855,0.07505572669141597361606433357
BTC-USD,2026-08-30T18:41:50.309338Z,79132.85,79132.86,0.01,79132.855,0.07505572669141597361606433357
BTC-USD,2026-08-30T18:41:50.361347Z,79132.85,79132.86,0.01,79132.855,0.07505572669141597361606433357
BTC-USD,2026-08-30T18:41:50.43405Z,79132.85,79132.86,0.01,79132.855,0.07506097193991305941669379570
BTC-USD,2026-08-30T18:41:50.460068Z,79132.85,79132.86,0.01,79132.855,0.07506097193991305941669379570
BTC-USD,2026-08-30T18:41:50.585482Z,79132.85,79132.86,0.01,79132.855,-0.04550475188652025200224713575
BTC-USD,2026-08-30T18:41:50.662496Z,79132.85,79132.86,0.01,79132.855,-0.04550475188652025200224713575
BTC-USD,2026-08-30T18:41:50.726598Z,79132.85,79132.86,0.01,79132.855,-0.6292026339893417045349908337
BTC-USD,2026-08-30T18:41:50.768205Z,79131.85,79132.86,1.01,79132.355,-0.3789358332588750623222323577
BTC-USD,2026-08-30T18:41:50.819534Z,79131.85,79131.86,0.01,79131.855,-0.1568439918103310477688989955
BTC-USD,2026-08-30T18:41:50.863261Z,79130,79130.01,0.01,79130.005,-0.4116301244170821892994120048
BTC-USD,2026-08-30T18:41:50.923433Z,79130,79130.01,0.01,79130.005,-0.3518940341406653115172219219
BTC-USD,2026-08-30T18:41:50.977385Z,79130,79130.01,0.01,79130.005,-0.3792676898606996794063356717
BTC-USD,2026-08-30T18:41:51.021878Z,79130,79130.01,0.01,79130.005,-0.3792676898606996794063356717
BTC-USD,2026-08-30T18:41:51.07547Z,79130,79130.01,0.01,79130.005,-0.3792676898606996794063356717
BTC-USD,2026-08-30T18:41:51.125327Z,79130,79130.01,0.01,79130.005,-0.3892708538319683355683185270
BTC-USD,2026-08-30T18:41:51.178901Z,79130,79130.01,0.01,79130.005,-0.3892708538319683355683185270
BTC-USD,2026-08-30T18:41:51.19498Z,79130,79130.01,0.01,79130.005,-0.3892708538319683355683185270
BTC-USD,2026-08-30T18:41:51.222843Z,79130,79130.01,0.01,79130.005,-0.3892708538319683355683185270
BTC-USD,2026-08-30T18:41:51.35324Z,79130,79130.01,0.01,79130.005,-0.3605518143862213343093230594
BTC-USD,2026-08-30T18:41:51.423104Z,79130,79130.01,0.01,79130.005,-0.3605518143862213343093230594
BTC-USD,2026-08-30T18:41:51.469167Z,79130,79130.01,0.01,79130.005,-0.3605545772216351538976735874
BTC-USD,2026-08-30T18:41:51.524812Z,79130,79130.01,0.01,79130.005,-0.3776951501625306801615519665
BTC-USD,2026-08-30T18:41:51.576465Z,79130,79130.01,0.01,79130.005,-0.3776951501625306801615519665
BTC-USD,2026-08-30T18:41:51.605658Z,79130,79130.01,0.01,79130.005,-0.3776951501625306801615519665
BTC-USD,2026-08-30T18:41:51.744079Z,79130,79130.01,0.01,79130.005,-0.3892737737592375513423162642
BTC-USD,2026-08-30T18:41:51.784752Z,79130,79130.01,0.01,79130.005,-0.3374760351697888682865738524
BTC-USD,2026-08-30T18:41:51.82411Z,79130,79130.01,0.01,79130.005,-0.2349100912017643505438371934
BTC-USD,2026-08-30T18:41:51.874662Z,79130,79130.01,0.01,79130.005,-0.2028270248631242780670620871
BTC-USD,2026-08-30T18:41:51.9206Z,79130,79130.01,0.01,79130.005,-0.2028270248631242780670620871
BTC-USD,2026-08-30T18:41:51.969572Z,79130,79130.01,0.01,79130.005,-0.2028270248631242780670620871
BTC-USD,2026-08-30T18:41:52.039863Z,79130,79130.01,0.01,79130.005,-0.2333462442094761119037648436
BTC-USD,2026-08-30T18:41:52.05026Z,79130,79130.01,0.01,79130.005,-0.2333462442094761119037648436
BTC-USD,2026-08-30T18:41:52.069151Z,79130,79130.01,0.01,79130.005,-0.2333462442094761119037648436
BTC-USD,2026-08-30T18:41:52.188345Z,79130,79130.01,0.01,79130.005,-0.2333462442094761119037648436
BTC-USD,2026-08-30T18:41:52.228101Z,79130,79130.01,0.01,79130.005,-0.2333462442094761119037648436
BTC-USD,2026-08-30T18:41:52.330802Z,79130,79130.01,0.01,79130.005,-0.2455703500155794826572492730
BTC-USD,2026-08-30T18:41:52.388378Z,79130,79130.01,0.01,79130.005,-0.2455703500155794826572492730
BTC-USD,2026-08-30T18:41:52.395535Z,79130,79130.01,0.01,79130.005,-0.2455703500155794826572492730
BTC-USD,2026-08-30T18:41:52.455786Z,79130,79130.01,0.01,79130.005,-0.2455703500155794826572492730
BTC-USD,2026-08-30T18:41:52.512701Z,79130,79130.01,0.01,79130.005,-0.2455703500155794826572492730
BTC-USD,2026-08-30T18:41:52.587899Z,79130,79130.01,0.01,79130.005,-0.2455703998031871722548834043
BTC-USD,2026-08-30T18:41:52.667542Z,79130,79130.01,0.01,79130.005,-0.2455703998031871722548834043
BTC-USD,2026-08-30T18:41:52.723197Z,79130,79130.01,0.01,79130.005,-0.2455703998031871722548834043
BTC-USD,2026-08-30T18:41:52.781076Z,79130,79130.01,0.01,79130.005,-0.2456487237979743187869501592
BTC-USD,2026-08-30T18:41:52.808526Z,79130,79130.01,0.01,79130.005,-0.2334271762557521795468459594
BTC-USD,2026-08-30T18:41:52.883291Z,79130,79130.01,0.01,79130.005,-0.2333463193561564816968771438
BTC-USD,2026-08-30T18:41:52.910455Z,79130,79130.01,0.01,79130.005,-0.2121823483725311455738321039
BTC-USD,2026-08-30T18:41:52.973386Z,79130,79130.01,0.01,79130.005,-0.2121612875822148899880167586
BTC-USD,2026-08-30T18:41:53.014717Z,79130,79130.01,0.01,79130.005,-0.2121612875822148899880167586
BTC-USD,2026-08-30T18:41:53.077654Z,79130,79130.01,0.01,79130.005,-0.1068169341433010903368019599
BTC-USD,2026-08-30T18:41:53.121051Z,79130,79130.01,0.01,79130.005,-0.09770536735215459306506228733
BTC-USD,2026-08-30T18:41:53.179737Z,79130,79130.01,0.01,79130.005,-0.09770536735215459306506228733
BTC-USD,2026-08-30T18:41:53.218877Z,79130,79130.01,0.01,79130.005,-0.09770536735215459306506228733
BTC-USD,2026-08-30T18:41:53.272421Z,79130,79130.01,0.01,79130.005,-0.1068169341433010903368019599
BTC-USD,2026-08-30T18:41:53.322188Z,79130,79130.01,0.01,79130.005,-0.1068169341433010903368019599
BTC-USD,2026-08-30T18:41:53.383857Z,79130,79130.01,0.01,79130.005,-0.05806564989712072625458050438
BTC-USD,2026-08-30T18:41:53.437073Z,79130,79130.01,0.01,79130.005,-0.05806564989712072625458050438
BTC-USD,2026-08-30T18:41:53.475816Z,79130,79130.01,0.01,79130.005,-0.05806564989712072625458050438
BTC-USD,2026-08-30T18:41:53.530749Z,79130,79130.01,0.01,79130.005,-0.05806564989712072625458050438
BTC-USD,2026-08-30T18:41:53.575953Z,79130,79130.01,0.01,79130.005,-0.05806564989712072625458050438
BTC-USD,2026-08-30T18:41:53.60908Z,79130,79130.01,0.01,79130.005,-0.05806564989712072625458050438
BTC-USD,2026-08-30T18:41:53.674116Z,79130,79130.01,0.01,79130.005,-0.05806564989712072625458050438
BTC-USD,2026-08-30T18:41:53.724663Z,79130,79130.01,0.01,79130.005,-0.05818023701185542935981787471
BTC-USD,2026-08-30T18:41:53.771046Z,79130,79130.01,0.01,79130.005,-0.07463468951219346221434738225
BTC-USD,2026-08-30T18:41:53.835035Z,79130,79130.01,0.01,79130.005,-0.07463485848587649743995592996
BTC-USD,2026-08-30T18:41:53.872399Z,79130,79130.01,0.01,79130.005,-0.08735559188907960073803435160
BTC-USD,2026-08-30T18:41:53.914225Z,79130,79130.01,0.01,79130.005,-0.07819155148305960560254062540
BTC-USD,2026-08-30T18:41:53.980787Z,79130,79130.01,0.01,79130.005,-0.07819155148305960560254062540
BTC-USD,2026-08-30T18:41:54.019714Z,79130,79130.01,0.01,79130.005,0.1042818310337276086207606391
BTC-USD,2026-08-30T18:41:54.114602Z,79130,79130.01,0.01,79130.005,0.09514631668099609418856561721
BTC-USD,2026-08-30T18:41:54.174591Z,79130,79130.01,0.01,79130.005,0.09514631668099609418856561721
BTC-USD,2026-08-30T18:41:54.227443Z,79130,79130.01,0.01,79130.005,0.09880701940731546640613079439
BTC-USD,2026-08-30T18:41:54.264463Z,79130,79130.01,0.01,79130.005,0.09880701940731546640613079439
BTC-USD,2026-08-30T18:41:54.319733Z,79130,79130.01,0.01,79130.005,0.09880701940731546640613079439
BTC-USD,2026-08-30T18:41:54.379906Z,79130,79130.01,0.01,79130.005,0.09880701940731546640613079439
BTC-USD,2026-08-30T18:41:54.434092Z,79130,79130.01,0.01,79130.005,0.09514631668099609418856561721
BTC-USD,2026-08-30T18:41:54.476683Z,79130,79130.01,0.01,79130.005,-0.06170169428837305801912566007
BTC-USD,2026-08-30T18:41:54.527752Z,79130,79130.01,0.01,79130.005,0.01672223611657815144624696303
BTC-USD,2026-08-30T18:41:54.559405Z,79130,79130.01,0.01,79130.005,0.01672223611657815144624696303
BTC-USD,2026-08-30T18:41:54.643203Z,79130,79130.01,0.01,79130.005,-0.07485760430052908392631166578
BTC-USD,2026-08-30T18:41:54.722667Z,79130,79130.01,0.01,79130.005,-0.05770319448597424036257110038
BTC-USD,2026-08-30T18:41:54.776437Z,79130,79130.01,0.01,79130.005,-0.05770319448597424036257110038
BTC-USD,2026-08-30T18:41:54.829808Z,79130,79130.01,0.01,79130.005,-0.06574205696692963132958320274
BTC-USD,2026-08-30T18:41:54.863361Z,79130,79130.01,0.01,79130.005,-0.06574205696692963132958320274
BTC-USD,2026-08-30T18:41:54.930714Z,79130,79130.01,0.01,79130.005,-0.06574205696692963132958320274
BTC-USD,2026-08-30T18:41:54.980553Z,79130,79130.01,0.01,79130.005,-0.06574214931148222723760833693
BTC-USD,2026-08-30T18:41:55.034561Z,79130,79130.01,0.01,79130.005,-0.06574214931148222723760833693
BTC-USD,2026-08-30T18:41:55.069061Z,79130,79130.01,0.01,79130.005,-0.06574214931148222723760833693
BTC-USD,2026-08-30T18:41:55.105133Z,79130,79130.01,0.01,79130.005,-0.06574214931148222723760833693
BTC-USD,2026-08-30T18:41:55.169631Z,79130,79130.01,0.01,79130.005,-0.06574214931148222723760833693
BTC-USD,2026-08-30T18:41:55.220964Z,79130,79130.01,0.01,79130.005,-0.06574214931148222723760833693
BTC-USD,2026-08-30T18:41:55.266423Z,79130,79130.01,0.01,79130.005,-0.04202596198158941239092533515
BTC-USD,2026-08-30T18:41:55.319371Z,79130,79130.01,0.01,79130.005,-0.04202596198158941239092533515
BTC-USD,2026-08-30T18:41:55.340687Z,79130,79130.01,0.01,79130.005,-0.04202596198158941239092533515
BTC-USD,2026-08-30T18:41:55.43474Z,79130,79130.01,0.01,79130.005,-0.005880616063558674496978175775
BTC-USD,2026-08-30T18:41:55.469962Z,79130,79130.01,0.01,79130.005,-0.005857750070257659501630415603
BTC-USD,2026-08-30T18:41:55.52742Z,79130,79130.01,0.01,79130.005,-0.005857750070257659501630415603
BTC-USD,2026-08-30T18:41:55.5645Z,79130,79130.01,0.01,79130.005,-0.01705096186686202287281399903
BTC-USD,2026-08-30T18:41:55.612432Z,79130,79130.01,0.01,79130.005,-0.01705096186686202287281399903
BTC-USD,2026-08-30T18:41:55.72029Z,79130,79130.01,0.01,79130.005,0.2159920153602842095491683582
BTC-USD,2026-08-30T18:41:55.760964Z,79130,79130.01,0.01,79130.005,0.2159920153602842095491683582
BTC-USD,2026-08-30T18:41:55.868063Z,79130,79130.01,0.01,79130.005,0.2159920153602842095491683582
BTC-USD,2026-08-30T18:41:55.931055Z,79130,79130.01,0.01,79130.005,0.2159920153602842095491683582
BTC-USD,2026-08-30T18:41:55.974775Z,79130,79130.01,0.01,79130.005,0.1343513593945797041520748370
BTC-USD,2026-08-30T18:41:56.035963Z,79130,79130.01,0.01,79130.005,0.1343513593945797041520748370
BTC-USD,2026-08-30T18:41:56.060962Z,79130,79130.01,0.01,79130.005,0.1343513593945797041520748370
BTC-USD,2026-08-30T18:41:56.100253Z,79130,79130.01,0.01,79130.005,0.1343511770892557564816872164
BTC-USD,2026-08-30T18:41:56.193801Z,79130,79130.01,0.01,79130.005,0.1343511770892557564816872164
BTC-USD,2026-08-30T18:41:56.267098Z,79130,79130.01,0.01,79130.005,0.1343511770892557564816872164
BTC-USD,2026-08-30T18:41:56.329516Z,79130,79130.01,0.01,79130.005,0.1343511770892557564816872164
BTC-USD,2026-08-30T18:41:56.357379Z,79130,79130.01,0.01,79130.005,0.1343511770892557564816872164
BTC-USD,2026-08-30T18:41:56.427153Z,79130,79130.01,0.01,79130.005,0.1343511770892557564816872164
BTC-USD,2026-08-30T18:41:56.484303Z,79130,79130.01,0.01,79130.005,0.1343511770892557564816872164
BTC-USD,2026-08-30T18:41:56.516498Z,79130,79130.01,0.01,79130.005,0.1343509659987847287264901427
BTC-USD,2026-08-30T18:41:56.578644Z,79130,79130.01,0.01,79130.005,0.2148911887064697272914348422
BTC-USD,2026-08-30T18:41:56.679271Z,79130,79130.01,0.01,79130.005,0.2148911887064697272914348422
BTC-USD,2026-08-30T18:41:56.725885Z,79130,79130.01,0.01,79130.005,0.2148911887064697272914348422
BTC-USD,2026-08-30T18:41:56.758844Z,79130,79130.01,0.01,79130.005,0.2148911887064697272914348422
BTC-USD,2026-08-30T18:41:56.822267Z,79130,79130.01,0.01,79130.005,0.2148911887064697272914348422
BTC-USD,2026-08-30T18:41:56.869653Z,79130,79130.01,0.01,79130.005,0.2148911887064697272914348422
BTC-USD,2026-08-30T18:41:56.925783Z,79130,79130.01,0.01,79130.005,0.2148911887064697272914348422
BTC-USD,2026-08-30T18:41:56.967328Z,79130,79130.01,0.01,79130.005,0.2148911887064697272914348422
BTC-USD,2026-08-30T18:41:57.014961Z,79130,79130.01,0.01,79130.005,0.2148911887064697272914348422
BTC-USD,2026-08-30T18:41:57.065003Z,79130,79130.01,0.01,79130.005,0.2148911887064697272914348422
BTC-USD,2026-08-30T18:41:57.091728Z,79130,79130.01,0.01,79130.005,0.2148911887064697272914348422
BTC-USD,2026-08-30T18:41:57.173119Z,79130,79130.01,0.01,79130.005,0.2148911887064697272914348422
BTC-USD,2026-08-30T18:41:57.218352Z,79130,79130.01,0.01,79130.005,0.2148911492432890601057557139
BTC-USD,2026-08-30T18:41:57.273Z,79130,79130.01,0.01,79130.005,0.2148911492432890601057557139
BTC-USD,2026-08-30T18:41:57.30907Z,79130,79130.01,0.01,79130.005,0.2148911492432890601057557139
BTC-USD,2026-08-30T18:41:57.389319Z,79130,79130.01,0.01,79130.005,0.2148911492432890601057557139
BTC-USD,2026-08-30T18:41:57.413694Z,79130,79130.01,0.01,79130.005,0.2148911492432890601057557139
BTC-USD,2026-08-30T18:41:57.467574Z,79130,79130.01,0.01,79130.005,0.2148911492432890601057557139
BTC-USD,2026-08-30T18:41:57.516794Z,79130,79130.01,0.01,79130.005,0.2148911492432890601057557139
BTC-USD,2026-08-30T18:41:57.562383Z,79130,79130.01,0.01,79130.005,0.2148911492432890601057557139
BTC-USD,2026-08-30T18:41:57.665629Z,79130,79130.01,0.01,79130.005,0.1356720143140669201509298215
BTC-USD,2026-08-30T18:41:57.736379Z,79130,79130.01,0.01,79130.005,0.2148911492432890601057557139
BTC-USD,2026-08-30T18:41:57.83689Z,79130,79130.01,0.01,79130.005,0.2148911492432890601057557139
BTC-USD,2026-08-30T18:41:57.872358Z,79130,79130.01,0.01,79130.005,0.2148911492432890601057557139
BTC-USD,2026-08-30T18:41:57.918857Z,79130,79130.01,0.01,79130.005,0.2148911492432890601057557139
BTC-USD,2026-08-30T18:41:57.977302Z,79130,79130.01,0.01,79130.005,0.2148911492432890601057557139
BTC-USD,2026-08-30T18:41:58.013769Z,79130,79130.01,0.01,79130.005,0.2148911492432890601057557139
BTC-USD,2026-08-30T18:41:58.063358Z,79130,79130.01,0.01,79130.005,0.2148911492432890601057557139
BTC-USD,2026-08-30T18:41:58.077523Z,79130,79130.01,0.01,79130.005,0.2148911492432890601057557139
BTC-USD,2026-08-30T18:41:58.156312Z,79130,79130.01,0.01,79130.005,0.1909461757954052771467569614
BTC-USD,2026-08-30T18:41:58.281009Z,79130,79130.01,0.01,79130.005,0.1100030932906943291744794823
BTC-USD,2026-08-30T18:41:58.313164Z,79130,79130.01,0.01,79130.005,0.1100030643460748677624689599
BTC-USD,2026-08-30T18:41:58.382557Z,79130,79130.01,0.01,79130.005,0.1100030643460748677624689599
BTC-USD,2026-08-30T18:41:58.421093Z,79130,79130.01,0.01,79130.005,0.1346028867723274879330170403
BTC-USD,2026-08-30T18:41:58.468198Z,79125,79130.01,5.01,79127.505,0.1783015425828317048016298791
BTC-USD,2026-08-30T18:41:58.527358Z,79125,79125.01,0.01,79125.005,0.1641052732643547863415469874
BTC-USD,2026-08-30T18:41:58.575587Z,79125,79125.01,0.01,79125.005,0.3003077698224331343981438376
BTC-USD,2026-08-30T18:41:58.585861Z,79125,79125.01,0.01,79125.005,0.3788791765492419825626574776
BTC-USD,2026-08-30T18:41:58.668184Z,79125,79125.01,0.01,79125.005,0.3788791765492419825626574776
BTC-USD,2026-08-30T18:41:58.724196Z,79125,79125.01,0.01,79125.005,0.4779524811075166847428935335
BTC-USD,2026-08-30T18:41:58.775312Z,79125,79125.01,0.01,79125.005,0.4779524811075166847428935335
BTC-USD,2026-08-30T18:41:58.822776Z,79125,79125.01,0.01,79125.005,0.4779524811075166847428935335
BTC-USD,2026-08-30T18:41:58.863735Z,79125,79125.01,0.01,79125.005,0.4779524811075166847428935335
BTC-USD,2026-08-30T18:41:58.926412Z,79125,79125.01,0.01,79125.005,0.4779524811075166847428935335
BTC-USD,2026-08-30T18:41:58.975775Z,79125,79125.01,0.01,79125.005,0.4779524811075166847428935335
BTC-USD,2026-08-30T18:41:59.022469Z,79125,79125.01,0.01,79125.005,0.4779524811075166847428935335
BTC-USD,2026-08-30T18:41:59.062569Z,79125,79125.01,0.01,79125.005,0.4779524811075166847428935335
BTC-USD,2026-08-30T18:41:59.128342Z,79125,79125.01,0.01,79125.005,0.1271018156160766321700747633
BTC-USD,2026-08-30T18:41:59.165965Z,79125,79125.01,0.01,79125.005,0.1086426467253690091519826014
BTC-USD,2026-08-30T18:41:59.227046Z,79125,79125.01,0.01,79125.005,0.1086426467253690091519826014
BTC-USD,2026-08-30T18:41:59.264651Z,79125,79125.01,0.01,79125.005,-0.01114328502840408283244600254
BTC-USD,2026-08-30T18:41:59.329445Z,79125,79125.01,0.01,79125.005,0.07041977709251277443556640371
BTC-USD,2026-08-30T18:41:59.370298Z,79125,79125.01,0.01,79125.005,0.07041977709251277443556640371
BTC-USD,2026-08-30T18:41:59.426647Z,79125,79125.01,0.01,79125.005,0.07041977709251277443556640371
BTC-USD,2026-08-30T18:41:59.487288Z,79125,79125.01,0.01,79125.005,0.07041977709251277443556640371
BTC-USD,2026-08-30T18:41:59.512318Z,79125,79125.01,0.01,79125.005,0.04084792047887823968647619990
BTC-USD,2026-08-30T18:41:59.628161Z,79125,79125.01,0.01,79125.005,0.04084785941948484508696044484
BTC-USD,2026-08-30T18:41:59.657601Z,79125,79125.01,0.01,79125.005,0.04084785941948484508696044484
BTC-USD,2026-08-30T18:41:59.728919Z,79125,79125.01,0.01,79125.005,0.04084785941948484508696044484
BTC-USD,2026-08-30T18:41:59.771055Z,79125,79125.01,0.01,79125.005,0.04084785941948484508696044484
BTC-USD,2026-08-30T18:41:59.816246Z,79125,79125.01,0.01,79125.005,0.05192681061748787552961301040
BTC-USD,2026-08-30T18:41:59.861561Z,79125,79125.01,0.01,79125.005,0.05192681061748787552961301040
BTC-USD,2026-08-30T18:41:59.921916Z,79125,79125.01,0.01,79125.005,0.05192681061748787552961301040
BTC-USD,2026-08-30T18:41:59.961668Z,79125,79125.01,0.01,79125.005,0.05192681061748787552961301040
BTC-USD,2026-08-30T18:41:59.988917Z,79125,79125.01,0.01,79125.005,-0.3421653981908219521500704384
BTC-USD,2026-08-30T18:42:00.030713Z,79125,79125.01,0.01,79125.005,-0.2325226704908218001274532078
BTC-USD,2026-08-30T18:42:00.15301Z,79125,79125.01,0.01,79125.005,-0.2487622058064582182319132615
BTC-USD,2026-08-30T18:42:00.276295Z,79125,79125.01,0.01,79125.005,-0.2487622058064582182319132615
BTC-USD,2026-08-30T18:42:00.332052Z,79125,79125.01,0.01,79125.005,0.06715307417745649812969658584
BTC-USD,2026-08-30T18:42:00.411238Z,79125,79125.01,0.01,79125.005,-0.08273326996753267675548338315
BTC-USD,2026-08-30T18:42:00.46959Z,79125,79125.01,0.01,79125.005,-0.08273326996753267675548338315
BTC-USD,2026-08-30T18:42:00.508877Z,79125,79125.01,0.01,79125.005,-0.08270801021684601275569731826
BTC-USD,2026-08-30T18:42:00.552616Z,79125,79125.01,0.01,79125.005,-0.08270801021684601275569731826
BTC-USD,2026-08-30T18:42:00.685923Z,79125,79125.01,0.01,79125.005,0.06717839322621573383682864538
BTC-USD,2026-08-30T18:42:00.763884Z,79125,79125.01,0.01,79125.005,0.08735738486119912320248141158
BTC-USD,2026-08-30T18:42:00.809884Z,79125,79125.01,0.01,79125.005,0.08735738486119912320248141158
BTC-USD,2026-08-30T18:42:00.866323Z,79125,79125.01,0.01,79125.005,0.06717832186667939195188642689
BTC-USD,2026-08-30T18:42:00.923884Z,79125,79125.01,0.01,79125.005,0.06717832186667939195188642689
BTC-USD,2026-08-30T18:42:00.96477Z,79125,79125.01,0.01,79125.005,0.06717832186667939195188642689
BTC-USD,2026-08-30T18:42:01.032934Z,79125,79125.01,0.01,79125.005,0.4343935345880665990252107886
BTC-USD,2026-08-30T18:42:01.050066Z,79125,79125.01,0.01,79125.005,0.4343935345880665990252107886
BTC-USD,2026-08-30T18:42:01.095172Z,79125,79125.01,0.01,79125.005,0.4343935345880665990252107886
BTC-USD,2026-08-30T18:42:01.176583Z,79125,79125.01,0.01,79125.005,0.4343935345880665990252107886
BTC-USD,2026-08-30T18:42:01.205861Z,79125,79125.01,0.01,79125.005,0.4343935345880665990252107886
BTC-USD,2026-08-30T18:42:01.272537Z,79125,79125.01,0.01,79125.005,0.4343935345880665990252107886
BTC-USD,2026-08-30T18:42:01.288501Z,79125,79125.01,0.01,79125.005,0.4343935345880665990252107886
BTC-USD,2026-08-30T18:42:01.360339Z,79125,79125.01,0.01,79125.005,0.3361888516552572917449983752
BTC-USD,2026-08-30T18:42:01.432563Z,79125,79125.01,0.01,79125.005,0.3361888516552572917449983752
BTC-USD,2026-08-30T18:42:01.476793Z,79125,79125.01,0.01,79125.005,0.3361888516552572917449983752
BTC-USD,2026-08-30T18:42:01.485629Z,79125,79125.01,0.01,79125.005,0.3361888516552572917449983752
BTC-USD,2026-08-30T18:42:01.558961Z,79125,79125.01,0.01,79125.005,0.4343935345880665990252107886
BTC-USD,2026-08-30T18:42:01.619787Z,79125,79125.01,0.01,79125.005,0.4343935345880665990252107886
BTC-USD,2026-08-30T18:42:01.633552Z,79125,79125.01,0.01,79125.005,0.4343935345880665990252107886
BTC-USD,2026-08-30T18:42:01.725699Z,79125,79125.01,0.01,79125.005,0.4343935345880665990252107886
BTC-USD,2026-08-30T18:42:01.764854Z,79125,79125.01,0.01,79125.005,0.4343935345880665990252107886
BTC-USD,2026-08-30T18:42:01.803561Z,79125,79125.01,0.01,79125.005,0.4343935345880665990252107886
BTC-USD,2026-08-30T18:42:01.87351Z,79125,79125.01,0.01,79125.005,0.4343935345880665990252107886
BTC-USD,2026-08-30T18:42:01.976625Z,79125,79125.01,0.01,79125.005,0.3358551903004048554008918306
BTC-USD,2026-08-30T18:42:02.027289Z,79125,79125.01,0.01,79125.005,0.3358551903004048554008918306
BTC-USD,2026-08-30T18:42:02.067955Z,79125,79125.01,0.01,79125.005,0.3364895782194576692703915643
BTC-USD,2026-08-30T18:42:02.116454Z,79125,79125.01,0.01,79125.005,0.4349734700017104792071850139
BTC-USD,2026-08-30T18:42:02.164695Z,79125,79125.01,0.01,79125.005,0.4349734700017104792071850139
BTC-USD,2026-08-30T18:42:02.252423Z,79125,79125.01,0.01,79125.005,0.4349734700017104792071850139
BTC-USD,2026-08-30T18:42:02.322544Z,79125,79125.01,0.01,79125.005,0.4349734700017104792071850139
BTC-USD,2026-08-30T18:42:02.353972Z,79125,79125.01,0.01,79125.005,0.4349734700017104792071850139
BTC-USD,2026-08-30T18:42:02.40434Z,79125,79125.01,0.01,79125.005,0.4349734700017104792071850139
BTC-USD,2026-08-30T18:42:02.466722Z,79125,79125.01,0.01,79125.005,0.4349734700017104792071850139
BTC-USD,2026-08-30T18:42:02.508268Z,79125,79125.01,0.01,79125.005,0.4349734700017104792071850139
BTC-USD,2026-08-30T18:42:02.573945Z,79125,79125.01,0.01,79125.005,0.4349734700017104792071850139
BTC-USD,2026-08-30T18:42:02.605267Z,79125,79125.01,0.01,79125.005,0.3379584903910921003976620199
BTC-USD,2026-08-30T18:42:02.673131Z,79125,79125.01,0.01,79125.005,0.3379584903910921003976620199
BTC-USD,2026-08-30T18:42:02.720179Z,79125,79125.01,0.01,79125.005,0.3379584903910921003976620199
BTC-USD,2026-08-30T18:42:02.772093Z,79125,79125.01,0.01,79125.005,0.4349734700017104792071850139
BTC-USD,2026-08-30T18:42:02.811924Z,79125,79125.01,0.01,79125.005,0.4349734700017104792071850139
BTC-USD,2026-08-30T18:42:02.845011Z,79125,79125.01,0.01,79125.005,0.4349734700017104792071850139
BTC-USD,2026-08-30T18:42:02.931516Z,79125,79125.01,0.01,79125.005,0.4349734700017104792071850139
BTC-USD,2026-08-30T18:42:02.979806Z,79125,79125.01,0.01,79125.005,0.4349734700017104792071850139
BTC-USD,2026-08-30T18:42:03.028089Z,79125,79125.01,0.01,79125.005,0.4349734700017104792071850139
BTC-USD,2026-08-30T18:42:03.06165Z,79125,79125.01,0.01,79125.005,0.4349734700017104792071850139
BTC-USD,2026-08-30T18:42:03.114951Z,79125,79125.01,0.01,79125.005,0.4349734700017104792071850139
BTC-USD,2026-08-30T18:42:03.202188Z,79125,79125.01,0.01,79125.005,0.3472137257398297680280291230
BTC-USD,2026-08-30T18:42:03.264397Z,79125,79125.01,0.01,79125.005,0.3472135007172859302224706694
BTC-USD,2026-08-30T18:42:03.330116Z,79125,79125.01,0.01,79125.005,0.4349731328294895211910167150
BTC-USD,2026-08-30T18:42:03.365644Z,79125,79125.01,0.01,79125.005,0.4349731328294895211910167150
BTC-USD,2026-08-30T18:42:03.40322Z,79125,79125.01,0.01,79125.005,0.4349731328294895211910167150
BTC-USD,2026-08-30T18:42:03.448566Z,79125,79125.01,0.01,79125.005,0.4349731328294895211910167150
BTC-USD,2026-08-30T18:42:03.526938Z,79125,79125.01,0.01,79125.005,0.4349886142390137931971859981
BTC-USD,2026-08-30T18:42:03.563884Z,79125,79125.01,0.01,79125.005,0.4349886142390137931971859981
BTC-USD,2026-08-30T18:42:03.616059Z,79125,79125.01,0.01,79125.005,0.4349886142390137931971859981
BTC-USD,2026-08-30T18:42:03.665856Z,79125,79125.01,0.01,79125.005,0.4349886142390137931971859981
BTC-USD,2026-08-30T18:42:03.738125Z,79125,79125.01,0.01,79125.005,0.4349886142390137931971859981
BTC-USD,2026-08-30T18:42:03.764091Z,79125,79125.01,0.01,79125.005,0.4349886142390137931971859981
BTC-USD,2026-08-30T18:42:03.829827Z,79125,79125.01,0.01,79125.005,0.4349886142390137931971859981
BTC-USD,2026-08-30T18:42:03.877364Z,79125,79125.01,0.01,79125.005,0.4349886142390137931971859981
BTC-USD,2026-08-30T18:42:03.922977Z,79125,79125.01,0.01,79125.005,0.4349886142390137931971859981
BTC-USD,2026-08-30T18:42:03.976673Z,79125,79125.01,0.01,79125.005,0.4349886142390137931971859981
BTC-USD,2026-08-30T18:42:04.017983Z,79125,79125.01,0.01,79125.005,0.4349886142390137931971859981
BTC-USD,2026-08-30T18:42:04.065086Z,79125,79125.01,0.01,79125.005,0.4349886142390137931971859981
BTC-USD,2026-08-30T18:42:04.117851Z,79125,79125.01,0.01,79125.005,0.4349886142390137931971859981
BTC-USD,2026-08-30T18:42:04.181991Z,79125,79125.01,0.01,79125.005,0.4349886142390137931971859981
BTC-USD,2026-08-30T18:42:04.213909Z,79125,79125.01,0.01,79125.005,0.4349886142390137931971859981
BTC-USD,2026-08-30T18:42:04.265459Z,79125,79125.01,0.01,79125.005,0.4349884456619906188196922240
BTC-USD,2026-08-30T18:42:04.365364Z,79125,79125.01,0.01,79125.005,0.4349884456619906188196922240
BTC-USD,2026-08-30T18:42:04.464076Z,79125,79125.01,0.01,79125.005,0.4349884456619906188196922240
BTC-USD,2026-08-30T18:42:04.520371Z,79125,79125.01,0.01,79125.005,0.3456522942661640074908984079
BTC-USD,2026-08-30T18:42:04.559565Z,79125,79125.01,0.01,79125.005,0.3456522942661640074908984079
BTC-USD,2026-08-30T18:42:04.642805Z,79125,79125.01,0.01,79125.005,0.3456522942661640074908984079
BTC-USD,2026-08-30T18:42:04.67619Z,79125,79125.01,0.01,79125.005,0.4349291377689483299927275307
BTC-USD,2026-08-30T18:42:04.691061Z,79125,79125.01,0.01,79125.005,0.4349291377689483299927275307
BTC-USD,2026-08-30T18:42:04.748549Z,79125,79125.01,0.01,79125.005,0.8028059283199228077864537613
BTC-USD,2026-08-30T18:42:04.776123Z,79125,79125.01,0.01,79125.005,0.8762929058732112110857586186
BTC-USD,2026-08-30T18:42:04.8644Z,79125,79125.01,0.01,79125.005,0.8827663184586762864412787674
BTC-USD,2026-08-30T18:42:04.906783Z,79125,79125.01,0.01,79125.005,0.9228143001514169050907919614
BTC-USD,2026-08-30T18:42:04.967477Z,79125,79125.01,0.01,79125.005,0.7773231439377933160134747960
BTC-USD,2026-08-30T18:42:04.989129Z,79125,79125.01,0.01,79125.005,0.4084463941128786111463727989
BTC-USD,2026-08-30T18:42:05.058823Z,79125,79125.01,0.01,79125.005,0.8148452031123973915441345383
BTC-USD,2026-08-30T18:42:05.078384Z,79125,79125.01,0.01,79125.005,0.8148452031123973915441345383
BTC-USD,2026-08-30T18:42:05.163525Z,79128.26,79133.63,5.37,79130.945,0.4162950568719961796746832966
BTC-USD,2026-08-30T18:42:05.207663Z,79129.49,79133.63,4.14,79131.56,-0.2235965253798039346587507188
BTC-USD,2026-08-30T18:42:05.251509Z,79129.49,79130.48,0.99,79129.985,-0.01803556965417380105422782948
BTC-USD,2026-08-30T18:42:05.344317Z,79130.47,79130.48,0.01,79130.475,-0.2039940172538644547530827751
BTC-USD,2026-08-30T18:42:05.407021Z,79130.47,79130.48,0.01,79130.475,-0.2453827244868566742360937000
BTC-USD,2026-08-30T18:42:05.475613Z,79130.47,79130.48,0.01,79130.475,-0.2453827244868566742360937000
BTC-USD,2026-08-30T18:42:05.516449Z,79130.47,79130.48,0.01,79130.475,-0.1030883495291215350427919190
BTC-USD,2026-08-30T18:42:05.60623Z,79131.47,79133.63,2.16,79132.55,-0.3939897759980937021820059721
BTC-USD,2026-08-30T18:42:05.619672Z,79131.47,79133.63,2.16,79132.55,-0.3940339123561829305169560271
BTC-USD,2026-08-30T18:42:05.814633Z,79132.47,79133.63,1.16,79133.05,-0.6930329000945259532704683264
BTC-USD,2026-08-30T18:42:05.864708Z,79133.63,79133.64,0.01,79133.635,-0.3523897160805738197407799265
BTC-USD,2026-08-30T18:42:05.92789Z,79133.63,79133.64,0.01,79133.635,-0.3523897160805738197407799265
BTC-USD,2026-08-30T18:42:05.98942Z,79133.63,79133.64,0.01,79133.635,-0.2220056695671408607184922096
BTC-USD,2026-08-30T18:42:06.01786Z,79133.63,79133.64,0.01,79133.635,-0.2220056695671408607184922096
BTC-USD,2026-08-30T18:42:06.05362Z,79133.63,79133.64,0.01,79133.635,-0.2324693892138828853748126231
BTC-USD,2026-08-30T18:42:06.088843Z,79133.63,79133.64,0.01,79133.635,-0.2326287976196103296546935398
BTC-USD,2026-08-30T18:42:06.105791Z,79133.63,79133.64,0.01,79133.635,-0.2326287976196103296546935398
BTC-USD,2026-08-30T18:42:06.163332Z,79133.63,79133.64,0.01,79133.635,-0.2326287976196103296546935398
BTC-USD,2026-08-30T18:42:06.266649Z,79133.63,79133.64,0.01,79133.635,-0.2326287976196103296546935398
BTC-USD,2026-08-30T18:42:06.3301Z,79133.63,79133.64,0.01,79133.635,-0.2326287976196103296546935398
BTC-USD,2026-08-30T18:42:06.360907Z,79133.63,79133.64,0.01,79133.635,-0.2326287976196103296546935398
BTC-USD,2026-08-30T18:42:06.423364Z,79133.63,79133.64,0.01,79133.635,-0.3894925694699586503804868422
BTC-USD,2026-08-30T18:42:06.467597Z,79133.63,79133.64,0.01,79133.635,-0.3762039425821675966249756523
BTC-USD,2026-08-30T18:42:06.527652Z,79132.13,79133.63,1.50,79132.88,-0.1953586254620386225738510514
BTC-USD,2026-08-30T18:42:06.574249Z,79132.13,79133.63,1.50,79132.88,-0.1954090160125747523417538973
BTC-USD,2026-08-30T18:42:06.621649Z,79132.13,79133.63,1.50,79132.88,-0.1954911129430983025529566542
BTC-USD,2026-08-30T18:42:06.672795Z,79132.13,79133.63,1.50,79132.88,-0.1962393064653868156074159767
BTC-USD,2026-08-30T18:42:06.72253Z,79133.13,79133.63,0.50,79133.38,-0.5082324974438012426382146725
BTC-USD,2026-08-30T18:42:06.777068Z,79133.13,79133.63,0.50,79133.38,-0.3088345734750899407362915301
BTC-USD,2026-08-30T18:42:06.827819Z,79133.13,79133.63,0.50,79133.38,-0.2053821658427185443854195671
BTC-USD,2026-08-30T18:42:06.87785Z,79133.13,79133.63,0.50,79133.38,-0.2053821658427185443854195671
BTC-USD,2026-08-30T18:42:06.934984Z,79133.13,79133.14,0.01,79133.135,-0.1744818551208541049333438994
BTC-USD,2026-08-30T18:42:06.97678Z,79133.13,79133.14,0.01,79133.135,-0.1997229170760549600774196667
BTC-USD,2026-08-30T18:42:07.035549Z,79133.13,79133.14,0.01,79133.135,-0.1997229170760549600774196667
BTC-USD,2026-08-30T18:42:07.07931Z,79133.13,79133.14,0.01,79133.135,-0.1997229170760549600774196667
BTC-USD,2026-08-30T18:42:07.103157Z,79133.13,79133.14,0.01,79133.135,-0.1997229170760549600774196667
BTC-USD,2026-08-30T18:42:07.163641Z,79133.13,79133.14,0.01,79133.135,-0.1997229170760549600774196667
BTC-USD,2026-08-30T18:42:07.195948Z,79133.13,79133.14,0.01,79133.135,-0.1997229170760549600774196667
BTC-USD,2026-08-30T18:42:07.273092Z,79133.13,79133.14,0.01,79133.135,-0.1997229170760549600774196667
BTC-USD,2026-08-30T18:42:07.298725Z,79133.13,79133.14,0.01,79133.135,-0.1997229170760549600774196667
BTC-USD,2026-08-30T18:42:07.349299Z,79133.13,79133.14,0.01,79133.135,-0.1997229170760549600774196667
BTC-USD,2026-08-30T18:42:07.393773Z,79133.13,79133.14,0.01,79133.135,-0.1998124591723495001389999169
BTC-USD,2026-08-30T18:42:07.457043Z,79133.13,79133.14,0.01,79133.135,-0.1998124591723495001389999169
BTC-USD,2026-08-30T18:42:07.507319Z,79133.13,79133.14,0.01,79133.135,-0.1998124591723495001389999169
BTC-USD,2026-08-30T18:42:07.576695Z,79133.13,79133.14,0.01,79133.135,0.1859777598756361178844537974
BTC-USD,2026-08-30T18:42:07.615133Z,79133.13,79133.14,0.01,79133.135,0.1859777598756361178844537974
BTC-USD,2026-08-30T18:42:07.657563Z,79133.13,79133.14,0.01,79133.135,0.1859777598756361178844537974
BTC-USD,2026-08-30T18:42:07.720491Z,79133.13,79133.14,0.01,79133.135,0.1859777598756361178844537974
BTC-USD,2026-08-30T18:42:07.782069Z,79133.13,79133.14,0.01,79133.135,0.1859777598756361178844537974
BTC-USD,2026-08-30T18:42:07.814556Z,79133.13,79133.14,0.01,79133.135,0.1859777598756361178844537974
BTC-USD,2026-08-30T18:42:07.866457Z,79133.13,79133.14,0.01,79133.135,0.1859777598756361178844537974
BTC-USD,2026-08-30T18:42:07.928324Z,79133.13,79133.14,0.01,79133.135,0.1850401393903795633703026209
BTC-USD,2026-08-30T18:42:07.971737Z,79133.13,79133.14,0.01,79133.135,0.1850401393903795633703026209
BTC-USD,2026-08-30T18:42:08.017493Z,79133.13,79133.14,0.01,79133.135,0.1850401393903795633703026209
BTC-USD,2026-08-30T18:42:08.064722Z,79133.13,79133.14,0.01,79133.135,0.1850401393903795633703026209
BTC-USD,2026-08-30T18:42:08.119367Z,79133.13,79133.14,0.01,79133.135,0.1850401393903795633703026209
BTC-USD,2026-08-30T18:42:08.177383Z,79133.13,79133.14,0.01,79133.135,0.1850401393903795633703026209
BTC-USD,2026-08-30T18:42:08.219256Z,79133.13,79133.14,0.01,79133.135,0.2519780811304802455052120925
BTC-USD,2026-08-30T18:42:08.285064Z,79133.13,79133.14,0.01,79133.135,0.2290773076762784977820986086
BTC-USD,2026-08-30T18:42:08.321945Z,79133.13,79133.14,0.01,79133.135,0.2110892034286761171084869279
BTC-USD,2026-08-30T18:42:08.384341Z,79133.13,79133.14,0.01,79133.135,-0.02266612074885308900287251637
BTC-USD,2026-08-30T18:42:08.424682Z,79133.13,79133.14,0.01,79133.135,-0.02266612074885308900287251637
BTC-USD,2026-08-30T18:42:08.764876Z,79133.13,79133.14,0.01,79133.135,-0.05164184739350744097453687766
BTC-USD,2026-08-30T18:42:08.805999Z,79133.13,79133.14,0.01,79133.135,-0.09667755230716724518820450362
BTC-USD,2026-08-30T18:42:08.870103Z,79133.13,79133.14,0.01,79133.135,-0.09667790625297260424262126606
BTC-USD,2026-08-30T18:42:08.936622Z,79133.13,79133.14,0.01,79133.135,-0.09523158897955890374871816445
BTC-USD,2026-08-30T18:42:08.961648Z,79133.13,79133.14,0.01,79133.135,-0.09523158897955890374871816445
BTC-USD,2026-08-30T18:42:09.018885Z,79133.13,79133.14,0.01,79133.135,-0.09523158897955890374871816445
BTC-USD,2026-08-30T18:42:09.07012Z,79133.13,79133.14,0.01,79133.135,-0.09523158897955890374871816445
BTC-USD,2026-08-30T18:42:09.119933Z,79133.13,79133.14,0.01,79133.135,-0.09523158897955890374871816445
BTC-USD,2026-08-30T18:42:09.202392Z,79133.91,79133.92,0.01,79133.915,-0.3025577141567390166555082777
BTC-USD,2026-08-30T18:42:09.282549Z,79133.91,79133.92,0.01,79133.915,-0.3027155030391857853208745957
BTC-USD,2026-08-30T18:42:09.330437Z,79133.91,79133.92,0.01,79133.915,-0.2262622254968651836686216379
BTC-USD,2026-08-30T18:42:09.377095Z,79133.91,79133.92,0.01,79133.915,-0.3897509013941354874534269597
BTC-USD,2026-08-30T18:42:09.419762Z,79133.91,79133.92,0.01,79133.915,-0.3897509013941354874534269597
BTC-USD,2026-08-30T18:42:09.432975Z,79133.91,79133.92,0.01,79133.915,-0.3897509013941354874534269597
BTC-USD,2026-08-30T18:42:09.572196Z,79133.91,79133.92,0.01,79133.915,-0.3897509013941354874534269597
BTC-USD,2026-08-30T18:42:09.600129Z,79133.91,79133.92,0.01,79133.915,-0.3897509013941354874534269597
BTC-USD,2026-08-30T18:42:09.666377Z,79133.91,79133.92,0.01,79133.915,-0.3897509013941354874534269597
BTC-USD,2026-08-30T18:42:09.707306Z,79133.91,79133.92,0.01,79133.915,-0.3897509013941354874534269597
BTC-USD,2026-08-30T18:42:09.771545Z,79133.91,79133.92,0.01,79133.915,-0.3897509976364018127998472405
BTC-USD,2026-08-30T18:42:09.795251Z,79133.91,79133.92,0.01,79133.915,-0.3897509976364018127998472405
BTC-USD,2026-08-30T18:42:09.884419Z,79133.91,79133.92,0.01,79133.915,-0.3897509976364018127998472405
BTC-USD,2026-08-30T18:42:09.934985Z,79133.91,79133.92,0.01,79133.915,-0.3897509976364018127998472405
BTC-USD,2026-08-30T18:42:09.964036Z,79133.91,79133.92,0.01,79133.915,-0.3897509976364018127998472405
BTC-USD,2026-08-30T18:42:10.016524Z,79133.91,79133.92,0.01,79133.915,-0.3897509976364018127998472405
BTC-USD,2026-08-30T18:42:10.047724Z,79133.91,79133.92,0.01,79133.915,-0.3897509976364018127998472405
BTC-USD,2026-08-30T18:42:10.129407Z,79133.91,79133.92,0.01,79133.915,-0.3897509976364018127998472405
BTC-USD,2026-08-30T18:42:10.164243Z,79133.91,79133.92,0.01,79133.915,-0.4748407441750550850321237147
BTC-USD,2026-08-30T18:42:10.223142Z,79133.91,79133.92,0.01,79133.915,-0.3897509976364018127998472405
BTC-USD,2026-08-30T18:42:10.266881Z,79133.91,79133.92,0.01,79133.915,-0.3898332575677617077199715554
BTC-USD,2026-08-30T18:42:10.347048Z,79133.91,79133.92,0.01,79133.915,-0.3898332575677617077199715554
BTC-USD,2026-08-30T18:42:10.422431Z,79133.91,79133.92,0.01,79133.915,-0.4115826594337520203505735410
BTC-USD,2026-08-30T18:42:10.466821Z,79133.91,79133.92,0.01,79133.915,-0.1418627536180285662427733566
BTC-USD,2026-08-30T18:42:10.510108Z,79133.91,79133.92,0.01,79133.915,-0.1417591958702748242766727918
BTC-USD,2026-08-30T18:42:10.565028Z,79131.65,79133.91,2.26,79132.78,-0.07154416619409264072663853171
BTC-USD,2026-08-30T18:42:10.6177Z,79132.65,79133.9,1.25,79133.275,-0.5699545255438520737672952105
BTC-USD,2026-08-30T18:42:10.681955Z,79132.65,79133.9,1.25,79133.275,-0.2032373642389176490256109935
BTC-USD,2026-08-30T18:42:10.720239Z,79132.65,79133.9,1.25,79133.275,-0.1501642651569862365142205122
BTC-USD,2026-08-30T18:42:10.762432Z,79132.65,79133.9,1.25,79133.275,0.06938367166346465400260338756
BTC-USD,2026-08-30T18:42:10.833107Z,79132.65,79133.9,1.25,79133.275,0.06938367166346465400260338756
BTC-USD,2026-08-30T18:42:10.858708Z,79132.65,79133.9,1.25,79133.275,0.06938367166346465400260338756
BTC-USD,2026-08-30T18:42:10.982829Z,79132.65,79133.52,0.87,79133.085,0.1511127153721038600980180206
BTC-USD,2026-08-30T18:42:11.020241Z,79132.65,79133.52,0.87,79133.085,0.1511127153721038600980180206
BTC-USD,2026-08-30T18:42:11.065828Z,79132.65,79133.52,0.87,79133.085,0.1511127153721038600980180206
BTC-USD,2026-08-30T18:42:11.116864Z,79132.65,79133.52,0.87,79133.085,0.1511127153721038600980180206
BTC-USD,2026-08-30T18:42:11.192299Z,79133.5,79133.51,0.01,79133.505,-0.3368120644807831470301928123
BTC-USD,2026-08-30T18:42:11.227757Z,79133.5,79133.51,0.01,79133.505,-0.3368120644807831470301928123
BTC-USD,2026-08-30T18:42:11.277433Z,79133.5,79133.51,0.01,79133.505,-0.4730320079052335823765077826
BTC-USD,2026-08-30T18:42:11.327033Z,79133.5,79133.51,0.01,79133.505,-0.2230278645568016841971909012
BTC-USD,2026-08-30T18:42:11.363488Z,79133.5,79133.51,0.01,79133.505,-0.2092906474333132490421208006
BTC-USD,2026-08-30T18:42:11.413201Z,79133.5,79133.51,0.01,79133.505,-0.2092906474333132490421208006
BTC-USD,2026-08-30T18:42:11.457542Z,79133.5,79133.51,0.01,79133.505,-0.2092906474333132490421208006
BTC-USD,2026-08-30T18:42:11.528515Z,79133.5,79133.51,0.01,79133.505,-0.2092906474333132490421208006
BTC-USD,2026-08-30T18:42:11.566699Z,79133.5,79133.51,0.01,79133.505,-0.1170069776284908195602528821
BTC-USD,2026-08-30T18:42:11.629616Z,79131.52,79133.51,1.99,79132.515,-0.02942005018769008758870754140
BTC-USD,2026-08-30T18:42:11.637936Z,79131.52,79133.51,1.99,79132.515,-0.02942005018769008758870754140
BTC-USD,2026-08-30T18:42:11.731612Z,79131.52,79133.51,1.99,79132.515,0.01288033307903100549771983182
BTC-USD,2026-08-30T18:42:11.784218Z,79131.52,79133.51,1.99,79132.515,0.01291920806176054646236653485
BTC-USD,2026-08-30T18:42:11.799285Z,79131.52,79133.51,1.99,79132.515,0.01291920806176054646236653485
BTC-USD,2026-08-30T18:42:11.882715Z,79131.52,79133.51,1.99,79132.515,0.01291920806176054646236653485
BTC-USD,2026-08-30T18:42:11.959522Z,79131.52,79133.51,1.99,79132.515,-0.06904024175179752705914886571
BTC-USD,2026-08-30T18:42:12.025239Z,79131.52,79133.51,1.99,79132.515,-0.06904024175179752705914886571
BTC-USD,2026-08-30T18:42:12.066185Z,79131.52,79133.51,1.99,79132.515,-0.06904024175179752705914886571
BTC-USD,2026-08-30T18:42:12.089446Z,79131.52,79133.51,1.99,79132.515,-0.07580526645638209162741180505
BTC-USD,2026-08-30T18:42:12.258826Z,79131.52,79133.51,1.99,79132.515,-0.07580538899741983161226130848
BTC-USD,2026-08-30T18:42:12.320402Z,79132.52,79133.15,0.63,79132.835,-0.3239946995277625165361923123
BTC-USD,2026-08-30T18:42:12.381779Z,79133.14,79133.15,0.01,79133.145,-0.4372179025274829521889943167
BTC-USD,2026-08-30T18:42:12.430326Z,79133.14,79133.15,0.01,79133.145,-0.4369867370018636039570840188
BTC-USD,2026-08-30T18:42:12.453725Z,79133.14,79133.15,0.01,79133.145,-0.2501044903197582645129697015
BTC-USD,2026-08-30T18:42:12.519977Z,79133.14,79133.15,0.01,79133.145,-0.2501044903197582645129697015
BTC-USD,2026-08-30T18:42:12.582319Z,79133.14,79133.15,0.01,79133.145,-0.2501044903197582645129697015
BTC-USD,2026-08-30T18:42:12.629502Z,79133.14,79133.15,0.01,79133.145,-0.2501051660719299205952634177
BTC-USD,2026-08-30T18:42:12.685555Z,79133.14,79133.15,0.01,79133.145,-0.3591382196547750850501020628
BTC-USD,2026-08-30T18:42:12.711436Z,79133.14,79133.15,0.01,79133.145,-0.3591382196547750850501020628
BTC-USD,2026-08-30T18:42:12.782699Z,79133.14,79133.15,0.01,79133.145,-0.3591382196547750850501020628
BTC-USD,2026-08-30T18:42:12.832126Z,79133.14,79133.15,0.01,79133.145,-0.3591382196547750850501020628
BTC-USD,2026-08-30T18:42:12.865764Z,79133.14,79133.15,0.01,79133.145,-0.3591382196547750850501020628
BTC-USD,2026-08-30T18:42:12.930737Z,79133.14,79133.15,0.01,79133.145,-0.3716239614479223226867983470
BTC-USD,2026-08-30T18:42:12.961809Z,79133.14,79133.15,0.01,79133.145,-0.3716239614479223226867983470
BTC-USD,2026-08-30T18:42:13.028725Z,79132.16,79133.15,0.99,79132.655,-0.2462891958668203653582007161
BTC-USD,2026-08-30T18:42:13.076645Z,79133.14,79133.15,0.01,79133.145,-0.3591328458557548906952645203
BTC-USD,2026-08-30T18:42:13.120237Z,79133.14,79133.15,0.01,79133.145,-0.3591328458557548906952645203
BTC-USD,2026-08-30T18:42:13.185239Z,79133.14,79133.15,0.01,79133.145,-0.3591281184250851075543508182
BTC-USD,2026-08-30T18:42:13.229415Z,79133.14,79133.15,0.01,79133.145,-0.2500945767290927398856557607
BTC-USD,2026-08-30T18:42:13.263499Z,79133.14,79133.15,0.01,79133.145,-0.2500945767290927398856557607
BTC-USD,2026-08-30T18:42:13.324756Z,79133.14,79133.15,0.01,79133.145,-0.2500945767290927398856557607
BTC-USD,2026-08-30T18:42:13.357812Z,79133.14,79133.15,0.01,79133.145,-0.2635540228928259990793631842
BTC-USD,2026-08-30T18:42:13.426443Z,79133.14,79133.15,0.01,79133.145,-0.2500945767290927398856557607
BTC-USD,2026-08-30T18:42:13.469421Z,79133.14,79133.15,0.01,79133.145,-0.2500945767290927398856557607
BTC-USD,2026-08-30T18:42:13.531823Z,79133.14,79133.15,0.01,79133.145,-0.2635540228928259990793631842
BTC-USD,2026-08-30T18:42:13.582942Z,79133.14,79133.15,0.01,79133.145,-0.2502178122609759372605287454
BTC-USD,2026-08-30T18:42:13.633216Z,79133.14,79133.15,0.01,79133.145,-0.2499321774522613659302823504
BTC-USD,2026-08-30T18:42:13.66851Z,79131.16,79133.15,1.99,79132.155,-0.1088630108131623710276261885
BTC-USD,2026-08-30T18:42:13.730528Z,79133.14,79133.15,0.01,79133.145,-0.2499308650613106756229084623
BTC-USD,2026-08-30T18:42:13.784503Z,79133.14,79133.15,0.01,79133.145,-0.2499943402166639835395841110
BTC-USD,2026-08-30T18:42:13.830586Z,79133.14,79133.15,0.01,79133.145,-0.2499308650613106756229084623
BTC-USD,2026-08-30T18:42:13.881863Z,79133.14,79133.15,0.01,79133.145,-0.2499308650613106756229084623
BTC-USD,2026-08-30T18:42:13.908754Z,79133.14,79133.15,0.01,79133.145,-0.2499308650613106756229084623
BTC-USD,2026-08-30T18:42:13.971637Z,79133.14,79133.15,0.01,79133.145,-0.2499308650613106756229084623
BTC-USD,2026-08-30T18:42:14.018926Z,79133.14,79133.15,0.01,79133.145,-0.2499308650613106756229084623
BTC-USD,2026-08-30T18:42:14.059262Z,79133.14,79133.15,0.01,79133.145,-0.2499308650613106756229084623
BTC-USD,2026-08-30T18:42:14.156416Z,79133.14,79133.15,0.01,79133.145,-0.2499308650613106756229084623
BTC-USD,2026-08-30T18:42:14.197065Z,79133.14,79133.15,0.01,79133.145,-0.2499308650613106756229084623
BTC-USD,2026-08-30T18:42:14.269129Z,79133.14,79133.15,0.01,79133.145,0.06672965126243216303148880611
BTC-USD,2026-08-30T18:42:14.294556Z,79133.14,79133.15,0.01,79133.145,-0.1997527865067449573892278110
BTC-USD,2026-08-30T18:42:14.372996Z,79133.14,79133.15,0.01,79133.145,-0.1997527865067449573892278110
BTC-USD,2026-08-30T18:42:14.410823Z,79133.14,79133.15,0.01,79133.145,-0.1997528475965533699813058916
BTC-USD,2026-08-30T18:42:14.462355Z,79133.14,79133.15,0.01,79133.145,-0.1997528475965533699813058916
BTC-USD,2026-08-30T18:42:14.524069Z,79133.14,79133.15,0.01,79133.145,-0.1997528475965533699813058916
BTC-USD,2026-08-30T18:42:14.658167Z,79133.14,79133.15,0.01,79133.145,-0.3931793989111760015418972317
BTC-USD,2026-08-30T18:42:14.715022Z,79133.14,79133.15,0.01,79133.145,-0.3931793989111760015418972317
BTC-USD,2026-08-30T18:42:14.767551Z,79133.14,79133.15,0.01,79133.145,-0.3931793989111760015418972317
BTC-USD,2026-08-30T18:42:14.856119Z,79133.14,79133.15,0.01,79133.145,-0.3931793989111760015418972317
BTC-USD,2026-08-30T18:42:14.967847Z,79133.14,79133.15,0.01,79133.145,-0.3931793989111760015418972317
BTC-USD,2026-08-30T18:42:15.036707Z,79133.14,79133.15,0.01,79133.145,-0.3931793989111760015418972317
BTC-USD,2026-08-30T18:42:15.075201Z,79133.14,79133.15,0.01,79133.145,-0.3931793989111760015418972317
BTC-USD,2026-08-30T18:42:15.114866Z,79133.14,79133.15,0.01,79133.145,-0.3931793989111760015418972317
BTC-USD,2026-08-30T18:42:15.226177Z,79133.14,79133.15,0.01,79133.145,-0.2802852610206767003428218872
BTC-USD,2026-08-30T18:42:15.277889Z,79133.14,79133.15,0.01,79133.145,0.5694852807463758286329978339
BTC-USD,2026-08-30T18:42:15.327102Z,79133.14,79133.15,0.01,79133.145,0.5694852807463758286329978339
BTC-USD,2026-08-30T18:42:15.386802Z,79133.14,79133.15,0.01,79133.145,0.5694852807463758286329978339
BTC-USD,2026-08-30T18:42:15.4216Z,79133.14,79133.15,0.01,79133.145,0.5694852807463758286329978339
BTC-USD,2026-08-30T18:42:15.481858Z,79133.14,79133.15,0.01,79133.145,0.5694852807463758286329978339
BTC-USD,2026-08-30T18:42:15.511338Z,79133.14,79133.15,0.01,79133.145,0.5307553319850357421299886652
BTC-USD,2026-08-30T18:42:15.580973Z,79133.14,79133.15,0.01,79133.145,0.5307553319850357421299886652
BTC-USD,2026-08-30T18:42:15.623181Z,79133.14,79133.15,0.01,79133.145,0.5307553319850357421299886652
BTC-USD,2026-08-30T18:42:15.664028Z,79133.14,79133.15,0.01,79133.145,0.5307553319850357421299886652
BTC-USD,2026-08-30T18:42:15.729543Z,79133.14,79133.15,0.01,79133.145,0.5694852546210809781809361695
BTC-USD,2026-08-30T18:42:15.772075Z,79133.14,79133.15,0.01,79133.145,0.5694852546210809781809361695
BTC-USD,2026-08-30T18:42:15.79832Z,79133.14,79133.15,0.01,79133.145,0.5694851327029964181341629494
BTC-USD,2026-08-30T18:42:15.883704Z,79133.14,79133.15,0.01,79133.145,0.2931046128767834898357651506
BTC-USD,2026-08-30T18:42:15.934954Z,79133.14,79133.15,0.01,79133.145,0.2931046128767834898357651506
BTC-USD,2026-08-30T18:42:15.98279Z,79133.91,79133.92,0.01,79133.915,0.1067551578158389291173288773
BTC-USD,2026-08-30T18:42:16.035412Z,79133.91,79133.92,0.01,79133.915,0.1067064562818087005293605657
BTC-USD,2026-08-30T18:42:16.080436Z,79133.91,79133.92,0.01,79133.915,0.1744186892974952384342187513
BTC-USD,2026-08-30T18:42:16.122887Z,79133.91,79133.92,0.01,79133.915,0.1744440282920770873148172516
BTC-USD,2026-08-30T18:42:16.164564Z,79133.91,79133.92,0.01,79133.915,0.1744440282920770873148172516
BTC-USD,2026-08-30T18:42:16.215295Z,79133.91,79133.92,0.01,79133.915,0.1744440282920770873148172516
BTC-USD,2026-08-30T18:42:16.262647Z,79133.91,79133.92,0.01,79133.915,0.1746419771686498927653816695
BTC-USD,2026-08-30T18:42:16.32684Z,79133.91,79133.92,0.01,79133.915,0.1746419771686498927653816695
BTC-USD,2026-08-30T18:42:16.352302Z,79133.91,79133.92,0.01,79133.915,0.1746419771686498927653816695
BTC-USD,2026-08-30T18:42:16.398292Z,79133.91,79133.92,0.01,79133.915,0.09421917122555147400627625757
BTC-USD,2026-08-30T18:42:16.483855Z,79133.91,79133.92,0.01,79133.915,0.09421917122555147400627625757
BTC-USD,2026-08-30T18:42:16.504899Z,79133.91,79133.92,0.01,79133.915,0.09421917122555147400627625757
BTC-USD,2026-08-30T18:42:16.571371Z,79133.91,79133.92,0.01,79133.915,0.09421911036053613416244209057
BTC-USD,2026-08-30T18:42:16.630228Z,79133.91,79133.92,0.01,79133.915,0.09421911036053613416244209057
BTC-USD,2026-08-30T18:42:16.680721Z,79133.91,79133.92,0.01,79133.915,0.09421911036053613416244209057
BTC-USD,2026-08-30T18:42:16.728585Z,79133.91,79133.92,0.01,79133.915,0.09421911036053613416244209057
BTC-USD,2026-08-30T18:42:16.782947Z,79133.91,79133.92,0.01,79133.915,0.09421911036053613416244209057
BTC-USD,2026-08-30T18:42:16.833629Z,79133.91,79133.92,0.01,79133.915,0.1746419266320244555195028786
BTC-USD,2026-08-30T18:42:16.880295Z,79133.91,79133.92,0.01,79133.915,0.1746419266320244555195028786
BTC-USD,2026-08-30T18:42:16.956749Z,79133.91,79133.92,0.01,79133.915,0.1746419266320244555195028786
BTC-USD,2026-08-30T18:42:17.029024Z,79133.91,79133.92,0.01,79133.915,0.1746419266320244555195028786
BTC-USD,2026-08-30T18:42:17.066877Z,79133.91,79133.92,0.01,79133.915,0.1746419266320244555195028786
BTC-USD,2026-08-30T18:42:17.10639Z,79133.91,79133.92,0.01,79133.915,0.1746419266320244555195028786
BTC-USD,2026-08-30T18:42:17.135578Z,79133.91,79133.92,0.01,79133.915,0.1746419266320244555195028786
BTC-USD,2026-08-30T18:42:17.215597Z,79133.91,79133.92,0.01,79133.915,0.1509724934976747816209674536
BTC-USD,2026-08-30T18:42:17.276171Z,79133.91,79133.92,0.01,79133.915,0.1560069023195909070263261356
BTC-USD,2026-08-30T18:42:17.295807Z,79133.91,79133.92,0.01,79133.915,0.1560643176664149461591443163
BTC-USD,2026-08-30T18:42:17.372202Z,79133.91,79133.92,0.01,79133.915,0.1509765500715948122338589186
BTC-USD,2026-08-30T18:42:17.424042Z,79133.91,79133.92,0.01,79133.915,0.1560378378275881524362182794
BTC-USD,2026-08-30T18:42:17.457159Z,79133.91,79133.92,0.01,79133.915,0.1560660990326346935311078630
BTC-USD,2026-08-30T18:42:17.529458Z,79133.91,79133.92,0.01,79133.915,0.1808847814689970843735743672
BTC-USD,2026-08-30T18:42:17.57826Z,79133.91,79133.92,0.01,79133.915,0.1576338823797779493046061714
BTC-USD,2026-08-30T18:42:17.591579Z,79133.91,79133.92,0.01,79133.915,0.1576338823797779493046061714
BTC-USD,2026-08-30T18:42:17.620569Z,79133.91,79133.92,0.01,79133.915,0.1575420973443016143192417415
BTC-USD,2026-08-30T18:42:17.719568Z,79133.91,79133.92,0.01,79133.915,0.1575434284442618644070066101
BTC-USD,2026-08-30T18:42:17.781666Z,79133.91,79133.92,0.01,79133.915,0.1640432508179067056994228696
BTC-USD,2026-08-30T18:42:17.831195Z,79133.91,79133.92,0.01,79133.915,0.1825149859493707877728603821
BTC-USD,2026-08-30T18:42:17.878796Z,79133.91,79133.92,0.01,79133.915,0.1825149428919408207482995317
BTC-USD,2026-08-30T18:42:17.928924Z,79133.91,79133.92,0.01,79133.915,0.1825149428919408207482995317
BTC-USD,2026-08-30T18:42:17.986605Z,79133.91,79133.92,0.01,79133.915,0.1825149428919408207482995317
BTC-USD,2026-08-30T18:42:18.019701Z,79133.91,79133.92,0.01,79133.915,0.1825149428919408207482995317
BTC-USD,2026-08-30T18:42:18.072418Z,79133.91,79133.92,0.01,79133.915,0.1825149428919408207482995317
BTC-USD,2026-08-30T18:42:18.111794Z,79133.91,79133.92,0.01,79133.915,0.1825149428919408207482995317
BTC-USD,2026-08-30T18:42:18.136756Z,79133.91,79133.92,0.01,79133.915,0.1825149428919408207482995317
BTC-USD,2026-08-30T18:42:18.210219Z,79133.91,79133.92,0.01,79133.915,0.1825149428919408207482995317
BTC-USD,2026-08-30T18:42:18.288708Z,79133.91,79133.92,0.01,79133.915,0.1825149428919408207482995317
BTC-USD,2026-08-30T18:42:18.377924Z,79133.91,79133.92,0.01,79133.915,0.1825149428919408207482995317
BTC-USD,2026-08-30T18:42:18.444171Z,79133.91,79133.92,0.01,79133.915,0.1825149428919408207482995317
BTC-USD,2026-08-30T18:42:18.523445Z,79133.91,79133.92,0.01,79133.915,0.1825149428919408207482995317
BTC-USD,2026-08-30T18:42:18.581175Z,79133.91,79133.92,0.01,79133.915,0.1825149428919408207482995317
BTC-USD,2026-08-30T18:42:18.631683Z,79133.91,79133.92,0.01,79133.915,0.1330632186817205209498670228
BTC-USD,2026-08-30T18:42:18.672104Z,79133.91,79133.92,0.01,79133.915,0.08612829838025026241329182152
BTC-USD,2026-08-30T18:42:18.73174Z,79133.91,79133.92,0.01,79133.915,0.1836646375285090181526666885
BTC-USD,2026-08-30T18:42:18.775806Z,79133.91,79133.92,0.01,79133.915,0.3406334338559708023087562505
BTC-USD,2026-08-30T18:42:18.831493Z,79130.71,79132.77,2.06,79131.74,0.1789694153859790017494986812
BTC-USD,2026-08-30T18:42:18.86114Z,79130.71,79132.77,2.06,79131.74,0.1789694153859790017494986812
BTC-USD,2026-08-30T18:42:18.93111Z,79131.53,79131.54,0.01,79131.535,-0.07410723682078221822131156089
BTC-USD,2026-08-30T18:42:18.958505Z,79131.53,79131.54,0.01,79131.535,-0.1626145660116133429213243309
BTC-USD,2026-08-30T18:42:19.018924Z,79131.53,79131.54,0.01,79131.535,-0.6537726722335538006983760584
BTC-USD,2026-08-30T18:42:19.075635Z,79131.53,79131.54,0.01,79131.535,-0.3043079616500662639011893012
BTC-USD,2026-08-30T18:42:19.112155Z,79131.53,79131.54,0.01,79131.535,-0.2223195424282920393228101591
BTC-USD,2026-08-30T18:42:19.158127Z,79131.53,79131.54,0.01,79131.535,-0.2223195424282920393228101591
BTC-USD,2026-08-30T18:42:19.213879Z,79131.53,79131.54,0.01,79131.535,-0.2223195760667413062695637168
BTC-USD,2026-08-30T18:42:19.267726Z,79131.53,79131.54,0.01,79131.535,-0.2223195760667413062695637168
BTC-USD,2026-08-30T18:42:19.318826Z,79131.53,79131.54,0.01,79131.535,-0.2223195760667413062695637168
BTC-USD,2026-08-30T18:42:19.364671Z,79131.53,79131.54,0.01,79131.535,-0.2223195760667413062695637168
BTC-USD,2026-08-30T18:42:19.43235Z,79131.53,79131.54,0.01,79131.535,-0.2223195760667413062695637168
BTC-USD,2026-08-30T18:42:19.474183Z,79131.53,79131.54,0.01,79131.535,-0.2223195760667413062695637168
BTC-USD,2026-08-30T18:42:19.521121Z,79131.53,79131.54,0.01,79131.535,-0.2223195760667413062695637168
BTC-USD,2026-08-30T18:42:19.572966Z,79131.53,79131.54,0.01,79131.535,-0.2223195760667413062695637168
BTC-USD,2026-08-30T18:42:19.620576Z,79131.53,79131.54,0.01,79131.535,-0.2223195760667413062695637168
BTC-USD,2026-08-30T18:42:19.681186Z,79131.53,79131.54,0.01,79131.535,-0.2223195760667413062695637168
BTC-USD,2026-08-30T18:42:19.725599Z,79131.53,79131.54,0.01,79131.535,-0.2223195760667413062695637168
BTC-USD,2026-08-30T18:42:19.775032Z,79131.53,79131.54,0.01,79131.535,-0.2223195760667413062695637168
BTC-USD,2026-08-30T18:42:19.798723Z,79131.53,79131.54,0.01,79131.535,-0.2223195760667413062695637168
BTC-USD,2026-08-30T18:42:19.857754Z,79131.53,79131.54,0.01,79131.535,-0.2223195760667413062695637168
BTC-USD,2026-08-30T18:42:19.92507Z,79131.53,79131.54,0.01,79131.535,-0.2223195760667413062695637168
BTC-USD,2026-08-30T18:42:19.976763Z,79131.53,79131.54,0.01,79131.535,-0.2223199109180598696269715384
BTC-USD,2026-08-30T18:42:20.029067Z,79131.53,79131.54,0.01,79131.535,-0.2223199109180598696269715384
BTC-USD,2026-08-30T18:42:20.094101Z,79131.53,79131.54,0.01,79131.535,-0.2223199109180598696269715384
BTC-USD,2026-08-30T18:42:20.165362Z,79131.53,79131.54,0.01,79131.535,-0.07079115252980076956694734907
BTC-USD,2026-08-30T18:42:20.241828Z,79131.53,79131.54,0.01,79131.535,-0.07079113652169633090745327800
BTC-USD,2026-08-30T18:42:20.263368Z,79131.53,79131.54,0.01,79131.535,-0.07079113652169633090745327800
BTC-USD,2026-08-30T18:42:20.334671Z,79131.53,79131.54,0.01,79131.535,-0.07079113652169633090745327800
BTC-USD,2026-08-30T18:42:20.362205Z,79131.53,79131.54,0.01,79131.535,-0.07079113652169633090745327800
BTC-USD,2026-08-30T18:42:20.436482Z,79131.53,79131.54,0.01,79131.535,-0.07079113652169633090745327800
BTC-USD,2026-08-30T18:42:20.463547Z,79131.53,79131.54,0.01,79131.535,-0.07079113652169633090745327800
BTC-USD,2026-08-30T18:42:20.629722Z,79131.53,79131.54,0.01,79131.535,-0.07079113652169633090745327800
BTC-USD,2026-08-30T18:42:20.641849Z,79131.53,79131.54,0.01,79131.535,-0.07079113652169633090745327800
BTC-USD,2026-08-30T18:42:20.719122Z,79131.53,79131.54,0.01,79131.535,-0.07079113652169633090745327800
BTC-USD,2026-08-30T18:42:20.777755Z,79131.53,79131.54,0.01,79131.535,-0.07079113652169633090745327800
BTC-USD,2026-08-30T18:42:20.831758Z,79131.53,79131.54,0.01,79131.535,-0.07079113652169633090745327800
BTC-USD,2026-08-30T18:42:20.879715Z,79131.53,79131.54,0.01,79131.535,0.4247337510431074957959400146
BTC-USD,2026-08-30T18:42:20.892872Z,79131.53,79131.54,0.01,79131.535,0.4247337510431074957959400146
BTC-USD,2026-08-30T18:42:20.972592Z,79131.53,79131.54,0.01,79131.535,0.4247337510431074957959400146
BTC-USD,2026-08-30T18:42:21.019685Z,79131.53,79131.54,0.01,79131.535,0.4247337510431074957959400146
BTC-USD,2026-08-30T18:42:21.064055Z,79131.53,79131.54,0.01,79131.535,0.4247337510431074957959400146
BTC-USD,2026-08-30T18:42:21.112436Z,79131.53,79131.54,0.01,79131.535,0.4247337510431074957959400146
BTC-USD,2026-08-30T18:42:21.165615Z,79131.53,79131.54,0.01,79131.535,0.4247336445578046658607331344
BTC-USD,2026-08-30T18:42:21.26775Z,79131.53,79131.54,0.01,79131.535,0.4247336445578046658607331344
BTC-USD,2026-08-30T18:42:21.317888Z,79131.53,79131.54,0.01,79131.535,0.4247336445578046658607331344
BTC-USD,2026-08-30T18:42:21.380137Z,79131.53,79131.54,0.01,79131.535,0.4247336445578046658607331344
BTC-USD,2026-08-30T18:42:21.459733Z,79131.53,79131.54,0.01,79131.535,0.4247336445578046658607331344
BTC-USD,2026-08-30T18:42:21.538175Z,79131.53,79131.54,0.01,79131.535,0.4247336445578046658607331344
BTC-USD,2026-08-30T18:42:21.576868Z,79131.53,79131.54,0.01,79131.535,0.4247336445578046658607331344
BTC-USD,2026-08-30T18:42:21.623113Z,79131.53,79131.54,0.01,79131.535,0.4247336445578046658607331344
BTC-USD,2026-08-30T18:42:21.651877Z,79131.53,79131.54,0.01,79131.535,0.4247336445578046658607331344
BTC-USD,2026-08-30T18:42:21.731339Z,79131.53,79131.54,0.01,79131.535,0.4247336445578046658607331344
BTC-USD,2026-08-30T18:42:21.747409Z,79131.53,79131.54,0.01,79131.535,0.4247336445578046658607331344
BTC-USD,2026-08-30T18:42:21.879314Z,79131.53,79131.54,0.01,79131.535,0.4247336445578046658607331344
BTC-USD,2026-08-30T18:42:21.932636Z,79131.53,79131.54,0.01,79131.535,0.4247336445578046658607331344
BTC-USD,2026-08-30T18:42:21.958444Z,79131.53,79131.54,0.01,79131.535,0.4247336445578046658607331344
BTC-USD,2026-08-30T18:42:22.015549Z,79131.53,79131.54,0.01,79131.535,0.4247336445578046658607331344
BTC-USD,2026-08-30T18:42:22.071757Z,79131.53,79131.54,0.01,79131.535,0.3649407326571006317874590821
BTC-USD,2026-08-30T18:42:22.126883Z,79131.53,79131.54,0.01,79131.535,0.3647680337640486489921060103
BTC-USD,2026-08-30T18:42:22.156643Z,79131.53,79131.54,0.01,79131.535,0.3647680337640486489921060103
BTC-USD,2026-08-30T18:42:22.231293Z,79131.53,79131.54,0.01,79131.535,0.3608784909053275393476434926
BTC-USD,2026-08-30T18:42:22.279622Z,79131.53,79131.54,0.01,79131.535,0.5545106348197383815708836940
BTC-USD,2026-08-30T18:42:22.309938Z,79131.53,79131.54,0.01,79131.535,0.4319016969272715115508860970
BTC-USD,2026-08-30T18:42:22.427189Z,79131.53,79131.54,0.01,79131.535,0.2753553742358801939144455627
BTC-USD,2026-08-30T18:42:22.461693Z,79131.53,79131.54,0.01,79131.535,0.2958076019056459579389358978
BTC-USD,2026-08-30T18:42:22.521114Z,79131.53,79131.54,0.01,79131.535,0.2960376561756680229799512199
BTC-USD,2026-08-30T18:42:22.564987Z,79131.53,79131.54,0.01,79131.535,0.2960376561756680229799512199
BTC-USD,2026-08-30T18:42:22.628905Z,79131.53,79131.54,0.01,79131.535,0.2364752833778869676713786489
BTC-USD,2026-08-30T18:42:22.700827Z,79131.53,79131.54,0.01,79131.535,0.2364752833778869676713786489
BTC-USD,2026-08-30T18:42:22.806456Z,79131.53,79131.54,0.01,79131.535,0.2364752833778869676713786489
BTC-USD,2026-08-30T18:42:22.862384Z,79131.53,79131.54,0.01,79131.535,0.2581332996789084304434226750
BTC-USD,2026-08-30T18:42:22.943491Z,79131.53,79131.54,0.01,79131.535,0.2581332996789084304434226750
BTC-USD,2026-08-30T18:42:22.957996Z,79131.53,79131.54,0.01,79131.535,0.2581332996789084304434226750
BTC-USD,2026-08-30T18:42:23.022106Z,79131.53,79131.54,0.01,79131.535,0.2669526105907446907168691459
BTC-USD,2026-08-30T18:42:23.05785Z,79131.53,79131.54,0.01,79131.535,0.2669526105907446907168691459
BTC-USD,2026-08-30T18:42:23.096673Z,79131.53,79131.54,0.01,79131.535,0.2669526105907446907168691459
BTC-USD,2026-08-30T18:42:23.114078Z,79131.53,79131.54,0.01,79131.535,0.2669526105907446907168691459
BTC-USD,2026-08-30T18:42:23.257008Z,79131.53,79131.54,0.01,79131.535,0.3073143576661910001393191988
BTC-USD,2026-08-30T18:42:23.301512Z,79131.53,79131.54,0.01,79131.535,0.3073143576661910001393191988
BTC-USD,2026-08-30T18:42:23.310788Z,79131.53,79131.54,0.01,79131.535,0.3073143576661910001393191988
BTC-USD,2026-08-30T18:42:23.399596Z,79131.53,79131.54,0.01,79131.535,0.3073143576661910001393191988
BTC-USD,2026-08-30T18:42:23.470691Z,79131.53,79131.54,0.01,79131.535,0.3073143576661910001393191988
BTC-USD,2026-08-30T18:42:23.520801Z,79131.53,79131.54,0.01,79131.535,0.3073143576661910001393191988
BTC-USD,2026-08-30T18:42:23.565199Z,79131.53,79131.54,0.01,79131.535,0.3073143576661910001393191988
BTC-USD,2026-08-30T18:42:23.592109Z,79131.53,79131.54,0.01,79131.535,0.3073143576661910001393191988
BTC-USD,2026-08-30T18:42:23.654264Z,79131.53,79131.54,0.01,79131.535,0.3073143576661910001393191988
BTC-USD,2026-08-30T18:42:23.708564Z,79131.53,79131.54,0.01,79131.535,0.3073142102960293926805899154
BTC-USD,2026-08-30T18:42:23.76431Z,79131.53,79131.54,0.01,79131.535,0.3073142102960293926805899154
BTC-USD,2026-08-30T18:42:23.818795Z,79131.53,79131.54,0.01,79131.535,0.3073142102960293926805899154
BTC-USD,2026-08-30T18:42:23.863999Z,79131.53,79131.54,0.01,79131.535,0.3073142102960293926805899154
BTC-USD,2026-08-30T18:42:23.92521Z,79131.53,79131.54,0.01,79131.535,0.3073142102960293926805899154
BTC-USD,2026-08-30T18:42:23.96489Z,79131.53,79131.54,0.01,79131.535,0.3073142102960293926805899154
BTC-USD,2026-08-30T18:42:24.034943Z,79131.53,79131.54,0.01,79131.535,0.3073142102960293926805899154
BTC-USD,2026-08-30T18:42:24.068654Z,79131.53,79131.54,0.01,79131.535,0.3073142102960293926805899154
BTC-USD,2026-08-30T18:42:24.118408Z,79131.53,79131.54,0.01,79131.535,0.3073142102960293926805899154
BTC-USD,2026-08-30T18:42:24.169843Z,79131.53,79131.54,0.01,79131.535,0.3073142102960293926805899154
BTC-USD,2026-08-30T18:42:24.228528Z,79131.53,79131.54,0.01,79131.535,0.3073141872694359771046542012
BTC-USD,2026-08-30T18:42:24.255843Z,79131.53,79131.54,0.01,79131.535,0.3073141872694359771046542012
BTC-USD,2026-08-30T18:42:24.309216Z,79131.53,79131.54,0.01,79131.535,0.3073141872694359771046542012
BTC-USD,2026-08-30T18:42:24.377296Z,79131.53,79131.54,0.01,79131.535,0.3073141872694359771046542012
BTC-USD,2026-08-30T18:42:24.41446Z,79131.53,79131.54,0.01,79131.535,0.3073141872694359771046542012
BTC-USD,2026-08-30T18:42:24.476253Z,79131.53,79131.54,0.01,79131.535,0.3073141872694359771046542012
BTC-USD,2026-08-30T18:42:24.519744Z,79131.53,79131.54,0.01,79131.535,0.3073141872694359771046542012
BTC-USD,2026-08-30T18:42:24.572022Z,79131.53,79131.54,0.01,79131.535,0.3073141872694359771046542012
BTC-USD,2026-08-30T18:42:24.625481Z,79131.53,79131.54,0.01,79131.535,0.3073141872694359771046542012
BTC-USD,2026-08-30T18:42:24.656881Z,79131.53,79131.54,0.01,79131.535,0.3073141872694359771046542012
BTC-USD,2026-08-30T18:42:24.718386Z,79131.53,79131.54,0.01,79131.535,0.3073141872694359771046542012
BTC-USD,2026-08-30T18:42:24.788268Z,79131.53,79131.54,0.01,79131.535,0.3073141872694359771046542012
BTC-USD,2026-08-30T18:42:24.796096Z,79131.53,79131.54,0.01,79131.535,0.3073685559457269479595193211
BTC-USD,2026-08-30T18:42:24.865118Z,79131.53,79131.54,0.01,79131.535,0.3073685559457269479595193211
BTC-USD,2026-08-30T18:42:24.970405Z,79131.53,79131.54,0.01,79131.535,0.3074745943928149399129957507
BTC-USD,2026-08-30T18:42:25.013544Z,79131.53,79131.54,0.01,79131.535,0.3074745943928149399129957507
BTC-USD,2026-08-30T18:42:25.058574Z,79131.53,79131.54,0.01,79131.535,0.3074745943928149399129957507
BTC-USD,2026-08-30T18:42:25.12535Z,79131.53,79131.54,0.01,79131.535,0.3074796194320951289834126762
BTC-USD,2026-08-30T18:42:25.171333Z,79131.53,79131.54,0.01,79131.535,0.3074796194320951289834126762
BTC-USD,2026-08-30T18:42:25.19973Z,79131.53,79131.54,0.01,79131.535,0.3298279661786268191697099963
BTC-USD,2026-08-30T18:42:25.274497Z,79131.53,79131.54,0.01,79131.535,0.3298279117902021667560768146
BTC-USD,2026-08-30T18:42:25.307604Z,79131.53,79131.54,0.01,79131.535,0.3298841692428334638443286869
BTC-USD,2026-08-30T18:42:25.4265Z,79131.53,79131.54,0.01,79131.535,0.3298841692428334638443286869
BTC-USD,2026-08-30T18:42:25.46873Z,79131.53,79131.54,0.01,79131.535,0.3299404314555315983314257712
BTC-USD,2026-08-30T18:42:25.517918Z,79131.53,79131.54,0.01,79131.535,0.3299404314555315983314257712
BTC-USD,2026-08-30T18:42:25.578621Z,79131.53,79131.54,0.01,79131.535,0.3299404314555315983314257712
BTC-USD,2026-08-30T18:42:25.665846Z,79131.53,79131.54,0.01,79131.535,0.3959241936150350064938439761
BTC-USD,2026-08-30T18:42:25.696395Z,79131.53,79131.54,0.01,79131.535,0.4123229300039777353917214295
BTC-USD,2026-08-30T18:42:25.752195Z,79131.53,79131.54,0.01,79131.535,0.6464670703540636295490027510
BTC-USD,2026-08-30T18:42:25.802112Z,79131.53,79131.54,0.01,79131.535,0.7236006236628088853800700538
BTC-USD,2026-08-30T18:42:25.866084Z,79131.53,79131.54,0.01,79131.535,0.7236006236628088853800700538
BTC-USD,2026-08-30T18:42:25.921016Z,79131.53,79131.54,0.01,79131.535,0.7461409103330678990734126285
BTC-USD,2026-08-30T18:42:25.952482Z,79131.53,79131.54,0.01,79131.535,0.7461409103330678990734126285
BTC-USD,2026-08-30T18:42:26.058857Z,79131.53,79131.54,0.01,79131.535,0.7461409103330678990734126285
BTC-USD,2026-08-30T18:42:26.075738Z,79131.53,79131.54,0.01,79131.535,0.7461409103330678990734126285
BTC-USD,2026-08-30T18:42:26.163736Z,79131.53,79131.54,0.01,79131.535,0.7461409103330678990734126285
BTC-USD,2026-08-30T18:42:26.21199Z,79131.53,79131.54,0.01,79131.535,0.7461409103330678990734126285
BTC-USD,2026-08-30T18:42:26.327249Z,79131.53,79131.54,0.01,79131.535,0.7461409042149509037787328516
BTC-USD,2026-08-30T18:42:26.361524Z,79131.53,79131.54,0.01,79131.535,0.7461409042149509037787328516
BTC-USD,2026-08-30T18:42:26.458579Z,79131.53,79131.54,0.01,79131.535,0.7461409042149509037787328516
BTC-USD,2026-08-30T18:42:26.53018Z,79131.53,79131.54,0.01,79131.535,0.7070685998141196921124439601
BTC-USD,2026-08-30T18:42:26.582407Z,79131.53,79131.54,0.01,79131.535,0.3536329736788606316893095128
BTC-USD,2026-08-30T18:42:26.684095Z,79131.53,79131.54,0.01,79131.535,0.3536329736788606316893095128
BTC-USD,2026-08-30T18:42:26.765451Z,79131.53,79131.54,0.01,79131.535,0.3536329736788606316893095128
BTC-USD,2026-08-30T18:42:26.924508Z,79131.53,79131.54,0.01,79131.535,0.3132921825734090270627415870
BTC-USD,2026-08-30T18:42:26.963554Z,79131.53,79131.54,0.01,79131.535,0.3132921825734090270627415870
BTC-USD,2026-08-30T18:42:27.027278Z,79131.53,79131.54,0.01,79131.535,0.3132921825734090270627415870
BTC-USD,2026-08-30T18:42:27.073711Z,79131.53,79131.54,0.01,79131.535,0.3143826920789524159896912520
BTC-USD,2026-08-30T18:42:27.115649Z,79131.53,79131.54,0.01,79131.535,0.3144127025771442904632047440
BTC-USD,2026-08-30T18:42:27.177738Z,79131.53,79131.54,0.01,79131.535,0.3144127025771442904632047440
BTC-USD,2026-08-30T18:42:27.213622Z,79131.53,79131.54,0.01,79131.535,0.2937857961448596108307864719
BTC-USD,2026-08-30T18:42:27.265718Z,79131.53,79131.54,0.01,79131.535,0.2937857961448596108307864719
BTC-USD,2026-08-30T18:42:27.333473Z,79131.53,79131.54,0.01,79131.535,0.2943147509281163565827953671
BTC-USD,2026-08-30T18:42:27.380138Z,79131.53,79131.54,0.01,79131.535,0.2943146586832563785493943545
BTC-USD,2026-08-30T18:42:27.400099Z,79131.53,79131.54,0.01,79131.535,0.2943146586832563785493943545
BTC-USD,2026-08-30T18:42:27.471998Z,79131.53,79131.54,0.01,79131.535,0.2943248185363199514441095107
BTC-USD,2026-08-30T18:42:27.561397Z,79131.53,79131.54,0.01,79131.535,0.2943248185363199514441095107
BTC-USD,2026-08-30T18:42:27.609584Z,79131.53,79131.54,0.01,79131.535,0.2943248185363199514441095107
BTC-USD,2026-08-30T18:42:27.675179Z,79131.53,79131.54,0.01,79131.535,0.3392957023535955857470665277
BTC-USD,2026-08-30T18:42:27.72014Z,79131.53,79131.54,0.01,79131.535,0.3160645062805854272660870451
BTC-USD,2026-08-30T18:42:27.785448Z,79131.53,79131.54,0.01,79131.535,0.3160645062805854272660870451
BTC-USD,2026-08-30T18:42:27.793485Z,79131.53,79131.54,0.01,79131.535,0.3160645062805854272660870451
BTC-USD,2026-08-30T18:42:27.862201Z,79131.53,79131.54,0.01,79131.535,0.3160645062805854272660870451
BTC-USD,2026-08-30T18:42:27.901421Z,79131.53,79131.54,0.01,79131.535,0.3160644744641405646474940063
BTC-USD,2026-08-30T18:42:27.978731Z,79131.53,79131.54,0.01,79131.535,0.3160644744641405646474940063
BTC-USD,2026-08-30T18:42:28.01959Z,79131.53,79131.54,0.01,79131.535,0.3160644744641405646474940063
BTC-USD,2026-08-30T18:42:28.076477Z,79132.58,79132.59,0.01,79132.585,0.3323132826678598406243553542
BTC-USD,2026-08-30T18:42:28.135373Z,79132.58,79132.59,0.01,79132.585,0.4420176114847894449731860387
BTC-USD,2026-08-30T18:42:28.161542Z,79132.58,79132.59,0.01,79132.585,0.4835457929973322662271349511
BTC-USD,2026-08-30T18:42:28.224447Z,79132.58,79132.59,0.01,79132.585,0.4836137292441139026870722247
BTC-USD,2026-08-30T18:42:28.265821Z,79132.58,79132.59,0.01,79132.585,0.4836137292441139026870722247
BTC-USD,2026-08-30T18:42:28.328777Z,79132.58,79132.59,0.01,79132.585,0.4836137292441139026870722247
BTC-USD,2026-08-30T18:42:28.361944Z,79132.58,79132.59,0.01,79132.585,0.4836137292441139026870722247
BTC-USD,2026-08-30T18:42:28.430569Z,79132.58,79132.59,0.01,79132.585,0.4836137292441139026870722247
BTC-USD,2026-08-30T18:42:28.463691Z,79132.58,79132.59,0.01,79132.585,0.4536807013315723960718330768
BTC-USD,2026-08-30T18:42:28.538446Z,79132.58,79132.59,0.01,79132.585,0.4536807013315723960718330768
BTC-USD,2026-08-30T18:42:28.568751Z,79132.58,79132.59,0.01,79132.585,0.3448044020644722956912179952
BTC-USD,2026-08-30T18:42:28.600238Z,79132.58,79132.59,0.01,79132.585,0.3484627978442677722230057035
BTC-USD,2026-08-30T18:42:28.61127Z,79132.58,79132.59,0.01,79132.585,0.3484627978442677722230057035
BTC-USD,2026-08-30T18:42:28.679458Z,79132.58,79132.59,0.01,79132.585,0.3484750250000713946054062199
BTC-USD,2026-08-30T18:42:28.778587Z,79132.58,79132.59,0.01,79132.585,0.3485942587224811437786299560
BTC-USD,2026-08-30T18:42:28.810604Z,79132.58,79132.59,0.01,79132.585,0.3485942587224811437786299560
BTC-USD,2026-08-30T18:42:28.889616Z,79132.58,79132.59,0.01,79132.585,0.3441970258074561938077662411
BTC-USD,2026-08-30T18:42:28.934608Z,79132.58,79132.59,0.01,79132.585,0.3441970258074561938077662411
BTC-USD,2026-08-30T18:42:28.959257Z,79132.58,79132.59,0.01,79132.585,0.3441970163308556692035195426
BTC-USD,2026-08-30T18:42:29.02011Z,79132.58,79132.59,0.01,79132.585,0.3441970163308556692035195426
BTC-USD,2026-08-30T18:42:29.059901Z,79132.58,79132.59,0.01,79132.585,0.3441970163308556692035195426
BTC-USD,2026-08-30T18:42:29.127865Z,79132.58,79132.59,0.01,79132.585,0.3441970163308556692035195426
BTC-USD,2026-08-30T18:42:29.158402Z,79132.58,79132.59,0.01,79132.585,0.3441970163308556692035195426
BTC-USD,2026-08-30T18:42:29.231318Z,79132.58,79132.59,0.01,79132.585,0.3420620560536672555364959637
BTC-USD,2026-08-30T18:42:29.254136Z,79132.58,79132.59,0.01,79132.585,0.3420620560536672555364959637
BTC-USD,2026-08-30T18:42:29.361438Z,79132.58,79132.59,0.01,79132.585,0.3420620560536672555364959637
BTC-USD,2026-08-30T18:42:29.38506Z,79132.58,79132.59,0.01,79132.585,0.3420620560536672555364959637
BTC-USD,2026-08-30T18:42:29.477217Z,79132.58,79132.59,0.01,79132.585,0.3420620560536672555364959637
BTC-USD,2026-08-30T18:42:29.530409Z,79132.58,79132.59,0.01,79132.585,0.3415728665727706653577492166
BTC-USD,2026-08-30T18:42:29.601481Z,79132.58,79132.59,0.01,79132.585,0.3415728665727706653577492166
BTC-USD,2026-08-30T18:42:29.662638Z,79132.58,79132.59,0.01,79132.585,0.3415728665727706653577492166
BTC-USD,2026-08-30T18:42:29.699992Z,79132.58,79132.59,0.01,79132.585,0.3415728665727706653577492166
BTC-USD,2026-08-30T18:42:29.786168Z,79132.58,79132.59,0.01,79132.585,0.3416303057997840144423439979
BTC-USD,2026-08-30T18:42:29.795708Z,79132.58,79132.59,0.01,79132.585,0.3416303057997840144423439979
BTC-USD,2026-08-30T18:42:29.876779Z,79132.58,79132.59,0.01,79132.585,0.3425046968982233127659797111
BTC-USD,2026-08-30T18:42:29.929552Z,79132.58,79132.59,0.01,79132.585,0.3428071658133689678785284764
BTC-USD,2026-08-30T18:42:29.962496Z,79132.58,79132.59,0.01,79132.585,0.3428071658133689678785284764
BTC-USD,2026-08-30T18:42:30.021259Z,79132.58,79132.59,0.01,79132.585,0.3428071658133689678785284764
BTC-USD,2026-08-30T18:42:30.062605Z,79132.58,79132.59,0.01,79132.585,0.3428071516112244296031040078
BTC-USD,2026-08-30T18:42:30.107459Z,79132.58,79132.59,0.01,79132.585,0.3428071516112244296031040078
BTC-USD,2026-08-30T18:42:30.162164Z,79132.58,79132.59,0.01,79132.585,0.3428071516112244296031040078
BTC-USD,2026-08-30T18:42:30.2272Z,79132.58,79132.59,0.01,79132.585,0.3431041924935541442194795692
BTC-USD,2026-08-30T18:42:30.27237Z,79132.58,79132.59,0.01,79132.585,0.3431041924935541442194795692
BTC-USD,2026-08-30T18:42:30.305293Z,79132.58,79132.59,0.01,79132.585,0.3431041924935541442194795692
BTC-USD,2026-08-30T18:42:30.362614Z,79132.58,79132.59,0.01,79132.585,0.3431041924935541442194795692
BTC-USD,2026-08-30T18:42:30.420221Z,79132.58,79132.59,0.01,79132.585,0.3431041924935541442194795692
BTC-USD,2026-08-30T18:42:30.46732Z,79132.58,79132.59,0.01,79132.585,0.3431041924935541442194795692
BTC-USD,2026-08-30T18:42:30.531828Z,79132.58,79132.59,0.01,79132.585,0.3431041924935541442194795692
BTC-USD,2026-08-30T18:42:30.583122Z,79132.58,79132.59,0.01,79132.585,0.3431041924935541442194795692
BTC-USD,2026-08-30T18:42:30.640078Z,79132.58,79132.59,0.01,79132.585,0.3431041924935541442194795692
BTC-USD,2026-08-30T18:42:30.658907Z,79132.58,79132.59,0.01,79132.585,0.3431041924935541442194795692
BTC-USD,2026-08-30T18:42:30.736614Z,79132.58,79132.59,0.01,79132.585,0.3429878500492969122295890548
BTC-USD,2026-08-30T18:42:30.756625Z,79132.58,79132.59,0.01,79132.585,0.3460216711417094572455412839
BTC-USD,2026-08-30T18:42:30.803266Z,79132.58,79132.59,0.01,79132.585,0.3460215625031350547684182125
BTC-USD,2026-08-30T18:42:30.860817Z,79132.58,79132.59,0.01,79132.585,0.3460215625031350547684182125
BTC-USD,2026-08-30T18:42:30.894173Z,79132.58,79132.59,0.01,79132.585,0.3460215625031350547684182125
BTC-USD,2026-08-30T18:42:30.982605Z,79132.58,79132.59,0.01,79132.585,0.3460215625031350547684182125
BTC-USD,2026-08-30T18:42:31.021479Z,79132.58,79132.59,0.01,79132.585,0.3460215625031350547684182125
BTC-USD,2026-08-30T18:42:31.049161Z,79132.58,79132.59,0.01,79132.585,0.3460215625031350547684182125
BTC-USD,2026-08-30T18:42:31.120989Z,79132.58,79132.59,0.01,79132.585,0.3460215625031350547684182125
BTC-USD,2026-08-30T18:42:31.169992Z,79132.58,79132.59,0.01,79132.585,0.1901863789264990392826853928
BTC-USD,2026-08-30T18:42:31.262552Z,79132.58,79132.59,0.01,79132.585,0.1901863789264990392826853928
BTC-USD,2026-08-30T18:42:31.305279Z,79132.58,79132.59,0.01,79132.585,0.1901863789264990392826853928
BTC-USD,2026-08-30T18:42:31.350428Z,79132.58,79132.59,0.01,79132.585,0.1901863137423298518734749353
BTC-USD,2026-08-30T18:42:31.417324Z,79132.58,79132.59,0.01,79132.585,0.1903161707856898483715946789
BTC-USD,2026-08-30T18:42:31.454173Z,79132.58,79132.59,0.01,79132.585,0.1903161707856898483715946789
BTC-USD,2026-08-30T18:42:31.507906Z,79132.58,79132.59,0.01,79132.585,0.1903161707856898483715946789
BTC-USD,2026-08-30T18:42:31.564633Z,79132.58,79132.59,0.01,79132.585,0.1903161707856898483715946789
BTC-USD,2026-08-30T18:42:31.628681Z,79132.58,79132.59,0.01,79132.585,0.1903161707856898483715946789
BTC-USD,2026-08-30T18:42:31.715777Z,79132.58,79132.59,0.01,79132.585,0.1903161707856898483715946789
BTC-USD,2026-08-30T18:42:31.76228Z,79132.58,79132.59,0.01,79132.585,0.1903694503915168640258847442
BTC-USD,2026-08-30T18:42:31.868314Z,79132.58,79132.59,0.01,79132.585,0.1903694503915168640258847442
BTC-USD,2026-08-30T18:42:31.931887Z,79132.58,79132.59,0.01,79132.585,0.3012684161575272218868512338
BTC-USD,2026-08-30T18:42:31.974768Z,79132.58,79132.59,0.01,79132.585,0.3009481209573211446275822993
BTC-USD,2026-08-30T18:42:32.016966Z,79132.58,79132.59,0.01,79132.585,0.3009481209573211446275822993
BTC-USD,2026-08-30T18:42:32.069129Z,79132.58,79132.59,0.01,79132.585,0.3009481209573211446275822993
BTC-USD,2026-08-30T18:42:32.149684Z,79132.58,79132.59,0.01,79132.585,0.3009481209573211446275822993
BTC-USD,2026-08-30T18:42:32.199492Z,79132.58,79132.59,0.01,79132.585,0.3009481141185985392222554611
BTC-USD,2026-08-30T18:42:32.252118Z,79132.58,79132.59,0.01,79132.585,0.3009481141185985392222554611
BTC-USD,2026-08-30T18:42:32.379556Z,79132.58,79132.59,0.01,79132.585,0.3009479021181314046286962545
BTC-USD,2026-08-30T18:42:32.461877Z,79132.58,79132.59,0.01,79132.585,0.3009479021181314046286962545
BTC-USD,2026-08-30T18:42:32.51455Z,79132.58,79132.59,0.01,79132.585,0.3009479021181314046286962545
BTC-USD,2026-08-30T18:42:32.560367Z,79132.58,79132.59,0.01,79132.585,0.1838627947629664368778779239
BTC-USD,2026-08-30T18:42:32.666142Z,79132.58,79132.59,0.01,79132.585,0.1838627947629664368778779239
BTC-USD,2026-08-30T18:42:32.71142Z,79132.58,79132.59,0.01,79132.585,0.1838627947629664368778779239
BTC-USD,2026-08-30T18:42:32.765332Z,79132.58,79132.59,0.01,79132.585,0.1838627947629664368778779239
BTC-USD,2026-08-30T18:42:32.869149Z,79132.58,79132.59,0.01,79132.585,0.1838627947629664368778779239
BTC-USD,2026-08-30T18:42:32.911804Z,79132.58,79132.59,0.01,79132.585,0.1838627947629664368778779239
BTC-USD,2026-08-30T18:42:32.965227Z,79132.58,79132.59,0.01,79132.585,0.1838627947629664368778779239
BTC-USD,2026-08-30T18:42:33.017343Z,79132.58,79132.59,0.01,79132.585,0.1838627511694773953501721555
BTC-USD,2026-08-30T18:42:33.06916Z,79132.58,79132.59,0.01,79132.585,0.1838627511694773953501721555
BTC-USD,2026-08-30T18:42:33.172781Z,79132.58,79132.59,0.01,79132.585,0.1838755601893215636642128263
BTC-USD,2026-08-30T18:42:33.195361Z,79132.58,79132.59,0.01,79132.585,0.1838755601893215636642128263
BTC-USD,2026-08-30T18:42:33.263052Z,79132.58,79132.59,0.01,79132.585,0.1838755601893215636642128263
BTC-USD,2026-08-30T18:42:33.367306Z,79132.58,79132.59,0.01,79132.585,0.1838755601893215636642128263
BTC-USD,2026-08-30T18:42:33.435122Z,79132.58,79132.59,0.01,79132.585,0.1871199870791958154462043919
BTC-USD,2026-08-30T18:42:33.52714Z,79132.58,79132.59,0.01,79132.585,0.1871199870791958154462043919
BTC-USD,2026-08-30T18:42:33.576939Z,79132.58,79132.59,0.01,79132.585,0.1871199870791958154462043919
BTC-USD,2026-08-30T18:42:33.623972Z,79132.58,79132.59,0.01,79132.585,0.1871199870791958154462043919
BTC-USD,2026-08-30T18:42:33.681038Z,79132.58,79132.59,0.01,79132.585,0.1871199870791958154462043919
BTC-USD,2026-08-30T18:42:33.835097Z,79132.58,79132.59,0.01,79132.585,0.1871199870791958154462043919
BTC-USD,2026-08-30T18:42:33.855749Z,79132.58,79132.59,0.01,79132.585,0.1871199870791958154462043919
BTC-USD,2026-08-30T18:42:33.923143Z,79132.58,79132.59,0.01,79132.585,0.1871199870791958154462043919
BTC-USD,2026-08-30T18:42:33.978914Z,79132.58,79132.59,0.01,79132.585,0.1871199870791958154462043919
BTC-USD,2026-08-30T18:42:34.021126Z,79132.58,79132.59,0.01,79132.585,0.1871199870791958154462043919
BTC-USD,2026-08-30T18:42:34.07516Z,79132.58,79132.59,0.01,79132.585,0.1871199870791958154462043919
BTC-USD,2026-08-30T18:42:34.12055Z,79132.58,79132.59,0.01,79132.585,0.1871199507976783042759540542
BTC-USD,2026-08-30T18:42:34.16641Z,79132.58,79132.59,0.01,79132.585,0.1871199507976783042759540542
BTC-USD,2026-08-30T18:42:34.225578Z,79132.58,79132.59,0.01,79132.585,0.1871199613946945877597404791
BTC-USD,2026-08-30T18:42:34.262013Z,79132.58,79132.59,0.01,79132.585,0.1871199613946945877597404791
BTC-USD,2026-08-30T18:42:34.277683Z,79132.58,79132.59,0.01,79132.585,0.1871199613946945877597404791
BTC-USD,2026-08-30T18:42:34.386439Z,79132.58,79132.59,0.01,79132.585,0.1871199613946945877597404791
BTC-USD,2026-08-30T18:42:34.461051Z,79132.58,79132.59,0.01,79132.585,0.1871199613946945877597404791
BTC-USD,2026-08-30T18:42:34.511934Z,79132.58,79132.59,0.01,79132.585,0.1887488406010158427700066171
BTC-USD,2026-08-30T18:42:34.556193Z,79132.58,79132.59,0.01,79132.585,0.1887488406010158427700066171
BTC-USD,2026-08-30T18:42:34.710618Z,79132.58,79132.59,0.01,79132.585,0.1887488406010158427700066171
BTC-USD,2026-08-30T18:42:34.7652Z,79132.58,79132.59,0.01,79132.585,0.1887488406010158427700066171
BTC-USD,2026-08-30T18:42:34.828922Z,79132.58,79132.59,0.01,79132.585,0.1887488406010158427700066171
BTC-USD,2026-08-30T18:42:34.862571Z,79132.58,79132.59,0.01,79132.585,0.1887488406010158427700066171
BTC-USD,2026-08-30T18:42:34.910026Z,79130.99,79131,0.01,79130.995,0.1053065846966602480329387532
BTC-USD,2026-08-30T18:42:34.985336Z,79130.99,79131,0.01,79130.995,0.1053065846966602480329387532
BTC-USD,2026-08-30T18:42:35.029137Z,79130.99,79131,0.01,79130.995,0.1043078811324111001132596355
BTC-USD,2026-08-30T18:42:35.070694Z,79130.99,79131,0.01,79130.995,0.1043078811324111001132596355
BTC-USD,2026-08-30T18:42:35.117315Z,79130.99,79131,0.01,79130.995,0.1043078811324111001132596355
BTC-USD,2026-08-30T18:42:35.177701Z,79130.99,79131,0.01,79130.995,0.1003411143502754879986652464
BTC-USD,2026-08-30T18:42:35.192952Z,79130.99,79131,0.01,79130.995,-0.1680272489946032075731089054
BTC-USD,2026-08-30T18:42:35.280663Z,79130.99,79131,0.01,79130.995,-0.1973262671177146319729759138
BTC-USD,2026-08-30T18:42:35.295025Z,79130.99,79131,0.01,79130.995,-0.1973262671177146319729759138
BTC-USD,2026-08-30T18:42:35.360654Z,79130.99,79131,0.01,79130.995,-0.1973262671177146319729759138
BTC-USD,2026-08-30T18:42:35.401351Z,79130.99,79131,0.01,79130.995,-0.1973262671177146319729759138
BTC-USD,2026-08-30T18:42:35.474168Z,79130.99,79131,0.01,79130.995,-0.1973262671177146319729759138
BTC-USD,2026-08-30T18:42:35.518014Z,79130.99,79131,0.01,79130.995,-0.2147839568352580394795346683
BTC-USD,2026-08-30T18:42:35.552075Z,79130.99,79131,0.01,79130.995,-0.2407761893009523717643611677
BTC-USD,2026-08-30T18:42:35.622463Z,79130.99,79131,0.01,79130.995,-0.2407761893009523717643611677
BTC-USD,2026-08-30T18:42:35.659164Z,79130.99,79131,0.01,79130.995,-0.2407761893009523717643611677
BTC-USD,2026-08-30T18:42:35.781519Z,79130.99,79131,0.01,79130.995,-0.2407761893009523717643611677
BTC-USD,2026-08-30T18:42:35.812603Z,79130.99,79131,0.01,79130.995,-0.2407761893009523717643611677
BTC-USD,2026-08-30T18:42:35.845024Z,79130.99,79131,0.01,79130.995,-0.2407761893009523717643611677
BTC-USD,2026-08-30T18:42:35.964852Z,79130.99,79131,0.01,79130.995,-0.2407761893009523717643611677
BTC-USD,2026-08-30T18:42:36.016813Z,79130.99,79131,0.01,79130.995,-0.2407761893009523717643611677
BTC-USD,2026-08-30T18:42:36.074595Z,79130.99,79131,0.01,79130.995,-0.2407761893009523717643611677
BTC-USD,2026-08-30T18:42:36.114665Z,79130.99,79131,0.01,79130.995,-0.2407761893009523717643611677
BTC-USD,2026-08-30T18:42:36.154809Z,79130.99,79131,0.01,79130.995,-0.2407761893009523717643611677
BTC-USD,2026-08-30T18:42:36.259475Z,79130.99,79131,0.01,79130.995,-0.2407763691823853201239387984
BTC-USD,2026-08-30T18:42:36.31787Z,79130.99,79131,0.01,79130.995,-0.2407763691823853201239387984
BTC-USD,2026-08-30T18:42:36.361803Z,79130.99,79131,0.01,79130.995,-0.2407763691823853201239387984
BTC-USD,2026-08-30T18:42:36.468792Z,79130.99,79131,0.01,79130.995,-0.2407763691823853201239387984
BTC-USD,2026-08-30T18:42:36.51159Z,79130.99,79131,0.01,79130.995,-0.2412818267070143367323695065
BTC-USD,2026-08-30T18:42:36.558906Z,79130.99,79131,0.01,79130.995,-0.2412818267070143367323695065
BTC-USD,2026-08-30T18:42:36.615837Z,79130.99,79131,0.01,79130.995,-0.2412818594042755225411904793
BTC-USD,2026-08-30T18:42:36.656092Z,79130.99,79131,0.01,79130.995,-0.2933818956409055125923996384
BTC-USD,2026-08-30T18:42:36.724429Z,79130.99,79131,0.01,79130.995,-0.2875264653419506586809994892
BTC-USD,2026-08-30T18:42:36.778429Z,79130.99,79131,0.01,79130.995,-0.2111682080433920138497032622
BTC-USD,2026-08-30T18:42:36.813971Z,79130.99,79131,0.01,79130.995,0.2309418608072254355161435371
BTC-USD,2026-08-30T18:42:36.87453Z,79133.91,79133.92,0.01,79133.915,0.6462878445382541744808697389
BTC-USD,2026-08-30T18:42:36.916151Z,79133.91,79133.92,0.01,79133.915,0.7231972996164417379521662916
BTC-USD,2026-08-30T18:42:36.961502Z,79133.91,79133.92,0.01,79133.915,0.7364622198672165132663210638
BTC-USD,2026-08-30T18:42:37.010624Z,79133.91,79133.92,0.01,79133.915,0.7506163293315759791070417757
BTC-USD,2026-08-30T18:42:37.057204Z,79133.91,79133.92,0.01,79133.915,0.7506163293315759791070417757
BTC-USD,2026-08-30T18:42:37.125875Z,79133.91,79133.92,0.01,79133.915,0.7569551168192514921781255929
BTC-USD,2026-08-30T18:42:37.142944Z,79133.91,79133.92,0.01,79133.915,0.7641488997912510944074275856
BTC-USD,2026-08-30T18:42:37.178283Z,79133.91,79133.92,0.01,79133.915,0.9208433916288254958693886497
BTC-USD,2026-08-30T18:42:37.268343Z,79133.91,79133.92,0.01,79133.915,0.9211239827228904074870339326
BTC-USD,2026-08-30T18:42:37.306103Z,79138.08,79138.09,0.01,79138.085,0.5691927456741933770741904803
BTC-USD,2026-08-30T18:42:37.329674Z,79138.08,79138.09,0.01,79138.085,0.4030706776443582121291872783
BTC-USD,2026-08-30T18:42:37.406449Z,79138.08,79138.09,0.01,79138.085,0.4874545412669494897182295893
BTC-USD,2026-08-30T18:42:37.447821Z,79138.08,79138.09,0.01,79138.085,0.5361037756670973113864921809
BTC-USD,2026-08-30T18:42:37.49941Z,79138.08,79138.09,0.01,79138.085,0.5361037756670973113864921809
BTC-USD,2026-08-30T18:42:37.553368Z,79138.08,79138.09,0.01,79138.085,0.5361037756670973113864921809
BTC-USD,2026-08-30T18:42:37.569585Z,79138.08,79138.09,0.01,79138.085,0.5361037756670973113864921809
BTC-USD,2026-08-30T18:42:37.588178Z,79138.08,79138.09,0.01,79138.085,0.5361037756670973113864921809
BTC-USD,2026-08-30T18:42:37.694641Z,79138.08,79138.09,0.01,79138.085,0.5361844065533575241878935612
BTC-USD,2026-08-30T18:42:37.710707Z,79138.08,79138.09,0.01,79138.085,0.5361843641754642439993648504
BTC-USD,2026-08-30T18:42:37.831891Z,79138.08,79138.09,0.01,79138.085,0.5983950015786555571884083873
BTC-USD,2026-08-30T18:42:37.897252Z,79138.08,79138.09,0.01,79138.085,0.5983950015786555571884083873
BTC-USD,2026-08-30T18:42:37.912467Z,79138.08,79138.09,0.01,79138.085,0.5983950015786555571884083873
BTC-USD,2026-08-30T18:42:37.96498Z,79138.08,79138.09,0.01,79138.085,0.5983950015786555571884083873
BTC-USD,2026-08-30T18:42:38.021589Z,79138.08,79138.09,0.01,79138.085,0.5983950015786555571884083873
BTC-USD,2026-08-30T18:42:38.038383Z,79138.08,79138.09,0.01,79138.085,0.5983950015786555571884083873
BTC-USD,2026-08-30T18:42:38.073105Z,79138.08,79138.09,0.01,79138.085,0.5983950015786555571884083873
BTC-USD,2026-08-30T18:42:38.20497Z,79138.08,79138.09,0.01,79138.085,0.5984012605982161303208154494
BTC-USD,2026-08-30T18:42:38.28482Z,79138.08,79138.09,0.01,79138.085,0.5984012605982161303208154494
BTC-USD,2026-08-30T18:42:38.317154Z,79138.08,79138.09,0.01,79138.085,0.5984012605982161303208154494
BTC-USD,2026-08-30T18:42:38.367361Z,79138.08,79138.09,0.01,79138.085,0.6134058720525243241918175314
BTC-USD,2026-08-30T18:42:38.425536Z,79138.08,79138.09,0.01,79138.085,0.6135377770506143447801487744
BTC-USD,2026-08-30T18:42:38.468028Z,79138.08,79138.09,0.01,79138.085,0.6135377770506143447801487744
BTC-USD,2026-08-30T18:42:38.50626Z,79138.08,79138.09,0.01,79138.085,0.6135377770506143447801487744
BTC-USD,2026-08-30T18:42:38.632742Z,79138.08,79138.09,0.01,79138.085,0.6135377770506143447801487744
BTC-USD,2026-08-30T18:42:38.679395Z,79138.08,79138.09,0.01,79138.085,0.6135431578153312686664395826
BTC-USD,2026-08-30T18:42:38.728007Z,79138.08,79138.09,0.01,79138.085,0.6134110831182506528550729178
BTC-USD,2026-08-30T18:42:38.778228Z,79138.08,79138.09,0.01,79138.085,0.6134110831182506528550729178
BTC-USD,2026-08-30T18:42:38.82534Z,79138.08,79138.09,0.01,79138.085,0.6134110831182506528550729178
BTC-USD,2026-08-30T18:42:38.835728Z,79138.08,79138.09,0.01,79138.085,0.6135431414705863494863049069
BTC-USD,2026-08-30T18:42:38.931899Z,79138.08,79138.09,0.01,79138.085,0.6135431414705863494863049069
BTC-USD,2026-08-30T18:42:38.965693Z,79138.08,79138.09,0.01,79138.085,0.6135431414705863494863049069
BTC-USD,2026-08-30T18:42:39.028025Z,79138.08,79138.09,0.01,79138.085,0.6135431414705863494863049069
BTC-USD,2026-08-30T18:42:39.071998Z,79138.08,79138.09,0.01,79138.085,0.6135431414705863494863049069
BTC-USD,2026-08-30T18:42:39.131859Z,79138.08,79138.09,0.01,79138.085,0.6135431414705863494863049069
BTC-USD,2026-08-30T18:42:39.227663Z,79138.08,79138.09,0.01,79138.085,0.6135431414705863494863049069
BTC-USD,2026-08-30T18:42:39.275547Z,79138.08,79138.09,0.01,79138.085,0.6135431414705863494863049069
BTC-USD,2026-08-30T18:42:39.324878Z,79138.08,79138.09,0.01,79138.085,0.6135431414705863494863049069
BTC-USD,2026-08-30T18:42:39.361697Z,79138.08,79138.09,0.01,79138.085,0.6135431414705863494863049069
BTC-USD,2026-08-30T18:42:39.431791Z,79138.08,79138.09,0.01,79138.085,0.6135431055121426606637713032
BTC-USD,2026-08-30T18:42:39.473406Z,79138.08,79138.09,0.01,79138.085,0.6135431055121426606637713032
BTC-USD,2026-08-30T18:42:39.532374Z,79138.08,79138.09,0.01,79138.085,0.6135431055121426606637713032
BTC-USD,2026-08-30T18:42:39.555182Z,79138.08,79138.09,0.01,79138.085,0.6135431055121426606637713032
BTC-USD,2026-08-30T18:42:39.661036Z,79138.08,79138.09,0.01,79138.085,0.6135431055121426606637713032
BTC-USD,2026-08-30T18:42:39.709292Z,79138.08,79138.09,0.01,79138.085,0.6135431055121426606637713032
BTC-USD,2026-08-30T18:42:39.745668Z,79138.08,79138.09,0.01,79138.085,0.6135431055121426606637713032
BTC-USD,2026-08-30T18:42:39.807437Z,79138.08,79138.09,0.01,79138.085,0.6135431055121426606637713032
BTC-USD,2026-08-30T18:42:39.881334Z,79138.08,79138.09,0.01,79138.085,0.6135430858984432826925678483
BTC-USD,2026-08-30T18:42:39.920468Z,79138.08,79138.09,0.01,79138.085,0.6135430858984432826925678483
BTC-USD,2026-08-30T18:42:39.962693Z,79138.08,79138.09,0.01,79138.085,0.6135430858984432826925678483
BTC-USD,2026-08-30T18:42:40.029151Z,79138.08,79138.09,0.01,79138.085,0.6135430858984432826925678483
BTC-USD,2026-08-30T18:42:40.300022Z,79138.08,79138.09,0.01,79138.085,0.6134221002250828275607939909
BTC-USD,2026-08-30T18:42:40.348998Z,79138.08,79138.09,0.01,79138.085,0.6134221002250828275607939909
BTC-USD,2026-08-30T18:42:40.424673Z,79138.08,79138.09,0.01,79138.085,0.6134221002250828275607939909
BTC-USD,2026-08-30T18:42:40.466382Z,79138.08,79138.09,0.01,79138.085,0.6134221002250828275607939909
BTC-USD,2026-08-30T18:42:40.516152Z,79138.08,79138.09,0.01,79138.085,0.6134220315607770642728334493
BTC-USD,2026-08-30T18:42:40.559291Z,79138.08,79138.09,0.01,79138.085,0.6134220315607770642728334493
BTC-USD,2026-08-30T18:42:40.643155Z,79138.08,79138.09,0.01,79138.085,0.6134220315607770642728334493
BTC-USD,2026-08-30T18:42:40.708477Z,79138.08,79138.09,0.01,79138.085,0.6134220315607770642728334493
BTC-USD,2026-08-30T18:42:40.772655Z,79138.08,79138.09,0.01,79138.085,0.6134220315607770642728334493
BTC-USD,2026-08-30T18:42:40.860149Z,79138.08,79138.09,0.01,79138.085,0.6134220315607770642728334493
BTC-USD,2026-08-30T18:42:40.921983Z,79138.08,79138.09,0.01,79138.085,0.4586105393860587990437070067
BTC-USD,2026-08-30T18:42:40.972614Z,79138.08,79138.09,0.01,79138.085,0.4708300985907735711931828490
BTC-USD,2026-08-30T18:42:41.019672Z,79138.08,79138.09,0.01,79138.085,0.4708300985907735711931828490
BTC-USD,2026-08-30T18:42:41.060305Z,79138.08,79138.09,0.01,79138.085,0.4285906033102789782871140417
BTC-USD,2026-08-30T18:42:41.122982Z,79138.08,79138.09,0.01,79138.085,0.4781785187981384074379763234
BTC-USD,2026-08-30T18:42:41.171547Z,79138.08,79138.09,0.01,79138.085,0.4781785187981384074379763234
BTC-USD,2026-08-30T18:42:41.218996Z,79138.08,79138.09,0.01,79138.085,0.4659845986004652543839024820
BTC-USD,2026-08-30T18:42:41.280584Z,79138.08,79138.09,0.01,79138.085,0.4659723627904059482436658789
BTC-USD,2026-08-30T18:42:41.31569Z,79138.08,79138.09,0.01,79138.085,0.5466365152160827451749474092
BTC-USD,2026-08-30T18:42:41.35365Z,79138.08,79138.09,0.01,79138.085,-0.07355743455190004337317085991
BTC-USD,2026-08-30T18:42:41.411023Z,79139.99,79140.45,0.46,79140.22,-0.4518028741845128502451409682
BTC-USD,2026-08-30T18:42:41.463433Z,79139.99,79140.45,0.46,79140.22,-0.4939799654106372982077400507
BTC-USD,2026-08-30T18:42:41.501637Z,79139.99,79140.45,0.46,79140.22,-0.4565667162357146819878836954
BTC-USD,2026-08-30T18:42:41.549244Z,79139.99,79140.15,0.16,79140.07,-0.4940373299190541075058087974
BTC-USD,2026-08-30T18:42:41.640262Z,79138.08,79140.14,2.06,79139.11,-0.2220381167604055505690619153
BTC-USD,2026-08-30T18:42:41.66479Z,79138.08,79139.64,1.56,79138.86,-0.1200865371891526488349791193
BTC-USD,2026-08-30T18:42:41.695631Z,79138.08,79139.64,1.56,79138.86,-0.1200865371891526488349791193
BTC-USD,2026-08-30T18:42:41.758624Z,79138.08,79139.64,1.56,79138.86,-0.1200865371891526488349791193
BTC-USD,2026-08-30T18:42:41.813192Z,79138.08,79139.64,1.56,79138.86,-0.1200865371891526488349791193
BTC-USD,2026-08-30T18:42:41.909645Z,79138.08,79139.64,1.56,79138.86,-0.1200865371891526488349791193
BTC-USD,2026-08-30T18:42:41.967371Z,79138.08,79139.64,1.56,79138.86,-0.1200865371891526488349791193
BTC-USD,2026-08-30T18:42:42.015782Z,79138.08,79139.64,1.56,79138.86,-0.1200865371891526488349791193
BTC-USD,2026-08-30T18:42:42.070422Z,79138.08,79139.34,1.26,79138.71,-0.2852355550171085401514457131
BTC-USD,2026-08-30T18:42:42.106809Z,79138.08,79139.34,1.26,79138.71,-0.2852355550171085401514457131
BTC-USD,2026-08-30T18:42:42.172266Z,79138.08,79139.34,1.26,79138.71,-0.2852355550171085401514457131
BTC-USD,2026-08-30T18:42:42.214562Z,79138.08,79139.34,1.26,79138.71,-0.2852355550171085401514457131
BTC-USD,2026-08-30T18:42:42.274159Z,79138.08,79139.34,1.26,79138.71,-0.2846984033916839447606253511
BTC-USD,2026-08-30T18:42:42.318866Z,79138.08,79139.34,1.26,79138.71,-0.2846981278634899155735925647
BTC-USD,2026-08-30T18:42:42.381627Z,79138.08,79139.34,1.26,79138.71,-0.2846981278634899155735925647
BTC-USD,2026-08-30T18:42:42.423473Z,79138.08,79139.34,1.26,79138.71,-0.2846981278634899155735925647
BTC-USD,2026-08-30T18:42:42.458411Z,79138.08,79139.34,1.26,79138.71,-0.2846981278634899155735925647
BTC-USD,2026-08-30T18:42:42.53177Z,79138.08,79138.72,0.64,79138.40,-0.1994384367165409916449215393
BTC-USD,2026-08-30T18:42:42.577326Z,79138.08,79138.72,0.64,79138.40,-0.1994384367165409916449215393
BTC-USD,2026-08-30T18:42:42.608659Z,79138.08,79138.72,0.64,79138.40,-0.1994384786421840036321809301
BTC-USD,2026-08-30T18:42:42.633074Z,79138.08,79138.72,0.64,79138.40,-0.1994384786421840036321809301
BTC-USD,2026-08-30T18:42:42.734834Z,79138.57,79138.72,0.15,79138.645,-0.4671349040972941467812838197
BTC-USD,2026-08-30T18:42:42.776737Z,79138.48,79138.72,0.24,79138.60,-0.3515607527912997548910519676
BTC-USD,2026-08-30T18:42:42.790279Z,79138.48,79138.72,0.24,79138.60,-0.4671345277272667026099344513
BTC-USD,2026-08-30T18:42:42.860799Z,79138.48,79138.72,0.24,79138.60,-0.4671345277272667026099344513
BTC-USD,2026-08-30T18:42:42.919461Z,79138.39,79138.72,0.33,79138.555,-0.3515608237709240982008196137
BTC-USD,2026-08-30T18:42:42.966396Z,79138.39,79138.72,0.33,79138.555,-0.3512737071157705017531559750
BTC-USD,2026-08-30T18:42:43.020354Z,79138.71,79139.34,0.63,79139.025,-0.4182190482743433053526289225
BTC-USD,2026-08-30T18:42:43.076599Z,79138.71,79139.34,0.63,79139.025,-0.4181641391067190232792632441
BTC-USD,2026-08-30T18:42:43.086257Z,79138.71,79139.34,0.63,79139.025,-0.4181641391067190232792632441
BTC-USD,2026-08-30T18:42:43.154343Z,79138.71,79139.34,0.63,79139.025,-0.4181602928536175736993477981
BTC-USD,2026-08-30T18:42:43.203448Z,79138.71,79139.34,0.63,79139.025,-0.4181602928536175736993477981
BTC-USD,2026-08-30T18:42:43.255036Z,79138.71,79139.34,0.63,79139.025,-0.4181602928536175736993477981
BTC-USD,2026-08-30T18:42:43.330085Z,79139.33,79139.34,0.01,79139.335,-0.6808764160367475665253971043
BTC-USD,2026-08-30T18:42:43.371477Z,79139.33,79139.34,0.01,79139.335,-0.5232499182600484840608822661
BTC-USD,2026-08-30T18:42:43.420909Z,79139.33,79139.34,0.01,79139.335,-0.5231832285948738654835308183
BTC-USD,2026-08-30T18:42:43.47705Z,79138.08,79139.34,1.26,79138.71,-0.4173327907633548420293265735
BTC-USD,2026-08-30T18:42:43.502127Z,79138.08,79139.34,1.26,79138.71,-0.4173327907633548420293265735
BTC-USD,2026-08-30T18:42:43.580234Z,79138.08,79139.34,1.26,79138.71,-0.4173327907633548420293265735
BTC-USD,2026-08-30T18:42:43.588116Z,79138.08,79139.34,1.26,79138.71,-0.4173327907633548420293265735
BTC-USD,2026-08-30T18:42:43.730131Z,79138.08,79139.34,1.26,79138.71,-0.4090662410765827553405965103
BTC-USD,2026-08-30T18:42:43.770785Z,79138.08,79139.35,1.27,79138.715,-0.4288016109295631179286343493
BTC-USD,2026-08-30T18:42:43.826776Z,79138.08,79139.35,1.27,79138.715,-0.4288016109295631179286343493
BTC-USD,2026-08-30T18:42:43.87632Z,79138.08,79138.09,0.01,79138.085,-0.2854261160637521446230621969
BTC-USD,2026-08-30T18:42:43.922801Z,79138.08,79138.09,0.01,79138.085,-0.1165811847412646644172852962
BTC-USD,2026-08-30T18:42:43.970722Z,79138.08,79138.09,0.01,79138.085,-0.1541118454295925243988709426
BTC-USD,2026-08-30T18:42:44.023268Z,79138.08,79138.09,0.01,79138.085,-0.1541118454295925243988709426
BTC-USD,2026-08-30T18:42:44.079823Z,79138.08,79138.37,0.29,79138.225,-0.08382532302175565328673418346
BTC-USD,2026-08-30T18:42:44.096365Z,79138.08,79138.37,0.29,79138.225,-0.08382532302175565328673418346
BTC-USD,2026-08-30T18:42:44.163479Z,79138.08,79138.09,0.01,79138.085,-0.08382532302175565328673418346
BTC-USD,2026-08-30T18:42:44.213269Z,79138.08,79138.09,0.01,79138.085,-0.08382534502396566907171580484
BTC-USD,2026-08-30T18:42:44.2687Z,79138.08,79138.09,0.01,79138.085,-0.08382534502396566907171580484
BTC-USD,2026-08-30T18:42:44.314329Z,79138.08,79138.09,0.01,79138.085,-0.1532653818401415307725521391
BTC-USD,2026-08-30T18:42:44.368056Z,79138.08,79138.09,0.01,79138.085,-0.1532653818401415307725521391
BTC-USD,2026-08-30T18:42:44.422394Z,79138.08,79138.09,0.01,79138.085,-0.1560687008244659343309183890
BTC-USD,2026-08-30T18:42:44.454369Z,79138.08,79138.09,0.01,79138.085,-0.1560687008244659343309183890
BTC-USD,2026-08-30T18:42:44.518876Z,79138.08,79138.09,0.01,79138.085,-0.1560686787279639195504233044
BTC-USD,2026-08-30T18:42:44.55602Z,79138.08,79138.09,0.01,79138.085,-0.1560686787279639195504233044
BTC-USD,2026-08-30T18:42:44.602037Z,79138.08,79138.09,0.01,79138.085,-0.1560686787279639195504233044
BTC-USD,2026-08-30T18:42:44.66488Z,79138.08,79138.09,0.01,79138.085,-0.1560686787279639195504233044
BTC-USD,2026-08-30T18:42:44.723279Z,79138.08,79138.09,0.01,79138.085,-0.1225449338476615981034841208
BTC-USD,2026-08-30T18:42:44.766406Z,79138.08,79138.18,0.10,79138.13,-0.2544800493609039255741414789
BTC-USD,2026-08-30T18:42:44.828997Z,79138.08,79138.18,0.10,79138.13,-0.2544800493609039255741414789
BTC-USD,2026-08-30T18:42:44.846101Z,79138.08,79138.18,0.10,79138.13,-0.2507272102514894050110620777
BTC-USD,2026-08-30T18:42:44.929269Z,79138.08,79138.18,0.10,79138.13,-0.1832516352335120413685909282
BTC-USD,2026-08-30T18:42:44.975431Z,79138.08,79138.18,0.10,79138.13,-0.1832516352335120413685909282
BTC-USD,2026-08-30T18:42:45.01625Z,79138.08,79138.18,0.10,79138.13,-0.1832516352335120413685909282
BTC-USD,2026-08-30T18:42:45.067579Z,79138.08,79138.18,0.10,79138.13,-0.2266403542299040329091716794
BTC-USD,2026-08-30T18:42:45.155103Z,79138.08,79138.17,0.09,79138.125,-0.07503458988374070138566719176
BTC-USD,2026-08-30T18:42:45.232309Z,79138.08,79138.17,0.09,79138.125,-0.07503458988374070138566719176
BTC-USD,2026-08-30T18:42:45.270902Z,79138.08,79138.17,0.09,79138.125,-0.007435304577905674417339184031
BTC-USD,2026-08-30T18:42:45.334944Z,79138.08,79138.17,0.09,79138.125,-0.007435304577905674417339184031
BTC-USD,2026-08-30T18:42:45.37992Z,79138.08,79138.16,0.08,79138.12,0.1167414720649549092471089763
BTC-USD,2026-08-30T18:42:45.41899Z,79138.08,79138.16,0.08,79138.12,0.1167414720649549092471089763
BTC-USD,2026-08-30T18:42:45.428065Z,79138.08,79138.16,0.08,79138.12,0.04949526860937285233436936279
BTC-USD,2026-08-30T18:42:45.516702Z,79138.08,79138.16,0.08,79138.12,0.04949526860937285233436936279
BTC-USD,2026-08-30T18:42:45.566973Z,79138.08,79138.16,0.08,79138.12,0.04949526860937285233436936279
BTC-USD,2026-08-30T18:42:45.601731Z,79138.08,79138.16,0.08,79138.12,0.1167414720649549092471089763
BTC-USD,2026-08-30T18:42:45.670703Z,79138.08,79138.16,0.08,79138.12,0.1167414720649549092471089763
BTC-USD,2026-08-30T18:42:45.718495Z,79138.08,79138.15,0.07,79138.115,0.1167414720649549092471089763
BTC-USD,2026-08-30T18:42:45.740438Z,79138.08,79138.15,0.07,79138.115,0.04949526860937285233436936279
BTC-USD,2026-08-30T18:42:45.831906Z,79138.08,79138.15,0.07,79138.115,0.04949526860937285233436936279
BTC-USD,2026-08-30T18:42:45.866104Z,79138.08,79138.15,0.07,79138.115,0.04949526860937285233436936279
BTC-USD,2026-08-30T18:42:45.928855Z,79138.08,79138.15,0.07,79138.115,0.1055914461704241749799783070
BTC-USD,2026-08-30T18:42:45.969738Z,79138.08,79138.15,0.07,79138.115,0.1055914461704241749799783070
BTC-USD,2026-08-30T18:42:46.015212Z,79138.08,79138.15,0.07,79138.115,0.1055914461704241749799783070
BTC-USD,2026-08-30T18:42:46.072575Z,79138.08,79138.1,0.02,79138.09,0.04334289405814767334363818990
BTC-USD,2026-08-30T18:42:46.084505Z,79138.08,79138.1,0.02,79138.09,0.04334289405814767334363818990
BTC-USD,2026-08-30T18:42:46.176291Z,79138.08,79138.1,0.02,79138.09,0.04334289405814767334363818990
BTC-USD,2026-08-30T18:42:46.222365Z,79138.08,79138.13,0.05,79138.105,0.3051992930385728583170157666
BTC-USD,2026-08-30T18:42:46.261272Z,79138.08,79138.12,0.04,79138.10,0.2125463343122109179644913316
BTC-USD,2026-08-30T18:42:46.326835Z,79138.08,79138.12,0.04,79138.10,-0.01181884032251958822697356901
BTC-USD,2026-08-30T18:42:46.362636Z,79137.11,79138.11,1.00,79137.61,0.2340343884850878745347303407
BTC-USD,2026-08-30T18:42:46.423971Z,79137.11,79138.11,1.00,79137.61,0.2340343884850878745347303407
BTC-USD,2026-08-30T18:42:46.481971Z,79137.11,79138.11,1.00,79137.61,0.2001493331257145108315550399
BTC-USD,2026-08-30T18:42:46.518326Z,79137.11,79137.65,0.54,79137.38,0.1942234119119777867687496165
BTC-USD,2026-08-30T18:42:46.581796Z,79137.11,79137.65,0.54,79137.38,0.1942234119119777867687496165
BTC-USD,2026-08-30T18:42:46.629462Z,79137.11,79137.65,0.54,79137.38,0.1942234119119777867687496165
BTC-USD,2026-08-30T18:42:46.654514Z,79137.11,79137.65,0.54,79137.38,0.1942234119119777867687496165
BTC-USD,2026-08-30T18:42:46.723206Z,79137.11,79137.65,0.54,79137.38,0.1942234119119777867687496165
BTC-USD,2026-08-30T18:42:46.761598Z,79137.11,79137.65,0.54,79137.38,0.1942234119119777867687496165
BTC-USD,2026-08-30T18:42:46.809514Z,79137.11,79137.65,0.54,79137.38,0.1942234119119777867687496165
BTC-USD,2026-08-30T18:42:46.87457Z,79137.11,79137.65,0.54,79137.38,0.1942234119119777867687496165
BTC-USD,2026-08-30T18:42:46.978321Z,79137.11,79137.65,0.54,79137.38,0.1940269732115547993924677102
BTC-USD,2026-08-30T18:42:47.027896Z,79137.11,79137.64,0.53,79137.375,0.3200628341118425411921243064
BTC-USD,2026-08-30T18:42:47.061811Z,79137.11,79137.64,0.53,79137.375,0.3200628341118425411921243064
BTC-USD,2026-08-30T18:42:47.12448Z,79137.11,79137.64,0.53,79137.375,0.3200628341118425411921243064
BTC-USD,2026-08-30T18:42:47.173411Z,79137.12,79137.64,0.52,79137.38,0.1944736700158100442365777709
BTC-USD,2026-08-30T18:42:47.198209Z,79137.12,79137.64,0.52,79137.38,0.1946404161469899309463693609
BTC-USD,2026-08-30T18:42:47.259958Z,79137.12,79137.64,0.52,79137.38,0.1946404161469899309463693609
BTC-USD,2026-08-30T18:42:47.376235Z,79137.12,79137.64,0.52,79137.38,0.1334853194961477509109691145
BTC-USD,2026-08-30T18:42:47.428931Z,79137.12,79137.64,0.52,79137.38,0.1334853194961477509109691145
BTC-USD,2026-08-30T18:42:47.458083Z,79137.64,79137.65,0.01,79137.645,-0.2532123171351863708473274291
BTC-USD,2026-08-30T18:42:47.522343Z,79137.64,79137.65,0.01,79137.645,-0.2532123171351863708473274291
BTC-USD,2026-08-30T18:42:47.578147Z,79137.64,79137.65,0.01,79137.645,-0.1187251319770208210939880732
BTC-USD,2026-08-30T18:42:47.602359Z,79137.64,79137.65,0.01,79137.645,-0.1187251319770208210939880732
BTC-USD,2026-08-30T18:42:47.671718Z,79137.64,79137.65,0.01,79137.645,-0.2015194661891747858992120807
BTC-USD,2026-08-30T18:42:47.730642Z,79137.64,79137.65,0.01,79137.645,-0.2015194661891747858992120807
BTC-USD,2026-08-30T18:42:47.82639Z,79137.64,79137.65,0.01,79137.645,-0.2015198341340261683712145620
BTC-USD,2026-08-30T18:42:47.868435Z,79137.64,79137.65,0.01,79137.645,-0.2015198341340261683712145620
BTC-USD,2026-08-30T18:42:47.982676Z,79137.64,79137.65,0.01,79137.645,-0.2015198341340261683712145620
BTC-USD,2026-08-30T18:42:48.012874Z,79137.64,79137.65,0.01,79137.645,-0.2015198341340261683712145620
BTC-USD,2026-08-30T18:42:48.06296Z,79137.64,79137.65,0.01,79137.645,-0.2015198341340261683712145620
BTC-USD,2026-08-30T18:42:48.185835Z,79137.64,79137.65,0.01,79137.645,-0.05938635148245991591210716568
BTC-USD,2026-08-30T18:42:48.211461Z,79137.64,79137.65,0.01,79137.645,-0.1180000749883308611483724386
BTC-USD,2026-08-30T18:42:48.257775Z,79137.64,79137.65,0.01,79137.645,-0.1004462803531397425391414732
BTC-USD,2026-08-30T18:42:48.338932Z,79137.64,79137.65,0.01,79137.645,-0.1004918073135170123594486894
BTC-USD,2026-08-30T18:42:48.362978Z,79137.64,79137.65,0.01,79137.645,-0.1004918073135170123594486894
BTC-USD,2026-08-30T18:42:48.408205Z,79137.64,79137.65,0.01,79137.645,-0.1004462803531397425391414732
BTC-USD,2026-08-30T18:42:48.536653Z,79137.64,79137.65,0.01,79137.645,-0.1004462803531397425391414732
BTC-USD,2026-08-30T18:42:48.580891Z,79137.64,79137.65,0.01,79137.645,-0.1004462803531397425391414732
BTC-USD,2026-08-30T18:42:48.653706Z,79137.64,79137.65,0.01,79137.645,-0.1004462803531397425391414732
BTC-USD,2026-08-30T18:42:48.663499Z,79137.64,79137.65,0.01,79137.645,-0.1004462803531397425391414732
BTC-USD,2026-08-30T18:42:48.776192Z,79137.64,79137.65,0.01,79137.645,-0.006272292560248330032535026475
BTC-USD,2026-08-30T18:42:48.830878Z,79137.64,79137.65,0.01,79137.645,0.004503520491600262616854431600
BTC-USD,2026-08-30T18:42:48.879836Z,79137.64,79137.65,0.01,79137.645,0.004466090388442078753265680695
BTC-USD,2026-08-30T18:42:48.937505Z,79137.64,79137.65,0.01,79137.645,0.004507284493110305841524820355
BTC-USD,2026-08-30T18:42:48.97996Z,79138.18,79138.19,0.01,79138.185,0.01913959958401823316024333153
BTC-USD,2026-08-30T18:42:49.031836Z,79138.18,79138.19,0.01,79138.185,0.01913956968455355193857038209
BTC-USD,2026-08-30T18:42:49.129345Z,79138.18,79138.19,0.01,79138.185,-0.07598041076140784234979909009
BTC-USD,2026-08-30T18:42:49.168163Z,79138.18,79138.19,0.01,79138.185,-0.07598041076140784234979909009
BTC-USD,2026-08-30T18:42:49.216707Z,79138.18,79138.19,0.01,79138.185,-0.07598041076140784234979909009
BTC-USD,2026-08-30T18:42:49.258461Z,79138.18,79138.19,0.01,79138.185,0.006016517130374276039863327720
BTC-USD,2026-08-30T18:42:49.330383Z,79138.18,79138.19,0.01,79138.185,-0.08805532839409566352265992730
BTC-USD,2026-08-30T18:42:49.372118Z,79138.18,79138.19,0.01,79138.185,0.09873255387688172984428757910
BTC-USD,2026-08-30T18:42:49.411875Z,79138.18,79138.19,0.01,79138.185,0.09873255387688172984428757910
BTC-USD,2026-08-30T18:42:49.449724Z,79138.18,79138.19,0.01,79138.185,0.2193978168420051412594834211
BTC-USD,2026-08-30T18:42:49.496979Z,79138.18,79138.19,0.01,79138.185,-0.1890227943784886615741703330
BTC-USD,2026-08-30T18:42:49.572413Z,79138.18,79138.19,0.01,79138.185,0.3030342793796330600069644779
BTC-USD,2026-08-30T18:42:49.620867Z,79138.18,79138.19,0.01,79138.185,0.1951595770054937208810293221
BTC-USD,2026-08-30T18:42:49.65636Z,79138.18,79138.19,0.01,79138.185,0.1951595770054937208810293221
BTC-USD,2026-08-30T18:42:49.722219Z,79138.18,79138.19,0.01,79138.185,0.1951595770054937208810293221
BTC-USD,2026-08-30T18:42:49.769635Z,79138.18,79138.19,0.01,79138.185,0.1951595770054937208810293221
BTC-USD,2026-08-30T18:42:49.814957Z,79138.18,79138.19,0.01,79138.185,0.03248849566705261481580109420
BTC-USD,2026-08-30T18:42:49.874387Z,79138.18,79138.19,0.01,79138.185,0.03248849566705261481580109420
BTC-USD,2026-08-30T18:42:49.931838Z,79138.18,79138.19,0.01,79138.185,0.03248849566705261481580109420
BTC-USD,2026-08-30T18:42:49.954498Z,79138.18,79138.19,0.01,79138.185,0.03248849566705261481580109420
BTC-USD,2026-08-30T18:42:50.012702Z,79138.18,79138.19,0.01,79138.185,0.03248849566705261481580109420
BTC-USD,2026-08-30T18:42:50.067689Z,79138.18,79138.19,0.01,79138.185,0.03248849566705261481580109420
BTC-USD,2026-08-30T18:42:50.111234Z,79138.18,79138.19,0.01,79138.185,0.02148711051899671041146326359
BTC-USD,2026-08-30T18:42:50.157625Z,79138.18,79138.19,0.01,79138.185,0.02148711051899671041146326359
BTC-USD,2026-08-30T18:42:50.215044Z,79138.18,79138.19,0.01,79138.185,0.02148708473413429696739755929
BTC-USD,2026-08-30T18:42:50.265995Z,79138.18,79138.19,0.01,79138.185,0.02148708473413429696739755929
BTC-USD,2026-08-30T18:42:50.302563Z,79138.18,79138.19,0.01,79138.185,0.02148708473413429696739755929
BTC-USD,2026-08-30T18:42:50.372416Z,79138.18,79138.19,0.01,79138.185,0.02148708473413429696739755929
BTC-USD,2026-08-30T18:42:50.424411Z,79138.18,79138.19,0.01,79138.185,0.02150000278000126641574278617
BTC-USD,2026-08-30T18:42:50.464505Z,79138.18,79138.19,0.01,79138.185,0.02149371139907190576161997275
BTC-USD,2026-08-30T18:42:50.525435Z,79138.18,79138.19,0.01,79138.185,0.02149371139907190576161997275
BTC-USD,2026-08-30T18:42:50.668489Z,79138.18,79138.19,0.01,79138.185,0.02149301521670251444609647090
BTC-USD,2026-08-30T18:42:50.759709Z,79138.18,79138.19,0.01,79138.185,0.1845462942733391104061777333
BTC-USD,2026-08-30T18:42:50.81499Z,79138.18,79138.19,0.01,79138.185,0.1845462942733391104061777333
BTC-USD,2026-08-30T18:42:50.869895Z,79138.18,79138.19,0.01,79138.185,0.1845462942733391104061777333
BTC-USD,2026-08-30T18:42:50.881775Z,79138.18,79138.19,0.01,79138.185,0.1845462942733391104061777333
BTC-USD,2026-08-30T18:42:50.964836Z,79138.18,79138.19,0.01,79138.185,0.1845462942733391104061777333
BTC-USD,2026-08-30T18:42:51.024864Z,79138.18,79138.19,0.01,79138.185,0.1845462942733391104061777333
BTC-USD,2026-08-30T18:42:51.066024Z,79138.18,79138.19,0.01,79138.185,0.1845462942733391104061777333
BTC-USD,2026-08-30T18:42:51.143126Z,79138.18,79138.19,0.01,79138.185,0.1845462942733391104061777333
BTC-USD,2026-08-30T18:42:51.161401Z,79138.18,79138.19,0.01,79138.185,0.02727841089762764229767700961
BTC-USD,2026-08-30T18:42:51.257931Z,79138.18,79138.19,0.01,79138.185,-0.09198042041902514671379191248
BTC-USD,2026-08-30T18:42:51.328525Z,79138.18,79138.19,0.01,79138.185,-0.5083811157901079367119571386
BTC-USD,2026-08-30T18:42:51.352331Z,79138.18,79138.19,0.01,79138.185,-0.5253259897942302155043041355
BTC-USD,2026-08-30T18:42:51.381211Z,79138.18,79138.19,0.01,79138.185,-0.5253259897942302155043041355
BTC-USD,2026-08-30T18:42:51.483926Z,79138.18,79138.19,0.01,79138.185,-0.5253259897942302155043041355
BTC-USD,2026-08-30T18:42:51.560852Z,79138.18,79138.19,0.01,79138.185,-0.5253259897942302155043041355
BTC-USD,2026-08-30T18:42:51.61218Z,79138.18,79138.19,0.01,79138.185,-0.5250109623357883205047229694
BTC-USD,2026-08-30T18:42:51.671678Z,79138.18,79138.19,0.01,79138.185,-0.5250109623357883205047229694
BTC-USD,2026-08-30T18:42:51.723036Z,79138.18,79138.19,0.01,79138.185,-0.5250109623357883205047229694
BTC-USD,2026-08-30T18:42:51.820435Z,79138.18,79138.19,0.01,79138.185,-0.5250109623357883205047229694
BTC-USD,2026-08-30T18:42:51.882034Z,79138.18,79138.19,0.01,79138.185,-0.1850504650682239872589646873
BTC-USD,2026-08-30T18:42:51.925053Z,79138.18,79138.19,0.01,79138.185,-0.3595715523070106665666347173
BTC-USD,2026-08-30T18:42:51.98095Z,79138.18,79138.19,0.01,79138.185,-0.3595715523070106665666347173
BTC-USD,2026-08-30T18:42:52.026411Z,79138.18,79138.19,0.01,79138.185,-0.4143278533852896237693724455
BTC-USD,2026-08-30T18:42:52.111695Z,79138.18,79138.19,0.01,79138.185,-0.4143278533852896237693724455
BTC-USD,2026-08-30T18:42:52.160576Z,79138.18,79138.19,0.01,79138.185,-0.4143278533852896237693724455
BTC-USD,2026-08-30T18:42:52.258246Z,79138.18,79138.19,0.01,79138.185,-0.4143278533852896237693724455
BTC-USD,2026-08-30T18:42:52.315821Z,79138.18,79138.19,0.01,79138.185,-0.4143278533852896237693724455
BTC-USD,2026-08-30T18:42:52.365067Z,79138.18,79138.19,0.01,79138.185,-0.4143279956672087126903790927
BTC-USD,2026-08-30T18:42:52.428233Z,79138.18,79138.19,0.01,79138.185,-0.4143279956672087126903790927
BTC-USD,2026-08-30T18:42:52.475663Z,79138.18,79138.19,0.01,79138.185,-0.4143279956672087126903790927
BTC-USD,2026-08-30T18:42:52.506696Z,79138.18,79138.19,0.01,79138.185,-0.4143279956672087126903790927
BTC-USD,2026-08-30T18:42:52.563932Z,79138.18,79138.19,0.01,79138.185,-0.4143279956672087126903790927
BTC-USD,2026-08-30T18:42:52.629048Z,79138.18,79138.19,0.01,79138.185,-0.4143279956672087126903790927
BTC-USD,2026-08-30T18:42:52.650347Z,79138.16,79138.19,0.03,79138.175,0.1221156448834441885498949276
BTC-USD,2026-08-30T18:42:52.781519Z,79138.17,79138.19,0.02,79138.18,0.1864908729473022568930588076
BTC-USD,2026-08-30T18:42:52.798616Z,79138.17,79138.19,0.02,79138.18,0.2112783481316208685444720419
BTC-USD,2026-08-30T18:42:52.88294Z,79138.18,79138.19,0.01,79138.185,0.09123845199920186622533667891
BTC-USD,2026-08-30T18:42:52.92375Z,79138.18,79138.19,0.01,79138.185,0.09123845199920186622533667891
BTC-USD,2026-08-30T18:42:53.023658Z,79138.18,79138.19,0.01,79138.185,0.09123845199920186622533667891
BTC-USD,2026-08-30T18:42:53.065629Z,79138.17,79138.19,0.02,79138.18,0.2112783481316208685444720419
BTC-USD,2026-08-30T18:42:53.101064Z,79138.17,79138.19,0.02,79138.18,0.1268626737120895026004112797
BTC-USD,2026-08-30T18:42:53.177894Z,79138.17,79138.19,0.02,79138.18,0.1268626737120895026004112797
BTC-USD,2026-08-30T18:42:53.210181Z,79137.93,79138.19,0.26,79138.06,0.2112783481316208685444720419
BTC-USD,2026-08-30T18:42:53.267125Z,79137.93,79138.19,0.26,79138.06,0.2112783481316208685444720419
BTC-USD,2026-08-30T18:42:53.373645Z,79137.93,79138.19,0.26,79138.06,0.2112783481316208685444720419
BTC-USD,2026-08-30T18:42:53.400457Z,79137.93,79138.19,0.26,79138.06,-0.07740761732629901899120064803
BTC-USD,2026-08-30T18:42:53.460002Z,79137.93,79138.19,0.26,79138.06,-0.07740761732629901899120064803
BTC-USD,2026-08-30T18:42:53.521818Z,79137.93,79138.19,0.26,79138.06,-0.07740761732629901899120064803
BTC-USD,2026-08-30T18:42:53.554691Z,79137.93,79138.19,0.26,79138.06,-0.07740775762917885474748954813
BTC-USD,2026-08-30T18:42:53.588562Z,79137.93,79138.19,0.26,79138.06,-0.07740784181092429599153281817
BTC-USD,2026-08-30T18:42:53.674946Z,79137.93,79138.19,0.26,79138.06,-0.07740784181092429599153281817
BTC-USD,2026-08-30T18:42:53.764432Z,79137.93,79138.19,0.26,79138.06,-0.07731193927205551616815270488
BTC-USD,2026-08-30T18:42:53.845541Z,79137.93,79138.19,0.26,79138.06,-0.07731193927205551616815270488
BTC-USD,2026-08-30T18:42:53.911637Z,79137.93,79138.19,0.26,79138.06,-0.07731193927205551616815270488
BTC-USD,2026-08-30T18:42:53.96479Z,79138.18,79138.19,0.01,79138.185,-0.06087148344799078038877969478
BTC-USD,2026-08-30T18:42:54.029309Z,79138.18,79138.19,0.01,79138.185,-0.06087148344799078038877969478
BTC-USD,2026-08-30T18:42:54.080849Z,79138.18,79138.19,0.01,79138.185,-0.06096448112917566225984654708
BTC-USD,2026-08-30T18:42:54.096Z,79138.18,79138.19,0.01,79138.185,-0.06087148344799078038877969478
BTC-USD,2026-08-30T18:42:54.181969Z,79138.18,79138.19,0.01,79138.185,-0.06009141339235303324226489330
BTC-USD,2026-08-30T18:42:54.228748Z,79138.18,79138.19,0.01,79138.185,-0.06009141339235303324226489330
BTC-USD,2026-08-30T18:42:54.26483Z,79138.18,79138.19,0.01,79138.185,-0.06009141339235303324226489330
BTC-USD,2026-08-30T18:42:54.309439Z,79138.18,79138.19,0.01,79138.185,-0.07574702107293218658500621751
BTC-USD,2026-08-30T18:42:54.365592Z,79138.18,79138.19,0.01,79138.185,-0.07574702107293218658500621751
BTC-USD,2026-08-30T18:42:54.43161Z,79137.93,79138.19,0.26,79138.06,0.1775750235292405029045708246
BTC-USD,2026-08-30T18:42:54.479019Z,79137.93,79138.19,0.26,79138.06,0.1775750235292405029045708246
BTC-USD,2026-08-30T18:42:54.518543Z,79137.93,79138.19,0.26,79138.06,0.1775750235292405029045708246
BTC-USD,2026-08-30T18:42:54.560904Z,79137.93,79138.19,0.26,79138.06,0.1775750235292405029045708246
BTC-USD,2026-08-30T18:42:54.626983Z,79137.93,79138.19,0.26,79138.06,0.1775750235292405029045708246
BTC-USD,2026-08-30T18:42:54.664501Z,79137.93,79138.19,0.26,79138.06,0.1775750235292405029045708246
BTC-USD,2026-08-30T18:42:54.713437Z,79137.93,79138.19,0.26,79138.06,0.1775748595258030354072349164
BTC-USD,2026-08-30T18:42:54.775324Z,79137.93,79138.19,0.26,79138.06,0.1775746135205241916574334972
BTC-USD,2026-08-30T18:42:54.791059Z,79137.93,79138.19,0.26,79138.06,0.1775746135205241916574334972
BTC-USD,2026-08-30T18:42:54.868955Z,79137.93,79138.19,0.26,79138.06,0.1775746135205241916574334972
BTC-USD,2026-08-30T18:42:54.965635Z,79137.93,79138.19,0.26,79138.06,0.1775746135205241916574334972
BTC-USD,2026-08-30T18:42:55.028474Z,79137.93,79138.19,0.26,79138.06,0.1786076160409781107580447525
BTC-USD,2026-08-30T18:42:55.106901Z,79137.93,79138.19,0.26,79138.06,0.1786076160409781107580447525
BTC-USD,2026-08-30T18:42:55.159113Z,79137.93,79138.19,0.26,79138.06,0.003121313158163775355484774924
BTC-USD,2026-08-30T18:42:55.215313Z,79138.18,79138.19,0.01,79138.185,0.01963827161470047657035953102
BTC-USD,2026-08-30T18:42:55.28391Z,79138.18,79138.19,0.01,79138.185,0.01964523207637322407705102703
BTC-USD,2026-08-30T18:42:55.317442Z,79138.18,79138.19,0.01,79138.185,0.01964523207637322407705102703
BTC-USD,2026-08-30T18:42:55.360468Z,79138.18,79138.19,0.01,79138.185,0.01964523207637322407705102703
BTC-USD,2026-08-30T18:42:55.431938Z,79138.18,79138.19,0.01,79138.185,0.01964523207637322407705102703
BTC-USD,2026-08-30T18:42:55.462277Z,79138.18,79138.19,0.01,79138.185,0.01964523207637322407705102703
BTC-USD,2026-08-30T18:42:55.525224Z,79138.18,79138.19,0.01,79138.185,0.001009446649089090653381998087
BTC-USD,2026-08-30T18:42:55.579543Z,79137.93,79138.19,0.26,79138.06,0.1785072170721478324231052503
BTC-USD,2026-08-30T18:42:55.602635Z,79137.93,79138.19,0.26,79138.06,0.1786216601021707577038051279
BTC-USD,2026-08-30T18:42:55.668345Z,79137.93,79138.19,0.26,79138.06,0.1786216601021707577038051279
BTC-USD,2026-08-30T18:42:55.694485Z,79137.93,79138.19,0.26,79138.06,0.1786216601021707577038051279
BTC-USD,2026-08-30T18:42:55.76195Z,79137.93,79138.19,0.26,79138.06,0.1786216601021707577038051279
BTC-USD,2026-08-30T18:42:55.832754Z,79137.93,79138.19,0.26,79138.06,0.1786210590043310203511386392
BTC-USD,2026-08-30T18:42:55.85551Z,79137.93,79138.19,0.26,79138.06,0.1786210590043310203511386392
BTC-USD,2026-08-30T18:42:56.018328Z,79138.18,79138.19,0.01,79138.185,0.1945645400927159969230143956
BTC-USD,2026-08-30T18:42:56.067527Z,79137.93,79138.19,0.26,79138.06,0.1786210590043310203511386392
BTC-USD,2026-08-30T18:42:56.169925Z,79137.93,79138.19,0.26,79138.06,0.1786210590043310203511386392
BTC-USD,2026-08-30T18:42:56.264771Z,79138.18,79138.19,0.01,79138.185,0.1945645400927159969230143956
BTC-USD,2026-08-30T18:42:56.331646Z,79138.18,79138.19,0.01,79138.185,0.1944544969024165884227850576
BTC-USD,2026-08-30T18:42:56.365015Z,79138.18,79138.19,0.01,79138.185,0.1945779912569689875548429145
BTC-USD,2026-08-30T18:42:56.417315Z,79138.18,79138.19,0.01,79138.185,0.1945779912569689875548429145
BTC-USD,2026-08-30T18:42:56.457546Z,79138.18,79138.19,0.01,79138.185,0.1945779912569689875548429145
BTC-USD,2026-08-30T18:42:56.521521Z,79138.18,79138.19,0.01,79138.185,0.01966567615504190908809450465
BTC-USD,2026-08-30T18:42:56.580383Z,79138.18,79138.19,0.01,79138.185,0.001030675359051115914322075042
BTC-USD,2026-08-30T18:42:56.638883Z,79138.18,79138.19,0.01,79138.185,0.0009727690215640349715641328585
BTC-USD,2026-08-30T18:42:56.726813Z,79137.93,79137.94,0.01,79137.935,-0.3055281271333832215222371718
BTC-USD,2026-08-30T18:42:56.741533Z,79137.93,79137.94,0.01,79137.935,-0.3055281271333832215222371718
BTC-USD,2026-08-30T18:42:56.829371Z,79137.93,79137.94,0.01,79137.935,-0.3055281271333832215222371718
BTC-USD,2026-08-30T18:42:56.8669Z,79137.93,79137.94,0.01,79137.935,-0.3055285006490044062326984270
BTC-USD,2026-08-30T18:42:56.882618Z,79137.93,79137.94,0.01,79137.935,-0.3055285006490044062326984270
BTC-USD,2026-08-30T18:42:56.963236Z,79137.93,79137.94,0.01,79137.935,-0.3055285006490044062326984270
BTC-USD,2026-08-30T18:42:57.021852Z,79137.93,79137.94,0.01,79137.935,-0.3456721201338844731357470519
BTC-USD,2026-08-30T18:42:57.075899Z,79137.93,79137.94,0.01,79137.935,-0.3055285006490044062326984270
BTC-USD,2026-08-30T18:42:57.106746Z,79137.93,79137.94,0.01,79137.935,-0.3055285006490044062326984270
BTC-USD,2026-08-30T18:42:57.131731Z,79137.93,79137.94,0.01,79137.935,-0.1247053630929412810437826587
BTC-USD,2026-08-30T18:42:57.206697Z,79136.91,79137.16,0.25,79137.035,-0.1433720112699792665523267629
BTC-USD,2026-08-30T18:42:57.273965Z,79136.91,79137.16,0.25,79137.035,0.06652576624816879580669833195
BTC-USD,2026-08-30T18:42:57.325949Z,79136.91,79136.92,0.01,79136.915,0.06586464304169083826524124769
BTC-USD,2026-08-30T18:42:57.35996Z,79136.91,79136.92,0.01,79136.915,0.06663759781367674223601523557
BTC-USD,2026-08-30T18:42:57.429573Z,79136.91,79136.92,0.01,79136.915,0.06663759781367674223601523557
BTC-USD,2026-08-30T18:42:57.475986Z,79136.91,79136.92,0.01,79136.915,0.06663759781367674223601523557
BTC-USD,2026-08-30T18:42:57.522887Z,79136.91,79136.92,0.01,79136.915,0.06663759781367674223601523557
BTC-USD,2026-08-30T18:42:57.558244Z,79136.91,79136.92,0.01,79136.915,-0.4003038121360881574006765098
BTC-USD,2026-08-30T18:42:57.621709Z,79136.91,79136.92,0.01,79136.915,-0.4004262890758368103550118227
BTC-USD,2026-08-30T18:42:57.672284Z,79136.91,79136.92,0.01,79136.915,-0.4002975109359894793848024276
BTC-USD,2026-08-30T18:42:57.709071Z,79136.91,79136.92,0.01,79136.915,-0.4002975109359894793848024276
BTC-USD,2026-08-30T18:42:57.783769Z,79136.91,79136.92,0.01,79136.915,-0.2051881894254236184548787689
BTC-USD,2026-08-30T18:42:57.794505Z,79136.91,79136.92,0.01,79136.915,-0.2051881894254236184548787689
BTC-USD,2026-08-30T18:42:57.883834Z,79136.91,79136.92,0.01,79136.915,-0.3873898958190718147808083276
BTC-USD,2026-08-30T18:42:57.934131Z,79136.91,79136.92,0.01,79136.915,-0.3873901209060305487117280342
BTC-USD,2026-08-30T18:42:57.983007Z,79136.91,79136.92,0.01,79136.915,-0.3873901209060305487117280342
BTC-USD,2026-08-30T18:42:58.02177Z,79136.91,79136.92,0.01,79136.915,-0.3873901209060305487117280342
BTC-USD,2026-08-30T18:42:58.075411Z,79136.91,79136.92,0.01,79136.915,-0.3873901209060305487117280342
BTC-USD,2026-08-30T18:42:58.12181Z,79136.91,79136.92,0.01,79136.915,-0.3873901209060305487117280342
BTC-USD,2026-08-30T18:42:58.16355Z,79136.91,79136.92,0.01,79136.915,-0.3873901209060305487117280342
BTC-USD,2026-08-30T18:42:58.211419Z,79136.91,79136.92,0.01,79136.915,-0.3873901209060305487117280342
BTC-USD,2026-08-30T18:42:58.265745Z,79136.91,79136.92,0.01,79136.915,-0.3873901209060305487117280342
BTC-USD,2026-08-30T18:42:58.378738Z,79136.91,79136.92,0.01,79136.915,-0.3873901209060305487117280342
BTC-USD,2026-08-30T18:42:58.413894Z,79136.91,79136.92,0.01,79136.915,-0.3873901209060305487117280342
BTC-USD,2026-08-30T18:42:58.458358Z,79136.91,79136.92,0.01,79136.915,-0.3873901209060305487117280342
BTC-USD,2026-08-30T18:42:58.514681Z,79136.91,79136.92,0.01,79136.915,-0.4641243358732900035566191086
BTC-USD,2026-08-30T18:42:58.575335Z,79136.91,79136.92,0.01,79136.915,-0.4456840100494976378210700740
BTC-USD,2026-08-30T18:42:58.631568Z,79133.59,79136.92,3.33,79135.255,-0.2651910577618385461385856259
BTC-USD,2026-08-30T18:42:58.684663Z,79136.91,79137.92,1.01,79137.415,0.1051447156423438851052895157
BTC-USD,2026-08-30T18:42:58.70764Z,79136.91,79137.92,1.01,79137.415,0.1051447156423438851052895157
BTC-USD,2026-08-30T18:42:58.783378Z,79136.91,79137.92,1.01,79137.415,0.1050435918324018798725963122
BTC-USD,2026-08-30T18:42:58.833336Z,79136.91,79137.92,1.01,79137.415,0.005593457597189348002437810406
BTC-USD,2026-08-30T18:42:58.875645Z,79136.91,79137.92,1.01,79137.415,0.005593457597189348002437810406
BTC-USD,2026-08-30T18:42:58.925088Z,79136.91,79137.92,1.01,79137.415,0.005593457597189348002437810406
BTC-USD,2026-08-30T18:42:58.960917Z,79136.91,79137.92,1.01,79137.415,0.005593457597189348002437810406
BTC-USD,2026-08-30T18:42:59.015965Z,79136.91,79137.92,1.01,79137.415,0.005593457597189348002437810406
BTC-USD,2026-08-30T18:42:59.06611Z,79136.91,79137.92,1.01,79137.415,0.005593457597189348002437810406
BTC-USD,2026-08-30T18:42:59.109316Z,79136.91,79137.92,1.01,79137.415,0.005593457597189348002437810406
BTC-USD,2026-08-30T18:42:59.135566Z,79136.91,79137.92,1.01,79137.415,0.005593457597189348002437810406
BTC-USD,2026-08-30T18:42:59.223529Z,79136.91,79137.92,1.01,79137.415,-0.03915852511461511350571182541
BTC-USD,2026-08-30T18:42:59.310638Z,79136.91,79137.92,1.01,79137.415,-0.03915852511461511350571182541
BTC-USD,2026-08-30T18:42:59.377703Z,79136.91,79137.92,1.01,79137.415,-0.03915852511461511350571182541
BTC-USD,2026-08-30T18:42:59.419616Z,79136.91,79137.92,1.01,79137.415,-0.03915852511461511350571182541
BTC-USD,2026-08-30T18:42:59.457451Z,79136.91,79137.92,1.01,79137.415,-0.03915852511461511350571182541
BTC-USD,2026-08-30T18:42:59.509913Z,79136.91,79137.92,1.01,79137.415,-0.03915852511461511350571182541
BTC-USD,2026-08-30T18:42:59.560836Z,79136.91,79136.92,0.01,79136.915,-0.1709332663232375137681942214
BTC-USD,2026-08-30T18:42:59.571687Z,79136.91,79136.92,0.01,79136.915,-0.1709332663232375137681942214
BTC-USD,2026-08-30T18:42:59.62986Z,79136.91,79136.92,0.01,79136.915,-0.1709332663232375137681942214
BTC-USD,2026-08-30T18:42:59.729989Z,79136.91,79136.92,0.01,79136.915,-0.1709332663232375137681942214
BTC-USD,2026-08-30T18:42:59.775014Z,79136.91,79136.92,0.01,79136.915,-0.1709332663232375137681942214
BTC-USD,2026-08-30T18:42:59.829147Z,79136.91,79136.92,0.01,79136.915,-0.5970227898797237387586244056
BTC-USD,2026-08-30T18:42:59.841004Z,79136.91,79136.92,0.01,79136.915,-0.5970227898797237387586244056
BTC-USD,2026-08-30T18:42:59.914476Z,79136.91,79136.92,0.01,79136.915,-0.5970227898797237387586244056
BTC-USD,2026-08-30T18:42:59.925278Z,79136.91,79136.92,0.01,79136.915,-0.5970227898797237387586244056
BTC-USD,2026-08-30T18:43:00.025428Z,79136.91,79136.92,0.01,79136.915,-0.8506493335943735787111639885
BTC-USD,2026-08-30T18:43:00.053053Z,79136.89,79136.9,0.01,79136.895,-0.1415248329744354259842084921
BTC-USD,2026-08-30T18:43:00.17996Z,79136.89,79136.9,0.01,79136.895,-0.1415248329744354259842084921
BTC-USD,2026-08-30T18:43:00.218672Z,79136.89,79136.9,0.01,79136.895,-0.1415248329744354259842084921
BTC-USD,2026-08-30T18:43:00.263495Z,79136.89,79136.9,0.01,79136.895,-0.1415250138623106200960640123
BTC-USD,2026-08-30T18:43:00.316621Z,79136.89,79136.9,0.01,79136.895,-0.1415254560329135477959608645
BTC-USD,2026-08-30T18:43:00.366684Z,79136.89,79136.9,0.01,79136.895,-0.1837776335844113671684494260
BTC-USD,2026-08-30T18:43:00.42797Z,79136.89,79136.9,0.01,79136.895,-0.1837776335844113671684494260
BTC-USD,2026-08-30T18:43:00.462382Z,79136.89,79136.9,0.01,79136.895,-0.1837776335844113671684494260
BTC-USD,2026-08-30T18:43:00.507743Z,79136.89,79136.9,0.01,79136.895,-0.1837776335844113671684494260
BTC-USD,2026-08-30T18:43:00.56666Z,79136.89,79136.9,0.01,79136.895,-0.1837776335844113671684494260
BTC-USD,2026-08-30T18:43:00.60006Z,79136.89,79136.9,0.01,79136.895,-0.1837776335844113671684494260
BTC-USD,2026-08-30T18:43:00.653933Z,79136.89,79136.9,0.01,79136.895,-0.1837776335844113671684494260
BTC-USD,2026-08-30T18:43:00.717453Z,79136.89,79136.9,0.01,79136.895,-0.1837776335844113671684494260
BTC-USD,2026-08-30T18:43:00.76923Z,79136.89,79136.9,0.01,79136.895,-0.1837776335844113671684494260
BTC-USD,2026-08-30T18:43:00.822687Z,79136.89,79136.9,0.01,79136.895,-0.1837776335844113671684494260
BTC-USD,2026-08-30T18:43:00.873508Z,79136.89,79136.9,0.01,79136.895,-0.1837776335844113671684494260
BTC-USD,2026-08-30T18:43:00.930638Z,79136.89,79136.9,0.01,79136.895,-0.1837776472482053746221048349
BTC-USD,2026-08-30T18:43:00.961891Z,79136.89,79136.9,0.01,79136.895,-0.1837776472482053746221048349
BTC-USD,2026-08-30T18:43:01.023615Z,79136.89,79136.9,0.01,79136.895,-0.1837776472482053746221048349
BTC-USD,2026-08-30T18:43:01.072715Z,79136.89,79136.9,0.01,79136.895,-0.1837776472482053746221048349
BTC-USD,2026-08-30T18:43:01.085249Z,79136.89,79136.9,0.01,79136.895,-0.1837776472482053746221048349
BTC-USD,2026-08-30T18:43:01.182144Z,79136.89,79136.9,0.01,79136.895,-0.1837776472482053746221048349
BTC-USD,2026-08-30T18:43:01.215875Z,79136.51,79136.63,0.12,79136.57,-0.2364723090349692650671193574
BTC-USD,2026-08-30T18:43:01.254576Z,79136.51,79136.63,0.12,79136.57,-0.2364723090349692650671193574
BTC-USD,2026-08-30T18:43:01.311388Z,79136.51,79136.63,0.12,79136.57,-0.2353705309670423686215704579
BTC-USD,2026-08-30T18:43:01.380889Z,79136.51,79136.63,0.12,79136.57,-0.1626038132048548543245553450
BTC-USD,2026-08-30T18:43:01.412966Z,79136.51,79136.63,0.12,79136.57,-0.1626040614793932381919099477
BTC-USD,2026-08-30T18:43:01.475085Z,79136.51,79136.63,0.12,79136.57,-0.1537067677241506809798970548
BTC-USD,2026-08-30T18:43:01.532868Z,79136.51,79136.63,0.12,79136.57,-0.1753452739837293184226150686
BTC-USD,2026-08-30T18:43:01.573112Z,79136.51,79136.63,0.12,79136.57,-0.1753452739837293184226150686
BTC-USD,2026-08-30T18:43:01.618168Z,79136.51,79136.63,0.12,79136.57,-0.1754844794009322763774777678
BTC-USD,2026-08-30T18:43:01.675245Z,79136.51,79136.63,0.12,79136.57,-0.1753402049999281206423139403
BTC-USD,2026-08-30T18:43:01.699878Z,79136.51,79136.63,0.12,79136.57,-0.1753402049999281206423139403
BTC-USD,2026-08-30T18:43:01.779843Z,79136.52,79136.57,0.05,79136.545,-0.05897962831514077793914246988
BTC-USD,2026-08-30T18:43:01.828285Z,79136.52,79136.57,0.05,79136.545,-0.2083513092688862214645472679
BTC-USD,2026-08-30T18:43:01.876499Z,79136.52,79136.57,0.05,79136.545,-0.2727462522054528038017383984
BTC-USD,2026-08-30T18:43:01.925136Z,79136.52,79136.56,0.04,79136.54,-0.08876485593413876683414761877
BTC-USD,2026-08-30T18:43:01.968069Z,79136.52,79136.56,0.04,79136.54,-0.08876485593413876683414761877
BTC-USD,2026-08-30T18:43:02.019448Z,79136.52,79136.56,0.04,79136.54,-0.1979058274419719226141362175
BTC-USD,2026-08-30T18:43:02.077561Z,79136.52,79136.53,0.01,79136.525,-0.09760621899182942721927238390
BTC-USD,2026-08-30T18:43:02.148535Z,79136.52,79136.53,0.01,79136.525,-0.05056654665055377677003002479
BTC-USD,2026-08-30T18:43:02.228626Z,79136.52,79136.53,0.01,79136.525,-0.1249447204971245764869324703
BTC-USD,2026-08-30T18:43:02.262806Z,79136.52,79136.53,0.01,79136.525,-0.1228098485531909305726409559
BTC-USD,2026-08-30T18:43:02.314844Z,79136.52,79136.53,0.01,79136.525,-0.05168268323280465530328137365
BTC-USD,2026-08-30T18:43:02.366113Z,79136.52,79136.53,0.01,79136.525,-0.05168284789812916074798219331
BTC-USD,2026-08-30T18:43:02.41417Z,79136.52,79136.53,0.01,79136.525,-0.05168284789812916074798219331
BTC-USD,2026-08-30T18:43:02.459805Z,79136.52,79136.53,0.01,79136.525,-0.05168284789812916074798219331
BTC-USD,2026-08-30T18:43:02.522891Z,79136.52,79136.53,0.01,79136.525,0.1928253293631946860036156995
BTC-USD,2026-08-30T18:43:02.559029Z,79136.52,79136.53,0.01,79136.525,0.09886688397953446517376272337
BTC-USD,2026-08-30T18:43:02.634342Z,79136.52,79136.53,0.01,79136.525,-0.1350742424504275225124795401
BTC-USD,2026-08-30T18:43:02.674686Z,79136.52,79136.53,0.01,79136.525,0.2262491968141877633794263333
BTC-USD,2026-08-30T18:43:02.726425Z,79136.52,79136.53,0.01,79136.525,0.2262488908886328207495850346
BTC-USD,2026-08-30T18:43:02.777875Z,79136.52,79136.53,0.01,79136.525,0.2262488908886328207495850346
BTC-USD,2026-08-30T18:43:02.817709Z,79136.52,79136.53,0.01,79136.525,0.2262488908886328207495850346
BTC-USD,2026-08-30T18:43:02.850819Z,79136.52,79136.53,0.01,79136.525,0.2262488908886328207495850346
BTC-USD,2026-08-30T18:43:02.91858Z,79136.52,79136.53,0.01,79136.525,0.2262488908886328207495850346
BTC-USD,2026-08-30T18:43:02.960018Z,79136.52,79136.53,0.01,79136.525,0.2262488908886328207495850346
BTC-USD,2026-08-30T18:43:03.015881Z,79136.52,79136.53,0.01,79136.525,0.2402432738280460257602535636
BTC-USD,2026-08-30T18:43:03.077471Z,79136.52,79136.53,0.01,79136.525,0.2402432738280460257602535636
BTC-USD,2026-08-30T18:43:03.114692Z,79136.52,79136.53,0.01,79136.525,0.2402432738280460257602535636
BTC-USD,2026-08-30T18:43:03.174258Z,79136.52,79136.53,0.01,79136.525,0.2402432738280460257602535636
BTC-USD,2026-08-30T18:43:03.202947Z,79136.52,79136.53,0.01,79136.525,0.2402432738280460257602535636
BTC-USD,2026-08-30T18:43:03.273149Z,79136.52,79136.53,0.01,79136.525,0.2402432738280460257602535636
BTC-USD,2026-08-30T18:43:03.317052Z,79136.52,79136.53,0.01,79136.525,0.2445037324317921112620826169
BTC-USD,2026-08-30T18:43:03.371059Z,79136.52,79136.53,0.01,79136.525,0.2445037324317921112620826169
BTC-USD,2026-08-30T18:43:03.398941Z,79136.52,79136.53,0.01,79136.525,0.2450879683742758673504949032
BTC-USD,2026-08-30T18:43:03.527718Z,79136.52,79136.53,0.01,79136.525,0.2448576715561053629441722891
BTC-USD,2026-08-30T18:43:03.576572Z,79136.52,79136.53,0.01,79136.525,0.2448576715561053629441722891
BTC-USD,2026-08-30T18:43:03.614438Z,79136.52,79136.53,0.01,79136.525,0.2448576715561053629441722891
BTC-USD,2026-08-30T18:43:03.668069Z,79136.52,79136.53,0.01,79136.525,0.2448576715561053629441722891
BTC-USD,2026-08-30T18:43:03.713131Z,79136.52,79136.53,0.01,79136.525,0.2448575993542951807883234637
BTC-USD,2026-08-30T18:43:03.774551Z,79136.52,79136.53,0.01,79136.525,0.2388479095500367731763468070
BTC-USD,2026-08-30T18:43:03.829019Z,79136.52,79136.53,0.01,79136.525,0.2388479095500367731763468070
BTC-USD,2026-08-30T18:43:03.862936Z,79136.52,79136.53,0.01,79136.525,0.2388477801597942016384153718
BTC-USD,2026-08-30T18:43:03.930893Z,79136.52,79136.53,0.01,79136.525,0.2388477801597942016384153718
BTC-USD,2026-08-30T18:43:03.958866Z,79136.52,79136.53,0.01,79136.525,0.2388477801597942016384153718
BTC-USD,2026-08-30T18:43:04.016752Z,79136.52,79136.53,0.01,79136.525,0.2388477801597942016384153718
BTC-USD,2026-08-30T18:43:04.072289Z,79136.52,79136.53,0.01,79136.525,0.2388477801597942016384153718
BTC-USD,2026-08-30T18:43:04.095399Z,79136.52,79136.53,0.01,79136.525,0.2388477801597942016384153718
BTC-USD,2026-08-30T18:43:04.159322Z,79136.52,79136.53,0.01,79136.525,0.2388477801597942016384153718
BTC-USD,2026-08-30T18:43:04.256016Z,79136.52,79136.53,0.01,79136.525,0.2388477801597942016384153718
BTC-USD,2026-08-30T18:43:04.300222Z,79136.52,79136.53,0.01,79136.525,0.2388476938996080479580228473
BTC-USD,2026-08-30T18:43:04.366507Z,79136.52,79136.53,0.01,79136.525,0.2386333200827681690187679393
BTC-USD,2026-08-30T18:43:04.403612Z,79136.52,79136.53,0.01,79136.525,0.2386333200827681690187679393
BTC-USD,2026-08-30T18:43:04.467478Z,79136.52,79136.53,0.01,79136.525,0.2386333200827681690187679393
BTC-USD,2026-08-30T18:43:04.572122Z,79136.52,79136.53,0.01,79136.525,0.2386333200827681690187679393
BTC-USD,2026-08-30T18:43:04.579679Z,79136.52,79136.53,0.01,79136.525,0.2386333200827681690187679393
BTC-USD,2026-08-30T18:43:04.701229Z,79136.52,79136.53,0.01,79136.525,0.2386333200827681690187679393
BTC-USD,2026-08-30T18:43:04.759766Z,79136.52,79136.53,0.01,79136.525,0.5560603820562424556030351471
BTC-USD,2026-08-30T18:43:04.786016Z,79136.52,79136.53,0.01,79136.525,0.7801058413472917377998839529
BTC-USD,2026-08-30T18:43:04.85365Z,79136.52,79136.53,0.01,79136.525,0.8497220090622141988978013167
BTC-USD,2026-08-30T18:43:04.875821Z,79136.52,79136.53,0.01,79136.525,0.8408490836778267430239437008
BTC-USD,2026-08-30T18:43:04.923109Z,79136.52,79136.53,0.01,79136.525,0.8408490836778267430239437008
BTC-USD,2026-08-30T18:43:05.006945Z,79136.52,79136.53,0.01,79136.525,0.7543667854469279803342247092
BTC-USD,2026-08-30T18:43:05.079424Z,79136.52,79136.53,0.01,79136.525,0.7543667854469279803342247092
BTC-USD,2026-08-30T18:43:05.161559Z,79136.52,79136.53,0.01,79136.525,0.7978457863067528495037788718
BTC-USD,2026-08-30T18:43:05.306161Z,79136.52,79136.53,0.01,79136.525,0.7978457863067528495037788718
BTC-USD,2026-08-30T18:43:05.389111Z,79136.52,79136.53,0.01,79136.525,0.7978457863067528495037788718
BTC-USD,2026-08-30T18:43:05.465317Z,79136.52,79136.53,0.01,79136.525,0.7392608705618661423499588251
BTC-USD,2026-08-30T18:43:05.564047Z,79136.52,79136.53,0.01,79136.525,0.1946389809041945105735644053
BTC-USD,2026-08-30T18:43:05.631243Z,79136.52,79136.53,0.01,79136.525,-0.2977593564775956676698107591
BTC-USD,2026-08-30T18:43:05.641643Z,79136.52,79136.53,0.01,79136.525,-0.6317554606446128429176955594
BTC-USD,2026-08-30T18:43:05.714575Z,79136.52,79136.53,0.01,79136.525,-0.3838800025239429234277973982
BTC-USD,2026-08-30T18:43:05.765569Z,79136.52,79136.53,0.01,79136.525,-0.4630436523066493211148229487
BTC-USD,2026-08-30T18:43:05.815764Z,79136.52,79136.53,0.01,79136.525,-0.7126898714843431176988672353
BTC-USD,2026-08-30T18:43:05.88475Z,79136.52,79136.53,0.01,79136.525,-0.6380307083552688645032281116
BTC-USD,2026-08-30T18:43:05.925013Z,79136.52,79136.53,0.01,79136.525,-0.6379802004003533845517272229
BTC-USD,2026-08-30T18:43:05.980765Z,79136.52,79136.53,0.01,79136.525,-0.6379836807561908687698087280
BTC-USD,2026-08-30T18:43:06.020097Z,79136.52,79136.53,0.01,79136.525,-0.6379843447731294094287570398
BTC-USD,2026-08-30T18:43:06.067353Z,79136.52,79136.53,0.01,79136.525,-0.6379843447731294094287570398
BTC-USD,2026-08-30T18:43:06.089747Z,79136.52,79136.53,0.01,79136.525,-0.6379843447731294094287570398
BTC-USD,2026-08-30T18:43:06.159221Z,79126.79,79126.8,0.01,79126.795,0.1653207515275866337623907704
BTC-USD,2026-08-30T18:43:06.215941Z,79126.79,79126.8,0.01,79126.795,0.1653207515275866337623907704
BTC-USD,2026-08-30T18:43:06.260431Z,79126.79,79126.8,0.01,79126.795,0.1738623076908955640437792896
BTC-USD,2026-08-30T18:43:06.303041Z,79126.79,79126.8,0.01,79126.795,0.02645737937801961847403049919
BTC-USD,2026-08-30T18:43:06.352688Z,79127.3,79127.31,0.01,79127.305,-0.1971065101300141803756221968
BTC-USD,2026-08-30T18:43:06.421101Z,79127.3,79127.31,0.01,79127.305,-0.2134161634631018705679612550
BTC-USD,2026-08-30T18:43:06.473188Z,79127.3,79127.31,0.01,79127.305,-0.1337822279359687429720358355
BTC-USD,2026-08-30T18:43:06.521978Z,79127.3,79127.31,0.01,79127.305,-0.1622730193824413766577513693
BTC-USD,2026-08-30T18:43:06.576292Z,79127.3,79127.31,0.01,79127.305,-0.1738381459249373946608678084
BTC-USD,2026-08-30T18:43:06.61854Z,79127.3,79127.31,0.01,79127.305,0.2345896220119274255155167244
BTC-USD,2026-08-30T18:43:06.671298Z,79126,79127.3,1.3,79126.65,0.3723433052596304902092146052
BTC-USD,2026-08-30T18:43:06.743543Z,79126,79127.3,1.3,79126.65,-0.06120583447230589094435199658
BTC-USD,2026-08-30T18:43:06.760598Z,79126,79127.3,1.3,79126.65,-0.2214539840413520112446986251
BTC-USD,2026-08-30T18:43:06.876827Z,79127.3,79127.31,0.01,79127.305,-0.2035612081959327112420164418
BTC-USD,2026-08-30T18:43:06.912161Z,79127.3,79127.31,0.01,79127.305,-0.2127276136871369690520891488
BTC-USD,2026-08-30T18:43:06.95603Z,79127.3,79127.31,0.01,79127.305,-0.1585709378832705695871225098
BTC-USD,2026-08-30T18:43:07.029963Z,79126,79127.3,1.3,79126.65,-0.1834933690244483289603034761
BTC-USD,2026-08-30T18:43:07.054678Z,79126,79127.3,1.3,79126.65,-0.1834643308182788595475733413
BTC-USD,2026-08-30T18:43:07.067955Z,79126,79127.3,1.3,79126.65,-0.1834643308182788595475733413
BTC-USD,2026-08-30T18:43:07.339485Z,79127.28,79127.29,0.01,79127.285,-0.2029328605710360055571076191
BTC-USD,2026-08-30T18:43:07.375711Z,79127.28,79127.29,0.01,79127.285,-0.07399422778299113803856400389
BTC-USD,2026-08-30T18:43:07.457799Z,79127.28,79127.29,0.01,79127.285,-0.2079649697649789562058615335
BTC-USD,2026-08-30T18:43:07.529337Z,79127.28,79127.29,0.01,79127.285,-0.09148161078202024619187939228
BTC-USD,2026-08-30T18:43:07.583352Z,79127.28,79127.29,0.01,79127.285,-0.09148161078202024619187939228
BTC-USD,2026-08-30T18:43:07.728801Z,79127.28,79127.29,0.01,79127.285,-0.09148161078202024619187939228
BTC-USD,2026-08-30T18:43:07.774764Z,79127.28,79127.29,0.01,79127.285,-0.09148161078202024619187939228
BTC-USD,2026-08-30T18:43:07.81702Z,79127.28,79127.29,0.01,79127.285,-0.09148161078202024619187939228
BTC-USD,2026-08-30T18:43:07.871136Z,79127.28,79127.29,0.01,79127.285,0.02323013789711913994830637630
BTC-USD,2026-08-30T18:43:07.886595Z,79127.28,79127.29,0.01,79127.285,0.02323013789711913994830637630
BTC-USD,2026-08-30T18:43:07.976727Z,79127.28,79127.29,0.01,79127.285,0.02323013789711913994830637630
BTC-USD,2026-08-30T18:43:08.021203Z,79127.28,79127.29,0.01,79127.285,0.02323013789711913994830637630
BTC-USD,2026-08-30T18:43:08.062932Z,79127.28,79127.29,0.01,79127.285,-0.01404333322307421338056469689
BTC-USD,2026-08-30T18:43:08.131246Z,79126.41,79127.29,0.88,79126.85,0.3816667726008861846336489455
BTC-USD,2026-08-30T18:43:08.213144Z,79126.41,79127.29,0.88,79126.85,0.3816667726008861846336489455
BTC-USD,2026-08-30T18:43:08.25963Z,79126.41,79127.29,0.88,79126.85,0.3816667726008861846336489455
BTC-USD,2026-08-30T18:43:08.324816Z,79126.41,79127.29,0.88,79126.85,0.3816667726008861846336489455
BTC-USD,2026-08-30T18:43:08.377782Z,79126.41,79127.29,0.88,79126.85,0.3060816257129874704547973633
BTC-USD,2026-08-30T18:43:08.421341Z,79126.41,79127.29,0.88,79126.85,0.1918676173099345645694404763
BTC-USD,2026-08-30T18:43:08.469962Z,79126.41,79127.29,0.88,79126.85,0.1918676173099345645694404763
BTC-USD,2026-08-30T18:43:08.504116Z,79126.41,79127.3,0.89,79126.855,-0.1892546433418826734409607080
BTC-USD,2026-08-30T18:43:08.574363Z,79126.41,79127.29,0.88,79126.85,0.1935213364469858030734562969
BTC-USD,2026-08-30T18:43:08.683811Z,79126.41,79127.29,0.88,79126.85,0.1935213364469858030734562969
BTC-USD,2026-08-30T18:43:08.716534Z,79126.41,79127.29,0.88,79126.85,0.1935213364469858030734562969
BTC-USD,2026-08-30T18:43:08.766075Z,79126.41,79127.29,0.88,79126.85,0.1935213364469858030734562969
BTC-USD,2026-08-30T18:43:08.835385Z,79127.28,79127.29,0.01,79127.285,-0.1828694939653872063239714883
BTC-USD,2026-08-30T18:43:08.869812Z,79127.28,79127.29,0.01,79127.285,0.3737417895889999776165705655
BTC-USD,2026-08-30T18:43:08.914809Z,79127.28,79127.29,0.01,79127.285,0.6133853385356207434399466488
BTC-USD,2026-08-30T18:43:08.958823Z,79127.28,79127.29,0.01,79127.285,0.6418365415521056963750986099
BTC-USD,2026-08-30T18:43:09.020056Z,79127.28,79127.29,0.01,79127.285,0.7325883906834513039888660220
BTC-USD,2026-08-30T18:43:09.069435Z,79127.28,79127.29,0.01,79127.285,0.6880316612296100190144199135
BTC-USD,2026-08-30T18:43:09.124473Z,79127.28,79127.29,0.01,79127.285,0.7045521118295393052469023577
BTC-USD,2026-08-30T18:43:09.178163Z,79127.28,79127.29,0.01,79127.285,0.7045521118295393052469023577
BTC-USD,2026-08-30T18:43:09.222677Z,79127.28,79127.29,0.01,79127.285,0.6585458664730060724313323157
BTC-USD,2026-08-30T18:43:09.270756Z,79127.28,79127.29,0.01,79127.285,0.6585458664730060724313323157
BTC-USD,2026-08-30T18:43:09.334421Z,79127.28,79127.29,0.01,79127.285,0.6585458664730060724313323157
BTC-USD,2026-08-30T18:43:09.378613Z,79127.28,79127.29,0.01,79127.285,0.6585458664730060724313323157
BTC-USD,2026-08-30T18:43:09.429071Z,79127.28,79127.29,0.01,79127.285,0.6585458664730060724313323157
BTC-USD,2026-08-30T18:43:09.455425Z,79127.28,79127.29,0.01,79127.285,0.6585458664730060724313323157
BTC-USD,2026-08-30T18:43:09.519298Z,79127.28,79127.29,0.01,79127.285,0.6585458664730060724313323157
BTC-USD,2026-08-30T18:43:09.54977Z,79127.28,79127.29,0.01,79127.285,0.6585458664730060724313323157
BTC-USD,2026-08-30T18:43:09.567237Z,79127.28,79127.29,0.01,79127.285,0.6585458664730060724313323157
BTC-USD,2026-08-30T18:43:09.58887Z,79127.28,79127.29,0.01,79127.285,0.6585458664730060724313323157
BTC-USD,2026-08-30T18:43:09.656469Z,79127.28,79127.29,0.01,79127.285,0.6585457504151791461013453022
BTC-USD,2026-08-30T18:43:09.795623Z,79127.28,79127.29,0.01,79127.285,0.6585457504151791461013453022
BTC-USD,2026-08-30T18:43:09.870533Z,79127.28,79127.29,0.01,79127.285,0.6585457504151791461013453022
BTC-USD,2026-08-30T18:43:09.916437Z,79127.28,79127.29,0.01,79127.285,0.6584931522745882270445376310
BTC-USD,2026-08-30T18:43:09.976497Z,79127.28,79127.29,0.01,79127.285,0.6584931522745882270445376310
BTC-USD,2026-08-30T18:43:10.024592Z,79127.28,79127.29,0.01,79127.285,0.6584931522745882270445376310
BTC-USD,2026-08-30T18:43:10.081252Z,79127.28,79127.29,0.01,79127.285,0.6584931522745882270445376310
BTC-USD,2026-08-30T18:43:10.095453Z,79127.28,79127.29,0.01,79127.285,0.6584931522745882270445376310
BTC-USD,2026-08-30T18:43:10.185338Z,79127.28,79127.29,0.01,79127.285,0.6584931522745882270445376310
BTC-USD,2026-08-30T18:43:10.266025Z,79127.28,79127.29,0.01,79127.285,0.6584931522745882270445376310
BTC-USD,2026-08-30T18:43:10.322826Z,79127.28,79127.29,0.01,79127.285,0.6584931522745882270445376310
BTC-USD,2026-08-30T18:43:10.353647Z,79127.28,79127.29,0.01,79127.285,0.6584930414579106100124472532
BTC-USD,2026-08-30T18:43:10.404721Z,79127.28,79127.29,0.01,79127.285,0.6584930414579106100124472532
BTC-USD,2026-08-30T18:43:10.461031Z,79127.28,79127.29,0.01,79127.285,0.6584930414579106100124472532
BTC-USD,2026-08-30T18:43:10.583593Z,79127.28,79127.29,0.01,79127.285,0.4812107342534181910378088867
BTC-USD,2026-08-30T18:43:10.668427Z,79127.28,79127.29,0.01,79127.285,0.4812106268614153705976389251
BTC-USD,2026-08-30T18:43:10.787197Z,79127.28,79127.29,0.01,79127.285,0.6583689608273294048063879028
BTC-USD,2026-08-30T18:43:10.813188Z,79127.28,79127.29,0.01,79127.285,0.6583689608273294048063879028
BTC-USD,2026-08-30T18:43:10.875626Z,79127.28,79127.29,0.01,79127.285,0.6583689608273294048063879028
BTC-USD,2026-08-30T18:43:10.891589Z,79127.28,79127.29,0.01,79127.285,0.6583689608273294048063879028
BTC-USD,2026-08-30T18:43:10.96679Z,79127.28,79127.29,0.01,79127.285,0.6583689608273294048063879028
BTC-USD,2026-08-30T18:43:11.016796Z,79127.28,79127.29,0.01,79127.285,0.6583689608273294048063879028
BTC-USD,2026-08-30T18:43:11.07548Z,79127.28,79127.29,0.01,79127.285,0.6583689608273294048063879028
BTC-USD,2026-08-30T18:43:11.110893Z,79127.28,79127.29,0.01,79127.285,0.6583689608273294048063879028
BTC-USD,2026-08-30T18:43:11.164824Z,79127.28,79127.29,0.01,79127.285,0.6583689608273294048063879028
BTC-USD,2026-08-30T18:43:11.357124Z,79127.28,79127.29,0.01,79127.285,0.7044196751118467007391546993
BTC-USD,2026-08-30T18:43:11.418752Z,79127.28,79127.29,0.01,79127.285,0.7044196751118467007391546993
BTC-USD,2026-08-30T18:43:11.476191Z,79127.28,79127.29,0.01,79127.285,0.7044196751118467007391546993
BTC-USD,2026-08-30T18:43:11.517425Z,79127.28,79127.29,0.01,79127.285,0.7044196751118467007391546993
BTC-USD,2026-08-30T18:43:11.533177Z,79127.28,79127.29,0.01,79127.285,0.7044196751118467007391546993
BTC-USD,2026-08-30T18:43:11.62767Z,79127.28,79127.29,0.01,79127.285,0.7044196751118467007391546993
BTC-USD,2026-08-30T18:43:11.676648Z,79127.28,79127.29,0.01,79127.285,0.7044196751118467007391546993
BTC-USD,2026-08-30T18:43:11.72225Z,79127.28,79127.29,0.01,79127.285,0.7044196751118467007391546993
BTC-USD,2026-08-30T18:43:11.770873Z,79127.28,79127.29,0.01,79127.285,0.7044196751118467007391546993
BTC-USD,2026-08-30T18:43:11.817326Z,79127.28,79127.29,0.01,79127.285,0.7044196751118467007391546993
BTC-USD,2026-08-30T18:43:11.866592Z,79127.28,79127.29,0.01,79127.285,0.7044262054902802018605141948
BTC-USD,2026-08-30T18:43:11.927504Z,79127.28,79127.29,0.01,79127.285,0.7044262054902802018605141948
BTC-USD,2026-08-30T18:43:11.967773Z,79127.28,79127.29,0.01,79127.285,0.7044211772825609665888538195
BTC-USD,2026-08-30T18:43:12.019929Z,79127.28,79127.29,0.01,79127.285,0.4902158114673778705415573759
BTC-USD,2026-08-30T18:43:12.069691Z,79127.28,79127.29,0.01,79127.285,0.4902158114673778705415573759
BTC-USD,2026-08-30T18:43:12.083504Z,79127.28,79127.29,0.01,79127.285,0.7044211496111332167908109513
BTC-USD,2026-08-30T18:43:12.161784Z,79127.28,79127.29,0.01,79127.285,0.7044211496111332167908109513
BTC-USD,2026-08-30T18:43:12.21019Z,79127.28,79127.29,0.01,79127.285,0.6583709305624517858566611237
BTC-USD,2026-08-30T18:43:12.275187Z,79127.28,79127.29,0.01,79127.285,0.6583709305624517858566611237
BTC-USD,2026-08-30T18:43:12.321812Z,79127.28,79127.29,0.01,79127.285,0.6583709305624517858566611237
BTC-USD,2026-08-30T18:43:12.37354Z,79127.28,79127.29,0.01,79127.285,0.6583709305624517858566611237
BTC-USD,2026-08-30T18:43:12.426806Z,79127.28,79127.29,0.01,79127.285,0.6583709305624517858566611237
BTC-USD,2026-08-30T18:43:12.474095Z,79127.28,79127.29,0.01,79127.285,0.6583709305624517858566611237
BTC-USD,2026-08-30T18:43:12.527461Z,79127.28,79127.29,0.01,79127.285,0.6583709305624517858566611237
BTC-USD,2026-08-30T18:43:12.566607Z,79127.28,79127.29,0.01,79127.285,0.6583709305624517858566611237
BTC-USD,2026-08-30T18:43:12.62632Z,79127.28,79127.29,0.01,79127.285,0.4221081969672533579127219001
BTC-USD,2026-08-30T18:43:12.668351Z,79127.28,79127.29,0.01,79127.285,0.4216333203637279302318533730
BTC-USD,2026-08-30T18:43:12.7182Z,79127.28,79127.29,0.01,79127.285,0.4166461933652817519653767894
BTC-USD,2026-08-30T18:43:12.760289Z,79127.28,79127.29,0.01,79127.285,0.4166461933652817519653767894
BTC-USD,2026-08-30T18:43:12.818832Z,79127.28,79128.9,1.62,79128.09,0.2923812846654470960598098853
BTC-USD,2026-08-30T18:43:12.880554Z,79127.28,79128.89,1.61,79128.085,0.2005768708758985149001284509
BTC-USD,2026-08-30T18:43:12.910128Z,79127.28,79128.89,1.61,79128.085,0.2005768708758985149001284509
BTC-USD,2026-08-30T18:43:12.977101Z,79128.88,79128.89,0.01,79128.885,0.08397926075625942712955397782
BTC-USD,2026-08-30T18:43:13.265417Z,79128.88,79128.89,0.01,79128.885,0.1813603610582341231147215582
BTC-USD,2026-08-30T18:43:13.329597Z,79128.88,79128.89,0.01,79128.885,0.1795437989474302764195021230
BTC-USD,2026-08-30T18:43:13.379889Z,79128.88,79128.89,0.01,79128.885,0.1795437989474302764195021230
BTC-USD,2026-08-30T18:43:13.424728Z,79128.88,79128.89,0.01,79128.885,0.1795437989474302764195021230
BTC-USD,2026-08-30T18:43:13.467904Z,79128.88,79128.89,0.01,79128.885,0.1795437989474302764195021230
BTC-USD,2026-08-30T18:43:13.517064Z,79128.88,79128.89,0.01,79128.885,0.1795437989474302764195021230
BTC-USD,2026-08-30T18:43:13.569003Z,79128.88,79128.89,0.01,79128.885,0.1795437989474302764195021230
BTC-USD,2026-08-30T18:43:13.677083Z,79128.88,79128.89,0.01,79128.885,0.1795437989474302764195021230
BTC-USD,2026-08-30T18:43:13.718774Z,79128.88,79128.89,0.01,79128.885,0.1795437989474302764195021230
BTC-USD,2026-08-30T18:43:13.778631Z,79128.88,79128.89,0.01,79128.885,0.1795437989474302764195021230
BTC-USD,2026-08-30T18:43:13.800069Z,79128.88,79128.89,0.01,79128.885,0.1795437989474302764195021230
BTC-USD,2026-08-30T18:43:13.869818Z,79128.88,79128.89,0.01,79128.885,0.1795437989474302764195021230
BTC-USD,2026-08-30T18:43:13.958561Z,79128.88,79128.89,0.01,79128.885,0.1795437989474302764195021230
BTC-USD,2026-08-30T18:43:14.01493Z,79128.88,79128.89,0.01,79128.885,0.1795437989474302764195021230
BTC-USD,2026-08-30T18:43:14.073332Z,79128.88,79128.89,0.01,79128.885,0.1844301058943273753598760535
BTC-USD,2026-08-30T18:43:14.117109Z,79128.88,79128.89,0.01,79128.885,0.1844301058943273753598760535
BTC-USD,2026-08-30T18:43:14.178713Z,79128.88,79128.89,0.01,79128.885,0.1844301058943273753598760535
BTC-USD,2026-08-30T18:43:14.270747Z,79128.88,79128.89,0.01,79128.885,0.1844301058943273753598760535
BTC-USD,2026-08-30T18:43:14.369373Z,79128.88,79128.89,0.01,79128.885,0.1844301058943273753598760535
BTC-USD,2026-08-30T18:43:14.421077Z,79128.88,79128.89,0.01,79128.885,0.1844301058943273753598760535
BTC-USD,2026-08-30T18:43:14.477121Z,79128.88,79128.89,0.01,79128.885,0.1844301058943273753598760535
BTC-USD,2026-08-30T18:43:14.526875Z,79128.88,79128.89,0.01,79128.885,0.1844301058943273753598760535
BTC-USD,2026-08-30T18:43:14.535994Z,79128.88,79128.89,0.01,79128.885,0.1844301058943273753598760535
BTC-USD,2026-08-30T18:43:14.629727Z,79128.88,79128.89,0.01,79128.885,0.1844301058943273753598760535
BTC-USD,2026-08-30T18:43:14.666654Z,79128.88,79128.89,0.01,79128.885,0.1844299387995728253251345143
BTC-USD,2026-08-30T18:43:14.703526Z,79128.88,79128.89,0.01,79128.885,0.1844299387995728253251345143
BTC-USD,2026-08-30T18:43:14.767056Z,79128.88,79128.89,0.01,79128.885,0.1844299387995728253251345143
BTC-USD,2026-08-30T18:43:14.814492Z,79128.88,79128.89,0.01,79128.885,0.1844299387995728253251345143
BTC-USD,2026-08-30T18:43:14.850406Z,79128.88,79128.89,0.01,79128.885,0.1844299387995728253251345143
BTC-USD,2026-08-30T18:43:14.922115Z,79128.88,79128.89,0.01,79128.885,0.1844298948272576164668067032
BTC-USD,2026-08-30T18:43:14.970759Z,79128.88,79128.89,0.01,79128.885,0.1844298948272576164668067032
BTC-USD,2026-08-30T18:43:15.024071Z,79128.88,79128.89,0.01,79128.885,0.1844298948272576164668067032
BTC-USD,2026-08-30T18:43:15.077857Z,79128.88,79128.89,0.01,79128.885,0.1844298948272576164668067032
BTC-USD,2026-08-30T18:43:15.106468Z,79128.88,79128.89,0.01,79128.885,0.1844298948272576164668067032
BTC-USD,2026-08-30T18:43:15.17053Z,79128.88,79128.89,0.01,79128.885,0.1844298948272576164668067032
BTC-USD,2026-08-30T18:43:15.227302Z,79128.88,79128.89,0.01,79128.885,0.1844298948272576164668067032
BTC-USD,2026-08-30T18:43:15.262165Z,79128.88,79128.89,0.01,79128.885,0.1844298948272576164668067032
BTC-USD,2026-08-30T18:43:15.323367Z,79128.88,79128.89,0.01,79128.885,0.1840182997973848049262882632
BTC-USD,2026-08-30T18:43:15.375715Z,79128.88,79128.89,0.01,79128.885,0.1840182997973848049262882632
BTC-USD,2026-08-30T18:43:15.476018Z,79128.88,79128.89,0.01,79128.885,0.1840182997973848049262882632
BTC-USD,2026-08-30T18:43:15.519071Z,79128.88,79128.89,0.01,79128.885,0.1840182997973848049262882632
BTC-USD,2026-08-30T18:43:15.570231Z,79128.88,79128.89,0.01,79128.885,0.1840182997973848049262882632
BTC-USD,2026-08-30T18:43:15.63185Z,79128.88,79128.89,0.01,79128.885,0.1840182997973848049262882632
BTC-USD,2026-08-30T18:43:15.66188Z,79128.88,79128.89,0.01,79128.885,0.1840182997973848049262882632
BTC-USD,2026-08-30T18:43:15.757741Z,79128.88,79128.89,0.01,79128.885,0.1840182997973848049262882632
BTC-USD,2026-08-30T18:43:15.829017Z,79128.88,79128.89,0.01,79128.885,0.1840182997973848049262882632
BTC-USD,2026-08-30T18:43:15.866956Z,79128.88,79128.89,0.01,79128.885,0.1840182997973848049262882632
BTC-USD,2026-08-30T18:43:15.927842Z,79128.88,79128.89,0.01,79128.885,0.1840182997973848049262882632
BTC-USD,2026-08-30T18:43:15.977324Z,79128.88,79128.89,0.01,79128.885,0.1840182997973848049262882632
BTC-USD,2026-08-30T18:43:16.017538Z,79128.88,79128.89,0.01,79128.885,0.1840181061238063244084046810
BTC-USD,2026-08-30T18:43:16.07206Z,79128.88,79128.89,0.01,79128.885,0.1840181061238063244084046810
BTC-USD,2026-08-30T18:43:16.248743Z,79128.88,79128.89,0.01,79128.885,0.03187146523218777061411025012
BTC-USD,2026-08-30T18:43:16.268486Z,79128.88,79128.89,0.01,79128.885,0.09194250404894291049418979435
BTC-USD,2026-08-30T18:43:16.322378Z,79128.88,79128.89,0.01,79128.885,0.09194250404894291049418979435
BTC-USD,2026-08-30T18:43:16.381797Z,79128.88,79128.89,0.01,79128.885,0.08626109334253536424085500814
BTC-USD,2026-08-30T18:43:16.398764Z,79128.88,79128.89,0.01,79128.885,0.08626109334253536424085500814
BTC-USD,2026-08-30T18:43:16.468735Z,79128.88,79128.89,0.01,79128.885,0.08614575050370343570994365062
BTC-USD,2026-08-30T18:43:16.527998Z,79128.88,79128.89,0.01,79128.885,0.08614575050370343570994365062
BTC-USD,2026-08-30T18:43:16.588315Z,79128.88,79128.89,0.01,79128.885,0.09853397532192062361020078344
BTC-USD,2026-08-30T18:43:16.739501Z,79128.88,79128.89,0.01,79128.885,0.09853356571811841543400896437
BTC-USD,2026-08-30T18:43:16.785023Z,79128.88,79128.89,0.01,79128.885,0.09853356571811841543400896437
BTC-USD,2026-08-30T18:43:16.803165Z,79128.88,79128.89,0.01,79128.885,0.09853356571811841543400896437
BTC-USD,2026-08-30T18:43:16.856676Z,79128.88,79128.89,0.01,79128.885,0.09853356571811841543400896437
BTC-USD,2026-08-30T18:43:16.930674Z,79128.88,79128.89,0.01,79128.885,0.09853356571811841543400896437
BTC-USD,2026-08-30T18:43:17.023189Z,79128.88,79128.89,0.01,79128.885,0.09853356571811841543400896437
BTC-USD,2026-08-30T18:43:17.078778Z,79128.88,79128.89,0.01,79128.885,0.09853346331710970281830304638
BTC-USD,2026-08-30T18:43:17.114178Z,79128.88,79128.89,0.01,79128.885,0.09853346331710970281830304638
BTC-USD,2026-08-30T18:43:17.165316Z,79128.88,79128.89,0.01,79128.885,0.09853346331710970281830304638
BTC-USD,2026-08-30T18:43:17.228046Z,79128.07,79128.08,0.01,79128.075,0.1887703477135364663894190434
BTC-USD,2026-08-30T18:43:17.269128Z,79128.07,79128.08,0.01,79128.075,0.1047121341105025993852051692
BTC-USD,2026-08-30T18:43:17.35425Z,79128.07,79128.08,0.01,79128.075,0.1047121341105025993852051692
BTC-USD,2026-08-30T18:43:17.403016Z,79128.07,79128.08,0.01,79128.075,0.1987576839131537910272369961
BTC-USD,2026-08-30T18:43:17.464887Z,79128.07,79128.08,0.01,79128.075,0.1987576839131537910272369961
BTC-USD,2026-08-30T18:43:17.519744Z,79128.07,79128.08,0.01,79128.075,0.1987576839131537910272369961
BTC-USD,2026-08-30T18:43:17.561877Z,79128.07,79128.08,0.01,79128.075,0.6001612211167762299264689381
BTC-USD,2026-08-30T18:43:17.59002Z,79128.07,79128.08,0.01,79128.075,0.6001612211167762299264689381
BTC-USD,2026-08-30T18:43:17.666161Z,79128.07,79128.08,0.01,79128.075,0.6001612211167762299264689381
BTC-USD,2026-08-30T18:43:17.709457Z,79128.07,79128.08,0.01,79128.075,0.5975388040795006324971320138
BTC-USD,2026-08-30T18:43:17.764052Z,79128.07,79128.08,0.01,79128.075,0.5975388040795006324971320138
BTC-USD,2026-08-30T18:43:17.830673Z,79128.07,79128.08,0.01,79128.075,0.6587852140058301147686114695
BTC-USD,2026-08-30T18:43:17.84175Z,79128.07,79128.08,0.01,79128.075,0.6566105629177776254394437467
BTC-USD,2026-08-30T18:43:17.906516Z,79128.07,79128.08,0.01,79128.075,0.6566205251532880934351688644
BTC-USD,2026-08-30T18:43:17.964767Z,79128.07,79128.08,0.01,79128.075,0.6566205251532880934351688644
BTC-USD,2026-08-30T18:43:18.025976Z,79128.07,79128.08,0.01,79128.075,0.6566205251532880934351688644
BTC-USD,2026-08-30T18:43:18.072139Z,79128.07,79128.08,0.01,79128.075,0.6566204070940622224405178518
BTC-USD,2026-08-30T18:43:18.101585Z,79128.07,79128.08,0.01,79128.075,0.6566204070940622224405178518
BTC-USD,2026-08-30T18:43:18.214389Z,79128.07,79128.08,0.01,79128.075,0.6566204070940622224405178518
BTC-USD,2026-08-30T18:43:18.266251Z,79128.07,79128.08,0.01,79128.075,0.6566204070940622224405178518
BTC-USD,2026-08-30T18:43:18.286402Z,79128.07,79128.08,0.01,79128.075,0.6566202496816347791725310450
BTC-USD,2026-08-30T18:43:18.366727Z,79128.07,79128.08,0.01,79128.075,0.6566541806046569556149794170
BTC-USD,2026-08-30T18:43:18.41636Z,79128.07,79128.08,0.01,79128.075,0.5926416204897970458082873475
BTC-USD,2026-08-30T18:43:18.48074Z,79128.07,79128.08,0.01,79128.075,0.5926416204897970458082873475
BTC-USD,2026-08-30T18:43:18.535802Z,79128.07,79128.08,0.01,79128.075,0.5926416204897970458082873475
BTC-USD,2026-08-30T18:43:18.562078Z,79128.07,79128.08,0.01,79128.075,0.5926416204897970458082873475
BTC-USD,2026-08-30T18:43:18.605751Z,79128.07,79128.08,0.01,79128.075,0.5926416204897970458082873475
BTC-USD,2026-08-30T18:43:18.680551Z,79128.07,79128.08,0.01,79128.075,0.2088181461373574916072491453
BTC-USD,2026-08-30T18:43:18.726206Z,79128.07,79128.08,0.01,79128.075,0.2088181461373574916072491453
BTC-USD,2026-08-30T18:43:18.774515Z,79128.07,79128.08,0.01,79128.075,-0.05140406373246273606228140500
BTC-USD,2026-08-30T18:43:18.823516Z,79128.07,79128.08,0.01,79128.075,0.06994116265095441998072399740
BTC-USD,2026-08-30T18:43:18.964404Z,79125,79125.01,0.01,79125.005,-0.2389931878211256105433045837
BTC-USD,2026-08-30T18:43:19.005292Z,79125,79125.01,0.01,79125.005,-0.2988115838425213553586409334
BTC-USD,2026-08-30T18:43:19.049162Z,79125,79125.01,0.01,79125.005,-0.2988115838425213553586409334
BTC-USD,2026-08-30T18:43:19.077381Z,79125,79125.01,0.01,79125.005,-0.2988115838425213553586409334
BTC-USD,2026-08-30T18:43:19.144942Z,79125,79125.01,0.01,79125.005,-0.2988115838425213553586409334
BTC-USD,2026-08-30T18:43:19.276102Z,79125,79125.01,0.01,79125.005,-0.1889277314401297791126385491
BTC-USD,2026-08-30T18:43:19.345043Z,79125,79125.01,0.01,79125.005,-0.2799605848242051905356707309
BTC-USD,2026-08-30T18:43:19.424155Z,79120.2,79123.41,3.21,79121.805,-0.1528959896444462861882822606
BTC-USD,2026-08-30T18:43:19.532315Z,79120.2,79120.21,0.01,79120.205,0.3680269048070997350931455214
BTC-USD,2026-08-30T18:43:19.564133Z,79120.2,79120.21,0.01,79120.205,0.4751815697752449000268050711
BTC-USD,2026-08-30T18:43:19.573877Z,79120.2,79120.21,0.01,79120.205,0.4751815697752449000268050711
BTC-USD,2026-08-30T18:43:19.760637Z,79120.2,79120.21,0.01,79120.205,0.1675798458321204686123853150
BTC-USD,2026-08-30T18:43:19.837827Z,79120.2,79120.21,0.01,79120.205,0.1679220295002159625827772539
BTC-USD,2026-08-30T18:43:19.879122Z,79120.2,79120.21,0.01,79120.205,-0.04684972318655840069218245576
BTC-USD,2026-08-30T18:43:19.919283Z,79120.2,79120.21,0.01,79120.205,0.2919380537452169889566255205
BTC-USD,2026-08-30T18:43:19.975847Z,79120.2,79120.21,0.01,79120.205,0.4225300476179463513952481338
BTC-USD,2026-08-30T18:43:20.018863Z,79120.2,79120.21,0.01,79120.205,0.4225300476179463513952481338
BTC-USD,2026-08-30T18:43:20.070395Z,79120.2,79120.21,0.01,79120.205,0.1037386258365868178254123984
BTC-USD,2026-08-30T18:43:20.123632Z,79120.2,79120.21,0.01,79120.205,0.1037386258365868178254123984
BTC-USD,2026-08-30T18:43:20.168032Z,79120.2,79120.21,0.01,79120.205,0.1037386258365868178254123984
BTC-USD,2026-08-30T18:43:20.22253Z,79120.2,79120.21,0.01,79120.205,0.1037386258365868178254123984
BTC-USD,2026-08-30T18:43:20.26533Z,79120.2,79120.21,0.01,79120.205,0.1037386258365868178254123984
BTC-USD,2026-08-30T18:43:20.31132Z,79120.2,79120.21,0.01,79120.205,0.1544755105973915886761470068
BTC-USD,2026-08-30T18:43:20.367648Z,79120.2,79120.21,0.01,79120.205,0.4742690326932248138797449537
BTC-USD,2026-08-30T18:43:20.419627Z,79120.2,79120.21,0.01,79120.205,0.4742690039965550741096832701
BTC-USD,2026-08-30T18:43:20.455257Z,79120.2,79120.21,0.01,79120.205,0.4745879174081540316783258975
BTC-USD,2026-08-30T18:43:20.518674Z,79120.2,79120.21,0.01,79120.205,0.5304558725812954325965641488
BTC-USD,2026-08-30T18:43:20.577818Z,79120.2,79120.21,0.01,79120.205,0.5943971510086527985650942523
BTC-USD,2026-08-30T18:43:20.610609Z,79120.2,79120.21,0.01,79120.205,0.3890649010378204709571581592
BTC-USD,2026-08-30T18:43:20.656418Z,79120.2,79120.21,0.01,79120.205,0.5102870399790829275931629417
BTC-USD,2026-08-30T18:43:20.722108Z,79120.2,79120.21,0.01,79120.205,0.3841469707056645441201912548
BTC-USD,2026-08-30T18:43:20.769882Z,79120.2,79120.21,0.01,79120.205,0.3646950488072962013989875966
BTC-USD,2026-08-30T18:43:20.824948Z,79120.2,79120.21,0.01,79120.205,0.7012056111762256881359601401
BTC-USD,2026-08-30T18:43:20.864679Z,79120.2,79120.21,0.01,79120.205,0.3840985362777253926470873728
BTC-USD,2026-08-30T18:43:20.91594Z,79120.2,79120.21,0.01,79120.205,0.6278707989210132246654038546
BTC-USD,2026-08-30T18:43:20.973795Z,79120.2,79120.21,0.01,79120.205,0.3840985362777253926470873728
BTC-USD,2026-08-30T18:43:21.018584Z,79120.2,79120.21,0.01,79120.205,0.3840985362777253926470873728
BTC-USD,2026-08-30T18:43:21.061116Z,79120.2,79120.21,0.01,79120.205,0.6517146293140303194942035694
BTC-USD,2026-08-30T18:43:21.097816Z,79120.2,79120.21,0.01,79120.205,0.6517146293140303194942035694
BTC-USD,2026-08-30T18:43:21.202654Z,79120.2,79120.21,0.01,79120.205,0.6385051862156102564684501481
BTC-USD,2026-08-30T18:43:21.248888Z,79120.2,79120.21,0.01,79120.205,0.6385051862156102564684501481
BTC-USD,2026-08-30T18:43:21.300863Z,79120.2,79120.21,0.01,79120.205,0.6435701400485613104540851135
BTC-USD,2026-08-30T18:43:21.406553Z,79120.2,79120.21,0.01,79120.205,0.6435701400485613104540851135
BTC-USD,2026-08-30T18:43:21.479287Z,79120.2,79120.21,0.01,79120.205,0.6519109724125089483885885062
BTC-USD,2026-08-30T18:43:21.52685Z,79120.2,79120.21,0.01,79120.205,0.6519109724125089483885885062
BTC-USD,2026-08-30T18:43:21.582767Z,79120.2,79120.21,0.01,79120.205,0.6141714669887200139696447128
BTC-USD,2026-08-30T18:43:21.699015Z,79120.2,79120.21,0.01,79120.205,0.6141128996884255100748685338
BTC-USD,2026-08-30T18:43:21.734424Z,79120.2,79120.21,0.01,79120.205,0.6141128996884255100748685338
BTC-USD,2026-08-30T18:43:21.826482Z,79120.2,79120.21,0.01,79120.205,0.6386540061623463282332442623
BTC-USD,2026-08-30T18:43:21.866328Z,79120.2,79120.21,0.01,79120.205,0.6386540061623463282332442623
BTC-USD,2026-08-30T18:43:21.918135Z,79120.2,79120.21,0.01,79120.205,0.6386540061623463282332442623
BTC-USD,2026-08-30T18:43:21.933183Z,79120.2,79120.21,0.01,79120.205,0.4801759808378954811197321828
BTC-USD,2026-08-30T18:43:21.963471Z,79120.2,79120.21,0.01,79120.205,0.03538743153956799787773760863
BTC-USD,2026-08-30T18:43:22.086591Z,79120.2,79120.21,0.01,79120.205,0.1332549948512322785640386607
BTC-USD,2026-08-30T18:43:22.127586Z,79120.2,79120.21,0.01,79120.205,-0.1017256390725075745273793006
BTC-USD,2026-08-30T18:43:22.204585Z,79120.2,79120.21,0.01,79120.205,-0.009051596746393878948915238311
BTC-USD,2026-08-30T18:43:22.287569Z,79120.2,79120.21,0.01,79120.205,0.2294911648260394710971930841
BTC-USD,2026-08-30T18:43:22.3384Z,79120.2,79120.21,0.01,79120.205,-0.1454217777397191477508117566
BTC-USD,2026-08-30T18:43:22.387082Z,79120.2,79120.21,0.01,79120.205,0.04905204387642727833317782169
BTC-USD,2026-08-30T18:43:22.419819Z,79120.2,79120.21,0.01,79120.205,0.5016063778321655254961359893
BTC-USD,2026-08-30T18:43:22.526108Z,79120.2,79120.21,0.01,79120.205,0.1319903946123590644817672098
BTC-USD,2026-08-30T18:43:22.66049Z,79120.2,79120.21,0.01,79120.205,0.4517276256708072644612262346
BTC-USD,2026-08-30T18:43:22.71271Z,79120.2,79120.21,0.01,79120.205,0.4577635314558098305395298955
BTC-USD,2026-08-30T18:43:22.753382Z,79120.2,79120.21,0.01,79120.205,0.4577634716874816385838400390
BTC-USD,2026-08-30T18:43:22.804197Z,79120.2,79120.21,0.01,79120.205,0.4577636851457361078507097800
BTC-USD,2026-08-30T18:43:22.877443Z,79120.2,79120.21,0.01,79120.205,0.4694771540441313258555548700
BTC-USD,2026-08-30T18:43:22.917458Z,79120.2,79120.21,0.01,79120.205,0.4694771540441313258555548700
BTC-USD,2026-08-30T18:43:22.968525Z,79120.2,79120.21,0.01,79120.205,0.4694771540441313258555548700
BTC-USD,2026-08-30T18:43:23.020095Z,79120.2,79120.21,0.01,79120.205,0.4694771540441313258555548700
BTC-USD,2026-08-30T18:43:23.087665Z,79120.2,79120.21,0.01,79120.205,0.4694771540441313258555548700
BTC-USD,2026-08-30T18:43:23.124624Z,79120.2,79120.21,0.01,79120.205,0.4694771540441313258555548700
BTC-USD,2026-08-30T18:43:23.177459Z,79120.2,79120.21,0.01,79120.205,0.4694771540441313258555548700
BTC-USD,2026-08-30T18:43:23.193197Z,79120.2,79120.21,0.01,79120.205,0.4694771540441313258555548700
BTC-USD,2026-08-30T18:43:23.279827Z,79120.2,79120.21,0.01,79120.205,0.4696150401623364992494479195
BTC-USD,2026-08-30T18:43:23.333138Z,79120.2,79120.21,0.01,79120.205,0.4579034925727478771439387165
BTC-USD,2026-08-30T18:43:23.379041Z,79120.2,79120.21,0.01,79120.205,0.4579034157402409890750176807
BTC-USD,2026-08-30T18:43:23.410958Z,79120.2,79120.21,0.01,79120.205,0.4579034157402409890750176807
BTC-USD,2026-08-30T18:43:23.474625Z,79120.2,79120.21,0.01,79120.205,0.4579175269453373775288885921
BTC-USD,2026-08-30T18:43:23.514238Z,79120.2,79120.21,0.01,79120.205,0.4579175269453373775288885921
BTC-USD,2026-08-30T18:43:23.547565Z,79120.2,79120.21,0.01,79120.205,0.4579175269453373775288885921
BTC-USD,2026-08-30T18:43:23.622949Z,79120.2,79120.21,0.01,79120.205,0.4579175269453373775288885921
BTC-USD,2026-08-30T18:43:23.659297Z,79120.2,79120.21,0.01,79120.205,0.4579175269453373775288885921
BTC-USD,2026-08-30T18:43:23.727312Z,79120.2,79120.21,0.01,79120.205,0.4579175269453373775288885921
BTC-USD,2026-08-30T18:43:23.77021Z,79120.2,79120.21,0.01,79120.205,0.4669783900972139266766870267
BTC-USD,2026-08-30T18:43:23.827998Z,79120.2,79120.21,0.01,79120.205,0.4669783900972139266766870267
BTC-USD,2026-08-30T18:43:23.922396Z,79120.2,79120.21,0.01,79120.205,0.4669783900972139266766870267
BTC-USD,2026-08-30T18:43:23.987687Z,79120.2,79120.21,0.01,79120.205,0.4669930149212289788368450367
BTC-USD,2026-08-30T18:43:24.039453Z,79120.91,79120.92,0.01,79120.915,0.2820015238109580652429753322
BTC-USD,2026-08-30T18:43:24.054788Z,79120.91,79120.92,0.01,79120.915,0.2819772381940199528341720559
BTC-USD,2026-08-30T18:43:24.07365Z,79120.91,79120.92,0.01,79120.915,0.2820026697341450108673051117
BTC-USD,2026-08-30T18:43:24.176353Z,79120.91,79120.92,0.01,79120.915,0.2669046711549407213055243409
BTC-USD,2026-08-30T18:43:24.266194Z,79120.91,79120.92,0.01,79120.915,0.5406827673212660063288527842
BTC-USD,2026-08-30T18:43:24.28953Z,79120.91,79120.92,0.01,79120.915,0.5406827673212660063288527842
BTC-USD,2026-08-30T18:43:24.379258Z,79120.91,79120.92,0.01,79120.915,0.2277019881807180526977640007
BTC-USD,2026-08-30T18:43:24.411678Z,79120.91,79120.92,0.01,79120.915,0.3696402824318055724856325246
BTC-USD,2026-08-30T18:43:24.461922Z,79120.91,79120.92,0.01,79120.915,-0.01898274964348945800800901704
BTC-USD,2026-08-30T18:43:24.542349Z,79120.91,79120.92,0.01,79120.915,-0.4800971364374263636447381192
BTC-USD,2026-08-30T18:43:24.566444Z,79120.91,79120.92,0.01,79120.915,-0.5002719177042833685763467119
BTC-USD,2026-08-30T18:43:24.622386Z,79120.91,79120.92,0.01,79120.915,-0.5002719177042833685763467119
BTC-USD,2026-08-30T18:43:24.656938Z,79120.91,79120.92,0.01,79120.915,-0.5002719177042833685763467119
BTC-USD,2026-08-30T18:43:24.704143Z,79120.91,79120.92,0.01,79120.915,-0.5002719177042833685763467119
BTC-USD,2026-08-30T18:43:24.793176Z,79120.91,79120.92,0.01,79120.915,-0.4880606987045349010469425263
BTC-USD,2026-08-30T18:43:24.835185Z,79120.91,79120.92,0.01,79120.915,-0.4880606987045349010469425263
BTC-USD,2026-08-30T18:43:24.876071Z,79120.91,79120.92,0.01,79120.915,-0.4880606987045349010469425263
BTC-USD,2026-08-30T18:43:24.924798Z,79120.91,79120.92,0.01,79120.915,-0.5249427498044266375510927078
BTC-USD,2026-08-30T18:43:24.958628Z,79120.91,79120.92,0.01,79120.915,-0.5249427498044266375510927078
BTC-USD,2026-08-30T18:43:25.04216Z,79120.91,79120.92,0.01,79120.915,-0.5249427498044266375510927078
BTC-USD,2026-08-30T18:43:25.065448Z,79120.91,79120.92,0.01,79120.915,-0.2431408163878843958998414611
BTC-USD,2026-08-30T18:43:25.131031Z,79120.91,79120.92,0.01,79120.915,-0.09194143933043038468596473390
BTC-USD,2026-08-30T18:43:25.217027Z,79120.91,79120.92,0.01,79120.915,0.09375852899455877000451584769
BTC-USD,2026-08-30T18:43:25.298594Z,79120.91,79120.92,0.01,79120.915,0.09380649775895966846261398395
BTC-USD,2026-08-30T18:43:25.335762Z,79120.91,79120.92,0.01,79120.915,0.07643042793225555953738915998
BTC-USD,2026-08-30T18:43:25.389468Z,79120.91,79120.92,0.01,79120.915,0.02166066217508205438305431194
BTC-USD,2026-08-30T18:43:25.437919Z,79120.91,79120.92,0.01,79120.915,0.09315717830674879174096560629
BTC-USD,2026-08-30T18:43:25.473501Z,79120.91,79120.92,0.01,79120.915,0.09315299911603794138143174989
BTC-USD,2026-08-30T18:43:25.509476Z,79120.91,79120.92,0.01,79120.915,0.09786554186226513368010478733
BTC-USD,2026-08-30T18:43:25.57495Z,79120.91,79120.92,0.01,79120.915,0.09786536533045706341649060611
BTC-USD,2026-08-30T18:43:25.624289Z,79120.91,79120.92,0.01,79120.915,0.09786536533045706341649060611
BTC-USD,2026-08-30T18:43:25.667487Z,79120.91,79120.92,0.01,79120.915,0.09321158072002020418409590379
BTC-USD,2026-08-30T18:43:25.722107Z,79120.91,79120.92,0.01,79120.915,0.09321158072002020418409590379
BTC-USD,2026-08-30T18:43:25.772761Z,79120.91,79120.92,0.01,79120.915,0.3091403595616255433809135339
BTC-USD,2026-08-30T18:43:25.832322Z,79120.91,79120.92,0.01,79120.915,0.3196734653958867264170705427
BTC-USD,2026-08-30T18:43:25.868401Z,79120.91,79120.92,0.01,79120.915,0.3196734653958867264170705427
BTC-USD,2026-08-30T18:43:25.922305Z,79120.91,79120.92,0.01,79120.915,0.3196734653958867264170705427
BTC-USD,2026-08-30T18:43:25.934961Z,79120.91,79120.92,0.01,79120.915,0.3196734653958867264170705427
BTC-USD,2026-08-30T18:43:26.015706Z,79120.91,79120.92,0.01,79120.915,0.3196734653958867264170705427
BTC-USD,2026-08-30T18:43:26.073125Z,79120.91,79120.92,0.01,79120.915,0.2160941483118982354551735821
BTC-USD,2026-08-30T18:43:26.176039Z,79120.91,79120.92,0.01,79120.915,-0.07194706731104321206733296048
BTC-USD,2026-08-30T18:43:26.236444Z,79120.91,79120.92,0.01,79120.915,0.3196734653958867264170705427
BTC-USD,2026-08-30T18:43:26.276441Z,79120.91,79120.92,0.01,79120.915,0.3196734653958867264170705427
BTC-USD,2026-08-30T18:43:26.315569Z,79120.91,79120.92,0.01,79120.915,0.3199585979357980496530786671
BTC-USD,2026-08-30T18:43:26.357643Z,79120.91,79120.92,0.01,79120.915,0.3199585979357980496530786671
BTC-USD,2026-08-30T18:43:26.398308Z,79120.91,79120.92,0.01,79120.915,0.3199585979357980496530786671
BTC-USD,2026-08-30T18:43:26.477876Z,79120.91,79120.92,0.01,79120.915,0.3199585979357980496530786671
BTC-USD,2026-08-30T18:43:26.529342Z,79120.91,79120.92,0.01,79120.915,0.3199585979357980496530786671
BTC-USD,2026-08-30T18:43:26.542715Z,79120.91,79120.92,0.01,79120.915,0.3199585979357980496530786671
BTC-USD,2026-08-30T18:43:26.632781Z,79120.91,79120.92,0.01,79120.915,0.2166996471758454185070480300
BTC-USD,2026-08-30T18:43:26.680699Z,79120.91,79120.92,0.01,79120.915,0.2166995887521803200274836492
BTC-USD,2026-08-30T18:43:26.718557Z,79120.91,79120.92,0.01,79120.915,0.2117464458448189036140816361
BTC-USD,2026-08-30T18:43:26.779314Z,79120.91,79120.92,0.01,79120.915,0.2117534469602418073029814573
BTC-USD,2026-08-30T18:43:26.832999Z,79120.2,79120.21,0.01,79120.205,-0.001583410467083606731572769972
BTC-USD,2026-08-30T18:43:26.889638Z,79120.2,79120.21,0.01,79120.205,-0.07634351473194088499718609924
BTC-USD,2026-08-30T18:43:26.927174Z,79120.2,79120.21,0.01,79120.205,-0.07634351473194088499718609924
BTC-USD,2026-08-30T18:43:26.965068Z,79120.2,79120.21,0.01,79120.205,-0.07634351473194088499718609924
BTC-USD,2026-08-30T18:43:27.020502Z,79120.2,79120.21,0.01,79120.205,-0.07634351473194088499718609924
BTC-USD,2026-08-30T18:43:27.061105Z,79120.2,79120.21,0.01,79120.205,-0.07609133958234302078451925913
BTC-USD,2026-08-30T18:43:27.189101Z,79120.2,79120.21,0.01,79120.205,-0.4806336435527387512453890217
BTC-USD,2026-08-30T18:43:27.258415Z,79120.2,79120.21,0.01,79120.205,-0.2689378300985397908875944181
BTC-USD,2026-08-30T18:43:27.335753Z,79120.2,79120.21,0.01,79120.205,0.04049775724485756899117194364
BTC-USD,2026-08-30T18:43:27.381061Z,79120.2,79120.21,0.01,79120.205,0.04049775724485756899117194364
BTC-USD,2026-08-30T18:43:27.423393Z,79120.2,79120.21,0.01,79120.205,0.04049775724485756899117194364
BTC-USD,2026-08-30T18:43:27.463961Z,79120.2,79120.21,0.01,79120.205,-0.2773720003050052484069480650
BTC-USD,2026-08-30T18:43:27.491452Z,79120.2,79120.21,0.01,79120.205,-0.2773720003050052484069480650
BTC-USD,2026-08-30T18:43:27.588027Z,79120.2,79120.21,0.01,79120.205,-0.3006457894936289333830438357
BTC-USD,2026-08-30T18:43:27.598953Z,79120.2,79120.21,0.01,79120.205,-0.2773720003050052484069480650
BTC-USD,2026-08-30T18:43:27.617733Z,79120.2,79120.21,0.01,79120.205,-0.2703418233689268598402065222
BTC-USD,2026-08-30T18:43:27.711546Z,79120.2,79120.21,0.01,79120.205,-0.2703418233689268598402065222
BTC-USD,2026-08-30T18:43:27.750753Z,79120.2,79120.21,0.01,79120.205,0.04049766761343596223887010946
BTC-USD,2026-08-30T18:43:27.877357Z,79120.2,79120.21,0.01,79120.205,0.04049766761343596223887010946
BTC-USD,2026-08-30T18:43:27.915608Z,79120.2,79120.21,0.01,79120.205,-0.2695279212757292080976574663
BTC-USD,2026-08-30T18:43:27.971935Z,79120.2,79120.21,0.01,79120.205,-0.2695279212757292080976574663
BTC-USD,2026-08-30T18:43:28.015748Z,79120.2,79120.21,0.01,79120.205,-0.2695279212757292080976574663
BTC-USD,2026-08-30T18:43:28.069051Z,79120.2,79120.21,0.01,79120.205,-0.2791009180794654130578394013
BTC-USD,2026-08-30T18:43:28.096249Z,79120.2,79120.21,0.01,79120.205,-0.2791011683862417884409092857
BTC-USD,2026-08-30T18:43:28.225427Z,79120.2,79120.21,0.01,79120.205,0.03921536635424393266754970477
BTC-USD,2026-08-30T18:43:28.262667Z,79120.2,79120.21,0.01,79120.205,0.03921536635424393266754970477
BTC-USD,2026-08-30T18:43:28.309605Z,79120.2,79120.21,0.01,79120.205,0.03921536635424393266754970477
BTC-USD,2026-08-30T18:43:28.38192Z,79120.2,79120.21,0.01,79120.205,0.03964194911892349454509301941
BTC-USD,2026-08-30T18:43:28.430657Z,79120.2,79120.21,0.01,79120.205,-0.2720901121709628529870906612
BTC-USD,2026-08-30T18:43:28.468749Z,79120.2,79120.21,0.01,79120.205,-0.2720901121709628529870906612
BTC-USD,2026-08-30T18:43:28.493912Z,79120.2,79120.21,0.01,79120.205,-0.2720901121709628529870906612
BTC-USD,2026-08-30T18:43:28.585197Z,79120.2,79120.21,0.01,79120.205,0.03964194911892349454509301941
BTC-USD,2026-08-30T18:43:28.628226Z,79120.2,79120.21,0.01,79120.205,-0.2701419746327463249349434175
BTC-USD,2026-08-30T18:43:28.685122Z,79120.2,79120.21,0.01,79120.205,-0.2701419746327463249349434175
BTC-USD,2026-08-30T18:43:28.726021Z,79120.2,79120.21,0.01,79120.205,-0.2701419746327463249349434175
BTC-USD,2026-08-30T18:43:28.776661Z,79120.2,79120.21,0.01,79120.205,-0.2635465558173509206489882066
BTC-USD,2026-08-30T18:43:28.826993Z,79120.2,79120.21,0.01,79120.205,-0.2635470447473254552907979635
BTC-USD,2026-08-30T18:43:28.878587Z,79120.2,79120.21,0.01,79120.205,0.03964166667613584523681490967
BTC-USD,2026-08-30T18:43:28.931039Z,79120.2,79120.21,0.01,79120.205,-0.2183738053696588636439979172
BTC-USD,2026-08-30T18:43:28.964706Z,79120.2,79120.21,0.01,79120.205,-0.2182901756835633744599843986
BTC-USD,2026-08-30T18:43:29.031194Z,79120.2,79120.21,0.01,79120.205,-0.2182901756835633744599843986
BTC-USD,2026-08-30T18:43:29.060715Z,79120.2,79120.21,0.01,79120.205,-0.2182901756835633744599843986
BTC-USD,2026-08-30T18:43:29.184635Z,79120.2,79120.21,0.01,79120.205,-0.2178577966793623334361358281
BTC-USD,2026-08-30T18:43:29.2063Z,79120.2,79120.21,0.01,79120.205,-0.2178577966793623334361358281
BTC-USD,2026-08-30T18:43:29.254898Z,79120.2,79120.21,0.01,79120.205,-0.2178392832383491095754801366
BTC-USD,2026-08-30T18:43:29.324825Z,79120.2,79120.21,0.01,79120.205,-0.2178392832383491095754801366
BTC-USD,2026-08-30T18:43:29.381781Z,79120.2,79120.21,0.01,79120.205,-0.2133801531100674263869366340
BTC-USD,2026-08-30T18:43:29.421302Z,79120.2,79120.21,0.01,79120.205,-0.2125993359303586355498882965
BTC-USD,2026-08-30T18:43:29.478626Z,79120.2,79120.21,0.01,79120.205,-0.2125993359303586355498882965
BTC-USD,2026-08-30T18:43:29.533827Z,79120.2,79120.21,0.01,79120.205,-0.2170600384899288148370727170
BTC-USD,2026-08-30T18:43:29.557181Z,79120.2,79120.21,0.01,79120.205,-0.2170600384899288148370727170
BTC-USD,2026-08-30T18:43:29.656395Z,79120.2,79120.21,0.01,79120.205,-0.2170600384899288148370727170
BTC-USD,2026-08-30T18:43:29.728247Z,79120.2,79120.21,0.01,79120.205,-0.2170600384899288148370727170
BTC-USD,2026-08-30T18:43:29.782489Z,79120.2,79120.21,0.01,79120.205,-0.2166181560385132397876807385
BTC-USD,2026-08-30T18:43:29.881829Z,79120.2,79120.21,0.01,79120.205,-0.2166181560385132397876807385
BTC-USD,2026-08-30T18:43:29.901237Z,79120.2,79120.21,0.01,79120.205,-0.2166181560385132397876807385
BTC-USD,2026-08-30T18:43:29.980477Z,79120.2,79120.21,0.01,79120.205,-0.2089563177769717992578025484
BTC-USD,2026-08-30T18:43:30.028658Z,79120.2,79120.21,0.01,79120.205,-0.2082757293593490662118137375
BTC-USD,2026-08-30T18:43:30.144295Z,79120.2,79120.21,0.01,79120.205,-0.03840885892791824717503006489
BTC-USD,2026-08-30T18:43:30.219069Z,79120.2,79120.21,0.01,79120.205,-0.03805243198547376733249819844
BTC-USD,2026-08-30T18:43:30.265678Z,79120.2,79120.21,0.01,79120.205,-0.03777842784323668880781371464
BTC-USD,2026-08-30T18:43:30.332266Z,79120.2,79120.21,0.01,79120.205,-0.03760001366164003286218412253
BTC-USD,2026-08-30T18:43:30.363327Z,79120.2,79120.21,0.01,79120.205,-0.03760001366164003286218412253
BTC-USD,2026-08-30T18:43:30.41013Z,79120.2,79120.21,0.01,79120.205,-0.03760001366164003286218412253
BTC-USD,2026-08-30T18:43:30.469844Z,79120.2,79120.21,0.01,79120.205,-0.03760001366164003286218412253
BTC-USD,2026-08-30T18:43:30.54599Z,79120.2,79120.21,0.01,79120.205,-0.03760001366164003286218412253
BTC-USD,2026-08-30T18:43:30.677463Z,79120.2,79120.21,0.01,79120.205,-0.05509093036236339950636441598
BTC-USD,2026-08-30T18:43:30.799973Z,79119.6,79120.06,0.46,79119.83,-0.01345252126386528624310092575
BTC-USD,2026-08-30T18:43:30.845486Z,79119.6,79120.05,0.45,79119.825,-0.004155332339927771322802568165
BTC-USD,2026-08-30T18:43:30.858631Z,79119.6,79120.05,0.45,79119.825,-0.004155332339927771322802568165
BTC-USD,2026-08-30T18:43:30.923166Z,79119.6,79120.05,0.45,79119.825,-0.004155332339927771322802568165
BTC-USD,2026-08-30T18:43:30.982964Z,79119.6,79120.05,0.45,79119.825,0.001860784114052075087030515283
BTC-USD,2026-08-30T18:43:31.018557Z,79119.6,79120.05,0.45,79119.825,0.001860784114052075087030515283
BTC-USD,2026-08-30T18:43:31.073467Z,79120.04,79120.05,0.01,79120.045,0.02651222560188648175557348541
BTC-USD,2026-08-30T18:43:31.130575Z,79119.6,79120.05,0.45,79119.825,0.1123075596501114457740074570
BTC-USD,2026-08-30T18:43:31.170928Z,79120.03,79120.04,0.01,79120.035,0.02404019651655398284077995976
BTC-USD,2026-08-30T18:43:31.223807Z,79120.03,79120.04,0.01,79120.035,0.02404019651655398284077995976
BTC-USD,2026-08-30T18:43:31.281023Z,79120.03,79120.04,0.01,79120.035,0.02573030133566216433627166975
BTC-USD,2026-08-30T18:43:31.326233Z,79120.03,79120.04,0.01,79120.035,0.02810974903220585106438233282
BTC-USD,2026-08-30T18:43:31.363267Z,79120.03,79120.04,0.01,79120.035,0.02859591231601727920703548904
BTC-USD,2026-08-30T18:43:31.426111Z,79120.03,79120.04,0.01,79120.035,0.05566876770021509001222735249
BTC-USD,2026-08-30T18:43:31.465542Z,79120.03,79120.04,0.01,79120.035,0.05566876770021509001222735249
BTC-USD,2026-08-30T18:43:31.525479Z,79120.03,79120.04,0.01,79120.035,0.05569948774232359714641936247
BTC-USD,2026-08-30T18:43:31.559118Z,79120.03,79120.04,0.01,79120.035,-0.03900036019644986238077654967
BTC-USD,2026-08-30T18:43:31.630895Z,79119.6,79120.04,0.44,79119.82,-0.006560607052307610952566998795
BTC-USD,2026-08-30T18:43:31.678205Z,79120.03,79120.04,0.01,79120.035,-0.02655238752329937162731548430
BTC-USD,2026-08-30T18:43:31.72071Z,79120.03,79120.04,0.01,79120.035,0.0005315066408733290092960997225
BTC-USD,2026-08-30T18:43:31.787742Z,79120.03,79120.04,0.01,79120.035,-0.02241871984077587743287398462
BTC-USD,2026-08-30T18:43:31.827846Z,79120.03,79120.04,0.01,79120.035,-0.02526340115609868218608984723
BTC-USD,2026-08-30T18:43:31.883914Z,79120.03,79120.04,0.01,79120.035,-0.01367008437316132606545840771
BTC-USD,2026-08-30T18:43:31.922023Z,79120.03,79120.04,0.01,79120.035,-0.01367008437316132606545840771
BTC-USD,2026-08-30T18:43:31.981466Z,79120.03,79120.04,0.01,79120.035,-0.01367008437316132606545840771
BTC-USD,2026-08-30T18:43:32.0266Z,79120.03,79120.04,0.01,79120.035,-0.01148609504993393856219923137
BTC-USD,2026-08-30T18:43:32.059129Z,79120.03,79120.04,0.01,79120.035,-0.01146421068633178138622636177
BTC-USD,2026-08-30T18:43:32.135375Z,79120.03,79120.04,0.01,79120.035,0.01190718138089973038556544521
BTC-USD,2026-08-30T18:43:32.161252Z,79120.03,79120.04,0.01,79120.035,0.01190718138089973038556544521
BTC-USD,2026-08-30T18:43:32.221852Z,79120.03,79120.04,0.01,79120.035,0.01190718138089973038556544521
BTC-USD,2026-08-30T18:43:32.242081Z,79120.03,79120.04,0.01,79120.035,0.01190718138089973038556544521
BTC-USD,2026-08-30T18:43:32.308015Z,79120.03,79120.04,0.01,79120.035,0.003044677840305774258185631837
BTC-USD,2026-08-30T18:43:32.360266Z,79120.03,79120.04,0.01,79120.035,0.003044677840305774258185631837
BTC-USD,2026-08-30T18:43:32.473942Z,79120.03,79120.04,0.01,79120.035,0.003044469162607278513817484615
BTC-USD,2026-08-30T18:43:32.512461Z,79120.03,79120.04,0.01,79120.035,0.003044469162607278513817484615
BTC-USD,2026-08-30T18:43:32.580169Z,79120.03,79120.04,0.01,79120.035,0.003044469162607278513817484615
BTC-USD,2026-08-30T18:43:32.623562Z,79120.03,79120.04,0.01,79120.035,-0.02289606210782793552235250121
BTC-USD,2026-08-30T18:43:32.636026Z,79120.03,79120.04,0.01,79120.035,-0.02289606210782793552235250121
BTC-USD,2026-08-30T18:43:32.736182Z,79120.03,79120.04,0.01,79120.035,-0.02289606210782793552235250121
BTC-USD,2026-08-30T18:43:32.78365Z,79120.03,79120.04,0.01,79120.035,0.003044677840305774258185631837
BTC-USD,2026-08-30T18:43:32.835791Z,79120.03,79120.04,0.01,79120.035,0.003044677840305774258185631837
BTC-USD,2026-08-30T18:43:32.864662Z,79120.03,79120.04,0.01,79120.035,0.003044677840305774258185631837
BTC-USD,2026-08-30T18:43:32.93486Z,79120.03,79120.04,0.01,79120.035,0.003044677840305774258185631837
BTC-USD,2026-08-30T18:43:32.974911Z,79120.03,79120.04,0.01,79120.035,0.003044677840305774258185631837
BTC-USD,2026-08-30T18:43:33.298969Z,79120.03,79120.04,0.01,79120.035,0.003044677840305774258185631837
BTC-USD,2026-08-30T18:43:33.335898Z,79120.03,79120.04,0.01,79120.035,0.003044677840305774258185631837
BTC-USD,2026-08-30T18:43:33.359521Z,79120.03,79120.04,0.01,79120.035,0.003044677840305774258185631837
BTC-USD,2026-08-30T18:43:33.435483Z,79120.03,79120.04,0.01,79120.035,0.003044677840305774258185631837
BTC-USD,2026-08-30T18:43:33.461057Z,79120.03,79120.04,0.01,79120.035,0.003044677840305774258185631837
BTC-USD,2026-08-30T18:43:33.526192Z,79120.03,79120.04,0.01,79120.035,-0.02104049644635082052299950575
BTC-USD,2026-08-30T18:43:33.557975Z,79120.03,79120.04,0.01,79120.035,-0.02104049644635082052299950575
BTC-USD,2026-08-30T18:43:33.678574Z,79120.03,79120.04,0.01,79120.035,-0.02104049644635082052299950575
BTC-USD,2026-08-30T18:43:33.724882Z,79120.03,79120.04,0.01,79120.035,-0.02104049644635082052299950575
BTC-USD,2026-08-30T18:43:33.782574Z,79120.03,79120.04,0.01,79120.035,-0.02104049644635082052299950575
BTC-USD,2026-08-30T18:43:33.828707Z,79120.03,79120.04,0.01,79120.035,0.003044503942229761050370518054
BTC-USD,2026-08-30T18:43:33.875492Z,79120.03,79120.04,0.01,79120.035,0.003044503942229761050370518054
BTC-USD,2026-08-30T18:43:33.929789Z,79120.03,79120.04,0.01,79120.035,-0.002901680581884881560124644039
BTC-USD,2026-08-30T18:43:33.954759Z,79120.03,79120.04,0.01,79120.035,-0.002901871870000801085592354245
BTC-USD,2026-08-30T18:43:34.016142Z,79120.03,79120.04,0.01,79120.035,-0.002901871870000801085592354245
BTC-USD,2026-08-30T18:43:34.057705Z,79120.03,79120.04,0.01,79120.035,-0.002901871870000801085592354245
BTC-USD,2026-08-30T18:43:34.10366Z,79120.03,79120.04,0.01,79120.035,-0.002901871870000801085592354245
BTC-USD,2026-08-30T18:43:34.170568Z,79120.03,79120.04,0.01,79120.035,-0.001634851563499550746586370224
BTC-USD,2026-08-30T18:43:34.2008Z,79120.03,79120.04,0.01,79120.035,-0.001634851563499550746586370224
BTC-USD,2026-08-30T18:43:34.268637Z,79120.03,79120.04,0.01,79120.035,-0.02250307396558823847103135808
BTC-USD,2026-08-30T18:43:34.330208Z,79120.03,79120.04,0.01,79120.035,-0.02250307396558823847103135808
BTC-USD,2026-08-30T18:43:34.36916Z,79120.03,79120.04,0.01,79120.035,-0.001634851563499550746586370224
BTC-USD,2026-08-30T18:43:34.427854Z,79120.03,79120.04,0.01,79120.035,-0.001634851563499550746586370224
BTC-USD,2026-08-30T18:43:34.468014Z,79120.03,79120.04,0.01,79120.035,-0.001634851563499550746586370224
BTC-USD,2026-08-30T18:43:34.527886Z,79120.03,79120.04,0.01,79120.035,-0.001634851563499550746586370224
BTC-USD,2026-08-30T18:43:34.571677Z,79120.03,79120.04,0.01,79120.035,0.006916705978140288104589985478
BTC-USD,2026-08-30T18:43:34.735677Z,79120.03,79120.04,0.01,79120.035,0.006916705978140288104589985478
BTC-USD,2026-08-30T18:43:34.760852Z,79120.03,79120.04,0.01,79120.035,0.006916705978140288104589985478
BTC-USD,2026-08-30T18:43:34.827817Z,79120.03,79120.04,0.01,79120.035,-0.01165695299881008362010720795
BTC-USD,2026-08-30T18:43:34.883468Z,79120.03,79120.04,0.01,79120.035,-0.01165695299881008362010720795
BTC-USD,2026-08-30T18:43:34.906483Z,79120.03,79120.04,0.01,79120.035,-0.01165695299881008362010720795
BTC-USD,2026-08-30T18:43:34.95819Z,79120.03,79120.04,0.01,79120.035,0.006916705978140288104589985478
BTC-USD,2026-08-30T18:43:35.019907Z,79120.03,79120.04,0.01,79120.035,0.006916705978140288104589985478
BTC-USD,2026-08-30T18:43:35.078204Z,79120.03,79120.04,0.01,79120.035,0.006916705978140288104589985478
BTC-USD,2026-08-30T18:43:35.17327Z,79120.03,79120.04,0.01,79120.035,0.006916705978140288104589985478
BTC-USD,2026-08-30T18:43:35.228205Z,79120.03,79120.04,0.01,79120.035,0.006916705978140288104589985478
BTC-USD,2026-08-30T18:43:35.282793Z,79120.03,79120.04,0.01,79120.035,0.006916705978140288104589985478
BTC-USD,2026-08-30T18:43:35.324368Z,79120.03,79120.04,0.01,79120.035,0.006916705978140288104589985478
BTC-USD,2026-08-30T18:43:35.38221Z,79120.03,79120.04,0.01,79120.035,-0.01978506127873718994947677207
BTC-USD,2026-08-30T18:43:35.39641Z,79120.03,79120.04,0.01,79120.035,-0.01978506127873718994947677207
BTC-USD,2026-08-30T18:43:35.462257Z,79120.03,79120.04,0.01,79120.035,-0.01978506127873718994947677207
BTC-USD,2026-08-30T18:43:35.501696Z,79120.03,79120.04,0.01,79120.035,-0.01978506127873718994947677207
BTC-USD,2026-08-30T18:43:35.585829Z,79120.03,79120.04,0.01,79120.035,0.006886559214430647346487113873
BTC-USD,2026-08-30T18:43:35.639436Z,79120.03,79120.04,0.01,79120.035,0.006432905317577387973990604825
BTC-USD,2026-08-30T18:43:35.654773Z,79120.03,79120.04,0.01,79120.035,0.006432905317577387973990604825
BTC-USD,2026-08-30T18:43:35.702765Z,79120.03,79120.04,0.01,79120.035,0.006432905317577387973990604825
BTC-USD,2026-08-30T18:43:35.767963Z,79120.03,79120.04,0.01,79120.035,0.006432905317577387973990604825
BTC-USD,2026-08-30T18:43:35.869635Z,79120.03,79120.04,0.01,79120.035,0.006432905317577387973990604825
BTC-USD,2026-08-30T18:43:35.930881Z,79120.03,79120.04,0.01,79120.035,-0.02162970683615815554529702157
BTC-USD,2026-08-30T18:43:35.967608Z,79120.03,79120.04,0.01,79120.035,-0.02162970683615815554529702157
BTC-USD,2026-08-30T18:43:36.029583Z,79120.03,79120.04,0.01,79120.035,-0.02159940090692979768426933480
BTC-USD,2026-08-30T18:43:36.060452Z,79120.03,79120.04,0.01,79120.035,-0.02159940090692979768426933480
BTC-USD,2026-08-30T18:43:36.109305Z,79120.03,79120.04,0.01,79120.035,0.006461569221065006077701513116
BTC-USD,2026-08-30T18:43:36.148608Z,79120.03,79120.04,0.01,79120.035,0.006461569221065006077701513116
BTC-USD,2026-08-30T18:43:36.228375Z,79120.03,79120.04,0.01,79120.035,0.001558021155415996726032398333
BTC-USD,2026-08-30T18:43:36.293413Z,79120.03,79120.04,0.01,79120.035,0.001558021155415996726032398333
BTC-USD,2026-08-30T18:43:36.328406Z,79120.03,79120.04,0.01,79120.035,0.001558021155415996726032398333
BTC-USD,2026-08-30T18:43:36.37316Z,79120.03,79120.04,0.01,79120.035,0.001558021155415996726032398333
BTC-USD,2026-08-30T18:43:36.427864Z,79120.03,79120.04,0.01,79120.035,0.001558021155415996726032398333
BTC-USD,2026-08-30T18:43:36.458591Z,79120.03,79120.04,0.01,79120.035,0.001558021155415996726032398333
BTC-USD,2026-08-30T18:43:36.528686Z,79120.03,79120.04,0.01,79120.035,0.03270509656393187800716114851
BTC-USD,2026-08-30T18:43:36.570738Z,79120.03,79120.04,0.01,79120.035,0.03294173727213337080640267300
BTC-USD,2026-08-30T18:43:36.6026Z,79120.03,79120.04,0.01,79120.035,0.03294173727213337080640267300
BTC-USD,2026-08-30T18:43:36.677947Z,79120.03,79120.04,0.01,79120.035,0.05250505048991593111654523156
BTC-USD,2026-08-30T18:43:36.724697Z,79120.03,79120.04,0.01,79120.035,0.05250505048991593111654523156
BTC-USD,2026-08-30T18:43:36.762049Z,79120.03,79120.04,0.01,79120.035,0.05250505048991593111654523156
BTC-USD,2026-08-30T18:43:36.86561Z,79120.03,79120.04,0.01,79120.035,0.05250505048991593111654523156
BTC-USD,2026-08-30T18:43:36.923118Z,79120.03,79120.04,0.01,79120.035,0.05250505048991593111654523156
BTC-USD,2026-08-30T18:43:36.963962Z,79120.03,79120.04,0.01,79120.035,-0.002191506877121495186578805911
BTC-USD,2026-08-30T18:43:37.033496Z,79120.03,79120.04,0.01,79120.035,-0.002191506877121495186578805911
BTC-USD,2026-08-30T18:43:37.076395Z,79120.03,79120.04,0.01,79120.035,-0.002191506877121495186578805911
BTC-USD,2026-08-30T18:43:37.117068Z,79120.03,79120.04,0.01,79120.035,-0.002191506877121495186578805911
BTC-USD,2026-08-30T18:43:37.165273Z,79120.03,79120.04,0.01,79120.035,-0.002191506877121495186578805911
BTC-USD,2026-08-30T18:43:37.224578Z,79120.03,79120.04,0.01,79120.035,-0.002192131859883231695745741183
BTC-USD,2026-08-30T18:43:37.263299Z,79120.03,79120.04,0.01,79120.035,-0.002192131859883231695745741183
BTC-USD,2026-08-30T18:43:37.355179Z,79120.03,79120.04,0.01,79120.035,-0.02845753705816130695293396061
BTC-USD,2026-08-30T18:43:37.457523Z,79120.03,79120.04,0.01,79120.035,-0.02845753705816130695293396061
BTC-USD,2026-08-30T18:43:37.563325Z,79120.03,79120.04,0.01,79120.035,-0.02845753705816130695293396061
BTC-USD,2026-08-30T18:43:37.607729Z,79120.03,79120.04,0.01,79120.035,-0.02845753705816130695293396061
BTC-USD,2026-08-30T18:43:37.78123Z,79120.03,79120.04,0.01,79120.035,-0.02845753705816130695293396061
BTC-USD,2026-08-30T18:43:37.789814Z,79120.03,79120.04,0.01,79120.035,-0.02845753705816130695293396061
BTC-USD,2026-08-30T18:43:37.855238Z,79120.03,79120.04,0.01,79120.035,-0.02845753705816130695293396061
BTC-USD,2026-08-30T18:43:37.971931Z,79120.03,79120.04,0.01,79120.035,-0.02845753705816130695293396061
BTC-USD,2026-08-30T18:43:38.015439Z,79120.03,79120.04,0.01,79120.035,-0.02845753705816130695293396061
BTC-USD,2026-08-30T18:43:38.059914Z,79120.03,79120.04,0.01,79120.035,-0.002192131859883231695745741183
BTC-USD,2026-08-30T18:43:38.123722Z,79120.03,79120.04,0.01,79120.035,-0.002192131859883231695745741183
BTC-USD,2026-08-30T18:43:38.170587Z,79120.03,79120.04,0.01,79120.035,-0.002192131859883231695745741183
BTC-USD,2026-08-30T18:43:38.199137Z,79120.03,79120.04,0.01,79120.035,-0.002192131859883231695745741183
BTC-USD,2026-08-30T18:43:38.266862Z,79120.03,79120.04,0.01,79120.035,-0.002192131859883231695745741183
BTC-USD,2026-08-30T18:43:38.317901Z,79120.03,79120.04,0.01,79120.035,-0.002192131859883231695745741183
BTC-USD,2026-08-30T18:43:38.362988Z,79120.03,79120.04,0.01,79120.035,-0.002192131859883231695745741183
BTC-USD,2026-08-30T18:43:38.43566Z,79120.03,79120.04,0.01,79120.035,-0.002192288105695462502702769933
BTC-USD,2026-08-30T18:43:38.463466Z,79120.03,79120.04,0.01,79120.035,-0.002192288105695462502702769933
BTC-USD,2026-08-30T18:43:38.518869Z,79120.03,79120.04,0.01,79120.035,-0.002192288105695462502702769933
BTC-USD,2026-08-30T18:43:38.572059Z,79120.03,79120.04,0.01,79120.035,-0.002192288105695462502702769933
BTC-USD,2026-08-30T18:43:38.627877Z,79120.03,79120.04,0.01,79120.035,-0.002192288105695462502702769933
BTC-USD,2026-08-30T18:43:38.677314Z,79120.03,79120.04,0.01,79120.035,-0.002192288105695462502702769933
BTC-USD,2026-08-30T18:43:38.766705Z,79120.03,79120.04,0.01,79120.035,-0.02871516601915257165144499559
BTC-USD,2026-08-30T18:43:38.820302Z,79120.03,79120.04,0.01,79120.035,-0.02871516601915257165144499559
BTC-USD,2026-08-30T18:43:38.84955Z,79120.03,79120.04,0.01,79120.035,-0.02871516601915257165144499559
BTC-USD,2026-08-30T18:43:38.894953Z,79120.03,79120.04,0.01,79120.035,-0.02871516601915257165144499559
BTC-USD,2026-08-30T18:43:38.984369Z,79120.03,79120.04,0.01,79120.035,-0.02871516601915257165144499559
BTC-USD,2026-08-30T18:43:39.016734Z,79120.03,79120.04,0.01,79120.035,-0.02871516601915257165144499559
BTC-USD,2026-08-30T18:43:39.032293Z,79120.03,79120.04,0.01,79120.035,-0.02871516601915257165144499559
BTC-USD,2026-08-30T18:43:39.116619Z,79120.03,79120.04,0.01,79120.035,-0.002192288105695462502702769933
BTC-USD,2026-08-30T18:43:39.18508Z,79120.03,79120.04,0.01,79120.035,-0.002192288105695462502702769933
BTC-USD,2026-08-30T18:43:39.219069Z,79120.03,79120.04,0.01,79120.035,-0.002192288105695462502702769933
BTC-USD,2026-08-30T18:43:39.341349Z,79119.59,79120.04,0.45,79119.815,0.1108163892564440186448849374
BTC-USD,2026-08-30T18:43:39.355588Z,79119.6,79120.03,0.43,79119.815,-0.05741467406005194574961840372
BTC-USD,2026-08-30T18:43:39.428892Z,79119.6,79120.03,0.43,79119.815,-0.06384076153269969323773149435
BTC-USD,2026-08-30T18:43:39.480442Z,79119.6,79120.03,0.43,79119.815,-0.06384111350240774713940450648
BTC-USD,2026-08-30T18:43:39.525924Z,79119.6,79120.02,0.42,79119.81,-0.06384111350240774713940450648
BTC-USD,2026-08-30T18:43:39.565917Z,79119.6,79120.02,0.42,79119.81,-0.06384111350240774713940450648
BTC-USD,2026-08-30T18:43:39.625952Z,79119.6,79120.02,0.42,79119.81,-0.06384111350240774713940450648
BTC-USD,2026-08-30T18:43:39.665165Z,79119.6,79120.02,0.42,79119.81,-0.03497869689660599842947884726
BTC-USD,2026-08-30T18:43:39.679812Z,79119.6,79120.02,0.42,79119.81,-0.03497869689660599842947884726
BTC-USD,2026-08-30T18:43:39.761057Z,79119.6,79120.02,0.42,79119.81,-0.03497869689660599842947884726
BTC-USD,2026-08-30T18:43:39.830215Z,79120.01,79120.02,0.01,79120.015,-0.06353887482899671544362066271
BTC-USD,2026-08-30T18:43:39.865334Z,79120.01,79120.02,0.01,79120.015,-0.06353887482899671544362066271
BTC-USD,2026-08-30T18:43:39.910125Z,79120.01,79120.02,0.01,79120.015,-0.06353887482899671544362066271
BTC-USD,2026-08-30T18:43:39.980086Z,79120.01,79120.02,0.01,79120.015,-0.06353887482899671544362066271
BTC-USD,2026-08-30T18:43:40.016649Z,79120.01,79120.02,0.01,79120.015,-0.06353887482899671544362066271
BTC-USD,2026-08-30T18:43:40.064196Z,79119.6,79120.02,0.42,79119.81,-0.05682962748536925516499352116
BTC-USD,2026-08-30T18:43:40.13328Z,79119.6,79120.02,0.42,79119.81,-0.05518759693718831928793357044
BTC-USD,2026-08-30T18:43:40.166536Z,79119.6,79120.02,0.42,79119.81,-0.05518694845241069700902992847
BTC-USD,2026-08-30T18:43:40.26336Z,79119.6,79120.02,0.42,79119.81,-0.02630192376472636172222822538
BTC-USD,2026-08-30T18:43:40.322271Z,79120.01,79120.02,0.01,79120.015,-0.06189750854407849543496584655
BTC-USD,2026-08-30T18:43:40.358187Z,79120.01,79120.02,0.01,79120.015,-0.06100087967411861310863097761
BTC-USD,2026-08-30T18:43:40.432449Z,79120.01,79120.02,0.01,79120.015,-0.06100087967411861310863097761
BTC-USD,2026-08-30T18:43:40.480079Z,79120.01,79120.02,0.01,79120.015,-0.06158707834369543148534417945
BTC-USD,2026-08-30T18:43:40.527707Z,79120.01,79120.02,0.01,79120.015,-0.06158707834369543148534417945
BTC-USD,2026-08-30T18:43:40.581644Z,79120.01,79120.02,0.01,79120.015,-0.2801436584288241548958768058
BTC-USD,2026-08-30T18:43:40.627742Z,79120.01,79120.02,0.01,79120.015,-0.2801436584288241548958768058
BTC-USD,2026-08-30T18:43:40.63941Z,79120.01,79120.02,0.01,79120.015,-0.2801436584288241548958768058
BTC-USD,2026-08-30T18:43:40.719711Z,79120.01,79120.02,0.01,79120.015,-0.06158707834369543148534417945
BTC-USD,2026-08-30T18:43:40.777763Z,79120.01,79120.02,0.01,79120.015,-0.06158707834369543148534417945
BTC-USD,2026-08-30T18:43:40.815449Z,79120.01,79120.02,0.01,79120.015,-0.1041325011674647820452243770
BTC-USD,2026-08-30T18:43:40.862723Z,79120.01,79120.02,0.01,79120.015,-0.1041325011674647820452243770
BTC-USD,2026-08-30T18:43:40.918638Z,79120.01,79120.02,0.01,79120.015,-0.1041325011674647820452243770
BTC-USD,2026-08-30T18:43:40.963163Z,79120.01,79120.02,0.01,79120.015,-0.1111108799954824598452965909
BTC-USD,2026-08-30T18:43:41.017033Z,79120.01,79120.02,0.01,79120.015,-0.1111108799954824598452965909
BTC-USD,2026-08-30T18:43:41.065665Z,79120.01,79120.02,0.01,79120.015,-0.1111108799954824598452965909
BTC-USD,2026-08-30T18:43:41.086513Z,79120.01,79120.02,0.01,79120.015,-0.1111108799954824598452965909
BTC-USD,2026-08-30T18:43:41.160973Z,79120.01,79120.02,0.01,79120.015,-0.07759942904263495875085574400
BTC-USD,2026-08-30T18:43:41.270235Z,79120.01,79120.02,0.01,79120.015,-0.07028744622767860911235302838
BTC-USD,2026-08-30T18:43:41.326704Z,79120.01,79120.02,0.01,79120.015,-0.07028798233965967275118662461
BTC-USD,2026-08-30T18:43:41.362155Z,79120.01,79120.02,0.01,79120.015,-0.07028798233965967275118662461
BTC-USD,2026-08-30T18:43:41.48074Z,79120.01,79120.02,0.01,79120.015,-0.07028798233965967275118662461
BTC-USD,2026-08-30T18:43:41.527497Z,79120.01,79120.02,0.01,79120.015,-0.07028798233965967275118662461
BTC-USD,2026-08-30T18:43:41.549679Z,79120.01,79120.02,0.01,79120.015,-0.07025277879321007093226145733
BTC-USD,2026-08-30T18:43:41.655028Z,79120.01,79120.02,0.01,79120.015,-0.07025277879321007093226145733
BTC-USD,2026-08-30T18:43:41.666541Z,79120.01,79120.02,0.01,79120.015,-0.07025277879321007093226145733
BTC-USD,2026-08-30T18:43:41.74452Z,79120.01,79120.02,0.01,79120.015,-0.07025277879321007093226145733
BTC-USD,2026-08-30T18:43:41.757092Z,79120.01,79120.02,0.01,79120.015,-0.07025277879321007093226145733
BTC-USD,2026-08-30T18:43:41.979593Z,79120.01,79120.02,0.01,79120.015,-0.07025277879321007093226145733
BTC-USD,2026-08-30T18:43:42.016064Z,79120.01,79120.02,0.01,79120.015,-0.07025277879321007093226145733
BTC-USD,2026-08-30T18:43:42.063065Z,79120.01,79120.02,0.01,79120.015,-0.06478069136366465251422318134
BTC-USD,2026-08-30T18:43:42.165763Z,79120.01,79120.02,0.01,79120.015,-0.06478069136366465251422318134
BTC-USD,2026-08-30T18:43:42.207797Z,79120.01,79120.02,0.01,79120.015,-0.06478069136366465251422318134
BTC-USD,2026-08-30T18:43:42.268576Z,79120.01,79120.02,0.01,79120.015,-0.06478069136366465251422318134
BTC-USD,2026-08-30T18:43:42.324973Z,79120.01,79120.02,0.01,79120.015,-0.06478069136366465251422318134
BTC-USD,2026-08-30T18:43:42.376679Z,79120.01,79120.02,0.01,79120.015,-0.06478069136366465251422318134
BTC-USD,2026-08-30T18:43:42.406213Z,79120.01,79120.02,0.01,79120.015,-0.06478130058197083983150846113
BTC-USD,2026-08-30T18:43:42.514698Z,79120.01,79120.02,0.01,79120.015,-0.06478130058197083983150846113
BTC-USD,2026-08-30T18:43:42.555769Z,79120.01,79120.02,0.01,79120.015,-0.07025339428935926975950340357
BTC-USD,2026-08-30T18:43:42.623369Z,79120.01,79120.02,0.01,79120.015,-0.07025339428935926975950340357
BTC-USD,2026-08-30T18:43:42.681926Z,79120.01,79120.02,0.01,79120.015,-0.07025339428935926975950340357
BTC-USD,2026-08-30T18:43:42.731003Z,79120.01,79120.02,0.01,79120.015,-0.07025339428935926975950340357
BTC-USD,2026-08-30T18:43:42.758073Z,79120.01,79120.02,0.01,79120.015,-0.07025389065773719367153450727
BTC-USD,2026-08-30T18:43:42.830758Z,79120.01,79120.02,0.01,79120.015,-0.07025389065773719367153450727
BTC-USD,2026-08-30T18:43:42.866567Z,79120.01,79120.02,0.01,79120.015,-0.07025389065773719367153450727
BTC-USD,2026-08-30T18:43:42.902175Z,79120.01,79120.02,0.01,79120.015,-0.07025389065773719367153450727
BTC-USD,2026-08-30T18:43:42.977606Z,79120.01,79120.02,0.01,79120.015,-0.07025389065773719367153450727
BTC-USD,2026-08-30T18:43:43.036511Z,79120.01,79120.02,0.01,79120.015,-0.07025389065773719367153450727
BTC-USD,2026-08-30T18:43:43.046005Z,79120.01,79120.02,0.01,79120.015,-0.07025389065773719367153450727
BTC-USD,2026-08-30T18:43:43.129536Z,79120.01,79120.02,0.01,79120.015,-0.07076104234073536130020164942
BTC-USD,2026-08-30T18:43:43.178018Z,79120.01,79120.02,0.01,79120.015,-0.07175136287917452776691052031
BTC-USD,2026-08-30T18:43:43.195809Z,79120.01,79120.02,0.01,79120.015,-0.07166187335705988152181004168
BTC-USD,2026-08-30T18:43:43.267936Z,79120.01,79120.02,0.01,79120.015,-0.07166187335705988152181004168
BTC-USD,2026-08-30T18:43:43.308489Z,79120.01,79120.02,0.01,79120.015,-0.07166187335705988152181004168
BTC-USD,2026-08-30T18:43:43.436254Z,79120.01,79120.02,0.01,79120.015,-0.07166187335705988152181004168
BTC-USD,2026-08-30T18:43:43.481249Z,79120.01,79120.02,0.01,79120.015,-0.07166187335705988152181004168
BTC-USD,2026-08-30T18:43:43.490804Z,79120.01,79120.02,0.01,79120.015,-0.07166187335705988152181004168
BTC-USD,2026-08-30T18:43:43.56932Z,79120.01,79120.02,0.01,79120.015,-0.07166211224133973739255639199
BTC-USD,2026-08-30T18:43:43.630843Z,79120.01,79120.02,0.01,79120.015,-0.07166211224133973739255639199
BTC-USD,2026-08-30T18:43:43.728071Z,79120.01,79120.02,0.01,79120.015,-0.07166211224133973739255639199
BTC-USD,2026-08-30T18:43:43.781243Z,79120.01,79120.02,0.01,79120.015,-0.07166211224133973739255639199
BTC-USD,2026-08-30T18:43:43.810939Z,79120.01,79120.02,0.01,79120.015,-0.07166211224133973739255639199
BTC-USD,2026-08-30T18:43:43.870297Z,79120.01,79120.02,0.01,79120.015,-0.07166211224133973739255639199
BTC-USD,2026-08-30T18:43:43.923376Z,79120.01,79120.02,0.01,79120.015,-0.06617455701796810574463328089
BTC-USD,2026-08-30T18:43:43.947511Z,79120.01,79120.02,0.01,79120.015,-0.06617501020275007706003194099
BTC-USD,2026-08-30T18:43:44.040591Z,79120.01,79120.02,0.01,79120.015,-0.06617501020275007706003194099
BTC-USD,2026-08-30T18:43:44.073604Z,79120.01,79120.02,0.01,79120.015,-0.06617501020275007706003194099
BTC-USD,2026-08-30T18:43:44.165421Z,79120.01,79120.02,0.01,79120.015,-0.07166257010317380868838271634
BTC-USD,2026-08-30T18:43:44.193537Z,79120.01,79120.02,0.01,79120.015,-0.07021227673173916547949835534
BTC-USD,2026-08-30T18:43:44.253256Z,79120.01,79120.02,0.01,79120.015,-0.07021227673173916547949835534
BTC-USD,2026-08-30T18:43:44.380005Z,79120.01,79120.02,0.01,79120.015,-0.07021227673173916547949835534
BTC-USD,2026-08-30T18:43:44.411433Z,79120.01,79120.02,0.01,79120.015,-0.07021227673173916547949835534
BTC-USD,2026-08-30T18:43:44.48408Z,79120.01,79120.02,0.01,79120.015,-0.07021227673173916547949835534
BTC-USD,2026-08-30T18:43:44.50915Z,79120.01,79120.02,0.01,79120.015,0.04419211155759792782413513385
BTC-USD,2026-08-30T18:43:44.568144Z,79120.01,79120.02,0.01,79120.015,0.03779473248022547161097758027
BTC-USD,2026-08-30T18:43:44.606841Z,79120.01,79120.02,0.01,79120.015,0.03779473248022547161097758027
BTC-USD,2026-08-30T18:43:44.740627Z,79120.01,79120.02,0.01,79120.015,0.03779473248022547161097758027
BTC-USD,2026-08-30T18:43:44.773237Z,79120.01,79120.02,0.01,79120.015,0.03779473248022547161097758027
BTC-USD,2026-08-30T18:43:44.931831Z,79120.01,79120.02,0.01,79120.015,0.04041062756427766930456184072
BTC-USD,2026-08-30T18:43:44.964493Z,79120.01,79120.02,0.01,79120.015,0.04041062756427766930456184072
BTC-USD,2026-08-30T18:43:45.026932Z,79120.01,79120.02,0.01,79120.015,0.04041062756427766930456184072
BTC-USD,2026-08-30T18:43:45.065042Z,79120.01,79120.02,0.01,79120.015,0.04041062756427766930456184072
BTC-USD,2026-08-30T18:43:45.098631Z,79120.01,79120.02,0.01,79120.015,0.04041062756427766930456184072
BTC-USD,2026-08-30T18:43:45.185161Z,79120.01,79120.02,0.01,79120.015,0.04041062756427766930456184072
BTC-USD,2026-08-30T18:43:45.217388Z,79120.01,79120.02,0.01,79120.015,0.04641047713767540597236964171
BTC-USD,2026-08-30T18:43:45.270261Z,79120.01,79120.02,0.01,79120.015,0.04641047713767540597236964171
BTC-USD,2026-08-30T18:43:45.327053Z,79120.01,79120.02,0.01,79120.015,0.04802965409216255559603424878
BTC-USD,2026-08-30T18:43:45.36199Z,79120.01,79120.02,0.01,79120.015,0.04802965409216255559603424878
BTC-USD,2026-08-30T18:43:45.390295Z,79120.01,79120.02,0.01,79120.015,0.04802965409216255559603424878
BTC-USD,2026-08-30T18:43:45.480882Z,79120.01,79120.02,0.01,79120.015,0.04802965409216255559603424878
BTC-USD,2026-08-30T18:43:45.52779Z,79120.01,79120.02,0.01,79120.015,0.04802965409216255559603424878
BTC-USD,2026-08-30T18:43:45.586621Z,79120.01,79120.02,0.01,79120.015,0.04802949472140103986383252708
BTC-USD,2026-08-30T18:43:45.616759Z,79120.01,79120.02,0.01,79120.015,0.04802949472140103986383252708
BTC-USD,2026-08-30T18:43:45.657925Z,79120.01,79120.02,0.01,79120.015,0.04802949472140103986383252708
BTC-USD,2026-08-30T18:43:45.732551Z,79120.01,79120.02,0.01,79120.015,0.04802949472140103986383252708
BTC-USD,2026-08-30T18:43:45.860528Z,79120.01,79120.02,0.01,79120.015,0.04802949472140103986383252708
BTC-USD,2026-08-30T18:43:45.923068Z,79120.01,79120.02,0.01,79120.015,0.04203050417732559137355768768
BTC-USD,2026-08-30T18:43:45.966282Z,79120.01,79120.02,0.01,79120.015,0.04203050417732559137355768768
BTC-USD,2026-08-30T18:43:46.025833Z,79120.01,79120.02,0.01,79120.015,0.04203050417732559137355768768
BTC-USD,2026-08-30T18:43:46.064719Z,79120.01,79120.02,0.01,79120.015,0.04203050417732559137355768768
BTC-USD,2026-08-30T18:43:46.131173Z,79120.01,79120.02,0.01,79120.015,0.04203008053963195961520561971
BTC-USD,2026-08-30T18:43:46.170234Z,79120.01,79120.02,0.01,79120.015,0.04203008053963195961520561971
BTC-USD,2026-08-30T18:43:46.217085Z,79120.01,79120.02,0.01,79120.015,0.04203008053963195961520561971
BTC-USD,2026-08-30T18:43:46.260807Z,79120.01,79120.02,0.01,79120.015,0.04203008053963195961520561971
BTC-USD,2026-08-30T18:43:46.294618Z,79120.01,79120.02,0.01,79120.015,0.04203008053963195961520561971
BTC-USD,2026-08-30T18:43:46.38361Z,79120.01,79120.02,0.01,79120.015,0.04127377445586137190822984642
BTC-USD,2026-08-30T18:43:46.390221Z,79120.01,79120.02,0.01,79120.015,0.04127377445586137190822984642
BTC-USD,2026-08-30T18:43:46.468095Z,79120.01,79120.02,0.01,79120.015,0.04127377445586137190822984642
BTC-USD,2026-08-30T18:43:46.527697Z,79120.01,79120.02,0.01,79120.015,0.04127377445586137190822984642
BTC-USD,2026-08-30T18:43:46.57598Z,79120.01,79120.02,0.01,79120.015,0.04206338538845060220581129908
BTC-USD,2026-08-30T18:43:46.623337Z,79120.01,79120.02,0.01,79120.015,0.04206338538845060220581129908
BTC-USD,2026-08-30T18:43:46.686776Z,79120.01,79120.02,0.01,79120.015,0.04206338538845060220581129908
BTC-USD,2026-08-30T18:43:46.780795Z,79120.01,79120.02,0.01,79120.015,0.04206338538845060220581129908
BTC-USD,2026-08-30T18:43:46.83572Z,79120.01,79120.02,0.01,79120.015,0.04206338538845060220581129908
BTC-USD,2026-08-30T18:43:46.859104Z,79120.01,79120.02,0.01,79120.015,0.04206338538845060220581129908
BTC-USD,2026-08-30T18:43:46.935645Z,79120.01,79120.02,0.01,79120.015,0.04206338538845060220581129908
BTC-USD,2026-08-30T18:43:46.964923Z,79120.01,79120.02,0.01,79120.015,0.05016994147258445167483551640
BTC-USD,2026-08-30T18:43:47.023516Z,79120.01,79120.02,0.01,79120.015,0.05016994147258445167483551640
BTC-USD,2026-08-30T18:43:47.061307Z,79120.01,79120.02,0.01,79120.015,0.05016994147258445167483551640
BTC-USD,2026-08-30T18:43:47.15964Z,79120.01,79120.02,0.01,79120.015,0.05016994147258445167483551640
BTC-USD,2026-08-30T18:43:47.23461Z,79120.01,79120.02,0.01,79120.015,0.05016994147258445167483551640
BTC-USD,2026-08-30T18:43:47.261032Z,79120.01,79120.02,0.01,79120.015,0.05016994147258445167483551640
BTC-USD,2026-08-30T18:43:47.326704Z,79120.01,79120.02,0.01,79120.015,0.04206322401378530691316565163
BTC-USD,2026-08-30T18:43:47.367279Z,79120.01,79120.02,0.01,79120.015,0.04206322401378530691316565163
BTC-USD,2026-08-30T18:43:47.431053Z,79120.01,79120.02,0.01,79120.015,0.04343776597208319061178441946
BTC-USD,2026-08-30T18:43:47.461459Z,79120.01,79120.02,0.01,79120.015,0.04343776597208319061178441946
BTC-USD,2026-08-30T18:43:47.586361Z,79120.01,79120.02,0.01,79120.015,-0.2631735737881477262301016592
BTC-USD,2026-08-30T18:43:47.603541Z,79120.01,79120.02,0.01,79120.015,-0.2631735737881477262301016592
BTC-USD,2026-08-30T18:43:47.666095Z,79120.01,79120.02,0.01,79120.015,-0.2631735737881477262301016592
BTC-USD,2026-08-30T18:43:47.678726Z,79120.01,79120.02,0.01,79120.015,-0.2631735737881477262301016592
BTC-USD,2026-08-30T18:43:47.706826Z,79120.01,79120.02,0.01,79120.015,-0.2631735737881477262301016592
BTC-USD,2026-08-30T18:43:47.808216Z,79120.01,79120.02,0.01,79120.015,-0.2631735737881477262301016592
BTC-USD,2026-08-30T18:43:47.879839Z,79120.01,79120.02,0.01,79120.015,-0.3361940098951707063388032330
BTC-USD,2026-08-30T18:43:47.915292Z,79120.01,79120.02,0.01,79120.015,-0.2647459693960876920069610776
BTC-USD,2026-08-30T18:43:47.968967Z,79119.6,79119.61,0.01,79119.605,-0.02016554170519395979792696871
BTC-USD,2026-08-30T18:43:48.02111Z,79119.6,79119.61,0.01,79119.605,-0.02016554170519395979792696871
BTC-USD,2026-08-30T18:43:48.078718Z,79119.6,79119.61,0.01,79119.605,-0.02016554170519395979792696871
BTC-USD,2026-08-30T18:43:48.088238Z,79119.6,79119.61,0.01,79119.605,-0.02016554170519395979792696871
BTC-USD,2026-08-30T18:43:48.176172Z,79119.6,79119.61,0.01,79119.605,-0.02016554170519395979792696871
BTC-USD,2026-08-30T18:43:48.28592Z,79119.6,79119.61,0.01,79119.605,-0.03201106982556156712115757034
BTC-USD,2026-08-30T18:43:48.327957Z,79119.6,79119.61,0.01,79119.605,-0.03201106982556156712115757034
BTC-USD,2026-08-30T18:43:48.380428Z,79119.6,79119.61,0.01,79119.605,-0.03314965745290891602825112196
BTC-USD,2026-08-30T18:43:48.42767Z,79119.6,79119.61,0.01,79119.605,-0.03314965745290891602825112196
BTC-USD,2026-08-30T18:43:48.476874Z,79119.6,79119.61,0.01,79119.605,-0.03198821352165157456384686731
BTC-USD,2026-08-30T18:43:48.50236Z,79119.6,79119.61,0.01,79119.605,-0.03198821352165157456384686731
BTC-USD,2026-08-30T18:43:48.559122Z,79119.6,79119.61,0.01,79119.605,-0.03198821352165157456384686731
BTC-USD,2026-08-30T18:43:48.66251Z,79119.6,79119.61,0.01,79119.605,-0.03198821352165157456384686731
BTC-USD,2026-08-30T18:43:48.709097Z,79119.6,79119.61,0.01,79119.605,-0.03198821352165157456384686731
BTC-USD,2026-08-30T18:43:48.786681Z,79119.6,79119.61,0.01,79119.605,-0.03198821352165157456384686731
BTC-USD,2026-08-30T18:43:48.825469Z,79119.6,79119.61,0.01,79119.605,-0.03198821352165157456384686731
BTC-USD,2026-08-30T18:43:48.880213Z,79119.6,79119.61,0.01,79119.605,-0.03198821352165157456384686731
BTC-USD,2026-08-30T18:43:48.927874Z,79119.6,79119.61,0.01,79119.605,-0.03198337160328938988890446410
BTC-USD,2026-08-30T18:43:48.983664Z,79119.6,79119.61,0.01,79119.605,-0.03188450084759549709708853287
BTC-USD,2026-08-30T18:43:49.01871Z,79119.6,79119.61,0.01,79119.605,-0.03188450084759549709708853287
BTC-USD,2026-08-30T18:43:49.068288Z,79119.6,79119.61,0.01,79119.605,-0.04051318445553888514988579012
BTC-USD,2026-08-30T18:43:49.161216Z,79119.6,79119.61,0.01,79119.605,-0.04051318445553888514988579012
BTC-USD,2026-08-30T18:43:49.21845Z,79119.6,79119.61,0.01,79119.605,-0.04204298269509746509368523505
BTC-USD,2026-08-30T18:43:49.283555Z,79119.6,79119.61,0.01,79119.605,-0.04204298269509746509368523505
BTC-USD,2026-08-30T18:43:49.334112Z,79119.6,79119.61,0.01,79119.605,-0.04204298269509746509368523505
BTC-USD,2026-08-30T18:43:49.384283Z,79119.6,79119.61,0.01,79119.605,-0.04051318445553888514988579012
BTC-USD,2026-08-30T18:43:49.466975Z,79119.6,79119.61,0.01,79119.605,-0.04051318445553888514988579012
BTC-USD,2026-08-30T18:43:49.538237Z,79119.6,79119.61,0.01,79119.605,-0.04046687870342244671329218708
BTC-USD,2026-08-30T18:43:49.580763Z,79119.6,79119.61,0.01,79119.605,-0.1265661142665613966540255860
BTC-USD,2026-08-30T18:43:49.618513Z,79119.6,79119.61,0.01,79119.605,-0.04139448794286900238026743174
BTC-USD,2026-08-30T18:43:49.722152Z,79119.6,79119.61,0.01,79119.605,-0.04139448794286900238026743174
BTC-USD,2026-08-30T18:43:49.778344Z,79119.6,79119.61,0.01,79119.605,-0.04139448794286900238026743174
BTC-USD,2026-08-30T18:43:49.824908Z,79119.6,79119.61,0.01,79119.605,-0.02709050018035099433917074115
BTC-USD,2026-08-30T18:43:49.871223Z,79119.6,79119.61,0.01,79119.605,-0.02709050018035099433917074115
BTC-USD,2026-08-30T18:43:49.937439Z,79119.6,79119.61,0.01,79119.605,0.1654622462065616567409949327
BTC-USD,2026-08-30T18:43:49.972092Z,79119.6,79119.61,0.01,79119.605,0.1654622462065616567409949327
BTC-USD,2026-08-30T18:43:50.016423Z,79119.6,79119.61,0.01,79119.605,0.1654622462065616567409949327
BTC-USD,2026-08-30T18:43:50.056699Z,79119.6,79119.61,0.01,79119.605,0.1654622462065616567409949327
BTC-USD,2026-08-30T18:43:50.078114Z,79119.6,79119.61,0.01,79119.605,0.1654622462065616567409949327
BTC-USD,2026-08-30T18:43:50.169539Z,79119.6,79119.61,0.01,79119.605,0.1654622462065616567409949327
BTC-USD,2026-08-30T18:43:50.185952Z,79119.6,79119.61,0.01,79119.605,0.1654622462065616567409949327
BTC-USD,2026-08-30T18:43:50.24489Z,79119.6,79119.61,0.01,79119.605,0.1654622462065616567409949327
BTC-USD,2026-08-30T18:43:50.325892Z,79119.6,79119.61,0.01,79119.605,0.1654622462065616567409949327
BTC-USD,2026-08-30T18:43:50.38437Z,79119.6,79119.61,0.01,79119.605,0.1470490882850312945373922878
BTC-USD,2026-08-30T18:43:50.417252Z,79119.6,79119.61,0.01,79119.605,0.1470490882850312945373922878
BTC-USD,2026-08-30T18:43:50.473367Z,79119.6,79119.61,0.01,79119.605,0.1470490882850312945373922878
BTC-USD,2026-08-30T18:43:50.520268Z,79119.6,79119.61,0.01,79119.605,0.1654622462065616567409949327
BTC-USD,2026-08-30T18:43:50.548055Z,79119.6,79119.61,0.01,79119.605,0.1654622462065616567409949327
BTC-USD,2026-08-30T18:43:50.627036Z,79119.6,79119.61,0.01,79119.605,0.1654622462065616567409949327
BTC-USD,2026-08-30T18:43:50.665362Z,79119.6,79119.61,0.01,79119.605,0.1654622462065616567409949327
BTC-USD,2026-08-30T18:43:50.727654Z,79119.6,79119.61,0.01,79119.605,0.1654622462065616567409949327
BTC-USD,2026-08-30T18:43:50.777396Z,79119.6,79119.61,0.01,79119.605,0.1654622462065616567409949327
BTC-USD,2026-08-30T18:43:50.816208Z,79119.6,79119.61,0.01,79119.605,0.1655957550552379621537189186
BTC-USD,2026-08-30T18:43:50.866447Z,79119.6,79119.61,0.01,79119.605,0.1655957550552379621537189186
BTC-USD,2026-08-30T18:43:50.926154Z,79119.6,79119.61,0.01,79119.605,-0.1098825226063413327998921952
BTC-USD,2026-08-30T18:43:50.965548Z,79119.6,79119.61,0.01,79119.605,-0.3758236499195982781852702584
BTC-USD,2026-08-30T18:43:51.00815Z,79119.6,79119.61,0.01,79119.605,-0.3758236499195982781852702584
BTC-USD,2026-08-30T18:43:51.067915Z,79119.6,79119.61,0.01,79119.605,-0.1098837555328949158955538295
BTC-USD,2026-08-30T18:43:51.11261Z,79119.6,79119.61,0.01,79119.605,-0.1098837555328949158955538295
BTC-USD,2026-08-30T18:43:51.17518Z,79119.6,79119.61,0.01,79119.605,-0.1098837555328949158955538295
BTC-USD,2026-08-30T18:43:51.196447Z,79119.6,79119.61,0.01,79119.605,-0.1098837555328949158955538295
BTC-USD,2026-08-30T18:43:51.269762Z,79119.6,79119.61,0.01,79119.605,-0.1495750942896246430575633694
BTC-USD,2026-08-30T18:43:51.325206Z,79119.6,79119.61,0.01,79119.605,-0.1495750942896246430575633694
BTC-USD,2026-08-30T18:43:51.366689Z,79119.6,79119.61,0.01,79119.605,-0.1495750942896246430575633694
BTC-USD,2026-08-30T18:43:51.424991Z,79119.6,79119.61,0.01,79119.605,-0.1098837555328949158955538295
BTC-USD,2026-08-30T18:43:51.481015Z,79119.6,79119.61,0.01,79119.605,-0.1098837555328949158955538295
BTC-USD,2026-08-30T18:43:51.535923Z,79119.6,79119.61,0.01,79119.605,-0.1098849173315771437895356542
BTC-USD,2026-08-30T18:43:51.561922Z,79119.6,79119.61,0.01,79119.605,-0.1098849173315771437895356542
BTC-USD,2026-08-30T18:43:51.664212Z,79119.6,79119.61,0.01,79119.605,-0.1098849173315771437895356542
BTC-USD,2026-08-30T18:43:51.729504Z,79119.6,79119.61,0.01,79119.605,-0.1098849173315771437895356542
BTC-USD,2026-08-30T18:43:51.755425Z,79119.6,79119.61,0.01,79119.605,-0.1098849173315771437895356542
BTC-USD,2026-08-30T18:43:51.826268Z,79119.6,79119.61,0.01,79119.605,-0.1170438583494711090330112357
BTC-USD,2026-08-30T18:43:51.867113Z,79119.6,79119.61,0.01,79119.605,-0.1534469057784619110322711031
BTC-USD,2026-08-30T18:43:51.911433Z,79119.6,79119.61,0.01,79119.605,-0.1534469057784619110322711031
BTC-USD,2026-08-30T18:43:51.958371Z,79119.6,79119.61,0.01,79119.605,-0.1534469057784619110322711031
BTC-USD,2026-08-30T18:43:52.017666Z,79119.6,79119.61,0.01,79119.605,-0.1534470338181548860730626453
BTC-USD,2026-08-30T18:43:52.072676Z,79119.6,79119.61,0.01,79119.605,-0.1534470338181548860730626453
BTC-USD,2026-08-30T18:43:52.126045Z,79119.6,79119.61,0.01,79119.605,-0.1534470338181548860730626453
BTC-USD,2026-08-30T18:43:52.13775Z,79119.6,79119.61,0.01,79119.605,-0.1170439784347735148966150218
BTC-USD,2026-08-30T18:43:52.191555Z,79119.6,79119.61,0.01,79119.605,-0.1170439784347735148966150218
BTC-USD,2026-08-30T18:43:52.256159Z,79119.6,79119.61,0.01,79119.605,-0.1170439784347735148966150218
BTC-USD,2026-08-30T18:43:52.334413Z,79119.6,79119.61,0.01,79119.605,-0.1170439784347735148966150218
BTC-USD,2026-08-30T18:43:52.357021Z,79119.6,79119.61,0.01,79119.605,-0.1170439784347735148966150218
BTC-USD,2026-08-30T18:43:52.417232Z,79119.6,79119.61,0.01,79119.605,-0.1094203929273433844351823682
BTC-USD,2026-08-30T18:43:52.472232Z,79119.6,79119.61,0.01,79119.605,-0.1107279686351439648433803534
BTC-USD,2026-08-30T18:43:52.489105Z,79119.6,79119.61,0.01,79119.605,-0.1107279686351439648433803534
BTC-USD,2026-08-30T18:43:52.575767Z,79119.6,79119.61,0.01,79119.605,-0.1649738205055077771913164704
BTC-USD,2026-08-30T18:43:52.587023Z,79119.6,79119.61,0.01,79119.605,-0.1649738205055077771913164704
BTC-USD,2026-08-30T18:43:52.632545Z,79119.6,79119.61,0.01,79119.605,-0.1649738205055077771913164704
BTC-USD,2026-08-30T18:43:52.725955Z,79119.6,79119.61,0.01,79119.605,-0.1415184465831396434349898386
BTC-USD,2026-08-30T18:43:52.742644Z,79119.6,79119.61,0.01,79119.605,-0.1415184465831396434349898386
BTC-USD,2026-08-30T18:43:52.778669Z,79112.45,79117.78,5.33,79115.115,-0.4833793490676340752065517159
BTC-USD,2026-08-30T18:43:52.849939Z,79112.45,79112.46,0.01,79112.455,-0.7089730441261518362432695103
BTC-USD,2026-08-30T18:43:52.962797Z,79112.45,79112.46,0.01,79112.455,-0.4725783956475155336029706560
BTC-USD,2026-08-30T18:43:52.982634Z,79112.45,79112.46,0.01,79112.455,-0.4725783956475155336029706560
BTC-USD,2026-08-30T18:43:53.026936Z,79112.45,79112.46,0.01,79112.455,-0.01843781669513741643315939703
BTC-USD,2026-08-30T18:43:53.135912Z,79102.89,79112.46,9.57,79107.675,0.3699585262480537735490396083
BTC-USD,2026-08-30T18:43:53.246457Z,79068.57,79083.76,15.19,79076.165,0.1443306616368090811546452931
BTC-USD,2026-08-30T18:43:53.348696Z,79068.58,79072.46,3.88,79070.52,-0.1103368119394728127684309055
BTC-USD,2026-08-30T18:43:53.394396Z,79072.45,79072.46,0.01,79072.455,0.2030629917864056432559516770
BTC-USD,2026-08-30T18:43:53.52228Z,79072.45,79072.46,0.01,79072.455,0.3231678590195155564305810797
BTC-USD,2026-08-30T18:43:53.56256Z,79072.45,79072.46,0.01,79072.455,0.3231678590195155564305810797
BTC-USD,2026-08-30T18:43:53.663205Z,79072.45,79072.46,0.01,79072.455,0.2735130400322269270529411696
BTC-USD,2026-08-30T18:43:53.698754Z,79061.52,79068.29,6.77,79064.905,-0.4364121293754231520608410537
BTC-USD,2026-08-30T18:43:53.812751Z,79051.74,79053.82,2.08,79052.78,-0.4620984537898930082149034008
BTC-USD,2026-08-30T18:43:53.867502Z,79055.7,79056.16,0.46,79055.93,-0.3464201877208247276302713034
BTC-USD,2026-08-30T18:43:53.925022Z,79058.57,79058.58,0.01,79058.575,-0.4176225800018909696044404659
BTC-USD,2026-08-30T18:43:53.963073Z,79058.57,79058.58,0.01,79058.575,-0.6357310641911545438728678727
BTC-USD,2026-08-30T18:43:53.996292Z,79058.57,79058.58,0.01,79058.575,-0.6357278030699323330385678653
BTC-USD,2026-08-30T18:43:54.039074Z,79058.57,79058.58,0.01,79058.575,-0.6357278810870346326992740274
BTC-USD,2026-08-30T18:43:54.058779Z,79058.57,79058.58,0.01,79058.575,-0.7256596045470793117516130951
BTC-USD,2026-08-30T18:43:54.137242Z,79058.57,79058.58,0.01,79058.575,-0.6518682188257372634527413348
BTC-USD,2026-08-30T18:43:54.223719Z,79058.57,79058.58,0.01,79058.575,-0.5840524171315952427529251826
BTC-USD,2026-08-30T18:43:54.261062Z,79058.57,79058.58,0.01,79058.575,-0.5840524171315952427529251826
BTC-USD,2026-08-30T18:43:54.473068Z,79058.57,79058.58,0.01,79058.575,-0.6050019375331952981653406691
BTC-USD,2026-08-30T18:43:54.521734Z,79058.57,79058.58,0.01,79058.575,-0.2462704442417292381661048335
BTC-USD,2026-08-30T18:43:54.576762Z,79058.57,79058.58,0.01,79058.575,-0.3059093605994528918492966810
BTC-USD,2026-08-30T18:43:54.592431Z,79058.57,79058.58,0.01,79058.575,-0.6041039097502272950546471091
BTC-USD,2026-08-30T18:43:54.606225Z,79058.57,79058.58,0.01,79058.575,-0.6041039097502272950546471091
BTC-USD,2026-08-30T18:43:54.689914Z,79058.57,79058.58,0.01,79058.575,0.4923521074999882019535748092
BTC-USD,2026-08-30T18:43:54.727036Z,79058.57,79058.58,0.01,79058.575,0.05786417463616266526624958631
BTC-USD,2026-08-30T18:43:54.868204Z,79058.57,79058.58,0.01,79058.575,0.5642781341821761131068141844
BTC-USD,2026-08-30T18:43:55.00843Z,79067.85,79067.86,0.01,79067.855,-0.08089200150379607081444607779
BTC-USD,2026-08-30T18:43:55.065758Z,79067.85,79067.86,0.01,79067.855,0.01341231364213232410512251712
BTC-USD,2026-08-30T18:43:55.100325Z,79067.85,79067.86,0.01,79067.855,0.3928981357638673599239424726
BTC-USD,2026-08-30T18:43:55.317776Z,79067.85,79067.86,0.01,79067.855,-0.008059012651108341525885108177
BTC-USD,2026-08-30T18:43:55.388359Z,79067.85,79067.86,0.01,79067.855,-0.008059012651108341525885108177
BTC-USD,2026-08-30T18:43:55.425406Z,79067.85,79067.86,0.01,79067.855,-0.003339086906250797725312070142
BTC-USD,2026-08-30T18:43:55.444416Z,79067.85,79067.86,0.01,79067.855,0.1185167193729236277351526837
BTC-USD,2026-08-30T18:43:55.502606Z,79067.85,79067.86,0.01,79067.855,0.1184564604810417586672511687
BTC-USD,2026-08-30T18:43:55.520204Z,79067.85,79067.86,0.01,79067.855,0.1184564604810417586672511687
BTC-USD,2026-08-30T18:43:55.626842Z,79067.85,79067.86,0.01,79067.855,0.1252586228152283066786469206
BTC-USD,2026-08-30T18:43:55.663821Z,79067.85,79067.86,0.01,79067.855,-0.08018347249922552558413957154
BTC-USD,2026-08-30T18:43:55.704733Z,79067.85,79067.86,0.01,79067.855,-0.001834355050008545380223433364
BTC-USD,2026-08-30T18:43:55.789091Z,79066.89,79066.9,0.01,79066.895,-0.2367504869077932757087863912
BTC-USD,2026-08-30T18:43:55.826219Z,79066.89,79066.9,0.01,79066.895,-0.2367506392974296342134411496
BTC-USD,2026-08-30T18:43:55.900418Z,79066.89,79066.9,0.01,79066.895,-0.2301295589976412456255326296
BTC-USD,2026-08-30T18:43:55.951573Z,79066.89,79066.9,0.01,79066.895,-0.1917987913795663334988774626
BTC-USD,2026-08-30T18:43:56.023847Z,79066.89,79066.9,0.01,79066.895,-0.1575291280367731393887125976
BTC-USD,2026-08-30T18:43:56.06868Z,79066.89,79066.9,0.01,79066.895,-0.1223090750167351322195841982
BTC-USD,2026-08-30T18:43:56.153785Z,79066.89,79066.9,0.01,79066.895,-0.08019942118400605127434215843
BTC-USD,2026-08-30T18:43:56.20096Z,79066.89,79066.9,0.01,79066.895,-0.06825073507855983644726661673
BTC-USD,2026-08-30T18:43:56.269046Z,79066.89,79066.9,0.01,79066.895,0.2077255402419276303758720830
BTC-USD,2026-08-30T18:43:56.296091Z,79066.89,79066.9,0.01,79066.895,0.2077255402419276303758720830
BTC-USD,2026-08-30T18:43:56.370731Z,79068.87,79068.88,0.01,79068.875,0.6435747385659836815794178908
BTC-USD,2026-08-30T18:43:56.420259Z,79072.5,79075,2.5,79073.75,0.1464088907104205209859101994
BTC-USD,2026-08-30T18:43:56.467284Z,79075.33,79075.34,0.01,79075.335,-0.6738992073417431545934135651
BTC-USD,2026-08-30T18:43:56.510357Z,79075.33,79075.34,0.01,79075.335,-0.5950917527527163453224157417
BTC-USD,2026-08-30T18:43:56.554798Z,79075.33,79081.08,5.75,79078.205,-0.5916441876215630374450683331
BTC-USD,2026-08-30T18:43:56.624144Z,79078.19,79078.2,0.01,79078.195,-0.2719449053234835717987140077
BTC-USD,2026-08-30T18:43:56.646556Z,79078.19,79078.2,0.01,79078.195,-0.2719449053234835717987140077
BTC-USD,2026-08-30T18:43:56.716521Z,79078.19,79078.2,0.01,79078.195,-0.4560170920834817618338346903
BTC-USD,2026-08-30T18:43:56.764927Z,79078.19,79078.2,0.01,79078.195,-0.2721109883899961724321075009
BTC-USD,2026-08-30T18:43:56.82361Z,79078.19,79078.2,0.01,79078.195,-0.2721109883899961724321075009
BTC-USD,2026-08-30T18:43:56.87385Z,79078.19,79078.2,0.01,79078.195,-0.3211544758274677632039265978
BTC-USD,2026-08-30T18:43:56.926503Z,79078.19,79078.2,0.01,79078.195,-0.3211557782523484058313620195
BTC-USD,2026-08-30T18:43:56.980702Z,79078.19,79078.2,0.01,79078.195,-0.1869348611137038003147625163
BTC-USD,2026-08-30T18:43:57.01107Z,79078.19,79078.2,0.01,79078.195,-0.1443509770097642689467238024
BTC-USD,2026-08-30T18:43:57.067051Z,79078.19,79078.2,0.01,79078.195,-0.2539423596639770389503089374
BTC-USD,2026-08-30T18:43:57.115251Z,79078.19,79078.2,0.01,79078.195,-0.3376573354568381096668105103
BTC-USD,2026-08-30T18:43:57.198179Z,79078.19,79078.2,0.01,79078.195,-0.3371741309806160283114400712
BTC-USD,2026-08-30T18:43:57.210882Z,79078.19,79078.2,0.01,79078.195,-0.3371741309806160283114400712
BTC-USD,2026-08-30T18:43:57.238561Z,79078.19,79078.2,0.01,79078.195,-0.3371741309806160283114400712
BTC-USD,2026-08-30T18:43:57.298955Z,79078.19,79078.2,0.01,79078.195,-0.3527813848853605362516086006
BTC-USD,2026-08-30T18:43:57.355769Z,79078.19,79078.2,0.01,79078.195,-0.3529356354141226576850656295
BTC-USD,2026-08-30T18:43:57.414161Z,79078.19,79078.2,0.01,79078.195,-0.2308113575207008618785734044
BTC-USD,2026-08-30T18:43:57.464631Z,79078.19,79078.2,0.01,79078.195,-0.06024317840544080012855550731
BTC-USD,2026-08-30T18:43:57.521241Z,79078.19,79078.2,0.01,79078.195,-0.06024317840544080012855550731
BTC-USD,2026-08-30T18:43:57.531531Z,79078.19,79078.2,0.01,79078.195,-0.06024317840544080012855550731
BTC-USD,2026-08-30T18:43:57.670818Z,79078.19,79078.2,0.01,79078.195,0.2028857963885146771409353371
BTC-USD,2026-08-30T18:43:57.706429Z,79078.19,79078.2,0.01,79078.195,0.2028857963885146771409353371
BTC-USD,2026-08-30T18:43:57.747216Z,79073.54,79078.19,4.65,79075.865,0.03393398684845391893300396889
BTC-USD,2026-08-30T18:43:57.806886Z,79076.64,79076.65,0.01,79076.645,0.04514028365803659244837825708
BTC-USD,2026-08-30T18:43:57.855521Z,79076.64,79076.65,0.01,79076.645,0.05610022882755546668130068968
BTC-USD,2026-08-30T18:43:57.923289Z,79076.64,79076.65,0.01,79076.645,-0.2207819190936478800525982534
BTC-USD,2026-08-30T18:43:57.979083Z,79076.64,79076.65,0.01,79076.645,-0.2207819190936478800525982534
BTC-USD,2026-08-30T18:43:58.016754Z,79076.64,79076.65,0.01,79076.645,0.07787446229692585474690675530
BTC-USD,2026-08-30T18:43:58.064972Z,79076.64,79076.65,0.01,79076.645,-0.1478229526887275658414617650
BTC-USD,2026-08-30T18:43:58.074583Z,79076.64,79076.65,0.01,79076.645,-0.1478229526887275658414617650
BTC-USD,2026-08-30T18:43:58.154269Z,79076.64,79076.65,0.01,79076.645,-0.2924410021879570036949447570
BTC-USD,2026-08-30T18:43:58.227517Z,79076.64,79076.65,0.01,79076.645,-0.2924410021879570036949447570
BTC-USD,2026-08-30T18:43:58.282597Z,79076.64,79076.65,0.01,79076.645,-0.2927479917146814189612481310
BTC-USD,2026-08-30T18:43:58.308901Z,79076.64,79076.65,0.01,79076.645,-0.1480650781002522223794721412
BTC-USD,2026-08-30T18:43:58.376961Z,79076.64,79076.65,0.01,79076.645,0.1619291659660536646138503801
BTC-USD,2026-08-30T18:43:58.427963Z,79076.64,79076.65,0.01,79076.645,0.1619291659660536646138503801
BTC-USD,2026-08-30T18:43:58.488281Z,79076.64,79076.65,0.01,79076.645,-0.1321249418922986704591361835
BTC-USD,2026-08-30T18:43:58.523992Z,79076.64,79076.65,0.01,79076.645,-0.1321249418922986704591361835
BTC-USD,2026-08-30T18:43:58.540686Z,79076.64,79076.65,0.01,79076.645,-0.1321249418922986704591361835
BTC-USD,2026-08-30T18:43:58.623376Z,79076.64,79076.65,0.01,79076.645,0.1619291659660536646138503801
BTC-USD,2026-08-30T18:43:58.638774Z,79076.64,79076.65,0.01,79076.645,0.1619291659660536646138503801
BTC-USD,2026-08-30T18:43:58.697259Z,79076.64,79076.65,0.01,79076.645,0.2373914033723346657308882391
BTC-USD,2026-08-30T18:43:58.788675Z,79076.64,79076.65,0.01,79076.645,0.3453912984390336449713695802
BTC-USD,2026-08-30T18:43:58.864231Z,79075.28,79075.32,0.04,79075.30,0.2236791022716782527485181685
BTC-USD,2026-08-30T18:43:58.926384Z,79075.28,79075.32,0.04,79075.30,0.6150288289338542798353617226
BTC-USD,2026-08-30T18:43:58.981315Z,79075.28,79075.32,0.04,79075.30,0.6186918498845176903112229901
BTC-USD,2026-08-30T18:43:59.026294Z,79075.28,79075.32,0.04,79075.30,0.6156058148103076721115434774
BTC-USD,2026-08-30T18:43:59.078793Z,79075.28,79075.32,0.04,79075.30,0.5268264176004419406085619400
BTC-USD,2026-08-30T18:43:59.092644Z,79075.28,79075.32,0.04,79075.30,0.6156058148103076721115434774
BTC-USD,2026-08-30T18:43:59.174358Z,79075.28,79075.32,0.04,79075.30,0.3496561290575520361737520000
BTC-USD,2026-08-30T18:43:59.210016Z,79075.28,79075.32,0.04,79075.30,0.3496561290575520361737520000
BTC-USD,2026-08-30T18:43:59.281158Z,79075.28,79075.32,0.04,79075.30,0.3496561290575520361737520000
BTC-USD,2026-08-30T18:43:59.325098Z,79075.28,79075.32,0.04,79075.30,0.3421722232939523863500298551
BTC-USD,2026-08-30T18:43:59.387634Z,79075.28,79075.32,0.04,79075.30,0.3421722232939523863500298551
BTC-USD,2026-08-30T18:43:59.428249Z,79075.28,79075.32,0.04,79075.30,0.3421722232939523863500298551
BTC-USD,2026-08-30T18:43:59.483233Z,79075.28,79075.32,0.04,79075.30,0.4783329447447899836459090892
BTC-USD,2026-08-30T18:43:59.527279Z,79075.28,79075.32,0.04,79075.30,0.4783329447447899836459090892
BTC-USD,2026-08-30T18:43:59.576438Z,79075.28,79075.32,0.04,79075.30,0.4783329447447899836459090892
BTC-USD,2026-08-30T18:43:59.629947Z,79075.28,79075.32,0.04,79075.30,0.4783329447447899836459090892
BTC-USD,2026-08-30T18:43:59.678387Z,79075.28,79075.32,0.04,79075.30,0.6394125760205393584393737913
BTC-USD,2026-08-30T18:43:59.724252Z,79075.28,79075.32,0.04,79075.30,0.4783329447447899836459090892
BTC-USD,2026-08-30T18:43:59.774606Z,79075.28,79075.32,0.04,79075.30,0.2802485939004006547937155413
BTC-USD,2026-08-30T18:43:59.823483Z,79075.28,79075.32,0.04,79075.30,0.2802485939004006547937155413
BTC-USD,2026-08-30T18:43:59.876153Z,79071.67,79075.31,3.64,79073.49,0.2857503650098637536480430417
BTC-USD,2026-08-30T18:43:59.928139Z,79072.69,79075.31,2.62,79074.00,0.2857503650098637536480430417
BTC-USD,2026-08-30T18:43:59.938041Z,79072.69,79075.31,2.62,79074.00,0.3480285221480762367459311413
