currency,order_book_timestamp,best_bid,best_ask,spread,mid_price,obi
ETH-USD,2026-08-30T18:37:01.766422Z,2514,2514.01,0.01,2514.005,-0.3216313701771158065404746823
ETH-USD,2026-08-30T18:37:01.82005Z,2514,2514.01,0.01,2514.005,-0.2389353967471531370804396604
ETH-USD,2026-08-30T18:37:01.853647Z,2514,2514.01,0.01,2514.005,-0.2389353967471531370804396604
ETH-USD,2026-08-30T18:37:01.896942Z,2514,2514.01,0.01,2514.005,-0.2389353967471531370804396604
ETH-USD,2026-08-30T18:37:02.015418Z,2514,2514.01,0.01,2514.005,-0.2389353967471531370804396604
ETH-USD,2026-08-30T18:37:02.053051Z,2514,2514.01,0.01,2514.005,-0.2389353967471531370804396604
ETH-USD,2026-08-30T18:37:02.224206Z,2514,2514.01,0.01,2514.005,-0.2389353967471531370804396604
ETH-USD,2026-08-30T18:37:02.268157Z,2514,2514.01,0.01,2514.005,-0.2389353967471531370804396604
ETH-USD,2026-08-30T18:37:02.298592Z,2514,2514.01,0.01,2514.005,-0.2389353967471531370804396604
ETH-USD,2026-08-30T18:37:02.367514Z,2514,2514.01,0.01,2514.005,0.09319647963337041430394456716
ETH-USD,2026-08-30T18:37:02.414741Z,2514,2514.1,0.1,2514.05,0.1831983524718619938245700432
ETH-USD,2026-08-30T18:37:02.424412Z,2514,2514.21,0.21,2514.105,0.1870924721819059832740615914
ETH-USD,2026-08-30T18:37:02.515712Z,2514.08,2514.17,0.09,2514.125,-0.04887847674241546783724314054
ETH-USD,2026-08-30T18:37:02.56733Z,2514.29,2514.3,0.01,2514.295,0.2495057722525725354148030602
ETH-USD,2026-08-30T18:37:02.624662Z,2514.24,2514.39,0.15,2514.315,-0.1422949769075929786631589298
ETH-USD,2026-08-30T18:37:02.657074Z,2514.22,2514.39,0.17,2514.305,0.1748591959295583682160570021
ETH-USD,2026-08-30T18:37:02.774751Z,2514.38,2514.39,0.01,2514.385,0.2165770367891168700924226800
ETH-USD,2026-08-30T18:37:02.847214Z,2514.21,2514.22,0.01,2514.215,0.6433005254338145508632028205
ETH-USD,2026-08-30T18:37:02.905338Z,2514.21,2514.22,0.01,2514.215,0.4797766905147435429491044395
ETH-USD,2026-08-30T18:37:02.912021Z,2514.21,2514.22,0.01,2514.215,0.4797766905147435429491044395
ETH-USD,2026-08-30T18:37:02.957296Z,2514.21,2514.22,0.01,2514.215,0.06555831329697757611649373799
ETH-USD,2026-08-30T18:37:02.991133Z,2514.07,2514.13,0.06,2514.10,0.3258358651030829999084568100
ETH-USD,2026-08-30T18:37:03.057971Z,2514.08,2514.13,0.05,2514.105,0.3258358651030829999084568100
ETH-USD,2026-08-30T18:37:03.108678Z,2514.08,2514.13,0.05,2514.105,0.1607734357548548438810019132
ETH-USD,2026-08-30T18:37:03.171573Z,2514.08,2514.13,0.05,2514.105,0.1607734357548548438810019132
ETH-USD,2026-08-30T18:37:03.238753Z,2514.12,2514.13,0.01,2514.125,0.2456692430578456297917316703
ETH-USD,2026-08-30T18:37:03.368347Z,2514.12,2514.13,0.01,2514.125,0.4257233904488439536397373537
ETH-USD,2026-08-30T18:37:03.390729Z,2514.12,2514.13,0.01,2514.125,0.4257233904488439536397373537
ETH-USD,2026-08-30T18:37:03.472437Z,2514.12,2514.13,0.01,2514.125,0.4257233904488439536397373537
ETH-USD,2026-08-30T18:37:03.501172Z,2514.12,2514.13,0.01,2514.125,0.4257233904488439536397373537
ETH-USD,2026-08-30T18:37:03.580097Z,2514.12,2514.13,0.01,2514.125,0.4257233904488439536397373537
ETH-USD,2026-08-30T18:37:03.596084Z,2514.12,2514.13,0.01,2514.125,0.4212305772955955807538306308
ETH-USD,2026-08-30T18:37:03.674563Z,2514.12,2514.13,0.01,2514.125,0.4212305772955955807538306308
ETH-USD,2026-08-30T18:37:03.723444Z,2514.12,2514.13,0.01,2514.125,0.3787373282942899929870539416
ETH-USD,2026-08-30T18:37:03.771477Z,2514.01,2514.13,0.12,2514.07,0.4491936632974281326797694195
ETH-USD,2026-08-30T18:37:03.874598Z,2514.01,2514.13,0.12,2514.07,0.4491936632974281326797694195
ETH-USD,2026-08-30T18:37:03.895396Z,2514.01,2514.13,0.12,2514.07,0.4491936632974281326797694195
ETH-USD,2026-08-30T18:37:03.976319Z,2514.01,2514.13,0.12,2514.07,0.4491936632974281326797694195
ETH-USD,2026-08-30T18:37:04.019489Z,2514.01,2514.13,0.12,2514.07,0.02144594436950466637004355817
ETH-USD,2026-08-30T18:37:04.062289Z,2514.04,2514.17,0.13,2514.105,0.004042488612128063728115555150
ETH-USD,2026-08-30T18:37:04.119949Z,2514.27,2514.47,0.20,2514.37,0.4361431703726064848101038819
ETH-USD,2026-08-30T18:37:04.176739Z,2514.18,2514.41,0.23,2514.295,0.3585709166856500783041477970
ETH-USD,2026-08-30T18:37:04.214995Z,2514.14,2514.41,0.27,2514.275,-0.05607124860114968196540035914
ETH-USD,2026-08-30T18:37:04.268444Z,2514.14,2514.41,0.27,2514.275,-0.06358706343257025695506974362
ETH-USD,2026-08-30T18:37:04.272667Z,2514.14,2514.41,0.27,2514.275,-0.06358706343257025695506974362
ETH-USD,2026-08-30T18:37:04.376505Z,2514.14,2514.41,0.27,2514.275,0.1435160960580383734721926453
ETH-USD,2026-08-30T18:37:04.409548Z,2514.14,2514.39,0.25,2514.265,-0.001929677279337466694319720681
ETH-USD,2026-08-30T18:37:04.467496Z,2514.14,2514.39,0.25,2514.265,0.1487849793624683073366317379
ETH-USD,2026-08-30T18:37:04.503429Z,2514.14,2514.39,0.25,2514.265,0.1657147546374128812048143388
ETH-USD,2026-08-30T18:37:04.572797Z,2514.14,2514.4,0.26,2514.27,0.07966411432783197430869743066
ETH-USD,2026-08-30T18:37:04.604826Z,2514.14,2514.4,0.26,2514.27,0.07966411432783197430869743066
ETH-USD,2026-08-30T18:37:04.696763Z,2514.14,2514.4,0.26,2514.27,0.07966411432783197430869743066
ETH-USD,2026-08-30T18:37:04.774403Z,2514.14,2514.4,0.26,2514.27,0.07966411432783197430869743066
ETH-USD,2026-08-30T18:37:04.795998Z,2514.14,2514.4,0.26,2514.27,0.07966411432783197430869743066
ETH-USD,2026-08-30T18:37:04.876483Z,2514.14,2514.4,0.26,2514.27,0.07966411432783197430869743066
ETH-USD,2026-08-30T18:37:04.928857Z,2514.14,2514.4,0.26,2514.27,0.07966411432783197430869743066
ETH-USD,2026-08-30T18:37:04.974427Z,2514.14,2514.4,0.26,2514.27,0.07966411432783197430869743066
ETH-USD,2026-08-30T18:37:05.016253Z,2514.1,2514.28,0.18,2514.19,0.5713368192542029591081257429
ETH-USD,2026-08-30T18:37:05.061488Z,2514,2514.25,0.25,2514.125,0.3745585374733448953924135703
ETH-USD,2026-08-30T18:37:05.105982Z,2514.13,2514.15,0.02,2514.14,0.09567422530228610303122156925
ETH-USD,2026-08-30T18:37:05.190801Z,2514.12,2514.13,0.01,2514.125,0.2191797758100246924279653255
ETH-USD,2026-08-30T18:37:05.228942Z,2514.12,2514.13,0.01,2514.125,0.2402776366254896495893339361
ETH-USD,2026-08-30T18:37:05.267202Z,2514.12,2514.13,0.01,2514.125,0.2091229375275273828739310265
ETH-USD,2026-08-30T18:37:05.29115Z,2514.12,2514.13,0.01,2514.125,0.2091229375275273828739310265
ETH-USD,2026-08-30T18:37:05.378766Z,2514.12,2514.13,0.01,2514.125,0.3991364610418804810192550230
ETH-USD,2026-08-30T18:37:05.424958Z,2514.12,2514.13,0.01,2514.125,0.4012667932922476640841718838
ETH-USD,2026-08-30T18:37:05.484157Z,2514.12,2514.13,0.01,2514.125,0.4012667932922476640841718838
ETH-USD,2026-08-30T18:37:05.567232Z,2514.12,2514.13,0.01,2514.125,0.4012667932922476640841718838
ETH-USD,2026-08-30T18:37:05.611213Z,2514.12,2514.13,0.01,2514.125,0.4155530537674233150058612251
ETH-USD,2026-08-30T18:37:05.668295Z,2514.12,2514.13,0.01,2514.125,0.4351604393751429773945050356
ETH-USD,2026-08-30T18:37:05.772418Z,2514.12,2514.13,0.01,2514.125,0.3014424910921022575936492975
ETH-USD,2026-08-30T18:37:05.828617Z,2514.12,2514.13,0.01,2514.125,0.1806098239038663810194035098
ETH-USD,2026-08-30T18:37:05.867152Z,2514.12,2514.13,0.01,2514.125,0.1459906999521204189267646140
ETH-USD,2026-08-30T18:37:05.909131Z,2514.12,2514.13,0.01,2514.125,-0.5509424759460629790468156684
ETH-USD,2026-08-30T18:37:05.959705Z,2514.12,2514.13,0.01,2514.125,-0.5591201820713933646859207717
ETH-USD,2026-08-30T18:37:06.001008Z,2514.12,2514.13,0.01,2514.125,-0.4902223780531986353440873654
ETH-USD,2026-08-30T18:37:06.061718Z,2514.12,2514.13,0.01,2514.125,-0.4902223780531986353440873654
ETH-USD,2026-08-30T18:37:06.075938Z,2514.12,2514.13,0.01,2514.125,-0.3895103133289740635368540100
ETH-USD,2026-08-30T18:37:06.154767Z,2514.12,2514.13,0.01,2514.125,-0.1181113973236721396729394987
ETH-USD,2026-08-30T18:37:06.164905Z,2514.12,2514.13,0.01,2514.125,-0.1181113973236721396729394987
ETH-USD,2026-08-30T18:37:06.236817Z,2514.12,2514.13,0.01,2514.125,-0.1181113973236721396729394987
ETH-USD,2026-08-30T18:37:06.373316Z,2514.12,2514.13,0.01,2514.125,-0.1925180440454940802981289535
ETH-USD,2026-08-30T18:37:06.406026Z,2514.12,2514.13,0.01,2514.125,-0.1925180440454940802981289535
ETH-USD,2026-08-30T18:37:06.471664Z,2514.12,2514.13,0.01,2514.125,-0.1925180440454940802981289535
ETH-USD,2026-08-30T18:37:06.521543Z,2514.12,2514.13,0.01,2514.125,-0.3330319470753107171375107417
ETH-USD,2026-08-30T18:37:06.58335Z,2514.12,2514.13,0.01,2514.125,-0.1867468567806807542744011176
ETH-USD,2026-08-30T18:37:06.588653Z,2514.12,2514.13,0.01,2514.125,-0.1867468567806807542744011176
ETH-USD,2026-08-30T18:37:06.67483Z,2514.12,2514.13,0.01,2514.125,-0.1190495788015961945741627836
ETH-USD,2026-08-30T18:37:06.781013Z,2514.12,2514.13,0.01,2514.125,-0.1190495788015961945741627836
ETH-USD,2026-08-30T18:37:06.82029Z,2514.12,2514.13,0.01,2514.125,-0.1190495788015961945741627836
ETH-USD,2026-08-30T18:37:06.880392Z,2514.12,2514.14,0.02,2514.13,-0.07083476005585183214484972385
ETH-USD,2026-08-30T18:37:06.925727Z,2514.13,2514.14,0.01,2514.135,-0.1065713634861982891814025900
ETH-USD,2026-08-30T18:37:06.974745Z,2514.12,2514.14,0.02,2514.13,-0.1252591926212824759889644373
ETH-USD,2026-08-30T18:37:07.029413Z,2514.2,2514.21,0.01,2514.205,-0.1644479438436417089251833540
ETH-USD,2026-08-30T18:37:07.03494Z,2514.2,2514.21,0.01,2514.205,-0.1644479438436417089251833540
ETH-USD,2026-08-30T18:37:07.089472Z,2514.2,2514.21,0.01,2514.205,-0.1644479438436417089251833540
ETH-USD,2026-08-30T18:37:07.184384Z,2514.2,2514.21,0.01,2514.205,-0.1644479438436417089251833540
ETH-USD,2026-08-30T18:37:07.212111Z,2514.2,2514.21,0.01,2514.205,-0.3127384872681043043929061970
ETH-USD,2026-08-30T18:37:07.268795Z,2514.22,2514.54,0.32,2514.38,0.1046310003956049188706552850
ETH-USD,2026-08-30T18:37:07.315433Z,2514.3,2514.4,0.1,2514.35,0.2767513943638337868142078513
ETH-USD,2026-08-30T18:37:07.36121Z,2514.32,2514.4,0.08,2514.36,0.2469284080179792126141563071
ETH-USD,2026-08-30T18:37:07.416734Z,2514.33,2514.35,0.02,2514.34,-0.05035733068507743077743421852
ETH-USD,2026-08-30T18:37:07.465975Z,2514.34,2514.35,0.01,2514.345,0.06836740383350722367462754570
ETH-USD,2026-08-30T18:37:07.523134Z,2514.37,2514.42,0.05,2514.395,0.2100240429090492959701798788
ETH-USD,2026-08-30T18:37:07.574024Z,2514.41,2514.42,0.01,2514.415,0.2415205373979530314706830553
ETH-USD,2026-08-30T18:37:07.595466Z,2514.41,2514.42,0.01,2514.415,0.2415205373979530314706830553
ETH-USD,2026-08-30T18:37:07.667479Z,2514.41,2514.42,0.01,2514.415,0.1774793619890080074127267117
ETH-USD,2026-08-30T18:37:07.672889Z,2514.41,2514.42,0.01,2514.415,0.2320836262592885327967071059
ETH-USD,2026-08-30T18:37:07.757242Z,2514.41,2514.42,0.01,2514.415,0.2455974905202030383357279642
ETH-USD,2026-08-30T18:37:07.845333Z,2514.41,2514.42,0.01,2514.415,0.2455974905202030383357279642
ETH-USD,2026-08-30T18:37:07.901415Z,2514.41,2514.42,0.01,2514.415,0.09189312024720291752361056613
ETH-USD,2026-08-30T18:37:07.970663Z,2514.41,2514.42,0.01,2514.415,0.09189312024720291752361056613
ETH-USD,2026-08-30T18:37:08.017412Z,2514.41,2514.42,0.01,2514.415,0.08612762066366371631939185478
ETH-USD,2026-08-30T18:37:08.078622Z,2514.41,2514.42,0.01,2514.415,-0.1630190913844025495173458254
ETH-USD,2026-08-30T18:37:08.173075Z,2514.41,2514.42,0.01,2514.415,0.01975246415949980670770936280
ETH-USD,2026-08-30T18:37:08.25023Z,2514.41,2514.42,0.01,2514.415,0.1571603812383876811195202375
ETH-USD,2026-08-30T18:37:08.35897Z,2514.4,2514.41,0.01,2514.405,0.1112120994364991281147834253
ETH-USD,2026-08-30T18:37:08.423281Z,2514.4,2514.41,0.01,2514.405,0.1048389866147916026783216806
ETH-USD,2026-08-30T18:37:08.476033Z,2514.4,2514.41,0.01,2514.405,0.1048389866147916026783216806
ETH-USD,2026-08-30T18:37:08.574073Z,2514.4,2514.41,0.01,2514.405,0.1048389866147916026783216806
ETH-USD,2026-08-30T18:37:08.629711Z,2514.4,2514.41,0.01,2514.405,0.1030607380669204068525520370
ETH-USD,2026-08-30T18:37:08.774398Z,2514.4,2514.41,0.01,2514.405,0.1013516765877774152796969747
ETH-USD,2026-08-30T18:37:08.813978Z,2514.4,2514.41,0.01,2514.405,0.4855834305022036775746589356
ETH-USD,2026-08-30T18:37:08.86718Z,2514.4,2514.41,0.01,2514.405,0.0001670934881139396880049211671
ETH-USD,2026-08-30T18:37:08.943537Z,2514.4,2514.41,0.01,2514.405,-0.07956059552695761439755669396
ETH-USD,2026-08-30T18:37:08.956459Z,2514.4,2514.41,0.01,2514.405,0.005580577432400966695042031505
ETH-USD,2026-08-30T18:37:09.00383Z,2514.4,2514.41,0.01,2514.405,-0.02126053717255658410979922427
ETH-USD,2026-08-30T18:37:09.093168Z,2514.4,2514.41,0.01,2514.405,-0.03507413150563053625446780390
ETH-USD,2026-08-30T18:37:09.134738Z,2514.4,2514.41,0.01,2514.405,-0.03507413150563053625446780390
ETH-USD,2026-08-30T18:37:09.18891Z,2514.4,2514.41,0.01,2514.405,-0.2536489985311641873190685805
ETH-USD,2026-08-30T18:37:09.316342Z,2514.4,2514.41,0.01,2514.405,-0.2092871052746695976351160188
ETH-USD,2026-08-30T18:37:09.372557Z,2514.4,2514.41,0.01,2514.405,-0.2092871052746695976351160188
ETH-USD,2026-08-30T18:37:09.426001Z,2514.4,2514.41,0.01,2514.405,-0.2092871052746695976351160188
ETH-USD,2026-08-30T18:37:09.472346Z,2514.4,2514.41,0.01,2514.405,-0.2092871052746695976351160188
ETH-USD,2026-08-30T18:37:09.51971Z,2514.4,2514.41,0.01,2514.405,-0.2092871052746695976351160188
ETH-USD,2026-08-30T18:37:09.551156Z,2514.4,2514.41,0.01,2514.405,-0.2092871052746695976351160188
ETH-USD,2026-08-30T18:37:09.590075Z,2514.4,2514.41,0.01,2514.405,-0.2092871052746695976351160188
ETH-USD,2026-08-30T18:37:09.672689Z,2514.4,2514.41,0.01,2514.405,-0.2092871052746695976351160188
ETH-USD,2026-08-30T18:37:09.767475Z,2514.4,2514.41,0.01,2514.405,-0.2092871052746695976351160188
ETH-USD,2026-08-30T18:37:09.772995Z,2514.4,2514.41,0.01,2514.405,-0.2092871052746695976351160188
ETH-USD,2026-08-30T18:37:09.874555Z,2514.4,2514.41,0.01,2514.405,-0.2092871052746695976351160188
ETH-USD,2026-08-30T18:37:09.885737Z,2514.4,2514.41,0.01,2514.405,-0.2092871052746695976351160188
ETH-USD,2026-08-30T18:37:09.977019Z,2514.4,2514.41,0.01,2514.405,-0.2092871052746695976351160188
ETH-USD,2026-08-30T18:37:10.01247Z,2514.4,2514.41,0.01,2514.405,-0.2092871052746695976351160188
ETH-USD,2026-08-30T18:37:10.072864Z,2514.4,2514.41,0.01,2514.405,-0.2092871052746695976351160188
ETH-USD,2026-08-30T18:37:10.117398Z,2514.4,2514.41,0.01,2514.405,-0.2092871052746695976351160188
ETH-USD,2026-08-30T18:37:10.143704Z,2514.4,2514.41,0.01,2514.405,-0.2092871052746695976351160188
ETH-USD,2026-08-30T18:37:10.273149Z,2514.4,2514.41,0.01,2514.405,-0.2092871052746695976351160188
ETH-USD,2026-08-30T18:37:10.314075Z,2514.01,2514.41,0.40,2514.21,-0.04206192974944996951845055293
ETH-USD,2026-08-30T18:37:10.366351Z,2514.2,2514.21,0.01,2514.205,0.04642938794119797994411741189
ETH-USD,2026-08-30T18:37:10.432515Z,2514,2514.21,0.21,2514.105,0.1980329118275243145841113971
ETH-USD,2026-08-30T18:37:10.465165Z,2514.12,2514.13,0.01,2514.125,-0.2670382653187603909756785637
ETH-USD,2026-08-30T18:37:10.50901Z,2514.12,2514.13,0.01,2514.125,-0.02301302317632978129639741043
ETH-USD,2026-08-30T18:37:10.577412Z,2514.12,2514.13,0.01,2514.125,-0.02302165935056168414756462406
ETH-USD,2026-08-30T18:37:10.624836Z,2514.12,2514.13,0.01,2514.125,0.02403712871419074132426451489
ETH-USD,2026-08-30T18:37:10.678129Z,2514.12,2514.13,0.01,2514.125,0.02403712871419074132426451489
ETH-USD,2026-08-30T18:37:10.804389Z,2514.12,2514.13,0.01,2514.125,0.02403712871419074132426451489
ETH-USD,2026-08-30T18:37:10.876116Z,2514.12,2514.13,0.01,2514.125,0.01267787527607232263558402546
ETH-USD,2026-08-30T18:37:10.929052Z,2514.12,2514.13,0.01,2514.125,0.01267787527607232263558402546
ETH-USD,2026-08-30T18:37:10.974587Z,2514.12,2514.13,0.01,2514.125,0.01267787527607232263558402546
ETH-USD,2026-08-30T18:37:11.030577Z,2514.12,2514.13,0.01,2514.125,0.02269071856517649558700640018
ETH-USD,2026-08-30T18:37:11.048565Z,2514.12,2514.13,0.01,2514.125,0.02269071856517649558700640018
ETH-USD,2026-08-30T18:37:11.083775Z,2514.12,2514.13,0.01,2514.125,0.02269071856517649558700640018
ETH-USD,2026-08-30T18:37:11.164811Z,2514.12,2514.13,0.01,2514.125,0.02269071856517649558700640018
ETH-USD,2026-08-30T18:37:11.201127Z,2514.12,2514.13,0.01,2514.125,0.03490877870746096896532612762
ETH-USD,2026-08-30T18:37:11.268792Z,2514.12,2514.13,0.01,2514.125,0.03490877870746096896532612762
ETH-USD,2026-08-30T18:37:11.307678Z,2514.21,2514.44,0.23,2514.325,0.2491596435409642570927390753
ETH-USD,2026-08-30T18:37:11.369194Z,2514.24,2514.34,0.10,2514.29,0.1501847293392690788642892689
ETH-USD,2026-08-30T18:37:11.419225Z,2514.24,2514.39,0.15,2514.315,-0.008034740945974617524130600234
ETH-USD,2026-08-30T18:37:11.468197Z,2514.24,2514.28,0.04,2514.26,0.01049390771607508352562301334
ETH-USD,2026-08-30T18:37:11.505684Z,2514.24,2514.28,0.04,2514.26,0.2667880160547803550190066082
ETH-USD,2026-08-30T18:37:11.572463Z,2514.24,2514.28,0.04,2514.26,0.2667880160547803550190066082
ETH-USD,2026-08-30T18:37:11.614528Z,2514.24,2514.28,0.04,2514.26,0.2667880160547803550190066082
ETH-USD,2026-08-30T18:37:11.774231Z,2514.24,2514.28,0.04,2514.26,0.2667880160547803550190066082
ETH-USD,2026-08-30T18:37:11.833309Z,2514.24,2514.28,0.04,2514.26,0.2667880160547803550190066082
ETH-USD,2026-08-30T18:37:11.856308Z,2514.24,2514.25,0.01,2514.245,-0.09775847892576678846236783192
ETH-USD,2026-08-30T18:37:12.030323Z,2514.24,2514.25,0.01,2514.245,0.09242398971676847575532745850
ETH-USD,2026-08-30T18:37:12.073785Z,2514.24,2514.25,0.01,2514.245,0.09242398971676847575532745850
ETH-USD,2026-08-30T18:37:12.167687Z,2514.24,2514.25,0.01,2514.245,0.09242398971676847575532745850
ETH-USD,2026-08-30T18:37:12.225133Z,2514.24,2514.25,0.01,2514.245,0.09242398971676847575532745850
ETH-USD,2026-08-30T18:37:12.261071Z,2514.24,2514.39,0.15,2514.315,0.2401975218883997764652005888
ETH-USD,2026-08-30T18:37:12.33259Z,2514.24,2514.28,0.04,2514.26,0.3418623381861272154060503508
ETH-USD,2026-08-30T18:37:12.384211Z,2514.24,2514.25,0.01,2514.245,0.008217245363452502103079800184
ETH-USD,2026-08-30T18:37:12.390318Z,2514.24,2514.25,0.01,2514.245,0.008217245363452502103079800184
ETH-USD,2026-08-30T18:37:12.474128Z,2514.24,2514.25,0.01,2514.245,0.008212333902257749369606085042
ETH-USD,2026-08-30T18:37:12.569976Z,2514.24,2514.25,0.01,2514.245,0.008278147269025251382130699398
ETH-USD,2026-08-30T18:37:12.619487Z,2514.24,2514.25,0.01,2514.245,0.008278147269025251382130699398
ETH-USD,2026-08-30T18:37:12.676564Z,2514.24,2514.25,0.01,2514.245,0.008278147269025251382130699398
ETH-USD,2026-08-30T18:37:12.694342Z,2514.24,2514.25,0.01,2514.245,0.008278147269025251382130699398
ETH-USD,2026-08-30T18:37:12.775096Z,2514.24,2514.25,0.01,2514.245,0.008278147269025251382130699398
ETH-USD,2026-08-30T18:37:12.86224Z,2514.24,2514.25,0.01,2514.245,0.008278147269025251382130699398
ETH-USD,2026-08-30T18:37:12.975007Z,2514.24,2514.25,0.01,2514.245,0.008278147269025251382130699398
ETH-USD,2026-08-30T18:37:13.017259Z,2514.24,2514.25,0.01,2514.245,0.008278147269025251382130699398
ETH-USD,2026-08-30T18:37:13.076885Z,2514.24,2514.25,0.01,2514.245,0.008278147269025251382130699398
ETH-USD,2026-08-30T18:37:13.186062Z,2514.24,2514.25,0.01,2514.245,0.008278147269025251382130699398
ETH-USD,2026-08-30T18:37:13.263142Z,2514.24,2514.25,0.01,2514.245,0.008278147269025251382130699398
ETH-USD,2026-08-30T18:37:13.27557Z,2514.24,2514.25,0.01,2514.245,0.008278147269025251382130699398
ETH-USD,2026-08-30T18:37:13.378633Z,2514.24,2514.25,0.01,2514.245,0.008278147269025251382130699398
ETH-USD,2026-08-30T18:37:13.524546Z,2514.24,2514.25,0.01,2514.245,0.008278147269025251382130699398
ETH-USD,2026-08-30T18:37:13.577045Z,2514.24,2514.25,0.01,2514.245,0.008278147269025251382130699398
ETH-USD,2026-08-30T18:37:13.602795Z,2514.24,2514.25,0.01,2514.245,0.008278147269025251382130699398
ETH-USD,2026-08-30T18:37:13.664664Z,2514.24,2514.25,0.01,2514.245,-0.07348592980372334426565343822
ETH-USD,2026-08-30T18:37:13.672057Z,2514.24,2514.25,0.01,2514.245,-0.07348592980372334426565343822
ETH-USD,2026-08-30T18:37:13.764513Z,2514.24,2514.25,0.01,2514.245,0.008278147269025251382130699398
ETH-USD,2026-08-30T18:37:13.80132Z,2514.24,2514.25,0.01,2514.245,0.008278147269025251382130699398
ETH-USD,2026-08-30T18:37:13.883932Z,2514.24,2514.25,0.01,2514.245,0.008278147269025251382130699398
ETH-USD,2026-08-30T18:37:13.903057Z,2514.24,2514.25,0.01,2514.245,0.008278147269025251382130699398
ETH-USD,2026-08-30T18:37:13.972722Z,2514.24,2514.25,0.01,2514.245,0.008278147269025251382130699398
ETH-USD,2026-08-30T18:37:14.017908Z,2514.24,2514.25,0.01,2514.245,0.008278147269025251382130699398
ETH-USD,2026-08-30T18:37:14.048102Z,2514.24,2514.25,0.01,2514.245,0.009249626623494564515086604036
ETH-USD,2026-08-30T18:37:14.175467Z,2514.24,2514.25,0.01,2514.245,0.009249626623494564515086604036
ETH-USD,2026-08-30T18:37:14.267157Z,2514.24,2514.25,0.01,2514.245,0.009249626623494564515086604036
ETH-USD,2026-08-30T18:37:14.274025Z,2514.24,2514.25,0.01,2514.245,0.009249626623494564515086604036
ETH-USD,2026-08-30T18:37:14.327241Z,2514.24,2514.25,0.01,2514.245,0.009249626623494564515086604036
ETH-USD,2026-08-30T18:37:14.383966Z,2514.24,2514.25,0.01,2514.245,-0.07251955362960068183686098737
ETH-USD,2026-08-30T18:37:14.468328Z,2514.24,2514.25,0.01,2514.245,-0.07459811259644154256935703958
ETH-USD,2026-08-30T18:37:14.49716Z,2514.24,2514.25,0.01,2514.245,0.02869766712719930639746293379
ETH-USD,2026-08-30T18:37:14.575486Z,2514.24,2514.25,0.01,2514.245,0.02869766712719930639746293379
ETH-USD,2026-08-30T18:37:14.632336Z,2514.24,2514.25,0.01,2514.245,-0.04976570968739787323966987196
ETH-USD,2026-08-30T18:37:14.721471Z,2514.24,2514.25,0.01,2514.245,0.02869766712719930639746293379
ETH-USD,2026-08-30T18:37:14.784583Z,2514.24,2514.25,0.01,2514.245,0.02869766712719930639746293379
ETH-USD,2026-08-30T18:37:14.806294Z,2514.24,2514.25,0.01,2514.245,0.04580610122479121957701694464
ETH-USD,2026-08-30T18:37:14.872066Z,2514.24,2514.25,0.01,2514.245,0.04580610122479121957701694464
ETH-USD,2026-08-30T18:37:14.975935Z,2514.24,2514.28,0.04,2514.26,-0.04294605602371636338880644792
ETH-USD,2026-08-30T18:37:15.016338Z,2514.24,2514.28,0.04,2514.26,-0.04294605602371636338880644792
ETH-USD,2026-08-30T18:37:15.078724Z,2514.24,2514.28,0.04,2514.26,-0.04294605602371636338880644792
ETH-USD,2026-08-30T18:37:15.191812Z,2514.27,2514.28,0.01,2514.275,-0.001470630946834394277320496047
ETH-USD,2026-08-30T18:37:15.228713Z,2514.27,2514.28,0.01,2514.275,-0.001461639777955934597385335238
ETH-USD,2026-08-30T18:37:15.249859Z,2514.27,2514.28,0.01,2514.275,0.2201610996269387097800458805
ETH-USD,2026-08-30T18:37:15.31825Z,2514.38,2514.39,0.01,2514.385,0.4011673118832943325939470237
ETH-USD,2026-08-30T18:37:15.413458Z,2514.38,2514.61,0.23,2514.495,0.5337837905104981552004491811
ETH-USD,2026-08-30T18:37:15.465656Z,2514.45,2514.48,0.03,2514.465,0.07849607990217076364806544743
ETH-USD,2026-08-30T18:37:15.513438Z,2514.45,2514.55,0.10,2514.50,0.2576488120854730382265279852
ETH-USD,2026-08-30T18:37:15.564563Z,2514.45,2514.47,0.02,2514.46,0.06376003260047814942440502049
ETH-USD,2026-08-30T18:37:15.609606Z,2514.45,2514.47,0.02,2514.46,0.06376003260047814942440502049
ETH-USD,2026-08-30T18:37:15.656106Z,2514.45,2514.47,0.02,2514.46,0.06191325994011569566431373151
ETH-USD,2026-08-30T18:37:15.705745Z,2514.45,2514.47,0.02,2514.46,0.06191325994011569566431373151
ETH-USD,2026-08-30T18:37:15.758343Z,2514.45,2514.55,0.10,2514.50,0.1435902086650550567834267511
ETH-USD,2026-08-30T18:37:15.804675Z,2514.45,2514.54,0.09,2514.495,0.04747608919481040575988243700
ETH-USD,2026-08-30T18:37:15.86862Z,2514.46,2514.54,0.08,2514.50,0.07679056121030430399159079833
ETH-USD,2026-08-30T18:37:15.874397Z,2514.46,2514.54,0.08,2514.50,0.07679056121030430399159079833
ETH-USD,2026-08-30T18:37:15.966373Z,2514.46,2514.54,0.08,2514.50,0.07670919976193377387970224546
ETH-USD,2026-08-30T18:37:16.009518Z,2514.46,2514.47,0.01,2514.465,-0.1012323928981518846442277982
ETH-USD,2026-08-30T18:37:16.033219Z,2514.15,2514.54,0.39,2514.345,0.1157356659495274128865330817
ETH-USD,2026-08-30T18:37:16.19395Z,2514.17,2514.18,0.01,2514.175,-0.4877229074364056938022415575
ETH-USD,2026-08-30T18:37:16.286359Z,2514.01,2514.18,0.17,2514.095,0.2452003045338998920062795227
ETH-USD,2026-08-30T18:37:16.295953Z,2514.01,2514.18,0.17,2514.095,0.5767265481455229018379800534
ETH-USD,2026-08-30T18:37:16.380856Z,2514.16,2514.18,0.02,2514.17,-0.3720437332703462188515909842
ETH-USD,2026-08-30T18:37:16.432476Z,2514.16,2514.18,0.02,2514.17,-0.3720437332703462188515909842
ETH-USD,2026-08-30T18:37:16.513295Z,2514.16,2514.18,0.02,2514.17,-0.3720437332703462188515909842
ETH-USD,2026-08-30T18:37:16.574363Z,2514.16,2514.18,0.02,2514.17,-0.3720437332703462188515909842
ETH-USD,2026-08-30T18:37:16.67305Z,2514.16,2514.18,0.02,2514.17,-0.3720437332703462188515909842
ETH-USD,2026-08-30T18:37:16.679012Z,2514.16,2514.18,0.02,2514.17,-0.2622345964946259014008919950
ETH-USD,2026-08-30T18:37:16.716258Z,2514.17,2514.18,0.01,2514.175,-0.2504005880787605207898428685
ETH-USD,2026-08-30T18:37:16.844622Z,2514.16,2514.18,0.02,2514.17,-0.2622345964946259014008919950
ETH-USD,2026-08-30T18:37:16.892746Z,2514.16,2514.18,0.02,2514.17,-0.2622345964946259014008919950
ETH-USD,2026-08-30T18:37:16.922116Z,2514.16,2514.18,0.02,2514.17,-0.2622345964946259014008919950
ETH-USD,2026-08-30T18:37:16.977706Z,2514.16,2514.18,0.02,2514.17,-0.2622345964946259014008919950
ETH-USD,2026-08-30T18:37:17.022637Z,2514.16,2514.18,0.02,2514.17,-0.2622345964946259014008919950
ETH-USD,2026-08-30T18:37:17.12356Z,2514.16,2514.18,0.02,2514.17,-0.2684544946242154450972893804
ETH-USD,2026-08-30T18:37:17.173369Z,2514.16,2514.18,0.02,2514.17,-0.2684544946242154450972893804
ETH-USD,2026-08-30T18:37:17.274815Z,2514.17,2514.18,0.01,2514.175,-0.2504005880787605207898428685
ETH-USD,2026-08-30T18:37:17.303137Z,2514.17,2514.18,0.01,2514.175,-0.2504005880787605207898428685
ETH-USD,2026-08-30T18:37:17.333332Z,2514.16,2514.18,0.02,2514.17,-0.2684544946242154450972893804
ETH-USD,2026-08-30T18:37:17.426414Z,2514.16,2514.18,0.02,2514.17,-0.3216755559036780279578024047
ETH-USD,2026-08-30T18:37:17.47441Z,2514.16,2514.18,0.02,2514.17,-0.3216755559036780279578024047
ETH-USD,2026-08-30T18:37:17.517186Z,2514.16,2514.18,0.02,2514.17,-0.3216755559036780279578024047
ETH-USD,2026-08-30T18:37:17.57385Z,2514.16,2514.18,0.02,2514.17,-0.3216755559036780279578024047
ETH-USD,2026-08-30T18:37:17.604341Z,2514.16,2514.18,0.02,2514.17,-0.3216755559036780279578024047
ETH-USD,2026-08-30T18:37:17.72594Z,2514.16,2514.18,0.02,2514.17,-0.3216755559036780279578024047
ETH-USD,2026-08-30T18:37:17.768765Z,2514.16,2514.18,0.02,2514.17,-0.3216755559036780279578024047
ETH-USD,2026-08-30T18:37:17.776798Z,2514.16,2514.18,0.02,2514.17,-0.3216755559036780279578024047
ETH-USD,2026-08-30T18:37:17.867341Z,2514.16,2514.18,0.02,2514.17,0.009091499465761598080794940184
ETH-USD,2026-08-30T18:37:17.928913Z,2514.16,2514.18,0.02,2514.17,0.009091499465761598080794940184
ETH-USD,2026-08-30T18:37:17.969047Z,2514.16,2514.18,0.02,2514.17,0.009091499465761598080794940184
ETH-USD,2026-08-30T18:37:18.013831Z,2514.16,2514.18,0.02,2514.17,0.009091499465761598080794940184
ETH-USD,2026-08-30T18:37:18.077852Z,2514.16,2514.18,0.02,2514.17,0.009091499465761598080794940184
ETH-USD,2026-08-30T18:37:18.093607Z,2514.17,2514.18,0.01,2514.175,-0.2497663075694273998942130804
ETH-USD,2026-08-30T18:37:18.150415Z,2514.17,2514.18,0.01,2514.175,-0.2497663075694273998942130804
ETH-USD,2026-08-30T18:37:18.175578Z,2514.17,2514.18,0.01,2514.175,-0.2497663075694273998942130804
ETH-USD,2026-08-30T18:37:18.257465Z,2514.17,2514.18,0.01,2514.175,-0.2684544946242154450972893804
ETH-USD,2026-08-30T18:37:18.321153Z,2514.17,2514.18,0.01,2514.175,-0.2684544946242154450972893804
ETH-USD,2026-08-30T18:37:18.372518Z,2514.16,2514.18,0.02,2514.17,0.06802209541511045421347766098
ETH-USD,2026-08-30T18:37:18.418148Z,2514.33,2514.61,0.28,2514.47,0.9117183776341936620840819675
ETH-USD,2026-08-30T18:37:18.472302Z,2514.81,2515.07,0.26,2514.94,0.3919275445105362464224323298
ETH-USD,2026-08-30T18:37:18.581118Z,2514.91,2515.19,0.28,2515.05,0.5709129759049050761746308223
ETH-USD,2026-08-30T18:37:18.618644Z,2514.91,2515.05,0.14,2514.98,0.2869436374878384011949215493
ETH-USD,2026-08-30T18:37:18.671157Z,2514.9,2514.91,0.01,2514.905,0.2150943426893703084526111069
ETH-USD,2026-08-30T18:37:18.775123Z,2514.91,2514.95,0.04,2514.93,0.2257028008387436989191815854
ETH-USD,2026-08-30T18:37:18.797999Z,2514.91,2514.95,0.04,2514.93,0.2971134258229433452226278343
ETH-USD,2026-08-30T18:37:18.873972Z,2514.91,2514.93,0.02,2514.92,0.2971134258229433452226278343
ETH-USD,2026-08-30T18:37:18.96595Z,2514.91,2514.93,0.02,2514.92,0.2971134258229433452226278343
ETH-USD,2026-08-30T18:37:19.017216Z,2514.91,2514.93,0.02,2514.92,0.2971134258229433452226278343
ETH-USD,2026-08-30T18:37:19.029511Z,2514.91,2514.93,0.02,2514.92,0.2971134258229433452226278343
ETH-USD,2026-08-30T18:37:19.078378Z,2514.91,2514.93,0.02,2514.92,0.4907902716262637940871999028
ETH-USD,2026-08-30T18:37:19.123171Z,2514.91,2514.93,0.02,2514.92,0.4907902716262637940871999028
ETH-USD,2026-08-30T18:37:19.140693Z,2514.91,2514.93,0.02,2514.92,0.4907902716262637940871999028
ETH-USD,2026-08-30T18:37:19.268749Z,2514.91,2514.93,0.02,2514.92,0.4907902716262637940871999028
ETH-USD,2026-08-30T18:37:19.274735Z,2514.91,2514.93,0.02,2514.92,0.4907902716262637940871999028
ETH-USD,2026-08-30T18:37:19.345432Z,2514.9,2514.91,0.01,2514.905,0.3272366631710167301081557841
ETH-USD,2026-08-30T18:37:19.428877Z,2514.9,2514.91,0.01,2514.905,0.3225985217656381010657070708
ETH-USD,2026-08-30T18:37:19.456396Z,2514.9,2514.91,0.01,2514.905,0.2748278280677787918446884121
ETH-USD,2026-08-30T18:37:19.518075Z,2514.9,2514.91,0.01,2514.905,0.2767731743952075390399421028
ETH-USD,2026-08-30T18:37:19.573771Z,2514.9,2514.91,0.01,2514.905,0.2700452771169124958447144691
ETH-USD,2026-08-30T18:37:19.667004Z,2514.9,2514.91,0.01,2514.905,0.2700452771169124958447144691
ETH-USD,2026-08-30T18:37:19.772426Z,2514.9,2514.91,0.01,2514.905,0.3923376360995591112535660913
ETH-USD,2026-08-30T18:37:19.822683Z,2514.9,2514.91,0.01,2514.905,0.2754724629594162619085887872
ETH-USD,2026-08-30T18:37:19.875339Z,2514.9,2514.91,0.01,2514.905,0.1734432045652891765981215822
ETH-USD,2026-08-30T18:37:19.879038Z,2514.9,2514.91,0.01,2514.905,0.1734432045652891765981215822
ETH-USD,2026-08-30T18:37:19.978044Z,2514.9,2514.91,0.01,2514.905,0.1734432045652891765981215822
ETH-USD,2026-08-30T18:37:20.02167Z,2514.9,2514.91,0.01,2514.905,0.09790462974547490250121382239
ETH-USD,2026-08-30T18:37:20.053987Z,2514.9,2514.91,0.01,2514.905,0.1431808857279492390246959745
ETH-USD,2026-08-30T18:37:20.128376Z,2514.9,2514.91,0.01,2514.905,0.1431808857279492390246959745
ETH-USD,2026-08-30T18:37:20.174751Z,2514.9,2514.91,0.01,2514.905,0.2142778513549025837687913825
ETH-USD,2026-08-30T18:37:20.205783Z,2514.9,2514.91,0.01,2514.905,0.1678456482658026055620849476
ETH-USD,2026-08-30T18:37:20.286297Z,2514.9,2514.91,0.01,2514.905,0.4013901394710367781038088740
ETH-USD,2026-08-30T18:37:20.303465Z,2514.9,2514.91,0.01,2514.905,0.4013898673945215209101923149
ETH-USD,2026-08-30T18:37:20.376744Z,2514.9,2514.91,0.01,2514.905,0.1673587657119436407208702164
ETH-USD,2026-08-30T18:37:20.432554Z,2514.9,2514.91,0.01,2514.905,0.1673587657119436407208702164
ETH-USD,2026-08-30T18:37:20.474203Z,2514.9,2514.91,0.01,2514.905,0.1673587657119436407208702164
ETH-USD,2026-08-30T18:37:20.492878Z,2514.9,2514.91,0.01,2514.905,0.1673587657119436407208702164
ETH-USD,2026-08-30T18:37:20.579432Z,2514.9,2514.91,0.01,2514.905,0.1691762219082824942894011963
ETH-USD,2026-08-30T18:37:20.590256Z,2514.9,2514.91,0.01,2514.905,0.1696622563025588025996850634
ETH-USD,2026-08-30T18:37:20.645493Z,2514.9,2514.91,0.01,2514.905,0.1696622563025588025996850634
ETH-USD,2026-08-30T18:37:20.726117Z,2514.9,2514.91,0.01,2514.905,0.1696622563025588025996850634
ETH-USD,2026-08-30T18:37:20.774175Z,2514.9,2514.91,0.01,2514.905,0.1696622563025588025996850634
ETH-USD,2026-08-30T18:37:20.821809Z,2514.9,2514.91,0.01,2514.905,0.1696622563025588025996850634
ETH-USD,2026-08-30T18:37:20.876502Z,2514.9,2514.91,0.01,2514.905,0.1696622563025588025996850634
ETH-USD,2026-08-30T18:37:21.021799Z,2514.9,2514.91,0.01,2514.905,0.1705895853022745019499019322
ETH-USD,2026-08-30T18:37:21.077692Z,2514.9,2514.91,0.01,2514.905,0.1705895853022745019499019322
ETH-USD,2026-08-30T18:37:21.180389Z,2514.9,2514.91,0.01,2514.905,0.4032087422286420849382555723
ETH-USD,2026-08-30T18:37:21.274528Z,2514.9,2514.91,0.01,2514.905,0.4032087422286420849382555723
ETH-USD,2026-08-30T18:37:21.305114Z,2514.9,2514.91,0.01,2514.905,0.4032087422286420849382555723
ETH-USD,2026-08-30T18:37:21.37496Z,2514.9,2514.91,0.01,2514.905,0.4032087422286420849382555723
ETH-USD,2026-08-30T18:37:21.473508Z,2514.9,2514.91,0.01,2514.905,0.1700110250137598412552365108
ETH-USD,2026-08-30T18:37:21.516913Z,2514.9,2514.91,0.01,2514.905,0.1700110250137598412552365108
ETH-USD,2026-08-30T18:37:21.582409Z,2514.9,2514.91,0.01,2514.905,0.1700110250137598412552365108
ETH-USD,2026-08-30T18:37:21.593412Z,2514.9,2514.91,0.01,2514.905,0.1700110250137598412552365108
ETH-USD,2026-08-30T18:37:21.668056Z,2514.9,2514.91,0.01,2514.905,0.1700110250137598412552365108
ETH-USD,2026-08-30T18:37:21.682401Z,2514.9,2514.91,0.01,2514.905,0.1707460657207886741750486683
ETH-USD,2026-08-30T18:37:21.781003Z,2514.9,2514.91,0.01,2514.905,0.1707460657207886741750486683
ETH-USD,2026-08-30T18:37:21.975993Z,2514.9,2514.91,0.01,2514.905,0.1707460657207886741750486683
ETH-USD,2026-08-30T18:37:22.022131Z,2514.9,2514.91,0.01,2514.905,0.1392449319924597456817023932
ETH-USD,2026-08-30T18:37:22.076353Z,2514.9,2514.91,0.01,2514.905,0.1392449319924597456817023932
ETH-USD,2026-08-30T18:37:22.275209Z,2514.9,2514.91,0.01,2514.905,0.4041430503690810135659619763
ETH-USD,2026-08-30T18:37:22.324135Z,2514.9,2514.91,0.01,2514.905,0.4041430503690810135659619763
ETH-USD,2026-08-30T18:37:22.374291Z,2514.9,2514.91,0.01,2514.905,0.4041430503690810135659619763
ETH-USD,2026-08-30T18:37:22.574252Z,2514.9,2514.91,0.01,2514.905,0.1707460657207886741750486683
ETH-USD,2026-08-30T18:37:22.599513Z,2514.9,2514.91,0.01,2514.905,0.1707460657207886741750486683
ETH-USD,2026-08-30T18:37:22.67304Z,2514.9,2514.91,0.01,2514.905,0.1707460657207886741750486683
ETH-USD,2026-08-30T18:37:22.716908Z,2514.9,2514.91,0.01,2514.905,0.1707460657207886741750486683
ETH-USD,2026-08-30T18:37:22.741187Z,2514.9,2514.91,0.01,2514.905,0.1707460657207886741750486683
ETH-USD,2026-08-30T18:37:22.87654Z,2514.9,2514.91,0.01,2514.905,0.1707460657207886741750486683
ETH-USD,2026-08-30T18:37:22.915398Z,2514.9,2514.91,0.01,2514.905,0.1707460657207886741750486683
ETH-USD,2026-08-30T18:37:22.971581Z,2514.9,2514.91,0.01,2514.905,0.1707460657207886741750486683
ETH-USD,2026-08-30T18:37:23.02368Z,2514.9,2514.91,0.01,2514.905,0.1392449319924597456817023932
ETH-USD,2026-08-30T18:37:23.073054Z,2514.9,2514.91,0.01,2514.905,0.1415137082064053522048123326
ETH-USD,2026-08-30T18:37:23.080965Z,2514.9,2514.91,0.01,2514.905,0.1415137082064053522048123326
ETH-USD,2026-08-30T18:37:23.173894Z,2514.9,2514.91,0.01,2514.905,0.3787725055774730848054693191
ETH-USD,2026-08-30T18:37:23.204312Z,2514.9,2514.91,0.01,2514.905,0.4070096833459520371162322137
ETH-USD,2026-08-30T18:37:23.274171Z,2514.9,2514.91,0.01,2514.905,0.1740750857654683048173784735
ETH-USD,2026-08-30T18:37:23.286262Z,2514.9,2514.91,0.01,2514.905,0.1733297626763192988750860176
ETH-USD,2026-08-30T18:37:23.365114Z,2514.9,2514.91,0.01,2514.905,0.1733297626763192988750860176
ETH-USD,2026-08-30T18:37:23.400667Z,2514.9,2514.91,0.01,2514.905,0.1733297626763192988750860176
ETH-USD,2026-08-30T18:37:23.47211Z,2514.9,2514.91,0.01,2514.905,0.1733297626763192988750860176
ETH-USD,2026-08-30T18:37:23.530571Z,2514.9,2514.91,0.01,2514.905,0.1733297626763192988750860176
ETH-USD,2026-08-30T18:37:23.569987Z,2514.9,2514.91,0.01,2514.905,0.1733297626763192988750860176
ETH-USD,2026-08-30T18:37:23.61285Z,2514.9,2514.91,0.01,2514.905,0.1733297626763192988750860176
ETH-USD,2026-08-30T18:37:23.764381Z,2514.9,2514.91,0.01,2514.905,0.1733297626763192988750860176
ETH-USD,2026-08-30T18:37:23.815628Z,2514.9,2514.91,0.01,2514.905,0.1733297626763192988750860176
ETH-USD,2026-08-30T18:37:23.875214Z,2514.9,2514.91,0.01,2514.905,0.1733297626763192988750860176
ETH-USD,2026-08-30T18:37:23.975501Z,2514.9,2514.91,0.01,2514.905,0.1733297626763192988750860176
ETH-USD,2026-08-30T18:37:24.022068Z,2514.9,2514.91,0.01,2514.905,0.1740750857654683048173784735
ETH-USD,2026-08-30T18:37:24.076401Z,2514.9,2514.91,0.01,2514.905,0.1740750857654683048173784735
ETH-USD,2026-08-30T18:37:24.127261Z,2514.9,2514.91,0.01,2514.905,0.1740750857654683048173784735
ETH-USD,2026-08-30T18:37:24.174169Z,2514.9,2514.91,0.01,2514.905,0.1740750857654683048173784735
ETH-USD,2026-08-30T18:37:24.207006Z,2514.9,2514.91,0.01,2514.905,0.1740750857654683048173784735
ETH-USD,2026-08-30T18:37:24.239434Z,2514.9,2514.91,0.01,2514.905,0.1762761469071839178663599131
ETH-USD,2026-08-30T18:37:24.371405Z,2514.9,2514.91,0.01,2514.905,0.1755280275458261883199914227
ETH-USD,2026-08-30T18:37:24.416234Z,2514.9,2514.91,0.01,2514.905,0.1755280275458261883199914227
ETH-USD,2026-08-30T18:37:24.464547Z,2514.9,2514.91,0.01,2514.905,0.1755280275458261883199914227
ETH-USD,2026-08-30T18:37:24.521425Z,2514.9,2514.91,0.01,2514.905,0.1755280275458261883199914227
ETH-USD,2026-08-30T18:37:24.62899Z,2514.9,2514.91,0.01,2514.905,0.1755280275458261883199914227
ETH-USD,2026-08-30T18:37:24.779908Z,2514.9,2514.91,0.01,2514.905,0.1755280275458261883199914227
ETH-USD,2026-08-30T18:37:24.974672Z,2514.9,2514.91,0.01,2514.905,0.1755280275458261883199914227
ETH-USD,2026-08-30T18:37:25.015897Z,2514.9,2514.91,0.01,2514.905,0.1755280275458261883199914227
ETH-USD,2026-08-30T18:37:25.073307Z,2514.9,2514.91,0.01,2514.905,0.1762761469071839178663599131
ETH-USD,2026-08-30T18:37:25.187801Z,2514.9,2514.91,0.01,2514.905,0.1762761469071839178663599131
ETH-USD,2026-08-30T18:37:25.264357Z,2514.9,2514.91,0.01,2514.905,0.1435942672495670161360318810
ETH-USD,2026-08-30T18:37:25.272103Z,2514.9,2514.91,0.01,2514.905,0.1435942672495670161360318810
ETH-USD,2026-08-30T18:37:25.37247Z,2514.9,2514.91,0.01,2514.905,0.1762761469071839178663599131
ETH-USD,2026-08-30T18:37:25.411885Z,2514.9,2514.91,0.01,2514.905,0.2474972720330189744902296371
ETH-USD,2026-08-30T18:37:25.526461Z,2515.05,2515.06,0.01,2515.055,0.4364819116493198007308506278
ETH-USD,2026-08-30T18:37:25.575097Z,2514.95,2515.06,0.11,2515.005,0.6269185835113742075215010765
ETH-USD,2026-08-30T18:37:25.612966Z,2514.95,2515.06,0.11,2515.005,0.4349181210204568598438948655
ETH-USD,2026-08-30T18:37:25.661935Z,2514.95,2515.03,0.08,2514.99,0.8389543952623023184240580798
ETH-USD,2026-08-30T18:37:25.720998Z,2514.97,2515.03,0.06,2515.00,0.4292658847467836133967814639
ETH-USD,2026-08-30T18:37:25.773973Z,2515,2515.03,0.03,2515.015,0.7072883472377126165297502368
ETH-USD,2026-08-30T18:37:25.828766Z,2515.02,2515.03,0.01,2515.025,0.1157507864725923542812880933
ETH-USD,2026-08-30T18:37:25.872047Z,2515.02,2515.03,0.01,2515.025,0.04538431459953170391006727044
ETH-USD,2026-08-30T18:37:25.915512Z,2515.02,2515.03,0.01,2515.025,0.4257629785930900710058507487
ETH-USD,2026-08-30T18:37:25.974133Z,2515.02,2515.03,0.01,2515.025,0.7563683121071940085339162378
ETH-USD,2026-08-30T18:37:26.004014Z,2515.02,2515.03,0.01,2515.025,0.5155892196277546933438440707
ETH-USD,2026-08-30T18:37:26.068789Z,2515.02,2515.03,0.01,2515.025,0.5162419376842023093740877436
ETH-USD,2026-08-30T18:37:26.163187Z,2515.16,2515.2,0.04,2515.18,0.2863714016127469048535511768
ETH-USD,2026-08-30T18:37:26.202329Z,2515.24,2515.25,0.01,2515.245,0.2103232706002140634991736734
ETH-USD,2026-08-30T18:37:26.266549Z,2515.24,2515.25,0.01,2515.245,0.1277792426933637985718318813
ETH-USD,2026-08-30T18:37:26.302172Z,2515.18,2515.19,0.01,2515.185,0.2104238925700747983559719552
ETH-USD,2026-08-30T18:37:26.417098Z,2515.18,2515.19,0.01,2515.185,0.2873257771934296277458119609
ETH-USD,2026-08-30T18:37:26.46856Z,2515.18,2515.25,0.07,2515.215,0.2224352658039953893863318273
ETH-USD,2026-08-30T18:37:26.487723Z,2515.05,2515.25,0.20,2515.15,0.2224352658039953893863318273
ETH-USD,2026-08-30T18:37:26.576259Z,2515.19,2515.24,0.05,2515.215,0.1407301212032648178173577382
ETH-USD,2026-08-30T18:37:26.609655Z,2515.75,2515.76,0.01,2515.755,0.8975593765104782913959580805
ETH-USD,2026-08-30T18:37:26.639066Z,2515.99,2516,0.01,2515.995,0.7345400151799775605285521040
ETH-USD,2026-08-30T18:37:26.772441Z,2516.54,2516.57,0.03,2516.555,0.7083777657187721281872515205
ETH-USD,2026-08-30T18:37:26.782552Z,2516.54,2516.57,0.03,2516.555,0.5927598749636376928624294331
ETH-USD,2026-08-30T18:37:26.862549Z,2516.52,2516.53,0.01,2516.525,0.7569973053239091855499514931
ETH-USD,2026-08-30T18:37:26.977663Z,2516.52,2516.56,0.04,2516.54,0.2286828589320607841829429391
ETH-USD,2026-08-30T18:37:27.016313Z,2516.52,2516.57,0.05,2516.545,0.2265417148595511987155499581
ETH-USD,2026-08-30T18:37:27.025544Z,2516.52,2516.57,0.05,2516.545,0.2265417148595511987155499581
ETH-USD,2026-08-30T18:37:27.068895Z,2516.52,2516.57,0.05,2516.545,0.2265417148595511987155499581
ETH-USD,2026-08-30T18:37:27.116619Z,2516.53,2516.57,0.04,2516.55,0.3544095974331402399317498891
ETH-USD,2026-08-30T18:37:27.198881Z,2516.55,2516.56,0.01,2516.555,0.3599298302962055584351218012
ETH-USD,2026-08-30T18:37:27.289232Z,2516.55,2516.56,0.01,2516.555,0.3597531847516027506060928940
ETH-USD,2026-08-30T18:37:27.335094Z,2516.55,2516.56,0.01,2516.555,0.3597531847516027506060928940
ETH-USD,2026-08-30T18:37:27.367725Z,2516.55,2516.56,0.01,2516.555,0.3597531847516027506060928940
ETH-USD,2026-08-30T18:37:27.479296Z,2516.55,2516.56,0.01,2516.555,0.3599326486363411684019276324
ETH-USD,2026-08-30T18:37:27.50804Z,2516.55,2516.56,0.01,2516.555,0.3591627439029010802909610080
ETH-USD,2026-08-30T18:37:27.60809Z,2516.55,2516.56,0.01,2516.555,0.3045533306241000567997718484
ETH-USD,2026-08-30T18:37:27.658799Z,2516.55,2516.56,0.01,2516.555,0.3071852325808772193995386007
ETH-USD,2026-08-30T18:37:27.677947Z,2516.55,2516.56,0.01,2516.555,0.3071852325808772193995386007
ETH-USD,2026-08-30T18:37:27.855489Z,2516.55,2516.56,0.01,2516.555,0.3071852325808772193995386007
ETH-USD,2026-08-30T18:37:27.893512Z,2516.55,2516.56,0.01,2516.555,0.3071852325808772193995386007
ETH-USD,2026-08-30T18:37:27.964567Z,2516.55,2516.56,0.01,2516.555,0.3071852325808772193995386007
ETH-USD,2026-08-30T18:37:28.015402Z,2516.55,2516.56,0.01,2516.555,0.3071852325808772193995386007
ETH-USD,2026-08-30T18:37:28.072972Z,2516.55,2516.56,0.01,2516.555,0.3079904544072683193974719424
ETH-USD,2026-08-30T18:37:28.160308Z,2516.55,2516.56,0.01,2516.555,0.3079904544072683193974719424
ETH-USD,2026-08-30T18:37:28.229326Z,2516.55,2516.56,0.01,2516.555,0.3079904544072683193974719424
ETH-USD,2026-08-30T18:37:28.275124Z,2516.55,2516.56,0.01,2516.555,0.3079904544072683193974719424
ETH-USD,2026-08-30T18:37:28.334643Z,2516.55,2516.56,0.01,2516.555,0.3079904544072683193974719424
ETH-USD,2026-08-30T18:37:28.377402Z,2516.55,2516.56,0.01,2516.555,0.3079904544072683193974719424
ETH-USD,2026-08-30T18:37:28.385582Z,2516.55,2516.56,0.01,2516.555,0.3079904544072683193974719424
ETH-USD,2026-08-30T18:37:28.477097Z,2516.55,2516.56,0.01,2516.555,0.3079904544072683193974719424
ETH-USD,2026-08-30T18:37:28.489736Z,2516.55,2516.56,0.01,2516.555,0.3079904544072683193974719424
ETH-USD,2026-08-30T18:37:28.579672Z,2516.55,2516.56,0.01,2516.555,0.2445488192307522042317688173
ETH-USD,2026-08-30T18:37:28.594944Z,2516.55,2516.56,0.01,2516.555,0.2445488192307522042317688173
ETH-USD,2026-08-30T18:37:28.665499Z,2516.55,2516.56,0.01,2516.555,0.2445488192307522042317688173
ETH-USD,2026-08-30T18:37:28.721255Z,2516.55,2516.56,0.01,2516.555,0.2445488192307522042317688173
ETH-USD,2026-08-30T18:37:28.745672Z,2516.55,2516.56,0.01,2516.555,0.2445488192307522042317688173
ETH-USD,2026-08-30T18:37:28.787015Z,2516.55,2516.56,0.01,2516.555,0.2445488192307522042317688173
ETH-USD,2026-08-30T18:37:28.849864Z,2516.55,2516.56,0.01,2516.555,0.2445488192307522042317688173
ETH-USD,2026-08-30T18:37:28.915198Z,2516.55,2516.56,0.01,2516.555,0.2445488192307522042317688173
ETH-USD,2026-08-30T18:37:28.972425Z,2516.55,2516.56,0.01,2516.555,0.2445483720504322740130491230
ETH-USD,2026-08-30T18:37:29.015655Z,2516.55,2516.56,0.01,2516.555,0.2445483720504322740130491230
ETH-USD,2026-08-30T18:37:29.055639Z,2516.54,2516.55,0.01,2516.545,0.5975475924429200197710032278
ETH-USD,2026-08-30T18:37:29.067551Z,2516.52,2516.55,0.03,2516.535,0.3043199293404711156379593472
ETH-USD,2026-08-30T18:37:29.091799Z,2516.52,2516.53,0.01,2516.525,0.5014370087018351611353491158
ETH-USD,2026-08-30T18:37:29.42058Z,2516.09,2516.1,0.01,2516.095,0.1759446294278259177308485635
ETH-USD,2026-08-30T18:37:29.471809Z,2516.09,2516.1,0.01,2516.095,-0.2903321236057861317940667758
ETH-USD,2026-08-30T18:37:29.524969Z,2516.09,2516.1,0.01,2516.095,-0.2903321236057861317940667758
ETH-USD,2026-08-30T18:37:29.567526Z,2516.09,2516.1,0.01,2516.095,-0.1897941144734814861158258237
ETH-USD,2026-08-30T18:37:29.618103Z,2516.09,2516.1,0.01,2516.095,-0.1897941144734814861158258237
ETH-USD,2026-08-30T18:37:29.656083Z,2516.09,2516.1,0.01,2516.095,-0.1897041420547132766941823802
ETH-USD,2026-08-30T18:37:29.663738Z,2516.09,2516.1,0.01,2516.095,-0.1897041420547132766941823802
ETH-USD,2026-08-30T18:37:29.892211Z,2516.09,2516.1,0.01,2516.095,0.2951846503441189096045373508
ETH-USD,2026-08-30T18:37:29.9443Z,2516.09,2516.1,0.01,2516.095,0.2951846503441189096045373508
ETH-USD,2026-08-30T18:37:30.01755Z,2516.09,2516.1,0.01,2516.095,0.2951846503441189096045373508
ETH-USD,2026-08-30T18:37:30.07532Z,2516.09,2516.1,0.01,2516.095,0.2951846503441189096045373508
ETH-USD,2026-08-30T18:37:30.276265Z,2516.09,2516.1,0.01,2516.095,0.2968301285874877355439431089
ETH-USD,2026-08-30T18:37:30.358167Z,2516.09,2516.1,0.01,2516.095,0.2968301285874877355439431089
ETH-USD,2026-08-30T18:37:30.371207Z,2516.09,2516.1,0.01,2516.095,0.3095426370519431756445372884
ETH-USD,2026-08-30T18:37:30.440738Z,2516.09,2516.1,0.01,2516.095,0.3095426370519431756445372884
ETH-USD,2026-08-30T18:37:30.472021Z,2516.09,2516.1,0.01,2516.095,0.3095426370519431756445372884
ETH-USD,2026-08-30T18:37:30.518032Z,2516.09,2516.1,0.01,2516.095,0.3095426370519431756445372884
ETH-USD,2026-08-30T18:37:30.568563Z,2516.09,2516.1,0.01,2516.095,0.3095426370519431756445372884
ETH-USD,2026-08-30T18:37:30.668326Z,2516.09,2516.1,0.01,2516.095,0.3095426370519431756445372884
ETH-USD,2026-08-30T18:37:30.71651Z,2516.09,2516.1,0.01,2516.095,0.3095426370519431756445372884
ETH-USD,2026-08-30T18:37:30.772158Z,2516.09,2516.1,0.01,2516.095,0.3095426370519431756445372884
ETH-USD,2026-08-30T18:37:30.787853Z,2516.09,2516.1,0.01,2516.095,0.3086678516381760631515504510
ETH-USD,2026-08-30T18:37:30.86983Z,2516.09,2516.1,0.01,2516.095,0.3086678516381760631515504510
ETH-USD,2026-08-30T18:37:30.924401Z,2516.09,2516.1,0.01,2516.095,0.3086678516381760631515504510
ETH-USD,2026-08-30T18:37:30.963211Z,2516.14,2516.15,0.01,2516.145,0.7793816620154593215332442310
ETH-USD,2026-08-30T18:37:31.011074Z,2516.14,2516.15,0.01,2516.145,0.4309947099887470226203200251
ETH-USD,2026-08-30T18:37:31.080582Z,2516.14,2516.15,0.01,2516.145,0.4543075198136259453834583717
ETH-USD,2026-08-30T18:37:31.128561Z,2516.14,2516.15,0.01,2516.145,0.4558761776819282854735678776
ETH-USD,2026-08-30T18:37:31.15566Z,2516.14,2516.15,0.01,2516.145,0.4558761776819282854735678776
ETH-USD,2026-08-30T18:37:31.201041Z,2516.14,2516.15,0.01,2516.145,0.4380220116096720748804126216
ETH-USD,2026-08-30T18:37:31.268092Z,2516.14,2516.15,0.01,2516.145,0.4380220116096720748804126216
ETH-USD,2026-08-30T18:37:31.288304Z,2516.14,2516.15,0.01,2516.145,0.4380220116096720748804126216
ETH-USD,2026-08-30T18:37:31.373635Z,2516.14,2516.15,0.01,2516.145,0.4380220116096720748804126216
ETH-USD,2026-08-30T18:37:31.404174Z,2516.14,2516.15,0.01,2516.145,0.4380220116096720748804126216
ETH-USD,2026-08-30T18:37:31.474806Z,2516.14,2516.15,0.01,2516.145,0.4380220116096720748804126216
ETH-USD,2026-08-30T18:37:31.498456Z,2516.14,2516.15,0.01,2516.145,0.4380220116096720748804126216
ETH-USD,2026-08-30T18:37:31.576813Z,2516.14,2516.15,0.01,2516.145,0.01480466971151172074331380911
ETH-USD,2026-08-30T18:37:31.610486Z,2516.14,2516.15,0.01,2516.145,0.2305132179391520970330758196
ETH-USD,2026-08-30T18:37:31.672998Z,2516.14,2516.15,0.01,2516.145,0.2305132179391520970330758196
ETH-USD,2026-08-30T18:37:31.728621Z,2516.14,2516.15,0.01,2516.145,0.1177623490142224217977265741
ETH-USD,2026-08-30T18:37:31.75106Z,2516.14,2516.15,0.01,2516.145,0.1177623490142224217977265741
ETH-USD,2026-08-30T18:37:31.828766Z,2516.14,2516.15,0.01,2516.145,0.2497796489340614913565815223
ETH-USD,2026-08-30T18:37:31.869921Z,2516.14,2516.15,0.01,2516.145,0.01190442022327111683418421424
ETH-USD,2026-08-30T18:37:31.912051Z,2516.14,2516.15,0.01,2516.145,0.2371763834601348909390517407
ETH-USD,2026-08-30T18:37:31.977066Z,2516.14,2516.15,0.01,2516.145,0.2371763834601348909390517407
ETH-USD,2026-08-30T18:37:32.019963Z,2516.14,2516.15,0.01,2516.145,0.1130825726358812307949114495
ETH-USD,2026-08-30T18:37:32.05433Z,2516.14,2516.15,0.01,2516.145,0.2288196979766190179040447648
ETH-USD,2026-08-30T18:37:32.100708Z,2516.14,2516.15,0.01,2516.145,0.2288196979766190179040447648
ETH-USD,2026-08-30T18:37:32.182407Z,2516.14,2516.15,0.01,2516.145,0.2288196979766190179040447648
ETH-USD,2026-08-30T18:37:32.249874Z,2516.14,2516.15,0.01,2516.145,0.2288196979766190179040447648
ETH-USD,2026-08-30T18:37:32.35695Z,2516.14,2516.15,0.01,2516.145,0.2286955891648438553200001112
ETH-USD,2026-08-30T18:37:32.423798Z,2516.14,2516.15,0.01,2516.145,0.2286955891648438553200001112
ETH-USD,2026-08-30T18:37:32.468639Z,2516.14,2516.15,0.01,2516.145,0.2286955891648438553200001112
ETH-USD,2026-08-30T18:37:32.516907Z,2516.14,2516.15,0.01,2516.145,0.2286955891648438553200001112
ETH-USD,2026-08-30T18:37:32.571938Z,2516.14,2516.15,0.01,2516.145,0.3416760667475283414932875962
ETH-USD,2026-08-30T18:37:32.59675Z,2516.14,2516.15,0.01,2516.145,0.4197977386708808958359985796
ETH-USD,2026-08-30T18:37:32.664673Z,2516.14,2516.15,0.01,2516.145,0.4705946169432642319433653053
ETH-USD,2026-08-30T18:37:32.768306Z,2516.14,2516.15,0.01,2516.145,0.3281570809681258937731170949
ETH-USD,2026-08-30T18:37:32.774908Z,2516.14,2516.15,0.01,2516.145,0.3281570809681258937731170949
ETH-USD,2026-08-30T18:37:32.871257Z,2516.14,2516.15,0.01,2516.145,0.3236733643049701350692183617
ETH-USD,2026-08-30T18:37:32.922317Z,2516.14,2516.15,0.01,2516.145,0.3236733643049701350692183617
ETH-USD,2026-08-30T18:37:32.976572Z,2516.14,2516.15,0.01,2516.145,0.2286590721780862731530742934
ETH-USD,2026-08-30T18:37:33.02115Z,2516.14,2516.15,0.01,2516.145,0.2277807885157208525129734755
ETH-USD,2026-08-30T18:37:33.073534Z,2516.14,2516.15,0.01,2516.145,0.2277807885157208525129734755
ETH-USD,2026-08-30T18:37:33.099291Z,2516.14,2516.15,0.01,2516.145,0.2277807885157208525129734755
ETH-USD,2026-08-30T18:37:33.170036Z,2516.14,2516.15,0.01,2516.145,0.2277807885157208525129734755
ETH-USD,2026-08-30T18:37:33.217016Z,2516.14,2516.15,0.01,2516.145,0.2277807885157208525129734755
ETH-USD,2026-08-30T18:37:33.237392Z,2516.14,2516.15,0.01,2516.145,0.2047962919226946253053674278
ETH-USD,2026-08-30T18:37:33.328546Z,2516.14,2516.15,0.01,2516.145,0.2047962919226946253053674278
ETH-USD,2026-08-30T18:37:33.372689Z,2516.14,2516.15,0.01,2516.145,0.2047962919226946253053674278
ETH-USD,2026-08-30T18:37:33.433286Z,2516.14,2516.15,0.01,2516.145,0.2047962919226946253053674278
ETH-USD,2026-08-30T18:37:33.472584Z,2516.14,2516.15,0.01,2516.145,0.2047962919226946253053674278
ETH-USD,2026-08-30T18:37:33.515558Z,2516.14,2516.15,0.01,2516.145,0.2047962919226946253053674278
ETH-USD,2026-08-30T18:37:33.582032Z,2516.14,2516.15,0.01,2516.145,0.3236733643049701350692183617
ETH-USD,2026-08-30T18:37:33.596094Z,2516.14,2516.15,0.01,2516.145,0.2385017995009719537628622171
ETH-USD,2026-08-30T18:37:33.675217Z,2516.14,2516.15,0.01,2516.145,0.2385017995009719537628622171
ETH-USD,2026-08-30T18:37:33.774283Z,2516.12,2516.13,0.01,2516.125,-0.4996413982439775430547586007
ETH-USD,2026-08-30T18:37:33.832474Z,2516.12,2516.13,0.01,2516.125,0.1014711550629393949115520115
ETH-USD,2026-08-30T18:37:33.878631Z,2516.1,2516.12,0.02,2516.11,-0.4551760425871014218820043940
ETH-USD,2026-08-30T18:37:33.913308Z,2516.1,2516.12,0.02,2516.11,0.4242835829558456621165789462
ETH-USD,2026-08-30T18:37:33.980185Z,2516.08,2516.1,0.02,2516.09,-0.08154256444086142807772598608
ETH-USD,2026-08-30T18:37:34.020159Z,2516.08,2516.09,0.01,2516.085,-0.008148522124286377940431451739
ETH-USD,2026-08-30T18:37:34.077209Z,2516.08,2516.09,0.01,2516.085,0.2147286261341465851646633075
ETH-USD,2026-08-30T18:37:34.112221Z,2516.08,2516.09,0.01,2516.085,0.2137636204192216898824127934
ETH-USD,2026-08-30T18:37:34.190262Z,2516.08,2516.09,0.01,2516.085,0.2137636204192216898824127934
ETH-USD,2026-08-30T18:37:34.275988Z,2516.08,2516.09,0.01,2516.085,0.2137636204192216898824127934
ETH-USD,2026-08-30T18:37:34.320222Z,2516.08,2516.09,0.01,2516.085,0.2137636204192216898824127934
ETH-USD,2026-08-30T18:37:34.371867Z,2516.08,2516.09,0.01,2516.085,0.2137636204192216898824127934
ETH-USD,2026-08-30T18:37:34.42421Z,2515.79,2516.2,0.41,2515.995,0.4721375246076649054964621010
ETH-USD,2026-08-30T18:37:34.477739Z,2515.8,2515.82,0.02,2515.81,-0.1872879652885900209167422108
ETH-USD,2026-08-30T18:37:34.574498Z,2515.8,2515.82,0.02,2515.81,-0.09566027022413289373502730069
ETH-USD,2026-08-30T18:37:34.626644Z,2515.8,2515.82,0.02,2515.81,-0.09566027022413289373502730069
ETH-USD,2026-08-30T18:37:34.673175Z,2515.8,2515.82,0.02,2515.81,-0.09566027022413289373502730069
ETH-USD,2026-08-30T18:37:34.715554Z,2515.8,2515.82,0.02,2515.81,0.1895272007816575788324162316
ETH-USD,2026-08-30T18:37:34.779084Z,2515.8,2515.82,0.02,2515.81,0.1895272007816575788324162316
ETH-USD,2026-08-30T18:37:34.826527Z,2515.8,2515.82,0.02,2515.81,0.1047302128169312926256672507
ETH-USD,2026-08-30T18:37:34.882874Z,2515.8,2515.82,0.02,2515.81,0.1047302128169312926256672507
ETH-USD,2026-08-30T18:37:34.920709Z,2515.8,2515.82,0.02,2515.81,0.1047302128169312926256672507
ETH-USD,2026-08-30T18:37:34.999188Z,2515.8,2515.82,0.02,2515.81,0.1047302128169312926256672507
ETH-USD,2026-08-30T18:37:35.0157Z,2515.8,2515.82,0.02,2515.81,0.09833571704455254744841654683
ETH-USD,2026-08-30T18:37:35.126849Z,2515.8,2515.82,0.02,2515.81,0.2169152661853969709268259191
ETH-USD,2026-08-30T18:37:35.398303Z,2515.81,2515.82,0.01,2515.815,0.05509673196124101385281386663
ETH-USD,2026-08-30T18:37:35.41665Z,2515.81,2515.82,0.01,2515.815,0.05509673196124101385281386663
ETH-USD,2026-08-30T18:37:35.471582Z,2515.81,2515.82,0.01,2515.815,0.05509673196124101385281386663
ETH-USD,2026-08-30T18:37:35.553053Z,2515.81,2515.82,0.01,2515.815,0.1732938808720509703726139900
ETH-USD,2026-08-30T18:37:35.642135Z,2515.8,2515.82,0.02,2515.81,0.2319084319650454087828059711
ETH-USD,2026-08-30T18:37:35.773815Z,2515.8,2515.82,0.02,2515.81,0.2391785569536592682272926917
ETH-USD,2026-08-30T18:37:35.87624Z,2515.88,2515.89,0.01,2515.885,0.3472282035125369454146804451
ETH-USD,2026-08-30T18:37:35.919008Z,2515.9,2515.97,0.07,2515.935,0.2324446428283805605774934864
ETH-USD,2026-08-30T18:37:35.971578Z,2515.93,2515.94,0.01,2515.935,-0.08670412578666348824381187177
ETH-USD,2026-08-30T18:37:36.023998Z,2515.93,2515.94,0.01,2515.935,-0.08670412578666348824381187177
ETH-USD,2026-08-30T18:37:36.06955Z,2515.93,2515.94,0.01,2515.935,-0.09615760183419022358833835120
ETH-USD,2026-08-30T18:37:36.076044Z,2515.93,2515.94,0.01,2515.935,-0.09615760183419022358833835120
ETH-USD,2026-08-30T18:37:36.173124Z,2515.93,2515.94,0.01,2515.935,-0.09615760183419022358833835120
ETH-USD,2026-08-30T18:37:36.217357Z,2515.92,2515.94,0.02,2515.93,0.6555780288064793730112483555
ETH-USD,2026-08-30T18:37:36.26227Z,2515.92,2515.93,0.01,2515.925,0.1535473480431003155154520566
ETH-USD,2026-08-30T18:37:36.328116Z,2515.92,2515.93,0.01,2515.925,0.1535473480431003155154520566
ETH-USD,2026-08-30T18:37:36.374288Z,2515.92,2515.93,0.01,2515.925,0.1535473480431003155154520566
ETH-USD,2026-08-30T18:37:36.479021Z,2515.92,2515.93,0.01,2515.925,0.1535473480431003155154520566
ETH-USD,2026-08-30T18:37:36.486879Z,2515.92,2515.93,0.01,2515.925,0.1535473480431003155154520566
ETH-USD,2026-08-30T18:37:36.571089Z,2516.11,2516.12,0.01,2516.115,0.9999956454006360744724764699
ETH-USD,2026-08-30T18:37:36.621258Z,2516.09,2516.12,0.03,2516.105,0.5208037948537756230977060888
ETH-USD,2026-08-30T18:37:36.661157Z,2516.1,2516.12,0.02,2516.11,0.9451365339915473827611897624
ETH-USD,2026-08-30T18:37:36.722454Z,2516.11,2516.12,0.01,2516.115,0.9999962594235749256505160526
ETH-USD,2026-08-30T18:37:36.774322Z,2516.11,2516.12,0.01,2516.115,0.7944790352627552254781338907
ETH-USD,2026-08-30T18:37:36.824822Z,2516.11,2516.12,0.01,2516.115,0.3765511855896304290211357223
ETH-USD,2026-08-30T18:37:36.875995Z,2516.11,2516.12,0.01,2516.115,0.4813728469059617990855444615
ETH-USD,2026-08-30T18:37:36.925858Z,2516.11,2516.12,0.01,2516.115,0.8180489542299538870104145586
ETH-USD,2026-08-30T18:37:36.974781Z,2516.11,2516.12,0.01,2516.115,0.5505926102111043784943996191
ETH-USD,2026-08-30T18:37:37.020537Z,2516.13,2516.19,0.06,2516.16,0.7938208110507221148382791848
ETH-USD,2026-08-30T18:37:37.073208Z,2516.13,2516.16,0.03,2516.145,0.4718180356875884025499894244
ETH-USD,2026-08-30T18:37:37.127926Z,2516.11,2516.16,0.05,2516.135,0.3449539467850744032314414171
ETH-USD,2026-08-30T18:37:37.17786Z,2516.11,2516.16,0.05,2516.135,0.3449539467850744032314414171
ETH-USD,2026-08-30T18:37:37.195761Z,2516.11,2516.16,0.05,2516.135,0.5349332043293293022880652419
ETH-USD,2026-08-30T18:37:37.27406Z,2516.11,2516.16,0.05,2516.135,0.5349332043293293022880652419
ETH-USD,2026-08-30T18:37:37.318581Z,2516.13,2516.16,0.03,2516.145,0.5489369058403125806055664453
ETH-USD,2026-08-30T18:37:37.346495Z,2516.13,2516.16,0.03,2516.145,0.5489369058403125806055664453
ETH-USD,2026-08-30T18:37:37.426616Z,2516.15,2516.19,0.04,2516.17,0.8417845556941155079970069743
ETH-USD,2026-08-30T18:37:37.447546Z,2516.15,2516.19,0.04,2516.17,0.5482598274871817812240602203
ETH-USD,2026-08-30T18:37:37.500086Z,2516.15,2516.19,0.04,2516.17,0.5482598274871817812240602203
ETH-USD,2026-08-30T18:37:37.573735Z,2516.15,2516.19,0.04,2516.17,0.5482598274871817812240602203
ETH-USD,2026-08-30T18:37:37.598723Z,2516.17,2516.19,0.02,2516.18,0.5970656151271224825025124940
ETH-USD,2026-08-30T18:37:37.669829Z,2516.18,2516.19,0.01,2516.185,0.5597660601063331649737349490
ETH-USD,2026-08-30T18:37:37.73066Z,2516.18,2516.19,0.01,2516.185,0.5597660601063331649737349490
ETH-USD,2026-08-30T18:37:37.812366Z,2516.18,2516.19,0.01,2516.185,0.5597660601063331649737349490
ETH-USD,2026-08-30T18:37:37.830122Z,2516.79,2516.8,0.01,2516.795,0.6040013241041301177961069557
ETH-USD,2026-08-30T18:37:37.878994Z,2516.8,2516.9,0.1,2516.85,0.7847736824193987994127739760
ETH-USD,2026-08-30T18:37:37.95516Z,2516.96,2517.06,0.10,2517.01,0.5727987288610964882403221016
ETH-USD,2026-08-30T18:37:37.975104Z,2516.9,2517.29,0.39,2517.095,0.2930377433202536462184481040
ETH-USD,2026-08-30T18:37:38.139508Z,2516.77,2516.95,0.18,2516.86,0.4628585716547564084052089474
ETH-USD,2026-08-30T18:37:38.173617Z,2516.77,2516.91,0.14,2516.84,0.2183052886986186948119873407
ETH-USD,2026-08-30T18:37:38.188126Z,2516.77,2516.9,0.13,2516.835,0.5215194728616431360496501528
ETH-USD,2026-08-30T18:37:38.27772Z,2516.64,2516.86,0.22,2516.75,0.2907254185465196352784833066
ETH-USD,2026-08-30T18:37:38.377194Z,2516.64,2516.86,0.22,2516.75,0.2907254185465196352784833066
ETH-USD,2026-08-30T18:37:38.417806Z,2516.78,2516.86,0.08,2516.82,0.3093844705601781562367831226
ETH-USD,2026-08-30T18:37:38.472717Z,2516.79,2516.89,0.10,2516.84,0.04357100696905998061599301701
ETH-USD,2026-08-30T18:37:38.514665Z,2516.78,2516.79,0.01,2516.785,0.3505577611422572786554297843
ETH-USD,2026-08-30T18:37:38.575275Z,2516.78,2516.79,0.01,2516.785,-0.1509810045779622658247749244
ETH-USD,2026-08-30T18:37:38.602286Z,2516.78,2516.79,0.01,2516.785,-0.1249433028069548883675290233
ETH-USD,2026-08-30T18:37:38.649789Z,2516.78,2516.79,0.01,2516.785,-0.06216709947390023803955794684
ETH-USD,2026-08-30T18:37:38.706331Z,2516.78,2516.79,0.01,2516.785,0.03806287068240399587932219093
ETH-USD,2026-08-30T18:37:38.773675Z,2516.78,2516.79,0.01,2516.785,0.03806287068240399587932219093
ETH-USD,2026-08-30T18:37:38.780981Z,2516.78,2516.79,0.01,2516.785,0.03806287068240399587932219093
ETH-USD,2026-08-30T18:37:38.871143Z,2516.78,2516.79,0.01,2516.785,0.03806287068240399587932219093
ETH-USD,2026-08-30T18:37:38.914495Z,2516.78,2516.79,0.01,2516.785,0.03684041541341345528729641666
ETH-USD,2026-08-30T18:37:38.978855Z,2516.78,2516.79,0.01,2516.785,0.03684041541341345528729641666
ETH-USD,2026-08-30T18:37:39.017098Z,2516.78,2516.79,0.01,2516.785,0.03684041541341345528729641666
ETH-USD,2026-08-30T18:37:39.068466Z,2516.78,2516.79,0.01,2516.785,-0.1760504151760932726511281273
ETH-USD,2026-08-30T18:37:39.098705Z,2516.78,2516.79,0.01,2516.785,-0.1760504151760932726511281273
ETH-USD,2026-08-30T18:37:39.172066Z,2516.78,2516.79,0.01,2516.785,-0.1522192760681734657766715751
ETH-USD,2026-08-30T18:37:39.230253Z,2516.78,2516.79,0.01,2516.785,0.2932182137662477188002244495
ETH-USD,2026-08-30T18:37:39.278292Z,2516.78,2516.79,0.01,2516.785,0.2932182137662477188002244495
ETH-USD,2026-08-30T18:37:39.327219Z,2516.78,2516.79,0.01,2516.785,0.2932182137662477188002244495
ETH-USD,2026-08-30T18:37:39.371461Z,2516.78,2516.79,0.01,2516.785,0.2932167899300470212260420719
ETH-USD,2026-08-30T18:37:39.425271Z,2516.78,2516.79,0.01,2516.785,0.2932167899300470212260420719
ETH-USD,2026-08-30T18:37:39.472022Z,2516.78,2516.79,0.01,2516.785,0.2932167899300470212260420719
ETH-USD,2026-08-30T18:37:39.522138Z,2516.78,2516.79,0.01,2516.785,0.2932167899300470212260420719
ETH-USD,2026-08-30T18:37:39.572922Z,2516.78,2516.79,0.01,2516.785,0.2932167899300470212260420719
ETH-USD,2026-08-30T18:37:39.592413Z,2516.78,2516.79,0.01,2516.785,0.2932167899300470212260420719
ETH-USD,2026-08-30T18:37:39.675534Z,2516.78,2516.79,0.01,2516.785,0.2932167899300470212260420719
ETH-USD,2026-08-30T18:37:39.713471Z,2516.78,2516.79,0.01,2516.785,0.2932167899300470212260420719
ETH-USD,2026-08-30T18:37:39.772938Z,2516.78,2516.79,0.01,2516.785,0.2932167899300470212260420719
ETH-USD,2026-08-30T18:37:39.818229Z,2516.83,2516.84,0.01,2516.835,-0.2189284444846057996326932728
ETH-USD,2026-08-30T18:37:39.869327Z,2516.83,2516.84,0.01,2516.835,-0.2189284444846057996326932728
ETH-USD,2026-08-30T18:37:39.935253Z,2516.83,2516.84,0.01,2516.835,-0.00009960410769158786332631427244
ETH-USD,2026-08-30T18:37:39.974457Z,2516.83,2516.84,0.01,2516.835,-0.00009960410769158786332631427244
ETH-USD,2026-08-30T18:37:40.021139Z,2516.83,2516.84,0.01,2516.835,-0.00009960410769158786332631427244
ETH-USD,2026-08-30T18:37:40.084901Z,2516.83,2516.84,0.01,2516.835,0.001568350111579043216875749680
ETH-USD,2026-08-30T18:37:40.202972Z,2516.83,2516.84,0.01,2516.835,0.001568350111579043216875749680
ETH-USD,2026-08-30T18:37:40.272364Z,2516.83,2516.84,0.01,2516.835,0.001568350111579043216875749680
ETH-USD,2026-08-30T18:37:40.308935Z,2516.83,2516.84,0.01,2516.835,0.001568350111579043216875749680
ETH-USD,2026-08-30T18:37:40.372851Z,2516.83,2516.84,0.01,2516.835,0.001568350111579043216875749680
ETH-USD,2026-08-30T18:37:40.478449Z,2516.83,2516.84,0.01,2516.835,0.2164076984882073421164137175
ETH-USD,2026-08-30T18:37:40.530673Z,2516.83,2516.84,0.01,2516.835,0.2164076984882073421164137175
ETH-USD,2026-08-30T18:37:40.553247Z,2516.83,2516.84,0.01,2516.835,0.2164076984882073421164137175
ETH-USD,2026-08-30T18:37:40.576614Z,2516.83,2516.84,0.01,2516.835,0.2164076984882073421164137175
ETH-USD,2026-08-30T18:37:40.667151Z,2516.83,2516.84,0.01,2516.835,0.1407518712116345817376081402
ETH-USD,2026-08-30T18:37:40.672494Z,2516.83,2516.84,0.01,2516.835,0.1407518712116345817376081402
ETH-USD,2026-08-30T18:37:40.725668Z,2516.83,2516.84,0.01,2516.835,0.1846538336376013895127339968
ETH-USD,2026-08-30T18:37:40.817695Z,2516.83,2516.84,0.01,2516.835,0.1846538336376013895127339968
ETH-USD,2026-08-30T18:37:40.883949Z,2516.67,2516.99,0.32,2516.83,0.3420214172955854256221757650
ETH-USD,2026-08-30T18:37:40.927642Z,2516.76,2516.77,0.01,2516.765,0.1779378513771813116512193003
ETH-USD,2026-08-30T18:37:40.969971Z,2516.76,2516.77,0.01,2516.765,0.1338089434202029400511418624
ETH-USD,2026-08-30T18:37:41.035641Z,2516.44,2516.82,0.38,2516.63,0.2825446571040580382986163152
ETH-USD,2026-08-30T18:37:41.050791Z,2516.57,2516.95,0.38,2516.76,0.1139374121965040971283687844
ETH-USD,2026-08-30T18:37:41.065325Z,2516.44,2516.83,0.39,2516.635,0.2944166882690347929794030441
ETH-USD,2026-08-30T18:37:41.105695Z,2516.62,2516.63,0.01,2516.625,0.2467898976207316243459464587
ETH-USD,2026-08-30T18:37:41.142897Z,2516.62,2516.63,0.01,2516.625,0.2527249345441357771610956033
ETH-USD,2026-08-30T18:37:41.281095Z,2516.62,2516.63,0.01,2516.625,0.04220192867593655335286097533
ETH-USD,2026-08-30T18:37:41.379889Z,2516.62,2516.63,0.01,2516.625,0.04220192867593655335286097533
ETH-USD,2026-08-30T18:37:41.423209Z,2516.62,2516.63,0.01,2516.625,-0.1901059463149645525415071296
ETH-USD,2026-08-30T18:37:41.475402Z,2516.62,2516.63,0.01,2516.625,-0.1901059463149645525415071296
ETH-USD,2026-08-30T18:37:41.529977Z,2516.62,2516.63,0.01,2516.625,-0.1075949209794622737375485886
ETH-USD,2026-08-30T18:37:41.58518Z,2516.62,2516.63,0.01,2516.625,-0.008427825153993030322172697170
ETH-USD,2026-08-30T18:37:41.628972Z,2516.62,2516.63,0.01,2516.625,-0.1075949209794622737375485886
ETH-USD,2026-08-30T18:37:41.658719Z,2516.62,2516.63,0.01,2516.625,-0.1075949209794622737375485886
ETH-USD,2026-08-30T18:37:41.775889Z,2516.62,2516.63,0.01,2516.625,-0.1075949209794622737375485886
ETH-USD,2026-08-30T18:37:41.819775Z,2516.62,2516.63,0.01,2516.625,-0.1075949209794622737375485886
ETH-USD,2026-08-30T18:37:41.874032Z,2516.62,2516.63,0.01,2516.625,-0.08898846688244966536855972999
ETH-USD,2026-08-30T18:37:41.928225Z,2516.62,2516.63,0.01,2516.625,-0.04860381355568941434760494269
ETH-USD,2026-08-30T18:37:41.97307Z,2516.62,2516.63,0.01,2516.625,-0.04860381355568941434760494269
ETH-USD,2026-08-30T18:37:42.011791Z,2516.62,2516.63,0.01,2516.625,-0.04860381355568941434760494269
ETH-USD,2026-08-30T18:37:42.072151Z,2516.62,2516.63,0.01,2516.625,-0.04860381355568941434760494269
ETH-USD,2026-08-30T18:37:42.082031Z,2516.62,2516.63,0.01,2516.625,-0.1237223902706378862314402856
ETH-USD,2026-08-30T18:37:42.167421Z,2516.62,2516.63,0.01,2516.625,-0.1237223902706378862314402856
ETH-USD,2026-08-30T18:37:42.224754Z,2516.62,2516.63,0.01,2516.625,-0.1236167075825702822302163767
ETH-USD,2026-08-30T18:37:42.272436Z,2516.62,2516.63,0.01,2516.625,-0.1739181325811974977493395161
ETH-USD,2026-08-30T18:37:42.326681Z,2516.62,2516.63,0.01,2516.625,-0.1739181325811974977493395161
ETH-USD,2026-08-30T18:37:42.374907Z,2516.62,2516.63,0.01,2516.625,-0.1739181325811974977493395161
ETH-USD,2026-08-30T18:37:42.474951Z,2516.62,2516.63,0.01,2516.625,-0.1739181325811974977493395161
ETH-USD,2026-08-30T18:37:42.520374Z,2516.62,2516.63,0.01,2516.625,-0.1739181325811974977493395161
ETH-USD,2026-08-30T18:37:42.557488Z,2516.62,2516.63,0.01,2516.625,-0.1739181325811974977493395161
ETH-USD,2026-08-30T18:37:42.616245Z,2516.62,2516.63,0.01,2516.625,-0.1739181325811974977493395161
ETH-USD,2026-08-30T18:37:42.673169Z,2516.62,2516.63,0.01,2516.625,-0.1739181325811974977493395161
ETH-USD,2026-08-30T18:37:42.71261Z,2516.62,2516.63,0.01,2516.625,-0.1739181325811974977493395161
ETH-USD,2026-08-30T18:37:42.774747Z,2516.62,2516.63,0.01,2516.625,-0.1739181325811974977493395161
ETH-USD,2026-08-30T18:37:42.932275Z,2516.62,2516.63,0.01,2516.625,-0.1416398095066140663948143983
ETH-USD,2026-08-30T18:37:42.97475Z,2516.62,2516.63,0.01,2516.625,-0.1900243772789617504711957564
ETH-USD,2026-08-30T18:37:43.012892Z,2516.62,2516.63,0.01,2516.625,-0.1900243772789617504711957564
ETH-USD,2026-08-30T18:37:43.073475Z,2516.62,2516.63,0.01,2516.625,-0.1182378927593263378377827490
ETH-USD,2026-08-30T18:37:43.108686Z,2516.62,2516.63,0.01,2516.625,-0.2463015982854334425193860408
ETH-USD,2026-08-30T18:37:43.159624Z,2516.62,2516.63,0.01,2516.625,-0.1674045967844633683799311856
ETH-USD,2026-08-30T18:37:43.274482Z,2516.62,2516.63,0.01,2516.625,-0.1674045967844633683799311856
ETH-USD,2026-08-30T18:37:43.313754Z,2516.62,2516.63,0.01,2516.625,-0.1674045967844633683799311856
ETH-USD,2026-08-30T18:37:43.381923Z,2516.62,2516.63,0.01,2516.625,-0.1648657949236051350626142634
ETH-USD,2026-08-30T18:37:43.422381Z,2516.62,2516.63,0.01,2516.625,-0.1648657949236051350626142634
ETH-USD,2026-08-30T18:37:43.447401Z,2516.62,2516.63,0.01,2516.625,-0.1648657949236051350626142634
ETH-USD,2026-08-30T18:37:43.519621Z,2516.62,2516.63,0.01,2516.625,-0.1648657949236051350626142634
ETH-USD,2026-08-30T18:37:43.584644Z,2516.62,2516.63,0.01,2516.625,-0.1648657949236051350626142634
ETH-USD,2026-08-30T18:37:43.73022Z,2516.62,2516.63,0.01,2516.625,-0.1647985443281854324445985962
ETH-USD,2026-08-30T18:37:43.783685Z,2516.62,2516.63,0.01,2516.625,-0.1059973825618091860635805447
ETH-USD,2026-08-30T18:37:43.821668Z,2516.62,2516.63,0.01,2516.625,-0.2279717162978244582626544050
ETH-USD,2026-08-30T18:37:43.868356Z,2516.62,2516.63,0.01,2516.625,-0.2504094092951550722662681823
ETH-USD,2026-08-30T18:37:43.926923Z,2516.62,2516.63,0.01,2516.625,-0.04125586516127773323280967851
ETH-USD,2026-08-30T18:37:43.974507Z,2516.62,2516.63,0.01,2516.625,-0.04249974019141799177331054105
ETH-USD,2026-08-30T18:37:44.014547Z,2516.62,2516.63,0.01,2516.625,-0.04249974019141799177331054105
ETH-USD,2026-08-30T18:37:44.054176Z,2516.62,2516.63,0.01,2516.625,0.1614919362237524942256578899
ETH-USD,2026-08-30T18:37:44.121353Z,2516.62,2516.63,0.01,2516.625,0.1614919362237524942256578899
ETH-USD,2026-08-30T18:37:44.163809Z,2516.62,2516.63,0.01,2516.625,0.1614919362237524942256578899
ETH-USD,2026-08-30T18:37:44.206249Z,2516.62,2516.63,0.01,2516.625,0.1614919362237524942256578899
ETH-USD,2026-08-30T18:37:44.272779Z,2516.62,2516.63,0.01,2516.625,0.1614919362237524942256578899
ETH-USD,2026-08-30T18:37:44.319826Z,2516.62,2516.63,0.01,2516.625,0.1614919362237524942256578899
ETH-USD,2026-08-30T18:37:44.380527Z,2516.62,2516.63,0.01,2516.625,0.1614919362237524942256578899
ETH-USD,2026-08-30T18:37:44.41984Z,2516.62,2516.63,0.01,2516.625,0.1614919362237524942256578899
ETH-USD,2026-08-30T18:37:44.474042Z,2516.62,2516.63,0.01,2516.625,0.1614919362237524942256578899
ETH-USD,2026-08-30T18:37:44.573862Z,2516.62,2516.63,0.01,2516.625,0.1614919362237524942256578899
ETH-USD,2026-08-30T18:37:44.590396Z,2516.62,2516.63,0.01,2516.625,0.1614919362237524942256578899
ETH-USD,2026-08-30T18:37:44.653676Z,2516.62,2516.63,0.01,2516.625,0.1614919362237524942256578899
ETH-USD,2026-08-30T18:37:44.775896Z,2516.62,2516.63,0.01,2516.625,0.1614919362237524942256578899
ETH-USD,2026-08-30T18:37:44.817763Z,2516.62,2516.63,0.01,2516.625,0.1614919362237524942256578899
ETH-USD,2026-08-30T18:37:44.87715Z,2516.62,2516.63,0.01,2516.625,-0.1366291339118419468130595899
ETH-USD,2026-08-30T18:37:44.925775Z,2516.62,2516.63,0.01,2516.625,-0.1366291339118419468130595899
ETH-USD,2026-08-30T18:37:44.974377Z,2516.62,2516.63,0.01,2516.625,-0.1205540733910185959648241900
ETH-USD,2026-08-30T18:37:44.979809Z,2516.62,2516.63,0.01,2516.625,-0.1205540733910185959648241900
ETH-USD,2026-08-30T18:37:45.023273Z,2516.62,2516.63,0.01,2516.625,-0.1205540733910185959648241900
ETH-USD,2026-08-30T18:37:45.12694Z,2516.62,2516.63,0.01,2516.625,-0.1205540733910185959648241900
ETH-USD,2026-08-30T18:37:45.170996Z,2516.62,2516.63,0.01,2516.625,-0.1205540733910185959648241900
ETH-USD,2026-08-30T18:37:45.225969Z,2516.62,2516.63,0.01,2516.625,-0.1205540733910185959648241900
ETH-USD,2026-08-30T18:37:45.37545Z,2516.62,2516.63,0.01,2516.625,-0.1205540733910185959648241900
ETH-USD,2026-08-30T18:37:45.425668Z,2516.62,2516.63,0.01,2516.625,-0.1205540733910185959648241900
ETH-USD,2026-08-30T18:37:45.474526Z,2516.62,2516.63,0.01,2516.625,-0.1205540733910185959648241900
ETH-USD,2026-08-30T18:37:45.526598Z,2516.62,2516.63,0.01,2516.625,-0.1205540733910185959648241900
ETH-USD,2026-08-30T18:37:45.562738Z,2517.44,2517.65,0.21,2517.545,0.3000980682549570194424904824
ETH-USD,2026-08-30T18:37:45.598492Z,2517.5,2517.51,0.01,2517.505,0.5460493355832787147763205771
ETH-USD,2026-08-30T18:37:45.677854Z,2517.6,2517.74,0.14,2517.67,0.3800035290615557499476599158
ETH-USD,2026-08-30T18:37:45.727993Z,2517.6,2517.61,0.01,2517.605,0.4741516519809726993724103305
ETH-USD,2026-08-30T18:37:45.844105Z,2517.6,2517.61,0.01,2517.605,0.3627526808666103758774975964
ETH-USD,2026-08-30T18:37:45.914913Z,2517.6,2517.61,0.01,2517.605,0.3341373510742361600413813799
ETH-USD,2026-08-30T18:37:45.993001Z,2517.6,2517.61,0.01,2517.605,0.3078283813746175117317136347
ETH-USD,2026-08-30T18:37:46.061237Z,2517.6,2517.61,0.01,2517.605,0.2565105818645254333342110847
ETH-USD,2026-08-30T18:37:46.102159Z,2517.6,2517.61,0.01,2517.605,0.2565136176731294515209138728
ETH-USD,2026-08-30T18:37:46.142922Z,2517.6,2517.61,0.01,2517.605,0.2565136176731294515209138728
ETH-USD,2026-08-30T18:37:46.183897Z,2517.6,2517.61,0.01,2517.605,0.2565136176731294515209138728
ETH-USD,2026-08-30T18:37:46.272839Z,2517.6,2517.61,0.01,2517.605,0.2565136176731294515209138728
ETH-USD,2026-08-30T18:37:46.360126Z,2517.6,2517.61,0.01,2517.605,0.2565136176731294515209138728
ETH-USD,2026-08-30T18:37:46.371765Z,2517.6,2517.61,0.01,2517.605,0.2565136176731294515209138728
ETH-USD,2026-08-30T18:37:46.473048Z,2517.6,2517.61,0.01,2517.605,0.2565136176731294515209138728
ETH-USD,2026-08-30T18:37:46.508116Z,2517.6,2517.61,0.01,2517.605,0.1926156981721555982241929996
ETH-USD,2026-08-30T18:37:46.570647Z,2517.6,2517.61,0.01,2517.605,0.04212755360610751902529708266
ETH-USD,2026-08-30T18:37:46.584881Z,2517.6,2517.61,0.01,2517.605,0.04212755360610751902529708266
ETH-USD,2026-08-30T18:37:46.6797Z,2517.6,2517.61,0.01,2517.605,0.04212755360610751902529708266
ETH-USD,2026-08-30T18:37:46.699109Z,2517.6,2517.61,0.01,2517.605,0.04212755360610751902529708266
ETH-USD,2026-08-30T18:37:46.764209Z,2517.6,2517.61,0.01,2517.605,0.04212755360610751902529708266
ETH-USD,2026-08-30T18:37:46.798225Z,2517.6,2517.61,0.01,2517.605,0.04212755360610751902529708266
ETH-USD,2026-08-30T18:37:46.877756Z,2517.6,2517.61,0.01,2517.605,0.04212755360610751902529708266
ETH-USD,2026-08-30T18:37:46.910797Z,2517.6,2517.61,0.01,2517.605,0.04212755360610751902529708266
ETH-USD,2026-08-30T18:37:46.96922Z,2517.6,2517.61,0.01,2517.605,0.1480468317442240202806176211
ETH-USD,2026-08-30T18:37:47.016271Z,2517.6,2517.61,0.01,2517.605,0.1480468317442240202806176211
ETH-USD,2026-08-30T18:37:47.072122Z,2517.6,2517.61,0.01,2517.605,0.1480468317442240202806176211
ETH-USD,2026-08-30T18:37:47.101161Z,2517.6,2517.61,0.01,2517.605,0.06566484127543766049431832694
ETH-USD,2026-08-30T18:37:47.168208Z,2517.6,2517.61,0.01,2517.605,0.06566484127543766049431832694
ETH-USD,2026-08-30T18:37:47.193272Z,2517.6,2517.61,0.01,2517.605,0.1667309418160346220704921641
ETH-USD,2026-08-30T18:37:47.272725Z,2517.6,2517.61,0.01,2517.605,0.1667309418160346220704921641
ETH-USD,2026-08-30T18:37:47.320059Z,2517.6,2517.61,0.01,2517.605,0.1667309418160346220704921641
ETH-USD,2026-08-30T18:37:47.349589Z,2517.6,2517.61,0.01,2517.605,0.1667309418160346220704921641
ETH-USD,2026-08-30T18:37:47.47554Z,2517.6,2517.61,0.01,2517.605,0.1667309418160346220704921641
ETH-USD,2026-08-30T18:37:47.525173Z,2517.6,2517.61,0.01,2517.605,0.1667309418160346220704921641
ETH-USD,2026-08-30T18:37:47.572848Z,2517.6,2517.61,0.01,2517.605,0.1667309418160346220704921641
ETH-USD,2026-08-30T18:37:47.625855Z,2517.6,2517.61,0.01,2517.605,0.1667309418160346220704921641
ETH-USD,2026-08-30T18:37:47.666528Z,2517.6,2517.61,0.01,2517.605,0.3446586831337853137685333318
ETH-USD,2026-08-30T18:37:47.719992Z,2517.6,2517.61,0.01,2517.605,0.2232924419657486526187910204
ETH-USD,2026-08-30T18:37:47.730913Z,2517.6,2517.61,0.01,2517.605,0.2232924419657486526187910204
ETH-USD,2026-08-30T18:37:47.769616Z,2517.6,2517.61,0.01,2517.605,0.3131725411509763053320335966
ETH-USD,2026-08-30T18:37:47.867401Z,2517.6,2517.61,0.01,2517.605,0.3131721260422678312051077765
ETH-USD,2026-08-30T18:37:47.878765Z,2517.6,2517.61,0.01,2517.605,0.3131721260422678312051077765
ETH-USD,2026-08-30T18:37:47.961857Z,2517.6,2517.61,0.01,2517.605,0.3131721260422678312051077765
ETH-USD,2026-08-30T18:37:48.040685Z,2517.6,2517.61,0.01,2517.605,0.2232871588166382923983153156
ETH-USD,2026-08-30T18:37:48.047375Z,2517.6,2517.61,0.01,2517.605,0.3131721260422678312051077765
ETH-USD,2026-08-30T18:37:48.096341Z,2517.6,2517.61,0.01,2517.605,0.3131721260422678312051077765
ETH-USD,2026-08-30T18:37:48.153247Z,2517.6,2517.61,0.01,2517.605,0.3131721260422678312051077765
ETH-USD,2026-08-30T18:37:48.254837Z,2517.6,2517.61,0.01,2517.605,0.6236803118419222484676412063
ETH-USD,2026-08-30T18:37:48.310109Z,2517.6,2517.61,0.01,2517.605,0.5216244864479463833865047680
ETH-USD,2026-08-30T18:37:48.406777Z,2517.6,2517.62,0.02,2517.61,0.5658949230148208234938354867
ETH-USD,2026-08-30T18:37:48.476624Z,2517.6,2517.62,0.02,2517.61,0.5658949230148208234938354867
ETH-USD,2026-08-30T18:37:48.524238Z,2517.6,2517.62,0.02,2517.61,0.6606127131395731307217118164
ETH-USD,2026-08-30T18:37:48.556906Z,2517.6,2517.62,0.02,2517.61,0.6718775332974751446052602799
ETH-USD,2026-08-30T18:37:48.643889Z,2517.6,2517.62,0.02,2517.61,0.6718775332974751446052602799
ETH-USD,2026-08-30T18:37:48.671891Z,2517.6,2517.61,0.01,2517.605,0.3805861496899972710137078126
ETH-USD,2026-08-30T18:37:48.735411Z,2517.28,2517.47,0.19,2517.375,0.6804078970102433496985135688
ETH-USD,2026-08-30T18:37:48.754543Z,2517,2517.22,0.22,2517.11,-0.03619640489717829957561519930
ETH-USD,2026-08-30T18:37:48.80719Z,2517.05,2517.17,0.12,2517.11,0.1942343232521287183237110706
ETH-USD,2026-08-30T18:37:48.87771Z,2517.05,2517.17,0.12,2517.11,0.07450905696240202917882814548
ETH-USD,2026-08-30T18:37:48.980274Z,2517.05,2517.12,0.07,2517.085,0.07450696443981663512272176276
ETH-USD,2026-08-30T18:37:49.013085Z,2517.05,2517.12,0.07,2517.085,0.07450696443981663512272176276
ETH-USD,2026-08-30T18:37:49.040435Z,2517.05,2517.12,0.07,2517.085,0.07450696443981663512272176276
ETH-USD,2026-08-30T18:37:49.066433Z,2517.05,2517.12,0.07,2517.085,0.07450696443981663512272176276
ETH-USD,2026-08-30T18:37:49.176912Z,2517.28,2517.46,0.18,2517.37,0.3378332411253953762080526572
ETH-USD,2026-08-30T18:37:49.221503Z,2517.17,2517.42,0.25,2517.295,0.6448268309592681513868630745
ETH-USD,2026-08-30T18:37:49.274567Z,2517.19,2517.33,0.14,2517.26,0.6093093298227672931686099096
ETH-USD,2026-08-30T18:37:49.314154Z,2517.2,2517.32,0.12,2517.26,0.2636960818591517015327704064
ETH-USD,2026-08-30T18:37:49.391686Z,2517.21,2517.32,0.11,2517.265,0.2636960818591517015327704064
ETH-USD,2026-08-30T18:37:49.48075Z,2517.23,2517.32,0.09,2517.275,0.2734962175229347767844475445
ETH-USD,2026-08-30T18:37:49.525725Z,2517.25,2517.32,0.07,2517.285,0.1868049317553416994734064431
ETH-USD,2026-08-30T18:37:49.573075Z,2517.25,2517.32,0.07,2517.285,0.1868049317553416994734064431
ETH-USD,2026-08-30T18:37:49.627433Z,2517.26,2517.32,0.06,2517.29,0.1868049317553416994734064431
ETH-USD,2026-08-30T18:37:49.638451Z,2517.26,2517.32,0.06,2517.29,0.1868049317553416994734064431
ETH-USD,2026-08-30T18:37:49.714325Z,2517.26,2517.33,0.07,2517.295,0.1100023060355210906386116994
ETH-USD,2026-08-30T18:37:49.775268Z,2517.26,2517.33,0.07,2517.295,0.1100023060355210906386116994
ETH-USD,2026-08-30T18:37:49.802522Z,2517.26,2517.33,0.07,2517.295,0.1100023060355210906386116994
ETH-USD,2026-08-30T18:37:49.870241Z,2517.26,2517.33,0.07,2517.295,0.1100023060355210906386116994
ETH-USD,2026-08-30T18:37:49.934668Z,2517.26,2517.33,0.07,2517.295,0.1100023060355210906386116994
ETH-USD,2026-08-30T18:37:49.97267Z,2517.26,2517.33,0.07,2517.295,0.1100023060355210906386116994
ETH-USD,2026-08-30T18:37:50.0172Z,2517.26,2517.33,0.07,2517.295,0.1100023060355210906386116994
ETH-USD,2026-08-30T18:37:50.079832Z,2517.28,2517.32,0.04,2517.30,0.4018643522329324476058824380
ETH-USD,2026-08-30T18:37:50.084201Z,2517.28,2517.32,0.04,2517.30,0.4018643522329324476058824380
ETH-USD,2026-08-30T18:37:50.177004Z,2517.28,2517.33,0.05,2517.305,0.1391759393004680453704350991
ETH-USD,2026-08-30T18:37:50.232913Z,2517.13,2517.59,0.46,2517.36,0.4578371381184309199215565470
ETH-USD,2026-08-30T18:37:50.266831Z,2517.14,2517.47,0.33,2517.305,0.4578371381184309199215565470
ETH-USD,2026-08-30T18:37:50.304759Z,2517.32,2517.47,0.15,2517.395,0.2538755835414097126525256221
ETH-USD,2026-08-30T18:37:50.352724Z,2517.32,2517.46,0.14,2517.39,0.2708526412891342059866656140
ETH-USD,2026-08-30T18:37:50.41776Z,2517.32,2517.68,0.36,2517.50,0.2708526412891342059866656140
ETH-USD,2026-08-30T18:37:50.4795Z,2517.32,2517.68,0.36,2517.50,0.5076734083242734410369956516
ETH-USD,2026-08-30T18:37:50.508789Z,2517.32,2517.33,0.01,2517.325,-0.001347331884164628781621752386
ETH-USD,2026-08-30T18:37:50.537096Z,2517.32,2517.33,0.01,2517.325,-0.001347331884164628781621752386
ETH-USD,2026-08-30T18:37:50.622676Z,2517.32,2517.33,0.01,2517.325,-0.2433103440952853698146797923
ETH-USD,2026-08-30T18:37:50.670532Z,2517.32,2517.33,0.01,2517.325,-0.2722093597234432425472221505
ETH-USD,2026-08-30T18:37:50.715338Z,2517.32,2517.33,0.01,2517.325,-0.2722093597234432425472221505
ETH-USD,2026-08-30T18:37:50.778175Z,2517.32,2517.33,0.01,2517.325,-0.2699260344779744665287171089
ETH-USD,2026-08-30T18:37:50.828662Z,2517.32,2517.33,0.01,2517.325,-0.2699260344779744665287171089
ETH-USD,2026-08-30T18:37:50.883278Z,2517.32,2517.33,0.01,2517.325,-0.2699260344779744665287171089
ETH-USD,2026-08-30T18:37:50.930905Z,2517.32,2517.33,0.01,2517.325,0.4216660391497951275753903860
ETH-USD,2026-08-30T18:37:50.986017Z,2517.32,2517.33,0.01,2517.325,0.4216660391497951275753903860
ETH-USD,2026-08-30T18:37:51.03125Z,2517.32,2517.33,0.01,2517.325,0.1459967488784762248692096325
ETH-USD,2026-08-30T18:37:51.075788Z,2517.32,2517.33,0.01,2517.325,0.1459967488784762248692096325
ETH-USD,2026-08-30T18:37:51.096013Z,2517.32,2517.33,0.01,2517.325,0.1459967488784762248692096325
ETH-USD,2026-08-30T18:37:51.16724Z,2517.32,2517.33,0.01,2517.325,0.1459967488784762248692096325
ETH-USD,2026-08-30T18:37:51.173676Z,2517.32,2517.33,0.01,2517.325,0.1459967488784762248692096325
ETH-USD,2026-08-30T18:37:51.26889Z,2517.32,2517.33,0.01,2517.325,0.1459967488784762248692096325
ETH-USD,2026-08-30T18:37:51.329789Z,2517.3,2517.33,0.03,2517.315,-0.05455083653916052268479378732
ETH-USD,2026-08-30T18:37:51.37976Z,2516.92,2517.26,0.34,2517.09,0.05510779104526034411024726749
ETH-USD,2026-08-30T18:37:51.398771Z,2516.9,2517.33,0.43,2517.115,-0.1079161023399954954714714560
ETH-USD,2026-08-30T18:37:51.433759Z,2516.81,2517.15,0.34,2516.98,0.3496834478156152761982896600
ETH-USD,2026-08-30T18:37:51.479494Z,2516.81,2517.27,0.46,2517.04,0.4456908244576904467609059428
ETH-USD,2026-08-30T18:37:51.530527Z,2516.81,2517.14,0.33,2516.975,0.1242810008097070977320373915
ETH-USD,2026-08-30T18:37:51.547758Z,2516.81,2517.14,0.33,2516.975,0.1242810008097070977320373915
ETH-USD,2026-08-30T18:37:51.623021Z,2516.86,2516.89,0.03,2516.875,-0.07791580107096173106369067152
ETH-USD,2026-08-30T18:37:51.680059Z,2516.87,2516.89,0.02,2516.88,0.1343192794917851807956404748
ETH-USD,2026-08-30T18:37:51.863049Z,2516.88,2516.89,0.01,2516.885,0.1706474242678578913910041809
ETH-USD,2026-08-30T18:37:51.928007Z,2516.88,2516.89,0.01,2516.885,0.1706474242678578913910041809
ETH-USD,2026-08-30T18:37:51.97275Z,2516.88,2516.89,0.01,2516.885,0.1706474242678578913910041809
ETH-USD,2026-08-30T18:37:52.020195Z,2516.88,2516.89,0.01,2516.885,0.1706474242678578913910041809
ETH-USD,2026-08-30T18:37:52.072407Z,2516.88,2516.89,0.01,2516.885,0.1706474242678578913910041809
ETH-USD,2026-08-30T18:37:52.175086Z,2516.98,2517.18,0.20,2517.08,0.2497314850144129572303150624
ETH-USD,2026-08-30T18:37:52.232527Z,2516.99,2517.17,0.18,2517.08,0.1517334811592034404659101993
ETH-USD,2026-08-30T18:37:52.274025Z,2516.99,2517,0.01,2516.995,-0.09928260837941575245483035148
ETH-USD,2026-08-30T18:37:52.319494Z,2516.98,2517,0.02,2516.99,-0.09928260837941575245483035148
ETH-USD,2026-08-30T18:37:52.352117Z,2516.98,2517,0.02,2516.99,-0.09928260837941575245483035148
ETH-USD,2026-08-30T18:37:52.420822Z,2516.98,2517,0.02,2516.99,-0.09928260837941575245483035148
ETH-USD,2026-08-30T18:37:52.446421Z,2516.98,2517,0.02,2516.99,-0.09928260837941575245483035148
ETH-USD,2026-08-30T18:37:52.524229Z,2516.98,2517,0.02,2516.99,-0.06738497449109143087913983163
ETH-USD,2026-08-30T18:37:52.573894Z,2516.98,2517,0.02,2516.99,-0.2731281156128800571706527551
ETH-USD,2026-08-30T18:37:52.617722Z,2516.98,2517,0.02,2516.99,-0.3465614852816988057527036644
ETH-USD,2026-08-30T18:37:52.677421Z,2516.98,2516.99,0.01,2516.985,-0.2162839194474991466654864813
ETH-USD,2026-08-30T18:37:52.72764Z,2516.98,2517,0.02,2516.99,-0.2134698187502690014315699671
ETH-USD,2026-08-30T18:37:52.732757Z,2516.98,2517,0.02,2516.99,-0.2134698187502690014315699671
ETH-USD,2026-08-30T18:37:52.818251Z,2516.98,2517,0.02,2516.99,-0.2134698187502690014315699671
ETH-USD,2026-08-30T18:37:52.875591Z,2516.98,2517,0.02,2516.99,-0.2134698187502690014315699671
ETH-USD,2026-08-30T18:37:52.888514Z,2516.98,2517,0.02,2516.99,-0.2134698187502690014315699671
ETH-USD,2026-08-30T18:37:52.973534Z,2516.98,2517,0.02,2516.99,-0.2134698187502690014315699671
ETH-USD,2026-08-30T18:37:53.009938Z,2516.98,2517,0.02,2516.99,-0.2134698187502690014315699671
ETH-USD,2026-08-30T18:37:53.056989Z,2516.98,2517,0.02,2516.99,-0.2133510263269865388031153038
ETH-USD,2026-08-30T18:37:53.111188Z,2516.96,2516.99,0.03,2516.975,0.07250497850357014005884430681
ETH-USD,2026-08-30T18:37:53.216565Z,2516.92,2516.95,0.03,2516.935,0.3128703425401299047917568943
ETH-USD,2026-08-30T18:37:53.267181Z,2516.92,2516.93,0.01,2516.925,0.3100676579961588139486443584
ETH-USD,2026-08-30T18:37:53.316951Z,2516.93,2516.94,0.01,2516.935,0.2115037533779178595318833201
ETH-USD,2026-08-30T18:37:53.382142Z,2516.91,2516.94,0.03,2516.925,0.3158961765031649931332216984
ETH-USD,2026-08-30T18:37:53.418602Z,2516.92,2516.94,0.02,2516.93,0.1120599980620863327841073034
ETH-USD,2026-08-30T18:37:53.473863Z,2516.92,2516.94,0.02,2516.93,0.2271761738606053191644460677
ETH-USD,2026-08-30T18:37:53.547903Z,2516.92,2516.94,0.02,2516.93,0.2271761738606053191644460677
ETH-USD,2026-08-30T18:37:53.575859Z,2516.92,2516.94,0.02,2516.93,0.1133684974425145653156818875
ETH-USD,2026-08-30T18:37:53.602488Z,2516.92,2516.94,0.02,2516.93,0.1133684974425145653156818875
ETH-USD,2026-08-30T18:37:53.66566Z,2516.92,2516.94,0.02,2516.93,0.1133684974425145653156818875
ETH-USD,2026-08-30T18:37:53.690282Z,2516.92,2516.94,0.02,2516.93,0.1133684974425145653156818875
ETH-USD,2026-08-30T18:37:53.815185Z,2516.92,2516.93,0.01,2516.925,0.1729535130845215497412160584
ETH-USD,2026-08-30T18:37:53.87503Z,2516.92,2516.93,0.01,2516.925,0.1729535130845215497412160584
ETH-USD,2026-08-30T18:37:53.930511Z,2516.92,2516.93,0.01,2516.925,0.1237246893362484544925411503
ETH-USD,2026-08-30T18:37:53.954982Z,2516.8,2516.81,0.01,2516.805,-0.3947936116231997127179132465
ETH-USD,2026-08-30T18:37:54.015679Z,2516.8,2516.81,0.01,2516.805,-0.3947936116231997127179132465
ETH-USD,2026-08-30T18:37:54.070966Z,2516.8,2516.81,0.01,2516.805,-0.4189698208156804751339757248
ETH-USD,2026-08-30T18:37:54.127965Z,2516.8,2516.81,0.01,2516.805,-0.5067984559045358300323941301
ETH-USD,2026-08-30T18:37:54.133043Z,2516.8,2516.81,0.01,2516.805,-0.5067984559045358300323941301
ETH-USD,2026-08-30T18:37:54.248501Z,2516.8,2516.81,0.01,2516.805,-0.3338159681326714864419004370
ETH-USD,2026-08-30T18:37:54.313313Z,2516.8,2516.81,0.01,2516.805,-0.1965340917645143268754767219
ETH-USD,2026-08-30T18:37:54.368696Z,2516.8,2516.81,0.01,2516.805,-0.1440617890789619056435451527
ETH-USD,2026-08-30T18:37:54.407393Z,2516.8,2516.81,0.01,2516.805,-0.1440617890789619056435451527
ETH-USD,2026-08-30T18:37:54.470289Z,2517.05,2517.06,0.01,2517.055,0.3996701359322605595151364513
ETH-USD,2026-08-30T18:37:54.518199Z,2516.95,2517.28,0.33,2517.115,0.3758928188488408201102520797
ETH-USD,2026-08-30T18:37:54.567065Z,2517.19,2517.2,0.01,2517.195,-0.05035134452290802461764526776
ETH-USD,2026-08-30T18:37:54.618437Z,2517,2517.12,0.12,2517.06,-0.2657981439477494654897600869
ETH-USD,2026-08-30T18:37:54.661327Z,2516.89,2517.41,0.52,2517.15,0.3090132849744085747825993835
ETH-USD,2026-08-30T18:37:54.693159Z,2517.05,2517.06,0.01,2517.055,-0.1789644419174439745815206305
ETH-USD,2026-08-30T18:37:54.780728Z,2517.05,2517.06,0.01,2517.055,0.3188167458225953972025518469
ETH-USD,2026-08-30T18:37:54.828108Z,2517.05,2517.06,0.01,2517.055,0.3188167458225953972025518469
ETH-USD,2026-08-30T18:37:54.873134Z,2517.05,2517.06,0.01,2517.055,0.3188167458225953972025518469
ETH-USD,2026-08-30T18:37:54.930096Z,2517.05,2517.06,0.01,2517.055,0.4273314735564614984193521687
ETH-USD,2026-08-30T18:37:54.973386Z,2517.05,2517.06,0.01,2517.055,0.4719528141969593734750217777
ETH-USD,2026-08-30T18:37:55.026001Z,2517.05,2517.06,0.01,2517.055,0.4719528141969593734750217777
ETH-USD,2026-08-30T18:37:55.071466Z,2517.05,2517.06,0.01,2517.055,0.4719528141969593734750217777
ETH-USD,2026-08-30T18:37:55.131023Z,2517.05,2517.06,0.01,2517.055,0.4719528141969593734750217777
ETH-USD,2026-08-30T18:37:55.182886Z,2517.05,2517.06,0.01,2517.055,0.1731088070517053844737335076
ETH-USD,2026-08-30T18:37:55.230939Z,2517.05,2517.06,0.01,2517.055,0.1731088070517053844737335076
ETH-USD,2026-08-30T18:37:55.273066Z,2517.05,2517.06,0.01,2517.055,0.1731088070517053844737335076
ETH-USD,2026-08-30T18:37:55.320706Z,2517.05,2517.06,0.01,2517.055,0.3679809885826998206431296337
ETH-USD,2026-08-30T18:37:55.376701Z,2517.05,2517.06,0.01,2517.055,0.3679809885826998206431296337
ETH-USD,2026-08-30T18:37:55.448115Z,2517.05,2517.06,0.01,2517.055,0.3679809885826998206431296337
ETH-USD,2026-08-30T18:37:55.526722Z,2517.17,2517.18,0.01,2517.175,0.07897238577483148717075311642
ETH-USD,2026-08-30T18:37:55.569202Z,2516.67,2516.93,0.26,2516.80,0.6358147515882213290253067663
ETH-USD,2026-08-30T18:37:55.580516Z,2516.65,2516.78,0.13,2516.715,0.05986586071840899901044792269
ETH-USD,2026-08-30T18:37:55.642473Z,2516.53,2516.6,0.07,2516.565,0.1701648778966814058089444210
ETH-USD,2026-08-30T18:37:55.787916Z,2516.4,2516.7,0.3,2516.55,0.2195796993565102881331483353
ETH-USD,2026-08-30T18:37:55.825215Z,2516.4,2516.67,0.27,2516.535,0.1387236699320523784720046156
ETH-USD,2026-08-30T18:37:55.885367Z,2516.43,2516.64,0.21,2516.535,0.04458597917526546566424730175
ETH-USD,2026-08-30T18:37:55.939986Z,2516.43,2516.44,0.01,2516.435,0.1588484488045079039046446319
ETH-USD,2026-08-30T18:37:55.987098Z,2516.42,2516.44,0.02,2516.43,0.02333361767129187957848218102
ETH-USD,2026-08-30T18:37:56.024134Z,2516.42,2516.44,0.02,2516.43,0.06689980174824935262321759031
ETH-USD,2026-08-30T18:37:56.070202Z,2516.42,2516.44,0.02,2516.43,0.1708685488665437353001823007
ETH-USD,2026-08-30T18:37:56.08154Z,2516.42,2516.44,0.02,2516.43,0.1708685488665437353001823007
ETH-USD,2026-08-30T18:37:56.179869Z,2516.42,2516.44,0.02,2516.43,0.1297807484811191589963845749
ETH-USD,2026-08-30T18:37:56.226915Z,2516.42,2516.44,0.02,2516.43,0.1297807484811191589963845749
ETH-USD,2026-08-30T18:37:56.342545Z,2516.42,2516.44,0.02,2516.43,0.04805260452817458582582374503
ETH-USD,2026-08-30T18:37:56.432685Z,2516.42,2516.44,0.02,2516.43,0.04805260452817458582582374503
ETH-USD,2026-08-30T18:37:56.495169Z,2516.42,2516.44,0.02,2516.43,0.04805260452817458582582374503
ETH-USD,2026-08-30T18:37:56.527553Z,2516.42,2516.44,0.02,2516.43,0.07866610153934883158160949220
ETH-USD,2026-08-30T18:37:56.539566Z,2516.42,2516.44,0.02,2516.43,0.07866610153934883158160949220
ETH-USD,2026-08-30T18:37:56.601403Z,2516.42,2516.44,0.02,2516.43,0.07866610153934883158160949220
ETH-USD,2026-08-30T18:37:56.61871Z,2516.42,2516.44,0.02,2516.43,0.07866610153934883158160949220
ETH-USD,2026-08-30T18:37:56.628596Z,2516.42,2516.44,0.02,2516.43,0.07866610153934883158160949220
ETH-USD,2026-08-30T18:37:56.72Z,2516.43,2516.44,0.01,2516.435,0.2106739610156487542715344832
ETH-USD,2026-08-30T18:37:56.75566Z,2516.43,2516.44,0.01,2516.435,0.2106739610156487542715344832
ETH-USD,2026-08-30T18:37:56.900813Z,2516.43,2516.44,0.01,2516.435,0.2106739610156487542715344832
ETH-USD,2026-08-30T18:37:56.970189Z,2516.43,2516.44,0.01,2516.435,0.1830081652576809031954892661
ETH-USD,2026-08-30T18:37:57.014722Z,2516.43,2516.44,0.01,2516.435,0.1830081652576809031954892661
ETH-USD,2026-08-30T18:37:57.074437Z,2516.42,2516.44,0.02,2516.43,0.05000406629882144978290830997
ETH-USD,2026-08-30T18:37:57.092925Z,2516.42,2516.44,0.02,2516.43,0.05000406629882144978290830997
ETH-USD,2026-08-30T18:37:57.173427Z,2516.42,2516.44,0.02,2516.43,0.05000406629882144978290830997
ETH-USD,2026-08-30T18:37:57.230013Z,2516.42,2516.44,0.02,2516.43,-0.07261254796656129745289367215
ETH-USD,2026-08-30T18:37:57.245488Z,2516.42,2516.44,0.02,2516.43,-0.07261254796656129745289367215
ETH-USD,2026-08-30T18:37:57.332196Z,2516.42,2516.44,0.02,2516.43,-0.07261254796656129745289367215
ETH-USD,2026-08-30T18:37:57.374096Z,2516.42,2516.44,0.02,2516.43,-0.07261254796656129745289367215
ETH-USD,2026-08-30T18:37:57.422725Z,2516.42,2516.44,0.02,2516.43,-0.07261254796656129745289367215
ETH-USD,2026-08-30T18:37:57.471124Z,2516.42,2516.44,0.02,2516.43,-0.07261254796656129745289367215
ETH-USD,2026-08-30T18:37:57.526442Z,2516.43,2516.44,0.01,2516.435,-0.01848898759737416384341071272
ETH-USD,2026-08-30T18:37:57.571105Z,2516.43,2516.44,0.01,2516.435,-0.01848898759737416384341071272
ETH-USD,2026-08-30T18:37:57.617306Z,2516.43,2516.44,0.01,2516.435,-0.01848898759737416384341071272
ETH-USD,2026-08-30T18:37:57.668225Z,2516.43,2516.44,0.01,2516.435,-0.01927331920256172999891812899
ETH-USD,2026-08-30T18:37:57.718836Z,2516.43,2516.44,0.01,2516.435,0.06876948685464266534009325079
ETH-USD,2026-08-30T18:37:57.778534Z,2516.43,2516.44,0.01,2516.435,0.06876948685464266534009325079
ETH-USD,2026-08-30T18:37:57.878032Z,2516.42,2516.44,0.02,2516.43,-0.07339297777326794699202366754
ETH-USD,2026-08-30T18:37:57.927337Z,2516.42,2516.44,0.02,2516.43,-0.07339297777326794699202366754
ETH-USD,2026-08-30T18:37:57.966983Z,2516.42,2516.44,0.02,2516.43,-0.07339297777326794699202366754
ETH-USD,2026-08-30T18:37:58.028173Z,2516.42,2516.44,0.02,2516.43,-0.07261254796656129745289367215
ETH-USD,2026-08-30T18:37:58.071623Z,2516.42,2516.44,0.02,2516.43,-0.07261254796656129745289367215
ETH-USD,2026-08-30T18:37:58.098708Z,2516.42,2516.44,0.02,2516.43,-0.07261254796656129745289367215
ETH-USD,2026-08-30T18:37:58.128709Z,2516.42,2516.44,0.02,2516.43,-0.07261254796656129745289367215
ETH-USD,2026-08-30T18:37:58.196923Z,2516.42,2516.44,0.02,2516.43,-0.07261254796656129745289367215
ETH-USD,2026-08-30T18:37:58.260599Z,2516.42,2516.43,0.01,2516.425,-0.07689749396780475085212332530
ETH-USD,2026-08-30T18:37:58.308927Z,2516.42,2516.43,0.01,2516.425,-0.07849970891343719472911649647
ETH-USD,2026-08-30T18:37:58.409926Z,2516.42,2516.43,0.01,2516.425,0.1318784758820894770284191205
ETH-USD,2026-08-30T18:37:58.464961Z,2516.42,2516.43,0.01,2516.425,0.1365802390514622331784462216
ETH-USD,2026-08-30T18:37:58.512163Z,2516.42,2516.43,0.01,2516.425,0.1365802390514622331784462216
ETH-USD,2026-08-30T18:37:58.573202Z,2516.42,2516.43,0.01,2516.425,0.1365802390514622331784462216
ETH-USD,2026-08-30T18:37:58.621077Z,2516.42,2516.43,0.01,2516.425,0.1383655805943222247255389094
ETH-USD,2026-08-30T18:37:58.64823Z,2516.42,2516.43,0.01,2516.425,0.1383655805943222247255389094
ETH-USD,2026-08-30T18:37:58.706303Z,2516.42,2516.43,0.01,2516.425,0.1383655805943222247255389094
ETH-USD,2026-08-30T18:37:58.739044Z,2516.42,2516.43,0.01,2516.425,0.3744702793262071976968576860
ETH-USD,2026-08-30T18:37:58.822869Z,2516.42,2516.43,0.01,2516.425,0.3744702793262071976968576860
ETH-USD,2026-08-30T18:37:58.877261Z,2516.42,2516.43,0.01,2516.425,0.3744702793262071976968576860
ETH-USD,2026-08-30T18:37:58.912925Z,2516.42,2516.43,0.01,2516.425,0.3744702793262071976968576860
ETH-USD,2026-08-30T18:37:58.981601Z,2516.42,2516.43,0.01,2516.425,0.3744702793262071976968576860
ETH-USD,2026-08-30T18:37:59.016509Z,2516.42,2516.43,0.01,2516.425,0.3744702793262071976968576860
ETH-USD,2026-08-30T18:37:59.042357Z,2516.42,2516.43,0.01,2516.425,0.3744702793262071976968576860
ETH-USD,2026-08-30T18:37:59.071181Z,2516.42,2516.43,0.01,2516.425,0.3744702793262071976968576860
ETH-USD,2026-08-30T18:37:59.14907Z,2516.42,2516.43,0.01,2516.425,0.3729046588299409854642410739
ETH-USD,2026-08-30T18:37:59.174154Z,2516.42,2516.43,0.01,2516.425,0.3729046588299409854642410739
ETH-USD,2026-08-30T18:37:59.242901Z,2516.42,2516.43,0.01,2516.425,0.3729046588299409854642410739
ETH-USD,2026-08-30T18:37:59.325583Z,2516.42,2516.43,0.01,2516.425,0.3729046588299409854642410739
ETH-USD,2026-08-30T18:37:59.372395Z,2516.42,2516.43,0.01,2516.425,0.3729046588299409854642410739
ETH-USD,2026-08-30T18:37:59.418058Z,2516.42,2516.43,0.01,2516.425,0.5001611514566926310418909906
ETH-USD,2026-08-30T18:37:59.481466Z,2516.42,2516.43,0.01,2516.425,0.3775689252484090937995273797
ETH-USD,2026-08-30T18:37:59.51339Z,2516.42,2516.43,0.01,2516.425,0.3775689252484090937995273797
ETH-USD,2026-08-30T18:37:59.571728Z,2516.42,2516.43,0.01,2516.425,0.3775689252484090937995273797
ETH-USD,2026-08-30T18:37:59.629527Z,2516.42,2516.43,0.01,2516.425,0.3775689252484090937995273797
ETH-USD,2026-08-30T18:37:59.63819Z,2516.42,2516.43,0.01,2516.425,0.3775689252484090937995273797
ETH-USD,2026-08-30T18:37:59.776518Z,2516.42,2516.43,0.01,2516.425,0.3775689252484090937995273797
ETH-USD,2026-08-30T18:37:59.809904Z,2516.42,2516.43,0.01,2516.425,0.1419956752524154870277419624
ETH-USD,2026-08-30T18:37:59.870516Z,2516.42,2516.43,0.01,2516.425,0.1820988865595124757075593579
ETH-USD,2026-08-30T18:37:59.91888Z,2516.42,2516.43,0.01,2516.425,0.1820988865595124757075593579
ETH-USD,2026-08-30T18:37:59.983311Z,2516.42,2516.43,0.01,2516.425,0.1820988865595124757075593579
ETH-USD,2026-08-30T18:38:00.071312Z,2516.42,2516.43,0.01,2516.425,0.1691961671987054577651018091
ETH-USD,2026-08-30T18:38:00.126107Z,2516.42,2516.43,0.01,2516.425,0.1691961671987054577651018091
ETH-USD,2026-08-30T18:38:00.168038Z,2516.42,2516.43,0.01,2516.425,0.1691961671987054577651018091
ETH-USD,2026-08-30T18:38:00.196454Z,2516.42,2516.43,0.01,2516.425,0.1691961671987054577651018091
ETH-USD,2026-08-30T18:38:00.264718Z,2516.42,2516.43,0.01,2516.425,0.1691961671987054577651018091
ETH-USD,2026-08-30T18:38:00.325392Z,2516.42,2516.43,0.01,2516.425,0.1691961671987054577651018091
ETH-USD,2026-08-30T18:38:00.376512Z,2516.42,2516.43,0.01,2516.425,0.3023566166218024411553794307
ETH-USD,2026-08-30T18:38:00.418645Z,2516.56,2516.57,0.01,2516.565,0.7457651024871214463165366831
ETH-USD,2026-08-30T18:38:00.453311Z,2516.56,2516.57,0.01,2516.565,0.7457128732050366678839020750
ETH-USD,2026-08-30T18:38:00.512886Z,2516.56,2516.57,0.01,2516.565,0.6418958291829006045247863075
ETH-USD,2026-08-30T18:38:00.571219Z,2516.56,2516.57,0.01,2516.565,0.4433317516014052325342623644
ETH-USD,2026-08-30T18:38:00.677174Z,2516.56,2516.57,0.01,2516.565,0.5510205623012419117399472161
ETH-USD,2026-08-30T18:38:00.718109Z,2516.83,2517.11,0.28,2516.97,0.3392479891379187840739776490
ETH-USD,2026-08-30T18:38:00.768566Z,2516.83,2516.84,0.01,2516.835,0.1605205438921869680617598571
ETH-USD,2026-08-30T18:38:00.826331Z,2516.97,2517.18,0.21,2517.075,0.2005519082416402806463431667
ETH-USD,2026-08-30T18:38:00.873445Z,2516.98,2517.27,0.29,2517.125,0.3333949833576150933715623639
ETH-USD,2026-08-30T18:38:00.917432Z,2517.08,2517.09,0.01,2517.085,0.1949915527274201090697397213
ETH-USD,2026-08-30T18:38:00.97209Z,2517.08,2517.09,0.01,2517.085,0.1978941492429145145655923471
ETH-USD,2026-08-30T18:38:01.016943Z,2516.98,2517.3,0.32,2517.14,0.4555754563022688497272846080
ETH-USD,2026-08-30T18:38:01.073321Z,2517.08,2517.35,0.27,2517.215,0.1968239668973170737580464851
ETH-USD,2026-08-30T18:38:01.084607Z,2517.08,2517.09,0.01,2517.085,0.2344403921822457048670153888
ETH-USD,2026-08-30T18:38:01.166719Z,2517.08,2517.09,0.01,2517.085,0.2344403921822457048670153888
ETH-USD,2026-08-30T18:38:01.276134Z,2516.84,2517.28,0.44,2517.06,0.5674401606145572268323252678
ETH-USD,2026-08-30T18:38:01.374898Z,2516.84,2517.28,0.44,2517.06,0.5674401606145572268323252678
ETH-USD,2026-08-30T18:38:01.417645Z,2517.08,2517.24,0.16,2517.16,0.4128500278754718568418724953
ETH-USD,2026-08-30T18:38:01.470099Z,2517.08,2517.24,0.16,2517.16,0.2572437528113845378093573127
ETH-USD,2026-08-30T18:38:01.506944Z,2517.08,2517.24,0.16,2517.16,0.3767891512202506314573288664
ETH-USD,2026-08-30T18:38:01.573883Z,2517.08,2517.09,0.01,2517.085,0.3226718676040277495449290719
ETH-USD,2026-08-30T18:38:01.623933Z,2517.08,2517.09,0.01,2517.085,0.2082120540495560392981988896
ETH-USD,2026-08-30T18:38:01.679974Z,2517.08,2517.09,0.01,2517.085,0.2082120540495560392981988896
ETH-USD,2026-08-30T18:38:01.790512Z,2517.08,2517.09,0.01,2517.085,0.3226718676040277495449290719
ETH-USD,2026-08-30T18:38:01.874869Z,2517.08,2517.09,0.01,2517.085,0.3226718676040277495449290719
ETH-USD,2026-08-30T18:38:01.968311Z,2517.08,2517.09,0.01,2517.085,0.2082120540495560392981988896
ETH-USD,2026-08-30T18:38:01.998264Z,2517.08,2517.09,0.01,2517.085,0.2082120540495560392981988896
ETH-USD,2026-08-30T18:38:02.048715Z,2517.08,2517.09,0.01,2517.085,0.2082120540495560392981988896
ETH-USD,2026-08-30T18:38:02.109718Z,2517.08,2517.09,0.01,2517.085,0.3226718676040277495449290719
ETH-USD,2026-08-30T18:38:02.213367Z,2517.08,2517.09,0.01,2517.085,0.3226718676040277495449290719
ETH-USD,2026-08-30T18:38:02.267566Z,2517.08,2517.09,0.01,2517.085,0.2350504407858931517475881175
ETH-USD,2026-08-30T18:38:02.319903Z,2517.08,2517.09,0.01,2517.085,0.2350504407858931517475881175
ETH-USD,2026-08-30T18:38:02.366615Z,2517.08,2517.09,0.01,2517.085,-0.1135287033716637842436428735
ETH-USD,2026-08-30T18:38:02.525359Z,2517.08,2517.09,0.01,2517.085,-0.1135287033716637842436428735
ETH-USD,2026-08-30T18:38:02.573357Z,2517.08,2517.09,0.01,2517.085,-0.1135287033716637842436428735
ETH-USD,2026-08-30T18:38:02.672465Z,2517.08,2517.23,0.15,2517.155,0.2970757715594274656287789425
ETH-USD,2026-08-30T18:38:02.72281Z,2517.22,2517.24,0.02,2517.23,0.4724786365932406505208941066
ETH-USD,2026-08-30T18:38:02.768705Z,2517.22,2517.23,0.01,2517.225,0.2312733367837353850658953834
ETH-USD,2026-08-30T18:38:02.817178Z,2517.22,2517.23,0.01,2517.225,0.3325297244781415112014386394
ETH-USD,2026-08-30T18:38:02.871599Z,2517.22,2517.23,0.01,2517.225,0.3603826180504087702128436813
ETH-USD,2026-08-30T18:38:02.898636Z,2517.22,2517.23,0.01,2517.225,0.3515288192988804734639836705
ETH-USD,2026-08-30T18:38:02.951973Z,2517.22,2517.23,0.01,2517.225,0.3515288192988804734639836705
ETH-USD,2026-08-30T18:38:03.022068Z,2517.22,2517.23,0.01,2517.225,0.3515288192988804734639836705
ETH-USD,2026-08-30T18:38:03.071907Z,2517.22,2517.23,0.01,2517.225,0.3515288192988804734639836705
ETH-USD,2026-08-30T18:38:03.126713Z,2517.22,2517.23,0.01,2517.225,0.3515288192988804734639836705
ETH-USD,2026-08-30T18:38:03.166808Z,2517.22,2517.23,0.01,2517.225,0.3515288192988804734639836705
ETH-USD,2026-08-30T18:38:03.230498Z,2517.22,2517.23,0.01,2517.225,0.3603824406693611717967656701
ETH-USD,2026-08-30T18:38:03.242859Z,2517.22,2517.23,0.01,2517.225,0.2128904675339157326448961906
ETH-USD,2026-08-30T18:38:03.308148Z,2517.22,2517.23,0.01,2517.225,0.2128904675339157326448961906
ETH-USD,2026-08-30T18:38:03.376896Z,2517.22,2517.23,0.01,2517.225,0.2128904675339157326448961906
ETH-USD,2026-08-30T18:38:03.404086Z,2517.22,2517.23,0.01,2517.225,0.4127611951262933528677208247
ETH-USD,2026-08-30T18:38:03.475001Z,2517.22,2517.23,0.01,2517.225,0.4127611951262933528677208247
ETH-USD,2026-08-30T18:38:03.570739Z,2517.22,2517.23,0.01,2517.225,0.3526190901289671943897021453
ETH-USD,2026-08-30T18:38:03.632091Z,2517.22,2517.23,0.01,2517.225,0.3526190901289671943897021453
ETH-USD,2026-08-30T18:38:03.676897Z,2517.22,2517.23,0.01,2517.225,0.3526190901289671943897021453
ETH-USD,2026-08-30T18:38:03.716917Z,2517.22,2517.23,0.01,2517.225,0.3526190901289671943897021453
ETH-USD,2026-08-30T18:38:03.767377Z,2517.22,2517.23,0.01,2517.225,0.3526190901289671943897021453
ETH-USD,2026-08-30T18:38:03.779467Z,2517.22,2517.23,0.01,2517.225,0.3526190901289671943897021453
ETH-USD,2026-08-30T18:38:03.875229Z,2517.22,2517.23,0.01,2517.225,0.2862782635208899029497850180
ETH-USD,2026-08-30T18:38:03.928206Z,2517.22,2517.23,0.01,2517.225,0.2862782635208899029497850180
ETH-USD,2026-08-30T18:38:03.972834Z,2517.22,2517.23,0.01,2517.225,0.2862782635208899029497850180
ETH-USD,2026-08-30T18:38:04.02807Z,2517.22,2517.23,0.01,2517.225,0.4841102422204062418412609713
ETH-USD,2026-08-30T18:38:04.072908Z,2517.22,2517.23,0.01,2517.225,0.4841102422204062418412609713
ETH-USD,2026-08-30T18:38:04.134515Z,2517.22,2517.23,0.01,2517.225,0.4841102422204062418412609713
ETH-USD,2026-08-30T18:38:04.168618Z,2517.22,2517.23,0.01,2517.225,0.4841102422204062418412609713
ETH-USD,2026-08-30T18:38:04.173838Z,2517.22,2517.23,0.01,2517.225,0.4841102422204062418412609713
ETH-USD,2026-08-30T18:38:04.212039Z,2517.22,2517.23,0.01,2517.225,0.4841102422204062418412609713
ETH-USD,2026-08-30T18:38:04.312902Z,2517.22,2517.23,0.01,2517.225,0.2862782635208899029497850180
ETH-USD,2026-08-30T18:38:04.388437Z,2517.22,2517.23,0.01,2517.225,0.2862782635208899029497850180
ETH-USD,2026-08-30T18:38:04.574267Z,2517.22,2517.23,0.01,2517.225,0.2862782635208899029497850180
ETH-USD,2026-08-30T18:38:04.642633Z,2517.22,2517.23,0.01,2517.225,0.2862782635208899029497850180
ETH-USD,2026-08-30T18:38:04.735233Z,2517.22,2517.23,0.01,2517.225,0.2862782635208899029497850180
ETH-USD,2026-08-30T18:38:04.74134Z,2517.22,2517.23,0.01,2517.225,0.2862782635208899029497850180
ETH-USD,2026-08-30T18:38:04.873219Z,2517.22,2517.23,0.01,2517.225,0.2862782635208899029497850180
ETH-USD,2026-08-30T18:38:04.903901Z,2517.22,2517.23,0.01,2517.225,0.2885138904270212174893830466
ETH-USD,2026-08-30T18:38:04.980195Z,2517.22,2517.23,0.01,2517.225,0.3547511564932461734781336430
ETH-USD,2026-08-30T18:38:05.015544Z,2517.22,2517.23,0.01,2517.225,0.4280154429282835440394614469
ETH-USD,2026-08-30T18:38:05.072202Z,2517.22,2517.23,0.01,2517.225,0.4280154429282835440394614469
ETH-USD,2026-08-30T18:38:05.123247Z,2517.22,2517.23,0.01,2517.225,-0.2859092014396672407058057755
ETH-USD,2026-08-30T18:38:05.176673Z,2517.22,2517.23,0.01,2517.225,-0.3239178877245641372838356691
ETH-USD,2026-08-30T18:38:05.221795Z,2517.22,2517.23,0.01,2517.225,-0.2160782291287941832656152331
ETH-USD,2026-08-30T18:38:05.261324Z,2517.22,2517.23,0.01,2517.225,0.1079405356189311775986625012
ETH-USD,2026-08-30T18:38:05.322147Z,2517.22,2517.23,0.01,2517.225,0.2798963158250598996001814610
ETH-USD,2026-08-30T18:38:05.365432Z,2517.22,2517.23,0.01,2517.225,0.2214069444338756800471451442
ETH-USD,2026-08-30T18:38:05.397358Z,2517.22,2517.23,0.01,2517.225,0.2214069444338756800471451442
ETH-USD,2026-08-30T18:38:05.47195Z,2517.22,2517.23,0.01,2517.225,0.2214069444338756800471451442
ETH-USD,2026-08-30T18:38:05.490077Z,2517.22,2517.23,0.01,2517.225,0.2214069444338756800471451442
ETH-USD,2026-08-30T18:38:05.575935Z,2517.22,2517.23,0.01,2517.225,0.2185896660107706691857909329
ETH-USD,2026-08-30T18:38:05.592642Z,2517.22,2517.23,0.01,2517.225,0.2185896660107706691857909329
ETH-USD,2026-08-30T18:38:05.633675Z,2517.22,2517.23,0.01,2517.225,0.2185896660107706691857909329
ETH-USD,2026-08-30T18:38:05.720679Z,2517.22,2517.23,0.01,2517.225,0.2185896660107706691857909329
ETH-USD,2026-08-30T18:38:05.768429Z,2517.22,2517.23,0.01,2517.225,0.2185896660107706691857909329
ETH-USD,2026-08-30T18:38:05.812159Z,2517.22,2517.23,0.01,2517.225,0.2185896660107706691857909329
ETH-USD,2026-08-30T18:38:05.872951Z,2517.22,2517.23,0.01,2517.225,0.2185896660107706691857909329
ETH-USD,2026-08-30T18:38:05.898074Z,2517.22,2517.23,0.01,2517.225,0.2185896660107706691857909329
ETH-USD,2026-08-30T18:38:05.98034Z,2517.22,2517.23,0.01,2517.225,0.2185896660107706691857909329
ETH-USD,2026-08-30T18:38:06.011436Z,2516.81,2516.94,0.13,2516.875,0.1718015321325083122181393467
ETH-USD,2026-08-30T18:38:06.020584Z,2516.81,2516.94,0.13,2516.875,0.1717898727855342904324839611
ETH-USD,2026-08-30T18:38:06.262314Z,2516.9,2516.91,0.01,2516.905,0.3428682777350765346105929697
ETH-USD,2026-08-30T18:38:06.320956Z,2516.9,2516.91,0.01,2516.905,0.3416113056757329086725947716
ETH-USD,2026-08-30T18:38:06.374131Z,2516.9,2516.91,0.01,2516.905,0.2931845688742684728314220447
ETH-USD,2026-08-30T18:38:06.427626Z,2516.9,2516.91,0.01,2516.905,0.2931845688742684728314220447
ETH-USD,2026-08-30T18:38:06.48445Z,2516.9,2516.91,0.01,2516.905,0.2033383681564547652721432192
ETH-USD,2026-08-30T18:38:06.523443Z,2516.9,2516.91,0.01,2516.905,0.2033383681564547652721432192
ETH-USD,2026-08-30T18:38:06.582627Z,2516.9,2516.91,0.01,2516.905,0.2033383681564547652721432192
ETH-USD,2026-08-30T18:38:06.637849Z,2516.9,2516.91,0.01,2516.905,0.2033383681564547652721432192
ETH-USD,2026-08-30T18:38:06.676647Z,2516.9,2516.91,0.01,2516.905,0.2033383681564547652721432192
ETH-USD,2026-08-30T18:38:06.767681Z,2516.9,2516.91,0.01,2516.905,0.2033383681564547652721432192
ETH-USD,2026-08-30T18:38:06.812838Z,2516.9,2516.91,0.01,2516.905,0.2033383681564547652721432192
ETH-USD,2026-08-30T18:38:06.915885Z,2516.9,2516.91,0.01,2516.905,0.2033383681564547652721432192
ETH-USD,2026-08-30T18:38:06.993068Z,2516.9,2516.91,0.01,2516.905,0.2033383681564547652721432192
ETH-USD,2026-08-30T18:38:07.04665Z,2516.9,2516.91,0.01,2516.905,0.2033383681564547652721432192
ETH-USD,2026-08-30T18:38:07.058316Z,2516.9,2516.91,0.01,2516.905,0.2033383681564547652721432192
ETH-USD,2026-08-30T18:38:07.111152Z,2516.9,2516.91,0.01,2516.905,0.2033383681564547652721432192
ETH-USD,2026-08-30T18:38:07.192822Z,2516.9,2516.91,0.01,2516.905,0.2033383681564547652721432192
ETH-USD,2026-08-30T18:38:07.269727Z,2516.9,2516.91,0.01,2516.905,0.2033383681564547652721432192
ETH-USD,2026-08-30T18:38:07.424183Z,2516.9,2516.91,0.01,2516.905,0.2033383681564547652721432192
ETH-USD,2026-08-30T18:38:07.484411Z,2516.9,2516.91,0.01,2516.905,0.2033383681564547652721432192
ETH-USD,2026-08-30T18:38:07.528257Z,2516.9,2516.91,0.01,2516.905,0.2033383681564547652721432192
ETH-USD,2026-08-30T18:38:07.57474Z,2516.9,2516.91,0.01,2516.905,0.2033383681564547652721432192
ETH-USD,2026-08-30T18:38:07.600199Z,2516.9,2516.91,0.01,2516.905,0.2033383681564547652721432192
ETH-USD,2026-08-30T18:38:07.667603Z,2516.9,2516.91,0.01,2516.905,0.2033383681564547652721432192
ETH-USD,2026-08-30T18:38:07.730215Z,2516.9,2516.91,0.01,2516.905,0.2033383681564547652721432192
ETH-USD,2026-08-30T18:38:07.749993Z,2516.9,2516.91,0.01,2516.905,0.2033383681564547652721432192
ETH-USD,2026-08-30T18:38:07.876792Z,2516.9,2516.91,0.01,2516.905,0.2033383681564547652721432192
ETH-USD,2026-08-30T18:38:07.885145Z,2516.9,2516.91,0.01,2516.905,0.2033383681564547652721432192
ETH-USD,2026-08-30T18:38:07.967283Z,2516.9,2516.91,0.01,2516.905,0.2033383681564547652721432192
ETH-USD,2026-08-30T18:38:08.00151Z,2516.9,2516.91,0.01,2516.905,0.2033383681564547652721432192
ETH-USD,2026-08-30T18:38:08.052762Z,2516.9,2516.91,0.01,2516.905,0.2033383681564547652721432192
ETH-USD,2026-08-30T18:38:08.097723Z,2516.9,2516.91,0.01,2516.905,0.2033383681564547652721432192
ETH-USD,2026-08-30T18:38:08.173528Z,2516.9,2516.91,0.01,2516.905,0.2033383681564547652721432192
ETH-USD,2026-08-30T18:38:08.211405Z,2516.9,2516.91,0.01,2516.905,0.2033383681564547652721432192
ETH-USD,2026-08-30T18:38:08.272492Z,2516.9,2516.91,0.01,2516.905,0.2033383681564547652721432192
ETH-USD,2026-08-30T18:38:08.369072Z,2516.9,2516.91,0.01,2516.905,0.2033383681564547652721432192
ETH-USD,2026-08-30T18:38:08.380143Z,2516.9,2516.91,0.01,2516.905,0.04924480691193762223782369157
ETH-USD,2026-08-30T18:38:08.476726Z,2516.9,2516.91,0.01,2516.905,0.04924480691193762223782369157
ETH-USD,2026-08-30T18:38:08.509281Z,2516.9,2516.91,0.01,2516.905,0.04924480691193762223782369157
ETH-USD,2026-08-30T18:38:08.573706Z,2516.9,2516.91,0.01,2516.905,0.04924480691193762223782369157
ETH-USD,2026-08-30T18:38:08.623822Z,2516.9,2516.91,0.01,2516.905,0.04924480691193762223782369157
ETH-USD,2026-08-30T18:38:08.659739Z,2516.9,2516.91,0.01,2516.905,0.04924480691193762223782369157
ETH-USD,2026-08-30T18:38:08.773643Z,2516.9,2516.91,0.01,2516.905,0.04924480691193762223782369157
ETH-USD,2026-08-30T18:38:08.792342Z,2516.9,2516.91,0.01,2516.905,0.04924480691193762223782369157
ETH-USD,2026-08-30T18:38:08.872117Z,2516.9,2516.91,0.01,2516.905,0.01319131102941044659961266951
ETH-USD,2026-08-30T18:38:09.019343Z,2516.9,2516.91,0.01,2516.905,0.04924480691193762223782369157
ETH-USD,2026-08-30T18:38:09.077174Z,2516.9,2516.91,0.01,2516.905,0.04924480691193762223782369157
ETH-USD,2026-08-30T18:38:09.165422Z,2516.6,2516.88,0.28,2516.74,-0.02765570229401331017056818787
ETH-USD,2026-08-30T18:38:09.230038Z,2516.4,2516.61,0.21,2516.505,-0.04918808016732361391989899771
ETH-USD,2026-08-30T18:38:09.292424Z,2516.4,2516.61,0.21,2516.505,-0.04918808016732361391989899771
ETH-USD,2026-08-30T18:38:09.368455Z,2516.55,2516.56,0.01,2516.555,0.06446550267969005307037220900
ETH-USD,2026-08-30T18:38:09.427965Z,2516.42,2516.43,0.01,2516.425,-0.1475194160879558392043900207
ETH-USD,2026-08-30T18:38:09.484943Z,2516.42,2516.43,0.01,2516.425,-0.01377816301376738020176908578
ETH-USD,2026-08-30T18:38:09.547982Z,2516.42,2516.43,0.01,2516.425,0.08834134318174188900904482994
ETH-USD,2026-08-30T18:38:09.59213Z,2516.42,2516.43,0.01,2516.425,0.08834134318174188900904482994
ETH-USD,2026-08-30T18:38:09.654197Z,2516.42,2516.43,0.01,2516.425,0.08834134318174188900904482994
ETH-USD,2026-08-30T18:38:09.757715Z,2516.42,2516.43,0.01,2516.425,0.08834134318174188900904482994
ETH-USD,2026-08-30T18:38:09.808057Z,2516.42,2516.43,0.01,2516.425,0.08834134318174188900904482994
ETH-USD,2026-08-30T18:38:09.834679Z,2516.42,2516.43,0.01,2516.425,0.08834134318174188900904482994
ETH-USD,2026-08-30T18:38:09.909181Z,2516.42,2516.43,0.01,2516.425,0.08834134318174188900904482994
ETH-USD,2026-08-30T18:38:09.944253Z,2516.42,2516.43,0.01,2516.425,0.08834134318174188900904482994
ETH-USD,2026-08-30T18:38:10.016186Z,2516.42,2516.43,0.01,2516.425,0.08834134318174188900904482994
ETH-USD,2026-08-30T18:38:10.045147Z,2516.56,2516.69,0.13,2516.625,0.07441238557581550226357773538
ETH-USD,2026-08-30T18:38:10.142542Z,2516.56,2516.79,0.23,2516.675,0.1129419247706115867683615535
ETH-USD,2026-08-30T18:38:10.180496Z,2516.56,2516.78,0.22,2516.67,0.5099252026686568192413635784
ETH-USD,2026-08-30T18:38:10.326298Z,2516.56,2516.95,0.39,2516.755,0.4641366172764316369608103534
ETH-USD,2026-08-30T18:38:10.370979Z,2516.56,2516.94,0.38,2516.75,0.3047670003469033871155070188
ETH-USD,2026-08-30T18:38:10.419359Z,2516.56,2516.57,0.01,2516.565,-0.2823736502054229122947328791
ETH-USD,2026-08-30T18:38:10.476086Z,2516.56,2516.57,0.01,2516.565,-0.2823736502054229122947328791
ETH-USD,2026-08-30T18:38:10.526368Z,2516.56,2516.57,0.01,2516.565,-0.2680012093318517144894601295
ETH-USD,2026-08-30T18:38:10.570103Z,2516.56,2516.57,0.01,2516.565,-0.2680012093318517144894601295
ETH-USD,2026-08-30T18:38:10.598519Z,2516.56,2516.57,0.01,2516.565,-0.2680012093318517144894601295
ETH-USD,2026-08-30T18:38:10.667971Z,2516.56,2516.57,0.01,2516.565,-0.2680012093318517144894601295
ETH-USD,2026-08-30T18:38:10.718329Z,2516.56,2516.57,0.01,2516.565,-0.2678213609157050480597325818
ETH-USD,2026-08-30T18:38:10.776342Z,2516.56,2516.57,0.01,2516.565,-0.2596073961516822735328211700
ETH-USD,2026-08-30T18:38:10.873195Z,2516.56,2516.57,0.01,2516.565,-0.2596073961516822735328211700
ETH-USD,2026-08-30T18:38:10.90327Z,2516.56,2516.57,0.01,2516.565,-0.2596073961516822735328211700
ETH-USD,2026-08-30T18:38:10.973118Z,2516.56,2516.57,0.01,2516.565,-0.2596073961516822735328211700
ETH-USD,2026-08-30T18:38:11.013447Z,2516.56,2516.57,0.01,2516.565,-0.2596073961516822735328211700
ETH-USD,2026-08-30T18:38:11.064103Z,2516.77,2516.89,0.12,2516.83,0.3459728773683747411478356730
ETH-USD,2026-08-30T18:38:11.120089Z,2516.76,2516.79,0.03,2516.775,0.4680314437899689486374051334
ETH-USD,2026-08-30T18:38:11.171329Z,2516.76,2516.78,0.02,2516.77,0.2123139952733023642847350799
ETH-USD,2026-08-30T18:38:11.268209Z,2516.88,2516.89,0.01,2516.885,0.2225087036544498037409983233
ETH-USD,2026-08-30T18:38:11.312915Z,2516.88,2516.89,0.01,2516.885,0.3293971648230142653911865554
ETH-USD,2026-08-30T18:38:11.361385Z,2516.88,2516.89,0.01,2516.885,0.4633784214086672996018964579
ETH-USD,2026-08-30T18:38:11.396699Z,2516.88,2516.89,0.01,2516.885,0.3587305288481909139605343029
ETH-USD,2026-08-30T18:38:11.410425Z,2516.88,2516.89,0.01,2516.885,0.6328108779412378066839793330
ETH-USD,2026-08-30T18:38:11.507327Z,2516.88,2516.89,0.01,2516.885,0.7090703942741339566276807418
ETH-USD,2026-08-30T18:38:11.575591Z,2516.88,2516.89,0.01,2516.885,0.3547708089316791631893985206
ETH-USD,2026-08-30T18:38:11.615633Z,2516.88,2516.89,0.01,2516.885,0.2740539429964720504284088725
ETH-USD,2026-08-30T18:38:11.66377Z,2516.88,2516.89,0.01,2516.885,0.2740539429964720504284088725
ETH-USD,2026-08-30T18:38:11.807302Z,2516.88,2516.89,0.01,2516.885,0.3105291600361776641641015581
ETH-USD,2026-08-30T18:38:11.875589Z,2516.88,2516.89,0.01,2516.885,0.1860318185298084564598876998
ETH-USD,2026-08-30T18:38:11.928244Z,2516.88,2516.89,0.01,2516.885,0.1894672189951951683871146422
ETH-USD,2026-08-30T18:38:11.973159Z,2516.88,2516.89,0.01,2516.885,0.1894672189951951683871146422
ETH-USD,2026-08-30T18:38:12.016845Z,2516.88,2516.89,0.01,2516.885,0.1894672189951951683871146422
ETH-USD,2026-08-30T18:38:12.070009Z,2516.88,2516.89,0.01,2516.885,0.1894672189951951683871146422
ETH-USD,2026-08-30T18:38:12.152802Z,2516.88,2516.89,0.01,2516.885,0.1894672189951951683871146422
ETH-USD,2026-08-30T18:38:12.290593Z,2516.88,2516.89,0.01,2516.885,0.3229111304307011995014522513
ETH-USD,2026-08-30T18:38:12.3754Z,2516.88,2516.89,0.01,2516.885,0.3229111304307011995014522513
ETH-USD,2026-08-30T18:38:12.399247Z,2516.88,2516.89,0.01,2516.885,0.3229111304307011995014522513
ETH-USD,2026-08-30T18:38:12.467514Z,2516.88,2516.89,0.01,2516.885,0.3229111304307011995014522513
ETH-USD,2026-08-30T18:38:12.472501Z,2516.88,2516.89,0.01,2516.885,0.3229111304307011995014522513
ETH-USD,2026-08-30T18:38:12.553834Z,2516.88,2516.89,0.01,2516.885,0.3229111304307011995014522513
ETH-USD,2026-08-30T18:38:12.601061Z,2516.88,2516.89,0.01,2516.885,0.3229111304307011995014522513
ETH-USD,2026-08-30T18:38:12.662337Z,2516.88,2516.89,0.01,2516.885,0.1909842651812624514314091571
ETH-USD,2026-08-30T18:38:12.689612Z,2516.88,2516.89,0.01,2516.885,0.1909842651812624514314091571
ETH-USD,2026-08-30T18:38:12.772169Z,2516.88,2516.89,0.01,2516.885,0.1909842651812624514314091571
ETH-USD,2026-08-30T18:38:12.798442Z,2516.88,2516.89,0.01,2516.885,0.1909842651812624514314091571
ETH-USD,2026-08-30T18:38:12.882767Z,2516.88,2516.89,0.01,2516.885,0.1909842651812624514314091571
ETH-USD,2026-08-30T18:38:12.897853Z,2516.88,2516.89,0.01,2516.885,0.1909842651812624514314091571
ETH-USD,2026-08-30T18:38:12.983037Z,2516.88,2516.89,0.01,2516.885,0.1909842651812624514314091571
ETH-USD,2026-08-30T18:38:13.01624Z,2516.88,2516.89,0.01,2516.885,0.1909842651812624514314091571
ETH-USD,2026-08-30T18:38:13.073086Z,2516.88,2516.89,0.01,2516.885,0.2898196991446987905819245482
ETH-USD,2026-08-30T18:38:13.090894Z,2516.88,2516.89,0.01,2516.885,0.2898196991446987905819245482
ETH-USD,2026-08-30T18:38:13.152879Z,2516.88,2516.89,0.01,2516.885,0.2898196991446987905819245482
ETH-USD,2026-08-30T18:38:13.221365Z,2516.88,2516.89,0.01,2516.885,0.1743392528072363680581400262
ETH-USD,2026-08-30T18:38:13.273793Z,2516.88,2516.89,0.01,2516.885,0.1743392528072363680581400262
ETH-USD,2026-08-30T18:38:13.320563Z,2516.88,2516.89,0.01,2516.885,0.1309438517076819071939002224
ETH-USD,2026-08-30T18:38:13.373376Z,2516.88,2516.89,0.01,2516.885,0.1309438517076819071939002224
ETH-USD,2026-08-30T18:38:13.410102Z,2516.88,2516.89,0.01,2516.885,0.1309438517076819071939002224
ETH-USD,2026-08-30T18:38:13.452249Z,2516.88,2516.89,0.01,2516.885,0.2666326930854709371418869284
ETH-USD,2026-08-30T18:38:13.496274Z,2516.88,2516.89,0.01,2516.885,0.2666326930854709371418869284
ETH-USD,2026-08-30T18:38:13.57974Z,2516.88,2516.89,0.01,2516.885,0.2666326930854709371418869284
ETH-USD,2026-08-30T18:38:13.673361Z,2516.88,2516.89,0.01,2516.885,0.2666326930854709371418869284
ETH-USD,2026-08-30T18:38:13.720455Z,2516.88,2516.89,0.01,2516.885,0.2666326930854709371418869284
ETH-USD,2026-08-30T18:38:13.770858Z,2516.88,2516.89,0.01,2516.885,0.2666326930854709371418869284
ETH-USD,2026-08-30T18:38:13.827917Z,2516.88,2516.89,0.01,2516.885,0.2368277412799146066654420560
ETH-USD,2026-08-30T18:38:13.874735Z,2516.88,2516.89,0.01,2516.885,0.2368277412799146066654420560
ETH-USD,2026-08-30T18:38:13.972806Z,2516.88,2516.89,0.01,2516.885,0.2368277412799146066654420560
ETH-USD,2026-08-30T18:38:14.019111Z,2516.88,2516.89,0.01,2516.885,0.2002796414582987659356407224
ETH-USD,2026-08-30T18:38:14.076773Z,2516.88,2516.89,0.01,2516.885,0.1342795918692720741227636995
ETH-USD,2026-08-30T18:38:14.126653Z,2516.88,2516.89,0.01,2516.885,-0.1164551413550131579081130564
ETH-USD,2026-08-30T18:38:14.15823Z,2516.86,2516.89,0.03,2516.875,-0.2158986561204063674150090426
ETH-USD,2026-08-30T18:38:14.225826Z,2516.4,2516.68,0.28,2516.54,-0.3992803083786702967371510510
ETH-USD,2026-08-30T18:38:14.265833Z,2516.4,2516.68,0.28,2516.54,-0.5857736444419595443962170547
ETH-USD,2026-08-30T18:38:14.321417Z,2516.4,2516.68,0.28,2516.54,-0.3767581945723521823054901538
ETH-USD,2026-08-30T18:38:14.370741Z,2516.44,2516.45,0.01,2516.445,-0.3755361597430471942597649548
ETH-USD,2026-08-30T18:38:14.46873Z,2516.44,2516.45,0.01,2516.445,-0.01001717754228443596423120717
ETH-USD,2026-08-30T18:38:14.475479Z,2516.44,2516.45,0.01,2516.445,-0.01001717754228443596423120717
ETH-USD,2026-08-30T18:38:14.572838Z,2516.44,2516.45,0.01,2516.445,-0.01001717754228443596423120717
ETH-USD,2026-08-30T18:38:14.578803Z,2516.44,2516.45,0.01,2516.445,-0.01001717754228443596423120717
ETH-USD,2026-08-30T18:38:14.762786Z,2516.44,2516.45,0.01,2516.445,-0.03390670929600941891948588013
ETH-USD,2026-08-30T18:38:14.833089Z,2516.44,2516.45,0.01,2516.445,-0.03390670929600941891948588013
ETH-USD,2026-08-30T18:38:14.869373Z,2516.44,2516.45,0.01,2516.445,-0.03390670929600941891948588013
ETH-USD,2026-08-30T18:38:14.910222Z,2516.44,2516.45,0.01,2516.445,-0.03390670929600941891948588013
ETH-USD,2026-08-30T18:38:14.964313Z,2516.44,2516.45,0.01,2516.445,-0.03390670929600941891948588013
ETH-USD,2026-08-30T18:38:15.012869Z,2516.44,2516.45,0.01,2516.445,-0.03390670929600941891948588013
ETH-USD,2026-08-30T18:38:15.075488Z,2516.44,2516.45,0.01,2516.445,0.04436006038389201060064591445
ETH-USD,2026-08-30T18:38:15.098382Z,2516.44,2516.45,0.01,2516.445,0.03480889321835693707720834250
ETH-USD,2026-08-30T18:38:15.133893Z,2516.44,2516.45,0.01,2516.445,0.03480889321835693707720834250
ETH-USD,2026-08-30T18:38:15.165357Z,2516.44,2516.45,0.01,2516.445,0.03480889321835693707720834250
ETH-USD,2026-08-30T18:38:15.174002Z,2516.44,2516.45,0.01,2516.445,0.03480889321835693707720834250
ETH-USD,2026-08-30T18:38:15.31732Z,2516.02,2516.16,0.14,2516.09,-0.03912286567187551403505403422
ETH-USD,2026-08-30T18:38:15.325764Z,2515.85,2516.08,0.23,2515.965,-0.1684922494663074589297684731
ETH-USD,2026-08-30T18:38:15.352761Z,2515.85,2516.03,0.18,2515.94,0.05705142872100973631235308962
ETH-USD,2026-08-30T18:38:15.391446Z,2515.74,2515.9,0.16,2515.82,0.09148554906701328554830656651
ETH-USD,2026-08-30T18:38:15.402593Z,2515.74,2515.9,0.16,2515.82,0.08633549999167606804563905138
ETH-USD,2026-08-30T18:38:15.449195Z,2515.6,2515.93,0.33,2515.765,0.03705756437418833531817226309
ETH-USD,2026-08-30T18:38:15.568604Z,2515.6,2515.95,0.35,2515.775,-0.1276975321287618207819819413
ETH-USD,2026-08-30T18:38:15.751114Z,2515.74,2516.01,0.27,2515.875,0.4801819283042189320979166447
ETH-USD,2026-08-30T18:38:15.882627Z,2515.6,2515.99,0.39,2515.795,0.3789760726759392914447821353
ETH-USD,2026-08-30T18:38:15.925484Z,2515.6,2515.99,0.39,2515.795,0.3592336992199528939126649801
ETH-USD,2026-08-30T18:38:15.980762Z,2515.6,2515.95,0.35,2515.775,0.5783849619502155556793560702
ETH-USD,2026-08-30T18:38:16.02592Z,2515.6,2515.95,0.35,2515.775,0.6311208532725697425396192246
ETH-USD,2026-08-30T18:38:16.063608Z,2515.8,2515.81,0.01,2515.805,0.3617607228521469191466613646
ETH-USD,2026-08-30T18:38:16.105692Z,2515.8,2515.81,0.01,2515.805,0.3617607228521469191466613646
ETH-USD,2026-08-30T18:38:16.160255Z,2515.8,2515.81,0.01,2515.805,0.4539342346758535426359618892
ETH-USD,2026-08-30T18:38:16.218361Z,2515.8,2515.81,0.01,2515.805,0.3617607228521469191466613646
ETH-USD,2026-08-30T18:38:16.266463Z,2515.61,2516.03,0.42,2515.82,0.5283610532373518496249113315
ETH-USD,2026-08-30T18:38:16.314385Z,2515.62,2516.03,0.41,2515.825,0.2940008680596493132315433238
ETH-USD,2026-08-30T18:38:16.361139Z,2515.8,2515.81,0.01,2515.805,-0.03274096159751167852683991116
ETH-USD,2026-08-30T18:38:16.401847Z,2515.8,2515.81,0.01,2515.805,-0.2250826051880479666436230850
ETH-USD,2026-08-30T18:38:16.46289Z,2515.8,2515.81,0.01,2515.805,-0.01468979308201238149969647801
ETH-USD,2026-08-30T18:38:16.498541Z,2515.8,2515.81,0.01,2515.805,-0.01459099927379107320500090744
ETH-USD,2026-08-30T18:38:16.57818Z,2515.8,2515.81,0.01,2515.805,-0.01459099927379107320500090744
ETH-USD,2026-08-30T18:38:16.671712Z,2515.8,2515.81,0.01,2515.805,-0.01459099927379107320500090744
ETH-USD,2026-08-30T18:38:16.676569Z,2515.8,2515.81,0.01,2515.805,-0.01459099927379107320500090744
ETH-USD,2026-08-30T18:38:16.799128Z,2515.8,2515.81,0.01,2515.805,-0.01459099927379107320500090744
ETH-USD,2026-08-30T18:38:16.850249Z,2515.8,2515.81,0.01,2515.805,-0.2343345747690573976057201844
ETH-USD,2026-08-30T18:38:16.868629Z,2515.8,2515.81,0.01,2515.805,-0.2343345747690573976057201844
ETH-USD,2026-08-30T18:38:16.963519Z,2515.8,2515.81,0.01,2515.805,-0.4208214113882349746903206938
ETH-USD,2026-08-30T18:38:17.018511Z,2515.8,2515.81,0.01,2515.805,0.2836704052030699149636879006
ETH-USD,2026-08-30T18:38:17.056611Z,2515.8,2515.81,0.01,2515.805,0.2836704052030699149636879006
ETH-USD,2026-08-30T18:38:17.088985Z,2515.61,2515.81,0.20,2515.71,0.5583429786669436721039863038
ETH-USD,2026-08-30T18:38:17.198087Z,2515.74,2515.75,0.01,2515.745,0.03254396503270604066730991438
ETH-USD,2026-08-30T18:38:17.251004Z,2515.74,2515.75,0.01,2515.745,0.2846033084218615680836269644
ETH-USD,2026-08-30T18:38:17.311502Z,2515.74,2515.75,0.01,2515.745,0.2846033084218615680836269644
ETH-USD,2026-08-30T18:38:17.360687Z,2515.73,2515.74,0.01,2515.735,0.5872899043313559248163812170
ETH-USD,2026-08-30T18:38:17.406496Z,2515.73,2515.74,0.01,2515.735,0.5872899043313559248163812170
ETH-USD,2026-08-30T18:38:17.422067Z,2515.73,2515.74,0.01,2515.735,0.5872899043313559248163812170
ETH-USD,2026-08-30T18:38:17.47275Z,2515.73,2515.74,0.01,2515.735,0.5872899043313559248163812170
ETH-USD,2026-08-30T18:38:17.588138Z,2515.73,2515.74,0.01,2515.735,0.5888614944587441624526285576
ETH-USD,2026-08-30T18:38:17.672362Z,2515.73,2515.74,0.01,2515.735,0.5888614944587441624526285576
ETH-USD,2026-08-30T18:38:17.768354Z,2515.73,2515.74,0.01,2515.735,-0.02483664505070990816529022995
ETH-USD,2026-08-30T18:38:17.847057Z,2515.67,2515.74,0.07,2515.705,0.07944799874198117678905690505
ETH-USD,2026-08-30T18:38:17.900162Z,2515.66,2515.74,0.08,2515.70,-0.2330398535951377890822650199
ETH-USD,2026-08-30T18:38:17.963975Z,2515.61,2515.74,0.13,2515.675,-0.07634230719797641244368207074
ETH-USD,2026-08-30T18:38:18.015381Z,2515.62,2515.74,0.12,2515.68,0.04079181400014802266412960927
ETH-USD,2026-08-30T18:38:18.044755Z,2515.69,2515.74,0.05,2515.715,0.09498931369254000398106849794
ETH-USD,2026-08-30T18:38:18.074879Z,2515.69,2515.74,0.05,2515.715,0.09498931369254000398106849794
ETH-USD,2026-08-30T18:38:18.143163Z,2515.69,2515.74,0.05,2515.715,0.09492509771770675797492166417
ETH-USD,2026-08-30T18:38:18.167059Z,2515.69,2515.74,0.05,2515.715,0.09492509771770675797492166417
ETH-USD,2026-08-30T18:38:18.257415Z,2515.69,2515.74,0.05,2515.715,-0.02559686279238569661950870954
ETH-USD,2026-08-30T18:38:18.338358Z,2515.69,2515.7,0.01,2515.695,-0.4369045954373381033463274401
ETH-USD,2026-08-30T18:38:18.45788Z,2515.6,2515.61,0.01,2515.605,-0.009174137428045689157246921769
ETH-USD,2026-08-30T18:38:18.499887Z,2515.6,2515.61,0.01,2515.605,-0.009174137428045689157246921769
ETH-USD,2026-08-30T18:38:18.553851Z,2515.6,2515.61,0.01,2515.605,0.005179259921301485615102951562
ETH-USD,2026-08-30T18:38:18.606904Z,2515.6,2515.61,0.01,2515.605,0.005179259921301485615102951562
ETH-USD,2026-08-30T18:38:18.654757Z,2515.6,2515.61,0.01,2515.605,-0.03133455259463264178750942950
ETH-USD,2026-08-30T18:38:18.723149Z,2515.6,2515.61,0.01,2515.605,-0.03133455259463264178750942950
ETH-USD,2026-08-30T18:38:18.77163Z,2515.6,2515.61,0.01,2515.605,0.3201162389884798374146256462
ETH-USD,2026-08-30T18:38:18.817196Z,2515.6,2515.62,0.02,2515.61,0.2245833453164954540019434373
ETH-USD,2026-08-30T18:38:18.86557Z,2515.61,2515.62,0.01,2515.615,0.1288003429287881522472869870
ETH-USD,2026-08-30T18:38:18.919536Z,2515.61,2515.62,0.01,2515.615,0.1204194016153253762600811511
ETH-USD,2026-08-30T18:38:18.968427Z,2515.61,2515.62,0.01,2515.615,0.1204866336330256275732782164
ETH-USD,2026-08-30T18:38:19.017628Z,2515.61,2515.62,0.01,2515.615,-0.04531430907313813970217990743
ETH-USD,2026-08-30T18:38:19.071144Z,2515.61,2515.62,0.01,2515.615,-0.1257394695280961744025563711
ETH-USD,2026-08-30T18:38:19.171592Z,2515.61,2515.62,0.01,2515.615,-0.1257394695280961744025563711
ETH-USD,2026-08-30T18:38:19.200951Z,2515.61,2515.62,0.01,2515.615,-0.04531430907313813970217990743
ETH-USD,2026-08-30T18:38:19.275769Z,2515.61,2515.62,0.01,2515.615,-0.04531430907313813970217990743
ETH-USD,2026-08-30T18:38:19.328463Z,2515.61,2515.62,0.01,2515.615,0.1204866406271638470771343088
ETH-USD,2026-08-30T18:38:19.371775Z,2515.61,2515.62,0.01,2515.615,-0.04795359392006879100614668338
ETH-USD,2026-08-30T18:38:19.431511Z,2515.61,2515.62,0.01,2515.615,-0.04795359392006879100614668338
ETH-USD,2026-08-30T18:38:19.459829Z,2515.61,2515.62,0.01,2515.615,0.08342852944592084940312026098
ETH-USD,2026-08-30T18:38:19.578047Z,2515.61,2515.62,0.01,2515.615,0.08342852944592084940312026098
ETH-USD,2026-08-30T18:38:19.669069Z,2515.61,2515.62,0.01,2515.615,0.07856624773749096512729599716
ETH-USD,2026-08-30T18:38:19.782149Z,2515.61,2515.62,0.01,2515.615,0.07856624773749096512729599716
ETH-USD,2026-08-30T18:38:19.86856Z,2515.61,2515.62,0.01,2515.615,0.07856624773749096512729599716
ETH-USD,2026-08-30T18:38:19.874391Z,2515.61,2515.62,0.01,2515.615,0.07856624773749096512729599716
ETH-USD,2026-08-30T18:38:19.973935Z,2515.61,2515.62,0.01,2515.615,0.07856624773749096512729599716
ETH-USD,2026-08-30T18:38:20.021195Z,2515.61,2515.62,0.01,2515.615,0.07856624773749096512729599716
ETH-USD,2026-08-30T18:38:20.06179Z,2515.61,2515.62,0.01,2515.615,0.07856624773749096512729599716
ETH-USD,2026-08-30T18:38:20.068793Z,2515.61,2515.62,0.01,2515.615,0.07856624773749096512729599716
ETH-USD,2026-08-30T18:38:20.092612Z,2515.61,2515.62,0.01,2515.615,0.07856624773749096512729599716
ETH-USD,2026-08-30T18:38:20.199567Z,2515.61,2515.62,0.01,2515.615,0.2957034751366059314923086513
ETH-USD,2026-08-30T18:38:20.209405Z,2515.61,2515.69,0.08,2515.65,0.7608938242137467191653208728
ETH-USD,2026-08-30T18:38:20.307688Z,2515.82,2516.03,0.21,2515.925,0.3294747564049155380298104715
ETH-USD,2026-08-30T18:38:20.397476Z,2515.84,2516.03,0.19,2515.935,0.5322107154306307139858197765
ETH-USD,2026-08-30T18:38:20.471032Z,2515.84,2515.85,0.01,2515.845,0.6899420503247710531289898524
ETH-USD,2026-08-30T18:38:20.533546Z,2515.84,2515.85,0.01,2515.845,0.3147849240123798615925654024
ETH-USD,2026-08-30T18:38:20.567401Z,2515.84,2515.85,0.01,2515.845,0.2020144929166696413034509905
ETH-USD,2026-08-30T18:38:20.607901Z,2515.84,2515.85,0.01,2515.845,0.2020144929166696413034509905
ETH-USD,2026-08-30T18:38:20.676285Z,2515.84,2515.85,0.01,2515.845,0.2020144929166696413034509905
ETH-USD,2026-08-30T18:38:20.827708Z,2515.6,2515.83,0.23,2515.715,0.1899634426099872895880585902
ETH-USD,2026-08-30T18:38:20.863872Z,2515.6,2515.61,0.01,2515.605,0.2545148991018518688496097100
ETH-USD,2026-08-30T18:38:20.883328Z,2515.6,2515.61,0.01,2515.605,0.2592025689590665360652696012
ETH-USD,2026-08-30T18:38:20.927164Z,2515.6,2515.61,0.01,2515.605,-0.1884282112124967099470719829
ETH-USD,2026-08-30T18:38:21.001681Z,2515.6,2515.61,0.01,2515.605,0.2304792549778977265688363094
ETH-USD,2026-08-30T18:38:21.074536Z,2515.6,2515.61,0.01,2515.605,0.2288339470380933309347078599
ETH-USD,2026-08-30T18:38:21.08654Z,2515.6,2515.61,0.01,2515.605,0.2288339470380933309347078599
ETH-USD,2026-08-30T18:38:21.167263Z,2515.6,2515.61,0.01,2515.605,0.2288339470380933309347078599
ETH-USD,2026-08-30T18:38:21.175485Z,2515.6,2515.61,0.01,2515.605,0.2288339470380933309347078599
ETH-USD,2026-08-30T18:38:21.271194Z,2515.6,2515.61,0.01,2515.605,0.2288339470380933309347078599
ETH-USD,2026-08-30T18:38:21.329844Z,2515.6,2515.61,0.01,2515.605,0.2288339470380933309347078599
ETH-USD,2026-08-30T18:38:21.378973Z,2515.6,2515.61,0.01,2515.605,0.2301066622663742331527242755
ETH-USD,2026-08-30T18:38:21.425838Z,2515.6,2515.61,0.01,2515.605,0.2598663436779776515065858004
ETH-USD,2026-08-30T18:38:21.48244Z,2515.6,2515.61,0.01,2515.605,0.1660413863669072385290845997
ETH-USD,2026-08-30T18:38:21.530983Z,2515.6,2515.61,0.01,2515.605,0.1660413863669072385290845997
ETH-USD,2026-08-30T18:38:21.57496Z,2515.6,2515.61,0.01,2515.605,0.1660413863669072385290845997
ETH-USD,2026-08-30T18:38:21.582015Z,2515.6,2515.61,0.01,2515.605,0.08103733255586684566956598320
ETH-USD,2026-08-30T18:38:21.674814Z,2515.6,2515.61,0.01,2515.605,0.08103733255586684566956598320
ETH-USD,2026-08-30T18:38:21.77262Z,2515.6,2515.61,0.01,2515.605,0.08103733255586684566956598320
ETH-USD,2026-08-30T18:38:21.830524Z,2515.6,2515.61,0.01,2515.605,-0.4974838186408525334166107099
ETH-USD,2026-08-30T18:38:21.865501Z,2515.6,2515.61,0.01,2515.605,0.07746888658530420921204655855
ETH-USD,2026-08-30T18:38:21.923547Z,2515.6,2515.61,0.01,2515.605,0.07746888658530420921204655855
ETH-USD,2026-08-30T18:38:21.968072Z,2515.6,2515.61,0.01,2515.605,0.07746888658530420921204655855
ETH-USD,2026-08-30T18:38:22.002444Z,2515.6,2515.61,0.01,2515.605,-0.2799950731960150460307887601
ETH-USD,2026-08-30T18:38:22.067014Z,2515.6,2515.61,0.01,2515.605,-0.3661371716211536371320193129
ETH-USD,2026-08-30T18:38:22.121067Z,2515.6,2515.61,0.01,2515.605,-0.7221717578182665753016707608
ETH-USD,2026-08-30T18:38:22.173423Z,2515.6,2515.61,0.01,2515.605,-0.7221717578182665753016707608
ETH-USD,2026-08-30T18:38:22.180169Z,2515.6,2515.61,0.01,2515.605,-0.7221717578182665753016707608
ETH-USD,2026-08-30T18:38:22.272676Z,2515.6,2515.61,0.01,2515.605,-0.7221717578182665753016707608
ETH-USD,2026-08-30T18:38:22.311048Z,2515.6,2515.61,0.01,2515.605,-0.7221717578182665753016707608
ETH-USD,2026-08-30T18:38:22.370077Z,2515.6,2515.61,0.01,2515.605,-0.7221717578182665753016707608
ETH-USD,2026-08-30T18:38:22.421427Z,2515.6,2515.61,0.01,2515.605,-0.7221717578182665753016707608
ETH-USD,2026-08-30T18:38:22.47431Z,2515.6,2515.61,0.01,2515.605,-0.6789272388927075208931632373
ETH-USD,2026-08-30T18:38:22.51612Z,2515.6,2515.61,0.01,2515.605,-0.6789272388927075208931632373
ETH-USD,2026-08-30T18:38:22.568422Z,2515.6,2515.61,0.01,2515.605,-0.6789272388927075208931632373
ETH-USD,2026-08-30T18:38:22.623339Z,2515.6,2515.61,0.01,2515.605,-0.8355461968495479138654277273
ETH-USD,2026-08-30T18:38:22.672397Z,2515.6,2515.61,0.01,2515.605,-0.7221717578182665753016707608
ETH-USD,2026-08-30T18:38:22.729602Z,2515.6,2515.61,0.01,2515.605,-0.7221717578182665753016707608
ETH-USD,2026-08-30T18:38:22.757851Z,2515.6,2515.61,0.01,2515.605,-0.8120162422330095319600007156
ETH-USD,2026-08-30T18:38:22.811153Z,2515.6,2515.61,0.01,2515.605,-0.8799298085787829042363438980
ETH-USD,2026-08-30T18:38:22.858044Z,2515.6,2515.61,0.01,2515.605,-0.7221717578182665753016707608
ETH-USD,2026-08-30T18:38:22.868882Z,2515.6,2515.61,0.01,2515.605,-0.7221717578182665753016707608
ETH-USD,2026-08-30T18:38:22.945805Z,2515.6,2515.61,0.01,2515.605,-0.8666685965381634762665199171
ETH-USD,2026-08-30T18:38:23.011936Z,2515.6,2515.61,0.01,2515.605,-0.8666685965381634762665199171
ETH-USD,2026-08-30T18:38:23.057077Z,2515.6,2515.61,0.01,2515.605,-0.8299846672712500217636771142
ETH-USD,2026-08-30T18:38:23.072051Z,2515.6,2515.61,0.01,2515.605,-0.7861708744728527322936653801
ETH-USD,2026-08-30T18:38:23.162179Z,2515.6,2515.61,0.01,2515.605,-0.8682408339928436824438035031
ETH-USD,2026-08-30T18:38:23.267405Z,2515.6,2515.61,0.01,2515.605,-0.7034556438103404759926463607
ETH-USD,2026-08-30T18:38:23.27375Z,2515.6,2515.61,0.01,2515.605,-0.7034556438103404759926463607
ETH-USD,2026-08-30T18:38:23.399582Z,2515.6,2515.61,0.01,2515.605,-0.7034556438103404759926463607
ETH-USD,2026-08-30T18:38:23.484162Z,2515.6,2515.61,0.01,2515.605,-0.7034556438103404759926463607
ETH-USD,2026-08-30T18:38:23.579376Z,2515.6,2515.61,0.01,2515.605,-0.7034556438103404759926463607
ETH-USD,2026-08-30T18:38:23.600562Z,2515.6,2515.61,0.01,2515.605,-0.7034556438103404759926463607
ETH-USD,2026-08-30T18:38:23.661545Z,2515.6,2515.61,0.01,2515.605,-0.8037696552151796989935452643
ETH-USD,2026-08-30T18:38:23.669198Z,2515.6,2515.61,0.01,2515.605,-0.7034556438103404759926463607
ETH-USD,2026-08-30T18:38:23.775905Z,2515.2,2515.21,0.01,2515.205,-0.4795616452279589577756573935
ETH-USD,2026-08-30T18:38:23.825011Z,2515.2,2515.21,0.01,2515.205,-0.4859935356862266603980694800
ETH-USD,2026-08-30T18:38:23.874939Z,2515.2,2515.21,0.01,2515.205,-0.9073449117102677825587711355
ETH-USD,2026-08-30T18:38:23.897732Z,2515.2,2515.21,0.01,2515.205,-0.9073449117102677825587711355
ETH-USD,2026-08-30T18:38:23.978771Z,2515.2,2515.21,0.01,2515.205,-0.9303981131137671114481653529
ETH-USD,2026-08-30T18:38:24.015316Z,2515.2,2515.21,0.01,2515.205,-0.9185258681111828479715779105
ETH-USD,2026-08-30T18:38:24.077763Z,2515.2,2515.21,0.01,2515.205,-0.9185258681111828479715779105
ETH-USD,2026-08-30T18:38:24.17352Z,2515.2,2515.21,0.01,2515.205,-0.9185258681111828479715779105
ETH-USD,2026-08-30T18:38:24.21499Z,2515.2,2515.21,0.01,2515.205,-0.9185258681111828479715779105
ETH-USD,2026-08-30T18:38:24.280446Z,2515.2,2515.21,0.01,2515.205,-0.9185258681111828479715779105
ETH-USD,2026-08-30T18:38:24.322493Z,2515.2,2515.21,0.01,2515.205,-0.9073449117102677825587711355
ETH-USD,2026-08-30T18:38:24.374548Z,2515.2,2515.21,0.01,2515.205,-0.9073449117102677825587711355
ETH-USD,2026-08-30T18:38:24.422639Z,2515.2,2515.21,0.01,2515.205,-0.9073449117102677825587711355
ETH-USD,2026-08-30T18:38:24.475129Z,2515.2,2515.21,0.01,2515.205,-0.9073449117102677825587711355
ETH-USD,2026-08-30T18:38:24.525216Z,2515.2,2515.21,0.01,2515.205,-0.9073449117102677825587711355
ETH-USD,2026-08-30T18:38:24.574616Z,2515.2,2515.21,0.01,2515.205,-0.9073449117102677825587711355
ETH-USD,2026-08-30T18:38:24.622123Z,2515.2,2515.21,0.01,2515.205,-0.9073449117102677825587711355
ETH-USD,2026-08-30T18:38:24.664122Z,2515.2,2515.21,0.01,2515.205,-0.9073449117102677825587711355
ETH-USD,2026-08-30T18:38:24.718748Z,2515.2,2515.22,0.02,2515.21,-0.9215695393585151003405333097
ETH-USD,2026-08-30T18:38:24.769713Z,2515.2,2515.21,0.01,2515.205,-0.9073449117102677825587711355
ETH-USD,2026-08-30T18:38:24.818797Z,2515.2,2515.21,0.01,2515.205,-0.9073449117102677825587711355
ETH-USD,2026-08-30T18:38:24.876638Z,2515.2,2515.21,0.01,2515.205,-0.9073449117102677825587711355
ETH-USD,2026-08-30T18:38:24.92878Z,2515.2,2515.21,0.01,2515.205,-0.9073449117102677825587711355
ETH-USD,2026-08-30T18:38:24.983391Z,2515.2,2515.22,0.02,2515.21,-0.9215695393585151003405333097
ETH-USD,2026-08-30T18:38:25.025897Z,2515.2,2515.21,0.01,2515.205,-0.9134988027735151141132176304
ETH-USD,2026-08-30T18:38:25.049988Z,2515.2,2515.21,0.01,2515.205,-0.9134988027735151141132176304
ETH-USD,2026-08-30T18:38:25.161371Z,2515.2,2515.21,0.01,2515.205,-0.9134988027735151141132176304
ETH-USD,2026-08-30T18:38:25.218195Z,2515.2,2515.21,0.01,2515.205,-0.9134988027735151141132176304
ETH-USD,2026-08-30T18:38:25.272082Z,2515.2,2515.21,0.01,2515.205,-0.9134988027735151141132176304
ETH-USD,2026-08-30T18:38:25.336477Z,2515.2,2515.21,0.01,2515.205,-0.5393047379883507695801837962
ETH-USD,2026-08-30T18:38:25.366906Z,2515.2,2515.21,0.01,2515.205,-0.5393047379883507695801837962
ETH-USD,2026-08-30T18:38:25.411349Z,2515.2,2515.21,0.01,2515.205,-0.9242758392711914236353418788
ETH-USD,2026-08-30T18:38:25.465048Z,2515.2,2515.21,0.01,2515.205,-0.9151999797135897954910897000
ETH-USD,2026-08-30T18:38:25.514884Z,2515.2,2515.21,0.01,2515.205,-0.9151999797135897954910897000
ETH-USD,2026-08-30T18:38:25.568463Z,2515.2,2515.21,0.01,2515.205,-0.9151999797135897954910897000
ETH-USD,2026-08-30T18:38:25.608047Z,2515.2,2515.21,0.01,2515.205,-0.1079501342739593299986377975
ETH-USD,2026-08-30T18:38:25.658722Z,2515.2,2515.21,0.01,2515.205,-0.1079501342739593299986377975
ETH-USD,2026-08-30T18:38:25.685433Z,2515.2,2515.21,0.01,2515.205,-0.4963182802970696992132407081
ETH-USD,2026-08-30T18:38:25.736046Z,2515.2,2515.21,0.01,2515.205,-0.4963182802970696992132407081
ETH-USD,2026-08-30T18:38:25.784488Z,2514.8,2515.01,0.21,2514.905,0.08021476161696324999560238028
ETH-USD,2026-08-30T18:38:25.868804Z,2514.89,2515.01,0.12,2514.95,0.3354682740386972025340164694
ETH-USD,2026-08-30T18:38:25.875529Z,2514.81,2515.01,0.20,2514.91,0.3323196130236722858815337358
ETH-USD,2026-08-30T18:38:25.967741Z,2514.81,2514.99,0.18,2514.90,0.3323190133126676398177371619
ETH-USD,2026-08-30T18:38:26.015576Z,2514.8,2514.98,0.18,2514.89,0.3848422273787959466271578760
ETH-USD,2026-08-30T18:38:26.073245Z,2514.96,2514.97,0.01,2514.965,0.3796542435355331589577654905
ETH-USD,2026-08-30T18:38:26.161039Z,2514.96,2514.97,0.01,2514.965,0.3796542435355331589577654905
ETH-USD,2026-08-30T18:38:26.193664Z,2514.8,2514.96,0.16,2514.88,0.4335234650775473007488776797
ETH-USD,2026-08-30T18:38:26.282594Z,2514.95,2514.96,0.01,2514.955,0.06811293465306129866115519486
ETH-USD,2026-08-30T18:38:26.361948Z,2514.95,2514.96,0.01,2514.955,0.001757865936162942533718212719
ETH-USD,2026-08-30T18:38:26.40741Z,2514.95,2514.96,0.01,2514.955,0.001757865936162942533718212719
ETH-USD,2026-08-30T18:38:26.468042Z,2514.95,2514.96,0.01,2514.955,0.001757865936162942533718212719
ETH-USD,2026-08-30T18:38:26.524639Z,2514.95,2514.96,0.01,2514.955,0.1031739844873751675680521178
ETH-USD,2026-08-30T18:38:26.57375Z,2514.95,2514.96,0.01,2514.955,0.1031739844873751675680521178
ETH-USD,2026-08-30T18:38:26.633258Z,2514.95,2514.96,0.01,2514.955,0.1031739844873751675680521178
ETH-USD,2026-08-30T18:38:26.670607Z,2514.95,2514.96,0.01,2514.955,0.1029675213047907367749620182
ETH-USD,2026-08-30T18:38:26.727521Z,2514.95,2514.96,0.01,2514.955,0.1029675213047907367749620182
ETH-USD,2026-08-30T18:38:26.782559Z,2514.95,2514.96,0.01,2514.955,0.1029675213047907367749620182
ETH-USD,2026-08-30T18:38:26.880503Z,2514.95,2514.96,0.01,2514.955,0.1029675213047907367749620182
ETH-USD,2026-08-30T18:38:26.915212Z,2514.95,2514.96,0.01,2514.955,0.1029675213047907367749620182
ETH-USD,2026-08-30T18:38:26.977921Z,2514.81,2514.96,0.15,2514.885,-0.09665023289421918455670209378
ETH-USD,2026-08-30T18:38:27.017376Z,2514.81,2514.96,0.15,2514.885,-0.09173621771238097741822521726
ETH-USD,2026-08-30T18:38:27.077057Z,2514.95,2514.96,0.01,2514.955,-0.05808216040412073837596751473
ETH-USD,2026-08-30T18:38:27.118865Z,2514.95,2514.96,0.01,2514.955,-0.05808216040412073837596751473
ETH-USD,2026-08-30T18:38:27.172807Z,2514.95,2514.96,0.01,2514.955,-0.05808216040412073837596751473
ETH-USD,2026-08-30T18:38:27.224157Z,2514.91,2514.96,0.05,2514.935,-0.05808216040412073837596751473
ETH-USD,2026-08-30T18:38:27.274592Z,2514.95,2514.96,0.01,2514.955,-0.05808216040412073837596751473
ETH-USD,2026-08-30T18:38:27.323508Z,2514.95,2514.96,0.01,2514.955,-0.06302200340110235830789627151
ETH-USD,2026-08-30T18:38:27.380095Z,2514.92,2514.96,0.04,2514.94,0.001587596067010400791575022575
ETH-USD,2026-08-30T18:38:27.386235Z,2514.95,2514.96,0.01,2514.955,0.1029670761581684652521855253
ETH-USD,2026-08-30T18:38:27.465966Z,2514.95,2514.96,0.01,2514.955,0.1029670761581684652521855253
ETH-USD,2026-08-30T18:38:27.550503Z,2514.81,2514.96,0.15,2514.885,-0.09665037702798734562828727535
ETH-USD,2026-08-30T18:38:27.627269Z,2514.89,2514.96,0.07,2514.925,-0.06302213108843587512215183338
ETH-USD,2026-08-30T18:38:27.668378Z,2514.9,2514.96,0.06,2514.93,-0.09665037702798734562828727535
ETH-USD,2026-08-30T18:38:27.735869Z,2514.95,2514.96,0.01,2514.955,-0.06302213108843587512215183338
ETH-USD,2026-08-30T18:38:27.834921Z,2514.95,2514.96,0.01,2514.955,0.06811358241285583027742585486
ETH-USD,2026-08-30T18:38:27.868103Z,2514.95,2514.96,0.01,2514.955,0.06811358241285583027742585486
ETH-USD,2026-08-30T18:38:27.971126Z,2514.95,2514.96,0.01,2514.955,0.06811358241285583027742585486
ETH-USD,2026-08-30T18:38:28.061171Z,2514.95,2514.96,0.01,2514.955,0.06811358241285583027742585486
ETH-USD,2026-08-30T18:38:28.073686Z,2514.95,2514.96,0.01,2514.955,0.06811358241285583027742585486
ETH-USD,2026-08-30T18:38:28.174141Z,2514.95,2514.96,0.01,2514.955,0.06811358241285583027742585486
ETH-USD,2026-08-30T18:38:28.184261Z,2514.95,2514.96,0.01,2514.955,0.1683480172493832852520864044
ETH-USD,2026-08-30T18:38:28.198435Z,2514.95,2514.96,0.01,2514.955,0.1683480172493832852520864044
ETH-USD,2026-08-30T18:38:28.272802Z,2514.82,2514.95,0.13,2514.885,0.06937189712947806374373026478
ETH-USD,2026-08-30T18:38:28.378729Z,2515.35,2515.36,0.01,2515.355,0.2050229503942455727761638656
ETH-USD,2026-08-30T18:38:28.479947Z,2515.31,2515.51,0.20,2515.41,-0.06908780300056256498189038154
ETH-USD,2026-08-30T18:38:28.505064Z,2515.31,2515.5,0.19,2515.405,0.3468791071568718773526927071
ETH-USD,2026-08-30T18:38:28.569822Z,2515.32,2515.33,0.01,2515.325,0.2999289964416807822254420449
ETH-USD,2026-08-30T18:38:28.587813Z,2515.32,2515.33,0.01,2515.325,0.3543072095210233786548258509
ETH-USD,2026-08-30T18:38:28.666326Z,2515.32,2515.33,0.01,2515.325,0.3852256842850422810020886060
ETH-USD,2026-08-30T18:38:28.727659Z,2515.12,2515.22,0.10,2515.17,0.2825644514563231536627712925
ETH-USD,2026-08-30T18:38:28.791259Z,2515.21,2515.22,0.01,2515.215,0.08499004113892432062645620013
ETH-USD,2026-08-30T18:38:28.870686Z,2515.21,2515.22,0.01,2515.215,0.3360888017802745815443496560
ETH-USD,2026-08-30T18:38:28.981863Z,2515.21,2515.22,0.01,2515.215,0.3360888017802745815443496560
ETH-USD,2026-08-30T18:38:29.014762Z,2515.21,2515.22,0.01,2515.215,0.3360888017802745815443496560
ETH-USD,2026-08-30T18:38:29.061199Z,2515.21,2515.22,0.01,2515.215,0.3313934440002510275067117699
ETH-USD,2026-08-30T18:38:29.124497Z,2515.21,2515.22,0.01,2515.215,0.3313934440002510275067117699
ETH-USD,2026-08-30T18:38:29.172907Z,2515.21,2515.22,0.01,2515.215,0.3313934440002510275067117699
ETH-USD,2026-08-30T18:38:29.277457Z,2515.21,2515.22,0.01,2515.215,0.3313934440002510275067117699
ETH-USD,2026-08-30T18:38:29.365438Z,2515.21,2515.22,0.01,2515.215,0.1138132381645890005525825519
ETH-USD,2026-08-30T18:38:29.471138Z,2515.21,2515.22,0.01,2515.215,0.1138132381645890005525825519
ETH-USD,2026-08-30T18:38:29.574511Z,2515.21,2515.22,0.01,2515.215,0.1138132381645890005525825519
ETH-USD,2026-08-30T18:38:29.622389Z,2515,2515.22,0.22,2515.11,0.1907511252799554258245416958
ETH-USD,2026-08-30T18:38:29.663816Z,2515,2515.22,0.22,2515.11,0.1907511252799554258245416958
ETH-USD,2026-08-30T18:38:29.712198Z,2515.04,2515.16,0.12,2515.10,0.2962382039303458456919363526
ETH-USD,2026-08-30T18:38:29.774311Z,2514.8,2515.16,0.36,2514.98,0.2058002725196319068825009901
ETH-USD,2026-08-30T18:38:29.801933Z,2514.81,2515.16,0.35,2514.985,-0.007751443648423080739541964672
ETH-USD,2026-08-30T18:38:29.878133Z,2514.82,2515.16,0.34,2514.99,-0.06634456972508773158092963644
ETH-USD,2026-08-30T18:38:29.90292Z,2514.83,2515.16,0.33,2514.995,0.07013713613879080161798709072
ETH-USD,2026-08-30T18:38:30.01229Z,2514.83,2515.16,0.33,2514.995,0.07013713613879080161798709072
ETH-USD,2026-08-30T18:38:30.069103Z,2515.09,2515.16,0.07,2515.125,0.1426041984029146250446869307
ETH-USD,2026-08-30T18:38:30.110252Z,2515.15,2515.16,0.01,2515.155,0.002770673263152318386472784045
ETH-USD,2026-08-30T18:38:30.161758Z,2515.07,2515.16,0.09,2515.115,0.1413195726272923709389691187
ETH-USD,2026-08-30T18:38:30.172521Z,2514.92,2515.16,0.24,2515.04,0.07567576578707872417862859350
ETH-USD,2026-08-30T18:38:30.332803Z,2515.15,2515.16,0.01,2515.155,0.08547918903700023223906662454
ETH-USD,2026-08-30T18:38:30.374122Z,2514.94,2515.16,0.22,2515.05,0.07697917533463767709528506266
ETH-USD,2026-08-30T18:38:30.425221Z,2514.96,2515.16,0.20,2515.06,0.07697917533463767709528506266
ETH-USD,2026-08-30T18:38:30.467262Z,2514.96,2515.16,0.20,2515.06,0.07697917533463767709528506266
ETH-USD,2026-08-30T18:38:30.509054Z,2515.15,2515.16,0.01,2515.155,0.1228242777076207019828261114
ETH-USD,2026-08-30T18:38:30.565393Z,2515.15,2515.16,0.01,2515.155,0.1228242777076207019828261114
ETH-USD,2026-08-30T18:38:30.660133Z,2515.15,2515.16,0.01,2515.155,0.2389429540729013761610326795
ETH-USD,2026-08-30T18:38:30.679661Z,2515.15,2515.16,0.01,2515.155,0.2389429540729013761610326795
ETH-USD,2026-08-30T18:38:30.76773Z,2515.15,2515.16,0.01,2515.155,0.2389429540729013761610326795
ETH-USD,2026-08-30T18:38:30.77807Z,2515.15,2515.16,0.01,2515.155,0.2389429540729013761610326795
ETH-USD,2026-08-30T18:38:30.867706Z,2515.15,2515.16,0.01,2515.155,0.2389429540729013761610326795
ETH-USD,2026-08-30T18:38:30.919975Z,2515.15,2515.16,0.01,2515.155,0.2389429540729013761610326795
ETH-USD,2026-08-30T18:38:30.978271Z,2515.15,2515.16,0.01,2515.155,0.2696524923075025369315155515
ETH-USD,2026-08-30T18:38:31.024805Z,2515.15,2515.16,0.01,2515.155,0.2389444600042998440640744522
ETH-USD,2026-08-30T18:38:31.068745Z,2515.15,2515.16,0.01,2515.155,0.2389444600042998440640744522
ETH-USD,2026-08-30T18:38:31.132831Z,2515.17,2515.18,0.01,2515.175,0.2943906118316747656237043774
ETH-USD,2026-08-30T18:38:31.229206Z,2515.28,2515.72,0.44,2515.50,0.3217378654458050079774952032
ETH-USD,2026-08-30T18:38:31.269978Z,2515.53,2515.62,0.09,2515.575,0.2554268342346954203268966175
ETH-USD,2026-08-30T18:38:31.352444Z,2515.45,2515.74,0.29,2515.595,0.6619650943108473343024574081
ETH-USD,2026-08-30T18:38:31.379068Z,2515.3,2515.76,0.46,2515.53,0.5762053978241579392887212671
ETH-USD,2026-08-30T18:38:31.410688Z,2515.3,2515.75,0.45,2515.525,0.7869041384566072285311496871
ETH-USD,2026-08-30T18:38:31.518826Z,2515.32,2515.75,0.43,2515.535,0.7783798564994113383142623165
ETH-USD,2026-08-30T18:38:31.57557Z,2515.34,2515.7,0.36,2515.52,0.7783783432338498312419874174
ETH-USD,2026-08-30T18:38:31.649006Z,2515.36,2515.7,0.34,2515.53,0.7783783432338498312419874174
ETH-USD,2026-08-30T18:38:31.711634Z,2515.37,2515.7,0.33,2515.535,0.6835005595444589176398447417
ETH-USD,2026-08-30T18:38:31.871434Z,2515.52,2515.7,0.18,2515.61,0.4552545374393502648419418784
ETH-USD,2026-08-30T18:38:31.969686Z,2515.55,2515.7,0.15,2515.625,0.5498889829526985366260406519
ETH-USD,2026-08-30T18:38:32.016279Z,2515.55,2515.84,0.29,2515.695,-0.07308911548200921110415916407
ETH-USD,2026-08-30T18:38:32.071704Z,2515.41,2515.7,0.29,2515.555,-0.07779433161151978403721352092
ETH-USD,2026-08-30T18:38:32.114936Z,2515.35,2515.8,0.45,2515.575,-0.05561727156623763790345473080
ETH-USD,2026-08-30T18:38:32.163912Z,2515.25,2515.79,0.54,2515.52,0.5246930519993096382165054094
ETH-USD,2026-08-30T18:38:32.216236Z,2515.28,2515.73,0.45,2515.505,0.4526509964891546933815828747
ETH-USD,2026-08-30T18:38:32.277743Z,2515.29,2515.73,0.44,2515.51,-0.3509289238717676147994643063
ETH-USD,2026-08-30T18:38:32.307465Z,2515.31,2515.67,0.36,2515.49,-0.3471942373051888821699075018
ETH-USD,2026-08-30T18:38:32.375168Z,2515.54,2515.73,0.19,2515.635,0.4555539681847790902446211628
ETH-USD,2026-08-30T18:38:32.418644Z,2515.5,2515.55,0.05,2515.525,0.3269335194789808665317131811
ETH-USD,2026-08-30T18:38:32.472986Z,2515.52,2515.55,0.03,2515.535,-0.4420693357876873952513952221
ETH-USD,2026-08-30T18:38:32.578143Z,2515.54,2515.55,0.01,2515.545,0.1460394246697352205237131878
ETH-USD,2026-08-30T18:38:32.594301Z,2515.54,2515.55,0.01,2515.545,0.1460394246697352205237131878
ETH-USD,2026-08-30T18:38:32.731229Z,2515.54,2515.55,0.01,2515.545,0.3349285987970815820011708212
ETH-USD,2026-08-30T18:38:32.77544Z,2515.54,2515.55,0.01,2515.545,-0.04545171724959207705490434166
ETH-USD,2026-08-30T18:38:32.825166Z,2515.34,2515.5,0.16,2515.42,0.4670196601476419970527592431
ETH-USD,2026-08-30T18:38:32.879506Z,2515.25,2515.5,0.25,2515.375,0.4670196601476419970527592431
ETH-USD,2026-08-30T18:38:32.970987Z,2515.25,2515.5,0.25,2515.375,0.4670196601476419970527592431
ETH-USD,2026-08-30T18:38:33.02072Z,2515.26,2515.5,0.24,2515.38,0.4466254243763009051931356868
ETH-USD,2026-08-30T18:38:33.078054Z,2515.35,2515.45,0.10,2515.40,0.02060442502240006141825324236
ETH-USD,2026-08-30T18:38:33.10046Z,2515.01,2515.36,0.35,2515.185,-0.3271160383353909455073663443
ETH-USD,2026-08-30T18:38:33.160006Z,2514.97,2515.11,0.14,2515.04,-0.6201151542600856056344199534
ETH-USD,2026-08-30T18:38:33.264146Z,2515.09,2515.29,0.20,2515.19,-0.2340731112635660648456883601
ETH-USD,2026-08-30T18:38:33.279247Z,2515.09,2515.29,0.20,2515.19,-0.08284636832439406365058477755
ETH-USD,2026-08-30T18:38:33.422515Z,2514.97,2515.38,0.41,2515.175,0.2916818136281500928313167973
ETH-USD,2026-08-30T18:38:33.458572Z,2515.18,2515.37,0.19,2515.275,0.5269933756838601102493728738
ETH-USD,2026-08-30T18:38:33.490651Z,2515.18,2515.37,0.19,2515.275,0.2772847465835475049417026520
ETH-USD,2026-08-30T18:38:33.606111Z,2515.19,2515.2,0.01,2515.195,0.4978498717123468099151102154
ETH-USD,2026-08-30T18:38:33.66446Z,2515.19,2515.2,0.01,2515.195,0.4978498717123468099151102154
ETH-USD,2026-08-30T18:38:33.692696Z,2515.23,2515.46,0.23,2515.345,-0.1920571059402599748953569634
ETH-USD,2026-08-30T18:38:33.82711Z,2515.24,2515.29,0.05,2515.265,0.2972049198289640315995298648
ETH-USD,2026-08-30T18:38:33.866907Z,2515.19,2515.45,0.26,2515.32,0.1172628581487854001711213770
ETH-USD,2026-08-30T18:38:33.971803Z,2515.2,2515.53,0.33,2515.365,-0.2984199633618611741904005023
ETH-USD,2026-08-30T18:38:34.04737Z,2515.03,2515.48,0.45,2515.255,0.2068312777669025640233844378
ETH-USD,2026-08-30T18:38:34.071996Z,2515.06,2515.47,0.41,2515.265,-0.02490065044696837424798603256
ETH-USD,2026-08-30T18:38:34.103609Z,2515.06,2515.47,0.41,2515.265,0.1943263782752307018244713984
ETH-USD,2026-08-30T18:38:34.179413Z,2515.12,2515.52,0.40,2515.32,0.2224691450478964724780797520
ETH-USD,2026-08-30T18:38:34.18549Z,2515.13,2515.52,0.39,2515.325,-0.1785769161237573678421374695
ETH-USD,2026-08-30T18:38:34.2509Z,2515.14,2515.44,0.30,2515.29,-0.1818040753688009536545580736
ETH-USD,2026-08-30T18:38:34.276088Z,2515.26,2515.51,0.25,2515.385,-0.08385524655558918946244446908
ETH-USD,2026-08-30T18:38:34.347477Z,2515.16,2515.35,0.19,2515.255,-0.2360938819327768315898037479
ETH-USD,2026-08-30T18:38:34.38853Z,2515.2,2515.35,0.15,2515.275,-0.07123466784546973154375234675
ETH-USD,2026-08-30T18:38:34.461349Z,2515.21,2515.35,0.14,2515.28,-0.2410370611543923641085225033
ETH-USD,2026-08-30T18:38:34.466322Z,2515.21,2515.35,0.14,2515.28,-0.1531493659838435471902652451
ETH-USD,2026-08-30T18:38:34.573586Z,2515.22,2515.35,0.13,2515.285,-0.3079290851189454388364250461
ETH-USD,2026-08-30T18:38:34.584773Z,2515.22,2515.35,0.13,2515.285,-0.3882747658956634479495840573
ETH-USD,2026-08-30T18:38:34.661151Z,2515.22,2515.35,0.13,2515.285,-0.3882747658956634479495840573
ETH-USD,2026-08-30T18:38:34.702321Z,2515.25,2515.35,0.10,2515.30,-0.4868662710185776728183200113
ETH-USD,2026-08-30T18:38:34.773069Z,2515.23,2515.35,0.12,2515.29,-0.5903380769540743635246252520
ETH-USD,2026-08-30T18:38:34.81765Z,2515.23,2515.35,0.12,2515.29,-0.3079290851189454388364250461
ETH-USD,2026-08-30T18:38:34.879136Z,2515.25,2515.35,0.10,2515.30,-0.5903380769540743635246252520
ETH-USD,2026-08-30T18:38:34.926897Z,2515.25,2515.35,0.10,2515.30,-0.2576540007317977274467877342
ETH-USD,2026-08-30T18:38:34.966203Z,2515.29,2515.3,0.01,2515.295,-0.1432907316727555778602440711
ETH-USD,2026-08-30T18:38:35.017607Z,2515.29,2515.3,0.01,2515.295,0.03477349043588956634203867818
ETH-USD,2026-08-30T18:38:35.062435Z,2515.29,2515.3,0.01,2515.295,0.3886464259920993130387625371
ETH-USD,2026-08-30T18:38:35.134566Z,2515.29,2515.3,0.01,2515.295,0.2433779245793313563343858137
ETH-USD,2026-08-30T18:38:35.216867Z,2515.29,2515.3,0.01,2515.295,0.2433779245793313563343858137
ETH-USD,2026-08-30T18:38:35.271599Z,2515.29,2515.3,0.01,2515.295,0.2433779245793313563343858137
ETH-USD,2026-08-30T18:38:35.319377Z,2515.29,2515.3,0.01,2515.295,0.2433779245793313563343858137
ETH-USD,2026-08-30T18:38:35.37189Z,2515.29,2515.3,0.01,2515.295,0.2433779245793313563343858137
ETH-USD,2026-08-30T18:38:35.400416Z,2515.29,2515.3,0.01,2515.295,0.2433779245793313563343858137
ETH-USD,2026-08-30T18:38:35.476819Z,2515.29,2515.3,0.01,2515.295,0.2433779245793313563343858137
ETH-USD,2026-08-30T18:38:35.574961Z,2515.29,2515.3,0.01,2515.295,0.2433779245793313563343858137
ETH-USD,2026-08-30T18:38:35.772857Z,2515.29,2515.3,0.01,2515.295,0.2433779245793313563343858137
ETH-USD,2026-08-30T18:38:35.87433Z,2515.29,2515.3,0.01,2515.295,0.2433779245793313563343858137
ETH-USD,2026-08-30T18:38:36.020728Z,2515.29,2515.3,0.01,2515.295,0.2433779245793313563343858137
ETH-USD,2026-08-30T18:38:36.068566Z,2515.29,2515.3,0.01,2515.295,0.2433779245793313563343858137
ETH-USD,2026-08-30T18:38:36.121639Z,2515.29,2515.3,0.01,2515.295,0.2433779245793313563343858137
ETH-USD,2026-08-30T18:38:36.167515Z,2515.29,2515.3,0.01,2515.295,0.2433779245793313563343858137
ETH-USD,2026-08-30T18:38:36.182669Z,2515.29,2515.3,0.01,2515.295,0.2433779245793313563343858137
ETH-USD,2026-08-30T18:38:36.267125Z,2515.29,2515.3,0.01,2515.295,0.2433779245793313563343858137
ETH-USD,2026-08-30T18:38:36.319826Z,2515.29,2515.3,0.01,2515.295,0.2433779245793313563343858137
ETH-USD,2026-08-30T18:38:36.39945Z,2515.34,2515.7,0.36,2515.52,-0.4354744656888540458687454452
ETH-USD,2026-08-30T18:38:36.454031Z,2515.39,2515.55,0.16,2515.47,0.4476651071021472235071790335
ETH-USD,2026-08-30T18:38:36.481145Z,2515.35,2515.51,0.16,2515.43,0.4504685657700244059705390503
ETH-USD,2026-08-30T18:38:36.554774Z,2515.35,2515.51,0.16,2515.43,-0.02275525829275614193885028345
ETH-USD,2026-08-30T18:38:36.600059Z,2515.35,2515.51,0.16,2515.43,-0.02275525829275614193885028345
ETH-USD,2026-08-30T18:38:36.669125Z,2515.41,2515.73,0.32,2515.57,0.2454787953615775302927668538
ETH-USD,2026-08-30T18:38:36.739776Z,2515.42,2515.62,0.20,2515.52,0.2613046828745037646431475703
ETH-USD,2026-08-30T18:38:36.878498Z,2515.49,2515.62,0.13,2515.555,0.3773880814538094669228954397
ETH-USD,2026-08-30T18:38:36.924855Z,2515.5,2515.74,0.24,2515.62,-0.007085789710341443404921066305
ETH-USD,2026-08-30T18:38:36.993731Z,2515.51,2515.54,0.03,2515.525,0.1630926169964641960367321484
ETH-USD,2026-08-30T18:38:37.097821Z,2515.53,2515.54,0.01,2515.535,0.2386509802250134231478606009
ETH-USD,2026-08-30T18:38:37.109034Z,2515.53,2515.54,0.01,2515.535,0.1075582258461680613367055181
ETH-USD,2026-08-30T18:38:37.136328Z,2515.53,2515.54,0.01,2515.535,0.1075582258461680613367055181
ETH-USD,2026-08-30T18:38:37.170781Z,2515.53,2515.54,0.01,2515.535,0.1075582258461680613367055181
ETH-USD,2026-08-30T18:38:37.27721Z,2515.53,2515.54,0.01,2515.535,0.1075582258461680613367055181
ETH-USD,2026-08-30T18:38:37.438697Z,2515.53,2515.54,0.01,2515.535,0.1075582258461680613367055181
ETH-USD,2026-08-30T18:38:37.575201Z,2515.53,2515.54,0.01,2515.535,0.006072103319605670361337550431
ETH-USD,2026-08-30T18:38:37.623305Z,2515.54,2515.75,0.21,2515.645,-0.2381077313844512455215090529
ETH-USD,2026-08-30T18:38:37.670977Z,2515.44,2515.76,0.32,2515.60,0.09499062870222640016515961106
ETH-USD,2026-08-30T18:38:37.728382Z,2515.55,2515.56,0.01,2515.555,0.03097840515249818244717031567
ETH-USD,2026-08-30T18:38:37.74789Z,2515.55,2515.56,0.01,2515.555,0.03097840515249818244717031567
ETH-USD,2026-08-30T18:38:37.824704Z,2515.55,2515.56,0.01,2515.555,-0.01892932214463103458848965392
ETH-USD,2026-08-30T18:38:37.876186Z,2515.55,2515.56,0.01,2515.555,-0.01892932214463103458848965392
ETH-USD,2026-08-30T18:38:37.887506Z,2515.55,2515.56,0.01,2515.555,-0.01892932214463103458848965392
ETH-USD,2026-08-30T18:38:37.970418Z,2515.55,2515.56,0.01,2515.555,-0.01892932214463103458848965392
ETH-USD,2026-08-30T18:38:38.015388Z,2515.55,2515.56,0.01,2515.555,0.1278041032011062027572524463
ETH-USD,2026-08-30T18:38:38.066497Z,2515.55,2515.56,0.01,2515.555,0.1278041032011062027572524463
ETH-USD,2026-08-30T18:38:38.173367Z,2515.55,2515.56,0.01,2515.555,0.1278041032011062027572524463
ETH-USD,2026-08-30T18:38:38.222878Z,2515.55,2515.56,0.01,2515.555,0.1278041032011062027572524463
ETH-USD,2026-08-30T18:38:38.267785Z,2515.55,2515.56,0.01,2515.555,0.1278041032011062027572524463
ETH-USD,2026-08-30T18:38:38.367303Z,2515.55,2515.56,0.01,2515.555,0.1278041032011062027572524463
ETH-USD,2026-08-30T18:38:38.421124Z,2515.55,2515.56,0.01,2515.555,0.1395667462995476382958059512
ETH-USD,2026-08-30T18:38:38.471789Z,2515.55,2515.56,0.01,2515.555,0.1395667462995476382958059512
ETH-USD,2026-08-30T18:38:38.506118Z,2515.55,2515.56,0.01,2515.555,0.1395667462995476382958059512
ETH-USD,2026-08-30T18:38:38.567383Z,2515.55,2515.56,0.01,2515.555,-0.01004179623527955922834069889
ETH-USD,2026-08-30T18:38:38.615239Z,2515.55,2515.56,0.01,2515.555,-0.01004179623527955922834069889
ETH-USD,2026-08-30T18:38:38.668673Z,2515.55,2515.56,0.01,2515.555,0.2810359496092007273553427398
ETH-USD,2026-08-30T18:38:38.770079Z,2515.55,2515.56,0.01,2515.555,0.2886444284240532336101512708
ETH-USD,2026-08-30T18:38:38.86341Z,2515.55,2515.56,0.01,2515.555,0.3642158661924530450090168365
ETH-USD,2026-08-30T18:38:38.898625Z,2515.55,2515.56,0.01,2515.555,0.2960686662889970122675708439
ETH-USD,2026-08-30T18:38:39.021836Z,2515.55,2515.56,0.01,2515.555,0.2960686662889970122675708439
ETH-USD,2026-08-30T18:38:39.074074Z,2515.55,2515.56,0.01,2515.555,0.2960686662889970122675708439
ETH-USD,2026-08-30T18:38:39.171594Z,2515.55,2515.56,0.01,2515.555,0.2960686662889970122675708439
ETH-USD,2026-08-30T18:38:39.243054Z,2515.55,2515.56,0.01,2515.555,0.2960686662889970122675708439
ETH-USD,2026-08-30T18:38:39.375449Z,2515.55,2515.56,0.01,2515.555,0.2960686662889970122675708439
ETH-USD,2026-08-30T18:38:39.472004Z,2515.55,2515.56,0.01,2515.555,0.2960686662889970122675708439
ETH-USD,2026-08-30T18:38:39.621277Z,2515.55,2515.56,0.01,2515.555,0.2194310183440591101349902550
ETH-USD,2026-08-30T18:38:39.648658Z,2515.55,2515.56,0.01,2515.555,0.2194307604850709817548988633
ETH-USD,2026-08-30T18:38:39.750941Z,2515.49,2515.56,0.07,2515.525,0.2501929021980229464110113852
ETH-USD,2026-08-30T18:38:39.808663Z,2515.49,2515.56,0.07,2515.525,0.2501929021980229464110113852
ETH-USD,2026-08-30T18:38:39.85761Z,2515.55,2515.56,0.01,2515.555,-0.1030220353544462596343167421
ETH-USD,2026-08-30T18:38:39.975661Z,2515.55,2515.56,0.01,2515.555,0.1346464630598048292506377834
ETH-USD,2026-08-30T18:38:40.027858Z,2515.55,2515.56,0.01,2515.555,0.1347283002921942900687842977
ETH-USD,2026-08-30T18:38:40.071935Z,2515.55,2515.56,0.01,2515.555,0.1347283002921942900687842977
ETH-USD,2026-08-30T18:38:40.175237Z,2515.55,2515.56,0.01,2515.555,0.1347283002921942900687842977
ETH-USD,2026-08-30T18:38:40.273931Z,2515.55,2515.56,0.01,2515.555,0.1347283002921942900687842977
ETH-USD,2026-08-30T18:38:40.307762Z,2515.55,2515.56,0.01,2515.555,0.1347283002921942900687842977
ETH-USD,2026-08-30T18:38:40.37278Z,2515.55,2515.56,0.01,2515.555,0.01597086729732651406138420199
ETH-USD,2026-08-30T18:38:40.426655Z,2515.55,2515.56,0.01,2515.555,0.01597086729732651406138420199
ETH-USD,2026-08-30T18:38:40.472618Z,2515.55,2515.56,0.01,2515.555,0.01597027220789630931861074008
ETH-USD,2026-08-30T18:38:40.529827Z,2515.42,2515.56,0.14,2515.49,0.01597588130941088456408545808
ETH-USD,2026-08-30T18:38:40.573159Z,2515.29,2515.56,0.27,2515.425,0.01597588130941088456408545808
ETH-USD,2026-08-30T18:38:40.623596Z,2515.29,2515.56,0.27,2515.425,0.2543224054285959354688172051
ETH-USD,2026-08-30T18:38:40.666002Z,2515.51,2515.56,0.05,2515.535,0.01597588130941088456408545808
ETH-USD,2026-08-30T18:38:40.729742Z,2515.51,2515.56,0.05,2515.535,0.1649815298066298505630586582
ETH-USD,2026-08-30T18:38:40.772627Z,2515.51,2515.6,0.09,2515.555,0.4518939344617320255385648213
ETH-USD,2026-08-30T18:38:40.811844Z,2515.51,2515.52,0.01,2515.515,0.4490305606436621975650115503
ETH-USD,2026-08-30T18:38:40.865597Z,2515.06,2515.52,0.46,2515.29,0.4984917421034587296221649369
ETH-USD,2026-08-30T18:38:40.928597Z,2515.36,2515.74,0.38,2515.55,0.4760061529891027915101066220
ETH-USD,2026-08-30T18:38:40.944033Z,2515.36,2515.45,0.09,2515.405,0.4151434229421082637198485752
ETH-USD,2026-08-30T18:38:41.015313Z,2515.07,2515.45,0.38,2515.26,0.4333936490115884351553029017
ETH-USD,2026-08-30T18:38:41.068494Z,2515.36,2515.45,0.09,2515.405,0.2296225263288122815402881690
ETH-USD,2026-08-30T18:38:41.124533Z,2515.08,2515.45,0.37,2515.265,0.4333936490115884351553029017
ETH-USD,2026-08-30T18:38:41.16844Z,2515.08,2515.45,0.37,2515.265,0.4334161494258318430706632620
ETH-USD,2026-08-30T18:38:41.180143Z,2515.09,2515.45,0.36,2515.27,0.2800938831529868243046458451
ETH-USD,2026-08-30T18:38:41.273879Z,2515.39,2515.4,0.01,2515.395,0.2943975934587528852150349687
ETH-USD,2026-08-30T18:38:41.328781Z,2515.39,2515.4,0.01,2515.395,0.4423133838798201857084062135
ETH-USD,2026-08-30T18:38:41.360871Z,2515.39,2515.4,0.01,2515.395,0.4422915849254095554124456442
ETH-USD,2026-08-30T18:38:41.391198Z,2515.39,2515.4,0.01,2515.395,0.4423133812918939760857742104
ETH-USD,2026-08-30T18:38:41.473845Z,2515.39,2515.4,0.01,2515.395,0.4423133812918939760857742104
ETH-USD,2026-08-30T18:38:41.576547Z,2515.39,2515.4,0.01,2515.395,0.2760795290030384996480039204
ETH-USD,2026-08-30T18:38:41.646321Z,2515.39,2515.4,0.01,2515.395,0.2760795290030384996480039204
ETH-USD,2026-08-30T18:38:41.779694Z,2515.39,2515.4,0.01,2515.395,0.2760795290030384996480039204
ETH-USD,2026-08-30T18:38:41.822357Z,2515.39,2515.4,0.01,2515.395,0.1954455112575944860200991287
ETH-USD,2026-08-30T18:38:41.876783Z,2515.39,2515.4,0.01,2515.395,0.1954455112575944860200991287
ETH-USD,2026-08-30T18:38:41.9293Z,2515.39,2515.4,0.01,2515.395,-0.07644565947816830226632674894
ETH-USD,2026-08-30T18:38:41.963723Z,2515.39,2515.4,0.01,2515.395,-0.1259902458957336279616947735
ETH-USD,2026-08-30T18:38:42.026021Z,2515.39,2515.4,0.01,2515.395,-0.02133538044042207051352490374
ETH-USD,2026-08-30T18:38:42.075762Z,2515.39,2515.4,0.01,2515.395,0.2521163315733276309992427568
ETH-USD,2026-08-30T18:38:42.137009Z,2515.39,2515.4,0.01,2515.395,0.2756551422760456684317804574
ETH-USD,2026-08-30T18:38:42.172027Z,2515.39,2515.4,0.01,2515.395,0.2756551422760456684317804574
ETH-USD,2026-08-30T18:38:42.285886Z,2515.39,2515.4,0.01,2515.395,0.2756551422760456684317804574
ETH-USD,2026-08-30T18:38:42.296518Z,2515.39,2515.4,0.01,2515.395,0.2756551422760456684317804574
ETH-USD,2026-08-30T18:38:42.374887Z,2515.39,2515.4,0.01,2515.395,0.2756551422760456684317804574
ETH-USD,2026-08-30T18:38:42.42306Z,2515.39,2515.4,0.01,2515.395,-0.1787858255505628357729216206
ETH-USD,2026-08-30T18:38:42.482322Z,2515.34,2515.4,0.06,2515.37,-0.1787858165577246241493402787
ETH-USD,2026-08-30T18:38:42.500789Z,2515.34,2515.4,0.06,2515.37,-0.1787858165577246241493402787
ETH-USD,2026-08-30T18:38:42.580606Z,2515.34,2515.4,0.06,2515.37,0.1378668133500469320207318140
ETH-USD,2026-08-30T18:38:42.601382Z,2515.16,2515.4,0.24,2515.28,0.3872910165077467003426687088
ETH-USD,2026-08-30T18:38:42.676017Z,2515.34,2515.4,0.06,2515.37,-0.1714832753942000851946538974
ETH-USD,2026-08-30T18:38:42.682923Z,2515.34,2515.4,0.06,2515.37,-0.1714832753942000851946538974
ETH-USD,2026-08-30T18:38:42.751618Z,2515.17,2515.4,0.23,2515.285,0.1418336579001062990450379220
ETH-USD,2026-08-30T18:38:42.901596Z,2515.17,2515.4,0.23,2515.285,0.1418336579001062990450379220
ETH-USD,2026-08-30T18:38:42.986881Z,2515.17,2515.4,0.23,2515.285,0.1418336579001062990450379220
ETH-USD,2026-08-30T18:38:43.015998Z,2515.17,2515.4,0.23,2515.285,0.1418336579001062990450379220
ETH-USD,2026-08-30T18:38:43.051734Z,2515.39,2515.4,0.01,2515.395,0.1991170010576835616505321595
ETH-USD,2026-08-30T18:38:43.134414Z,2515.39,2515.4,0.01,2515.395,0.1990687461429053741681272413
ETH-USD,2026-08-30T18:38:43.158645Z,2515.39,2515.4,0.01,2515.395,-0.06727346654876676849657800219
ETH-USD,2026-08-30T18:38:43.205105Z,2515.39,2515.4,0.01,2515.395,-0.06727346654876676849657800219
ETH-USD,2026-08-30T18:38:43.276295Z,2515.39,2515.4,0.01,2515.395,-0.1714192769095942740217976744
ETH-USD,2026-08-30T18:38:43.284879Z,2515.39,2515.4,0.01,2515.395,-0.1714192769095942740217976744
ETH-USD,2026-08-30T18:38:43.379713Z,2515.18,2515.4,0.22,2515.29,0.3815266163163972100965839357
ETH-USD,2026-08-30T18:38:43.42942Z,2515.19,2515.4,0.21,2515.295,0.1304841088777600822309334197
ETH-USD,2026-08-30T18:38:43.464606Z,2515.19,2515.4,0.21,2515.295,0.1304841088777600822309334197
ETH-USD,2026-08-30T18:38:43.507965Z,2515.18,2515.4,0.22,2515.29,0.3815560504365906579324615599
ETH-USD,2026-08-30T18:38:43.579362Z,2515.31,2515.4,0.09,2515.355,-0.02009959757232254350421937168
ETH-USD,2026-08-30T18:38:43.632386Z,2515.31,2515.4,0.09,2515.355,0.1371291156981659510447172287
ETH-USD,2026-08-30T18:38:43.770105Z,2515.31,2515.4,0.09,2515.355,-0.1802677609838153468269180853
ETH-USD,2026-08-30T18:38:43.796718Z,2515.31,2515.4,0.09,2515.355,-0.1802677609838153468269180853
ETH-USD,2026-08-30T18:38:43.877586Z,2515.19,2515.4,0.21,2515.295,0.1371291184516372458537462673
ETH-USD,2026-08-30T18:38:43.96736Z,2515.37,2515.4,0.03,2515.385,-0.1802677558321219033695088366
ETH-USD,2026-08-30T18:38:44.015115Z,2515.37,2515.4,0.03,2515.385,-0.1802677558321219033695088366
ETH-USD,2026-08-30T18:38:44.075553Z,2515.39,2515.4,0.01,2515.395,-0.1663391654749013572362813341
ETH-USD,2026-08-30T18:38:44.109238Z,2515.39,2515.4,0.01,2515.395,-0.1662298321438619068959201057
ETH-USD,2026-08-30T18:38:44.173344Z,2515.39,2515.4,0.01,2515.395,-0.1662298321438619068959201057
ETH-USD,2026-08-30T18:38:44.210466Z,2515.39,2515.4,0.01,2515.395,-0.1662298321438619068959201057
ETH-USD,2026-08-30T18:38:44.270301Z,2515.39,2515.4,0.01,2515.395,-0.1802653641632976529020267659
ETH-USD,2026-08-30T18:38:44.312456Z,2515.2,2515.4,0.2,2515.3,0.1371304015673484967390272736
ETH-USD,2026-08-30T18:38:44.380079Z,2515.34,2515.4,0.06,2515.37,-0.1148294452382931593546320020
ETH-USD,2026-08-30T18:38:44.414226Z,2515.34,2515.4,0.06,2515.37,0.1370705467650709261885096395
ETH-USD,2026-08-30T18:38:44.477065Z,2515.34,2515.4,0.06,2515.37,-0.1802653615874613873066198092
ETH-USD,2026-08-30T18:38:44.511903Z,2515.34,2515.4,0.06,2515.37,-0.1802653615874613873066198092
ETH-USD,2026-08-30T18:38:44.571053Z,2515.39,2515.4,0.01,2515.395,-0.07460961638280809931204874962
ETH-USD,2026-08-30T18:38:44.664208Z,2515.39,2515.4,0.01,2515.395,0.1949409804438149367304360901
ETH-USD,2026-08-30T18:38:44.709839Z,2515.39,2515.4,0.01,2515.395,0.1949941892244435422109467075
ETH-USD,2026-08-30T18:38:44.768748Z,2515.4,2515.67,0.27,2515.535,-0.06043601898176196473517971151
ETH-USD,2026-08-30T18:38:44.821206Z,2515.4,2515.72,0.32,2515.56,-0.06043602027023538709502755227
ETH-USD,2026-08-30T18:38:44.848611Z,2515.4,2515.61,0.21,2515.505,0.02685801458043424390198680677
ETH-USD,2026-08-30T18:38:44.934402Z,2515.33,2515.41,0.08,2515.37,0.3729085229833981128307396530
ETH-USD,2026-08-30T18:38:44.961756Z,2515.33,2515.41,0.08,2515.37,0.07148179264075257466953796174
ETH-USD,2026-08-30T18:38:45.013574Z,2515.21,2515.41,0.20,2515.31,0.3771190519955884736097046194
ETH-USD,2026-08-30T18:38:45.069125Z,2515.4,2515.41,0.01,2515.405,0.5232323528902966977175427335
ETH-USD,2026-08-30T18:38:45.142097Z,2515.4,2515.41,0.01,2515.405,0.2649590234110498303894722472
ETH-USD,2026-08-30T18:38:45.147744Z,2515.4,2515.41,0.01,2515.405,0.2649590234110498303894722472
ETH-USD,2026-08-30T18:38:45.167412Z,2515.4,2515.41,0.01,2515.405,0.2649590234110498303894722472
ETH-USD,2026-08-30T18:38:45.171544Z,2515.4,2515.41,0.01,2515.405,0.2649590234110498303894722472
ETH-USD,2026-08-30T18:38:45.253459Z,2515.4,2515.41,0.01,2515.405,0.2516960902998250181579142616
ETH-USD,2026-08-30T18:38:45.368649Z,2515.22,2515.41,0.19,2515.315,0.5176414500025140910455554004
ETH-USD,2026-08-30T18:38:45.401164Z,2515.22,2515.41,0.19,2515.315,0.5176875640055469953840030181
ETH-USD,2026-08-30T18:38:45.477962Z,2515.4,2515.41,0.01,2515.405,-0.1092110634958201892482462547
ETH-USD,2026-08-30T18:38:45.539307Z,2515.34,2515.61,0.27,2515.475,-0.3062616470375290812097301901
ETH-USD,2026-08-30T18:38:45.563344Z,2515.23,2515.37,0.14,2515.30,-0.2810127795568986643212234726
ETH-USD,2026-08-30T18:38:45.625951Z,2515.36,2515.37,0.01,2515.365,0.03566046499444724996051722057
ETH-USD,2026-08-30T18:38:45.669371Z,2515.36,2515.37,0.01,2515.365,0.03566046499444724996051722057
ETH-USD,2026-08-30T18:38:45.768512Z,2515.36,2515.37,0.01,2515.365,0.03566045860927109564488519195
ETH-USD,2026-08-30T18:38:45.8153Z,2515.36,2515.37,0.01,2515.365,0.03566045860927109564488519195
ETH-USD,2026-08-30T18:38:45.853645Z,2515.36,2515.37,0.01,2515.365,0.03566045860927109564488519195
ETH-USD,2026-08-30T18:38:45.925689Z,2515.36,2515.7,0.34,2515.53,-0.09855192055378599497800341391
ETH-USD,2026-08-30T18:38:45.979541Z,2515.42,2515.43,0.01,2515.425,0.3193339712547566029375463679
ETH-USD,2026-08-30T18:38:46.025284Z,2515.42,2515.43,0.01,2515.425,0.3705580519041023803000355042
ETH-USD,2026-08-30T18:38:46.077463Z,2515.42,2515.43,0.01,2515.425,0.4404128038499072959100316176
ETH-USD,2026-08-30T18:38:46.180652Z,2515.42,2515.43,0.01,2515.425,0.4404128038499072959100316176
ETH-USD,2026-08-30T18:38:46.200076Z,2515.42,2515.43,0.01,2515.425,0.3964533660374434067850848670
ETH-USD,2026-08-30T18:38:46.273837Z,2515.42,2515.43,0.01,2515.425,0.3964533660374434067850848670
ETH-USD,2026-08-30T18:38:46.320666Z,2515.42,2515.43,0.01,2515.425,0.3964533660374434067850848670
ETH-USD,2026-08-30T18:38:46.380121Z,2515.42,2515.43,0.01,2515.425,0.3964533660374434067850848670
ETH-USD,2026-08-30T18:38:46.405082Z,2515.42,2515.43,0.01,2515.425,0.3964533660374434067850848670
ETH-USD,2026-08-30T18:38:46.475703Z,2515.42,2515.43,0.01,2515.425,0.3964533660374434067850848670
ETH-USD,2026-08-30T18:38:46.511853Z,2515.42,2515.43,0.01,2515.425,0.3964533660374434067850848670
ETH-USD,2026-08-30T18:38:46.571688Z,2515.42,2515.43,0.01,2515.425,0.3964533660374434067850848670
ETH-USD,2026-08-30T18:38:46.66835Z,2515.42,2515.43,0.01,2515.425,0.2181793886000400130755615294
ETH-USD,2026-08-30T18:38:46.69833Z,2515.42,2515.43,0.01,2515.425,0.2889759235379414354105756400
ETH-USD,2026-08-30T18:38:46.818657Z,2515.42,2515.43,0.01,2515.425,0.4014714958016847587544156956
ETH-USD,2026-08-30T18:38:46.873293Z,2515.42,2515.43,0.01,2515.425,0.4014714958016847587544156956
ETH-USD,2026-08-30T18:38:46.930802Z,2515.42,2515.43,0.01,2515.425,0.3964542192767209485476896142
ETH-USD,2026-08-30T18:38:46.978157Z,2515.42,2515.43,0.01,2515.425,0.3964542192767209485476896142
ETH-USD,2026-08-30T18:38:47.012892Z,2515.42,2515.43,0.01,2515.425,0.4404136198464011087726076165
ETH-USD,2026-08-30T18:38:47.067997Z,2515.42,2515.43,0.01,2515.425,0.4404136198464011087726076165
ETH-USD,2026-08-30T18:38:47.114045Z,2515.42,2515.43,0.01,2515.425,0.4404136198464011087726076165
ETH-USD,2026-08-30T18:38:47.171654Z,2515.42,2515.43,0.01,2515.425,0.4404136198464011087726076165
ETH-USD,2026-08-30T18:38:47.232908Z,2515.42,2515.43,0.01,2515.425,0.4404136198464011087726076165
ETH-USD,2026-08-30T18:38:47.273765Z,2515.42,2515.43,0.01,2515.425,0.3964540006310324523777754995
ETH-USD,2026-08-30T18:38:47.35794Z,2515.42,2515.43,0.01,2515.425,0.3964540006310324523777754995
ETH-USD,2026-08-30T18:38:47.474748Z,2515.42,2515.43,0.01,2515.425,0.3964540006310324523777754995
ETH-USD,2026-08-30T18:38:47.524148Z,2515.42,2515.43,0.01,2515.425,0.3964540006310324523777754995
ETH-USD,2026-08-30T18:38:47.571205Z,2515.42,2515.43,0.01,2515.425,0.2181805732658024084143379435
ETH-USD,2026-08-30T18:38:47.604843Z,2515.42,2515.43,0.01,2515.425,0.2181805732658024084143379435
ETH-USD,2026-08-30T18:38:47.664204Z,2515.36,2515.39,0.03,2515.375,0.1105988458526428811933913261
ETH-USD,2026-08-30T18:38:47.717605Z,2515.23,2515.39,0.16,2515.31,0.1105988458526428811933913261
ETH-USD,2026-08-30T18:38:47.731645Z,2515.23,2515.39,0.16,2515.31,-0.01065859639097034817522780529
ETH-USD,2026-08-30T18:38:47.856536Z,2515.35,2515.39,0.04,2515.37,-0.3518014627726565999469368824
ETH-USD,2026-08-30T18:38:47.923797Z,2515.35,2515.39,0.04,2515.37,-0.1025564960130575954032209753
ETH-USD,2026-08-30T18:38:47.971261Z,2515.35,2515.39,0.04,2515.37,-0.03681274724561019272242878733
ETH-USD,2026-08-30T18:38:48.018342Z,2515.22,2515.39,0.17,2515.305,0.1163299458622609956477696089
ETH-USD,2026-08-30T18:38:48.073346Z,2515.38,2515.39,0.01,2515.385,-0.3925503705853249000577524924
ETH-USD,2026-08-30T18:38:48.1368Z,2515.38,2515.39,0.01,2515.385,0.03493109392378300096626506107
ETH-USD,2026-08-30T18:38:48.173442Z,2515.38,2515.39,0.01,2515.385,0.1690942526213469910897839414
ETH-USD,2026-08-30T18:38:48.243105Z,2515.38,2515.39,0.01,2515.385,0.1690942526213469910897839414
ETH-USD,2026-08-30T18:38:48.309244Z,2515.38,2515.39,0.01,2515.385,0.1690942526213469910897839414
ETH-USD,2026-08-30T18:38:48.37457Z,2515.38,2515.39,0.01,2515.385,0.1690942526213469910897839414
ETH-USD,2026-08-30T18:38:48.471663Z,2515.38,2515.39,0.01,2515.385,0.1690942526213469910897839414
ETH-USD,2026-08-30T18:38:48.584698Z,2515.38,2515.39,0.01,2515.385,0.1690942526213469910897839414
ETH-USD,2026-08-30T18:38:48.592844Z,2515.38,2515.39,0.01,2515.385,0.1690942526213469910897839414
ETH-USD,2026-08-30T18:38:48.660727Z,2515.38,2515.39,0.01,2515.385,0.2878600120458717692754524556
ETH-USD,2026-08-30T18:38:48.722133Z,2515.22,2515.32,0.10,2515.27,-0.4405533274777529544256978812
ETH-USD,2026-08-30T18:38:48.765742Z,2515.22,2515.24,0.02,2515.23,0.05570345887703833783644445372
ETH-USD,2026-08-30T18:38:48.825326Z,2515.23,2515.24,0.01,2515.235,-0.1650434708860287872780299460
ETH-USD,2026-08-30T18:38:48.861047Z,2515.23,2515.24,0.01,2515.235,-0.1171791529530993706301614027
ETH-USD,2026-08-30T18:38:48.928292Z,2515.23,2515.24,0.01,2515.235,0.1540403355679566463500904735
ETH-USD,2026-08-30T18:38:48.983353Z,2515.23,2515.24,0.01,2515.235,0.1541417899872491871007364571
ETH-USD,2026-08-30T18:38:49.018595Z,2515.23,2515.24,0.01,2515.235,0.3225467758125842091832493079
ETH-USD,2026-08-30T18:38:49.074308Z,2515.23,2515.49,0.26,2515.36,0.1973150652912593748193218426
ETH-USD,2026-08-30T18:38:49.119128Z,2515.25,2515.26,0.01,2515.255,0.03103450063605048994925650325
ETH-USD,2026-08-30T18:38:49.162237Z,2515.25,2515.26,0.01,2515.255,0.2950061185169950693549546406
ETH-USD,2026-08-30T18:38:49.212623Z,2515.25,2515.26,0.01,2515.255,0.4747367887878559012064905190
ETH-USD,2026-08-30T18:38:49.274689Z,2515.25,2515.26,0.01,2515.255,0.4747367887878559012064905190
ETH-USD,2026-08-30T18:38:49.373423Z,2515.25,2515.26,0.01,2515.255,0.4747367887878559012064905190
ETH-USD,2026-08-30T18:38:49.404903Z,2515.25,2515.26,0.01,2515.255,0.4747367887878559012064905190
ETH-USD,2026-08-30T18:38:49.571479Z,2515.25,2515.26,0.01,2515.255,0.4747367887878559012064905190
ETH-USD,2026-08-30T18:38:49.671946Z,2515.25,2515.26,0.01,2515.255,0.01666665304754004695670571577
ETH-USD,2026-08-30T18:38:49.876531Z,2515.25,2515.26,0.01,2515.255,0.01666665304754004695670571577
ETH-USD,2026-08-30T18:38:49.985117Z,2515.25,2515.26,0.01,2515.255,-0.07325396012272001900875256585
ETH-USD,2026-08-30T18:38:50.027168Z,2515.25,2515.26,0.01,2515.255,-0.07325396012272001900875256585
ETH-USD,2026-08-30T18:38:50.179555Z,2515.25,2515.26,0.01,2515.255,-0.07325396012272001900875256585
ETH-USD,2026-08-30T18:38:50.197935Z,2515.25,2515.26,0.01,2515.255,-0.1496179377168760536630049753
ETH-USD,2026-08-30T18:38:50.271618Z,2515.25,2515.26,0.01,2515.255,-0.1496179377168760536630049753
ETH-USD,2026-08-30T18:38:50.29402Z,2515.25,2515.26,0.01,2515.255,-0.1496179377168760536630049753
ETH-USD,2026-08-30T18:38:50.419522Z,2515.25,2515.26,0.01,2515.255,-0.1496179377168760536630049753
ETH-USD,2026-08-30T18:38:50.477148Z,2515.25,2515.26,0.01,2515.255,-0.1496179377168760536630049753
ETH-USD,2026-08-30T18:38:50.57428Z,2515.25,2515.26,0.01,2515.255,-0.1496179377168760536630049753
ETH-USD,2026-08-30T18:38:50.630665Z,2515.25,2515.26,0.01,2515.255,-0.1464771585967764111818213326
ETH-USD,2026-08-30T18:38:50.768479Z,2515.25,2515.26,0.01,2515.255,-0.1157532533718510221985752211
ETH-USD,2026-08-30T18:38:50.82814Z,2515.25,2515.26,0.01,2515.255,-0.1157532533718510221985752211
ETH-USD,2026-08-30T18:38:50.872628Z,2515.25,2515.26,0.01,2515.255,-0.1157532635263813357416839579
ETH-USD,2026-08-30T18:38:50.912405Z,2515.25,2515.26,0.01,2515.255,-0.1157532635263813357416839579
ETH-USD,2026-08-30T18:38:51.072734Z,2515.25,2515.26,0.01,2515.255,-0.03012972503371860448189584240
ETH-USD,2026-08-30T18:38:51.171743Z,2515.25,2515.26,0.01,2515.255,-0.03012972503371860448189584240
ETH-USD,2026-08-30T18:38:51.207002Z,2515.25,2515.26,0.01,2515.255,-0.03012972503371860448189584240
ETH-USD,2026-08-30T18:38:51.315238Z,2515.25,2515.26,0.01,2515.255,-0.03012972503371860448189584240
ETH-USD,2026-08-30T18:38:51.374224Z,2515.25,2515.26,0.01,2515.255,-0.03012972503371860448189584240
ETH-USD,2026-08-30T18:38:51.471258Z,2515.25,2515.26,0.01,2515.255,-0.03012972503371860448189584240
ETH-USD,2026-08-30T18:38:51.515262Z,2515.25,2515.26,0.01,2515.255,-0.1218576850571113104571772364
ETH-USD,2026-08-30T18:38:51.571878Z,2515.23,2515.26,0.03,2515.245,0.1383824193609817514305126801
ETH-USD,2026-08-30T18:38:51.588284Z,2515.23,2515.26,0.03,2515.245,0.1384575127038826207177123145
ETH-USD,2026-08-30T18:38:51.680557Z,2515.25,2515.26,0.01,2515.255,-0.1549532796072270188698179141
ETH-USD,2026-08-30T18:38:51.714302Z,2515.25,2515.26,0.01,2515.255,-0.02172786082987879504852067245
ETH-USD,2026-08-30T18:38:51.758636Z,2515.25,2515.26,0.01,2515.255,-0.2597357848373585690922316715
ETH-USD,2026-08-30T18:38:51.828085Z,2515.07,2515.26,0.19,2515.165,-0.02183346661832758107882727176
ETH-USD,2026-08-30T18:38:51.839631Z,2515.07,2515.26,0.19,2515.165,-0.02172785347276093243856828511
ETH-USD,2026-08-30T18:38:51.925643Z,2515.07,2515.26,0.19,2515.165,-0.02172785347276093243856828511
ETH-USD,2026-08-30T18:38:51.973881Z,2515.07,2515.26,0.19,2515.165,-0.02172785347276093243856828511
ETH-USD,2026-08-30T18:38:52.020092Z,2515.19,2515.26,0.07,2515.225,-0.2840073638845000880238617363
ETH-USD,2026-08-30T18:38:52.027707Z,2515.19,2515.26,0.07,2515.225,-0.2597357736533839314869306901
ETH-USD,2026-08-30T18:38:52.130933Z,2515.08,2515.26,0.18,2515.17,-0.2597357736533839314869306901
ETH-USD,2026-08-30T18:38:52.168907Z,2515.08,2515.26,0.18,2515.17,-0.02172614662428047957843084035
ETH-USD,2026-08-30T18:38:52.280201Z,2515.2,2515.26,0.06,2515.23,-0.1452238186439202716343546436
ETH-USD,2026-08-30T18:38:52.316571Z,2515.2,2515.26,0.06,2515.23,-0.2072692767594588865214080211
ETH-USD,2026-08-30T18:38:52.374194Z,2515.09,2515.26,0.17,2515.175,0.03365626109495209424434309541
ETH-USD,2026-08-30T18:38:52.421583Z,2515.2,2515.26,0.06,2515.23,-0.2072692839330626847685981511
ETH-USD,2026-08-30T18:38:52.517285Z,2515.19,2515.2,0.01,2515.195,-0.2820805472333737759180019406
ETH-USD,2026-08-30T18:38:52.571766Z,2515.19,2515.2,0.01,2515.195,-0.05098450851872471315217339073
ETH-USD,2026-08-30T18:38:52.62166Z,2515.19,2515.2,0.01,2515.195,0.1489924286388993972347739918
ETH-USD,2026-08-30T18:38:52.67232Z,2515.25,2515.26,0.01,2515.255,-0.2820753079042293792953229173
ETH-USD,2026-08-30T18:38:52.765297Z,2515.25,2515.26,0.01,2515.255,-0.05098017802799700639939076344
ETH-USD,2026-08-30T18:38:52.825665Z,2515.25,2515.49,0.24,2515.37,0.01131910524862350466413150940
ETH-USD,2026-08-30T18:38:52.875132Z,2515.25,2515.26,0.01,2515.255,0.1561485011897941457780223651
ETH-USD,2026-08-30T18:38:52.915708Z,2515.25,2515.26,0.01,2515.255,0.1504753795942953109948744301
ETH-USD,2026-08-30T18:38:52.968911Z,2515.07,2515.26,0.19,2515.165,0.3155199899779125319748402249
ETH-USD,2026-08-30T18:38:53.014799Z,2515.13,2515.26,0.13,2515.195,-0.04011825624982625739528754625
ETH-USD,2026-08-30T18:38:53.048724Z,2515.08,2515.26,0.18,2515.17,-0.04011825624982625739528754625
ETH-USD,2026-08-30T18:38:53.17134Z,2515.08,2515.21,0.13,2515.145,0.04070143155669215066926386539
ETH-USD,2026-08-30T18:38:53.178055Z,2515.08,2515.21,0.13,2515.145,0.04070143155669215066926386539
ETH-USD,2026-08-30T18:38:53.224166Z,2515.08,2515.21,0.13,2515.145,-0.1785815291774698865043730666
ETH-USD,2026-08-30T18:38:53.355443Z,2515.08,2515.21,0.13,2515.145,-0.1785815291774698865043730666
ETH-USD,2026-08-30T18:38:53.418539Z,2515.08,2515.21,0.13,2515.145,-0.1785815291774698865043730666
ETH-USD,2026-08-30T18:38:53.475132Z,2515.08,2515.21,0.13,2515.145,-0.1785815291774698865043730666
ETH-USD,2026-08-30T18:38:53.516692Z,2515.08,2515.21,0.13,2515.145,-0.1785815291774698865043730666
ETH-USD,2026-08-30T18:38:53.567286Z,2515.08,2515.21,0.13,2515.145,-0.1785815291774698865043730666
ETH-USD,2026-08-30T18:38:53.592667Z,2515.08,2515.21,0.13,2515.145,-0.1785815291774698865043730666
ETH-USD,2026-08-30T18:38:53.660621Z,2515.08,2515.21,0.13,2515.145,-0.1785815291774698865043730666
ETH-USD,2026-08-30T18:38:53.668193Z,2515.2,2515.21,0.01,2515.205,-0.2820739065628939897930667626
ETH-USD,2026-08-30T18:38:53.743954Z,2515.2,2515.21,0.01,2515.205,-0.1885538384847629538884604759
ETH-USD,2026-08-30T18:38:53.803023Z,2515.2,2515.21,0.01,2515.205,-0.1883697783302530485472424775
ETH-USD,2026-08-30T18:38:53.873326Z,2515.2,2515.21,0.01,2515.205,-0.1883697783302530485472424775
ETH-USD,2026-08-30T18:38:53.905348Z,2515.2,2515.21,0.01,2515.205,-0.3414476547455451583781062734
ETH-USD,2026-08-30T18:38:53.976262Z,2515.15,2515.21,0.06,2515.18,-0.1787598180528727936971375876
ETH-USD,2026-08-30T18:38:54.019321Z,2515.15,2515.21,0.06,2515.18,-0.1474901570400358590265755764
ETH-USD,2026-08-30T18:38:54.070472Z,2515.08,2515.21,0.13,2515.145,-0.1399727732459029664861784319
ETH-USD,2026-08-30T18:38:54.120022Z,2515.08,2515.21,0.13,2515.145,0.03430762045102847000513093468
ETH-USD,2026-08-30T18:38:54.17241Z,2515.08,2515.21,0.13,2515.145,0.03430762045102847000513093468
ETH-USD,2026-08-30T18:38:54.257739Z,2515.08,2515.21,0.13,2515.145,0.03430762045102847000513093468
ETH-USD,2026-08-30T18:38:54.373368Z,2515.08,2515.21,0.13,2515.145,0.03430762045102847000513093468
ETH-USD,2026-08-30T18:38:54.390209Z,2515.08,2515.21,0.13,2515.145,0.03430762045102847000513093468
ETH-USD,2026-08-30T18:38:54.47221Z,2515.08,2515.21,0.13,2515.145,0.03430762045102847000513093468
ETH-USD,2026-08-30T18:38:54.50806Z,2515.2,2515.21,0.01,2515.205,-0.2458505808585982686395257033
ETH-USD,2026-08-30T18:38:54.582844Z,2515.09,2515.21,0.12,2515.15,-0.1375117190967269337022863591
ETH-USD,2026-08-30T18:38:54.629632Z,2515.09,2515.21,0.12,2515.15,0.03588250247729035435889671955
ETH-USD,2026-08-30T18:38:54.682238Z,2515.09,2515.21,0.12,2515.15,0.07280846887212010958718254081
ETH-USD,2026-08-30T18:38:54.731061Z,2515.12,2515.21,0.09,2515.165,-0.1792977267113117659763093342
ETH-USD,2026-08-30T18:38:54.784675Z,2515.13,2515.21,0.08,2515.17,0.2969211340910820293033328560
ETH-USD,2026-08-30T18:38:54.800199Z,2515.13,2515.21,0.08,2515.17,0.2969211340910820293033328560
ETH-USD,2026-08-30T18:38:54.87968Z,2515.13,2515.21,0.08,2515.17,0.07280846605612200633387902198
ETH-USD,2026-08-30T18:38:54.927679Z,2515.13,2515.21,0.08,2515.17,0.07280846605612200633387902198
ETH-USD,2026-08-30T18:38:54.978995Z,2515.2,2515.21,0.01,2515.205,0.05340016027925879438725578083
ETH-USD,2026-08-30T18:38:55.017086Z,2515.2,2515.21,0.01,2515.205,0.05358504277817579125843352822
ETH-USD,2026-08-30T18:38:55.121822Z,2515.2,2515.21,0.01,2515.205,0.05358774789680101913604439165
ETH-USD,2026-08-30T18:38:55.181291Z,2515.2,2515.21,0.01,2515.205,0.03712702373350795968239221676
ETH-USD,2026-08-30T18:38:55.227547Z,2514.91,2515.21,0.30,2515.06,0.4083039592604968353276217273
ETH-USD,2026-08-30T18:38:55.279829Z,2514.91,2515.21,0.30,2515.06,0.4083772679154034114439041001
ETH-USD,2026-08-30T18:38:55.333091Z,2514.92,2515.21,0.29,2515.065,0.3284162073558863298935692005
ETH-USD,2026-08-30T18:38:55.371172Z,2514.95,2515.17,0.22,2515.06,-0.2554286630573592455405198308
ETH-USD,2026-08-30T18:38:55.42189Z,2515.13,2515.14,0.01,2515.135,0.04035451714335966942566677819
ETH-USD,2026-08-30T18:38:55.45896Z,2515.19,2515.2,0.01,2515.195,-0.04657023310998276090892495870
ETH-USD,2026-08-30T18:38:55.528914Z,2515.19,2515.2,0.01,2515.195,-0.04657023310998276090892495870
ETH-USD,2026-08-30T18:38:55.575214Z,2515.19,2515.2,0.01,2515.195,-0.1637088752395966310319926154
ETH-USD,2026-08-30T18:38:55.629782Z,2515.19,2515.2,0.01,2515.195,-0.09930635230642163803338132394
ETH-USD,2026-08-30T18:38:55.640934Z,2515.19,2515.2,0.01,2515.195,0.3462647485128022988643336804
ETH-USD,2026-08-30T18:38:55.667313Z,2515.19,2515.2,0.01,2515.195,0.3462647485128022988643336804
ETH-USD,2026-08-30T18:38:55.773194Z,2515.36,2515.37,0.01,2515.365,-0.6732272444024714248896247913
ETH-USD,2026-08-30T18:38:55.837269Z,2515.32,2515.36,0.04,2515.34,0.02103988897867843836646935478
ETH-USD,2026-08-30T18:38:55.875598Z,2515.32,2515.36,0.04,2515.34,0.02103988897867843836646935478
ETH-USD,2026-08-30T18:38:55.978268Z,2515.32,2515.36,0.04,2515.34,0.01895311540914887521925365336
ETH-USD,2026-08-30T18:38:56.017555Z,2515.32,2515.36,0.04,2515.34,0.01895311540914887521925365336
ETH-USD,2026-08-30T18:38:56.077466Z,2515.32,2515.36,0.04,2515.34,0.02103988897867843836646935478
ETH-USD,2026-08-30T18:38:56.180801Z,2515.32,2515.36,0.04,2515.34,0.02103988897867843836646935478
ETH-USD,2026-08-30T18:38:56.262486Z,2515.32,2515.36,0.04,2515.34,0.02103988897867843836646935478
ETH-USD,2026-08-30T18:38:56.2746Z,2515.32,2515.36,0.04,2515.34,0.02103988897867843836646935478
ETH-USD,2026-08-30T18:38:56.41137Z,2515.32,2515.36,0.04,2515.34,0.02103988897867843836646935478
ETH-USD,2026-08-30T18:38:56.473899Z,2515.32,2515.36,0.04,2515.34,0.02103988897867843836646935478
ETH-USD,2026-08-30T18:38:56.529593Z,2515.35,2515.36,0.01,2515.355,0.4140003423759440072078015158
ETH-USD,2026-08-30T18:38:56.575315Z,2515.63,2515.89,0.26,2515.76,0.08941344489763139199569299038
ETH-USD,2026-08-30T18:38:56.621629Z,2515.65,2516,0.35,2515.825,-0.03863669117548015871580620366
ETH-USD,2026-08-30T18:38:56.665932Z,2515.65,2515.82,0.17,2515.735,0.3111429463138845550473223490
ETH-USD,2026-08-30T18:38:56.716385Z,2515.65,2515.82,0.17,2515.735,0.3333179350963090779525735245
ETH-USD,2026-08-30T18:38:56.770872Z,2515.7,2515.99,0.29,2515.845,0.3965541880016996232398209079
ETH-USD,2026-08-30T18:38:56.830698Z,2515.7,2515.72,0.02,2515.71,0.2433521845642769698800463155
ETH-USD,2026-08-30T18:38:56.880643Z,2515.56,2515.72,0.16,2515.64,0.2935865147955845247579049081
ETH-USD,2026-08-30T18:38:56.930009Z,2515.67,2515.72,0.05,2515.695,0.4119234311073680572339371112
ETH-USD,2026-08-30T18:38:56.94967Z,2515.67,2515.72,0.05,2515.695,0.3253810726684099756338795670
ETH-USD,2026-08-30T18:38:57.023012Z,2515.57,2515.72,0.15,2515.645,0.3729161082866694511020708682
ETH-USD,2026-08-30T18:38:57.06892Z,2515.57,2515.75,0.18,2515.66,0.1047913173538797118346330300
ETH-USD,2026-08-30T18:38:57.106105Z,2515.63,2515.78,0.15,2515.705,0.1333339763331090195701786596
ETH-USD,2026-08-30T18:38:57.173256Z,2515.64,2515.78,0.14,2515.71,0.06903661933189329706003583743
ETH-USD,2026-08-30T18:38:57.200983Z,2515.64,2515.78,0.14,2515.71,0.06903661933189329706003583743
ETH-USD,2026-08-30T18:38:57.264515Z,2515.55,2515.78,0.23,2515.665,0.2422056630203893822166670780
ETH-USD,2026-08-30T18:38:57.326598Z,2515.64,2515.78,0.14,2515.71,0.2735392393978927203376592113
ETH-USD,2026-08-30T18:38:57.372286Z,2515.65,2515.78,0.13,2515.715,0.05921774977298374686694086732
ETH-USD,2026-08-30T18:38:57.427865Z,2515.65,2515.78,0.13,2515.715,0.05921774845476904523960010283
ETH-USD,2026-08-30T18:38:57.479767Z,2515.65,2515.78,0.13,2515.715,0.2251397912374746551080677438
ETH-USD,2026-08-30T18:38:57.51272Z,2515.68,2515.75,0.07,2515.715,0.4082955942010093113156491835
ETH-USD,2026-08-30T18:38:57.583963Z,2515.55,2515.74,0.19,2515.645,0.3729170056125553106907269907
ETH-USD,2026-08-30T18:38:57.636026Z,2515.55,2515.74,0.19,2515.645,0.3729170056125553106907269907
ETH-USD,2026-08-30T18:38:57.683307Z,2515.73,2515.74,0.01,2515.735,0.4352019289877712646632234751
ETH-USD,2026-08-30T18:38:57.724798Z,2515.73,2515.74,0.01,2515.735,0.3729170056125553106907269907
ETH-USD,2026-08-30T18:38:57.771327Z,2515.55,2515.74,0.19,2515.645,0.3729170056125553106907269907
ETH-USD,2026-08-30T18:38:57.804426Z,2515.55,2515.74,0.19,2515.645,0.3729170056125553106907269907
ETH-USD,2026-08-30T18:38:57.925285Z,2515.55,2515.74,0.19,2515.645,0.3729170056125553106907269907
ETH-USD,2026-08-30T18:38:57.970707Z,2515.55,2515.74,0.19,2515.645,0.3729170056125553106907269907
ETH-USD,2026-08-30T18:38:58.014095Z,2515.55,2515.74,0.19,2515.645,0.3729170056125553106907269907
ETH-USD,2026-08-30T18:38:58.072212Z,2515.55,2515.74,0.19,2515.645,0.3728928992089214229506167241
ETH-USD,2026-08-30T18:38:58.121836Z,2515.63,2515.74,0.11,2515.685,0.4392309564414042932734614175
ETH-USD,2026-08-30T18:38:58.179856Z,2515.63,2515.82,0.19,2515.725,-0.01511077864124302249548054767
ETH-USD,2026-08-30T18:38:58.229754Z,2515.64,2515.86,0.22,2515.75,0.1944220008748664600556819678
ETH-USD,2026-08-30T18:38:58.278604Z,2515.69,2515.8,0.11,2515.745,0.4654138029903826877744449575
ETH-USD,2026-08-30T18:38:58.321242Z,2515.69,2515.76,0.07,2515.725,0.2594292653509778411878520998
ETH-USD,2026-08-30T18:38:58.363517Z,2515.64,2515.76,0.12,2515.70,0.2394733154818433326698795098
ETH-USD,2026-08-30T18:38:58.424226Z,2515.64,2515.76,0.12,2515.70,0.2955424414149423268790281650
ETH-USD,2026-08-30T18:38:58.429647Z,2515.64,2515.76,0.12,2515.70,0.3990790295009652564592144127
ETH-USD,2026-08-30T18:38:58.527023Z,2515.64,2515.76,0.12,2515.70,0.3990790295009652564592144127
ETH-USD,2026-08-30T18:38:58.568769Z,2515.64,2515.76,0.12,2515.70,0.3990790295009652564592144127
ETH-USD,2026-08-30T18:38:58.575284Z,2515.64,2515.76,0.12,2515.70,0.3990790295009652564592144127
ETH-USD,2026-08-30T18:38:58.671225Z,2515.64,2515.76,0.12,2515.70,0.3990790295009652564592144127
ETH-USD,2026-08-30T18:38:58.699039Z,2515.64,2515.76,0.12,2515.70,0.3990790295009652564592144127
ETH-USD,2026-08-30T18:38:58.753099Z,2515.73,2515.75,0.02,2515.74,0.3990772163281796001341594312
ETH-USD,2026-08-30T18:38:58.837868Z,2515.64,2515.75,0.11,2515.695,0.3990772163281796001341594312
ETH-USD,2026-08-30T18:38:58.882726Z,2515.64,2515.75,0.11,2515.695,0.3990772163281796001341594312
ETH-USD,2026-08-30T18:38:58.889147Z,2515.64,2515.75,0.11,2515.695,0.3990772163281796001341594312
ETH-USD,2026-08-30T18:38:58.973101Z,2515.64,2515.75,0.11,2515.695,0.3990772163281796001341594312
ETH-USD,2026-08-30T18:38:59.019187Z,2515.64,2515.75,0.11,2515.695,0.5621607319606663904375812023
ETH-USD,2026-08-30T18:38:59.102504Z,2515.64,2515.75,0.11,2515.695,0.3990772163281796001341594312
ETH-USD,2026-08-30T18:38:59.223086Z,2515.64,2515.75,0.11,2515.695,0.3990772163281796001341594312
ETH-USD,2026-08-30T18:38:59.320204Z,2515.64,2515.75,0.11,2515.695,0.3990772163281796001341594312
ETH-USD,2026-08-30T18:38:59.480312Z,2515.64,2515.75,0.11,2515.695,0.3553559122696004112673409856
ETH-USD,2026-08-30T18:38:59.564763Z,2515.64,2515.75,0.11,2515.695,0.3553559122696004112673409856
ETH-USD,2026-08-30T18:38:59.614068Z,2515.64,2515.75,0.11,2515.695,0.3553559122696004112673409856
ETH-USD,2026-08-30T18:38:59.638739Z,2515.64,2515.75,0.11,2515.695,0.3553559122696004112673409856
ETH-USD,2026-08-30T18:38:59.784986Z,2515.64,2515.75,0.11,2515.695,0.3553559122696004112673409856
ETH-USD,2026-08-30T18:38:59.793807Z,2515.64,2515.75,0.11,2515.695,0.3553559122696004112673409856
ETH-USD,2026-08-30T18:38:59.867905Z,2515.68,2515.75,0.07,2515.715,0.3553559122696004112673409856
ETH-USD,2026-08-30T18:38:59.951241Z,2515.64,2515.75,0.11,2515.695,0.3553559122696004112673409856
ETH-USD,2026-08-30T18:39:00.025496Z,2515.72,2515.75,0.03,2515.735,0.4251409191201670461858332452
ETH-USD,2026-08-30T18:39:00.084912Z,2515.74,2515.75,0.01,2515.745,0.3494130493473752287467378347
ETH-USD,2026-08-30T18:39:00.117029Z,2515.74,2515.75,0.01,2515.745,0.3494130493473752287467378347
ETH-USD,2026-08-30T18:39:00.175801Z,2515.74,2515.75,0.01,2515.745,0.4251409191201670461858332452
ETH-USD,2026-08-30T18:39:00.220929Z,2515.74,2515.75,0.01,2515.745,0.4251409191201670461858332452
ETH-USD,2026-08-30T18:39:00.274778Z,2515.74,2515.75,0.01,2515.745,0.4251409191201670461858332452
ETH-USD,2026-08-30T18:39:00.315164Z,2516.39,2516.4,0.01,2516.395,0.4669262885764093054124548312
ETH-USD,2026-08-30T18:39:00.376403Z,2516.39,2516.4,0.01,2516.395,0.3567161840038942073010279957
ETH-USD,2026-08-30T18:39:00.405129Z,2516.39,2516.4,0.01,2516.395,0.4002793418280672626126229473
ETH-USD,2026-08-30T18:39:00.472571Z,2516.31,2516.4,0.09,2516.355,0.1451193661235784471613003489
ETH-USD,2026-08-30T18:39:00.526207Z,2516.3,2516.31,0.01,2516.305,0.5192671455699742141292720391
ETH-USD,2026-08-30T18:39:00.572815Z,2516.3,2516.4,0.1,2516.35,0.4292622412119794809142806635
ETH-USD,2026-08-30T18:39:00.579816Z,2516.3,2516.4,0.1,2516.35,0.4292622412119794809142806635
ETH-USD,2026-08-30T18:39:00.670162Z,2516.39,2516.4,0.01,2516.395,0.6526924863005777094023353795
ETH-USD,2026-08-30T18:39:00.720749Z,2516.39,2516.4,0.01,2516.395,0.5824093661262083916643566931
ETH-USD,2026-08-30T18:39:00.765231Z,2516.2,2516.4,0.2,2516.3,0.6255785701033231728230522855
ETH-USD,2026-08-30T18:39:00.821378Z,2516.2,2516.36,0.16,2516.28,0.5225648177354308558405693609
ETH-USD,2026-08-30T18:39:00.864781Z,2516.24,2516.36,0.12,2516.30,0.4626629081491992001486351914
ETH-USD,2026-08-30T18:39:00.919904Z,2516.23,2516.36,0.13,2516.295,0.1782631475661857855667810753
ETH-USD,2026-08-30T18:39:00.969085Z,2516.23,2516.36,0.13,2516.295,0.3870121033821755085897543632
ETH-USD,2026-08-30T18:39:01.016611Z,2516.23,2516.36,0.13,2516.295,0.3870121033821755085897543632
ETH-USD,2026-08-30T18:39:01.055152Z,2516.35,2516.36,0.01,2516.355,0.4849142225351381956772436523
ETH-USD,2026-08-30T18:39:01.105272Z,2516.39,2516.66,0.27,2516.525,0.08296697558387981239242028998
ETH-USD,2026-08-30T18:39:01.150539Z,2516.39,2516.55,0.16,2516.47,-0.3981781748419942537890382440
ETH-USD,2026-08-30T18:39:01.171653Z,2516.39,2516.55,0.16,2516.47,-0.1118557707500213919423836767
ETH-USD,2026-08-30T18:39:01.205951Z,2516.2,2516.55,0.35,2516.375,-0.03745260920057733514486306802
ETH-USD,2026-08-30T18:39:01.216561Z,2516.2,2516.8,0.6,2516.5,-0.07893174933678851360955543669
ETH-USD,2026-08-30T18:39:01.324252Z,2516.39,2516.66,0.27,2516.525,0.1994957769489971276519290938
ETH-USD,2026-08-30T18:39:01.42774Z,2516.42,2516.43,0.01,2516.425,0.5387270828243436973505554953
ETH-USD,2026-08-30T18:39:01.475736Z,2516.42,2516.43,0.01,2516.425,0.5387270828243436973505554953
ETH-USD,2026-08-30T18:39:01.488691Z,2516.42,2516.43,0.01,2516.425,0.5387270828243436973505554953
ETH-USD,2026-08-30T18:39:01.668874Z,2516.52,2516.53,0.01,2516.525,0.4080669612671691337701246031
ETH-USD,2026-08-30T18:39:01.71269Z,2516.52,2516.72,0.20,2516.62,0.2106748012661373298015028330
ETH-USD,2026-08-30T18:39:01.752025Z,2516.52,2516.53,0.01,2516.525,0.2530971271749147768151471335
ETH-USD,2026-08-30T18:39:01.837097Z,2516.52,2516.53,0.01,2516.525,0.3743017229021027432567465019
ETH-USD,2026-08-30T18:39:01.925702Z,2516.52,2516.53,0.01,2516.525,0.3743017229021027432567465019
ETH-USD,2026-08-30T18:39:01.977428Z,2516.52,2516.53,0.01,2516.525,0.3743017229021027432567465019
ETH-USD,2026-08-30T18:39:02.168566Z,2516.52,2516.53,0.01,2516.525,0.4244561310780144462290669953
ETH-USD,2026-08-30T18:39:02.233848Z,2516.53,2516.58,0.05,2516.555,0.5868400591785424181601099028
ETH-USD,2026-08-30T18:39:02.278096Z,2516.55,2516.58,0.03,2516.565,0.5868400591785424181601099028
ETH-USD,2026-08-30T18:39:02.3233Z,2516.56,2516.58,0.02,2516.57,0.4346303368995780220210437633
ETH-USD,2026-08-30T18:39:02.374392Z,2516.57,2516.58,0.01,2516.575,0.1372040610502523323229074165
ETH-USD,2026-08-30T18:39:02.430495Z,2516.57,2516.58,0.01,2516.575,0.1372040610502523323229074165
ETH-USD,2026-08-30T18:39:02.477394Z,2516.57,2516.58,0.01,2516.575,0.1372040610502523323229074165
ETH-USD,2026-08-30T18:39:02.525384Z,2516.57,2516.58,0.01,2516.575,0.1372040610502523323229074165
ETH-USD,2026-08-30T18:39:02.576051Z,2516.57,2516.58,0.01,2516.575,0.1372040610502523323229074165
ETH-USD,2026-08-30T18:39:02.598693Z,2516.56,2516.58,0.02,2516.57,0.4346303368995780220210437633
ETH-USD,2026-08-30T18:39:02.675361Z,2516.56,2516.58,0.02,2516.57,0.4346303368995780220210437633
ETH-USD,2026-08-30T18:39:02.772269Z,2516.56,2516.58,0.02,2516.57,0.4346303368995780220210437633
ETH-USD,2026-08-30T18:39:02.819214Z,2516.56,2516.58,0.02,2516.57,0.4346303368995780220210437633
ETH-USD,2026-08-30T18:39:02.871609Z,2516.57,2516.58,0.01,2516.575,0.1372040610502523323229074165
ETH-USD,2026-08-30T18:39:02.909806Z,2516.57,2516.58,0.01,2516.575,0.1372040610502523323229074165
ETH-USD,2026-08-30T18:39:03.012022Z,2516.57,2516.58,0.01,2516.575,0.1372040610502523323229074165
ETH-USD,2026-08-30T18:39:03.074727Z,2516.57,2516.58,0.01,2516.575,0.1460617266247532307650070772
ETH-USD,2026-08-30T18:39:03.106431Z,2516.63,2516.64,0.01,2516.635,0.2046439134109105923956269605
ETH-USD,2026-08-30T18:39:03.165462Z,2516.63,2516.64,0.01,2516.635,0.2046439134109105923956269605
ETH-USD,2026-08-30T18:39:03.21854Z,2516.65,2516.79,0.14,2516.72,0.7996088161452436403304551504
ETH-USD,2026-08-30T18:39:03.264615Z,2516.64,2516.66,0.02,2516.65,0.6353443087034526667098547821
ETH-USD,2026-08-30T18:39:03.340272Z,2516.64,2516.66,0.02,2516.65,0.1571826364622905449376431941
ETH-USD,2026-08-30T18:39:03.366774Z,2516.64,2516.66,0.02,2516.65,0.4992275098509729809589915125
ETH-USD,2026-08-30T18:39:03.391848Z,2516.64,2516.66,0.02,2516.65,0.4992275098509729809589915125
ETH-USD,2026-08-30T18:39:03.467811Z,2516.64,2516.65,0.01,2516.645,0.5534203127130021162532987776
ETH-USD,2026-08-30T18:39:03.518327Z,2516.64,2516.65,0.01,2516.645,0.5534203127130021162532987776
ETH-USD,2026-08-30T18:39:03.542059Z,2516.64,2516.65,0.01,2516.645,0.5534203127130021162532987776
ETH-USD,2026-08-30T18:39:03.677622Z,2516.64,2516.65,0.01,2516.645,0.5534203127130021162532987776
ETH-USD,2026-08-30T18:39:03.713719Z,2516.64,2516.65,0.01,2516.645,0.5534203127130021162532987776
ETH-USD,2026-08-30T18:39:03.773971Z,2516.64,2516.65,0.01,2516.645,0.5534203127130021162532987776
ETH-USD,2026-08-30T18:39:03.820892Z,2516.64,2516.65,0.01,2516.645,0.5534203127130021162532987776
ETH-USD,2026-08-30T18:39:03.910378Z,2516.64,2516.65,0.01,2516.645,0.5534203127130021162532987776
ETH-USD,2026-08-30T18:39:03.970614Z,2516.64,2516.65,0.01,2516.645,0.5534203127130021162532987776
ETH-USD,2026-08-30T18:39:04.014909Z,2516.64,2516.65,0.01,2516.645,0.5534203127130021162532987776
ETH-USD,2026-08-30T18:39:04.051159Z,2516.64,2516.65,0.01,2516.645,0.6354016080581620732409315017
ETH-USD,2026-08-30T18:39:04.102884Z,2516.64,2516.65,0.01,2516.645,0.6355848073470461076920163484
ETH-USD,2026-08-30T18:39:04.265726Z,2516.67,2516.79,0.12,2516.73,0.4881251567230749177405563858
ETH-USD,2026-08-30T18:39:04.304377Z,2516.69,2516.78,0.09,2516.735,0.2799117942036888844622857744
ETH-USD,2026-08-30T18:39:04.362686Z,2516.7,2516.73,0.03,2516.715,0.1895754633059779701119119214
ETH-USD,2026-08-30T18:39:04.408614Z,2516,2516.38,0.38,2516.19,0.08486709939370855401555957331
ETH-USD,2026-08-30T18:39:04.459254Z,2516.19,2516.29,0.10,2516.24,0.1391207623757303921201550571
ETH-USD,2026-08-30T18:39:04.520405Z,2516.07,2516.29,0.22,2516.18,0.3982853897885586600578057736
ETH-USD,2026-08-30T18:39:04.566724Z,2516.07,2516.29,0.22,2516.18,0.08810444996717330096803628435
ETH-USD,2026-08-30T18:39:04.594345Z,2516.26,2516.29,0.03,2516.275,-0.07156019241873965469776509503
ETH-USD,2026-08-30T18:39:04.67653Z,2516.28,2516.29,0.01,2516.285,0.1858243758227831682841365182
ETH-USD,2026-08-30T18:39:04.700645Z,2516.28,2516.29,0.01,2516.285,0.07458023787536609531801289442
ETH-USD,2026-08-30T18:39:04.90283Z,2516.28,2516.29,0.01,2516.285,0.07458023787536609531801289442
ETH-USD,2026-08-30T18:39:04.961937Z,2516.35,2516.36,0.01,2516.355,0.007638861723174957496574202347
ETH-USD,2026-08-30T18:39:05.019037Z,2516.32,2516.36,0.04,2516.34,0.1560381273516495732839151479
ETH-USD,2026-08-30T18:39:05.065171Z,2516.32,2516.36,0.04,2516.34,0.1560381273516495732839151479
ETH-USD,2026-08-30T18:39:05.10134Z,2516.32,2516.36,0.04,2516.34,0.1560381273516495732839151479
ETH-USD,2026-08-30T18:39:05.173869Z,2516.32,2516.36,0.04,2516.34,0.1560381273516495732839151479
ETH-USD,2026-08-30T18:39:05.272459Z,2516.32,2516.36,0.04,2516.34,0.1560381273516495732839151479
ETH-USD,2026-08-30T18:39:05.311786Z,2516.35,2516.36,0.01,2516.355,0.1450412113985242767020015977
ETH-USD,2026-08-30T18:39:05.338195Z,2516.35,2516.36,0.01,2516.355,0.1450412113985242767020015977
ETH-USD,2026-08-30T18:39:05.468861Z,2516.41,2516.63,0.22,2516.52,0.1678308784139043319554266730
ETH-USD,2026-08-30T18:39:05.490549Z,2516.41,2516.63,0.22,2516.52,0.1528951710054535494245679719
ETH-USD,2026-08-30T18:39:05.562342Z,2516.41,2516.43,0.02,2516.42,0.1498764077672172291548909574
ETH-USD,2026-08-30T18:39:05.611212Z,2516.41,2516.43,0.02,2516.42,0.1498764077672172291548909574
ETH-USD,2026-08-30T18:39:05.648316Z,2516.41,2516.43,0.02,2516.42,0.1545231628610660377927320340
ETH-USD,2026-08-30T18:39:05.715967Z,2516.42,2516.78,0.36,2516.60,0.2681495479290924645486122026
ETH-USD,2026-08-30T18:39:05.771666Z,2516.47,2516.62,0.15,2516.545,0.4978882593217267253902745931
ETH-USD,2026-08-30T18:39:05.807389Z,2516.47,2516.62,0.15,2516.545,0.4978882593217267253902745931
ETH-USD,2026-08-30T18:39:05.867819Z,2516.47,2516.61,0.14,2516.54,0.7124956127543777450508907150
ETH-USD,2026-08-30T18:39:05.924146Z,2516.47,2516.51,0.04,2516.49,0.3065298590628767638180696302
ETH-USD,2026-08-30T18:39:05.981498Z,2516.46,2516.48,0.02,2516.47,0.7294835985083080921938121869
ETH-USD,2026-08-30T18:39:06.023352Z,2516.46,2516.51,0.05,2516.485,0.5360787679315243636709247239
ETH-USD,2026-08-30T18:39:06.080513Z,2516.47,2516.49,0.02,2516.48,0.5919229107887817298414934438
ETH-USD,2026-08-30T18:39:06.122073Z,2516.49,2516.67,0.18,2516.58,0.2061897474556555404112622496
ETH-USD,2026-08-30T18:39:06.166513Z,2516.49,2516.51,0.02,2516.50,0.2406349833051206720393275111
ETH-USD,2026-08-30T18:39:06.17184Z,2516.49,2516.51,0.02,2516.50,0.4889321251413548907253943134
ETH-USD,2026-08-30T18:39:06.290502Z,2516.5,2516.51,0.01,2516.505,0.6464323574433937403090322940
ETH-USD,2026-08-30T18:39:06.373661Z,2516.5,2516.51,0.01,2516.505,0.6989524527758835003025343733
ETH-USD,2026-08-30T18:39:06.542382Z,2516.5,2516.51,0.01,2516.505,0.6989524527758835003025343733
ETH-USD,2026-08-30T18:39:06.773118Z,2516.5,2516.51,0.01,2516.505,0.6989524527758835003025343733
ETH-USD,2026-08-30T18:39:06.972163Z,2516.5,2516.51,0.01,2516.505,0.6989524527758835003025343733
ETH-USD,2026-08-30T18:39:07.042559Z,2516.5,2516.51,0.01,2516.505,0.6989524527758835003025343733
ETH-USD,2026-08-30T18:39:07.105098Z,2516.5,2516.51,0.01,2516.505,0.7008217980703867161409348683
ETH-USD,2026-08-30T18:39:07.279493Z,2516.5,2516.51,0.01,2516.505,0.7008217980703867161409348683
ETH-USD,2026-08-30T18:39:07.415783Z,2516.5,2516.51,0.01,2516.505,0.7008217980703867161409348683
ETH-USD,2026-08-30T18:39:07.527605Z,2516.5,2516.51,0.01,2516.505,0.7008217980703867161409348683
ETH-USD,2026-08-30T18:39:07.574292Z,2516.5,2516.51,0.01,2516.505,0.7008217980703867161409348683
ETH-USD,2026-08-30T18:39:07.620513Z,2516.5,2516.51,0.01,2516.505,0.7008217980703867161409348683
ETH-USD,2026-08-30T18:39:07.67203Z,2516.5,2516.51,0.01,2516.505,0.7008217980703867161409348683
ETH-USD,2026-08-30T18:39:07.768416Z,2516.5,2516.51,0.01,2516.505,0.7008217980703867161409348683
ETH-USD,2026-08-30T18:39:07.807187Z,2516.5,2516.51,0.01,2516.505,0.7008217980703867161409348683
ETH-USD,2026-08-30T18:39:07.868298Z,2516.5,2516.51,0.01,2516.505,0.7008217980703867161409348683
ETH-USD,2026-08-30T18:39:07.87834Z,2516.5,2516.51,0.01,2516.505,0.7008217980703867161409348683
ETH-USD,2026-08-30T18:39:08.013023Z,2516.5,2516.51,0.01,2516.505,0.7008217980703867161409348683
ETH-USD,2026-08-30T18:39:08.062867Z,2516.51,2516.77,0.26,2516.64,0.6601563408916876833299303665
ETH-USD,2026-08-30T18:39:08.131778Z,2516.72,2516.74,0.02,2516.73,0.6528874810762994980942356195
ETH-USD,2026-08-30T18:39:08.152288Z,2516.72,2516.74,0.02,2516.73,0.6528874810762994980942356195
ETH-USD,2026-08-30T18:39:08.22397Z,2516.72,2516.73,0.01,2516.725,0.6156399380422741824561977950
ETH-USD,2026-08-30T18:39:08.263468Z,2516.72,2516.73,0.01,2516.725,0.6156399380422741824561977950
ETH-USD,2026-08-30T18:39:08.319472Z,2516.72,2516.74,0.02,2516.73,0.3300598918857908318635262271
ETH-USD,2026-08-30T18:39:08.367923Z,2516.72,2516.74,0.02,2516.73,0.3300598918857908318635262271
ETH-USD,2026-08-30T18:39:08.41299Z,2516.72,2516.74,0.02,2516.73,0.3300598918857908318635262271
ETH-USD,2026-08-30T18:39:08.513134Z,2516.72,2516.74,0.02,2516.73,0.3300598918857908318635262271
ETH-USD,2026-08-30T18:39:08.575021Z,2516.72,2516.74,0.02,2516.73,0.3300598918857908318635262271
ETH-USD,2026-08-30T18:39:08.611978Z,2516.72,2516.74,0.02,2516.73,0.3300598918857908318635262271
ETH-USD,2026-08-30T18:39:08.648186Z,2516.72,2516.74,0.02,2516.73,0.1063181034039934041880564791
ETH-USD,2026-08-30T18:39:08.716765Z,2516.72,2516.74,0.02,2516.73,0.2759338243028981060098838445
ETH-USD,2026-08-30T18:39:08.775143Z,2516.72,2516.74,0.02,2516.73,0.2759338243028981060098838445
ETH-USD,2026-08-30T18:39:08.798923Z,2516.72,2516.74,0.02,2516.73,0.2052368518775497853177652902
ETH-USD,2026-08-30T18:39:08.933849Z,2516.72,2516.74,0.02,2516.73,0.2052368518775497853177652902
ETH-USD,2026-08-30T18:39:08.953011Z,2516.72,2516.74,0.02,2516.73,0.2052368518775497853177652902
ETH-USD,2026-08-30T18:39:09.013016Z,2516.72,2516.74,0.02,2516.73,0.2052368518775497853177652902
ETH-USD,2026-08-30T18:39:09.020281Z,2516.72,2516.74,0.02,2516.73,0.2052368518775497853177652902
ETH-USD,2026-08-30T18:39:09.133767Z,2516.72,2516.74,0.02,2516.73,0.2052368518775497853177652902
ETH-USD,2026-08-30T18:39:09.167749Z,2516.72,2516.74,0.02,2516.73,0.2052368518775497853177652902
ETH-USD,2026-08-30T18:39:09.230758Z,2516.72,2516.74,0.02,2516.73,0.2052368518775497853177652902
ETH-USD,2026-08-30T18:39:09.254941Z,2516.72,2516.74,0.02,2516.73,0.2052368518775497853177652902
ETH-USD,2026-08-30T18:39:09.354878Z,2516.72,2516.74,0.02,2516.73,0.2052368518775497853177652902
ETH-USD,2026-08-30T18:39:09.37388Z,2516.72,2516.74,0.02,2516.73,0.2052368518775497853177652902
ETH-USD,2026-08-30T18:39:09.42845Z,2516.72,2516.74,0.02,2516.73,0.2052368518775497853177652902
ETH-USD,2026-08-30T18:39:09.473731Z,2516.72,2516.74,0.02,2516.73,0.2052368518775497853177652902
ETH-USD,2026-08-30T18:39:09.52377Z,2516.72,2516.74,0.02,2516.73,0.2052368518775497853177652902
ETH-USD,2026-08-30T18:39:09.566114Z,2516.72,2516.74,0.02,2516.73,0.2052368518775497853177652902
ETH-USD,2026-08-30T18:39:09.854758Z,2516.72,2516.73,0.01,2516.725,0.2413626630026862001732599744
ETH-USD,2026-08-30T18:39:09.972704Z,2516.72,2516.73,0.01,2516.725,0.2413626630026862001732599744
ETH-USD,2026-08-30T18:39:10.017573Z,2516.72,2516.73,0.01,2516.725,0.2413626630026862001732599744
ETH-USD,2026-08-30T18:39:10.274834Z,2516.72,2516.73,0.01,2516.725,0.2413626630026862001732599744
ETH-USD,2026-08-30T18:39:10.3757Z,2516.72,2516.73,0.01,2516.725,0.2413626630026862001732599744
ETH-USD,2026-08-30T18:39:10.383155Z,2516.72,2516.73,0.01,2516.725,0.2413626630026862001732599744
ETH-USD,2026-08-30T18:39:10.52361Z,2516.72,2516.73,0.01,2516.725,0.2413626630026862001732599744
ETH-USD,2026-08-30T18:39:10.574014Z,2516.72,2516.73,0.01,2516.725,0.2413626630026862001732599744
ETH-USD,2026-08-30T18:39:10.622209Z,2516.72,2516.73,0.01,2516.725,0.2413626630026862001732599744
ETH-USD,2026-08-30T18:39:10.673293Z,2516.72,2516.73,0.01,2516.725,0.2413626630026862001732599744
ETH-USD,2026-08-30T18:39:10.710624Z,2516.72,2516.73,0.01,2516.725,0.1386154505980199018108782640
ETH-USD,2026-08-30T18:39:10.822791Z,2516.72,2516.73,0.01,2516.725,0.1386154505980199018108782640
ETH-USD,2026-08-30T18:39:10.875509Z,2516.72,2516.73,0.01,2516.725,0.1392730913769202145694927316
ETH-USD,2026-08-30T18:39:10.932208Z,2516.72,2516.73,0.01,2516.725,0.04504400028994293087628140285
ETH-USD,2026-08-30T18:39:10.964097Z,2516.7,2516.71,0.01,2516.705,-0.1912392065577791003411832167
ETH-USD,2026-08-30T18:39:11.017694Z,2516.7,2516.71,0.01,2516.705,-0.6349286455465252994212101622
ETH-USD,2026-08-30T18:39:11.069831Z,2516.15,2516.63,0.48,2516.39,0.6591117032461315043891501383
ETH-USD,2026-08-30T18:39:11.124528Z,2516.42,2516.65,0.23,2516.535,0.2143486558892339570174046562
ETH-USD,2026-08-30T18:39:11.171403Z,2516.45,2516.64,0.19,2516.545,0.2755844058269442868311017436
ETH-USD,2026-08-30T18:39:11.216236Z,2516.45,2516.64,0.19,2516.545,0.2755276066083996791605502695
ETH-USD,2026-08-30T18:39:11.258695Z,2516.47,2516.48,0.01,2516.475,0.2837290952200890676943185876
ETH-USD,2026-08-30T18:39:11.309404Z,2516.47,2516.48,0.01,2516.475,0.07124116045455569155100725320
ETH-USD,2026-08-30T18:39:11.363881Z,2516.47,2516.48,0.01,2516.475,0.3285341632272957003719377232
ETH-USD,2026-08-30T18:39:11.421083Z,2516.47,2516.48,0.01,2516.475,0.2882272055144081179262230287
ETH-USD,2026-08-30T18:39:11.471311Z,2516.47,2516.48,0.01,2516.475,0.2882272055144081179262230287
ETH-USD,2026-08-30T18:39:11.513912Z,2516.47,2516.48,0.01,2516.475,0.2324707625127594234958837277
ETH-USD,2026-08-30T18:39:11.57323Z,2516.47,2516.48,0.01,2516.475,0.2324707625127594234958837277
ETH-USD,2026-08-30T18:39:11.614401Z,2516.47,2516.48,0.01,2516.475,-0.08824241598864553064205318598
ETH-USD,2026-08-30T18:39:11.648707Z,2516.42,2516.45,0.03,2516.435,0.05878584410980513858032709137
ETH-USD,2026-08-30T18:39:11.663344Z,2516.42,2516.43,0.01,2516.425,-0.1480017220408571712907107235
ETH-USD,2026-08-30T18:39:11.801149Z,2516.4,2516.42,0.02,2516.41,-0.06203364145304738873357967275
ETH-USD,2026-08-30T18:39:11.852138Z,2516.41,2516.42,0.01,2516.415,0.01352763032432912782901196962
ETH-USD,2026-08-30T18:39:11.925778Z,2516.41,2516.42,0.01,2516.415,0.02032234192989240418373918207
ETH-USD,2026-08-30T18:39:11.930405Z,2516.41,2516.42,0.01,2516.415,0.06406151813867653962754284490
ETH-USD,2026-08-30T18:39:11.970988Z,2516.51,2516.7,0.19,2516.605,0.2245432203058718326499370795
ETH-USD,2026-08-30T18:39:12.06238Z,2516.53,2516.56,0.03,2516.545,0.2660699785216480662084883016
ETH-USD,2026-08-30T18:39:12.128568Z,2516.52,2516.56,0.04,2516.54,0.2144897627052912599507612614
ETH-USD,2026-08-30T18:39:12.16128Z,2516.52,2516.56,0.04,2516.54,0.2144897627052912599507612614
ETH-USD,2026-08-30T18:39:12.301018Z,2516.52,2516.53,0.01,2516.525,0.5910425194790782400092156860
ETH-USD,2026-08-30T18:39:12.436446Z,2516.52,2516.53,0.01,2516.525,0.2061796866689228650070820178
ETH-USD,2026-08-30T18:39:12.473738Z,2516.52,2516.53,0.01,2516.525,0.2061796866689228650070820178
ETH-USD,2026-08-30T18:39:12.506214Z,2516.52,2516.54,0.02,2516.53,0.04476353081248210577708822130
ETH-USD,2026-08-30T18:39:12.560899Z,2516.52,2516.54,0.02,2516.53,0.04476353081248210577708822130
ETH-USD,2026-08-30T18:39:12.67119Z,2516.52,2516.54,0.02,2516.53,0.04487558182864608913333843199
ETH-USD,2026-08-30T18:39:12.748836Z,2516.52,2516.53,0.01,2516.525,0.2045456559430263834468337279
ETH-USD,2026-08-30T18:39:12.767486Z,2516.52,2516.53,0.01,2516.525,0.2045456559430263834468337279
ETH-USD,2026-08-30T18:39:12.800475Z,2516.52,2516.53,0.01,2516.525,0.2045456559430263834468337279
ETH-USD,2026-08-30T18:39:12.842379Z,2516.52,2516.53,0.01,2516.525,0.2045456559430263834468337279
ETH-USD,2026-08-30T18:39:12.907601Z,2516.52,2516.53,0.01,2516.525,0.2045456559430263834468337279
ETH-USD,2026-08-30T18:39:12.984096Z,2516.52,2516.54,0.02,2516.53,0.04094483226995358928395422176
ETH-USD,2026-08-30T18:39:13.015572Z,2516.52,2516.54,0.02,2516.53,0.04094483226995358928395422176
ETH-USD,2026-08-30T18:39:13.07001Z,2516.52,2516.54,0.02,2516.53,0.05859582244831557439414057125
ETH-USD,2026-08-30T18:39:13.128832Z,2516.52,2516.54,0.02,2516.53,0.05112649269336782688456033807
ETH-USD,2026-08-30T18:39:13.158372Z,2516.52,2516.54,0.02,2516.53,0.05112649269336782688456033807
ETH-USD,2026-08-30T18:39:13.190105Z,2516.52,2516.54,0.02,2516.53,0.05112649269336782688456033807
ETH-USD,2026-08-30T18:39:13.276084Z,2516.52,2516.54,0.02,2516.53,0.05112649269336782688456033807
ETH-USD,2026-08-30T18:39:13.373586Z,2516.52,2516.54,0.02,2516.53,0.05112649269336782688456033807
ETH-USD,2026-08-30T18:39:13.404065Z,2516.52,2516.54,0.02,2516.53,0.05112649269336782688456033807
ETH-USD,2026-08-30T18:39:13.518702Z,2516.52,2516.54,0.02,2516.53,0.05112649269336782688456033807
ETH-USD,2026-08-30T18:39:13.572792Z,2516.52,2516.53,0.01,2516.525,-0.06861268812927081637475002217
ETH-USD,2026-08-30T18:39:13.612621Z,2516.52,2516.53,0.01,2516.525,-0.06861268812927081637475002217
ETH-USD,2026-08-30T18:39:13.6736Z,2516.52,2516.53,0.01,2516.525,-0.06861268812927081637475002217
ETH-USD,2026-08-30T18:39:13.684798Z,2516.52,2516.53,0.01,2516.525,-0.06861268812927081637475002217
ETH-USD,2026-08-30T18:39:13.873495Z,2516.52,2516.53,0.01,2516.525,-0.06861268812927081637475002217
ETH-USD,2026-08-30T18:39:13.902293Z,2516.52,2516.53,0.01,2516.525,-0.06861268812927081637475002217
ETH-USD,2026-08-30T18:39:13.969942Z,2516.52,2516.53,0.01,2516.525,-0.06861268812927081637475002217
ETH-USD,2026-08-30T18:39:14.022262Z,2516.52,2516.53,0.01,2516.525,-0.05810557605455534032788716866
ETH-USD,2026-08-30T18:39:14.05594Z,2516.52,2516.53,0.01,2516.525,-0.05810557605455534032788716866
ETH-USD,2026-08-30T18:39:14.111322Z,2516.52,2516.53,0.01,2516.525,-0.05285909279583911637424281761
ETH-USD,2026-08-30T18:39:14.179697Z,2516.52,2516.53,0.01,2516.525,-0.06348294435320363287639329041
ETH-USD,2026-08-30T18:39:14.27469Z,2516.52,2516.53,0.01,2516.525,-0.06348294435320363287639329041
ETH-USD,2026-08-30T18:39:14.319456Z,2516.52,2516.53,0.01,2516.525,-0.06348294435320363287639329041
ETH-USD,2026-08-30T18:39:14.42275Z,2516.52,2516.53,0.01,2516.525,0.2235603292536906594822617560
ETH-USD,2026-08-30T18:39:14.475159Z,2516.52,2516.53,0.01,2516.525,0.2235603292536906594822617560
ETH-USD,2026-08-30T18:39:14.527274Z,2516.52,2516.53,0.01,2516.525,0.2235603292536906594822617560
ETH-USD,2026-08-30T18:39:14.573212Z,2516.52,2516.53,0.01,2516.525,0.2235603292536906594822617560
ETH-USD,2026-08-30T18:39:14.77661Z,2516.52,2516.53,0.01,2516.525,0.2235603292536906594822617560
ETH-USD,2026-08-30T18:39:14.868805Z,2516.52,2516.53,0.01,2516.525,0.2235603292536906594822617560
ETH-USD,2026-08-30T18:39:14.8993Z,2516.52,2516.53,0.01,2516.525,0.2235603292536906594822617560
ETH-USD,2026-08-30T18:39:15.015202Z,2516.52,2516.53,0.01,2516.525,0.2235603292536906594822617560
ETH-USD,2026-08-30T18:39:15.06838Z,2516.52,2516.53,0.01,2516.525,0.2336631155692093646513873946
ETH-USD,2026-08-30T18:39:15.077189Z,2516.52,2516.53,0.01,2516.525,0.2336631155692093646513873946
ETH-USD,2026-08-30T18:39:15.164122Z,2516.52,2516.53,0.01,2516.525,0.2336631155692093646513873946
ETH-USD,2026-08-30T18:39:15.219894Z,2516.52,2516.53,0.01,2516.525,-0.09636121658795966679011537304
ETH-USD,2026-08-30T18:39:15.305018Z,2515.98,2516.37,0.39,2516.175,0.2951526652101155611687082188
ETH-USD,2026-08-30T18:39:15.356301Z,2515.98,2516.16,0.18,2516.07,0.4237863087845993441961206513
ETH-USD,2026-08-30T18:39:15.402365Z,2515.98,2516.16,0.18,2516.07,0.4346112891396800441137938258
ETH-USD,2026-08-30T18:39:15.483578Z,2516.15,2516.16,0.01,2516.155,0.4610249258020175416511520308
ETH-USD,2026-08-30T18:39:15.560118Z,2516.15,2516.16,0.01,2516.155,0.2364149894918738513546098920
ETH-USD,2026-08-30T18:39:15.57871Z,2516.15,2516.16,0.01,2516.155,0.2364149894918738513546098920
ETH-USD,2026-08-30T18:39:15.677204Z,2516.15,2516.16,0.01,2516.155,0.2364149894918738513546098920
ETH-USD,2026-08-30T18:39:15.746531Z,2516.15,2516.16,0.01,2516.155,0.2364149894918738513546098920
ETH-USD,2026-08-30T18:39:15.783235Z,2516.15,2516.16,0.01,2516.155,0.2364149894918738513546098920
ETH-USD,2026-08-30T18:39:15.913066Z,2516.15,2516.16,0.01,2516.155,0.1765744671895763613334746284
ETH-USD,2026-08-30T18:39:15.968924Z,2516.15,2516.16,0.01,2516.155,0.1765744671895763613334746284
ETH-USD,2026-08-30T18:39:16.029769Z,2516.23,2516.24,0.01,2516.235,-0.08138759417630095096217001311
ETH-USD,2026-08-30T18:39:16.121023Z,2516.23,2516.24,0.01,2516.235,-0.08268038903402574480070048539
ETH-USD,2026-08-30T18:39:16.125945Z,2516.23,2516.24,0.01,2516.235,-0.08268038903402574480070048539
ETH-USD,2026-08-30T18:39:16.227061Z,2516.24,2516.3,0.06,2516.27,-0.2436475340343216077853949600
ETH-USD,2026-08-30T18:39:16.277405Z,2516.24,2516.5,0.26,2516.37,0.2993747067820020395179767786
ETH-USD,2026-08-30T18:39:16.326893Z,2516.27,2516.28,0.01,2516.275,-0.02620497552673799079861615597
ETH-USD,2026-08-30T18:39:16.371601Z,2516.27,2516.28,0.01,2516.275,-0.02620497552673799079861615597
ETH-USD,2026-08-30T18:39:16.428338Z,2516.27,2516.28,0.01,2516.275,0.09447839336165694445273982786
ETH-USD,2026-08-30T18:39:16.477493Z,2516.27,2516.28,0.01,2516.275,0.09447839336165694445273982786
ETH-USD,2026-08-30T18:39:16.519688Z,2516.27,2516.28,0.01,2516.275,-0.02620497552673799079861615597
ETH-USD,2026-08-30T18:39:16.576183Z,2516.26,2516.28,0.02,2516.27,-0.01475961965244357086699874301
ETH-USD,2026-08-30T18:39:16.627553Z,2516.26,2516.28,0.02,2516.27,-0.01475961965244357086699874301
ETH-USD,2026-08-30T18:39:16.667402Z,2516.26,2516.28,0.02,2516.27,-0.01475961965244357086699874301
ETH-USD,2026-08-30T18:39:16.726199Z,2516.26,2516.28,0.02,2516.27,-0.01475961965244357086699874301
ETH-USD,2026-08-30T18:39:16.772558Z,2516.27,2516.28,0.01,2516.275,-0.02620497552673799079861615597
ETH-USD,2026-08-30T18:39:16.816476Z,2516.27,2516.28,0.01,2516.275,0.2359276638982435954804330462
ETH-USD,2026-08-30T18:39:16.874683Z,2516.27,2516.28,0.01,2516.275,0.2359276638982435954804330462
ETH-USD,2026-08-30T18:39:16.916122Z,2516.26,2516.27,0.01,2516.265,0.2463376377744696746377637704
ETH-USD,2026-08-30T18:39:16.968692Z,2516.26,2516.27,0.01,2516.265,0.2463376377744696746377637704
ETH-USD,2026-08-30T18:39:17.019621Z,2516.26,2516.28,0.02,2516.27,-0.008201894446896941580032036313
ETH-USD,2026-08-30T18:39:17.04554Z,2516.26,2516.28,0.02,2516.27,-0.008201894446896941580032036313
ETH-USD,2026-08-30T18:39:17.125812Z,2516.26,2516.28,0.02,2516.27,0.1076265080241772373965098034
ETH-USD,2026-08-30T18:39:17.174741Z,2516.26,2516.28,0.02,2516.27,0.1076265080241772373965098034
ETH-USD,2026-08-30T18:39:17.220871Z,2516.26,2516.28,0.02,2516.27,0.05977071786580220220398924920
ETH-USD,2026-08-30T18:39:17.274106Z,2516.26,2516.28,0.02,2516.27,0.05977071786580220220398924920
ETH-USD,2026-08-30T18:39:17.365936Z,2516.26,2516.28,0.02,2516.27,0.09945394797315565822792112394
ETH-USD,2026-08-30T18:39:17.481077Z,2516.26,2516.27,0.01,2516.265,0.09898188513759248994260535357
ETH-USD,2026-08-30T18:39:17.487062Z,2516.26,2516.27,0.01,2516.265,0.09898188513759248994260535357
ETH-USD,2026-08-30T18:39:17.569766Z,2516.26,2516.28,0.02,2516.27,0.09945394797315565822792112394
ETH-USD,2026-08-30T18:39:17.77415Z,2516.26,2516.28,0.02,2516.27,0.09945394797315565822792112394
ETH-USD,2026-08-30T18:39:17.813484Z,2516.26,2516.28,0.02,2516.27,0.09945394797315565822792112394
ETH-USD,2026-08-30T18:39:17.859955Z,2516.26,2516.45,0.19,2516.355,0.1846884716475423980655985155
ETH-USD,2026-08-30T18:39:17.883255Z,2516.26,2516.45,0.19,2516.355,0.1875937030728121629567360933
ETH-USD,2026-08-30T18:39:17.941746Z,2516.26,2516.45,0.19,2516.355,0.1875937030728121629567360933
ETH-USD,2026-08-30T18:39:18.025063Z,2516.26,2516.45,0.19,2516.355,0.1971348082045731294113656842
ETH-USD,2026-08-30T18:39:18.076911Z,2516.26,2516.45,0.19,2516.355,-0.05087211748504516104893284412
ETH-USD,2026-08-30T18:39:18.095505Z,2516.26,2516.45,0.19,2516.355,-0.05087211748504516104893284412
ETH-USD,2026-08-30T18:39:18.182686Z,2516.26,2516.45,0.19,2516.355,-0.05087211748504516104893284412
ETH-USD,2026-08-30T18:39:18.193522Z,2516.26,2516.45,0.19,2516.355,-0.05087211748504516104893284412
ETH-USD,2026-08-30T18:39:18.230349Z,2516.26,2516.45,0.19,2516.355,-0.05087211748504516104893284412
ETH-USD,2026-08-30T18:39:18.317872Z,2516.26,2516.45,0.19,2516.355,-0.05087211748504516104893284412
ETH-USD,2026-08-30T18:39:18.383203Z,2516.27,2516.41,0.14,2516.34,0.1875920394193450051957894863
ETH-USD,2026-08-30T18:39:18.41692Z,2516.27,2516.41,0.14,2516.34,0.1875920394193450051957894863
ETH-USD,2026-08-30T18:39:18.465027Z,2516.29,2516.42,0.13,2516.355,-0.05688047178437728057168354378
ETH-USD,2026-08-30T18:39:18.517113Z,2516.29,2516.42,0.13,2516.355,-0.05688047178437728057168354378
ETH-USD,2026-08-30T18:39:18.556534Z,2516.29,2516.3,0.01,2516.295,-0.01852821177567969972638949684
ETH-USD,2026-08-30T18:39:18.601931Z,2516.28,2516.29,0.01,2516.285,0.5550368559744279467229115296
ETH-USD,2026-08-30T18:39:18.671845Z,2516.28,2516.29,0.01,2516.285,0.2319821303992757621224506175
ETH-USD,2026-08-30T18:39:18.677747Z,2516.28,2516.29,0.01,2516.285,0.2319821303992757621224506175
ETH-USD,2026-08-30T18:39:18.77431Z,2516.28,2516.29,0.01,2516.285,0.2319821303992757621224506175
ETH-USD,2026-08-30T18:39:18.825191Z,2516.28,2516.29,0.01,2516.285,0.2319821303992757621224506175
ETH-USD,2026-08-30T18:39:18.875217Z,2516.28,2516.29,0.01,2516.285,0.2319821303992757621224506175
ETH-USD,2026-08-30T18:39:18.934127Z,2516.28,2516.29,0.01,2516.285,0.2319821303992757621224506175
ETH-USD,2026-08-30T18:39:18.977321Z,2516.28,2516.29,0.01,2516.285,0.2319821303992757621224506175
ETH-USD,2026-08-30T18:39:19.01826Z,2516.28,2516.29,0.01,2516.285,0.1899718004893234891298913042
ETH-USD,2026-08-30T18:39:19.069771Z,2516,2516.27,0.27,2516.135,0.2973336042291206856177040789
ETH-USD,2026-08-30T18:39:19.120287Z,2515.9,2516.22,0.32,2516.06,-0.2963956578801633841711772800
ETH-USD,2026-08-30T18:39:19.160609Z,2516,2516.25,0.25,2516.125,-0.2852322593602733407321935174
ETH-USD,2026-08-30T18:39:19.221063Z,2516.01,2516.34,0.33,2516.175,-0.2444984100008830301864042745
ETH-USD,2026-08-30T18:39:19.251435Z,2515.98,2516.21,0.23,2516.095,-0.3488068519172953944014829825
ETH-USD,2026-08-30T18:39:19.319223Z,2516.02,2516.24,0.22,2516.13,-0.1262352874149877853896115328
ETH-USD,2026-08-30T18:39:19.36739Z,2516,2516.03,0.03,2516.015,0.1698550985316043111013588688
ETH-USD,2026-08-30T18:39:19.421358Z,2516.02,2516.03,0.01,2516.025,0.2156177989045671630299205427
ETH-USD,2026-08-30T18:39:19.477466Z,2516.02,2516.03,0.01,2516.025,0.1388972680685248817947043053
ETH-USD,2026-08-30T18:39:19.529588Z,2516.02,2516.03,0.01,2516.025,0.1388972680685248817947043053
ETH-USD,2026-08-30T18:39:19.552095Z,2516.02,2516.03,0.01,2516.025,0.2532551794603107127457399705
ETH-USD,2026-08-30T18:39:19.617611Z,2516.02,2516.03,0.01,2516.025,0.2532551794603107127457399705
ETH-USD,2026-08-30T18:39:19.671325Z,2516.02,2516.03,0.01,2516.025,0.2532551794603107127457399705
ETH-USD,2026-08-30T18:39:19.705524Z,2516.02,2516.03,0.01,2516.025,0.2532551794603107127457399705
ETH-USD,2026-08-30T18:39:19.775649Z,2516.04,2516.3,0.26,2516.17,0.2587928836006066695302422104
ETH-USD,2026-08-30T18:39:19.81465Z,2516.05,2516.29,0.24,2516.17,0.3302869453501507434864901058
ETH-USD,2026-08-30T18:39:19.874293Z,2516.06,2516.28,0.22,2516.17,0.4536522474435852656080837170
ETH-USD,2026-08-30T18:39:19.921801Z,2516.07,2516.28,0.21,2516.175,0.5081715896247824591249541488
ETH-USD,2026-08-30T18:39:19.954086Z,2516.06,2516.36,0.30,2516.21,0.1927267586966787086433372262
ETH-USD,2026-08-30T18:39:20.018463Z,2516.06,2516.07,0.01,2516.065,0.1178124993705815073771908461
ETH-USD,2026-08-30T18:39:20.063105Z,2516.06,2516.07,0.01,2516.065,0.1178124993705815073771908461
ETH-USD,2026-08-30T18:39:20.118765Z,2516.06,2516.07,0.01,2516.065,-0.03160612381965409444410484777
ETH-USD,2026-08-30T18:39:20.16958Z,2516.06,2516.07,0.01,2516.065,-0.03160612381965409444410484777
ETH-USD,2026-08-30T18:39:20.216732Z,2515.95,2516.39,0.44,2516.17,0.1862108216776335015363386226
ETH-USD,2026-08-30T18:39:20.261208Z,2515.96,2516.22,0.26,2516.09,-0.2390105849307228942106430875
ETH-USD,2026-08-30T18:39:20.353889Z,2515.97,2516.05,0.08,2516.01,0.03763235108762179878829123523
ETH-USD,2026-08-30T18:39:20.392702Z,2515.97,2516.05,0.08,2516.01,0.03763235108762179878829123523
ETH-USD,2026-08-30T18:39:20.474909Z,2515.97,2516.05,0.08,2516.01,0.03763235108762179878829123523
ETH-USD,2026-08-30T18:39:20.507363Z,2515.97,2516.05,0.08,2516.01,0.1757678979612908002379620170
ETH-USD,2026-08-30T18:39:20.573455Z,2515.97,2516.05,0.08,2516.01,0.1757678979612908002379620170
ETH-USD,2026-08-30T18:39:20.596269Z,2515.97,2516.05,0.08,2516.01,0.1757678979612908002379620170
ETH-USD,2026-08-30T18:39:20.665401Z,2515.97,2516.05,0.08,2516.01,0.1757678979612908002379620170
ETH-USD,2026-08-30T18:39:20.671106Z,2515.97,2516.05,0.08,2516.01,0.1757678979612908002379620170
ETH-USD,2026-08-30T18:39:20.714497Z,2515.97,2516.05,0.08,2516.01,0.1757678979612908002379620170
ETH-USD,2026-08-30T18:39:20.768763Z,2515.97,2516.05,0.08,2516.01,0.1757678979612908002379620170
ETH-USD,2026-08-30T18:39:20.871008Z,2515.97,2516.05,0.08,2516.01,0.09692884257580565549555846770
ETH-USD,2026-08-30T18:39:20.885256Z,2515.97,2516.05,0.08,2516.01,0.09692884257580565549555846770
ETH-USD,2026-08-30T18:39:20.927184Z,2515.97,2516.05,0.08,2516.01,0.09692884257580565549555846770
ETH-USD,2026-08-30T18:39:21.019774Z,2515.97,2516.05,0.08,2516.01,0.09692884257580565549555846770
ETH-USD,2026-08-30T18:39:21.062674Z,2515.97,2516.37,0.40,2516.17,-0.04657548389633224827421414483
ETH-USD,2026-08-30T18:39:21.076195Z,2515.95,2515.98,0.03,2515.965,-0.06991237537866850237268594722
ETH-USD,2026-08-30T18:39:21.085145Z,2515.94,2515.95,0.01,2515.945,-0.1745456256701060662285998184
ETH-USD,2026-08-30T18:39:21.268427Z,2515.65,2515.66,0.01,2515.655,0.2697438474526188839616698672
ETH-USD,2026-08-30T18:39:21.36882Z,2515.67,2515.68,0.01,2515.675,0.2697438474526188839616698672
ETH-USD,2026-08-30T18:39:21.419733Z,2515.67,2515.68,0.01,2515.675,0.1759475806580659736690603999
ETH-USD,2026-08-30T18:39:21.463125Z,2515.67,2515.68,0.01,2515.675,0.2651781115496281087049396076
ETH-USD,2026-08-30T18:39:21.521596Z,2515.67,2515.76,0.09,2515.715,0.06644000556706921904869465101
ETH-USD,2026-08-30T18:39:21.577778Z,2515.67,2515.76,0.09,2515.715,-0.1918809677734436052236926231
ETH-USD,2026-08-30T18:39:21.614119Z,2515.69,2515.88,0.19,2515.785,0.09958471255097263173933092469
ETH-USD,2026-08-30T18:39:21.631195Z,2515.69,2515.88,0.19,2515.785,0.1083520428847018785582389381
ETH-USD,2026-08-30T18:39:21.714897Z,2515.69,2515.73,0.04,2515.71,0.05376134339125483668300442431
ETH-USD,2026-08-30T18:39:21.76972Z,2515.69,2515.73,0.04,2515.71,0.05376134339125483668300442431
ETH-USD,2026-08-30T18:39:21.829934Z,2515.6,2515.73,0.13,2515.665,-0.2749040030657417263874991102
ETH-USD,2026-08-30T18:39:21.873579Z,2515.7,2515.91,0.21,2515.805,-0.1782029450616362472270450976
ETH-USD,2026-08-30T18:39:21.912798Z,2515.7,2515.71,0.01,2515.705,-0.03484261283547803052710633729
ETH-USD,2026-08-30T18:39:21.973977Z,2515.7,2515.71,0.01,2515.705,-0.03484261283547803052710633729
ETH-USD,2026-08-30T18:39:22.073444Z,2515.7,2515.71,0.01,2515.705,-0.2212347300213777094760026049
ETH-USD,2026-08-30T18:39:22.111978Z,2515.7,2515.71,0.01,2515.705,-0.2212347300213777094760026049
ETH-USD,2026-08-30T18:39:22.14906Z,2515.7,2515.71,0.01,2515.705,-0.2212347300213777094760026049
ETH-USD,2026-08-30T18:39:22.276388Z,2515.7,2515.71,0.01,2515.705,-0.2212347300213777094760026049
ETH-USD,2026-08-30T18:39:22.374412Z,2515.7,2515.71,0.01,2515.705,-0.2212347300213777094760026049
ETH-USD,2026-08-30T18:39:22.423625Z,2515.7,2515.71,0.01,2515.705,-0.2212347300213777094760026049
ETH-USD,2026-08-30T18:39:22.462059Z,2515.7,2515.71,0.01,2515.705,-0.2212347300213777094760026049
ETH-USD,2026-08-30T18:39:22.580924Z,2515.7,2515.71,0.01,2515.705,-0.2212347300213777094760026049
ETH-USD,2026-08-30T18:39:22.620601Z,2515.7,2515.71,0.01,2515.705,-0.2212347300213777094760026049
ETH-USD,2026-08-30T18:39:22.638024Z,2515.7,2515.71,0.01,2515.705,-0.2212347300213777094760026049
ETH-USD,2026-08-30T18:39:22.71403Z,2515.7,2515.71,0.01,2515.705,-0.2212347300213777094760026049
ETH-USD,2026-08-30T18:39:22.829034Z,2515.7,2515.71,0.01,2515.705,-0.2212347300213777094760026049
ETH-USD,2026-08-30T18:39:22.876344Z,2515.62,2515.69,0.07,2515.655,-0.3987426110613186956527271559
ETH-USD,2026-08-30T18:39:22.920717Z,2515.62,2515.69,0.07,2515.655,-0.3987426110613186956527271559
ETH-USD,2026-08-30T18:39:22.974999Z,2515.62,2515.69,0.07,2515.655,-0.3987426110613186956527271559
ETH-USD,2026-08-30T18:39:22.995529Z,2515.62,2515.68,0.06,2515.65,-0.3987426110613186956527271559
ETH-USD,2026-08-30T18:39:23.07748Z,2515.62,2515.68,0.06,2515.65,-0.3926200089225127654538346406
ETH-USD,2026-08-30T18:39:23.173985Z,2515.61,2515.68,0.07,2515.645,-0.3926200089225127654538346406
ETH-USD,2026-08-30T18:39:23.228408Z,2515.61,2515.68,0.07,2515.645,-0.3926200089225127654538346406
ETH-USD,2026-08-30T18:39:23.277152Z,2515.61,2515.68,0.07,2515.645,-0.3926200089225127654538346406
ETH-USD,2026-08-30T18:39:23.423692Z,2515.67,2515.68,0.01,2515.675,-0.2212342933608871969071962247
ETH-USD,2026-08-30T18:39:23.478312Z,2515.67,2515.68,0.01,2515.675,-0.2212342933608871969071962247
ETH-USD,2026-08-30T18:39:23.530454Z,2515.62,2515.68,0.06,2515.65,-0.3987402018351867809078090498
ETH-USD,2026-08-30T18:39:23.557121Z,2515.62,2515.68,0.06,2515.65,-0.3987402018351867809078090498
ETH-USD,2026-08-30T18:39:23.707748Z,2515.62,2515.68,0.06,2515.65,-0.3987402018351867809078090498
ETH-USD,2026-08-30T18:39:23.750735Z,2515.62,2515.68,0.06,2515.65,-0.3987402018351867809078090498
ETH-USD,2026-08-30T18:39:23.777377Z,2515.62,2515.68,0.06,2515.65,-0.3987402018351867809078090498
ETH-USD,2026-08-30T18:39:23.874307Z,2515.62,2515.68,0.06,2515.65,-0.3987402018351867809078090498
ETH-USD,2026-08-30T18:39:23.927448Z,2515.62,2515.68,0.06,2515.65,-0.3987402018351867809078090498
ETH-USD,2026-08-30T18:39:23.980109Z,2515.62,2515.68,0.06,2515.65,-0.4600671984659422258867052892
ETH-USD,2026-08-30T18:39:24.029749Z,2515.62,2515.68,0.06,2515.65,-0.4600671984659422258867052892
ETH-USD,2026-08-30T18:39:24.073619Z,2515.62,2515.68,0.06,2515.65,-0.4600671984659422258867052892
ETH-USD,2026-08-30T18:39:24.10725Z,2515.62,2515.68,0.06,2515.65,-0.4597411780123848620144091194
ETH-USD,2026-08-30T18:39:24.179928Z,2515.62,2515.68,0.06,2515.65,-0.4597411780123848620144091194
ETH-USD,2026-08-30T18:39:24.231244Z,2515.62,2515.68,0.06,2515.65,-0.4271328481937031988672839015
ETH-USD,2026-08-30T18:39:24.255811Z,2515.62,2515.68,0.06,2515.65,-0.4831794235019175719519958293
ETH-USD,2026-08-30T18:39:24.330174Z,2515.62,2515.68,0.06,2515.65,-0.4831794235019175719519958293
ETH-USD,2026-08-30T18:39:24.372966Z,2515.62,2515.68,0.06,2515.65,-0.4831794235019175719519958293
ETH-USD,2026-08-30T18:39:24.472429Z,2515.62,2515.68,0.06,2515.65,-0.4831794235019175719519958293
ETH-USD,2026-08-30T18:39:24.531243Z,2515.64,2515.68,0.04,2515.66,-0.007730948357864462811674827079
ETH-USD,2026-08-30T18:39:24.555741Z,2515.61,2515.68,0.07,2515.645,-0.007730948357864462811674827079
ETH-USD,2026-08-30T18:39:24.673895Z,2515.61,2515.68,0.07,2515.645,-0.007730948357864462811674827079
ETH-USD,2026-08-30T18:39:24.774648Z,2515.61,2515.68,0.07,2515.645,-0.007730948357864462811674827079
ETH-USD,2026-08-30T18:39:24.809851Z,2515.61,2515.68,0.07,2515.645,-0.007730948357864462811674827079
ETH-USD,2026-08-30T18:39:24.84258Z,2515.61,2515.68,0.07,2515.645,-0.007730948357864462811674827079
ETH-USD,2026-08-30T18:39:24.929847Z,2515.65,2515.68,0.03,2515.665,-0.007730948357864462811674827079
ETH-USD,2026-08-30T18:39:24.981162Z,2515.65,2515.68,0.03,2515.665,-0.007525721359193651939597782155
ETH-USD,2026-08-30T18:39:25.023807Z,2515.64,2515.68,0.04,2515.66,-0.04733585788051089117877314099
ETH-USD,2026-08-30T18:39:25.03026Z,2515.61,2515.68,0.07,2515.645,-0.007525721359193651939597782155
ETH-USD,2026-08-30T18:39:25.120729Z,2515.61,2515.68,0.07,2515.645,-0.007525721359193651939597782155
ETH-USD,2026-08-30T18:39:25.175067Z,2515.61,2515.68,0.07,2515.645,-0.007525721359193651939597782155
ETH-USD,2026-08-30T18:39:25.188187Z,2515.61,2515.68,0.07,2515.645,-0.007473604107415622389648490688
ETH-USD,2026-08-30T18:39:25.268276Z,2515.61,2515.68,0.07,2515.645,-0.007473604107415622389648490688
ETH-USD,2026-08-30T18:39:25.295831Z,2515.61,2515.68,0.07,2515.645,-0.007679124667688294240703487765
ETH-USD,2026-08-30T18:39:25.372538Z,2515.61,2515.68,0.07,2515.645,-0.007679124667688294240703487765
ETH-USD,2026-08-30T18:39:25.400769Z,2515.67,2515.68,0.01,2515.675,-0.2873747570627524036348785384
ETH-USD,2026-08-30T18:39:25.468224Z,2515.67,2515.68,0.01,2515.675,-0.2686983591574979825066124057
ETH-USD,2026-08-30T18:39:25.529481Z,2515.67,2515.68,0.01,2515.675,0.004139694479925776871215621788
ETH-USD,2026-08-30T18:39:25.575232Z,2515.67,2515.68,0.01,2515.675,0.004139694479925776871215621788
ETH-USD,2026-08-30T18:39:25.599514Z,2515.67,2515.68,0.01,2515.675,0.004139694479925776871215621788
ETH-USD,2026-08-30T18:39:25.672105Z,2515.67,2515.68,0.01,2515.675,0.004139694479925776871215621788
ETH-USD,2026-08-30T18:39:25.780059Z,2515.67,2515.68,0.01,2515.675,0.004139694479925776871215621788
ETH-USD,2026-08-30T18:39:25.807658Z,2515.67,2515.68,0.01,2515.675,-0.09713392527689505067846204286
ETH-USD,2026-08-30T18:39:25.868683Z,2515.61,2515.68,0.07,2515.645,-0.007676876416323219583494528896
ETH-USD,2026-08-30T18:39:25.914902Z,2515.61,2515.68,0.07,2515.645,-0.007676876416323219583494528896
ETH-USD,2026-08-30T18:39:25.972634Z,2515.61,2515.68,0.07,2515.645,-0.007676876416323219583494528896
ETH-USD,2026-08-30T18:39:26.010789Z,2515.61,2515.68,0.07,2515.645,-0.007676876416323219583494528896
ETH-USD,2026-08-30T18:39:26.077771Z,2515.63,2515.68,0.05,2515.655,0.01519099025660392250796695699
ETH-USD,2026-08-30T18:39:26.10505Z,2515.63,2515.67,0.04,2515.65,0.04298232286490340951246466473
ETH-USD,2026-08-30T18:39:26.168742Z,2515.61,2515.66,0.05,2515.635,0.1517807936600345285026902316
ETH-USD,2026-08-30T18:39:26.193057Z,2515.64,2515.66,0.02,2515.65,-0.1341906190375399343620107022
ETH-USD,2026-08-30T18:39:26.298881Z,2515.65,2515.66,0.01,2515.655,0.1517807936600345285026902316
ETH-USD,2026-08-30T18:39:26.348431Z,2515.65,2515.66,0.01,2515.655,0.04298463253546192166125430660
ETH-USD,2026-08-30T18:39:26.425276Z,2515.61,2515.66,0.05,2515.635,0.1517807936600345285026902316
ETH-USD,2026-08-30T18:39:26.475381Z,2515.61,2515.66,0.05,2515.635,0.1518353547491745759553676167
ETH-USD,2026-08-30T18:39:26.500539Z,2515.61,2515.66,0.05,2515.635,0.1518353547491745759553676167
ETH-USD,2026-08-30T18:39:26.580169Z,2515.61,2515.66,0.05,2515.635,0.1518353547491745759553676167
ETH-USD,2026-08-30T18:39:26.675352Z,2515.63,2515.66,0.03,2515.645,0.04298463378325499639486164507
ETH-USD,2026-08-30T18:39:26.728536Z,2515.63,2515.66,0.03,2515.645,0.04298463378325499639486164507
ETH-USD,2026-08-30T18:39:26.779413Z,2515.63,2515.66,0.03,2515.645,0.04324977789183006213572138256
ETH-USD,2026-08-30T18:39:26.789793Z,2515.63,2515.66,0.03,2515.645,0.04324977789183006213572138256
ETH-USD,2026-08-30T18:39:26.872566Z,2515.61,2515.66,0.05,2515.635,0.1520380349841703411517865149
ETH-USD,2026-08-30T18:39:26.929625Z,2515.63,2515.66,0.03,2515.645,0.04324977789183006213572138256
ETH-USD,2026-08-30T18:39:26.955375Z,2515.63,2515.66,0.03,2515.645,0.04324977789183006213572138256
ETH-USD,2026-08-30T18:39:27.017055Z,2515.64,2515.66,0.02,2515.65,0.1437941288394345309799538015
ETH-USD,2026-08-30T18:39:27.07301Z,2515.65,2515.66,0.01,2515.655,-0.1341838190876163662146813996
ETH-USD,2026-08-30T18:39:27.117726Z,2515.65,2515.66,0.01,2515.655,0.1517810918072882463006926774
ETH-USD,2026-08-30T18:39:27.169107Z,2515.65,2515.66,0.01,2515.655,0.04298725304764493868378751925
ETH-USD,2026-08-30T18:39:27.22734Z,2515.65,2515.66,0.01,2515.655,0.04298725304764493868378751925
ETH-USD,2026-08-30T18:39:27.254708Z,2515.61,2515.66,0.05,2515.635,0.1518392841015919478658123464
ETH-USD,2026-08-30T18:39:27.320671Z,2515.61,2515.66,0.05,2515.635,0.1518392841015919478658123464
ETH-USD,2026-08-30T18:39:27.375728Z,2515.61,2515.66,0.05,2515.635,0.1518392841015919478658123464
ETH-USD,2026-08-30T18:39:27.425432Z,2515.65,2515.66,0.01,2515.655,-0.2920441008482695350069652615
ETH-USD,2026-08-30T18:39:27.456603Z,2515.65,2515.66,0.01,2515.655,0.05648424743726284097711997697
ETH-USD,2026-08-30T18:39:27.482645Z,2515.65,2515.66,0.01,2515.655,0.05655624822207328513340129676
ETH-USD,2026-08-30T18:39:27.565064Z,2515.65,2515.66,0.01,2515.655,0.1435958727491584571883055455
ETH-USD,2026-08-30T18:39:27.673842Z,2515.65,2515.66,0.01,2515.655,0.2318176084676531473027368782
ETH-USD,2026-08-30T18:39:27.726223Z,2515.65,2515.66,0.01,2515.655,0.2318176084676531473027368782
ETH-USD,2026-08-30T18:39:27.774858Z,2515.65,2515.66,0.01,2515.655,0.2318176084676531473027368782
ETH-USD,2026-08-30T18:39:27.828678Z,2515.65,2515.66,0.01,2515.655,0.2318176084676531473027368782
ETH-USD,2026-08-30T18:39:27.875097Z,2515.65,2515.66,0.01,2515.655,0.2318176084676531473027368782
ETH-USD,2026-08-30T18:39:27.917131Z,2515.65,2515.66,0.01,2515.655,0.2318176084676531473027368782
ETH-USD,2026-08-30T18:39:27.972741Z,2515.65,2515.66,0.01,2515.655,0.2318176084676531473027368782
ETH-USD,2026-08-30T18:39:28.01745Z,2515.65,2515.66,0.01,2515.655,0.2318176084676531473027368782
ETH-USD,2026-08-30T18:39:28.068019Z,2515.65,2515.66,0.01,2515.655,0.2318176084676531473027368782
ETH-USD,2026-08-30T18:39:28.073261Z,2515.65,2515.66,0.01,2515.655,0.2318176084676531473027368782
ETH-USD,2026-08-30T18:39:28.155498Z,2515.65,2515.66,0.01,2515.655,0.04298956020025422536668988687
ETH-USD,2026-08-30T18:39:28.206412Z,2515.61,2515.66,0.05,2515.635,0.1517810918072882463006926774
ETH-USD,2026-08-30T18:39:28.272103Z,2515.61,2515.66,0.05,2515.635,0.1518411207666611641356740066
ETH-USD,2026-08-30T18:39:28.300899Z,2515.61,2515.66,0.05,2515.635,0.1518411207666611641356740066
ETH-USD,2026-08-30T18:39:28.381683Z,2515.61,2515.66,0.05,2515.635,0.1518411207666611641356740066
ETH-USD,2026-08-30T18:39:28.475506Z,2515.63,2515.66,0.03,2515.645,-0.03751477969252828619649623241
ETH-USD,2026-08-30T18:39:28.526961Z,2515.65,2515.66,0.01,2515.655,0.05648424743726284097711997697
ETH-USD,2026-08-30T18:39:28.575934Z,2515.65,2515.66,0.01,2515.655,0.05656078595292556249032506479
ETH-USD,2026-08-30T18:39:28.671998Z,2515.65,2515.66,0.01,2515.655,0.05656078595292556249032506479
ETH-USD,2026-08-30T18:39:28.874734Z,2515.65,2515.66,0.01,2515.655,0.05656078595292556249032506479
ETH-USD,2026-08-30T18:39:28.984148Z,2515.65,2515.66,0.01,2515.655,0.05564544365008605194844210222
ETH-USD,2026-08-30T18:39:29.030764Z,2515.65,2515.66,0.01,2515.655,0.05564544365008605194844210222
ETH-USD,2026-08-30T18:39:29.055862Z,2515.65,2515.66,0.01,2515.655,0.05564544365008605194844210222
ETH-USD,2026-08-30T18:39:29.168546Z,2515.65,2515.66,0.01,2515.655,0.05564544365008605194844210222
ETH-USD,2026-08-30T18:39:29.174352Z,2515.65,2515.66,0.01,2515.655,0.05564544365008605194844210222
ETH-USD,2026-08-30T18:39:29.26743Z,2515.65,2515.66,0.01,2515.655,0.04299422937393156202218614490
ETH-USD,2026-08-30T18:39:29.312319Z,2515.65,2515.66,0.01,2515.655,0.05656529696224354447617834727
ETH-USD,2026-08-30T18:39:29.364641Z,2515.65,2515.66,0.01,2515.655,-0.2920271320524223314584770471
ETH-USD,2026-08-30T18:39:29.407758Z,2515.65,2515.66,0.01,2515.655,0.05648424743726284097711997697
ETH-USD,2026-08-30T18:39:29.474606Z,2515.65,2515.66,0.01,2515.655,0.04299886980364459135360771315
ETH-USD,2026-08-30T18:39:29.526923Z,2515.61,2515.66,0.05,2515.635,0.1517810918072882463006926774
ETH-USD,2026-08-30T18:39:29.553656Z,2515.61,2515.66,0.05,2515.635,0.1518465964119514187715249646
ETH-USD,2026-08-30T18:39:29.608433Z,2515.61,2515.66,0.05,2515.635,0.1518465964119514187715249646
ETH-USD,2026-08-30T18:39:29.678305Z,2515.65,2515.66,0.01,2515.655,-0.02011471233566441028855339891
ETH-USD,2026-08-30T18:39:29.728472Z,2515.61,2515.65,0.04,2515.63,0.07613871082127142212930833805
ETH-USD,2026-08-30T18:39:29.778003Z,2515.61,2515.65,0.04,2515.63,0.07613871082127142212930833805
ETH-USD,2026-08-30T18:39:29.81671Z,2515.61,2515.62,0.01,2515.615,-0.1129873933228358233934960030
ETH-USD,2026-08-30T18:39:29.877567Z,2515.61,2515.62,0.01,2515.615,-0.1129873933228358233934960030
ETH-USD,2026-08-30T18:39:30.026733Z,2515.61,2515.62,0.01,2515.615,-0.1129873933228358233934960030
ETH-USD,2026-08-30T18:39:30.072529Z,2515.61,2515.62,0.01,2515.615,-0.1129873933228358233934960030
ETH-USD,2026-08-30T18:39:30.127515Z,2515.61,2515.62,0.01,2515.615,-0.1129873933228358233934960030
ETH-USD,2026-08-30T18:39:30.171646Z,2515.61,2515.62,0.01,2515.615,-0.1129873933228358233934960030
ETH-USD,2026-08-30T18:39:30.270154Z,2515.61,2515.62,0.01,2515.615,-0.1129873933228358233934960030
ETH-USD,2026-08-30T18:39:30.310082Z,2515.61,2515.62,0.01,2515.615,-0.1054991563113260328642347356
ETH-USD,2026-08-30T18:39:30.369658Z,2515.61,2515.62,0.01,2515.615,-0.1054991563113260328642347356
ETH-USD,2026-08-30T18:39:30.383437Z,2515.61,2515.62,0.01,2515.615,-0.1054991563113260328642347356
ETH-USD,2026-08-30T18:39:30.467173Z,2515.61,2515.62,0.01,2515.615,-0.1054991563113260328642347356
ETH-USD,2026-08-30T18:39:30.510581Z,2515.61,2515.62,0.01,2515.615,0.006157762159734890203931132116
ETH-USD,2026-08-30T18:39:30.562279Z,2515.61,2515.62,0.01,2515.615,-0.1054991563113260328642347356
ETH-USD,2026-08-30T18:39:30.667157Z,2515.61,2515.62,0.01,2515.615,-0.1054991563113260328642347356
ETH-USD,2026-08-30T18:39:30.723147Z,2515.61,2515.62,0.01,2515.615,-0.1054991563113260328642347356
ETH-USD,2026-08-30T18:39:30.76985Z,2515.61,2515.62,0.01,2515.615,-0.1189417762224362881010623379
ETH-USD,2026-08-30T18:39:30.79286Z,2515.61,2515.62,0.01,2515.615,-0.2598688325429589300977510323
ETH-USD,2026-08-30T18:39:30.853151Z,2515.61,2515.62,0.01,2515.615,-0.2598688325429589300977510323
ETH-USD,2026-08-30T18:39:30.977044Z,2515.6,2515.61,0.01,2515.605,-0.1041518735045156828902968673
ETH-USD,2026-08-30T18:39:31.018072Z,2515.6,2515.61,0.01,2515.605,-0.1041518735045156828902968673
ETH-USD,2026-08-30T18:39:31.074487Z,2515.6,2515.61,0.01,2515.605,-0.01546306159825928584487586095
ETH-USD,2026-08-30T18:39:31.14369Z,2515.6,2515.61,0.01,2515.605,0.01981184094463833871040112120
ETH-USD,2026-08-30T18:39:31.268295Z,2515.6,2515.62,0.02,2515.61,0.02823571421814899001635886397
ETH-USD,2026-08-30T18:39:31.274163Z,2515.6,2515.62,0.02,2515.61,0.02823571421814899001635886397
ETH-USD,2026-08-30T18:39:31.313892Z,2515.6,2515.62,0.02,2515.61,0.02024192194674585982487312517
ETH-USD,2026-08-30T18:39:31.3673Z,2515.6,2515.62,0.02,2515.61,-0.09154928780710502913018904597
ETH-USD,2026-08-30T18:39:31.381951Z,2515.6,2515.62,0.02,2515.61,-0.09154928780710502913018904597
ETH-USD,2026-08-30T18:39:31.458632Z,2515.6,2515.62,0.02,2515.61,-0.09154928780710502913018904597
ETH-USD,2026-08-30T18:39:31.530089Z,2515.6,2515.62,0.02,2515.61,-0.09154928780710502913018904597
ETH-USD,2026-08-30T18:39:31.575308Z,2515.6,2515.62,0.02,2515.61,-0.09154928780710502913018904597
ETH-USD,2026-08-30T18:39:31.66096Z,2515.6,2515.62,0.02,2515.61,-0.09154928780710502913018904597
ETH-USD,2026-08-30T18:39:31.672488Z,2515.6,2515.62,0.02,2515.61,-0.09154928780710502913018904597
ETH-USD,2026-08-30T18:39:31.701622Z,2515.6,2515.62,0.02,2515.61,-0.09154928780710502913018904597
ETH-USD,2026-08-30T18:39:31.793199Z,2515.6,2515.62,0.02,2515.61,0.02024192194674585982487312517
ETH-USD,2026-08-30T18:39:31.865426Z,2515.6,2515.62,0.02,2515.61,-0.09154928780710502913018904597
ETH-USD,2026-08-30T18:39:31.870479Z,2515.6,2515.62,0.02,2515.61,-0.09154928780710502913018904597
ETH-USD,2026-08-30T18:39:31.973381Z,2515.6,2515.62,0.02,2515.61,-0.09154928780710502913018904597
ETH-USD,2026-08-30T18:39:32.015953Z,2515.6,2515.62,0.02,2515.61,0.04870588677357012321428634355
ETH-USD,2026-08-30T18:39:32.033096Z,2515.6,2515.61,0.01,2515.605,-0.4239436422060567298184374374
ETH-USD,2026-08-30T18:39:32.048001Z,2515.6,2515.61,0.01,2515.605,-0.01371795725676723825320412255
ETH-USD,2026-08-30T18:39:32.15992Z,2515.6,2515.61,0.01,2515.605,-0.01371795725676723825320412255
ETH-USD,2026-08-30T18:39:32.256254Z,2515.61,2515.62,0.01,2515.615,0.02256992707156903393652962972
ETH-USD,2026-08-30T18:39:32.299204Z,2515.61,2515.62,0.01,2515.615,0.02256992707156903393652962972
ETH-USD,2026-08-30T18:39:32.360092Z,2515.61,2515.62,0.01,2515.615,0.02256992707156903393652962972
ETH-USD,2026-08-30T18:39:32.423438Z,2515.61,2515.62,0.01,2515.615,0.1338173433652843593426851906
ETH-USD,2026-08-30T18:39:32.476694Z,2515.61,2515.62,0.01,2515.615,0.02256992707156903393652962972
ETH-USD,2026-08-30T18:39:32.517184Z,2515.61,2515.62,0.01,2515.615,-0.08955593666163933287282507956
ETH-USD,2026-08-30T18:39:32.572877Z,2515.61,2515.62,0.01,2515.615,-0.08955593666163933287282507956
ETH-USD,2026-08-30T18:39:32.631844Z,2515.61,2515.62,0.01,2515.615,-0.08955593666163933287282507956
ETH-USD,2026-08-30T18:39:32.679248Z,2515.61,2515.62,0.01,2515.615,-0.08955593666163933287282507956
ETH-USD,2026-08-30T18:39:32.784268Z,2515.61,2515.62,0.01,2515.615,-0.08955593666163933287282507956
ETH-USD,2026-08-30T18:39:32.831588Z,2515.61,2515.62,0.01,2515.615,-0.08955593666163933287282507956
ETH-USD,2026-08-30T18:39:32.871404Z,2515.61,2515.62,0.01,2515.615,-0.08955593666163933287282507956
ETH-USD,2026-08-30T18:39:32.934437Z,2515.61,2515.62,0.01,2515.615,-0.08955593666163933287282507956
ETH-USD,2026-08-30T18:39:33.019467Z,2515.61,2515.62,0.01,2515.615,-0.08955593666163933287282507956
ETH-USD,2026-08-30T18:39:33.075049Z,2515.61,2515.62,0.01,2515.615,-0.08955593666163933287282507956
ETH-USD,2026-08-30T18:39:33.089971Z,2515.61,2515.62,0.01,2515.615,-0.08955593666163933287282507956
ETH-USD,2026-08-30T18:39:33.174367Z,2515.61,2515.62,0.01,2515.615,-0.08955593666163933287282507956
ETH-USD,2026-08-30T18:39:33.230671Z,2515.61,2515.62,0.01,2515.615,-0.08955593666163933287282507956
ETH-USD,2026-08-30T18:39:33.235473Z,2515.61,2515.62,0.01,2515.615,-0.08955593666163933287282507956
ETH-USD,2026-08-30T18:39:33.2983Z,2515.61,2515.62,0.01,2515.615,-0.08955593666163933287282507956
ETH-USD,2026-08-30T18:39:33.373672Z,2515.61,2515.62,0.01,2515.615,-0.08955593666163933287282507956
ETH-USD,2026-08-30T18:39:33.399955Z,2515.61,2515.62,0.01,2515.615,-0.08955593666163933287282507956
ETH-USD,2026-08-30T18:39:33.471603Z,2515.61,2515.62,0.01,2515.615,-0.08955593666163933287282507956
ETH-USD,2026-08-30T18:39:33.504552Z,2515.61,2515.62,0.01,2515.615,-0.08955593666163933287282507956
ETH-USD,2026-08-30T18:39:33.680804Z,2515.61,2515.62,0.01,2515.615,-0.08955593666163933287282507956
ETH-USD,2026-08-30T18:39:33.716123Z,2515.61,2515.62,0.01,2515.615,0.02225084601803577040884866187
ETH-USD,2026-08-30T18:39:33.772629Z,2515.61,2515.62,0.01,2515.615,-0.08955593666163933287282507956
ETH-USD,2026-08-30T18:39:33.823575Z,2515.61,2515.62,0.01,2515.615,-0.08955593666163933287282507956
ETH-USD,2026-08-30T18:39:33.828577Z,2515.61,2515.62,0.01,2515.615,-0.08955593666163933287282507956
ETH-USD,2026-08-30T18:39:33.889012Z,2515.61,2515.62,0.01,2515.615,-0.08955593666163933287282507956
ETH-USD,2026-08-30T18:39:33.975063Z,2515.61,2515.62,0.01,2515.615,-0.08955593666163933287282507956
ETH-USD,2026-08-30T18:39:34.012384Z,2515.61,2515.62,0.01,2515.615,-0.08955593666163933287282507956
ETH-USD,2026-08-30T18:39:34.072381Z,2515.61,2515.62,0.01,2515.615,-0.08955593666163933287282507956
ETH-USD,2026-08-30T18:39:34.19339Z,2515.61,2515.62,0.01,2515.615,-0.08955593666163933287282507956
ETH-USD,2026-08-30T18:39:34.277198Z,2515.61,2515.62,0.01,2515.615,-0.08955593666163933287282507956
ETH-USD,2026-08-30T18:39:34.297398Z,2515.61,2515.62,0.01,2515.615,-0.08955593666163933287282507956
ETH-USD,2026-08-30T18:39:34.375376Z,2515.61,2515.62,0.01,2515.615,-0.08955593666163933287282507956
ETH-USD,2026-08-30T18:39:34.446679Z,2515.61,2515.62,0.01,2515.615,-0.08955593666163933287282507956
ETH-USD,2026-08-30T18:39:34.575539Z,2515.61,2515.62,0.01,2515.615,-0.08955593666163933287282507956
ETH-USD,2026-08-30T18:39:34.671968Z,2515.61,2515.62,0.01,2515.615,-0.08955593666163933287282507956
ETH-USD,2026-08-30T18:39:34.726069Z,2515.61,2515.62,0.01,2515.615,0.02225084601803577040884866187
ETH-USD,2026-08-30T18:39:34.743418Z,2515.61,2515.62,0.01,2515.615,-0.08955593666163933287282507956
ETH-USD,2026-08-30T18:39:34.874922Z,2515.61,2515.62,0.01,2515.615,-0.08955593666163933287282507956
ETH-USD,2026-08-30T18:39:34.926622Z,2515.61,2515.62,0.01,2515.615,-0.1668376877440486691699039720
ETH-USD,2026-08-30T18:39:34.967639Z,2515.61,2515.62,0.01,2515.615,-0.1668376877440486691699039720
ETH-USD,2026-08-30T18:39:35.016093Z,2515.65,2515.66,0.01,2515.655,0.1583267407351302909091674001
ETH-USD,2026-08-30T18:39:35.071115Z,2516.03,2516.04,0.01,2516.035,-0.02191895928200025635226887940
ETH-USD,2026-08-30T18:39:35.108578Z,2515.89,2516.04,0.15,2515.965,0.4252363075804969659448558872
ETH-USD,2026-08-30T18:39:35.165847Z,2515.89,2516.24,0.35,2516.065,0.4405792743235750481947927214
ETH-USD,2026-08-30T18:39:35.215898Z,2515.89,2516.14,0.25,2516.015,0.3724284772669048591039980535
ETH-USD,2026-08-30T18:39:35.269395Z,2516.02,2516.14,0.12,2516.08,0.1607664314335536457919236920
ETH-USD,2026-08-30T18:39:35.312266Z,2515.89,2516.12,0.23,2516.005,0.3108960300989194822129107842
ETH-USD,2026-08-30T18:39:35.37348Z,2515.9,2516.07,0.17,2515.985,0.08958828604238771536614995808
ETH-USD,2026-08-30T18:39:35.415469Z,2515.9,2516.07,0.17,2515.985,0.3657078506665278474407811680
ETH-USD,2026-08-30T18:39:35.46851Z,2515.91,2516.07,0.16,2515.99,0.5260331163803398820901361081
ETH-USD,2026-08-30T18:39:35.519335Z,2516.01,2516.02,0.01,2516.015,0.5380181939642931425641072861
ETH-USD,2026-08-30T18:39:35.578747Z,2516.01,2516.02,0.01,2516.015,0.4766135741071944105564058485
ETH-USD,2026-08-30T18:39:35.614399Z,2516.01,2516.02,0.01,2516.015,0.4753157293618102505316175734
ETH-USD,2026-08-30T18:39:35.665596Z,2516.01,2516.02,0.01,2516.015,0.4753157293618102505316175734
ETH-USD,2026-08-30T18:39:35.703072Z,2516.01,2516.02,0.01,2516.015,0.4005348109421410774603154114
ETH-USD,2026-08-30T18:39:35.771786Z,2515.97,2516.11,0.14,2516.04,0.4953058916327942733055759367
ETH-USD,2026-08-30T18:39:35.831798Z,2515.86,2516.11,0.25,2515.985,0.4953058916327942733055759367
ETH-USD,2026-08-30T18:39:35.864106Z,2515.87,2516.11,0.24,2515.99,0.6762577281978963637980648992
ETH-USD,2026-08-30T18:39:35.930009Z,2515.88,2516.11,0.23,2515.995,0.6045954396139576568680078349
ETH-USD,2026-08-30T18:39:35.968389Z,2515.88,2516.11,0.23,2515.995,0.6045954396139576568680078349
ETH-USD,2026-08-30T18:39:36.024693Z,2515.88,2516.02,0.14,2515.95,0.3052591003267800076853767788
ETH-USD,2026-08-30T18:39:36.073798Z,2515.88,2516.02,0.14,2515.95,0.3052591003267800076853767788
ETH-USD,2026-08-30T18:39:36.123439Z,2515.88,2516.02,0.14,2515.95,0.3052591003267800076853767788
ETH-USD,2026-08-30T18:39:36.15442Z,2515.94,2516.02,0.08,2515.98,0.2246054917065291967768386150
ETH-USD,2026-08-30T18:39:36.213489Z,2515.94,2516.02,0.08,2515.98,0.3051910355664573785236626739
ETH-USD,2026-08-30T18:39:36.23662Z,2515.94,2516.02,0.08,2515.98,0.2246054898435788647023387679
ETH-USD,2026-08-30T18:39:36.374826Z,2515.97,2515.98,0.01,2515.975,0.1080515849050387988963211109
ETH-USD,2026-08-30T18:39:36.408502Z,2515.97,2515.98,0.01,2515.975,0.1080515849050387988963211109
ETH-USD,2026-08-30T18:39:36.472392Z,2515.97,2515.98,0.01,2515.975,0.3734022518734553270618707898
ETH-USD,2026-08-30T18:39:36.486275Z,2515.97,2515.98,0.01,2515.975,0.3734587377394090648217910379
ETH-USD,2026-08-30T18:39:36.572949Z,2515.97,2515.98,0.01,2515.975,0.3112413814132032827761754387
ETH-USD,2026-08-30T18:39:36.613468Z,2515.97,2515.98,0.01,2515.975,0.3112413814132032827761754387
ETH-USD,2026-08-30T18:39:36.664216Z,2515.97,2515.98,0.01,2515.975,0.3112413814132032827761754387
ETH-USD,2026-08-30T18:39:36.671217Z,2515.97,2515.98,0.01,2515.975,0.3112413814132032827761754387
ETH-USD,2026-08-30T18:39:36.761202Z,2515.97,2515.98,0.01,2515.975,0.3112413814132032827761754387
ETH-USD,2026-08-30T18:39:36.766887Z,2515.97,2515.98,0.01,2515.975,0.3112413814132032827761754387
ETH-USD,2026-08-30T18:39:36.882196Z,2515.97,2515.98,0.01,2515.975,0.3112413814132032827761754387
ETH-USD,2026-08-30T18:39:36.892782Z,2515.97,2515.98,0.01,2515.975,0.3112413814132032827761754387
ETH-USD,2026-08-30T18:39:36.973941Z,2515.97,2515.98,0.01,2515.975,0.3112413814132032827761754387
ETH-USD,2026-08-30T18:39:37.012358Z,2515.97,2515.98,0.01,2515.975,0.3041291260448288344992571764
ETH-USD,2026-08-30T18:39:37.070994Z,2515.97,2515.98,0.01,2515.975,0.3041291260448288344992571764
ETH-USD,2026-08-30T18:39:37.161119Z,2515.97,2515.98,0.01,2515.975,0.3041291260448288344992571764
ETH-USD,2026-08-30T18:39:37.168009Z,2515.97,2515.98,0.01,2515.975,0.4745589039283395406180265244
ETH-USD,2026-08-30T18:39:37.25981Z,2515.97,2515.98,0.01,2515.975,0.3120524706608845112040830988
ETH-USD,2026-08-30T18:39:37.31287Z,2515.97,2515.98,0.01,2515.975,0.2693207366495360467648471485
ETH-USD,2026-08-30T18:39:37.372509Z,2515.97,2515.98,0.01,2515.975,0.2693207366495360467648471485
ETH-USD,2026-08-30T18:39:37.404349Z,2515.97,2515.98,0.01,2515.975,0.06313234883165967357817341770
ETH-USD,2026-08-30T18:39:37.479009Z,2515.97,2515.98,0.01,2515.975,0.06313234883165967357817341770
ETH-USD,2026-08-30T18:39:37.523368Z,2515.97,2515.98,0.01,2515.975,0.06857782461045930268465958524
ETH-USD,2026-08-30T18:39:37.576012Z,2515.97,2515.98,0.01,2515.975,0.06857782461045930268465958524
ETH-USD,2026-08-30T18:39:37.667416Z,2515.97,2515.98,0.01,2515.975,0.06857782461045930268465958524
ETH-USD,2026-08-30T18:39:37.726056Z,2515.97,2515.98,0.01,2515.975,0.06857782461045930268465958524
ETH-USD,2026-08-30T18:39:37.798894Z,2515.97,2515.98,0.01,2515.975,0.06313317664120911276039238292
ETH-USD,2026-08-30T18:39:37.874823Z,2515.97,2515.98,0.01,2515.975,0.06313317664120911276039238292
ETH-USD,2026-08-30T18:39:37.907341Z,2515.97,2515.98,0.01,2515.975,0.06313317664120911276039238292
ETH-USD,2026-08-30T18:39:37.970174Z,2515.97,2515.98,0.01,2515.975,0.1769088123001774893273998943
ETH-USD,2026-08-30T18:39:38.032058Z,2515.97,2515.98,0.01,2515.975,0.1767165136078516688532050692
ETH-USD,2026-08-30T18:39:38.070418Z,2515.97,2515.98,0.01,2515.975,0.1767165136078516688532050692
ETH-USD,2026-08-30T18:39:38.123638Z,2515.97,2515.98,0.01,2515.975,0.07444729472432723645795686327
ETH-USD,2026-08-30T18:39:38.168272Z,2515.97,2515.98,0.01,2515.975,0.2531932032420706569605715207
ETH-USD,2026-08-30T18:39:38.218238Z,2515.97,2515.98,0.01,2515.975,0.2965274574683261084358822915
ETH-USD,2026-08-30T18:39:38.273215Z,2515.97,2515.98,0.01,2515.975,0.2965274574683261084358822915
ETH-USD,2026-08-30T18:39:38.331147Z,2515.97,2515.98,0.01,2515.975,0.3638885582173509141336673038
ETH-USD,2026-08-30T18:39:38.338572Z,2515.97,2515.98,0.01,2515.975,0.3619012961183130917730850082
ETH-USD,2026-08-30T18:39:38.390413Z,2515.97,2515.98,0.01,2515.975,0.3619012961183130917730850082
ETH-USD,2026-08-30T18:39:38.484119Z,2515.97,2515.98,0.01,2515.975,0.3619012961183130917730850082
ETH-USD,2026-08-30T18:39:38.508598Z,2515.97,2515.98,0.01,2515.975,0.3619012961183130917730850082
ETH-USD,2026-08-30T18:39:38.574795Z,2515.97,2515.98,0.01,2515.975,0.2194636296208831425307574751
ETH-USD,2026-08-30T18:39:38.631085Z,2515.97,2515.98,0.01,2515.975,0.2194636296208831425307574751
ETH-USD,2026-08-30T18:39:38.666286Z,2515.97,2515.98,0.01,2515.975,0.1367517207589501549923710362
ETH-USD,2026-08-30T18:39:38.719625Z,2515.97,2515.98,0.01,2515.975,-0.6405464610665090850296967937
ETH-USD,2026-08-30T18:39:38.760197Z,2515.6,2515.81,0.21,2515.705,0.04908794934651914894584040429
ETH-USD,2026-08-30T18:39:38.823962Z,2515.74,2515.75,0.01,2515.745,-0.04850307501739103072327916800
ETH-USD,2026-08-30T18:39:38.870997Z,2515.75,2515.76,0.01,2515.755,0.07310445597346640238538381289
ETH-USD,2026-08-30T18:39:38.910433Z,2515.75,2515.76,0.01,2515.755,0.5057394638241100099941244038
ETH-USD,2026-08-30T18:39:38.976276Z,2515.75,2515.76,0.01,2515.755,0.5638110274589276152829017575
ETH-USD,2026-08-30T18:39:39.013883Z,2515.6,2515.76,0.16,2515.68,0.4975514413728325820283494274
ETH-USD,2026-08-30T18:39:39.068403Z,2515.75,2515.76,0.01,2515.755,0.4700071838986043197611944595
ETH-USD,2026-08-30T18:39:39.153071Z,2515.75,2515.76,0.01,2515.755,0.4700071818598971987874221144
ETH-USD,2026-08-30T18:39:39.168691Z,2515.75,2515.76,0.01,2515.755,0.4700071818598971987874221144
ETH-USD,2026-08-30T18:39:39.243079Z,2515.75,2515.76,0.01,2515.755,0.4700071818598971987874221144
ETH-USD,2026-08-30T18:39:39.321625Z,2515.75,2515.76,0.01,2515.755,0.5638110274589276152829017575
ETH-USD,2026-08-30T18:39:39.390141Z,2515.6,2515.76,0.16,2515.68,0.5041995112337252392218758863
ETH-USD,2026-08-30T18:39:39.433185Z,2515.6,2515.76,0.16,2515.68,0.5041995112337252392218758863
ETH-USD,2026-08-30T18:39:39.47705Z,2515.71,2515.76,0.05,2515.735,0.1687162338040331995330316163
ETH-USD,2026-08-30T18:39:39.520213Z,2515.72,2515.76,0.04,2515.74,0.1985025358901712024686656015
ETH-USD,2026-08-30T18:39:39.556503Z,2515.72,2515.76,0.04,2515.74,0.2430463602562860814037182173
ETH-USD,2026-08-30T18:39:39.631685Z,2515.72,2515.76,0.04,2515.74,0.2430463567289741281973437945
ETH-USD,2026-08-30T18:39:39.668379Z,2515.72,2515.76,0.04,2515.74,0.2430463567289741281973437945
ETH-USD,2026-08-30T18:39:39.70247Z,2515.75,2515.76,0.01,2515.755,0.2429729681216951512792687590
ETH-USD,2026-08-30T18:39:39.816Z,2515.75,2515.76,0.01,2515.755,0.2900635745000578416203899125
ETH-USD,2026-08-30T18:39:39.883924Z,2515.75,2515.76,0.01,2515.755,0.2900635745000578416203899125
ETH-USD,2026-08-30T18:39:39.975736Z,2515.75,2515.76,0.01,2515.755,0.2900635745000578416203899125
ETH-USD,2026-08-30T18:39:40.014485Z,2515.75,2515.76,0.01,2515.755,0.2900635745000578416203899125
ETH-USD,2026-08-30T18:39:40.084096Z,2515.75,2515.76,0.01,2515.755,0.2466096300925674251200071712
ETH-USD,2026-08-30T18:39:40.096551Z,2515.75,2515.76,0.01,2515.755,0.2466096300925674251200071712
ETH-USD,2026-08-30T18:39:40.236736Z,2515.75,2515.76,0.01,2515.755,0.1525783118017418116291631782
ETH-USD,2026-08-30T18:39:40.278625Z,2515.75,2515.76,0.01,2515.755,0.2466083134303542089023212877
ETH-USD,2026-08-30T18:39:40.323851Z,2515.75,2515.76,0.01,2515.755,0.2466083134303542089023212877
ETH-USD,2026-08-30T18:39:40.372432Z,2515.75,2515.76,0.01,2515.755,0.2466083134303542089023212877
ETH-USD,2026-08-30T18:39:40.457368Z,2515.75,2515.76,0.01,2515.755,0.2466083134303542089023212877
ETH-USD,2026-08-30T18:39:40.579072Z,2515.75,2515.76,0.01,2515.755,0.2466083134303542089023212877
ETH-USD,2026-08-30T18:39:40.680986Z,2515.75,2515.76,0.01,2515.755,0.2466083134303542089023212877
ETH-USD,2026-08-30T18:39:40.735249Z,2515.75,2515.76,0.01,2515.755,0.2466083134303542089023212877
ETH-USD,2026-08-30T18:39:40.78443Z,2515.75,2515.76,0.01,2515.755,-0.1756942072624159463674033662
ETH-USD,2026-08-30T18:39:40.79305Z,2515.75,2515.76,0.01,2515.755,-0.1756942072624159463674033662
ETH-USD,2026-08-30T18:39:40.875659Z,2515.75,2515.76,0.01,2515.755,-0.1756942072624159463674033662
ETH-USD,2026-08-30T18:39:40.921106Z,2515.75,2515.76,0.01,2515.755,-0.1756942072624159463674033662
ETH-USD,2026-08-30T18:39:40.975291Z,2515.75,2515.76,0.01,2515.755,-0.1756942072624159463674033662
ETH-USD,2026-08-30T18:39:41.024183Z,2515.75,2515.76,0.01,2515.755,-0.1756942072624159463674033662
ETH-USD,2026-08-30T18:39:41.064018Z,2515.75,2515.76,0.01,2515.755,-0.1756942072624159463674033662
ETH-USD,2026-08-30T18:39:41.168435Z,2515.75,2515.76,0.01,2515.755,-0.1756942072624159463674033662
ETH-USD,2026-08-30T18:39:41.174627Z,2515.75,2515.76,0.01,2515.755,-0.1756942072624159463674033662
ETH-USD,2026-08-30T18:39:41.275567Z,2515.75,2515.76,0.01,2515.755,-0.1756942072624159463674033662
ETH-USD,2026-08-30T18:39:41.40718Z,2515.75,2515.76,0.01,2515.755,-0.1756942072624159463674033662
ETH-USD,2026-08-30T18:39:41.474387Z,2515.75,2515.76,0.01,2515.755,-0.1756942072624159463674033662
ETH-USD,2026-08-30T18:39:41.57378Z,2515.75,2515.76,0.01,2515.755,-0.1756942072624159463674033662
ETH-USD,2026-08-30T18:39:41.778636Z,2515.75,2515.76,0.01,2515.755,-0.1756942072624159463674033662
ETH-USD,2026-08-30T18:39:41.789089Z,2515.75,2515.76,0.01,2515.755,-0.1756942072624159463674033662
ETH-USD,2026-08-30T18:39:41.871926Z,2515.75,2515.76,0.01,2515.755,-0.1756942072624159463674033662
ETH-USD,2026-08-30T18:39:42.030073Z,2515.75,2515.76,0.01,2515.755,-0.1756942072624159463674033662
ETH-USD,2026-08-30T18:39:42.069699Z,2515.75,2515.76,0.01,2515.755,-0.1756942072624159463674033662
ETH-USD,2026-08-30T18:39:42.108136Z,2515.75,2515.76,0.01,2515.755,-0.3739883658756525394400828059
ETH-USD,2026-08-30T18:39:42.113388Z,2515.75,2515.76,0.01,2515.755,-0.3739883658756525394400828059
ETH-USD,2026-08-30T18:39:42.182752Z,2515.6,2515.76,0.16,2515.68,0.2222011376388006525199711069
ETH-USD,2026-08-30T18:39:42.265125Z,2515.6,2515.74,0.14,2515.67,0.2900682560573167520334629529
ETH-USD,2026-08-30T18:39:42.32627Z,2515.73,2515.74,0.01,2515.735,-0.1758905485256930950223408365
ETH-USD,2026-08-30T18:39:42.375064Z,2515.73,2515.74,0.01,2515.735,-0.1756736262612188927274272697
ETH-USD,2026-08-30T18:39:42.42504Z,2515.73,2515.74,0.01,2515.735,-0.1756736262612188927274272697
ETH-USD,2026-08-30T18:39:42.472077Z,2515.73,2515.74,0.01,2515.735,-0.2067129390532775779177272801
ETH-USD,2026-08-30T18:39:42.515193Z,2515.73,2515.74,0.01,2515.735,-0.2067129390532775779177272801
ETH-USD,2026-08-30T18:39:42.65336Z,2515.73,2515.74,0.01,2515.735,-0.2067129390532775779177272801
ETH-USD,2026-08-30T18:39:42.672925Z,2515.73,2515.74,0.01,2515.735,-0.2067129390532775779177272801
ETH-USD,2026-08-30T18:39:42.775343Z,2515.73,2515.74,0.01,2515.735,-0.2067129390532775779177272801
ETH-USD,2026-08-30T18:39:42.875765Z,2515.73,2515.74,0.01,2515.735,-0.2067129390532775779177272801
ETH-USD,2026-08-30T18:39:42.931902Z,2515.73,2515.74,0.01,2515.735,-0.2067129390532775779177272801
ETH-USD,2026-08-30T18:39:42.970811Z,2515.73,2515.74,0.01,2515.735,-0.2067129390532775779177272801
ETH-USD,2026-08-30T18:39:43.03028Z,2515.73,2515.74,0.01,2515.735,-0.2067129390532775779177272801
ETH-USD,2026-08-30T18:39:43.072312Z,2515.73,2515.74,0.01,2515.735,-0.2067129390532775779177272801
ETH-USD,2026-08-30T18:39:43.121952Z,2515.73,2515.74,0.01,2515.735,0.2788686690551973037094707324
ETH-USD,2026-08-30T18:39:43.196706Z,2515.73,2515.74,0.01,2515.735,0.2788686690551973037094707324
ETH-USD,2026-08-30T18:39:43.275132Z,2515.73,2515.74,0.01,2515.735,0.2788686690551973037094707324
ETH-USD,2026-08-30T18:39:43.372773Z,2515.73,2515.74,0.01,2515.735,0.2788686690551973037094707324
ETH-USD,2026-08-30T18:39:43.469592Z,2515.73,2515.74,0.01,2515.735,0.2788686690551973037094707324
ETH-USD,2026-08-30T18:39:43.521966Z,2515.73,2515.74,0.01,2515.735,0.2788686690551973037094707324
ETH-USD,2026-08-30T18:39:43.570295Z,2515.73,2515.74,0.01,2515.735,0.2788686690551973037094707324
ETH-USD,2026-08-30T18:39:43.669494Z,2515.73,2515.74,0.01,2515.735,0.2788686690551973037094707324
ETH-USD,2026-08-30T18:39:43.874744Z,2515.73,2515.74,0.01,2515.735,0.2788686690551973037094707324
ETH-USD,2026-08-30T18:39:43.97283Z,2515.73,2515.74,0.01,2515.735,0.2788686690551973037094707324
ETH-USD,2026-08-30T18:39:44.017589Z,2515.73,2515.74,0.01,2515.735,0.2788686690551973037094707324
ETH-USD,2026-08-30T18:39:44.071421Z,2515.73,2515.74,0.01,2515.735,-0.1559928700554235989077726332
ETH-USD,2026-08-30T18:39:44.093617Z,2515.73,2515.74,0.01,2515.735,-0.1021717870765043731370627418
ETH-USD,2026-08-30T18:39:44.175539Z,2515.73,2515.74,0.01,2515.735,-0.1021717870765043731370627418
ETH-USD,2026-08-30T18:39:44.278173Z,2515.73,2515.74,0.01,2515.735,-0.1021717870765043731370627418
ETH-USD,2026-08-30T18:39:44.30143Z,2515.73,2515.74,0.01,2515.735,-0.1021717870765043731370627418
ETH-USD,2026-08-30T18:39:44.476392Z,2515.73,2515.74,0.01,2515.735,-0.1021717870765043731370627418
ETH-USD,2026-08-30T18:39:44.574891Z,2515.73,2515.74,0.01,2515.735,-0.1021717870765043731370627418
ETH-USD,2026-08-30T18:39:44.628703Z,2515.73,2515.74,0.01,2515.735,-0.1021717870765043731370627418
ETH-USD,2026-08-30T18:39:44.776476Z,2515.73,2515.74,0.01,2515.735,-0.1021717870765043731370627418
ETH-USD,2026-08-30T18:39:44.87313Z,2515.73,2515.74,0.01,2515.735,-0.1021717870765043731370627418
ETH-USD,2026-08-30T18:39:44.925525Z,2515.73,2515.74,0.01,2515.735,-0.3789643692676155838884127647
ETH-USD,2026-08-30T18:39:44.986669Z,2515.73,2515.74,0.01,2515.735,-0.3789643692676155838884127647
ETH-USD,2026-08-30T18:39:45.013911Z,2515.73,2515.74,0.01,2515.735,-0.1243406864361271497233618655
ETH-USD,2026-08-30T18:39:45.068177Z,2515.65,2515.74,0.09,2515.695,-0.1546533797552248010419756009
ETH-USD,2026-08-30T18:39:45.135871Z,2515.62,2515.74,0.12,2515.68,-0.1546533797552248010419756009
ETH-USD,2026-08-30T18:39:45.160431Z,2515.62,2515.74,0.12,2515.68,0.1187297483233380245191006018
ETH-USD,2026-08-30T18:39:45.165782Z,2515.62,2515.74,0.12,2515.68,0.04819348650152555876286282359
ETH-USD,2026-08-30T18:39:45.262758Z,2515.63,2515.74,0.11,2515.685,-0.1229544780326274047637564588
ETH-USD,2026-08-30T18:39:45.299961Z,2515.67,2515.73,0.06,2515.70,-0.1111217948367639935638927618
ETH-USD,2026-08-30T18:39:45.375591Z,2515.67,2515.73,0.06,2515.70,-0.1111217948367639935638927618
ETH-USD,2026-08-30T18:39:45.423498Z,2515.61,2515.72,0.11,2515.665,0.1568113739135722701391963417
ETH-USD,2026-08-30T18:39:45.470824Z,2515.61,2515.72,0.11,2515.665,0.1568113739135722701391963417
ETH-USD,2026-08-30T18:39:45.533134Z,2515.61,2515.72,0.11,2515.665,0.1568113739135722701391963417
ETH-USD,2026-08-30T18:39:45.537952Z,2515.61,2515.72,0.11,2515.665,0.1568113739135722701391963417
ETH-USD,2026-08-30T18:39:45.618561Z,2515.65,2515.72,0.07,2515.685,0.1566889828161409869641413249
ETH-USD,2026-08-30T18:39:45.672694Z,2515.65,2515.72,0.07,2515.685,-0.1111186578860293711649345221
ETH-USD,2026-08-30T18:39:45.712993Z,2515.7,2515.72,0.02,2515.71,-0.1222272394565081240100695198
ETH-USD,2026-08-30T18:39:45.774376Z,2515.71,2515.72,0.01,2515.715,-0.1111186629320485012556055316
ETH-USD,2026-08-30T18:39:45.872692Z,2515.61,2515.72,0.11,2515.665,0.1566889828161409869641413249
ETH-USD,2026-08-30T18:39:45.886682Z,2515.71,2515.72,0.01,2515.715,-0.1111155360909794080239898121
ETH-USD,2026-08-30T18:39:45.973448Z,2515.71,2515.72,0.01,2515.715,-0.1111155360909794080239898121
ETH-USD,2026-08-30T18:39:46.017077Z,2515.61,2515.72,0.11,2515.665,0.1566889828161409869641413249
ETH-USD,2026-08-30T18:39:46.065252Z,2515.65,2515.72,0.07,2515.685,-0.1415518057106217313682414221
ETH-USD,2026-08-30T18:39:46.115629Z,2515.65,2515.72,0.07,2515.685,0.1263786694794714919503186397
ETH-USD,2026-08-30T18:39:46.174229Z,2515.65,2515.72,0.07,2515.685,-0.1415518090484221607399572701
ETH-USD,2026-08-30T18:39:46.272616Z,2515.65,2515.72,0.07,2515.685,-0.03720445153749023586541247910
ETH-USD,2026-08-30T18:39:46.327939Z,2515.62,2515.72,0.10,2515.67,0.07130056656357898483990165589
ETH-USD,2026-08-30T18:39:46.381443Z,2515.62,2515.72,0.10,2515.67,0.1698185363323316641346064456
ETH-USD,2026-08-30T18:39:46.423589Z,2515.62,2515.71,0.09,2515.665,0.09696481322477339010975498650
ETH-USD,2026-08-30T18:39:46.472825Z,2515.62,2515.7,0.08,2515.66,0.09696481322477339010975498650
ETH-USD,2026-08-30T18:39:46.510679Z,2515.62,2515.7,0.08,2515.66,0.09696481322477339010975498650
ETH-USD,2026-08-30T18:39:46.574498Z,2515.62,2515.7,0.08,2515.66,0.09696481322477339010975498650
ETH-USD,2026-08-30T18:39:46.690439Z,2515.62,2515.7,0.08,2515.66,0.09696481322477339010975498650
ETH-USD,2026-08-30T18:39:46.730279Z,2515.66,2515.7,0.04,2515.68,-0.05915457796574864481767000853
ETH-USD,2026-08-30T18:39:46.754806Z,2515.67,2515.7,0.03,2515.685,-0.2174387353783190272371186484
ETH-USD,2026-08-30T18:39:46.82633Z,2515.67,2515.7,0.03,2515.685,-0.2174387394169151385229389290
ETH-USD,2026-08-30T18:39:46.87447Z,2515.67,2515.7,0.03,2515.685,-0.2174387394169151385229389290
ETH-USD,2026-08-30T18:39:46.918409Z,2515.61,2515.7,0.09,2515.655,0.09682029405818440362041685878
ETH-USD,2026-08-30T18:39:46.977396Z,2515.61,2515.7,0.09,2515.655,0.09696686746610710211120818235
ETH-USD,2026-08-30T18:39:47.018146Z,2515.61,2515.7,0.09,2515.655,0.09696686746610710211120818235
ETH-USD,2026-08-30T18:39:47.105123Z,2515.61,2515.7,0.09,2515.655,0.09696686746610710211120818235
ETH-USD,2026-08-30T18:39:47.172562Z,2515.61,2515.7,0.09,2515.655,0.09696686746610710211120818235
ETH-USD,2026-08-30T18:39:47.232386Z,2515.61,2515.7,0.09,2515.655,0.09696686746610710211120818235
ETH-USD,2026-08-30T18:39:47.273106Z,2515.61,2515.7,0.09,2515.655,0.09696686746610710211120818235
ETH-USD,2026-08-30T18:39:47.330758Z,2515.61,2515.7,0.09,2515.655,0.09696686746610710211120818235
ETH-USD,2026-08-30T18:39:47.383927Z,2515.61,2515.7,0.09,2515.655,0.09696686746610710211120818235
ETH-USD,2026-08-30T18:39:47.390701Z,2515.61,2515.7,0.09,2515.655,0.09696686746610710211120818235
ETH-USD,2026-08-30T18:39:47.473669Z,2515.61,2515.7,0.09,2515.655,0.09696686746610710211120818235
ETH-USD,2026-08-30T18:39:47.522442Z,2515.61,2515.7,0.09,2515.655,0.09696686746610710211120818235
ETH-USD,2026-08-30T18:39:47.567663Z,2515.61,2515.7,0.09,2515.655,0.09696686746610710211120818235
ETH-USD,2026-08-30T18:39:47.579097Z,2515.61,2515.7,0.09,2515.655,0.09696686746610710211120818235
ETH-USD,2026-08-30T18:39:47.742521Z,2515.64,2515.7,0.06,2515.67,-0.05915175204067892262541861585
ETH-USD,2026-08-30T18:39:47.802256Z,2515.65,2515.7,0.05,2515.675,-0.2174350017076770759983979600
ETH-USD,2026-08-30T18:39:47.882308Z,2515.65,2515.7,0.05,2515.675,-0.2174274940498793149070015164
ETH-USD,2026-08-30T18:39:47.929695Z,2515.65,2515.7,0.05,2515.675,-0.2174274940498793149070015164
ETH-USD,2026-08-30T18:39:47.983189Z,2515.61,2515.7,0.09,2515.655,0.09682029405818440362041685878
ETH-USD,2026-08-30T18:39:48.026286Z,2515.61,2515.7,0.09,2515.655,0.09697100036248559584375965079
ETH-USD,2026-08-30T18:39:48.072807Z,2515.61,2515.7,0.09,2515.655,0.09697100036248559584375965079
ETH-USD,2026-08-30T18:39:48.161929Z,2515.61,2515.7,0.09,2515.655,0.08488537257689713532189530444
ETH-USD,2026-08-30T18:39:48.214392Z,2515.36,2515.6,0.24,2515.48,0.5223172333112628984494159806
ETH-USD,2026-08-30T18:39:48.255034Z,2515.4,2515.6,0.2,2515.5,0.1605476394511993890479748672
ETH-USD,2026-08-30T18:39:48.281002Z,2515.4,2515.59,0.19,2515.495,0.2542718200525686832514218554
ETH-USD,2026-08-30T18:39:48.3714Z,2515.4,2515.57,0.17,2515.485,0.4811779837082343046225106469
ETH-USD,2026-08-30T18:39:48.387246Z,2515.4,2515.57,0.17,2515.485,0.4811779837082343046225106469
ETH-USD,2026-08-30T18:39:48.468014Z,2515.4,2515.57,0.17,2515.485,0.2321912054117549713989710042
ETH-USD,2026-08-30T18:39:48.530592Z,2515.4,2515.57,0.17,2515.485,0.1837538398249103051410474186
ETH-USD,2026-08-30T18:39:48.583118Z,2515.4,2515.57,0.17,2515.485,0.4458087665959816011208728608
ETH-USD,2026-08-30T18:39:48.629157Z,2515.56,2515.57,0.01,2515.565,0.04824929609704006846019541178
ETH-USD,2026-08-30T18:39:48.671337Z,2515.56,2515.57,0.01,2515.565,0.02172821175411010902656215035
ETH-USD,2026-08-30T18:39:48.726788Z,2515.56,2515.57,0.01,2515.565,0.02172821175411010902656215035
ETH-USD,2026-08-30T18:39:48.777599Z,2515.56,2515.57,0.01,2515.565,0.008545455925677373712970967291
ETH-USD,2026-08-30T18:39:48.801165Z,2515.57,2515.58,0.01,2515.575,0.02124611672156453953121200231
ETH-USD,2026-08-30T18:39:48.870834Z,2515.57,2515.58,0.01,2515.575,0.02124611672156453953121200231
ETH-USD,2026-08-30T18:39:48.905238Z,2515.57,2515.58,0.01,2515.575,0.008063171469299706474853263348
ETH-USD,2026-08-30T18:39:48.977682Z,2515.57,2515.58,0.01,2515.575,0.008063171469299706474853263348
ETH-USD,2026-08-30T18:39:49.020417Z,2515.57,2515.58,0.01,2515.575,0.008063171469299706474853263348
ETH-USD,2026-08-30T18:39:49.073455Z,2515.57,2515.58,0.01,2515.575,0.008063171469299706474853263348
ETH-USD,2026-08-30T18:39:49.16098Z,2515.57,2515.58,0.01,2515.575,0.008063171469299706474853263348
ETH-USD,2026-08-30T18:39:49.217201Z,2515.57,2515.58,0.01,2515.575,0.008063171469299706474853263348
ETH-USD,2026-08-30T18:39:49.277967Z,2515.57,2515.58,0.01,2515.575,0.05863550979625372964341887360
ETH-USD,2026-08-30T18:39:49.329541Z,2515.57,2515.58,0.01,2515.575,0.05863550979625372964341887360
ETH-USD,2026-08-30T18:39:49.373869Z,2515.57,2515.58,0.01,2515.575,0.1809470768887567181678577801
ETH-USD,2026-08-30T18:39:49.43161Z,2515.57,2515.58,0.01,2515.575,0.1809470768887567181678577801
ETH-USD,2026-08-30T18:39:49.435912Z,2515.57,2515.58,0.01,2515.575,0.1809470768887567181678577801
ETH-USD,2026-08-30T18:39:49.577641Z,2515.57,2515.58,0.01,2515.575,0.1809470768887567181678577801
ETH-USD,2026-08-30T18:39:49.688105Z,2515.57,2515.58,0.01,2515.575,0.1809470768887567181678577801
ETH-USD,2026-08-30T18:39:49.781636Z,2515.57,2515.58,0.01,2515.575,0.1832146673101245589217466168
ETH-USD,2026-08-30T18:39:49.79958Z,2515.57,2515.58,0.01,2515.575,0.3574998648802797262038766608
ETH-USD,2026-08-30T18:39:49.878194Z,2515.57,2515.58,0.01,2515.575,0.3574998648802797262038766608
ETH-USD,2026-08-30T18:39:49.893225Z,2515.57,2515.58,0.01,2515.575,0.3574998648802797262038766608
ETH-USD,2026-08-30T18:39:49.976842Z,2515.57,2515.58,0.01,2515.575,0.3574998648802797262038766608
ETH-USD,2026-08-30T18:39:50.019741Z,2515.57,2515.58,0.01,2515.575,0.3574998648802797262038766608
ETH-USD,2026-08-30T18:39:50.080692Z,2515.57,2515.58,0.01,2515.575,0.3574998648802797262038766608
ETH-USD,2026-08-30T18:39:50.086532Z,2515.57,2515.58,0.01,2515.575,0.3574998648802797262038766608
ETH-USD,2026-08-30T18:39:50.174966Z,2515.57,2515.58,0.01,2515.575,0.3574998648802797262038766608
ETH-USD,2026-08-30T18:39:50.227907Z,2515.57,2515.58,0.01,2515.575,0.3574998648802797262038766608
ETH-USD,2026-08-30T18:39:50.271781Z,2515.57,2515.58,0.01,2515.575,0.3574998648802797262038766608
ETH-USD,2026-08-30T18:39:50.382201Z,2515.57,2515.58,0.01,2515.575,0.3574998648802797262038766608
ETH-USD,2026-08-30T18:39:50.425618Z,2515.57,2515.58,0.01,2515.575,0.3575019348573838622098159583
ETH-USD,2026-08-30T18:39:50.48409Z,2515.57,2515.58,0.01,2515.575,0.3575019348573838622098159583
ETH-USD,2026-08-30T18:39:50.489697Z,2515.57,2515.58,0.01,2515.575,0.3575019348573838622098159583
ETH-USD,2026-08-30T18:39:50.573552Z,2515.57,2515.58,0.01,2515.575,0.3575019348573838622098159583
ETH-USD,2026-08-30T18:39:50.62209Z,2515.57,2515.58,0.01,2515.575,0.3575019348573838622098159583
ETH-USD,2026-08-30T18:39:50.66324Z,2515.57,2515.58,0.01,2515.575,0.3575019348573838622098159583
ETH-USD,2026-08-30T18:39:50.668065Z,2515.57,2515.58,0.01,2515.575,0.3575019348573838622098159583
ETH-USD,2026-08-30T18:39:50.774392Z,2515.57,2515.58,0.01,2515.575,0.3581517620913452189295284755
ETH-USD,2026-08-30T18:39:50.871354Z,2515.57,2515.58,0.01,2515.575,0.3581500410087115333349598524
ETH-USD,2026-08-30T18:39:51.017984Z,2515.57,2515.58,0.01,2515.575,0.3581500410087115333349598524
ETH-USD,2026-08-30T18:39:51.074975Z,2515.57,2515.58,0.01,2515.575,0.3574997436763050885566974030
ETH-USD,2026-08-30T18:39:51.132061Z,2515.57,2515.58,0.01,2515.575,0.3574997436763050885566974030
ETH-USD,2026-08-30T18:39:51.172752Z,2515.57,2515.58,0.01,2515.575,0.3574997436763050885566974030
ETH-USD,2026-08-30T18:39:51.368004Z,2515.57,2515.58,0.01,2515.575,0.3574997436763050885566974030
ETH-USD,2026-08-30T18:39:51.373313Z,2515.57,2515.58,0.01,2515.575,0.3574997436763050885566974030
ETH-USD,2026-08-30T18:39:51.473593Z,2515.57,2515.58,0.01,2515.575,0.3574997436763050885566974030
ETH-USD,2026-08-30T18:39:51.527495Z,2515.57,2515.58,0.01,2515.575,0.4040194361742607296299096642
ETH-USD,2026-08-30T18:39:51.686112Z,2515.57,2515.58,0.01,2515.575,0.3980937089799250344582614477
ETH-USD,2026-08-30T18:39:51.697728Z,2515.57,2515.58,0.01,2515.575,0.3980937089799250344582614477
ETH-USD,2026-08-30T18:39:51.775752Z,2515.57,2515.58,0.01,2515.575,0.3980937089799250344582614477
ETH-USD,2026-08-30T18:39:51.812647Z,2515.57,2515.58,0.01,2515.575,0.3575000003435711102094968743
ETH-USD,2026-08-30T18:39:51.849945Z,2515.57,2515.58,0.01,2515.575,0.3575000003435711102094968743
ETH-USD,2026-08-30T18:39:51.978258Z,2515.57,2515.58,0.01,2515.575,0.3575000003435711102094968743
ETH-USD,2026-08-30T18:39:52.02176Z,2515.57,2515.58,0.01,2515.575,0.3575000003435711102094968743
ETH-USD,2026-08-30T18:39:52.073898Z,2515.57,2515.58,0.01,2515.575,0.3575000003435711102094968743
ETH-USD,2026-08-30T18:39:52.117434Z,2515.57,2515.58,0.01,2515.575,0.3575000003435711102094968743
ETH-USD,2026-08-30T18:39:52.20215Z,2515.57,2515.58,0.01,2515.575,0.3575000003435711102094968743
ETH-USD,2026-08-30T18:39:52.254265Z,2515.55,2515.58,0.03,2515.565,0.3024885480309336302498928025
ETH-USD,2026-08-30T18:39:52.303096Z,2515.55,2515.58,0.03,2515.565,0.3024885480309336302498928025
ETH-USD,2026-08-30T18:39:52.375349Z,2515.57,2515.58,0.01,2515.575,0.03011957326798021455460206068
ETH-USD,2026-08-30T18:39:52.400848Z,2515.57,2515.58,0.01,2515.575,-0.0003802950976977080142741085969
ETH-USD,2026-08-30T18:39:52.487974Z,2515.57,2515.58,0.01,2515.575,-0.0003802950976977080142741085969
ETH-USD,2026-08-30T18:39:52.574976Z,2515.57,2515.58,0.01,2515.575,-0.0003802950976977080142741085969
ETH-USD,2026-08-30T18:39:52.62906Z,2515.57,2515.58,0.01,2515.575,-0.0003802950976977080142741085969
ETH-USD,2026-08-30T18:39:52.672871Z,2515.57,2515.58,0.01,2515.575,-0.0003802950976977080142741085969
ETH-USD,2026-08-30T18:39:52.715684Z,2515.57,2515.58,0.01,2515.575,-0.0003802950976977080142741085969
ETH-USD,2026-08-30T18:39:52.822717Z,2515.55,2515.58,0.03,2515.565,0.09521728531756122271231982573
ETH-USD,2026-08-30T18:39:52.87507Z,2515.55,2515.58,0.03,2515.565,0.1397598753957059362362414620
ETH-USD,2026-08-30T18:39:52.906064Z,2515.55,2515.58,0.03,2515.565,0.04372129852014964556845401520
ETH-USD,2026-08-30T18:39:52.972916Z,2515.55,2515.58,0.03,2515.565,0.04372129852014964556845401520
ETH-USD,2026-08-30T18:39:53.014068Z,2515.55,2515.58,0.03,2515.565,0.04372129852014964556845401520
ETH-USD,2026-08-30T18:39:53.066263Z,2515.55,2515.58,0.03,2515.565,0.04372129852014964556845401520
ETH-USD,2026-08-30T18:39:53.191681Z,2515.55,2515.58,0.03,2515.565,0.04372129852014964556845401520
ETH-USD,2026-08-30T18:39:53.268681Z,2515.55,2515.58,0.03,2515.565,0.04372129852014964556845401520
ETH-USD,2026-08-30T18:39:53.33262Z,2515.55,2515.58,0.03,2515.565,0.04372129852014964556845401520
ETH-USD,2026-08-30T18:39:53.36885Z,2515.55,2515.58,0.03,2515.565,0.04372129852014964556845401520
ETH-USD,2026-08-30T18:39:53.474972Z,2515.55,2515.58,0.03,2515.565,0.04372129852014964556845401520
ETH-USD,2026-08-30T18:39:53.530188Z,2515.55,2515.56,0.01,2515.555,0.1890300243456673683875553642
ETH-USD,2026-08-30T18:39:53.534743Z,2515.55,2515.56,0.01,2515.555,0.1890300243456673683875553642
ETH-USD,2026-08-30T18:39:53.631506Z,2515.55,2515.56,0.01,2515.555,0.1890300243456673683875553642
ETH-USD,2026-08-30T18:39:53.639177Z,2515.55,2515.56,0.01,2515.555,0.1890300243456673683875553642
ETH-USD,2026-08-30T18:39:53.773105Z,2515.55,2515.56,0.01,2515.555,0.1890300243456673683875553642
ETH-USD,2026-08-30T18:39:53.817616Z,2515.55,2515.56,0.01,2515.555,0.1890300243456673683875553642
ETH-USD,2026-08-30T18:39:53.892471Z,2515.55,2515.56,0.01,2515.555,0.1890300243456673683875553642
ETH-USD,2026-08-30T18:39:53.907169Z,2515.55,2515.56,0.01,2515.555,0.1890300243456673683875553642
ETH-USD,2026-08-30T18:39:53.952036Z,2515.55,2515.56,0.01,2515.555,0.1890300243456673683875553642
ETH-USD,2026-08-30T18:39:54.021999Z,2515.55,2515.56,0.01,2515.555,0.1890300243456673683875553642
ETH-USD,2026-08-30T18:39:54.072298Z,2515.55,2515.56,0.01,2515.555,-0.06681699206439974787822477879
ETH-USD,2026-08-30T18:39:54.116082Z,2515.31,2515.45,0.14,2515.38,-0.05370880069468001499627002771
ETH-USD,2026-08-30T18:39:54.164277Z,2515.22,2515.5,0.28,2515.36,-0.2393727231660480157473391816
ETH-USD,2026-08-30T18:39:54.217339Z,2515.4,2515.41,0.01,2515.405,-0.04822780750011069881041592186
ETH-USD,2026-08-30T18:39:54.255125Z,2515.4,2515.41,0.01,2515.405,-0.04810690489232630421081769865
ETH-USD,2026-08-30T18:39:54.290998Z,2515.39,2515.41,0.02,2515.40,-0.05372242420439845909751756767
ETH-USD,2026-08-30T18:39:54.368436Z,2515.39,2515.41,0.02,2515.40,-0.05372242420439845909751756767
ETH-USD,2026-08-30T18:39:54.403094Z,2515.39,2515.41,0.02,2515.40,-0.05372242420439845909751756767
ETH-USD,2026-08-30T18:39:54.475433Z,2515.39,2515.41,0.02,2515.40,-0.05372242420439845909751756767
ETH-USD,2026-08-30T18:39:54.523227Z,2515.45,2515.46,0.01,2515.455,0.01983701111673128468850633872
ETH-USD,2026-08-30T18:39:54.573637Z,2515.34,2515.46,0.12,2515.40,-0.05342413498371986624061125023
ETH-USD,2026-08-30T18:39:54.625194Z,2515.35,2515.46,0.11,2515.405,0.1000286747815989262808203996
ETH-USD,2026-08-30T18:39:54.668449Z,2515.35,2515.46,0.11,2515.405,0.1870918431999334743975717482
ETH-USD,2026-08-30T18:39:54.723452Z,2515.35,2515.46,0.11,2515.405,0.1870918431999334743975717482
ETH-USD,2026-08-30T18:39:54.772443Z,2515.35,2515.46,0.11,2515.405,0.1870918431999334743975717482
ETH-USD,2026-08-30T18:39:54.833732Z,2515.35,2515.46,0.11,2515.405,0.1870918431999334743975717482
ETH-USD,2026-08-30T18:39:54.849198Z,2515.35,2515.46,0.11,2515.405,0.1870918431999334743975717482
ETH-USD,2026-08-30T18:39:54.91683Z,2515.35,2515.46,0.11,2515.405,0.1870918431999334743975717482
ETH-USD,2026-08-30T18:39:54.972707Z,2515.37,2515.45,0.08,2515.41,-0.1614152100016007639093025722
ETH-USD,2026-08-30T18:39:55.028633Z,2515.37,2515.45,0.08,2515.41,-0.1614152100016007639093025722
ETH-USD,2026-08-30T18:39:55.077433Z,2515.37,2515.45,0.08,2515.41,-0.1614152100016007639093025722
ETH-USD,2026-08-30T18:39:55.107681Z,2515.37,2515.44,0.07,2515.405,-0.1007688869538552053592488145
ETH-USD,2026-08-30T18:39:55.167715Z,2515.37,2515.44,0.07,2515.405,-0.1007688869538552053592488145
ETH-USD,2026-08-30T18:39:55.222005Z,2515.4,2515.44,0.04,2515.42,-0.1653384968757067345979132793
ETH-USD,2026-08-30T18:39:55.274868Z,2515.4,2515.44,0.04,2515.42,-0.1010984325360075594914597569
ETH-USD,2026-08-30T18:39:55.375455Z,2515.34,2515.44,0.10,2515.39,0.02367444272904371918059419747
ETH-USD,2026-08-30T18:39:55.38645Z,2515.35,2515.44,0.09,2515.395,-0.09708647075120023751145899598
ETH-USD,2026-08-30T18:39:55.464799Z,2515.35,2515.44,0.09,2515.395,-0.09708647075120023751145899598
ETH-USD,2026-08-30T18:39:55.529669Z,2515.35,2515.43,0.08,2515.39,-0.09255135050414805345363450022
ETH-USD,2026-08-30T18:39:55.573356Z,2515.35,2515.43,0.08,2515.39,-0.09255135050414805345363450022
ETH-USD,2026-08-30T18:39:55.593798Z,2515.38,2515.42,0.04,2515.40,0.03651858548797396514039551987
ETH-USD,2026-08-30T18:39:55.678814Z,2515.41,2515.42,0.01,2515.415,-0.3234758338105031797388341611
ETH-USD,2026-08-30T18:39:55.708793Z,2515.37,2515.42,0.05,2515.395,-0.02050250631354794953859773916
ETH-USD,2026-08-30T18:39:55.822981Z,2515.37,2515.42,0.05,2515.395,-0.02050250631354794953859773916
ETH-USD,2026-08-30T18:39:55.873917Z,2515.37,2515.42,0.05,2515.395,-0.02050250631354794953859773916
ETH-USD,2026-08-30T18:39:55.916331Z,2515.37,2515.42,0.05,2515.395,-0.02050250631354794953859773916
ETH-USD,2026-08-30T18:39:55.976902Z,2515.37,2515.42,0.05,2515.395,-0.02050250631354794953859773916
ETH-USD,2026-08-30T18:39:56.015413Z,2515.41,2515.42,0.01,2515.415,-0.2216888840749086674551965491
ETH-USD,2026-08-30T18:39:56.039726Z,2515.41,2515.42,0.01,2515.415,0.08439118070889449713359300110
ETH-USD,2026-08-30T18:39:56.128852Z,2515.38,2515.42,0.04,2515.40,-0.03154583893754319319125002722
ETH-USD,2026-08-30T18:39:56.151996Z,2515.41,2515.47,0.06,2515.44,-0.1633338254704198730435244457
ETH-USD,2026-08-30T18:39:56.170729Z,2515.42,2515.54,0.12,2515.48,-0.1176137888486160859973613687
ETH-USD,2026-08-30T18:39:56.2771Z,2515.3,2515.46,0.16,2515.38,-0.1026359455114300749192465124
ETH-USD,2026-08-30T18:39:56.384642Z,2515.41,2515.46,0.05,2515.435,-0.1129615104210552937381809053
ETH-USD,2026-08-30T18:39:56.415685Z,2515.41,2515.46,0.05,2515.435,-0.1200454617377644665929974159
ETH-USD,2026-08-30T18:39:56.448555Z,2515.33,2515.44,0.11,2515.385,-0.1783808872719402754933422723
ETH-USD,2026-08-30T18:39:56.503608Z,2515.33,2515.44,0.11,2515.385,-0.1783808872719402754933422723
ETH-USD,2026-08-30T18:39:56.565337Z,2515.34,2515.38,0.04,2515.36,-0.1031796573580272852925969641
ETH-USD,2026-08-30T18:39:56.603798Z,2515.34,2515.38,0.04,2515.36,-0.1407750502298986679584756310
ETH-USD,2026-08-30T18:39:56.655259Z,2515.25,2515.38,0.13,2515.315,-0.1031796573580272852925969641
ETH-USD,2026-08-30T18:39:56.774569Z,2515.21,2515.38,0.17,2515.295,0.2445579141450267045120770442
ETH-USD,2026-08-30T18:39:56.832159Z,2515.21,2515.38,0.17,2515.295,0.3757561504465101214160266200
ETH-USD,2026-08-30T18:39:56.883203Z,2515.24,2515.31,0.07,2515.275,-0.5053379301079029473838083780
ETH-USD,2026-08-30T18:39:56.929722Z,2515.21,2515.31,0.10,2515.26,-0.5053379301079029473838083780
ETH-USD,2026-08-30T18:39:56.976005Z,2515.21,2515.3,0.09,2515.255,-0.2076265535634988589428416500
ETH-USD,2026-08-30T18:39:57.019395Z,2515.21,2515.3,0.09,2515.255,-0.2076265535634988589428416500
ETH-USD,2026-08-30T18:39:57.079111Z,2515.21,2515.29,0.08,2515.25,-0.4790610919518708171753092447
ETH-USD,2026-08-30T18:39:57.12758Z,2515.2,2515.29,0.09,2515.245,-0.5490242847104684136477723932
ETH-USD,2026-08-30T18:39:57.177127Z,2515.2,2515.34,0.14,2515.27,-0.5005696942796349209893837303
ETH-USD,2026-08-30T18:39:57.22277Z,2515.2,2515.22,0.02,2515.21,-0.4712799497044846675652938333
ETH-USD,2026-08-30T18:39:57.277611Z,2515.2,2515.22,0.02,2515.21,-0.6863211681983626065628524961
ETH-USD,2026-08-30T18:39:57.298373Z,2515.2,2515.22,0.02,2515.21,-0.5255028564536540909647293475
ETH-USD,2026-08-30T18:39:57.38196Z,2515.2,2515.22,0.02,2515.21,-0.5255028564536540909647293475
ETH-USD,2026-08-30T18:39:57.424237Z,2515.2,2515.22,0.02,2515.21,-0.5255028564536540909647293475
ETH-USD,2026-08-30T18:39:57.468698Z,2515.2,2515.22,0.02,2515.21,-0.6022753668184865845636356474
ETH-USD,2026-08-30T18:39:57.518369Z,2515.2,2515.22,0.02,2515.21,-0.6022753668184865845636356474
ETH-USD,2026-08-30T18:39:57.58624Z,2515.2,2515.22,0.02,2515.21,-0.6022753668184865845636356474
ETH-USD,2026-08-30T18:39:57.630064Z,2515.2,2515.22,0.02,2515.21,-0.6022753668184865845636356474
ETH-USD,2026-08-30T18:39:57.666453Z,2515.2,2515.22,0.02,2515.21,-0.6022753668184865845636356474
ETH-USD,2026-08-30T18:39:57.731155Z,2515.2,2515.22,0.02,2515.21,-0.6039737225218231240469233748
ETH-USD,2026-08-30T18:39:57.781042Z,2515.2,2515.22,0.02,2515.21,-0.6039737225218231240469233748
ETH-USD,2026-08-30T18:39:57.823871Z,2515.2,2515.22,0.02,2515.21,-0.4923715669481360776932142988
ETH-USD,2026-08-30T18:39:57.832622Z,2515.2,2515.22,0.02,2515.21,-0.4923715669481360776932142988
ETH-USD,2026-08-30T18:39:57.899335Z,2515.2,2515.22,0.02,2515.21,-0.4923715669481360776932142988
ETH-USD,2026-08-30T18:39:57.968081Z,2515.2,2515.22,0.02,2515.21,-0.4923715669481360776932142988
ETH-USD,2026-08-30T18:39:57.987791Z,2515.2,2515.22,0.02,2515.21,-0.4923715669481360776932142988
ETH-USD,2026-08-30T18:39:58.072657Z,2515.2,2515.22,0.02,2515.21,-0.4923715669481360776932142988
ETH-USD,2026-08-30T18:39:58.117288Z,2515.2,2515.22,0.02,2515.21,-0.4923715669481360776932142988
ETH-USD,2026-08-30T18:39:58.275535Z,2515.2,2515.21,0.01,2515.205,-0.7783378235326248298418330290
ETH-USD,2026-08-30T18:39:58.314449Z,2515.2,2515.21,0.01,2515.205,-0.7783378235326248298418330290
ETH-USD,2026-08-30T18:39:58.368446Z,2515.2,2515.21,0.01,2515.205,-0.6824289395838362783243644550
ETH-USD,2026-08-30T18:39:58.43001Z,2514.86,2514.87,0.01,2514.865,-0.5258069987184337667382588141
ETH-USD,2026-08-30T18:39:58.4709Z,2514.8,2514.9,0.1,2514.85,-0.5023697776984113080131535448
ETH-USD,2026-08-30T18:39:58.51648Z,2514.73,2514.86,0.13,2514.795,0.4313795181415451490342972148
ETH-USD,2026-08-30T18:39:58.557709Z,2514.57,2514.86,0.29,2514.715,0.4724041593257823793621700363
ETH-USD,2026-08-30T18:39:58.633161Z,2514.73,2514.86,0.13,2514.795,0.2781572041746580604358135460
ETH-USD,2026-08-30T18:39:58.668243Z,2514.57,2514.86,0.29,2514.715,0.4420140596770209768624372596
ETH-USD,2026-08-30T18:39:58.742433Z,2514.73,2514.86,0.13,2514.795,0.2876066885631199044091908329
ETH-USD,2026-08-30T18:39:58.880833Z,2514.58,2514.86,0.28,2514.72,0.3735988556311762245064272322
ETH-USD,2026-08-30T18:39:58.9603Z,2514.72,2514.8,0.08,2514.76,0.2781988048641392264345836199
ETH-USD,2026-08-30T18:39:59.015596Z,2514.72,2514.8,0.08,2514.76,0.2781988048641392264345836199
ETH-USD,2026-08-30T18:39:59.060599Z,2514.58,2514.8,0.22,2514.69,0.4594225676794060214028631742
ETH-USD,2026-08-30T18:39:59.076654Z,2514.58,2514.8,0.22,2514.69,0.4594225676794060214028631742
ETH-USD,2026-08-30T18:39:59.164601Z,2514.71,2514.8,0.09,2514.755,0.09389669483248592146168351976
ETH-USD,2026-08-30T18:39:59.270956Z,2514.73,2514.8,0.07,2514.765,0.09389669483248592146168351976
ETH-USD,2026-08-30T18:39:59.301365Z,2514.73,2514.8,0.07,2514.765,0.09389669483248592146168351976
ETH-USD,2026-08-30T18:39:59.435643Z,2514.73,2514.8,0.07,2514.765,0.3402105327776441125376511597
ETH-USD,2026-08-30T18:39:59.468644Z,2514.73,2514.8,0.07,2514.765,-0.08867332654287125396856837318
ETH-USD,2026-08-30T18:39:59.495702Z,2514.73,2514.8,0.07,2514.765,-0.2398125216153190855640002440
ETH-USD,2026-08-30T18:39:59.565953Z,2514.73,2514.8,0.07,2514.765,-0.2398125216153190855640002440
ETH-USD,2026-08-30T18:39:59.593286Z,2514.73,2514.8,0.07,2514.765,-0.2398125216153190855640002440
ETH-USD,2026-08-30T18:39:59.664635Z,2514.73,2514.8,0.07,2514.765,-0.2398125216153190855640002440
ETH-USD,2026-08-30T18:39:59.69974Z,2514.68,2514.79,0.11,2514.735,-0.1702627558313751032744062262
ETH-USD,2026-08-30T18:39:59.750965Z,2514.69,2514.79,0.10,2514.74,0.07208081681281209231548432549
ETH-USD,2026-08-30T18:39:59.820676Z,2514.69,2514.77,0.08,2514.73,-0.04718766350890177023065098198
ETH-USD,2026-08-30T18:39:59.865809Z,2514.69,2514.77,0.08,2514.73,-0.04507199650633288524791036983
ETH-USD,2026-08-30T18:39:59.925323Z,2514.69,2514.75,0.06,2514.72,-0.04927299906564341932264720327
ETH-USD,2026-08-30T18:39:59.966668Z,2514.69,2514.75,0.06,2514.72,-0.05140570076159762247559228800
ETH-USD,2026-08-30T18:40:00.017949Z,2514.69,2514.74,0.05,2514.715,-0.05140570076159762247559228800
ETH-USD,2026-08-30T18:40:00.074904Z,2514.69,2514.74,0.05,2514.715,-0.05140570076159762247559228800
ETH-USD,2026-08-30T18:40:00.122904Z,2514.69,2514.74,0.05,2514.715,-0.05140570076159762247559228800
ETH-USD,2026-08-30T18:40:00.177961Z,2514.69,2514.74,0.05,2514.715,-0.05140570076159762247559228800
ETH-USD,2026-08-30T18:40:00.226489Z,2514.69,2514.74,0.05,2514.715,-0.05140324974200626624254368214
ETH-USD,2026-08-30T18:40:00.278401Z,2514.71,2514.74,0.03,2514.725,-0.05511034246998685638510779273
ETH-USD,2026-08-30T18:40:00.329639Z,2514.71,2514.74,0.03,2514.725,-0.05511034246998685638510779273
ETH-USD,2026-08-30T18:40:00.374502Z,2514.72,2514.74,0.02,2514.73,0.4760184632296916473199462905
ETH-USD,2026-08-30T18:40:00.412535Z,2514.72,2514.74,0.02,2514.73,-0.06491954594301639187092729211
ETH-USD,2026-08-30T18:40:00.456717Z,2514.7,2514.73,0.03,2514.715,0.1518826548129733495122892661
ETH-USD,2026-08-30T18:40:00.495201Z,2514.7,2514.73,0.03,2514.715,0.1334196316981670312919297563
ETH-USD,2026-08-30T18:40:00.577827Z,2514.71,2514.72,0.01,2514.715,0.1299926225653936324272136739
ETH-USD,2026-08-30T18:40:00.600479Z,2514.71,2514.72,0.01,2514.715,0.1299949180161049030454924805
ETH-USD,2026-08-30T18:40:00.669559Z,2514.71,2514.72,0.01,2514.715,-0.01992686981847797461140359340
ETH-USD,2026-08-30T18:40:00.731443Z,2514.71,2514.72,0.01,2514.715,-0.01992743240402359509625539059
ETH-USD,2026-08-30T18:40:00.774309Z,2514.71,2514.72,0.01,2514.715,-0.01992743240402359509625539059
ETH-USD,2026-08-30T18:40:00.880212Z,2514.71,2514.72,0.01,2514.715,-0.01992743240402359509625539059
ETH-USD,2026-08-30T18:40:00.923355Z,2514.71,2514.72,0.01,2514.715,-0.01992743240402359509625539059
ETH-USD,2026-08-30T18:40:00.969077Z,2514.71,2514.72,0.01,2514.715,-0.01992743240402359509625539059
ETH-USD,2026-08-30T18:40:01.024167Z,2514.71,2514.72,0.01,2514.715,-0.01992799499018985355053023809
ETH-USD,2026-08-30T18:40:01.071533Z,2514.71,2514.72,0.01,2514.715,0.09122045320652538058013015623
ETH-USD,2026-08-30T18:40:01.13353Z,2514.71,2514.72,0.01,2514.715,0.09122045320652538058013015623
ETH-USD,2026-08-30T18:40:01.166946Z,2514.71,2514.72,0.01,2514.715,0.09122045320652538058013015623
ETH-USD,2026-08-30T18:40:01.266618Z,2514.71,2514.72,0.01,2514.715,-0.003297983342492165812102744155
ETH-USD,2026-08-30T18:40:01.272963Z,2514.71,2514.72,0.01,2514.715,-0.003297983342492165812102744155
ETH-USD,2026-08-30T18:40:01.374618Z,2514.71,2514.72,0.01,2514.715,-0.003297983342492165812102744155
ETH-USD,2026-08-30T18:40:01.42599Z,2514.71,2514.72,0.01,2514.715,-0.003297983342492165812102744155
ETH-USD,2026-08-30T18:40:01.461494Z,2514.71,2514.72,0.01,2514.715,-0.003297983342492165812102744155
ETH-USD,2026-08-30T18:40:01.505073Z,2514.71,2514.72,0.01,2514.715,-0.003297983342492165812102744155
ETH-USD,2026-08-30T18:40:01.574084Z,2514.71,2514.72,0.01,2514.715,-0.003297983342492165812102744155
ETH-USD,2026-08-30T18:40:01.628734Z,2514.71,2514.72,0.01,2514.715,-0.003297983342492165812102744155
ETH-USD,2026-08-30T18:40:01.667565Z,2514.71,2514.72,0.01,2514.715,-0.003297983342492165812102744155
ETH-USD,2026-08-30T18:40:01.766011Z,2514.71,2514.72,0.01,2514.715,0.07004656365012249183858480380
ETH-USD,2026-08-30T18:40:01.801277Z,2514.71,2514.72,0.01,2514.715,-0.09032374197492489208841360938
ETH-USD,2026-08-30T18:40:01.870809Z,2514.71,2514.72,0.01,2514.715,-0.09032492251354829913209950758
ETH-USD,2026-08-30T18:40:01.914379Z,2514.71,2514.72,0.01,2514.715,-0.09026391518631996709994538720
ETH-USD,2026-08-30T18:40:01.975128Z,2514.71,2514.72,0.01,2514.715,-0.09616631260602105260759896080
ETH-USD,2026-08-30T18:40:02.02044Z,2514.71,2514.72,0.01,2514.715,-0.09616631260602105260759896080
ETH-USD,2026-08-30T18:40:02.062218Z,2514.71,2514.72,0.01,2514.715,-0.09616631260602105260759896080
ETH-USD,2026-08-30T18:40:02.105757Z,2514.71,2514.72,0.01,2514.715,-0.09616631260602105260759896080
ETH-USD,2026-08-30T18:40:02.174575Z,2514.71,2514.72,0.01,2514.715,-0.09616631260602105260759896080
ETH-USD,2026-08-30T18:40:02.206717Z,2514.71,2514.72,0.01,2514.715,-0.09616631260602105260759896080
ETH-USD,2026-08-30T18:40:02.272195Z,2514.71,2514.72,0.01,2514.715,0.06417884541465697447542266416
ETH-USD,2026-08-30T18:40:02.370324Z,2514.71,2514.72,0.01,2514.715,0.2179927519642621635938605098
ETH-USD,2026-08-30T18:40:02.41582Z,2514.71,2514.72,0.01,2514.715,0.1400181658837088125656165908
ETH-USD,2026-08-30T18:40:02.475127Z,2514.71,2514.72,0.01,2514.715,0.4045693879006093147721297076
ETH-USD,2026-08-30T18:40:02.489542Z,2514.71,2514.72,0.01,2514.715,0.4045693879006093147721297076
ETH-USD,2026-08-30T18:40:02.573831Z,2514.71,2514.72,0.01,2514.715,0.06237633259971492203177001186
ETH-USD,2026-08-30T18:40:02.597956Z,2514.71,2514.72,0.01,2514.715,0.06237633259971492203177001186
ETH-USD,2026-08-30T18:40:02.709779Z,2514.71,2514.72,0.01,2514.715,0.06237633259971492203177001186
ETH-USD,2026-08-30T18:40:02.774947Z,2514.71,2514.72,0.01,2514.715,0.06237633259971492203177001186
ETH-USD,2026-08-30T18:40:02.793065Z,2514.71,2514.72,0.01,2514.715,0.06237633259971492203177001186
ETH-USD,2026-08-30T18:40:02.872651Z,2514.71,2514.72,0.01,2514.715,0.06237633259971492203177001186
ETH-USD,2026-08-30T18:40:02.909941Z,2514.71,2514.72,0.01,2514.715,0.06237633259971492203177001186
ETH-USD,2026-08-30T18:40:02.977114Z,2514.71,2514.72,0.01,2514.715,0.1685735523748380724407657173
ETH-USD,2026-08-30T18:40:03.020579Z,2514.71,2514.72,0.01,2514.715,0.1631363781222304627864745210
ETH-USD,2026-08-30T18:40:03.07494Z,2514.71,2514.72,0.01,2514.715,0.1631363781222304627864745210
ETH-USD,2026-08-30T18:40:03.175583Z,2514.71,2514.72,0.01,2514.715,0.1631363781222304627864745210
ETH-USD,2026-08-30T18:40:03.200471Z,2514.71,2514.72,0.01,2514.715,0.1631363781222304627864745210
ETH-USD,2026-08-30T18:40:03.37688Z,2514.71,2514.72,0.01,2514.715,0.1631363781222304627864745210
ETH-USD,2026-08-30T18:40:03.475399Z,2514.71,2514.72,0.01,2514.715,0.1631363781222304627864745210
ETH-USD,2026-08-30T18:40:03.615699Z,2514.71,2514.72,0.01,2514.715,0.2475688828696513149919563221
ETH-USD,2026-08-30T18:40:03.673741Z,2514.71,2514.72,0.01,2514.715,0.5652768300446440744841904545
ETH-USD,2026-08-30T18:40:03.707599Z,2514.71,2514.72,0.01,2514.715,0.2475688828696513149919563221
ETH-USD,2026-08-30T18:40:03.767335Z,2514.71,2514.72,0.01,2514.715,0.2475688828696513149919563221
ETH-USD,2026-08-30T18:40:03.798091Z,2514.71,2514.72,0.01,2514.715,0.2559798959001469035125552740
ETH-USD,2026-08-30T18:40:03.926089Z,2514.71,2514.72,0.01,2514.715,0.2559798959001469035125552740
ETH-USD,2026-08-30T18:40:03.975765Z,2514.71,2514.72,0.01,2514.715,0.2559798959001469035125552740
ETH-USD,2026-08-30T18:40:04.020848Z,2514.71,2514.72,0.01,2514.715,0.2559798959001469035125552740
ETH-USD,2026-08-30T18:40:04.072669Z,2514.71,2514.72,0.01,2514.715,0.2559798959001469035125552740
ETH-USD,2026-08-30T18:40:04.10078Z,2514.71,2514.72,0.01,2514.715,0.2475688828696513149919563221
ETH-USD,2026-08-30T18:40:04.13777Z,2514.71,2514.72,0.01,2514.715,0.2475688828696513149919563221
ETH-USD,2026-08-30T18:40:04.274827Z,2514.71,2514.72,0.01,2514.715,0.2412076404995037765566759047
ETH-USD,2026-08-30T18:40:04.300652Z,2514.71,2514.72,0.01,2514.715,0.2412076404995037765566759047
ETH-USD,2026-08-30T18:40:04.372939Z,2514.71,2514.72,0.01,2514.715,0.2412076404995037765566759047
ETH-USD,2026-08-30T18:40:04.408742Z,2514.71,2514.72,0.01,2514.715,0.2475688828696513149919563221
ETH-USD,2026-08-30T18:40:04.472123Z,2514.71,2514.72,0.01,2514.715,0.2475688828696513149919563221
ETH-USD,2026-08-30T18:40:04.575039Z,2514.71,2514.72,0.01,2514.715,0.3117289689140400660914136253
ETH-USD,2026-08-30T18:40:04.663629Z,2514.71,2514.72,0.01,2514.715,0.3117289689140400660914136253
ETH-USD,2026-08-30T18:40:04.675405Z,2514.71,2514.72,0.01,2514.715,0.2475688828696513149919563221
ETH-USD,2026-08-30T18:40:04.764413Z,2514.71,2514.72,0.01,2514.715,0.2475688828696513149919563221
ETH-USD,2026-08-30T18:40:04.797725Z,2514.71,2514.72,0.01,2514.715,0.2475688828696513149919563221
ETH-USD,2026-08-30T18:40:04.874981Z,2514.71,2514.72,0.01,2514.715,0.2475688828696513149919563221
ETH-USD,2026-08-30T18:40:04.922624Z,2514.71,2514.72,0.01,2514.715,0.2475688828696513149919563221
ETH-USD,2026-08-30T18:40:04.971271Z,2514.71,2514.72,0.01,2514.715,0.2475688828696513149919563221
ETH-USD,2026-08-30T18:40:05.061244Z,2514.71,2514.72,0.01,2514.715,0.2475688828696513149919563221
ETH-USD,2026-08-30T18:40:05.126685Z,2514.71,2514.72,0.01,2514.715,0.2475688828696513149919563221
ETH-USD,2026-08-30T18:40:05.177137Z,2514.71,2514.72,0.01,2514.715,0.2475688828696513149919563221
ETH-USD,2026-08-30T18:40:05.271773Z,2514.71,2514.72,0.01,2514.715,0.2475688828696513149919563221
ETH-USD,2026-08-30T18:40:05.305653Z,2514.71,2514.72,0.01,2514.715,0.2475688828696513149919563221
ETH-USD,2026-08-30T18:40:05.357566Z,2514.71,2514.72,0.01,2514.715,0.2475688828696513149919563221
ETH-USD,2026-08-30T18:40:05.406889Z,2514.71,2514.72,0.01,2514.715,0.2475688828696513149919563221
ETH-USD,2026-08-30T18:40:05.468829Z,2514.71,2514.72,0.01,2514.715,0.2475688828696513149919563221
ETH-USD,2026-08-30T18:40:05.507894Z,2514.71,2514.72,0.01,2514.715,0.2475688828696513149919563221
ETH-USD,2026-08-30T18:40:05.582515Z,2514.71,2514.72,0.01,2514.715,0.2475688828696513149919563221
ETH-USD,2026-08-30T18:40:05.610149Z,2514.71,2514.72,0.01,2514.715,0.2475688828696513149919563221
ETH-USD,2026-08-30T18:40:05.6823Z,2514.71,2514.72,0.01,2514.715,0.3871600137760695560723308212
ETH-USD,2026-08-30T18:40:05.71527Z,2514.89,2514.9,0.01,2514.895,0.3723418454229259231798204656
ETH-USD,2026-08-30T18:40:05.776216Z,2514.89,2514.9,0.01,2514.895,0.3723418454229259231798204656
ETH-USD,2026-08-30T18:40:05.832122Z,2514.89,2514.9,0.01,2514.895,0.1721054442194362227175167997
ETH-USD,2026-08-30T18:40:05.873429Z,2514.89,2514.9,0.01,2514.895,0.1622802665614441000990281511
ETH-USD,2026-08-30T18:40:05.921913Z,2514.89,2514.9,0.01,2514.895,0.06304259095871388877890128279
ETH-USD,2026-08-30T18:40:06.028148Z,2514.77,2514.82,0.05,2514.795,0.2792749552099761724866879385
ETH-USD,2026-08-30T18:40:06.074875Z,2514.77,2514.82,0.05,2514.795,0.09225692832449088260077461777
ETH-USD,2026-08-30T18:40:06.117001Z,2514.74,2514.82,0.08,2514.78,-0.06022866352383768294438439645
ETH-USD,2026-08-30T18:40:06.168175Z,2514.74,2514.82,0.08,2514.78,0.1333265991451894834037116005
ETH-USD,2026-08-30T18:40:06.252162Z,2514.81,2514.82,0.01,2514.815,-0.04793194376046152100485705870
ETH-USD,2026-08-30T18:40:06.309794Z,2514.81,2514.82,0.01,2514.815,-0.04793194376046152100485705870
ETH-USD,2026-08-30T18:40:06.372627Z,2514.74,2514.82,0.08,2514.78,0.1333265991451894834037116005
ETH-USD,2026-08-30T18:40:06.425407Z,2514.77,2514.82,0.05,2514.795,-0.06581646562454582368276481223
ETH-USD,2026-08-30T18:40:06.464891Z,2514.77,2514.82,0.05,2514.795,0.2426727399589414273035302513
ETH-USD,2026-08-30T18:40:06.500577Z,2514.77,2514.82,0.05,2514.795,0.05318850060793051902682268941
ETH-USD,2026-08-30T18:40:06.623086Z,2514.74,2514.82,0.08,2514.78,0.1450374208232048687927394969
ETH-USD,2026-08-30T18:40:06.67821Z,2514.75,2514.82,0.07,2514.785,0.05318850173685704127440806703
ETH-USD,2026-08-30T18:40:06.720009Z,2514.73,2514.82,0.09,2514.775,0.2426727399589414273035302513
ETH-USD,2026-08-30T18:40:06.742129Z,2514.75,2514.82,0.07,2514.785,0.05318850173685704127440806703
ETH-USD,2026-08-30T18:40:06.864079Z,2514.81,2514.82,0.01,2514.815,-0.1434893556170008206082528270
ETH-USD,2026-08-30T18:40:06.969973Z,2514.81,2514.82,0.01,2514.815,0.06538578849031120067121207295
ETH-USD,2026-08-30T18:40:07.010321Z,2514.81,2514.82,0.01,2514.815,0.09776194010496328002189550675
ETH-USD,2026-08-30T18:40:07.080444Z,2514.81,2514.82,0.01,2514.815,0.1942904507552430350986286512
ETH-USD,2026-08-30T18:40:07.098811Z,2514.81,2514.82,0.01,2514.815,0.09776194010496328002189550675
ETH-USD,2026-08-30T18:40:07.277366Z,2514.81,2514.82,0.01,2514.815,0.09776194010496328002189550675
ETH-USD,2026-08-30T18:40:07.325031Z,2514.81,2514.82,0.01,2514.815,0.08554928853078056132258128403
ETH-USD,2026-08-30T18:40:07.378588Z,2514.81,2514.82,0.01,2514.815,0.1714191850176330542317208248
ETH-USD,2026-08-30T18:40:07.420667Z,2514.81,2514.82,0.01,2514.815,-0.02456558417238311727079884975
ETH-USD,2026-08-30T18:40:07.477852Z,2514.75,2514.82,0.07,2514.785,0.1714191872153482177688875851
ETH-USD,2026-08-30T18:40:07.543393Z,2514.8,2514.81,0.01,2514.805,-0.1047857693352066557397469368
ETH-USD,2026-08-30T18:40:07.576573Z,2514.8,2514.81,0.01,2514.805,-0.1047857693352066557397469368
ETH-USD,2026-08-30T18:40:07.667521Z,2514.8,2514.81,0.01,2514.805,0.1044762713593798796058762899
ETH-USD,2026-08-30T18:40:07.756106Z,2514.8,2514.81,0.01,2514.805,0.09264007050817442234904836263
ETH-USD,2026-08-30T18:40:07.795124Z,2514.81,2514.82,0.01,2514.815,0.2694057476349816630688370340
ETH-USD,2026-08-30T18:40:07.845363Z,2515.18,2515.59,0.41,2515.385,-0.4972379597087834932696917280
ETH-USD,2026-08-30T18:40:07.909488Z,2515.1,2515.2,0.1,2515.15,0.6193157085354412038374973420
ETH-USD,2026-08-30T18:40:07.961007Z,2515.1,2515.21,0.11,2515.155,0.2364359678156092073088249933
ETH-USD,2026-08-30T18:40:08.005163Z,2515.06,2515.21,0.15,2515.135,-0.01701752875673511563161177753
ETH-USD,2026-08-30T18:40:08.024602Z,2514.88,2515.21,0.33,2515.045,0.1589662868318069156699988060
ETH-USD,2026-08-30T18:40:08.182976Z,2514.97,2515.12,0.15,2515.045,0.3052285882206057901829677323
ETH-USD,2026-08-30T18:40:08.274177Z,2514.98,2515.11,0.13,2515.045,0.1989645776118712486472205596
ETH-USD,2026-08-30T18:40:08.36555Z,2515,2515.1,0.1,2515.05,0.1988945885130832806157360934
ETH-USD,2026-08-30T18:40:08.425856Z,2515.01,2515.09,0.08,2515.05,0.003159935819549378799527439483
ETH-USD,2026-08-30T18:40:08.474062Z,2515.01,2515.09,0.08,2515.05,-0.1579587620772394177306185936
ETH-USD,2026-08-30T18:40:08.513389Z,2515,2515.07,0.07,2515.035,-0.03691323177159637058993264848
ETH-USD,2026-08-30T18:40:08.565217Z,2515,2515.05,0.05,2515.025,-0.1008699416687875561695788072
ETH-USD,2026-08-30T18:40:08.622739Z,2514.98,2515.03,0.05,2515.005,0.1426142496995804765733713708
ETH-USD,2026-08-30T18:40:08.677761Z,2515.02,2515.03,0.01,2515.025,0.004005582123115646536323062245
ETH-USD,2026-08-30T18:40:08.720249Z,2515.03,2515.04,0.01,2515.035,0.07344533489097095595771921387
ETH-USD,2026-08-30T18:40:08.773823Z,2515.03,2515.04,0.01,2515.035,0.2792755815418002950899537329
ETH-USD,2026-08-30T18:40:08.827644Z,2515.03,2515.04,0.01,2515.035,0.2707639470889962892241507760
ETH-USD,2026-08-30T18:40:08.877085Z,2515.03,2515.04,0.01,2515.035,0.2154718947056319386120636356
ETH-USD,2026-08-30T18:40:08.893979Z,2515.03,2515.04,0.01,2515.035,0.2707639470889962892241507760
ETH-USD,2026-08-30T18:40:08.956894Z,2515.03,2515.04,0.01,2515.035,0.2707639470889962892241507760
ETH-USD,2026-08-30T18:40:09.073565Z,2515.03,2515.04,0.01,2515.035,0.2707639470889962892241507760
ETH-USD,2026-08-30T18:40:09.125263Z,2515.03,2515.04,0.01,2515.035,0.2707639470889962892241507760
ETH-USD,2026-08-30T18:40:09.180929Z,2515.03,2515.04,0.01,2515.035,0.2707639470889962892241507760
ETH-USD,2026-08-30T18:40:09.189525Z,2515.03,2515.04,0.01,2515.035,0.2707639470889962892241507760
ETH-USD,2026-08-30T18:40:09.295826Z,2515.03,2515.04,0.01,2515.035,0.2162310894805468035916609256
ETH-USD,2026-08-30T18:40:09.373766Z,2515.03,2515.04,0.01,2515.035,0.2162310894805468035916609256
ETH-USD,2026-08-30T18:40:09.468761Z,2515.03,2515.04,0.01,2515.035,0.2162310894805468035916609256
ETH-USD,2026-08-30T18:40:09.53884Z,2515.03,2515.04,0.01,2515.035,0.2162310894805468035916609256
ETH-USD,2026-08-30T18:40:09.592875Z,2515.03,2515.04,0.01,2515.035,0.2162310894805468035916609256
ETH-USD,2026-08-30T18:40:09.672495Z,2515.03,2515.04,0.01,2515.035,0.2162310894805468035916609256
ETH-USD,2026-08-30T18:40:09.715535Z,2515.03,2515.04,0.01,2515.035,0.2162310894805468035916609256
ETH-USD,2026-08-30T18:40:09.780179Z,2515.03,2515.04,0.01,2515.035,0.1659643071265511039205887140
ETH-USD,2026-08-30T18:40:09.826405Z,2515.03,2515.04,0.01,2515.035,0.2483070103429210397864412183
ETH-USD,2026-08-30T18:40:09.832034Z,2515.03,2515.04,0.01,2515.035,0.2483070103429210397864412183
ETH-USD,2026-08-30T18:40:09.972722Z,2515.03,2515.04,0.01,2515.035,0.2483070103429210397864412183
ETH-USD,2026-08-30T18:40:10.019777Z,2515.03,2515.04,0.01,2515.035,0.2483070103429210397864412183
ETH-USD,2026-08-30T18:40:10.067167Z,2515.03,2515.04,0.01,2515.035,0.2483070103429210397864412183
ETH-USD,2026-08-30T18:40:10.072478Z,2515.03,2515.04,0.01,2515.035,0.2483070103429210397864412183
ETH-USD,2026-08-30T18:40:10.161158Z,2515.03,2515.04,0.01,2515.035,0.2483070103429210397864412183
ETH-USD,2026-08-30T18:40:10.244516Z,2515.03,2515.04,0.01,2515.035,0.1982623949844549026507749391
ETH-USD,2026-08-30T18:40:10.324973Z,2515.03,2515.04,0.01,2515.035,0.09811922122970869286645087969
ETH-USD,2026-08-30T18:40:10.376072Z,2515.03,2515.04,0.01,2515.035,0.09811922122970869286645087969
ETH-USD,2026-08-30T18:40:10.467716Z,2515.03,2515.04,0.01,2515.035,0.09811922122970869286645087969
ETH-USD,2026-08-30T18:40:10.478586Z,2515.03,2515.04,0.01,2515.035,0.09811922122970869286645087969
ETH-USD,2026-08-30T18:40:10.567513Z,2515.03,2515.04,0.01,2515.035,0.1098358481725671643643337689
ETH-USD,2026-08-30T18:40:10.627634Z,2515.03,2515.04,0.01,2515.035,-0.03811453807362104343355493699
ETH-USD,2026-08-30T18:40:10.667346Z,2515.03,2515.04,0.01,2515.035,-0.03811453807362104343355493699
ETH-USD,2026-08-30T18:40:10.687594Z,2515.03,2515.04,0.01,2515.035,0.0008939425700587291714429004369
ETH-USD,2026-08-30T18:40:10.779565Z,2515.03,2515.04,0.01,2515.035,0.0009030072402603351747059082601
ETH-USD,2026-08-30T18:40:10.831701Z,2515.03,2515.04,0.01,2515.035,0.0009030072402603351747059082601
ETH-USD,2026-08-30T18:40:10.873481Z,2515.03,2515.04,0.01,2515.035,-0.1019170462885095120307272267
ETH-USD,2026-08-30T18:40:10.926777Z,2514.97,2515.03,0.06,2515.00,-0.08719749604553874366566585184
ETH-USD,2026-08-30T18:40:10.981668Z,2514.97,2515.03,0.06,2515.00,-0.1019080764771187875007963977
ETH-USD,2026-08-30T18:40:11.026014Z,2514.87,2515.01,0.14,2514.94,0.01386080052630972845632466883
ETH-USD,2026-08-30T18:40:11.071116Z,2514.87,2515.01,0.14,2514.94,0.3369781067841669250962120772
ETH-USD,2026-08-30T18:40:11.12018Z,2514.96,2514.99,0.03,2514.975,0.3481889878727348228394938397
ETH-USD,2026-08-30T18:40:11.175025Z,2514.86,2514.98,0.12,2514.92,0.04916352861262146024677352391
ETH-USD,2026-08-30T18:40:11.18691Z,2514.96,2514.98,0.02,2514.97,0.03434846749117295497683311154
ETH-USD,2026-08-30T18:40:11.262354Z,2514.96,2514.98,0.02,2514.97,0.03434846749117295497683311154
ETH-USD,2026-08-30T18:40:11.324729Z,2514.96,2514.97,0.01,2514.965,-0.1742321642518866355702419657
ETH-USD,2026-08-30T18:40:11.372478Z,2514.96,2514.97,0.01,2514.965,0.1366736101567407656121123434
ETH-USD,2026-08-30T18:40:11.429747Z,2514.96,2514.97,0.01,2514.965,0.1486189020074248682520850502
ETH-USD,2026-08-30T18:40:11.472702Z,2514.96,2514.97,0.01,2514.965,0.1486189020074248682520850502
ETH-USD,2026-08-30T18:40:11.531089Z,2514.96,2514.97,0.01,2514.965,0.1486189020074248682520850502
ETH-USD,2026-08-30T18:40:11.568749Z,2514.96,2514.97,0.01,2514.965,0.1486189020074248682520850502
ETH-USD,2026-08-30T18:40:11.603775Z,2514.96,2514.97,0.01,2514.965,0.1486189020074248682520850502
ETH-USD,2026-08-30T18:40:11.675981Z,2514.96,2514.97,0.01,2514.965,0.1486189020074248682520850502
ETH-USD,2026-08-30T18:40:11.724151Z,2514.96,2514.97,0.01,2514.965,0.1486189020074248682520850502
ETH-USD,2026-08-30T18:40:11.777288Z,2514.96,2514.97,0.01,2514.965,0.1486189020074248682520850502
ETH-USD,2026-08-30T18:40:11.82301Z,2514.96,2514.97,0.01,2514.965,0.1486189020074248682520850502
ETH-USD,2026-08-30T18:40:11.876408Z,2514.96,2514.97,0.01,2514.965,0.1486189020074248682520850502
ETH-USD,2026-08-30T18:40:12.078616Z,2514.96,2514.97,0.01,2514.965,0.2688399320932419573161818410
ETH-USD,2026-08-30T18:40:12.124556Z,2514.96,2514.97,0.01,2514.965,0.1491477070276127471156634259
ETH-USD,2026-08-30T18:40:12.173863Z,2514.96,2514.97,0.01,2514.965,0.1491477070276127471156634259
ETH-USD,2026-08-30T18:40:12.260897Z,2514.91,2514.93,0.02,2514.92,0.1952499254615368640395023295
ETH-USD,2026-08-30T18:40:12.328076Z,2514.91,2514.93,0.02,2514.92,0.1952499254615368640395023295
ETH-USD,2026-08-30T18:40:12.375545Z,2514.91,2514.93,0.02,2514.92,0.1952499254615368640395023295
ETH-USD,2026-08-30T18:40:12.405198Z,2514.91,2514.92,0.01,2514.915,0.1383279022545898126603336279
ETH-USD,2026-08-30T18:40:12.45541Z,2514.91,2514.92,0.01,2514.915,0.1486698562276196725182580525
ETH-USD,2026-08-30T18:40:12.537971Z,2514.91,2514.92,0.01,2514.915,0.1486698562276196725182580525
ETH-USD,2026-08-30T18:40:12.674584Z,2514.91,2514.92,0.01,2514.915,0.1486698562276196725182580525
ETH-USD,2026-08-30T18:40:12.774064Z,2514.91,2514.92,0.01,2514.915,0.1486698562276196725182580525
ETH-USD,2026-08-30T18:40:12.808534Z,2514.91,2514.92,0.01,2514.915,0.1486698562276196725182580525
ETH-USD,2026-08-30T18:40:12.870757Z,2514.91,2514.92,0.01,2514.915,0.1486698562276196725182580525
ETH-USD,2026-08-30T18:40:12.921896Z,2514.91,2514.92,0.01,2514.915,0.4111454969021790427675551261
ETH-USD,2026-08-30T18:40:12.974017Z,2514.91,2514.92,0.01,2514.915,0.4111454969021790427675551261
ETH-USD,2026-08-30T18:40:13.016135Z,2514.91,2514.92,0.01,2514.915,0.4111454969021790427675551261
ETH-USD,2026-08-30T18:40:13.074948Z,2514.91,2514.92,0.01,2514.915,0.4111454969021790427675551261
ETH-USD,2026-08-30T18:40:13.11843Z,2514.91,2514.92,0.01,2514.915,0.1486698562276196725182580525
ETH-USD,2026-08-30T18:40:13.162958Z,2514.91,2514.92,0.01,2514.915,0.1486698562276196725182580525
ETH-USD,2026-08-30T18:40:13.270697Z,2514.91,2514.92,0.01,2514.915,0.1486698562276196725182580525
ETH-USD,2026-08-30T18:40:13.3124Z,2514.79,2514.92,0.13,2514.855,0.3333594684237047191207538116
ETH-USD,2026-08-30T18:40:13.365594Z,2514.73,2514.92,0.19,2514.825,0.1895196810170831766209081666
ETH-USD,2026-08-30T18:40:13.408803Z,2514.73,2514.9,0.17,2514.815,0.1496052201493946558548998684
ETH-USD,2026-08-30T18:40:13.448971Z,2514.77,2514.85,0.08,2514.81,0.1087911812744622342663102429
ETH-USD,2026-08-30T18:40:13.5275Z,2514.77,2514.85,0.08,2514.81,0.06280912438328932888811840225
ETH-USD,2026-08-30T18:40:13.593602Z,2514.73,2514.82,0.09,2514.775,0.3376215541797049351342562050
ETH-USD,2026-08-30T18:40:13.640563Z,2514.73,2514.82,0.09,2514.775,0.1641612193132663891921109399
ETH-USD,2026-08-30T18:40:13.687004Z,2514.78,2514.84,0.06,2514.81,0.1641627028061533781828484093
ETH-USD,2026-08-30T18:40:13.728922Z,2514.78,2514.83,0.05,2514.805,0.1182304144040197688839552033
ETH-USD,2026-08-30T18:40:13.819427Z,2514.73,2514.83,0.10,2514.78,0.1182304144040197688839552033
ETH-USD,2026-08-30T18:40:13.876939Z,2514.73,2514.83,0.10,2514.78,0.1182304144040197688839552033
ETH-USD,2026-08-30T18:40:13.935701Z,2514.73,2514.83,0.10,2514.78,0.1182304144040197688839552033
ETH-USD,2026-08-30T18:40:13.984005Z,2514.73,2514.83,0.10,2514.78,0.1182304144040197688839552033
ETH-USD,2026-08-30T18:40:14.027945Z,2514.73,2514.83,0.10,2514.78,0.1182304144040197688839552033
ETH-USD,2026-08-30T18:40:14.062921Z,2514.73,2514.83,0.10,2514.78,0.1182304144040197688839552033
ETH-USD,2026-08-30T18:40:14.116694Z,2514.73,2514.83,0.10,2514.78,0.1182304144040197688839552033
ETH-USD,2026-08-30T18:40:14.173361Z,2514.73,2514.83,0.10,2514.78,0.1182304144040197688839552033
ETH-USD,2026-08-30T18:40:14.260359Z,2514.73,2514.83,0.10,2514.78,0.1182304144040197688839552033
ETH-USD,2026-08-30T18:40:14.316527Z,2514.73,2514.74,0.01,2514.735,-0.2498040373685188297446075238
ETH-USD,2026-08-30T18:40:14.351181Z,2514.73,2514.74,0.01,2514.735,-0.3624905586522328759659746515
ETH-USD,2026-08-30T18:40:14.421644Z,2514.73,2514.74,0.01,2514.735,-0.3590071461359031741144129240
ETH-USD,2026-08-30T18:40:14.468792Z,2514.73,2514.74,0.01,2514.735,-0.4238870434753208995308547395
ETH-USD,2026-08-30T18:40:14.520169Z,2514.73,2514.74,0.01,2514.735,-0.4238870434753208995308547395
ETH-USD,2026-08-30T18:40:14.571004Z,2514.73,2514.74,0.01,2514.735,-0.4238870434753208995308547395
ETH-USD,2026-08-30T18:40:14.613576Z,2514.73,2514.74,0.01,2514.735,-0.4238870434753208995308547395
ETH-USD,2026-08-30T18:40:14.680625Z,2514.73,2514.74,0.01,2514.735,-0.4238870434753208995308547395
ETH-USD,2026-08-30T18:40:14.719772Z,2514.73,2514.74,0.01,2514.735,-0.4238870434753208995308547395
ETH-USD,2026-08-30T18:40:14.763667Z,2514.73,2514.74,0.01,2514.735,-0.4238870434753208995308547395
ETH-USD,2026-08-30T18:40:14.787621Z,2514.73,2514.74,0.01,2514.735,-0.4238870434753208995308547395
ETH-USD,2026-08-30T18:40:14.873475Z,2514.73,2514.74,0.01,2514.735,-0.4238870434753208995308547395
ETH-USD,2026-08-30T18:40:14.893461Z,2514.73,2514.74,0.01,2514.735,-0.4238870434753208995308547395
ETH-USD,2026-08-30T18:40:14.959007Z,2514.73,2514.74,0.01,2514.735,-0.4238870434753208995308547395
ETH-USD,2026-08-30T18:40:15.014441Z,2514.73,2514.74,0.01,2514.735,-0.4238870434753208995308547395
ETH-USD,2026-08-30T18:40:15.076287Z,2514.73,2514.74,0.01,2514.735,-0.5214784557372163467880159455
ETH-USD,2026-08-30T18:40:15.108791Z,2514.73,2514.74,0.01,2514.735,-0.5214784557372163467880159455
ETH-USD,2026-08-30T18:40:15.174997Z,2514.73,2514.74,0.01,2514.735,-0.4238874000780213078995808042
ETH-USD,2026-08-30T18:40:15.265565Z,2514.73,2514.74,0.01,2514.735,-0.4238874000780213078995808042
ETH-USD,2026-08-30T18:40:15.295359Z,2514.73,2514.74,0.01,2514.735,-0.4238874000780213078995808042
ETH-USD,2026-08-30T18:40:15.379586Z,2514.73,2514.74,0.01,2514.735,-0.4238874000780213078995808042
ETH-USD,2026-08-30T18:40:15.426204Z,2514.73,2514.74,0.01,2514.735,-0.4238874000780213078995808042
ETH-USD,2026-08-30T18:40:15.473528Z,2514.73,2514.74,0.01,2514.735,-0.4238874000780213078995808042
ETH-USD,2026-08-30T18:40:15.561419Z,2514.73,2514.74,0.01,2514.735,-0.4238874000780213078995808042
ETH-USD,2026-08-30T18:40:15.635095Z,2514.73,2514.74,0.01,2514.735,-0.4238874000780213078995808042
ETH-USD,2026-08-30T18:40:15.656799Z,2514.73,2514.74,0.01,2514.735,-0.4238874000780213078995808042
ETH-USD,2026-08-30T18:40:15.711741Z,2514.73,2514.74,0.01,2514.735,-0.4238874000780213078995808042
ETH-USD,2026-08-30T18:40:15.767266Z,2514.73,2514.74,0.01,2514.735,-0.4238874000780213078995808042
ETH-USD,2026-08-30T18:40:15.777558Z,2514.73,2514.74,0.01,2514.735,-0.4238874000780213078995808042
ETH-USD,2026-08-30T18:40:15.870136Z,2514.73,2514.74,0.01,2514.735,-0.4238874000780213078995808042
ETH-USD,2026-08-30T18:40:15.973791Z,2514.73,2514.74,0.01,2514.735,-0.4238874000780213078995808042
ETH-USD,2026-08-30T18:40:16.00159Z,2514.73,2514.74,0.01,2514.735,-0.4238874000780213078995808042
ETH-USD,2026-08-30T18:40:16.14435Z,2514.73,2514.74,0.01,2514.735,-0.4238874000780213078995808042
ETH-USD,2026-08-30T18:40:16.159961Z,2514.73,2514.74,0.01,2514.735,-0.4238874000780213078995808042
ETH-USD,2026-08-30T18:40:16.170773Z,2514.73,2514.74,0.01,2514.735,-0.4238874000780213078995808042
ETH-USD,2026-08-30T18:40:16.198102Z,2514.73,2514.74,0.01,2514.735,-0.4238874000780213078995808042
ETH-USD,2026-08-30T18:40:16.343621Z,2514.73,2514.74,0.01,2514.735,-0.4238874000780213078995808042
ETH-USD,2026-08-30T18:40:16.407999Z,2514.73,2514.74,0.01,2514.735,-0.4238874000780213078995808042
ETH-USD,2026-08-30T18:40:16.475592Z,2514.73,2514.74,0.01,2514.735,-0.4238874000780213078995808042
ETH-USD,2026-08-30T18:40:16.534002Z,2514.73,2514.74,0.01,2514.735,-0.4238874000780213078995808042
ETH-USD,2026-08-30T18:40:16.568093Z,2514.73,2514.74,0.01,2514.735,-0.4238874000780213078995808042
ETH-USD,2026-08-30T18:40:16.577628Z,2514.73,2514.74,0.01,2514.735,-0.4238874000780213078995808042
ETH-USD,2026-08-30T18:40:16.671172Z,2514.73,2514.74,0.01,2514.735,-0.4238874000780213078995808042
ETH-USD,2026-08-30T18:40:16.727702Z,2514.73,2514.74,0.01,2514.735,-0.4238874000780213078995808042
ETH-USD,2026-08-30T18:40:16.777413Z,2514.73,2514.74,0.01,2514.735,-0.4238874000780213078995808042
ETH-USD,2026-08-30T18:40:16.868671Z,2514.73,2514.74,0.01,2514.735,-0.4238874000780213078995808042
ETH-USD,2026-08-30T18:40:16.913034Z,2514.73,2514.74,0.01,2514.735,-0.3900590834688404140860336371
ETH-USD,2026-08-30T18:40:16.967148Z,2514.73,2514.74,0.01,2514.735,-0.4238874000780213078995808042
ETH-USD,2026-08-30T18:40:17.000834Z,2514.73,2514.74,0.01,2514.735,-0.4238874000780213078995808042
ETH-USD,2026-08-30T18:40:17.053799Z,2514.73,2514.74,0.01,2514.735,-0.4238874000780213078995808042
ETH-USD,2026-08-30T18:40:17.111797Z,2514.73,2514.74,0.01,2514.735,-0.4124834900020893746036096066
ETH-USD,2026-08-30T18:40:17.153212Z,2514.73,2514.74,0.01,2514.735,-0.3027028110697019362938152268
ETH-USD,2026-08-30T18:40:17.219657Z,2514.73,2514.74,0.01,2514.735,-0.3027028110697019362938152268
ETH-USD,2026-08-30T18:40:17.267334Z,2514.73,2514.74,0.01,2514.735,-0.3027028110697019362938152268
ETH-USD,2026-08-30T18:40:17.301701Z,2514.73,2514.74,0.01,2514.735,-0.3027028110697019362938152268
ETH-USD,2026-08-30T18:40:17.424415Z,2514.73,2514.74,0.01,2514.735,-0.3027028110697019362938152268
ETH-USD,2026-08-30T18:40:17.473936Z,2514.73,2514.74,0.01,2514.735,-0.3027028110697019362938152268
ETH-USD,2026-08-30T18:40:17.481793Z,2514.73,2514.74,0.01,2514.735,-0.3027028110697019362938152268
ETH-USD,2026-08-30T18:40:17.571462Z,2514.73,2514.74,0.01,2514.735,-0.3027028110697019362938152268
ETH-USD,2026-08-30T18:40:17.665757Z,2514.73,2514.74,0.01,2514.735,-0.3023217623662431929189319477
ETH-USD,2026-08-30T18:40:17.734632Z,2514.73,2514.74,0.01,2514.735,-0.3023217623662431929189319477
ETH-USD,2026-08-30T18:40:17.776396Z,2514.73,2514.74,0.01,2514.735,-0.5276648288321963679406909012
ETH-USD,2026-08-30T18:40:17.828403Z,2514.73,2514.74,0.01,2514.735,-0.5276648288321963679406909012
ETH-USD,2026-08-30T18:40:17.881908Z,2514.73,2514.74,0.01,2514.735,-0.5276648288321963679406909012
ETH-USD,2026-08-30T18:40:17.971223Z,2514.73,2514.74,0.01,2514.735,-0.5278958343333130094220787729
ETH-USD,2026-08-30T18:40:18.014296Z,2514.73,2514.74,0.01,2514.735,-0.5278958343333130094220787729
ETH-USD,2026-08-30T18:40:18.064604Z,2514.73,2514.74,0.01,2514.735,-0.5278958343333130094220787729
ETH-USD,2026-08-30T18:40:18.110349Z,2514.73,2514.74,0.01,2514.735,-0.5197205763502625643743456538
ETH-USD,2026-08-30T18:40:18.172742Z,2514.73,2514.74,0.01,2514.735,-0.5197205763502625643743456538
ETH-USD,2026-08-30T18:40:18.217286Z,2514.73,2514.74,0.01,2514.735,-0.5197205763502625643743456538
ETH-USD,2026-08-30T18:40:18.271678Z,2514.73,2514.74,0.01,2514.735,-0.5197205763502625643743456538
ETH-USD,2026-08-30T18:40:18.357459Z,2514.73,2514.74,0.01,2514.735,-0.5197205763502625643743456538
ETH-USD,2026-08-30T18:40:18.369613Z,2514.73,2514.74,0.01,2514.735,-0.5197205763502625643743456538
ETH-USD,2026-08-30T18:40:18.474162Z,2514.73,2514.74,0.01,2514.735,-0.5278956518240332977819556606
ETH-USD,2026-08-30T18:40:18.519718Z,2514.73,2514.74,0.01,2514.735,-0.5278956518240332977819556606
ETH-USD,2026-08-30T18:40:18.646984Z,2514.73,2514.74,0.01,2514.735,-0.5278956518240332977819556606
ETH-USD,2026-08-30T18:40:18.771793Z,2514.73,2514.74,0.01,2514.735,-0.5278956518240332977819556606
ETH-USD,2026-08-30T18:40:18.933106Z,2514.73,2514.74,0.01,2514.735,-0.5278956518240332977819556606
ETH-USD,2026-08-30T18:40:18.97629Z,2514.73,2514.74,0.01,2514.735,-0.5278956518240332977819556606
ETH-USD,2026-08-30T18:40:19.022014Z,2514.73,2514.74,0.01,2514.735,-0.5278956518240332977819556606
ETH-USD,2026-08-30T18:40:19.075314Z,2514.73,2514.74,0.01,2514.735,-0.5278956518240332977819556606
ETH-USD,2026-08-30T18:40:19.111278Z,2514.73,2514.74,0.01,2514.735,-0.5278956518240332977819556606
ETH-USD,2026-08-30T18:40:19.201717Z,2514.73,2514.74,0.01,2514.735,-0.5293863084903857885379570194
ETH-USD,2026-08-30T18:40:19.27676Z,2514.73,2514.74,0.01,2514.735,-0.4255826343462306166332253779
ETH-USD,2026-08-30T18:40:19.374734Z,2514.73,2514.74,0.01,2514.735,-0.4255826343462306166332253779
ETH-USD,2026-08-30T18:40:19.417578Z,2514.73,2514.74,0.01,2514.735,-0.4255826343462306166332253779
ETH-USD,2026-08-30T18:40:19.477154Z,2514.73,2514.74,0.01,2514.735,-0.4255826343462306166332253779
ETH-USD,2026-08-30T18:40:19.525578Z,2514.73,2514.74,0.01,2514.735,-0.4255826343462306166332253779
ETH-USD,2026-08-30T18:40:19.575806Z,2514.73,2514.74,0.01,2514.735,-0.4242893217787250104822996384
ETH-USD,2026-08-30T18:40:19.612129Z,2514.73,2514.74,0.01,2514.735,-0.4242893217787250104822996384
ETH-USD,2026-08-30T18:40:19.672106Z,2514.73,2514.74,0.01,2514.735,-0.4239453245552397321034400435
ETH-USD,2026-08-30T18:40:19.72299Z,2514.73,2514.74,0.01,2514.735,-0.6124268827664145552045342596
ETH-USD,2026-08-30T18:40:19.764216Z,2514.49,2514.68,0.19,2514.585,0.06822101819663291819526409295
ETH-USD,2026-08-30T18:40:19.823006Z,2514.4,2514.53,0.13,2514.465,0.4104510670897911007591071645
ETH-USD,2026-08-30T18:40:19.874328Z,2514.42,2514.53,0.11,2514.475,0.1424542852682678701183851427
ETH-USD,2026-08-30T18:40:19.90622Z,2514.52,2514.53,0.01,2514.525,-0.09354603459404462624153282613
ETH-USD,2026-08-30T18:40:19.965351Z,2514.4,2514.47,0.07,2514.435,-0.06815824560434841047854322157
ETH-USD,2026-08-30T18:40:20.015714Z,2514.52,2514.53,0.01,2514.525,-0.4793777386849386500165620348
ETH-USD,2026-08-30T18:40:20.072079Z,2514.52,2514.54,0.02,2514.53,0.004815980322454251118822464452
ETH-USD,2026-08-30T18:40:20.131661Z,2514.53,2514.54,0.01,2514.535,-0.06022633560117306889693079989
ETH-USD,2026-08-30T18:40:20.171112Z,2514.53,2514.54,0.01,2514.535,0.04989018518109916377983193031
ETH-USD,2026-08-30T18:40:20.20436Z,2514.53,2514.54,0.01,2514.535,0.03289279897743729644301989580
ETH-USD,2026-08-30T18:40:20.264991Z,2514.53,2514.54,0.01,2514.535,0.08719326129786635722415132390
ETH-USD,2026-08-30T18:40:20.3234Z,2514.41,2514.54,0.13,2514.475,0.4196112443769225965562939935
ETH-USD,2026-08-30T18:40:20.373826Z,2514.43,2514.54,0.11,2514.485,0.4501623068961559047706806291
ETH-USD,2026-08-30T18:40:20.422812Z,2514.41,2514.54,0.13,2514.475,0.4701183223736216484339328696
ETH-USD,2026-08-30T18:40:20.474775Z,2514.41,2514.54,0.13,2514.475,0.4701183223736216484339328696
ETH-USD,2026-08-30T18:40:20.503087Z,2514.41,2514.54,0.13,2514.475,0.4701183223736216484339328696
ETH-USD,2026-08-30T18:40:20.58036Z,2514.48,2514.49,0.01,2514.485,-0.3380819928370621594834331863
ETH-USD,2026-08-30T18:40:20.631884Z,2514.48,2514.49,0.01,2514.485,-0.3380819928370621594834331863
ETH-USD,2026-08-30T18:40:20.665112Z,2514.48,2514.49,0.01,2514.485,-0.3380819928370621594834331863
ETH-USD,2026-08-30T18:40:20.678416Z,2514.48,2514.49,0.01,2514.485,-0.3380819928370621594834331863
ETH-USD,2026-08-30T18:40:20.745428Z,2514.48,2514.49,0.01,2514.485,-0.3380819928370621594834331863
ETH-USD,2026-08-30T18:40:20.792154Z,2514.48,2514.49,0.01,2514.485,-0.2941537173333468685018429134
ETH-USD,2026-08-30T18:40:20.873299Z,2514.48,2514.49,0.01,2514.485,-0.2941537173333468685018429134
ETH-USD,2026-08-30T18:40:20.932743Z,2514.48,2514.49,0.01,2514.485,-0.4668672310036443316386959637
ETH-USD,2026-08-30T18:40:20.971813Z,2514.48,2514.49,0.01,2514.485,-0.4648487059185578752719962202
ETH-USD,2026-08-30T18:40:21.018404Z,2514.48,2514.49,0.01,2514.485,-0.2322723412086037103311957220
ETH-USD,2026-08-30T18:40:21.072903Z,2514.48,2514.49,0.01,2514.485,-0.2322723412086037103311957220
ETH-USD,2026-08-30T18:40:21.129067Z,2514.48,2514.49,0.01,2514.485,-0.2322723412086037103311957220
ETH-USD,2026-08-30T18:40:21.160211Z,2514.49,2514.5,0.01,2514.495,-0.2379151466568629572016297512
ETH-USD,2026-08-30T18:40:21.195836Z,2514.49,2514.5,0.01,2514.495,-0.2637521930528250243843433497
ETH-USD,2026-08-30T18:40:21.32677Z,2514.49,2514.5,0.01,2514.495,-0.2632823787209951079483561599
ETH-USD,2026-08-30T18:40:21.374256Z,2514.49,2514.5,0.01,2514.495,-0.2632823787209951079483561599
ETH-USD,2026-08-30T18:40:21.468819Z,2514.49,2514.5,0.01,2514.495,-0.2632823787209951079483561599
ETH-USD,2026-08-30T18:40:21.619628Z,2514.49,2514.5,0.01,2514.495,-0.2347053309576554449952858627
ETH-USD,2026-08-30T18:40:21.716625Z,2514.49,2514.5,0.01,2514.495,-0.2347053309576554449952858627
ETH-USD,2026-08-30T18:40:21.778999Z,2514.49,2514.5,0.01,2514.495,-0.2347053309576554449952858627
ETH-USD,2026-08-30T18:40:21.818999Z,2514.49,2514.5,0.01,2514.495,-0.2347053309576554449952858627
ETH-USD,2026-08-30T18:40:21.908267Z,2514.49,2514.5,0.01,2514.495,-0.2347076865013845315280442487
ETH-USD,2026-08-30T18:40:21.971281Z,2514.49,2514.5,0.01,2514.495,-0.2347076865013845315280442487
ETH-USD,2026-08-30T18:40:22.015046Z,2514.49,2514.5,0.01,2514.495,-0.2347076865013845315280442487
ETH-USD,2026-08-30T18:40:22.073361Z,2514.49,2514.5,0.01,2514.495,-0.2347076865013845315280442487
ETH-USD,2026-08-30T18:40:22.122665Z,2514.49,2514.5,0.01,2514.495,-0.2346569540574564873544280104
ETH-USD,2026-08-30T18:40:22.189136Z,2514.49,2514.5,0.01,2514.495,-0.2346569540574564873544280104
ETH-USD,2026-08-30T18:40:22.277461Z,2514.49,2514.5,0.01,2514.495,-0.2346569540574564873544280104
ETH-USD,2026-08-30T18:40:22.307968Z,2514.49,2514.5,0.01,2514.495,-0.2346569540574564873544280104
ETH-USD,2026-08-30T18:40:22.367751Z,2514.49,2514.5,0.01,2514.495,-0.2346569540574564873544280104
ETH-USD,2026-08-30T18:40:22.417792Z,2514.49,2514.5,0.01,2514.495,-0.2347085008873092680089007943
ETH-USD,2026-08-30T18:40:22.478818Z,2514.49,2514.5,0.01,2514.495,-0.2347085008873092680089007943
ETH-USD,2026-08-30T18:40:22.50435Z,2514.49,2514.5,0.01,2514.495,-0.2347085008873092680089007943
ETH-USD,2026-08-30T18:40:22.569454Z,2514.49,2514.5,0.01,2514.495,-0.2347085008873092680089007943
ETH-USD,2026-08-30T18:40:22.5798Z,2514.49,2514.5,0.01,2514.495,-0.3286277013021531502370744831
ETH-USD,2026-08-30T18:40:22.672938Z,2514.49,2514.5,0.01,2514.495,-0.3286277013021531502370744831
ETH-USD,2026-08-30T18:40:22.825994Z,2514.49,2514.5,0.01,2514.495,-0.3286277013021531502370744831
ETH-USD,2026-08-30T18:40:22.878491Z,2514.49,2514.5,0.01,2514.495,-0.3721155871893333726177775043
ETH-USD,2026-08-30T18:40:22.901949Z,2514.49,2514.5,0.01,2514.495,-0.2320921604949434873714072345
ETH-USD,2026-08-30T18:40:22.980283Z,2514.49,2514.5,0.01,2514.495,-0.2319679898061377782770382180
ETH-USD,2026-08-30T18:40:23.017495Z,2514.49,2514.5,0.01,2514.495,-0.2319679898061377782770382180
ETH-USD,2026-08-30T18:40:23.061961Z,2514.49,2514.5,0.01,2514.495,-0.2319679898061377782770382180
ETH-USD,2026-08-30T18:40:23.116541Z,2514.49,2514.5,0.01,2514.495,-0.2319679898061377782770382180
ETH-USD,2026-08-30T18:40:23.187349Z,2514.49,2514.5,0.01,2514.495,-0.1754502458488071060721604018
ETH-USD,2026-08-30T18:40:23.208872Z,2514.49,2514.5,0.01,2514.495,-0.1751899957415482972010605581
ETH-USD,2026-08-30T18:40:23.272763Z,2514.49,2514.5,0.01,2514.495,-0.1751899957415482972010605581
ETH-USD,2026-08-30T18:40:23.380831Z,2514.49,2514.5,0.01,2514.495,-0.1751899957415482972010605581
ETH-USD,2026-08-30T18:40:23.388187Z,2514.49,2514.5,0.01,2514.495,-0.1751899957415482972010605581
ETH-USD,2026-08-30T18:40:23.479144Z,2514.49,2514.5,0.01,2514.495,-0.1751899957415482972010605581
ETH-USD,2026-08-30T18:40:23.510885Z,2514.49,2514.5,0.01,2514.495,-0.1754504586472656362408359416
ETH-USD,2026-08-30T18:40:23.575059Z,2514.49,2514.5,0.01,2514.495,-0.1752974361323106571561128314
ETH-USD,2026-08-30T18:40:23.58341Z,2514.49,2514.5,0.01,2514.495,-0.1752974361323106571561128314
ETH-USD,2026-08-30T18:40:23.677326Z,2514.49,2514.5,0.01,2514.495,-0.1752974361323106571561128314
ETH-USD,2026-08-30T18:40:23.682033Z,2514.49,2514.5,0.01,2514.495,-0.1752974361323106571561128314
ETH-USD,2026-08-30T18:40:23.756745Z,2514.49,2514.5,0.01,2514.495,-0.1739747338523892592238189619
ETH-USD,2026-08-30T18:40:23.82418Z,2514.49,2514.5,0.01,2514.495,-0.1739747338523892592238189619
ETH-USD,2026-08-30T18:40:23.948804Z,2514.49,2514.5,0.01,2514.495,-0.1729483789832008786704929634
ETH-USD,2026-08-30T18:40:24.011832Z,2514.49,2514.5,0.01,2514.495,-0.1729483789832008786704929634
ETH-USD,2026-08-30T18:40:24.018966Z,2514.49,2514.5,0.01,2514.495,-0.1729483789832008786704929634
ETH-USD,2026-08-30T18:40:24.075731Z,2514.49,2514.5,0.01,2514.495,-0.1729483789832008786704929634
ETH-USD,2026-08-30T18:40:24.174434Z,2514.49,2514.5,0.01,2514.495,-0.1724244984172738910298801494
ETH-USD,2026-08-30T18:40:24.18Z,2514.49,2514.5,0.01,2514.495,-0.1716374306416669258713914646
ETH-USD,2026-08-30T18:40:24.280379Z,2514.49,2514.5,0.01,2514.495,-0.1716374306416669258713914646
ETH-USD,2026-08-30T18:40:24.351141Z,2514.49,2514.5,0.01,2514.495,-0.1166668083684141896870629014
ETH-USD,2026-08-30T18:40:24.389584Z,2514.49,2514.5,0.01,2514.495,-0.1166668083684141896870629014
ETH-USD,2026-08-30T18:40:24.470995Z,2514.49,2514.5,0.01,2514.495,-0.1166668083684141896870629014
ETH-USD,2026-08-30T18:40:24.475446Z,2514.49,2514.5,0.01,2514.495,-0.1166668083684141896870629014
ETH-USD,2026-08-30T18:40:24.591129Z,2514.49,2514.5,0.01,2514.495,-0.3387373287306367378156268995
ETH-USD,2026-08-30T18:40:24.67047Z,2514.49,2514.5,0.01,2514.495,-0.4747155158500919315890213019
ETH-USD,2026-08-30T18:40:24.680811Z,2514.49,2514.5,0.01,2514.495,-0.1753359575795927795277844473
ETH-USD,2026-08-30T18:40:24.815228Z,2514.49,2514.5,0.01,2514.495,-0.3908031027424248674591851105
ETH-USD,2026-08-30T18:40:24.877909Z,2514.49,2514.5,0.01,2514.495,-0.3803953147735793477805862764
ETH-USD,2026-08-30T18:40:24.910844Z,2514.49,2514.5,0.01,2514.495,-0.3803953147735793477805862764
ETH-USD,2026-08-30T18:40:24.974385Z,2514.49,2514.5,0.01,2514.495,-0.3803953147735793477805862764
ETH-USD,2026-08-30T18:40:25.018827Z,2514.49,2514.5,0.01,2514.495,-0.3803953147735793477805862764
ETH-USD,2026-08-30T18:40:25.079662Z,2514.49,2514.5,0.01,2514.495,-0.3802568542589807429227214898
ETH-USD,2026-08-30T18:40:25.126248Z,2514.49,2514.5,0.01,2514.495,-0.3906673061071133777231525479
ETH-USD,2026-08-30T18:40:25.153741Z,2514.49,2514.5,0.01,2514.495,-0.3906673061071133777231525479
ETH-USD,2026-08-30T18:40:25.27613Z,2514.49,2514.5,0.01,2514.495,-0.3906673061071133777231525479
ETH-USD,2026-08-30T18:40:25.311417Z,2514.49,2514.5,0.01,2514.495,-0.3906673061071133777231525479
ETH-USD,2026-08-30T18:40:25.380128Z,2514.49,2514.5,0.01,2514.495,-0.3906673061071133777231525479
ETH-USD,2026-08-30T18:40:25.395886Z,2514.49,2514.5,0.01,2514.495,-0.3906673061071133777231525479
ETH-USD,2026-08-30T18:40:25.514756Z,2514.49,2514.5,0.01,2514.495,-0.3906673061071133777231525479
ETH-USD,2026-08-30T18:40:25.568451Z,2514.49,2514.5,0.01,2514.495,-0.3906673061071133777231525479
ETH-USD,2026-08-30T18:40:25.589862Z,2514.49,2514.5,0.01,2514.495,-0.3906673061071133777231525479
ETH-USD,2026-08-30T18:40:25.667198Z,2514.49,2514.5,0.01,2514.495,-0.4745609687491967190522760094
ETH-USD,2026-08-30T18:40:25.720862Z,2514.49,2514.5,0.01,2514.495,-0.4745609687491967190522760094
ETH-USD,2026-08-30T18:40:25.763256Z,2514.49,2514.5,0.01,2514.495,-0.4745609687491967190522760094
ETH-USD,2026-08-30T18:40:25.803205Z,2514.49,2514.5,0.01,2514.495,-0.4745609687491967190522760094
ETH-USD,2026-08-30T18:40:25.877407Z,2514.49,2514.5,0.01,2514.495,-0.4750218741244499264746882968
ETH-USD,2026-08-30T18:40:25.972377Z,2514.49,2514.5,0.01,2514.495,-0.4750218741244499264746882968
ETH-USD,2026-08-30T18:40:26.019117Z,2514.49,2514.5,0.01,2514.495,-0.4750218741244499264746882968
ETH-USD,2026-08-30T18:40:26.07091Z,2514.49,2514.5,0.01,2514.495,-0.4750218741244499264746882968
ETH-USD,2026-08-30T18:40:26.122227Z,2514.49,2514.5,0.01,2514.495,-0.4750218741244499264746882968
ETH-USD,2026-08-30T18:40:26.168545Z,2514.49,2514.5,0.01,2514.495,-0.4750218741244499264746882968
ETH-USD,2026-08-30T18:40:26.216088Z,2514.49,2514.5,0.01,2514.495,-0.4750218741244499264746882968
ETH-USD,2026-08-30T18:40:26.274276Z,2514.49,2514.5,0.01,2514.495,-0.4750218741244499264746882968
ETH-USD,2026-08-30T18:40:26.402232Z,2514.49,2514.5,0.01,2514.495,-0.4750218741244499264746882968
ETH-USD,2026-08-30T18:40:26.472137Z,2514.49,2514.5,0.01,2514.495,-0.4750218741244499264746882968
ETH-USD,2026-08-30T18:40:26.579228Z,2514.49,2514.5,0.01,2514.495,-0.8008357897378732686491877988
ETH-USD,2026-08-30T18:40:26.62399Z,2514.49,2514.5,0.01,2514.495,-0.8008357897378732686491877988
ETH-USD,2026-08-30T18:40:26.671358Z,2514.45,2514.5,0.05,2514.475,-0.4747151788613998574877955747
ETH-USD,2026-08-30T18:40:26.71763Z,2514.46,2514.5,0.04,2514.48,-0.8008110814381520013088343717
ETH-USD,2026-08-30T18:40:26.782567Z,2514.49,2514.5,0.01,2514.495,-0.7489594999818495945304361311
ETH-USD,2026-08-30T18:40:26.799598Z,2514.49,2514.5,0.01,2514.495,-0.7489509444903665476965481992
ETH-USD,2026-08-30T18:40:26.872084Z,2514.49,2514.5,0.01,2514.495,-0.8008110858605541442563426976
ETH-USD,2026-08-30T18:40:26.937098Z,2514.42,2514.5,0.08,2514.46,-0.8008110814381520013088343717
ETH-USD,2026-08-30T18:40:27.022442Z,2514.49,2514.5,0.01,2514.495,-0.4747212616913304935914754491
ETH-USD,2026-08-30T18:40:27.055949Z,2514.8,2514.83,0.03,2514.815,0.3135786394584428930772328817
ETH-USD,2026-08-30T18:40:27.075852Z,2514.72,2514.95,0.23,2514.835,0.3751058112633939326189444851
ETH-USD,2026-08-30T18:40:27.084153Z,2514.57,2514.85,0.28,2514.71,0.1462016935518321104736003026
ETH-USD,2026-08-30T18:40:27.166399Z,2514.69,2514.79,0.10,2514.74,0.3484393172870186276902719623
ETH-USD,2026-08-30T18:40:27.29969Z,2514.73,2514.74,0.01,2514.735,-0.1922794788635077521384090739
ETH-USD,2026-08-30T18:40:27.351804Z,2514.73,2514.74,0.01,2514.735,-0.2522649595060836371429144872
ETH-USD,2026-08-30T18:40:27.432036Z,2514.73,2514.74,0.01,2514.735,0.06829428320532699478968499450
ETH-USD,2026-08-30T18:40:27.492274Z,2514.73,2514.74,0.01,2514.735,0.06829428320532699478968499450
ETH-USD,2026-08-30T18:40:27.513054Z,2514.73,2514.74,0.01,2514.735,0.06829428320532699478968499450
ETH-USD,2026-08-30T18:40:27.697737Z,2514.73,2514.74,0.01,2514.735,0.06829428320532699478968499450
ETH-USD,2026-08-30T18:40:27.775819Z,2514.73,2514.74,0.01,2514.735,0.06829428320532699478968499450
ETH-USD,2026-08-30T18:40:27.814775Z,2514.73,2514.74,0.01,2514.735,0.01565114019297376192313984593
ETH-USD,2026-08-30T18:40:27.862399Z,2514.73,2514.74,0.01,2514.735,-0.1993601572823310864764775927
ETH-USD,2026-08-30T18:40:27.924242Z,2514.54,2514.74,0.20,2514.64,-0.06575645795402450321362609953
ETH-USD,2026-08-30T18:40:27.974808Z,2514.61,2514.65,0.04,2514.63,-0.02622421602532550998325640072
ETH-USD,2026-08-30T18:40:28.055643Z,2514.64,2514.65,0.01,2514.645,0.1961763555164263781913725423
ETH-USD,2026-08-30T18:40:28.085729Z,2514.64,2514.65,0.01,2514.645,0.1962320064010470003479644351
ETH-USD,2026-08-30T18:40:28.224983Z,2514.64,2514.65,0.01,2514.645,0.1962320064010470003479644351
ETH-USD,2026-08-30T18:40:28.275907Z,2514.64,2514.65,0.01,2514.645,0.1962320064010470003479644351
ETH-USD,2026-08-30T18:40:28.374612Z,2514.64,2514.65,0.01,2514.645,0.1962320064010470003479644351
ETH-USD,2026-08-30T18:40:28.493461Z,2514.64,2514.65,0.01,2514.645,0.1962320064010470003479644351
ETH-USD,2026-08-30T18:40:28.573473Z,2514.64,2514.65,0.01,2514.645,0.1962320064010470003479644351
ETH-USD,2026-08-30T18:40:28.672859Z,2514.64,2514.65,0.01,2514.645,0.1962320064010470003479644351
ETH-USD,2026-08-30T18:40:28.711555Z,2514.64,2514.65,0.01,2514.645,0.1962320064010470003479644351
ETH-USD,2026-08-30T18:40:28.738364Z,2514.64,2514.65,0.01,2514.645,0.1962320064010470003479644351
ETH-USD,2026-08-30T18:40:28.874234Z,2514.64,2514.65,0.01,2514.645,0.1962320064010470003479644351
ETH-USD,2026-08-30T18:40:28.92309Z,2514.64,2514.65,0.01,2514.645,0.1962320064010470003479644351
ETH-USD,2026-08-30T18:40:28.974873Z,2514.64,2514.65,0.01,2514.645,0.1962320064010470003479644351
ETH-USD,2026-08-30T18:40:29.014851Z,2514.64,2514.65,0.01,2514.645,0.2691198264233002456156037194
ETH-USD,2026-08-30T18:40:29.036062Z,2514.64,2514.65,0.01,2514.645,0.1573738564021543019432570429
ETH-USD,2026-08-30T18:40:29.117494Z,2514.64,2514.65,0.01,2514.645,0.2040259849714088404397393967
ETH-USD,2026-08-30T18:40:29.175028Z,2514.64,2514.65,0.01,2514.645,0.2040259849714088404397393967
ETH-USD,2026-08-30T18:40:29.217866Z,2514.64,2514.65,0.01,2514.645,0.2040259849714088404397393967
ETH-USD,2026-08-30T18:40:29.272215Z,2514.64,2514.65,0.01,2514.645,0.3226556525218666193367207830
ETH-USD,2026-08-30T18:40:29.294043Z,2514.64,2514.65,0.01,2514.645,0.2040259849714088404397393967
ETH-USD,2026-08-30T18:40:29.35522Z,2514.64,2514.65,0.01,2514.645,-0.07880378946893775335816155351
ETH-USD,2026-08-30T18:40:29.475886Z,2514.64,2514.65,0.01,2514.645,-0.07880378946893775335816155351
ETH-USD,2026-08-30T18:40:29.533392Z,2514.64,2514.65,0.01,2514.645,-0.07880378946893775335816155351
ETH-USD,2026-08-30T18:40:29.572402Z,2514.64,2514.65,0.01,2514.645,-0.07875172355983753661957167251
ETH-USD,2026-08-30T18:40:29.597527Z,2514.64,2514.65,0.01,2514.645,-0.07875172355983753661957167251
ETH-USD,2026-08-30T18:40:29.662208Z,2514.64,2514.65,0.01,2514.645,-0.07875172355983753661957167251
ETH-USD,2026-08-30T18:40:29.786124Z,2514.64,2514.65,0.01,2514.645,-0.07875172355983753661957167251
ETH-USD,2026-08-30T18:40:29.791238Z,2514.64,2514.65,0.01,2514.645,-0.07875172355983753661957167251
ETH-USD,2026-08-30T18:40:29.875858Z,2514.64,2514.65,0.01,2514.645,-0.07875172355983753661957167251
ETH-USD,2026-08-30T18:40:30.02098Z,2514.65,2514.66,0.01,2514.655,-0.02287393799310686321742733974
ETH-USD,2026-08-30T18:40:30.072952Z,2514.65,2514.66,0.01,2514.655,-0.02287393799310686321742733974
ETH-USD,2026-08-30T18:40:30.111555Z,2514.65,2514.66,0.01,2514.655,-0.02281415857593099725232343264
ETH-USD,2026-08-30T18:40:30.136224Z,2514.65,2514.66,0.01,2514.655,-0.02269964171610027289282113796
ETH-USD,2026-08-30T18:40:30.167563Z,2514.65,2514.66,0.01,2514.655,-0.02269964171610027289282113796
ETH-USD,2026-08-30T18:40:30.253783Z,2514.65,2514.66,0.01,2514.655,-0.02269964171610027289282113796
ETH-USD,2026-08-30T18:40:30.374038Z,2514.65,2514.66,0.01,2514.655,-0.02269964171610027289282113796
ETH-USD,2026-08-30T18:40:30.402879Z,2514.65,2514.66,0.01,2514.655,0.09538052128702522328901397976
ETH-USD,2026-08-30T18:40:30.467797Z,2514.65,2514.66,0.01,2514.655,0.09538009605630885797115476604
ETH-USD,2026-08-30T18:40:30.498357Z,2514.65,2514.66,0.01,2514.655,0.09538009605630885797115476604
ETH-USD,2026-08-30T18:40:30.668549Z,2514.65,2514.66,0.01,2514.655,0.09538009605630885797115476604
ETH-USD,2026-08-30T18:40:30.676748Z,2514.65,2514.66,0.01,2514.655,0.09538009605630885797115476604
ETH-USD,2026-08-30T18:40:30.772703Z,2514.65,2514.66,0.01,2514.655,0.09538009605630885797115476604
ETH-USD,2026-08-30T18:40:30.973934Z,2514.65,2514.66,0.01,2514.655,0.09538009605630885797115476604
ETH-USD,2026-08-30T18:40:31.017927Z,2514.65,2514.66,0.01,2514.655,0.09538009605630885797115476604
ETH-USD,2026-08-30T18:40:31.073328Z,2514.65,2514.66,0.01,2514.655,0.09538009605630885797115476604
ETH-USD,2026-08-30T18:40:31.17425Z,2514.65,2514.66,0.01,2514.655,0.09538009605630885797115476604
ETH-USD,2026-08-30T18:40:31.276864Z,2514.65,2514.66,0.01,2514.655,0.09538009605630885797115476604
ETH-USD,2026-08-30T18:40:31.376858Z,2514.65,2514.66,0.01,2514.655,0.09538009605630885797115476604
ETH-USD,2026-08-30T18:40:31.417833Z,2514.65,2514.66,0.01,2514.655,-0.05957412349694603043729874191
ETH-USD,2026-08-30T18:40:31.516109Z,2514.65,2514.66,0.01,2514.655,0.09538009605630885797115476604
ETH-USD,2026-08-30T18:40:31.574111Z,2514.65,2514.66,0.01,2514.655,0.09538009605630885797115476604
ETH-USD,2026-08-30T18:40:31.591477Z,2514.65,2514.66,0.01,2514.655,0.09538009605630885797115476604
ETH-USD,2026-08-30T18:40:31.674767Z,2514.65,2514.66,0.01,2514.655,0.09538009605630885797115476604
ETH-USD,2026-08-30T18:40:31.782409Z,2514.65,2514.66,0.01,2514.655,0.09538009605630885797115476604
ETH-USD,2026-08-30T18:40:31.874902Z,2514.65,2514.66,0.01,2514.655,0.09538009605630885797115476604
ETH-USD,2026-08-30T18:40:31.971164Z,2514.65,2514.66,0.01,2514.655,0.09538009605630885797115476604
ETH-USD,2026-08-30T18:40:32.018101Z,2514.65,2514.66,0.01,2514.655,0.09538009605630885797115476604
ETH-USD,2026-08-30T18:40:32.058698Z,2514.65,2514.66,0.01,2514.655,0.09538009605630885797115476604
ETH-USD,2026-08-30T18:40:32.173551Z,2514.65,2514.66,0.01,2514.655,0.09538009605630885797115476604
ETH-USD,2026-08-30T18:40:32.208945Z,2514.65,2514.66,0.01,2514.655,0.09538009605630885797115476604
ETH-USD,2026-08-30T18:40:32.273248Z,2514.65,2514.66,0.01,2514.655,0.09538009605630885797115476604
ETH-USD,2026-08-30T18:40:32.299812Z,2514.65,2514.66,0.01,2514.655,0.09538009605630885797115476604
ETH-USD,2026-08-30T18:40:32.380833Z,2514.65,2514.66,0.01,2514.655,0.09538009605630885797115476604
ETH-USD,2026-08-30T18:40:32.4199Z,2514.65,2514.66,0.01,2514.655,0.09538009605630885797115476604
ETH-USD,2026-08-30T18:40:32.469522Z,2514.65,2514.66,0.01,2514.655,0.2223758782680700945311400434
ETH-USD,2026-08-30T18:40:32.493522Z,2514.65,2514.66,0.01,2514.655,0.2223758782680700945311400434
ETH-USD,2026-08-30T18:40:32.572854Z,2514.65,2514.66,0.01,2514.655,0.2223758782680700945311400434
ETH-USD,2026-08-30T18:40:32.597377Z,2514.65,2514.66,0.01,2514.655,0.09538009605630885797115476604
ETH-USD,2026-08-30T18:40:32.643789Z,2514.65,2514.66,0.01,2514.655,0.09538009605630885797115476604
ETH-USD,2026-08-30T18:40:32.768564Z,2514.65,2514.66,0.01,2514.655,0.09538009605630885797115476604
ETH-USD,2026-08-30T18:40:32.786317Z,2514.65,2514.66,0.01,2514.655,0.09538009605630885797115476604
ETH-USD,2026-08-30T18:40:32.882385Z,2514.65,2514.66,0.01,2514.655,0.09538009605630885797115476604
ETH-USD,2026-08-30T18:40:33.017476Z,2514.65,2514.66,0.01,2514.655,-0.002711789309831216808826514018
ETH-USD,2026-08-30T18:40:33.074498Z,2514.65,2514.66,0.01,2514.655,-0.002711789309831216808826514018
ETH-USD,2026-08-30T18:40:33.17314Z,2514.65,2514.66,0.01,2514.655,-0.002711789309831216808826514018
ETH-USD,2026-08-30T18:40:33.267275Z,2514.65,2514.66,0.01,2514.655,-0.002711789309831216808826514018
ETH-USD,2026-08-30T18:40:33.374139Z,2514.65,2514.66,0.01,2514.655,-0.002711789309831216808826514018
ETH-USD,2026-08-30T18:40:33.390374Z,2514.65,2514.66,0.01,2514.655,-0.002711789309831216808826514018
ETH-USD,2026-08-30T18:40:33.472473Z,2514.65,2514.66,0.01,2514.655,-0.002711789309831216808826514018
ETH-USD,2026-08-30T18:40:33.520254Z,2514.65,2514.66,0.01,2514.655,-0.002711789309831216808826514018
ETH-USD,2026-08-30T18:40:33.673539Z,2514.65,2514.66,0.01,2514.655,-0.002711789309831216808826514018
ETH-USD,2026-08-30T18:40:33.772229Z,2514.65,2514.66,0.01,2514.655,-0.002711789309831216808826514018
ETH-USD,2026-08-30T18:40:33.930637Z,2514.65,2514.66,0.01,2514.655,-0.002711789309831216808826514018
ETH-USD,2026-08-30T18:40:33.944551Z,2514.65,2514.66,0.01,2514.655,-0.002711789309831216808826514018
ETH-USD,2026-08-30T18:40:34.018289Z,2514.65,2514.66,0.01,2514.655,-0.002711789309831216808826514018
ETH-USD,2026-08-30T18:40:34.072402Z,2514.65,2514.66,0.01,2514.655,-0.002711789309831216808826514018
ETH-USD,2026-08-30T18:40:34.097151Z,2514.65,2514.66,0.01,2514.655,-0.002711789309831216808826514018
ETH-USD,2026-08-30T18:40:34.27666Z,2514.65,2514.66,0.01,2514.655,-0.002711789309831216808826514018
ETH-USD,2026-08-30T18:40:34.332204Z,2514.65,2514.66,0.01,2514.655,-0.002711789309831216808826514018
ETH-USD,2026-08-30T18:40:34.375717Z,2514.65,2514.66,0.01,2514.655,-0.6252852054664666835721838281
ETH-USD,2026-08-30T18:40:34.420278Z,2514.65,2514.66,0.01,2514.655,-0.1977638331553261009313537736
ETH-USD,2026-08-30T18:40:34.478873Z,2514.41,2514.66,0.25,2514.535,0.4651434320878816397277835352
ETH-USD,2026-08-30T18:40:34.522216Z,2514.5,2514.58,0.08,2514.54,-0.5776375725738883912788477640
ETH-USD,2026-08-30T18:40:34.581263Z,2514.42,2514.58,0.16,2514.50,-0.03534603170133436697014391675
ETH-USD,2026-08-30T18:40:34.614929Z,2514.42,2514.58,0.16,2514.50,-0.03534603170133436697014391675
ETH-USD,2026-08-30T18:40:34.672221Z,2514.42,2514.58,0.16,2514.50,-0.03534603170133436697014391675
ETH-USD,2026-08-30T18:40:34.725331Z,2514.42,2514.58,0.16,2514.50,-0.03534603170133436697014391675
ETH-USD,2026-08-30T18:40:34.821841Z,2514.51,2514.58,0.07,2514.545,-0.5755879651007658628946445742
ETH-USD,2026-08-30T18:40:34.87316Z,2514.51,2514.58,0.07,2514.545,-0.5755879651007658628946445742
ETH-USD,2026-08-30T18:40:34.908816Z,2514.51,2514.58,0.07,2514.545,-0.7214835841772658588952606856
ETH-USD,2026-08-30T18:40:34.981118Z,2514.51,2514.58,0.07,2514.545,-0.6782861048275201621379347041
ETH-USD,2026-08-30T18:40:35.021152Z,2514.51,2514.58,0.07,2514.545,-0.5178601078558669159902315833
ETH-USD,2026-08-30T18:40:35.076361Z,2514.51,2514.58,0.07,2514.545,-0.6782860967483864380644050497
ETH-USD,2026-08-30T18:40:35.132674Z,2514.42,2514.57,0.15,2514.495,-0.5626674228422463551521021253
ETH-USD,2026-08-30T18:40:35.16145Z,2514.42,2514.56,0.14,2514.49,-0.5624333363018615483826932016
ETH-USD,2026-08-30T18:40:35.174461Z,2514.42,2514.56,0.14,2514.49,-0.5624333363018615483826932016
ETH-USD,2026-08-30T18:40:35.328244Z,2514.55,2514.56,0.01,2514.555,-0.5614360021336862750174259982
ETH-USD,2026-08-30T18:40:35.359971Z,2514.55,2514.56,0.01,2514.555,-0.3572254675535585506983798782
ETH-USD,2026-08-30T18:40:35.390717Z,2514.55,2514.56,0.01,2514.555,-0.3570488916111264922035757694
ETH-USD,2026-08-30T18:40:35.443265Z,2514.55,2514.56,0.01,2514.555,-0.3570488916111264922035757694
ETH-USD,2026-08-30T18:40:35.479659Z,2514.55,2514.56,0.01,2514.555,-0.3570488916111264922035757694
ETH-USD,2026-08-30T18:40:35.580096Z,2514.55,2514.56,0.01,2514.555,-0.3570488916111264922035757694
ETH-USD,2026-08-30T18:40:35.668041Z,2514.55,2514.56,0.01,2514.555,-0.3570488916111264922035757694
ETH-USD,2026-08-30T18:40:35.675125Z,2514.55,2514.56,0.01,2514.555,-0.3570488916111264922035757694
ETH-USD,2026-08-30T18:40:35.77725Z,2514.55,2514.56,0.01,2514.555,-0.3570488916111264922035757694
ETH-USD,2026-08-30T18:40:35.87608Z,2514.55,2514.56,0.01,2514.555,-0.3570488916111264922035757694
ETH-USD,2026-08-30T18:40:36.014422Z,2514.55,2514.56,0.01,2514.555,-0.3570488916111264922035757694
ETH-USD,2026-08-30T18:40:36.068837Z,2514.55,2514.56,0.01,2514.555,-0.3570488916111264922035757694
ETH-USD,2026-08-30T18:40:36.110637Z,2514.55,2514.56,0.01,2514.555,-0.3570488916111264922035757694
ETH-USD,2026-08-30T18:40:36.172218Z,2514.55,2514.56,0.01,2514.555,-0.4753342385234603077949385901
ETH-USD,2026-08-30T18:40:36.374283Z,2514.55,2514.56,0.01,2514.555,-0.4753342385234603077949385901
ETH-USD,2026-08-30T18:40:36.474082Z,2514.55,2514.56,0.01,2514.555,-0.4753342385234603077949385901
ETH-USD,2026-08-30T18:40:36.499039Z,2514.55,2514.56,0.01,2514.555,-0.4753342385234603077949385901
ETH-USD,2026-08-30T18:40:36.536291Z,2514.55,2514.56,0.01,2514.555,-0.4753342385234603077949385901
ETH-USD,2026-08-30T18:40:36.675134Z,2514.55,2514.56,0.01,2514.555,-0.2604644360851533252650068735
ETH-USD,2026-08-30T18:40:36.702912Z,2514.55,2514.56,0.01,2514.555,-0.04933626097069532640159014838
ETH-USD,2026-08-30T18:40:36.771273Z,2514.55,2514.56,0.01,2514.555,0.3009676386190653021463783967
ETH-USD,2026-08-30T18:40:36.817256Z,2514.55,2514.56,0.01,2514.555,0.3009676386190653021463783967
ETH-USD,2026-08-30T18:40:36.8678Z,2514.55,2514.56,0.01,2514.555,0.3009676386190653021463783967
ETH-USD,2026-08-30T18:40:36.930929Z,2514.55,2514.56,0.01,2514.555,0.3009676386190653021463783967
ETH-USD,2026-08-30T18:40:36.976317Z,2514.55,2514.56,0.01,2514.555,0.3009676386190653021463783967
ETH-USD,2026-08-30T18:40:37.019195Z,2514.55,2514.56,0.01,2514.555,0.3009676386190653021463783967
ETH-USD,2026-08-30T18:40:37.082507Z,2514.55,2514.56,0.01,2514.555,-0.09968026977140878881353314468
ETH-USD,2026-08-30T18:40:37.172612Z,2514.55,2514.56,0.01,2514.555,-0.8831330635285846532351122766
ETH-USD,2026-08-30T18:40:37.23161Z,2514.48,2514.56,0.08,2514.52,-0.6397000219589975859752194928
ETH-USD,2026-08-30T18:40:37.249899Z,2514.49,2514.55,0.06,2514.52,-0.8638140818010904357670650371
ETH-USD,2026-08-30T18:40:37.346896Z,2514.52,2514.53,0.01,2514.525,-0.6192512989211597929960505596
ETH-USD,2026-08-30T18:40:37.376631Z,2514.52,2514.53,0.01,2514.525,-0.6191105854288354340648861379
ETH-USD,2026-08-30T18:40:37.471559Z,2514.52,2514.53,0.01,2514.525,-0.5512951325812894084516673696
ETH-USD,2026-08-30T18:40:37.532907Z,2514.53,2514.54,0.01,2514.535,-0.8370302958398050449469557259
ETH-USD,2026-08-30T18:40:37.577659Z,2514.41,2514.54,0.13,2514.475,-0.8053874438550279443270009937
ETH-USD,2026-08-30T18:40:37.602259Z,2514.53,2514.54,0.01,2514.535,-0.6668847101646939753500684688
ETH-USD,2026-08-30T18:40:37.657119Z,2514.53,2514.54,0.01,2514.535,-0.6668847101646939753500684688
ETH-USD,2026-08-30T18:40:37.726559Z,2514.53,2514.54,0.01,2514.535,-0.04881654508056708702499501546
ETH-USD,2026-08-30T18:40:37.827318Z,2514.53,2514.54,0.01,2514.535,-0.04881654508056708702499501546
ETH-USD,2026-08-30T18:40:37.875606Z,2514.53,2514.54,0.01,2514.535,-0.04881654508056708702499501546
ETH-USD,2026-08-30T18:40:37.90564Z,2514.53,2514.54,0.01,2514.535,-0.04881654508056708702499501546
ETH-USD,2026-08-30T18:40:37.978569Z,2514.53,2514.54,0.01,2514.535,-0.04791665208917794317386450769
ETH-USD,2026-08-30T18:40:38.018468Z,2514.53,2514.54,0.01,2514.535,-0.5484765579619254725283641133
ETH-USD,2026-08-30T18:40:38.051276Z,2514.53,2514.54,0.01,2514.535,-0.4888000708381681598292010073
ETH-USD,2026-08-30T18:40:38.173249Z,2514.53,2514.54,0.01,2514.535,-0.4888000708381681598292010073
ETH-USD,2026-08-30T18:40:38.298155Z,2514.53,2514.54,0.01,2514.535,-0.3600425850122291315190803349
ETH-USD,2026-08-30T18:40:38.392032Z,2514.53,2514.54,0.01,2514.535,-0.3600425850122291315190803349
ETH-USD,2026-08-30T18:40:38.474028Z,2514.53,2514.54,0.01,2514.535,-0.3600425850122291315190803349
ETH-USD,2026-08-30T18:40:38.567665Z,2514.53,2514.54,0.01,2514.535,-0.3600425850122291315190803349
ETH-USD,2026-08-30T18:40:38.598504Z,2514.53,2514.54,0.01,2514.535,-0.3600425850122291315190803349
ETH-USD,2026-08-30T18:40:38.666397Z,2514.53,2514.54,0.01,2514.535,-0.3600425850122291315190803349
ETH-USD,2026-08-30T18:40:38.775552Z,2514.53,2514.54,0.01,2514.535,-0.3600425850122291315190803349
ETH-USD,2026-08-30T18:40:38.875526Z,2514.53,2514.54,0.01,2514.535,-0.3600425850122291315190803349
ETH-USD,2026-08-30T18:40:38.932694Z,2514.53,2514.54,0.01,2514.535,0.2801527225643893427148478162
ETH-USD,2026-08-30T18:40:38.946556Z,2514.53,2514.54,0.01,2514.535,0.2801516576452165514405827861
ETH-USD,2026-08-30T18:40:39.033557Z,2514.53,2514.54,0.01,2514.535,0.2801516576452165514405827861
ETH-USD,2026-08-30T18:40:39.07439Z,2514.53,2514.54,0.01,2514.535,0.3934320645264440405123304674
ETH-USD,2026-08-30T18:40:39.126193Z,2514.53,2514.54,0.01,2514.535,0.3934320645264440405123304674
ETH-USD,2026-08-30T18:40:39.175062Z,2514.53,2514.54,0.01,2514.535,0.3934320645264440405123304674
ETH-USD,2026-08-30T18:40:39.27516Z,2514.53,2514.54,0.01,2514.535,0.2606414314733646014326190668
ETH-USD,2026-08-30T18:40:39.311364Z,2514.53,2514.54,0.01,2514.535,0.2606414314733646014326190668
ETH-USD,2026-08-30T18:40:39.38173Z,2514.53,2514.54,0.01,2514.535,0.2606414314733646014326190668
ETH-USD,2026-08-30T18:40:39.388475Z,2514.53,2514.54,0.01,2514.535,0.2606414314733646014326190668
ETH-USD,2026-08-30T18:40:39.473273Z,2514.53,2514.54,0.01,2514.535,-0.4314081346226250836703855423
ETH-USD,2026-08-30T18:40:39.629117Z,2514.53,2514.54,0.01,2514.535,-0.4812925028793309466430277059
ETH-USD,2026-08-30T18:40:39.674673Z,2514.53,2514.54,0.01,2514.535,-0.4314081346226250836703855423
ETH-USD,2026-08-30T18:40:39.726332Z,2514.53,2514.54,0.01,2514.535,-0.4314081346226250836703855423
ETH-USD,2026-08-30T18:40:39.776533Z,2514.53,2514.54,0.01,2514.535,-0.4314081346226250836703855423
ETH-USD,2026-08-30T18:40:39.839553Z,2514.53,2514.54,0.01,2514.535,-0.4314081346226250836703855423
ETH-USD,2026-08-30T18:40:39.897763Z,2514.53,2514.54,0.01,2514.535,-0.4259930456464128568455845629
ETH-USD,2026-08-30T18:40:39.972637Z,2514.53,2514.54,0.01,2514.535,-0.4259930456464128568455845629
ETH-USD,2026-08-30T18:40:40.015964Z,2514.53,2514.54,0.01,2514.535,-0.4259930456464128568455845629
ETH-USD,2026-08-30T18:40:40.073314Z,2514.53,2514.54,0.01,2514.535,-0.4865735569989965177330995942
ETH-USD,2026-08-30T18:40:40.100292Z,2514.53,2514.54,0.01,2514.535,-0.4865735569989965177330995942
ETH-USD,2026-08-30T18:40:40.218346Z,2514.53,2514.54,0.01,2514.535,-0.4902459146095657347477042390
ETH-USD,2026-08-30T18:40:40.268969Z,2514.53,2514.54,0.01,2514.535,-0.4899136263304350192814510464
ETH-USD,2026-08-30T18:40:40.301672Z,2514.53,2514.54,0.01,2514.535,-0.4899136263304350192814510464
ETH-USD,2026-08-30T18:40:40.372897Z,2514.53,2514.54,0.01,2514.535,-0.4899136263304350192814510464
ETH-USD,2026-08-30T18:40:40.392046Z,2514.53,2514.54,0.01,2514.535,-0.4899136263304350192814510464
ETH-USD,2026-08-30T18:40:40.476755Z,2514.53,2514.54,0.01,2514.535,-0.4899144201649670447638272326
ETH-USD,2026-08-30T18:40:40.511333Z,2514.53,2514.54,0.01,2514.535,-0.4899144201649670447638272326
ETH-USD,2026-08-30T18:40:40.571748Z,2514.53,2514.54,0.01,2514.535,-0.4902462233714744378704276949
ETH-USD,2026-08-30T18:40:40.67805Z,2514.53,2514.54,0.01,2514.535,-0.4902462233714744378704276949
ETH-USD,2026-08-30T18:40:40.685973Z,2514.53,2514.54,0.01,2514.535,-0.4902462233714744378704276949
ETH-USD,2026-08-30T18:40:40.777283Z,2514.53,2514.54,0.01,2514.535,-0.4902470168671455593467383069
ETH-USD,2026-08-30T18:40:40.824963Z,2514.53,2514.54,0.01,2514.535,-0.4902470168671455593467383069
ETH-USD,2026-08-30T18:40:40.877881Z,2514.53,2514.54,0.01,2514.535,-0.4902470168671455593467383069
ETH-USD,2026-08-30T18:40:40.933321Z,2514.53,2514.54,0.01,2514.535,-0.4902470168671455593467383069
ETH-USD,2026-08-30T18:40:40.972998Z,2514.53,2514.54,0.01,2514.535,-0.4902470168671455593467383069
ETH-USD,2026-08-30T18:40:41.019685Z,2514.53,2514.54,0.01,2514.535,-0.4902470168671455593467383069
ETH-USD,2026-08-30T18:40:41.101609Z,2514.53,2514.54,0.01,2514.535,-0.4902470168671455593467383069
ETH-USD,2026-08-30T18:40:41.168362Z,2514.53,2514.54,0.01,2514.535,-0.4902470168671455593467383069
ETH-USD,2026-08-30T18:40:41.174904Z,2514.53,2514.54,0.01,2514.535,-0.4902470168671455593467383069
ETH-USD,2026-08-30T18:40:41.272539Z,2514.53,2514.54,0.01,2514.535,-0.4902470168671455593467383069
ETH-USD,2026-08-30T18:40:41.417367Z,2514.53,2514.54,0.01,2514.535,-0.4902470168671455593467383069
ETH-USD,2026-08-30T18:40:41.470898Z,2514.53,2514.54,0.01,2514.535,-0.4902470168671455593467383069
ETH-USD,2026-08-30T18:40:41.582019Z,2514.53,2514.54,0.01,2514.535,-0.4902470168671455593467383069
ETH-USD,2026-08-30T18:40:41.622752Z,2514.53,2514.54,0.01,2514.535,-0.4945189325539253576464922970
ETH-USD,2026-08-30T18:40:41.635471Z,2514.53,2514.54,0.01,2514.535,-0.4745237652170026372072235774
ETH-USD,2026-08-30T18:40:41.774637Z,2514.53,2514.54,0.01,2514.535,-0.4745237652170026372072235774
ETH-USD,2026-08-30T18:40:41.793748Z,2514.53,2514.54,0.01,2514.535,-0.4745237652170026372072235774
ETH-USD,2026-08-30T18:40:41.876415Z,2514.53,2514.54,0.01,2514.535,-0.4745237652170026372072235774
ETH-USD,2026-08-30T18:40:41.910981Z,2514.53,2514.54,0.01,2514.535,-0.4745237652170026372072235774
ETH-USD,2026-08-30T18:40:41.960467Z,2514.53,2514.54,0.01,2514.535,-0.4945189400328086776513269879
ETH-USD,2026-08-30T18:40:42.013206Z,2514.53,2514.54,0.01,2514.535,-0.4945189400328086776513269879
ETH-USD,2026-08-30T18:40:42.072661Z,2514.53,2514.54,0.01,2514.535,-0.4945189400328086776513269879
ETH-USD,2026-08-30T18:40:42.173157Z,2514.53,2514.54,0.01,2514.535,-0.4945189400328086776513269879
ETH-USD,2026-08-30T18:40:42.192922Z,2514.53,2514.54,0.01,2514.535,-0.4945189400328086776513269879
ETH-USD,2026-08-30T18:40:42.267346Z,2514.53,2514.54,0.01,2514.535,-0.4945189400328086776513269879
ETH-USD,2026-08-30T18:40:42.374761Z,2514.53,2514.54,0.01,2514.535,-0.4945189400328086776513269879
ETH-USD,2026-08-30T18:40:42.403238Z,2514.53,2514.54,0.01,2514.535,-0.4945189400328086776513269879
ETH-USD,2026-08-30T18:40:42.477305Z,2514.53,2514.54,0.01,2514.535,-0.4945189400328086776513269879
ETH-USD,2026-08-30T18:40:42.508321Z,2514.53,2514.54,0.01,2514.535,-0.4945189400328086776513269879
ETH-USD,2026-08-30T18:40:42.541712Z,2514.53,2514.54,0.01,2514.535,-0.4945189400328086776513269879
ETH-USD,2026-08-30T18:40:42.675353Z,2514.53,2514.54,0.01,2514.535,-0.4945189400328086776513269879
ETH-USD,2026-08-30T18:40:42.773037Z,2514.53,2514.54,0.01,2514.535,-0.4945189400328086776513269879
ETH-USD,2026-08-30T18:40:42.816097Z,2514.53,2514.54,0.01,2514.535,-0.4945189400328086776513269879
ETH-USD,2026-08-30T18:40:42.867031Z,2514.53,2514.54,0.01,2514.535,-0.3656701147987051638742949646
ETH-USD,2026-08-30T18:40:42.87796Z,2514.53,2514.54,0.01,2514.535,-0.3656701147987051638742949646
ETH-USD,2026-08-30T18:40:42.974981Z,2514.53,2514.54,0.01,2514.535,-0.3656701147987051638742949646
ETH-USD,2026-08-30T18:40:43.017567Z,2514.53,2514.54,0.01,2514.535,-0.3656701147987051638742949646
ETH-USD,2026-08-30T18:40:43.0768Z,2514.53,2514.54,0.01,2514.535,-0.5353100092918488651444580492
ETH-USD,2026-08-30T18:40:43.179279Z,2514.49,2514.54,0.05,2514.515,-0.5519843523209785996581911422
ETH-USD,2026-08-30T18:40:43.187567Z,2514.49,2514.54,0.05,2514.515,-0.5521136486991676462292696468
ETH-USD,2026-08-30T18:40:43.28215Z,2514.49,2514.54,0.05,2514.515,-0.5522421469341105237306427666
ETH-USD,2026-08-30T18:40:43.328915Z,2514.49,2514.54,0.05,2514.515,-0.7343989277613386860229283307
ETH-USD,2026-08-30T18:40:43.367287Z,2514.53,2514.54,0.01,2514.535,-0.4323711142635615970810315049
ETH-USD,2026-08-30T18:40:43.433049Z,2514.53,2514.54,0.01,2514.535,-0.3517853094741491108442836126
ETH-USD,2026-08-30T18:40:43.43728Z,2514.53,2514.54,0.01,2514.535,-0.3517853094741491108442836126
ETH-USD,2026-08-30T18:40:43.527435Z,2514.53,2514.54,0.01,2514.535,-0.3517853094741491108442836126
ETH-USD,2026-08-30T18:40:43.574679Z,2514.53,2514.54,0.01,2514.535,-0.3517853094741491108442836126
ETH-USD,2026-08-30T18:40:43.597403Z,2514.53,2514.54,0.01,2514.535,-0.4067087938821186268813941486
ETH-USD,2026-08-30T18:40:43.668215Z,2514.53,2514.54,0.01,2514.535,-0.4843897541739310896896720683
ETH-USD,2026-08-30T18:40:43.700745Z,2514.53,2514.54,0.01,2514.535,-0.4896863392608223569421294375
ETH-USD,2026-08-30T18:40:43.874317Z,2514.53,2514.54,0.01,2514.535,-0.4896863392608223569421294375
ETH-USD,2026-08-30T18:40:43.975089Z,2514.53,2514.54,0.01,2514.535,-0.4895672342556182074062129672
ETH-USD,2026-08-30T18:40:44.018005Z,2514.53,2514.54,0.01,2514.535,-0.4895672342556182074062129672
ETH-USD,2026-08-30T18:40:44.076787Z,2514.53,2514.54,0.01,2514.535,-0.4895672342556182074062129672
ETH-USD,2026-08-30T18:40:44.168602Z,2514.53,2514.54,0.01,2514.535,-0.4895672342556182074062129672
ETH-USD,2026-08-30T18:40:44.267777Z,2514.53,2514.54,0.01,2514.535,-0.4895672342556182074062129672
ETH-USD,2026-08-30T18:40:44.307445Z,2514.53,2514.54,0.01,2514.535,-0.4895672342556182074062129672
ETH-USD,2026-08-30T18:40:44.407942Z,2514.53,2514.54,0.01,2514.535,-0.4895672342556182074062129672
ETH-USD,2026-08-30T18:40:44.475698Z,2514.53,2514.54,0.01,2514.535,-0.4895672342556182074062129672
ETH-USD,2026-08-30T18:40:44.571121Z,2514.53,2514.54,0.01,2514.535,-0.4895672342556182074062129672
ETH-USD,2026-08-30T18:40:44.619768Z,2514.53,2514.54,0.01,2514.535,-0.4895672342556182074062129672
ETH-USD,2026-08-30T18:40:44.661109Z,2514.53,2514.54,0.01,2514.535,-0.4895672342556182074062129672
ETH-USD,2026-08-30T18:40:44.70323Z,2514.53,2514.54,0.01,2514.535,-0.4895672342556182074062129672
ETH-USD,2026-08-30T18:40:44.780756Z,2514.53,2514.54,0.01,2514.535,-0.4895672342556182074062129672
ETH-USD,2026-08-30T18:40:44.800623Z,2514.53,2514.54,0.01,2514.535,-0.4895672342556182074062129672
ETH-USD,2026-08-30T18:40:44.874739Z,2514.53,2514.54,0.01,2514.535,-0.4895672342556182074062129672
ETH-USD,2026-08-30T18:40:45.019973Z,2514.53,2514.54,0.01,2514.535,-0.4895672342556182074062129672
ETH-USD,2026-08-30T18:40:45.074427Z,2514.53,2514.54,0.01,2514.535,-0.4895672342556182074062129672
ETH-USD,2026-08-30T18:40:45.128213Z,2514.53,2514.54,0.01,2514.535,-0.4895672342556182074062129672
ETH-USD,2026-08-30T18:40:45.172563Z,2514.53,2514.54,0.01,2514.535,-0.4895672342556182074062129672
ETH-USD,2026-08-30T18:40:45.192976Z,2514.53,2514.54,0.01,2514.535,-0.4895672342556182074062129672
ETH-USD,2026-08-30T18:40:45.373928Z,2514.53,2514.54,0.01,2514.535,-0.4895672342556182074062129672
ETH-USD,2026-08-30T18:40:45.414264Z,2514.53,2514.54,0.01,2514.535,-0.4895680270277790648984611749
ETH-USD,2026-08-30T18:40:45.472533Z,2514.53,2514.54,0.01,2514.535,-0.4895680270277790648984611749
ETH-USD,2026-08-30T18:40:45.677294Z,2514.53,2514.54,0.01,2514.535,-0.4895680270277790648984611749
ETH-USD,2026-08-30T18:40:45.773977Z,2514.53,2514.54,0.01,2514.535,-0.4895680270277790648984611749
ETH-USD,2026-08-30T18:40:45.811377Z,2514.53,2514.54,0.01,2514.535,-0.4895680270277790648984611749
ETH-USD,2026-08-30T18:40:45.853744Z,2514.53,2514.54,0.01,2514.535,-0.4895680270277790648984611749
ETH-USD,2026-08-30T18:40:45.974562Z,2514.53,2514.54,0.01,2514.535,-0.4895680270277790648984611749
ETH-USD,2026-08-30T18:40:46.016276Z,2514.53,2514.54,0.01,2514.535,-0.4895680270277790648984611749
ETH-USD,2026-08-30T18:40:46.077029Z,2514.53,2514.54,0.01,2514.535,-0.4895680270277790648984611749
ETH-USD,2026-08-30T18:40:46.176077Z,2514.53,2514.54,0.01,2514.535,-0.4895680270277790648984611749
ETH-USD,2026-08-30T18:40:46.194514Z,2514.53,2514.54,0.01,2514.535,-0.4895680270277790648984611749
ETH-USD,2026-08-30T18:40:46.272721Z,2514.53,2514.54,0.01,2514.535,-0.4895680270277790648984611749
ETH-USD,2026-08-30T18:40:46.329293Z,2514.53,2514.54,0.01,2514.535,-0.4895680270277790648984611749
ETH-USD,2026-08-30T18:40:46.381742Z,2514.53,2514.54,0.01,2514.535,-0.4895680270277790648984611749
ETH-USD,2026-08-30T18:40:46.411984Z,2514.53,2514.54,0.01,2514.535,-0.4895680270277790648984611749
ETH-USD,2026-08-30T18:40:46.573453Z,2514.53,2514.54,0.01,2514.535,-0.4895680270277790648984611749
ETH-USD,2026-08-30T18:40:46.667413Z,2514.53,2514.54,0.01,2514.535,-0.4895680270277790648984611749
ETH-USD,2026-08-30T18:40:46.682338Z,2514.53,2514.54,0.01,2514.535,-0.4895680270277790648984611749
ETH-USD,2026-08-30T18:40:46.686451Z,2514.53,2514.54,0.01,2514.535,-0.4895680270277790648984611749
ETH-USD,2026-08-30T18:40:46.833323Z,2514.53,2514.54,0.01,2514.535,-0.4895680270277790648984611749
ETH-USD,2026-08-30T18:40:46.877437Z,2514.53,2514.54,0.01,2514.535,-0.4895680270277790648984611749
ETH-USD,2026-08-30T18:40:46.933919Z,2514.53,2514.54,0.01,2514.535,-0.5488711672950116486686329690
ETH-USD,2026-08-30T18:40:46.98481Z,2514.53,2514.54,0.01,2514.535,-0.8535043766843790117106084529
ETH-USD,2026-08-30T18:40:47.03849Z,2514.47,2514.53,0.06,2514.50,-0.8534610237401254715880282532
ETH-USD,2026-08-30T18:40:47.169798Z,2514.42,2514.52,0.10,2514.47,0.3686879048036524157607625220
ETH-USD,2026-08-30T18:40:47.21434Z,2514.42,2514.43,0.01,2514.425,-0.4313530653777779117775589059
ETH-USD,2026-08-30T18:40:47.243333Z,2514.42,2514.43,0.01,2514.425,-0.4313530653777779117775589059
ETH-USD,2026-08-30T18:40:47.279392Z,2514.4,2514.41,0.01,2514.405,0.2059817054383585431666224685
ETH-USD,2026-08-30T18:40:47.404621Z,2514.4,2514.41,0.01,2514.405,0.1608444837952678219736227999
ETH-USD,2026-08-30T18:40:47.454183Z,2514.4,2514.41,0.01,2514.405,-0.3527418722642430831828566634
ETH-USD,2026-08-30T18:40:47.575129Z,2514.4,2514.41,0.01,2514.405,-0.1088264002443362467463648215
ETH-USD,2026-08-30T18:40:47.627532Z,2514.4,2514.41,0.01,2514.405,0.09255413588142793836235407489
ETH-USD,2026-08-30T18:40:47.673609Z,2514.4,2514.41,0.01,2514.405,0.09255413588142793836235407489
ETH-USD,2026-08-30T18:40:47.717757Z,2514.01,2514.24,0.23,2514.125,0.2644359252919481576105797151
ETH-USD,2026-08-30T18:40:47.781219Z,2514.02,2514.24,0.22,2514.13,0.06956891332708633956288568358
ETH-USD,2026-08-30T18:40:47.82675Z,2514.06,2514.42,0.36,2514.24,0.07674822530318017530873546511
ETH-USD,2026-08-30T18:40:47.877534Z,2514.07,2514.1,0.03,2514.085,0.08722233659298770299927231398
ETH-USD,2026-08-30T18:40:47.923204Z,2514.07,2514.13,0.06,2514.10,0.3020365037333620461551443369
ETH-USD,2026-08-30T18:40:47.970964Z,2514.01,2514.1,0.09,2514.055,0.5330016176778260098954003119
ETH-USD,2026-08-30T18:40:48.021065Z,2514.01,2514.1,0.09,2514.055,0.5764852980304878112000593497
ETH-USD,2026-08-30T18:40:48.078561Z,2514.01,2514.1,0.09,2514.055,0.5764852980304878112000593497
ETH-USD,2026-08-30T18:40:48.100549Z,2514,2514.09,0.09,2514.045,-0.1825897063113113218419440947
ETH-USD,2026-08-30T18:40:48.161628Z,2514,2514.01,0.01,2514.005,-0.1111509316925096623284287454
ETH-USD,2026-08-30T18:40:48.193933Z,2514,2514.01,0.01,2514.005,-0.1489896503462453012460269218
ETH-USD,2026-08-30T18:40:48.261635Z,2514,2514.01,0.01,2514.005,-0.2157377339983983181680094963
ETH-USD,2026-08-30T18:40:48.30248Z,2514,2514.01,0.01,2514.005,-0.03943160299649515463213662975
ETH-USD,2026-08-30T18:40:48.36477Z,2514,2514.02,0.02,2514.01,0.1377637656775120377901108277
ETH-USD,2026-08-30T18:40:48.421436Z,2514,2514.02,0.02,2514.01,-0.2785579660073961960841487754
ETH-USD,2026-08-30T18:40:48.469325Z,2514,2514.02,0.02,2514.01,-0.2243561031870819275873523552
ETH-USD,2026-08-30T18:40:48.512741Z,2514.01,2514.02,0.01,2514.015,0.1602003503230071953856602194
ETH-USD,2026-08-30T18:40:48.557566Z,2514.01,2514.02,0.01,2514.015,-0.05635537876478199824036540722
ETH-USD,2026-08-30T18:40:48.626983Z,2514.01,2514.02,0.01,2514.015,0.03308873950123958251323644141
ETH-USD,2026-08-30T18:40:48.668475Z,2514.01,2514.02,0.01,2514.015,0.03308873950123958251323644141
ETH-USD,2026-08-30T18:40:48.722399Z,2514.01,2514.02,0.01,2514.015,0.03308873950123958251323644141
ETH-USD,2026-08-30T18:40:48.783166Z,2514.01,2514.02,0.01,2514.015,0.03576629389234059519431104059
ETH-USD,2026-08-30T18:40:48.789756Z,2514.01,2514.02,0.01,2514.015,0.03576629389234059519431104059
ETH-USD,2026-08-30T18:40:48.880962Z,2514.01,2514.02,0.01,2514.015,-0.3756074038323243311429597127
ETH-USD,2026-08-30T18:40:48.91834Z,2514.01,2514.02,0.01,2514.015,-0.2814695984686263403098038315
ETH-USD,2026-08-30T18:40:48.972821Z,2514.01,2514.02,0.01,2514.015,-0.2920475275092855288724650013
ETH-USD,2026-08-30T18:40:49.014962Z,2514.01,2514.02,0.01,2514.015,-0.2920475275092855288724650013
ETH-USD,2026-08-30T18:40:49.07607Z,2514.01,2514.02,0.01,2514.015,-0.2920475275092855288724650013
ETH-USD,2026-08-30T18:40:49.116024Z,2514.01,2514.02,0.01,2514.015,-0.4185687803436978299519129072
ETH-USD,2026-08-30T18:40:49.275185Z,2514.01,2514.02,0.01,2514.015,-0.4185687803436978299519129072
ETH-USD,2026-08-30T18:40:49.329005Z,2514.01,2514.02,0.01,2514.015,-0.4185687803436978299519129072
ETH-USD,2026-08-30T18:40:49.389564Z,2514.01,2514.02,0.01,2514.015,-0.4184719020452145500148002279
ETH-USD,2026-08-30T18:40:49.408308Z,2514.01,2514.02,0.01,2514.015,-0.4184719020452145500148002279
ETH-USD,2026-08-30T18:40:49.533003Z,2514.01,2514.02,0.01,2514.015,-0.4184719020452145500148002279
ETH-USD,2026-08-30T18:40:49.581269Z,2514.01,2514.02,0.01,2514.015,-0.4184719020452145500148002279
ETH-USD,2026-08-30T18:40:49.675167Z,2514.01,2514.02,0.01,2514.015,-0.4184719020452145500148002279
ETH-USD,2026-08-30T18:40:49.680519Z,2514.01,2514.02,0.01,2514.015,-0.4077124874781213338392957702
ETH-USD,2026-08-30T18:40:49.718807Z,2514.01,2514.02,0.01,2514.015,-0.4078131615128347263498375166
ETH-USD,2026-08-30T18:40:49.876787Z,2514.01,2514.02,0.01,2514.015,-0.3360964515491529693698085224
ETH-USD,2026-08-30T18:40:49.928392Z,2514.01,2514.02,0.01,2514.015,-0.3360964515491529693698085224
ETH-USD,2026-08-30T18:40:49.971599Z,2514.01,2514.02,0.01,2514.015,-0.3360964515491529693698085224
ETH-USD,2026-08-30T18:40:50.016259Z,2514.01,2514.02,0.01,2514.015,-0.3360964515491529693698085224
ETH-USD,2026-08-30T18:40:50.12868Z,2514.01,2514.02,0.01,2514.015,-0.3360964515491529693698085224
ETH-USD,2026-08-30T18:40:50.173565Z,2514.01,2514.02,0.01,2514.015,-0.3360964515491529693698085224
ETH-USD,2026-08-30T18:40:50.21117Z,2514.01,2514.02,0.01,2514.015,-0.3360964515491529693698085224
ETH-USD,2026-08-30T18:40:50.273046Z,2514.01,2514.02,0.01,2514.015,-0.3360964515491529693698085224
ETH-USD,2026-08-30T18:40:50.321883Z,2514.01,2514.02,0.01,2514.015,-0.2713323372540967321209178228
ETH-USD,2026-08-30T18:40:50.374539Z,2514.01,2514.02,0.01,2514.015,-0.2713360552962043924520281136
ETH-USD,2026-08-30T18:40:50.395524Z,2514.01,2514.02,0.01,2514.015,-0.2713360552962043924520281136
ETH-USD,2026-08-30T18:40:50.475993Z,2514.01,2514.02,0.01,2514.015,-0.2713360552962043924520281136
ETH-USD,2026-08-30T18:40:50.483231Z,2514.01,2514.02,0.01,2514.015,-0.3361005580489184803732401207
ETH-USD,2026-08-30T18:40:50.573291Z,2514.01,2514.02,0.01,2514.015,-0.3361005580489184803732401207
ETH-USD,2026-08-30T18:40:50.627002Z,2514.01,2514.02,0.01,2514.015,-0.3361005580489184803732401207
ETH-USD,2026-08-30T18:40:50.693119Z,2514.01,2514.02,0.01,2514.015,-0.3361005580489184803732401207
ETH-USD,2026-08-30T18:40:50.774106Z,2514.01,2514.02,0.01,2514.015,-0.3361005580489184803732401207
ETH-USD,2026-08-30T18:40:50.805749Z,2514.01,2514.02,0.01,2514.015,-0.3361005580489184803732401207
ETH-USD,2026-08-30T18:40:50.872924Z,2514.01,2514.02,0.01,2514.015,-0.3361005580489184803732401207
ETH-USD,2026-08-30T18:40:50.920736Z,2514.01,2514.02,0.01,2514.015,-0.1576632035356623028055875350
ETH-USD,2026-08-30T18:40:50.958714Z,2514.01,2514.02,0.01,2514.015,-0.1576632035356623028055875350
ETH-USD,2026-08-30T18:40:51.023657Z,2514.01,2514.02,0.01,2514.015,-0.1576632035356623028055875350
ETH-USD,2026-08-30T18:40:51.073819Z,2514.01,2514.02,0.01,2514.015,-0.3361005580489184803732401207
ETH-USD,2026-08-30T18:40:51.08719Z,2514.01,2514.02,0.01,2514.015,-0.3361005580489184803732401207
ETH-USD,2026-08-30T18:40:51.178308Z,2514.01,2514.02,0.01,2514.015,-0.3361005580489184803732401207
ETH-USD,2026-08-30T18:40:51.223984Z,2514.01,2514.02,0.01,2514.015,-0.3361005580489184803732401207
ETH-USD,2026-08-30T18:40:51.246625Z,2514.01,2514.02,0.01,2514.015,-0.3332480025349642235748524688
ETH-USD,2026-08-30T18:40:51.325431Z,2514.01,2514.02,0.01,2514.015,-0.3332480025349642235748524688
ETH-USD,2026-08-30T18:40:51.374464Z,2514.01,2514.02,0.01,2514.015,-0.3332480025349642235748524688
ETH-USD,2026-08-30T18:40:51.398964Z,2514.01,2514.02,0.01,2514.015,-0.3332480025349642235748524688
ETH-USD,2026-08-30T18:40:51.470146Z,2514.01,2514.02,0.01,2514.015,-0.3332480025349642235748524688
ETH-USD,2026-08-30T18:40:51.497417Z,2514.01,2514.02,0.01,2514.015,-0.3332480025349642235748524688
ETH-USD,2026-08-30T18:40:51.555882Z,2514.01,2514.02,0.01,2514.015,-0.3360999943748009680640315725
ETH-USD,2026-08-30T18:40:51.607821Z,2514.01,2514.02,0.01,2514.015,-0.3360999943748009680640315725
ETH-USD,2026-08-30T18:40:51.678316Z,2514.01,2514.02,0.01,2514.015,-0.3360999943748009680640315725
ETH-USD,2026-08-30T18:40:51.774365Z,2514.01,2514.02,0.01,2514.015,-0.3360999943748009680640315725
ETH-USD,2026-08-30T18:40:51.794176Z,2514.01,2514.02,0.01,2514.015,-0.3360999943748009680640315725
ETH-USD,2026-08-30T18:40:51.860633Z,2514.01,2514.02,0.01,2514.015,-0.3360999943748009680640315725
ETH-USD,2026-08-30T18:40:51.97571Z,2514.01,2514.02,0.01,2514.015,-0.3360999943748009680640315725
ETH-USD,2026-08-30T18:40:52.013534Z,2514.01,2514.02,0.01,2514.015,-0.3360999943748009680640315725
ETH-USD,2026-08-30T18:40:52.022653Z,2514.01,2514.02,0.01,2514.015,-0.2343735149489331000939149981
ETH-USD,2026-08-30T18:40:52.158193Z,2514.01,2514.02,0.01,2514.015,-0.2343735149489331000939149981
ETH-USD,2026-08-30T18:40:52.21629Z,2514.01,2514.02,0.01,2514.015,0.07591916144320408259939863309
ETH-USD,2026-08-30T18:40:52.354475Z,2514.1,2514.11,0.01,2514.105,0.5377460303441862029192206175
ETH-USD,2026-08-30T18:40:52.406897Z,2514.1,2514.11,0.01,2514.105,0.5377460303441862029192206175
ETH-USD,2026-08-30T18:40:52.471704Z,2514.1,2514.11,0.01,2514.105,0.5377460303441862029192206175
ETH-USD,2026-08-30T18:40:52.51364Z,2514.1,2514.11,0.01,2514.105,0.5218643942281163787642322359
ETH-USD,2026-08-30T18:40:52.575177Z,2514.1,2514.11,0.01,2514.105,0.5129696787123436546830494089
ETH-USD,2026-08-30T18:40:52.666802Z,2514.1,2514.11,0.01,2514.105,0.5129696787123436546830494089
ETH-USD,2026-08-30T18:40:52.732677Z,2514.1,2514.11,0.01,2514.105,0.3152720151198749950554697749
ETH-USD,2026-08-30T18:40:52.874649Z,2514.1,2514.11,0.01,2514.105,0.3152720151198749950554697749
ETH-USD,2026-08-30T18:40:52.926784Z,2514.1,2514.11,0.01,2514.105,0.3152720151198749950554697749
ETH-USD,2026-08-30T18:40:52.97051Z,2514.1,2514.11,0.01,2514.105,0.3152720151198749950554697749
ETH-USD,2026-08-30T18:40:53.017609Z,2514.1,2514.11,0.01,2514.105,0.3152720151198749950554697749
ETH-USD,2026-08-30T18:40:53.064782Z,2514.1,2514.11,0.01,2514.105,0.2397386935888909585648086873
ETH-USD,2026-08-30T18:40:53.105141Z,2514.1,2514.11,0.01,2514.105,0.3163661870618080186778882672
ETH-USD,2026-08-30T18:40:53.182137Z,2514.1,2514.11,0.01,2514.105,0.3163661870618080186778882672
ETH-USD,2026-08-30T18:40:53.205951Z,2514.1,2514.11,0.01,2514.105,0.2422058399146440326898890424
ETH-USD,2026-08-30T18:40:53.279543Z,2514.1,2514.11,0.01,2514.105,0.2422058399146440326898890424
ETH-USD,2026-08-30T18:40:53.292725Z,2514.1,2514.11,0.01,2514.105,0.2384936440146626335684907443
ETH-USD,2026-08-30T18:40:53.382266Z,2514.1,2514.11,0.01,2514.105,0.2384936440146626335684907443
ETH-USD,2026-08-30T18:40:53.411695Z,2514.1,2514.11,0.01,2514.105,0.2384936440146626335684907443
ETH-USD,2026-08-30T18:40:53.478736Z,2514.1,2514.11,0.01,2514.105,0.2384936440146626335684907443
ETH-USD,2026-08-30T18:40:53.512611Z,2514.1,2514.11,0.01,2514.105,0.2384936440146626335684907443
ETH-USD,2026-08-30T18:40:53.57446Z,2514.1,2514.11,0.01,2514.105,0.2384936440146626335684907443
ETH-USD,2026-08-30T18:40:53.607298Z,2514.1,2514.11,0.01,2514.105,0.2384936440146626335684907443
ETH-USD,2026-08-30T18:40:53.655136Z,2514.1,2514.11,0.01,2514.105,0.2384936440146626335684907443
ETH-USD,2026-08-30T18:40:53.717398Z,2514.1,2514.11,0.01,2514.105,0.2486928010712227156051757099
ETH-USD,2026-08-30T18:40:53.774168Z,2514.1,2514.11,0.01,2514.105,0.2486928010712227156051757099
ETH-USD,2026-08-30T18:40:53.822456Z,2514.1,2514.11,0.01,2514.105,0.2486928010712227156051757099
ETH-USD,2026-08-30T18:40:53.873131Z,2514.1,2514.11,0.01,2514.105,0.2486928010712227156051757099
ETH-USD,2026-08-30T18:40:53.893525Z,2514.1,2514.11,0.01,2514.105,0.2384936440146626335684907443
ETH-USD,2026-08-30T18:40:54.021554Z,2514.1,2514.11,0.01,2514.105,0.2486928010712227156051757099
ETH-USD,2026-08-30T18:40:54.073485Z,2514.1,2514.11,0.01,2514.105,0.2232519510700360927564933040
ETH-USD,2026-08-30T18:40:54.172825Z,2514.1,2514.11,0.01,2514.105,0.3017013554028867336585159696
ETH-USD,2026-08-30T18:40:54.224992Z,2514.1,2514.11,0.01,2514.105,0.3017013554028867336585159696
ETH-USD,2026-08-30T18:40:54.255193Z,2514.1,2514.11,0.01,2514.105,0.3017013554028867336585159696
ETH-USD,2026-08-30T18:40:54.333046Z,2514.1,2514.11,0.01,2514.105,0.3017013554028867336585159696
ETH-USD,2026-08-30T18:40:54.385857Z,2514.1,2514.11,0.01,2514.105,0.2928990626452287769547994623
ETH-USD,2026-08-30T18:40:54.418178Z,2514.1,2514.11,0.01,2514.105,0.2928990626452287769547994623
ETH-USD,2026-08-30T18:40:54.473731Z,2514.1,2514.11,0.01,2514.105,0.2928990626452287769547994623
ETH-USD,2026-08-30T18:40:54.552923Z,2514.1,2514.11,0.01,2514.105,0.3140442439761596902097512390
ETH-USD,2026-08-30T18:40:54.616646Z,2514.1,2514.11,0.01,2514.105,0.3140442439761596902097512390
ETH-USD,2026-08-30T18:40:54.678704Z,2514.1,2514.11,0.01,2514.105,0.3140442439761596902097512390
ETH-USD,2026-08-30T18:40:54.710068Z,2514.1,2514.11,0.01,2514.105,0.4056788777779791854103760214
ETH-USD,2026-08-30T18:40:54.788243Z,2514.1,2514.11,0.01,2514.105,0.3207017086860955832774083271
ETH-USD,2026-08-30T18:40:54.806282Z,2514.1,2514.11,0.01,2514.105,0.4056788777779791854103760214
ETH-USD,2026-08-30T18:40:54.859731Z,2514.1,2514.11,0.01,2514.105,0.4056788777779791854103760214
ETH-USD,2026-08-30T18:40:54.918862Z,2514.1,2514.11,0.01,2514.105,0.4056788777779791854103760214
ETH-USD,2026-08-30T18:40:54.975461Z,2514.1,2514.11,0.01,2514.105,0.4056788777779791854103760214
ETH-USD,2026-08-30T18:40:55.02053Z,2514.1,2514.11,0.01,2514.105,0.4056788777779791854103760214
ETH-USD,2026-08-30T18:40:55.074757Z,2514.1,2514.11,0.01,2514.105,0.4056788777779791854103760214
ETH-USD,2026-08-30T18:40:55.12724Z,2514.1,2514.11,0.01,2514.105,0.4056788777779791854103760214
ETH-USD,2026-08-30T18:40:55.138428Z,2514.1,2514.11,0.01,2514.105,0.4056788777779791854103760214
ETH-USD,2026-08-30T18:40:55.179472Z,2514.1,2514.11,0.01,2514.105,0.4056788777779791854103760214
ETH-USD,2026-08-30T18:40:55.328083Z,2514.1,2514.11,0.01,2514.105,0.4056788777779791854103760214
ETH-USD,2026-08-30T18:40:55.374882Z,2514.1,2514.11,0.01,2514.105,0.4056788777779791854103760214
ETH-USD,2026-08-30T18:40:55.426498Z,2514.01,2514.11,0.10,2514.06,0.4900421517290424976058359484
ETH-USD,2026-08-30T18:40:55.465787Z,2514,2514.01,0.01,2514.005,-0.3258532475109337255667125006
ETH-USD,2026-08-30T18:40:55.526705Z,2514,2514.01,0.01,2514.005,-0.3258532475109337255667125006
ETH-USD,2026-08-30T18:40:55.574163Z,2514,2514.01,0.01,2514.005,-0.3936581513399879523637400603
ETH-USD,2026-08-30T18:40:55.620767Z,2514,2514.01,0.01,2514.005,-0.3936581513399879523637400603
ETH-USD,2026-08-30T18:40:55.671919Z,2514,2514.01,0.01,2514.005,-0.3936581513399879523637400603
ETH-USD,2026-08-30T18:40:55.770871Z,2514,2514.03,0.03,2514.015,-0.2744191380518841867103586701
ETH-USD,2026-08-30T18:40:55.819137Z,2514,2514.01,0.01,2514.005,-0.1615027441233097462263596619
ETH-USD,2026-08-30T18:40:55.874716Z,2514,2514.01,0.01,2514.005,-0.1615027441233097462263596619
ETH-USD,2026-08-30T18:40:55.908664Z,2514,2514.01,0.01,2514.005,-0.1615027441233097462263596619
ETH-USD,2026-08-30T18:40:55.981319Z,2514,2514.01,0.01,2514.005,-0.1459343895899875038579281636
ETH-USD,2026-08-30T18:40:56.022278Z,2514,2514.01,0.01,2514.005,0.02691736602892564283171190173
ETH-USD,2026-08-30T18:40:56.08129Z,2514,2514.01,0.01,2514.005,0.02691736602892564283171190173
ETH-USD,2026-08-30T18:40:56.109823Z,2514,2514.01,0.01,2514.005,0.02691736602892564283171190173
ETH-USD,2026-08-30T18:40:56.172944Z,2514,2514.01,0.01,2514.005,0.02691736602892564283171190173
ETH-USD,2026-08-30T18:40:56.201857Z,2514,2514.01,0.01,2514.005,0.03056069250692578156476207147
ETH-USD,2026-08-30T18:40:56.272617Z,2514,2514.01,0.01,2514.005,0.03056069250692578156476207147
ETH-USD,2026-08-30T18:40:56.473413Z,2514,2514.01,0.01,2514.005,0.03056069250692578156476207147
ETH-USD,2026-08-30T18:40:56.568734Z,2514,2514.01,0.01,2514.005,0.03056069250692578156476207147
ETH-USD,2026-08-30T18:40:56.623845Z,2514,2514.01,0.01,2514.005,0.03056069250692578156476207147
ETH-USD,2026-08-30T18:40:56.671326Z,2514,2514.01,0.01,2514.005,0.03056069250692578156476207147
ETH-USD,2026-08-30T18:40:56.731985Z,2514,2514.01,0.01,2514.005,0.03056069250692578156476207147
ETH-USD,2026-08-30T18:40:56.780801Z,2514,2514.01,0.01,2514.005,0.03056069250692578156476207147
ETH-USD,2026-08-30T18:40:56.830071Z,2514,2514.01,0.01,2514.005,0.03056069250692578156476207147
ETH-USD,2026-08-30T18:40:56.868862Z,2514,2514.01,0.01,2514.005,0.02792263916644122559838201749
ETH-USD,2026-08-30T18:40:56.935065Z,2514,2514.01,0.01,2514.005,0.03056069250692578156476207147
ETH-USD,2026-08-30T18:40:56.962302Z,2514,2514.04,0.04,2514.02,0.06787171125731360204415482613
ETH-USD,2026-08-30T18:40:57.014557Z,2514,2514.04,0.04,2514.02,0.06787171125731360204415482613
ETH-USD,2026-08-30T18:40:57.074753Z,2514,2514.08,0.08,2514.04,0.2054515799624820692009918117
ETH-USD,2026-08-30T18:40:57.128808Z,2514,2514.05,0.05,2514.025,0.06787171125731360204415482613
ETH-USD,2026-08-30T18:40:57.133836Z,2514,2514.05,0.05,2514.025,0.06787171125731360204415482613
ETH-USD,2026-08-30T18:40:57.212777Z,2514,2514.05,0.05,2514.025,0.06787171125731360204415482613
ETH-USD,2026-08-30T18:40:57.244072Z,2514,2514.05,0.05,2514.025,0.06787171125731360204415482613
ETH-USD,2026-08-30T18:40:57.326008Z,2514,2514.04,0.04,2514.02,0.06787027192511697208433238558
ETH-USD,2026-08-30T18:40:57.376675Z,2514,2514.04,0.04,2514.02,0.06787027192511697208433238558
ETH-USD,2026-08-30T18:40:57.429372Z,2514,2514.04,0.04,2514.02,0.2392310667142638752061924495
ETH-USD,2026-08-30T18:40:57.472302Z,2514,2514.04,0.04,2514.02,0.2392310667142638752061924495
ETH-USD,2026-08-30T18:40:57.512Z,2514,2514.02,0.02,2514.01,0.2044480306529848116255352775
ETH-USD,2026-08-30T18:40:57.561148Z,2514,2514.02,0.02,2514.01,0.2044480306529848116255352775
ETH-USD,2026-08-30T18:40:57.666898Z,2514,2514.03,0.03,2514.015,-0.1389629203778912476444496159
ETH-USD,2026-08-30T18:40:57.6723Z,2514,2514.03,0.03,2514.015,-0.1389629203778912476444496159
ETH-USD,2026-08-30T18:40:57.720701Z,2514,2514.04,0.04,2514.02,-0.1245878427972678247197946442
ETH-USD,2026-08-30T18:40:57.767828Z,2514,2514.04,0.04,2514.02,-0.1245878427972678247197946442
ETH-USD,2026-08-30T18:40:57.845211Z,2514,2514.04,0.04,2514.02,-0.1245878427972678247197946442
ETH-USD,2026-08-30T18:40:57.97666Z,2513.86,2514.04,0.18,2513.95,0.5268895085251450985384204721
ETH-USD,2026-08-30T18:40:58.017371Z,2513.85,2514.04,0.19,2513.945,0.4895693189138721278809572479
ETH-USD,2026-08-30T18:40:58.062967Z,2513.85,2514.07,0.22,2513.96,0.4661579163400504409592066847
ETH-USD,2026-08-30T18:40:58.168643Z,2513.86,2514.07,0.21,2513.965,0.3711525043161325964015497866
ETH-USD,2026-08-30T18:40:58.174659Z,2513.9,2514.07,0.17,2513.985,0.05861556545437479139478642618
ETH-USD,2026-08-30T18:40:58.240516Z,2513.88,2514.06,0.18,2513.97,-0.1288222196608742747776501211
ETH-USD,2026-08-30T18:40:58.308593Z,2513.88,2514.06,0.18,2513.97,-0.1288222196608742747776501211
ETH-USD,2026-08-30T18:40:58.394928Z,2513.91,2514.05,0.14,2513.98,0.09741802173645130022808911305
ETH-USD,2026-08-30T18:40:58.426194Z,2513.88,2514.05,0.17,2513.965,0.09741802173645130022808911305
ETH-USD,2026-08-30T18:40:58.446563Z,2513.88,2514.05,0.17,2513.965,0.09741802173645130022808911305
ETH-USD,2026-08-30T18:40:58.569962Z,2513.88,2514.05,0.17,2513.965,0.09741802173645130022808911305
ETH-USD,2026-08-30T18:40:58.623787Z,2513.88,2514.05,0.17,2513.965,-0.06013508075065804269384957247
ETH-USD,2026-08-30T18:40:58.682425Z,2513.88,2514.05,0.17,2513.965,0.06104007365004918406841923186
ETH-USD,2026-08-30T18:40:58.730293Z,2513.89,2514.04,0.15,2513.965,0.2887307417874425408678529213
ETH-USD,2026-08-30T18:40:58.763671Z,2513.89,2514.02,0.13,2513.955,0.4754754859994108683970325691
ETH-USD,2026-08-30T18:40:58.802352Z,2513.9,2514.02,0.12,2513.96,0.2792334971752672265752756729
ETH-USD,2026-08-30T18:40:58.877377Z,2513.9,2514.02,0.12,2513.96,0.2792334971752672265752756729
ETH-USD,2026-08-30T18:40:58.928191Z,2513.9,2514.02,0.12,2513.96,0.2792334971752672265752756729
ETH-USD,2026-08-30T18:40:58.958218Z,2513.9,2514.02,0.12,2513.96,0.1889826195252586394755381309
ETH-USD,2026-08-30T18:40:59.014199Z,2513.9,2514.02,0.12,2513.96,0.2792334971752672265752756729
ETH-USD,2026-08-30T18:40:59.078442Z,2513.91,2513.96,0.05,2513.935,0.5155886226320952783697853284
ETH-USD,2026-08-30T18:40:59.088561Z,2513.91,2513.96,0.05,2513.935,0.3968017973439572077493357284
ETH-USD,2026-08-30T18:40:59.168463Z,2513.91,2513.96,0.05,2513.935,0.3968017973439572077493357284
ETH-USD,2026-08-30T18:40:59.215318Z,2513.94,2513.95,0.01,2513.945,0.3492094025799893893034990653
ETH-USD,2026-08-30T18:40:59.240079Z,2513.8,2513.95,0.15,2513.875,0.4002417461416017734182376688
ETH-USD,2026-08-30T18:40:59.330769Z,2513.81,2513.95,0.14,2513.88,0.4828913450750536234445405846
ETH-USD,2026-08-30T18:40:59.37376Z,2513.82,2513.95,0.13,2513.885,0.3113968543414196818683223356
ETH-USD,2026-08-30T18:40:59.427022Z,2513.82,2513.95,0.13,2513.885,-0.1592987062855915717174855956
ETH-USD,2026-08-30T18:40:59.475574Z,2513.82,2513.95,0.13,2513.885,0.01081781506756229390968455947
ETH-USD,2026-08-30T18:40:59.50259Z,2513.82,2513.95,0.13,2513.885,-0.1690847419538706640881692303
ETH-USD,2026-08-30T18:40:59.562153Z,2513.85,2513.95,0.10,2513.90,-0.1207659426550306248404048329
ETH-USD,2026-08-30T18:40:59.60508Z,2513.85,2513.95,0.10,2513.90,-0.1207659426550306248404048329
ETH-USD,2026-08-30T18:40:59.697029Z,2513.82,2513.95,0.13,2513.885,-0.2153012182084574003772147808
ETH-USD,2026-08-30T18:40:59.709049Z,2513.82,2513.95,0.13,2513.885,-0.2153012182084574003772147808
ETH-USD,2026-08-30T18:40:59.769535Z,2513.82,2513.95,0.13,2513.885,0.1787480705012487923432410513
ETH-USD,2026-08-30T18:40:59.802979Z,2513.82,2513.95,0.13,2513.885,0.1787480705012487923432410513
ETH-USD,2026-08-30T18:40:59.875281Z,2513.82,2513.95,0.13,2513.885,0.1787480705012487923432410513
ETH-USD,2026-08-30T18:40:59.904443Z,2513.82,2513.95,0.13,2513.885,0.1787480705012487923432410513
ETH-USD,2026-08-30T18:40:59.975066Z,2513.82,2513.95,0.13,2513.885,0.1787480705012487923432410513
ETH-USD,2026-08-30T18:41:00.028094Z,2513.82,2513.95,0.13,2513.885,0.1787480705012487923432410513
ETH-USD,2026-08-30T18:41:00.076514Z,2513.82,2513.95,0.13,2513.885,0.1787480705012487923432410513
ETH-USD,2026-08-30T18:41:00.12299Z,2513.82,2513.95,0.13,2513.885,0.1787480705012487923432410513
ETH-USD,2026-08-30T18:41:00.176036Z,2513.82,2513.95,0.13,2513.885,0.1787480705012487923432410513
ETH-USD,2026-08-30T18:41:00.201007Z,2513.83,2513.95,0.12,2513.89,0.1780117669630661097063655439
ETH-USD,2026-08-30T18:41:00.267877Z,2513.83,2513.95,0.12,2513.89,0.1780117669630661097063655439
ETH-USD,2026-08-30T18:41:00.297252Z,2513.83,2513.95,0.12,2513.89,0.1780117669630661097063655439
ETH-USD,2026-08-30T18:41:00.376816Z,2513.83,2513.95,0.12,2513.89,0.1780117669630661097063655439
ETH-USD,2026-08-30T18:41:00.424133Z,2513.83,2513.95,0.12,2513.89,0.1780117669630661097063655439
ETH-USD,2026-08-30T18:41:00.477551Z,2513.75,2513.95,0.20,2513.85,0.1787480705012487923432410513
ETH-USD,2026-08-30T18:41:00.498503Z,2513.79,2513.95,0.16,2513.87,0.1780117669630661097063655439
ETH-USD,2026-08-30T18:41:00.572537Z,2513.8,2513.95,0.15,2513.875,0.1780117669630661097063655439
ETH-USD,2026-08-30T18:41:00.616248Z,2513.8,2513.95,0.15,2513.875,0.1780117669630661097063655439
ETH-USD,2026-08-30T18:41:00.643458Z,2513.8,2513.92,0.12,2513.86,0.1877380098777222386230351328
ETH-USD,2026-08-30T18:41:00.724016Z,2513.6,2513.78,0.18,2513.69,-0.1470251627447983421923190496
ETH-USD,2026-08-30T18:41:00.735271Z,2513.6,2513.78,0.18,2513.69,-0.1470251627447983421923190496
ETH-USD,2026-08-30T18:41:00.873136Z,2513.6,2513.78,0.18,2513.69,-0.1470251627447983421923190496
ETH-USD,2026-08-30T18:41:00.905123Z,2513.6,2513.68,0.08,2513.64,-0.2536535667645613474198558724
ETH-USD,2026-08-30T18:41:00.942124Z,2513.67,2513.68,0.01,2513.675,-0.3232649963471103702950129228
ETH-USD,2026-08-30T18:41:00.988463Z,2513.67,2513.68,0.01,2513.675,-0.3232649963471103702950129228
ETH-USD,2026-08-30T18:41:01.018871Z,2513.67,2513.68,0.01,2513.675,-0.2732657651476659942542113391
ETH-USD,2026-08-30T18:41:01.065754Z,2513.68,2513.77,0.09,2513.725,-0.1386870597994857861482929645
ETH-USD,2026-08-30T18:41:01.113024Z,2513.68,2513.77,0.09,2513.725,0.1622279950993190567592285099
ETH-USD,2026-08-30T18:41:01.222583Z,2513.68,2513.69,0.01,2513.685,-0.06906640284562098034073039670
ETH-USD,2026-08-30T18:41:01.255941Z,2513.68,2513.69,0.01,2513.685,0.1756160890563357619297519577
ETH-USD,2026-08-30T18:41:01.311346Z,2513.68,2513.69,0.01,2513.685,0.1385314553680422486664946848
ETH-USD,2026-08-30T18:41:01.361396Z,2513.6,2513.61,0.01,2513.605,0.1480274604284138254936913318
ETH-USD,2026-08-30T18:41:01.416923Z,2513.6,2513.61,0.01,2513.605,0.1480274604284138254936913318
ETH-USD,2026-08-30T18:41:01.440278Z,2513.6,2513.61,0.01,2513.605,0.1480274604284138254936913318
ETH-USD,2026-08-30T18:41:01.515225Z,2513.6,2513.61,0.01,2513.605,-0.4941215155121782984613748942
ETH-USD,2026-08-30T18:41:01.574803Z,2513.6,2513.61,0.01,2513.605,-0.5596266200034782778442729254
ETH-USD,2026-08-30T18:41:01.624126Z,2513.61,2513.66,0.05,2513.635,-0.1881268561411232297659421507
ETH-USD,2026-08-30T18:41:01.671009Z,2513.61,2513.66,0.05,2513.635,-0.1881268577050797080946810777
ETH-USD,2026-08-30T18:41:01.724214Z,2513.61,2513.66,0.05,2513.635,-0.004338129498156546996628361273
ETH-USD,2026-08-30T18:41:01.773907Z,2513.61,2513.66,0.05,2513.635,0.02253903048650759262878799806
ETH-USD,2026-08-30T18:41:01.813807Z,2513.62,2513.63,0.01,2513.625,-0.09627198044514745523457604590
ETH-USD,2026-08-30T18:41:01.870157Z,2513.62,2513.63,0.01,2513.625,-0.08357137377795100937603946408
ETH-USD,2026-08-30T18:41:01.915095Z,2513.62,2513.63,0.01,2513.625,-0.1984490272793428646738699821
ETH-USD,2026-08-30T18:41:01.972565Z,2513.62,2513.63,0.01,2513.625,-0.09871610180453971299246301369
ETH-USD,2026-08-30T18:41:02.015832Z,2513.62,2513.65,0.03,2513.635,-0.3232500377060642198599707823
ETH-USD,2026-08-30T18:41:02.064566Z,2513.62,2513.65,0.03,2513.635,0.01894423850332064176922180487
ETH-USD,2026-08-30T18:41:02.108181Z,2513.64,2513.65,0.01,2513.645,0.04717271703787961386463970393
ETH-USD,2026-08-30T18:41:02.1329Z,2513.64,2513.65,0.01,2513.645,0.04729485182161144170972449198
ETH-USD,2026-08-30T18:41:02.210687Z,2513.64,2513.65,0.01,2513.645,0.04729485182161144170972449198
ETH-USD,2026-08-30T18:41:02.221346Z,2513.64,2513.65,0.01,2513.645,0.04729485182161144170972449198
ETH-USD,2026-08-30T18:41:02.288982Z,2513.66,2513.86,0.20,2513.76,0.4292367580842342980299448183
ETH-USD,2026-08-30T18:41:02.371457Z,2513.84,2513.86,0.02,2513.85,-0.03678008204308150325269068559
ETH-USD,2026-08-30T18:41:02.411031Z,2513.85,2513.86,0.01,2513.855,-0.02138554222362104680936472776
ETH-USD,2026-08-30T18:41:02.447808Z,2513.84,2513.86,0.02,2513.85,-0.02470614572604705181907747948
ETH-USD,2026-08-30T18:41:02.499432Z,2513.8,2513.81,0.01,2513.805,0.1913806071426093656158331150
ETH-USD,2026-08-30T18:41:02.615123Z,2513.8,2513.81,0.01,2513.805,0.1226806312865467215988711303
ETH-USD,2026-08-30T18:41:02.65971Z,2513.8,2513.81,0.01,2513.805,0.09428506581752542771891362084
ETH-USD,2026-08-30T18:41:02.675034Z,2513.8,2513.81,0.01,2513.805,0.1697860649034004046482858241
ETH-USD,2026-08-30T18:41:02.773972Z,2513.67,2513.72,0.05,2513.695,0.05156152872912988670223126924
ETH-USD,2026-08-30T18:41:02.796371Z,2513.67,2513.72,0.05,2513.695,-0.2950705475222362086273199879
ETH-USD,2026-08-30T18:41:02.883677Z,2513.67,2513.72,0.05,2513.695,-0.3908372428997749600740866130
ETH-USD,2026-08-30T18:41:02.946626Z,2513.67,2513.72,0.05,2513.695,-0.6021267364506867264519840914
ETH-USD,2026-08-30T18:41:03.001347Z,2513.62,2513.71,0.09,2513.665,-0.1577293206225451125228434901
ETH-USD,2026-08-30T18:41:03.368382Z,2513.63,2513.64,0.01,2513.635,-0.1068967786563821272550649548
ETH-USD,2026-08-30T18:41:03.37898Z,2513.63,2513.64,0.01,2513.635,-0.1068967786563821272550649548
ETH-USD,2026-08-30T18:41:03.475811Z,2513.63,2513.64,0.01,2513.635,-0.1068967786563821272550649548
ETH-USD,2026-08-30T18:41:03.537939Z,2513.63,2513.64,0.01,2513.635,-0.1068967786563821272550649548
ETH-USD,2026-08-30T18:41:03.632144Z,2513.63,2513.64,0.01,2513.635,-0.2078345233394041928273280199
ETH-USD,2026-08-30T18:41:03.747487Z,2513.63,2513.64,0.01,2513.635,-0.2447350511736229985805373037
ETH-USD,2026-08-30T18:41:03.771628Z,2513.63,2513.64,0.01,2513.635,-0.2447350511736229985805373037
ETH-USD,2026-08-30T18:41:03.852217Z,2513.63,2513.64,0.01,2513.635,-0.2447350511736229985805373037
ETH-USD,2026-08-30T18:41:03.974176Z,2513.63,2513.64,0.01,2513.635,-0.2447350511736229985805373037
ETH-USD,2026-08-30T18:41:04.01945Z,2513.63,2513.64,0.01,2513.635,-0.2447350511736229985805373037
ETH-USD,2026-08-30T18:41:04.072518Z,2513.63,2513.64,0.01,2513.635,-0.2447350511736229985805373037
ETH-USD,2026-08-30T18:41:04.210527Z,2513.63,2513.64,0.01,2513.635,-0.2447350511736229985805373037
ETH-USD,2026-08-30T18:41:04.268094Z,2513.63,2513.64,0.01,2513.635,-0.2447350511736229985805373037
ETH-USD,2026-08-30T18:41:04.31899Z,2513.63,2513.64,0.01,2513.635,-0.2447350511736229985805373037
ETH-USD,2026-08-30T18:41:04.361956Z,2513.63,2513.64,0.01,2513.635,-0.2447350511736229985805373037
ETH-USD,2026-08-30T18:41:04.400909Z,2513.63,2513.64,0.01,2513.635,-0.2447350511736229985805373037
ETH-USD,2026-08-30T18:41:04.450904Z,2513.63,2513.64,0.01,2513.635,-0.2447350511736229985805373037
ETH-USD,2026-08-30T18:41:04.57317Z,2513.63,2513.64,0.01,2513.635,-0.2447350511736229985805373037
ETH-USD,2026-08-30T18:41:04.608822Z,2513.63,2513.64,0.01,2513.635,-0.3053157129749380679103324642
ETH-USD,2026-08-30T18:41:04.667534Z,2513.63,2513.64,0.01,2513.635,-0.3053157129749380679103324642
ETH-USD,2026-08-30T18:41:04.672659Z,2513.63,2513.64,0.01,2513.635,-0.3053157129749380679103324642
ETH-USD,2026-08-30T18:41:04.749836Z,2513.63,2513.64,0.01,2513.635,-0.3053157129749380679103324642
ETH-USD,2026-08-30T18:41:04.828712Z,2513.63,2513.64,0.01,2513.635,-0.2469125350066664642664261139
ETH-USD,2026-08-30T18:41:04.872605Z,2513.63,2513.64,0.01,2513.635,-0.1798798001281964184425211591
ETH-USD,2026-08-30T18:41:04.931321Z,2513.63,2513.64,0.01,2513.635,-0.1775074146991162694121232899
ETH-USD,2026-08-30T18:41:05.05753Z,2513.63,2513.64,0.01,2513.635,-0.03439038803104735830512857852
ETH-USD,2026-08-30T18:41:05.106284Z,2513.63,2513.64,0.01,2513.635,-0.03439038803104735830512857852
ETH-USD,2026-08-30T18:41:05.198321Z,2513.63,2513.64,0.01,2513.635,-0.03439038803104735830512857852
ETH-USD,2026-08-30T18:41:05.272191Z,2513.63,2513.64,0.01,2513.635,-0.03439038803104735830512857852
ETH-USD,2026-08-30T18:41:05.37435Z,2513.63,2513.64,0.01,2513.635,-0.03439113853201622457811351046
ETH-USD,2026-08-30T18:41:05.425889Z,2513.63,2513.64,0.01,2513.635,0.1547826161685825813127027533
ETH-USD,2026-08-30T18:41:05.478027Z,2513.63,2513.64,0.01,2513.635,0.1396575793741692326922983901
ETH-USD,2026-08-30T18:41:05.533982Z,2513.63,2513.64,0.01,2513.635,-0.1894244831065130013342623331
ETH-USD,2026-08-30T18:41:05.612986Z,2513.63,2513.64,0.01,2513.635,-0.1894244831065130013342623331
ETH-USD,2026-08-30T18:41:06.568346Z,2514.66,2514.67,0.01,2514.665,0.2313050901997068572445820442
ETH-USD,2026-08-30T18:41:06.613645Z,2514.66,2514.67,0.01,2514.665,0.1742785430036803511648801457
ETH-USD,2026-08-30T18:41:06.670316Z,2514.66,2514.67,0.01,2514.665,0.1742785430036803511648801457
ETH-USD,2026-08-30T18:41:06.73253Z,2514.66,2514.67,0.01,2514.665,0.4257500764153974491205829546
ETH-USD,2026-08-30T18:41:06.782253Z,2514.66,2514.67,0.01,2514.665,0.4257453849250375092759041266
ETH-USD,2026-08-30T18:41:06.806046Z,2514.66,2514.67,0.01,2514.665,0.4257453849250375092759041266
ETH-USD,2026-08-30T18:41:06.867414Z,2514.66,2514.67,0.01,2514.665,0.3185525081168660398360315257
ETH-USD,2026-08-30T18:41:06.926188Z,2514.66,2514.67,0.01,2514.665,0.6353795768729588737467555370
ETH-USD,2026-08-30T18:41:06.969599Z,2514.66,2514.67,0.01,2514.665,0.2740385566494109296136334889
ETH-USD,2026-08-30T18:41:07.014983Z,2514.66,2514.67,0.01,2514.665,0.2952111443786265482365940112
ETH-USD,2026-08-30T18:41:07.074253Z,2514.66,2514.67,0.01,2514.665,0.2952111443786265482365940112
ETH-USD,2026-08-30T18:41:07.129111Z,2514.66,2514.67,0.01,2514.665,0.2952111443786265482365940112
ETH-USD,2026-08-30T18:41:07.146771Z,2514.66,2514.67,0.01,2514.665,0.2952111443786265482365940112
ETH-USD,2026-08-30T18:41:07.215034Z,2514.66,2514.67,0.01,2514.665,0.2446880275226400693899413305
ETH-USD,2026-08-30T18:41:07.239704Z,2514.66,2514.67,0.01,2514.665,0.2229082421181353552284493884
ETH-USD,2026-08-30T18:41:07.314928Z,2514.66,2514.67,0.01,2514.665,0.2229050848560679979887282601
ETH-USD,2026-08-30T18:41:07.371664Z,2514.66,2514.67,0.01,2514.665,0.2229050848560679979887282601
ETH-USD,2026-08-30T18:41:07.402398Z,2514.66,2514.67,0.01,2514.665,0.2229050848560679979887282601
ETH-USD,2026-08-30T18:41:07.456725Z,2514.66,2514.67,0.01,2514.665,0.2229050848560679979887282601
ETH-USD,2026-08-30T18:41:07.567511Z,2514.66,2514.67,0.01,2514.665,0.2229050848560679979887282601
ETH-USD,2026-08-30T18:41:07.578832Z,2514.66,2514.67,0.01,2514.665,0.2229050848560679979887282601
ETH-USD,2026-08-30T18:41:07.683586Z,2514.66,2514.67,0.01,2514.665,0.2229050848560679979887282601
ETH-USD,2026-08-30T18:41:07.702521Z,2514.66,2514.67,0.01,2514.665,0.2229050848560679979887282601
ETH-USD,2026-08-30T18:41:07.817339Z,2514.66,2514.67,0.01,2514.665,0.2229050848560679979887282601
ETH-USD,2026-08-30T18:41:07.865396Z,2514.66,2514.67,0.01,2514.665,0.2229050848560679979887282601
ETH-USD,2026-08-30T18:41:07.885836Z,2514.66,2514.67,0.01,2514.665,0.2229050848560679979887282601
ETH-USD,2026-08-30T18:41:08.020871Z,2514.66,2514.67,0.01,2514.665,0.2595535319443296842221560604
ETH-USD,2026-08-30T18:41:08.078693Z,2514.66,2514.67,0.01,2514.665,0.2595535319443296842221560604
ETH-USD,2026-08-30T18:41:08.173346Z,2514.66,2514.67,0.01,2514.665,0.2595535319443296842221560604
ETH-USD,2026-08-30T18:41:08.188852Z,2514.66,2514.67,0.01,2514.665,0.2595535319443296842221560604
ETH-USD,2026-08-30T18:41:08.279066Z,2514.66,2514.67,0.01,2514.665,0.4035373981449002006912058149
ETH-USD,2026-08-30T18:41:08.379054Z,2514.66,2514.67,0.01,2514.665,0.4035373981449002006912058149
ETH-USD,2026-08-30T18:41:08.399562Z,2514.66,2514.67,0.01,2514.665,0.4035373981449002006912058149
ETH-USD,2026-08-30T18:41:08.46812Z,2514.66,2514.67,0.01,2514.665,0.4035373981449002006912058149
ETH-USD,2026-08-30T18:41:08.51858Z,2514.66,2514.67,0.01,2514.665,0.4035373981449002006912058149
ETH-USD,2026-08-30T18:41:08.575553Z,2514.66,2514.67,0.01,2514.665,0.4035373981449002006912058149
ETH-USD,2026-08-30T18:41:08.609778Z,2514.66,2514.67,0.01,2514.665,0.4035373981449002006912058149
ETH-USD,2026-08-30T18:41:08.687645Z,2514.66,2514.67,0.01,2514.665,0.4035373981449002006912058149
ETH-USD,2026-08-30T18:41:08.756745Z,2514.66,2514.67,0.01,2514.665,0.4035373981449002006912058149
ETH-USD,2026-08-30T18:41:08.868326Z,2514.66,2514.67,0.01,2514.665,0.4035373981449002006912058149
ETH-USD,2026-08-30T18:41:08.913157Z,2514.66,2514.67,0.01,2514.665,0.4035373981449002006912058149
ETH-USD,2026-08-30T18:41:08.965173Z,2514.66,2514.67,0.01,2514.665,0.4035373981449002006912058149
ETH-USD,2026-08-30T18:41:09.016813Z,2514.66,2514.67,0.01,2514.665,0.4035373981449002006912058149
ETH-USD,2026-08-30T18:41:09.068914Z,2514.66,2514.67,0.01,2514.665,0.2595587584409609835812803088
ETH-USD,2026-08-30T18:41:09.16765Z,2514.66,2514.67,0.01,2514.665,0.2595548512995231107609243677
ETH-USD,2026-08-30T18:41:09.221737Z,2514.66,2514.67,0.01,2514.665,0.2595548512995231107609243677
ETH-USD,2026-08-30T18:41:09.248648Z,2514.66,2514.67,0.01,2514.665,0.2595548512995231107609243677
ETH-USD,2026-08-30T18:41:09.328585Z,2514.66,2514.67,0.01,2514.665,0.4035373981449002006912058149
ETH-USD,2026-08-30T18:41:09.368606Z,2514.66,2514.67,0.01,2514.665,0.4035373981449002006912058149
ETH-USD,2026-08-30T18:41:09.391063Z,2514.66,2514.67,0.01,2514.665,0.4035373981449002006912058149
ETH-USD,2026-08-30T18:41:09.467217Z,2514.66,2514.67,0.01,2514.665,0.4035373981449002006912058149
ETH-USD,2026-08-30T18:41:09.474038Z,2514.66,2514.67,0.01,2514.665,0.4035373981449002006912058149
ETH-USD,2026-08-30T18:41:09.552472Z,2514.66,2514.67,0.01,2514.665,0.4035373981449002006912058149
ETH-USD,2026-08-30T18:41:09.66822Z,2514.66,2514.67,0.01,2514.665,0.4035373981449002006912058149
ETH-USD,2026-08-30T18:41:09.706801Z,2514.66,2514.67,0.01,2514.665,0.4035373981449002006912058149
ETH-USD,2026-08-30T18:41:09.774265Z,2514.66,2514.67,0.01,2514.665,0.4035373981449002006912058149
ETH-USD,2026-08-30T18:41:09.88234Z,2514.66,2514.67,0.01,2514.665,0.4035373981449002006912058149
ETH-USD,2026-08-30T18:41:09.92757Z,2514.66,2514.67,0.01,2514.665,0.6527528444896241783374268239
ETH-USD,2026-08-30T18:41:09.968596Z,2514.66,2514.67,0.01,2514.665,0.4481461144162379911674661855
ETH-USD,2026-08-30T18:41:10.014444Z,2514.66,2514.67,0.01,2514.665,0.3096403273213418546183952723
ETH-USD,2026-08-30T18:41:10.076283Z,2514.66,2514.67,0.01,2514.665,0.3096403273213418546183952723
ETH-USD,2026-08-30T18:41:10.112211Z,2514.66,2514.67,0.01,2514.665,0.3096403273213418546183952723
ETH-USD,2026-08-30T18:41:10.157458Z,2514.66,2514.67,0.01,2514.665,0.3096403273213418546183952723
ETH-USD,2026-08-30T18:41:10.194037Z,2514.66,2514.67,0.01,2514.665,0.3096403273213418546183952723
ETH-USD,2026-08-30T18:41:10.268656Z,2514.66,2514.67,0.01,2514.665,0.3096403273213418546183952723
ETH-USD,2026-08-30T18:41:10.282816Z,2514.66,2514.67,0.01,2514.665,0.3096403273213418546183952723
ETH-USD,2026-08-30T18:41:10.377071Z,2514.66,2514.67,0.01,2514.665,0.3096403273213418546183952723
ETH-USD,2026-08-30T18:41:10.428693Z,2514.66,2514.67,0.01,2514.665,0.4481461144162379911674661855
ETH-USD,2026-08-30T18:41:10.452639Z,2514.66,2514.67,0.01,2514.665,0.4481461144162379911674661855
ETH-USD,2026-08-30T18:41:10.56884Z,2514.66,2514.67,0.01,2514.665,0.4481461144162379911674661855
ETH-USD,2026-08-30T18:41:10.585763Z,2514.66,2514.67,0.01,2514.665,0.4481461144162379911674661855
ETH-USD,2026-08-30T18:41:10.677327Z,2514.66,2514.67,0.01,2514.665,0.4481461144162379911674661855
ETH-USD,2026-08-30T18:41:10.712093Z,2514.66,2514.67,0.01,2514.665,0.4481461144162379911674661855
ETH-USD,2026-08-30T18:41:10.803202Z,2514.66,2514.67,0.01,2514.665,0.4481461144162379911674661855
ETH-USD,2026-08-30T18:41:10.87854Z,2514.66,2514.67,0.01,2514.665,0.4481461144162379911674661855
ETH-USD,2026-08-30T18:41:10.924167Z,2514.66,2514.67,0.01,2514.665,0.4481461144162379911674661855
ETH-USD,2026-08-30T18:41:10.973364Z,2514.66,2514.67,0.01,2514.665,0.4481461144162379911674661855
ETH-USD,2026-08-30T18:41:11.024872Z,2514.66,2514.67,0.01,2514.665,0.3096367148587584978083747311
ETH-USD,2026-08-30T18:41:11.071258Z,2514.66,2514.67,0.01,2514.665,0.3096367148587584978083747311
ETH-USD,2026-08-30T18:41:11.112083Z,2514.66,2514.67,0.01,2514.665,0.3096367148587584978083747311
ETH-USD,2026-08-30T18:41:11.161412Z,2514.66,2514.67,0.01,2514.665,0.3096367148587584978083747311
ETH-USD,2026-08-30T18:41:11.168044Z,2514.66,2514.67,0.01,2514.665,0.3096367148587584978083747311
ETH-USD,2026-08-30T18:41:11.253349Z,2514.66,2514.67,0.01,2514.665,0.3096367148587584978083747311
ETH-USD,2026-08-30T18:41:11.3697Z,2514.66,2514.67,0.01,2514.665,0.3096367148587584978083747311
ETH-USD,2026-08-30T18:41:11.429841Z,2514.66,2514.67,0.01,2514.665,0.4481477032544068903674955312
ETH-USD,2026-08-30T18:41:11.474204Z,2514.66,2514.67,0.01,2514.665,0.4481477032544068903674955312
ETH-USD,2026-08-30T18:41:11.495084Z,2514.66,2514.67,0.01,2514.665,0.4481477032544068903674955312
ETH-USD,2026-08-30T18:41:11.579811Z,2514.66,2514.67,0.01,2514.665,0.4481477032544068903674955312
ETH-USD,2026-08-30T18:41:11.629089Z,2514.66,2514.67,0.01,2514.665,0.4481477032544068903674955312
ETH-USD,2026-08-30T18:41:11.666425Z,2514.66,2514.67,0.01,2514.665,0.4481477032544068903674955312
ETH-USD,2026-08-30T18:41:11.773689Z,2514.66,2514.67,0.01,2514.665,0.4481477032544068903674955312
ETH-USD,2026-08-30T18:41:11.877021Z,2514.66,2514.67,0.01,2514.665,0.4041604335486147274253858649
ETH-USD,2026-08-30T18:41:11.966711Z,2514.66,2514.67,0.01,2514.665,0.4041604335486147274253858649
ETH-USD,2026-08-30T18:41:12.023392Z,2514.66,2514.67,0.01,2514.665,0.2600563551088186934283961619
ETH-USD,2026-08-30T18:41:12.076534Z,2514.66,2514.67,0.01,2514.665,0.2600563551088186934283961619
ETH-USD,2026-08-30T18:41:12.127023Z,2514.66,2514.67,0.01,2514.665,0.1563761905296993984988237909
ETH-USD,2026-08-30T18:41:12.173424Z,2514.66,2514.67,0.01,2514.665,0.1563761905296993984988237909
ETH-USD,2026-08-30T18:41:12.220572Z,2514.66,2514.67,0.01,2514.665,0.1563761905296993984988237909
ETH-USD,2026-08-30T18:41:12.264422Z,2514.66,2514.67,0.01,2514.665,0.1563761905296993984988237909
ETH-USD,2026-08-30T18:41:12.314416Z,2514.66,2514.67,0.01,2514.665,-0.4181912359732135580661796158
ETH-USD,2026-08-30T18:41:12.365123Z,2514.66,2514.67,0.01,2514.665,0.2846317238091249077054328700
ETH-USD,2026-08-30T18:41:12.418051Z,2514.66,2514.67,0.01,2514.665,0.3606016804516654364450625992
ETH-USD,2026-08-30T18:41:12.517543Z,2514.66,2514.67,0.01,2514.665,0.4930050919913314974100051520
ETH-USD,2026-08-30T18:41:12.562488Z,2514.66,2514.67,0.01,2514.665,0.4041598693995943025345779210
ETH-USD,2026-08-30T18:41:12.671005Z,2514.66,2514.67,0.01,2514.665,0.4041598693995943025345779210
ETH-USD,2026-08-30T18:41:12.773598Z,2514.66,2514.67,0.01,2514.665,0.4041598693995943025345779210
ETH-USD,2026-08-30T18:41:12.810501Z,2514.66,2514.67,0.01,2514.665,0.4041598693995943025345779210
ETH-USD,2026-08-30T18:41:12.881693Z,2514.66,2514.67,0.01,2514.665,0.4041598693995943025345779210
ETH-USD,2026-08-30T18:41:12.981289Z,2514.66,2514.67,0.01,2514.665,0.4041598693995943025345779210
ETH-USD,2026-08-30T18:41:13.021905Z,2514.66,2514.67,0.01,2514.665,0.2600534603187822425424302121
ETH-USD,2026-08-30T18:41:13.072573Z,2514.66,2514.67,0.01,2514.665,0.2600534603187822425424302121
ETH-USD,2026-08-30T18:41:13.133148Z,2514.66,2514.67,0.01,2514.665,0.2600534603187822425424302121
ETH-USD,2026-08-30T18:41:13.229581Z,2514.66,2514.67,0.01,2514.665,0.2446831193512688893619895491
ETH-USD,2026-08-30T18:41:13.26976Z,2514.66,2514.67,0.01,2514.665,0.2446831193512688893619895491
ETH-USD,2026-08-30T18:41:13.315228Z,2514.66,2514.67,0.01,2514.665,0.2446907297700370341881879725
ETH-USD,2026-08-30T18:41:13.37564Z,2514.66,2514.67,0.01,2514.665,0.2446907297700370341881879725
ETH-USD,2026-08-30T18:41:13.404261Z,2514.66,2514.67,0.01,2514.665,0.5885985044110177427531326971
ETH-USD,2026-08-30T18:41:13.523398Z,2514.66,2514.67,0.01,2514.665,0.5885985044110177427531326971
ETH-USD,2026-08-30T18:41:13.577589Z,2514.66,2514.67,0.01,2514.665,0.6814368742131828615871187220
ETH-USD,2026-08-30T18:41:13.675338Z,2514.66,2514.67,0.01,2514.665,0.6814368742131828615871187220
ETH-USD,2026-08-30T18:41:13.692589Z,2514.66,2514.67,0.01,2514.665,0.6814368742131828615871187220
ETH-USD,2026-08-30T18:41:13.750703Z,2514.66,2514.67,0.01,2514.665,0.6814368742131828615871187220
ETH-USD,2026-08-30T18:41:13.874839Z,2514.66,2514.67,0.01,2514.665,0.6814368742131828615871187220
ETH-USD,2026-08-30T18:41:13.918473Z,2514.66,2514.67,0.01,2514.665,0.6814368742131828615871187220
ETH-USD,2026-08-30T18:41:13.971488Z,2514.66,2514.67,0.01,2514.665,0.3896468901446166539845335871
ETH-USD,2026-08-30T18:41:14.017723Z,2514.66,2514.67,0.01,2514.665,0.3896468901446166539845335871
ETH-USD,2026-08-30T18:41:14.058395Z,2514.66,2514.67,0.01,2514.665,0.3896468901446166539845335871
ETH-USD,2026-08-30T18:41:14.106399Z,2514.66,2514.67,0.01,2514.665,0.3896468901446166539845335871
ETH-USD,2026-08-30T18:41:14.153128Z,2514.66,2514.67,0.01,2514.665,0.3896468901446166539845335871
ETH-USD,2026-08-30T18:41:14.168531Z,2514.66,2514.67,0.01,2514.665,0.3896468901446166539845335871
ETH-USD,2026-08-30T18:41:14.278623Z,2514.66,2514.67,0.01,2514.665,0.3896468901446166539845335871
ETH-USD,2026-08-30T18:41:14.322848Z,2514.66,2514.67,0.01,2514.665,0.3896468901446166539845335871
ETH-USD,2026-08-30T18:41:14.411599Z,2514.66,2514.67,0.01,2514.665,0.3896468901446166539845335871
ETH-USD,2026-08-30T18:41:14.475603Z,2514.66,2514.67,0.01,2514.665,0.3896468901446166539845335871
ETH-USD,2026-08-30T18:41:14.573249Z,2514.66,2514.67,0.01,2514.665,0.3896468901446166539845335871
ETH-USD,2026-08-30T18:41:14.670468Z,2514.66,2514.67,0.01,2514.665,0.3896468901446166539845335871
ETH-USD,2026-08-30T18:41:14.775219Z,2514.66,2514.67,0.01,2514.665,0.3896468901446166539845335871
ETH-USD,2026-08-30T18:41:14.87222Z,2514.66,2514.67,0.01,2514.665,0.3896468901446166539845335871
ETH-USD,2026-08-30T18:41:14.930332Z,2514.66,2514.67,0.01,2514.665,0.3896468901446166539845335871
ETH-USD,2026-08-30T18:41:15.019234Z,2514.66,2514.67,0.01,2514.665,0.2483542926391369092504383698
ETH-USD,2026-08-30T18:41:15.075545Z,2514.66,2514.67,0.01,2514.665,0.2483469595260798531221875661
ETH-USD,2026-08-30T18:41:15.167826Z,2514.66,2514.67,0.01,2514.665,0.2483469595260798531221875661
ETH-USD,2026-08-30T18:41:15.216838Z,2514.66,2514.67,0.01,2514.665,0.2905753102083349202860091028
ETH-USD,2026-08-30T18:41:15.273459Z,2514.66,2514.67,0.01,2514.665,0.2905753102083349202860091028
ETH-USD,2026-08-30T18:41:15.324557Z,2514.66,2514.67,0.01,2514.665,0.2905753102083349202860091028
ETH-USD,2026-08-30T18:41:15.374053Z,2514.66,2514.67,0.01,2514.665,0.2905753102083349202860091028
ETH-USD,2026-08-30T18:41:15.416198Z,2514.66,2514.67,0.01,2514.665,0.2905753102083349202860091028
ETH-USD,2026-08-30T18:41:15.47325Z,2514.66,2514.67,0.01,2514.665,0.2905753102083349202860091028
ETH-USD,2026-08-30T18:41:15.48486Z,2514.66,2514.67,0.01,2514.665,0.2905753102083349202860091028
ETH-USD,2026-08-30T18:41:15.676694Z,2514.66,2514.67,0.01,2514.665,0.2905753102083349202860091028
ETH-USD,2026-08-30T18:41:15.711344Z,2514.66,2514.67,0.01,2514.665,0.3092658105249759044122635956
ETH-USD,2026-08-30T18:41:15.769186Z,2514.66,2514.67,0.01,2514.665,0.4504815313551746510004469570
ETH-USD,2026-08-30T18:41:15.881092Z,2514.66,2514.67,0.01,2514.665,0.3092652603006110418299469102
ETH-USD,2026-08-30T18:41:15.975281Z,2514.66,2514.67,0.01,2514.665,0.3092652603006110418299469102
ETH-USD,2026-08-30T18:41:16.022962Z,2514.66,2514.67,0.01,2514.665,0.3092652603006110418299469102
ETH-USD,2026-08-30T18:41:16.074038Z,2514.66,2514.67,0.01,2514.665,0.3092652603006110418299469102
ETH-USD,2026-08-30T18:41:16.107631Z,2514.66,2514.67,0.01,2514.665,0.3092652603006110418299469102
ETH-USD,2026-08-30T18:41:16.174806Z,2514.66,2514.67,0.01,2514.665,0.3092652603006110418299469102
ETH-USD,2026-08-30T18:41:16.268472Z,2514.66,2514.67,0.01,2514.665,0.3092652603006110418299469102
ETH-USD,2026-08-30T18:41:16.315884Z,2514.66,2514.67,0.01,2514.665,0.3092652603006110418299469102
ETH-USD,2026-08-30T18:41:16.373201Z,2514.66,2514.67,0.01,2514.665,0.3092652603006110418299469102
ETH-USD,2026-08-30T18:41:16.42341Z,2514.66,2514.67,0.01,2514.665,0.3092652603006110418299469102
ETH-USD,2026-08-30T18:41:16.449491Z,2514.66,2514.67,0.01,2514.665,0.3092652603006110418299469102
ETH-USD,2026-08-30T18:41:16.51642Z,2514.66,2514.67,0.01,2514.665,0.3092652603006110418299469102
ETH-USD,2026-08-30T18:41:16.56851Z,2514.66,2514.67,0.01,2514.665,0.3092652603006110418299469102
ETH-USD,2026-08-30T18:41:16.579472Z,2514.66,2514.67,0.01,2514.665,0.3092652603006110418299469102
ETH-USD,2026-08-30T18:41:16.66897Z,2514.66,2514.67,0.01,2514.665,0.5908432609824779398851864810
ETH-USD,2026-08-30T18:41:16.822983Z,2514.66,2514.67,0.01,2514.665,0.5908432609824779398851864810
ETH-USD,2026-08-30T18:41:16.86923Z,2514.66,2514.67,0.01,2514.665,0.5908432609824779398851864810
ETH-USD,2026-08-30T18:41:16.911976Z,2514.66,2514.67,0.01,2514.665,0.5908432609824779398851864810
ETH-USD,2026-08-30T18:41:16.975083Z,2514.66,2514.68,0.02,2514.67,0.7472947774631602371932260598
ETH-USD,2026-08-30T18:41:17.028643Z,2514.66,2514.67,0.01,2514.665,0.5747000509327925504824419068
ETH-USD,2026-08-30T18:41:17.062465Z,2514.66,2514.67,0.01,2514.665,0.5747000509327925504824419068
ETH-USD,2026-08-30T18:41:17.109502Z,2514.66,2514.67,0.01,2514.665,0.5747000509327925504824419068
ETH-USD,2026-08-30T18:41:17.174901Z,2514.66,2514.67,0.01,2514.665,0.5747000509327925504824419068
ETH-USD,2026-08-30T18:41:17.278998Z,2514.66,2514.67,0.01,2514.665,0.5747000509327925504824419068
ETH-USD,2026-08-30T18:41:17.424795Z,2514.66,2514.67,0.01,2514.665,0.5747000509327925504824419068
ETH-USD,2026-08-30T18:41:17.468532Z,2514.66,2514.67,0.01,2514.665,0.5747000509327925504824419068
ETH-USD,2026-08-30T18:41:17.473162Z,2514.66,2514.67,0.01,2514.665,0.5747000509327925504824419068
ETH-USD,2026-08-30T18:41:17.564284Z,2514.66,2514.67,0.01,2514.665,0.5747000509327925504824419068
ETH-USD,2026-08-30T18:41:17.56873Z,2514.66,2514.67,0.01,2514.665,0.5747000509327925504824419068
ETH-USD,2026-08-30T18:41:17.664998Z,2514.66,2514.67,0.01,2514.665,0.5747000509327925504824419068
ETH-USD,2026-08-30T18:41:17.773835Z,2514.66,2514.67,0.01,2514.665,0.5747000509327925504824419068
ETH-USD,2026-08-30T18:41:17.875448Z,2514.66,2514.67,0.01,2514.665,0.5747000509327925504824419068
ETH-USD,2026-08-30T18:41:17.91105Z,2514.66,2514.67,0.01,2514.665,0.5747000509327925504824419068
ETH-USD,2026-08-30T18:41:17.975849Z,2514.66,2514.67,0.01,2514.665,0.5747000509327925504824419068
ETH-USD,2026-08-30T18:41:18.013288Z,2514.66,2514.67,0.01,2514.665,0.5747000509327925504824419068
ETH-USD,2026-08-30T18:41:18.074842Z,2514.66,2514.67,0.01,2514.665,0.5747000509327925504824419068
ETH-USD,2026-08-30T18:41:18.172517Z,2514.66,2514.67,0.01,2514.665,0.5747000509327925504824419068
ETH-USD,2026-08-30T18:41:18.228441Z,2514.66,2514.67,0.01,2514.665,0.5747000509327925504824419068
ETH-USD,2026-08-30T18:41:18.374826Z,2514.66,2514.67,0.01,2514.665,0.5747000509327925504824419068
ETH-USD,2026-08-30T18:41:18.430557Z,2514.66,2514.67,0.01,2514.665,0.5747000509327925504824419068
ETH-USD,2026-08-30T18:41:18.473323Z,2514.66,2514.67,0.01,2514.665,0.5747000509327925504824419068
ETH-USD,2026-08-30T18:41:18.517947Z,2514.66,2514.67,0.01,2514.665,0.5747000509327925504824419068
ETH-USD,2026-08-30T18:41:18.570386Z,2514.66,2514.67,0.01,2514.665,0.5747000509327925504824419068
ETH-USD,2026-08-30T18:41:18.62705Z,2514.66,2514.67,0.01,2514.665,0.5924792141558041528771267023
ETH-USD,2026-08-30T18:41:18.673666Z,2514.66,2514.67,0.01,2514.665,0.5746995077969278009244419025
ETH-USD,2026-08-30T18:41:18.696989Z,2514.66,2514.67,0.01,2514.665,0.5746995077969278009244419025
ETH-USD,2026-08-30T18:41:18.771562Z,2514.66,2514.67,0.01,2514.665,0.5783834453585030879380017088
ETH-USD,2026-08-30T18:41:18.81972Z,2514.66,2514.67,0.01,2514.665,0.5783834453585030879380017088
ETH-USD,2026-08-30T18:41:18.876931Z,2514.66,2514.67,0.01,2514.665,0.5783834453585030879380017088
ETH-USD,2026-08-30T18:41:18.975311Z,2514.66,2514.67,0.01,2514.665,0.5783834453585030879380017088
ETH-USD,2026-08-30T18:41:19.008533Z,2514.66,2514.67,0.01,2514.665,0.5783834453585030879380017088
ETH-USD,2026-08-30T18:41:19.073901Z,2514.66,2514.67,0.01,2514.665,0.5783834453585030879380017088
ETH-USD,2026-08-30T18:41:19.164506Z,2514.66,2514.67,0.01,2514.665,0.5783834453585030879380017088
ETH-USD,2026-08-30T18:41:19.218552Z,2514.66,2514.67,0.01,2514.665,0.5783834453585030879380017088
ETH-USD,2026-08-30T18:41:19.292058Z,2514.66,2514.67,0.01,2514.665,0.5783834453585030879380017088
ETH-USD,2026-08-30T18:41:19.38174Z,2514.66,2514.67,0.01,2514.665,0.2498560039412679322363414737
ETH-USD,2026-08-30T18:41:19.435662Z,2514.66,2514.67,0.01,2514.665,0.2498560039412679322363414737
ETH-USD,2026-08-30T18:41:19.479351Z,2514.66,2514.67,0.01,2514.665,0.3915177200525654258481921051
ETH-USD,2026-08-30T18:41:19.518934Z,2514.66,2514.67,0.01,2514.665,0.3915177200525654258481921051
ETH-USD,2026-08-30T18:41:19.571751Z,2514.66,2514.67,0.01,2514.665,0.3915177200525654258481921051
ETH-USD,2026-08-30T18:41:19.601935Z,2514.66,2514.67,0.01,2514.665,0.6621940692198723310516081869
ETH-USD,2026-08-30T18:41:19.654999Z,2514.66,2514.67,0.01,2514.665,0.2278950812585121594866131396
ETH-USD,2026-08-30T18:41:19.664398Z,2514.66,2514.67,0.01,2514.665,0.2278950812585121594866131396
ETH-USD,2026-08-30T18:41:19.771627Z,2514.66,2514.67,0.01,2514.665,0.2278950812585121594866131396
ETH-USD,2026-08-30T18:41:19.869161Z,2514.66,2514.67,0.01,2514.665,0.2278950812585121594866131396
ETH-USD,2026-08-30T18:41:19.875229Z,2514.66,2514.67,0.01,2514.665,0.2278950812585121594866131396
ETH-USD,2026-08-30T18:41:19.967355Z,2514.66,2514.67,0.01,2514.665,0.2228943497715982278088826965
ETH-USD,2026-08-30T18:41:20.015978Z,2514.66,2514.67,0.01,2514.665,0.1742796057955406028737701241
ETH-USD,2026-08-30T18:41:20.061328Z,2514.66,2514.67,0.01,2514.665,0.1742796057955406028737701241
ETH-USD,2026-08-30T18:41:20.082282Z,2514.66,2514.67,0.01,2514.665,0.1742796057955406028737701241
ETH-USD,2026-08-30T18:41:20.112376Z,2514.66,2514.67,0.01,2514.665,0.2228943497715982278088826965
ETH-USD,2026-08-30T18:41:20.266984Z,2514.66,2514.67,0.01,2514.665,0.2228943497715982278088826965
ETH-USD,2026-08-30T18:41:20.275315Z,2514.66,2514.67,0.01,2514.665,0.2228943497715982278088826965
ETH-USD,2026-08-30T18:41:20.293073Z,2514.66,2514.67,0.01,2514.665,0.2228943497715982278088826965
ETH-USD,2026-08-30T18:41:20.468028Z,2514.66,2514.67,0.01,2514.665,0.2228943497715982278088826965
ETH-USD,2026-08-30T18:41:20.505284Z,2514.66,2514.67,0.01,2514.665,0.2228943497715982278088826965
ETH-USD,2026-08-30T18:41:20.575001Z,2514.66,2514.67,0.01,2514.665,0.2228943497715982278088826965
ETH-USD,2026-08-30T18:41:20.624155Z,2514.66,2514.67,0.01,2514.665,0.2228943497715982278088826965
ETH-USD,2026-08-30T18:41:20.667045Z,2514.66,2514.67,0.01,2514.665,0.2228943497715982278088826965
ETH-USD,2026-08-30T18:41:20.727708Z,2514.66,2514.67,0.01,2514.665,0.2228943497715982278088826965
ETH-USD,2026-08-30T18:41:20.777472Z,2514.66,2514.67,0.01,2514.665,0.2168181334766858010808369202
ETH-USD,2026-08-30T18:41:20.792531Z,2514.66,2514.67,0.01,2514.665,0.2168181334766858010808369202
ETH-USD,2026-08-30T18:41:20.871934Z,2514.66,2514.67,0.01,2514.665,0.2168181334766858010808369202
ETH-USD,2026-08-30T18:41:21.014831Z,2514.66,2514.67,0.01,2514.665,0.1680818597645482228192659282
ETH-USD,2026-08-30T18:41:21.078989Z,2514.66,2514.67,0.01,2514.665,0.1742801179500979038238017958
ETH-USD,2026-08-30T18:41:21.173253Z,2514.66,2514.67,0.01,2514.665,-0.1397292331021986074212696887
ETH-USD,2026-08-30T18:41:21.227677Z,2514.66,2514.67,0.01,2514.665,0.2228948517274318354072570924
ETH-USD,2026-08-30T18:41:21.236842Z,2514.66,2514.67,0.01,2514.665,0.2228948517274318354072570924
ETH-USD,2026-08-30T18:41:21.379409Z,2514.66,2514.67,0.01,2514.665,0.2226490538159804024369019285
ETH-USD,2026-08-30T18:41:21.392888Z,2514.66,2514.67,0.01,2514.665,0.2226490538159804024369019285
ETH-USD,2026-08-30T18:41:21.471548Z,2514.66,2514.67,0.01,2514.665,0.2226490538159804024369019285
ETH-USD,2026-08-30T18:41:21.529704Z,2514.66,2514.67,0.01,2514.665,0.2226490538159804024369019285
ETH-USD,2026-08-30T18:41:21.577167Z,2514.66,2514.67,0.01,2514.665,0.2226490538159804024369019285
ETH-USD,2026-08-30T18:41:21.677889Z,2514.66,2514.67,0.01,2514.665,0.2228947693395887345347536603
ETH-USD,2026-08-30T18:41:21.730032Z,2514.66,2514.67,0.01,2514.665,0.2228947693395887345347536603
ETH-USD,2026-08-30T18:41:21.782892Z,2514.66,2514.67,0.01,2514.665,0.2228947693395887345347536603
ETH-USD,2026-08-30T18:41:21.822305Z,2514.66,2514.67,0.01,2514.665,0.2228947693395887345347536603
ETH-USD,2026-08-30T18:41:21.919876Z,2514.66,2514.67,0.01,2514.665,0.2228947693395887345347536603
ETH-USD,2026-08-30T18:41:21.976693Z,2514.66,2514.67,0.01,2514.665,0.2228947693395887345347536603
ETH-USD,2026-08-30T18:41:22.024118Z,2514.66,2514.67,0.01,2514.665,0.1742800338882992537174880000
ETH-USD,2026-08-30T18:41:22.073261Z,2514.66,2514.67,0.01,2514.665,0.1742800338882992537174880000
ETH-USD,2026-08-30T18:41:22.27519Z,2514.66,2514.67,0.01,2514.665,0.2228947693395887345347536603
ETH-USD,2026-08-30T18:41:22.33803Z,2514.66,2514.67,0.01,2514.665,0.2228947693395887345347536603
ETH-USD,2026-08-30T18:41:22.373301Z,2514.66,2514.67,0.01,2514.665,0.2228947693395887345347536603
ETH-USD,2026-08-30T18:41:22.400273Z,2514.66,2514.67,0.01,2514.665,0.2213750948494581115287657990
ETH-USD,2026-08-30T18:41:22.466074Z,2514.66,2514.67,0.01,2514.665,0.2213750948494581115287657990
ETH-USD,2026-08-30T18:41:22.583336Z,2514.66,2514.67,0.01,2514.665,0.2213750948494581115287657990
ETH-USD,2026-08-30T18:41:22.625803Z,2514.66,2514.67,0.01,2514.665,0.5451352186715575823684126590
ETH-USD,2026-08-30T18:41:22.673425Z,2514.66,2514.67,0.01,2514.665,0.5451352186715575823684126590
ETH-USD,2026-08-30T18:41:22.687564Z,2514.66,2514.67,0.01,2514.665,0.5456353980401942905522002781
ETH-USD,2026-08-30T18:41:22.769211Z,2514.66,2514.67,0.01,2514.665,0.5986029611994645984322216127
ETH-USD,2026-08-30T18:41:22.823767Z,2514.66,2514.67,0.01,2514.665,0.5986029611994645984322216127
ETH-USD,2026-08-30T18:41:22.884525Z,2514.66,2514.67,0.01,2514.665,0.6019852307188726293859111056
ETH-USD,2026-08-30T18:41:22.915273Z,2514.66,2514.67,0.01,2514.665,0.6019852307188726293859111056
ETH-USD,2026-08-30T18:41:22.976225Z,2514.66,2514.67,0.01,2514.665,0.6041090508322748888530139393
ETH-USD,2026-08-30T18:41:23.025599Z,2514.66,2514.67,0.01,2514.665,0.5662541573293298803278465744
ETH-USD,2026-08-30T18:41:23.073426Z,2514.66,2514.67,0.01,2514.665,0.5662541573293298803278465744
ETH-USD,2026-08-30T18:41:23.115159Z,2514.66,2514.67,0.01,2514.665,0.5662541573293298803278465744
ETH-USD,2026-08-30T18:41:23.174185Z,2514.66,2514.67,0.01,2514.665,0.5662541573293298803278465744
ETH-USD,2026-08-30T18:41:23.2715Z,2514.66,2514.67,0.01,2514.665,0.5662541573293298803278465744
ETH-USD,2026-08-30T18:41:23.300523Z,2514.66,2514.67,0.01,2514.665,0.2865670305796295630584816513
ETH-USD,2026-08-30T18:41:23.404118Z,2514.66,2514.67,0.01,2514.665,0.2865670305796295630584816513
ETH-USD,2026-08-30T18:41:23.479365Z,2514.66,2514.67,0.01,2514.665,0.2865670305796295630584816513
ETH-USD,2026-08-30T18:41:23.492518Z,2514.66,2514.67,0.01,2514.665,0.2865670305796295630584816513
ETH-USD,2026-08-30T18:41:23.57157Z,2514.66,2514.67,0.01,2514.665,0.2345472386002604980633098184
ETH-USD,2026-08-30T18:41:23.626752Z,2514.66,2514.67,0.01,2514.665,0.2345472386002604980633098184
ETH-USD,2026-08-30T18:41:23.651236Z,2514.66,2514.67,0.01,2514.665,0.2345472386002604980633098184
ETH-USD,2026-08-30T18:41:23.729367Z,2514.66,2514.67,0.01,2514.665,0.2345472386002604980633098184
ETH-USD,2026-08-30T18:41:23.770785Z,2514.66,2514.67,0.01,2514.665,0.1652555340190528780215580972
ETH-USD,2026-08-30T18:41:23.832671Z,2514.66,2514.67,0.01,2514.665,0.1661143825567318205267221508
ETH-USD,2026-08-30T18:41:23.871934Z,2514.66,2514.67,0.01,2514.665,0.2355092733836014476030898024
ETH-USD,2026-08-30T18:41:23.921899Z,2514.66,2514.67,0.01,2514.665,0.2355092733836014476030898024
ETH-USD,2026-08-30T18:41:23.975993Z,2514.66,2514.67,0.01,2514.665,0.2355092733836014476030898024
ETH-USD,2026-08-30T18:41:24.012967Z,2514.66,2514.67,0.01,2514.665,0.2355092733836014476030898024
ETH-USD,2026-08-30T18:41:24.069652Z,2514.66,2514.67,0.01,2514.665,0.1859068252386567589419922825
ETH-USD,2026-08-30T18:41:24.079554Z,2514.66,2514.67,0.01,2514.665,0.1859068252386567589419922825
ETH-USD,2026-08-30T18:41:24.172753Z,2514.66,2514.67,0.01,2514.665,0.1859068252386567589419922825
ETH-USD,2026-08-30T18:41:24.187405Z,2514.66,2514.67,0.01,2514.665,0.1859068252386567589419922825
ETH-USD,2026-08-30T18:41:24.374852Z,2514.66,2514.67,0.01,2514.665,0.2355092733836014476030898024
ETH-USD,2026-08-30T18:41:24.419278Z,2514.66,2514.67,0.01,2514.665,0.2356057629132016331469015912
ETH-USD,2026-08-30T18:41:24.470903Z,2514.66,2514.67,0.01,2514.665,0.2356057629132016331469015912
ETH-USD,2026-08-30T18:41:24.524482Z,2514.66,2514.67,0.01,2514.665,0.5682184350631336622707724631
ETH-USD,2026-08-30T18:41:24.675788Z,2514.66,2514.67,0.01,2514.665,0.5682184350631336622707724631
ETH-USD,2026-08-30T18:41:24.718973Z,2514.66,2514.67,0.01,2514.665,0.5686865210772266475695151236
ETH-USD,2026-08-30T18:41:24.772953Z,2514.66,2514.67,0.01,2514.665,0.5693617304125185800196715435
ETH-USD,2026-08-30T18:41:24.820558Z,2514.66,2514.67,0.01,2514.665,0.5693617304125185800196715435
ETH-USD,2026-08-30T18:41:24.974297Z,2514.66,2514.67,0.01,2514.665,0.5693617304125185800196715435
ETH-USD,2026-08-30T18:41:25.020892Z,2514.66,2514.67,0.01,2514.665,0.1997834225613134210165116572
ETH-USD,2026-08-30T18:41:25.074879Z,2514.66,2514.67,0.01,2514.665,0.1997834225613134210165116572
ETH-USD,2026-08-30T18:41:25.109842Z,2514.66,2514.67,0.01,2514.665,0.1997834225613134210165116572
ETH-USD,2026-08-30T18:41:25.144833Z,2514.66,2514.67,0.01,2514.665,0.1998239169352088206183757540
ETH-USD,2026-08-30T18:41:25.193341Z,2514.66,2514.67,0.01,2514.665,0.1998239169352088206183757540
ETH-USD,2026-08-30T18:41:25.198439Z,2514.66,2514.67,0.01,2514.665,0.1998239169352088206183757540
ETH-USD,2026-08-30T18:41:25.343492Z,2514.66,2514.67,0.01,2514.665,-0.1995100302557665192561743133
ETH-USD,2026-08-30T18:41:25.418689Z,2514.66,2514.67,0.01,2514.665,0.1677078783783353360515890029
ETH-USD,2026-08-30T18:41:25.477722Z,2514.66,2514.67,0.01,2514.665,0.1677078783783353360515890029
ETH-USD,2026-08-30T18:41:25.575206Z,2514.66,2514.67,0.01,2514.665,0.1677078783783353360515890029
ETH-USD,2026-08-30T18:41:25.675278Z,2514.66,2514.67,0.01,2514.665,0.1677078783783353360515890029
ETH-USD,2026-08-30T18:41:25.740156Z,2514.66,2514.67,0.01,2514.665,0.1678113078308076660154409912
ETH-USD,2026-08-30T18:41:25.811188Z,2514.66,2514.67,0.01,2514.665,0.1678113078308076660154409912
ETH-USD,2026-08-30T18:41:25.881301Z,2514.66,2514.67,0.01,2514.665,0.1678113078308076660154409912
ETH-USD,2026-08-30T18:41:25.974348Z,2514.66,2514.67,0.01,2514.665,0.1678113078308076660154409912
ETH-USD,2026-08-30T18:41:26.018579Z,2514.66,2514.67,0.01,2514.665,-0.1994614258657654175507757762
ETH-USD,2026-08-30T18:41:26.165192Z,2514.66,2514.67,0.01,2514.665,0.1876616509766217967886113450
ETH-USD,2026-08-30T18:41:26.195978Z,2514.66,2514.67,0.01,2514.665,0.1881075872104419780089330857
ETH-USD,2026-08-30T18:41:26.272086Z,2514.66,2514.67,0.01,2514.665,0.1881075872104419780089330857
ETH-USD,2026-08-30T18:41:26.300495Z,2514.66,2514.67,0.01,2514.665,0.1881075872104419780089330857
ETH-USD,2026-08-30T18:41:26.380765Z,2514.66,2514.67,0.01,2514.665,0.2362112906577466886661032120
ETH-USD,2026-08-30T18:41:26.422174Z,2514.66,2514.67,0.01,2514.665,0.2362112906577466886661032120
ETH-USD,2026-08-30T18:41:26.478324Z,2514.66,2514.67,0.01,2514.665,0.2902069198745767715048363494
ETH-USD,2026-08-30T18:41:26.503193Z,2514.66,2514.67,0.01,2514.665,0.3313434339451266187994634687
ETH-USD,2026-08-30T18:41:26.573681Z,2514.66,2514.67,0.01,2514.665,0.3313434339451266187994634687
ETH-USD,2026-08-30T18:41:26.661096Z,2514.66,2514.67,0.01,2514.665,0.2626220554007113251806872137
ETH-USD,2026-08-30T18:41:26.711238Z,2514.66,2514.67,0.01,2514.665,0.2627339294962383598622166281
ETH-USD,2026-08-30T18:41:26.775455Z,2514.66,2514.67,0.01,2514.665,0.2627339294962383598622166281
ETH-USD,2026-08-30T18:41:26.814013Z,2514.66,2514.67,0.01,2514.665,0.2627339294962383598622166281
ETH-USD,2026-08-30T18:41:26.874539Z,2514.66,2514.67,0.01,2514.665,0.2554487500524783970642226084
ETH-USD,2026-08-30T18:41:26.974441Z,2514.66,2514.67,0.01,2514.665,0.2756980811851554368296873714
ETH-USD,2026-08-30T18:41:27.014585Z,2514.66,2514.67,0.01,2514.665,0.2756980811851554368296873714
ETH-USD,2026-08-30T18:41:27.07391Z,2514.66,2514.67,0.01,2514.665,0.2209697782685115226875301361
ETH-USD,2026-08-30T18:41:27.172505Z,2514.66,2514.67,0.01,2514.665,0.2209697782685115226875301361
ETH-USD,2026-08-30T18:41:27.217636Z,2514.66,2514.67,0.01,2514.665,0.2209697782685115226875301361
ETH-USD,2026-08-30T18:41:27.282885Z,2514.66,2514.67,0.01,2514.665,0.2209697782685115226875301361
ETH-USD,2026-08-30T18:41:27.318987Z,2514.66,2514.67,0.01,2514.665,0.2209697782685115226875301361
ETH-USD,2026-08-30T18:41:27.37514Z,2514.66,2514.67,0.01,2514.665,0.2209697782685115226875301361
ETH-USD,2026-08-30T18:41:27.471102Z,2514.66,2514.67,0.01,2514.665,0.2209697782685115226875301361
ETH-USD,2026-08-30T18:41:27.513806Z,2514.66,2514.67,0.01,2514.665,0.2756980811851554368296873714
ETH-USD,2026-08-30T18:41:27.669011Z,2514.66,2514.67,0.01,2514.665,0.2836225789981140875539219650
ETH-USD,2026-08-30T18:41:27.675591Z,2514.66,2514.67,0.01,2514.665,0.2836225789981140875539219650
ETH-USD,2026-08-30T18:41:27.772295Z,2514.66,2514.67,0.01,2514.665,0.2836225789981140875539219650
ETH-USD,2026-08-30T18:41:27.975725Z,2514.66,2514.67,0.01,2514.665,0.2836225789981140875539219650
ETH-USD,2026-08-30T18:41:28.017078Z,2514.66,2514.67,0.01,2514.665,0.2836225789981140875539219650
ETH-USD,2026-08-30T18:41:28.0757Z,2514.66,2514.67,0.01,2514.665,0.2282269943180053810740557800
ETH-USD,2026-08-30T18:41:28.273148Z,2514.66,2514.67,0.01,2514.665,0.2282269943180053810740557800
ETH-USD,2026-08-30T18:41:28.288705Z,2514.66,2514.67,0.01,2514.665,0.2282269943180053810740557800
ETH-USD,2026-08-30T18:41:28.387669Z,2514.66,2514.67,0.01,2514.665,-0.1207924630086583030257930736
ETH-USD,2026-08-30T18:41:28.41104Z,2514.66,2514.67,0.01,2514.665,0.2724555509172886987936908197
ETH-USD,2026-08-30T18:41:28.596009Z,2514.66,2514.67,0.01,2514.665,0.6086664625067582542393625201
ETH-USD,2026-08-30T18:41:28.630302Z,2514.66,2514.67,0.01,2514.665,0.2836301672981357524750039234
ETH-USD,2026-08-30T18:41:28.66473Z,2514.66,2514.67,0.01,2514.665,0.3181595616851051488242246618
ETH-USD,2026-08-30T18:41:28.734292Z,2514.66,2514.67,0.01,2514.665,0.3181595616851051488242246618
ETH-USD,2026-08-30T18:41:28.874267Z,2514.66,2514.67,0.01,2514.665,0.3181595616851051488242246618
ETH-USD,2026-08-30T18:41:28.907386Z,2514.66,2514.67,0.01,2514.665,0.2838413144295519887680314180
ETH-USD,2026-08-30T18:41:28.97179Z,2514.66,2514.67,0.01,2514.665,0.2838413144295519887680314180
ETH-USD,2026-08-30T18:41:29.01614Z,2514.66,2514.67,0.01,2514.665,0.2838413144295519887680314180
ETH-USD,2026-08-30T18:41:29.028373Z,2514.66,2514.67,0.01,2514.665,0.2838413144295519887680314180
ETH-USD,2026-08-30T18:41:29.112949Z,2514.66,2514.67,0.01,2514.665,0.2848964077795316661676739463
ETH-USD,2026-08-30T18:41:29.173368Z,2514.66,2514.67,0.01,2514.665,0.2848964077795316661676739463
ETH-USD,2026-08-30T18:41:29.267492Z,2514.66,2514.67,0.01,2514.665,0.2848964077795316661676739463
ETH-USD,2026-08-30T18:41:29.332708Z,2514.66,2514.67,0.01,2514.665,0.2848964077795316661676739463
ETH-USD,2026-08-30T18:41:29.385831Z,2514.66,2514.67,0.01,2514.665,0.2848964077795316661676739463
ETH-USD,2026-08-30T18:41:29.404902Z,2514.66,2514.67,0.01,2514.665,0.2613881700417889234299956971
ETH-USD,2026-08-30T18:41:29.471592Z,2514.66,2514.67,0.01,2514.665,0.2613881700417889234299956971
ETH-USD,2026-08-30T18:41:29.495784Z,2514.66,2514.67,0.01,2514.665,0.2613881700417889234299956971
ETH-USD,2026-08-30T18:41:29.572794Z,2514.66,2514.67,0.01,2514.665,0.2613881700417889234299956971
ETH-USD,2026-08-30T18:41:29.665267Z,2514.66,2514.67,0.01,2514.665,0.2613881700417889234299956971
ETH-USD,2026-08-30T18:41:29.719089Z,2514.66,2514.67,0.01,2514.665,0.2613881700417889234299956971
ETH-USD,2026-08-30T18:41:29.773265Z,2514.66,2514.67,0.01,2514.665,0.2613881700417889234299956971
ETH-USD,2026-08-30T18:41:29.820253Z,2514.66,2514.67,0.01,2514.665,0.2613881700417889234299956971
ETH-USD,2026-08-30T18:41:29.874969Z,2514.66,2514.67,0.01,2514.665,0.2613881700417889234299956971
ETH-USD,2026-08-30T18:41:29.890082Z,2514.66,2514.67,0.01,2514.665,0.2613881700417889234299956971
ETH-USD,2026-08-30T18:41:29.965333Z,2514.66,2514.67,0.01,2514.665,0.2613881700417889234299956971
ETH-USD,2026-08-30T18:41:30.015812Z,2514.66,2514.67,0.01,2514.665,0.2078550710816358767419122081
ETH-USD,2026-08-30T18:41:30.0747Z,2514.66,2514.67,0.01,2514.665,0.2078550710816358767419122081
ETH-USD,2026-08-30T18:41:30.110419Z,2514.66,2514.67,0.01,2514.665,0.2078550710816358767419122081
ETH-USD,2026-08-30T18:41:30.172776Z,2514.66,2514.67,0.01,2514.665,0.2078550710816358767419122081
ETH-USD,2026-08-30T18:41:30.267723Z,2514.66,2514.67,0.01,2514.665,0.2078550710816358767419122081
ETH-USD,2026-08-30T18:41:30.374472Z,2514.66,2514.67,0.01,2514.665,0.2292835564433030685827747109
ETH-USD,2026-08-30T18:41:30.398876Z,2514.66,2514.67,0.01,2514.665,0.2292835564433030685827747109
ETH-USD,2026-08-30T18:41:30.470703Z,2514.66,2514.67,0.01,2514.665,0.2292835564433030685827747109
ETH-USD,2026-08-30T18:41:30.677182Z,2514.66,2514.67,0.01,2514.665,0.2292835564433030685827747109
ETH-USD,2026-08-30T18:41:30.731106Z,2514.66,2514.67,0.01,2514.665,0.2292835564433030685827747109
ETH-USD,2026-08-30T18:41:30.775081Z,2514.66,2514.67,0.01,2514.665,0.2292835564433030685827747109
ETH-USD,2026-08-30T18:41:30.818Z,2514.66,2514.67,0.01,2514.665,0.5547966502467534130511037792
ETH-USD,2026-08-30T18:41:30.974501Z,2514.66,2514.67,0.01,2514.665,0.5547966502467534130511037792
ETH-USD,2026-08-30T18:41:31.020254Z,2514.66,2514.67,0.01,2514.665,0.5547966502467534130511037792
ETH-USD,2026-08-30T18:41:31.073543Z,2514.66,2514.67,0.01,2514.665,0.5547966502467534130511037792
ETH-USD,2026-08-30T18:41:31.125259Z,2514.66,2514.67,0.01,2514.665,0.5547966502467534130511037792
ETH-USD,2026-08-30T18:41:31.160909Z,2514.66,2514.67,0.01,2514.665,0.5547966502467534130511037792
ETH-USD,2026-08-30T18:41:31.262266Z,2514.66,2514.67,0.01,2514.665,0.5547966502467534130511037792
ETH-USD,2026-08-30T18:41:31.315095Z,2514.66,2514.67,0.01,2514.665,0.5547966502467534130511037792
ETH-USD,2026-08-30T18:41:31.376047Z,2514.66,2514.67,0.01,2514.665,0.5547966502467534130511037792
ETH-USD,2026-08-30T18:41:31.427154Z,2514.66,2514.67,0.01,2514.665,0.5547997931706099797804873898
ETH-USD,2026-08-30T18:41:31.437675Z,2514.66,2514.67,0.01,2514.665,0.5547997931706099797804873898
ETH-USD,2026-08-30T18:41:31.520719Z,2514.66,2514.67,0.01,2514.665,0.5547997931706099797804873898
ETH-USD,2026-08-30T18:41:31.575208Z,2514.66,2514.67,0.01,2514.665,0.5547997931706099797804873898
ETH-USD,2026-08-30T18:41:31.615498Z,2514.66,2514.67,0.01,2514.665,0.5547997931706099797804873898
ETH-USD,2026-08-30T18:41:31.670839Z,2514.66,2514.67,0.01,2514.665,0.5547997931706099797804873898
ETH-USD,2026-08-30T18:41:31.873828Z,2514.66,2514.67,0.01,2514.665,0.5547997931706099797804873898
ETH-USD,2026-08-30T18:41:31.924239Z,2514.66,2514.67,0.01,2514.665,0.5547997931706099797804873898
ETH-USD,2026-08-30T18:41:31.97274Z,2514.66,2514.67,0.01,2514.665,0.5547997931706099797804873898
ETH-USD,2026-08-30T18:41:32.01749Z,2514.66,2514.67,0.01,2514.665,0.5547997931706099797804873898
ETH-USD,2026-08-30T18:41:32.073441Z,2514.66,2514.67,0.01,2514.665,0.5547997931706099797804873898
ETH-USD,2026-08-30T18:41:32.127018Z,2514.66,2514.67,0.01,2514.665,0.5547997931706099797804873898
ETH-USD,2026-08-30T18:41:32.174241Z,2514.66,2514.67,0.01,2514.665,0.5547997931706099797804873898
ETH-USD,2026-08-30T18:41:32.224434Z,2514.66,2514.67,0.01,2514.665,0.5547997931706099797804873898
ETH-USD,2026-08-30T18:41:32.272735Z,2514.66,2514.67,0.01,2514.665,0.5547997931706099797804873898
ETH-USD,2026-08-30T18:41:32.413272Z,2514.66,2514.67,0.01,2514.665,0.5547997931706099797804873898
ETH-USD,2026-08-30T18:41:32.479619Z,2514.66,2514.67,0.01,2514.665,0.5547997931706099797804873898
ETH-USD,2026-08-30T18:41:32.527807Z,2514.66,2514.67,0.01,2514.665,0.5547997931706099797804873898
ETH-USD,2026-08-30T18:41:32.56975Z,2514.66,2514.67,0.01,2514.665,0.5547997931706099797804873898
ETH-USD,2026-08-30T18:41:32.627809Z,2514.66,2514.67,0.01,2514.665,0.5547997931706099797804873898
ETH-USD,2026-08-30T18:41:32.666665Z,2514.66,2514.67,0.01,2514.665,0.5547997931706099797804873898
ETH-USD,2026-08-30T18:41:32.714577Z,2514.66,2514.67,0.01,2514.665,0.5547969110349197572278280906
ETH-USD,2026-08-30T18:41:32.773838Z,2514.66,2514.67,0.01,2514.665,0.5547969110349197572278280906
ETH-USD,2026-08-30T18:41:32.794231Z,2514.66,2514.67,0.01,2514.665,0.5547969110349197572278280906
ETH-USD,2026-08-30T18:41:32.872445Z,2514.66,2514.67,0.01,2514.665,0.5547969110349197572278280906
ETH-USD,2026-08-30T18:41:32.984734Z,2514.66,2514.67,0.01,2514.665,0.5547969110349197572278280906
ETH-USD,2026-08-30T18:41:33.024711Z,2514.66,2514.67,0.01,2514.665,0.3349047442697359259278663539
ETH-USD,2026-08-30T18:41:33.074469Z,2514.66,2514.67,0.01,2514.665,0.5547969110349197572278280906
ETH-USD,2026-08-30T18:41:33.094979Z,2514.66,2514.67,0.01,2514.665,0.5547969110349197572278280906
ETH-USD,2026-08-30T18:41:33.174067Z,2514.66,2514.67,0.01,2514.665,0.5547969110349197572278280906
ETH-USD,2026-08-30T18:41:33.25547Z,2514.66,2514.67,0.01,2514.665,0.5547969110349197572278280906
ETH-USD,2026-08-30T18:41:33.368618Z,2514.66,2514.67,0.01,2514.665,0.5547969110349197572278280906
ETH-USD,2026-08-30T18:41:33.419772Z,2514.66,2514.67,0.01,2514.665,0.5547969110349197572278280906
ETH-USD,2026-08-30T18:41:33.473351Z,2514.66,2514.67,0.01,2514.665,0.5547969110349197572278280906
ETH-USD,2026-08-30T18:41:33.530538Z,2514.66,2514.67,0.01,2514.665,0.5547969110349197572278280906
ETH-USD,2026-08-30T18:41:33.559084Z,2514.66,2514.67,0.01,2514.665,0.5547969110349197572278280906
ETH-USD,2026-08-30T18:41:33.668097Z,2514.66,2514.67,0.01,2514.665,0.5547969110349197572278280906
ETH-USD,2026-08-30T18:41:33.772202Z,2514.66,2514.67,0.01,2514.665,0.5547969110349197572278280906
ETH-USD,2026-08-30T18:41:33.842962Z,2514.66,2514.67,0.01,2514.665,0.5547969110349197572278280906
ETH-USD,2026-08-30T18:41:33.973832Z,2514.66,2514.67,0.01,2514.665,0.5547969110349197572278280906
ETH-USD,2026-08-30T18:41:34.022496Z,2514.66,2514.67,0.01,2514.665,0.3349047442697359259278663539
ETH-USD,2026-08-30T18:41:34.067152Z,2514.66,2514.67,0.01,2514.665,0.3349047442697359259278663539
ETH-USD,2026-08-30T18:41:34.154125Z,2514.66,2514.67,0.01,2514.665,0.5547969110349197572278280906
ETH-USD,2026-08-30T18:41:34.248016Z,2514.66,2514.67,0.01,2514.665,0.1945357205170062820233471043
ETH-USD,2026-08-30T18:41:34.30625Z,2514.66,2514.67,0.01,2514.665,0.1945357205170062820233471043
ETH-USD,2026-08-30T18:41:34.370377Z,2514.66,2514.67,0.01,2514.665,0.1945357205170062820233471043
ETH-USD,2026-08-30T18:41:34.432961Z,2514.66,2514.67,0.01,2514.665,0.1945317938948555530529378434
ETH-USD,2026-08-30T18:41:34.482715Z,2514.66,2514.67,0.01,2514.665,0.1945317938948555530529378434
ETH-USD,2026-08-30T18:41:34.498387Z,2514.66,2514.67,0.01,2514.665,0.1945317938948555530529378434
ETH-USD,2026-08-30T18:41:34.582697Z,2514.66,2514.67,0.01,2514.665,0.1945317938948555530529378434
ETH-USD,2026-08-30T18:41:34.627074Z,2514.66,2514.67,0.01,2514.665,0.1945317938948555530529378434
ETH-USD,2026-08-30T18:41:34.667488Z,2514.66,2514.67,0.01,2514.665,0.1945317938948555530529378434
ETH-USD,2026-08-30T18:41:34.727792Z,2514.66,2514.67,0.01,2514.665,0.3145383010516374811868422022
ETH-USD,2026-08-30T18:41:34.767243Z,2514.66,2514.67,0.01,2514.665,0.1945323558918553097746999651
ETH-USD,2026-08-30T18:41:34.828502Z,2514.66,2514.67,0.01,2514.665,0.08801325206548029759734824624
ETH-USD,2026-08-30T18:41:34.87506Z,2514.66,2514.67,0.01,2514.665,0.1442685531668964048701112950
ETH-USD,2026-08-30T18:41:34.926111Z,2514.66,2514.67,0.01,2514.665,0.1442715544011386065968372987
ETH-USD,2026-08-30T18:41:34.973072Z,2514.66,2514.67,0.01,2514.665,0.1442695787202731691043358847
ETH-USD,2026-08-30T18:41:35.01478Z,2514.66,2514.67,0.01,2514.665,0.1442695787202731691043358847
ETH-USD,2026-08-30T18:41:35.02412Z,2514.66,2514.67,0.01,2514.665,-0.2089772035549581163720754046
ETH-USD,2026-08-30T18:41:35.173092Z,2514.66,2514.67,0.01,2514.665,0.1442695787202731691043358847
ETH-USD,2026-08-30T18:41:35.272837Z,2514.66,2514.67,0.01,2514.665,0.1442695787202731691043358847
ETH-USD,2026-08-30T18:41:35.379773Z,2514.66,2514.67,0.01,2514.665,0.1442695787202731691043358847
ETH-USD,2026-08-30T18:41:35.433363Z,2514.66,2514.67,0.01,2514.665,0.1442695787202731691043358847
ETH-USD,2026-08-30T18:41:35.476969Z,2514.66,2514.67,0.01,2514.665,0.1442695787202731691043358847
ETH-USD,2026-08-30T18:41:35.576734Z,2514.66,2514.67,0.01,2514.665,0.1442695787202731691043358847
ETH-USD,2026-08-30T18:41:35.679953Z,2514.66,2514.67,0.01,2514.665,0.1451904539370684286531433512
ETH-USD,2026-08-30T18:41:35.691701Z,2514.66,2514.67,0.01,2514.665,0.1451904539370684286531433512
ETH-USD,2026-08-30T18:41:35.772829Z,2514.66,2514.67,0.01,2514.665,0.1451904539370684286531433512
ETH-USD,2026-08-30T18:41:35.802873Z,2514.66,2514.67,0.01,2514.665,0.1451904539370684286531433512
ETH-USD,2026-08-30T18:41:35.871886Z,2514.66,2514.67,0.01,2514.665,0.1451904539370684286531433512
ETH-USD,2026-08-30T18:41:35.929775Z,2514.66,2514.67,0.01,2514.665,0.1451904539370684286531433512
ETH-USD,2026-08-30T18:41:35.981165Z,2514.66,2514.67,0.01,2514.665,0.1451904539370684286531433512
ETH-USD,2026-08-30T18:41:36.022058Z,2514.66,2514.67,0.01,2514.665,-0.2085372425379524045266359441
ETH-USD,2026-08-30T18:41:36.075067Z,2514.66,2514.67,0.01,2514.665,-0.2085372425379524045266359441
ETH-USD,2026-08-30T18:41:36.176767Z,2514.66,2514.67,0.01,2514.665,-0.2085372425379524045266359441
ETH-USD,2026-08-30T18:41:36.196552Z,2514.66,2514.67,0.01,2514.665,0.1451904539370684286531433512
ETH-USD,2026-08-30T18:41:36.26957Z,2514.66,2514.67,0.01,2514.665,0.1451904539370684286531433512
ETH-USD,2026-08-30T18:41:36.376636Z,2514.66,2514.67,0.01,2514.665,0.1451904539370684286531433512
ETH-USD,2026-08-30T18:41:36.425978Z,2514.66,2514.67,0.01,2514.665,0.1451904539370684286531433512
ETH-USD,2026-08-30T18:41:36.473885Z,2514.66,2514.67,0.01,2514.665,0.1451904539370684286531433512
ETH-USD,2026-08-30T18:41:36.609042Z,2514.66,2514.67,0.01,2514.665,0.1451904539370684286531433512
ETH-USD,2026-08-30T18:41:36.669333Z,2514.66,2514.67,0.01,2514.665,0.1451904539370684286531433512
ETH-USD,2026-08-30T18:41:36.692865Z,2514.66,2514.67,0.01,2514.665,0.1451904539370684286531433512
ETH-USD,2026-08-30T18:41:36.77473Z,2514.66,2514.67,0.01,2514.665,0.1451904539370684286531433512
ETH-USD,2026-08-30T18:41:36.817703Z,2514.66,2514.67,0.01,2514.665,0.1451904539370684286531433512
ETH-USD,2026-08-30T18:41:36.877208Z,2514.66,2514.67,0.01,2514.665,0.1451904539370684286531433512
ETH-USD,2026-08-30T18:41:36.920702Z,2514.66,2514.67,0.01,2514.665,0.1451904539370684286531433512
ETH-USD,2026-08-30T18:41:36.974262Z,2514.66,2514.67,0.01,2514.665,0.1451904539370684286531433512
ETH-USD,2026-08-30T18:41:37.019918Z,2514.66,2514.67,0.01,2514.665,-0.2040289570561748004205943440
ETH-USD,2026-08-30T18:41:37.073271Z,2514.66,2514.67,0.01,2514.665,-0.2040289570561748004205943440
ETH-USD,2026-08-30T18:41:37.110288Z,2514.66,2514.67,0.01,2514.665,-0.2040289570561748004205943440
ETH-USD,2026-08-30T18:41:37.275487Z,2514.66,2514.67,0.01,2514.665,0.1546531067194653471415322959
ETH-USD,2026-08-30T18:41:37.300569Z,2514.66,2514.67,0.01,2514.665,0.1546531067194653471415322959
ETH-USD,2026-08-30T18:41:37.372524Z,2514.66,2514.67,0.01,2514.665,0.1546531067194653471415322959
ETH-USD,2026-08-30T18:41:37.467453Z,2514.66,2514.67,0.01,2514.665,0.1546531067194653471415322959
ETH-USD,2026-08-30T18:41:37.490622Z,2514.66,2514.67,0.01,2514.665,0.1546531067194653471415322959
ETH-USD,2026-08-30T18:41:37.577336Z,2514.66,2514.67,0.01,2514.665,0.1546531067194653471415322959
ETH-USD,2026-08-30T18:41:37.632618Z,2514.66,2514.67,0.01,2514.665,0.1546531067194653471415322959
ETH-USD,2026-08-30T18:41:37.671774Z,2514.66,2514.67,0.01,2514.665,0.1546531067194653471415322959
ETH-USD,2026-08-30T18:41:37.729694Z,2514.66,2514.67,0.01,2514.665,0.1546531067194653471415322959
ETH-USD,2026-08-30T18:41:37.777621Z,2514.66,2514.67,0.01,2514.665,0.1546531067194653471415322959
ETH-USD,2026-08-30T18:41:37.876282Z,2514.66,2514.67,0.01,2514.665,0.1546531067194653471415322959
ETH-USD,2026-08-30T18:41:37.918066Z,2514.66,2514.67,0.01,2514.665,0.1546531067194653471415322959
ETH-USD,2026-08-30T18:41:37.977859Z,2514.66,2514.67,0.01,2514.665,0.1546531067194653471415322959
ETH-USD,2026-08-30T18:41:38.013133Z,2514.66,2514.67,0.01,2514.665,-0.2040289570561748004205943440
ETH-USD,2026-08-30T18:41:38.105508Z,2514.66,2514.67,0.01,2514.665,-0.2040289570561748004205943440
ETH-USD,2026-08-30T18:41:38.173038Z,2514.66,2514.67,0.01,2514.665,-0.2040289570561748004205943440
ETH-USD,2026-08-30T18:41:38.271796Z,2514.66,2514.67,0.01,2514.665,-0.2040289570561748004205943440
ETH-USD,2026-08-30T18:41:38.297722Z,2514.66,2514.67,0.01,2514.665,0.1546531067194653471415322959
ETH-USD,2026-08-30T18:41:38.474694Z,2514.66,2514.67,0.01,2514.665,0.1546531067194653471415322959
ETH-USD,2026-08-30T18:41:38.57378Z,2514.66,2514.67,0.01,2514.665,0.1546531067194653471415322959
ETH-USD,2026-08-30T18:41:38.715848Z,2514.66,2514.67,0.01,2514.665,0.1546531067194653471415322959
ETH-USD,2026-08-30T18:41:38.773231Z,2514.66,2514.67,0.01,2514.665,0.1546531067194653471415322959
ETH-USD,2026-08-30T18:41:38.873412Z,2514.66,2514.67,0.01,2514.665,0.1546531067194653471415322959
ETH-USD,2026-08-30T18:41:39.023571Z,2514.66,2514.67,0.01,2514.665,-0.2040289570561748004205943440
ETH-USD,2026-08-30T18:41:39.068454Z,2514.66,2514.67,0.01,2514.665,-0.2040289570561748004205943440
ETH-USD,2026-08-30T18:41:39.12713Z,2514.66,2514.67,0.01,2514.665,-0.2040289570561748004205943440
ETH-USD,2026-08-30T18:41:39.174035Z,2514.66,2514.67,0.01,2514.665,-0.2040289570561748004205943440
ETH-USD,2026-08-30T18:41:39.22205Z,2514.66,2514.67,0.01,2514.665,0.08217527762496001951522014365
ETH-USD,2026-08-30T18:41:39.276026Z,2514.19,2514.41,0.22,2514.30,0.07127058534367240639185400039
ETH-USD,2026-08-30T18:41:39.323272Z,2514.21,2514.22,0.01,2514.215,-0.1511216584907724441318902757
ETH-USD,2026-08-30T18:41:39.379165Z,2514.19,2514.64,0.45,2514.415,-0.2988806631194960360066585650
ETH-USD,2026-08-30T18:41:39.429337Z,2514.19,2514.63,0.44,2514.41,-0.1898156257123257605583527941
ETH-USD,2026-08-30T18:41:39.460013Z,2514.23,2514.63,0.40,2514.43,-0.2390692402440266578634040977
ETH-USD,2026-08-30T18:41:39.524697Z,2514.23,2514.24,0.01,2514.235,-0.1892193601870652472307118585
ETH-USD,2026-08-30T18:41:39.563422Z,2514.23,2514.24,0.01,2514.235,0.2077450573599878674344673196
ETH-USD,2026-08-30T18:41:39.588933Z,2514.23,2514.24,0.01,2514.235,0.3632208723619767414340140355
ETH-USD,2026-08-30T18:41:39.656251Z,2514.23,2514.24,0.01,2514.235,0.1150273056579587045303271729
ETH-USD,2026-08-30T18:41:39.757313Z,2514.28,2514.3,0.02,2514.29,0.07071007582577332853300123181
ETH-USD,2026-08-30T18:41:39.825044Z,2514.29,2514.3,0.01,2514.295,0.04131338926052506169736509470
ETH-USD,2026-08-30T18:41:39.866975Z,2514.29,2514.3,0.01,2514.295,0.05720684219541718718507046386
ETH-USD,2026-08-30T18:41:39.925404Z,2514.32,2514.62,0.30,2514.47,0.4328709564308110139427404281
ETH-USD,2026-08-30T18:41:39.978005Z,2514.32,2514.39,0.07,2514.355,0.4316203421755918334392054278
ETH-USD,2026-08-30T18:41:40.016367Z,2514.38,2514.39,0.01,2514.385,0.3681032339754132951088568143
ETH-USD,2026-08-30T18:41:40.063377Z,2514.38,2514.39,0.01,2514.385,0.2316227394593545371198825959
ETH-USD,2026-08-30T18:41:40.100078Z,2514.31,2514.79,0.48,2514.55,0.5221352429685584634968386410
ETH-USD,2026-08-30T18:41:40.16729Z,2514.33,2514.34,0.01,2514.335,0.001267363425595152715303377213
ETH-USD,2026-08-30T18:41:40.194756Z,2514.33,2514.34,0.01,2514.335,0.2989053199492874940280509047
ETH-USD,2026-08-30T18:41:40.282335Z,2514.33,2514.34,0.01,2514.335,0.4013878921270434952904717415
ETH-USD,2026-08-30T18:41:40.375751Z,2514.33,2514.34,0.01,2514.335,0.4013878921270434952904717415
ETH-USD,2026-08-30T18:41:40.404829Z,2514.33,2514.34,0.01,2514.335,0.3875884762778952312576122924
ETH-USD,2026-08-30T18:41:40.45552Z,2514.33,2514.34,0.01,2514.335,0.3875884762778952312576122924
ETH-USD,2026-08-30T18:41:40.52216Z,2514.33,2514.34,0.01,2514.335,0.3875884762778952312576122924
ETH-USD,2026-08-30T18:41:40.575886Z,2514.33,2514.34,0.01,2514.335,0.3875884762778952312576122924
ETH-USD,2026-08-30T18:41:40.626855Z,2514.33,2514.34,0.01,2514.335,0.4320145394230220456241486996
ETH-USD,2026-08-30T18:41:40.678409Z,2514.33,2514.34,0.01,2514.335,0.3272986891616937152488637383
ETH-USD,2026-08-30T18:41:40.716759Z,2514.33,2514.34,0.01,2514.335,0.3272986891616937152488637383
ETH-USD,2026-08-30T18:41:40.776455Z,2514.33,2514.34,0.01,2514.335,0.3272986891616937152488637383
ETH-USD,2026-08-30T18:41:40.822462Z,2514.35,2514.5,0.15,2514.425,0.3880692315196195632696067262
ETH-USD,2026-08-30T18:41:40.875544Z,2514.34,2514.36,0.02,2514.35,0.4651838610020417117091700476
ETH-USD,2026-08-30T18:41:40.924176Z,2514.35,2514.58,0.23,2514.465,0.4120843675893745179420477426
ETH-USD,2026-08-30T18:41:40.954976Z,2514.35,2514.36,0.01,2514.355,0.3274195646897453298909067246
ETH-USD,2026-08-30T18:41:41.020918Z,2514.35,2514.36,0.01,2514.355,0.3336591957989899830211113363
ETH-USD,2026-08-30T18:41:41.173306Z,2514.35,2514.36,0.01,2514.355,0.3336591957989899830211113363
ETH-USD,2026-08-30T18:41:41.235291Z,2514.35,2514.36,0.01,2514.355,0.3336591957989899830211113363
ETH-USD,2026-08-30T18:41:41.274578Z,2514.35,2514.36,0.01,2514.355,0.2939353495856211060539725740
ETH-USD,2026-08-30T18:41:41.325028Z,2514.35,2514.36,0.01,2514.355,0.2939353495856211060539725740
ETH-USD,2026-08-30T18:41:41.376749Z,2514.35,2514.36,0.01,2514.355,0.2939353495856211060539725740
ETH-USD,2026-08-30T18:41:41.41475Z,2514.35,2514.36,0.01,2514.355,0.2939353495856211060539725740
ETH-USD,2026-08-30T18:41:41.468571Z,2514.35,2514.36,0.01,2514.355,0.4491081748037347960729999091
ETH-USD,2026-08-30T18:41:41.523234Z,2514.35,2514.36,0.01,2514.355,0.3775415120358732318862311908
ETH-USD,2026-08-30T18:41:41.574602Z,2514.64,2514.73,0.09,2514.685,0.5076052716491149636475505553
ETH-USD,2026-08-30T18:41:41.620545Z,2514.63,2514.65,0.02,2514.64,0.5588449010183876542431082202
ETH-USD,2026-08-30T18:41:41.674972Z,2514.64,2514.65,0.01,2514.645,0.5308863862324446060831989038
ETH-USD,2026-08-30T18:41:41.722971Z,2514.72,2514.73,0.01,2514.725,0.6225291558790394597870969097
ETH-USD,2026-08-30T18:41:41.771108Z,2514.7,2514.71,0.01,2514.705,0.5039850871498805457705581923
ETH-USD,2026-08-30T18:41:41.775391Z,2514.7,2514.71,0.01,2514.705,0.5039850871498805457705581923
ETH-USD,2026-08-30T18:41:41.871826Z,2514.7,2514.71,0.01,2514.705,0.5039850871498805457705581923
ETH-USD,2026-08-30T18:41:41.896682Z,2514.7,2514.71,0.01,2514.705,0.5039850871498805457705581923
ETH-USD,2026-08-30T18:41:41.955847Z,2514.7,2514.71,0.01,2514.705,0.5254505857205002614962599654
ETH-USD,2026-08-30T18:41:42.015705Z,2514.7,2514.71,0.01,2514.705,0.5254505857205002614962599654
ETH-USD,2026-08-30T18:41:42.074335Z,2514.7,2514.71,0.01,2514.705,0.3918558993732662493551302214
ETH-USD,2026-08-30T18:41:42.166881Z,2514.7,2514.71,0.01,2514.705,0.3918558993732662493551302214
ETH-USD,2026-08-30T18:41:42.37393Z,2514.7,2514.71,0.01,2514.705,0.3918558993732662493551302214
ETH-USD,2026-08-30T18:41:42.472351Z,2514.7,2514.71,0.01,2514.705,0.3918558993732662493551302214
ETH-USD,2026-08-30T18:41:42.512807Z,2514.7,2514.71,0.01,2514.705,0.3952990241641477509176495214
ETH-USD,2026-08-30T18:41:42.55628Z,2514.7,2514.71,0.01,2514.705,0.3952990241641477509176495214
ETH-USD,2026-08-30T18:41:42.83046Z,2514.7,2514.71,0.01,2514.705,0.3952990241641477509176495214
ETH-USD,2026-08-30T18:41:42.836568Z,2514.7,2514.71,0.01,2514.705,0.3952990241641477509176495214
ETH-USD,2026-08-30T18:41:42.865857Z,2514.7,2514.71,0.01,2514.705,0.3952990241641477509176495214
ETH-USD,2026-08-30T18:41:42.915031Z,2514.7,2514.71,0.01,2514.705,0.3952990241641477509176495214
ETH-USD,2026-08-30T18:41:42.972606Z,2514.7,2514.71,0.01,2514.705,0.3952990241641477509176495214
ETH-USD,2026-08-30T18:41:43.019214Z,2514.7,2514.71,0.01,2514.705,0.3952990241641477509176495214
ETH-USD,2026-08-30T18:41:43.072319Z,2514.7,2514.71,0.01,2514.705,0.3952990241641477509176495214
ETH-USD,2026-08-30T18:41:43.101091Z,2514.7,2514.71,0.01,2514.705,0.3952990241641477509176495214
ETH-USD,2026-08-30T18:41:43.281256Z,2514.7,2514.71,0.01,2514.705,0.3952990241641477509176495214
ETH-USD,2026-08-30T18:41:43.370706Z,2514.7,2514.71,0.01,2514.705,0.3952990241641477509176495214
ETH-USD,2026-08-30T18:41:43.423523Z,2514.7,2514.71,0.01,2514.705,0.3707615956942805335914970104
ETH-USD,2026-08-30T18:41:43.455998Z,2514.7,2514.71,0.01,2514.705,0.2794189395943150138038629528
ETH-USD,2026-08-30T18:41:43.493001Z,2514.7,2514.71,0.01,2514.705,0.2794189395943150138038629528
ETH-USD,2026-08-30T18:41:43.573345Z,2514.7,2514.71,0.01,2514.705,0.3707615956942805335914970104
ETH-USD,2026-08-30T18:41:43.620186Z,2514.7,2514.71,0.01,2514.705,0.3707615956942805335914970104
ETH-USD,2026-08-30T18:41:43.686594Z,2514.7,2514.71,0.01,2514.705,0.3101745277727206033682492614
ETH-USD,2026-08-30T18:41:43.727202Z,2514.7,2514.71,0.01,2514.705,0.4201378602372704604399051910
ETH-USD,2026-08-30T18:41:43.763479Z,2514.7,2514.8,0.1,2514.75,0.8331114976307877241696100043
ETH-USD,2026-08-30T18:41:43.816365Z,2514.79,2514.8,0.01,2514.795,0.6925973445699780025584659198
ETH-USD,2026-08-30T18:41:43.865606Z,2514.79,2514.8,0.01,2514.795,0.4410362421468190830082658917
ETH-USD,2026-08-30T18:41:43.920425Z,2514.78,2514.79,0.01,2514.785,0.3504619674900156824211800120
ETH-USD,2026-08-30T18:41:43.958189Z,2514.78,2514.79,0.01,2514.785,0.3046971829926358409420029963
ETH-USD,2026-08-30T18:41:44.012142Z,2514.78,2514.79,0.01,2514.785,0.08017653576271017155165264790
ETH-USD,2026-08-30T18:41:44.074519Z,2514.78,2514.79,0.01,2514.785,0.08184755452218968858509698513
ETH-USD,2026-08-30T18:41:44.098518Z,2514.78,2514.79,0.01,2514.785,0.08184755452218968858509698513
ETH-USD,2026-08-30T18:41:44.176262Z,2514.78,2514.79,0.01,2514.785,0.1702509155665317373371039042
ETH-USD,2026-08-30T18:41:44.21206Z,2514.78,2514.79,0.01,2514.785,0.1702509155665317373371039042
ETH-USD,2026-08-30T18:41:44.275006Z,2514.78,2514.79,0.01,2514.785,0.1702509155665317373371039042
ETH-USD,2026-08-30T18:41:44.327823Z,2514.78,2514.79,0.01,2514.785,0.1702509155665317373371039042
ETH-USD,2026-08-30T18:41:44.379022Z,2514.78,2514.8,0.02,2514.79,0.3643121511351517427448440779
ETH-USD,2026-08-30T18:41:44.415701Z,2514.78,2514.79,0.01,2514.785,0.3683964828979789790284044859
ETH-USD,2026-08-30T18:41:44.468452Z,2514.78,2514.79,0.01,2514.785,0.1689133448429278846709372759
ETH-USD,2026-08-30T18:41:44.479163Z,2514.78,2514.79,0.01,2514.785,0.1689133448429278846709372759
ETH-USD,2026-08-30T18:41:44.567683Z,2514.78,2514.79,0.01,2514.785,0.1689133448429278846709372759
ETH-USD,2026-08-30T18:41:44.617671Z,2514.78,2514.79,0.01,2514.785,0.1975130031348162780309550122
ETH-USD,2026-08-30T18:41:44.668357Z,2514.78,2514.79,0.01,2514.785,0.2882670356807391614183805310
ETH-USD,2026-08-30T18:41:44.712601Z,2514.78,2514.79,0.01,2514.785,0.2882670356807391614183805310
ETH-USD,2026-08-30T18:41:44.72018Z,2514.78,2514.79,0.01,2514.785,0.4097530691364171519813143848
ETH-USD,2026-08-30T18:41:44.789736Z,2514.78,2514.79,0.01,2514.785,0.4299885458452076588612156624
ETH-USD,2026-08-30T18:41:44.871972Z,2514.78,2514.79,0.01,2514.785,0.4299885458452076588612156624
ETH-USD,2026-08-30T18:41:44.929961Z,2514.78,2514.79,0.01,2514.785,0.4299885458452076588612156624
ETH-USD,2026-08-30T18:41:45.026673Z,2514.78,2514.79,0.01,2514.785,0.4299885458452076588612156624
ETH-USD,2026-08-30T18:41:45.08071Z,2514.78,2514.79,0.01,2514.785,0.4299885458452076588612156624
ETH-USD,2026-08-30T18:41:45.161952Z,2514.78,2514.79,0.01,2514.785,0.4299885458452076588612156624
ETH-USD,2026-08-30T18:41:45.169134Z,2514.78,2514.79,0.01,2514.785,0.4299885458452076588612156624
ETH-USD,2026-08-30T18:41:45.270094Z,2514.78,2514.79,0.01,2514.785,0.4299885458452076588612156624
ETH-USD,2026-08-30T18:41:45.375478Z,2514.78,2514.79,0.01,2514.785,0.4299885458452076588612156624
ETH-USD,2026-08-30T18:41:45.468749Z,2514.78,2514.79,0.01,2514.785,0.4299885458452076588612156624
ETH-USD,2026-08-30T18:41:45.520967Z,2514.78,2514.79,0.01,2514.785,0.4299885458452076588612156624
ETH-USD,2026-08-30T18:41:45.578299Z,2514.78,2514.79,0.01,2514.785,0.3046933726379015681304509477
ETH-USD,2026-08-30T18:41:45.620535Z,2514.78,2514.79,0.01,2514.785,0.3046933726379015681304509477
ETH-USD,2026-08-30T18:41:45.673874Z,2514.78,2514.79,0.01,2514.785,0.3046933726379015681304509477
ETH-USD,2026-08-30T18:41:45.77174Z,2514.78,2514.79,0.01,2514.785,0.3046933726379015681304509477
ETH-USD,2026-08-30T18:41:45.833053Z,2514.78,2514.79,0.01,2514.785,0.3046933726379015681304509477
ETH-USD,2026-08-30T18:41:45.880355Z,2514.78,2514.79,0.01,2514.785,0.3046933726379015681304509477
ETH-USD,2026-08-30T18:41:45.924213Z,2514.78,2514.79,0.01,2514.785,0.3046933726379015681304509477
ETH-USD,2026-08-30T18:41:45.982777Z,2514.78,2514.79,0.01,2514.785,0.3046933726379015681304509477
ETH-USD,2026-08-30T18:41:46.018993Z,2514.78,2514.79,0.01,2514.785,0.3046933726379015681304509477
ETH-USD,2026-08-30T18:41:46.074114Z,2514.78,2514.79,0.01,2514.785,0.3046933726379015681304509477
ETH-USD,2026-08-30T18:41:46.178831Z,2514.78,2514.79,0.01,2514.785,0.3046933726379015681304509477
ETH-USD,2026-08-30T18:41:46.275441Z,2514.78,2514.79,0.01,2514.785,0.3046933726379015681304509477
ETH-USD,2026-08-30T18:41:46.381304Z,2514.78,2514.79,0.01,2514.785,0.3046933726379015681304509477
ETH-USD,2026-08-30T18:41:46.428663Z,2514.78,2514.79,0.01,2514.785,0.3046933726379015681304509477
ETH-USD,2026-08-30T18:41:46.522077Z,2514.78,2514.79,0.01,2514.785,0.3046933726379015681304509477
ETH-USD,2026-08-30T18:41:46.57414Z,2514.78,2514.79,0.01,2514.785,0.3046933726379015681304509477
ETH-USD,2026-08-30T18:41:46.608717Z,2514.78,2514.79,0.01,2514.785,0.3046933726379015681304509477
ETH-USD,2026-08-30T18:41:46.675834Z,2514.78,2514.79,0.01,2514.785,0.3046933726379015681304509477
ETH-USD,2026-08-30T18:41:46.7777Z,2514.78,2514.79,0.01,2514.785,0.3046933726379015681304509477
ETH-USD,2026-08-30T18:41:46.876302Z,2514.78,2514.79,0.01,2514.785,0.3046933726379015681304509477
ETH-USD,2026-08-30T18:41:46.930608Z,2514.78,2514.79,0.01,2514.785,0.3046933726379015681304509477
ETH-USD,2026-08-30T18:41:46.972657Z,2514.78,2514.79,0.01,2514.785,0.3046933726379015681304509477
ETH-USD,2026-08-30T18:41:47.016505Z,2514.78,2514.79,0.01,2514.785,0.2882608515917452560827287532
ETH-USD,2026-08-30T18:41:47.075618Z,2514.78,2514.79,0.01,2514.785,0.2882608515917452560827287532
ETH-USD,2026-08-30T18:41:47.099545Z,2514.78,2514.79,0.01,2514.785,0.2882608515917452560827287532
ETH-USD,2026-08-30T18:41:47.173357Z,2514.78,2514.79,0.01,2514.785,0.2882608515917452560827287532
ETH-USD,2026-08-30T18:41:47.272392Z,2514.78,2514.79,0.01,2514.785,0.2882608515917452560827287532
ETH-USD,2026-08-30T18:41:47.30603Z,2514.78,2514.79,0.01,2514.785,0.2882608515917452560827287532
ETH-USD,2026-08-30T18:41:47.396732Z,2514.78,2514.79,0.01,2514.785,0.2882608515917452560827287532
ETH-USD,2026-08-30T18:41:47.485809Z,2514.78,2514.79,0.01,2514.785,0.2882608515917452560827287532
ETH-USD,2026-08-30T18:41:47.57578Z,2514.78,2514.79,0.01,2514.785,0.2503208130714759262574266530
ETH-USD,2026-08-30T18:41:47.591687Z,2514.78,2514.79,0.01,2514.785,0.2503208130714759262574266530
ETH-USD,2026-08-30T18:41:47.667254Z,2514.78,2514.79,0.01,2514.785,0.08047943823885554651910293420
ETH-USD,2026-08-30T18:41:47.742895Z,2514.78,2514.79,0.01,2514.785,0.08047943823885554651910293420
ETH-USD,2026-08-30T18:41:47.848541Z,2514.78,2514.79,0.01,2514.785,-0.1570209852064135865434448567
ETH-USD,2026-08-30T18:41:47.8801Z,2514.78,2514.79,0.01,2514.785,0.1470768267332636263998390867
ETH-USD,2026-08-30T18:41:47.954373Z,2514.78,2514.79,0.01,2514.785,-0.004684545668920565593820949946
ETH-USD,2026-08-30T18:41:47.999719Z,2514.78,2514.79,0.01,2514.785,-0.004684545668920565593820949946
ETH-USD,2026-08-30T18:41:48.054423Z,2514.78,2514.79,0.01,2514.785,0.2644422329247707375801008713
ETH-USD,2026-08-30T18:41:48.075584Z,2514.78,2514.79,0.01,2514.785,0.2644422329247707375801008713
ETH-USD,2026-08-30T18:41:48.178073Z,2514.78,2514.79,0.01,2514.785,0.2644422329247707375801008713
ETH-USD,2026-08-30T18:41:48.184318Z,2514.78,2514.79,0.01,2514.785,0.2644422329247707375801008713
ETH-USD,2026-08-30T18:41:48.369934Z,2514.78,2514.79,0.01,2514.785,0.2644422329247707375801008713
ETH-USD,2026-08-30T18:41:48.407405Z,2514.78,2514.79,0.01,2514.785,0.5299723543795716964635534853
ETH-USD,2026-08-30T18:41:48.519015Z,2514.78,2514.79,0.01,2514.785,0.5299723543795716964635534853
ETH-USD,2026-08-30T18:41:48.559082Z,2514.78,2514.79,0.01,2514.785,0.1800854803450595767599361088
ETH-USD,2026-08-30T18:41:48.604196Z,2514.78,2514.79,0.01,2514.785,0.1800854803450595767599361088
ETH-USD,2026-08-30T18:41:48.649769Z,2514.78,2514.79,0.01,2514.785,0.1800854803450595767599361088
ETH-USD,2026-08-30T18:41:48.723571Z,2514.78,2514.79,0.01,2514.785,0.1800822855670876561760127352
ETH-USD,2026-08-30T18:41:48.767602Z,2514.78,2514.79,0.01,2514.785,0.1800822855670876561760127352
ETH-USD,2026-08-30T18:41:48.816495Z,2514.78,2514.79,0.01,2514.785,0.08942575288134403461888407978
ETH-USD,2026-08-30T18:41:48.854845Z,2514.78,2514.79,0.01,2514.785,0.1800850556125217569448614291
ETH-USD,2026-08-30T18:41:48.882451Z,2514.78,2514.79,0.01,2514.785,0.1800850556125217569448614291
ETH-USD,2026-08-30T18:41:48.9734Z,2514.78,2514.79,0.01,2514.785,0.1800850556125217569448614291
ETH-USD,2026-08-30T18:41:49.019431Z,2514.78,2514.79,0.01,2514.785,-0.01005438736582521439490824647
ETH-USD,2026-08-30T18:41:49.074439Z,2514.78,2514.79,0.01,2514.785,-0.01005438736582521439490824647
ETH-USD,2026-08-30T18:41:49.109336Z,2514.78,2514.79,0.01,2514.785,0.1800848410069203817857326952
ETH-USD,2026-08-30T18:41:49.159828Z,2514.78,2514.79,0.01,2514.785,0.1800848410069203817857326952
ETH-USD,2026-08-30T18:41:49.274622Z,2514.78,2514.79,0.01,2514.785,0.1800848410069203817857326952
ETH-USD,2026-08-30T18:41:49.323424Z,2514.78,2514.79,0.01,2514.785,0.1800848410069203817857326952
ETH-USD,2026-08-30T18:41:49.374077Z,2514.78,2514.79,0.01,2514.785,0.1800848410069203817857326952
ETH-USD,2026-08-30T18:41:49.420992Z,2514.78,2514.79,0.01,2514.785,0.1800848410069203817857326952
ETH-USD,2026-08-30T18:41:49.462497Z,2514.78,2514.79,0.01,2514.785,0.1800848410069203817857326952
ETH-USD,2026-08-30T18:41:49.57511Z,2514.78,2514.79,0.01,2514.785,0.1800848410069203817857326952
ETH-USD,2026-08-30T18:41:49.612699Z,2514.78,2514.79,0.01,2514.785,0.1800848410069203817857326952
ETH-USD,2026-08-30T18:41:49.667539Z,2514.78,2514.79,0.01,2514.785,0.1800848410069203817857326952
ETH-USD,2026-08-30T18:41:49.680694Z,2514.78,2514.79,0.01,2514.785,0.1800848410069203817857326952
ETH-USD,2026-08-30T18:41:49.757597Z,2514.78,2514.79,0.01,2514.785,0.1800848410069203817857326952
ETH-USD,2026-08-30T18:41:49.821093Z,2514.78,2514.79,0.01,2514.785,0.1800848410069203817857326952
ETH-USD,2026-08-30T18:41:49.871938Z,2514.78,2514.79,0.01,2514.785,0.1800848410069203817857326952
ETH-USD,2026-08-30T18:41:49.972604Z,2514.78,2514.79,0.01,2514.785,0.1800848410069203817857326952
ETH-USD,2026-08-30T18:41:50.020643Z,2514.78,2514.79,0.01,2514.785,0.03029399733996659291051884034
ETH-USD,2026-08-30T18:41:50.06565Z,2514.78,2514.79,0.01,2514.785,0.03029399733996659291051884034
ETH-USD,2026-08-30T18:41:50.120563Z,2514.78,2514.79,0.01,2514.785,0.03029399733996659291051884034
ETH-USD,2026-08-30T18:41:50.168676Z,2514.78,2514.79,0.01,2514.785,0.1800848410069203817857326952
ETH-USD,2026-08-30T18:41:50.173375Z,2514.78,2514.79,0.01,2514.785,0.1800848410069203817857326952
ETH-USD,2026-08-30T18:41:50.277641Z,2514.78,2514.79,0.01,2514.785,0.1800848410069203817857326952
ETH-USD,2026-08-30T18:41:50.373187Z,2514.78,2514.79,0.01,2514.785,0.1791337412289943005172643368
ETH-USD,2026-08-30T18:41:50.409997Z,2514.78,2514.79,0.01,2514.785,0.1791337412289943005172643368
ETH-USD,2026-08-30T18:41:50.473224Z,2514.78,2514.79,0.01,2514.785,0.1791337412289943005172643368
ETH-USD,2026-08-30T18:41:50.511948Z,2514.78,2514.79,0.01,2514.785,0.1791337412289943005172643368
ETH-USD,2026-08-30T18:41:50.572862Z,2514.78,2514.79,0.01,2514.785,0.1791337412289943005172643368
ETH-USD,2026-08-30T18:41:50.653806Z,2514.78,2514.79,0.01,2514.785,0.1778105858766734107024132806
ETH-USD,2026-08-30T18:41:50.689742Z,2514.78,2514.79,0.01,2514.785,0.1778105858766734107024132806
ETH-USD,2026-08-30T18:41:50.694348Z,2514.5,2514.76,0.26,2514.63,0.1837015456520693132919662510
ETH-USD,2026-08-30T18:41:50.767269Z,2514.06,2514.24,0.18,2514.15,0.2200429005712831392601197233
ETH-USD,2026-08-30T18:41:50.836304Z,2513.82,2514.14,0.32,2513.98,-0.2637176542604775595508905708
ETH-USD,2026-08-30T18:41:50.917055Z,2513.91,2513.99,0.08,2513.95,0.1739952215048329718973535882
ETH-USD,2026-08-30T18:41:50.970148Z,2513.92,2513.93,0.01,2513.925,0.4173513107840607499305448563
ETH-USD,2026-08-30T18:41:51.018874Z,2513.92,2513.93,0.01,2513.925,0.5187181773281627282913233200
ETH-USD,2026-08-30T18:41:51.075827Z,2513.92,2513.93,0.01,2513.925,0.5187181773281627282913233200
ETH-USD,2026-08-30T18:41:51.086367Z,2513.92,2513.93,0.01,2513.925,0.5380783617096116113192304041
ETH-USD,2026-08-30T18:41:51.172149Z,2513.92,2513.93,0.01,2513.925,0.4350251135470057532005098486
ETH-USD,2026-08-30T18:41:51.222047Z,2513.92,2513.93,0.01,2513.925,0.4350251135470057532005098486
ETH-USD,2026-08-30T18:41:51.25581Z,2513.92,2513.93,0.01,2513.925,0.4350251135470057532005098486
ETH-USD,2026-08-30T18:41:51.318617Z,2513.92,2513.93,0.01,2513.925,0.4217512489241704489208689812
ETH-USD,2026-08-30T18:41:51.369032Z,2513.92,2513.93,0.01,2513.925,0.4217512489241704489208689812
ETH-USD,2026-08-30T18:41:51.374212Z,2513.92,2513.93,0.01,2513.925,0.4217512489241704489208689812
ETH-USD,2026-08-30T18:41:51.469815Z,2513.92,2513.93,0.01,2513.925,0.4217512489241704489208689812
ETH-USD,2026-08-30T18:41:51.485473Z,2513.92,2513.93,0.01,2513.925,0.4217512489241704489208689812
ETH-USD,2026-08-30T18:41:51.565616Z,2513.92,2513.93,0.01,2513.925,0.4217512489241704489208689812
ETH-USD,2026-08-30T18:41:51.591234Z,2513.92,2513.93,0.01,2513.925,0.4217512489241704489208689812
ETH-USD,2026-08-30T18:41:51.674075Z,2513.92,2513.93,0.01,2513.925,0.4217512489241704489208689812
ETH-USD,2026-08-30T18:41:51.72519Z,2513.92,2513.93,0.01,2513.925,-0.03526343025217061891258803821
ETH-USD,2026-08-30T18:41:51.773837Z,2513.92,2513.93,0.01,2513.925,0.02761232502548025074217674064
ETH-USD,2026-08-30T18:41:51.821697Z,2513.92,2513.93,0.01,2513.925,0.6170256379813274009386660068
ETH-USD,2026-08-30T18:41:51.867469Z,2513.92,2513.93,0.01,2513.925,0.2110804074154013138166331056
ETH-USD,2026-08-30T18:41:51.8781Z,2513.92,2513.93,0.01,2513.925,0.4519798244686120949364049608
ETH-USD,2026-08-30T18:41:51.974667Z,2513.92,2513.93,0.01,2513.925,0.4554498466537377583209713633
ETH-USD,2026-08-30T18:41:52.02192Z,2513.92,2513.93,0.01,2513.925,0.4554498466537377583209713633
ETH-USD,2026-08-30T18:41:52.075298Z,2513.92,2513.93,0.01,2513.925,0.4554498466537377583209713633
ETH-USD,2026-08-30T18:41:52.08962Z,2513.92,2513.93,0.01,2513.925,0.4554498466537377583209713633
ETH-USD,2026-08-30T18:41:52.165533Z,2513.92,2513.93,0.01,2513.925,0.5796806589818635359987975044
ETH-USD,2026-08-30T18:41:52.277617Z,2513.92,2513.93,0.01,2513.925,0.5796806589818635359987975044
ETH-USD,2026-08-30T18:41:52.324618Z,2513.92,2513.93,0.01,2513.925,0.4554462519081517163879248076
ETH-USD,2026-08-30T18:41:52.3743Z,2513.92,2513.93,0.01,2513.925,0.4554462519081517163879248076
ETH-USD,2026-08-30T18:41:52.430643Z,2513.92,2513.93,0.01,2513.925,0.5796790610703335198146272466
ETH-USD,2026-08-30T18:41:52.45943Z,2513.92,2513.93,0.01,2513.925,0.5820903289873705953987851280
ETH-USD,2026-08-30T18:41:52.527949Z,2513.92,2513.93,0.01,2513.925,0.5820903289873705953987851280
ETH-USD,2026-08-30T18:41:52.572162Z,2513.92,2513.93,0.01,2513.925,0.5820903289873705953987851280
ETH-USD,2026-08-30T18:41:52.677889Z,2513.92,2513.93,0.01,2513.925,0.5820903289873705953987851280
ETH-USD,2026-08-30T18:41:52.683938Z,2513.92,2513.93,0.01,2513.925,0.5820903289873705953987851280
ETH-USD,2026-08-30T18:41:52.735806Z,2513.92,2513.93,0.01,2513.925,0.3195953638376466509308462933
ETH-USD,2026-08-30T18:41:52.874442Z,2513.92,2513.93,0.01,2513.925,0.5296641979538577210921250791
ETH-USD,2026-08-30T18:41:52.91676Z,2513.92,2513.93,0.01,2513.925,0.5820920179396225186608013284
ETH-USD,2026-08-30T18:41:52.97317Z,2513.92,2513.93,0.01,2513.925,0.5820920179396225186608013284
ETH-USD,2026-08-30T18:41:53.013958Z,2513.92,2513.93,0.01,2513.925,0.5820895787857268931333482343
ETH-USD,2026-08-30T18:41:53.077424Z,2513.92,2513.93,0.01,2513.925,0.4276734344189335255252395275
ETH-USD,2026-08-30T18:41:53.116589Z,2513.92,2513.93,0.01,2513.925,0.4299782006724801711059285807
ETH-USD,2026-08-30T18:41:53.124875Z,2513.92,2513.93,0.01,2513.925,0.4299782006724801711059285807
ETH-USD,2026-08-30T18:41:53.172824Z,2513.92,2513.93,0.01,2513.925,0.4299782006724801711059285807
ETH-USD,2026-08-30T18:41:53.27691Z,2513.92,2513.93,0.01,2513.925,0.3614750140768692422911946151
ETH-USD,2026-08-30T18:41:53.320425Z,2513.92,2513.93,0.01,2513.925,0.1040481126200032296385299887
ETH-USD,2026-08-30T18:41:53.381839Z,2513.92,2513.93,0.01,2513.925,0.1040481126200032296385299887
ETH-USD,2026-08-30T18:41:53.430594Z,2513.92,2513.93,0.01,2513.925,0.1586004804873326084664226192
ETH-USD,2026-08-30T18:41:53.4761Z,2513.92,2513.93,0.01,2513.925,0.1586004804873326084664226192
ETH-USD,2026-08-30T18:41:53.524948Z,2513.92,2513.93,0.01,2513.925,0.02219066033710677586758312470
ETH-USD,2026-08-30T18:41:53.583382Z,2513.92,2513.93,0.01,2513.925,0.02219066033710677586758312470
ETH-USD,2026-08-30T18:41:53.773086Z,2513.92,2513.93,0.01,2513.925,0.02219066033710677586758312470
ETH-USD,2026-08-30T18:41:53.821795Z,2513.92,2513.93,0.01,2513.925,0.03907959607960722399766130016
ETH-USD,2026-08-30T18:41:53.869414Z,2513.92,2513.93,0.01,2513.925,0.03907959607960722399766130016
ETH-USD,2026-08-30T18:41:53.954918Z,2513.92,2513.93,0.01,2513.925,0.03915172647086288959452544125
ETH-USD,2026-08-30T18:41:54.020847Z,2513.92,2513.93,0.01,2513.925,0.03915172647086288959452544125
ETH-USD,2026-08-30T18:41:54.076197Z,2513.92,2513.93,0.01,2513.925,0.03915172647086288959452544125
ETH-USD,2026-08-30T18:41:54.124231Z,2513.92,2513.93,0.01,2513.925,0.03915172647086288959452544125
ETH-USD,2026-08-30T18:41:54.17369Z,2513.92,2513.93,0.01,2513.925,0.03915172647086288959452544125
ETH-USD,2026-08-30T18:41:54.2295Z,2513.92,2513.93,0.01,2513.925,0.03915172647086288959452544125
ETH-USD,2026-08-30T18:41:54.280914Z,2513.92,2513.93,0.01,2513.925,0.03914946509224976633438331397
ETH-USD,2026-08-30T18:41:54.328073Z,2513.92,2513.93,0.01,2513.925,0.03914946509224976633438331397
ETH-USD,2026-08-30T18:41:54.372824Z,2513.92,2513.93,0.01,2513.925,0.1586565802856862994483599678
ETH-USD,2026-08-30T18:41:54.427392Z,2513.92,2513.93,0.01,2513.925,0.4368204786167751275572866201
ETH-USD,2026-08-30T18:41:54.469427Z,2513.92,2513.93,0.01,2513.925,-0.3828407680121638583676561518
ETH-USD,2026-08-30T18:41:54.521922Z,2513.92,2513.93,0.01,2513.925,-0.3828407680121638583676561518
ETH-USD,2026-08-30T18:41:54.574289Z,2513.92,2513.93,0.01,2513.925,-0.3376295524629064377382266966
ETH-USD,2026-08-30T18:41:54.612618Z,2513.92,2513.93,0.01,2513.925,-0.3376295524629064377382266966
ETH-USD,2026-08-30T18:41:54.675441Z,2513.92,2513.93,0.01,2513.925,-0.3376295524629064377382266966
ETH-USD,2026-08-30T18:41:54.72901Z,2513.92,2513.93,0.01,2513.925,-0.3376295524629064377382266966
ETH-USD,2026-08-30T18:41:54.773015Z,2513.92,2513.93,0.01,2513.925,-0.3376295524629064377382266966
ETH-USD,2026-08-30T18:41:54.826573Z,2513.92,2513.93,0.01,2513.925,-0.3941550756495666476162716211
ETH-USD,2026-08-30T18:41:54.866988Z,2513.92,2513.93,0.01,2513.925,-0.2649318645347636194733828670
ETH-USD,2026-08-30T18:41:54.925131Z,2513.92,2513.93,0.01,2513.925,-0.2723846089722235098854337974
ETH-USD,2026-08-30T18:41:54.973406Z,2513.92,2513.93,0.01,2513.925,-0.2723846089722235098854337974
ETH-USD,2026-08-30T18:41:55.028564Z,2513.92,2513.93,0.01,2513.925,-0.3511685532942313803811522789
ETH-USD,2026-08-30T18:41:55.072627Z,2513.92,2513.93,0.01,2513.925,-0.3511685532942313803811522789
ETH-USD,2026-08-30T18:41:55.12295Z,2513.92,2513.93,0.01,2513.925,-0.3511699669714180592427437306
ETH-USD,2026-08-30T18:41:55.128744Z,2513.92,2513.93,0.01,2513.925,-0.3511699669714180592427437306
ETH-USD,2026-08-30T18:41:55.220647Z,2513.92,2513.93,0.01,2513.925,-0.3511699669714180592427437306
ETH-USD,2026-08-30T18:41:55.274382Z,2513.92,2513.93,0.01,2513.925,-0.4787672571086713304775312741
ETH-USD,2026-08-30T18:41:55.328631Z,2513.92,2513.93,0.01,2513.925,-0.4787672571086713304775312741
ETH-USD,2026-08-30T18:41:55.372917Z,2513.92,2513.93,0.01,2513.925,-0.4787672571086713304775312741
ETH-USD,2026-08-30T18:41:55.426943Z,2513.92,2513.93,0.01,2513.925,-0.4787672571086713304775312741
ETH-USD,2026-08-30T18:41:55.458427Z,2513.92,2513.93,0.01,2513.925,-0.4804775282443175924307355429
ETH-USD,2026-08-30T18:41:55.525407Z,2513.92,2513.93,0.01,2513.925,-0.4804775282443175924307355429
ETH-USD,2026-08-30T18:41:55.574348Z,2513.92,2513.93,0.01,2513.925,-0.4804775282443175924307355429
ETH-USD,2026-08-30T18:41:55.604034Z,2513.92,2513.93,0.01,2513.925,-0.3511699669714180592427437306
ETH-USD,2026-08-30T18:41:55.66745Z,2513.92,2513.93,0.01,2513.925,-0.3511707097815862375195898429
ETH-USD,2026-08-30T18:41:55.671248Z,2513.92,2513.93,0.01,2513.925,-0.3511707097815862375195898429
ETH-USD,2026-08-30T18:41:55.688687Z,2513.92,2513.93,0.01,2513.925,-0.3511707097815862375195898429
ETH-USD,2026-08-30T18:41:55.821516Z,2513.92,2513.93,0.01,2513.925,-0.3441089258145896560254720566
ETH-USD,2026-08-30T18:41:55.870293Z,2513.92,2513.93,0.01,2513.925,-0.3441089258145896560254720566
ETH-USD,2026-08-30T18:41:55.908822Z,2513.92,2513.93,0.01,2513.925,-0.3511707097815862375195898429
ETH-USD,2026-08-30T18:41:55.972709Z,2513.92,2513.93,0.01,2513.925,-0.3511719590296891897622978866
ETH-USD,2026-08-30T18:41:56.024545Z,2513.92,2513.93,0.01,2513.925,-0.3511719590296891897622978866
ETH-USD,2026-08-30T18:41:56.123689Z,2513.92,2513.93,0.01,2513.925,-0.3511719590296891897622978866
ETH-USD,2026-08-30T18:41:56.132402Z,2513.92,2513.93,0.01,2513.925,-0.3511719590296891897622978866
ETH-USD,2026-08-30T18:41:56.179161Z,2513.92,2513.93,0.01,2513.925,-0.3511719590296891897622978866
ETH-USD,2026-08-30T18:41:56.269149Z,2513.92,2513.93,0.01,2513.925,-0.3511719590296891897622978866
ETH-USD,2026-08-30T18:41:56.309434Z,2513.92,2513.93,0.01,2513.925,-0.3511719590296891897622978866
ETH-USD,2026-08-30T18:41:56.358499Z,2513.92,2513.93,0.01,2513.925,-0.3511719590296891897622978866
ETH-USD,2026-08-30T18:41:56.386529Z,2513.92,2513.93,0.01,2513.925,-0.3511719590296891897622978866
ETH-USD,2026-08-30T18:41:56.475282Z,2513.92,2513.93,0.01,2513.925,-0.3511719590296891897622978866
ETH-USD,2026-08-30T18:41:56.524145Z,2513.92,2513.93,0.01,2513.925,-0.3511719590296891897622978866
ETH-USD,2026-08-30T18:41:56.572881Z,2513.92,2513.93,0.01,2513.925,-0.3511719590296891897622978866
ETH-USD,2026-08-30T18:41:56.625814Z,2513.92,2513.93,0.01,2513.925,-0.3511719590296891897622978866
ETH-USD,2026-08-30T18:41:56.723103Z,2513.92,2513.93,0.01,2513.925,-0.3511719590296891897622978866
ETH-USD,2026-08-30T18:41:56.780248Z,2513.92,2513.93,0.01,2513.925,-0.3511719590296891897622978866
ETH-USD,2026-08-30T18:41:56.820524Z,2513.92,2513.93,0.01,2513.925,-0.3511719590296891897622978866
ETH-USD,2026-08-30T18:41:56.871559Z,2513.92,2513.93,0.01,2513.925,-0.3511719590296891897622978866
ETH-USD,2026-08-30T18:41:56.93002Z,2513.92,2513.93,0.01,2513.925,-0.3511719590296891897622978866
ETH-USD,2026-08-30T18:41:57.023171Z,2513.92,2513.93,0.01,2513.925,-0.3511719590296891897622978866
ETH-USD,2026-08-30T18:41:57.076085Z,2513.92,2513.93,0.01,2513.925,-0.3511719590296891897622978866
ETH-USD,2026-08-30T18:41:57.164571Z,2513.92,2513.93,0.01,2513.925,-0.3438902201374153609458316491
ETH-USD,2026-08-30T18:41:57.175482Z,2513.92,2513.93,0.01,2513.925,-0.3438902201374153609458316491
ETH-USD,2026-08-30T18:41:57.256012Z,2513.92,2513.93,0.01,2513.925,-0.3438902201374153609458316491
ETH-USD,2026-08-30T18:41:57.315483Z,2513.92,2513.93,0.01,2513.925,-0.3438902201374153609458316491
ETH-USD,2026-08-30T18:41:57.373696Z,2513.92,2513.93,0.01,2513.925,-0.3438902201374153609458316491
ETH-USD,2026-08-30T18:41:57.399569Z,2513.92,2513.93,0.01,2513.925,-0.3438902201374153609458316491
ETH-USD,2026-08-30T18:41:57.467534Z,2513.92,2513.93,0.01,2513.925,-0.3438902201374153609458316491
ETH-USD,2026-08-30T18:41:57.510922Z,2513.92,2513.93,0.01,2513.925,-0.3438902201374153609458316491
ETH-USD,2026-08-30T18:41:57.550487Z,2513.92,2513.93,0.01,2513.925,-0.3438902201374153609458316491
ETH-USD,2026-08-30T18:41:57.668413Z,2513.92,2513.93,0.01,2513.925,-0.3438902201374153609458316491
ETH-USD,2026-08-30T18:41:57.726312Z,2513.92,2513.93,0.01,2513.925,-0.3438902201374153609458316491
ETH-USD,2026-08-30T18:41:57.771398Z,2513.92,2513.93,0.01,2513.925,-0.3438902201374153609458316491
ETH-USD,2026-08-30T18:41:57.973729Z,2513.92,2513.93,0.01,2513.925,-0.3438902201374153609458316491
ETH-USD,2026-08-30T18:41:58.016236Z,2513.92,2513.93,0.01,2513.925,-0.3438902201374153609458316491
ETH-USD,2026-08-30T18:41:58.071286Z,2513.92,2513.93,0.01,2513.925,-0.3438902201374153609458316491
ETH-USD,2026-08-30T18:41:58.092968Z,2513.92,2513.93,0.01,2513.925,-0.3438902201374153609458316491
ETH-USD,2026-08-30T18:41:58.135765Z,2513.92,2513.93,0.01,2513.925,-0.4758209743470911384880717271
ETH-USD,2026-08-30T18:41:58.268779Z,2513.92,2513.93,0.01,2513.925,-0.4758209743470911384880717271
ETH-USD,2026-08-30T18:41:58.374997Z,2513.92,2513.93,0.01,2513.925,-0.4758209743470911384880717271
ETH-USD,2026-08-30T18:41:58.442857Z,2513.92,2513.93,0.01,2513.925,-0.4758209743470911384880717271
ETH-USD,2026-08-30T18:41:58.480667Z,2513.92,2513.93,0.01,2513.925,-0.3438898243962871183071521623
ETH-USD,2026-08-30T18:41:58.573696Z,2513.92,2513.93,0.01,2513.925,-0.4758209743470911384880717271
ETH-USD,2026-08-30T18:41:58.608749Z,2513.92,2513.93,0.01,2513.925,-0.5262284276955009731645436695
ETH-USD,2026-08-30T18:41:58.667683Z,2513.92,2513.93,0.01,2513.925,-0.5262284276955009731645436695
ETH-USD,2026-08-30T18:41:58.674253Z,2513.92,2513.93,0.01,2513.925,-0.5262284276955009731645436695
ETH-USD,2026-08-30T18:41:58.762122Z,2513.92,2513.93,0.01,2513.925,-0.5262284276955009731645436695
ETH-USD,2026-08-30T18:41:58.804029Z,2513.92,2513.93,0.01,2513.925,-0.4124327031238382603730201738
ETH-USD,2026-08-30T18:41:58.874017Z,2513.92,2513.93,0.01,2513.925,-0.4124327031238382603730201738
ETH-USD,2026-08-30T18:41:58.972146Z,2513.92,2513.93,0.01,2513.925,-0.4124327031238382603730201738
ETH-USD,2026-08-30T18:41:59.028672Z,2513.92,2513.93,0.01,2513.925,-0.4124327031238382603730201738
ETH-USD,2026-08-30T18:41:59.129533Z,2513.92,2513.93,0.01,2513.925,-0.4124327031238382603730201738
ETH-USD,2026-08-30T18:41:59.168063Z,2513.92,2513.93,0.01,2513.925,-0.4124327031238382603730201738
ETH-USD,2026-08-30T18:41:59.173897Z,2513.92,2513.93,0.01,2513.925,-0.4124327031238382603730201738
ETH-USD,2026-08-30T18:41:59.267393Z,2513.92,2513.93,0.01,2513.925,-0.4124327031238382603730201738
ETH-USD,2026-08-30T18:41:59.332502Z,2513.92,2513.93,0.01,2513.925,-0.4125702672765803410866493090
ETH-USD,2026-08-30T18:41:59.355931Z,2513.92,2513.93,0.01,2513.925,-0.4125702672765803410866493090
ETH-USD,2026-08-30T18:41:59.424632Z,2513.92,2513.93,0.01,2513.925,-0.4125702672765803410866493090
ETH-USD,2026-08-30T18:41:59.473149Z,2513.92,2513.93,0.01,2513.925,-0.4125702672765803410866493090
ETH-USD,2026-08-30T18:41:59.520854Z,2513.92,2513.93,0.01,2513.925,-0.4123536607469199202269039843
ETH-USD,2026-08-30T18:41:59.571519Z,2513.92,2513.93,0.01,2513.925,-0.4123536607469199202269039843
ETH-USD,2026-08-30T18:41:59.595884Z,2513.92,2513.93,0.01,2513.925,-0.4122163651713547635188371816
ETH-USD,2026-08-30T18:41:59.69214Z,2513.92,2513.93,0.01,2513.925,-0.4122163651713547635188371816
ETH-USD,2026-08-30T18:41:59.775686Z,2513.92,2513.93,0.01,2513.925,-0.4122163651713547635188371816
ETH-USD,2026-08-30T18:41:59.832129Z,2513.92,2513.93,0.01,2513.925,-0.5260400171946174915792668393
ETH-USD,2026-08-30T18:41:59.873685Z,2513.92,2513.93,0.01,2513.925,-0.5260400171946174915792668393
ETH-USD,2026-08-30T18:41:59.930635Z,2513.92,2513.93,0.01,2513.925,-0.5260400171946174915792668393
ETH-USD,2026-08-30T18:41:59.969835Z,2513.92,2513.93,0.01,2513.925,-0.5632744367297936076667030982
ETH-USD,2026-08-30T18:41:59.995065Z,2513.88,2513.91,0.03,2513.895,-0.6258960550143561983519256669
ETH-USD,2026-08-30T18:42:00.067171Z,2513.88,2513.89,0.01,2513.885,-0.6505560985965709679508886982
ETH-USD,2026-08-30T18:42:00.115134Z,2513.86,2513.87,0.01,2513.865,-0.3840470162360821330787113740
ETH-USD,2026-08-30T18:42:00.168564Z,2513.86,2513.87,0.01,2513.865,-0.4122087542919945471986407082
ETH-USD,2026-08-30T18:42:00.205639Z,2513.84,2513.85,0.01,2513.845,-0.3359634431821429649568904021
ETH-USD,2026-08-30T18:42:00.261764Z,2513.84,2513.85,0.01,2513.845,-0.4000818970068480164623166082
ETH-USD,2026-08-30T18:42:00.311339Z,2513.84,2513.85,0.01,2513.845,-0.1858095968267324532158582550
ETH-USD,2026-08-30T18:42:00.365356Z,2513.84,2513.85,0.01,2513.845,-0.1858513903121741888862474643
ETH-USD,2026-08-30T18:42:00.421817Z,2513.6,2513.61,0.01,2513.605,-0.3298690059501944854395742540
ETH-USD,2026-08-30T18:42:00.435791Z,2513.6,2513.61,0.01,2513.605,-0.3298690059501944854395742540
ETH-USD,2026-08-30T18:42:00.518197Z,2513.6,2513.61,0.01,2513.605,-0.5182733495650146341876686229
ETH-USD,2026-08-30T18:42:00.541469Z,2513.6,2513.61,0.01,2513.605,-0.5076326740845517702079297541
ETH-USD,2026-08-30T18:42:00.604759Z,2513.6,2513.61,0.01,2513.605,-0.5671935736595465263871708770
ETH-USD,2026-08-30T18:42:00.662427Z,2513.6,2513.61,0.01,2513.605,0.01652869059371003555910322592
ETH-USD,2026-08-30T18:42:00.709773Z,2513.6,2513.61,0.01,2513.605,-0.2754111368761097699276640426
ETH-USD,2026-08-30T18:42:00.756991Z,2513.6,2513.61,0.01,2513.605,0.001462956700402137923010116881
ETH-USD,2026-08-30T18:42:00.829139Z,2513.6,2513.61,0.01,2513.605,0.001457885872959272470968134293
ETH-USD,2026-08-30T18:42:00.873973Z,2513.6,2513.61,0.01,2513.605,0.001457885872959272470968134293
ETH-USD,2026-08-30T18:42:00.917022Z,2513.6,2513.61,0.01,2513.605,0.001457885872959272470968134293
ETH-USD,2026-08-30T18:42:00.969171Z,2513.6,2513.61,0.01,2513.605,0.001457885872959272470968134293
ETH-USD,2026-08-30T18:42:01.02315Z,2513.6,2513.61,0.01,2513.605,0.1699336169910693496289425163
ETH-USD,2026-08-30T18:42:01.073883Z,2513.6,2513.61,0.01,2513.605,0.1699312704291639852365073843
ETH-USD,2026-08-30T18:42:01.14753Z,2513.6,2513.61,0.01,2513.605,0.1699312704291639852365073843
ETH-USD,2026-08-30T18:42:01.275554Z,2513.6,2513.61,0.01,2513.605,0.1699312704291639852365073843
ETH-USD,2026-08-30T18:42:01.380971Z,2513.6,2513.61,0.01,2513.605,0.1699312704291639852365073843
ETH-USD,2026-08-30T18:42:01.432075Z,2513.6,2513.61,0.01,2513.605,0.1699338868190046093527622822
ETH-USD,2026-08-30T18:42:01.440475Z,2513.6,2513.61,0.01,2513.605,0.3236335837850769516841986330
ETH-USD,2026-08-30T18:42:01.496806Z,2513.6,2513.61,0.01,2513.605,0.3236335837850769516841986330
ETH-USD,2026-08-30T18:42:01.574791Z,2513.6,2513.61,0.01,2513.605,0.3236335837850769516841986330
ETH-USD,2026-08-30T18:42:01.667192Z,2513.6,2513.61,0.01,2513.605,0.3236335837850769516841986330
ETH-USD,2026-08-30T18:42:01.715818Z,2513.6,2513.61,0.01,2513.605,0.3236335837850769516841986330
ETH-USD,2026-08-30T18:42:01.875082Z,2513.6,2513.61,0.01,2513.605,0.3337435445693134885095537457
ETH-USD,2026-08-30T18:42:01.977784Z,2513.6,2513.61,0.01,2513.605,0.3337435445693134885095537457
ETH-USD,2026-08-30T18:42:02.020736Z,2513.6,2513.61,0.01,2513.605,0.3337435445693134885095537457
ETH-USD,2026-08-30T18:42:02.041282Z,2513.6,2513.61,0.01,2513.605,0.3337435445693134885095537457
ETH-USD,2026-08-30T18:42:02.170207Z,2513.6,2513.61,0.01,2513.605,0.3337435445693134885095537457
ETH-USD,2026-08-30T18:42:02.19956Z,2513.6,2513.61,0.01,2513.605,0.3337435445693134885095537457
ETH-USD,2026-08-30T18:42:02.273416Z,2513.6,2513.61,0.01,2513.605,0.3337435445693134885095537457
ETH-USD,2026-08-30T18:42:02.397228Z,2513.6,2513.61,0.01,2513.605,0.3337435445693134885095537457
ETH-USD,2026-08-30T18:42:02.468061Z,2513.6,2513.61,0.01,2513.605,0.3337435445693134885095537457
ETH-USD,2026-08-30T18:42:02.497741Z,2513.6,2513.61,0.01,2513.605,0.3337435445693134885095537457
ETH-USD,2026-08-30T18:42:02.572538Z,2513.6,2513.61,0.01,2513.605,0.3337435445693134885095537457
ETH-USD,2026-08-30T18:42:02.643112Z,2513.6,2513.61,0.01,2513.605,0.3337435445693134885095537457
ETH-USD,2026-08-30T18:42:02.711798Z,2513.6,2513.61,0.01,2513.605,0.3337435445693134885095537457
ETH-USD,2026-08-30T18:42:02.768702Z,2513.6,2513.61,0.01,2513.605,0.3337435445693134885095537457
ETH-USD,2026-08-30T18:42:02.804832Z,2513.6,2513.61,0.01,2513.605,0.3337465651578167264197443320
ETH-USD,2026-08-30T18:42:02.871968Z,2513.6,2513.61,0.01,2513.605,0.3337465651578167264197443320
ETH-USD,2026-08-30T18:42:03.025233Z,2513.6,2513.61,0.01,2513.605,0.3337465651578167264197443320
ETH-USD,2026-08-30T18:42:03.074651Z,2513.6,2513.61,0.01,2513.605,0.3337465651578167264197443320
ETH-USD,2026-08-30T18:42:03.113094Z,2513.6,2513.61,0.01,2513.605,0.4523053830061049920546557997
ETH-USD,2026-08-30T18:42:03.181111Z,2513.6,2513.61,0.01,2513.605,0.4523053830061049920546557997
ETH-USD,2026-08-30T18:42:03.373527Z,2513.6,2513.61,0.01,2513.605,0.4523053830061049920546557997
ETH-USD,2026-08-30T18:42:03.406057Z,2513.6,2513.61,0.01,2513.605,0.4523053830061049920546557997
ETH-USD,2026-08-30T18:42:03.527814Z,2513.6,2513.61,0.01,2513.605,0.4523053830061049920546557997
ETH-USD,2026-08-30T18:42:03.56061Z,2513.6,2513.61,0.01,2513.605,0.4523053830061049920546557997
ETH-USD,2026-08-30T18:42:03.625591Z,2513.6,2513.61,0.01,2513.605,0.4523053830061049920546557997
ETH-USD,2026-08-30T18:42:03.668207Z,2513.6,2513.61,0.01,2513.605,0.4523053830061049920546557997
ETH-USD,2026-08-30T18:42:03.75359Z,2513.6,2513.61,0.01,2513.605,0.4523053830061049920546557997
ETH-USD,2026-08-30T18:42:03.768737Z,2513.6,2513.61,0.01,2513.605,0.4523053830061049920546557997
ETH-USD,2026-08-30T18:42:03.804618Z,2513.6,2513.61,0.01,2513.605,0.4523053830061049920546557997
ETH-USD,2026-08-30T18:42:03.875362Z,2513.6,2513.61,0.01,2513.605,0.4523053830061049920546557997
ETH-USD,2026-08-30T18:42:03.979303Z,2513.6,2513.61,0.01,2513.605,0.3709623351352728705074401179
ETH-USD,2026-08-30T18:42:04.015335Z,2513.6,2513.61,0.01,2513.605,0.3709623351352728705074401179
ETH-USD,2026-08-30T18:42:04.07295Z,2513.6,2513.61,0.01,2513.605,0.3709623351352728705074401179
ETH-USD,2026-08-30T18:42:04.116686Z,2513.6,2513.61,0.01,2513.605,0.3709623351352728705074401179
ETH-USD,2026-08-30T18:42:04.169176Z,2513.6,2513.61,0.01,2513.605,0.3709623351352728705074401179
ETH-USD,2026-08-30T18:42:04.177336Z,2513.6,2513.61,0.01,2513.605,0.3709623351352728705074401179
ETH-USD,2026-08-30T18:42:04.286593Z,2513.6,2513.61,0.01,2513.605,0.3709623351352728705074401179
ETH-USD,2026-08-30T18:42:04.367545Z,2513.6,2513.61,0.01,2513.605,0.3709623351352728705074401179
ETH-USD,2026-08-30T18:42:04.429739Z,2513.6,2513.61,0.01,2513.605,0.3709623351352728705074401179
ETH-USD,2026-08-30T18:42:04.586273Z,2513.6,2513.61,0.01,2513.605,0.3709623351352728705074401179
ETH-USD,2026-08-30T18:42:04.621269Z,2513.6,2513.61,0.01,2513.605,0.3688009148283344362531441380
ETH-USD,2026-08-30T18:42:04.667712Z,2513.6,2513.61,0.01,2513.605,0.3709640480056929762309132637
ETH-USD,2026-08-30T18:42:04.700252Z,2513.6,2513.61,0.01,2513.605,0.3709640480056929762309132637
ETH-USD,2026-08-30T18:42:04.756073Z,2514.22,2514.23,0.01,2514.225,0.6768310975689565824252588335
ETH-USD,2026-08-30T18:42:04.917478Z,2513.98,2514.23,0.25,2514.105,0.4739246818330708544843169659
ETH-USD,2026-08-30T18:42:04.969897Z,2514.24,2514.36,0.12,2514.30,0.2246021666173568707831271879
ETH-USD,2026-08-30T18:42:04.999778Z,2514.22,2514.36,0.14,2514.29,0.2444040268468486180655122952
ETH-USD,2026-08-30T18:42:05.051281Z,2514.23,2514.36,0.13,2514.295,0.01112879042852334228520236482
ETH-USD,2026-08-30T18:42:05.106728Z,2514.23,2514.36,0.13,2514.295,0.01287799280816440438228032489
ETH-USD,2026-08-30T18:42:05.16425Z,2514.23,2514.36,0.13,2514.295,0.1618621235360613114897696597
ETH-USD,2026-08-30T18:42:05.211228Z,2514.24,2514.3,0.06,2514.27,0.1382618347278060092614395142
ETH-USD,2026-08-30T18:42:05.237899Z,2514.24,2514.3,0.06,2514.27,0.1190312696376138182178899680
ETH-USD,2026-08-30T18:42:05.317492Z,2514.24,2514.3,0.06,2514.27,0.08667402841445702285897378196
ETH-USD,2026-08-30T18:42:05.418903Z,2514.24,2514.3,0.06,2514.27,0.08667402841445702285897378196
ETH-USD,2026-08-30T18:42:05.434402Z,2514.24,2514.3,0.06,2514.27,0.08667402841445702285897378196
ETH-USD,2026-08-30T18:42:05.520713Z,2514.27,2514.35,0.08,2514.31,0.2886335530640788126298825556
ETH-USD,2026-08-30T18:42:05.567372Z,2514.34,2514.35,0.01,2514.345,0.2790529545945607600408129596
ETH-USD,2026-08-30T18:42:05.588656Z,2514.34,2514.35,0.01,2514.345,0.2790529545945607600408129596
ETH-USD,2026-08-30T18:42:05.663852Z,2514.29,2514.35,0.06,2514.32,0.2906410080166972593282267563
ETH-USD,2026-08-30T18:42:05.769973Z,2514.34,2514.35,0.01,2514.345,0.3723563525037725515517601048
ETH-USD,2026-08-30T18:42:05.811434Z,2514.34,2514.35,0.01,2514.345,0.3723563525037725515517601048
ETH-USD,2026-08-30T18:42:05.878155Z,2514.34,2514.35,0.01,2514.345,0.3723563525037725515517601048
ETH-USD,2026-08-30T18:42:06.036092Z,2514.34,2514.35,0.01,2514.345,0.2688942323567527836718774345
ETH-USD,2026-08-30T18:42:06.072958Z,2514.34,2514.35,0.01,2514.345,0.2688942323567527836718774345
ETH-USD,2026-08-30T18:42:06.172408Z,2514.34,2514.35,0.01,2514.345,0.2688942323567527836718774345
ETH-USD,2026-08-30T18:42:06.282167Z,2514.34,2514.35,0.01,2514.345,0.3623905560458708552659805337
ETH-USD,2026-08-30T18:42:06.367896Z,2514.34,2514.35,0.01,2514.345,0.3623905560458708552659805337
ETH-USD,2026-08-30T18:42:06.372691Z,2514.34,2514.35,0.01,2514.345,0.3623905560458708552659805337
ETH-USD,2026-08-30T18:42:06.470926Z,2514.34,2514.35,0.01,2514.345,0.3623905560458708552659805337
ETH-USD,2026-08-30T18:42:06.493887Z,2514.34,2514.35,0.01,2514.345,0.3623905560458708552659805337
ETH-USD,2026-08-30T18:42:06.673141Z,2514.34,2514.35,0.01,2514.345,0.3623905560458708552659805337
ETH-USD,2026-08-30T18:42:06.772765Z,2514.34,2514.35,0.01,2514.345,0.3623905560458708552659805337
ETH-USD,2026-08-30T18:42:06.822085Z,2514.34,2514.35,0.01,2514.345,0.3623905560458708552659805337
ETH-USD,2026-08-30T18:42:06.916605Z,2514.34,2514.35,0.01,2514.345,0.3623905560458708552659805337
ETH-USD,2026-08-30T18:42:06.974567Z,2514.34,2514.35,0.01,2514.345,0.3623905560458708552659805337
ETH-USD,2026-08-30T18:42:07.029714Z,2514.34,2514.35,0.01,2514.345,0.2688942323567527836718774345
ETH-USD,2026-08-30T18:42:07.077854Z,2514.34,2514.35,0.01,2514.345,0.2688942323567527836718774345
ETH-USD,2026-08-30T18:42:07.099741Z,2514.34,2514.35,0.01,2514.345,0.2688942323567527836718774345
ETH-USD,2026-08-30T18:42:07.21874Z,2514.34,2514.35,0.01,2514.345,0.2688942323567527836718774345
ETH-USD,2026-08-30T18:42:07.268455Z,2514.34,2514.35,0.01,2514.345,0.2688942323567527836718774345
ETH-USD,2026-08-30T18:42:07.312094Z,2514.36,2514.38,0.02,2514.37,0.5458472129083331738021635078
ETH-USD,2026-08-30T18:42:07.361575Z,2514.36,2514.38,0.02,2514.37,0.4773095398243438230888253605
ETH-USD,2026-08-30T18:42:07.401245Z,2514.37,2514.38,0.01,2514.375,0.4227606298841585232015439115
ETH-USD,2026-08-30T18:42:07.471745Z,2514.37,2514.51,0.14,2514.44,0.2930386494061603655679597781
ETH-USD,2026-08-30T18:42:07.519046Z,2514.36,2514.38,0.02,2514.37,0.2571253229317582381788318413
ETH-USD,2026-08-30T18:42:07.568654Z,2514.36,2514.37,0.01,2514.365,0.08666704684272705411407824096
ETH-USD,2026-08-30T18:42:07.574558Z,2514.36,2514.37,0.01,2514.365,0.08666704684272705411407824096
ETH-USD,2026-08-30T18:42:07.675016Z,2514.36,2514.37,0.01,2514.365,0.2353567614544266617311584575
ETH-USD,2026-08-30T18:42:07.873215Z,2514.36,2514.37,0.01,2514.365,0.1872267961329875879605031070
ETH-USD,2026-08-30T18:42:07.97582Z,2514.36,2514.37,0.01,2514.365,0.1872267961329875879605031070
ETH-USD,2026-08-30T18:42:08.016229Z,2514.36,2514.37,0.01,2514.365,0.1872267961329875879605031070
ETH-USD,2026-08-30T18:42:08.066759Z,2514.36,2514.37,0.01,2514.365,0.1739263524726384856120981934
ETH-USD,2026-08-30T18:42:08.122199Z,2514.36,2514.37,0.01,2514.365,0.1739263524726384856120981934
ETH-USD,2026-08-30T18:42:08.173878Z,2514.36,2514.37,0.01,2514.365,0.05461604183040558064569407765
ETH-USD,2026-08-30T18:42:08.202747Z,2514.36,2514.37,0.01,2514.365,0.1763673050721057357933832192
ETH-USD,2026-08-30T18:42:08.272074Z,2514.63,2514.64,0.01,2514.635,0.3186122972382416674521532050
ETH-USD,2026-08-30T18:42:08.329509Z,2514.55,2514.67,0.12,2514.61,0.3428572885142850407420848889
ETH-USD,2026-08-30T18:42:08.383002Z,2514.54,2514.55,0.01,2514.545,0.3634295068664379637635946148
ETH-USD,2026-08-30T18:42:08.427389Z,2514.54,2514.55,0.01,2514.545,0.3794814001256694523936934700
ETH-USD,2026-08-30T18:42:08.471006Z,2514.54,2514.55,0.01,2514.545,0.4853012916532780359473162864
ETH-USD,2026-08-30T18:42:08.579665Z,2514.54,2514.55,0.01,2514.545,0.4295481134750422680726984337
ETH-USD,2026-08-30T18:42:08.621837Z,2514.54,2514.55,0.01,2514.545,0.4295481134750422680726984337
ETH-USD,2026-08-30T18:42:08.670037Z,2514.54,2514.55,0.01,2514.545,0.4295481134750422680726984337
ETH-USD,2026-08-30T18:42:08.711309Z,2514.54,2514.55,0.01,2514.545,0.4295481134750422680726984337
ETH-USD,2026-08-30T18:42:08.776117Z,2514.54,2514.55,0.01,2514.545,0.4295481134750422680726984337
ETH-USD,2026-08-30T18:42:08.788511Z,2514.54,2514.55,0.01,2514.545,0.4295481134750422680726984337
ETH-USD,2026-08-30T18:42:08.876032Z,2514.54,2514.55,0.01,2514.545,0.4295481134750422680726984337
ETH-USD,2026-08-30T18:42:09.013955Z,2514.54,2514.55,0.01,2514.545,0.4295481134750422680726984337
ETH-USD,2026-08-30T18:42:09.024405Z,2514.54,2514.55,0.01,2514.545,0.2210331157226862382025031313
ETH-USD,2026-08-30T18:42:09.081438Z,2514.54,2514.55,0.01,2514.545,0.2210331157226862382025031313
ETH-USD,2026-08-30T18:42:09.121406Z,2514.54,2514.55,0.01,2514.545,0.2210331157226862382025031313
ETH-USD,2026-08-30T18:42:09.240734Z,2514.54,2514.55,0.01,2514.545,0.2210331157226862382025031313
ETH-USD,2026-08-30T18:42:09.374835Z,2514.54,2514.55,0.01,2514.545,0.2210331157226862382025031313
ETH-USD,2026-08-30T18:42:09.425736Z,2514.54,2514.55,0.01,2514.545,0.2210331157226862382025031313
ETH-USD,2026-08-30T18:42:09.468048Z,2514.54,2514.55,0.01,2514.545,0.4295458305842456807344947744
ETH-USD,2026-08-30T18:42:09.472309Z,2514.54,2514.55,0.01,2514.545,0.4295458305842456807344947744
ETH-USD,2026-08-30T18:42:09.537772Z,2514.54,2514.55,0.01,2514.545,0.4303760775989015520026473033
ETH-USD,2026-08-30T18:42:09.680738Z,2514.54,2514.55,0.01,2514.545,0.4303760775989015520026473033
ETH-USD,2026-08-30T18:42:09.772521Z,2514.54,2514.55,0.01,2514.545,0.4303760775989015520026473033
ETH-USD,2026-08-30T18:42:09.920712Z,2514.54,2514.55,0.01,2514.545,0.4303760775989015520026473033
ETH-USD,2026-08-30T18:42:09.97295Z,2514.54,2514.55,0.01,2514.545,0.4303760775989015520026473033
ETH-USD,2026-08-30T18:42:10.018329Z,2514.54,2514.55,0.01,2514.545,0.4303760775989015520026473033
ETH-USD,2026-08-30T18:42:10.07381Z,2514.54,2514.55,0.01,2514.545,0.2216387762261759438638414813
ETH-USD,2026-08-30T18:42:10.111184Z,2514.54,2514.55,0.01,2514.545,0.2216387762261759438638414813
ETH-USD,2026-08-30T18:42:10.21817Z,2514.54,2514.55,0.01,2514.545,0.2216387762261759438638414813
ETH-USD,2026-08-30T18:42:10.268349Z,2514.54,2514.55,0.01,2514.545,0.2216387762261759438638414813
ETH-USD,2026-08-30T18:42:10.280992Z,2514.54,2514.55,0.01,2514.545,0.2216387762261759438638414813
ETH-USD,2026-08-30T18:42:10.374096Z,2514.54,2514.55,0.01,2514.545,0.2216387762261759438638414813
ETH-USD,2026-08-30T18:42:10.44195Z,2514.54,2514.55,0.01,2514.545,0.2449765632902236258604347461
ETH-USD,2026-08-30T18:42:10.519501Z,2514.54,2514.55,0.01,2514.545,0.2547460799890442113862833827
ETH-USD,2026-08-30T18:42:10.574947Z,2514.54,2514.55,0.01,2514.545,0.2547460799890442113862833827
ETH-USD,2026-08-30T18:42:10.674167Z,2514.54,2514.55,0.01,2514.545,0.3778444544248573310080616931
ETH-USD,2026-08-30T18:42:10.707766Z,2514.54,2514.55,0.01,2514.545,0.3778444544248573310080616931
ETH-USD,2026-08-30T18:42:10.780519Z,2514.54,2514.55,0.01,2514.545,0.3778444544248573310080616931
ETH-USD,2026-08-30T18:42:10.79388Z,2514.54,2514.55,0.01,2514.545,0.3035051630696649775818814901
ETH-USD,2026-08-30T18:42:10.857107Z,2514.54,2514.55,0.01,2514.545,0.3035051630696649775818814901
ETH-USD,2026-08-30T18:42:10.874118Z,2514.54,2514.55,0.01,2514.545,0.3035051630696649775818814901
ETH-USD,2026-08-30T18:42:10.971728Z,2514.54,2514.55,0.01,2514.545,0.3035051630696649775818814901
ETH-USD,2026-08-30T18:42:11.016535Z,2514.54,2514.55,0.01,2514.545,0.3035051630696649775818814901
ETH-USD,2026-08-30T18:42:11.026276Z,2514.54,2514.55,0.01,2514.545,0.2868887040511469063949052764
ETH-USD,2026-08-30T18:42:11.129428Z,2514.54,2514.55,0.01,2514.545,0.2868887040511469063949052764
ETH-USD,2026-08-30T18:42:11.175586Z,2514.54,2514.55,0.01,2514.545,0.2868887040511469063949052764
ETH-USD,2026-08-30T18:42:11.222966Z,2514.54,2514.55,0.01,2514.545,0.2868887040511469063949052764
ETH-USD,2026-08-30T18:42:11.272889Z,2514.54,2514.55,0.01,2514.545,0.2868887040511469063949052764
ETH-USD,2026-08-30T18:42:11.325182Z,2514.54,2514.55,0.01,2514.545,0.2868887040511469063949052764
ETH-USD,2026-08-30T18:42:11.374027Z,2514.52,2514.54,0.02,2514.53,0.08024920710098156420834232561
ETH-USD,2026-08-30T18:42:11.42743Z,2514.51,2514.52,0.01,2514.515,-0.02483709091171632744797834820
ETH-USD,2026-08-30T18:42:11.47458Z,2514.51,2514.52,0.01,2514.515,-0.02483709091171632744797834820
ETH-USD,2026-08-30T18:42:11.505595Z,2514.49,2514.5,0.01,2514.495,0.01140487719190432152561734429
ETH-USD,2026-08-30T18:42:11.574958Z,2514.49,2514.5,0.01,2514.495,0.02544679799491572123148820317
ETH-USD,2026-08-30T18:42:11.596609Z,2514.47,2514.58,0.11,2514.525,0.1492953406868061800890483628
ETH-USD,2026-08-30T18:42:11.680549Z,2514.47,2514.48,0.01,2514.475,0.2449230203157531428722332900
ETH-USD,2026-08-30T18:42:11.736727Z,2514.47,2514.48,0.01,2514.475,0.2449230203157531428722332900
ETH-USD,2026-08-30T18:42:11.792001Z,2514.47,2514.48,0.01,2514.475,0.2449230203157531428722332900
ETH-USD,2026-08-30T18:42:11.893317Z,2514.47,2514.48,0.01,2514.475,0.2449230203157531428722332900
ETH-USD,2026-08-30T18:42:12.018647Z,2514.47,2514.48,0.01,2514.475,0.2449230203157531428722332900
ETH-USD,2026-08-30T18:42:12.076395Z,2514.47,2514.48,0.01,2514.475,0.2449230203157531428722332900
ETH-USD,2026-08-30T18:42:12.138224Z,2514.47,2514.48,0.01,2514.475,0.2449230203157531428722332900
ETH-USD,2026-08-30T18:42:12.147295Z,2514.47,2514.48,0.01,2514.475,0.2449230203157531428722332900
ETH-USD,2026-08-30T18:42:12.167614Z,2514.47,2514.48,0.01,2514.475,0.2449230203157531428722332900
ETH-USD,2026-08-30T18:42:12.173326Z,2514.47,2514.48,0.01,2514.475,0.2449230203157531428722332900
ETH-USD,2026-08-30T18:42:12.28016Z,2514.51,2514.7,0.19,2514.605,0.8438997240699495076281618016
ETH-USD,2026-08-30T18:42:12.373879Z,2514.51,2514.52,0.01,2514.515,0.5796983769050539836244188551
ETH-USD,2026-08-30T18:42:12.435805Z,2514.51,2514.52,0.01,2514.515,0.5796983769050539836244188551
ETH-USD,2026-08-30T18:42:12.467166Z,2514.51,2514.52,0.01,2514.515,0.5796983769050539836244188551
ETH-USD,2026-08-30T18:42:12.518914Z,2514.51,2514.52,0.01,2514.515,0.5796983769050539836244188551
ETH-USD,2026-08-30T18:42:12.578798Z,2514.51,2514.52,0.01,2514.515,0.5796983769050539836244188551
ETH-USD,2026-08-30T18:42:12.614974Z,2514.51,2514.52,0.01,2514.515,0.5576464859467703446316064251
ETH-USD,2026-08-30T18:42:12.676951Z,2514.51,2514.52,0.01,2514.515,0.5903489773832550226146653399
ETH-USD,2026-08-30T18:42:12.772978Z,2514.51,2514.52,0.01,2514.515,0.5903489773832550226146653399
ETH-USD,2026-08-30T18:42:12.793733Z,2514.51,2514.52,0.01,2514.515,0.5903489773832550226146653399
ETH-USD,2026-08-30T18:42:12.867528Z,2514.51,2514.52,0.01,2514.515,0.5903489773832550226146653399
ETH-USD,2026-08-30T18:42:12.974352Z,2514.51,2514.52,0.01,2514.515,0.5903489773832550226146653399
ETH-USD,2026-08-30T18:42:13.02004Z,2514.51,2514.52,0.01,2514.515,0.5903489773832550226146653399
ETH-USD,2026-08-30T18:42:13.073021Z,2514.51,2514.52,0.01,2514.515,0.5903489773832550226146653399
ETH-USD,2026-08-30T18:42:13.114836Z,2514.51,2514.52,0.01,2514.515,0.5903489773832550226146653399
ETH-USD,2026-08-30T18:42:13.172735Z,2514.51,2514.52,0.01,2514.515,0.5903489773832550226146653399
ETH-USD,2026-08-30T18:42:13.276191Z,2514.51,2514.52,0.01,2514.515,0.5765080358488789658648079963
ETH-USD,2026-08-30T18:42:13.326833Z,2514.51,2514.52,0.01,2514.515,0.5765917454140364900063921893
ETH-USD,2026-08-30T18:42:13.374282Z,2514.51,2514.52,0.01,2514.515,0.5765917454140364900063921893
ETH-USD,2026-08-30T18:42:13.465463Z,2514.51,2514.52,0.01,2514.515,0.5765917454140364900063921893
ETH-USD,2026-08-30T18:42:13.526263Z,2514.51,2514.52,0.01,2514.515,0.5765917454140364900063921893
ETH-USD,2026-08-30T18:42:13.576254Z,2514.51,2514.52,0.01,2514.515,0.5765917454140364900063921893
ETH-USD,2026-08-30T18:42:13.626895Z,2514.51,2514.52,0.01,2514.515,0.5765917454140364900063921893
ETH-USD,2026-08-30T18:42:13.672969Z,2514.51,2514.52,0.01,2514.515,0.5765917454140364900063921893
ETH-USD,2026-08-30T18:42:13.723806Z,2514.51,2514.52,0.01,2514.515,0.5536980443359626589119335716
ETH-USD,2026-08-30T18:42:13.751883Z,2514.51,2514.52,0.01,2514.515,0.5765916981891356994979433319
ETH-USD,2026-08-30T18:42:13.876766Z,2514.51,2514.52,0.01,2514.515,0.5765916981891356994979433319
ETH-USD,2026-08-30T18:42:13.977307Z,2514.51,2514.52,0.01,2514.515,0.5765916981891356994979433319
ETH-USD,2026-08-30T18:42:14.021447Z,2514.51,2514.52,0.01,2514.515,0.5765916981891356994979433319
ETH-USD,2026-08-30T18:42:14.068175Z,2514.51,2514.52,0.01,2514.515,0.5765916981891356994979433319
ETH-USD,2026-08-30T18:42:14.173728Z,2514.51,2514.52,0.01,2514.515,0.5765916981891356994979433319
ETH-USD,2026-08-30T18:42:14.220004Z,2514.51,2514.52,0.01,2514.515,0.5765916981891356994979433319
ETH-USD,2026-08-30T18:42:14.278369Z,2514.51,2514.52,0.01,2514.515,0.4683854297353651829447885879
ETH-USD,2026-08-30T18:42:14.38021Z,2514.51,2514.52,0.01,2514.515,0.4683854297353651829447885879
ETH-USD,2026-08-30T18:42:14.40552Z,2514.51,2514.52,0.01,2514.515,0.4616830194789827151809040088
ETH-USD,2026-08-30T18:42:14.478437Z,2514.51,2514.52,0.01,2514.515,0.4616830194789827151809040088
ETH-USD,2026-08-30T18:42:14.516565Z,2514.51,2514.52,0.01,2514.515,0.4616830194789827151809040088
ETH-USD,2026-08-30T18:42:14.573521Z,2514.51,2514.52,0.01,2514.515,0.4616830194789827151809040088
ETH-USD,2026-08-30T18:42:14.681058Z,2514.51,2514.52,0.01,2514.515,0.4616830194789827151809040088
ETH-USD,2026-08-30T18:42:14.752987Z,2514.51,2514.52,0.01,2514.515,0.4354062989007925792569833428
ETH-USD,2026-08-30T18:42:14.824083Z,2514.51,2514.52,0.01,2514.515,0.1222270413476418660252003133
ETH-USD,2026-08-30T18:42:14.872262Z,2514.51,2514.52,0.01,2514.515,0.4119285282336229074670111810
ETH-USD,2026-08-30T18:42:15.017739Z,2514.51,2514.52,0.01,2514.515,0.4119271701325775798359045640
ETH-USD,2026-08-30T18:42:15.074395Z,2514.51,2514.52,0.01,2514.515,0.4119271701325775798359045640
ETH-USD,2026-08-30T18:42:15.167208Z,2514.51,2514.52,0.01,2514.515,0.4119271701325775798359045640
ETH-USD,2026-08-30T18:42:15.205597Z,2514.51,2514.52,0.01,2514.515,0.4119271701325775798359045640
ETH-USD,2026-08-30T18:42:15.275298Z,2514.51,2514.52,0.01,2514.515,0.4119271701325775798359045640
ETH-USD,2026-08-30T18:42:15.291818Z,2514.51,2514.52,0.01,2514.515,0.4119271701325775798359045640
ETH-USD,2026-08-30T18:42:15.369639Z,2514.51,2514.52,0.01,2514.515,0.4119271701325775798359045640
ETH-USD,2026-08-30T18:42:15.423075Z,2514.51,2514.52,0.01,2514.515,0.4119271701325775798359045640
ETH-USD,2026-08-30T18:42:15.471802Z,2514.51,2514.52,0.01,2514.515,0.4119271701325775798359045640
ETH-USD,2026-08-30T18:42:15.550223Z,2514.51,2514.52,0.01,2514.515,0.4119271701325775798359045640
ETH-USD,2026-08-30T18:42:15.602241Z,2514.51,2514.52,0.01,2514.515,0.4119271701325775798359045640
ETH-USD,2026-08-30T18:42:15.683837Z,2514.51,2514.52,0.01,2514.515,0.4119271701325775798359045640
ETH-USD,2026-08-30T18:42:15.711771Z,2514.51,2514.52,0.01,2514.515,0.4119271701325775798359045640
ETH-USD,2026-08-30T18:42:15.77315Z,2514.51,2514.52,0.01,2514.515,0.4119271701325775798359045640
ETH-USD,2026-08-30T18:42:15.88043Z,2514.51,2514.52,0.01,2514.515,0.4119271701325775798359045640
ETH-USD,2026-08-30T18:42:15.912851Z,2514.51,2514.52,0.01,2514.515,0.4111258473372890162235911834
ETH-USD,2026-08-30T18:42:15.973147Z,2514.51,2514.52,0.01,2514.515,0.4119271701325775798359045640
ETH-USD,2026-08-30T18:42:16.030256Z,2514.51,2514.52,0.01,2514.515,0.4119271701325775798359045640
ETH-USD,2026-08-30T18:42:16.07055Z,2514.51,2514.52,0.01,2514.515,0.4119271701325775798359045640
ETH-USD,2026-08-30T18:42:16.210589Z,2514.51,2514.52,0.01,2514.515,0.4119249575871980953250963724
ETH-USD,2026-08-30T18:42:16.276033Z,2514.51,2514.52,0.01,2514.515,0.4119249575871980953250963724
ETH-USD,2026-08-30T18:42:16.287652Z,2514.51,2514.52,0.01,2514.515,0.4119249575871980953250963724
ETH-USD,2026-08-30T18:42:16.372101Z,2514.51,2514.52,0.01,2514.515,0.4119249575871980953250963724
ETH-USD,2026-08-30T18:42:16.472042Z,2514.51,2514.52,0.01,2514.515,0.4119249575871980953250963724
ETH-USD,2026-08-30T18:42:16.581565Z,2514.51,2514.52,0.01,2514.515,0.4119249575871980953250963724
ETH-USD,2026-08-30T18:42:16.609846Z,2514.51,2514.52,0.01,2514.515,0.4119249575871980953250963724
ETH-USD,2026-08-30T18:42:16.673085Z,2514.51,2514.52,0.01,2514.515,0.4119249575871980953250963724
ETH-USD,2026-08-30T18:42:16.728256Z,2514.51,2514.52,0.01,2514.515,0.4119249575871980953250963724
ETH-USD,2026-08-30T18:42:16.874532Z,2514.51,2514.52,0.01,2514.515,0.4119249575871980953250963724
ETH-USD,2026-08-30T18:42:16.973533Z,2514.51,2514.52,0.01,2514.515,0.4119249575871980953250963724
ETH-USD,2026-08-30T18:42:17.016729Z,2514.51,2514.52,0.01,2514.515,0.4111236373026035474694757288
ETH-USD,2026-08-30T18:42:17.073963Z,2514.51,2514.52,0.01,2514.515,0.4119249575871980953250963724
ETH-USD,2026-08-30T18:42:17.086075Z,2514.51,2514.52,0.01,2514.515,0.4119249575871980953250963724
ETH-USD,2026-08-30T18:42:17.182206Z,2514.51,2514.52,0.01,2514.515,0.4119249575871980953250963724
ETH-USD,2026-08-30T18:42:17.267301Z,2514.51,2514.52,0.01,2514.515,0.4119249575871980953250963724
ETH-USD,2026-08-30T18:42:17.341302Z,2514.51,2514.52,0.01,2514.515,0.4119249575871980953250963724
ETH-USD,2026-08-30T18:42:17.373137Z,2514.51,2514.52,0.01,2514.515,0.3156330448429506312524104831
ETH-USD,2026-08-30T18:42:17.469605Z,2514.51,2514.52,0.01,2514.515,0.3156330448429506312524104831
ETH-USD,2026-08-30T18:42:17.527326Z,2514.51,2514.52,0.01,2514.515,0.3154408078139400745246579242
ETH-USD,2026-08-30T18:42:17.573665Z,2514.51,2514.52,0.01,2514.515,0.3154408078139400745246579242
ETH-USD,2026-08-30T18:42:17.66847Z,2514.51,2514.52,0.01,2514.515,0.3154408078139400745246579242
ETH-USD,2026-08-30T18:42:17.831513Z,2514.51,2514.52,0.01,2514.515,0.3154408078139400745246579242
ETH-USD,2026-08-30T18:42:17.877305Z,2514.51,2514.52,0.01,2514.515,0.3154408078139400745246579242
ETH-USD,2026-08-30T18:42:18.018929Z,2514.51,2514.52,0.01,2514.515,0.3145718400760498131605394201
ETH-USD,2026-08-30T18:42:18.073964Z,2514.51,2514.52,0.01,2514.515,0.3145718400760498131605394201
ETH-USD,2026-08-30T18:42:18.122402Z,2514.51,2514.52,0.01,2514.515,0.3154408078139400745246579242
ETH-USD,2026-08-30T18:42:18.126312Z,2514.51,2514.52,0.01,2514.515,0.3154408078139400745246579242
ETH-USD,2026-08-30T18:42:18.16054Z,2514.51,2514.52,0.01,2514.515,0.3154408078139400745246579242
ETH-USD,2026-08-30T18:42:18.264799Z,2514.51,2514.52,0.01,2514.515,0.3154408078139400745246579242
ETH-USD,2026-08-30T18:42:18.38207Z,2514.51,2514.52,0.01,2514.515,0.3154408078139400745246579242
ETH-USD,2026-08-30T18:42:18.409885Z,2514.51,2514.52,0.01,2514.515,0.3154408078139400745246579242
ETH-USD,2026-08-30T18:42:18.472189Z,2514.51,2514.52,0.01,2514.515,0.3154408078139400745246579242
ETH-USD,2026-08-30T18:42:18.577899Z,2514.51,2514.52,0.01,2514.515,0.3154408078139400745246579242
ETH-USD,2026-08-30T18:42:18.631485Z,2514.51,2514.52,0.01,2514.515,0.3154408078139400745246579242
ETH-USD,2026-08-30T18:42:18.696739Z,2514.51,2514.52,0.01,2514.515,0.3154408078139400745246579242
ETH-USD,2026-08-30T18:42:18.773336Z,2514.51,2514.52,0.01,2514.515,0.3154408078139400745246579242
ETH-USD,2026-08-30T18:42:18.875981Z,2514.51,2514.52,0.01,2514.515,0.3154408078139400745246579242
ETH-USD,2026-08-30T18:42:18.886322Z,2514.51,2514.52,0.01,2514.515,0.3154408078139400745246579242
ETH-USD,2026-08-30T18:42:18.974053Z,2514.51,2514.52,0.01,2514.515,0.3154408078139400745246579242
ETH-USD,2026-08-30T18:42:19.015855Z,2514.51,2514.52,0.01,2514.515,0.3154408078139400745246579242
ETH-USD,2026-08-30T18:42:19.073177Z,2514.51,2514.52,0.01,2514.515,0.3145718400760498131605394201
ETH-USD,2026-08-30T18:42:19.168664Z,2514.51,2514.52,0.01,2514.515,0.3145718400760498131605394201
ETH-USD,2026-08-30T18:42:19.190894Z,2514.51,2514.52,0.01,2514.515,0.3154408078139400745246579242
ETH-USD,2026-08-30T18:42:19.280193Z,2514.51,2514.52,0.01,2514.515,0.3154408078139400745246579242
ETH-USD,2026-08-30T18:42:19.380884Z,2514.51,2514.52,0.01,2514.515,0.3154408078139400745246579242
ETH-USD,2026-08-30T18:42:19.388491Z,2514.51,2514.52,0.01,2514.515,0.3154408078139400745246579242
ETH-USD,2026-08-30T18:42:19.574418Z,2514.51,2514.52,0.01,2514.515,0.3154408078139400745246579242
ETH-USD,2026-08-30T18:42:19.678299Z,2514.51,2514.52,0.01,2514.515,0.3154408078139400745246579242
ETH-USD,2026-08-30T18:42:19.726647Z,2514.51,2514.52,0.01,2514.515,0.3154408078139400745246579242
ETH-USD,2026-08-30T18:42:19.730942Z,2514.51,2514.52,0.01,2514.515,0.3154408078139400745246579242
ETH-USD,2026-08-30T18:42:19.812238Z,2514.51,2514.52,0.01,2514.515,0.3154408078139400745246579242
ETH-USD,2026-08-30T18:42:19.87526Z,2514.51,2514.52,0.01,2514.515,0.3154408078139400745246579242
ETH-USD,2026-08-30T18:42:19.980089Z,2514.51,2514.52,0.01,2514.515,0.3154408078139400745246579242
ETH-USD,2026-08-30T18:42:20.019957Z,2514.51,2514.52,0.01,2514.515,0.3145718400760498131605394201
ETH-USD,2026-08-30T18:42:20.051039Z,2514.51,2514.52,0.01,2514.515,0.3145718400760498131605394201
ETH-USD,2026-08-30T18:42:20.114432Z,2514.51,2514.52,0.01,2514.515,0.3145718400760498131605394201
ETH-USD,2026-08-30T18:42:20.175023Z,2514.51,2514.52,0.01,2514.515,0.3145718400760498131605394201
ETH-USD,2026-08-30T18:42:20.273129Z,2514.51,2514.52,0.01,2514.515,0.3154408078139400745246579242
ETH-USD,2026-08-30T18:42:20.389918Z,2514.51,2514.52,0.01,2514.515,0.3154408078139400745246579242
ETH-USD,2026-08-30T18:42:20.468445Z,2514.51,2514.52,0.01,2514.515,0.3154408078139400745246579242
ETH-USD,2026-08-30T18:42:20.473114Z,2514.51,2514.52,0.01,2514.515,0.3154408078139400745246579242
ETH-USD,2026-08-30T18:42:20.578095Z,2514.51,2514.52,0.01,2514.515,0.3154408078139400745246579242
ETH-USD,2026-08-30T18:42:20.670564Z,2514.51,2514.52,0.01,2514.515,0.3154408078139400745246579242
ETH-USD,2026-08-30T18:42:20.675927Z,2514.51,2514.52,0.01,2514.515,0.3154408078139400745246579242
ETH-USD,2026-08-30T18:42:20.77115Z,2514.51,2514.52,0.01,2514.515,0.3154408078139400745246579242
ETH-USD,2026-08-30T18:42:20.780787Z,2514.51,2514.52,0.01,2514.515,0.3154408078139400745246579242
ETH-USD,2026-08-30T18:42:20.875963Z,2514.51,2514.52,0.01,2514.515,0.3154408078139400745246579242
ETH-USD,2026-08-30T18:42:21.01685Z,2514.51,2514.52,0.01,2514.515,0.3154408078139400745246579242
ETH-USD,2026-08-30T18:42:21.076004Z,2514.51,2514.52,0.01,2514.515,0.3145718400760498131605394201
ETH-USD,2026-08-30T18:42:21.095552Z,2514.51,2514.52,0.01,2514.515,0.3145718400760498131605394201
ETH-USD,2026-08-30T18:42:21.171982Z,2514.51,2514.52,0.01,2514.515,0.3145718400760498131605394201
ETH-USD,2026-08-30T18:42:21.228397Z,2514.51,2514.52,0.01,2514.515,0.3145718400760498131605394201
ETH-USD,2026-08-30T18:42:21.303211Z,2514.51,2514.52,0.01,2514.515,0.3154408078139400745246579242
ETH-USD,2026-08-30T18:42:21.373524Z,2514.51,2514.52,0.01,2514.515,0.3154408078139400745246579242
ETH-USD,2026-08-30T18:42:21.397141Z,2514.51,2514.52,0.01,2514.515,0.3154408078139400745246579242
ETH-USD,2026-08-30T18:42:21.468826Z,2514.51,2514.52,0.01,2514.515,0.3154408078139400745246579242
ETH-USD,2026-08-30T18:42:21.539086Z,2514.51,2514.52,0.01,2514.515,0.3154408078139400745246579242
ETH-USD,2026-08-30T18:42:21.584697Z,2514.51,2514.52,0.01,2514.515,0.3154408078139400745246579242
ETH-USD,2026-08-30T18:42:21.675011Z,2514.51,2514.52,0.01,2514.515,0.3154408078139400745246579242
ETH-USD,2026-08-30T18:42:21.775855Z,2514.51,2514.52,0.01,2514.515,0.3154408078139400745246579242
ETH-USD,2026-08-30T18:42:21.881603Z,2514.51,2514.52,0.01,2514.515,0.3154408078139400745246579242
ETH-USD,2026-08-30T18:42:21.891972Z,2514.51,2514.52,0.01,2514.515,0.3154408078139400745246579242
ETH-USD,2026-08-30T18:42:21.976217Z,2514.51,2514.52,0.01,2514.515,0.3154408078139400745246579242
ETH-USD,2026-08-30T18:42:22.014468Z,2514.51,2514.52,0.01,2514.515,0.3154408078139400745246579242
ETH-USD,2026-08-30T18:42:22.074957Z,2514.51,2514.52,0.01,2514.515,0.3145718400760498131605394201
ETH-USD,2026-08-30T18:42:22.133225Z,2514.51,2514.52,0.01,2514.515,0.3146429224488958495534117068
ETH-USD,2026-08-30T18:42:22.170327Z,2514.51,2514.52,0.01,2514.515,0.3146429224488958495534117068
ETH-USD,2026-08-30T18:42:22.228703Z,2514.51,2514.52,0.01,2514.515,0.3146429224488958495534117068
ETH-USD,2026-08-30T18:42:22.277125Z,2514.51,2514.52,0.01,2514.515,0.1718672667132000523510555264
ETH-USD,2026-08-30T18:42:22.294594Z,2514.5,2514.51,0.01,2514.505,-0.3384570921536601834288726424
ETH-USD,2026-08-30T18:42:22.462805Z,2514.5,2514.51,0.01,2514.505,-0.4860415053462027047849332552
ETH-USD,2026-08-30T18:42:22.514823Z,2514.5,2514.51,0.01,2514.505,-0.1435394913155198832996022009
ETH-USD,2026-08-30T18:42:22.574186Z,2514.5,2514.51,0.01,2514.505,-0.3159134890658052589320791017
ETH-USD,2026-08-30T18:42:22.606252Z,2514.5,2514.51,0.01,2514.505,-0.3365045534927454200515908865
ETH-USD,2026-08-30T18:42:22.667452Z,2514.5,2514.51,0.01,2514.505,-0.3365045534927454200515908865
ETH-USD,2026-08-30T18:42:22.684699Z,2514.5,2514.51,0.01,2514.505,-0.2680135483063973522866765958
ETH-USD,2026-08-30T18:42:22.773771Z,2514.5,2514.51,0.01,2514.505,-0.2680135483063973522866765958
ETH-USD,2026-08-30T18:42:22.873729Z,2514.5,2514.51,0.01,2514.505,-0.2680135483063973522866765958
ETH-USD,2026-08-30T18:42:22.973773Z,2514.5,2514.51,0.01,2514.505,-0.1404472934549297516647750262
ETH-USD,2026-08-30T18:42:23.017355Z,2514.5,2514.51,0.01,2514.505,-0.3029435246719358671470770329
ETH-USD,2026-08-30T18:42:23.070783Z,2514.5,2514.51,0.01,2514.505,-0.3029435246719358671470770329
ETH-USD,2026-08-30T18:42:23.099512Z,2514.5,2514.51,0.01,2514.505,-0.3029435246719358671470770329
ETH-USD,2026-08-30T18:42:23.138896Z,2514.5,2514.51,0.01,2514.505,-0.3029435246719358671470770329
ETH-USD,2026-08-30T18:42:23.168312Z,2514.5,2514.51,0.01,2514.505,-0.3029435246719358671470770329
ETH-USD,2026-08-30T18:42:23.304643Z,2514.5,2514.51,0.01,2514.505,-0.3029435246719358671470770329
ETH-USD,2026-08-30T18:42:23.402808Z,2514.5,2514.51,0.01,2514.505,-0.1404473113995970010107420681
ETH-USD,2026-08-30T18:42:23.475342Z,2514.5,2514.51,0.01,2514.505,-0.1404473113995970010107420681
ETH-USD,2026-08-30T18:42:23.572588Z,2514.5,2514.51,0.01,2514.505,-0.1404473113995970010107420681
ETH-USD,2026-08-30T18:42:23.774878Z,2514.5,2514.51,0.01,2514.505,-0.1404473113995970010107420681
ETH-USD,2026-08-30T18:42:23.831105Z,2514.5,2514.51,0.01,2514.505,-0.1404473113995970010107420681
ETH-USD,2026-08-30T18:42:23.86708Z,2514.5,2514.51,0.01,2514.505,-0.1404473113995970010107420681
ETH-USD,2026-08-30T18:42:23.872736Z,2514.5,2514.51,0.01,2514.505,-0.1404473113995970010107420681
ETH-USD,2026-08-30T18:42:24.021816Z,2514.5,2514.51,0.01,2514.505,-0.1404473113995970010107420681
ETH-USD,2026-08-30T18:42:24.075531Z,2514.5,2514.51,0.01,2514.505,-0.3029435246719358671470770329
ETH-USD,2026-08-30T18:42:24.123834Z,2514.5,2514.51,0.01,2514.505,-0.3029435246719358671470770329
ETH-USD,2026-08-30T18:42:24.17329Z,2514.5,2514.51,0.01,2514.505,-0.3029435246719358671470770329
ETH-USD,2026-08-30T18:42:24.225653Z,2514.5,2514.51,0.01,2514.505,-0.3029435246719358671470770329
ETH-USD,2026-08-30T18:42:24.276228Z,2514.5,2514.51,0.01,2514.505,-0.3274746914825738585535780875
ETH-USD,2026-08-30T18:42:24.307588Z,2514.5,2514.51,0.01,2514.505,-0.3798036562813318573822645242
ETH-USD,2026-08-30T18:42:24.375082Z,2514.5,2514.51,0.01,2514.505,-0.3775345885984195023340879875
ETH-USD,2026-08-30T18:42:24.469018Z,2514.5,2514.51,0.01,2514.505,-0.3199004689684191976241660484
ETH-USD,2026-08-30T18:42:24.580014Z,2514.5,2514.51,0.01,2514.505,-0.3198727723055931859896282973
ETH-USD,2026-08-30T18:42:24.673176Z,2514.5,2514.51,0.01,2514.505,-0.3198727723055931859896282973
ETH-USD,2026-08-30T18:42:24.70176Z,2514.5,2514.51,0.01,2514.505,-0.3198727723055931859896282973
ETH-USD,2026-08-30T18:42:24.77486Z,2514.5,2514.51,0.01,2514.505,-0.3198727723055931859896282973
ETH-USD,2026-08-30T18:42:24.828483Z,2514.5,2514.51,0.01,2514.505,-0.3198727723055931859896282973
ETH-USD,2026-08-30T18:42:24.836615Z,2514.5,2514.51,0.01,2514.505,-0.3198727723055931859896282973
ETH-USD,2026-08-30T18:42:24.981758Z,2514.5,2514.51,0.01,2514.505,-0.2640083880309780928597005963
ETH-USD,2026-08-30T18:42:25.017951Z,2514.5,2514.51,0.01,2514.505,-0.2640083880309780928597005963
ETH-USD,2026-08-30T18:42:25.080192Z,2514.5,2514.51,0.01,2514.505,-0.3775113873452874502656768031
ETH-USD,2026-08-30T18:42:25.157236Z,2514.5,2514.51,0.01,2514.505,-0.3771166965298053795695373863
ETH-USD,2026-08-30T18:42:25.269069Z,2514.5,2514.51,0.01,2514.505,-0.3771166965298053795695373863
ETH-USD,2026-08-30T18:42:25.311094Z,2514.5,2514.51,0.01,2514.505,-0.3767680240816749618415887366
ETH-USD,2026-08-30T18:42:25.372699Z,2514.5,2514.51,0.01,2514.505,-0.3767680240816749618415887366
ETH-USD,2026-08-30T18:42:25.518391Z,2514.5,2514.51,0.01,2514.505,-0.3189852758659470449575652974
ETH-USD,2026-08-30T18:42:25.582403Z,2514.5,2514.51,0.01,2514.505,-0.3200308523652829098716830278
ETH-USD,2026-08-30T18:42:25.626624Z,2514.5,2514.51,0.01,2514.505,-0.2543869205461015851298231198
ETH-USD,2026-08-30T18:42:25.66185Z,2514.5,2514.51,0.01,2514.505,0.4545661662846567488414342693
ETH-USD,2026-08-30T18:42:25.71344Z,2514.5,2514.51,0.01,2514.505,0.5600756444184664340669589560
ETH-USD,2026-08-30T18:42:25.758824Z,2514.5,2514.51,0.01,2514.505,0.3447449251807238653980779274
ETH-USD,2026-08-30T18:42:25.814068Z,2514.5,2514.51,0.01,2514.505,0.3791572449932791653553777913
ETH-USD,2026-08-30T18:42:25.853531Z,2514.5,2514.51,0.01,2514.505,0.4006123750343012854144776559
ETH-USD,2026-08-30T18:42:25.868673Z,2514.5,2514.51,0.01,2514.505,0.4006123750343012854144776559
ETH-USD,2026-08-30T18:42:25.9778Z,2514.5,2514.51,0.01,2514.505,0.4248489799082994402120132449
ETH-USD,2026-08-30T18:42:26.022542Z,2514.5,2514.51,0.01,2514.505,0.4240736599080846710082632275
ETH-USD,2026-08-30T18:42:26.083471Z,2514.5,2514.51,0.01,2514.505,0.4240736599080846710082632275
ETH-USD,2026-08-30T18:42:26.201251Z,2514.5,2514.51,0.01,2514.505,0.4240736599080846710082632275
ETH-USD,2026-08-30T18:42:26.237722Z,2514.5,2514.51,0.01,2514.505,0.4240736599080846710082632275
ETH-USD,2026-08-30T18:42:26.333121Z,2514.5,2514.51,0.01,2514.505,0.4240736599080846710082632275
ETH-USD,2026-08-30T18:42:26.358691Z,2514.5,2514.51,0.01,2514.505,0.4331731720818804099447861349
ETH-USD,2026-08-30T18:42:26.476663Z,2514.5,2514.51,0.01,2514.505,0.4331731720818804099447861349
ETH-USD,2026-08-30T18:42:26.527947Z,2514.5,2514.51,0.01,2514.505,0.4331731720818804099447861349
ETH-USD,2026-08-30T18:42:26.568868Z,2514.5,2514.51,0.01,2514.505,0.3951617655391801174020430778
ETH-USD,2026-08-30T18:42:26.611565Z,2514.5,2514.51,0.01,2514.505,0.3951617655391801174020430778
ETH-USD,2026-08-30T18:42:26.661633Z,2514.5,2514.51,0.01,2514.505,0.3951617655391801174020430778
ETH-USD,2026-08-30T18:42:26.771698Z,2514.5,2514.51,0.01,2514.505,0.4891332532083297544950647836
ETH-USD,2026-08-30T18:42:26.79496Z,2514.5,2514.51,0.01,2514.505,0.4302590054285812382883527526
ETH-USD,2026-08-30T18:42:26.873243Z,2514.5,2514.51,0.01,2514.505,0.4302590054285812382883527526
ETH-USD,2026-08-30T18:42:26.917556Z,2514.5,2514.51,0.01,2514.505,0.4302590054285812382883527526
ETH-USD,2026-08-30T18:42:27.016321Z,2514.5,2514.51,0.01,2514.505,0.3920458979360245168165880753
ETH-USD,2026-08-30T18:42:27.072956Z,2514.5,2514.51,0.01,2514.505,0.3920458979360245168165880753
ETH-USD,2026-08-30T18:42:27.110657Z,2514.5,2514.51,0.01,2514.505,0.3920458979360245168165880753
ETH-USD,2026-08-30T18:42:27.175514Z,2514.5,2514.51,0.01,2514.505,0.3924952167823325207300093032
ETH-USD,2026-08-30T18:42:27.265427Z,2514.5,2514.51,0.01,2514.505,0.3924952167823325207300093032
ETH-USD,2026-08-30T18:42:27.368308Z,2514.5,2514.51,0.01,2514.505,0.3924952167823325207300093032
ETH-USD,2026-08-30T18:42:27.409609Z,2514.5,2514.51,0.01,2514.505,0.3924922851598793113867924532
ETH-USD,2026-08-30T18:42:27.474103Z,2514.5,2514.51,0.01,2514.505,0.3924922851598793113867924532
ETH-USD,2026-08-30T18:42:27.525583Z,2514.5,2514.51,0.01,2514.505,0.3933917875154971908135359524
ETH-USD,2026-08-30T18:42:27.565962Z,2514.5,2514.51,0.01,2514.505,0.3933917875154971908135359524
ETH-USD,2026-08-30T18:42:27.670056Z,2514.5,2514.51,0.01,2514.505,0.3933917875154971908135359524
ETH-USD,2026-08-30T18:42:27.721253Z,2514.5,2514.51,0.01,2514.505,0.3933917875154971908135359524
ETH-USD,2026-08-30T18:42:27.773388Z,2514.5,2514.51,0.01,2514.505,0.3933917875154971908135359524
ETH-USD,2026-08-30T18:42:27.878829Z,2514.5,2514.51,0.01,2514.505,0.3933917875154971908135359524
ETH-USD,2026-08-30T18:42:27.930506Z,2514.57,2514.58,0.01,2514.575,0.5017328940640813293227225657
ETH-USD,2026-08-30T18:42:27.974987Z,2514.57,2514.58,0.01,2514.575,0.4002452244542208406682670994
ETH-USD,2026-08-30T18:42:28.015756Z,2514.57,2514.58,0.01,2514.575,0.3994542152449468782962044942
ETH-USD,2026-08-30T18:42:28.074312Z,2514.57,2514.58,0.01,2514.575,0.4549135974337262424854179326
ETH-USD,2026-08-30T18:42:28.119607Z,2514.57,2514.58,0.01,2514.575,0.4549135974337262424854179326
ETH-USD,2026-08-30T18:42:28.154176Z,2514.57,2514.58,0.01,2514.575,0.3569242384816043697867880154
ETH-USD,2026-08-30T18:42:28.180161Z,2514.57,2514.58,0.01,2514.575,0.3569242384816043697867880154
ETH-USD,2026-08-30T18:42:28.279341Z,2514.57,2514.58,0.01,2514.575,0.3569242384816043697867880154
ETH-USD,2026-08-30T18:42:28.321551Z,2514.57,2514.58,0.01,2514.575,0.3569242384816043697867880154
ETH-USD,2026-08-30T18:42:28.380674Z,2514.57,2514.58,0.01,2514.575,0.3569242384816043697867880154
ETH-USD,2026-08-30T18:42:28.38693Z,2514.57,2514.58,0.01,2514.575,0.3569242384816043697867880154
ETH-USD,2026-08-30T18:42:28.463625Z,2514.57,2514.58,0.01,2514.575,0.3569242384816043697867880154
ETH-USD,2026-08-30T18:42:28.524625Z,2514.57,2514.58,0.01,2514.575,0.3569242384816043697867880154
ETH-USD,2026-08-30T18:42:28.575989Z,2514.57,2514.58,0.01,2514.575,0.3569242384816043697867880154
ETH-USD,2026-08-30T18:42:28.633391Z,2514.57,2514.58,0.01,2514.575,0.3579006521151636890925985519
ETH-USD,2026-08-30T18:42:28.667943Z,2514.57,2514.58,0.01,2514.575,0.3579006521151636890925985519
ETH-USD,2026-08-30T18:42:28.718887Z,2514.57,2514.58,0.01,2514.575,0.3207272475584872096939188285
ETH-USD,2026-08-30T18:42:28.777437Z,2514.57,2514.58,0.01,2514.575,0.3207272475584872096939188285
ETH-USD,2026-08-30T18:42:28.807803Z,2514.57,2514.58,0.01,2514.575,0.3224082394570879616674664210
ETH-USD,2026-08-30T18:42:28.875359Z,2514.57,2514.58,0.01,2514.575,0.3224082394570879616674664210
ETH-USD,2026-08-30T18:42:28.974832Z,2514.57,2514.58,0.01,2514.575,0.3224082394570879616674664210
ETH-USD,2026-08-30T18:42:29.02038Z,2514.57,2514.58,0.01,2514.575,0.3225009157079245251824743420
ETH-USD,2026-08-30T18:42:29.1684Z,2514.57,2514.58,0.01,2514.575,0.3225009157079245251824743420
ETH-USD,2026-08-30T18:42:29.174225Z,2514.57,2514.58,0.01,2514.575,0.3225009157079245251824743420
ETH-USD,2026-08-30T18:42:29.26743Z,2514.57,2514.58,0.01,2514.575,0.3225009157079245251824743420
ETH-USD,2026-08-30T18:42:29.306584Z,2514.57,2514.58,0.01,2514.575,0.3225009157079245251824743420
ETH-USD,2026-08-30T18:42:29.342257Z,2514.57,2514.58,0.01,2514.575,0.3225009157079245251824743420
ETH-USD,2026-08-30T18:42:29.383865Z,2514.57,2514.58,0.01,2514.575,0.3225009157079245251824743420
ETH-USD,2026-08-30T18:42:29.468633Z,2514.57,2514.58,0.01,2514.575,0.3225009157079245251824743420
ETH-USD,2026-08-30T18:42:29.520183Z,2514.57,2514.58,0.01,2514.575,0.3225009157079245251824743420
ETH-USD,2026-08-30T18:42:29.575617Z,2514.57,2514.58,0.01,2514.575,0.3225009157079245251824743420
ETH-USD,2026-08-30T18:42:29.625179Z,2514.57,2514.58,0.01,2514.575,0.3225009157079245251824743420
ETH-USD,2026-08-30T18:42:29.664787Z,2514.57,2514.58,0.01,2514.575,0.3225009157079245251824743420
ETH-USD,2026-08-30T18:42:29.773284Z,2514.57,2514.58,0.01,2514.575,0.3225009157079245251824743420
ETH-USD,2026-08-30T18:42:29.826587Z,2514.57,2514.58,0.01,2514.575,0.3227867824391187572510141249
ETH-USD,2026-08-30T18:42:29.871003Z,2514.57,2514.58,0.01,2514.575,0.3227867824391187572510141249
ETH-USD,2026-08-30T18:42:29.911136Z,2514.57,2514.58,0.01,2514.575,0.3262544400816826957349573193
ETH-USD,2026-08-30T18:42:30.022838Z,2514.57,2514.58,0.01,2514.575,0.3262544400816826957349573193
ETH-USD,2026-08-30T18:42:30.068275Z,2514.57,2514.58,0.01,2514.575,0.3262544400816826957349573193
ETH-USD,2026-08-30T18:42:30.083964Z,2514.57,2514.58,0.01,2514.575,0.3262544400816826957349573193
ETH-USD,2026-08-30T18:42:30.174375Z,2514.57,2514.58,0.01,2514.575,0.3262544400816826957349573193
ETH-USD,2026-08-30T18:42:30.228657Z,2514.57,2514.58,0.01,2514.575,0.3262544400816826957349573193
ETH-USD,2026-08-30T18:42:30.264169Z,2514.57,2514.58,0.01,2514.575,0.3262544400816826957349573193
ETH-USD,2026-08-30T18:42:30.295258Z,2514.57,2514.58,0.01,2514.575,0.3285457735728427155449800203
ETH-USD,2026-08-30T18:42:30.373822Z,2514.57,2514.58,0.01,2514.575,0.3285457735728427155449800203
ETH-USD,2026-08-30T18:42:30.384753Z,2514.57,2514.58,0.01,2514.575,0.3285457735728427155449800203
ETH-USD,2026-08-30T18:42:30.477181Z,2514.57,2514.58,0.01,2514.575,0.3303843615025569476184384954
ETH-USD,2026-08-30T18:42:30.527652Z,2514.57,2514.58,0.01,2514.575,0.3303843615025569476184384954
ETH-USD,2026-08-30T18:42:30.575742Z,2514.57,2514.58,0.01,2514.575,0.3303843615025569476184384954
ETH-USD,2026-08-30T18:42:30.6114Z,2514.57,2514.58,0.01,2514.575,0.3303843615025569476184384954
ETH-USD,2026-08-30T18:42:30.692978Z,2514.57,2514.58,0.01,2514.575,0.3303843615025569476184384954
ETH-USD,2026-08-30T18:42:30.69816Z,2514.57,2514.58,0.01,2514.575,0.3303843615025569476184384954
ETH-USD,2026-08-30T18:42:30.773833Z,2514.57,2514.58,0.01,2514.575,0.3303843615025569476184384954
ETH-USD,2026-08-30T18:42:30.833371Z,2514.57,2514.58,0.01,2514.575,0.3303843615025569476184384954
ETH-USD,2026-08-30T18:42:30.838279Z,2514.57,2514.58,0.01,2514.575,0.3303843615025569476184384954
ETH-USD,2026-08-30T18:42:30.974744Z,2514.57,2514.58,0.01,2514.575,0.3303843615025569476184384954
ETH-USD,2026-08-30T18:42:31.018923Z,2514.57,2514.58,0.01,2514.575,0.3295958017208407763210950246
ETH-USD,2026-08-30T18:42:31.074832Z,2514.57,2514.58,0.01,2514.575,0.2749113409540798083506806042
ETH-USD,2026-08-30T18:42:31.106117Z,2514.57,2514.58,0.01,2514.575,0.2749113409540798083506806042
ETH-USD,2026-08-30T18:42:31.178636Z,2514.57,2514.58,0.01,2514.575,0.2749087163895020920571943540
ETH-USD,2026-08-30T18:42:31.272044Z,2514.57,2514.58,0.01,2514.575,0.2749087163895020920571943540
ETH-USD,2026-08-30T18:42:31.38082Z,2514.57,2514.58,0.01,2514.575,0.2749087163895020920571943540
ETH-USD,2026-08-30T18:42:31.386139Z,2514.57,2514.58,0.01,2514.575,0.2749087163895020920571943540
ETH-USD,2026-08-30T18:42:31.514915Z,2514.57,2514.58,0.01,2514.575,0.2747545728205614163832558079
ETH-USD,2026-08-30T18:42:31.577198Z,2514.57,2514.58,0.01,2514.575,0.2747545728205614163832558079
ETH-USD,2026-08-30T18:42:31.672786Z,2514.57,2514.58,0.01,2514.575,0.2747545728205614163832558079
ETH-USD,2026-08-30T18:42:31.727523Z,2514.57,2514.58,0.01,2514.575,0.2747545728205614163832558079
ETH-USD,2026-08-30T18:42:31.77096Z,2514.57,2514.58,0.01,2514.575,0.2319102964278844365713205729
ETH-USD,2026-08-30T18:42:31.875095Z,2514.57,2514.58,0.01,2514.575,0.2319102964278844365713205729
ETH-USD,2026-08-30T18:42:31.904778Z,2514.57,2514.58,0.01,2514.575,0.5211594581877192837090223939
ETH-USD,2026-08-30T18:42:31.973696Z,2514.57,2514.58,0.01,2514.575,0.2215083995467721905259414201
ETH-USD,2026-08-30T18:42:32.014132Z,2514.57,2514.58,0.01,2514.575,0.2206849803218357190735316117
ETH-USD,2026-08-30T18:42:32.020279Z,2514.57,2514.58,0.01,2514.575,0.2206849803218357190735316117
ETH-USD,2026-08-30T18:42:32.116777Z,2514.57,2514.58,0.01,2514.575,0.2215083995467721905259414201
ETH-USD,2026-08-30T18:42:32.173333Z,2514.57,2514.58,0.01,2514.575,0.2215083995467721905259414201
ETH-USD,2026-08-30T18:42:32.271779Z,2514.57,2514.58,0.01,2514.575,0.3129049511730763344247968108
ETH-USD,2026-08-30T18:42:32.365433Z,2514.57,2514.58,0.01,2514.575,0.3129049511730763344247968108
ETH-USD,2026-08-30T18:42:32.404715Z,2514.57,2514.58,0.01,2514.575,0.3129049511730763344247968108
ETH-USD,2026-08-30T18:42:32.475082Z,2514.57,2514.58,0.01,2514.575,0.3129049511730763344247968108
ETH-USD,2026-08-30T18:42:32.486246Z,2514.57,2514.58,0.01,2514.575,0.3129049511730763344247968108
ETH-USD,2026-08-30T18:42:32.573884Z,2514.57,2514.58,0.01,2514.575,0.3129049511730763344247968108
ETH-USD,2026-08-30T18:42:32.672063Z,2514.57,2514.58,0.01,2514.575,0.3129049511730763344247968108
ETH-USD,2026-08-30T18:42:32.685007Z,2514.57,2514.58,0.01,2514.575,0.3113651629682001206494605319
ETH-USD,2026-08-30T18:42:32.773699Z,2514.57,2514.58,0.01,2514.575,0.3113651629682001206494605319
ETH-USD,2026-08-30T18:42:32.790351Z,2514.57,2514.58,0.01,2514.575,0.3113651629682001206494605319
ETH-USD,2026-08-30T18:42:32.872755Z,2514.57,2514.58,0.01,2514.575,0.3113651629682001206494605319
ETH-USD,2026-08-30T18:42:32.903758Z,2514.57,2514.58,0.01,2514.575,0.3113651629682001206494605319
ETH-USD,2026-08-30T18:42:33.016455Z,2514.57,2514.58,0.01,2514.575,0.3113651629682001206494605319
ETH-USD,2026-08-30T18:42:33.074851Z,2514.57,2514.58,0.01,2514.575,0.3105831444488190077216834357
ETH-USD,2026-08-30T18:42:33.17549Z,2514.57,2514.58,0.01,2514.575,0.3113651629682001206494605319
ETH-USD,2026-08-30T18:42:33.229769Z,2514.57,2514.58,0.01,2514.575,0.3113651629682001206494605319
ETH-USD,2026-08-30T18:42:33.373098Z,2514.57,2514.58,0.01,2514.575,0.3113651629682001206494605319
ETH-USD,2026-08-30T18:42:33.470033Z,2514.57,2514.58,0.01,2514.575,0.2195282046318098318892672408
ETH-USD,2026-08-30T18:42:33.629272Z,2514.57,2514.58,0.01,2514.575,0.2195282046318098318892672408
ETH-USD,2026-08-30T18:42:33.672226Z,2514.57,2514.58,0.01,2514.575,0.2195315835955760286562791547
ETH-USD,2026-08-30T18:42:33.775671Z,2514.57,2514.58,0.01,2514.575,0.3113655882153128589973423061
ETH-USD,2026-08-30T18:42:33.83006Z,2514.57,2514.58,0.01,2514.575,0.3113655882153128589973423061
ETH-USD,2026-08-30T18:42:33.858263Z,2514.57,2514.58,0.01,2514.575,0.3113655882153128589973423061
ETH-USD,2026-08-30T18:42:33.897227Z,2514.57,2514.58,0.01,2514.575,0.3113655882153128589973423061
ETH-USD,2026-08-30T18:42:33.980096Z,2514.57,2514.58,0.01,2514.575,0.3113655882153128589973423061
ETH-USD,2026-08-30T18:42:34.019623Z,2514.57,2514.58,0.01,2514.575,0.3105835691888998009242477285
ETH-USD,2026-08-30T18:42:34.069201Z,2514.57,2514.58,0.01,2514.575,0.3105835691888998009242477285
ETH-USD,2026-08-30T18:42:34.105369Z,2514.57,2514.58,0.01,2514.575,0.3105835691888998009242477285
ETH-USD,2026-08-30T18:42:34.218086Z,2514.57,2514.58,0.01,2514.575,0.3113655882153128589973423061
ETH-USD,2026-08-30T18:42:34.279044Z,2514.57,2514.58,0.01,2514.575,0.3113655882153128589973423061
ETH-USD,2026-08-30T18:42:34.373461Z,2514.57,2514.58,0.01,2514.575,0.3113655882153128589973423061
ETH-USD,2026-08-30T18:42:34.39965Z,2514.57,2514.58,0.01,2514.575,0.3113655882153128589973423061
ETH-USD,2026-08-30T18:42:34.573275Z,2514.57,2514.58,0.01,2514.575,0.3113655882153128589973423061
ETH-USD,2026-08-30T18:42:34.672894Z,2514.57,2514.58,0.01,2514.575,0.3113655882153128589973423061
ETH-USD,2026-08-30T18:42:34.747002Z,2514.57,2514.58,0.01,2514.575,0.3113655882153128589973423061
ETH-USD,2026-08-30T18:42:34.873732Z,2514.57,2514.58,0.01,2514.575,0.3113655882153128589973423061
ETH-USD,2026-08-30T18:42:34.968744Z,2514.57,2514.58,0.01,2514.575,0.3113655882153128589973423061
ETH-USD,2026-08-30T18:42:35.016693Z,2514.57,2514.58,0.01,2514.575,0.3105835691888998009242477285
ETH-USD,2026-08-30T18:42:35.075756Z,2514.57,2514.58,0.01,2514.575,0.3105835691888998009242477285
ETH-USD,2026-08-30T18:42:35.168236Z,2514.57,2514.58,0.01,2514.575,0.3105835691888998009242477285
ETH-USD,2026-08-30T18:42:35.173068Z,2514.57,2514.58,0.01,2514.575,0.3105835691888998009242477285
ETH-USD,2026-08-30T18:42:35.277989Z,2514.57,2514.58,0.01,2514.575,0.3113655882153128589973423061
ETH-USD,2026-08-30T18:42:35.343037Z,2514.57,2514.58,0.01,2514.575,0.3113655882153128589973423061
ETH-USD,2026-08-30T18:42:35.351094Z,2514.57,2514.58,0.01,2514.575,0.3113655882153128589973423061
ETH-USD,2026-08-30T18:42:35.474115Z,2514.57,2514.58,0.01,2514.575,0.3113655882153128589973423061
ETH-USD,2026-08-30T18:42:35.514448Z,2514.57,2514.58,0.01,2514.575,0.3113655882153128589973423061
ETH-USD,2026-08-30T18:42:35.566987Z,2514.57,2514.58,0.01,2514.575,0.3113655882153128589973423061
ETH-USD,2026-08-30T18:42:35.573427Z,2514.57,2514.58,0.01,2514.575,0.3113655882153128589973423061
ETH-USD,2026-08-30T18:42:35.76867Z,2514.57,2514.58,0.01,2514.575,0.3113655882153128589973423061
ETH-USD,2026-08-30T18:42:35.815866Z,2514.57,2514.58,0.01,2514.575,0.3113655882153128589973423061
ETH-USD,2026-08-30T18:42:35.868698Z,2514.57,2514.58,0.01,2514.575,0.3113655882153128589973423061
ETH-USD,2026-08-30T18:42:36.019357Z,2514.57,2514.58,0.01,2514.575,0.3105835691888998009242477285
ETH-USD,2026-08-30T18:42:36.07598Z,2514.57,2514.58,0.01,2514.575,0.3105835691888998009242477285
ETH-USD,2026-08-30T18:42:36.097518Z,2514.57,2514.58,0.01,2514.575,0.3105835691888998009242477285
ETH-USD,2026-08-30T18:42:36.172227Z,2514.57,2514.58,0.01,2514.575,0.3106480833522554142940883163
ETH-USD,2026-08-30T18:42:36.315608Z,2514.57,2514.58,0.01,2514.575,0.3114300676469760290738176804
ETH-USD,2026-08-30T18:42:36.381601Z,2514.57,2514.58,0.01,2514.575,0.3114300676469760290738176804
ETH-USD,2026-08-30T18:42:36.468794Z,2514.57,2514.58,0.01,2514.575,0.3114300676469760290738176804
ETH-USD,2026-08-30T18:42:36.479099Z,2514.57,2514.58,0.01,2514.575,0.3114300676469760290738176804
ETH-USD,2026-08-30T18:42:36.551909Z,2514.57,2514.58,0.01,2514.575,0.3114300676469760290738176804
ETH-USD,2026-08-30T18:42:36.672396Z,2514.57,2514.58,0.01,2514.575,0.3114300676469760290738176804
ETH-USD,2026-08-30T18:42:36.719841Z,2514.57,2514.58,0.01,2514.575,0.2421276940268698160113023868
ETH-USD,2026-08-30T18:42:36.777353Z,2514.57,2514.58,0.01,2514.575,0.3794026550295042090189012403
ETH-USD,2026-08-30T18:42:36.806965Z,2514.79,2514.8,0.01,2514.795,0.9473637341731514912401215464
ETH-USD,2026-08-30T18:42:36.865849Z,2514.99,2515,0.01,2514.995,0.7597110541395862213149992080
ETH-USD,2026-08-30T18:42:36.917597Z,2514.99,2515,0.01,2514.995,0.6254410290330238684015314099
ETH-USD,2026-08-30T18:42:36.966661Z,2514.99,2515,0.01,2514.995,0.5910424973602855093136189515
ETH-USD,2026-08-30T18:42:37.014572Z,2514.99,2515,0.01,2514.995,0.5435198945451932360345894324
ETH-USD,2026-08-30T18:42:37.066612Z,2514.99,2515,0.01,2514.995,0.7419277074832687289222053729
ETH-USD,2026-08-30T18:42:37.110801Z,2514.99,2515,0.01,2514.995,0.8047207786055200228574056030
ETH-USD,2026-08-30T18:42:37.158345Z,2514.99,2515,0.01,2514.995,0.8681536360932296558983948080
ETH-USD,2026-08-30T18:42:37.221369Z,2514.99,2515,0.01,2514.995,0.8047207786055200228574056030
ETH-USD,2026-08-30T18:42:37.274179Z,2514.99,2515,0.01,2514.995,0.8047207786055200228574056030
ETH-USD,2026-08-30T18:42:37.313718Z,2515,2515.54,0.54,2515.27,0.5301772213724875832383073013
ETH-USD,2026-08-30T18:42:37.368152Z,2515.21,2515.47,0.26,2515.34,0.2315485525260180778423551146
ETH-USD,2026-08-30T18:42:37.413292Z,2515.2,2515.33,0.13,2515.265,0.5352043521722399565205160419
ETH-USD,2026-08-30T18:42:37.467439Z,2515.2,2515.27,0.07,2515.235,0.09193629212093716770177585044
ETH-USD,2026-08-30T18:42:37.473889Z,2515.2,2515.27,0.07,2515.235,0.2458668168897334104285249665
ETH-USD,2026-08-30T18:42:37.572774Z,2515.21,2515.27,0.06,2515.24,-0.008340324600253309261791242795
ETH-USD,2026-08-30T18:42:37.598657Z,2515.23,2515.5,0.27,2515.365,0.3511249968980483136299107019
ETH-USD,2026-08-30T18:42:37.663176Z,2515.23,2515.24,0.01,2515.235,0.2632791232279193167461802696
ETH-USD,2026-08-30T18:42:37.782812Z,2515.23,2515.24,0.01,2515.235,0.3717404963280845581943243449
ETH-USD,2026-08-30T18:42:37.827656Z,2515.23,2515.24,0.01,2515.235,0.3331092622987488949509991918
ETH-USD,2026-08-30T18:42:37.872695Z,2515.23,2515.24,0.01,2515.235,0.3331092622987488949509991918
ETH-USD,2026-08-30T18:42:37.920866Z,2515.23,2515.24,0.01,2515.235,0.2233464241626249646906712233
ETH-USD,2026-08-30T18:42:37.975888Z,2515.25,2515.44,0.19,2515.345,0.1082749101093099979964821518
ETH-USD,2026-08-30T18:42:38.031633Z,2515.25,2515.26,0.01,2515.255,0.06667049935522412144278377392
ETH-USD,2026-08-30T18:42:38.073737Z,2515.25,2515.26,0.01,2515.255,0.2092037396989306759478645731
ETH-USD,2026-08-30T18:42:38.078965Z,2515.25,2515.26,0.01,2515.255,0.1862176407041665104463341632
ETH-USD,2026-08-30T18:42:38.154422Z,2515.25,2515.26,0.01,2515.255,0.1071199382270561083440913463
ETH-USD,2026-08-30T18:42:38.173948Z,2515.25,2515.26,0.01,2515.255,0.1071199382270561083440913463
ETH-USD,2026-08-30T18:42:38.188016Z,2515.25,2515.26,0.01,2515.255,0.1071199382270561083440913463
ETH-USD,2026-08-30T18:42:38.315479Z,2515.25,2515.26,0.01,2515.255,0.1084346028286105303781055538
ETH-USD,2026-08-30T18:42:38.361592Z,2515.25,2515.26,0.01,2515.255,0.1084346028286105303781055538
ETH-USD,2026-08-30T18:42:38.41829Z,2515.25,2515.26,0.01,2515.255,0.1069613457091227485035064302
ETH-USD,2026-08-30T18:42:38.454924Z,2515.25,2515.26,0.01,2515.255,0.1069613457091227485035064302
ETH-USD,2026-08-30T18:42:38.474845Z,2515.25,2515.26,0.01,2515.255,0.1069613457091227485035064302
ETH-USD,2026-08-30T18:42:38.574218Z,2515.25,2515.26,0.01,2515.255,0.1069613457091227485035064302
ETH-USD,2026-08-30T18:42:38.612973Z,2515.25,2515.26,0.01,2515.255,0.1069613457091227485035064302
ETH-USD,2026-08-30T18:42:38.655453Z,2515.25,2515.26,0.01,2515.255,0.1069613457091227485035064302
ETH-USD,2026-08-30T18:42:38.72585Z,2515.25,2515.26,0.01,2515.255,0.1069613457091227485035064302
ETH-USD,2026-08-30T18:42:38.777611Z,2515.25,2515.26,0.01,2515.255,0.1069613457091227485035064302
ETH-USD,2026-08-30T18:42:38.824225Z,2515.25,2515.26,0.01,2515.255,0.1069613457091227485035064302
ETH-USD,2026-08-30T18:42:38.87397Z,2515.25,2515.26,0.01,2515.255,0.1069613457091227485035064302
ETH-USD,2026-08-30T18:42:38.895035Z,2515.25,2515.26,0.01,2515.255,0.1069613457091227485035064302
ETH-USD,2026-08-30T18:42:38.969468Z,2515.25,2515.26,0.01,2515.255,0.2298469125875908670605936421
ETH-USD,2026-08-30T18:42:39.027507Z,2515.25,2515.26,0.01,2515.255,0.1084348014088021471749376366
ETH-USD,2026-08-30T18:42:39.074782Z,2515.25,2515.26,0.01,2515.255,0.1084348014088021471749376366
ETH-USD,2026-08-30T18:42:39.112922Z,2515.25,2515.26,0.01,2515.255,0.1084348014088021471749376366
ETH-USD,2026-08-30T18:42:39.230546Z,2515.25,2515.26,0.01,2515.255,0.1084348014088021471749376366
ETH-USD,2026-08-30T18:42:39.235323Z,2515.25,2515.26,0.01,2515.255,0.1084348014088021471749376366
ETH-USD,2026-08-30T18:42:39.328804Z,2515.25,2515.26,0.01,2515.255,0.1084348014088021471749376366
ETH-USD,2026-08-30T18:42:39.371384Z,2515.25,2515.26,0.01,2515.255,0.1084348014088021471749376366
ETH-USD,2026-08-30T18:42:39.405786Z,2515.25,2515.26,0.01,2515.255,0.1084348014088021471749376366
ETH-USD,2026-08-30T18:42:39.477935Z,2515.25,2515.26,0.01,2515.255,0.2298469125875908670605936421
ETH-USD,2026-08-30T18:42:39.528825Z,2515.25,2515.26,0.01,2515.255,0.1067736911037979785392452872
ETH-USD,2026-08-30T18:42:39.576664Z,2515.25,2515.26,0.01,2515.255,0.1067736911037979785392452872
ETH-USD,2026-08-30T18:42:39.66828Z,2515.25,2515.26,0.01,2515.255,0.1067736911037979785392452872
ETH-USD,2026-08-30T18:42:39.711971Z,2515.25,2515.26,0.01,2515.255,0.1067736911037979785392452872
ETH-USD,2026-08-30T18:42:39.772817Z,2515.25,2515.26,0.01,2515.255,0.1067736911037979785392452872
ETH-USD,2026-08-30T18:42:39.828749Z,2515.25,2515.26,0.01,2515.255,0.1067736911037979785392452872
ETH-USD,2026-08-30T18:42:39.924309Z,2515.25,2515.26,0.01,2515.255,0.1067736911037979785392452872
ETH-USD,2026-08-30T18:42:39.972847Z,2515.25,2515.26,0.01,2515.255,0.1067736911037979785392452872
ETH-USD,2026-08-30T18:42:40.015387Z,2515.25,2515.26,0.01,2515.255,0.09919518400487338554852772533
ETH-USD,2026-08-30T18:42:40.073087Z,2515.25,2515.26,0.01,2515.255,0.09919518400487338554852772533
ETH-USD,2026-08-30T18:42:40.158013Z,2515.25,2515.26,0.01,2515.255,0.09919518400487338554852772533
ETH-USD,2026-08-30T18:42:40.264995Z,2515.25,2515.26,0.01,2515.255,0.1084285174036032492776861754
ETH-USD,2026-08-30T18:42:40.306058Z,2515.25,2515.26,0.01,2515.255,0.1090233450477394125751464461
ETH-USD,2026-08-30T18:42:40.40275Z,2515.25,2515.26,0.01,2515.255,0.1090233450477394125751464461
ETH-USD,2026-08-30T18:42:40.474819Z,2515.25,2515.26,0.01,2515.255,0.1090233450477394125751464461
ETH-USD,2026-08-30T18:42:40.563531Z,2515.25,2515.26,0.01,2515.255,0.1090233450477394125751464461
ETH-USD,2026-08-30T18:42:40.575026Z,2515.25,2515.26,0.01,2515.255,0.1075485163153469963014160889
ETH-USD,2026-08-30T18:42:40.667903Z,2515.25,2515.26,0.01,2515.255,0.1075485163153469963014160889
ETH-USD,2026-08-30T18:42:40.698209Z,2515.25,2515.26,0.01,2515.255,0.1075485163153469963014160889
ETH-USD,2026-08-30T18:42:40.761282Z,2515.25,2515.26,0.01,2515.255,0.06080099188648597169153551215
ETH-USD,2026-08-30T18:42:40.76623Z,2515.25,2515.26,0.01,2515.255,0.1075503148967447227202286028
ETH-USD,2026-08-30T18:42:40.87161Z,2515.25,2515.26,0.01,2515.255,0.1075503148967447227202286028
ETH-USD,2026-08-30T18:42:40.908089Z,2515.25,2515.26,0.01,2515.255,0.1075503148967447227202286028
ETH-USD,2026-08-30T18:42:40.972751Z,2515.25,2515.26,0.01,2515.255,0.1075503148967447227202286028
ETH-USD,2026-08-30T18:42:41.021272Z,2515.25,2515.26,0.01,2515.255,0.1075503148967447227202286028
ETH-USD,2026-08-30T18:42:41.042228Z,2515.25,2515.26,0.01,2515.255,0.4071385471037570338687819173
ETH-USD,2026-08-30T18:42:41.115419Z,2515.25,2515.26,0.01,2515.255,0.3670381228841008340797608270
ETH-USD,2026-08-30T18:42:41.168074Z,2515.3,2515.41,0.11,2515.355,0.3952147573153030136858063754
ETH-USD,2026-08-30T18:42:41.210754Z,2515.3,2515.31,0.01,2515.305,0.3720476474600088687960810441
ETH-USD,2026-08-30T18:42:41.266763Z,2515.3,2515.31,0.01,2515.305,0.4054696701977310092213808549
ETH-USD,2026-08-30T18:42:41.285008Z,2515.3,2515.31,0.01,2515.305,0.4055443803270252860209169466
ETH-USD,2026-08-30T18:42:41.361019Z,2515.3,2515.31,0.01,2515.305,0.2714395526022498986195215692
ETH-USD,2026-08-30T18:42:41.405824Z,2515.3,2515.31,0.01,2515.305,0.2714395526022498986195215692
ETH-USD,2026-08-30T18:42:41.468223Z,2515.3,2515.31,0.01,2515.305,0.2714395526022498986195215692
ETH-USD,2026-08-30T18:42:41.487421Z,2515.3,2515.31,0.01,2515.305,0.3652506018023599431640835000
ETH-USD,2026-08-30T18:42:41.571335Z,2515.3,2515.31,0.01,2515.305,0.3652537004639344191993889554
ETH-USD,2026-08-30T18:42:41.622667Z,2515.3,2515.31,0.01,2515.305,0.3652537004639344191993889554
ETH-USD,2026-08-30T18:42:41.651335Z,2515.3,2515.31,0.01,2515.305,0.3652502722584648727460355182
ETH-USD,2026-08-30T18:42:41.707718Z,2515.3,2515.31,0.01,2515.305,0.3652502722584648727460355182
ETH-USD,2026-08-30T18:42:41.773136Z,2515.3,2515.31,0.01,2515.305,0.3652502722584648727460355182
ETH-USD,2026-08-30T18:42:41.871844Z,2515.3,2515.31,0.01,2515.305,0.3652502722584648727460355182
ETH-USD,2026-08-30T18:42:42.009283Z,2515.3,2515.31,0.01,2515.305,-0.02307130972771023766021843416
ETH-USD,2026-08-30T18:42:42.04515Z,2515.3,2515.31,0.01,2515.305,-0.02307130972771023766021843416
ETH-USD,2026-08-30T18:42:42.121052Z,2515.3,2515.31,0.01,2515.305,-0.02307130972771023766021843416
ETH-USD,2026-08-30T18:42:42.172728Z,2515.3,2515.31,0.01,2515.305,-0.02307130972771023766021843416
ETH-USD,2026-08-30T18:42:42.233739Z,2515.3,2515.31,0.01,2515.305,-0.02307130972771023766021843416
ETH-USD,2026-08-30T18:42:42.270298Z,2515.3,2515.31,0.01,2515.305,-0.02307130972771023766021843416
ETH-USD,2026-08-30T18:42:42.373644Z,2515.3,2515.31,0.01,2515.305,-0.02307130972771023766021843416
ETH-USD,2026-08-30T18:42:42.400746Z,2515.3,2515.31,0.01,2515.305,-0.02307130972771023766021843416
ETH-USD,2026-08-30T18:42:42.47015Z,2515.3,2515.31,0.01,2515.305,-0.02307130972771023766021843416
ETH-USD,2026-08-30T18:42:42.527679Z,2515.3,2515.31,0.01,2515.305,-0.02307130972771023766021843416
ETH-USD,2026-08-30T18:42:42.612392Z,2515.3,2515.31,0.01,2515.305,-0.02307130972771023766021843416
ETH-USD,2026-08-30T18:42:42.675842Z,2515.3,2515.31,0.01,2515.305,-0.02307130972771023766021843416
ETH-USD,2026-08-30T18:42:42.71768Z,2515.3,2515.31,0.01,2515.305,-0.02307130972771023766021843416
ETH-USD,2026-08-30T18:42:42.779626Z,2515.3,2515.31,0.01,2515.305,0.3652502722584648727460355182
ETH-USD,2026-08-30T18:42:42.871438Z,2515.3,2515.31,0.01,2515.305,0.3652502722584648727460355182
ETH-USD,2026-08-30T18:42:42.925161Z,2515.3,2515.31,0.01,2515.305,0.3652502722584648727460355182
ETH-USD,2026-08-30T18:42:42.974534Z,2515.3,2515.31,0.01,2515.305,0.3652502722584648727460355182
ETH-USD,2026-08-30T18:42:43.020864Z,2515.3,2515.31,0.01,2515.305,0.3652502722584648727460355182
ETH-USD,2026-08-30T18:42:43.072224Z,2515.3,2515.31,0.01,2515.305,0.3652502722584648727460355182
ETH-USD,2026-08-30T18:42:43.084908Z,2515.3,2515.31,0.01,2515.305,0.3652502722584648727460355182
ETH-USD,2026-08-30T18:42:43.166752Z,2515.3,2515.31,0.01,2515.305,0.3652502722584648727460355182
ETH-USD,2026-08-30T18:42:43.23851Z,2515.3,2515.31,0.01,2515.305,0.3652502722584648727460355182
ETH-USD,2026-08-30T18:42:43.273197Z,2515.3,2515.31,0.01,2515.305,0.3652502722584648727460355182
ETH-USD,2026-08-30T18:42:43.373039Z,2515.3,2515.31,0.01,2515.305,0.3652502722584648727460355182
ETH-USD,2026-08-30T18:42:43.425694Z,2515.3,2515.31,0.01,2515.305,0.3652502722584648727460355182
ETH-USD,2026-08-30T18:42:43.475332Z,2515.3,2515.31,0.01,2515.305,0.3652502722584648727460355182
ETH-USD,2026-08-30T18:42:43.58248Z,2515.3,2515.31,0.01,2515.305,0.3500727264602138113242045676
ETH-USD,2026-08-30T18:42:43.673623Z,2515.3,2515.31,0.01,2515.305,0.3500727264602138113242045676
ETH-USD,2026-08-30T18:42:43.768429Z,2515.3,2515.31,0.01,2515.305,0.3500727264602138113242045676
ETH-USD,2026-08-30T18:42:43.79991Z,2515.3,2515.31,0.01,2515.305,0.3500727264602138113242045676
ETH-USD,2026-08-30T18:42:43.87239Z,2515.3,2515.31,0.01,2515.305,0.4839389570509718970420791546
ETH-USD,2026-08-30T18:42:43.916838Z,2515.3,2515.31,0.01,2515.305,0.4510146956183708608970672921
ETH-USD,2026-08-30T18:42:43.9732Z,2515.3,2515.31,0.01,2515.305,0.4510146956183708608970672921
ETH-USD,2026-08-30T18:42:44.022177Z,2515.3,2515.31,0.01,2515.305,0.1150518800024286885991854965
ETH-USD,2026-08-30T18:42:44.060277Z,2515.3,2515.31,0.01,2515.305,0.1150518800024286885991854965
ETH-USD,2026-08-30T18:42:44.153556Z,2515.3,2515.31,0.01,2515.305,0.01121328267987959970568186769
ETH-USD,2026-08-30T18:42:44.218222Z,2515.3,2515.31,0.01,2515.305,0.07671020752300540589282492069
ETH-USD,2026-08-30T18:42:44.272348Z,2515.3,2515.31,0.01,2515.305,0.07671020752300540589282492069
ETH-USD,2026-08-30T18:42:44.319931Z,2515.3,2515.31,0.01,2515.305,0.03505117152742531976436018443
ETH-USD,2026-08-30T18:42:44.375923Z,2515.3,2515.31,0.01,2515.305,0.03505117152742531976436018443
ETH-USD,2026-08-30T18:42:44.424647Z,2515.3,2515.31,0.01,2515.305,0.08110849633082807947337211645
ETH-USD,2026-08-30T18:42:44.472928Z,2515.3,2515.31,0.01,2515.305,-0.07164926950726202481245413621
ETH-USD,2026-08-30T18:42:44.510448Z,2515.3,2515.31,0.01,2515.305,0.004320429125807636599282378645
ETH-USD,2026-08-30T18:42:44.57809Z,2515.3,2515.31,0.01,2515.305,0.5418014226598982687771547514
ETH-USD,2026-08-30T18:42:44.585515Z,2515.3,2515.31,0.01,2515.305,0.5418014226598982687771547514
ETH-USD,2026-08-30T18:42:44.650533Z,2515.3,2515.31,0.01,2515.305,0.5418014226598982687771547514
ETH-USD,2026-08-30T18:42:44.77463Z,2515.3,2515.31,0.01,2515.305,0.5418014226598982687771547514
ETH-USD,2026-08-30T18:42:44.806836Z,2515.3,2515.31,0.01,2515.305,0.5690780642191378892734322169
ETH-USD,2026-08-30T18:42:44.930902Z,2515.3,2515.31,0.01,2515.305,0.09834639771954114843031981024
ETH-USD,2026-08-30T18:42:44.952843Z,2515.3,2515.31,0.01,2515.305,0.4692969472294793861601741545
ETH-USD,2026-08-30T18:42:45.069122Z,2515.3,2515.31,0.01,2515.305,0.4692969472294793861601741545
ETH-USD,2026-08-30T18:42:45.10543Z,2515.3,2515.31,0.01,2515.305,0.4692969472294793861601741545
ETH-USD,2026-08-30T18:42:45.15492Z,2515.3,2515.31,0.01,2515.305,0.4692969472294793861601741545
ETH-USD,2026-08-30T18:42:45.171711Z,2515.3,2515.31,0.01,2515.305,0.4692969472294793861601741545
ETH-USD,2026-08-30T18:42:45.261897Z,2515.3,2515.31,0.01,2515.305,0.4692969472294793861601741545
ETH-USD,2026-08-30T18:42:45.304089Z,2515.3,2515.31,0.01,2515.305,0.4692969472294793861601741545
ETH-USD,2026-08-30T18:42:45.373157Z,2515.3,2515.31,0.01,2515.305,0.4692969472294793861601741545
ETH-USD,2026-08-30T18:42:45.421007Z,2515.3,2515.31,0.01,2515.305,0.4692969472294793861601741545
ETH-USD,2026-08-30T18:42:45.467595Z,2515.3,2515.31,0.01,2515.305,0.4692969472294793861601741545
ETH-USD,2026-08-30T18:42:45.523633Z,2515.3,2515.31,0.01,2515.305,0.4692969472294793861601741545
ETH-USD,2026-08-30T18:42:45.564361Z,2515.3,2515.31,0.01,2515.305,0.4692969472294793861601741545
ETH-USD,2026-08-30T18:42:45.668287Z,2515.3,2515.31,0.01,2515.305,0.4692969472294793861601741545
ETH-USD,2026-08-30T18:42:45.76734Z,2515.3,2515.31,0.01,2515.305,0.4692969472294793861601741545
ETH-USD,2026-08-30T18:42:45.80307Z,2515.3,2515.31,0.01,2515.305,0.4692969472294793861601741545
ETH-USD,2026-08-30T18:42:45.876657Z,2515.3,2515.31,0.01,2515.305,0.4692969472294793861601741545
ETH-USD,2026-08-30T18:42:45.892233Z,2515.3,2515.31,0.01,2515.305,0.4692969472294793861601741545
ETH-USD,2026-08-30T18:42:45.975035Z,2515.3,2515.31,0.01,2515.305,0.4348539223220677185228241343
ETH-USD,2026-08-30T18:42:46.020156Z,2515.3,2515.31,0.01,2515.305,0.3674586697219338175788153514
ETH-USD,2026-08-30T18:42:46.068454Z,2515.3,2515.31,0.01,2515.305,0.5927732348071158391206588933
ETH-USD,2026-08-30T18:42:46.095287Z,2515.3,2515.31,0.01,2515.305,0.5927732348071158391206588933
ETH-USD,2026-08-30T18:42:46.098796Z,2515.3,2515.31,0.01,2515.305,0.5927732348071158391206588933
ETH-USD,2026-08-30T18:42:46.193064Z,2515.3,2515.31,0.01,2515.305,0.5927732348071158391206588933
ETH-USD,2026-08-30T18:42:46.273493Z,2515.3,2515.31,0.01,2515.305,0.5927732348071158391206588933
ETH-USD,2026-08-30T18:42:46.373291Z,2515.3,2515.31,0.01,2515.305,0.4026160904761613195819486497
ETH-USD,2026-08-30T18:42:46.475249Z,2515.3,2515.31,0.01,2515.305,0.4026160904761613195819486497
ETH-USD,2026-08-30T18:42:46.568788Z,2515.3,2515.31,0.01,2515.305,0.4026160904761613195819486497
ETH-USD,2026-08-30T18:42:46.616688Z,2515.3,2515.31,0.01,2515.305,0.4026160904761613195819486497
ETH-USD,2026-08-30T18:42:46.670895Z,2515.3,2515.31,0.01,2515.305,0.4026160904761613195819486497
ETH-USD,2026-08-30T18:42:46.770332Z,2515.3,2515.31,0.01,2515.305,0.4026160904761613195819486497
ETH-USD,2026-08-30T18:42:46.872544Z,2515.3,2515.31,0.01,2515.305,0.4026160904761613195819486497
ETH-USD,2026-08-30T18:42:46.927898Z,2515.3,2515.31,0.01,2515.305,0.6360069892447352573021051411
ETH-USD,2026-08-30T18:42:46.975117Z,2515.3,2515.31,0.01,2515.305,0.4641053119111577025656319998
ETH-USD,2026-08-30T18:42:47.019773Z,2515.3,2515.31,0.01,2515.305,0.4659444197774904802206444477
ETH-USD,2026-08-30T18:42:47.071164Z,2515.3,2515.31,0.01,2515.305,0.4659444197774904802206444477
ETH-USD,2026-08-30T18:42:47.124251Z,2515.3,2515.31,0.01,2515.305,0.4659444197774904802206444477
ETH-USD,2026-08-30T18:42:47.171875Z,2515.3,2515.31,0.01,2515.305,0.4641053119111577025656319998
ETH-USD,2026-08-30T18:42:47.206947Z,2515.3,2515.31,0.01,2515.305,0.4641053119111577025656319998
ETH-USD,2026-08-30T18:42:47.272256Z,2515.3,2515.31,0.01,2515.305,0.4641053119111577025656319998
ETH-USD,2026-08-30T18:42:47.318543Z,2515.3,2515.31,0.01,2515.305,0.4641053119111577025656319998
ETH-USD,2026-08-30T18:42:47.374176Z,2515.3,2515.31,0.01,2515.305,0.4641053119111577025656319998
ETH-USD,2026-08-30T18:42:47.409785Z,2515.3,2515.31,0.01,2515.305,0.4641053119111577025656319998
ETH-USD,2026-08-30T18:42:47.47614Z,2515.3,2515.31,0.01,2515.305,0.4641053119111577025656319998
ETH-USD,2026-08-30T18:42:47.518492Z,2515.3,2515.31,0.01,2515.305,0.4641053119111577025656319998
ETH-USD,2026-08-30T18:42:47.577544Z,2515.3,2515.31,0.01,2515.305,0.4641053119111577025656319998
ETH-USD,2026-08-30T18:42:47.625637Z,2515.3,2515.31,0.01,2515.305,0.4640358573983484055035774592
ETH-USD,2026-08-30T18:42:47.69166Z,2515.3,2515.31,0.01,2515.305,0.6119130892641062783213055083
ETH-USD,2026-08-30T18:42:47.719887Z,2515.3,2515.31,0.01,2515.305,0.6119130892641062783213055083
ETH-USD,2026-08-30T18:42:47.771447Z,2515.3,2515.31,0.01,2515.305,0.6119130892641062783213055083
ETH-USD,2026-08-30T18:42:47.870385Z,2515.3,2515.31,0.01,2515.305,0.4230177901950697413690935730
ETH-USD,2026-08-30T18:42:47.916601Z,2515.3,2515.31,0.01,2515.305,0.4230177901950697413690935730
ETH-USD,2026-08-30T18:42:47.969861Z,2515.3,2515.31,0.01,2515.305,0.4230177901950697413690935730
ETH-USD,2026-08-30T18:42:48.013455Z,2515.3,2515.31,0.01,2515.305,0.4458693339486080273963512786
ETH-USD,2026-08-30T18:42:48.077221Z,2515.3,2515.31,0.01,2515.305,0.5544082265477566288205449814
ETH-USD,2026-08-30T18:42:48.170643Z,2515.3,2515.31,0.01,2515.305,0.5544082265477566288205449814
ETH-USD,2026-08-30T18:42:48.218708Z,2515.3,2515.31,0.01,2515.305,0.6245960765896276374192199655
ETH-USD,2026-08-30T18:42:48.288506Z,2515.3,2515.31,0.01,2515.305,0.6245960765896276374192199655
ETH-USD,2026-08-30T18:42:48.374232Z,2515.3,2515.31,0.01,2515.305,0.6245960765896276374192199655
ETH-USD,2026-08-30T18:42:48.473497Z,2515.3,2515.31,0.01,2515.305,0.6245960765896276374192199655
ETH-USD,2026-08-30T18:42:48.581495Z,2515.3,2515.31,0.01,2515.305,0.6245960765896276374192199655
ETH-USD,2026-08-30T18:42:48.625263Z,2515.3,2515.31,0.01,2515.305,0.6245960765896276374192199655
ETH-USD,2026-08-30T18:42:48.666967Z,2515.3,2515.31,0.01,2515.305,0.6282270880317894976487549428
ETH-USD,2026-08-30T18:42:48.672653Z,2515.3,2515.31,0.01,2515.305,0.6282270880317894976487549428
ETH-USD,2026-08-30T18:42:48.813227Z,2515.3,2515.31,0.01,2515.305,0.6282270880317894976487549428
ETH-USD,2026-08-30T18:42:48.866638Z,2515.3,2515.31,0.01,2515.305,0.6282270880317894976487549428
ETH-USD,2026-08-30T18:42:48.929916Z,2515.3,2515.31,0.01,2515.305,0.6282270880317894976487549428
ETH-USD,2026-08-30T18:42:48.97374Z,2515.3,2515.31,0.01,2515.305,0.6282270880317894976487549428
ETH-USD,2026-08-30T18:42:49.019061Z,2515.3,2515.31,0.01,2515.305,0.6296624991299711070080467306
ETH-USD,2026-08-30T18:42:49.077413Z,2515.3,2515.31,0.01,2515.305,0.5577319513343773447274924627
ETH-USD,2026-08-30T18:42:49.115054Z,2515.3,2515.31,0.01,2515.305,0.3501654245275440358265204394
ETH-USD,2026-08-30T18:42:49.158166Z,2515.3,2515.31,0.01,2515.305,0.3501654245275440358265204394
ETH-USD,2026-08-30T18:42:49.268485Z,2515.3,2515.31,0.01,2515.305,0.3578521663017564604844266665
ETH-USD,2026-08-30T18:42:49.317877Z,2515.3,2515.31,0.01,2515.305,0.6075278876948759112030981699
ETH-USD,2026-08-30T18:42:49.377354Z,2515.3,2515.31,0.01,2515.305,0.6282270880317894976487549428
ETH-USD,2026-08-30T18:42:49.464304Z,2515.3,2515.31,0.01,2515.305,0.5972963816220811164675874216
ETH-USD,2026-08-30T18:42:49.508561Z,2515.3,2515.31,0.01,2515.305,0.3885919129258869989214462910
ETH-USD,2026-08-30T18:42:49.570778Z,2515.3,2515.31,0.01,2515.305,0.3885919129258869989214462910
ETH-USD,2026-08-30T18:42:49.620607Z,2515.3,2515.31,0.01,2515.305,0.4687853314139837507498644749
ETH-USD,2026-08-30T18:42:49.657496Z,2515.3,2515.31,0.01,2515.305,0.4687853314139837507498644749
ETH-USD,2026-08-30T18:42:49.720729Z,2515.3,2515.31,0.01,2515.305,0.4687853314139837507498644749
ETH-USD,2026-08-30T18:42:49.725573Z,2515.3,2515.31,0.01,2515.305,0.4687853314139837507498644749
ETH-USD,2026-08-30T18:42:49.874579Z,2515.3,2515.31,0.01,2515.305,0.4687853314139837507498644749
ETH-USD,2026-08-30T18:42:49.927595Z,2515.3,2515.31,0.01,2515.305,0.4197772215644195815508566901
ETH-USD,2026-08-30T18:42:49.969606Z,2515.3,2515.31,0.01,2515.305,0.4188895578789959118083065022
ETH-USD,2026-08-30T18:42:50.071064Z,2515.3,2515.31,0.01,2515.305,0.4388376295378997996456100055
ETH-USD,2026-08-30T18:42:50.115507Z,2515.3,2515.31,0.01,2515.305,0.4388376295378997996456100055
ETH-USD,2026-08-30T18:42:50.155405Z,2515.3,2515.31,0.01,2515.305,0.4388376295378997996456100055
ETH-USD,2026-08-30T18:42:50.211666Z,2515.3,2515.31,0.01,2515.305,0.4388406459120096195481488062
ETH-USD,2026-08-30T18:42:50.267562Z,2515.3,2515.31,0.01,2515.305,0.3996142422720617564694424629
ETH-USD,2026-08-30T18:42:50.316707Z,2515.3,2515.31,0.01,2515.305,0.4366776345642157844434013715
ETH-USD,2026-08-30T18:42:50.368111Z,2515.3,2515.31,0.01,2515.305,0.5655990145059904224729822881
ETH-USD,2026-08-30T18:42:50.418206Z,2515.3,2515.31,0.01,2515.305,0.3976176283895406945849492671
ETH-USD,2026-08-30T18:42:50.478357Z,2515.3,2515.31,0.01,2515.305,0.3976176283895406945849492671
ETH-USD,2026-08-30T18:42:50.518326Z,2515.3,2515.31,0.01,2515.305,0.3976176283895406945849492671
ETH-USD,2026-08-30T18:42:50.57195Z,2515.3,2515.31,0.01,2515.305,0.3976176283895406945849492671
ETH-USD,2026-08-30T18:42:50.724557Z,2515.3,2515.31,0.01,2515.305,0.3976176283895406945849492671
ETH-USD,2026-08-30T18:42:50.777748Z,2515.3,2515.31,0.01,2515.305,0.3976176283895406945849492671
ETH-USD,2026-08-30T18:42:50.82518Z,2515.3,2515.31,0.01,2515.305,0.3976176283895406945849492671
ETH-USD,2026-08-30T18:42:50.879231Z,2515.3,2515.31,0.01,2515.305,0.3976176283895406945849492671
ETH-USD,2026-08-30T18:42:50.927598Z,2515.3,2515.31,0.01,2515.305,0.3976176283895406945849492671
ETH-USD,2026-08-30T18:42:50.959922Z,2515.3,2515.31,0.01,2515.305,0.3976186309712619345609179615
ETH-USD,2026-08-30T18:42:51.038365Z,2515.3,2515.31,0.01,2515.305,0.3996161599100145897066245383
ETH-USD,2026-08-30T18:42:51.071818Z,2515.3,2515.31,0.01,2515.305,0.3996122518011178173829511064
ETH-USD,2026-08-30T18:42:51.167452Z,2515.3,2515.31,0.01,2515.305,0.3996122518011178173829511064
ETH-USD,2026-08-30T18:42:51.206742Z,2515.3,2515.31,0.01,2515.305,0.3906101261527039864553445794
ETH-USD,2026-08-30T18:42:51.273999Z,2515.3,2515.31,0.01,2515.305,0.3906069263379663830357919437
ETH-USD,2026-08-30T18:42:51.300366Z,2515.3,2515.31,0.01,2515.305,0.3906069263379663830357919437
ETH-USD,2026-08-30T18:42:51.385054Z,2515.3,2515.31,0.01,2515.305,0.3883385731108060179466646938
ETH-USD,2026-08-30T18:42:51.417273Z,2515.3,2515.31,0.01,2515.305,0.3883385731108060179466646938
ETH-USD,2026-08-30T18:42:51.472059Z,2515.3,2515.31,0.01,2515.305,0.3883385731108060179466646938
ETH-USD,2026-08-30T18:42:51.532492Z,2515.3,2515.31,0.01,2515.305,0.3883385731108060179466646938
ETH-USD,2026-08-30T18:42:51.568591Z,2515.3,2515.31,0.01,2515.305,0.4366760957000026766512778028
ETH-USD,2026-08-30T18:42:51.668896Z,2515.3,2515.31,0.01,2515.305,0.4366760957000026766512778028
ETH-USD,2026-08-30T18:42:51.677313Z,2515.3,2515.31,0.01,2515.305,0.4366760957000026766512778028
ETH-USD,2026-08-30T18:42:51.772688Z,2515.3,2515.31,0.01,2515.305,0.4366760957000026766512778028
ETH-USD,2026-08-30T18:42:51.819693Z,2515.3,2515.31,0.01,2515.305,0.4366760957000026766512778028
ETH-USD,2026-08-30T18:42:51.881755Z,2515.3,2515.31,0.01,2515.305,0.3356954830096316976936259579
ETH-USD,2026-08-30T18:42:51.92801Z,2515.3,2515.31,0.01,2515.305,0.3885960639904664021081738950
ETH-USD,2026-08-30T18:42:51.98129Z,2515.3,2515.31,0.01,2515.305,0.3885945641128345901937790605
ETH-USD,2026-08-30T18:42:52.015649Z,2515.3,2515.31,0.01,2515.305,0.3906089358860123145372466376
ETH-USD,2026-08-30T18:42:52.068011Z,2515.3,2515.31,0.01,2515.305,0.3906077312751914893072094000
ETH-USD,2026-08-30T18:42:52.114734Z,2515.3,2515.31,0.01,2515.305,0.3906077312751914893072094000
ETH-USD,2026-08-30T18:42:52.145239Z,2515.3,2515.31,0.01,2515.305,0.3906077312751914893072094000
ETH-USD,2026-08-30T18:42:52.274792Z,2515.3,2515.31,0.01,2515.305,0.3906077312751914893072094000
ETH-USD,2026-08-30T18:42:52.304985Z,2515.3,2515.31,0.01,2515.305,0.3906077312751914893072094000
ETH-USD,2026-08-30T18:42:52.375147Z,2515.3,2515.31,0.01,2515.305,0.3906077312751914893072094000
ETH-USD,2026-08-30T18:42:52.415129Z,2515.3,2515.31,0.01,2515.305,0.3885933572708291232851280687
ETH-USD,2026-08-30T18:42:52.44871Z,2515.3,2515.31,0.01,2515.305,0.3885933572708291232851280687
ETH-USD,2026-08-30T18:42:52.572758Z,2515.3,2515.31,0.01,2515.305,0.3885933572708291232851280687
ETH-USD,2026-08-30T18:42:52.673141Z,2515.3,2515.31,0.01,2515.305,0.3885933572708291232851280687
ETH-USD,2026-08-30T18:42:52.693996Z,2515.3,2515.31,0.01,2515.305,0.4369188268091013163878617461
ETH-USD,2026-08-30T18:42:52.805414Z,2515.3,2515.31,0.01,2515.305,0.4369188268091013163878617461
ETH-USD,2026-08-30T18:42:52.876949Z,2515.3,2515.31,0.01,2515.305,0.4369188268091013163878617461
ETH-USD,2026-08-30T18:42:52.975817Z,2515.3,2515.31,0.01,2515.305,0.4369188268091013163878617461
ETH-USD,2026-08-30T18:42:53.023031Z,2515.3,2515.31,0.01,2515.305,0.4388383277112202741423419351
ETH-USD,2026-08-30T18:42:53.051456Z,2515.3,2515.31,0.01,2515.305,0.4388383277112202741423419351
ETH-USD,2026-08-30T18:42:53.085167Z,2515.3,2515.31,0.01,2515.305,0.4388383277112202741423419351
ETH-USD,2026-08-30T18:42:53.173749Z,2515.3,2515.31,0.01,2515.305,0.4388383277112202741423419351
ETH-USD,2026-08-30T18:42:53.204838Z,2515.3,2515.31,0.01,2515.305,0.4388383277112202741423419351
ETH-USD,2026-08-30T18:42:53.27175Z,2515.3,2515.31,0.01,2515.305,0.4388383277112202741423419351
ETH-USD,2026-08-30T18:42:53.42887Z,2515.3,2515.31,0.01,2515.305,0.4388383277112202741423419351
ETH-USD,2026-08-30T18:42:53.46862Z,2515.3,2515.31,0.01,2515.305,0.4369188268091013163878617461
ETH-USD,2026-08-30T18:42:53.477608Z,2515.3,2515.31,0.01,2515.305,0.4369188268091013163878617461
ETH-USD,2026-08-30T18:42:53.574217Z,2515.3,2515.31,0.01,2515.305,0.3885933572708291232851280687
ETH-USD,2026-08-30T18:42:53.627005Z,2515.3,2515.31,0.01,2515.305,0.3885933572708291232851280687
ETH-USD,2026-08-30T18:42:53.773559Z,2515.3,2515.31,0.01,2515.305,0.3885933572708291232851280687
ETH-USD,2026-08-30T18:42:53.827428Z,2515.3,2515.31,0.01,2515.305,0.3885933572708291232851280687
ETH-USD,2026-08-30T18:42:53.872817Z,2515.3,2515.31,0.01,2515.305,0.3885933572708291232851280687
ETH-USD,2026-08-30T18:42:53.970218Z,2515.3,2515.31,0.01,2515.305,0.3885933572708291232851280687
ETH-USD,2026-08-30T18:42:54.01988Z,2515.3,2515.31,0.01,2515.305,0.3906077312751914893072094000
ETH-USD,2026-08-30T18:42:54.083683Z,2515.3,2515.31,0.01,2515.305,0.3906077312751914893072094000
ETH-USD,2026-08-30T18:42:54.127294Z,2515.3,2515.31,0.01,2515.305,0.3906077312751914893072094000
ETH-USD,2026-08-30T18:42:54.16374Z,2515.3,2515.41,0.11,2515.355,0.5195892661305392500920250538
ETH-USD,2026-08-30T18:42:54.180466Z,2515.31,2515.37,0.06,2515.34,0.2679619111497507217590931433
ETH-USD,2026-08-30T18:42:54.240586Z,2515.31,2515.32,0.01,2515.315,0.3217912734901858850931120513
ETH-USD,2026-08-30T18:42:54.37519Z,2515.31,2515.32,0.01,2515.315,0.3217912734901858850931120513
ETH-USD,2026-08-30T18:42:54.414612Z,2515.31,2515.32,0.01,2515.315,0.3217912734901858850931120513
ETH-USD,2026-08-30T18:42:54.471714Z,2515.31,2515.32,0.01,2515.315,0.3217912734901858850931120513
ETH-USD,2026-08-30T18:42:54.508338Z,2515.31,2515.32,0.01,2515.315,0.3196861100468735324075960830
ETH-USD,2026-08-30T18:42:54.529339Z,2515.31,2515.32,0.01,2515.315,0.3196861100468735324075960830
ETH-USD,2026-08-30T18:42:54.615271Z,2515.31,2515.32,0.01,2515.315,0.3196861100468735324075960830
ETH-USD,2026-08-30T18:42:54.668479Z,2515.31,2515.32,0.01,2515.315,0.3196861100468735324075960830
ETH-USD,2026-08-30T18:42:54.775774Z,2515.31,2515.32,0.01,2515.315,0.2948108525884274460453153056
ETH-USD,2026-08-30T18:42:54.806415Z,2515.31,2515.32,0.01,2515.315,0.2948108525884274460453153056
ETH-USD,2026-08-30T18:42:54.854697Z,2515.31,2515.32,0.01,2515.315,0.2983832810123277897101496518
ETH-USD,2026-08-30T18:42:54.972742Z,2515.31,2515.32,0.01,2515.315,0.2983832810123277897101496518
ETH-USD,2026-08-30T18:42:55.020802Z,2515.31,2515.32,0.01,2515.315,0.3005362524477663177240128209
ETH-USD,2026-08-30T18:42:55.072644Z,2515.31,2515.32,0.01,2515.315,0.3005362524477663177240128209
ETH-USD,2026-08-30T18:42:55.169451Z,2515.31,2515.32,0.01,2515.315,0.3005362524477663177240128209
ETH-USD,2026-08-30T18:42:55.192885Z,2515.31,2515.32,0.01,2515.315,0.3005362524477663177240128209
ETH-USD,2026-08-30T18:42:55.277494Z,2515.31,2515.32,0.01,2515.315,0.3005362524477663177240128209
ETH-USD,2026-08-30T18:42:55.291555Z,2515.31,2515.32,0.01,2515.315,0.3005362524477663177240128209
ETH-USD,2026-08-30T18:42:55.374136Z,2515.31,2515.32,0.01,2515.315,0.3005362524477663177240128209
ETH-USD,2026-08-30T18:42:55.393144Z,2515.31,2515.32,0.01,2515.315,0.3005362524477663177240128209
ETH-USD,2026-08-30T18:42:55.503424Z,2515.31,2515.32,0.01,2515.315,0.3005362524477663177240128209
ETH-USD,2026-08-30T18:42:55.57313Z,2515.31,2515.32,0.01,2515.315,0.2983832810123277897101496518
ETH-USD,2026-08-30T18:42:55.671616Z,2515.31,2515.32,0.01,2515.315,0.2983832810123277897101496518
ETH-USD,2026-08-30T18:42:55.810981Z,2515.31,2515.32,0.01,2515.315,0.6270105937645983775831657524
ETH-USD,2026-08-30T18:42:55.873162Z,2515.31,2515.32,0.01,2515.315,0.2983832810123277897101496518
ETH-USD,2026-08-30T18:42:55.97284Z,2515.31,2515.32,0.01,2515.315,0.2983832810123277897101496518
ETH-USD,2026-08-30T18:42:56.01903Z,2515.31,2515.32,0.01,2515.315,0.2983832810123277897101496518
ETH-USD,2026-08-30T18:42:56.097238Z,2515.31,2515.32,0.01,2515.315,0.2983832810123277897101496518
ETH-USD,2026-08-30T18:42:56.168505Z,2515.31,2515.32,0.01,2515.315,0.2983832810123277897101496518
ETH-USD,2026-08-30T18:42:56.174673Z,2515.31,2515.32,0.01,2515.315,0.2983832810123277897101496518
ETH-USD,2026-08-30T18:42:56.27126Z,2515.31,2515.32,0.01,2515.315,0.2983832810123277897101496518
ETH-USD,2026-08-30T18:42:56.370032Z,2515.31,2515.32,0.01,2515.315,0.2983832810123277897101496518
ETH-USD,2026-08-30T18:42:56.388477Z,2515.31,2515.32,0.01,2515.315,0.2983832810123277897101496518
ETH-USD,2026-08-30T18:42:56.473696Z,2515.31,2515.32,0.01,2515.315,0.2983832810123277897101496518
ETH-USD,2026-08-30T18:42:56.573078Z,2515.31,2515.32,0.01,2515.315,0.2983832810123277897101496518
ETH-USD,2026-08-30T18:42:56.632013Z,2515.31,2515.32,0.01,2515.315,0.2983832810123277897101496518
ETH-USD,2026-08-30T18:42:56.666896Z,2514.89,2515.12,0.23,2515.005,0.05397918830890568939470450042
ETH-USD,2026-08-30T18:42:56.675098Z,2514.85,2515.12,0.27,2514.985,0.01224004420527129997493899084
ETH-USD,2026-08-30T18:42:56.711345Z,2514.89,2515.16,0.27,2515.025,-0.1445290677975315448484396900
ETH-USD,2026-08-30T18:42:56.739969Z,2514.9,2515,0.1,2514.95,-0.2080514193188522398296233622
ETH-USD,2026-08-30T18:42:56.747898Z,2514.9,2515,0.1,2514.95,0.1158264279870850667452025528
ETH-USD,2026-08-30T18:42:56.878382Z,2514.9,2515,0.1,2514.95,0.5058928505240345449589029505
ETH-USD,2026-08-30T18:42:56.971646Z,2514.94,2515,0.06,2514.97,0.4616867052855466593223954416
ETH-USD,2026-08-30T18:42:57.01946Z,2514.94,2515,0.06,2514.97,0.4549144989911563754314223662
ETH-USD,2026-08-30T18:42:57.071785Z,2514.96,2515.17,0.21,2515.065,0.2280683110526285661715686573
ETH-USD,2026-08-30T18:42:57.077731Z,2514.96,2515.17,0.21,2515.065,0.2280683110526285661715686573
ETH-USD,2026-08-30T18:42:57.153243Z,2515.03,2515.04,0.01,2515.035,0.02674502837441276878101354481
ETH-USD,2026-08-30T18:42:57.258619Z,2515.02,2515.07,0.05,2515.045,0.1591637588503575011129075474
ETH-USD,2026-08-30T18:42:57.282942Z,2515.02,2515.07,0.05,2515.045,0.1591637588503575011129075474
ETH-USD,2026-08-30T18:42:57.374046Z,2515.02,2515.07,0.05,2515.045,0.1591637588503575011129075474
ETH-USD,2026-08-30T18:42:57.39808Z,2515.02,2515.07,0.05,2515.045,0.1591637588503575011129075474
ETH-USD,2026-08-30T18:42:57.471772Z,2515.02,2515.07,0.05,2515.045,0.1591637588503575011129075474
ETH-USD,2026-08-30T18:42:57.561988Z,2515.02,2515.07,0.05,2515.045,0.1591637588503575011129075474
ETH-USD,2026-08-30T18:42:57.607343Z,2515.02,2515.07,0.05,2515.045,0.1591637588503575011129075474
ETH-USD,2026-08-30T18:42:57.687278Z,2515.02,2515.07,0.05,2515.045,0.1591670557416014207014957694
ETH-USD,2026-08-30T18:42:57.725645Z,2515.07,2515.27,0.20,2515.17,0.1071885940709020710277282506
ETH-USD,2026-08-30T18:42:57.780967Z,2515.09,2515.1,0.01,2515.095,0.1315385043082253925776491634
ETH-USD,2026-08-30T18:42:57.825581Z,2515.1,2515.13,0.03,2515.115,0.1214161913314836389161988903
ETH-USD,2026-08-30T18:42:57.845169Z,2515.1,2515.13,0.03,2515.115,0.1214161913314836389161988903
ETH-USD,2026-08-30T18:42:57.979642Z,2515.1,2515.13,0.03,2515.115,0.2096172186786616087562910007
ETH-USD,2026-08-30T18:42:58.020127Z,2515.12,2515.13,0.01,2515.125,0.07440346099048695261270747155
ETH-USD,2026-08-30T18:42:58.080087Z,2515.12,2515.13,0.01,2515.125,0.1707587666223978643514833398
ETH-USD,2026-08-30T18:42:58.130804Z,2515.12,2515.13,0.01,2515.125,0.2939856687314116457122224902
ETH-USD,2026-08-30T18:42:58.173492Z,2515.12,2515.13,0.01,2515.125,0.2939856687314116457122224902
ETH-USD,2026-08-30T18:42:58.231426Z,2515.12,2515.13,0.01,2515.125,0.2939856687314116457122224902
ETH-USD,2026-08-30T18:42:58.276056Z,2515.12,2515.13,0.01,2515.125,0.2810236802871027566341651136
ETH-USD,2026-08-30T18:42:58.371602Z,2515.12,2515.13,0.01,2515.125,0.2810236802871027566341651136
ETH-USD,2026-08-30T18:42:58.425449Z,2515.12,2515.13,0.01,2515.125,0.2810236802871027566341651136
ETH-USD,2026-08-30T18:42:58.444644Z,2515.12,2515.13,0.01,2515.125,0.2810236802871027566341651136
ETH-USD,2026-08-30T18:42:58.576613Z,2515.12,2515.13,0.01,2515.125,0.2810236802871027566341651136
ETH-USD,2026-08-30T18:42:58.675037Z,2515.12,2515.13,0.01,2515.125,0.2810236802871027566341651136
ETH-USD,2026-08-30T18:42:58.717763Z,2515.12,2515.13,0.01,2515.125,0.2810236802871027566341651136
ETH-USD,2026-08-30T18:42:58.824875Z,2515.12,2515.13,0.01,2515.125,0.2810236802871027566341651136
ETH-USD,2026-08-30T18:42:58.873239Z,2515.12,2515.13,0.01,2515.125,0.2810236802871027566341651136
ETH-USD,2026-08-30T18:42:58.924659Z,2515.12,2515.13,0.01,2515.125,0.2810236802871027566341651136
ETH-USD,2026-08-30T18:42:58.974041Z,2515.12,2515.13,0.01,2515.125,0.1521935118831661939523810057
ETH-USD,2026-08-30T18:42:59.016083Z,2515.12,2515.13,0.01,2515.125,0.1521935118831661939523810057
ETH-USD,2026-08-30T18:42:59.081291Z,2515.12,2515.13,0.01,2515.125,0.2665727421143044647504198321
ETH-USD,2026-08-30T18:42:59.086637Z,2515.12,2515.13,0.01,2515.125,0.2665727421143044647504198321
ETH-USD,2026-08-30T18:42:59.177592Z,2515.12,2515.13,0.01,2515.125,0.1521948107987154427989114996
ETH-USD,2026-08-30T18:42:59.272703Z,2515.12,2515.13,0.01,2515.125,0.1521948107987154427989114996
ETH-USD,2026-08-30T18:42:59.427794Z,2515.12,2515.13,0.01,2515.125,0.1521948107987154427989114996
ETH-USD,2026-08-30T18:42:59.470219Z,2515.12,2515.13,0.01,2515.125,0.1521948107987154427989114996
ETH-USD,2026-08-30T18:42:59.492269Z,2515.12,2515.13,0.01,2515.125,0.1521948107987154427989114996
ETH-USD,2026-08-30T18:42:59.572275Z,2515.12,2515.13,0.01,2515.125,0.2768140607356109234996982914
ETH-USD,2026-08-30T18:42:59.646419Z,2515.12,2515.13,0.01,2515.125,0.2171076457275026774054825503
ETH-USD,2026-08-30T18:42:59.774814Z,2515.12,2515.13,0.01,2515.125,0.2171076457275026774054825503
ETH-USD,2026-08-30T18:42:59.81156Z,2515.12,2515.13,0.01,2515.125,0.2171076457275026774054825503
ETH-USD,2026-08-30T18:42:59.874383Z,2515.12,2515.13,0.01,2515.125,0.2171076457275026774054825503
ETH-USD,2026-08-30T18:42:59.940264Z,2515.12,2515.13,0.01,2515.125,0.2171076457275026774054825503
ETH-USD,2026-08-30T18:42:59.980121Z,2515.12,2515.13,0.01,2515.125,0.2171076457275026774054825503
ETH-USD,2026-08-30T18:43:00.02388Z,2515.12,2515.13,0.01,2515.125,0.1614008263396174465251942837
ETH-USD,2026-08-30T18:43:00.077634Z,2515.12,2515.13,0.01,2515.125,0.1614008263396174465251942837
ETH-USD,2026-08-30T18:43:00.094066Z,2515.12,2515.13,0.01,2515.125,0.1614008263396174465251942837
ETH-USD,2026-08-30T18:43:00.167419Z,2515.12,2515.13,0.01,2515.125,0.1614008263396174465251942837
ETH-USD,2026-08-30T18:43:00.182973Z,2515.12,2515.13,0.01,2515.125,0.1614008263396174465251942837
ETH-USD,2026-08-30T18:43:00.294124Z,2515.12,2515.13,0.01,2515.125,0.2686416196178183217398741325
ETH-USD,2026-08-30T18:43:00.368849Z,2515.12,2515.13,0.01,2515.125,0.2686416196178183217398741325
ETH-USD,2026-08-30T18:43:00.375321Z,2515.12,2515.13,0.01,2515.125,0.1543710137663293845665697224
ETH-USD,2026-08-30T18:43:00.472378Z,2515.12,2515.13,0.01,2515.125,0.1543710137663293845665697224
ETH-USD,2026-08-30T18:43:00.502623Z,2515.12,2515.13,0.01,2515.125,0.1543710137663293845665697224
ETH-USD,2026-08-30T18:43:00.507286Z,2515.12,2515.13,0.01,2515.125,0.1543710137663293845665697224
ETH-USD,2026-08-30T18:43:00.546243Z,2515.12,2515.13,0.01,2515.125,0.1543710137663293845665697224
ETH-USD,2026-08-30T18:43:00.678023Z,2515.12,2515.13,0.01,2515.125,0.1543710137663293845665697224
ETH-USD,2026-08-30T18:43:00.767055Z,2515.12,2515.13,0.01,2515.125,0.1543710137663293845665697224
ETH-USD,2026-08-30T18:43:00.7746Z,2515.12,2515.13,0.01,2515.125,0.1543710137663293845665697224
ETH-USD,2026-08-30T18:43:00.920681Z,2515.12,2515.13,0.01,2515.125,0.1543710137663293845665697224
ETH-USD,2026-08-30T18:43:00.974044Z,2515.12,2515.13,0.01,2515.125,0.1543710137663293845665697224
ETH-USD,2026-08-30T18:43:01.019976Z,2515.12,2515.13,0.01,2515.125,0.1543710137663293845665697224
ETH-USD,2026-08-30T18:43:01.080261Z,2515.12,2515.13,0.01,2515.125,0.2102929371022888462246630936
ETH-USD,2026-08-30T18:43:01.273935Z,2515.12,2515.13,0.01,2515.125,0.2102929371022888462246630936
ETH-USD,2026-08-30T18:43:01.300728Z,2515.12,2515.13,0.01,2515.125,0.2774004650758716341083139978
ETH-USD,2026-08-30T18:43:01.371734Z,2515.12,2515.13,0.01,2515.125,0.2774004650758716341083139978
ETH-USD,2026-08-30T18:43:01.407961Z,2515.12,2515.13,0.01,2515.125,0.2215101693518449292238227980
ETH-USD,2026-08-30T18:43:01.527901Z,2515.12,2515.13,0.01,2515.125,0.2215101693518449292238227980
ETH-USD,2026-08-30T18:43:01.575032Z,2515.12,2515.13,0.01,2515.125,0.2215101693518449292238227980
ETH-USD,2026-08-30T18:43:01.679503Z,2515.12,2515.13,0.01,2515.125,0.2215101693518449292238227980
ETH-USD,2026-08-30T18:43:01.873094Z,2515.12,2515.13,0.01,2515.125,0.2215101693518449292238227980
ETH-USD,2026-08-30T18:43:01.975334Z,2515.12,2515.13,0.01,2515.125,0.2215101693518449292238227980
ETH-USD,2026-08-30T18:43:02.023773Z,2515.12,2515.13,0.01,2515.125,0.1654089125075934141710738730
ETH-USD,2026-08-30T18:43:02.168185Z,2515.12,2515.13,0.01,2515.125,0.2215101693518449292238227980
ETH-USD,2026-08-30T18:43:02.17521Z,2515.12,2515.13,0.01,2515.125,0.2215101693518449292238227980
ETH-USD,2026-08-30T18:43:02.269483Z,2515.12,2515.13,0.01,2515.125,0.2215101693518449292238227980
ETH-USD,2026-08-30T18:43:02.324475Z,2515.12,2515.13,0.01,2515.125,0.2914040159250505511959318923
ETH-USD,2026-08-30T18:43:02.389372Z,2515.12,2515.13,0.01,2515.125,0.2215101693518449292238227980
ETH-USD,2026-08-30T18:43:02.473903Z,2515.12,2515.13,0.01,2515.125,0.2215101693518449292238227980
ETH-USD,2026-08-30T18:43:02.528871Z,2515.12,2515.13,0.01,2515.125,-0.04653700538540671728687891604
ETH-USD,2026-08-30T18:43:02.580989Z,2515.12,2515.13,0.01,2515.125,-0.05759515080411526925886348614
ETH-USD,2026-08-30T18:43:02.624936Z,2515.12,2515.13,0.01,2515.125,-0.05759515080411526925886348614
ETH-USD,2026-08-30T18:43:02.663961Z,2515.18,2515.28,0.10,2515.23,0.1712014189208159542584165567
ETH-USD,2026-08-30T18:43:02.699692Z,2515.18,2515.19,0.01,2515.185,0.06819238757476582486690840020
ETH-USD,2026-08-30T18:43:02.766909Z,2515.18,2515.19,0.01,2515.185,0.1108468201734235598648158914
ETH-USD,2026-08-30T18:43:02.873112Z,2515.18,2515.19,0.01,2515.185,0.1108468201734235598648158914
ETH-USD,2026-08-30T18:43:02.917818Z,2515.18,2515.19,0.01,2515.185,0.1108468201734235598648158914
ETH-USD,2026-08-30T18:43:02.957149Z,2515.18,2515.19,0.01,2515.185,0.1108468201734235598648158914
ETH-USD,2026-08-30T18:43:03.017444Z,2515.18,2515.19,0.01,2515.185,0.1047461055034601198001763179
ETH-USD,2026-08-30T18:43:03.068212Z,2515.18,2515.19,0.01,2515.185,0.1047461055034601198001763179
ETH-USD,2026-08-30T18:43:03.075324Z,2515.18,2515.19,0.01,2515.185,0.1047461055034601198001763179
ETH-USD,2026-08-30T18:43:03.162455Z,2515.18,2515.19,0.01,2515.185,0.1047461055034601198001763179
ETH-USD,2026-08-30T18:43:03.183704Z,2515.18,2515.19,0.01,2515.185,0.1108468201734235598648158914
ETH-USD,2026-08-30T18:43:03.272776Z,2515.18,2515.19,0.01,2515.185,0.1108468201734235598648158914
ETH-USD,2026-08-30T18:43:03.374071Z,2515.18,2515.19,0.01,2515.185,0.03022325664845416470942687257
ETH-USD,2026-08-30T18:43:03.412658Z,2515.18,2515.19,0.01,2515.185,0.4290049966346502476952383129
ETH-USD,2026-08-30T18:43:03.472273Z,2515.18,2515.19,0.01,2515.185,0.4290049966346502476952383129
ETH-USD,2026-08-30T18:43:03.589446Z,2515.18,2515.19,0.01,2515.185,0.4290049966346502476952383129
ETH-USD,2026-08-30T18:43:03.672147Z,2515.18,2515.19,0.01,2515.185,0.4290049966346502476952383129
ETH-USD,2026-08-30T18:43:03.728672Z,2515.18,2515.19,0.01,2515.185,0.4290049966346502476952383129
ETH-USD,2026-08-30T18:43:03.767847Z,2515.18,2515.19,0.01,2515.185,0.4290049966346502476952383129
ETH-USD,2026-08-30T18:43:03.804717Z,2515.18,2515.19,0.01,2515.185,0.4290049966346502476952383129
ETH-USD,2026-08-30T18:43:03.842184Z,2515.18,2515.19,0.01,2515.185,0.4290049966346502476952383129
ETH-USD,2026-08-30T18:43:03.920255Z,2515.18,2515.19,0.01,2515.185,0.4290049966346502476952383129
ETH-USD,2026-08-30T18:43:03.975506Z,2515.18,2515.19,0.01,2515.185,0.4290049966346502476952383129
ETH-USD,2026-08-30T18:43:04.016352Z,2515.18,2515.19,0.01,2515.185,0.03134504830688019378857537446
ETH-USD,2026-08-30T18:43:04.072201Z,2515.18,2515.19,0.01,2515.185,0.03134504830688019378857537446
ETH-USD,2026-08-30T18:43:04.122081Z,2515.18,2515.19,0.01,2515.185,0.03134504830688019378857537446
ETH-USD,2026-08-30T18:43:04.27487Z,2515.18,2515.19,0.01,2515.185,0.4290049966346502476952383129
ETH-USD,2026-08-30T18:43:04.37491Z,2515.18,2515.19,0.01,2515.185,0.4290049966346502476952383129
ETH-USD,2026-08-30T18:43:04.381374Z,2515.18,2515.19,0.01,2515.185,0.4290049966346502476952383129
ETH-USD,2026-08-30T18:43:04.474602Z,2515.18,2515.19,0.01,2515.185,0.4316028876611937304382895032
ETH-USD,2026-08-30T18:43:04.48056Z,2515.18,2515.19,0.01,2515.185,0.4316028876611937304382895032
ETH-USD,2026-08-30T18:43:04.568082Z,2515.18,2515.19,0.01,2515.185,0.4316028876611937304382895032
ETH-USD,2026-08-30T18:43:04.574425Z,2515.18,2515.19,0.01,2515.185,0.4316028876611937304382895032
ETH-USD,2026-08-30T18:43:04.672751Z,2515.18,2515.19,0.01,2515.185,0.4315997741053458077339167597
ETH-USD,2026-08-30T18:43:04.716968Z,2515.27,2515.28,0.01,2515.275,0.6409507882673015932045351773
ETH-USD,2026-08-30T18:43:04.766142Z,2515.25,2515.28,0.03,2515.265,0.7730782433355718118387309631
ETH-USD,2026-08-30T18:43:04.815256Z,2515.27,2515.28,0.01,2515.275,0.6408017109793634902535707466
ETH-USD,2026-08-30T18:43:04.862329Z,2515.27,2515.28,0.01,2515.275,0.7299846622983620228759177003
ETH-USD,2026-08-30T18:43:04.884782Z,2515.27,2515.28,0.01,2515.275,0.4955195589304423222470027665
ETH-USD,2026-08-30T18:43:04.9559Z,2515.27,2515.28,0.01,2515.275,0.2717621210145321025338283877
ETH-USD,2026-08-30T18:43:05.007775Z,2515.26,2515.27,0.01,2515.265,0.06813323770171552081007455859
ETH-USD,2026-08-30T18:43:05.054753Z,2515.26,2515.27,0.01,2515.265,0.03799433425732963583388681911
ETH-USD,2026-08-30T18:43:05.110021Z,2515.26,2515.27,0.01,2515.265,0.04047572681346385583332358843
ETH-USD,2026-08-30T18:43:05.191312Z,2515.26,2515.27,0.01,2515.265,0.04047420459974504424291180675
ETH-USD,2026-08-30T18:43:05.212559Z,2515.26,2515.27,0.01,2515.265,0.04047420459974504424291180675
ETH-USD,2026-08-30T18:43:05.26756Z,2515.26,2515.27,0.01,2515.265,0.1506111626831651550684336690
ETH-USD,2026-08-30T18:43:05.292782Z,2515.26,2515.27,0.01,2515.265,0.1506111626831651550684336690
ETH-USD,2026-08-30T18:43:05.304053Z,2515.26,2515.27,0.01,2515.265,0.1506111626831651550684336690
ETH-USD,2026-08-30T18:43:05.408708Z,2515.26,2515.27,0.01,2515.265,0.1506105711308188936315427400
ETH-USD,2026-08-30T18:43:05.46599Z,2514.96,2515.14,0.18,2515.05,0.06640388449624343242456914994
ETH-USD,2026-08-30T18:43:05.514676Z,2514.85,2514.95,0.10,2514.90,0.4551908460383207575569955827
ETH-USD,2026-08-30T18:43:05.561589Z,2514.79,2515,0.21,2514.895,-0.08907666894536588952986582055
ETH-USD,2026-08-30T18:43:05.609302Z,2514.79,2514.89,0.10,2514.84,0.03572237734832591177505387042
ETH-USD,2026-08-30T18:43:05.624547Z,2514.73,2514.83,0.10,2514.78,-0.02511852408288098671777001527
ETH-USD,2026-08-30T18:43:05.676638Z,2514.66,2514.76,0.10,2514.71,0.3669588302774741597979616296
ETH-USD,2026-08-30T18:43:05.68382Z,2514.56,2514.76,0.20,2514.66,0.4953717066611689503531850876
ETH-USD,2026-08-30T18:43:05.774423Z,2514.74,2515.01,0.27,2514.875,-0.1181321100798729436433328356
ETH-USD,2026-08-30T18:43:05.858921Z,2514.74,2514.75,0.01,2514.745,0.05110657037619938503480559443
ETH-USD,2026-08-30T18:43:05.956265Z,2514.74,2514.75,0.01,2514.745,0.06082809672142544989095599657
ETH-USD,2026-08-30T18:43:06.025453Z,2514.74,2514.75,0.01,2514.745,0.06082809672142544989095599657
ETH-USD,2026-08-30T18:43:06.064002Z,2514.74,2514.75,0.01,2514.745,0.06082809672142544989095599657
ETH-USD,2026-08-30T18:43:06.069467Z,2514.74,2514.75,0.01,2514.745,0.06082809672142544989095599657
ETH-USD,2026-08-30T18:43:06.128976Z,2514.74,2514.75,0.01,2514.745,0.06333136106273417512075841136
ETH-USD,2026-08-30T18:43:06.371712Z,2514.74,2514.75,0.01,2514.745,-0.006706767721991930262362620849
ETH-USD,2026-08-30T18:43:06.420226Z,2514.74,2514.75,0.01,2514.745,0.3038544027561496729915104181
ETH-USD,2026-08-30T18:43:06.477288Z,2514.74,2514.75,0.01,2514.745,0.3038544027561496729915104181
ETH-USD,2026-08-30T18:43:06.519638Z,2514.74,2514.75,0.01,2514.745,0.3038544027561496729915104181
ETH-USD,2026-08-30T18:43:06.556543Z,2514.74,2514.75,0.01,2514.745,-0.1635787800164923169104197425
ETH-USD,2026-08-30T18:43:06.618355Z,2514.74,2514.75,0.01,2514.745,0.2248629966825438407248900619
ETH-USD,2026-08-30T18:43:06.658008Z,2514.74,2514.75,0.01,2514.745,0.2248629966825438407248900619
ETH-USD,2026-08-30T18:43:06.719468Z,2514.74,2514.75,0.01,2514.745,0.2248629966825438407248900619
ETH-USD,2026-08-30T18:43:06.766304Z,2514.74,2514.75,0.01,2514.745,0.4291044215837168471212706865
ETH-USD,2026-08-30T18:43:06.810765Z,2514.74,2514.75,0.01,2514.745,0.02472386974902904645141363109
ETH-USD,2026-08-30T18:43:06.858453Z,2514.74,2514.75,0.01,2514.745,0.1263505526399057985963955899
ETH-USD,2026-08-30T18:43:06.914596Z,2514.74,2514.75,0.01,2514.745,0.02480020543751233344709844057
ETH-USD,2026-08-30T18:43:06.974636Z,2514.74,2514.75,0.01,2514.745,0.02472288564961827494460323444
ETH-USD,2026-08-30T18:43:07.029059Z,2514.74,2514.75,0.01,2514.745,0.02487384525567592398743492114
ETH-USD,2026-08-30T18:43:07.068774Z,2514.74,2514.75,0.01,2514.745,0.02487384525567592398743492114
ETH-USD,2026-08-30T18:43:07.123159Z,2514.74,2514.75,0.01,2514.745,0.02487384525567592398743492114
ETH-USD,2026-08-30T18:43:07.16518Z,2514.74,2514.75,0.01,2514.745,0.02487384525567592398743492114
ETH-USD,2026-08-30T18:43:07.188994Z,2514.74,2514.75,0.01,2514.745,0.02487384525567592398743492114
ETH-USD,2026-08-30T18:43:07.274999Z,2514.74,2514.75,0.01,2514.745,0.02487384525567592398743492114
ETH-USD,2026-08-30T18:43:07.308238Z,2514.74,2514.75,0.01,2514.745,0.02494495617150177863611169711
ETH-USD,2026-08-30T18:43:07.373193Z,2514.74,2514.75,0.01,2514.745,0.2118128897504100629667509913
ETH-USD,2026-08-30T18:43:07.416056Z,2514.74,2514.75,0.01,2514.745,0.2116358716370433958188542886
ETH-USD,2026-08-30T18:43:07.475852Z,2514.74,2514.75,0.01,2514.745,0.1121791672190824603065838032
ETH-USD,2026-08-30T18:43:07.509088Z,2514.74,2514.75,0.01,2514.745,0.1121791672190824603065838032
ETH-USD,2026-08-30T18:43:07.569988Z,2514.74,2514.75,0.01,2514.745,0.01640917305977391666507125128
ETH-USD,2026-08-30T18:43:07.674572Z,2514.74,2514.75,0.01,2514.745,0.01640917305977391666507125128
ETH-USD,2026-08-30T18:43:07.807962Z,2514.74,2514.75,0.01,2514.745,0.01640917305977391666507125128
ETH-USD,2026-08-30T18:43:07.877095Z,2514.74,2514.75,0.01,2514.745,0.01649284314448986100265895636
ETH-USD,2026-08-30T18:43:07.968361Z,2514.74,2514.75,0.01,2514.745,0.04515647637025410126318231322
ETH-USD,2026-08-30T18:43:08.018831Z,2514.74,2514.75,0.01,2514.745,0.04530471047521236797034826399
ETH-USD,2026-08-30T18:43:08.025806Z,2514.74,2514.75,0.01,2514.745,-0.04538420006201167320964467606
ETH-USD,2026-08-30T18:43:08.108694Z,2514.74,2514.75,0.01,2514.745,-0.04538420006201167320964467606
ETH-USD,2026-08-30T18:43:08.168738Z,2514.74,2514.75,0.01,2514.745,-0.03700717493928170127294836905
ETH-USD,2026-08-30T18:43:08.184287Z,2514.74,2514.75,0.01,2514.745,-0.03700717493928170127294836905
ETH-USD,2026-08-30T18:43:08.274772Z,2514.74,2514.75,0.01,2514.745,-0.03700717493928170127294836905
ETH-USD,2026-08-30T18:43:08.423384Z,2514.74,2514.75,0.01,2514.745,-0.03700717493928170127294836905
ETH-USD,2026-08-30T18:43:08.468382Z,2514.74,2514.75,0.01,2514.745,-0.03715801872474839142164378502
ETH-USD,2026-08-30T18:43:08.474211Z,2514.74,2514.75,0.01,2514.745,-0.03715801872474839142164378502
ETH-USD,2026-08-30T18:43:08.56523Z,2514.74,2514.75,0.01,2514.745,-0.03715801872474839142164378502
ETH-USD,2026-08-30T18:43:08.569987Z,2514.74,2514.75,0.01,2514.745,-0.03715801872474839142164378502
ETH-USD,2026-08-30T18:43:08.768336Z,2514.74,2514.75,0.01,2514.745,-0.03715801872474839142164378502
ETH-USD,2026-08-30T18:43:08.773782Z,2514.74,2514.75,0.01,2514.745,-0.03715801872474839142164378502
ETH-USD,2026-08-30T18:43:08.875518Z,2514.74,2514.75,0.01,2514.745,0.03027643929487578067023785846
ETH-USD,2026-08-30T18:43:08.910338Z,2514.85,2515.01,0.16,2514.93,0.4440961152611563340623177254
ETH-USD,2026-08-30T18:43:08.9556Z,2514.85,2514.91,0.06,2514.88,0.3998293012651379947112797121
ETH-USD,2026-08-30T18:43:09.013297Z,2514.9,2514.91,0.01,2514.905,0.2932897564837795240661775430
ETH-USD,2026-08-30T18:43:09.061314Z,2514.9,2514.91,0.01,2514.905,0.1565144276017604649705561762
ETH-USD,2026-08-30T18:43:09.109084Z,2514.9,2514.91,0.01,2514.905,0.3363269031881911737320590194
ETH-USD,2026-08-30T18:43:09.171398Z,2514.9,2514.91,0.01,2514.905,0.1787366878060730854992849936
ETH-USD,2026-08-30T18:43:09.221128Z,2514.9,2514.91,0.01,2514.905,0.1787366878060730854992849936
ETH-USD,2026-08-30T18:43:09.251336Z,2514.9,2514.91,0.01,2514.905,0.1787366878060730854992849936
ETH-USD,2026-08-30T18:43:09.374341Z,2514.9,2514.91,0.01,2514.905,0.1787366878060730854992849936
ETH-USD,2026-08-30T18:43:09.401614Z,2514.9,2514.91,0.01,2514.905,0.1787366878060730854992849936
ETH-USD,2026-08-30T18:43:09.472636Z,2514.9,2514.91,0.01,2514.905,0.1787366878060730854992849936
ETH-USD,2026-08-30T18:43:09.520356Z,2514.9,2514.91,0.01,2514.905,0.1785667041851930304537834037
ETH-USD,2026-08-30T18:43:09.626911Z,2514.9,2514.91,0.01,2514.905,0.1785667041851930304537834037
ETH-USD,2026-08-30T18:43:09.668302Z,2514.9,2514.91,0.01,2514.905,0.1785667041851930304537834037
ETH-USD,2026-08-30T18:43:09.68642Z,2514.9,2514.91,0.01,2514.905,0.1785667041851930304537834037
ETH-USD,2026-08-30T18:43:09.772485Z,2514.9,2514.91,0.01,2514.905,0.1785667041851930304537834037
ETH-USD,2026-08-30T18:43:09.874325Z,2514.9,2514.91,0.01,2514.905,0.1784936936122327861967165944
ETH-USD,2026-08-30T18:43:09.894618Z,2514.9,2514.91,0.01,2514.905,0.1772623099734519858602128220
ETH-USD,2026-08-30T18:43:09.973462Z,2514.9,2514.91,0.01,2514.905,0.1772623099734519858602128220
ETH-USD,2026-08-30T18:43:10.027053Z,2514.9,2514.91,0.01,2514.905,0.1772623099734519858602128220
ETH-USD,2026-08-30T18:43:10.074625Z,2514.9,2514.91,0.01,2514.905,0.1772623099734519858602128220
ETH-USD,2026-08-30T18:43:10.179969Z,2514.9,2514.91,0.01,2514.905,0.1784936215218531598600260887
ETH-USD,2026-08-30T18:43:10.278611Z,2514.9,2514.91,0.01,2514.905,-0.05457704594736272285844030172
ETH-USD,2026-08-30T18:43:10.312714Z,2514.9,2514.91,0.01,2514.905,-0.05457704594736272285844030172
ETH-USD,2026-08-30T18:43:10.379484Z,2514.9,2514.91,0.01,2514.905,0.01237787381830774833583381986
ETH-USD,2026-08-30T18:43:10.57882Z,2514.9,2514.91,0.01,2514.905,-0.1167797888374322134135097713
ETH-USD,2026-08-30T18:43:10.629214Z,2514.9,2514.91,0.01,2514.905,-0.06292782787662144230508841769
ETH-USD,2026-08-30T18:43:10.675565Z,2514.9,2514.91,0.01,2514.905,-0.06292782787662144230508841769
ETH-USD,2026-08-30T18:43:10.873671Z,2514.9,2514.91,0.01,2514.905,-0.06292782787662144230508841769
ETH-USD,2026-08-30T18:43:10.927176Z,2514.9,2514.91,0.01,2514.905,-0.06292782787662144230508841769
ETH-USD,2026-08-30T18:43:10.974539Z,2514.9,2514.91,0.01,2514.905,-0.06292782787662144230508841769
ETH-USD,2026-08-30T18:43:11.01727Z,2514.9,2514.91,0.01,2514.905,-0.06660341713762325594249330029
ETH-USD,2026-08-30T18:43:11.075761Z,2514.9,2514.91,0.01,2514.905,-0.2284784939459915801229418261
ETH-USD,2026-08-30T18:43:11.168514Z,2514.9,2514.91,0.01,2514.905,-0.2284784939459915801229418261
ETH-USD,2026-08-30T18:43:11.201217Z,2514.9,2514.91,0.01,2514.905,-0.2284784939459915801229418261
ETH-USD,2026-08-30T18:43:11.368301Z,2514.9,2514.91,0.01,2514.905,0.1218174452814563680380711737
ETH-USD,2026-08-30T18:43:11.431462Z,2514.9,2514.91,0.01,2514.905,0.04638877983253872672721344322
ETH-USD,2026-08-30T18:43:11.477622Z,2514.9,2514.91,0.01,2514.905,-0.1323451531340138089167088475
ETH-USD,2026-08-30T18:43:11.573243Z,2514.9,2514.91,0.01,2514.905,-0.1323451531340138089167088475
ETH-USD,2026-08-30T18:43:11.66351Z,2514.9,2514.91,0.01,2514.905,-0.1323451531340138089167088475
ETH-USD,2026-08-30T18:43:11.729366Z,2514.9,2514.91,0.01,2514.905,-0.1323451531340138089167088475
ETH-USD,2026-08-30T18:43:11.778891Z,2514.9,2514.91,0.01,2514.905,-0.09019567989463470050367890244
ETH-USD,2026-08-30T18:43:11.809061Z,2514.9,2514.91,0.01,2514.905,-0.02893530501396664925020512146
ETH-USD,2026-08-30T18:43:11.879092Z,2514.9,2514.91,0.01,2514.905,-0.1277865330715386710197444164
ETH-USD,2026-08-30T18:43:11.924239Z,2514.9,2514.91,0.01,2514.905,-0.2484003324826269140500308761
ETH-USD,2026-08-30T18:43:11.983369Z,2514.9,2514.91,0.01,2514.905,-0.2484003324826269140500308761
ETH-USD,2026-08-30T18:43:12.012122Z,2514.9,2514.91,0.01,2514.905,-0.2484003324826269140500308761
ETH-USD,2026-08-30T18:43:12.068434Z,2514.9,2514.91,0.01,2514.905,-0.2484003324826269140500308761
ETH-USD,2026-08-30T18:43:12.118788Z,2514.9,2514.91,0.01,2514.905,-0.2484003324826269140500308761
ETH-USD,2026-08-30T18:43:12.167164Z,2514.9,2514.91,0.01,2514.905,-0.2484003324826269140500308761
ETH-USD,2026-08-30T18:43:12.185212Z,2514.9,2514.91,0.01,2514.905,-0.2484003324826269140500308761
ETH-USD,2026-08-30T18:43:12.329828Z,2514.9,2514.91,0.01,2514.905,-0.2484003324826269140500308761
ETH-USD,2026-08-30T18:43:12.381705Z,2514.9,2514.91,0.01,2514.905,-0.2484003324826269140500308761
ETH-USD,2026-08-30T18:43:12.415746Z,2514.9,2514.91,0.01,2514.905,-0.2484003324826269140500308761
ETH-USD,2026-08-30T18:43:12.476592Z,2514.9,2514.91,0.01,2514.905,-0.2484003324826269140500308761
ETH-USD,2026-08-30T18:43:12.512834Z,2514.9,2514.91,0.01,2514.905,-0.2484003324826269140500308761
ETH-USD,2026-08-30T18:43:12.620488Z,2514.9,2514.91,0.01,2514.905,0.01168759707931696344280787311
ETH-USD,2026-08-30T18:43:12.658748Z,2514.44,2514.72,0.28,2514.58,0.5502283843875756676635165158
ETH-USD,2026-08-30T18:43:12.723427Z,2514.43,2514.7,0.27,2514.565,0.1546062726770118832476614896
ETH-USD,2026-08-30T18:43:12.779782Z,2514.48,2514.7,0.22,2514.59,0.1324952101961770553890096085
ETH-USD,2026-08-30T18:43:12.802517Z,2514.57,2514.7,0.13,2514.635,0.1323362531801626242780015219
ETH-USD,2026-08-30T18:43:12.876844Z,2514.57,2514.7,0.13,2514.635,0.1323362531801626242780015219
ETH-USD,2026-08-30T18:43:12.888885Z,2514.57,2514.7,0.13,2514.635,0.1323362531801626242780015219
ETH-USD,2026-08-30T18:43:12.966341Z,2514.69,2514.82,0.13,2514.755,0.4062581126990760346651760285
ETH-USD,2026-08-30T18:43:13.018981Z,2514.69,2514.74,0.05,2514.715,0.3078386312559339395559664652
ETH-USD,2026-08-30T18:43:13.062745Z,2514.71,2514.74,0.03,2514.725,0.3152412044489955015800939335
ETH-USD,2026-08-30T18:43:13.125075Z,2514.71,2514.74,0.03,2514.725,0.3152412044489955015800939335
ETH-USD,2026-08-30T18:43:13.196466Z,2514.72,2514.74,0.02,2514.73,0.2583984219837042987407499618
ETH-USD,2026-08-30T18:43:13.268497Z,2514.72,2514.74,0.02,2514.73,0.2583984219837042987407499618
ETH-USD,2026-08-30T18:43:13.318531Z,2514.72,2514.74,0.02,2514.73,0.2583984219837042987407499618
ETH-USD,2026-08-30T18:43:13.375393Z,2514.72,2514.74,0.02,2514.73,0.2583984219837042987407499618
ETH-USD,2026-08-30T18:43:13.426217Z,2514.72,2514.74,0.02,2514.73,0.2583984219837042987407499618
ETH-USD,2026-08-30T18:43:13.471838Z,2514.72,2514.74,0.02,2514.73,0.2583984219837042987407499618
ETH-USD,2026-08-30T18:43:13.482618Z,2514.72,2514.74,0.02,2514.73,0.2583984219837042987407499618
ETH-USD,2026-08-30T18:43:13.575671Z,2514.72,2514.74,0.02,2514.73,0.2583984219837042987407499618
ETH-USD,2026-08-30T18:43:13.584865Z,2514.72,2514.74,0.02,2514.73,0.2583984219837042987407499618
ETH-USD,2026-08-30T18:43:13.669953Z,2514.72,2514.74,0.02,2514.73,0.2583984219837042987407499618
ETH-USD,2026-08-30T18:43:13.780855Z,2514.72,2514.74,0.02,2514.73,0.2583984219837042987407499618
ETH-USD,2026-08-30T18:43:13.813497Z,2514.73,2514.77,0.04,2514.75,0.3084645845310356165533524536
ETH-USD,2026-08-30T18:43:13.8771Z,2514.74,2514.77,0.03,2514.755,0.2583515375017308691839405921
ETH-USD,2026-08-30T18:43:13.919151Z,2514.74,2514.77,0.03,2514.755,0.2583515375017308691839405921
ETH-USD,2026-08-30T18:43:13.938144Z,2514.74,2514.77,0.03,2514.755,0.2583498314317377413985283622
ETH-USD,2026-08-30T18:43:14.016116Z,2514.74,2514.76,0.02,2514.75,0.3129588091093637997137462484
ETH-USD,2026-08-30T18:43:14.061403Z,2514.74,2514.76,0.02,2514.75,0.2553020530870091622533353959
ETH-USD,2026-08-30T18:43:14.109231Z,2514.74,2514.75,0.01,2514.745,0.2553020530870091622533353959
ETH-USD,2026-08-30T18:43:14.168619Z,2514.74,2514.75,0.01,2514.745,0.2553020530870091622533353959
ETH-USD,2026-08-30T18:43:14.179312Z,2514.74,2514.75,0.01,2514.745,0.2553020530870091622533353959
ETH-USD,2026-08-30T18:43:14.267475Z,2514.74,2514.75,0.01,2514.745,0.2553020530870091622533353959
ETH-USD,2026-08-30T18:43:14.280874Z,2514.74,2514.75,0.01,2514.745,0.2553044931716198251583076090
ETH-USD,2026-08-30T18:43:14.372205Z,2514.74,2514.75,0.01,2514.745,0.2112934443588121629932010253
ETH-USD,2026-08-30T18:43:14.42332Z,2514.74,2514.75,0.01,2514.745,0.2590890949017721195387826391
ETH-USD,2026-08-30T18:43:14.46867Z,2514.74,2514.75,0.01,2514.745,0.2590890949017721195387826391
ETH-USD,2026-08-30T18:43:14.527897Z,2514.74,2514.75,0.01,2514.745,0.2590890949017721195387826391
ETH-USD,2026-08-30T18:43:14.582948Z,2514.74,2514.75,0.01,2514.745,0.2590890949017721195387826391
ETH-USD,2026-08-30T18:43:14.633649Z,2514.74,2514.75,0.01,2514.745,0.2112934443588121629932010253
ETH-USD,2026-08-30T18:43:14.768794Z,2514.74,2514.75,0.01,2514.745,0.2112934443588121629932010253
ETH-USD,2026-08-30T18:43:14.820774Z,2514.74,2514.75,0.01,2514.745,0.2112934443588121629932010253
ETH-USD,2026-08-30T18:43:14.88215Z,2514.74,2514.75,0.01,2514.745,0.2112934443588121629932010253
ETH-USD,2026-08-30T18:43:14.956553Z,2514.74,2514.75,0.01,2514.745,0.2112934443588121629932010253
ETH-USD,2026-08-30T18:43:15.02283Z,2514.74,2514.75,0.01,2514.745,0.1538108074349259681438175600
ETH-USD,2026-08-30T18:43:15.070242Z,2514.74,2514.75,0.01,2514.745,0.03649298722616632738619439278
ETH-USD,2026-08-30T18:43:15.123483Z,2514.74,2514.75,0.01,2514.745,0.3223889534081448176237978401
ETH-USD,2026-08-30T18:43:15.174578Z,2514.74,2514.75,0.01,2514.745,0.3223889534081448176237978401
ETH-USD,2026-08-30T18:43:15.262793Z,2514.74,2514.75,0.01,2514.745,0.3223889534081448176237978401
ETH-USD,2026-08-30T18:43:15.308603Z,2514.74,2514.75,0.01,2514.745,0.3223889534081448176237978401
ETH-USD,2026-08-30T18:43:15.377522Z,2514.74,2514.75,0.01,2514.745,0.3223889534081448176237978401
ETH-USD,2026-08-30T18:43:15.39349Z,2514.74,2514.75,0.01,2514.745,0.3223889534081448176237978401
ETH-USD,2026-08-30T18:43:15.480711Z,2514.74,2514.75,0.01,2514.745,0.2590875523380197553673644301
ETH-USD,2026-08-30T18:43:15.51661Z,2514.74,2514.75,0.01,2514.745,0.2590875523380197553673644301
ETH-USD,2026-08-30T18:43:15.574963Z,2514.74,2514.75,0.01,2514.745,0.2590875523380197553673644301
ETH-USD,2026-08-30T18:43:15.589557Z,2514.74,2514.75,0.01,2514.745,0.2590875523380197553673644301
ETH-USD,2026-08-30T18:43:15.676915Z,2514.74,2514.75,0.01,2514.745,0.2590875523380197553673644301
ETH-USD,2026-08-30T18:43:15.778617Z,2514.74,2514.75,0.01,2514.745,0.2590875523380197553673644301
ETH-USD,2026-08-30T18:43:15.824029Z,2514.74,2514.75,0.01,2514.745,0.2590875523380197553673644301
ETH-USD,2026-08-30T18:43:15.974373Z,2514.74,2514.75,0.01,2514.745,0.2590875523380197553673644301
ETH-USD,2026-08-30T18:43:16.067701Z,2514.74,2514.75,0.01,2514.745,0.2063449820272108314047322663
ETH-USD,2026-08-30T18:43:16.109817Z,2514.74,2514.75,0.01,2514.745,0.2063449820272108314047322663
ETH-USD,2026-08-30T18:43:16.14981Z,2514.74,2514.75,0.01,2514.745,0.2629771356037762869526767912
ETH-USD,2026-08-30T18:43:16.192778Z,2514.74,2514.75,0.01,2514.745,0.2629771356037762869526767912
ETH-USD,2026-08-30T18:43:16.268641Z,2514.74,2514.75,0.01,2514.745,0.2629771356037762869526767912
ETH-USD,2026-08-30T18:43:16.286402Z,2514.74,2514.75,0.01,2514.745,0.2629771356037762869526767912
ETH-USD,2026-08-30T18:43:16.374496Z,2514.74,2514.75,0.01,2514.745,0.2629771356037762869526767912
ETH-USD,2026-08-30T18:43:16.396227Z,2514.74,2514.75,0.01,2514.745,0.2629771356037762869526767912
ETH-USD,2026-08-30T18:43:16.579097Z,2514.74,2514.75,0.01,2514.745,0.2629771356037762869526767912
ETH-USD,2026-08-30T18:43:16.61829Z,2514.74,2514.75,0.01,2514.745,0.2629771356037762869526767912
ETH-USD,2026-08-30T18:43:16.679603Z,2514.74,2514.75,0.01,2514.745,0.2629771356037762869526767912
ETH-USD,2026-08-30T18:43:16.714015Z,2514.74,2514.75,0.01,2514.745,0.2629771356037762869526767912
ETH-USD,2026-08-30T18:43:16.743093Z,2514.74,2514.75,0.01,2514.745,0.2629771356037762869526767912
ETH-USD,2026-08-30T18:43:16.798861Z,2514.74,2514.75,0.01,2514.745,0.2629771356037762869526767912
ETH-USD,2026-08-30T18:43:16.868685Z,2514.74,2514.75,0.01,2514.745,0.2629771356037762869526767912
ETH-USD,2026-08-30T18:43:16.971Z,2514.74,2514.75,0.01,2514.745,0.2629771356037762869526767912
ETH-USD,2026-08-30T18:43:17.018466Z,2514.74,2514.75,0.01,2514.745,0.2063449820272108314047322663
ETH-USD,2026-08-30T18:43:17.108852Z,2514.74,2514.75,0.01,2514.745,0.2063449820272108314047322663
ETH-USD,2026-08-30T18:43:17.165367Z,2514.74,2514.75,0.01,2514.745,0.2063449820272108314047322663
ETH-USD,2026-08-30T18:43:17.174063Z,2514.74,2514.75,0.01,2514.745,0.2063449820272108314047322663
ETH-USD,2026-08-30T18:43:17.272014Z,2514.74,2514.75,0.01,2514.745,0.2629771356037762869526767912
ETH-USD,2026-08-30T18:43:17.370916Z,2514.74,2514.75,0.01,2514.745,0.2629771356037762869526767912
ETH-USD,2026-08-30T18:43:17.399714Z,2514.74,2514.75,0.01,2514.745,0.2629771356037762869526767912
ETH-USD,2026-08-30T18:43:17.473698Z,2514.74,2514.75,0.01,2514.745,0.2629771356037762869526767912
ETH-USD,2026-08-30T18:43:17.521551Z,2514.74,2514.75,0.01,2514.745,0.2842627898090977954253640296
ETH-USD,2026-08-30T18:43:17.56761Z,2514.74,2514.75,0.01,2514.745,0.2590875523380197553673644301
ETH-USD,2026-08-30T18:43:17.621173Z,2514.74,2514.75,0.01,2514.745,0.2590875523380197553673644301
ETH-USD,2026-08-30T18:43:17.648424Z,2514.74,2514.75,0.01,2514.745,0.2590875523380197553673644301
ETH-USD,2026-08-30T18:43:17.72441Z,2514.74,2514.75,0.01,2514.745,0.2590875523380197553673644301
ETH-USD,2026-08-30T18:43:17.771514Z,2514.74,2514.75,0.01,2514.745,0.2590875523380197553673644301
ETH-USD,2026-08-30T18:43:17.778455Z,2514.74,2514.75,0.01,2514.745,0.2590875523380197553673644301
ETH-USD,2026-08-30T18:43:17.872042Z,2514.74,2514.75,0.01,2514.745,0.2590875523380197553673644301
ETH-USD,2026-08-30T18:43:18.025036Z,2514.74,2514.75,0.01,2514.745,0.2027959075093997378867538613
ETH-USD,2026-08-30T18:43:18.074399Z,2514.74,2514.75,0.01,2514.745,0.2027959075093997378867538613
ETH-USD,2026-08-30T18:43:18.17266Z,2514.74,2514.75,0.01,2514.745,0.2027959075093997378867538613
ETH-USD,2026-08-30T18:43:18.201413Z,2514.74,2514.75,0.01,2514.745,0.2027959075093997378867538613
ETH-USD,2026-08-30T18:43:18.254902Z,2514.74,2514.75,0.01,2514.745,0.2590875523380197553673644301
ETH-USD,2026-08-30T18:43:18.296138Z,2514.74,2514.75,0.01,2514.745,0.2590875523380197553673644301
ETH-USD,2026-08-30T18:43:18.360575Z,2514.74,2514.75,0.01,2514.745,0.2590875523380197553673644301
ETH-USD,2026-08-30T18:43:18.404077Z,2514.74,2514.75,0.01,2514.745,0.2590875523380197553673644301
ETH-USD,2026-08-30T18:43:18.473015Z,2514.74,2514.75,0.01,2514.745,0.2590875523380197553673644301
ETH-USD,2026-08-30T18:43:18.50749Z,2514.74,2514.75,0.01,2514.745,0.2590875523380197553673644301
ETH-USD,2026-08-30T18:43:18.684222Z,2514.74,2514.75,0.01,2514.745,0.1611457263502799744650087671
ETH-USD,2026-08-30T18:43:18.722749Z,2514.74,2514.75,0.01,2514.745,0.3768126590992371480097361151
ETH-USD,2026-08-30T18:43:18.77205Z,2514.74,2514.75,0.01,2514.745,0.1931303707531280341647343687
ETH-USD,2026-08-30T18:43:18.819976Z,2514.74,2514.75,0.01,2514.745,-0.02394500294046661628831127325
ETH-USD,2026-08-30T18:43:18.86583Z,2514.4,2514.54,0.14,2514.47,-0.001773401214205372290273644776
ETH-USD,2026-08-30T18:43:18.915307Z,2514.4,2514.54,0.14,2514.47,0.02596027285865769161579658126
ETH-USD,2026-08-30T18:43:18.959009Z,2514.4,2514.64,0.24,2514.52,-0.4136892972548846595220838822
ETH-USD,2026-08-30T18:43:19.020005Z,2514.4,2514.46,0.06,2514.43,0.1369954005135917656565439965
ETH-USD,2026-08-30T18:43:19.029364Z,2514.4,2514.46,0.06,2514.43,0.1369954005135917656565439965
ETH-USD,2026-08-30T18:43:19.121818Z,2514.4,2514.46,0.06,2514.43,-0.5283870963676295548419711240
ETH-USD,2026-08-30T18:43:19.148094Z,2514.41,2514.46,0.05,2514.435,-0.1219547911755303875698438731
ETH-USD,2026-08-30T18:43:19.227133Z,2514.42,2514.46,0.04,2514.44,-0.1219547911755303875698438731
ETH-USD,2026-08-30T18:43:19.268548Z,2514.42,2514.46,0.04,2514.44,-0.2091384304872004146880923136
ETH-USD,2026-08-30T18:43:19.32807Z,2514.42,2514.43,0.01,2514.425,-0.1466321444174637970706564953
ETH-USD,2026-08-30T18:43:19.389858Z,2514.42,2514.43,0.01,2514.425,-0.4413162694725881853810737548
ETH-USD,2026-08-30T18:43:19.406131Z,2514.42,2514.43,0.01,2514.425,-0.4413162694725881853810737548
ETH-USD,2026-08-30T18:43:19.477118Z,2514.42,2514.43,0.01,2514.425,-0.1520820890326034546666006951
ETH-USD,2026-08-30T18:43:19.526322Z,2514.42,2514.43,0.01,2514.425,-0.1520820890326034546666006951
ETH-USD,2026-08-30T18:43:19.568401Z,2514.42,2514.43,0.01,2514.425,-0.1684770797830588026787113846
ETH-USD,2026-08-30T18:43:19.667362Z,2514.42,2514.43,0.01,2514.425,-0.2846214618857279049336221802
ETH-USD,2026-08-30T18:43:19.673424Z,2514.42,2514.43,0.01,2514.425,-0.2846214618857279049336221802
ETH-USD,2026-08-30T18:43:19.696424Z,2514.42,2514.43,0.01,2514.425,-0.2846199792678609715450278952
ETH-USD,2026-08-30T18:43:19.82208Z,2514.42,2514.43,0.01,2514.425,-0.2846199792678609715450278952
ETH-USD,2026-08-30T18:43:19.873209Z,2514.42,2514.43,0.01,2514.425,-0.2846199792678609715450278952
ETH-USD,2026-08-30T18:43:19.914998Z,2514.42,2514.43,0.01,2514.425,-0.2846199792678609715450278952
ETH-USD,2026-08-30T18:43:19.98258Z,2514.42,2514.43,0.01,2514.425,-0.2846199792678609715450278952
ETH-USD,2026-08-30T18:43:20.016833Z,2514.42,2514.43,0.01,2514.425,-0.2846199792678609715450278952
ETH-USD,2026-08-30T18:43:20.061774Z,2514.42,2514.43,0.01,2514.425,-0.2846210483265389916967293523
ETH-USD,2026-08-30T18:43:20.162431Z,2514.42,2514.43,0.01,2514.425,-0.2846210483265389916967293523
ETH-USD,2026-08-30T18:43:20.168956Z,2514.42,2514.43,0.01,2514.425,-0.2846210483265389916967293523
ETH-USD,2026-08-30T18:43:20.267386Z,2514.42,2514.43,0.01,2514.425,-0.2824473609087954823316272062
ETH-USD,2026-08-30T18:43:20.275223Z,2514.42,2514.43,0.01,2514.425,-0.2824473609087954823316272062
ETH-USD,2026-08-30T18:43:20.363954Z,2514.42,2514.43,0.01,2514.425,-0.2824473609087954823316272062
ETH-USD,2026-08-30T18:43:20.382634Z,2514.42,2514.43,0.01,2514.425,-0.2824473609087954823316272062
ETH-USD,2026-08-30T18:43:20.468032Z,2514.42,2514.43,0.01,2514.425,-0.2824473609087954823316272062
ETH-USD,2026-08-30T18:43:20.514966Z,2514.42,2514.43,0.01,2514.425,0.006677506688573687512554316705
ETH-USD,2026-08-30T18:43:20.562799Z,2514.42,2514.51,0.09,2514.465,-0.03699357603198237427399243532
ETH-USD,2026-08-30T18:43:20.614107Z,2514.46,2514.74,0.28,2514.60,0.1155231692866306136211685998
ETH-USD,2026-08-30T18:43:20.661627Z,2514.63,2514.68,0.05,2514.655,0.5297028893145267226378880051
ETH-USD,2026-08-30T18:43:20.730372Z,2514.59,2514.68,0.09,2514.635,0.1737338793654343495700680520
ETH-USD,2026-08-30T18:43:20.766795Z,2514.6,2514.68,0.08,2514.64,0.1737338793654343495700680520
ETH-USD,2026-08-30T18:43:20.815607Z,2514.61,2514.71,0.10,2514.66,0.2057100264361562159176042194
ETH-USD,2026-08-30T18:43:20.908749Z,2514.63,2514.71,0.08,2514.67,0.2696361337226859692862218260
ETH-USD,2026-08-30T18:43:20.975851Z,2514.65,2514.71,0.06,2514.68,0.2696337446155687634954639317
ETH-USD,2026-08-30T18:43:21.018038Z,2514.65,2514.71,0.06,2514.68,0.2404174807992132857697585553
ETH-USD,2026-08-30T18:43:21.079374Z,2514.66,2514.68,0.02,2514.67,-0.04788843272174014515528840826
ETH-USD,2026-08-30T18:43:21.105111Z,2514.66,2514.67,0.01,2514.665,-0.04788843272174014515528840826
ETH-USD,2026-08-30T18:43:21.159502Z,2514.66,2514.67,0.01,2514.665,-0.02790000136728996430272020044
ETH-USD,2026-08-30T18:43:21.212755Z,2514.66,2514.67,0.01,2514.665,-0.02790000136728996430272020044
ETH-USD,2026-08-30T18:43:21.249054Z,2514.66,2514.67,0.01,2514.665,-0.02790000136728996430272020044
ETH-USD,2026-08-30T18:43:21.367836Z,2514.66,2514.67,0.01,2514.665,0.1100257043552104830909075420
ETH-USD,2026-08-30T18:43:21.375899Z,2514.66,2514.67,0.01,2514.665,0.1100257043552104830909075420
ETH-USD,2026-08-30T18:43:21.527172Z,2514.66,2514.67,0.01,2514.665,0.1967851714087077324397423788
ETH-USD,2026-08-30T18:43:21.592773Z,2514.66,2514.76,0.10,2514.71,0.1114592965581916444949132627
ETH-USD,2026-08-30T18:43:21.66942Z,2514.66,2514.67,0.01,2514.665,0.1630276359693884030483061727
ETH-USD,2026-08-30T18:43:21.686461Z,2514.66,2514.67,0.01,2514.665,0.1630276359693884030483061727
ETH-USD,2026-08-30T18:43:21.777937Z,2514.66,2514.67,0.01,2514.665,0.1630276359693884030483061727
ETH-USD,2026-08-30T18:43:21.922414Z,2514.66,2514.67,0.01,2514.665,0.1630254096577852708438265122
ETH-USD,2026-08-30T18:43:21.968528Z,2514.4,2514.41,0.01,2514.405,-0.4259911288175858013459434952
ETH-USD,2026-08-30T18:43:21.987756Z,2514.4,2514.41,0.01,2514.405,-0.4735688841753728842460358948
ETH-USD,2026-08-30T18:43:22.030604Z,2514.4,2514.43,0.03,2514.415,0.2166175630711986009019626197
ETH-USD,2026-08-30T18:43:22.061269Z,2514.4,2514.43,0.03,2514.415,-0.5256851946910622102908516027
ETH-USD,2026-08-30T18:43:22.113608Z,2514.4,2514.43,0.03,2514.415,-0.5300694311535269787243708566
ETH-USD,2026-08-30T18:43:22.125159Z,2514.4,2514.43,0.03,2514.415,-0.5300694311535269787243708566
ETH-USD,2026-08-30T18:43:22.176671Z,2514.4,2514.41,0.01,2514.405,-0.6733050773732980730789246232
ETH-USD,2026-08-30T18:43:22.262051Z,2514.4,2514.43,0.03,2514.415,-0.2728958603053433744356318085
ETH-USD,2026-08-30T18:43:22.357612Z,2514.4,2514.42,0.02,2514.41,-0.2728958603053433744356318085
ETH-USD,2026-08-30T18:43:22.408943Z,2514.51,2514.52,0.01,2514.515,-0.08894245981203422055430212921
ETH-USD,2026-08-30T18:43:22.465149Z,2514.51,2514.52,0.01,2514.515,-0.08894245981203422055430212921
ETH-USD,2026-08-30T18:43:22.501049Z,2514.51,2514.52,0.01,2514.515,-0.1117072534723492976252796042
ETH-USD,2026-08-30T18:43:22.546569Z,2514.51,2514.52,0.01,2514.515,-0.2037055982075831189804346508
ETH-USD,2026-08-30T18:43:22.568062Z,2514.51,2514.52,0.01,2514.515,-0.2037055982075831189804346508
ETH-USD,2026-08-30T18:43:22.664048Z,2514.51,2514.52,0.01,2514.515,-0.2242945174114639601257675228
ETH-USD,2026-08-30T18:43:22.672717Z,2514.51,2514.52,0.01,2514.515,-0.2242945174114639601257675228
ETH-USD,2026-08-30T18:43:22.818872Z,2514.53,2514.56,0.03,2514.545,-0.06976285859921091880321907754
ETH-USD,2026-08-30T18:43:22.868419Z,2514.54,2514.55,0.01,2514.545,-0.3096480738699223799739429380
ETH-USD,2026-08-30T18:43:22.923775Z,2514.54,2514.55,0.01,2514.545,-0.3096480738699223799739429380
ETH-USD,2026-08-30T18:43:22.967407Z,2514.54,2514.55,0.01,2514.545,-0.3095452507141151463958915906
ETH-USD,2026-08-30T18:43:23.018227Z,2514.54,2514.55,0.01,2514.545,-0.1734697315644367134518248602
ETH-USD,2026-08-30T18:43:23.048074Z,2514.54,2514.55,0.01,2514.545,-0.1734697315644367134518248602
ETH-USD,2026-08-30T18:43:23.174189Z,2514.54,2514.55,0.01,2514.545,-0.1734697315644367134518248602
ETH-USD,2026-08-30T18:43:23.219606Z,2514.54,2514.55,0.01,2514.545,-0.1734697315644367134518248602
ETH-USD,2026-08-30T18:43:23.275399Z,2514.54,2514.55,0.01,2514.545,0.005976963129428001544734118283
ETH-USD,2026-08-30T18:43:23.357766Z,2514.54,2514.55,0.01,2514.545,0.3684510881668544751381182029
ETH-USD,2026-08-30T18:43:23.476294Z,2514.54,2514.55,0.01,2514.545,0.3684510881668544751381182029
ETH-USD,2026-08-30T18:43:23.519509Z,2514.54,2514.55,0.01,2514.545,0.1385562478753196420619311229
ETH-USD,2026-08-30T18:43:23.567371Z,2514.54,2514.55,0.01,2514.545,0.1385562478753196420619311229
ETH-USD,2026-08-30T18:43:23.602124Z,2514.54,2514.55,0.01,2514.545,0.1385562478753196420619311229
ETH-USD,2026-08-30T18:43:23.662234Z,2514.54,2514.55,0.01,2514.545,0.1385562478753196420619311229
ETH-USD,2026-08-30T18:43:23.772124Z,2514.54,2514.55,0.01,2514.545,0.009390599201333144268533652050
ETH-USD,2026-08-30T18:43:23.811766Z,2514.54,2514.55,0.01,2514.545,0.009390599201333144268533652050
ETH-USD,2026-08-30T18:43:23.873711Z,2514.54,2514.55,0.01,2514.545,0.1385562478753196420619311229
ETH-USD,2026-08-30T18:43:23.969663Z,2514.54,2514.55,0.01,2514.545,0.3021343413519191657533042267
ETH-USD,2026-08-30T18:43:24.02469Z,2514.54,2514.55,0.01,2514.545,0.3021343413519191657533042267
ETH-USD,2026-08-30T18:43:24.076606Z,2514.54,2514.55,0.01,2514.545,0.3021343413519191657533042267
ETH-USD,2026-08-30T18:43:24.125567Z,2514.54,2514.55,0.01,2514.545,0.3021343413519191657533042267
ETH-USD,2026-08-30T18:43:24.184883Z,2514.54,2514.55,0.01,2514.545,0.3021343413519191657533042267
ETH-USD,2026-08-30T18:43:24.19351Z,2514.54,2514.55,0.01,2514.545,0.3021343413519191657533042267
ETH-USD,2026-08-30T18:43:24.241253Z,2514.54,2514.55,0.01,2514.545,0.06460016756402326550248649974
ETH-USD,2026-08-30T18:43:24.313309Z,2514.54,2514.55,0.01,2514.545,0.3021343413519191657533042267
ETH-USD,2026-08-30T18:43:24.418567Z,2514.52,2514.55,0.03,2514.535,-0.2594836290897245696109907679
ETH-USD,2026-08-30T18:43:24.464864Z,2514.4,2514.41,0.01,2514.405,-0.5251110870086823388018064458
ETH-USD,2026-08-30T18:43:24.509601Z,2514.4,2514.41,0.01,2514.405,-0.5765444235663166894290173802
ETH-USD,2026-08-30T18:43:24.565612Z,2514.4,2514.41,0.01,2514.405,0.2270479795238176142145635401
ETH-USD,2026-08-30T18:43:24.621999Z,2514.4,2514.41,0.01,2514.405,0.1765190187311813383305893968
ETH-USD,2026-08-30T18:43:24.669319Z,2514.4,2514.41,0.01,2514.405,0.1765190187311813383305893968
ETH-USD,2026-08-30T18:43:24.753276Z,2514.4,2514.41,0.01,2514.405,0.05363528304325779622828362070
ETH-USD,2026-08-30T18:43:24.760784Z,2514.4,2514.41,0.01,2514.405,0.05363528304325779622828362070
ETH-USD,2026-08-30T18:43:24.84509Z,2514.4,2514.41,0.01,2514.405,0.05363528304325779622828362070
ETH-USD,2026-08-30T18:43:24.929898Z,2514.4,2514.41,0.01,2514.405,0.05363528304325779622828362070
ETH-USD,2026-08-30T18:43:24.968277Z,2514.4,2514.41,0.01,2514.405,0.05363528304325779622828362070
ETH-USD,2026-08-30T18:43:25.016527Z,2514.4,2514.41,0.01,2514.405,0.05363528304325779622828362070
ETH-USD,2026-08-30T18:43:25.073104Z,2514.4,2514.41,0.01,2514.405,0.05363528304325779622828362070
ETH-USD,2026-08-30T18:43:25.089626Z,2514.4,2514.41,0.01,2514.405,0.05363528304325779622828362070
ETH-USD,2026-08-30T18:43:25.165176Z,2514.4,2514.41,0.01,2514.405,0.05363528304325779622828362070
ETH-USD,2026-08-30T18:43:25.271826Z,2514.4,2514.41,0.01,2514.405,0.05363528304325779622828362070
ETH-USD,2026-08-30T18:43:25.312727Z,2514.4,2514.41,0.01,2514.405,0.05363528304325779622828362070
ETH-USD,2026-08-30T18:43:25.399673Z,2514.4,2514.41,0.01,2514.405,0.05363528304325779622828362070
ETH-USD,2026-08-30T18:43:25.483507Z,2514.4,2514.41,0.01,2514.405,0.05363528304325779622828362070
ETH-USD,2026-08-30T18:43:25.569001Z,2514.4,2514.41,0.01,2514.405,0.05363528304325779622828362070
ETH-USD,2026-08-30T18:43:25.589056Z,2514.4,2514.41,0.01,2514.405,0.05363528304325779622828362070
ETH-USD,2026-08-30T18:43:25.672758Z,2514.4,2514.41,0.01,2514.405,0.05363528304325779622828362070
ETH-USD,2026-08-30T18:43:25.712758Z,2514.4,2514.41,0.01,2514.405,0.05363528304325779622828362070
ETH-USD,2026-08-30T18:43:25.775236Z,2514.4,2514.41,0.01,2514.405,0.06536207996164346587329944585
ETH-USD,2026-08-30T18:43:25.831074Z,2514.4,2514.41,0.01,2514.405,0.06536207996164346587329944585
ETH-USD,2026-08-30T18:43:25.87216Z,2514.4,2514.41,0.01,2514.405,0.06536207996164346587329944585
ETH-USD,2026-08-30T18:43:25.973218Z,2514.4,2514.41,0.01,2514.405,0.1657321992512210085048649809
ETH-USD,2026-08-30T18:43:26.019773Z,2514.4,2514.41,0.01,2514.405,0.1657321992512210085048649809
ETH-USD,2026-08-30T18:43:26.068832Z,2514.4,2514.41,0.01,2514.405,0.1657321992512210085048649809
ETH-USD,2026-08-30T18:43:26.085551Z,2514.4,2514.41,0.01,2514.405,0.1657321992512210085048649809
ETH-USD,2026-08-30T18:43:26.173598Z,2514.4,2514.41,0.01,2514.405,0.1710542882879400875638197024
ETH-USD,2026-08-30T18:43:26.193043Z,2514.4,2514.41,0.01,2514.405,0.02420850620056733615838845059
ETH-USD,2026-08-30T18:43:26.279001Z,2514.4,2514.41,0.01,2514.405,-0.004387906178198974984178703805
ETH-USD,2026-08-30T18:43:26.29177Z,2514.4,2514.41,0.01,2514.405,-0.004387906178198974984178703805
ETH-USD,2026-08-30T18:43:26.365355Z,2514.4,2514.41,0.01,2514.405,-0.004387906178198974984178703805
ETH-USD,2026-08-30T18:43:26.397185Z,2514.4,2514.41,0.01,2514.405,0.1395369655512196433394525273
ETH-USD,2026-08-30T18:43:26.469714Z,2514.4,2514.41,0.01,2514.405,0.1395369655512196433394525273
ETH-USD,2026-08-30T18:43:26.519901Z,2514.4,2514.41,0.01,2514.405,0.1395369655512196433394525273
ETH-USD,2026-08-30T18:43:26.573504Z,2514.4,2514.41,0.01,2514.405,-0.08837345013234388075462276321
ETH-USD,2026-08-30T18:43:26.580012Z,2514.4,2514.41,0.01,2514.405,-0.1473620865087328662898125193
ETH-USD,2026-08-30T18:43:26.67079Z,2514.4,2514.41,0.01,2514.405,-0.1473620865087328662898125193
ETH-USD,2026-08-30T18:43:26.699626Z,2514.4,2514.41,0.01,2514.405,0.04052115729011523918511476883
ETH-USD,2026-08-30T18:43:26.776716Z,2514.4,2514.41,0.01,2514.405,0.1568166361656718166363001750
ETH-USD,2026-08-30T18:43:26.787369Z,2514.4,2514.41,0.01,2514.405,0.1571797672269296375463088569
ETH-USD,2026-08-30T18:43:26.879789Z,2514.4,2514.41,0.01,2514.405,0.1571797672269296375463088569
ETH-USD,2026-08-30T18:43:26.924689Z,2514.4,2514.41,0.01,2514.405,0.1571797672269296375463088569
ETH-USD,2026-08-30T18:43:26.962921Z,2514.02,2514.31,0.29,2514.165,0.07903598021298335660664357823
ETH-USD,2026-08-30T18:43:26.969957Z,2514.02,2514.22,0.20,2514.12,0.08759446763203792255662544838
ETH-USD,2026-08-30T18:43:27.066237Z,2514.04,2514.21,0.17,2514.125,0.1132877940592136152440657960
ETH-USD,2026-08-30T18:43:27.121872Z,2514.01,2514.27,0.26,2514.14,0.1122741649877449472268829360
ETH-USD,2026-08-30T18:43:27.17975Z,2514.01,2514.15,0.14,2514.08,-0.4251956125826226470651334985
ETH-USD,2026-08-30T18:43:27.221522Z,2514.01,2514.17,0.16,2514.09,-0.4251956125826226470651334985
ETH-USD,2026-08-30T18:43:27.257014Z,2514.06,2514.14,0.08,2514.10,-0.2028522765221496686127866381
ETH-USD,2026-08-30T18:43:27.329899Z,2514.07,2514.21,0.14,2514.14,-0.2270102878066985909096956329
ETH-USD,2026-08-30T18:43:27.380422Z,2514.07,2514.17,0.10,2514.12,-0.2028522765221496686127866381
ETH-USD,2026-08-30T18:43:27.418122Z,2514.09,2514.17,0.08,2514.13,-0.2028522765221496686127866381
ETH-USD,2026-08-30T18:43:27.477323Z,2514.1,2514.17,0.07,2514.135,-0.2028522765221496686127866381
ETH-USD,2026-08-30T18:43:27.518322Z,2514.11,2514.24,0.13,2514.175,-0.2270102878066985909096956329
ETH-USD,2026-08-30T18:43:27.577126Z,2514.11,2514.14,0.03,2514.125,-0.2028522765221496686127866381
ETH-USD,2026-08-30T18:43:27.593936Z,2514.13,2514.14,0.01,2514.135,-0.2028522765221496686127866381
ETH-USD,2026-08-30T18:43:27.66392Z,2514.13,2514.14,0.01,2514.135,-0.2028522765221496686127866381
ETH-USD,2026-08-30T18:43:27.669575Z,2514.13,2514.14,0.01,2514.135,-0.2028522765221496686127866381
ETH-USD,2026-08-30T18:43:27.774402Z,2514.13,2514.14,0.01,2514.135,-0.2028522765221496686127866381
ETH-USD,2026-08-30T18:43:27.845161Z,2514.13,2514.14,0.01,2514.135,-0.2028522765221496686127866381
ETH-USD,2026-08-30T18:43:27.930268Z,2514.13,2514.14,0.01,2514.135,-0.2028522765221496686127866381
ETH-USD,2026-08-30T18:43:27.962685Z,2514.13,2514.14,0.01,2514.135,-0.2028522765221496686127866381
ETH-USD,2026-08-30T18:43:28.012973Z,2514.13,2514.14,0.01,2514.135,-0.2028522765221496686127866381
ETH-USD,2026-08-30T18:43:28.076007Z,2514.13,2514.14,0.01,2514.135,-0.04858653171786944157307410956
ETH-USD,2026-08-30T18:43:28.085317Z,2514.13,2514.14,0.01,2514.135,-0.04858653171786944157307410956
ETH-USD,2026-08-30T18:43:28.160104Z,2514.12,2514.31,0.19,2514.215,-0.1537759755504398188269352258
ETH-USD,2026-08-30T18:43:28.17452Z,2514.12,2514.24,0.12,2514.18,-0.08279885286214331620529944152
ETH-USD,2026-08-30T18:43:28.258813Z,2514.12,2514.13,0.01,2514.125,-0.04792217985635135280977057898
ETH-USD,2026-08-30T18:43:28.32503Z,2514.12,2514.13,0.01,2514.125,-0.04792217985635135280977057898
ETH-USD,2026-08-30T18:43:28.388316Z,2514.12,2514.13,0.01,2514.125,-0.04792217985635135280977057898
ETH-USD,2026-08-30T18:43:28.409714Z,2514.12,2514.13,0.01,2514.125,-0.04568793876083749941809691450
ETH-USD,2026-08-30T18:43:28.466032Z,2514.12,2514.13,0.01,2514.125,-0.04568793876083749941809691450
ETH-USD,2026-08-30T18:43:28.517949Z,2514.12,2514.13,0.01,2514.125,0.006434527501237982406389717829
ETH-USD,2026-08-30T18:43:28.57835Z,2514.12,2514.13,0.01,2514.125,0.006434527501237982406389717829
ETH-USD,2026-08-30T18:43:28.624859Z,2514.12,2514.13,0.01,2514.125,-0.1744033441756040758568952528
ETH-USD,2026-08-30T18:43:28.673467Z,2514.12,2514.13,0.01,2514.125,-0.1744033441756040758568952528
ETH-USD,2026-08-30T18:43:28.727474Z,2514.12,2514.13,0.01,2514.125,-0.1744033441756040758568952528
ETH-USD,2026-08-30T18:43:28.739834Z,2514.12,2514.13,0.01,2514.125,-0.3866965232614452096777680888
ETH-USD,2026-08-30T18:43:28.826859Z,2514.12,2514.13,0.01,2514.125,-0.3866965232614452096777680888
ETH-USD,2026-08-30T18:43:28.875474Z,2514.12,2514.13,0.01,2514.125,-0.3592331741429378271960223397
ETH-USD,2026-08-30T18:43:28.905337Z,2514.12,2514.13,0.01,2514.125,-0.3592331741429378271960223397
ETH-USD,2026-08-30T18:43:28.973677Z,2514.12,2514.13,0.01,2514.125,-0.3592331741429378271960223397
ETH-USD,2026-08-30T18:43:29.019595Z,2514.12,2514.13,0.01,2514.125,-0.3592331741429378271960223397
ETH-USD,2026-08-30T18:43:29.080532Z,2514.12,2514.13,0.01,2514.125,-0.3592331741429378271960223397
ETH-USD,2026-08-30T18:43:29.116515Z,2514.12,2514.13,0.01,2514.125,-0.3592331741429378271960223397
ETH-USD,2026-08-30T18:43:29.154862Z,2514.12,2514.13,0.01,2514.125,-0.3592331741429378271960223397
ETH-USD,2026-08-30T18:43:29.216335Z,2514.12,2514.13,0.01,2514.125,-0.3592331741429378271960223397
ETH-USD,2026-08-30T18:43:29.277775Z,2514.12,2514.13,0.01,2514.125,-0.3590071474345271629759444056
ETH-USD,2026-08-30T18:43:29.32549Z,2514.12,2514.13,0.01,2514.125,-0.2478253396642120914442807476
ETH-USD,2026-08-30T18:43:29.354217Z,2514.12,2514.13,0.01,2514.125,-0.2191144364891436493738028578
ETH-USD,2026-08-30T18:43:29.432207Z,2514.12,2514.13,0.01,2514.125,-0.3590071474345271629759444056
ETH-USD,2026-08-30T18:43:29.471797Z,2514.12,2514.13,0.01,2514.125,-0.3590071474345271629759444056
ETH-USD,2026-08-30T18:43:29.520632Z,2514.12,2514.13,0.01,2514.125,-0.3590071474345271629759444056
ETH-USD,2026-08-30T18:43:29.572875Z,2514.12,2514.13,0.01,2514.125,-0.3590071474345271629759444056
ETH-USD,2026-08-30T18:43:29.649853Z,2514.12,2514.13,0.01,2514.125,-0.3590071474345271629759444056
ETH-USD,2026-08-30T18:43:29.700616Z,2514.12,2514.13,0.01,2514.125,-0.3588265984995560996535942411
ETH-USD,2026-08-30T18:43:29.773839Z,2514.12,2514.13,0.01,2514.125,-0.2653879082674565304120383119
ETH-USD,2026-08-30T18:43:29.794762Z,2514.12,2514.13,0.01,2514.125,-0.3588265984995560996535942411
ETH-USD,2026-08-30T18:43:29.872442Z,2514.12,2514.13,0.01,2514.125,-0.3588265984995560996535942411
ETH-USD,2026-08-30T18:43:30.017643Z,2514.12,2514.13,0.01,2514.125,-0.3588265984995560996535942411
ETH-USD,2026-08-30T18:43:30.076271Z,2514.12,2514.13,0.01,2514.125,-0.08477350211599592748557148770
ETH-USD,2026-08-30T18:43:30.10026Z,2514.12,2514.13,0.01,2514.125,-0.2187110687399833849512001122
ETH-USD,2026-08-30T18:43:30.172628Z,2514.12,2514.13,0.01,2514.125,-0.2187110687399833849512001122
ETH-USD,2026-08-30T18:43:30.273176Z,2514.12,2514.13,0.01,2514.125,-0.2187110687399833849512001122
ETH-USD,2026-08-30T18:43:30.278641Z,2514.12,2514.13,0.01,2514.125,-0.2187110687399833849512001122
ETH-USD,2026-08-30T18:43:30.375227Z,2514.12,2514.13,0.01,2514.125,-0.2474303271121622900548891579
ETH-USD,2026-08-30T18:43:30.389462Z,2514.12,2514.13,0.01,2514.125,-0.2474303271121622900548891579
ETH-USD,2026-08-30T18:43:30.471854Z,2514.12,2514.13,0.01,2514.125,-0.2474303271121622900548891579
ETH-USD,2026-08-30T18:43:30.513997Z,2514.12,2514.13,0.01,2514.125,-0.2474303271121622900548891579
ETH-USD,2026-08-30T18:43:30.575064Z,2514.12,2514.13,0.01,2514.125,-0.2474303271121622900548891579
ETH-USD,2026-08-30T18:43:30.623795Z,2514.12,2514.13,0.01,2514.125,-0.2474303271121622900548891579
ETH-USD,2026-08-30T18:43:30.663778Z,2514.12,2514.13,0.01,2514.125,-0.2518432416501556732302380840
ETH-USD,2026-08-30T18:43:30.771845Z,2514.12,2514.13,0.01,2514.125,-0.2604375267658487055843783697
ETH-USD,2026-08-30T18:43:30.81535Z,2514.12,2514.13,0.01,2514.125,-0.2604375267658487055843783697
ETH-USD,2026-08-30T18:43:30.861636Z,2514.12,2514.13,0.01,2514.125,-0.2604375267658487055843783697
ETH-USD,2026-08-30T18:43:30.893087Z,2514.12,2514.13,0.01,2514.125,-0.2604375267658487055843783697
ETH-USD,2026-08-30T18:43:30.97314Z,2514.12,2514.13,0.01,2514.125,-0.2604375267658487055843783697
ETH-USD,2026-08-30T18:43:31.015743Z,2514.12,2514.13,0.01,2514.125,-0.2604375267658487055843783697
ETH-USD,2026-08-30T18:43:31.07441Z,2514.12,2514.13,0.01,2514.125,-0.2604375267658487055843783697
ETH-USD,2026-08-30T18:43:31.09148Z,2514.12,2514.13,0.01,2514.125,-0.2604375267658487055843783697
ETH-USD,2026-08-30T18:43:31.145465Z,2514.12,2514.13,0.01,2514.125,-0.2604375267658487055843783697
ETH-USD,2026-08-30T18:43:31.219542Z,2514.12,2514.13,0.01,2514.125,0.01409948829347730797639297701
ETH-USD,2026-08-30T18:43:31.276954Z,2514.12,2514.26,0.14,2514.19,0.08600635624066145143676082424
ETH-USD,2026-08-30T18:43:31.324282Z,2514.16,2514.18,0.02,2514.17,0.1334011161075226823942490259
ETH-USD,2026-08-30T18:43:31.332268Z,2514.17,2514.18,0.01,2514.175,0.05611820621590915126260880348
ETH-USD,2026-08-30T18:43:31.402764Z,2514.17,2514.18,0.01,2514.175,-0.3396511810337604317659807296
ETH-USD,2026-08-30T18:43:31.467397Z,2514.17,2514.18,0.01,2514.175,-0.3159128348051651509284127958
ETH-USD,2026-08-30T18:43:31.527936Z,2514.17,2514.18,0.01,2514.175,-0.3159668039250550172787624634
ETH-USD,2026-08-30T18:43:31.568688Z,2514.17,2514.18,0.01,2514.175,-0.3159668039250550172787624634
ETH-USD,2026-08-30T18:43:31.629942Z,2514.17,2514.18,0.01,2514.175,-0.3159677760073201863668462990
ETH-USD,2026-08-30T18:43:31.67465Z,2514.17,2514.18,0.01,2514.175,-0.3159677760073201863668462990
ETH-USD,2026-08-30T18:43:31.719392Z,2514.17,2514.18,0.01,2514.175,-0.3159677760073201863668462990
ETH-USD,2026-08-30T18:43:31.748823Z,2514.17,2514.18,0.01,2514.175,-0.3159677760073201863668462990
ETH-USD,2026-08-30T18:43:31.793335Z,2514.17,2514.18,0.01,2514.175,-0.3159677760073201863668462990
ETH-USD,2026-08-30T18:43:31.871711Z,2514.17,2514.18,0.01,2514.175,-0.3159677760073201863668462990
ETH-USD,2026-08-30T18:43:31.919619Z,2514.17,2514.18,0.01,2514.175,-0.3159677760073201863668462990
ETH-USD,2026-08-30T18:43:31.975653Z,2514.17,2514.18,0.01,2514.175,-0.3159677760073201863668462990
ETH-USD,2026-08-30T18:43:32.026788Z,2514.17,2514.18,0.01,2514.175,-0.3159677760073201863668462990
ETH-USD,2026-08-30T18:43:32.072057Z,2514.17,2514.18,0.01,2514.175,-0.3159667518026035066885499728
ETH-USD,2026-08-30T18:43:32.1087Z,2514.19,2514.2,0.01,2514.195,-0.3202840956872700590607396338
ETH-USD,2026-08-30T18:43:32.169065Z,2514.19,2514.2,0.01,2514.195,-0.3202840956872700590607396338
ETH-USD,2026-08-30T18:43:32.204482Z,2514.19,2514.2,0.01,2514.195,-0.3202840956872700590607396338
ETH-USD,2026-08-30T18:43:32.26896Z,2514.19,2514.2,0.01,2514.195,-0.3410726444168219884906056547
ETH-USD,2026-08-30T18:43:32.300356Z,2514.19,2514.2,0.01,2514.195,-0.3410726444168219884906056547
ETH-USD,2026-08-30T18:43:32.365346Z,2514.19,2514.2,0.01,2514.195,-0.07611866682791674571874698542
ETH-USD,2026-08-30T18:43:32.483311Z,2514.19,2514.2,0.01,2514.195,0.1766695890418357747181065709
ETH-USD,2026-08-30T18:43:32.492176Z,2514.19,2514.2,0.01,2514.195,0.1766695890418357747181065709
ETH-USD,2026-08-30T18:43:32.570854Z,2514.19,2514.2,0.01,2514.195,0.1766695890418357747181065709
ETH-USD,2026-08-30T18:43:32.625594Z,2514.19,2514.2,0.01,2514.195,-0.07611866682791674571874698542
ETH-USD,2026-08-30T18:43:32.69336Z,2514.19,2514.2,0.01,2514.195,-0.07611866682791674571874698542
ETH-USD,2026-08-30T18:43:32.731604Z,2514.19,2514.2,0.01,2514.195,-0.07611866682791674571874698542
ETH-USD,2026-08-30T18:43:32.786067Z,2514.19,2514.2,0.01,2514.195,-0.07611866682791674571874698542
ETH-USD,2026-08-30T18:43:32.814792Z,2514.19,2514.2,0.01,2514.195,-0.07611866682791674571874698542
ETH-USD,2026-08-30T18:43:32.87378Z,2514.19,2514.2,0.01,2514.195,-0.07611866682791674571874698542
ETH-USD,2026-08-30T18:43:32.916216Z,2514.19,2514.2,0.01,2514.195,-0.07611866682791674571874698542
ETH-USD,2026-08-30T18:43:32.972185Z,2514.18,2514.2,0.02,2514.19,-0.008936249196178759187066275350
ETH-USD,2026-08-30T18:43:33.024776Z,2514.18,2514.19,0.01,2514.185,0.2225240503454235269901416790
ETH-USD,2026-08-30T18:43:33.074734Z,2514.18,2514.19,0.01,2514.185,0.4071485361110945314222894229
ETH-USD,2026-08-30T18:43:33.148201Z,2514.18,2514.19,0.01,2514.185,0.4071485361110945314222894229
ETH-USD,2026-08-30T18:43:33.171998Z,2514.18,2514.19,0.01,2514.185,0.4071485361110945314222894229
ETH-USD,2026-08-30T18:43:33.211851Z,2514.18,2514.19,0.01,2514.185,0.2225240503454235269901416790
ETH-USD,2026-08-30T18:43:33.266862Z,2514.18,2514.19,0.01,2514.185,0.2225240503454235269901416790
ETH-USD,2026-08-30T18:43:33.373681Z,2514.18,2514.19,0.01,2514.185,0.2225240503454235269901416790
ETH-USD,2026-08-30T18:43:33.420596Z,2514.18,2514.19,0.01,2514.185,0.2225240503454235269901416790
ETH-USD,2026-08-30T18:43:33.473158Z,2514.18,2514.19,0.01,2514.185,0.2225240503454235269901416790
ETH-USD,2026-08-30T18:43:33.517732Z,2514.18,2514.19,0.01,2514.185,0.4071485361110945314222894229
ETH-USD,2026-08-30T18:43:33.592792Z,2514.18,2514.19,0.01,2514.185,0.4071485361110945314222894229
ETH-USD,2026-08-30T18:43:33.661677Z,2514.18,2514.19,0.01,2514.185,0.4071485361110945314222894229
ETH-USD,2026-08-30T18:43:33.717372Z,2514.18,2514.19,0.01,2514.185,0.4071485361110945314222894229
ETH-USD,2026-08-30T18:43:33.774513Z,2514.18,2514.19,0.01,2514.185,0.2225240503454235269901416790
ETH-USD,2026-08-30T18:43:33.823205Z,2514.18,2514.19,0.01,2514.185,0.2225240503454235269901416790
ETH-USD,2026-08-30T18:43:33.848989Z,2514.18,2514.19,0.01,2514.185,0.2225240503454235269901416790
ETH-USD,2026-08-30T18:43:33.926517Z,2514.18,2514.19,0.01,2514.185,-0.002438505718896373629579993619
ETH-USD,2026-08-30T18:43:33.942162Z,2514.18,2514.19,0.01,2514.185,-0.002438505718896373629579993619
ETH-USD,2026-08-30T18:43:34.014989Z,2514.18,2514.19,0.01,2514.185,-0.002438505718896373629579993619
ETH-USD,2026-08-30T18:43:34.073097Z,2514.18,2514.19,0.01,2514.185,0.3276137511715603672724345763
ETH-USD,2026-08-30T18:43:34.0869Z,2514.18,2514.19,0.01,2514.185,0.3276137511715603672724345763
ETH-USD,2026-08-30T18:43:34.275607Z,2514.18,2514.19,0.01,2514.185,0.3276137511715603672724345763
ETH-USD,2026-08-30T18:43:34.317423Z,2514.18,2514.19,0.01,2514.185,0.3276137511715603672724345763
ETH-USD,2026-08-30T18:43:34.373195Z,2514.18,2514.19,0.01,2514.185,0.3276137511715603672724345763
ETH-USD,2026-08-30T18:43:34.406799Z,2514.18,2514.19,0.01,2514.185,-0.001446365108541789490313101394
ETH-USD,2026-08-30T18:43:34.50314Z,2514.18,2514.19,0.01,2514.185,0.3276137511715603672724345763
ETH-USD,2026-08-30T18:43:34.573808Z,2514.18,2514.19,0.01,2514.185,0.4578231829554780422731356674
ETH-USD,2026-08-30T18:43:34.674276Z,2514.18,2514.19,0.01,2514.185,0.2800822488763990007737038051
ETH-USD,2026-08-30T18:43:34.706392Z,2514.18,2514.19,0.01,2514.185,0.2800822488763990007737038051
ETH-USD,2026-08-30T18:43:34.75029Z,2514.18,2514.19,0.01,2514.185,0.2800822488763990007737038051
ETH-USD,2026-08-30T18:43:34.788468Z,2514.18,2514.19,0.01,2514.185,0.2800822488763990007737038051
ETH-USD,2026-08-30T18:43:34.86969Z,2514.18,2514.19,0.01,2514.185,0.2800822488763990007737038051
ETH-USD,2026-08-30T18:43:34.928639Z,2514.18,2514.19,0.01,2514.185,0.2800822488763990007737038051
ETH-USD,2026-08-30T18:43:34.98192Z,2514.18,2514.19,0.01,2514.185,0.2800822488763990007737038051
ETH-USD,2026-08-30T18:43:35.018347Z,2514.18,2514.19,0.01,2514.185,0.2800822488763990007737038051
ETH-USD,2026-08-30T18:43:35.072944Z,2514.18,2514.19,0.01,2514.185,0.2801887247449108736398048882
ETH-USD,2026-08-30T18:43:35.124529Z,2514.18,2514.19,0.01,2514.185,0.2801887247449108736398048882
ETH-USD,2026-08-30T18:43:35.168799Z,2514.18,2514.19,0.01,2514.185,0.2801887247449108736398048882
ETH-USD,2026-08-30T18:43:35.213073Z,2514.18,2514.19,0.01,2514.185,-0.05080097783538205451643359494
ETH-USD,2026-08-30T18:43:35.272767Z,2514.18,2514.19,0.01,2514.185,-0.05080097783538205451643359494
ETH-USD,2026-08-30T18:43:35.392885Z,2514.18,2514.19,0.01,2514.185,-0.05080097783538205451643359494
ETH-USD,2026-08-30T18:43:35.475229Z,2514.18,2514.19,0.01,2514.185,-0.05080097783538205451643359494
ETH-USD,2026-08-30T18:43:35.575769Z,2514.18,2514.19,0.01,2514.185,-0.05080097783538205451643359494
ETH-USD,2026-08-30T18:43:35.777431Z,2514.18,2514.19,0.01,2514.185,-0.04937777681420398820571562117
ETH-USD,2026-08-30T18:43:35.828309Z,2514.18,2514.19,0.01,2514.185,-0.04937577689329769850488794738
ETH-USD,2026-08-30T18:43:35.871634Z,2514.18,2514.19,0.01,2514.185,0.1568536107933481185910732563
ETH-USD,2026-08-30T18:43:35.932855Z,2514.18,2514.19,0.01,2514.185,0.1568495309061128834416019710
ETH-USD,2026-08-30T18:43:35.942648Z,2514.18,2514.19,0.01,2514.185,0.1568495309061128834416019710
ETH-USD,2026-08-30T18:43:36.022833Z,2514.18,2514.19,0.01,2514.185,0.1568495309061128834416019710
ETH-USD,2026-08-30T18:43:36.073005Z,2514.18,2514.19,0.01,2514.185,0.1568495309061128834416019710
ETH-USD,2026-08-30T18:43:36.115296Z,2514.18,2514.19,0.01,2514.185,0.1568495309061128834416019710
ETH-USD,2026-08-30T18:43:36.167532Z,2514.18,2514.19,0.01,2514.185,0.1568495309061128834416019710
ETH-USD,2026-08-30T18:43:36.171743Z,2514.18,2514.19,0.01,2514.185,0.1568495309061128834416019710
ETH-USD,2026-08-30T18:43:36.255285Z,2514.18,2514.19,0.01,2514.185,0.4113170344057781745610366758
ETH-USD,2026-08-30T18:43:36.280036Z,2514.18,2514.19,0.01,2514.185,0.2256692324606694100401380390
ETH-USD,2026-08-30T18:43:36.384343Z,2514.18,2514.19,0.01,2514.185,0.2256692324606694100401380390
ETH-USD,2026-08-30T18:43:36.474334Z,2514.18,2514.19,0.01,2514.185,0.2256692324606694100401380390
ETH-USD,2026-08-30T18:43:36.517953Z,2514.18,2514.19,0.01,2514.185,0.2256692324606694100401380390
ETH-USD,2026-08-30T18:43:36.584717Z,2514.18,2514.19,0.01,2514.185,0.4596647962629704547551883798
ETH-USD,2026-08-30T18:43:36.668403Z,2514.18,2514.19,0.01,2514.185,0.4596647962629704547551883798
ETH-USD,2026-08-30T18:43:36.716115Z,2514.18,2514.19,0.01,2514.185,0.4596647962629704547551883798
ETH-USD,2026-08-30T18:43:36.769223Z,2514.18,2514.19,0.01,2514.185,0.2815017876139758837676985688
ETH-USD,2026-08-30T18:43:36.975026Z,2514.18,2514.19,0.01,2514.185,0.2815211965484524314746529888
ETH-USD,2026-08-30T18:43:37.02215Z,2514.18,2514.19,0.01,2514.185,0.2815664013918030690184153682
ETH-USD,2026-08-30T18:43:37.076558Z,2514.18,2514.19,0.01,2514.185,0.2815664013918030690184153682
ETH-USD,2026-08-30T18:43:37.111033Z,2514.18,2514.19,0.01,2514.185,0.2815664013918030690184153682
ETH-USD,2026-08-30T18:43:37.160463Z,2514.18,2514.19,0.01,2514.185,0.2815664013918030690184153682
ETH-USD,2026-08-30T18:43:37.209643Z,2514.18,2514.19,0.01,2514.185,0.2815664013918030690184153682
ETH-USD,2026-08-30T18:43:37.274531Z,2514.18,2514.19,0.01,2514.185,0.2815664013918030690184153682
ETH-USD,2026-08-30T18:43:37.346138Z,2514.18,2514.19,0.01,2514.185,0.2815664013918030690184153682
ETH-USD,2026-08-30T18:43:37.392781Z,2514.18,2514.19,0.01,2514.185,0.2815664013918030690184153682
ETH-USD,2026-08-30T18:43:37.529087Z,2514.18,2514.19,0.01,2514.185,0.2815664013918030690184153682
ETH-USD,2026-08-30T18:43:37.580612Z,2514.18,2514.19,0.01,2514.185,0.2815664013918030690184153682
ETH-USD,2026-08-30T18:43:37.622638Z,2514.18,2514.19,0.01,2514.185,0.2815664013918030690184153682
ETH-USD,2026-08-30T18:43:37.676644Z,2514.18,2514.19,0.01,2514.185,0.2815664013918030690184153682
ETH-USD,2026-08-30T18:43:37.722599Z,2514.18,2514.19,0.01,2514.185,0.2815664013918030690184153682
ETH-USD,2026-08-30T18:43:37.752983Z,2514.18,2514.19,0.01,2514.185,0.2815664013918030690184153682
ETH-USD,2026-08-30T18:43:37.876374Z,2514.18,2514.19,0.01,2514.185,0.2815664013918030690184153682
ETH-USD,2026-08-30T18:43:37.972149Z,2514.18,2514.19,0.01,2514.185,0.2815664013918030690184153682
ETH-USD,2026-08-30T18:43:38.013698Z,2514.18,2514.19,0.01,2514.185,0.2815664013918030690184153682
ETH-USD,2026-08-30T18:43:38.031024Z,2514.18,2514.19,0.01,2514.185,0.2815664013918030690184153682
ETH-USD,2026-08-30T18:43:38.16854Z,2514.18,2514.19,0.01,2514.185,0.2815664013918030690184153682
ETH-USD,2026-08-30T18:43:38.221196Z,2514.18,2514.19,0.01,2514.185,0.2815664013918030690184153682
ETH-USD,2026-08-30T18:43:38.272507Z,2514.18,2514.19,0.01,2514.185,0.2815664013918030690184153682
ETH-USD,2026-08-30T18:43:38.296875Z,2514.18,2514.19,0.01,2514.185,0.2815664013918030690184153682
ETH-USD,2026-08-30T18:43:38.373856Z,2514.18,2514.19,0.01,2514.185,0.2815664013918030690184153682
ETH-USD,2026-08-30T18:43:38.478333Z,2514.18,2514.19,0.01,2514.185,0.2815664013918030690184153682
ETH-USD,2026-08-30T18:43:38.585036Z,2514.18,2514.19,0.01,2514.185,0.2815664013918030690184153682
ETH-USD,2026-08-30T18:43:38.627408Z,2514.18,2514.19,0.01,2514.185,0.2815664013918030690184153682
ETH-USD,2026-08-30T18:43:38.728635Z,2514.18,2514.19,0.01,2514.185,0.2815664013918030690184153682
ETH-USD,2026-08-30T18:43:38.974375Z,2514.18,2514.19,0.01,2514.185,0.2815664013918030690184153682
ETH-USD,2026-08-30T18:43:39.01171Z,2514.18,2514.19,0.01,2514.185,0.2815664013918030690184153682
ETH-USD,2026-08-30T18:43:39.075457Z,2514.18,2514.19,0.01,2514.185,0.2815664013918030690184153682
ETH-USD,2026-08-30T18:43:39.182287Z,2514.18,2514.19,0.01,2514.185,0.2815664013918030690184153682
ETH-USD,2026-08-30T18:43:39.187649Z,2514.18,2514.19,0.01,2514.185,0.2815664013918030690184153682
ETH-USD,2026-08-30T18:43:39.20001Z,2514.18,2514.19,0.01,2514.185,0.2815664013918030690184153682
ETH-USD,2026-08-30T18:43:39.253311Z,2514.18,2514.19,0.01,2514.185,0.2815664013918030690184153682
ETH-USD,2026-08-30T18:43:39.378465Z,2514.18,2514.19,0.01,2514.185,0.2815664013918030690184153682
ETH-USD,2026-08-30T18:43:39.473104Z,2514.18,2514.19,0.01,2514.185,0.2815664013918030690184153682
ETH-USD,2026-08-30T18:43:39.630169Z,2514.18,2514.19,0.01,2514.185,0.2815664013918030690184153682
ETH-USD,2026-08-30T18:43:39.668066Z,2514.18,2514.19,0.01,2514.185,0.2815664013918030690184153682
ETH-USD,2026-08-30T18:43:39.728775Z,2514.18,2514.19,0.01,2514.185,0.2815664013918030690184153682
ETH-USD,2026-08-30T18:43:39.776061Z,2514.18,2514.19,0.01,2514.185,0.2815664013918030690184153682
ETH-USD,2026-08-30T18:43:39.785504Z,2514.18,2514.19,0.01,2514.185,0.2815664013918030690184153682
ETH-USD,2026-08-30T18:43:39.97048Z,2514.18,2514.19,0.01,2514.185,0.2815664013918030690184153682
ETH-USD,2026-08-30T18:43:40.014039Z,2514.18,2514.19,0.01,2514.185,0.2815664013918030690184153682
ETH-USD,2026-08-30T18:43:40.068618Z,2514.18,2514.19,0.01,2514.185,0.2815664013918030690184153682
ETH-USD,2026-08-30T18:43:40.079048Z,2514.18,2514.19,0.01,2514.185,0.2815664013918030690184153682
ETH-USD,2026-08-30T18:43:40.207007Z,2514.18,2514.19,0.01,2514.185,0.2815664013918030690184153682
ETH-USD,2026-08-30T18:43:40.273762Z,2514.18,2514.19,0.01,2514.185,0.2815664013918030690184153682
ETH-USD,2026-08-30T18:43:40.309536Z,2514.18,2514.19,0.01,2514.185,-0.04926026728249322504186809951
ETH-USD,2026-08-30T18:43:40.375764Z,2514.18,2514.19,0.01,2514.185,-0.04926026728249322504186809951
ETH-USD,2026-08-30T18:43:40.469765Z,2514.18,2514.19,0.01,2514.185,-0.04926100242366123614046988705
ETH-USD,2026-08-30T18:43:40.501824Z,2514.18,2514.19,0.01,2514.185,-0.04997369774151623488368481749
ETH-USD,2026-08-30T18:43:40.576744Z,2514.18,2514.19,0.01,2514.185,-0.04997369774151623488368481749
ETH-USD,2026-08-30T18:43:40.67364Z,2514.18,2514.19,0.01,2514.185,-0.04997369774151623488368481749
ETH-USD,2026-08-30T18:43:40.728503Z,2514.18,2514.19,0.01,2514.185,-0.3008859907039110666350808900
ETH-USD,2026-08-30T18:43:40.741145Z,2514.18,2514.19,0.01,2514.185,-0.3008859907039110666350808900
ETH-USD,2026-08-30T18:43:40.808606Z,2514.18,2514.19,0.01,2514.185,-0.3002354312398276269065250887
ETH-USD,2026-08-30T18:43:40.872358Z,2514.18,2514.19,0.01,2514.185,-0.3002354312398276269065250887
ETH-USD,2026-08-30T18:43:40.925534Z,2514.29,2514.3,0.01,2514.295,0.2706942553365895549315864082
ETH-USD,2026-08-30T18:43:40.976555Z,2514.36,2514.37,0.01,2514.365,0.3147165185589852504336099508
ETH-USD,2026-08-30T18:43:41.014567Z,2514.36,2514.37,0.01,2514.365,0.3243646355784180900583913210
ETH-USD,2026-08-30T18:43:41.06523Z,2514.4,2514.47,0.07,2514.435,-0.6322292506139715975393258966
ETH-USD,2026-08-30T18:43:41.118293Z,2514.37,2514.43,0.06,2514.40,0.1020397871788389974180508241
ETH-USD,2026-08-30T18:43:41.181737Z,2514.37,2514.43,0.06,2514.40,0.1068590401692198286912432770
ETH-USD,2026-08-30T18:43:41.219741Z,2514.37,2514.43,0.06,2514.40,0.1068573401708229435282228786
ETH-USD,2026-08-30T18:43:41.272816Z,2514.37,2514.42,0.05,2514.395,0.008225647139159886570965527827
ETH-USD,2026-08-30T18:43:41.322313Z,2514.37,2514.43,0.06,2514.40,0.008230986604994996758427904782
ETH-USD,2026-08-30T18:43:41.365682Z,2514.37,2514.43,0.06,2514.40,0.1067619853425888579263067198
ETH-USD,2026-08-30T18:43:41.433503Z,2514.37,2514.43,0.06,2514.40,0.1068595951589811542598846895
ETH-USD,2026-08-30T18:43:41.483631Z,2514.37,2514.43,0.06,2514.40,0.1067599755310807016004009419
ETH-USD,2026-08-30T18:43:41.51137Z,2514.37,2514.43,0.06,2514.40,0.1068595951589811542598846895
ETH-USD,2026-08-30T18:43:41.573247Z,2514.37,2514.43,0.06,2514.40,0.1068595951589811542598846895
ETH-USD,2026-08-30T18:43:41.589202Z,2514.37,2514.43,0.06,2514.40,0.04641186181686015143917865853
ETH-USD,2026-08-30T18:43:41.655843Z,2514.37,2514.42,0.05,2514.395,0.04640856209539038614208786111
ETH-USD,2026-08-30T18:43:41.774941Z,2514.37,2514.42,0.05,2514.395,0.04640856209539038614208786111
ETH-USD,2026-08-30T18:43:41.873855Z,2514.38,2514.42,0.04,2514.40,0.01109754856409330801182442608
ETH-USD,2026-08-30T18:43:41.922639Z,2514.38,2514.39,0.01,2514.385,0.07133214538736311532030496944
ETH-USD,2026-08-30T18:43:41.976011Z,2514.38,2514.39,0.01,2514.385,-0.1494519940025504934800968979
ETH-USD,2026-08-30T18:43:42.014047Z,2514.38,2514.39,0.01,2514.385,-0.2748498354813245206508825508
ETH-USD,2026-08-30T18:43:42.020757Z,2514.38,2514.39,0.01,2514.385,-0.2748498354813245206508825508
ETH-USD,2026-08-30T18:43:42.125778Z,2514.38,2514.39,0.01,2514.385,-0.3725874091963319427052674474
ETH-USD,2026-08-30T18:43:42.171037Z,2514.38,2514.39,0.01,2514.385,-0.2714680132848151469685358227
ETH-USD,2026-08-30T18:43:42.26035Z,2514.38,2514.39,0.01,2514.385,-0.4383509821212380348556760097
ETH-USD,2026-08-30T18:43:42.325671Z,2514.38,2514.39,0.01,2514.385,-0.3347826497993774972198377876
ETH-USD,2026-08-30T18:43:42.381203Z,2514.38,2514.39,0.01,2514.385,-0.4705255553026474652793548781
ETH-USD,2026-08-30T18:43:42.40871Z,2514.38,2514.39,0.01,2514.385,-0.4705255553026474652793548781
ETH-USD,2026-08-30T18:43:42.475073Z,2514.38,2514.39,0.01,2514.385,-0.4705255553026474652793548781
ETH-USD,2026-08-30T18:43:42.577802Z,2514.38,2514.39,0.01,2514.385,-0.4325413813398866044290775381
ETH-USD,2026-08-30T18:43:42.627207Z,2514.38,2514.39,0.01,2514.385,-0.4325413813398866044290775381
ETH-USD,2026-08-30T18:43:42.675515Z,2514.38,2514.39,0.01,2514.385,-0.4325413813398866044290775381
ETH-USD,2026-08-30T18:43:42.689598Z,2514.38,2514.39,0.01,2514.385,-0.4325413813398866044290775381
ETH-USD,2026-08-30T18:43:42.781451Z,2514.38,2514.39,0.01,2514.385,-0.4325413813398866044290775381
ETH-USD,2026-08-30T18:43:42.853854Z,2514.38,2514.39,0.01,2514.385,-0.4705255553026474652793548781
ETH-USD,2026-08-30T18:43:42.97463Z,2514.38,2514.39,0.01,2514.385,-0.4705255553026474652793548781
ETH-USD,2026-08-30T18:43:43.029233Z,2514.38,2514.39,0.01,2514.385,-0.4705255553026474652793548781
ETH-USD,2026-08-30T18:43:43.075935Z,2514.38,2514.39,0.01,2514.385,-0.4325413813398866044290775381
ETH-USD,2026-08-30T18:43:43.086632Z,2514.38,2514.39,0.01,2514.385,-0.4325413813398866044290775381
ETH-USD,2026-08-30T18:43:43.130928Z,2514.38,2514.39,0.01,2514.385,-0.4285996088867978270318944443
ETH-USD,2026-08-30T18:43:43.279483Z,2514.38,2514.39,0.01,2514.385,-0.4285996088867978270318944443
ETH-USD,2026-08-30T18:43:43.299245Z,2514.38,2514.39,0.01,2514.385,-0.4285996088867978270318944443
ETH-USD,2026-08-30T18:43:43.379123Z,2514.38,2514.39,0.01,2514.385,-0.4285996088867978270318944443
ETH-USD,2026-08-30T18:43:43.432361Z,2514.38,2514.39,0.01,2514.385,-0.4285996088867978270318944443
ETH-USD,2026-08-30T18:43:43.455915Z,2514.38,2514.39,0.01,2514.385,-0.4285996088867978270318944443
ETH-USD,2026-08-30T18:43:43.522682Z,2514.38,2514.39,0.01,2514.385,-0.4285996088867978270318944443
ETH-USD,2026-08-30T18:43:43.576595Z,2514.38,2514.39,0.01,2514.385,-0.4285996088867978270318944443
ETH-USD,2026-08-30T18:43:43.667265Z,2514.38,2514.39,0.01,2514.385,-0.4285996088867978270318944443
ETH-USD,2026-08-30T18:43:43.672914Z,2514.38,2514.39,0.01,2514.385,-0.4285996088867978270318944443
ETH-USD,2026-08-30T18:43:43.762981Z,2514.38,2514.39,0.01,2514.385,-0.4285996088867978270318944443
ETH-USD,2026-08-30T18:43:43.806299Z,2514.38,2514.39,0.01,2514.385,-0.4285996088867978270318944443
ETH-USD,2026-08-30T18:43:43.868291Z,2514.38,2514.39,0.01,2514.385,-0.3938734033046529362766271858
ETH-USD,2026-08-30T18:43:43.930545Z,2514.38,2514.39,0.01,2514.385,-0.4961237945042320122931122686
ETH-USD,2026-08-30T18:43:43.978278Z,2514.38,2514.39,0.01,2514.385,-0.3999813817503461162752067577
ETH-USD,2026-08-30T18:43:44.01614Z,2514.38,2514.39,0.01,2514.385,-0.3999813817503461162752067577
ETH-USD,2026-08-30T18:43:44.064156Z,2514.38,2514.39,0.01,2514.385,-0.3999813817503461162752067577
ETH-USD,2026-08-30T18:43:44.168661Z,2514.38,2514.39,0.01,2514.385,-0.3999813817503461162752067577
ETH-USD,2026-08-30T18:43:44.176089Z,2514.38,2514.39,0.01,2514.385,-0.3999813817503461162752067577
ETH-USD,2026-08-30T18:43:44.272157Z,2514.38,2514.39,0.01,2514.385,-0.3999813817503461162752067577
ETH-USD,2026-08-30T18:43:44.368306Z,2514.38,2514.39,0.01,2514.385,-0.3999813817503461162752067577
ETH-USD,2026-08-30T18:43:44.434568Z,2514.38,2514.39,0.01,2514.385,-0.4365984503481064186176139282
ETH-USD,2026-08-30T18:43:44.473261Z,2514.38,2514.39,0.01,2514.385,-0.4365984503481064186176139282
ETH-USD,2026-08-30T18:43:44.513958Z,2514.38,2514.39,0.01,2514.385,-0.4365984503481064186176139282
ETH-USD,2026-08-30T18:43:44.584931Z,2514.38,2514.39,0.01,2514.385,-0.4365984503481064186176139282
ETH-USD,2026-08-30T18:43:44.599694Z,2514.38,2514.39,0.01,2514.385,-0.4365984503481064186176139282
ETH-USD,2026-08-30T18:43:44.785089Z,2514.38,2514.39,0.01,2514.385,-0.4401732313443071291629831842
ETH-USD,2026-08-30T18:43:44.875382Z,2514.38,2514.39,0.01,2514.385,-0.4401732313443071291629831842
ETH-USD,2026-08-30T18:43:44.918871Z,2514.38,2514.39,0.01,2514.385,-0.4453385863932853096370361919
ETH-USD,2026-08-30T18:43:44.967762Z,2514.38,2514.39,0.01,2514.385,-0.4068062019466938858607885809
ETH-USD,2026-08-30T18:43:45.019852Z,2514.38,2514.39,0.01,2514.385,-0.4068062019466938858607885809
ETH-USD,2026-08-30T18:43:45.078655Z,2514.38,2514.39,0.01,2514.385,-0.3475287345998431758598178853
ETH-USD,2026-08-30T18:43:45.114462Z,2514.38,2514.39,0.01,2514.385,-0.4031069953008039762718040617
ETH-USD,2026-08-30T18:43:45.171943Z,2514.38,2514.39,0.01,2514.385,-0.4031069953008039762718040617
ETH-USD,2026-08-30T18:43:45.285547Z,2514.38,2514.39,0.01,2514.385,-0.4031069953008039762718040617
ETH-USD,2026-08-30T18:43:45.374302Z,2514.38,2514.39,0.01,2514.385,-0.4031069953008039762718040617
ETH-USD,2026-08-30T18:43:45.417493Z,2514.38,2514.39,0.01,2514.385,-0.4031069953008039762718040617
ETH-USD,2026-08-30T18:43:45.474242Z,2514.38,2514.39,0.01,2514.385,-0.3925886282529111794375741679
ETH-USD,2026-08-30T18:43:45.503979Z,2514.38,2514.39,0.01,2514.385,-0.3925886282529111794375741679
ETH-USD,2026-08-30T18:43:45.569914Z,2514.38,2514.39,0.01,2514.385,-0.3925886282529111794375741679
ETH-USD,2026-08-30T18:43:45.624109Z,2514.38,2514.39,0.01,2514.385,-0.3925886282529111794375741679
ETH-USD,2026-08-30T18:43:45.675556Z,2514.38,2514.39,0.01,2514.385,-0.3925886282529111794375741679
ETH-USD,2026-08-30T18:43:45.712467Z,2514.38,2514.39,0.01,2514.385,-0.3925886282529111794375741679
ETH-USD,2026-08-30T18:43:45.774056Z,2514.38,2514.39,0.01,2514.385,-0.3925886282529111794375741679
ETH-USD,2026-08-30T18:43:45.799728Z,2514.38,2514.39,0.01,2514.385,-0.3925886282529111794375741679
ETH-USD,2026-08-30T18:43:45.973687Z,2514.38,2514.39,0.01,2514.385,-0.3925886282529111794375741679
ETH-USD,2026-08-30T18:43:46.017456Z,2514.38,2514.39,0.01,2514.385,-0.3925886282529111794375741679
ETH-USD,2026-08-30T18:43:46.067166Z,2514.38,2514.39,0.01,2514.385,-0.3925886282529111794375741679
ETH-USD,2026-08-30T18:43:46.132649Z,2514.38,2514.39,0.01,2514.385,-0.3357670556407380276268463682
ETH-USD,2026-08-30T18:43:46.140935Z,2514.38,2514.39,0.01,2514.385,-0.3357670556407380276268463682
ETH-USD,2026-08-30T18:43:46.212193Z,2514.38,2514.39,0.01,2514.385,-0.3357670556407380276268463682
ETH-USD,2026-08-30T18:43:46.27511Z,2514.38,2514.39,0.01,2514.385,-0.3357670556407380276268463682
ETH-USD,2026-08-30T18:43:46.332605Z,2514.38,2514.39,0.01,2514.385,-0.3850883302806282911998394405
ETH-USD,2026-08-30T18:43:46.383597Z,2514.38,2514.39,0.01,2514.385,-0.3850883302806282911998394405
ETH-USD,2026-08-30T18:43:46.573083Z,2514.38,2514.39,0.01,2514.385,-0.3850883302806282911998394405
ETH-USD,2026-08-30T18:43:46.629702Z,2514.38,2514.39,0.01,2514.385,-0.3850883302806282911998394405
ETH-USD,2026-08-30T18:43:46.681381Z,2514.38,2514.39,0.01,2514.385,-0.3468860673482527054510104599
ETH-USD,2026-08-30T18:43:46.873604Z,2514.38,2514.39,0.01,2514.385,-0.3468860673482527054510104599
ETH-USD,2026-08-30T18:43:46.973814Z,2514.38,2514.39,0.01,2514.385,-0.3468860673482527054510104599
ETH-USD,2026-08-30T18:43:47.020354Z,2514.38,2514.39,0.01,2514.385,-0.3468860673482527054510104599
ETH-USD,2026-08-30T18:43:47.077082Z,2514.38,2514.39,0.01,2514.385,-0.3357670556407380276268463682
ETH-USD,2026-08-30T18:43:47.093969Z,2514.38,2514.39,0.01,2514.385,-0.3357670556407380276268463682
ETH-USD,2026-08-30T18:43:47.171144Z,2514.38,2514.39,0.01,2514.385,-0.3002020937346927176737314957
ETH-USD,2026-08-30T18:43:47.176852Z,2514.38,2514.39,0.01,2514.385,-0.1684646207649362161377716192
ETH-USD,2026-08-30T18:43:47.266357Z,2514.38,2514.39,0.01,2514.385,-0.04183928670523297509523907391
ETH-USD,2026-08-30T18:43:47.295777Z,2514.38,2514.39,0.01,2514.385,-0.04183928670523297509523907391
ETH-USD,2026-08-30T18:43:47.395318Z,2514.38,2514.39,0.01,2514.385,-0.04183928670523297509523907391
ETH-USD,2026-08-30T18:43:47.477081Z,2514.38,2514.39,0.01,2514.385,-0.04183928670523297509523907391
ETH-USD,2026-08-30T18:43:47.587107Z,2514.38,2514.39,0.01,2514.385,-0.04183928670523297509523907391
ETH-USD,2026-08-30T18:43:47.642865Z,2514.38,2514.39,0.01,2514.385,-0.04183928670523297509523907391
ETH-USD,2026-08-30T18:43:47.727899Z,2514.38,2514.39,0.01,2514.385,-0.1286551082921575866170410220
ETH-USD,2026-08-30T18:43:47.749264Z,2514.38,2514.39,0.01,2514.385,-0.1286551082921575866170410220
ETH-USD,2026-08-30T18:43:47.777124Z,2514.38,2514.39,0.01,2514.385,-0.1286551082921575866170410220
ETH-USD,2026-08-30T18:43:47.880349Z,2514.38,2514.39,0.01,2514.385,-0.1286551082921575866170410220
ETH-USD,2026-08-30T18:43:47.906756Z,2514.34,2514.35,0.01,2514.345,-0.4294639646664345415309654921
ETH-USD,2026-08-30T18:43:47.934141Z,2514.34,2514.35,0.01,2514.345,-0.4294639646664345415309654921
ETH-USD,2026-08-30T18:43:48.026928Z,2514.32,2514.33,0.01,2514.325,-0.4294655287655568659897754354
ETH-USD,2026-08-30T18:43:48.075389Z,2514.32,2514.33,0.01,2514.325,-0.4294655287655568659897754354
ETH-USD,2026-08-30T18:43:48.131403Z,2514.31,2514.32,0.01,2514.315,-0.4596638597159287659764672523
ETH-USD,2026-08-30T18:43:48.173099Z,2514.31,2514.32,0.01,2514.315,-0.4596638597159287659764672523
ETH-USD,2026-08-30T18:43:48.208871Z,2514.31,2514.32,0.01,2514.315,-0.4998564377762113943227148480
ETH-USD,2026-08-30T18:43:48.26706Z,2514.31,2514.32,0.01,2514.315,-0.4998564377762113943227148480
ETH-USD,2026-08-30T18:43:48.325151Z,2514.31,2514.32,0.01,2514.315,-0.4998564377762113943227148480
ETH-USD,2026-08-30T18:43:48.371413Z,2514.31,2514.32,0.01,2514.315,-0.4767279747784111559576182574
ETH-USD,2026-08-30T18:43:48.38755Z,2514.31,2514.32,0.01,2514.315,-0.4767279747784111559576182574
ETH-USD,2026-08-30T18:43:48.454974Z,2514.3,2514.31,0.01,2514.305,-0.4842314207887175989412101700
ETH-USD,2026-08-30T18:43:48.510151Z,2514.3,2514.31,0.01,2514.305,-0.4842314207887175989412101700
ETH-USD,2026-08-30T18:43:48.672752Z,2514.3,2514.31,0.01,2514.305,-0.4842314207887175989412101700
ETH-USD,2026-08-30T18:43:48.780163Z,2514.3,2514.31,0.01,2514.305,-0.4842314207887175989412101700
ETH-USD,2026-08-30T18:43:48.788966Z,2514.3,2514.31,0.01,2514.305,-0.4842314207887175989412101700
ETH-USD,2026-08-30T18:43:48.877085Z,2514.3,2514.31,0.01,2514.305,-0.4842314207887175989412101700
ETH-USD,2026-08-30T18:43:48.931514Z,2514.3,2514.31,0.01,2514.305,-0.4260160109734458918732602948
ETH-USD,2026-08-30T18:43:49.019839Z,2514.3,2514.31,0.01,2514.305,-0.4260160109734458918732602948
ETH-USD,2026-08-30T18:43:49.068446Z,2514.3,2514.31,0.01,2514.305,-0.4438727380600304523980208311
ETH-USD,2026-08-30T18:43:49.126612Z,2514.3,2514.31,0.01,2514.305,-0.4438727380600304523980208311
ETH-USD,2026-08-30T18:43:49.201269Z,2514.3,2514.31,0.01,2514.305,-0.2273439250460641109038140348
ETH-USD,2026-08-30T18:43:49.27653Z,2514.3,2514.31,0.01,2514.305,-0.2273439250460641109038140348
ETH-USD,2026-08-30T18:43:49.369913Z,2514.3,2514.31,0.01,2514.305,-0.2273439250460641109038140348
ETH-USD,2026-08-30T18:43:49.430728Z,2514.3,2514.31,0.01,2514.305,-0.2432351484616625419817374992
ETH-USD,2026-08-30T18:43:49.467885Z,2514.3,2514.31,0.01,2514.305,-0.2391027984474335069487745225
ETH-USD,2026-08-30T18:43:49.574174Z,2514.3,2514.31,0.01,2514.305,-0.2391027984474335069487745225
ETH-USD,2026-08-30T18:43:49.66752Z,2514.3,2514.31,0.01,2514.305,-0.2391027984474335069487745225
ETH-USD,2026-08-30T18:43:49.673105Z,2514.3,2514.31,0.01,2514.305,-0.2391027984474335069487745225
ETH-USD,2026-08-30T18:43:49.713737Z,2514.3,2514.31,0.01,2514.305,-0.2391027984474335069487745225
ETH-USD,2026-08-30T18:43:49.875954Z,2514.3,2514.31,0.01,2514.305,-0.2391027984474335069487745225
ETH-USD,2026-08-30T18:43:49.947829Z,2514.3,2514.31,0.01,2514.305,-0.2391027984474335069487745225
ETH-USD,2026-08-30T18:43:49.975039Z,2514.3,2514.31,0.01,2514.305,-0.2391027984474335069487745225
ETH-USD,2026-08-30T18:43:50.021197Z,2514.3,2514.31,0.01,2514.305,-0.2391027984474335069487745225
ETH-USD,2026-08-30T18:43:50.057854Z,2514.3,2514.31,0.01,2514.305,-0.08320449189861368185135111807
ETH-USD,2026-08-30T18:43:50.081476Z,2514.3,2514.31,0.01,2514.305,-0.08320449189861368185135111807
ETH-USD,2026-08-30T18:43:50.153355Z,2514.3,2514.31,0.01,2514.305,-0.08320449189861368185135111807
ETH-USD,2026-08-30T18:43:50.162624Z,2514.3,2514.31,0.01,2514.305,-0.08320449189861368185135111807
ETH-USD,2026-08-30T18:43:50.228667Z,2514.3,2514.31,0.01,2514.305,-0.08320449189861368185135111807
ETH-USD,2026-08-30T18:43:50.277117Z,2514.3,2514.31,0.01,2514.305,-0.08320449189861368185135111807
ETH-USD,2026-08-30T18:43:50.376263Z,2514.3,2514.31,0.01,2514.305,0.03240347704023545024918771606
ETH-USD,2026-08-30T18:43:50.410742Z,2514.3,2514.31,0.01,2514.305,-0.04844447780115612566801719780
ETH-USD,2026-08-30T18:43:50.478349Z,2514.3,2514.31,0.01,2514.305,-0.04844447780115612566801719780
ETH-USD,2026-08-30T18:43:50.568061Z,2514.3,2514.31,0.01,2514.305,-0.2059222719890573622475856639
ETH-USD,2026-08-30T18:43:50.728233Z,2514.3,2514.31,0.01,2514.305,-0.2059222719890573622475856639
ETH-USD,2026-08-30T18:43:50.776007Z,2514.3,2514.31,0.01,2514.305,-0.2059222719890573622475856639
ETH-USD,2026-08-30T18:43:50.808789Z,2514.3,2514.31,0.01,2514.305,-0.4438762400460386667702004281
ETH-USD,2026-08-30T18:43:50.868543Z,2514.3,2514.31,0.01,2514.305,-0.3871778896745915894301546869
ETH-USD,2026-08-30T18:43:50.90573Z,2514.01,2514.29,0.28,2514.15,-0.3823514876218077374386905588
ETH-USD,2026-08-30T18:43:50.956803Z,2514.01,2514.02,0.01,2514.015,-0.3709534181369687470995908018
ETH-USD,2026-08-30T18:43:51.014021Z,2514.01,2514.02,0.01,2514.015,-0.3709534181369687470995908018
ETH-USD,2026-08-30T18:43:51.073933Z,2514.01,2514.02,0.01,2514.015,-0.2169899018893514769217640056
ETH-USD,2026-08-30T18:43:51.121238Z,2514.01,2514.02,0.01,2514.015,0.4965272973083464278925737412
ETH-USD,2026-08-30T18:43:51.167161Z,2514.01,2514.02,0.01,2514.015,-0.3352203161510648626052637191
ETH-USD,2026-08-30T18:43:51.227477Z,2514.01,2514.02,0.01,2514.015,0.04461943459503392926173053997
ETH-USD,2026-08-30T18:43:51.271493Z,2514.01,2514.02,0.01,2514.015,0.04461943459503392926173053997
ETH-USD,2026-08-30T18:43:51.326559Z,2514.02,2514.14,0.12,2514.08,0.09457331883663279137122076490
ETH-USD,2026-08-30T18:43:51.369571Z,2514.03,2514.14,0.11,2514.085,0.1727456245303877942968240324
ETH-USD,2026-08-30T18:43:51.422039Z,2514.05,2514.14,0.09,2514.095,0.01162782316741056848870376333
ETH-USD,2026-08-30T18:43:51.46507Z,2514.05,2514.14,0.09,2514.095,0.01162782316741056848870376333
ETH-USD,2026-08-30T18:43:51.513962Z,2514.07,2514.11,0.04,2514.09,-0.05129936066321785338953537701
ETH-USD,2026-08-30T18:43:51.626224Z,2514.08,2514.11,0.03,2514.095,-0.05129936066321785338953537701
ETH-USD,2026-08-30T18:43:51.675702Z,2514.08,2514.14,0.06,2514.11,-0.05129631276721920056541366663
ETH-USD,2026-08-30T18:43:51.71196Z,2514.08,2514.14,0.06,2514.11,-0.05129631276721920056541366663
ETH-USD,2026-08-30T18:43:51.775912Z,2514.08,2514.14,0.06,2514.11,-0.05129631276721920056541366663
ETH-USD,2026-08-30T18:43:51.784223Z,2514.08,2514.14,0.06,2514.11,-0.05129631276721920056541366663
ETH-USD,2026-08-30T18:43:51.855338Z,2514.08,2514.14,0.06,2514.11,-0.05129631276721920056541366663
ETH-USD,2026-08-30T18:43:51.906139Z,2514.08,2514.14,0.06,2514.11,-0.05129631276721920056541366663
ETH-USD,2026-08-30T18:43:51.974312Z,2514.08,2514.14,0.06,2514.11,-0.05129631276721920056541366663
ETH-USD,2026-08-30T18:43:52.018256Z,2514.08,2514.14,0.06,2514.11,-0.05129631276721920056541366663
ETH-USD,2026-08-30T18:43:52.073703Z,2514.08,2514.14,0.06,2514.11,-0.05129631276721920056541366663
ETH-USD,2026-08-30T18:43:52.129854Z,2514.08,2514.14,0.06,2514.11,-0.05129631276721920056541366663
ETH-USD,2026-08-30T18:43:52.217624Z,2514.08,2514.14,0.06,2514.11,-0.05129806262917489649407511784
ETH-USD,2026-08-30T18:43:52.275538Z,2514.08,2514.14,0.06,2514.11,-0.05129806262917489649407511784
ETH-USD,2026-08-30T18:43:52.374571Z,2514.08,2514.14,0.06,2514.11,-0.05129806262917489649407511784
ETH-USD,2026-08-30T18:43:52.418954Z,2514.08,2514.14,0.06,2514.11,-0.05129806262917489649407511784
ETH-USD,2026-08-30T18:43:52.493123Z,2514.08,2514.14,0.06,2514.11,-0.05129806262917489649407511784
ETH-USD,2026-08-30T18:43:52.505817Z,2514.08,2514.14,0.06,2514.11,-0.05129806262917489649407511784
ETH-USD,2026-08-30T18:43:52.574258Z,2514.08,2514.14,0.06,2514.11,-0.05129806262917489649407511784
ETH-USD,2026-08-30T18:43:52.671603Z,2514.08,2514.14,0.06,2514.11,-0.05129806262917489649407511784
ETH-USD,2026-08-30T18:43:52.766568Z,2514.08,2514.09,0.01,2514.085,-0.1782516769399936928862546079
ETH-USD,2026-08-30T18:43:52.792517Z,2514.08,2514.09,0.01,2514.085,-0.1101435757832317237003934874
ETH-USD,2026-08-30T18:43:52.832079Z,2514,2514.01,0.01,2514.005,-0.1522827965255957848943297209
ETH-USD,2026-08-30T18:43:52.877459Z,2514,2514.01,0.01,2514.005,-0.2122105763526316044655249724
ETH-USD,2026-08-30T18:43:52.973776Z,2514,2514.01,0.01,2514.005,-0.1250575786587661153012049635
ETH-USD,2026-08-30T18:43:52.999608Z,2514,2514.01,0.01,2514.005,-0.2122105763526316044655249724
ETH-USD,2026-08-30T18:43:53.053637Z,2514,2514.01,0.01,2514.005,-0.1295887378731079029083204342
ETH-USD,2026-08-30T18:43:53.076737Z,2514,2514.01,0.01,2514.005,-0.1295887378731079029083204342
ETH-USD,2026-08-30T18:43:53.140192Z,2513.49,2513.55,0.06,2513.52,0.7859011078674806602237875026
ETH-USD,2026-08-30T18:43:53.170971Z,2512.8,2513.12,0.32,2512.96,-0.3309597794707080247574865787
ETH-USD,2026-08-30T18:43:53.185357Z,2512.8,2513.11,0.31,2512.955,-0.2214673058801280902986160072
ETH-USD,2026-08-30T18:43:53.264343Z,2512.96,2513.05,0.09,2513.005,-0.6918409683277022960381505988
ETH-USD,2026-08-30T18:43:53.364323Z,2512.8,2512.81,0.01,2512.805,-0.5407865159059703068027342205
ETH-USD,2026-08-30T18:43:53.395118Z,2512.8,2512.81,0.01,2512.805,-0.3200639353822258920057167365
ETH-USD,2026-08-30T18:43:53.567305Z,2512.8,2512.81,0.01,2512.805,-0.8117397224449761703927772427
ETH-USD,2026-08-30T18:43:53.608395Z,2512.8,2512.81,0.01,2512.805,-0.7857975296024424987022319491
ETH-USD,2026-08-30T18:43:53.665463Z,2512.8,2512.81,0.01,2512.805,-0.7857975296024424987022319491
ETH-USD,2026-08-30T18:43:53.69593Z,2512.4,2512.41,0.01,2512.405,-0.2322527556228625254093466386
ETH-USD,2026-08-30T18:43:53.774421Z,2512.4,2512.41,0.01,2512.405,-0.2227494410459885407471898798
ETH-USD,2026-08-30T18:43:53.827789Z,2512.2,2512.21,0.01,2512.205,-0.04398715855101867602336690988
ETH-USD,2026-08-30T18:43:53.920434Z,2512,2512.01,0.01,2512.005,0.1560780422967638716710685177
ETH-USD,2026-08-30T18:43:53.976137Z,2512,2512.01,0.01,2512.005,0.09447488526301562517645544875
ETH-USD,2026-08-30T18:43:54.028792Z,2511.75,2512.01,0.26,2511.88,-0.09119177332710868697281505407
ETH-USD,2026-08-30T18:43:54.072218Z,2511.83,2512.02,0.19,2511.925,0.1173194003600036549461662509
ETH-USD,2026-08-30T18:43:54.130602Z,2511.84,2512.01,0.17,2511.925,0.2061092883353920552798559195
ETH-USD,2026-08-30T18:43:54.358088Z,2511.99,2512,0.01,2511.995,-0.1011930054152651526442987392
ETH-USD,2026-08-30T18:43:54.431188Z,2511.99,2512,0.01,2511.995,-0.1011930054152651526442987392
ETH-USD,2026-08-30T18:43:54.458454Z,2511.99,2512,0.01,2511.995,-0.08719719760865401868155837496
ETH-USD,2026-08-30T18:43:54.508642Z,2511.99,2512,0.01,2511.995,0.3112684371452722959893631048
ETH-USD,2026-08-30T18:43:54.5767Z,2511.99,2512,0.01,2511.995,0.4157372009623339132273802926
ETH-USD,2026-08-30T18:43:54.693322Z,2512.21,2512.46,0.25,2512.335,0.1869356341376309131967416902
ETH-USD,2026-08-30T18:43:54.872387Z,2512.21,2512.42,0.21,2512.315,0.6218125848081800574753292800
ETH-USD,2026-08-30T18:43:54.929797Z,2512.41,2512.42,0.01,2512.415,0.4037157556262436989770895440
ETH-USD,2026-08-30T18:43:54.961224Z,2512.41,2512.42,0.01,2512.415,0.3676906154627815415501579360
ETH-USD,2026-08-30T18:43:54.969107Z,2512.13,2512.42,0.29,2512.275,0.5836623332259976810732072496
ETH-USD,2026-08-30T18:43:55.5216Z,2512.41,2512.42,0.01,2512.415,0.3660326433746815692060981172
ETH-USD,2026-08-30T18:43:55.929253Z,2512.41,2512.42,0.01,2512.415,-0.1993729751967393978524839043
ETH-USD,2026-08-30T18:43:56.060882Z,2512.41,2512.42,0.01,2512.415,-0.4814488670561172805337683357
ETH-USD,2026-08-30T18:43:56.106429Z,2512.41,2512.42,0.01,2512.415,-0.4028111344084578055769197991
ETH-USD,2026-08-30T18:43:56.197002Z,2512.41,2512.42,0.01,2512.415,-0.5396941962657252272038181479
ETH-USD,2026-08-30T18:43:56.202666Z,2512.41,2512.42,0.01,2512.415,-0.4245854759076567334137087896
ETH-USD,2026-08-30T18:43:56.265451Z,2512.41,2512.42,0.01,2512.415,-0.3422790591563805735945205190
ETH-USD,2026-08-30T18:43:56.313686Z,2512.41,2512.42,0.01,2512.415,0.2820331765516013855059302134
ETH-USD,2026-08-30T18:43:56.365413Z,2512.77,2513.16,0.39,2512.965,-0.4686267053885752280845069022
ETH-USD,2026-08-30T18:43:56.411565Z,2512.95,2513.2,0.25,2513.075,-0.4852833348209258228195226122
ETH-USD,2026-08-30T18:43:56.467036Z,2512.88,2513.34,0.46,2513.11,0.03092685746245796415962900625
ETH-USD,2026-08-30T18:43:56.519558Z,2512.93,2513.13,0.20,2513.03,-0.7601056311248871274274831199
ETH-USD,2026-08-30T18:43:56.565355Z,2512.9,2513.06,0.16,2512.98,-0.4986684405071941868490076150
ETH-USD,2026-08-30T18:43:56.606888Z,2512.91,2513.09,0.18,2513.00,-0.3966401006366574661380239118
ETH-USD,2026-08-30T18:43:56.651618Z,2512.91,2512.98,0.07,2512.945,-0.2199896480323391098768141347
ETH-USD,2026-08-30T18:43:56.670829Z,2512.91,2512.98,0.07,2512.945,-0.1646371199802347497546398945
ETH-USD,2026-08-30T18:43:56.743584Z,2512.91,2512.98,0.07,2512.945,-0.2149957525195099187326971158
ETH-USD,2026-08-30T18:43:56.796905Z,2512.91,2512.98,0.07,2512.945,-0.2149957525195099187326971158
ETH-USD,2026-08-30T18:43:56.874197Z,2512.91,2512.98,0.07,2512.945,-0.1595329796774668293551528892
ETH-USD,2026-08-30T18:43:56.903131Z,2512.91,2512.98,0.07,2512.945,-0.1595329796774668293551528892
ETH-USD,2026-08-30T18:43:57.017393Z,2512.91,2512.98,0.07,2512.945,-0.1646358491072753595559135771
ETH-USD,2026-08-30T18:43:57.068507Z,2512.91,2512.98,0.07,2512.945,-0.2438343680566331526272634093
ETH-USD,2026-08-30T18:43:57.131434Z,2512.91,2512.98,0.07,2512.945,-0.2438343680566331526272634093
ETH-USD,2026-08-30T18:43:57.173302Z,2512.91,2512.98,0.07,2512.945,-0.2438343680566331526272634093
ETH-USD,2026-08-30T18:43:57.192997Z,2512.91,2512.98,0.07,2512.945,-0.2438343680566331526272634093
ETH-USD,2026-08-30T18:43:57.281536Z,2512.91,2512.98,0.07,2512.945,-0.2438343680566331526272634093
ETH-USD,2026-08-30T18:43:57.294505Z,2512.91,2512.98,0.07,2512.945,-0.2438343680566331526272634093
ETH-USD,2026-08-30T18:43:57.367292Z,2512.9,2512.98,0.08,2512.94,-0.1327387485246148912784175773
ETH-USD,2026-08-30T18:43:57.423215Z,2512.9,2512.98,0.08,2512.94,-0.1326408072023752652235981039
ETH-USD,2026-08-30T18:43:57.474939Z,2512.9,2512.98,0.08,2512.94,-0.1326408072023752652235981039
ETH-USD,2026-08-30T18:43:57.482267Z,2512.9,2512.98,0.08,2512.94,-0.1326408072023752652235981039
ETH-USD,2026-08-30T18:43:57.562169Z,2512.97,2512.98,0.01,2512.975,-0.4502803400139807604590414500
ETH-USD,2026-08-30T18:43:57.594456Z,2512.91,2512.98,0.07,2512.945,-0.2439486469953534493508928024
ETH-USD,2026-08-30T18:43:57.668645Z,2512.97,2512.98,0.01,2512.975,-0.2494430540907146285870672355
ETH-USD,2026-08-30T18:43:57.675291Z,2512.97,2512.98,0.01,2512.975,-0.2494430540907146285870672355
ETH-USD,2026-08-30T18:43:57.739259Z,2512.91,2512.98,0.07,2512.945,-0.1211556096466771773712442852
ETH-USD,2026-08-30T18:43:57.865956Z,2512.91,2512.98,0.07,2512.945,-0.09908036648818444289275858850
ETH-USD,2026-08-30T18:43:57.970475Z,2512.97,2512.98,0.01,2512.975,-0.1299487381238731372386302110
ETH-USD,2026-08-30T18:43:58.014626Z,2512.97,2512.98,0.01,2512.975,-0.1299487381238731372386302110
ETH-USD,2026-08-30T18:43:58.067323Z,2512.97,2512.98,0.01,2512.975,-0.1300493847018060175070681369
ETH-USD,2026-08-30T18:43:58.098266Z,2512.97,2512.98,0.01,2512.975,-0.2507625924128576214147076285
ETH-USD,2026-08-30T18:43:58.2881Z,2512.91,2512.98,0.07,2512.945,-0.1429589769942716688991173838
ETH-USD,2026-08-30T18:43:58.382361Z,2512.97,2512.98,0.01,2512.975,-0.2862749208270923766424336447
ETH-USD,2026-08-30T18:43:58.427001Z,2512.78,2512.97,0.19,2512.875,0.3090612397250300296363785098
ETH-USD,2026-08-30T18:43:58.457315Z,2512.81,2512.96,0.15,2512.885,-0.1418871605166297754950233353
ETH-USD,2026-08-30T18:43:58.499718Z,2512.82,2512.96,0.14,2512.89,-0.3624075407440233153085446062
ETH-USD,2026-08-30T18:43:58.572986Z,2512.82,2512.96,0.14,2512.89,-0.2541983228309994663915697642
ETH-USD,2026-08-30T18:43:58.622372Z,2512.85,2512.96,0.11,2512.905,-0.2806441369014996941097266799
ETH-USD,2026-08-30T18:43:58.693825Z,2512.86,2512.96,0.10,2512.91,-0.2806400979555019238675385394
ETH-USD,2026-08-30T18:43:58.790858Z,2512.86,2512.96,0.10,2512.91,-0.2807774603430898482337915125
ETH-USD,2026-08-30T18:43:58.820183Z,2512.86,2512.94,0.08,2512.90,0.3885515633467258320423482767
ETH-USD,2026-08-30T18:43:58.923606Z,2512.79,2512.94,0.15,2512.865,0.3894610151053742739213411884
ETH-USD,2026-08-30T18:43:58.938528Z,2512.8,2512.94,0.14,2512.87,0.3612472265902049842692815486
ETH-USD,2026-08-30T18:43:59.027377Z,2512.83,2512.94,0.11,2512.885,-0.1404581982570097392283108355
ETH-USD,2026-08-30T18:43:59.079193Z,2512.83,2512.94,0.11,2512.885,-0.1404582051565367371263356292
ETH-USD,2026-08-30T18:43:59.086325Z,2512.83,2512.94,0.11,2512.885,-0.1568335246211888559819662354
ETH-USD,2026-08-30T18:43:59.176295Z,2512.84,2512.94,0.10,2512.89,-0.1568335246211888559819662354
ETH-USD,2026-08-30T18:43:59.261465Z,2512.84,2512.94,0.10,2512.89,-0.1569456122664223134533013601
ETH-USD,2026-08-30T18:43:59.307135Z,2512.85,2512.94,0.09,2512.895,-0.01008725953531903161424356826
ETH-USD,2026-08-30T18:43:59.416743Z,2512.86,2512.94,0.08,2512.90,-0.2837837022238322243064274389
ETH-USD,2026-08-30T18:43:59.472229Z,2512.86,2512.94,0.08,2512.90,-0.2837837022238322243064274389
ETH-USD,2026-08-30T18:43:59.525463Z,2512.86,2512.94,0.08,2512.90,-0.1488456178679019617375005917
ETH-USD,2026-08-30T18:43:59.574742Z,2512.86,2512.94,0.08,2512.90,-0.2837837044095007487329184338
ETH-USD,2026-08-30T18:43:59.629106Z,2512.86,2512.94,0.08,2512.90,-0.5422291138909173481252751827
ETH-USD,2026-08-30T18:43:59.676497Z,2512.81,2512.94,0.13,2512.875,-0.5329100324785022418656790652
ETH-USD,2026-08-30T18:43:59.705311Z,2512.81,2512.94,0.13,2512.875,-0.5418603065644204699229791177
ETH-USD,2026-08-30T18:43:59.77803Z,2512.81,2512.94,0.13,2512.875,-0.4219941215946889275104324133
ETH-USD,2026-08-30T18:43:59.874518Z,2512.81,2512.94,0.13,2512.875,-0.4219941215946889275104324133
ETH-USD,2026-08-30T18:43:59.927634Z,2512.81,2512.94,0.13,2512.875,-0.4219941215946889275104324133
