currency,order_book_timestamp,best_bid,best_ask,spread,mid_price,obi
ETH-USD,2026-08-28T20:32:39.284767Z,2427.3,2427.31,0.01,2427.305,0.3832027452658902697774710312
ETH-USD,2026-08-28T20:32:39.342466Z,2427.3,2427.31,0.01,2427.305,0.3832027452658902697774710312
ETH-USD,2026-08-28T20:32:39.364205Z,2427.3,2427.31,0.01,2427.305,0.3832027452658902697774710312
ETH-USD,2026-08-28T20:32:39.445633Z,2427.3,2427.31,0.01,2427.305,0.3832027452658902697774710312
ETH-USD,2026-08-28T20:32:39.500888Z,2427.3,2427.31,0.01,2427.305,0.3832027452658902697774710312
ETH-USD,2026-08-28T20:32:39.549935Z,2427.3,2427.31,0.01,2427.305,0.3832027452658902697774710312
ETH-USD,2026-08-28T20:32:39.598382Z,2427.3,2427.31,0.01,2427.305,0.3832027452658902697774710312
ETH-USD,2026-08-28T20:32:39.654259Z,2427.3,2427.31,0.01,2427.305,0.3832027452658902697774710312
ETH-USD,2026-08-28T20:32:39.69873Z,2427.3,2427.31,0.01,2427.305,0.3832027452658902697774710312
ETH-USD,2026-08-28T20:32:39.72624Z,2427.3,2427.31,0.01,2427.305,0.3832027452658902697774710312
ETH-USD,2026-08-28T20:32:39.802541Z,2427.3,2427.31,0.01,2427.305,0.3832027452658902697774710312
ETH-USD,2026-08-28T20:32:39.908731Z,2427.3,2427.31,0.01,2427.305,0.3832027452658902697774710312
ETH-USD,2026-08-28T20:32:39.953524Z,2427.3,2427.31,0.01,2427.305,0.3832027452658902697774710312
ETH-USD,2026-08-28T20:32:40.034392Z,2427.3,2427.31,0.01,2427.305,0.3832027452658902697774710312
ETH-USD,2026-08-28T20:32:40.108233Z,2427.3,2427.31,0.01,2427.305,0.3832027452658902697774710312
ETH-USD,2026-08-28T20:32:40.162145Z,2427.3,2427.31,0.01,2427.305,0.3832027452658902697774710312
ETH-USD,2026-08-28T20:32:40.194184Z,2427.3,2427.31,0.01,2427.305,0.3832027452658902697774710312
ETH-USD,2026-08-28T20:32:40.25653Z,2427.3,2427.31,0.01,2427.305,0.3832027452658902697774710312
ETH-USD,2026-08-28T20:32:40.305027Z,2427.3,2427.31,0.01,2427.305,0.3832027452658902697774710312
ETH-USD,2026-08-28T20:32:40.360503Z,2427.3,2427.31,0.01,2427.305,0.3832027452658902697774710312
ETH-USD,2026-08-28T20:32:40.403406Z,2427.3,2427.31,0.01,2427.305,0.3832027452658902697774710312
ETH-USD,2026-08-28T20:32:40.455699Z,2427.3,2427.31,0.01,2427.305,0.3723139083679964276528944219
ETH-USD,2026-08-28T20:32:40.516284Z,2427.3,2427.31,0.01,2427.305,-0.2423853328979192565978400642
ETH-USD,2026-08-28T20:32:40.558603Z,2427.3,2427.31,0.01,2427.305,0.4471816706404220525617217008
ETH-USD,2026-08-28T20:32:40.610647Z,2427.22,2427.23,0.01,2427.225,0.4130824834642711276154745845
ETH-USD,2026-08-28T20:32:40.66959Z,2427.22,2427.23,0.01,2427.225,-0.1200028766705999646478187693
ETH-USD,2026-08-28T20:32:40.699027Z,2427.22,2427.23,0.01,2427.225,-0.1200028766705999646478187693
ETH-USD,2026-08-28T20:32:40.758149Z,2427.22,2427.23,0.01,2427.225,-0.1591324943130760732336281874
ETH-USD,2026-08-28T20:32:40.811478Z,2427.22,2427.23,0.01,2427.225,-0.1591324943130760732336281874
ETH-USD,2026-08-28T20:32:40.849732Z,2427.22,2427.23,0.01,2427.225,-0.1221882880349191174174038150
ETH-USD,2026-08-28T20:32:40.929983Z,2427.22,2427.23,0.01,2427.225,-0.09236988321206760889151371211
ETH-USD,2026-08-28T20:32:40.985007Z,2427.22,2427.23,0.01,2427.225,-0.09236988321206760889151371211
ETH-USD,2026-08-28T20:32:41.032345Z,2427.22,2427.23,0.01,2427.225,-0.09236988321206760889151371211
ETH-USD,2026-08-28T20:32:41.106975Z,2427.22,2427.23,0.01,2427.225,-0.1147033169191627892567403838
ETH-USD,2026-08-28T20:32:41.153387Z,2427.22,2427.23,0.01,2427.225,-0.1147033169191627892567403838
ETH-USD,2026-08-28T20:32:41.164907Z,2427.22,2427.23,0.01,2427.225,-0.1147033169191627892567403838
ETH-USD,2026-08-28T20:32:41.254838Z,2427.22,2427.23,0.01,2427.225,-0.1147033169191627892567403838
ETH-USD,2026-08-28T20:32:41.300038Z,2427.22,2427.23,0.01,2427.225,-0.1147033169191627892567403838
ETH-USD,2026-08-28T20:32:41.337332Z,2427.22,2427.23,0.01,2427.225,-0.1147033169191627892567403838
ETH-USD,2026-08-28T20:32:41.450692Z,2427.22,2427.23,0.01,2427.225,0.2489309566546098374255764708
ETH-USD,2026-08-28T20:32:41.491452Z,2427.22,2427.23,0.01,2427.225,0.2938446028564201479952717283
ETH-USD,2026-08-28T20:32:41.549379Z,2427.22,2427.23,0.01,2427.225,0.2938446028564201479952717283
ETH-USD,2026-08-28T20:32:41.58727Z,2427.22,2427.23,0.01,2427.225,0.2938446028564201479952717283
ETH-USD,2026-08-28T20:32:41.641963Z,2427.22,2427.23,0.01,2427.225,0.3233532922109972096688916568
ETH-USD,2026-08-28T20:32:41.675912Z,2427.22,2427.23,0.01,2427.225,0.3233532922109972096688916568
ETH-USD,2026-08-28T20:32:41.740063Z,2427.22,2427.23,0.01,2427.225,0.4795448257718187377554500745
ETH-USD,2026-08-28T20:32:41.802389Z,2427.22,2427.23,0.01,2427.225,0.3201786936060654709540329513
ETH-USD,2026-08-28T20:32:41.839211Z,2427.22,2427.23,0.01,2427.225,0.3201786936060654709540329513
ETH-USD,2026-08-28T20:32:41.898618Z,2427.22,2427.23,0.01,2427.225,-0.03619250969978435306603784050
ETH-USD,2026-08-28T20:32:41.94226Z,2427.22,2427.23,0.01,2427.225,0.1587753289134030567546635836
ETH-USD,2026-08-28T20:32:42.044058Z,2427.22,2427.23,0.01,2427.225,0.1587753289134030567546635836
ETH-USD,2026-08-28T20:32:42.108988Z,2427.22,2427.23,0.01,2427.225,0.1587753289134030567546635836
ETH-USD,2026-08-28T20:32:42.153365Z,2427.22,2427.23,0.01,2427.225,0.1587753289134030567546635836
ETH-USD,2026-08-28T20:32:42.189941Z,2427.22,2427.23,0.01,2427.225,0.1433239911736711413822663105
ETH-USD,2026-08-28T20:32:42.257946Z,2427.22,2427.23,0.01,2427.225,0.1386054772117509112576209545
ETH-USD,2026-08-28T20:32:42.27241Z,2427.22,2427.23,0.01,2427.225,0.1386054772117509112576209545
ETH-USD,2026-08-28T20:32:42.363052Z,2427.29,2427.3,0.01,2427.295,0.1084793778466851070633646105
ETH-USD,2026-08-28T20:32:42.402245Z,2427.3,2427.31,0.01,2427.305,0.08892679191820094403777429400
ETH-USD,2026-08-28T20:32:42.452017Z,2427.3,2427.31,0.01,2427.305,0.1186922321490325046220185833
ETH-USD,2026-08-28T20:32:42.49719Z,2427.3,2427.31,0.01,2427.305,0.7685843392456558190659774025
ETH-USD,2026-08-28T20:32:42.54844Z,2427.27,2427.31,0.04,2427.29,0.8805091502209909585403062362
ETH-USD,2026-08-28T20:32:42.60174Z,2427.29,2427.31,0.02,2427.30,0.8805091502209909585403062362
ETH-USD,2026-08-28T20:32:42.649955Z,2427.29,2427.3,0.01,2427.295,0.6994232764515649048903266963
ETH-USD,2026-08-28T20:32:42.706793Z,2427.29,2427.3,0.01,2427.295,0.6563523768411997577070390801
ETH-USD,2026-08-28T20:32:42.746311Z,2427.29,2427.3,0.01,2427.295,0.6563523768411997577070390801
ETH-USD,2026-08-28T20:32:42.861367Z,2427.29,2427.3,0.01,2427.295,0.6563523768411997577070390801
ETH-USD,2026-08-28T20:32:42.926427Z,2427.29,2427.3,0.01,2427.295,0.6409913954837290595374278608
ETH-USD,2026-08-28T20:32:43.039568Z,2427.29,2427.3,0.01,2427.295,0.6409913954837290595374278608
ETH-USD,2026-08-28T20:32:43.115974Z,2427.29,2427.3,0.01,2427.295,0.6409913954837290595374278608
ETH-USD,2026-08-28T20:32:43.190553Z,2427.29,2427.3,0.01,2427.295,0.6409913954837290595374278608
ETH-USD,2026-08-28T20:32:43.251086Z,2427.29,2427.3,0.01,2427.295,0.5652490982179772580808384272
ETH-USD,2026-08-28T20:32:43.298254Z,2427.29,2427.3,0.01,2427.295,0.6995545259357928578791794147
ETH-USD,2026-08-28T20:32:43.335515Z,2427.24,2427.28,0.04,2427.26,0.6613198695667219448131311735
ETH-USD,2026-08-28T20:32:43.361733Z,2427.25,2427.26,0.01,2427.255,0.3225578490050582569709191179
ETH-USD,2026-08-28T20:32:43.447336Z,2427.16,2427.17,0.01,2427.165,0.5540784904276901710883586351
ETH-USD,2026-08-28T20:32:43.483523Z,2427.16,2427.17,0.01,2427.165,0.5540785216417108599691334038
ETH-USD,2026-08-28T20:32:43.598537Z,2427.16,2427.17,0.01,2427.165,0.5671821309609065058732351091
ETH-USD,2026-08-28T20:32:43.647363Z,2427.16,2427.17,0.01,2427.165,0.5686142586087007050576836980
ETH-USD,2026-08-28T20:32:43.698957Z,2427.16,2427.17,0.01,2427.165,0.5708539512419657800388976830
ETH-USD,2026-08-28T20:32:43.749015Z,2427.16,2427.17,0.01,2427.165,0.5708539512419657800388976830
ETH-USD,2026-08-28T20:32:43.770743Z,2427.16,2427.17,0.01,2427.165,0.5708539512419657800388976830
ETH-USD,2026-08-28T20:32:43.827711Z,2427.16,2427.17,0.01,2427.165,0.5708539512419657800388976830
ETH-USD,2026-08-28T20:32:43.90643Z,2427.16,2427.17,0.01,2427.165,0.5708539512419657800388976830
ETH-USD,2026-08-28T20:32:43.960837Z,2427.16,2427.17,0.01,2427.165,0.5708539512419657800388976830
ETH-USD,2026-08-28T20:32:44.028349Z,2427.16,2427.17,0.01,2427.165,0.5708539512419657800388976830
ETH-USD,2026-08-28T20:32:44.255593Z,2427.16,2427.17,0.01,2427.165,0.5771431421361921566144443352
ETH-USD,2026-08-28T20:32:44.305546Z,2427.16,2427.17,0.01,2427.165,0.5317465675461807928040473379
ETH-USD,2026-08-28T20:32:44.344059Z,2427.16,2427.17,0.01,2427.165,0.5317465675461807928040473379
ETH-USD,2026-08-28T20:32:44.407523Z,2427.16,2427.17,0.01,2427.165,0.5317465675461807928040473379
ETH-USD,2026-08-28T20:32:44.453276Z,2427,2427.01,0.01,2427.005,-0.4191862135150670621552483089
ETH-USD,2026-08-28T20:32:44.499086Z,2427,2427.01,0.01,2427.005,-0.1044345751246764956816138761
ETH-USD,2026-08-28T20:32:44.548204Z,2427,2427.01,0.01,2427.005,-0.4200846886014134426776195060
ETH-USD,2026-08-28T20:32:44.610971Z,2427,2427.01,0.01,2427.005,-0.6271953397100042127453135289
ETH-USD,2026-08-28T20:32:44.649845Z,2427,2427.01,0.01,2427.005,-0.9510392187214937713901126128
ETH-USD,2026-08-28T20:32:44.706603Z,2427,2427.01,0.01,2427.005,-0.9428646410129971479700849688
ETH-USD,2026-08-28T20:32:44.749456Z,2427,2427.01,0.01,2427.005,-0.9471258257534082036778434177
ETH-USD,2026-08-28T20:32:44.799902Z,2427,2427.01,0.01,2427.005,-0.9497642807038816121636833493
ETH-USD,2026-08-28T20:32:44.860187Z,2427,2427.01,0.01,2427.005,-0.9730061340722414090037127708
ETH-USD,2026-08-28T20:32:44.910216Z,2427,2427.01,0.01,2427.005,-0.9562958948220268979514248691
ETH-USD,2026-08-28T20:32:44.945647Z,2426.8,2426.88,0.08,2426.84,-0.2860552219668824927042317626
ETH-USD,2026-08-28T20:32:45.004858Z,2426.7,2426.71,0.01,2426.705,-0.4108786805029593120672121769
ETH-USD,2026-08-28T20:32:45.043205Z,2426.7,2426.71,0.01,2426.705,-0.4708610540852691657363166667
ETH-USD,2026-08-28T20:32:45.108358Z,2426.6,2426.67,0.07,2426.635,-0.8216388512169360969436072827
ETH-USD,2026-08-28T20:32:45.194849Z,2426.6,2426.63,0.03,2426.615,-0.6528820855703393393072291800
ETH-USD,2026-08-28T20:32:45.223818Z,2426.6,2426.63,0.03,2426.615,-0.004319751838399135437769816164
ETH-USD,2026-08-28T20:32:45.241257Z,2426.6,2426.63,0.03,2426.615,-0.1695879844141156800005423446
ETH-USD,2026-08-28T20:32:45.290542Z,2426.6,2426.8,0.2,2426.7,-0.4828280903674260344948867800
ETH-USD,2026-08-28T20:32:45.36031Z,2426.6,2426.77,0.17,2426.685,-0.1874688833427533610442975806
ETH-USD,2026-08-28T20:32:45.43065Z,2426.6,2426.77,0.17,2426.685,-0.3362016706131018391530994118
ETH-USD,2026-08-28T20:32:45.474584Z,2426.64,2426.74,0.10,2426.69,-0.6273420403740086636674597144
ETH-USD,2026-08-28T20:32:45.593214Z,2426.62,2426.73,0.11,2426.675,0.3597513098052664903955908658
ETH-USD,2026-08-28T20:32:45.661502Z,2426.7,2426.71,0.01,2426.705,-0.1444655693079500438742595328
ETH-USD,2026-08-28T20:32:45.764192Z,2426.7,2426.71,0.01,2426.705,-0.5458177936246398700013873052
ETH-USD,2026-08-28T20:32:45.798856Z,2426.6,2426.71,0.11,2426.655,-0.3408664047722828308328791600
ETH-USD,2026-08-28T20:32:45.813525Z,2426.6,2426.69,0.09,2426.645,-0.2425410338311798531999894592
ETH-USD,2026-08-28T20:32:45.906401Z,2426.62,2426.68,0.06,2426.65,0.1759929129423883889508911492
ETH-USD,2026-08-28T20:32:45.954721Z,2426.67,2426.75,0.08,2426.71,0.2025557954476076923570543381
ETH-USD,2026-08-28T20:32:45.997405Z,2426.62,2426.73,0.11,2426.675,-0.04030144438692190852817516311
ETH-USD,2026-08-28T20:32:46.046546Z,2426.62,2426.73,0.11,2426.675,-0.3380195186539185353101553182
ETH-USD,2026-08-28T20:32:46.057175Z,2426.71,2426.72,0.01,2426.715,0.1527785710629439533310821974
ETH-USD,2026-08-28T20:32:46.153443Z,2426.64,2426.83,0.19,2426.735,0.2877847725785239193234710409
ETH-USD,2026-08-28T20:32:46.206402Z,2426.86,2426.87,0.01,2426.865,0.4943974283161507603360578012
ETH-USD,2026-08-28T20:32:46.256286Z,2426.86,2426.87,0.01,2426.865,0.5107595099812900458097521746
ETH-USD,2026-08-28T20:32:46.297812Z,2426.86,2426.87,0.01,2426.865,0.1221303850943506391668086422
ETH-USD,2026-08-28T20:32:46.358462Z,2426.86,2426.87,0.01,2426.865,0.1725978482120399605284571015
ETH-USD,2026-08-28T20:32:46.404282Z,2426.86,2426.87,0.01,2426.865,0.1725978482120399605284571015
ETH-USD,2026-08-28T20:32:46.454507Z,2426.86,2426.87,0.01,2426.865,0.1718807866201253768268986088
ETH-USD,2026-08-28T20:32:46.464691Z,2426.86,2426.87,0.01,2426.865,0.1718807866201253768268986088
ETH-USD,2026-08-28T20:32:46.554962Z,2426.86,2426.87,0.01,2426.865,0.1718807866201253768268986088
ETH-USD,2026-08-28T20:32:46.600413Z,2426.81,2426.84,0.03,2426.825,0.08744529692446886146637673685
ETH-USD,2026-08-28T20:32:46.653931Z,2426.81,2426.84,0.03,2426.825,0.08744529692446886146637673685
ETH-USD,2026-08-28T20:32:46.700383Z,2426.81,2426.82,0.01,2426.815,0.3970238302881169118096777047
ETH-USD,2026-08-28T20:32:46.748139Z,2426.81,2426.82,0.01,2426.815,0.3970238302881169118096777047
ETH-USD,2026-08-28T20:32:46.794336Z,2426.81,2426.82,0.01,2426.815,0.3970238302881169118096777047
ETH-USD,2026-08-28T20:32:46.848306Z,2426.81,2426.82,0.01,2426.815,0.3970238302881169118096777047
ETH-USD,2026-08-28T20:32:46.903042Z,2426.78,2426.81,0.03,2426.795,0.5155910645715965438145889878
ETH-USD,2026-08-28T20:32:46.981783Z,2426.78,2426.81,0.03,2426.795,0.4117568922679672192733418247
ETH-USD,2026-08-28T20:32:47.03542Z,2426.78,2426.81,0.03,2426.795,0.4117568922679672192733418247
ETH-USD,2026-08-28T20:32:47.112377Z,2426.78,2426.81,0.03,2426.795,0.4117568922679672192733418247
ETH-USD,2026-08-28T20:32:47.126988Z,2426.78,2426.81,0.03,2426.795,0.4117568922679672192733418247
ETH-USD,2026-08-28T20:32:47.201398Z,2426.78,2426.81,0.03,2426.795,0.4117568922679672192733418247
ETH-USD,2026-08-28T20:32:47.252767Z,2426.83,2426.87,0.04,2426.85,0.1500864411757486827555694340
ETH-USD,2026-08-28T20:32:47.261855Z,2426.83,2426.87,0.04,2426.85,0.1500864411757486827555694340
ETH-USD,2026-08-28T20:32:47.352436Z,2426.86,2426.87,0.01,2426.865,0.1115534336381994431419554876
ETH-USD,2026-08-28T20:32:47.407323Z,2426.83,2426.86,0.03,2426.845,0.03406285881093164417446756392
ETH-USD,2026-08-28T20:32:47.426268Z,2426.83,2426.86,0.03,2426.845,-0.05203107993163661980621378851
ETH-USD,2026-08-28T20:32:47.497235Z,2426.83,2426.86,0.03,2426.845,-0.05203107993163661980621378851
ETH-USD,2026-08-28T20:32:47.552481Z,2426.84,2426.85,0.01,2426.845,-0.2376706337683571987672911463
ETH-USD,2026-08-28T20:32:47.597172Z,2426.84,2426.87,0.03,2426.855,-0.1902559401486272417865307394
ETH-USD,2026-08-28T20:32:47.650415Z,2426.86,2426.87,0.01,2426.865,-0.2154521210288854607058452945
ETH-USD,2026-08-28T20:32:47.658011Z,2426.86,2426.87,0.01,2426.865,-0.2154521210288854607058452945
ETH-USD,2026-08-28T20:32:47.748004Z,2426.84,2426.85,0.01,2426.845,-0.01652062313471233497288884701
ETH-USD,2026-08-28T20:32:47.757818Z,2426.84,2426.85,0.01,2426.845,-0.2817031429332407974188745852
ETH-USD,2026-08-28T20:32:47.850858Z,2426.82,2426.85,0.03,2426.835,0.04607139950325483890894720163
ETH-USD,2026-08-28T20:32:47.860151Z,2426.82,2426.85,0.03,2426.835,0.04607139950325483890894720163
ETH-USD,2026-08-28T20:32:47.965119Z,2426.82,2426.84,0.02,2426.83,-0.004521723601655852748637951950
ETH-USD,2026-08-28T20:32:48.025594Z,2426.82,2426.84,0.02,2426.83,-0.004521723601655852748637951950
ETH-USD,2026-08-28T20:32:48.051875Z,2426.82,2426.84,0.02,2426.83,-0.004521723601655852748637951950
ETH-USD,2026-08-28T20:32:48.128349Z,2426.82,2426.84,0.02,2426.83,-0.004521723601655852748637951950
ETH-USD,2026-08-28T20:32:48.203998Z,2426.82,2426.83,0.01,2426.825,-0.01659912753304869308795807496
ETH-USD,2026-08-28T20:32:48.275966Z,2426.82,2426.83,0.01,2426.825,-0.04430251563054845632054476781
ETH-USD,2026-08-28T20:32:48.350832Z,2426.82,2426.83,0.01,2426.825,-0.04430251563054845632054476781
ETH-USD,2026-08-28T20:32:48.355555Z,2426.82,2426.83,0.01,2426.825,-0.2057546757642164183386572370
ETH-USD,2026-08-28T20:32:48.445114Z,2426.82,2426.83,0.01,2426.825,-0.06678973191150305485096641077
ETH-USD,2026-08-28T20:32:48.463892Z,2426.82,2426.83,0.01,2426.825,-0.06678973191150305485096641077
ETH-USD,2026-08-28T20:32:48.518217Z,2426.8,2426.81,0.01,2426.805,0.3072739231483779242404558268
ETH-USD,2026-08-28T20:32:48.60168Z,2426.8,2426.81,0.01,2426.805,0.3077950485994512321015005243
ETH-USD,2026-08-28T20:32:48.626528Z,2426.8,2426.81,0.01,2426.805,0.3077950485994512321015005243
ETH-USD,2026-08-28T20:32:48.692633Z,2426.8,2426.81,0.01,2426.805,0.2193940596311132564773849748
ETH-USD,2026-08-28T20:32:48.804784Z,2426.8,2426.81,0.01,2426.805,0.2193940596311132564773849748
ETH-USD,2026-08-28T20:32:48.897699Z,2426.8,2426.81,0.01,2426.805,0.2193940596311132564773849748
ETH-USD,2026-08-28T20:32:48.926447Z,2426.8,2426.81,0.01,2426.805,0.2193940596311132564773849748
ETH-USD,2026-08-28T20:32:48.980893Z,2426.8,2426.81,0.01,2426.805,0.2193940596311132564773849748
ETH-USD,2026-08-28T20:32:49.031633Z,2426.8,2426.81,0.01,2426.805,0.2193940596311132564773849748
ETH-USD,2026-08-28T20:32:49.102035Z,2426.8,2426.81,0.01,2426.805,0.2193940596311132564773849748
ETH-USD,2026-08-28T20:32:49.144936Z,2426.8,2426.81,0.01,2426.805,0.2193940596311132564773849748
ETH-USD,2026-08-28T20:32:49.19839Z,2426.8,2426.81,0.01,2426.805,0.2193940596311132564773849748
ETH-USD,2026-08-28T20:32:49.228877Z,2426.8,2426.81,0.01,2426.805,0.2193940596311132564773849748
ETH-USD,2026-08-28T20:32:49.265389Z,2426.8,2426.81,0.01,2426.805,0.2193940596311132564773849748
ETH-USD,2026-08-28T20:32:49.326025Z,2426.8,2426.81,0.01,2426.805,0.2193940596311132564773849748
ETH-USD,2026-08-28T20:32:49.411465Z,2426.8,2426.81,0.01,2426.805,0.2193940596311132564773849748
ETH-USD,2026-08-28T20:32:49.448268Z,2426.8,2426.81,0.01,2426.805,0.2916725868850697325229701812
ETH-USD,2026-08-28T20:32:49.498525Z,2426.8,2426.81,0.01,2426.805,0.2916224176494211554942263418
ETH-USD,2026-08-28T20:32:49.543457Z,2426.8,2426.81,0.01,2426.805,0.3566073915161058470159815359
ETH-USD,2026-08-28T20:32:49.597482Z,2426.8,2426.81,0.01,2426.805,0.3566073915161058470159815359
ETH-USD,2026-08-28T20:32:49.622664Z,2426.8,2426.81,0.01,2426.805,0.2153097621034440885009886539
ETH-USD,2026-08-28T20:32:49.712087Z,2426.8,2426.81,0.01,2426.805,0.2153097621034440885009886539
ETH-USD,2026-08-28T20:32:49.756481Z,2426.8,2426.81,0.01,2426.805,0.2153097621034440885009886539
ETH-USD,2026-08-28T20:32:49.785955Z,2426.8,2426.81,0.01,2426.805,0.2153097621034440885009886539
ETH-USD,2026-08-28T20:32:49.85643Z,2426.8,2426.83,0.03,2426.815,-0.1321540318936501704424052160
ETH-USD,2026-08-28T20:32:49.889986Z,2426.8,2426.83,0.03,2426.815,-0.1321540318936501704424052160
ETH-USD,2026-08-28T20:32:49.951654Z,2426.8,2426.83,0.03,2426.815,-0.2181633972852483487784666482
ETH-USD,2026-08-28T20:32:50.010039Z,2426.82,2426.83,0.01,2426.825,0.1019525241218184839670786088
ETH-USD,2026-08-28T20:32:50.054776Z,2426.82,2426.83,0.01,2426.825,0.2354391508361755047980039411
ETH-USD,2026-08-28T20:32:50.095026Z,2426.85,2426.86,0.01,2426.855,-0.2764845298016148377967096638
ETH-USD,2026-08-28T20:32:50.156825Z,2426.85,2426.86,0.01,2426.855,0.3912834882666526288066969752
ETH-USD,2026-08-28T20:32:50.197377Z,2426.85,2426.86,0.01,2426.855,0.2217831294043616519254748614
ETH-USD,2026-08-28T20:32:50.24532Z,2426.85,2426.86,0.01,2426.855,-0.03493991857728671348067008500
ETH-USD,2026-08-28T20:32:50.271548Z,2426.85,2426.86,0.01,2426.855,-0.03493991857728671348067008500
ETH-USD,2026-08-28T20:32:50.345256Z,2426.85,2426.86,0.01,2426.855,-0.02167018886418356154296271922
ETH-USD,2026-08-28T20:32:50.356215Z,2426.85,2426.86,0.01,2426.855,0.02488214139176597948694633288
ETH-USD,2026-08-28T20:32:50.448135Z,2426.85,2426.86,0.01,2426.855,0.02970498352142071694641754016
ETH-USD,2026-08-28T20:32:50.494635Z,2426.85,2426.86,0.01,2426.855,0.1179959385855851566024416203
ETH-USD,2026-08-28T20:32:50.544526Z,2427.04,2427.21,0.17,2427.125,0.7844703435226720283322157300
ETH-USD,2026-08-28T20:32:50.586304Z,2427.14,2427.3,0.16,2427.22,0.5709274961205565180687658259
ETH-USD,2026-08-28T20:32:50.669953Z,2427.17,2427.29,0.12,2427.23,0.5558410635600944335200135190
ETH-USD,2026-08-28T20:32:51.02598Z,2427.18,2427.31,0.13,2427.245,-0.4495362777790200643849432218
ETH-USD,2026-08-28T20:32:51.071331Z,2427.18,2427.31,0.13,2427.245,-0.4495362777790200643849432218
ETH-USD,2026-08-28T20:32:51.124002Z,2427.29,2427.31,0.02,2427.30,-0.3460626427847554462862114123
ETH-USD,2026-08-28T20:32:51.192994Z,2427.29,2427.3,0.01,2427.295,0.1713291020188349989638767896
ETH-USD,2026-08-28T20:32:51.217953Z,2427.29,2427.3,0.01,2427.295,0.1713291020188349989638767896
ETH-USD,2026-08-28T20:32:51.280576Z,2427.29,2427.3,0.01,2427.295,0.1742868584415143709806558772
ETH-USD,2026-08-28T20:32:51.320896Z,2427.29,2427.3,0.01,2427.295,0.1742868584415143709806558772
ETH-USD,2026-08-28T20:32:51.354642Z,2427.29,2427.3,0.01,2427.295,-0.3867839671304143581918536263
ETH-USD,2026-08-28T20:32:51.408743Z,2427.29,2427.3,0.01,2427.295,0.1199110730705561056510112712
ETH-USD,2026-08-28T20:32:51.45449Z,2427.29,2427.31,0.02,2427.30,-0.4207391794376731489846031809
ETH-USD,2026-08-28T20:32:51.5189Z,2427.29,2427.3,0.01,2427.295,0.3732759302842035849310432115
ETH-USD,2026-08-28T20:32:51.546638Z,2427.29,2427.3,0.01,2427.295,-0.03788884752449238701684535281
ETH-USD,2026-08-28T20:32:51.605321Z,2427.29,2427.3,0.01,2427.295,0.01276486000939327300791466840
ETH-USD,2026-08-28T20:32:51.626692Z,2427.29,2427.3,0.01,2427.295,-0.03788884752449238701684535281
ETH-USD,2026-08-28T20:32:51.679481Z,2427.29,2427.3,0.01,2427.295,0.1101729611867917949353408184
ETH-USD,2026-08-28T20:32:51.730177Z,2427.29,2427.3,0.01,2427.295,0.1101729611867917949353408184
ETH-USD,2026-08-28T20:32:51.7877Z,2427.29,2427.3,0.01,2427.295,0.1101729611867917949353408184
ETH-USD,2026-08-28T20:32:51.843677Z,2427.29,2427.3,0.01,2427.295,0.1101729611867917949353408184
ETH-USD,2026-08-28T20:32:51.898373Z,2427.29,2427.3,0.01,2427.295,0.1101729611867917949353408184
ETH-USD,2026-08-28T20:32:51.951788Z,2427.29,2427.3,0.01,2427.295,0.1313778166363419709086172665
ETH-USD,2026-08-28T20:32:51.996738Z,2427.29,2427.3,0.01,2427.295,0.1807929295590630869038053239
ETH-USD,2026-08-28T20:32:52.029127Z,2427.29,2427.3,0.01,2427.295,0.1807929295590630869038053239
ETH-USD,2026-08-28T20:32:52.150489Z,2427.29,2427.3,0.01,2427.295,0.1807929295590630869038053239
ETH-USD,2026-08-28T20:32:52.18987Z,2427.29,2427.3,0.01,2427.295,0.1240746534815988065129639869
ETH-USD,2026-08-28T20:32:52.253676Z,2427.29,2427.3,0.01,2427.295,0.1240746534815988065129639869
ETH-USD,2026-08-28T20:32:52.284353Z,2427.29,2427.3,0.01,2427.295,0.1240746534815988065129639869
ETH-USD,2026-08-28T20:32:52.354634Z,2427.29,2427.3,0.01,2427.295,-0.04225622068025665566391601379
ETH-USD,2026-08-28T20:32:52.400284Z,2427.14,2427.15,0.01,2427.145,0.01214132814187491037872787306
ETH-USD,2026-08-28T20:32:52.450945Z,2427.14,2427.15,0.01,2427.145,0.1154426303916820901920688391
ETH-USD,2026-08-28T20:32:52.501288Z,2427.16,2427.17,0.01,2427.165,0.6995602283449621591786983313
ETH-USD,2026-08-28T20:32:52.549977Z,2427.22,2427.3,0.08,2427.26,-0.3173205759368178770486148064
ETH-USD,2026-08-28T20:32:52.599375Z,2427.29,2427.3,0.01,2427.295,-0.3849492334099572221158059875
ETH-USD,2026-08-28T20:32:52.633289Z,2427.29,2427.3,0.01,2427.295,0.4063238690999482102383016998
ETH-USD,2026-08-28T20:32:52.696513Z,2427.29,2427.3,0.01,2427.295,0.3887956000525878238295963497
ETH-USD,2026-08-28T20:32:52.753738Z,2427.18,2427.3,0.12,2427.24,0.6680079934071176316005639571
ETH-USD,2026-08-28T20:32:52.796339Z,2427.18,2427.3,0.12,2427.24,0.6680079934071176316005639571
ETH-USD,2026-08-28T20:32:52.854653Z,2427.18,2427.3,0.12,2427.24,0.6680079934071176316005639571
ETH-USD,2026-08-28T20:32:52.947549Z,2427,2427.17,0.17,2427.085,0.2203586385129732718654593803
ETH-USD,2026-08-28T20:32:53.00274Z,2427.16,2427.17,0.01,2427.165,0.01279539792373205175639150402
ETH-USD,2026-08-28T20:32:53.033486Z,2427.16,2427.17,0.01,2427.165,0.09538237979407671675450711770
ETH-USD,2026-08-28T20:32:53.095762Z,2427.16,2427.17,0.01,2427.165,0.3593668903614420402190873042
ETH-USD,2026-08-28T20:32:53.154604Z,2427.16,2427.17,0.01,2427.165,0.3049145011628387604914170950
ETH-USD,2026-08-28T20:32:53.199704Z,2427.16,2427.17,0.01,2427.165,0.5173760573010013434455160313
ETH-USD,2026-08-28T20:32:53.225509Z,2427.16,2427.17,0.01,2427.165,0.5649987546365660262994864929
ETH-USD,2026-08-28T20:32:53.302225Z,2427.2,2427.3,0.1,2427.25,0.9042580111052384069670952171
ETH-USD,2026-08-28T20:32:53.343293Z,2427.2,2427.3,0.1,2427.25,0.4124698788239039214224231790
ETH-USD,2026-08-28T20:32:53.358376Z,2427.2,2427.3,0.1,2427.25,0.4124698788239039214224231790
ETH-USD,2026-08-28T20:32:53.457701Z,2427.29,2427.3,0.01,2427.295,0.5047884140094426702291751733
ETH-USD,2026-08-28T20:32:53.558713Z,2427.29,2427.3,0.01,2427.295,0.1452339502454075102552222075
ETH-USD,2026-08-28T20:32:53.600249Z,2427.29,2427.3,0.01,2427.295,-0.02153570666356787010700504379
ETH-USD,2026-08-28T20:32:53.627661Z,2427.29,2427.3,0.01,2427.295,-0.02153570666356787010700504379
ETH-USD,2026-08-28T20:32:53.701964Z,2427.29,2427.3,0.01,2427.295,-0.02153570666356787010700504379
ETH-USD,2026-08-28T20:32:53.732698Z,2427.29,2427.3,0.01,2427.295,-0.02153570666356787010700504379
ETH-USD,2026-08-28T20:32:53.826276Z,2427.29,2427.3,0.01,2427.295,-0.02153570666356787010700504379
ETH-USD,2026-08-28T20:32:53.881845Z,2427.29,2427.3,0.01,2427.295,-0.02153570666356787010700504379
ETH-USD,2026-08-28T20:32:53.909079Z,2427.29,2427.3,0.01,2427.295,-0.02153570666356787010700504379
ETH-USD,2026-08-28T20:32:54.040511Z,2427.29,2427.3,0.01,2427.295,-0.02153570666356787010700504379
ETH-USD,2026-08-28T20:32:54.089518Z,2427.29,2427.3,0.01,2427.295,0.06617045275066173899915824455
ETH-USD,2026-08-28T20:32:54.125274Z,2427.29,2427.3,0.01,2427.295,-0.02153570666356787010700504379
ETH-USD,2026-08-28T20:32:54.202042Z,2427.29,2427.3,0.01,2427.295,-0.02153570666356787010700504379
ETH-USD,2026-08-28T20:32:54.234043Z,2427.29,2427.3,0.01,2427.295,-0.02153570666356787010700504379
ETH-USD,2026-08-28T20:32:54.306062Z,2427.29,2427.3,0.01,2427.295,-0.02153570666356787010700504379
ETH-USD,2026-08-28T20:32:54.353304Z,2427.29,2427.3,0.01,2427.295,0.06237080702133815590353382307
ETH-USD,2026-08-28T20:32:54.401495Z,2427.29,2427.3,0.01,2427.295,0.06237080702133815590353382307
ETH-USD,2026-08-28T20:32:54.425073Z,2427.29,2427.3,0.01,2427.295,0.06237080702133815590353382307
ETH-USD,2026-08-28T20:32:54.493289Z,2427.29,2427.3,0.01,2427.295,0.06237080702133815590353382307
ETH-USD,2026-08-28T20:32:54.538004Z,2427.29,2427.3,0.01,2427.295,0.1279832868565790183540894422
ETH-USD,2026-08-28T20:32:54.581527Z,2427.29,2427.3,0.01,2427.295,0.1279832868565790183540894422
ETH-USD,2026-08-28T20:32:54.64371Z,2427.29,2427.3,0.01,2427.295,0.1279832868565790183540894422
ETH-USD,2026-08-28T20:32:54.695382Z,2427.29,2427.3,0.01,2427.295,0.1279832868565790183540894422
ETH-USD,2026-08-28T20:32:54.740087Z,2427.29,2427.3,0.01,2427.295,0.1289063947369644179352533091
ETH-USD,2026-08-28T20:32:54.765904Z,2427.29,2427.3,0.01,2427.295,0.1289063947369644179352533091
ETH-USD,2026-08-28T20:32:54.91291Z,2427.29,2427.3,0.01,2427.295,0.1289063947369644179352533091
ETH-USD,2026-08-28T20:32:54.962224Z,2427.29,2427.3,0.01,2427.295,0.1467590624693208659594007681
ETH-USD,2026-08-28T20:32:54.989241Z,2427.29,2427.3,0.01,2427.295,0.1467590624693208659594007681
ETH-USD,2026-08-28T20:32:55.05144Z,2427.29,2427.3,0.01,2427.295,-0.5994694904065969455146377073
ETH-USD,2026-08-28T20:32:55.087533Z,2427.29,2427.3,0.01,2427.295,-0.2337225717813254487449677915
ETH-USD,2026-08-28T20:32:55.157706Z,2427.29,2427.3,0.01,2427.295,-0.5824645811860064765382177652
ETH-USD,2026-08-28T20:32:55.205778Z,2427.29,2427.3,0.01,2427.295,-0.6514925640508052379006830273
ETH-USD,2026-08-28T20:32:55.261508Z,2427.29,2427.3,0.01,2427.295,-0.5609452009488885199023398703
ETH-USD,2026-08-28T20:32:55.299608Z,2427.09,2427.1,0.01,2427.095,-0.1921491528266893104016506962
ETH-USD,2026-08-28T20:32:55.352156Z,2427.05,2427.09,0.04,2427.07,0.1039644253062444300606505956
ETH-USD,2026-08-28T20:32:55.410733Z,2427.1,2427.11,0.01,2427.105,-0.01361224066584272193248222985
ETH-USD,2026-08-28T20:32:55.444265Z,2427.1,2427.11,0.01,2427.105,-0.01361224066584272193248222985
ETH-USD,2026-08-28T20:32:55.510044Z,2427.1,2427.11,0.01,2427.105,-0.04308432465589297686282946628
ETH-USD,2026-08-28T20:32:55.559074Z,2427.1,2427.11,0.01,2427.105,-0.04308432465589297686282946628
ETH-USD,2026-08-28T20:32:55.635705Z,2427.1,2427.11,0.01,2427.105,-0.04308432465589297686282946628
ETH-USD,2026-08-28T20:32:55.712578Z,2427.1,2427.11,0.01,2427.105,-0.04308432465589297686282946628
ETH-USD,2026-08-28T20:32:55.762254Z,2427.1,2427.11,0.01,2427.105,0.05276865668866394854698388276
ETH-USD,2026-08-28T20:32:55.807638Z,2427.1,2427.11,0.01,2427.105,-0.01318522355448194549185530719
ETH-USD,2026-08-28T20:32:55.869267Z,2427.1,2427.11,0.01,2427.105,0.04132357030817116777620471722
ETH-USD,2026-08-28T20:32:55.926371Z,2427.1,2427.11,0.01,2427.105,0.04132357030817116777620471722
ETH-USD,2026-08-28T20:32:55.983884Z,2427.1,2427.11,0.01,2427.105,0.04132357030817116777620471722
ETH-USD,2026-08-28T20:32:56.06752Z,2427.1,2427.11,0.01,2427.105,-0.01318522355448194549185530719
ETH-USD,2026-08-28T20:32:56.14004Z,2427.1,2427.11,0.01,2427.105,-0.01318522355448194549185530719
ETH-USD,2026-08-28T20:32:56.203529Z,2427.1,2427.11,0.01,2427.105,-0.01318522355448194549185530719
ETH-USD,2026-08-28T20:32:56.252009Z,2427.1,2427.11,0.01,2427.105,-0.01318522355448194549185530719
ETH-USD,2026-08-28T20:32:56.307187Z,2427.19,2427.27,0.08,2427.23,0.3497961738131387143413512000
ETH-USD,2026-08-28T20:32:56.342306Z,2427.11,2427.25,0.14,2427.18,0.5295608476296843418224857880
ETH-USD,2026-08-28T20:32:56.358238Z,2427.11,2427.25,0.14,2427.18,0.6135428131372705731987077381
ETH-USD,2026-08-28T20:32:56.450601Z,2427.23,2427.24,0.01,2427.235,0.5625476122217984185988488332
ETH-USD,2026-08-28T20:32:56.508563Z,2427.11,2427.22,0.11,2427.165,0.7956621300658383453814185217
ETH-USD,2026-08-28T20:32:56.529379Z,2427.11,2427.22,0.11,2427.165,0.6867084865647829457171367058
ETH-USD,2026-08-28T20:32:56.585314Z,2427.11,2427.21,0.10,2427.16,0.7252367660221043633215340856
ETH-USD,2026-08-28T20:32:56.642664Z,2427.11,2427.21,0.10,2427.16,0.6260355070437828752366820243
ETH-USD,2026-08-28T20:32:56.735126Z,2427.11,2427.2,0.09,2427.155,0.6135429045379673236344150653
ETH-USD,2026-08-28T20:32:56.855826Z,2427.11,2427.2,0.09,2427.155,0.5295609531018461038962469626
ETH-USD,2026-08-28T20:32:56.900752Z,2427.19,2427.2,0.01,2427.195,0.4538882495577463094887439976
ETH-USD,2026-08-28T20:32:56.93217Z,2427.19,2427.2,0.01,2427.195,0.4538882495577463094887439976
ETH-USD,2026-08-28T20:32:56.996889Z,2427.19,2427.2,0.01,2427.195,0.4538882495577463094887439976
ETH-USD,2026-08-28T20:32:57.028773Z,2427.19,2427.2,0.01,2427.195,0.3412634936090452738292945828
ETH-USD,2026-08-28T20:32:57.063384Z,2427.19,2427.2,0.01,2427.195,0.3412634936090452738292945828
ETH-USD,2026-08-28T20:32:57.142785Z,2427.29,2427.3,0.01,2427.295,0.8824789784118090243684878919
ETH-USD,2026-08-28T20:32:57.188301Z,2427.29,2427.3,0.01,2427.295,-0.2040348802484057005099609336
ETH-USD,2026-08-28T20:32:57.241283Z,2427.29,2427.3,0.01,2427.295,-0.2334772399914147044787645555
ETH-USD,2026-08-28T20:32:57.301471Z,2427.29,2427.3,0.01,2427.295,-0.3952329757800308967886145537
ETH-USD,2026-08-28T20:32:57.34086Z,2427.29,2427.3,0.01,2427.295,0.08828557008573269827775768292
ETH-USD,2026-08-28T20:32:57.42125Z,2427.29,2427.3,0.01,2427.295,0.08828557008573269827775768292
ETH-USD,2026-08-28T20:32:57.448433Z,2427.27,2427.3,0.03,2427.285,0.1848798396736963943981362093
ETH-USD,2026-08-28T20:32:57.48874Z,2427.27,2427.3,0.03,2427.285,0.1848798396736963943981362093
ETH-USD,2026-08-28T20:32:57.562912Z,2427.29,2427.3,0.01,2427.295,0.08828557008573269827775768292
ETH-USD,2026-08-28T20:32:57.60592Z,2427.33,2427.43,0.10,2427.38,0.5542794233338545185328839568
ETH-USD,2026-08-28T20:32:57.657322Z,2427.33,2427.43,0.10,2427.38,0.5154548558091191107767008388
ETH-USD,2026-08-28T20:32:57.705711Z,2427.33,2427.41,0.08,2427.37,0.5171492491428812484614475262
ETH-USD,2026-08-28T20:32:57.752547Z,2427.33,2427.35,0.02,2427.34,0.3356879540003496914380811645
ETH-USD,2026-08-28T20:32:57.800995Z,2427.33,2427.34,0.01,2427.335,0.4336451157611653827258536283
ETH-USD,2026-08-28T20:32:57.854929Z,2427.44,2427.5,0.06,2427.47,-0.3182931107831395575253737917
ETH-USD,2026-08-28T20:32:57.903438Z,2427.47,2427.48,0.01,2427.475,-0.3152600710635772626625449648
ETH-USD,2026-08-28T20:32:58.005741Z,2427.47,2427.48,0.01,2427.475,-0.3152600710635772626625449648
ETH-USD,2026-08-28T20:32:58.050556Z,2427.47,2427.48,0.01,2427.475,-0.3152600710635772626625449648
ETH-USD,2026-08-28T20:32:58.084905Z,2427.45,2427.46,0.01,2427.455,0.1355567559399310975294546119
ETH-USD,2026-08-28T20:32:58.154723Z,2427.45,2427.46,0.01,2427.455,-0.4484507985231821299624607508
ETH-USD,2026-08-28T20:32:58.198424Z,2427.45,2427.46,0.01,2427.455,-0.4248941258256324783654125444
ETH-USD,2026-08-28T20:32:58.256865Z,2427.45,2427.46,0.01,2427.455,-0.3983164190663690848295407771
ETH-USD,2026-08-28T20:32:58.301351Z,2427.44,2427.48,0.04,2427.46,-0.3886807510893852444759891100
ETH-USD,2026-08-28T20:32:58.33922Z,2427.51,2427.52,0.01,2427.515,-0.3025623723505690061184632097
ETH-USD,2026-08-28T20:32:58.355631Z,2427.51,2427.52,0.01,2427.515,-0.3025623723505690061184632097
ETH-USD,2026-08-28T20:32:58.437033Z,2427.51,2427.52,0.01,2427.515,-0.3024740657129273469396291330
ETH-USD,2026-08-28T20:32:58.485507Z,2427.51,2427.52,0.01,2427.515,-0.3024740657129273469396291330
ETH-USD,2026-08-28T20:32:58.527953Z,2427.51,2427.52,0.01,2427.515,-0.3024740657129273469396291330
ETH-USD,2026-08-28T20:32:58.611787Z,2427.51,2427.52,0.01,2427.515,-0.4002350505802102395545676411
ETH-USD,2026-08-28T20:32:58.637656Z,2427.51,2427.52,0.01,2427.515,-0.4002350505802102395545676411
ETH-USD,2026-08-28T20:32:58.712416Z,2427.51,2427.52,0.01,2427.515,-0.3859686095016619047058164962
ETH-USD,2026-08-28T20:32:58.72098Z,2427.51,2427.52,0.01,2427.515,-0.3859686095016619047058164962
ETH-USD,2026-08-28T20:32:58.82243Z,2427.51,2427.52,0.01,2427.515,-0.3859686095016619047058164962
ETH-USD,2026-08-28T20:32:58.843161Z,2427.51,2427.52,0.01,2427.515,-0.3859686095016619047058164962
ETH-USD,2026-08-28T20:32:58.936037Z,2427.51,2427.52,0.01,2427.515,-0.3859686095016619047058164962
ETH-USD,2026-08-28T20:32:59.055515Z,2427.51,2427.52,0.01,2427.515,-0.3859686095016619047058164962
ETH-USD,2026-08-28T20:32:59.104459Z,2427.51,2427.52,0.01,2427.515,-0.3859686095016619047058164962
ETH-USD,2026-08-28T20:32:59.165018Z,2427.51,2427.52,0.01,2427.515,-0.3859686095016619047058164962
ETH-USD,2026-08-28T20:32:59.229418Z,2427.51,2427.52,0.01,2427.515,-0.3859686095016619047058164962
ETH-USD,2026-08-28T20:32:59.356605Z,2427.51,2427.52,0.01,2427.515,-0.3859686095016619047058164962
ETH-USD,2026-08-28T20:32:59.40066Z,2427.51,2427.52,0.01,2427.515,-0.6498004053811588959548002836
ETH-USD,2026-08-28T20:32:59.425291Z,2427.51,2427.52,0.01,2427.515,-0.6571801417238078036586774969
ETH-USD,2026-08-28T20:32:59.503602Z,2427.51,2427.52,0.01,2427.515,-0.6658921010402216748399115478
ETH-USD,2026-08-28T20:32:59.544233Z,2427.51,2427.52,0.01,2427.515,-0.6714608891220765824466465476
ETH-USD,2026-08-28T20:32:59.562287Z,2427.51,2427.52,0.01,2427.515,-0.6714608891220765824466465476
ETH-USD,2026-08-28T20:32:59.645943Z,2427.51,2427.52,0.01,2427.515,-0.6714608891220765824466465476
ETH-USD,2026-08-28T20:32:59.697548Z,2427.51,2427.52,0.01,2427.515,-0.6569018649145475668275486218
ETH-USD,2026-08-28T20:32:59.761446Z,2427.51,2427.52,0.01,2427.515,-0.6569018649145475668275486218
ETH-USD,2026-08-28T20:32:59.768497Z,2427.51,2427.52,0.01,2427.515,-0.6569018649145475668275486218
ETH-USD,2026-08-28T20:32:59.853234Z,2427.51,2427.52,0.01,2427.515,-0.8283973367487137993089977985
ETH-USD,2026-08-28T20:32:59.88016Z,2427.51,2427.52,0.01,2427.515,-0.8283973367487137993089977985
ETH-USD,2026-08-28T20:32:59.956533Z,2427.51,2427.52,0.01,2427.515,-0.6553863129946327129183409237
ETH-USD,2026-08-28T20:32:59.999753Z,2427.51,2427.52,0.01,2427.515,-0.6553863129946327129183409237
ETH-USD,2026-08-28T20:33:00.051841Z,2427.51,2427.52,0.01,2427.515,-0.7212962643007257172702104924
ETH-USD,2026-08-28T20:33:00.086274Z,2427.51,2427.52,0.01,2427.515,-0.7896212068951298612881639067
ETH-USD,2026-08-28T20:33:00.12577Z,2427.51,2427.52,0.01,2427.515,-0.7896212068951298612881639067
ETH-USD,2026-08-28T20:33:00.178723Z,2427.51,2427.52,0.01,2427.515,-0.7896212068951298612881639067
ETH-USD,2026-08-28T20:33:00.249159Z,2427.51,2427.52,0.01,2427.515,-0.7896212068951298612881639067
ETH-USD,2026-08-28T20:33:00.300129Z,2427.51,2427.52,0.01,2427.515,-0.6758807751416792682880125752
ETH-USD,2026-08-28T20:33:00.330681Z,2427.51,2427.52,0.01,2427.515,-0.6758807751416792682880125752
ETH-USD,2026-08-28T20:33:00.404169Z,2427.51,2427.52,0.01,2427.515,-0.6758807751416792682880125752
ETH-USD,2026-08-28T20:33:00.453409Z,2427.51,2427.52,0.01,2427.515,-0.6017157613941755638404365907
ETH-USD,2026-08-28T20:33:00.493481Z,2427.51,2427.52,0.01,2427.515,-0.6017157613941755638404365907
ETH-USD,2026-08-28T20:33:00.538676Z,2427.51,2427.52,0.01,2427.515,-0.6017157613941755638404365907
ETH-USD,2026-08-28T20:33:00.602999Z,2427.51,2427.52,0.01,2427.515,-0.3613264633034625998899038411
ETH-USD,2026-08-28T20:33:00.670267Z,2427.51,2427.52,0.01,2427.515,0.09430257418456111177426279462
ETH-USD,2026-08-28T20:33:00.696503Z,2427.51,2427.52,0.01,2427.515,0.09430257418456111177426279462
ETH-USD,2026-08-28T20:33:00.750912Z,2427.51,2427.52,0.01,2427.515,0.05733918070334284119447131262
ETH-USD,2026-08-28T20:33:01.036958Z,2427.51,2427.52,0.01,2427.515,-0.08132228669687611655934353981
ETH-USD,2026-08-28T20:33:01.074148Z,2427.51,2427.52,0.01,2427.515,-0.08132228669687611655934353981
ETH-USD,2026-08-28T20:33:01.091995Z,2427.51,2427.52,0.01,2427.515,-0.08132228669687611655934353981
ETH-USD,2026-08-28T20:33:01.120345Z,2427.51,2427.52,0.01,2427.515,-0.08132228669687611655934353981
ETH-USD,2026-08-28T20:33:01.234261Z,2427.51,2427.52,0.01,2427.515,-0.3676643865803662961674594779
ETH-USD,2026-08-28T20:33:01.266797Z,2427.51,2427.52,0.01,2427.515,-0.3428768664266248922519301010
ETH-USD,2026-08-28T20:33:01.289631Z,2427.51,2427.52,0.01,2427.515,-0.3084935266147685981211932556
ETH-USD,2026-08-28T20:33:01.324771Z,2427.51,2427.52,0.01,2427.515,-0.3084935266147685981211932556
ETH-USD,2026-08-28T20:33:01.392809Z,2427.51,2427.52,0.01,2427.515,0.04712976036988153657604818116
ETH-USD,2026-08-28T20:33:01.444964Z,2427.51,2427.52,0.01,2427.515,0.008695070078124217567439261447
ETH-USD,2026-08-28T20:33:01.477299Z,2427.51,2427.52,0.01,2427.515,-0.08314695114505099485533523164
ETH-USD,2026-08-28T20:33:01.561641Z,2427.51,2427.52,0.01,2427.515,-0.08314695114505099485533523164
ETH-USD,2026-08-28T20:33:01.607851Z,2427.51,2427.52,0.01,2427.515,-0.08314695114505099485533523164
ETH-USD,2026-08-28T20:33:01.643714Z,2427.51,2427.52,0.01,2427.515,-0.08314695114505099485533523164
ETH-USD,2026-08-28T20:33:01.696446Z,2427.51,2427.52,0.01,2427.515,-0.08314695114505099485533523164
ETH-USD,2026-08-28T20:33:01.752235Z,2427.51,2427.52,0.01,2427.515,-0.04483985869952421883714830317
ETH-USD,2026-08-28T20:33:01.803683Z,2427.51,2427.52,0.01,2427.515,-0.04483985869952421883714830317
ETH-USD,2026-08-28T20:33:01.855765Z,2427.51,2427.52,0.01,2427.515,-0.6002728597764750721225635906
ETH-USD,2026-08-28T20:33:01.901746Z,2427.51,2427.52,0.01,2427.515,-0.5087698958578790524612742591
ETH-USD,2026-08-28T20:33:01.956151Z,2427.51,2427.52,0.01,2427.515,-0.05995484488225591899278085849
ETH-USD,2026-08-28T20:33:01.972191Z,2427.51,2427.52,0.01,2427.515,-0.05995484488225591899278085849
ETH-USD,2026-08-28T20:33:02.052394Z,2427.51,2427.52,0.01,2427.515,-0.05995484488225591899278085849
ETH-USD,2026-08-28T20:33:02.100487Z,2427.51,2427.52,0.01,2427.515,-0.05995484488225591899278085849
ETH-USD,2026-08-28T20:33:02.160588Z,2427.51,2427.52,0.01,2427.515,-0.4985886351814251056585170936
ETH-USD,2026-08-28T20:33:02.2083Z,2427.51,2427.52,0.01,2427.515,-0.04483985869952421883714830317
ETH-USD,2026-08-28T20:33:02.251023Z,2427.51,2427.52,0.01,2427.515,-0.3874044342523861596953219906
ETH-USD,2026-08-28T20:33:02.302482Z,2427.51,2427.52,0.01,2427.515,-0.2751460553457271399558039029
ETH-USD,2026-08-28T20:33:02.361192Z,2427.51,2427.52,0.01,2427.515,-0.6337767509368006058180490957
ETH-USD,2026-08-28T20:33:02.401713Z,2427.51,2427.52,0.01,2427.515,-0.2884422406679861959391421582
ETH-USD,2026-08-28T20:33:02.445218Z,2427.51,2427.52,0.01,2427.515,-0.3636258357125863588929342828
ETH-USD,2026-08-28T20:33:02.481966Z,2427.51,2427.52,0.01,2427.515,-0.3434350190114145813591963449
ETH-USD,2026-08-28T20:33:02.559287Z,2427.51,2427.52,0.01,2427.515,-0.4484676710134912038410639512
ETH-USD,2026-08-28T20:33:02.612202Z,2427.51,2427.52,0.01,2427.515,-0.2391503366739686766050325310
ETH-USD,2026-08-28T20:33:02.660603Z,2427.51,2427.52,0.01,2427.515,-0.3878389860761956668247074405
ETH-USD,2026-08-28T20:33:02.70832Z,2427.51,2427.52,0.01,2427.515,-0.5637236501850480328748761509
ETH-USD,2026-08-28T20:33:02.763948Z,2427.51,2427.52,0.01,2427.515,-0.3980278177286429440808872710
ETH-USD,2026-08-28T20:33:02.80614Z,2427.51,2427.52,0.01,2427.515,-0.4057837837300901642892671758
ETH-USD,2026-08-28T20:33:02.855372Z,2427.51,2427.52,0.01,2427.515,-0.4880473132045943211025322060
ETH-USD,2026-08-28T20:33:02.908731Z,2427.51,2427.52,0.01,2427.515,-0.3654211366236240917156677616
ETH-USD,2026-08-28T20:33:02.96498Z,2427.51,2427.52,0.01,2427.515,-0.4080677091965775920070664354
ETH-USD,2026-08-28T20:33:03.050732Z,2427.51,2427.52,0.01,2427.515,-0.3654188215818026480403557590
ETH-USD,2026-08-28T20:33:03.082472Z,2427.51,2427.52,0.01,2427.515,-0.3654188215818026480403557590
ETH-USD,2026-08-28T20:33:03.147712Z,2427.51,2427.52,0.01,2427.515,-0.3654207115087534706525446847
ETH-USD,2026-08-28T20:33:03.241735Z,2427.51,2427.52,0.01,2427.515,-0.2594580803358869010054186055
ETH-USD,2026-08-28T20:33:03.288803Z,2427.51,2427.52,0.01,2427.515,-0.2594580803358869010054186055
ETH-USD,2026-08-28T20:33:03.421983Z,2427.51,2427.52,0.01,2427.515,-0.2580247275410259470066716692
ETH-USD,2026-08-28T20:33:03.506306Z,2427.51,2427.52,0.01,2427.515,-0.2580247275410259470066716692
ETH-USD,2026-08-28T20:33:03.515397Z,2427.51,2427.52,0.01,2427.515,-0.2580247275410259470066716692
ETH-USD,2026-08-28T20:33:03.633014Z,2427.03,2427.12,0.09,2427.075,-0.4467363633687268948329616152
ETH-USD,2026-08-28T20:33:03.849539Z,2426.95,2426.96,0.01,2426.955,-0.05383467866759071597657743273
ETH-USD,2026-08-28T20:33:04.007862Z,2426.95,2426.96,0.01,2426.955,0.1871336837719962330791177870
ETH-USD,2026-08-28T20:33:04.055547Z,2426.95,2426.96,0.01,2426.955,0.1871336837719962330791177870
ETH-USD,2026-08-28T20:33:04.086582Z,2426.95,2426.96,0.01,2426.955,0.1871766829886123131148222929
ETH-USD,2026-08-28T20:33:04.131537Z,2426.95,2426.96,0.01,2426.955,0.1871766829886123131148222929
ETH-USD,2026-08-28T20:33:04.193959Z,2426.95,2426.96,0.01,2426.955,0.1340659779138422076151706170
ETH-USD,2026-08-28T20:33:04.222803Z,2426.95,2426.96,0.01,2426.955,0.1779743162450888055818124750
ETH-USD,2026-08-28T20:33:04.293198Z,2426.95,2426.96,0.01,2426.955,-0.1268490088341540549940933264
ETH-USD,2026-08-28T20:33:04.350925Z,2426.95,2426.96,0.01,2426.955,-0.006977411889017244674837672005
ETH-USD,2026-08-28T20:33:04.403797Z,2426.95,2426.96,0.01,2426.955,-0.1580071021259527073015936164
ETH-USD,2026-08-28T20:33:04.445454Z,2426.95,2426.96,0.01,2426.955,-0.1580071021259527073015936164
ETH-USD,2026-08-28T20:33:04.486566Z,2426.95,2426.96,0.01,2426.955,-0.1580071021259527073015936164
ETH-USD,2026-08-28T20:33:04.55274Z,2426.95,2426.96,0.01,2426.955,-0.2104505522047195122864299185
ETH-USD,2026-08-28T20:33:04.591356Z,2426.95,2426.96,0.01,2426.955,-0.2104505522047195122864299185
ETH-USD,2026-08-28T20:33:04.656186Z,2426.95,2426.96,0.01,2426.955,-0.06747056087411459102528214004
ETH-USD,2026-08-28T20:33:04.747744Z,2426.95,2426.96,0.01,2426.955,-0.06747056087411459102528214004
ETH-USD,2026-08-28T20:33:04.792505Z,2426.95,2426.96,0.01,2426.955,-0.06747056087411459102528214004
ETH-USD,2026-08-28T20:33:04.840804Z,2426.95,2426.96,0.01,2426.955,-0.06747056087411459102528214004
ETH-USD,2026-08-28T20:33:04.909389Z,2426.95,2426.96,0.01,2426.955,-0.06747056087411459102528214004
ETH-USD,2026-08-28T20:33:04.955586Z,2426.95,2426.96,0.01,2426.955,-0.07548801074615034169851680819
ETH-USD,2026-08-28T20:33:05.006845Z,2426.95,2426.96,0.01,2426.955,0.01421563914034078538832678913
ETH-USD,2026-08-28T20:33:05.037777Z,2426.95,2426.96,0.01,2426.955,0.1171331667435143494018303480
ETH-USD,2026-08-28T20:33:05.086257Z,2426.95,2426.96,0.01,2426.955,-0.04006257444539020342107939156
ETH-USD,2026-08-28T20:33:05.13819Z,2426.95,2426.96,0.01,2426.955,-0.03935864475736227837601163434
ETH-USD,2026-08-28T20:33:05.159942Z,2426.95,2426.96,0.01,2426.955,-0.1801991319866924020269347213
ETH-USD,2026-08-28T20:33:05.250343Z,2426.95,2426.96,0.01,2426.955,-0.05275981984277566473913578901
ETH-USD,2026-08-28T20:33:05.278376Z,2426.95,2426.96,0.01,2426.955,0.001572712838084183298104828915
ETH-USD,2026-08-28T20:33:05.352152Z,2426.95,2426.96,0.01,2426.955,0.001572712838084183298104828915
ETH-USD,2026-08-28T20:33:05.414991Z,2426.95,2426.96,0.01,2426.955,0.001572712838084183298104828915
ETH-USD,2026-08-28T20:33:05.431548Z,2426.95,2426.96,0.01,2426.955,0.001572712838084183298104828915
ETH-USD,2026-08-28T20:33:05.478652Z,2426.95,2426.96,0.01,2426.955,0.001572712838084183298104828915
ETH-USD,2026-08-28T20:33:05.546092Z,2426.95,2426.96,0.01,2426.955,0.001572712838084183298104828915
ETH-USD,2026-08-28T20:33:05.609692Z,2426.95,2426.96,0.01,2426.955,-0.05275981984277566473913578901
ETH-USD,2026-08-28T20:33:05.651207Z,2426.95,2426.96,0.01,2426.955,0.001572712838084183298104828915
ETH-USD,2026-08-28T20:33:05.744637Z,2426.95,2426.96,0.01,2426.955,-0.1572412948924251387077697940
ETH-USD,2026-08-28T20:33:05.859989Z,2426.95,2426.96,0.01,2426.955,-0.1573721567386025062845995089
ETH-USD,2026-08-28T20:33:05.943188Z,2426.95,2426.96,0.01,2426.955,-0.1573721567386025062845995089
ETH-USD,2026-08-28T20:33:06.088235Z,2426.95,2426.96,0.01,2426.955,-0.1560360349005694785009545265
ETH-USD,2026-08-28T20:33:06.092706Z,2426.95,2426.96,0.01,2426.955,-0.1560360349005694785009545265
ETH-USD,2026-08-28T20:33:06.126361Z,2426.95,2426.96,0.01,2426.955,-0.1560360349005694785009545265
ETH-USD,2026-08-28T20:33:06.265002Z,2426.95,2426.96,0.01,2426.955,-0.2474019713495757085856455059
ETH-USD,2026-08-28T20:33:06.293946Z,2426.95,2426.96,0.01,2426.955,-0.2474019713495757085856455059
ETH-USD,2026-08-28T20:33:06.362588Z,2426.95,2426.96,0.01,2426.955,-0.2474019713495757085856455059
ETH-USD,2026-08-28T20:33:06.382432Z,2426.95,2426.96,0.01,2426.955,-0.2457270732729717895529500094
ETH-USD,2026-08-28T20:33:06.430009Z,2426.95,2426.96,0.01,2426.955,-0.2457270732729717895529500094
ETH-USD,2026-08-28T20:33:06.512357Z,2426.95,2426.96,0.01,2426.955,-0.2457270732729717895529500094
ETH-USD,2026-08-28T20:33:06.539824Z,2426.95,2426.96,0.01,2426.955,-0.2457270732729717895529500094
ETH-USD,2026-08-28T20:33:06.577759Z,2426.95,2426.96,0.01,2426.955,-0.2457270732729717895529500094
ETH-USD,2026-08-28T20:33:06.640586Z,2426.95,2426.96,0.01,2426.955,-0.2457270732729717895529500094
ETH-USD,2026-08-28T20:33:06.675167Z,2426.95,2426.96,0.01,2426.955,-0.2457270732729717895529500094
ETH-USD,2026-08-28T20:33:06.73543Z,2426.95,2426.96,0.01,2426.955,-0.2457270732729717895529500094
ETH-USD,2026-08-28T20:33:06.753295Z,2426.95,2426.96,0.01,2426.955,-0.2457270732729717895529500094
ETH-USD,2026-08-28T20:33:06.825764Z,2426.95,2426.96,0.01,2426.955,-0.2457270732729717895529500094
ETH-USD,2026-08-28T20:33:06.927855Z,2426.95,2426.96,0.01,2426.955,-0.2457270732729717895529500094
ETH-USD,2026-08-28T20:33:07.00298Z,2426.95,2426.96,0.01,2426.955,-0.2457270732729717895529500094
ETH-USD,2026-08-28T20:33:07.044822Z,2426.95,2426.96,0.01,2426.955,-0.2457270732729717895529500094
ETH-USD,2026-08-28T20:33:07.099039Z,2426.95,2426.96,0.01,2426.955,-0.2457270732729717895529500094
ETH-USD,2026-08-28T20:33:07.137186Z,2426.95,2426.96,0.01,2426.955,-0.2457270732729717895529500094
ETH-USD,2026-08-28T20:33:07.175436Z,2426.95,2426.96,0.01,2426.955,-0.2880873972229969683031636017
ETH-USD,2026-08-28T20:33:07.247161Z,2426.8,2426.81,0.01,2426.805,-0.4223859813310640193936134733
ETH-USD,2026-08-28T20:33:07.287678Z,2426.8,2426.81,0.01,2426.805,-0.3262136333945009036688557536
ETH-USD,2026-08-28T20:33:07.346897Z,2426.8,2426.81,0.01,2426.805,-0.4425091128073557639877968682
ETH-USD,2026-08-28T20:33:07.402667Z,2426.8,2426.81,0.01,2426.805,-0.6507842049731655993952415651
ETH-USD,2026-08-28T20:33:07.448675Z,2426.8,2426.81,0.01,2426.805,-0.8144620447559282620078451945
ETH-USD,2026-08-28T20:33:07.494845Z,2426.8,2426.81,0.01,2426.805,-0.8144620447559282620078451945
ETH-USD,2026-08-28T20:33:07.537854Z,2426.8,2426.81,0.01,2426.805,-0.8039962782336169645531337333
ETH-USD,2026-08-28T20:33:07.600307Z,2426.8,2426.81,0.01,2426.805,-0.7868403672973475170442778835
ETH-USD,2026-08-28T20:33:07.646575Z,2426.8,2426.81,0.01,2426.805,-0.6369884061074365084557449668
ETH-USD,2026-08-28T20:33:07.739258Z,2426.8,2426.81,0.01,2426.805,-0.6369884061074365084557449668
ETH-USD,2026-08-28T20:33:07.801036Z,2426.8,2426.81,0.01,2426.805,-0.6369884061074365084557449668
ETH-USD,2026-08-28T20:33:07.864849Z,2426.8,2426.81,0.01,2426.805,-0.6369884061074365084557449668
ETH-USD,2026-08-28T20:33:07.925779Z,2426.8,2426.81,0.01,2426.805,-0.6369884061074365084557449668
ETH-USD,2026-08-28T20:33:07.949029Z,2426.8,2426.81,0.01,2426.805,-0.7868403672973475170442778835
ETH-USD,2026-08-28T20:33:08.003863Z,2426.8,2426.81,0.01,2426.805,-0.5499387887906973980480033965
ETH-USD,2026-08-28T20:33:08.070294Z,2426.8,2426.81,0.01,2426.805,-0.5530642159300147625836281710
ETH-USD,2026-08-28T20:33:08.526193Z,2426.8,2426.81,0.01,2426.805,-0.6037061831381099052801826281
ETH-USD,2026-08-28T20:33:08.597252Z,2426.8,2426.81,0.01,2426.805,-0.6032428809847748488092410494
ETH-USD,2026-08-28T20:33:08.621208Z,2426.8,2426.81,0.01,2426.805,-0.6032428809847748488092410494
ETH-USD,2026-08-28T20:33:08.692611Z,2426.8,2426.81,0.01,2426.805,-0.5820241862424520977083087590
ETH-USD,2026-08-28T20:33:08.731794Z,2426.8,2426.81,0.01,2426.805,-0.4241938046595954500834683604
ETH-USD,2026-08-28T20:33:08.79425Z,2426.8,2426.81,0.01,2426.805,-0.5681506324907496482676206193
ETH-USD,2026-08-28T20:33:08.862638Z,2426.8,2426.81,0.01,2426.805,-0.5734691445056017634580601709
ETH-USD,2026-08-28T20:33:08.903751Z,2426.8,2426.81,0.01,2426.805,-0.2931244566789492592578735152
ETH-USD,2026-08-28T20:33:08.958301Z,2426.8,2426.81,0.01,2426.805,-0.3634321054838191739494558909
ETH-USD,2026-08-28T20:33:08.971487Z,2426.8,2426.81,0.01,2426.805,-0.3634321054838191739494558909
ETH-USD,2026-08-28T20:33:09.039547Z,2426.8,2426.81,0.01,2426.805,-0.3634321054838191739494558909
ETH-USD,2026-08-28T20:33:09.102813Z,2426.8,2426.81,0.01,2426.805,-0.3634321054838191739494558909
ETH-USD,2026-08-28T20:33:09.150553Z,2426.8,2426.81,0.01,2426.805,-0.6782299696399971811699118152
ETH-USD,2026-08-28T20:33:09.190197Z,2426.8,2426.81,0.01,2426.805,-0.6782308396159570380502354814
ETH-USD,2026-08-28T20:33:09.233695Z,2426.8,2426.81,0.01,2426.805,-0.4502154291897854461881444017
ETH-USD,2026-08-28T20:33:09.310823Z,2426.8,2426.81,0.01,2426.805,-0.4533304255399477077691632390
ETH-USD,2026-08-28T20:33:09.36325Z,2426.8,2426.81,0.01,2426.805,-0.4712488452264379754588888480
ETH-USD,2026-08-28T20:33:09.403718Z,2426.8,2426.81,0.01,2426.805,-0.5268601397103884713239365030
ETH-USD,2026-08-28T20:33:09.427535Z,2426.8,2426.81,0.01,2426.805,-0.5268601397103884713239365030
ETH-USD,2026-08-28T20:33:09.500025Z,2426.8,2426.81,0.01,2426.805,-0.5268601397103884713239365030
ETH-USD,2026-08-28T20:33:09.550842Z,2426.8,2426.81,0.01,2426.805,-0.5858558580036917178455317076
ETH-USD,2026-08-28T20:33:09.595473Z,2426.8,2426.81,0.01,2426.805,-0.7920644798406930913014027302
ETH-USD,2026-08-28T20:33:09.630339Z,2426.8,2426.81,0.01,2426.805,-0.7920644798406930913014027302
ETH-USD,2026-08-28T20:33:09.71661Z,2426.8,2426.81,0.01,2426.805,-0.5506384012640693349978911655
ETH-USD,2026-08-28T20:33:09.721492Z,2426.8,2426.81,0.01,2426.805,-0.5506384012640693349978911655
ETH-USD,2026-08-28T20:33:09.866693Z,2426.8,2426.81,0.01,2426.805,-0.5506384012640693349978911655
ETH-USD,2026-08-28T20:33:09.911531Z,2426.8,2426.81,0.01,2426.805,-0.5268601397103884713239365030
ETH-USD,2026-08-28T20:33:09.951563Z,2426.8,2426.81,0.01,2426.805,-0.5268601397103884713239365030
ETH-USD,2026-08-28T20:33:10.028722Z,2426.8,2426.81,0.01,2426.805,-0.5268601397103884713239365030
ETH-USD,2026-08-28T20:33:10.081364Z,2426.8,2426.81,0.01,2426.805,-0.5268601397103884713239365030
ETH-USD,2026-08-28T20:33:10.166272Z,2426.8,2426.81,0.01,2426.805,-0.5365524676962863306114081968
ETH-USD,2026-08-28T20:33:10.17794Z,2426.8,2426.81,0.01,2426.805,-0.5365524676962863306114081968
ETH-USD,2026-08-28T20:33:10.250591Z,2426.8,2426.81,0.01,2426.805,-0.6455505068875761493912648664
ETH-USD,2026-08-28T20:33:10.331871Z,2426.8,2426.81,0.01,2426.805,-0.6455505068875761493912648664
ETH-USD,2026-08-28T20:33:10.44835Z,2426.8,2426.81,0.01,2426.805,-0.9842107725056007171911830805
ETH-USD,2026-08-28T20:33:10.499085Z,2426.8,2426.81,0.01,2426.805,-0.8246409470787432218386473773
ETH-USD,2026-08-28T20:33:10.56105Z,2426.8,2426.81,0.01,2426.805,-0.8335391142645546739378495729
ETH-USD,2026-08-28T20:33:10.56583Z,2426.8,2426.81,0.01,2426.805,-0.8335391142645546739378495729
ETH-USD,2026-08-28T20:33:10.659347Z,2426.8,2426.81,0.01,2426.805,-0.8335391142645546739378495729
ETH-USD,2026-08-28T20:33:10.705743Z,2426.8,2426.81,0.01,2426.805,-0.8335391142645546739378495729
ETH-USD,2026-08-28T20:33:10.821972Z,2426.8,2426.81,0.01,2426.805,-0.8335391142645546739378495729
ETH-USD,2026-08-28T20:33:10.926385Z,2426.8,2426.81,0.01,2426.805,-0.8334624563740043098207861415
ETH-USD,2026-08-28T20:33:10.945378Z,2426.8,2426.81,0.01,2426.805,-0.7491229611036145588829131095
ETH-USD,2026-08-28T20:33:11.031933Z,2426.8,2426.81,0.01,2426.805,-0.7491229611036145588829131095
ETH-USD,2026-08-28T20:33:11.12596Z,2426.8,2426.81,0.01,2426.805,-0.7491229611036145588829131095
ETH-USD,2026-08-28T20:33:11.157919Z,2426.8,2426.81,0.01,2426.805,-0.7827525557715123944981644678
ETH-USD,2026-08-28T20:33:11.179265Z,2426.8,2426.81,0.01,2426.805,-0.5688410115801475918382481246
ETH-USD,2026-08-28T20:33:11.254178Z,2426.8,2426.81,0.01,2426.805,-0.7214778095206443459944621017
ETH-USD,2026-08-28T20:33:11.275023Z,2426.8,2426.81,0.01,2426.805,-0.6707797627394680181173471687
ETH-USD,2026-08-28T20:33:11.357921Z,2426.8,2426.81,0.01,2426.805,-0.5290390282195288223111473362
ETH-USD,2026-08-28T20:33:11.381723Z,2426.8,2426.81,0.01,2426.805,-0.5290390282195288223111473362
ETH-USD,2026-08-28T20:33:11.437931Z,2426.8,2426.81,0.01,2426.805,-0.5308329727884225287247659893
ETH-USD,2026-08-28T20:33:11.561024Z,2426.8,2426.81,0.01,2426.805,-0.5308329727884225287247659893
ETH-USD,2026-08-28T20:33:11.609428Z,2426.8,2426.81,0.01,2426.805,-0.7601925070621957349629247385
ETH-USD,2026-08-28T20:33:11.648762Z,2426.8,2426.81,0.01,2426.805,-0.7755888291189886196626298846
ETH-USD,2026-08-28T20:33:11.699056Z,2426.8,2426.81,0.01,2426.805,-0.6590763810706630980962678700
ETH-USD,2026-08-28T20:33:11.739371Z,2426.8,2426.81,0.01,2426.805,-0.6317907894706255946267436590
ETH-USD,2026-08-28T20:33:11.786043Z,2426.8,2426.81,0.01,2426.805,-0.6317907894706255946267436590
ETH-USD,2026-08-28T20:33:11.859277Z,2426.7,2426.71,0.01,2426.705,-0.9673460041214618274898198604
ETH-USD,2026-08-28T20:33:11.901704Z,2426.7,2426.71,0.01,2426.705,-0.9779543759062117193636657193
ETH-USD,2026-08-28T20:33:11.947378Z,2426.7,2426.71,0.01,2426.705,-0.9684573365749422644363067116
ETH-USD,2026-08-28T20:33:11.996511Z,2426.7,2426.71,0.01,2426.705,-0.9736609759368877066265608120
ETH-USD,2026-08-28T20:33:12.050573Z,2426.7,2426.71,0.01,2426.705,-0.9736609759368877066265608120
ETH-USD,2026-08-28T20:33:12.061606Z,2426.7,2426.71,0.01,2426.705,-0.9736609759368877066265608120
ETH-USD,2026-08-28T20:33:12.139873Z,2426.7,2426.71,0.01,2426.705,-0.9736609759368877066265608120
ETH-USD,2026-08-28T20:33:12.207062Z,2426.7,2426.71,0.01,2426.705,-0.9736609759368877066265608120
ETH-USD,2026-08-28T20:33:12.25653Z,2426.7,2426.71,0.01,2426.705,-0.9736609759368877066265608120
ETH-USD,2026-08-28T20:33:12.302505Z,2426.4,2426.71,0.31,2426.555,-0.2551204382258022336466153318
ETH-USD,2026-08-28T20:33:12.354921Z,2426.3,2426.35,0.05,2426.325,-0.9723213415056883716017670772
ETH-USD,2026-08-28T20:33:12.392284Z,2426.3,2426.33,0.03,2426.315,-0.2748380316425718179590233216
ETH-USD,2026-08-28T20:33:12.452018Z,2426.3,2426.33,0.03,2426.315,-0.2748380316425718179590233216
ETH-USD,2026-08-28T20:33:12.499404Z,2426.3,2426.34,0.04,2426.32,-0.5299933487375328238331281301
ETH-USD,2026-08-28T20:33:12.555248Z,2426.3,2426.33,0.03,2426.315,-0.5817280678959784054276707478
ETH-USD,2026-08-28T20:33:12.602366Z,2426.3,2426.33,0.03,2426.315,-0.5817280678959784054276707478
ETH-USD,2026-08-28T20:33:12.633155Z,2426.3,2426.32,0.02,2426.31,0.05088537111924033068314050093
ETH-USD,2026-08-28T20:33:12.700681Z,2426.3,2426.31,0.01,2426.305,-0.9567063623223151460699264239
ETH-USD,2026-08-28T20:33:12.745713Z,2426.3,2426.31,0.01,2426.305,-0.9567063623223151460699264239
ETH-USD,2026-08-28T20:33:12.796967Z,2426.3,2426.31,0.01,2426.305,-0.9472110234508657986542742742
ETH-USD,2026-08-28T20:33:12.860652Z,2426.3,2426.31,0.01,2426.305,-0.9422837240106947405729915761
ETH-USD,2026-08-28T20:33:12.908323Z,2426.3,2426.31,0.01,2426.305,-0.3587489344708417701392004272
ETH-USD,2026-08-28T20:33:12.922936Z,2426.3,2426.31,0.01,2426.305,-0.3587489344708417701392004272
ETH-USD,2026-08-28T20:33:13.063798Z,2426.3,2426.31,0.01,2426.305,-0.4438616680686450074798239803
ETH-USD,2026-08-28T20:33:13.122728Z,2426.3,2426.31,0.01,2426.305,-0.4438616680686450074798239803
ETH-USD,2026-08-28T20:33:13.157388Z,2426.3,2426.31,0.01,2426.305,-0.3869935341273259947414777617
ETH-USD,2026-08-28T20:33:13.198017Z,2426.3,2426.31,0.01,2426.305,-0.3869962912709643747636492274
ETH-USD,2026-08-28T20:33:13.241435Z,2426.3,2426.31,0.01,2426.305,-0.4265951001251835686915795975
ETH-USD,2026-08-28T20:33:13.427327Z,2426.3,2426.31,0.01,2426.305,-0.4812027064644715402262164577
ETH-USD,2026-08-28T20:33:13.540855Z,2426.3,2426.31,0.01,2426.305,-0.9568485642144040094099801471
ETH-USD,2026-08-28T20:33:13.554952Z,2426.3,2426.31,0.01,2426.305,-0.4812027064644715402262164577
ETH-USD,2026-08-28T20:33:13.571358Z,2426.3,2426.31,0.01,2426.305,-0.4320522006541609268435128574
ETH-USD,2026-08-28T20:33:13.651195Z,2426.3,2426.31,0.01,2426.305,-0.4707419974493885738993297403
ETH-USD,2026-08-28T20:33:13.683281Z,2426.3,2426.31,0.01,2426.305,-0.4707419974493885738993297403
ETH-USD,2026-08-28T20:33:13.729707Z,2426.3,2426.31,0.01,2426.305,-0.4707419974493885738993297403
ETH-USD,2026-08-28T20:33:13.807533Z,2426.3,2426.31,0.01,2426.305,-0.4707419974493885738993297403
ETH-USD,2026-08-28T20:33:13.861025Z,2426.3,2426.31,0.01,2426.305,-0.4707419974493885738993297403
ETH-USD,2026-08-28T20:33:13.906177Z,2426.3,2426.31,0.01,2426.305,-0.6040662620040244543647128042
ETH-USD,2026-08-28T20:33:13.962413Z,2426.3,2426.31,0.01,2426.305,-0.4078883852399938440454842538
ETH-USD,2026-08-28T20:33:13.996469Z,2426.3,2426.31,0.01,2426.305,-0.4078883852399938440454842538
ETH-USD,2026-08-28T20:33:14.037671Z,2426.3,2426.31,0.01,2426.305,-0.4475885890005331464726732572
ETH-USD,2026-08-28T20:33:14.110017Z,2426.3,2426.31,0.01,2426.305,-0.4475885890005331464726732572
ETH-USD,2026-08-28T20:33:14.128534Z,2426.3,2426.31,0.01,2426.305,-0.4475885890005331464726732572
ETH-USD,2026-08-28T20:33:14.20194Z,2426.3,2426.31,0.01,2426.305,-0.4475885890005331464726732572
ETH-USD,2026-08-28T20:33:14.243273Z,2426.3,2426.31,0.01,2426.305,-0.4078883852399938440454842538
ETH-USD,2026-08-28T20:33:14.302544Z,2426.3,2426.31,0.01,2426.305,-0.5607023115348280494653340726
ETH-USD,2026-08-28T20:33:14.370196Z,2426.3,2426.31,0.01,2426.305,-0.5607023115348280494653340726
ETH-USD,2026-08-28T20:33:14.383049Z,2426.3,2426.31,0.01,2426.305,-0.5607023115348280494653340726
ETH-USD,2026-08-28T20:33:14.445163Z,2426.3,2426.31,0.01,2426.305,-0.5851005915318371604157668741
ETH-USD,2026-08-28T20:33:14.505645Z,2426.3,2426.31,0.01,2426.305,-0.5851005915318371604157668741
ETH-USD,2026-08-28T20:33:14.547651Z,2426.3,2426.31,0.01,2426.305,-0.5851005915318371604157668741
ETH-USD,2026-08-28T20:33:14.583631Z,2426.3,2426.31,0.01,2426.305,-0.5851005915318371604157668741
ETH-USD,2026-08-28T20:33:14.640171Z,2426.3,2426.31,0.01,2426.305,-0.5851005915318371604157668741
ETH-USD,2026-08-28T20:33:14.707871Z,2426.3,2426.31,0.01,2426.305,-0.5851005915318371604157668741
ETH-USD,2026-08-28T20:33:14.740515Z,2426.3,2426.31,0.01,2426.305,-0.5851005915318371604157668741
ETH-USD,2026-08-28T20:33:14.85982Z,2426.3,2426.31,0.01,2426.305,-0.5851005915318371604157668741
ETH-USD,2026-08-28T20:33:14.943201Z,2426.3,2426.31,0.01,2426.305,-0.5851005915318371604157668741
ETH-USD,2026-08-28T20:33:15.09934Z,2426.3,2426.31,0.01,2426.305,-0.6296795787225982454141226452
ETH-USD,2026-08-28T20:33:15.152133Z,2426.3,2426.31,0.01,2426.305,-0.4078883852399938440454842538
ETH-USD,2026-08-28T20:33:15.17545Z,2426.3,2426.31,0.01,2426.305,-0.6296712651597817103515195564
ETH-USD,2026-08-28T20:33:15.244099Z,2426.15,2426.16,0.01,2426.155,-0.3704149079815002902609703130
ETH-USD,2026-08-28T20:33:15.304921Z,2426.07,2426.14,0.07,2426.105,-0.3013036487596376792798672279
ETH-USD,2026-08-28T20:33:15.361549Z,2426.07,2426.12,0.05,2426.095,-0.00007327895284600021782411008750
ETH-USD,2026-08-28T20:33:15.406607Z,2426.07,2426.09,0.02,2426.08,0.0002028742412987645538945285544
ETH-USD,2026-08-28T20:33:15.445897Z,2426.07,2426.08,0.01,2426.075,0.1471065838589097870674545729
ETH-USD,2026-08-28T20:33:15.504724Z,2426.07,2426.08,0.01,2426.075,-0.08719305292790887936331227290
ETH-USD,2026-08-28T20:33:15.548382Z,2426.07,2426.08,0.01,2426.075,0.08338190166034947894959870485
ETH-USD,2026-08-28T20:33:15.637698Z,2426.07,2426.08,0.01,2426.075,0.08338190166034947894959870485
ETH-USD,2026-08-28T20:33:15.746613Z,2426.07,2426.08,0.01,2426.075,-0.08719305292790887936331227290
ETH-USD,2026-08-28T20:33:15.807749Z,2426.01,2426.02,0.01,2426.015,-0.4245837806438622949279416273
ETH-USD,2026-08-28T20:33:15.856494Z,2426.06,2426.07,0.01,2426.065,-0.2185456638690347493424542063
ETH-USD,2026-08-28T20:33:15.947529Z,2426.09,2426.29,0.20,2426.19,0.1821461384753114543660035858
ETH-USD,2026-08-28T20:33:16.00291Z,2426.17,2426.23,0.06,2426.20,0.3404062569301597468909676913
ETH-USD,2026-08-28T20:33:16.054979Z,2426.19,2426.22,0.03,2426.205,0.4021151713439135777439125084
ETH-USD,2026-08-28T20:33:16.101401Z,2426.2,2426.22,0.02,2426.21,0.4491792985670458006081311882
ETH-USD,2026-08-28T20:33:16.1504Z,2426.14,2426.23,0.09,2426.185,0.2706818176499565309472743207
ETH-USD,2026-08-28T20:33:16.187643Z,2426.14,2426.21,0.07,2426.175,0.1964987920891377569964011092
ETH-USD,2026-08-28T20:33:16.245562Z,2426.14,2426.17,0.03,2426.155,0.1413274624374757570969040645
ETH-USD,2026-08-28T20:33:16.286438Z,2426.13,2426.14,0.01,2426.135,-0.08719470134955368529050712237
ETH-USD,2026-08-28T20:33:16.354996Z,2426.13,2426.14,0.01,2426.135,-0.08719470134955368529050712237
ETH-USD,2026-08-28T20:33:16.384105Z,2426.11,2426.12,0.01,2426.115,-0.1907340103341392467747431919
ETH-USD,2026-08-28T20:33:16.446942Z,2426.11,2426.12,0.01,2426.115,-0.1907340103341392467747431919
ETH-USD,2026-08-28T20:33:16.456833Z,2426.11,2426.12,0.01,2426.115,-0.1907340103341392467747431919
ETH-USD,2026-08-28T20:33:16.566979Z,2426.1,2426.11,0.01,2426.105,-0.2589799059534095924865779417
ETH-USD,2026-08-28T20:33:16.57161Z,2426.1,2426.11,0.01,2426.105,-0.2589799059534095924865779417
ETH-USD,2026-08-28T20:33:16.629589Z,2426.1,2426.11,0.01,2426.105,-0.1905180079972374240659355345
ETH-USD,2026-08-28T20:33:16.656971Z,2426.1,2426.11,0.01,2426.105,-0.1905180079972374240659355345
ETH-USD,2026-08-28T20:33:16.753181Z,2426.1,2426.11,0.01,2426.105,-0.1905180079972374240659355345
ETH-USD,2026-08-28T20:33:16.804493Z,2426.09,2426.1,0.01,2426.095,-0.1903018903225683984072165505
ETH-USD,2026-08-28T20:33:16.855905Z,2426.09,2426.1,0.01,2426.095,-0.1903018903225683984072165505
ETH-USD,2026-08-28T20:33:16.901071Z,2426.09,2426.1,0.01,2426.095,-0.1903018903225683984072165505
ETH-USD,2026-08-28T20:33:16.937936Z,2426.09,2426.1,0.01,2426.095,-0.5360353975363282723596396966
ETH-USD,2026-08-28T20:33:16.967549Z,2426.09,2426.1,0.01,2426.095,-0.5360353975363282723596396966
ETH-USD,2026-08-28T20:33:17.040638Z,2426.09,2426.1,0.01,2426.095,-0.5360353975363282723596396966
ETH-USD,2026-08-28T20:33:17.097118Z,2426.09,2426.1,0.01,2426.095,-0.5360353975363282723596396966
ETH-USD,2026-08-28T20:33:17.131028Z,2426.09,2426.1,0.01,2426.095,-0.4033019725428238617398481572
ETH-USD,2026-08-28T20:33:17.184865Z,2426.09,2426.1,0.01,2426.095,-0.4033019725428238617398481572
ETH-USD,2026-08-28T20:33:17.24525Z,2426.09,2426.1,0.01,2426.095,-0.5950139628550317935438949719
ETH-USD,2026-08-28T20:33:17.298648Z,2426.03,2426.1,0.07,2426.065,-0.1694916614453456219145582451
ETH-USD,2026-08-28T20:33:17.360685Z,2426.02,2426.03,0.01,2426.025,-0.4899251656952611596263825826
ETH-USD,2026-08-28T20:33:17.404048Z,2426.02,2426.03,0.01,2426.025,-0.4899251656952611596263825826
ETH-USD,2026-08-28T20:33:17.432922Z,2426.02,2426.03,0.01,2426.025,-0.4899251656952611596263825826
ETH-USD,2026-08-28T20:33:17.514692Z,2426.02,2426.03,0.01,2426.025,-0.4899251656952611596263825826
ETH-USD,2026-08-28T20:33:17.524319Z,2426.02,2426.03,0.01,2426.025,-0.4899251656952611596263825826
ETH-USD,2026-08-28T20:33:17.72324Z,2426.02,2426.04,0.02,2426.03,-0.8087046895831832127747922565
ETH-USD,2026-08-28T20:33:17.761484Z,2426.03,2426.04,0.01,2426.035,-0.4843316259674454966309185996
ETH-USD,2026-08-28T20:33:17.800996Z,2426.03,2426.07,0.04,2426.05,-0.4843316259674454966309185996
ETH-USD,2026-08-28T20:33:17.84474Z,2426.03,2426.07,0.04,2426.05,-0.4843316259674454966309185996
ETH-USD,2026-08-28T20:33:17.868659Z,2426.03,2426.07,0.04,2426.05,-0.3599737753960149146744061877
ETH-USD,2026-08-28T20:33:17.944943Z,2426.03,2426.07,0.04,2426.05,-0.3599737753960149146744061877
ETH-USD,2026-08-28T20:33:18.025277Z,2426.03,2426.07,0.04,2426.05,-0.3599737753960149146744061877
ETH-USD,2026-08-28T20:33:18.067155Z,2426.03,2426.07,0.04,2426.05,-0.3599737753960149146744061877
ETH-USD,2026-08-28T20:33:18.162829Z,2426.03,2426.07,0.04,2426.05,-0.3598743434481423243470418113
ETH-USD,2026-08-28T20:33:18.171834Z,2426.03,2426.07,0.04,2426.05,-0.3591402012866457708024072652
ETH-USD,2026-08-28T20:33:18.231039Z,2426.03,2426.04,0.01,2426.035,-0.4377240386059419513333666654
ETH-USD,2026-08-28T20:33:18.29898Z,2426.03,2426.04,0.01,2426.035,-0.4377240386059419513333666654
ETH-USD,2026-08-28T20:33:18.359953Z,2426.03,2426.04,0.01,2426.035,-0.6799699337247046151650666822
ETH-USD,2026-08-28T20:33:18.401883Z,2426.03,2426.04,0.01,2426.035,-0.4727201353327191114199252760
ETH-USD,2026-08-28T20:33:18.484571Z,2426.03,2426.04,0.01,2426.035,-0.4727201353327191114199252760
ETH-USD,2026-08-28T20:33:18.551772Z,2426.03,2426.06,0.03,2426.045,-0.3969759045889835150316659899
ETH-USD,2026-08-28T20:33:18.556376Z,2426.03,2426.06,0.03,2426.045,-0.3969759045889835150316659899
ETH-USD,2026-08-28T20:33:18.628044Z,2426.03,2426.06,0.03,2426.045,-0.3969759045889835150316659899
ETH-USD,2026-08-28T20:33:18.702258Z,2426.03,2426.06,0.03,2426.045,-0.3969759045889835150316659899
ETH-USD,2026-08-28T20:33:18.739758Z,2426.03,2426.06,0.03,2426.045,-0.3969759045889835150316659899
ETH-USD,2026-08-28T20:33:18.811922Z,2426.03,2426.09,0.06,2426.06,-0.3592601811416934490532644341
ETH-USD,2026-08-28T20:33:18.848555Z,2426.04,2426.1,0.06,2426.07,-0.4950188969781094168172247912
ETH-USD,2026-08-28T20:33:18.858223Z,2426.05,2426.1,0.05,2426.075,-0.2958012810131906605403506599
ETH-USD,2026-08-28T20:33:18.924666Z,2426.04,2426.05,0.01,2426.045,-0.2744877558928816043098358284
ETH-USD,2026-08-28T20:33:18.977345Z,2426.04,2426.05,0.01,2426.045,-0.2744877558928816043098358284
ETH-USD,2026-08-28T20:33:19.0487Z,2426.02,2426.03,0.01,2426.025,-0.4762796800121584757514249347
ETH-USD,2026-08-28T20:33:19.091578Z,2426.02,2426.03,0.01,2426.025,-0.2379705071270592547620324697
ETH-USD,2026-08-28T20:33:19.180177Z,2426.02,2426.03,0.01,2426.025,-0.2379705071270592547620324697
ETH-USD,2026-08-28T20:33:19.249668Z,2426.02,2426.03,0.01,2426.025,-0.2962356815684264349855488664
ETH-USD,2026-08-28T20:33:19.263573Z,2426.02,2426.03,0.01,2426.025,-0.4429162142327422436225744589
ETH-USD,2026-08-28T20:33:19.360509Z,2426.02,2426.03,0.01,2426.025,-0.3773499004277011523795533228
ETH-USD,2026-08-28T20:33:19.400794Z,2426.02,2426.03,0.01,2426.025,-0.3773499004277011523795533228
ETH-USD,2026-08-28T20:33:19.453352Z,2426.02,2426.03,0.01,2426.025,-0.2963251799071696811740385961
ETH-USD,2026-08-28T20:33:19.497728Z,2426.02,2426.03,0.01,2426.025,-0.2964484950000974803498090377
ETH-USD,2026-08-28T20:33:19.553213Z,2426.02,2426.03,0.01,2426.025,-0.2963251799071696811740385961
ETH-USD,2026-08-28T20:33:19.600646Z,2426.02,2426.03,0.01,2426.025,-0.4070061658752262378014614558
ETH-USD,2026-08-28T20:33:19.656758Z,2426.02,2426.09,0.07,2426.055,-0.4471084504084285465315422070
ETH-USD,2026-08-28T20:33:19.702937Z,2426.02,2426.07,0.05,2426.045,-0.4650571163442449338067167041
ETH-USD,2026-08-28T20:33:19.751139Z,2426.06,2426.07,0.01,2426.065,-0.3215554966463346707572070527
ETH-USD,2026-08-28T20:33:19.790543Z,2426.06,2426.07,0.01,2426.065,-0.2759119784472007544986583579
ETH-USD,2026-08-28T20:33:19.860068Z,2426.06,2426.07,0.01,2426.065,-0.2759082196443669241663994277
ETH-USD,2026-08-28T20:33:19.925531Z,2426.06,2426.07,0.01,2426.065,-0.2759082196443669241663994277
ETH-USD,2026-08-28T20:33:19.962351Z,2426.06,2426.07,0.01,2426.065,-0.2759082196443669241663994277
ETH-USD,2026-08-28T20:33:20.030979Z,2426.06,2426.09,0.03,2426.075,-0.2015860230873775166801665925
ETH-USD,2026-08-28T20:33:20.106486Z,2426.06,2426.09,0.03,2426.075,-0.2015860230873775166801665925
ETH-USD,2026-08-28T20:33:20.126433Z,2426.06,2426.09,0.03,2426.075,-0.2015860230873775166801665925
ETH-USD,2026-08-28T20:33:20.181687Z,2426.06,2426.08,0.02,2426.07,-0.3235727941572807506797147847
ETH-USD,2026-08-28T20:33:20.231203Z,2426.06,2426.07,0.01,2426.065,-0.3235727941572807506797147847
ETH-USD,2026-08-28T20:33:20.326335Z,2426.06,2426.09,0.03,2426.075,-0.2015860230873775166801665925
ETH-USD,2026-08-28T20:33:20.41319Z,2426.06,2426.09,0.03,2426.075,-0.2015860230873775166801665925
ETH-USD,2026-08-28T20:33:20.427764Z,2426.06,2426.09,0.03,2426.075,-0.2015860230873775166801665925
ETH-USD,2026-08-28T20:33:20.492478Z,2426.06,2426.07,0.01,2426.065,-0.2075093867560802736737991584
ETH-USD,2026-08-28T20:33:20.545284Z,2426.06,2426.07,0.01,2426.065,-0.2075093867560802736737991584
ETH-USD,2026-08-28T20:33:20.637127Z,2426.06,2426.09,0.03,2426.075,-0.2015860230873775166801665925
ETH-USD,2026-08-28T20:33:20.709166Z,2426.06,2426.07,0.01,2426.065,-0.3235727941572807506797147847
ETH-USD,2026-08-28T20:33:20.722851Z,2426.06,2426.07,0.01,2426.065,-0.3449423422966222500228651122
ETH-USD,2026-08-28T20:33:20.819421Z,2426.06,2426.07,0.01,2426.065,-0.3449423422966222500228651122
ETH-USD,2026-08-28T20:33:20.849282Z,2426.06,2426.07,0.01,2426.065,-0.3449423422966222500228651122
ETH-USD,2026-08-28T20:33:20.864588Z,2426.06,2426.07,0.01,2426.065,-0.3812247493920216859901109290
ETH-USD,2026-08-28T20:33:20.889018Z,2426.06,2426.07,0.01,2426.065,-0.3812247493920216859901109290
ETH-USD,2026-08-28T20:33:20.979636Z,2426.06,2426.07,0.01,2426.065,-0.2759082196443669241663994277
ETH-USD,2026-08-28T20:33:21.045453Z,2426.06,2426.07,0.01,2426.065,-0.2759082196443669241663994277
ETH-USD,2026-08-28T20:33:21.159443Z,2426.06,2426.07,0.01,2426.065,-0.2759082196443669241663994277
ETH-USD,2026-08-28T20:33:21.186818Z,2426.06,2426.07,0.01,2426.065,-0.2759082196443669241663994277
ETH-USD,2026-08-28T20:33:21.262127Z,2426.06,2426.07,0.01,2426.065,-0.2799900158878386032398600724
ETH-USD,2026-08-28T20:33:21.293451Z,2426.06,2426.07,0.01,2426.065,-0.2799900158878386032398600724
ETH-USD,2026-08-28T20:33:21.336687Z,2426.06,2426.07,0.01,2426.065,-0.2799900158878386032398600724
ETH-USD,2026-08-28T20:33:21.400918Z,2426.06,2426.07,0.01,2426.065,-0.2799900158878386032398600724
ETH-USD,2026-08-28T20:33:21.458382Z,2426.06,2426.07,0.01,2426.065,-0.1713424238308044598606831280
ETH-USD,2026-08-28T20:33:21.506103Z,2426.06,2426.07,0.01,2426.065,-0.1713424238308044598606831280
ETH-USD,2026-08-28T20:33:21.552665Z,2426.06,2426.07,0.01,2426.065,-0.1713424238308044598606831280
ETH-USD,2026-08-28T20:33:21.607853Z,2426.06,2426.07,0.01,2426.065,-0.3205814002502035569303788681
ETH-USD,2026-08-28T20:33:21.65274Z,2425.74,2425.75,0.01,2425.745,-0.6738189168903028390452456517
ETH-USD,2026-08-28T20:33:21.707262Z,2425.7,2425.73,0.03,2425.715,-0.7993941871808536749514181956
ETH-USD,2026-08-28T20:33:21.756328Z,2425.74,2425.75,0.01,2425.745,-0.7820317897473532132883038573
ETH-USD,2026-08-28T20:33:21.804226Z,2425.74,2425.75,0.01,2425.745,-0.1963815271838223956204898631
ETH-USD,2026-08-28T20:33:21.858185Z,2425.74,2425.75,0.01,2425.745,-0.04885643825785995626028852862
ETH-USD,2026-08-28T20:33:21.906484Z,2425.74,2425.75,0.01,2425.745,-0.5020272301172356360384053415
ETH-USD,2026-08-28T20:33:21.957269Z,2425.73,2425.74,0.01,2425.735,-0.7847768199144222466000474754
ETH-USD,2026-08-28T20:33:21.982498Z,2425.73,2425.74,0.01,2425.735,-0.7847768199144222466000474754
ETH-USD,2026-08-28T20:33:22.062005Z,2425.91,2426.07,0.16,2425.99,0.1144892769419819648762128458
ETH-USD,2026-08-28T20:33:22.099409Z,2425.88,2426.07,0.19,2425.975,0.2906889915121092959057367058
ETH-USD,2026-08-28T20:33:22.154608Z,2425.98,2426.12,0.14,2426.05,0.5599899249286437391773488882
ETH-USD,2026-08-28T20:33:22.208409Z,2426.22,2426.44,0.22,2426.33,0.2864087956799813714629749911
ETH-USD,2026-08-28T20:33:22.249009Z,2425.91,2426.44,0.53,2426.175,0.1772606511049346941414351308
ETH-USD,2026-08-28T20:33:22.302492Z,2426.16,2426.32,0.16,2426.24,-0.4626843414448054896642026480
ETH-USD,2026-08-28T20:33:22.357914Z,2426.19,2426.32,0.13,2426.255,-0.5977700481696307687736214282
ETH-USD,2026-08-28T20:33:22.412266Z,2426.24,2426.31,0.07,2426.275,-0.05634052094308007033487288730
ETH-USD,2026-08-28T20:33:22.449563Z,2426.3,2426.31,0.01,2426.305,-0.05141979039738961569191950146
ETH-USD,2026-08-28T20:33:22.493884Z,2426.28,2426.29,0.01,2426.285,0.08645000021392183021981268221
ETH-USD,2026-08-28T20:33:22.558806Z,2426.23,2426.28,0.05,2426.255,0.02788459485829349955003840717
ETH-USD,2026-08-28T20:33:22.591654Z,2426.23,2426.28,0.05,2426.255,0.04199919419623328993714508572
ETH-USD,2026-08-28T20:33:22.658321Z,2426.27,2426.28,0.01,2426.275,0.1077610578573795398692158878
ETH-USD,2026-08-28T20:33:22.67772Z,2426.27,2426.28,0.01,2426.275,0.1935120736620013563484832228
ETH-USD,2026-08-28T20:33:22.727742Z,2426.22,2426.28,0.06,2426.25,-0.05808457348048948671173251224
ETH-USD,2026-08-28T20:33:22.803168Z,2426.22,2426.28,0.06,2426.25,-0.05808457348048948671173251224
ETH-USD,2026-08-28T20:33:22.855623Z,2426.12,2426.28,0.16,2426.20,-0.3868386276491310022196336845
ETH-USD,2026-08-28T20:33:22.892653Z,2426.13,2426.28,0.15,2426.205,-0.2375189768214027967759572007
ETH-USD,2026-08-28T20:33:22.957332Z,2426.18,2426.27,0.09,2426.225,-0.1337166782976042748647915874
ETH-USD,2026-08-28T20:33:22.999509Z,2426.23,2426.27,0.04,2426.25,-0.1736629325646623548355425346
ETH-USD,2026-08-28T20:33:23.060509Z,2426.23,2426.25,0.02,2426.24,-0.3271529199177184312269888880
ETH-USD,2026-08-28T20:33:23.104924Z,2426.23,2426.25,0.02,2426.24,-0.3271529199177184312269888880
ETH-USD,2026-08-28T20:33:23.152193Z,2426.22,2426.24,0.02,2426.23,-0.2830910279197979613886315081
ETH-USD,2026-08-28T20:33:23.178692Z,2426.21,2426.24,0.03,2426.225,-0.1644478826086170942640566249
ETH-USD,2026-08-28T20:33:23.254857Z,2426.22,2426.24,0.02,2426.23,-0.1581497777474270087401743186
ETH-USD,2026-08-28T20:33:23.304256Z,2426.22,2426.24,0.02,2426.23,-0.1581497777474270087401743186
ETH-USD,2026-08-28T20:33:23.450171Z,2426.22,2426.24,0.02,2426.23,-0.09432000368589039747542464748
ETH-USD,2026-08-28T20:33:23.464794Z,2426.22,2426.24,0.02,2426.23,-0.09432000368589039747542464748
ETH-USD,2026-08-28T20:33:23.543213Z,2426.22,2426.24,0.02,2426.23,-0.09432000368589039747542464748
ETH-USD,2026-08-28T20:33:23.608446Z,2426.23,2426.24,0.01,2426.235,-0.06440139162519111871994304421
ETH-USD,2026-08-28T20:33:23.644652Z,2426.2,2426.24,0.04,2426.22,-0.03059740350085231439264628462
ETH-USD,2026-08-28T20:33:23.727546Z,2426.2,2426.24,0.04,2426.22,-0.03080009258310826281490891381
ETH-USD,2026-08-28T20:33:23.742469Z,2426.2,2426.24,0.04,2426.22,-0.03080009258310826281490891381
ETH-USD,2026-08-28T20:33:23.863206Z,2426.23,2426.24,0.01,2426.235,0.1205030210751459733482902050
ETH-USD,2026-08-28T20:33:23.907803Z,2426.23,2426.24,0.01,2426.235,0.06753077081430600593218268001
ETH-USD,2026-08-28T20:33:23.935472Z,2426.23,2426.24,0.01,2426.235,0.06753077081430600593218268001
ETH-USD,2026-08-28T20:33:23.995299Z,2426.23,2426.24,0.01,2426.235,0.06753077081430600593218268001
ETH-USD,2026-08-28T20:33:24.053973Z,2426.22,2426.24,0.02,2426.23,0.1433927268379456534845653863
ETH-USD,2026-08-28T20:33:24.107653Z,2426.22,2426.24,0.02,2426.23,0.03695330687852095011942668536
ETH-USD,2026-08-28T20:33:24.155064Z,2426.22,2426.24,0.02,2426.23,0.03695330687852095011942668536
ETH-USD,2026-08-28T20:33:24.196529Z,2426.22,2426.24,0.02,2426.23,0.03695330687852095011942668536
ETH-USD,2026-08-28T20:33:24.229969Z,2426.22,2426.24,0.02,2426.23,0.03695330687852095011942668536
ETH-USD,2026-08-28T20:33:24.307182Z,2426.22,2426.24,0.02,2426.23,0.03348277188924852414499915296
ETH-USD,2026-08-28T20:33:24.363121Z,2426.22,2426.23,0.01,2426.225,-0.06043226959793355655701203061
ETH-USD,2026-08-28T20:33:24.420754Z,2426.22,2426.24,0.02,2426.23,0.03348277188924852414499915296
ETH-USD,2026-08-28T20:33:24.425372Z,2426.22,2426.24,0.02,2426.23,0.03348277188924852414499915296
ETH-USD,2026-08-28T20:33:24.492188Z,2426.22,2426.24,0.02,2426.23,0.03348277188924852414499915296
ETH-USD,2026-08-28T20:33:24.517639Z,2426.22,2426.24,0.02,2426.23,0.1193855522099116309063461155
ETH-USD,2026-08-28T20:33:24.590024Z,2426.22,2426.24,0.02,2426.23,0.1193855522099116309063461155
ETH-USD,2026-08-28T20:33:24.664287Z,2426.22,2426.24,0.02,2426.23,-0.05309948046702657801771186834
ETH-USD,2026-08-28T20:33:24.712186Z,2426.22,2426.24,0.02,2426.23,-0.05309948046702657801771186834
ETH-USD,2026-08-28T20:33:24.745336Z,2426.22,2426.24,0.02,2426.23,-0.05309948046702657801771186834
ETH-USD,2026-08-28T20:33:24.798732Z,2426.22,2426.24,0.02,2426.23,-0.05309948046702657801771186834
ETH-USD,2026-08-28T20:33:24.865756Z,2426.22,2426.24,0.02,2426.23,-0.05309948046702657801771186834
ETH-USD,2026-08-28T20:33:24.904457Z,2426.22,2426.24,0.02,2426.23,-0.05309948046702657801771186834
ETH-USD,2026-08-28T20:33:24.953522Z,2426.22,2426.24,0.02,2426.23,-0.05309948046702657801771186834
ETH-USD,2026-08-28T20:33:24.995164Z,2426.22,2426.24,0.02,2426.23,-0.05309948046702657801771186834
ETH-USD,2026-08-28T20:33:25.029898Z,2426.22,2426.24,0.02,2426.23,-0.05309948046702657801771186834
ETH-USD,2026-08-28T20:33:25.106884Z,2426.22,2426.24,0.02,2426.23,-0.05309948046702657801771186834
ETH-USD,2026-08-28T20:33:25.118234Z,2426.22,2426.24,0.02,2426.23,-0.05309948046702657801771186834
ETH-USD,2026-08-28T20:33:25.194572Z,2426.22,2426.24,0.02,2426.23,-0.05309948046702657801771186834
ETH-USD,2026-08-28T20:33:25.22898Z,2426.22,2426.24,0.02,2426.23,-0.05309948046702657801771186834
ETH-USD,2026-08-28T20:33:25.285288Z,2426.22,2426.24,0.02,2426.23,-0.05309948046702657801771186834
ETH-USD,2026-08-28T20:33:25.355756Z,2426.22,2426.24,0.02,2426.23,-0.05309948046702657801771186834
ETH-USD,2026-08-28T20:33:25.406929Z,2426.22,2426.24,0.02,2426.23,-0.05309948046702657801771186834
ETH-USD,2026-08-28T20:33:25.430312Z,2426.22,2426.24,0.02,2426.23,-0.05309948046702657801771186834
ETH-USD,2026-08-28T20:33:25.514912Z,2426.22,2426.24,0.02,2426.23,-0.05309948046702657801771186834
ETH-USD,2026-08-28T20:33:25.558418Z,2426.22,2426.24,0.02,2426.23,-0.05309948046702657801771186834
ETH-USD,2026-08-28T20:33:25.603971Z,2426.22,2426.24,0.02,2426.23,-0.05309948046702657801771186834
ETH-USD,2026-08-28T20:33:25.630934Z,2426.22,2426.24,0.02,2426.23,-0.05309948046702657801771186834
ETH-USD,2026-08-28T20:33:25.74043Z,2426.22,2426.24,0.02,2426.23,-0.05309948046702657801771186834
ETH-USD,2026-08-28T20:33:25.813823Z,2426.22,2426.24,0.02,2426.23,-0.05309948046702657801771186834
ETH-USD,2026-08-28T20:33:25.828331Z,2426.22,2426.24,0.02,2426.23,-0.05309948046702657801771186834
ETH-USD,2026-08-28T20:33:25.924661Z,2426.17,2426.18,0.01,2426.175,-0.6131818241085190539407044470
ETH-USD,2026-08-28T20:33:26.012067Z,2426.17,2426.18,0.01,2426.175,-0.4120795811911251518553946100
ETH-USD,2026-08-28T20:33:26.054249Z,2426.17,2426.18,0.01,2426.175,-0.4120795811911251518553946100
ETH-USD,2026-08-28T20:33:26.105992Z,2426.17,2426.18,0.01,2426.175,-0.1462103971397569496929758243
ETH-USD,2026-08-28T20:33:26.14602Z,2426,2426.01,0.01,2426.005,-0.5387158668202528864280310340
ETH-USD,2026-08-28T20:33:26.224506Z,2426,2426.01,0.01,2426.005,-0.7699141406453436458294563996
ETH-USD,2026-08-28T20:33:26.24975Z,2426,2426.01,0.01,2426.005,-0.8984511503654407935275881605
ETH-USD,2026-08-28T20:33:26.293779Z,2426,2426.01,0.01,2426.005,-0.6393986505978588853822471666
ETH-USD,2026-08-28T20:33:26.342826Z,2426,2426.01,0.01,2426.005,-0.8755988516622250726701468644
ETH-USD,2026-08-28T20:33:26.427221Z,2426,2426.01,0.01,2426.005,-0.8755988516622250726701468644
ETH-USD,2026-08-28T20:33:26.488606Z,2426,2426.01,0.01,2426.005,-0.8755988516622250726701468644
ETH-USD,2026-08-28T20:33:26.592435Z,2426,2426.01,0.01,2426.005,-0.7147861878447022649551196354
ETH-USD,2026-08-28T20:33:26.674387Z,2426,2426.01,0.01,2426.005,-0.7147861878447022649551196354
ETH-USD,2026-08-28T20:33:26.688532Z,2426,2426.01,0.01,2426.005,-0.7147861878447022649551196354
ETH-USD,2026-08-28T20:33:26.758829Z,2426.01,2426.02,0.01,2426.015,-0.6972798409156877014634981198
ETH-USD,2026-08-28T20:33:26.809679Z,2426.01,2426.02,0.01,2426.015,-0.6952403899755727575739984165
ETH-USD,2026-08-28T20:33:26.863441Z,2426.01,2426.02,0.01,2426.015,-0.6952403899755727575739984165
ETH-USD,2026-08-28T20:33:26.963507Z,2426,2426.01,0.01,2426.005,-0.7496169473576734435960204630
ETH-USD,2026-08-28T20:33:26.969101Z,2426,2426.01,0.01,2426.005,-0.7496169473576734435960204630
ETH-USD,2026-08-28T20:33:27.03075Z,2426,2426.01,0.01,2426.005,-0.7496169473576734435960204630
ETH-USD,2026-08-28T20:33:27.09656Z,2426,2426.01,0.01,2426.005,-0.7496169473576734435960204630
ETH-USD,2026-08-28T20:33:27.159787Z,2426,2426.01,0.01,2426.005,-0.7496169473576734435960204630
ETH-USD,2026-08-28T20:33:27.216076Z,2426,2426.01,0.01,2426.005,-0.7536911664720495951960222353
ETH-USD,2026-08-28T20:33:27.255065Z,2426,2426.01,0.01,2426.005,-0.7536982900467500587925227720
ETH-USD,2026-08-28T20:33:27.336514Z,2426,2426.01,0.01,2426.005,-0.5508767515205471504803565395
ETH-USD,2026-08-28T20:33:27.409574Z,2426,2426.01,0.01,2426.005,-0.5508767515205471504803565395
ETH-USD,2026-08-28T20:33:27.443486Z,2426,2426.01,0.01,2426.005,-0.5508767515205471504803565395
ETH-USD,2026-08-28T20:33:27.50155Z,2426,2426.01,0.01,2426.005,-0.5508767515205471504803565395
ETH-USD,2026-08-28T20:33:27.549497Z,2426,2426.01,0.01,2426.005,-0.5508767515205471504803565395
ETH-USD,2026-08-28T20:33:27.597079Z,2426,2426.01,0.01,2426.005,-0.5508767515205471504803565395
ETH-USD,2026-08-28T20:33:27.648985Z,2426,2426.01,0.01,2426.005,-0.7536982900467500587925227720
ETH-USD,2026-08-28T20:33:27.695489Z,2426,2426.01,0.01,2426.005,-0.7536982900467500587925227720
ETH-USD,2026-08-28T20:33:27.725402Z,2426,2426.01,0.01,2426.005,-0.7536982900467500587925227720
ETH-USD,2026-08-28T20:33:27.761292Z,2426,2426.01,0.01,2426.005,-0.6548981699602918403873811903
ETH-USD,2026-08-28T20:33:27.834825Z,2426,2426.01,0.01,2426.005,-0.6548981699602918403873811903
ETH-USD,2026-08-28T20:33:27.926843Z,2426,2426.01,0.01,2426.005,-0.6548981699602918403873811903
ETH-USD,2026-08-28T20:33:28.038865Z,2426,2426.01,0.01,2426.005,-0.6548981699602918403873811903
ETH-USD,2026-08-28T20:33:28.156602Z,2426,2426.01,0.01,2426.005,-0.6548981699602918403873811903
ETH-USD,2026-08-28T20:33:28.17689Z,2426,2426.01,0.01,2426.005,-0.6548981699602918403873811903
ETH-USD,2026-08-28T20:33:28.227646Z,2426,2426.01,0.01,2426.005,-0.6548981699602918403873811903
ETH-USD,2026-08-28T20:33:28.294386Z,2426,2426.01,0.01,2426.005,-0.6548981699602918403873811903
ETH-USD,2026-08-28T20:33:28.32562Z,2426,2426.01,0.01,2426.005,-0.6548981699602918403873811903
ETH-USD,2026-08-28T20:33:28.402563Z,2426,2426.01,0.01,2426.005,-0.6548981699602918403873811903
ETH-USD,2026-08-28T20:33:28.465241Z,2426,2426.01,0.01,2426.005,-0.6548981699602918403873811903
ETH-USD,2026-08-28T20:33:28.556799Z,2426,2426.01,0.01,2426.005,-0.6548981699602918403873811903
ETH-USD,2026-08-28T20:33:28.613259Z,2426,2426.01,0.01,2426.005,-0.6537079471880358442314940971
ETH-USD,2026-08-28T20:33:28.645303Z,2426,2426.01,0.01,2426.005,-0.6537079471880358442314940971
ETH-USD,2026-08-28T20:33:28.695436Z,2426,2426.01,0.01,2426.005,-0.5253626297584220008749260450
ETH-USD,2026-08-28T20:33:28.741625Z,2426,2426.01,0.01,2426.005,-0.5253626297584220008749260450
ETH-USD,2026-08-28T20:33:28.79223Z,2426,2426.01,0.01,2426.005,-0.6492850322954110599522217782
ETH-USD,2026-08-28T20:33:28.827503Z,2426,2426.01,0.01,2426.005,-0.6492850322954110599522217782
ETH-USD,2026-08-28T20:33:28.914455Z,2426,2426.01,0.01,2426.005,-0.6492850322954110599522217782
ETH-USD,2026-08-28T20:33:28.944321Z,2426,2426.02,0.02,2426.01,-0.4552813761053666709229341183
ETH-USD,2026-08-28T20:33:28.9776Z,2426,2426.02,0.02,2426.01,-0.4552813761053666709229341183
ETH-USD,2026-08-28T20:33:29.04624Z,2426,2426.02,0.02,2426.01,-0.4552813761053666709229341183
ETH-USD,2026-08-28T20:33:29.119213Z,2426,2426.02,0.02,2426.01,-0.7424169366449800352011979410
ETH-USD,2026-08-28T20:33:29.172755Z,2426,2426.02,0.02,2426.01,-0.7424191344138145247236662324
ETH-USD,2026-08-28T20:33:29.213755Z,2426,2426.01,0.01,2426.005,-0.3901613853642487005472728259
ETH-USD,2026-08-28T20:33:29.249552Z,2426,2426.01,0.01,2426.005,-0.3901613853642487005472728259
ETH-USD,2026-08-28T20:33:29.343567Z,2426,2426.02,0.02,2426.01,-0.4547941424742354863943351751
ETH-USD,2026-08-28T20:33:29.443459Z,2426,2426.02,0.02,2426.01,-0.4547941424742354863943351751
ETH-USD,2026-08-28T20:33:29.499133Z,2426,2426.02,0.02,2426.01,-0.4547941424742354863943351751
ETH-USD,2026-08-28T20:33:29.557125Z,2426,2426.02,0.02,2426.01,-0.1776211873158141843918718715
ETH-USD,2026-08-28T20:33:29.599233Z,2426,2426.02,0.02,2426.01,-0.1776211873158141843918718715
ETH-USD,2026-08-28T20:33:29.643836Z,2426,2426.01,0.01,2426.005,-0.1004476762876436593961466604
ETH-USD,2026-08-28T20:33:29.668721Z,2426,2426.01,0.01,2426.005,-0.1004476762876436593961466604
ETH-USD,2026-08-28T20:33:29.735352Z,2426,2426.01,0.01,2426.005,-0.1387471269355490381121855475
ETH-USD,2026-08-28T20:33:29.7943Z,2426.01,2426.02,0.01,2426.015,-0.5992669357531951831733044565
ETH-USD,2026-08-28T20:33:29.835482Z,2426.01,2426.02,0.01,2426.015,-0.4826429942320346362077916390
ETH-USD,2026-08-28T20:33:29.905886Z,2426.01,2426.02,0.01,2426.015,-0.3440070262266366242161235954
ETH-USD,2026-08-28T20:33:29.95518Z,2426.01,2426.02,0.01,2426.015,-0.1703575462892736788160402139
ETH-USD,2026-08-28T20:33:30.051722Z,2426.01,2426.02,0.01,2426.015,-0.1703575462892736788160402139
ETH-USD,2026-08-28T20:33:30.097876Z,2426.01,2426.02,0.01,2426.015,-0.1703575462892736788160402139
ETH-USD,2026-08-28T20:33:30.126413Z,2426.01,2426.02,0.01,2426.015,-0.1703575462892736788160402139
ETH-USD,2026-08-28T20:33:30.173645Z,2426.01,2426.02,0.01,2426.015,-0.1703575462892736788160402139
ETH-USD,2026-08-28T20:33:30.250778Z,2426.01,2426.02,0.01,2426.015,-0.1703575462892736788160402139
ETH-USD,2026-08-28T20:33:30.301554Z,2426.01,2426.02,0.01,2426.015,-0.1703575462892736788160402139
ETH-USD,2026-08-28T20:33:30.357575Z,2426.01,2426.02,0.01,2426.015,-0.1703575462892736788160402139
ETH-USD,2026-08-28T20:33:30.402014Z,2426.01,2426.02,0.01,2426.015,-0.1703575462892736788160402139
ETH-USD,2026-08-28T20:33:30.425067Z,2426.01,2426.02,0.01,2426.015,-0.1703575462892736788160402139
ETH-USD,2026-08-28T20:33:30.556742Z,2426.01,2426.02,0.01,2426.015,-0.1703575462892736788160402139
ETH-USD,2026-08-28T20:33:30.566451Z,2426.01,2426.02,0.01,2426.015,-0.3273492855842844611609450264
ETH-USD,2026-08-28T20:33:30.638167Z,2426.01,2426.02,0.01,2426.015,-0.3273492855842844611609450264
ETH-USD,2026-08-28T20:33:30.703036Z,2426.01,2426.02,0.01,2426.015,-0.3273492855842844611609450264
ETH-USD,2026-08-28T20:33:30.769663Z,2426.01,2426.02,0.01,2426.015,-0.3273492855842844611609450264
ETH-USD,2026-08-28T20:33:30.805353Z,2426.01,2426.02,0.01,2426.015,-0.3273492855842844611609450264
ETH-USD,2026-08-28T20:33:30.860444Z,2426.01,2426.02,0.01,2426.015,-0.5524076288697271948325878046
ETH-USD,2026-08-28T20:33:30.878337Z,2426.01,2426.02,0.01,2426.015,-0.3735451214264596507857269138
ETH-USD,2026-08-28T20:33:30.952974Z,2426.01,2426.02,0.01,2426.015,-0.4169471735936334439115700980
ETH-USD,2026-08-28T20:33:30.985128Z,2426.01,2426.02,0.01,2426.015,-0.4169471735936334439115700980
ETH-USD,2026-08-28T20:33:31.028141Z,2426.01,2426.02,0.01,2426.015,-0.4169471735936334439115700980
ETH-USD,2026-08-28T20:33:31.159068Z,2426.01,2426.02,0.01,2426.015,-0.4169471735936334439115700980
ETH-USD,2026-08-28T20:33:31.163593Z,2426.01,2426.02,0.01,2426.015,-0.4169471735936334439115700980
ETH-USD,2026-08-28T20:33:31.247691Z,2426.01,2426.02,0.01,2426.015,-0.3735451214264596507857269138
ETH-USD,2026-08-28T20:33:31.29581Z,2426.01,2426.02,0.01,2426.015,-0.3735451214264596507857269138
ETH-USD,2026-08-28T20:33:31.36808Z,2426.01,2426.02,0.01,2426.015,-0.3735451214264596507857269138
ETH-USD,2026-08-28T20:33:31.382515Z,2426.01,2426.02,0.01,2426.015,-0.3735451214264596507857269138
ETH-USD,2026-08-28T20:33:31.424326Z,2426.01,2426.02,0.01,2426.015,-0.3735451214264596507857269138
ETH-USD,2026-08-28T20:33:31.479093Z,2426.01,2426.02,0.01,2426.015,-0.3273492855842844611609450264
ETH-USD,2026-08-28T20:33:31.552594Z,2426.01,2426.02,0.01,2426.015,-0.3273492855842844611609450264
ETH-USD,2026-08-28T20:33:31.597292Z,2426.01,2426.02,0.01,2426.015,-0.3273492855842844611609450264
ETH-USD,2026-08-28T20:33:31.657664Z,2426.01,2426.02,0.01,2426.015,-0.3273492855842844611609450264
ETH-USD,2026-08-28T20:33:31.689421Z,2426.01,2426.02,0.01,2426.015,-0.3275494776704587853717384825
ETH-USD,2026-08-28T20:33:31.768889Z,2426.01,2426.02,0.01,2426.015,-0.3269410359368255269146918445
ETH-USD,2026-08-28T20:33:31.809383Z,2426.01,2426.02,0.01,2426.015,-0.3269410359368255269146918445
ETH-USD,2026-08-28T20:33:31.853683Z,2426.01,2426.02,0.01,2426.015,-0.3269410359368255269146918445
ETH-USD,2026-08-28T20:33:31.860556Z,2426.01,2426.02,0.01,2426.015,-0.3269410359368255269146918445
ETH-USD,2026-08-28T20:33:31.955599Z,2426.01,2426.02,0.01,2426.015,-0.3269410359368255269146918445
ETH-USD,2026-08-28T20:33:31.997633Z,2426.01,2426.02,0.01,2426.015,-0.3269410359368255269146918445
ETH-USD,2026-08-28T20:33:32.032775Z,2426.01,2426.02,0.01,2426.015,-0.3269410359368255269146918445
ETH-USD,2026-08-28T20:33:32.157453Z,2426.01,2426.02,0.01,2426.015,-0.3269410359368255269146918445
ETH-USD,2026-08-28T20:33:32.186292Z,2426.01,2426.02,0.01,2426.015,-0.3269410359368255269146918445
ETH-USD,2026-08-28T20:33:32.225574Z,2426.01,2426.02,0.01,2426.015,-0.3269410359368255269146918445
ETH-USD,2026-08-28T20:33:32.34022Z,2426.01,2426.02,0.01,2426.015,-0.3269410359368255269146918445
ETH-USD,2026-08-28T20:33:32.410839Z,2426.01,2426.02,0.01,2426.015,-0.3269410359368255269146918445
ETH-USD,2026-08-28T20:33:32.426767Z,2426.01,2426.02,0.01,2426.015,-0.3269410359368255269146918445
ETH-USD,2026-08-28T20:33:32.501902Z,2426.01,2426.02,0.01,2426.015,-0.3269410359368255269146918445
ETH-USD,2026-08-28T20:33:32.525517Z,2426.01,2426.02,0.01,2426.015,-0.3269410359368255269146918445
ETH-USD,2026-08-28T20:33:32.646346Z,2426.01,2426.02,0.01,2426.015,-0.3269410359368255269146918445
ETH-USD,2026-08-28T20:33:32.697399Z,2426.01,2426.02,0.01,2426.015,-0.3269410359368255269146918445
ETH-USD,2026-08-28T20:33:32.727015Z,2426.01,2426.02,0.01,2426.015,-0.3269410359368255269146918445
ETH-USD,2026-08-28T20:33:32.821094Z,2426.01,2426.02,0.01,2426.015,-0.3269410359368255269146918445
ETH-USD,2026-08-28T20:33:32.862491Z,2426.01,2426.02,0.01,2426.015,-0.3269410359368255269146918445
ETH-USD,2026-08-28T20:33:32.955158Z,2426.01,2426.02,0.01,2426.015,-0.5527143911472312914655160541
ETH-USD,2026-08-28T20:33:33.00352Z,2426.01,2426.02,0.01,2426.015,-0.3269410359368255269146918445
ETH-USD,2026-08-28T20:33:33.023755Z,2426.01,2426.02,0.01,2426.015,-0.3269410359368255269146918445
ETH-USD,2026-08-28T20:33:33.100427Z,2426.01,2426.02,0.01,2426.015,-0.3258261397605538596720836675
ETH-USD,2026-08-28T20:33:33.147268Z,2426.01,2426.02,0.01,2426.015,-0.3258261397605538596720836675
ETH-USD,2026-08-28T20:33:33.213727Z,2426.01,2426.02,0.01,2426.015,-0.3258261397605538596720836675
ETH-USD,2026-08-28T20:33:33.259522Z,2426.01,2426.02,0.01,2426.015,-0.3258261397605538596720836675
ETH-USD,2026-08-28T20:33:33.306744Z,2426.01,2426.02,0.01,2426.015,-0.3258261397605538596720836675
ETH-USD,2026-08-28T20:33:33.355657Z,2426.01,2426.02,0.01,2426.015,-0.3258261397605538596720836675
ETH-USD,2026-08-28T20:33:33.418551Z,2426.01,2426.02,0.01,2426.015,-0.3269441003633384960728212848
ETH-USD,2026-08-28T20:33:33.422877Z,2426.01,2426.02,0.01,2426.015,-0.3269441003633384960728212848
ETH-USD,2026-08-28T20:33:33.507481Z,2426.01,2426.02,0.01,2426.015,-0.3269441003633384960728212848
ETH-USD,2026-08-28T20:33:33.555807Z,2426.01,2426.02,0.01,2426.015,-0.3269441003633384960728212848
ETH-USD,2026-08-28T20:33:33.614121Z,2426.01,2426.02,0.01,2426.015,-0.3812812107318000904084173262
ETH-USD,2026-08-28T20:33:33.653369Z,2426.01,2426.02,0.01,2426.015,-0.3269441003633384960728212848
ETH-USD,2026-08-28T20:33:33.760507Z,2426.01,2426.02,0.01,2426.015,-0.3268576926699661366118856526
ETH-USD,2026-08-28T20:33:33.793708Z,2426.01,2426.02,0.01,2426.015,-0.3268576926699661366118856526
ETH-USD,2026-08-28T20:33:33.853979Z,2426.01,2426.02,0.01,2426.015,-0.3268576926699661366118856526
ETH-USD,2026-08-28T20:33:33.885533Z,2426.01,2426.02,0.01,2426.015,-0.3268576926699661366118856526
ETH-USD,2026-08-28T20:33:33.956422Z,2426.01,2426.02,0.01,2426.015,-0.4340161862268036111514781365
ETH-USD,2026-08-28T20:33:33.993723Z,2426.01,2426.02,0.01,2426.015,-0.5549252454887194846432033120
ETH-USD,2026-08-28T20:33:34.045461Z,2426.01,2426.02,0.01,2426.015,-0.5549252454887194846432033120
ETH-USD,2026-08-28T20:33:34.096791Z,2426.01,2426.02,0.01,2426.015,-0.5549252454887194846432033120
ETH-USD,2026-08-28T20:33:34.139536Z,2426.01,2426.02,0.01,2426.015,-0.5549252454887194846432033120
ETH-USD,2026-08-28T20:33:34.248929Z,2426.01,2426.02,0.01,2426.015,-0.5549252454887194846432033120
ETH-USD,2026-08-28T20:33:34.325229Z,2426.01,2426.02,0.01,2426.015,-0.5549252454887194846432033120
ETH-USD,2026-08-28T20:33:34.417533Z,2426.01,2426.02,0.01,2426.015,-0.5549252454887194846432033120
ETH-USD,2026-08-28T20:33:34.422989Z,2426.01,2426.02,0.01,2426.015,-0.5549252454887194846432033120
ETH-USD,2026-08-28T20:33:34.56667Z,2426.01,2426.02,0.01,2426.015,-0.5139384984910310711882708365
ETH-USD,2026-08-28T20:33:34.628615Z,2426.01,2426.02,0.01,2426.015,-0.5139384984910310711882708365
ETH-USD,2026-08-28T20:33:34.717523Z,2426.01,2426.02,0.01,2426.015,-0.5139384984910310711882708365
ETH-USD,2026-08-28T20:33:34.735748Z,2426.01,2426.02,0.01,2426.015,-0.5139384984910310711882708365
ETH-USD,2026-08-28T20:33:34.857018Z,2426.01,2426.02,0.01,2426.015,-0.5139384984910310711882708365
ETH-USD,2026-08-28T20:33:34.862301Z,2426.01,2426.02,0.01,2426.015,-0.5139384984910310711882708365
ETH-USD,2026-08-28T20:33:34.924506Z,2426.01,2426.02,0.01,2426.015,-0.5139384984910310711882708365
ETH-USD,2026-08-28T20:33:35.001377Z,2426.01,2426.02,0.01,2426.015,-0.5139384984910310711882708365
ETH-USD,2026-08-28T20:33:35.03702Z,2426.01,2426.02,0.01,2426.015,-0.5139384984910310711882708365
ETH-USD,2026-08-28T20:33:35.070786Z,2426.01,2426.02,0.01,2426.015,-0.5139384984910310711882708365
ETH-USD,2026-08-28T20:33:35.152327Z,2426.01,2426.02,0.01,2426.015,-0.5427305736803842008012399409
ETH-USD,2026-08-28T20:33:35.202464Z,2426.01,2426.02,0.01,2426.015,-0.7260076286516819595569477984
ETH-USD,2026-08-28T20:33:35.260969Z,2426.01,2426.02,0.01,2426.015,-0.6500978473963907481392815739
ETH-USD,2026-08-28T20:33:35.303682Z,2426,2426.02,0.02,2426.01,-0.3698212064897941299939940165
ETH-USD,2026-08-28T20:33:35.360843Z,2426,2426.01,0.01,2426.005,-0.8728227605235077465670061296
ETH-USD,2026-08-28T20:33:35.411244Z,2426,2426.01,0.01,2426.005,-0.5985266741595473865927102492
ETH-USD,2026-08-28T20:33:35.437673Z,2426,2426.01,0.01,2426.005,-0.5707549788439246422538014333
ETH-USD,2026-08-28T20:33:35.515381Z,2426,2426.02,0.02,2426.01,-0.5136329394338735914474642317
ETH-USD,2026-08-28T20:33:35.555638Z,2426,2426.02,0.02,2426.01,-0.5136320654616953336660857016
ETH-USD,2026-08-28T20:33:35.614067Z,2426,2426.02,0.02,2426.01,-0.5136320654616953336660857016
ETH-USD,2026-08-28T20:33:35.623298Z,2426,2426.02,0.02,2426.01,-0.5136320654616953336660857016
ETH-USD,2026-08-28T20:33:35.69872Z,2426,2426.02,0.02,2426.01,-0.4572180615958542345698036242
ETH-USD,2026-08-28T20:33:35.735138Z,2426,2426.02,0.02,2426.01,-0.4572180615958542345698036242
ETH-USD,2026-08-28T20:33:35.80896Z,2426,2426.02,0.02,2426.01,-0.4572180615958542345698036242
ETH-USD,2026-08-28T20:33:35.825998Z,2426,2426.02,0.02,2426.01,-0.4572180615958542345698036242
ETH-USD,2026-08-28T20:33:35.887992Z,2426,2426.02,0.02,2426.01,-0.4572180615958542345698036242
ETH-USD,2026-08-28T20:33:35.9231Z,2426,2426.02,0.02,2426.01,-0.4572180615958542345698036242
ETH-USD,2026-08-28T20:33:36.043916Z,2426,2426.02,0.02,2426.01,-0.4572180615958542345698036242
ETH-USD,2026-08-28T20:33:36.097641Z,2426,2426.02,0.02,2426.01,-0.5386252252781249305836082293
ETH-USD,2026-08-28T20:33:36.147878Z,2426,2426.02,0.02,2426.01,-0.1493999270795311354250790023
ETH-USD,2026-08-28T20:33:36.197102Z,2426,2426.02,0.02,2426.01,-0.1493999270795311354250790023
ETH-USD,2026-08-28T20:33:36.252563Z,2426,2426.02,0.02,2426.01,-0.1493999270795311354250790023
ETH-USD,2026-08-28T20:33:36.257661Z,2426,2426.02,0.02,2426.01,-0.1493999270795311354250790023
ETH-USD,2026-08-28T20:33:36.360454Z,2426,2426.02,0.02,2426.01,-0.1493999270795311354250790023
ETH-USD,2026-08-28T20:33:36.414455Z,2426,2426.01,0.01,2426.005,-0.4138572076008767428392917758
ETH-USD,2026-08-28T20:33:36.43625Z,2426,2426.01,0.01,2426.005,-0.4138572076008767428392917758
ETH-USD,2026-08-28T20:33:36.561164Z,2426,2426.01,0.01,2426.005,-0.4138572076008767428392917758
ETH-USD,2026-08-28T20:33:36.601281Z,2426,2426.01,0.01,2426.005,-0.3862184738290466964125584411
ETH-USD,2026-08-28T20:33:36.661875Z,2426,2426.02,0.02,2426.01,-0.3695655064843699946922732157
ETH-USD,2026-08-28T20:33:36.69393Z,2426,2426.02,0.02,2426.01,-0.3695655064843699946922732157
ETH-USD,2026-08-28T20:33:36.831547Z,2426,2426.02,0.02,2426.01,-0.3695655064843699946922732157
ETH-USD,2026-08-28T20:33:36.967537Z,2426,2426.02,0.02,2426.01,-0.3936701759517644288819251318
ETH-USD,2026-08-28T20:33:37.016546Z,2426,2426.02,0.02,2426.01,-0.3936701759517644288819251318
ETH-USD,2026-08-28T20:33:37.033508Z,2426,2426.02,0.02,2426.01,-0.3936701759517644288819251318
ETH-USD,2026-08-28T20:33:37.168976Z,2426,2426.02,0.02,2426.01,-0.3936701759517644288819251318
ETH-USD,2026-08-28T20:33:37.226717Z,2426,2426.02,0.02,2426.01,-0.3936701759517644288819251318
ETH-USD,2026-08-28T20:33:37.309762Z,2426,2426.02,0.02,2426.01,-0.3936701759517644288819251318
ETH-USD,2026-08-28T20:33:37.337441Z,2426,2426.02,0.02,2426.01,-0.3936701759517644288819251318
ETH-USD,2026-08-28T20:33:37.440958Z,2426,2426.02,0.02,2426.01,-0.3936701759517644288819251318
ETH-USD,2026-08-28T20:33:37.538306Z,2426,2426.02,0.02,2426.01,-0.3936701759517644288819251318
ETH-USD,2026-08-28T20:33:37.568295Z,2426,2426.02,0.02,2426.01,-0.3936701759517644288819251318
ETH-USD,2026-08-28T20:33:37.625198Z,2426,2426.02,0.02,2426.01,-0.3936701759517644288819251318
ETH-USD,2026-08-28T20:33:37.703732Z,2426,2426.02,0.02,2426.01,-0.3936701759517644288819251318
ETH-USD,2026-08-28T20:33:37.718836Z,2426,2426.02,0.02,2426.01,-0.3936701759517644288819251318
ETH-USD,2026-08-28T20:33:37.786286Z,2426,2426.02,0.02,2426.01,-0.3936701759517644288819251318
ETH-USD,2026-08-28T20:33:37.826789Z,2426,2426.02,0.02,2426.01,-0.3936701759517644288819251318
ETH-USD,2026-08-28T20:33:37.962925Z,2426,2426.02,0.02,2426.01,-0.3936701759517644288819251318
ETH-USD,2026-08-28T20:33:37.966325Z,2426,2426.02,0.02,2426.01,-0.3936701759517644288819251318
ETH-USD,2026-08-28T20:33:38.047846Z,2426,2426.02,0.02,2426.01,-0.3968822690131854139074671300
ETH-USD,2026-08-28T20:33:38.087338Z,2426,2426.02,0.02,2426.01,-0.3968822690131854139074671300
ETH-USD,2026-08-28T20:33:38.122956Z,2426,2426.02,0.02,2426.01,-0.3968822690131854139074671300
ETH-USD,2026-08-28T20:33:38.201058Z,2426,2426.02,0.02,2426.01,-0.3968822690131854139074671300
ETH-USD,2026-08-28T20:33:38.226174Z,2426,2426.02,0.02,2426.01,-0.3968822690131854139074671300
ETH-USD,2026-08-28T20:33:38.309768Z,2426,2426.02,0.02,2426.01,-0.6623566261223466507389852803
ETH-USD,2026-08-28T20:33:38.353224Z,2426,2426.02,0.02,2426.01,-0.3912215611822683292597658222
ETH-USD,2026-08-28T20:33:38.394769Z,2426,2426.02,0.02,2426.01,-0.3912215611822683292597658222
ETH-USD,2026-08-28T20:33:38.45146Z,2426,2426.01,0.01,2426.005,-0.4755956803132149603827162722
ETH-USD,2026-08-28T20:33:38.489338Z,2426,2426.01,0.01,2426.005,-0.4755956803132149603827162722
ETH-USD,2026-08-28T20:33:38.537751Z,2426,2426.01,0.01,2426.005,-0.4755956803132149603827162722
ETH-USD,2026-08-28T20:33:38.593816Z,2426,2426.02,0.02,2426.01,-0.5434265649215339053296958174
ETH-USD,2026-08-28T20:33:38.643259Z,2426,2426.02,0.02,2426.01,-0.5434265649215339053296958174
ETH-USD,2026-08-28T20:33:38.661854Z,2426,2426.02,0.02,2426.01,-0.5434265649215339053296958174
ETH-USD,2026-08-28T20:33:38.729703Z,2426,2426.02,0.02,2426.01,-0.5434265649215339053296958174
ETH-USD,2026-08-28T20:33:38.807923Z,2426,2426.02,0.02,2426.01,-0.5434265649215339053296958174
ETH-USD,2026-08-28T20:33:38.825362Z,2426,2426.02,0.02,2426.01,-0.5434265649215339053296958174
ETH-USD,2026-08-28T20:33:38.96204Z,2426,2426.02,0.02,2426.01,-0.4607300296310755280415755015
ETH-USD,2026-08-28T20:33:38.991769Z,2426,2426.02,0.02,2426.01,-0.4607300296310755280415755015
ETH-USD,2026-08-28T20:33:39.03415Z,2426,2426.02,0.02,2426.01,-0.4607300296310755280415755015
ETH-USD,2026-08-28T20:33:39.162214Z,2426,2426.02,0.02,2426.01,-0.4607300296310755280415755015
ETH-USD,2026-08-28T20:33:39.265595Z,2426,2426.02,0.02,2426.01,-0.4607300296310755280415755015
ETH-USD,2026-08-28T20:33:39.326734Z,2426,2426.02,0.02,2426.01,-0.4607300296310755280415755015
ETH-USD,2026-08-28T20:33:39.437922Z,2426,2426.02,0.02,2426.01,-0.4607300296310755280415755015
ETH-USD,2026-08-28T20:33:39.486822Z,2426,2426.02,0.02,2426.01,-0.4607300296310755280415755015
ETH-USD,2026-08-28T20:33:39.557228Z,2426,2426.02,0.02,2426.01,-0.4576467391820446943921649751
ETH-USD,2026-08-28T20:33:39.60848Z,2426.4,2426.64,0.24,2426.52,0.6882056909541272473783744364
ETH-USD,2026-08-28T20:33:39.645568Z,2426.37,2426.5,0.13,2426.435,0.1270362341181898223508328605
ETH-USD,2026-08-28T20:33:39.688472Z,2426.54,2427.11,0.57,2426.825,-0.5175352615124905536915950847
ETH-USD,2026-08-28T20:33:39.697894Z,2426.61,2426.88,0.27,2426.745,-0.1351562610531946404314881852
ETH-USD,2026-08-28T20:33:39.844947Z,2426.38,2426.55,0.17,2426.465,-0.2935200806190387064597734244
ETH-USD,2026-08-28T20:33:39.956833Z,2426.34,2426.51,0.17,2426.425,-0.08820611635178800216174980232
ETH-USD,2026-08-28T20:33:40.002728Z,2426.32,2426.5,0.18,2426.41,-0.3128515122700919835073281034
ETH-USD,2026-08-28T20:33:40.045938Z,2426.32,2426.48,0.16,2426.40,-0.2000466915903845362794480909
ETH-USD,2026-08-28T20:33:40.105036Z,2426.33,2426.48,0.15,2426.405,-0.2945683104268219998014719992
ETH-USD,2026-08-28T20:33:40.142428Z,2426.33,2426.47,0.14,2426.40,-0.2874482414305926076351790821
ETH-USD,2026-08-28T20:33:40.20953Z,2426.3,2426.46,0.16,2426.38,-0.3987783706854549422837178635
ETH-USD,2026-08-28T20:33:40.249629Z,2426.3,2426.46,0.16,2426.38,-0.3626633915526010592401636609
ETH-USD,2026-08-28T20:33:40.325953Z,2426.3,2426.46,0.16,2426.38,-0.3626633915526010592401636609
ETH-USD,2026-08-28T20:33:40.394139Z,2426.3,2426.46,0.16,2426.38,-0.3626633915526010592401636609
ETH-USD,2026-08-28T20:33:40.458283Z,2426.3,2426.43,0.13,2426.365,-0.2886172227402355071530113631
ETH-USD,2026-08-28T20:33:40.498641Z,2426.32,2426.46,0.14,2426.39,-0.3883389013850887044766262917
ETH-USD,2026-08-28T20:33:40.563058Z,2426.3,2426.46,0.16,2426.38,-0.4397650575071528453762802169
ETH-USD,2026-08-28T20:33:40.601947Z,2426.3,2426.44,0.14,2426.37,-0.5675600918030576100746576577
ETH-USD,2026-08-28T20:33:40.634655Z,2426.3,2426.44,0.14,2426.37,-0.5675600918030576100746576577
ETH-USD,2026-08-28T20:33:40.67714Z,2426.3,2426.44,0.14,2426.37,-0.4656771772597768597000447761
ETH-USD,2026-08-28T20:33:40.732047Z,2426.3,2426.44,0.14,2426.37,-0.4656771772597768597000447761
ETH-USD,2026-08-28T20:33:40.790651Z,2426.3,2426.44,0.14,2426.37,-0.4656771772597768597000447761
ETH-USD,2026-08-28T20:33:40.847908Z,2426.3,2426.44,0.14,2426.37,-0.4656771772597768597000447761
ETH-USD,2026-08-28T20:33:40.902162Z,2426.3,2426.44,0.14,2426.37,-0.4656771772597768597000447761
ETH-USD,2026-08-28T20:33:40.957362Z,2426.3,2426.43,0.13,2426.365,-0.5249322059068908700629089100
ETH-USD,2026-08-28T20:33:41.003852Z,2426.3,2426.43,0.13,2426.365,-0.4234316532905254284362444203
ETH-USD,2026-08-28T20:33:41.02765Z,2426.3,2426.42,0.12,2426.36,-0.3575558900300276912143449075
ETH-USD,2026-08-28T20:33:41.160943Z,2426.3,2426.42,0.12,2426.36,-0.3575558900300276912143449075
ETH-USD,2026-08-28T20:33:41.201493Z,2426.3,2426.42,0.12,2426.36,-0.3575558900300276912143449075
ETH-USD,2026-08-28T20:33:41.243536Z,2426.3,2426.42,0.12,2426.36,-0.3263799034545598398906241411
ETH-USD,2026-08-28T20:33:41.275701Z,2426.3,2426.42,0.12,2426.36,-0.3263799034545598398906241411
ETH-USD,2026-08-28T20:33:41.347433Z,2426.3,2426.42,0.12,2426.36,-0.3263799034545598398906241411
ETH-USD,2026-08-28T20:33:41.395664Z,2426.41,2426.42,0.01,2426.415,-0.5235947187647054096154793889
ETH-USD,2026-08-28T20:33:41.433706Z,2426.41,2426.42,0.01,2426.415,-0.5352077449718710629383864835
ETH-USD,2026-08-28T20:33:41.473937Z,2426.41,2426.42,0.01,2426.415,-0.5352077449718710629383864835
ETH-USD,2026-08-28T20:33:41.534966Z,2426.41,2426.42,0.01,2426.415,-0.5352077449718710629383864835
ETH-USD,2026-08-28T20:33:41.589218Z,2426.3,2426.42,0.12,2426.36,-0.2365269581139806484497884707
ETH-USD,2026-08-28T20:33:41.654128Z,2426.33,2426.42,0.09,2426.375,-0.1579929370186434778149667122
ETH-USD,2026-08-28T20:33:41.674136Z,2426.33,2426.42,0.09,2426.375,-0.2365269581139806484497884707
ETH-USD,2026-08-28T20:33:41.754115Z,2426.34,2426.42,0.08,2426.38,-0.3366949506645672823139245557
ETH-USD,2026-08-28T20:33:41.854482Z,2426.5,2426.51,0.01,2426.505,-0.5864230061120076411901883270
ETH-USD,2026-08-28T20:33:41.912187Z,2426.5,2426.51,0.01,2426.505,-0.3749618839112262834153848897
ETH-USD,2026-08-28T20:33:41.945715Z,2426.5,2426.51,0.01,2426.505,-0.1629745132075435251106042754
ETH-USD,2026-08-28T20:33:42.000776Z,2426.5,2426.51,0.01,2426.505,-0.1629745132075435251106042754
ETH-USD,2026-08-28T20:33:42.041298Z,2426.5,2426.51,0.01,2426.505,-0.3697277701505866589818769454
ETH-USD,2026-08-28T20:33:42.126858Z,2426.5,2426.51,0.01,2426.505,-0.3004304102786975575387368552
ETH-USD,2026-08-28T20:33:42.198024Z,2426.5,2426.51,0.01,2426.505,-0.4761179230108616931483396800
ETH-USD,2026-08-28T20:33:42.249961Z,2426.5,2426.51,0.01,2426.505,-0.3145012335124345503289716384
ETH-USD,2026-08-28T20:33:42.346769Z,2426.5,2426.51,0.01,2426.505,-0.3145012335124345503289716384
ETH-USD,2026-08-28T20:33:42.543361Z,2426.5,2426.51,0.01,2426.505,-0.2990767734947659399783076524
ETH-USD,2026-08-28T20:33:42.595061Z,2426.5,2426.51,0.01,2426.505,-0.6794373173657790848783380010
ETH-USD,2026-08-28T20:33:42.663423Z,2426.5,2426.51,0.01,2426.505,-0.2934543798606250795212200825
ETH-USD,2026-08-28T20:33:42.702894Z,2426.5,2426.51,0.01,2426.505,-0.2934543798606250795212200825
ETH-USD,2026-08-28T20:33:42.752517Z,2426.5,2426.51,0.01,2426.505,-0.2863802906240670306386016192
ETH-USD,2026-08-28T20:33:42.779164Z,2426.5,2426.51,0.01,2426.505,-0.2863802906240670306386016192
ETH-USD,2026-08-28T20:33:42.936165Z,2426.29,2426.38,0.09,2426.335,-0.07087416205329449902036075882
ETH-USD,2026-08-28T20:33:43.015816Z,2426.35,2426.4,0.05,2426.375,-0.2810434421872697103209343487
ETH-USD,2026-08-28T20:33:43.054957Z,2426.13,2426.4,0.27,2426.265,-0.5507223031910643211759834674
ETH-USD,2026-08-28T20:33:43.10012Z,2426.22,2426.4,0.18,2426.31,-0.2044644856111077015986521733
ETH-USD,2026-08-28T20:33:43.156113Z,2426.26,2426.4,0.14,2426.33,-0.4594625815724808169821677628
ETH-USD,2026-08-28T20:33:43.199993Z,2426.26,2426.4,0.14,2426.33,-0.5133867729224247312207097037
ETH-USD,2026-08-28T20:33:43.239679Z,2426.26,2426.4,0.14,2426.33,-0.5133867729224247312207097037
ETH-USD,2026-08-28T20:33:43.273521Z,2426.26,2426.4,0.14,2426.33,-0.5133867729224247312207097037
ETH-USD,2026-08-28T20:33:43.331998Z,2426.29,2426.4,0.11,2426.345,-0.4853029658899547102755808165
ETH-USD,2026-08-28T20:33:43.405812Z,2426.29,2426.4,0.11,2426.345,-0.6037636206236866439692758212
ETH-USD,2026-08-28T20:33:43.432744Z,2426.29,2426.4,0.11,2426.345,-0.3544575630448072294762922509
ETH-USD,2026-08-28T20:33:43.508953Z,2426.29,2426.4,0.11,2426.345,-0.3319876667758235492724697453
ETH-USD,2026-08-28T20:33:43.530107Z,2426.32,2426.4,0.08,2426.36,-0.4156751942719630945197390173
ETH-USD,2026-08-28T20:33:43.762518Z,2426.29,2426.4,0.11,2426.345,-0.4272410611644364217250060317
ETH-USD,2026-08-28T20:33:43.819204Z,2426.29,2426.4,0.11,2426.345,-0.3935707366800326596241746742
ETH-USD,2026-08-28T20:33:43.857934Z,2426.29,2426.4,0.11,2426.345,-0.3629206981466004583389859878
ETH-USD,2026-08-28T20:33:43.918271Z,2426.29,2426.4,0.11,2426.345,-0.3629206981466004583389859878
ETH-USD,2026-08-28T20:33:43.951711Z,2426.29,2426.4,0.11,2426.345,-0.3629206981466004583389859878
ETH-USD,2026-08-28T20:33:43.988688Z,2426.29,2426.4,0.11,2426.345,-0.3629206981466004583389859878
ETH-USD,2026-08-28T20:33:44.034449Z,2426.29,2426.4,0.11,2426.345,-0.3629206981466004583389859878
ETH-USD,2026-08-28T20:33:44.097797Z,2426.29,2426.4,0.11,2426.345,-0.3629206981466004583389859878
ETH-USD,2026-08-28T20:33:44.131731Z,2426.29,2426.4,0.11,2426.345,-0.3629206981466004583389859878
ETH-USD,2026-08-28T20:33:44.202431Z,2426.29,2426.39,0.10,2426.34,-0.2992635911662323759568249474
ETH-USD,2026-08-28T20:33:44.231023Z,2426.29,2426.4,0.11,2426.345,-0.3629206981466004583389859878
ETH-USD,2026-08-28T20:33:44.313606Z,2426.29,2426.4,0.11,2426.345,-0.3629206981466004583389859878
ETH-USD,2026-08-28T20:33:44.354168Z,2426.29,2426.4,0.11,2426.345,-0.3629206981466004583389859878
ETH-USD,2026-08-28T20:33:44.421689Z,2426.29,2426.4,0.11,2426.345,-0.3629206981466004583389859878
ETH-USD,2026-08-28T20:33:44.459777Z,2426.29,2426.4,0.11,2426.345,-0.3629222163579600979076795259
ETH-USD,2026-08-28T20:33:44.514238Z,2426.29,2426.4,0.11,2426.345,-0.3629204081209586961229208257
ETH-USD,2026-08-28T20:33:44.548051Z,2426.29,2426.4,0.11,2426.345,-0.3633142649895342800543700540
ETH-USD,2026-08-28T20:33:44.586338Z,2426.29,2426.4,0.11,2426.345,-0.3633142649895342800543700540
ETH-USD,2026-08-28T20:33:44.649331Z,2426.29,2426.4,0.11,2426.345,-0.3183176426232933610751745983
ETH-USD,2026-08-28T20:33:44.678913Z,2426.29,2426.4,0.11,2426.345,-0.2059756187586723902238303152
ETH-USD,2026-08-28T20:33:44.729874Z,2426.29,2426.4,0.11,2426.345,-0.2059756187586723902238303152
ETH-USD,2026-08-28T20:33:44.798204Z,2426.29,2426.4,0.11,2426.345,-0.2972205057161168808973239969
ETH-USD,2026-08-28T20:33:44.853708Z,2426.29,2426.4,0.11,2426.345,-0.2972205057161168808973239969
ETH-USD,2026-08-28T20:33:44.895237Z,2426.29,2426.4,0.11,2426.345,-0.2979594583297231779838045096
ETH-USD,2026-08-28T20:33:44.941661Z,2426.29,2426.4,0.11,2426.345,-0.2979594583297231779838045096
ETH-USD,2026-08-28T20:33:44.991246Z,2426.29,2426.4,0.11,2426.345,-0.2979594583297231779838045096
ETH-USD,2026-08-28T20:33:45.047332Z,2426.33,2426.4,0.07,2426.365,-0.6633746693686911360307961756
ETH-USD,2026-08-28T20:33:45.089127Z,2426.33,2426.4,0.07,2426.365,-0.6633746693686911360307961756
ETH-USD,2026-08-28T20:33:45.148083Z,2426.33,2426.4,0.07,2426.365,-0.6633746693686911360307961756
ETH-USD,2026-08-28T20:33:45.195907Z,2426.33,2426.4,0.07,2426.365,-0.6633746693686911360307961756
ETH-USD,2026-08-28T20:33:45.327517Z,2426.33,2426.4,0.07,2426.365,-0.6633746693686911360307961756
ETH-USD,2026-08-28T20:33:45.47433Z,2426.3,2426.4,0.1,2426.35,-0.3980000615410382423326989866
ETH-USD,2026-08-28T20:33:45.518011Z,2426.3,2426.4,0.1,2426.35,-0.3980000615410382423326989866
ETH-USD,2026-08-28T20:33:45.554272Z,2426.3,2426.4,0.1,2426.35,-0.4760153298531949343775844408
ETH-USD,2026-08-28T20:33:45.581356Z,2426.3,2426.4,0.1,2426.35,-0.4760153298531949343775844408
ETH-USD,2026-08-28T20:33:45.669887Z,2426.3,2426.4,0.1,2426.35,-0.4360293851823821536758812189
ETH-USD,2026-08-28T20:33:45.725395Z,2426.3,2426.4,0.1,2426.35,-0.4360293851823821536758812189
ETH-USD,2026-08-28T20:33:45.734989Z,2426.3,2426.4,0.1,2426.35,-0.4360293851823821536758812189
ETH-USD,2026-08-28T20:33:45.84008Z,2426.3,2426.4,0.1,2426.35,-0.4421646979851246772600853707
ETH-USD,2026-08-28T20:33:45.891022Z,2426.3,2426.4,0.1,2426.35,-0.4421646979851246772600853707
ETH-USD,2026-08-28T20:33:45.953026Z,2426.3,2426.4,0.1,2426.35,-0.4421646979851246772600853707
ETH-USD,2026-08-28T20:33:45.982547Z,2426.3,2426.4,0.1,2426.35,-0.4421646979851246772600853707
ETH-USD,2026-08-28T20:33:46.030702Z,2426.3,2426.4,0.1,2426.35,-0.4421646979851246772600853707
ETH-USD,2026-08-28T20:33:46.101164Z,2426.3,2426.4,0.1,2426.35,-0.3733049056173405143770398396
ETH-USD,2026-08-28T20:33:46.176321Z,2426.3,2426.4,0.1,2426.35,-0.3733049056173405143770398396
ETH-USD,2026-08-28T20:33:46.239423Z,2426.3,2426.4,0.1,2426.35,-0.3733049056173405143770398396
ETH-USD,2026-08-28T20:33:46.37449Z,2426.3,2426.4,0.1,2426.35,-0.3733049056173405143770398396
ETH-USD,2026-08-28T20:33:46.398011Z,2426.3,2426.4,0.1,2426.35,-0.06723406923464717040548142858
ETH-USD,2026-08-28T20:33:46.449078Z,2426.3,2426.39,0.09,2426.345,-0.2098103784318978088972539220
ETH-USD,2026-08-28T20:33:46.503325Z,2426.3,2426.39,0.09,2426.345,-0.2098103784318978088972539220
ETH-USD,2026-08-28T20:33:46.552974Z,2426.3,2426.38,0.08,2426.34,-0.06723406923464717040548142858
ETH-USD,2026-08-28T20:33:46.603336Z,2426.3,2426.38,0.08,2426.34,0.06393453127941930427364827258
ETH-USD,2026-08-28T20:33:46.659246Z,2426.3,2426.37,0.07,2426.335,-0.2295973977033192253247511529
ETH-USD,2026-08-28T20:33:46.670316Z,2426.3,2426.31,0.01,2426.305,-0.1050991213230178463564077639
ETH-USD,2026-08-28T20:33:46.755556Z,2426.22,2426.32,0.10,2426.27,0.09879840883863204191384725347
ETH-USD,2026-08-28T20:33:46.794811Z,2426.23,2426.32,0.09,2426.275,-0.09842956329424785472284860752
ETH-USD,2026-08-28T20:33:46.863977Z,2426.25,2426.26,0.01,2426.255,0.1159383091891788551227080520
ETH-USD,2026-08-28T20:33:46.901985Z,2426.25,2426.26,0.01,2426.255,0.1159383091891788551227080520
ETH-USD,2026-08-28T20:33:46.958297Z,2426.25,2426.26,0.01,2426.255,0.1579002081595780811149971247
ETH-USD,2026-08-28T20:33:46.998783Z,2426.18,2426.26,0.08,2426.22,0.1579002081595780811149971247
ETH-USD,2026-08-28T20:33:47.048608Z,2426.19,2426.23,0.04,2426.21,-0.1690387416392197272771496530
ETH-USD,2026-08-28T20:33:47.097527Z,2426.03,2426.04,0.01,2426.035,-0.8305844126619788687101747895
ETH-USD,2026-08-28T20:33:47.155694Z,2426.03,2426.04,0.01,2426.035,-0.7788974542057643401702240648
ETH-USD,2026-08-28T20:33:47.202598Z,2426.03,2426.04,0.01,2426.035,-0.7920437900883874338391035387
ETH-USD,2026-08-28T20:33:47.248071Z,2426,2426.04,0.04,2426.02,-0.3852842818151015762308079528
ETH-USD,2026-08-28T20:33:47.2994Z,2426,2426.01,0.01,2426.005,-0.9036992754418830265143754703
ETH-USD,2026-08-28T20:33:47.351399Z,2426,2426.01,0.01,2426.005,-0.8541172997550446050940031076
ETH-USD,2026-08-28T20:33:47.39966Z,2426,2426.01,0.01,2426.005,-0.9132002487196340095059955545
ETH-USD,2026-08-28T20:33:47.444644Z,2426,2426.01,0.01,2426.005,-0.9335551961243248263067756015
ETH-USD,2026-08-28T20:33:47.498016Z,2426,2426.01,0.01,2426.005,-0.7040724929625955938288189620
ETH-USD,2026-08-28T20:33:47.553699Z,2426,2426.01,0.01,2426.005,-0.5950851373689272412734505405
ETH-USD,2026-08-28T20:33:47.615088Z,2426,2426.01,0.01,2426.005,-0.7400793412176453832459617763
ETH-USD,2026-08-28T20:33:47.658903Z,2426,2426.01,0.01,2426.005,-0.7400793412176453832459617763
ETH-USD,2026-08-28T20:33:47.69985Z,2426,2426.01,0.01,2426.005,-0.8779128417070065068749531140
ETH-USD,2026-08-28T20:33:47.777566Z,2426,2426.01,0.01,2426.005,-0.8779128417070065068749531140
ETH-USD,2026-08-28T20:33:47.832964Z,2426,2426.01,0.01,2426.005,-0.7074781280754304967362344201
ETH-USD,2026-08-28T20:33:47.999703Z,2426,2426.01,0.01,2426.005,-0.9810594061358281234921910358
ETH-USD,2026-08-28T20:33:48.125217Z,2426,2426.01,0.01,2426.005,-0.7850472521758314096532406067
ETH-USD,2026-08-28T20:33:48.174721Z,2426,2426.02,0.02,2426.01,-0.4282831005918595680405718377
ETH-USD,2026-08-28T20:33:48.192397Z,2426,2426.01,0.01,2426.005,-0.8418213381295102590185920336
ETH-USD,2026-08-28T20:33:48.222808Z,2426,2426.01,0.01,2426.005,-0.8418213381295102590185920336
ETH-USD,2026-08-28T20:33:48.296083Z,2426,2426.01,0.01,2426.005,-0.4639903378559750785248219473
ETH-USD,2026-08-28T20:33:48.355277Z,2426,2426.02,0.02,2426.01,-0.3634208105949428067848589933
ETH-USD,2026-08-28T20:33:48.404452Z,2426,2426.01,0.01,2426.005,-0.2925162691696329264561017627
ETH-USD,2026-08-28T20:33:48.445389Z,2426,2426.01,0.01,2426.005,-0.2925162691696329264561017627
ETH-USD,2026-08-28T20:33:48.513766Z,2426,2426.02,0.02,2426.01,-0.2328735169086641603722237117
ETH-USD,2026-08-28T20:33:48.557855Z,2426,2426.02,0.02,2426.01,-0.2328735169086641603722237117
ETH-USD,2026-08-28T20:33:48.603489Z,2426,2426.02,0.02,2426.01,-0.1714949268097450909477309117
ETH-USD,2026-08-28T20:33:48.650818Z,2426,2426.01,0.01,2426.005,-0.1897239534560943861200422478
ETH-USD,2026-08-28T20:33:48.698399Z,2426,2426.02,0.02,2426.01,-0.2332305841594835655105425479
ETH-USD,2026-08-28T20:33:48.75565Z,2426,2426.01,0.01,2426.005,-0.1897239534560943861200422478
ETH-USD,2026-08-28T20:33:48.789476Z,2426,2426.02,0.02,2426.01,-0.2332305841594835655105425479
ETH-USD,2026-08-28T20:33:48.860576Z,2426,2426.02,0.02,2426.01,-0.3910996200887605491573166937
ETH-USD,2026-08-28T20:33:48.904633Z,2426,2426.02,0.02,2426.01,-0.3652552130779023853786116170
ETH-USD,2026-08-28T20:33:48.93156Z,2426,2426.02,0.02,2426.01,-0.5229132076661565646450561445
ETH-USD,2026-08-28T20:33:48.988867Z,2426,2426.02,0.02,2426.01,-0.5229132076661565646450561445
ETH-USD,2026-08-28T20:33:49.061384Z,2426,2426.01,0.01,2426.005,-0.7560598841197568356072630744
ETH-USD,2026-08-28T20:33:49.106903Z,2426,2426.01,0.01,2426.005,-0.7704752269377889468230050012
ETH-USD,2026-08-28T20:33:49.166377Z,2426,2426.01,0.01,2426.005,-0.6531795377772777678569913582
ETH-USD,2026-08-28T20:33:49.202382Z,2426,2426.01,0.01,2426.005,-0.6859341732797087872624700485
ETH-USD,2026-08-28T20:33:49.23129Z,2426,2426.01,0.01,2426.005,-0.7935340604997661404291006076
ETH-USD,2026-08-28T20:33:49.303776Z,2426,2426.01,0.01,2426.005,-0.6839659028946226558396185210
ETH-USD,2026-08-28T20:33:49.370711Z,2426,2426.01,0.01,2426.005,-0.6838452721067167764512060402
ETH-USD,2026-08-28T20:33:49.419743Z,2426,2426.01,0.01,2426.005,-0.6838452721067167764512060402
ETH-USD,2026-08-28T20:33:49.425559Z,2426,2426.01,0.01,2426.005,-0.8345715887477240038045703267
ETH-USD,2026-08-28T20:33:49.516997Z,2426,2426.01,0.01,2426.005,-0.8345715887477240038045703267
ETH-USD,2026-08-28T20:33:49.561313Z,2426,2426.02,0.02,2426.01,-0.8269968845035037504387988052
ETH-USD,2026-08-28T20:33:49.612812Z,2426,2426.02,0.02,2426.01,-0.9263971387310430609562845339
ETH-USD,2026-08-28T20:33:49.647305Z,2426,2426.02,0.02,2426.01,-0.9263971387310430609562845339
ETH-USD,2026-08-28T20:33:49.699421Z,2426,2426.02,0.02,2426.01,-0.8643661310160532442127074927
ETH-USD,2026-08-28T20:33:49.707669Z,2426,2426.02,0.02,2426.01,-0.8643661310160532442127074927
ETH-USD,2026-08-28T20:33:49.78775Z,2426,2426.02,0.02,2426.01,-0.8264600897386252886328165966
ETH-USD,2026-08-28T20:33:49.85315Z,2426.01,2426.02,0.01,2426.015,-0.8486538960246441151465012793
ETH-USD,2026-08-28T20:33:49.916324Z,2426.01,2426.02,0.01,2426.015,-0.6505875202773332737856270427
ETH-USD,2026-08-28T20:33:49.959693Z,2426.01,2426.02,0.01,2426.015,-0.6506370297576031503784472169
ETH-USD,2026-08-28T20:33:50.000695Z,2426.01,2426.02,0.01,2426.015,-0.6254671370602594044074963108
ETH-USD,2026-08-28T20:33:50.057748Z,2425.94,2426.01,0.07,2425.975,-0.3231789832480969652281387423
ETH-USD,2026-08-28T20:33:50.108077Z,2425.94,2426.01,0.07,2425.975,-0.2609563979614987073908802624
ETH-USD,2026-08-28T20:33:50.164665Z,2425.94,2426,0.06,2425.97,-0.6357642929920692473293111200
ETH-USD,2026-08-28T20:33:50.265924Z,2425.91,2425.95,0.04,2425.93,0.1636165486370202860591192603
ETH-USD,2026-08-28T20:33:50.294306Z,2425.91,2425.95,0.04,2425.93,0.1636165486370202860591192603
ETH-USD,2026-08-28T20:33:50.363533Z,2425.91,2425.95,0.04,2425.93,0.1636165486370202860591192603
ETH-USD,2026-08-28T20:33:50.382223Z,2425.91,2425.95,0.04,2425.93,0.1108601186108226857835815337
ETH-USD,2026-08-28T20:33:50.426155Z,2425.91,2425.95,0.04,2425.93,0.1108601186108226857835815337
ETH-USD,2026-08-28T20:33:50.505247Z,2425.92,2425.96,0.04,2425.94,0.06086506842445200854908352192
ETH-USD,2026-08-28T20:33:50.554284Z,2425.92,2425.96,0.04,2425.94,-0.2238143777353592562215415093
ETH-USD,2026-08-28T20:33:50.600616Z,2425.92,2425.96,0.04,2425.94,-0.2238143777353592562215415093
ETH-USD,2026-08-28T20:33:50.70704Z,2425.9,2425.96,0.06,2425.93,0.1449303211405798817337419727
ETH-USD,2026-08-28T20:33:50.764678Z,2425.9,2425.96,0.06,2425.93,0.1449303211405798817337419727
ETH-USD,2026-08-28T20:33:50.826238Z,2425.9,2425.96,0.06,2425.93,0.1449303211405798817337419727
ETH-USD,2026-08-28T20:33:50.911873Z,2425.91,2425.96,0.05,2425.935,-0.2238143777353592562215415093
ETH-USD,2026-08-28T20:33:50.954617Z,2425.91,2425.96,0.05,2425.935,-0.2238143777353592562215415093
ETH-USD,2026-08-28T20:33:50.970712Z,2425.91,2425.96,0.05,2425.935,-0.2238143777353592562215415093
ETH-USD,2026-08-28T20:33:51.033536Z,2425.91,2425.96,0.05,2425.935,-0.2238143777353592562215415093
ETH-USD,2026-08-28T20:33:51.059555Z,2425.91,2425.96,0.05,2425.935,-0.2238143777353592562215415093
ETH-USD,2026-08-28T20:33:51.135836Z,2425.91,2425.96,0.05,2425.935,-0.2238143777353592562215415093
ETH-USD,2026-08-28T20:33:51.195774Z,2425.91,2425.96,0.05,2425.935,-0.2238143777353592562215415093
ETH-USD,2026-08-28T20:33:51.222769Z,2425.91,2425.96,0.05,2425.935,-0.2238143777353592562215415093
ETH-USD,2026-08-28T20:33:51.275203Z,2425.91,2425.96,0.05,2425.935,-0.2238143777353592562215415093
ETH-USD,2026-08-28T20:33:51.335887Z,2425.92,2425.96,0.04,2425.94,-0.2077793785907122300300010422
ETH-USD,2026-08-28T20:33:51.41411Z,2425.92,2425.93,0.01,2425.925,0.04562062827644414136900819389
ETH-USD,2026-08-28T20:33:51.487847Z,2425.92,2425.93,0.01,2425.925,-0.1918889080670617462986758738
ETH-USD,2026-08-28T20:33:51.534278Z,2425.92,2425.93,0.01,2425.925,-0.01932721666737898614421321307
ETH-USD,2026-08-28T20:33:51.660894Z,2425.92,2425.94,0.02,2425.93,0.1470216213556086397585530749
ETH-USD,2026-08-28T20:33:51.665336Z,2425.92,2425.96,0.04,2425.94,-0.04150008471751731394004385088
ETH-USD,2026-08-28T20:33:51.811369Z,2425.92,2425.96,0.04,2425.94,-0.3954523762541465628427246872
ETH-USD,2026-08-28T20:33:51.858718Z,2425.92,2425.96,0.04,2425.94,-0.1942979419302855397400810242
ETH-USD,2026-08-28T20:33:51.898899Z,2425.93,2425.99,0.06,2425.96,-0.08220497006559528281643058632
ETH-USD,2026-08-28T20:33:51.958151Z,2425.93,2425.99,0.06,2425.96,-0.08220497006559528281643058632
ETH-USD,2026-08-28T20:33:51.995988Z,2425.93,2425.99,0.06,2425.96,-0.2143679279239362257415083888
ETH-USD,2026-08-28T20:33:52.046178Z,2425.98,2426,0.02,2425.99,-0.6368382592326319685901844840
ETH-USD,2026-08-28T20:33:52.102994Z,2425.92,2426,0.08,2425.96,-0.5985115822360371167884550350
ETH-USD,2026-08-28T20:33:52.147384Z,2425.92,2426,0.08,2425.96,-0.5985115822360371167884550350
ETH-USD,2026-08-28T20:33:52.231226Z,2425.92,2425.99,0.07,2425.955,-0.2326802938756874422137379182
ETH-USD,2026-08-28T20:33:52.300167Z,2425.92,2425.99,0.07,2425.955,-0.2326802938756874422137379182
ETH-USD,2026-08-28T20:33:52.328468Z,2425.92,2425.99,0.07,2425.955,-0.2200007359815101614130017645
ETH-USD,2026-08-28T20:33:52.402237Z,2425.91,2425.99,0.08,2425.95,-0.3569909807845434538775937330
ETH-USD,2026-08-28T20:33:52.452861Z,2425.91,2425.99,0.08,2425.95,-0.3569909807845434538775937330
ETH-USD,2026-08-28T20:33:52.500985Z,2425.86,2425.98,0.12,2425.92,-0.4184527079797792149384899065
ETH-USD,2026-08-28T20:33:52.54888Z,2425.84,2425.98,0.14,2425.91,-0.6448876018576396352553389941
ETH-USD,2026-08-28T20:33:52.602002Z,2425.85,2425.98,0.13,2425.915,-0.3122760516177023364875416774
ETH-USD,2026-08-28T20:33:52.617688Z,2425.86,2425.98,0.12,2425.92,-0.3199654713419806851806839828
ETH-USD,2026-08-28T20:33:52.659633Z,2425.86,2425.98,0.12,2425.92,-0.3199654713419806851806839828
ETH-USD,2026-08-28T20:33:52.758469Z,2425.86,2425.98,0.12,2425.92,-0.3199654713419806851806839828
ETH-USD,2026-08-28T20:33:52.835608Z,2425.89,2425.98,0.09,2425.935,-0.2979157135227087437389147870
ETH-USD,2026-08-28T20:33:52.96674Z,2425.9,2425.98,0.08,2425.94,-0.3199654713419806851806839828
ETH-USD,2026-08-28T20:33:53.007885Z,2425.9,2425.98,0.08,2425.94,-0.3757256284370370368343750912
ETH-USD,2026-08-28T20:33:53.053136Z,2425.9,2425.98,0.08,2425.94,-0.3757256284370370368343750912
ETH-USD,2026-08-28T20:33:53.091825Z,2425.9,2425.98,0.08,2425.94,-0.3757256284370370368343750912
ETH-USD,2026-08-28T20:33:53.151876Z,2425.9,2425.98,0.08,2425.94,-0.3757256284370370368343750912
ETH-USD,2026-08-28T20:33:53.207451Z,2425.9,2425.98,0.08,2425.94,-0.3757256284370370368343750912
ETH-USD,2026-08-28T20:33:53.226139Z,2425.9,2425.98,0.08,2425.94,-0.3757256284370370368343750912
ETH-USD,2026-08-28T20:33:53.269604Z,2425.9,2425.98,0.08,2425.94,-0.3757256284370370368343750912
ETH-USD,2026-08-28T20:33:53.393193Z,2425.93,2425.98,0.05,2425.955,-0.3662649877569657680727941849
ETH-USD,2026-08-28T20:33:53.446951Z,2426.12,2426.34,0.22,2426.23,-0.05451688546201817702591322430
ETH-USD,2026-08-28T20:33:53.500752Z,2426.03,2426.27,0.24,2426.15,0.1889254222602570873774787039
ETH-USD,2026-08-28T20:33:53.546695Z,2426.04,2426.31,0.27,2426.175,0.03038676300735884286650665014
ETH-USD,2026-08-28T20:33:53.601303Z,2426.02,2426.27,0.25,2426.145,0.05700346325181472321672571214
ETH-USD,2026-08-28T20:33:53.647586Z,2426.02,2426.27,0.25,2426.145,0.06917761438162188196748650787
ETH-USD,2026-08-28T20:33:53.672851Z,2426.02,2426.26,0.24,2426.14,0.2349747536175527910357087103
ETH-USD,2026-08-28T20:33:53.75043Z,2426.05,2426.31,0.26,2426.18,0.1776151137235970269500640032
ETH-USD,2026-08-28T20:33:53.810627Z,2426.02,2426.21,0.19,2426.115,0.1100545509530734659421891265
ETH-USD,2026-08-28T20:33:53.861202Z,2426.04,2426.23,0.19,2426.135,0.2804191613487725557584287035
ETH-USD,2026-08-28T20:33:53.918008Z,2426.05,2426.26,0.21,2426.155,0.02405922458376795943842156794
ETH-USD,2026-08-28T20:33:53.952197Z,2426.08,2426.26,0.18,2426.17,0.1946732756862011480353013007
ETH-USD,2026-08-28T20:33:53.980158Z,2426.11,2426.31,0.20,2426.21,0.5891641811191257664112143846
ETH-USD,2026-08-28T20:33:54.051551Z,2426.05,2426.22,0.17,2426.135,0.5946601877540013977447900527
ETH-USD,2026-08-28T20:33:54.098485Z,2426.05,2426.16,0.11,2426.105,0.05908265611031219146285609114
ETH-USD,2026-08-28T20:33:54.144552Z,2426.09,2426.15,0.06,2426.12,0.02586983746906183347435589347
ETH-USD,2026-08-28T20:33:54.193473Z,2426.05,2426.15,0.10,2426.10,0.02587063978018510516450721848
ETH-USD,2026-08-28T20:33:54.227206Z,2426.03,2426.17,0.14,2426.10,0.4925199834176753795299165500
ETH-USD,2026-08-28T20:33:54.285437Z,2426.04,2426.17,0.13,2426.105,0.2621389011754901954090310712
ETH-USD,2026-08-28T20:33:54.335593Z,2426.04,2426.16,0.12,2426.10,0.4455511323283493898903563406
ETH-USD,2026-08-28T20:33:54.388641Z,2426.04,2426.16,0.12,2426.10,0.6113131391128073341484552456
ETH-USD,2026-08-28T20:33:54.446783Z,2426.04,2426.29,0.25,2426.165,-0.01501163528756739218390862262
ETH-USD,2026-08-28T20:33:54.504124Z,2425.98,2425.99,0.01,2425.985,0.1175053010977275849308947070
ETH-USD,2026-08-28T20:33:54.529162Z,2425.98,2425.99,0.01,2425.985,0.2446657049702363373615475223
ETH-USD,2026-08-28T20:33:54.596101Z,2425.98,2425.99,0.01,2425.985,0.1505235228600227923349645478
ETH-USD,2026-08-28T20:33:54.62698Z,2425.98,2425.99,0.01,2425.985,0.1505235228600227923349645478
ETH-USD,2026-08-28T20:33:54.691067Z,2425.98,2425.99,0.01,2425.985,0.1505235228600227923349645478
ETH-USD,2026-08-28T20:33:54.743178Z,2425.98,2425.99,0.01,2425.985,0.1505235228600227923349645478
ETH-USD,2026-08-28T20:33:54.760131Z,2425.98,2425.99,0.01,2425.985,0.1505235228600227923349645478
ETH-USD,2026-08-28T20:33:54.894509Z,2425.98,2425.99,0.01,2425.985,0.1596039680719447235044626273
ETH-USD,2026-08-28T20:33:54.951008Z,2425.95,2425.99,0.04,2425.97,0.2574769926358957099934705166
ETH-USD,2026-08-28T20:33:55.004235Z,2425.98,2425.99,0.01,2425.985,-0.1248034719400270238387448902
ETH-USD,2026-08-28T20:33:55.042054Z,2425.98,2425.99,0.01,2425.985,-0.1248034719400270238387448902
ETH-USD,2026-08-28T20:33:55.096655Z,2425.98,2425.99,0.01,2425.985,-0.1248034719400270238387448902
ETH-USD,2026-08-28T20:33:55.149377Z,2425.97,2425.99,0.02,2425.98,0.07837331765346670218660327249
ETH-USD,2026-08-28T20:33:55.196727Z,2425.97,2425.99,0.02,2425.98,0.07837331765346670218660327249
ETH-USD,2026-08-28T20:33:55.252683Z,2425.98,2425.99,0.01,2425.985,0.1276201804123630264187706171
ETH-USD,2026-08-28T20:33:55.304071Z,2425.98,2425.99,0.01,2425.985,0.1168043642479409233668072320
ETH-USD,2026-08-28T20:33:55.325251Z,2425.98,2425.99,0.01,2425.985,0.1168043642479409233668072320
ETH-USD,2026-08-28T20:33:55.376252Z,2425.98,2425.99,0.01,2425.985,0.1168043642479409233668072320
ETH-USD,2026-08-28T20:33:55.432688Z,2425.98,2425.99,0.01,2425.985,0.1168043642479409233668072320
ETH-USD,2026-08-28T20:33:55.490297Z,2425.98,2425.99,0.01,2425.985,0.1168043642479409233668072320
ETH-USD,2026-08-28T20:33:55.552642Z,2425.97,2425.99,0.02,2425.98,0.1904718660116174077656897293
ETH-USD,2026-08-28T20:33:55.577761Z,2425.98,2425.99,0.01,2425.985,0.1164926055249409426447047481
ETH-USD,2026-08-28T20:33:55.642287Z,2425.98,2425.99,0.01,2425.985,0.1164926055249409426447047481
ETH-USD,2026-08-28T20:33:55.700426Z,2425.97,2425.99,0.02,2425.98,0.1904718660116174077656897293
ETH-USD,2026-08-28T20:33:55.736786Z,2425.97,2425.99,0.02,2425.98,0.2697691710952901559473735836
ETH-USD,2026-08-28T20:33:55.802194Z,2425.98,2425.99,0.01,2425.985,0.3257742817918297896357678648
ETH-USD,2026-08-28T20:33:55.844887Z,2425.98,2425.99,0.01,2425.985,0.2905375350328428744707856910
ETH-USD,2026-08-28T20:33:55.909472Z,2425.98,2425.99,0.01,2425.985,0.3637335284523427407835726169
ETH-USD,2026-08-28T20:33:55.957479Z,2425.98,2425.99,0.01,2425.985,0.3637335284523427407835726169
ETH-USD,2026-08-28T20:33:55.984206Z,2425.98,2425.99,0.01,2425.985,0.3637335284523427407835726169
ETH-USD,2026-08-28T20:33:56.059255Z,2425.98,2425.99,0.01,2425.985,0.3637322807399335062440519873
ETH-USD,2026-08-28T20:33:56.161094Z,2425.98,2425.99,0.01,2425.985,0.3478451997824788991974054471
ETH-USD,2026-08-28T20:33:56.197446Z,2425.98,2425.99,0.01,2425.985,0.3478451997824788991974054471
ETH-USD,2026-08-28T20:33:56.252437Z,2425.98,2425.99,0.01,2425.985,0.3478451997824788991974054471
ETH-USD,2026-08-28T20:33:56.285226Z,2425.98,2425.99,0.01,2425.985,0.3478451997824788991974054471
ETH-USD,2026-08-28T20:33:56.362184Z,2425.97,2425.99,0.02,2425.98,0.3634402545496832291088935821
ETH-USD,2026-08-28T20:33:56.400532Z,2425.98,2425.99,0.01,2425.985,0.2986742458368057466135067338
ETH-USD,2026-08-28T20:33:56.426936Z,2425.98,2425.99,0.01,2425.985,0.2986742458368057466135067338
ETH-USD,2026-08-28T20:33:56.512116Z,2425.97,2425.99,0.02,2425.98,0.3191634979589494381047358186
ETH-USD,2026-08-28T20:33:56.536458Z,2425.97,2425.99,0.02,2425.98,0.3819310450808367087959696216
ETH-USD,2026-08-28T20:33:56.758448Z,2425.97,2425.99,0.02,2425.98,0.3819310450808367087959696216
ETH-USD,2026-08-28T20:33:56.782705Z,2425.98,2425.99,0.01,2425.985,0.3366008748176032244113409272
ETH-USD,2026-08-28T20:33:56.846724Z,2425.98,2425.99,0.01,2425.985,0.3366008748176032244113409272
ETH-USD,2026-08-28T20:33:56.875534Z,2425.98,2425.99,0.01,2425.985,0.3366008748176032244113409272
ETH-USD,2026-08-28T20:33:57.001781Z,2425.98,2425.99,0.01,2425.985,0.4133555138856846663950531354
ETH-USD,2026-08-28T20:33:57.04993Z,2425.98,2425.99,0.01,2425.985,0.4133570416602539030131708107
ETH-USD,2026-08-28T20:33:57.145861Z,2425.98,2425.99,0.01,2425.985,0.4133570416602539030131708107
ETH-USD,2026-08-28T20:33:57.228593Z,2425.98,2425.99,0.01,2425.985,0.4133570416602539030131708107
ETH-USD,2026-08-28T20:33:57.367454Z,2425.98,2425.99,0.01,2425.985,0.3312746083579941172983297615
ETH-USD,2026-08-28T20:33:57.44387Z,2425.98,2425.99,0.01,2425.985,0.3312746083579941172983297615
ETH-USD,2026-08-28T20:33:57.5558Z,2425.98,2425.99,0.01,2425.985,0.3312746083579941172983297615
ETH-USD,2026-08-28T20:33:57.599728Z,2425.98,2425.99,0.01,2425.985,0.3311916080795026523518276827
ETH-USD,2026-08-28T20:33:57.664171Z,2425.98,2425.99,0.01,2425.985,0.3311916080795026523518276827
ETH-USD,2026-08-28T20:33:57.697601Z,2425.98,2425.99,0.01,2425.985,0.3311916080795026523518276827
ETH-USD,2026-08-28T20:33:57.727602Z,2425.98,2425.99,0.01,2425.985,0.3311916080795026523518276827
ETH-USD,2026-08-28T20:33:57.934374Z,2425.98,2425.99,0.01,2425.985,0.3311916080795026523518276827
ETH-USD,2026-08-28T20:33:57.969797Z,2425.98,2425.99,0.01,2425.985,0.3311916080795026523518276827
ETH-USD,2026-08-28T20:33:58.034084Z,2425.98,2425.99,0.01,2425.985,0.3311916080795026523518276827
ETH-USD,2026-08-28T20:33:58.114892Z,2425.98,2425.99,0.01,2425.985,0.3311916080795026523518276827
ETH-USD,2026-08-28T20:33:58.163482Z,2425.98,2425.99,0.01,2425.985,0.3311916080795026523518276827
ETH-USD,2026-08-28T20:33:58.22774Z,2425.98,2425.99,0.01,2425.985,0.3311916080795026523518276827
ETH-USD,2026-08-28T20:33:58.292949Z,2425.98,2425.99,0.01,2425.985,0.3311916080795026523518276827
ETH-USD,2026-08-28T20:33:58.381326Z,2425.98,2425.99,0.01,2425.985,0.3311916080795026523518276827
ETH-USD,2026-08-28T20:33:58.412912Z,2425.98,2425.99,0.01,2425.985,0.3311916080795026523518276827
ETH-USD,2026-08-28T20:33:58.417633Z,2425.98,2425.99,0.01,2425.985,0.3311916080795026523518276827
ETH-USD,2026-08-28T20:33:58.527996Z,2425.98,2425.99,0.01,2425.985,0.3311916080795026523518276827
ETH-USD,2026-08-28T20:33:58.597316Z,2425.98,2425.99,0.01,2425.985,0.3315243787827183164262663106
ETH-USD,2026-08-28T20:33:58.625495Z,2425.98,2425.99,0.01,2425.985,0.3315243787827183164262663106
ETH-USD,2026-08-28T20:33:58.708912Z,2425.98,2425.99,0.01,2425.985,0.3315243787827183164262663106
ETH-USD,2026-08-28T20:33:58.757019Z,2425.98,2425.99,0.01,2425.985,0.2998653623146309062901650600
ETH-USD,2026-08-28T20:33:58.795826Z,2425.98,2425.99,0.01,2425.985,-0.4407326555515400123546474344
ETH-USD,2026-08-28T20:33:58.856196Z,2425.98,2425.99,0.01,2425.985,-0.5915390729923439104654633683
ETH-USD,2026-08-28T20:33:58.913368Z,2425.75,2425.78,0.03,2425.765,0.1561628574833472484444594657
ETH-USD,2026-08-28T20:33:58.953849Z,2425.76,2425.77,0.01,2425.765,0.03336181878135998479336145591
ETH-USD,2026-08-28T20:33:59.00554Z,2425.76,2425.77,0.01,2425.765,0.02380082361596659804437607787
ETH-USD,2026-08-28T20:33:59.053274Z,2425.77,2425.85,0.08,2425.81,-0.4886573245125118972737719541
ETH-USD,2026-08-28T20:33:59.10767Z,2425.75,2425.85,0.10,2425.80,-0.5344898358756491801536069546
ETH-USD,2026-08-28T20:33:59.162429Z,2425.7,2425.89,0.19,2425.795,0.2023844826900126604729253856
ETH-USD,2026-08-28T20:33:59.206203Z,2425.74,2425.86,0.12,2425.80,-0.05034873217421665714375566626
ETH-USD,2026-08-28T20:33:59.254368Z,2425.84,2426.02,0.18,2425.93,-0.3624467151397953944062050856
ETH-USD,2026-08-28T20:33:59.31199Z,2425.84,2425.94,0.10,2425.89,0.07525183496311741084388396994
ETH-USD,2026-08-28T20:33:59.367983Z,2425.84,2425.94,0.10,2425.89,-0.007543006701123370925513670383
ETH-USD,2026-08-28T20:33:59.402205Z,2425.84,2425.92,0.08,2425.88,0.08841285913950412003836100982
ETH-USD,2026-08-28T20:33:59.459417Z,2425.84,2425.9,0.06,2425.87,0.2404532168047103204867442242
ETH-USD,2026-08-28T20:33:59.498005Z,2425.84,2425.9,0.06,2425.87,0.1375082945408024866612404443
ETH-USD,2026-08-28T20:33:59.545993Z,2425.84,2425.93,0.09,2425.885,0.2141890327606318038725060157
ETH-USD,2026-08-28T20:33:59.762163Z,2425.84,2425.85,0.01,2425.845,-0.4023351040948876734429414024
ETH-USD,2026-08-28T20:33:59.809256Z,2425.84,2425.93,0.09,2425.885,0.01555976196102367557614674810
ETH-USD,2026-08-28T20:33:59.846841Z,2425.84,2425.85,0.01,2425.845,-0.8530973106937923023710457254
ETH-USD,2026-08-28T20:33:59.913363Z,2425.84,2425.85,0.01,2425.845,-0.8730851818574437646617283428
ETH-USD,2026-08-28T20:33:59.96433Z,2425.84,2425.85,0.01,2425.845,-0.8415476046269115555560740289
ETH-USD,2026-08-28T20:34:00.013323Z,2425.62,2425.63,0.01,2425.625,-0.6272020617362284092208294309
ETH-USD,2026-08-28T20:34:00.052495Z,2425.62,2425.63,0.01,2425.625,-0.8157211927387161896833107400
ETH-USD,2026-08-28T20:34:00.106057Z,2425.62,2425.63,0.01,2425.625,-0.8512356184852933880330070939
ETH-USD,2026-08-28T20:34:00.157282Z,2425.62,2425.63,0.01,2425.625,-0.6393583734044291997256254723
ETH-USD,2026-08-28T20:34:00.209798Z,2425.6,2425.61,0.01,2425.605,-0.4542972505778504667190540584
ETH-USD,2026-08-28T20:34:00.242752Z,2425.6,2425.61,0.01,2425.605,-0.4007473710169472766090068727
ETH-USD,2026-08-28T20:34:00.301325Z,2425.6,2425.61,0.01,2425.605,-0.5746773286187087890534138468
ETH-USD,2026-08-28T20:34:00.344636Z,2425.6,2425.61,0.01,2425.605,-0.4456410477121878874964915863
ETH-USD,2026-08-28T20:34:00.377222Z,2425.6,2425.61,0.01,2425.605,-0.4456410477121878874964915863
ETH-USD,2026-08-28T20:34:00.453004Z,2425.6,2425.61,0.01,2425.605,-0.5501773597627355932228720081
ETH-USD,2026-08-28T20:34:00.505959Z,2425.6,2425.61,0.01,2425.605,-0.4157900089857346389223554210
ETH-USD,2026-08-28T20:34:00.555604Z,2425.6,2425.61,0.01,2425.605,-0.6533231579164834942673386480
ETH-USD,2026-08-28T20:34:00.608643Z,2425.6,2425.61,0.01,2425.605,-0.4201097986977620292397258739
ETH-USD,2026-08-28T20:34:00.646783Z,2425.6,2425.61,0.01,2425.605,-0.5323293905928743675276860844
ETH-USD,2026-08-28T20:34:00.704442Z,2425.6,2425.61,0.01,2425.605,-0.5146425026773940179043096214
ETH-USD,2026-08-28T20:34:00.762682Z,2425.6,2425.61,0.01,2425.605,-0.5146425026773940179043096214
ETH-USD,2026-08-28T20:34:00.797396Z,2425.6,2425.61,0.01,2425.605,-0.8862272162105257607394412195
ETH-USD,2026-08-28T20:34:00.861948Z,2425.3,2425.41,0.11,2425.355,-0.3223890449984614997898253083
ETH-USD,2026-08-28T20:34:00.875143Z,2425.3,2425.31,0.01,2425.305,-0.3502892249543076737615877685
ETH-USD,2026-08-28T20:34:00.974611Z,2425.12,2425.13,0.01,2425.125,-0.5379638208779624168986218168
ETH-USD,2026-08-28T20:34:01.047059Z,2425.12,2425.13,0.01,2425.125,-0.6461813602226128086156764501
ETH-USD,2026-08-28T20:34:01.08956Z,2425,2425.01,0.01,2425.005,-0.4881369355924216048438247711
ETH-USD,2026-08-28T20:34:01.145531Z,2425,2425.01,0.01,2425.005,-0.6988024464928199047045383489
ETH-USD,2026-08-28T20:34:01.199547Z,2425,2425.01,0.01,2425.005,-0.6832175965813609006615574697
ETH-USD,2026-08-28T20:34:01.244262Z,2425,2425.01,0.01,2425.005,-0.2757951288889783824714381601
ETH-USD,2026-08-28T20:34:01.282662Z,2425,2425.01,0.01,2425.005,-0.2757951288889783824714381601
ETH-USD,2026-08-28T20:34:01.348576Z,2425,2425.01,0.01,2425.005,-0.2757951288889783824714381601
ETH-USD,2026-08-28T20:34:01.397313Z,2425,2425.01,0.01,2425.005,-0.1422774127659113484640524012
ETH-USD,2026-08-28T20:34:01.443741Z,2425.03,2425.18,0.15,2425.105,-0.5495350213358539766558133147
ETH-USD,2026-08-28T20:34:01.502503Z,2425.03,2425.16,0.13,2425.095,0.03787224302689061389340984943
ETH-USD,2026-08-28T20:34:01.544446Z,2425.03,2425.15,0.12,2425.09,0.1510542194107775135169484671
ETH-USD,2026-08-28T20:34:01.600403Z,2425.06,2425.15,0.09,2425.105,0.4469012059197283643142115829
ETH-USD,2026-08-28T20:34:01.641555Z,2425.06,2425.32,0.26,2425.19,0.1873870474585240568599175999
ETH-USD,2026-08-28T20:34:01.690282Z,2425.28,2425.29,0.01,2425.285,0.4645407825577863877386268464
ETH-USD,2026-08-28T20:34:01.738581Z,2425.33,2425.34,0.01,2425.335,-0.3750925221268544734979723588
ETH-USD,2026-08-28T20:34:01.785608Z,2425.28,2425.35,0.07,2425.315,0.5646783084930779563644142129
ETH-USD,2026-08-28T20:34:01.85393Z,2425.28,2425.31,0.03,2425.295,0.5959662741964105791726646768
ETH-USD,2026-08-28T20:34:01.898947Z,2425.19,2425.28,0.09,2425.235,0.2108185352779230640756688908
ETH-USD,2026-08-28T20:34:01.944895Z,2425.19,2425.28,0.09,2425.235,0.4221940245254309968660675179
ETH-USD,2026-08-28T20:34:02.001199Z,2425.17,2425.33,0.16,2425.25,0.4410856200928532867580435850
ETH-USD,2026-08-28T20:34:02.045263Z,2425.17,2425.32,0.15,2425.245,0.2222196821420535984764889456
ETH-USD,2026-08-28T20:34:02.10009Z,2425.12,2425.31,0.19,2425.215,0.1756242434336999786326349565
ETH-USD,2026-08-28T20:34:02.143301Z,2425.12,2425.29,0.17,2425.205,0.1827186776895531245144148052
ETH-USD,2026-08-28T20:34:02.159545Z,2425.17,2425.3,0.13,2425.235,0.3737809885720087171120520496
ETH-USD,2026-08-28T20:34:02.258845Z,2425.12,2425.3,0.18,2425.21,0.3727833508645659623388133202
ETH-USD,2026-08-28T20:34:02.291363Z,2425.12,2425.3,0.18,2425.21,0.1648629418154685159092106221
ETH-USD,2026-08-28T20:34:02.345816Z,2425.12,2425.28,0.16,2425.20,0.2480646017150506421318893254
ETH-USD,2026-08-28T20:34:02.390747Z,2425.12,2425.28,0.16,2425.20,0.2394808855542143363870261051
ETH-USD,2026-08-28T20:34:02.44603Z,2425.12,2425.26,0.14,2425.19,0.03677463988677466605607956728
ETH-USD,2026-08-28T20:34:02.504684Z,2425.12,2425.26,0.14,2425.19,0.03677463988677466605607956728
ETH-USD,2026-08-28T20:34:02.549067Z,2425.2,2425.25,0.05,2425.225,-0.05418768182628076158452174510
ETH-USD,2026-08-28T20:34:02.607634Z,2425.13,2425.24,0.11,2425.185,0.02138685102459639639290969878
ETH-USD,2026-08-28T20:34:02.652762Z,2425.12,2425.2,0.08,2425.16,0.3487289855622166585526998590
ETH-USD,2026-08-28T20:34:02.69755Z,2425.14,2425.2,0.06,2425.17,0.2298056168071497076530371940
ETH-USD,2026-08-28T20:34:02.756916Z,2425.15,2425.19,0.04,2425.17,0.2960952415795839710673011105
ETH-USD,2026-08-28T20:34:02.800254Z,2425.18,2425.19,0.01,2425.185,0.2864892153165488943654463005
ETH-USD,2026-08-28T20:34:02.858165Z,2425.18,2425.19,0.01,2425.185,0.2864892153165488943654463005
ETH-USD,2026-08-28T20:34:02.872243Z,2425.18,2425.19,0.01,2425.185,0.2864892153165488943654463005
ETH-USD,2026-08-28T20:34:02.957858Z,2425.18,2425.19,0.01,2425.185,0.2864892153165488943654463005
ETH-USD,2026-08-28T20:34:03.002024Z,2425.15,2425.19,0.04,2425.17,0.4009480335329714364679402727
ETH-USD,2026-08-28T20:34:03.025886Z,2425.15,2425.18,0.03,2425.165,0.4009480335329714364679402727
ETH-USD,2026-08-28T20:34:03.093146Z,2425.18,2425.19,0.01,2425.185,0.3815628839178117833010547235
ETH-USD,2026-08-28T20:34:03.158353Z,2425.18,2425.2,0.02,2425.19,0.3787013596825308405012951376
ETH-USD,2026-08-28T20:34:03.215792Z,2425.19,2425.2,0.01,2425.195,0.3787013596825308405012951376
ETH-USD,2026-08-28T20:34:03.240971Z,2425.19,2425.2,0.01,2425.195,0.3787013596825308405012951376
ETH-USD,2026-08-28T20:34:03.306503Z,2425.15,2425.2,0.05,2425.175,0.4829637451358476838973100046
ETH-USD,2026-08-28T20:34:03.346439Z,2425.21,2425.22,0.01,2425.215,-0.01640604569739094446069250445
ETH-USD,2026-08-28T20:34:03.391409Z,2425.12,2425.22,0.10,2425.17,-0.06963274283991491588737475758
ETH-USD,2026-08-28T20:34:03.509809Z,2425.25,2425.26,0.01,2425.255,-0.07471667343918331149911070126
ETH-USD,2026-08-28T20:34:03.550137Z,2425.25,2425.26,0.01,2425.255,-0.03747644696714339607953706487
ETH-USD,2026-08-28T20:34:03.606274Z,2425.25,2425.26,0.01,2425.255,-0.05800663490237304614181198252
ETH-USD,2026-08-28T20:34:03.646794Z,2425.25,2425.26,0.01,2425.255,-0.002948160279120827074208717511
ETH-USD,2026-08-28T20:34:03.707872Z,2425.25,2425.26,0.01,2425.255,0.03765723820569968694240346319
ETH-USD,2026-08-28T20:34:03.726286Z,2425.25,2425.26,0.01,2425.255,0.03765723820569968694240346319
ETH-USD,2026-08-28T20:34:03.796766Z,2425.23,2425.26,0.03,2425.245,0.03714602498968346610841020887
ETH-USD,2026-08-28T20:34:03.863488Z,2425.23,2425.26,0.03,2425.245,0.03714602498968346610841020887
ETH-USD,2026-08-28T20:34:03.898196Z,2425.23,2425.26,0.03,2425.245,0.03720383697727691423411408307
ETH-USD,2026-08-28T20:34:03.948369Z,2425.25,2425.26,0.01,2425.255,0.01180904965548241540291556268
ETH-USD,2026-08-28T20:34:04.005076Z,2425.19,2425.26,0.07,2425.225,-0.09272613463626626060503806708
ETH-USD,2026-08-28T20:34:04.05243Z,2425.25,2425.26,0.01,2425.255,-0.1068931006692840774937756092
ETH-USD,2026-08-28T20:34:04.105877Z,2425.25,2425.26,0.01,2425.255,-0.1068931006692840774937756092
ETH-USD,2026-08-28T20:34:04.154363Z,2425.21,2425.26,0.05,2425.235,0.03094844733257210786513211692
ETH-USD,2026-08-28T20:34:04.178014Z,2425.21,2425.26,0.05,2425.235,0.03094844733257210786513211692
ETH-USD,2026-08-28T20:34:04.238995Z,2425.21,2425.25,0.04,2425.23,0.003644141648795036924382382875
ETH-USD,2026-08-28T20:34:04.264166Z,2425.21,2425.25,0.04,2425.23,0.003702762572073617262995512828
ETH-USD,2026-08-28T20:34:04.332035Z,2425.23,2425.24,0.01,2425.235,-0.05195693858386691554680045976
ETH-USD,2026-08-28T20:34:04.394011Z,2425.23,2425.24,0.01,2425.235,0.1030169693273556032370470205
ETH-USD,2026-08-28T20:34:04.447677Z,2425.23,2425.24,0.01,2425.235,0.1030169693273556032370470205
ETH-USD,2026-08-28T20:34:04.530203Z,2425.13,2425.23,0.10,2425.18,0.06925787544700220118251918703
ETH-USD,2026-08-28T20:34:04.584478Z,2425.13,2425.23,0.10,2425.18,0.06925787544700220118251918703
ETH-USD,2026-08-28T20:34:04.658267Z,2425.13,2425.23,0.10,2425.18,0.06925787544700220118251918703
ETH-USD,2026-08-28T20:34:04.760417Z,2425.15,2425.21,0.06,2425.18,0.3955075169767012068742302921
ETH-USD,2026-08-28T20:34:04.77921Z,2425.2,2425.21,0.01,2425.205,0.4220443988412224606369631260
ETH-USD,2026-08-28T20:34:04.861549Z,2425.2,2425.21,0.01,2425.205,0.4220443988412224606369631260
ETH-USD,2026-08-28T20:34:04.888851Z,2425.2,2425.21,0.01,2425.205,0.4220443988412224606369631260
ETH-USD,2026-08-28T20:34:04.964244Z,2425.2,2425.21,0.01,2425.205,0.3146639680782019102447262275
ETH-USD,2026-08-28T20:34:04.989518Z,2425.2,2425.21,0.01,2425.205,0.3146639680782019102447262275
ETH-USD,2026-08-28T20:34:05.035745Z,2425.15,2425.2,0.05,2425.175,0.3751450870711461433474653942
ETH-USD,2026-08-28T20:34:05.098668Z,2425.19,2425.2,0.01,2425.195,0.4700841007285389245848843474
ETH-USD,2026-08-28T20:34:05.126315Z,2425.19,2425.2,0.01,2425.195,0.4700841007285389245848843474
ETH-USD,2026-08-28T20:34:05.179333Z,2425.19,2425.2,0.01,2425.195,0.4700841007285389245848843474
ETH-USD,2026-08-28T20:34:05.231828Z,2425.19,2425.2,0.01,2425.195,0.4700841007285389245848843474
ETH-USD,2026-08-28T20:34:05.317839Z,2425.19,2425.2,0.01,2425.195,0.4700841007285389245848843474
ETH-USD,2026-08-28T20:34:05.371314Z,2425.19,2425.2,0.01,2425.195,0.4700841007285389245848843474
ETH-USD,2026-08-28T20:34:05.428143Z,2425.19,2425.2,0.01,2425.195,0.4700841007285389245848843474
ETH-USD,2026-08-28T20:34:05.493794Z,2425.19,2425.2,0.01,2425.195,0.4700841007285389245848843474
ETH-USD,2026-08-28T20:34:05.560622Z,2425.19,2425.2,0.01,2425.195,0.4428759952391577870729100975
ETH-USD,2026-08-28T20:34:05.629629Z,2425.19,2425.2,0.01,2425.195,0.4428759952391577870729100975
ETH-USD,2026-08-28T20:34:05.712139Z,2425.19,2425.2,0.01,2425.195,0.4428759952391577870729100975
ETH-USD,2026-08-28T20:34:05.753378Z,2425.19,2425.2,0.01,2425.195,0.4428759952391577870729100975
ETH-USD,2026-08-28T20:34:05.799093Z,2425.19,2425.2,0.01,2425.195,0.4428759952391577870729100975
ETH-USD,2026-08-28T20:34:05.848559Z,2425.19,2425.2,0.01,2425.195,0.3863613677667344830636800439
ETH-USD,2026-08-28T20:34:05.872158Z,2425.19,2425.2,0.01,2425.195,0.3863613677667344830636800439
ETH-USD,2026-08-28T20:34:05.956059Z,2425.19,2425.2,0.01,2425.195,0.3964320627106657583109604485
ETH-USD,2026-08-28T20:34:06.005261Z,2425.12,2425.19,0.07,2425.155,0.4496093853297907666690195233
ETH-USD,2026-08-28T20:34:06.036784Z,2425.13,2425.19,0.06,2425.16,0.3863628963240829900815766676
ETH-USD,2026-08-28T20:34:06.101526Z,2425.17,2425.19,0.02,2425.18,0.3863617773808885133080661582
ETH-USD,2026-08-28T20:34:06.135358Z,2425.17,2425.18,0.01,2425.175,0.3863617773808885133080661582
ETH-USD,2026-08-28T20:34:06.191834Z,2425.17,2425.18,0.01,2425.175,0.3863617773808885133080661582
ETH-USD,2026-08-28T20:34:06.2445Z,2425.17,2425.18,0.01,2425.175,0.3863617773808885133080661582
ETH-USD,2026-08-28T20:34:06.36504Z,2425.17,2425.18,0.01,2425.175,0.3863617773808885133080661582
ETH-USD,2026-08-28T20:34:06.39149Z,2425.17,2425.18,0.01,2425.175,0.3863617773808885133080661582
ETH-USD,2026-08-28T20:34:06.425839Z,2425.17,2425.18,0.01,2425.175,0.3863617773808885133080661582
ETH-USD,2026-08-28T20:34:06.550357Z,2425.17,2425.18,0.01,2425.175,0.3863617773808885133080661582
ETH-USD,2026-08-28T20:34:06.603864Z,2425.2,2425.21,0.01,2425.205,0.3398670010315761823095965121
ETH-USD,2026-08-28T20:34:06.662266Z,2425.19,2425.21,0.02,2425.20,0.3546510661930247228033911243
ETH-USD,2026-08-28T20:34:06.705113Z,2425.2,2425.21,0.01,2425.205,-0.02354115945780620967244358349
ETH-USD,2026-08-28T20:34:06.759549Z,2425.2,2425.21,0.01,2425.205,-0.02354115945780620967244358349
ETH-USD,2026-08-28T20:34:06.807519Z,2425.2,2425.21,0.01,2425.205,0.06094402372557749261568722804
ETH-USD,2026-08-28T20:34:06.868161Z,2425.2,2425.21,0.01,2425.205,-0.1239940107074975065318538169
ETH-USD,2026-08-28T20:34:06.911532Z,2425.2,2425.21,0.01,2425.205,-0.06608626118957773211749984719
ETH-USD,2026-08-28T20:34:06.95289Z,2425.2,2425.21,0.01,2425.205,0.1553110185232818428845813624
ETH-USD,2026-08-28T20:34:06.972153Z,2425.2,2425.21,0.01,2425.205,0.1553110185232818428845813624
ETH-USD,2026-08-28T20:34:07.056052Z,2425.2,2425.21,0.01,2425.205,0.1553110185232818428845813624
ETH-USD,2026-08-28T20:34:07.143498Z,2425.2,2425.21,0.01,2425.205,0.1553110185232818428845813624
ETH-USD,2026-08-28T20:34:07.228439Z,2425.2,2425.21,0.01,2425.205,0.1553110185232818428845813624
ETH-USD,2026-08-28T20:34:07.29975Z,2425.2,2425.21,0.01,2425.205,0.1553110185232818428845813624
ETH-USD,2026-08-28T20:34:07.347569Z,2425.2,2425.21,0.01,2425.205,0.1553110185232818428845813624
ETH-USD,2026-08-28T20:34:07.407343Z,2425.2,2425.21,0.01,2425.205,0.1553110185232818428845813624
ETH-USD,2026-08-28T20:34:07.413958Z,2425.2,2425.21,0.01,2425.205,0.1553110185232818428845813624
ETH-USD,2026-08-28T20:34:07.465653Z,2425.2,2425.21,0.01,2425.205,0.1733414180720932703633689344
ETH-USD,2026-08-28T20:34:07.567505Z,2425.2,2425.21,0.01,2425.205,0.1733414180720932703633689344
ETH-USD,2026-08-28T20:34:07.615636Z,2425.2,2425.21,0.01,2425.205,0.1178528433868605190734192508
ETH-USD,2026-08-28T20:34:07.651484Z,2425.2,2425.21,0.01,2425.205,0.1178528433868605190734192508
ETH-USD,2026-08-28T20:34:07.69573Z,2425.32,2425.33,0.01,2425.325,-0.1221059122070018103075322519
ETH-USD,2026-08-28T20:34:07.756221Z,2425.41,2425.56,0.15,2425.485,0.4623333009266196248532818976
ETH-USD,2026-08-28T20:34:07.798428Z,2425.42,2425.55,0.13,2425.485,0.2645242955713767268841724891
ETH-USD,2026-08-28T20:34:07.853454Z,2425.42,2425.54,0.12,2425.48,0.3008171355158186894424058693
ETH-USD,2026-08-28T20:34:07.85843Z,2425.42,2425.54,0.12,2425.48,0.3008171355158186894424058693
ETH-USD,2026-08-28T20:34:07.96546Z,2425.31,2425.45,0.14,2425.38,0.3695640198005745871451261069
ETH-USD,2026-08-28T20:34:08.002117Z,2425.35,2425.45,0.10,2425.40,0.3989552399564210386091926867
ETH-USD,2026-08-28T20:34:08.036282Z,2425.32,2425.43,0.11,2425.375,0.1762212109997816699834423441
ETH-USD,2026-08-28T20:34:08.115293Z,2425.42,2425.43,0.01,2425.425,0.3339040893578571579436405233
ETH-USD,2026-08-28T20:34:08.150248Z,2425.32,2425.41,0.09,2425.365,0.3934234480205366567016497814
ETH-USD,2026-08-28T20:34:08.219595Z,2425.32,2425.4,0.08,2425.36,0.3934234480205366567016497814
ETH-USD,2026-08-28T20:34:08.26611Z,2425.31,2425.38,0.07,2425.345,0.3076858342980539231493872133
ETH-USD,2026-08-28T20:34:08.310473Z,2425.36,2425.37,0.01,2425.365,0.4180086534143839584540409554
ETH-USD,2026-08-28T20:34:08.343692Z,2425.36,2425.37,0.01,2425.365,0.4180086534143839584540409554
ETH-USD,2026-08-28T20:34:08.455684Z,2425.33,2425.37,0.04,2425.35,0.4250597152758004590143793186
ETH-USD,2026-08-28T20:34:08.520005Z,2425.34,2425.37,0.03,2425.355,0.3689300414816594187585310790
ETH-USD,2026-08-28T20:34:08.603762Z,2425.35,2425.37,0.02,2425.36,0.3258132942941333908525505727
ETH-USD,2026-08-28T20:34:08.658991Z,2425.44,2425.58,0.14,2425.51,0.1402656205997457717898171172
ETH-USD,2026-08-28T20:34:08.703448Z,2425.44,2425.58,0.14,2425.51,-0.1123381206762748615919924034
ETH-USD,2026-08-28T20:34:08.761876Z,2425.45,2425.58,0.13,2425.515,-0.1173409620204875446917534329
ETH-USD,2026-08-28T20:34:08.81134Z,2425.45,2425.58,0.13,2425.515,-0.1173409620204875446917534329
ETH-USD,2026-08-28T20:34:08.864454Z,2425.37,2425.56,0.19,2425.465,-0.2751756091482420518543450236
ETH-USD,2026-08-28T20:34:08.91106Z,2425.37,2425.55,0.18,2425.46,-0.01872668657239319174049082752
ETH-USD,2026-08-28T20:34:08.966209Z,2425.34,2425.55,0.21,2425.445,0.1793905014213959954292929038
ETH-USD,2026-08-28T20:34:09.002279Z,2425.35,2425.55,0.20,2425.45,0.03317089029782035544087870858
ETH-USD,2026-08-28T20:34:09.051697Z,2425.36,2425.54,0.18,2425.45,-0.1738370977786420467911907805
ETH-USD,2026-08-28T20:34:09.095446Z,2425.34,2425.53,0.19,2425.435,0.3451599206702839451336356244
ETH-USD,2026-08-28T20:34:09.154902Z,2425.34,2425.51,0.17,2425.425,0.3931705474525166427249606395
ETH-USD,2026-08-28T20:34:09.204882Z,2425.37,2425.51,0.14,2425.44,0.3542020618184420136968621333
ETH-USD,2026-08-28T20:34:09.254001Z,2425.37,2425.51,0.14,2425.44,0.2736611805878212923088031418
ETH-USD,2026-08-28T20:34:09.278666Z,2425.37,2425.51,0.14,2425.44,0.2736611805878212923088031418
ETH-USD,2026-08-28T20:34:09.341051Z,2425.44,2425.53,0.09,2425.485,0.2475031328099740964892978574
ETH-USD,2026-08-28T20:34:09.407923Z,2425.44,2425.58,0.14,2425.51,-0.06281462809861571885635913078
ETH-USD,2026-08-28T20:34:09.43774Z,2425.44,2425.58,0.14,2425.51,-0.06281462809861571885635913078
ETH-USD,2026-08-28T20:34:09.506258Z,2425.44,2425.58,0.14,2425.51,-0.06281462809861571885635913078
ETH-USD,2026-08-28T20:34:09.52519Z,2425.44,2425.55,0.11,2425.495,-0.1930990575202157944431330569
ETH-USD,2026-08-28T20:34:09.656115Z,2425.38,2425.54,0.16,2425.46,-0.08121938624365005926584034370
ETH-USD,2026-08-28T20:34:09.703339Z,2425.38,2425.54,0.16,2425.46,-0.08121938624365005926584034370
ETH-USD,2026-08-28T20:34:09.812502Z,2425.39,2425.54,0.15,2425.465,-0.1638000269407587199914063394
ETH-USD,2026-08-28T20:34:09.862035Z,2425.35,2425.56,0.21,2425.455,-0.2274483348879240902045115298
ETH-USD,2026-08-28T20:34:09.901978Z,2425.43,2425.56,0.13,2425.495,-0.01534773670800903595443949907
ETH-USD,2026-08-28T20:34:09.958354Z,2425.43,2425.56,0.13,2425.495,-0.01534773670800903595443949907
ETH-USD,2026-08-28T20:34:09.981167Z,2425.43,2425.55,0.12,2425.49,0.1283435761263337874934595922
ETH-USD,2026-08-28T20:34:10.041381Z,2425.43,2425.55,0.12,2425.49,0.1283435761263337874934595922
ETH-USD,2026-08-28T20:34:10.087877Z,2425.43,2425.55,0.12,2425.49,0.1084813682594189538103972810
ETH-USD,2026-08-28T20:34:10.130511Z,2425.43,2425.55,0.12,2425.49,0.1084813682594189538103972810
ETH-USD,2026-08-28T20:34:10.201334Z,2425.45,2425.55,0.10,2425.50,0.1084805820564597106504343960
ETH-USD,2026-08-28T20:34:10.247739Z,2425.5,2425.57,0.07,2425.535,-0.03457354333655170604714832016
ETH-USD,2026-08-28T20:34:10.311302Z,2425.5,2425.57,0.07,2425.535,-0.03457354333655170604714832016
ETH-USD,2026-08-28T20:34:10.346536Z,2425.5,2425.57,0.07,2425.535,-0.03457354333655170604714832016
ETH-USD,2026-08-28T20:34:10.396964Z,2425.35,2425.57,0.22,2425.46,-0.06009436272551871304560738148
ETH-USD,2026-08-28T20:34:10.443754Z,2425.35,2425.57,0.22,2425.46,-0.06009436272551871304560738148
ETH-USD,2026-08-28T20:34:10.51423Z,2425.46,2425.56,0.10,2425.51,-0.03111477348418390365952764324
ETH-USD,2026-08-28T20:34:10.570872Z,2425.46,2425.55,0.09,2425.505,-0.0008570865588937771524425209246
ETH-USD,2026-08-28T20:34:10.621191Z,2425.46,2425.55,0.09,2425.505,0.06092922005234255540187443210
ETH-USD,2026-08-28T20:34:10.626778Z,2425.46,2425.55,0.09,2425.505,0.06092922005234255540187443210
ETH-USD,2026-08-28T20:34:10.713264Z,2425.41,2425.57,0.16,2425.49,0.03643134515129148777954268539
ETH-USD,2026-08-28T20:34:10.758232Z,2425.54,2425.57,0.03,2425.555,0.03073901180831840366461832025
ETH-USD,2026-08-28T20:34:10.821713Z,2425.39,2425.56,0.17,2425.475,0.1168958726545794511137907651
ETH-USD,2026-08-28T20:34:10.854638Z,2425.4,2425.56,0.16,2425.48,0.1826387442164012834628296095
ETH-USD,2026-08-28T20:34:10.879889Z,2425.43,2425.67,0.24,2425.55,0.07511402027083410940151357662
ETH-USD,2026-08-28T20:34:10.910887Z,2425.54,2425.55,0.01,2425.545,0.2222724527742787562770519127
ETH-USD,2026-08-28T20:34:10.948707Z,2425.52,2425.66,0.14,2425.59,-0.1552588737641976589031190602
ETH-USD,2026-08-28T20:34:11.016824Z,2425.52,2425.68,0.16,2425.60,0.01159397238855679205355200132
ETH-USD,2026-08-28T20:34:11.114396Z,2425.65,2425.83,0.18,2425.74,-0.4830305867732268455661537656
ETH-USD,2026-08-28T20:34:11.149859Z,2425.65,2425.83,0.18,2425.74,-0.5819319908103243929474331559
ETH-USD,2026-08-28T20:34:11.189669Z,2425.65,2425.83,0.18,2425.74,-0.5819319908103243929474331559
ETH-USD,2026-08-28T20:34:11.248451Z,2425.67,2425.87,0.20,2425.77,0.1097057040589146866284875666
ETH-USD,2026-08-28T20:34:11.31042Z,2425.71,2426.02,0.31,2425.865,0.2827284114726020346729258735
ETH-USD,2026-08-28T20:34:11.354901Z,2425.5,2426.02,0.52,2425.76,0.2736158039841142907526681424
ETH-USD,2026-08-28T20:34:11.39935Z,2425.68,2425.78,0.10,2425.73,0.1522078697864639017561857792
ETH-USD,2026-08-28T20:34:11.453632Z,2425.68,2425.78,0.10,2425.73,0.09482605828544824191059290338
ETH-USD,2026-08-28T20:34:11.513018Z,2425.68,2425.77,0.09,2425.725,0.05060005861846609094896370212
ETH-USD,2026-08-28T20:34:11.555114Z,2425.68,2425.77,0.09,2425.725,0.1478406553989941309573826772
ETH-USD,2026-08-28T20:34:11.599024Z,2425.68,2425.77,0.09,2425.725,0.3354370367185709697501807866
ETH-USD,2026-08-28T20:34:11.645505Z,2425.68,2425.76,0.08,2425.72,0.2209907808729724542052769226
ETH-USD,2026-08-28T20:34:11.697359Z,2425.68,2425.76,0.08,2425.72,0.05642925718630377888544766151
ETH-USD,2026-08-28T20:34:11.753852Z,2425.68,2425.76,0.08,2425.72,0.05642925718630377888544766151
ETH-USD,2026-08-28T20:34:11.803793Z,2425.68,2425.76,0.08,2425.72,0.05642925718630377888544766151
ETH-USD,2026-08-28T20:34:11.838264Z,2425.6,2425.75,0.15,2425.675,0.1812698023354769002579195249
ETH-USD,2026-08-28T20:34:11.897383Z,2425.61,2425.75,0.14,2425.68,-0.005594435484285082649184312881
ETH-USD,2026-08-28T20:34:11.951538Z,2425.61,2425.69,0.08,2425.65,-0.03703008661909740259946896380
ETH-USD,2026-08-28T20:34:12.002237Z,2425.58,2425.75,0.17,2425.665,-0.0005820992012782351796319637324
ETH-USD,2026-08-28T20:34:12.056272Z,2425.59,2425.75,0.16,2425.67,-0.3858134506116339669135397844
ETH-USD,2026-08-28T20:34:12.098099Z,2425.59,2425.75,0.16,2425.67,-0.3858134506116339669135397844
ETH-USD,2026-08-28T20:34:12.106239Z,2425.59,2425.75,0.16,2425.67,-0.3587524983961485517063826167
ETH-USD,2026-08-28T20:34:12.197323Z,2425.7,2425.75,0.05,2425.725,-0.1653070013161538453231812013
ETH-USD,2026-08-28T20:34:12.251881Z,2425.7,2425.75,0.05,2425.725,-0.07265493635704017475838846605
ETH-USD,2026-08-28T20:34:12.298895Z,2425.7,2425.75,0.05,2425.725,-0.1365281306262437826006868854
ETH-USD,2026-08-28T20:34:12.351878Z,2425.74,2425.75,0.01,2425.745,0.02317322519430347087911205599
ETH-USD,2026-08-28T20:34:12.399019Z,2425.74,2425.75,0.01,2425.745,-0.05381185635966631781067788050
ETH-USD,2026-08-28T20:34:12.450029Z,2425.74,2425.75,0.01,2425.745,-0.1430138213134339743496984152
ETH-USD,2026-08-28T20:34:12.502036Z,2425.74,2425.75,0.01,2425.745,0.01329746361071342927078300251
ETH-USD,2026-08-28T20:34:12.53807Z,2425.74,2425.75,0.01,2425.745,0.04154948049323862631599426592
ETH-USD,2026-08-28T20:34:12.599182Z,2425.74,2425.75,0.01,2425.745,0.04154948049323862631599426592
ETH-USD,2026-08-28T20:34:12.647706Z,2425.74,2425.75,0.01,2425.745,0.1291359698270642455454598848
ETH-USD,2026-08-28T20:34:12.688298Z,2425.74,2425.75,0.01,2425.745,0.1965355879832874919126525025
ETH-USD,2026-08-28T20:34:12.726528Z,2425.74,2425.75,0.01,2425.745,0.1965355879832874919126525025
ETH-USD,2026-08-28T20:34:12.803016Z,2425.74,2425.75,0.01,2425.745,0.1291359698270642455454598848
ETH-USD,2026-08-28T20:34:12.861749Z,2425.44,2425.63,0.19,2425.535,-0.03549487109030335750277454387
ETH-USD,2026-08-28T20:34:12.898376Z,2425.44,2425.63,0.19,2425.535,0.03713036979814335950417349599
ETH-USD,2026-08-28T20:34:12.930686Z,2425.44,2425.63,0.19,2425.535,0.05234713482737935662002442126
ETH-USD,2026-08-28T20:34:12.996063Z,2425.44,2425.63,0.19,2425.535,0.2184994578712197593824777866
ETH-USD,2026-08-28T20:34:13.027317Z,2425.45,2425.63,0.18,2425.54,0.1293277537159111997921096946
ETH-USD,2026-08-28T20:34:13.314622Z,2425.59,2425.6,0.01,2425.595,0.1993984510231093496730397008
ETH-USD,2026-08-28T20:34:13.333293Z,2425.59,2425.6,0.01,2425.595,-0.1180455423258405746377528953
ETH-USD,2026-08-28T20:34:13.377233Z,2425.59,2425.6,0.01,2425.595,-0.1180455423258405746377528953
ETH-USD,2026-08-28T20:34:13.465057Z,2425.6,2425.63,0.03,2425.615,-0.2507963341079097123068577554
ETH-USD,2026-08-28T20:34:13.479548Z,2425.61,2425.63,0.02,2425.62,-0.2507966579100579806771131193
ETH-USD,2026-08-28T20:34:13.531542Z,2425.61,2425.63,0.02,2425.62,-0.2507966579100579806771131193
ETH-USD,2026-08-28T20:34:13.583673Z,2425.61,2425.63,0.02,2425.62,-0.2503084461603868180591837128
ETH-USD,2026-08-28T20:34:13.639702Z,2425.61,2425.63,0.02,2425.62,-0.2503084461603868180591837128
ETH-USD,2026-08-28T20:34:13.685189Z,2425.61,2425.63,0.02,2425.62,-0.3250741930776963000247352712
ETH-USD,2026-08-28T20:34:13.738921Z,2425.61,2425.63,0.02,2425.62,-0.09025933358317274269156053925
ETH-USD,2026-08-28T20:34:13.780532Z,2425.61,2425.63,0.02,2425.62,-0.09025933358317274269156053925
ETH-USD,2026-08-28T20:34:13.866328Z,2425.61,2425.62,0.01,2425.615,-0.05074257361321162479829992966
ETH-USD,2026-08-28T20:34:13.947295Z,2425.61,2425.62,0.01,2425.615,-0.05074257361321162479829992966
ETH-USD,2026-08-28T20:34:14.002522Z,2425.61,2425.62,0.01,2425.615,-0.1175321974454134944168738779
ETH-USD,2026-08-28T20:34:14.23539Z,2425.61,2425.62,0.01,2425.615,-0.1175321974454134944168738779
ETH-USD,2026-08-28T20:34:14.291324Z,2425.61,2425.62,0.01,2425.615,-0.1327197532884195010574655929
ETH-USD,2026-08-28T20:34:14.333851Z,2425.61,2425.62,0.01,2425.615,-0.1332732536719883978461766996
ETH-USD,2026-08-28T20:34:14.395502Z,2425.61,2425.62,0.01,2425.615,-0.1332732536719883978461766996
ETH-USD,2026-08-28T20:34:14.432898Z,2425.61,2425.62,0.01,2425.615,-0.1332732536719883978461766996
ETH-USD,2026-08-28T20:34:14.535784Z,2425.61,2425.62,0.01,2425.615,-0.1332732536719883978461766996
ETH-USD,2026-08-28T20:34:14.637622Z,2425.61,2425.62,0.01,2425.615,-0.1332732536719883978461766996
ETH-USD,2026-08-28T20:34:14.744652Z,2425.61,2425.62,0.01,2425.615,-0.1332732536719883978461766996
ETH-USD,2026-08-28T20:34:14.777695Z,2425.61,2425.62,0.01,2425.615,-0.1332732536719883978461766996
ETH-USD,2026-08-28T20:34:14.863413Z,2425.61,2425.62,0.01,2425.615,-0.1332732536719883978461766996
ETH-USD,2026-08-28T20:34:14.892424Z,2425.61,2425.62,0.01,2425.615,-0.1332732536719883978461766996
ETH-USD,2026-08-28T20:34:14.967771Z,2425.61,2425.62,0.01,2425.615,-0.1332732536719883978461766996
ETH-USD,2026-08-28T20:34:14.972918Z,2425.61,2425.62,0.01,2425.615,-0.1332732536719883978461766996
ETH-USD,2026-08-28T20:34:15.062057Z,2425.34,2425.35,0.01,2425.345,-0.3903568845447775788972650383
ETH-USD,2026-08-28T20:34:15.108479Z,2425.34,2425.35,0.01,2425.345,-0.4737620282473598590164399324
ETH-USD,2026-08-28T20:34:15.152184Z,2425.34,2425.35,0.01,2425.345,-0.4348483682908273172978084863
ETH-USD,2026-08-28T20:34:15.201892Z,2424.96,2424.97,0.01,2424.965,-0.5710981444486387593753513680
ETH-USD,2026-08-28T20:34:15.254871Z,2424.96,2424.97,0.01,2424.965,-0.6451275104276138159196011929
ETH-USD,2026-08-28T20:34:15.305358Z,2424.96,2424.97,0.01,2424.965,-0.4022721146300513522234689453
ETH-USD,2026-08-28T20:34:15.340341Z,2424.96,2424.97,0.01,2424.965,-0.4281424082505103220269112455
ETH-USD,2026-08-28T20:34:15.416742Z,2424.96,2424.97,0.01,2424.965,-0.3733008484603761807593671982
ETH-USD,2026-08-28T20:34:15.496843Z,2424.96,2424.97,0.01,2424.965,-0.3733008484603761807593671982
ETH-USD,2026-08-28T20:34:15.54929Z,2424.96,2424.97,0.01,2424.965,-0.5075709078410265336764490034
ETH-USD,2026-08-28T20:34:15.610661Z,2424.96,2424.97,0.01,2424.965,-0.4234066028795315894576637005
ETH-USD,2026-08-28T20:34:15.650155Z,2424.96,2424.97,0.01,2424.965,-0.4013662673085819940677184128
ETH-USD,2026-08-28T20:34:15.706054Z,2424.81,2424.83,0.02,2424.82,-0.7848187623995427537644728086
ETH-USD,2026-08-28T20:34:15.771472Z,2424.81,2424.83,0.02,2424.82,-0.2472074646662433912900178695
ETH-USD,2026-08-28T20:34:15.797975Z,2424.81,2424.83,0.02,2424.82,-0.05698081189549447839171190517
ETH-USD,2026-08-28T20:34:15.848047Z,2424.82,2424.85,0.03,2424.835,0.01888588498868833536253140118
ETH-USD,2026-08-28T20:34:15.931411Z,2424.82,2424.97,0.15,2424.895,-0.1761926264985775944950363357
ETH-USD,2026-08-28T20:34:15.988507Z,2424.82,2424.96,0.14,2424.89,-0.3723418694137477337779618091
ETH-USD,2026-08-28T20:34:16.040717Z,2424.85,2424.88,0.03,2424.865,0.09417432700713667182288100564
ETH-USD,2026-08-28T20:34:16.110147Z,2424.85,2424.88,0.03,2424.865,0.09417432700713667182288100564
ETH-USD,2026-08-28T20:34:16.164943Z,2424.85,2424.86,0.01,2424.855,-0.06759606425118089843684011789
ETH-USD,2026-08-28T20:34:16.196308Z,2424.85,2424.88,0.03,2424.865,-0.09181742273318977047853608376
ETH-USD,2026-08-28T20:34:16.243789Z,2424.85,2424.88,0.03,2424.865,-0.3896881309234593647056446187
ETH-USD,2026-08-28T20:34:16.312425Z,2424.85,2424.88,0.03,2424.865,-0.4412410346398400117437288460
ETH-USD,2026-08-28T20:34:16.335711Z,2424.85,2424.88,0.03,2424.865,-0.4412410346398400117437288460
ETH-USD,2026-08-28T20:34:16.397799Z,2424.85,2424.88,0.03,2424.865,-0.4412410346398400117437288460
ETH-USD,2026-08-28T20:34:16.410441Z,2424.85,2424.88,0.03,2424.865,-0.4412410346398400117437288460
ETH-USD,2026-08-28T20:34:16.489581Z,2424.87,2424.88,0.01,2424.875,-0.4895273462308701877452494392
ETH-USD,2026-08-28T20:34:16.541701Z,2424.88,2425.01,0.13,2424.945,-0.2677728466737999482082867001
ETH-USD,2026-08-28T20:34:16.59144Z,2424.95,2424.99,0.04,2424.97,-0.1553014803537285587840094779
ETH-USD,2026-08-28T20:34:16.65204Z,2424.92,2424.99,0.07,2424.955,0.004112277649058814951457742649
ETH-USD,2026-08-28T20:34:16.695733Z,2424.92,2425.12,0.20,2425.02,0.2160642455628784605088984891
ETH-USD,2026-08-28T20:34:16.750542Z,2424.94,2425.12,0.18,2425.03,0.1595900981361115618270914356
ETH-USD,2026-08-28T20:34:16.801724Z,2424.94,2425.12,0.18,2425.03,0.1595900981361115618270914356
ETH-USD,2026-08-28T20:34:16.860389Z,2424.95,2425.02,0.07,2424.985,0.07419224868832792277187988901
ETH-USD,2026-08-28T20:34:16.894486Z,2424.86,2425.03,0.17,2424.945,-0.7931884404297018659528345784
ETH-USD,2026-08-28T20:34:16.94685Z,2424.86,2425.1,0.24,2424.98,-0.6391871478757289119078283747
ETH-USD,2026-08-28T20:34:17.001929Z,2425.04,2425.05,0.01,2425.045,-0.2154515150675150838266906661
ETH-USD,2026-08-28T20:34:17.045694Z,2425.04,2425.05,0.01,2425.045,-0.02644629513470081595249440001
ETH-USD,2026-08-28T20:34:17.103468Z,2425.04,2425.05,0.01,2425.045,0.007680881050699414425837748213
ETH-USD,2026-08-28T20:34:17.15451Z,2425.04,2425.05,0.01,2425.045,-0.05949610217144916147351537849
ETH-USD,2026-08-28T20:34:17.200746Z,2425.04,2425.05,0.01,2425.045,-0.05741632871815426992454956020
ETH-USD,2026-08-28T20:34:17.256294Z,2425.04,2425.05,0.01,2425.045,-0.05741632871815426992454956020
ETH-USD,2026-08-28T20:34:17.297362Z,2425.04,2425.05,0.01,2425.045,0.1696273367510966027400181176
ETH-USD,2026-08-28T20:34:17.322585Z,2425.04,2425.05,0.01,2425.045,0.1696273367510966027400181176
ETH-USD,2026-08-28T20:34:17.37301Z,2425.04,2425.05,0.01,2425.045,0.1696273367510966027400181176
ETH-USD,2026-08-28T20:34:17.430524Z,2425.04,2425.05,0.01,2425.045,0.1696273367510966027400181176
ETH-USD,2026-08-28T20:34:17.487992Z,2425.04,2425.05,0.01,2425.045,-0.1475233515827202666925071402
ETH-USD,2026-08-28T20:34:17.53897Z,2425.04,2425.05,0.01,2425.045,-0.4105200105481420508002474907
ETH-USD,2026-08-28T20:34:17.654425Z,2425.04,2425.05,0.01,2425.045,-0.4483896123090030767258391742
ETH-USD,2026-08-28T20:34:17.705931Z,2425.04,2425.05,0.01,2425.045,-0.3767867239515657914190519806
ETH-USD,2026-08-28T20:34:17.747078Z,2425.04,2425.05,0.01,2425.045,-0.3767867239515657914190519806
ETH-USD,2026-08-28T20:34:17.777868Z,2425.04,2425.05,0.01,2425.045,-0.3767867239515657914190519806
ETH-USD,2026-08-28T20:34:17.859288Z,2425.04,2425.05,0.01,2425.045,-0.3767867239515657914190519806
ETH-USD,2026-08-28T20:34:17.891996Z,2425.04,2425.05,0.01,2425.045,-0.3767867239515657914190519806
ETH-USD,2026-08-28T20:34:17.999049Z,2425.04,2425.05,0.01,2425.045,-0.3766998323332401581974755076
ETH-USD,2026-08-28T20:34:18.038123Z,2425.04,2425.05,0.01,2425.045,-0.3766998323332401581974755076
ETH-USD,2026-08-28T20:34:18.116814Z,2425.04,2425.05,0.01,2425.045,-0.3766998323332401581974755076
ETH-USD,2026-08-28T20:34:18.17494Z,2425.04,2425.05,0.01,2425.045,-0.3766998323332401581974755076
ETH-USD,2026-08-28T20:34:18.214192Z,2425.04,2425.05,0.01,2425.045,-0.3766998323332401581974755076
ETH-USD,2026-08-28T20:34:18.244489Z,2425.04,2425.05,0.01,2425.045,-0.3766998323332401581974755076
ETH-USD,2026-08-28T20:34:18.308509Z,2425.04,2425.05,0.01,2425.045,-0.3766998323332401581974755076
ETH-USD,2026-08-28T20:34:18.346179Z,2425.04,2425.05,0.01,2425.045,-0.3766998323332401581974755076
ETH-USD,2026-08-28T20:34:18.407579Z,2425.04,2425.05,0.01,2425.045,-0.3766998323332401581974755076
ETH-USD,2026-08-28T20:34:18.427962Z,2425.04,2425.05,0.01,2425.045,-0.3766998323332401581974755076
ETH-USD,2026-08-28T20:34:18.557173Z,2425.04,2425.05,0.01,2425.045,-0.3766998323332401581974755076
ETH-USD,2026-08-28T20:34:18.601264Z,2425.04,2425.05,0.01,2425.045,-0.4187018655156178818040112720
ETH-USD,2026-08-28T20:34:18.629025Z,2425.04,2425.05,0.01,2425.045,-0.4187018655156178818040112720
ETH-USD,2026-08-28T20:34:18.750688Z,2425.04,2425.05,0.01,2425.045,-0.3488711116295875667011330053
ETH-USD,2026-08-28T20:34:18.801044Z,2425.04,2425.05,0.01,2425.045,-0.3488711116295875667011330053
ETH-USD,2026-08-28T20:34:18.848492Z,2425.04,2425.05,0.01,2425.045,-0.4299767615145012685913597497
ETH-USD,2026-08-28T20:34:18.90621Z,2425.04,2425.05,0.01,2425.045,-0.3629836725511606110446329063
ETH-USD,2026-08-28T20:34:18.966674Z,2425.04,2425.05,0.01,2425.045,-0.3559167531829582500040615299
ETH-USD,2026-08-28T20:34:19.005231Z,2425.04,2425.05,0.01,2425.045,-0.3559167531829582500040615299
ETH-USD,2026-08-28T20:34:19.035814Z,2425.04,2425.05,0.01,2425.045,-0.3559167531829582500040615299
ETH-USD,2026-08-28T20:34:19.091367Z,2425.04,2425.05,0.01,2425.045,-0.3559167531829582500040615299
ETH-USD,2026-08-28T20:34:19.161674Z,2425.04,2425.05,0.01,2425.045,-0.3559167531829582500040615299
ETH-USD,2026-08-28T20:34:19.203693Z,2425.04,2425.05,0.01,2425.045,-0.3559167531829582500040615299
ETH-USD,2026-08-28T20:34:19.265604Z,2425.04,2425.05,0.01,2425.045,-0.3559167531829582500040615299
ETH-USD,2026-08-28T20:34:19.311342Z,2425.04,2425.05,0.01,2425.045,-0.3559167531829582500040615299
ETH-USD,2026-08-28T20:34:19.381443Z,2425.04,2425.05,0.01,2425.045,-0.3559167531829582500040615299
ETH-USD,2026-08-28T20:34:19.405412Z,2425.04,2425.05,0.01,2425.045,-0.3559167531829582500040615299
ETH-USD,2026-08-28T20:34:19.456605Z,2425.04,2425.05,0.01,2425.045,-0.2339248336370484953310443956
ETH-USD,2026-08-28T20:34:19.469993Z,2425.04,2425.05,0.01,2425.045,-0.2339248336370484953310443956
ETH-USD,2026-08-28T20:34:19.552367Z,2425.04,2425.05,0.01,2425.045,-0.2339248336370484953310443956
ETH-USD,2026-08-28T20:34:19.62615Z,2425.04,2425.05,0.01,2425.045,-0.2339248336370484953310443956
ETH-USD,2026-08-28T20:34:19.753762Z,2425.04,2425.05,0.01,2425.045,-0.2339248336370484953310443956
ETH-USD,2026-08-28T20:34:19.790777Z,2425.04,2425.05,0.01,2425.045,-0.2339248336370484953310443956
ETH-USD,2026-08-28T20:34:19.8497Z,2425.04,2425.05,0.01,2425.045,-0.2339248336370484953310443956
ETH-USD,2026-08-28T20:34:19.944851Z,2425.04,2425.05,0.01,2425.045,-0.2339248336370484953310443956
ETH-USD,2026-08-28T20:34:20.003476Z,2425.04,2425.05,0.01,2425.045,-0.2339248336370484953310443956
ETH-USD,2026-08-28T20:34:20.062471Z,2425.04,2425.05,0.01,2425.045,-0.2337002154973802256735815655
ETH-USD,2026-08-28T20:34:20.093968Z,2425.04,2425.05,0.01,2425.045,-0.2337002154973802256735815655
ETH-USD,2026-08-28T20:34:20.153265Z,2425.04,2425.05,0.01,2425.045,-0.2337002154973802256735815655
ETH-USD,2026-08-28T20:34:20.210044Z,2425.04,2425.05,0.01,2425.045,-0.2337002154973802256735815655
ETH-USD,2026-08-28T20:34:20.226274Z,2425.04,2425.05,0.01,2425.045,-0.2337002154973802256735815655
ETH-USD,2026-08-28T20:34:20.308681Z,2425.04,2425.05,0.01,2425.045,-0.2337002154973802256735815655
ETH-USD,2026-08-28T20:34:20.364248Z,2425.04,2425.05,0.01,2425.045,-0.2337002154973802256735815655
ETH-USD,2026-08-28T20:34:20.405346Z,2425.04,2425.05,0.01,2425.045,-0.2337002154973802256735815655
ETH-USD,2026-08-28T20:34:20.456622Z,2425.04,2425.05,0.01,2425.045,-0.2337002154973802256735815655
ETH-USD,2026-08-28T20:34:20.468543Z,2425.04,2425.05,0.01,2425.045,-0.2337002154973802256735815655
ETH-USD,2026-08-28T20:34:20.554331Z,2425.04,2425.25,0.21,2425.145,-0.1172122366308824337436605712
ETH-USD,2026-08-28T20:34:20.597688Z,2425.08,2425.58,0.50,2425.33,-0.5597473209726577243834814756
ETH-USD,2026-08-28T20:34:20.646578Z,2425.04,2425.38,0.34,2425.21,0.001958497134024387058331944027
ETH-USD,2026-08-28T20:34:20.704058Z,2425.18,2425.32,0.14,2425.25,-0.6471991043940807082541806700
ETH-USD,2026-08-28T20:34:20.738652Z,2425.19,2425.27,0.08,2425.23,0.1606637607072783556211626212
ETH-USD,2026-08-28T20:34:20.802647Z,2425.19,2425.27,0.08,2425.23,0.09859068898149582336119121723
ETH-USD,2026-08-28T20:34:20.863846Z,2425.19,2425.26,0.07,2425.225,-0.4813090263055734831570712187
ETH-USD,2026-08-28T20:34:20.895489Z,2425.19,2425.26,0.07,2425.225,-0.4813090263055734831570712187
ETH-USD,2026-08-28T20:34:20.96118Z,2425.19,2425.2,0.01,2425.195,0.1591947324881073739344298413
ETH-USD,2026-08-28T20:34:20.971501Z,2425.19,2425.2,0.01,2425.195,0.2850081145707195120736586281
ETH-USD,2026-08-28T20:34:21.028063Z,2425.19,2425.2,0.01,2425.195,0.2869014542194381546385792512
ETH-USD,2026-08-28T20:34:21.078672Z,2425.19,2425.2,0.01,2425.195,0.2869014542194381546385792512
ETH-USD,2026-08-28T20:34:21.14926Z,2425.19,2425.27,0.08,2425.23,0.2641388565115967811523617651
ETH-USD,2026-08-28T20:34:21.211123Z,2425.19,2425.2,0.01,2425.195,0.2240390527912626245861401249
ETH-USD,2026-08-28T20:34:21.234916Z,2425.19,2425.2,0.01,2425.195,0.3430576427611633014813547191
ETH-USD,2026-08-28T20:34:21.313786Z,2425.19,2425.2,0.01,2425.195,0.3430576427611633014813547191
ETH-USD,2026-08-28T20:34:21.326607Z,2425.19,2425.2,0.01,2425.195,0.3430576427611633014813547191
ETH-USD,2026-08-28T20:34:21.42108Z,2425.19,2425.2,0.01,2425.195,0.3430576427611633014813547191
ETH-USD,2026-08-28T20:34:21.451643Z,2425.19,2425.2,0.01,2425.195,0.2933373982316622902006147522
ETH-USD,2026-08-28T20:34:21.506221Z,2425.19,2425.2,0.01,2425.195,0.2933373982316622902006147522
ETH-USD,2026-08-28T20:34:21.546438Z,2425.19,2425.2,0.01,2425.195,0.1473564769020920527228089587
ETH-USD,2026-08-28T20:34:21.613606Z,2425.19,2425.2,0.01,2425.195,0.06622463645823299322751038463
ETH-USD,2026-08-28T20:34:21.64928Z,2425.19,2425.2,0.01,2425.195,0.08784891854568742845705794418
ETH-USD,2026-08-28T20:34:21.698271Z,2424.64,2424.82,0.18,2424.73,-0.1514483740461243164799069510
ETH-USD,2026-08-28T20:34:21.755864Z,2424.61,2424.62,0.01,2424.615,-0.2303328682590935984563739538
ETH-USD,2026-08-28T20:34:21.809071Z,2424.81,2424.82,0.01,2424.815,-0.2640135647279857608060705959
ETH-USD,2026-08-28T20:34:21.863518Z,2425.02,2425.03,0.01,2425.025,0.1709605056969763288690092636
ETH-USD,2026-08-28T20:34:21.91567Z,2425.06,2425.07,0.01,2425.065,0.1446619378741545204314165388
ETH-USD,2026-08-28T20:34:21.95421Z,2425.06,2425.07,0.01,2425.065,0.02506017126390665670181658141
ETH-USD,2026-08-28T20:34:21.984683Z,2425.06,2425.07,0.01,2425.065,-0.6166902928196245498219690895
ETH-USD,2026-08-28T20:34:22.047556Z,2425.06,2425.07,0.01,2425.065,-0.7316784424246233664790930462
ETH-USD,2026-08-28T20:34:22.102299Z,2425.06,2425.07,0.01,2425.065,-0.6165537256110169480302787062
ETH-USD,2026-08-28T20:34:22.149515Z,2425.06,2425.07,0.01,2425.065,-0.6165537256110169480302787062
ETH-USD,2026-08-28T20:34:22.198342Z,2425.06,2425.07,0.01,2425.065,-0.6165537256110169480302787062
ETH-USD,2026-08-28T20:34:22.248093Z,2425.06,2425.07,0.01,2425.065,-0.4776727916477948267220960556
ETH-USD,2026-08-28T20:34:22.299119Z,2425.06,2425.07,0.01,2425.065,-0.4776739129112481496076448847
ETH-USD,2026-08-28T20:34:22.351511Z,2425.06,2425.07,0.01,2425.065,-0.4686044556389886991743839915
ETH-USD,2026-08-28T20:34:22.402756Z,2425.06,2425.07,0.01,2425.065,-0.4686044556389886991743839915
ETH-USD,2026-08-28T20:34:22.455505Z,2425.06,2425.07,0.01,2425.065,-0.4686044556389886991743839915
ETH-USD,2026-08-28T20:34:22.498243Z,2425.06,2425.07,0.01,2425.065,-0.4686044556389886991743839915
ETH-USD,2026-08-28T20:34:22.537227Z,2425.06,2425.07,0.01,2425.065,-0.4686044556389886991743839915
ETH-USD,2026-08-28T20:34:22.600481Z,2425.17,2425.21,0.04,2425.19,-0.7825238147391773007444488254
ETH-USD,2026-08-28T20:34:22.653294Z,2425.04,2425.21,0.17,2425.125,-0.7052098419621092010178352127
ETH-USD,2026-08-28T20:34:22.702975Z,2425.04,2425.19,0.15,2425.115,-0.4827435964964334687213970926
ETH-USD,2026-08-28T20:34:22.759057Z,2425.14,2425.15,0.01,2425.145,-0.1047412056075846412537822532
ETH-USD,2026-08-28T20:34:22.808506Z,2425.02,2425.13,0.11,2425.075,-0.1176734477615427372320352714
ETH-USD,2026-08-28T20:34:22.846811Z,2425.02,2425.13,0.11,2425.075,-0.07120780255017938017760766627
ETH-USD,2026-08-28T20:34:22.901764Z,2425.03,2425.12,0.09,2425.075,0.008564367014294721649266634597
ETH-USD,2026-08-28T20:34:23.002921Z,2425.03,2425.06,0.03,2425.045,0.1484982321650615324218351055
ETH-USD,2026-08-28T20:34:23.061192Z,2425.03,2425.04,0.01,2425.035,0.2181003437825153854607660556
ETH-USD,2026-08-28T20:34:23.109132Z,2425.03,2425.04,0.01,2425.035,0.2043728068371474812585299391
ETH-USD,2026-08-28T20:34:23.15615Z,2425.03,2425.04,0.01,2425.035,0.2043728068371474812585299391
ETH-USD,2026-08-28T20:34:23.173911Z,2425.03,2425.04,0.01,2425.035,0.2043728068371474812585299391
ETH-USD,2026-08-28T20:34:23.251927Z,2425.02,2425.03,0.01,2425.025,0.07653123971343214388366060509
ETH-USD,2026-08-28T20:34:23.264606Z,2425.02,2425.03,0.01,2425.025,0.1346581035869742390425310850
ETH-USD,2026-08-28T20:34:23.361682Z,2425.06,2425.16,0.10,2425.11,0.2817648265144571527145711526
ETH-USD,2026-08-28T20:34:23.395304Z,2425.06,2425.16,0.10,2425.11,0.2817648265144571527145711526
ETH-USD,2026-08-28T20:34:23.427486Z,2425.06,2425.16,0.10,2425.11,0.2817648265144571527145711526
ETH-USD,2026-08-28T20:34:23.489722Z,2425.06,2425.15,0.09,2425.105,0.4414391659482419236944461979
ETH-USD,2026-08-28T20:34:23.551738Z,2425.08,2425.12,0.04,2425.10,0.4301859478105018371790479261
ETH-USD,2026-08-28T20:34:23.601651Z,2425.08,2425.11,0.03,2425.095,0.2116468480537766450320578639
ETH-USD,2026-08-28T20:34:23.643681Z,2425.08,2425.1,0.02,2425.09,0.4301859478105018371790479261
ETH-USD,2026-08-28T20:34:23.706348Z,2425.08,2425.09,0.01,2425.085,0.4293476700692833591091303822
ETH-USD,2026-08-28T20:34:23.752201Z,2425,2425.08,0.08,2425.04,0.3400479872095017808944958806
ETH-USD,2026-08-28T20:34:23.788237Z,2425,2425.08,0.08,2425.04,0.3400479872095017808944958806
ETH-USD,2026-08-28T20:34:23.870451Z,2425,2425.08,0.08,2425.04,0.3400479872095017808944958806
ETH-USD,2026-08-28T20:34:23.902641Z,2425,2425.07,0.07,2425.035,0.3400479872095017808944958806
ETH-USD,2026-08-28T20:34:23.950041Z,2425.01,2425.02,0.01,2425.015,0.2881184008598033790639656806
ETH-USD,2026-08-28T20:34:24.002824Z,2425.01,2425.02,0.01,2425.015,0.2357032569063051796915677222
ETH-USD,2026-08-28T20:34:24.050302Z,2425.01,2425.02,0.01,2425.015,0.2357032569063051796915677222
ETH-USD,2026-08-28T20:34:24.0943Z,2425.01,2425.02,0.01,2425.015,0.2357032569063051796915677222
ETH-USD,2026-08-28T20:34:24.152926Z,2424.92,2425,0.08,2424.96,0.1109175089968350856172142743
ETH-USD,2026-08-28T20:34:24.210171Z,2424.97,2424.99,0.02,2424.98,0.3290673013204200920104412213
ETH-USD,2026-08-28T20:34:24.241182Z,2424.97,2424.99,0.02,2424.98,0.4195167222062460616332001824
ETH-USD,2026-08-28T20:34:24.305976Z,2424.97,2424.98,0.01,2424.975,0.4197757048665087368445154477
ETH-USD,2026-08-28T20:34:24.359029Z,2424.93,2424.98,0.05,2424.955,0.01229821026780653916068100717
ETH-USD,2026-08-28T20:34:24.398707Z,2424.94,2424.95,0.01,2424.945,-0.1319238809897119498892455551
ETH-USD,2026-08-28T20:34:24.46225Z,2424.97,2424.98,0.01,2424.975,-0.06901485621772951204481226541
ETH-USD,2026-08-28T20:34:24.506771Z,2424.97,2424.98,0.01,2424.975,-0.09994031635982179755728931064
ETH-USD,2026-08-28T20:34:24.551316Z,2424.97,2424.98,0.01,2424.975,-0.09994031635982179755728931064
ETH-USD,2026-08-28T20:34:24.595469Z,2424.97,2424.98,0.01,2424.975,-0.09994031635982179755728931064
ETH-USD,2026-08-28T20:34:24.656139Z,2424.95,2424.98,0.03,2424.965,-0.02637104479606637230681521397
ETH-USD,2026-08-28T20:34:24.713513Z,2424.94,2424.95,0.01,2424.945,0.03299033507880383486474566312
ETH-USD,2026-08-28T20:34:24.741793Z,2424.94,2424.98,0.04,2424.96,0.07116319483395888178599918006
ETH-USD,2026-08-28T20:34:24.79151Z,2424.97,2424.98,0.01,2424.975,-0.08531870592679689015987977655
ETH-USD,2026-08-28T20:34:24.858192Z,2424.97,2424.98,0.01,2424.975,-0.08531870592679689015987977655
ETH-USD,2026-08-28T20:34:24.891775Z,2424.97,2424.98,0.01,2424.975,-0.08531870592679689015987977655
ETH-USD,2026-08-28T20:34:24.937631Z,2424.97,2424.98,0.01,2424.975,-0.08531870592679689015987977655
ETH-USD,2026-08-28T20:34:25.061063Z,2425.05,2425.11,0.06,2425.08,-0.4377375178304336654025003959
ETH-USD,2026-08-28T20:34:25.096966Z,2425.05,2425.11,0.06,2425.08,-0.4377375178304336654025003959
ETH-USD,2026-08-28T20:34:25.148897Z,2425.06,2425.07,0.01,2425.065,-0.3284210744955597430953683459
ETH-USD,2026-08-28T20:34:25.211345Z,2425.06,2425.07,0.01,2425.065,0.1678385260540916973205079081
ETH-USD,2026-08-28T20:34:25.248701Z,2425.06,2425.07,0.01,2425.065,0.1678385260540916973205079081
ETH-USD,2026-08-28T20:34:25.301246Z,2424.96,2425,0.04,2424.98,0.1967672683313348174703344521
ETH-USD,2026-08-28T20:34:25.355521Z,2424.96,2425,0.04,2424.98,0.06369894071926151496182828040
ETH-USD,2026-08-28T20:34:25.407894Z,2424.96,2425,0.04,2424.98,-0.1308030176091997162546563380
ETH-USD,2026-08-28T20:34:25.455471Z,2424.96,2425,0.04,2424.98,-0.1063027939619092462199856563
ETH-USD,2026-08-28T20:34:25.525096Z,2424.99,2425,0.01,2424.995,0.1273800861067785250872032018
ETH-USD,2026-08-28T20:34:25.615067Z,2424.99,2425,0.01,2424.995,0.1273800861067785250872032018
ETH-USD,2026-08-28T20:34:25.66064Z,2424.99,2425,0.01,2424.995,0.1273800861067785250872032018
ETH-USD,2026-08-28T20:34:25.683725Z,2424.99,2425,0.01,2424.995,0.1273800861067785250872032018
ETH-USD,2026-08-28T20:34:25.783022Z,2424.99,2425,0.01,2424.995,0.02152237821672895719324099601
ETH-USD,2026-08-28T20:34:25.852379Z,2424.99,2425,0.01,2424.995,0.02152237821672895719324099601
ETH-USD,2026-08-28T20:34:25.927852Z,2424.99,2425,0.01,2424.995,0.02207087738300447269162020388
ETH-USD,2026-08-28T20:34:26.031922Z,2424.99,2425,0.01,2424.995,0.02207087738300447269162020388
ETH-USD,2026-08-28T20:34:26.106371Z,2424.99,2425,0.01,2424.995,-0.2262573264137857597261810180
ETH-USD,2026-08-28T20:34:26.153248Z,2424.99,2425,0.01,2424.995,-0.2262573264137857597261810180
ETH-USD,2026-08-28T20:34:26.225338Z,2424.99,2425,0.01,2424.995,-0.2262573264137857597261810180
ETH-USD,2026-08-28T20:34:26.284336Z,2424.99,2425,0.01,2424.995,-0.2262573264137857597261810180
ETH-USD,2026-08-28T20:34:26.362733Z,2424.99,2425,0.01,2424.995,-0.2262573264137857597261810180
ETH-USD,2026-08-28T20:34:26.428399Z,2424.99,2425,0.01,2424.995,-0.2262573264137857597261810180
ETH-USD,2026-08-28T20:34:26.540518Z,2424.99,2425,0.01,2424.995,-0.2262573264137857597261810180
ETH-USD,2026-08-28T20:34:26.591562Z,2424.99,2425,0.01,2424.995,-0.2262573264137857597261810180
ETH-USD,2026-08-28T20:34:26.646412Z,2424.99,2425,0.01,2424.995,-0.2262573264137857597261810180
ETH-USD,2026-08-28T20:34:26.706483Z,2424.99,2425,0.01,2424.995,-0.2262573264137857597261810180
ETH-USD,2026-08-28T20:34:26.75401Z,2424.99,2425,0.01,2424.995,-0.2262573264137857597261810180
ETH-USD,2026-08-28T20:34:26.783038Z,2424.99,2425,0.01,2424.995,-0.2340639553789051615435840460
ETH-USD,2026-08-28T20:34:26.865542Z,2424.99,2425,0.01,2424.995,-0.2340639553789051615435840460
ETH-USD,2026-08-28T20:34:26.9032Z,2424.99,2425,0.01,2424.995,-0.2340639553789051615435840460
ETH-USD,2026-08-28T20:34:26.966123Z,2424.99,2425,0.01,2424.995,-0.2340639553789051615435840460
ETH-USD,2026-08-28T20:34:27.041643Z,2424.99,2425,0.01,2424.995,-0.2340639553789051615435840460
ETH-USD,2026-08-28T20:34:27.159434Z,2424.99,2425,0.01,2424.995,-0.2340639553789051615435840460
ETH-USD,2026-08-28T20:34:27.201011Z,2424.99,2425,0.01,2424.995,-0.2340639553789051615435840460
ETH-USD,2026-08-28T20:34:27.245247Z,2424.99,2425,0.01,2424.995,-0.2340639553789051615435840460
ETH-USD,2026-08-28T20:34:27.283745Z,2424.99,2425,0.01,2424.995,-0.2340639553789051615435840460
ETH-USD,2026-08-28T20:34:27.350228Z,2424.99,2425,0.01,2424.995,-0.2340639553789051615435840460
ETH-USD,2026-08-28T20:34:27.380193Z,2424.99,2425,0.01,2424.995,-0.2340639553789051615435840460
ETH-USD,2026-08-28T20:34:27.456912Z,2424.99,2425,0.01,2424.995,-0.2340639553789051615435840460
ETH-USD,2026-08-28T20:34:27.463026Z,2424.99,2425,0.01,2424.995,-0.2340639553789051615435840460
ETH-USD,2026-08-28T20:34:27.545001Z,2424.99,2425,0.01,2424.995,-0.2340639553789051615435840460
ETH-USD,2026-08-28T20:34:27.626364Z,2424.99,2425,0.01,2424.995,-0.2340639553789051615435840460
ETH-USD,2026-08-28T20:34:27.686389Z,2424.99,2425,0.01,2424.995,-0.2340639553789051615435840460
ETH-USD,2026-08-28T20:34:27.725444Z,2424.99,2425,0.01,2424.995,-0.2340639553789051615435840460
ETH-USD,2026-08-28T20:34:27.834138Z,2424.99,2425,0.01,2424.995,-0.2340639553789051615435840460
ETH-USD,2026-08-28T20:34:27.88956Z,2424.99,2425,0.01,2424.995,-0.1953023959792158149763566224
ETH-USD,2026-08-28T20:34:27.929939Z,2424.99,2425,0.01,2424.995,-0.3340236198696669572950716311
ETH-USD,2026-08-28T20:34:28.04398Z,2424.99,2425,0.01,2424.995,-0.3340236198696669572950716311
ETH-USD,2026-08-28T20:34:28.06596Z,2424.99,2425,0.01,2424.995,-0.3340236198696669572950716311
ETH-USD,2026-08-28T20:34:28.197086Z,2424.99,2425,0.01,2424.995,-0.3340236198696669572950716311
ETH-USD,2026-08-28T20:34:28.241565Z,2424.99,2425,0.01,2424.995,-0.3340236198696669572950716311
ETH-USD,2026-08-28T20:34:28.325367Z,2424.99,2425,0.01,2424.995,-0.3340236198696669572950716311
ETH-USD,2026-08-28T20:34:28.384641Z,2424.99,2425,0.01,2424.995,-0.3340236198696669572950716311
ETH-USD,2026-08-28T20:34:28.525079Z,2424.99,2425,0.01,2424.995,-0.3340236198696669572950716311
ETH-USD,2026-08-28T20:34:28.625848Z,2424.99,2425,0.01,2424.995,-0.08212946377684356025446051329
ETH-USD,2026-08-28T20:34:28.665577Z,2424.99,2425,0.01,2424.995,-0.08212946377684356025446051329
ETH-USD,2026-08-28T20:34:28.754124Z,2424.99,2425,0.01,2424.995,-0.09934833584097242971343128058
ETH-USD,2026-08-28T20:34:28.79455Z,2424.99,2425,0.01,2424.995,-0.1846316205277008145628153726
ETH-USD,2026-08-28T20:34:28.849561Z,2424.99,2425,0.01,2424.995,-0.5003295984545071312359256729
ETH-USD,2026-08-28T20:34:28.91654Z,2424.99,2425,0.01,2424.995,-0.3223715120665919246059844635
ETH-USD,2026-08-28T20:34:28.952612Z,2424.99,2425,0.01,2424.995,-0.3703846562511731457486053511
ETH-USD,2026-08-28T20:34:29.003462Z,2424.99,2425,0.01,2424.995,-0.2833180664999365091452146224
ETH-USD,2026-08-28T20:34:29.053582Z,2424.99,2425,0.01,2424.995,-0.3109308716868054798929526173
ETH-USD,2026-08-28T20:34:29.072108Z,2424.99,2425,0.01,2424.995,-0.2782564166860337041780316604
ETH-USD,2026-08-28T20:34:29.14741Z,2424.99,2425,0.01,2424.995,-0.4332402236790305388235092081
ETH-USD,2026-08-28T20:34:29.201355Z,2424.99,2425,0.01,2424.995,-0.4776735255759147238314330152
ETH-USD,2026-08-28T20:34:29.231018Z,2424.99,2425,0.01,2424.995,-0.4776735255759147238314330152
ETH-USD,2026-08-28T20:34:29.310758Z,2424.99,2425,0.01,2424.995,-0.4776735255759147238314330152
ETH-USD,2026-08-28T20:34:29.362102Z,2424.99,2425,0.01,2424.995,-0.4647220693854225584183792229
ETH-USD,2026-08-28T20:34:29.422075Z,2424.99,2425,0.01,2424.995,-0.4647220693854225584183792229
ETH-USD,2026-08-28T20:34:29.438623Z,2424.99,2425,0.01,2424.995,-0.4647220693854225584183792229
ETH-USD,2026-08-28T20:34:29.494171Z,2424.99,2425,0.01,2424.995,-0.4647220693854225584183792229
ETH-USD,2026-08-28T20:34:29.558023Z,2424.99,2425,0.01,2424.995,-0.4179593002879150959972792521
ETH-USD,2026-08-28T20:34:29.591151Z,2424.99,2425,0.01,2424.995,-0.4179593002879150959972792521
ETH-USD,2026-08-28T20:34:29.650238Z,2424.99,2425,0.01,2424.995,-0.6347046168727801842674564932
ETH-USD,2026-08-28T20:34:29.67516Z,2424.99,2425,0.01,2424.995,-0.6681291614750207377421384893
ETH-USD,2026-08-28T20:34:29.726526Z,2424.99,2425,0.01,2424.995,-0.6681291614750207377421384893
ETH-USD,2026-08-28T20:34:29.848146Z,2424.99,2425,0.01,2424.995,-0.6678107110653956480830323694
ETH-USD,2026-08-28T20:34:29.908111Z,2424.99,2425,0.01,2424.995,-0.6678107110653956480830323694
ETH-USD,2026-08-28T20:34:29.95264Z,2424.99,2425,0.01,2424.995,-0.6678124123335264545187507285
ETH-USD,2026-08-28T20:34:29.962073Z,2424.99,2425,0.01,2424.995,-0.6678124123335264545187507285
ETH-USD,2026-08-28T20:34:30.044894Z,2424.99,2425,0.01,2424.995,-0.6678124123335264545187507285
ETH-USD,2026-08-28T20:34:30.070997Z,2424.99,2425,0.01,2424.995,-0.6678124123335264545187507285
ETH-USD,2026-08-28T20:34:30.146579Z,2424.99,2425,0.01,2424.995,-0.3135058389964695305717461997
ETH-USD,2026-08-28T20:34:30.200051Z,2424.99,2425,0.01,2424.995,-0.4505451329922953826438323335
ETH-USD,2026-08-28T20:34:30.249354Z,2424.8,2424.81,0.01,2424.805,-0.7344990574342427369652743071
ETH-USD,2026-08-28T20:34:30.300504Z,2424.8,2424.81,0.01,2424.805,-0.4638811699537229563662586850
ETH-USD,2026-08-28T20:34:30.361319Z,2424.8,2424.84,0.04,2424.82,-0.5183700370578175086583629346
ETH-USD,2026-08-28T20:34:30.406242Z,2424.8,2424.81,0.01,2424.805,-0.4230545341827100083237326762
ETH-USD,2026-08-28T20:34:30.465911Z,2424.8,2424.82,0.02,2424.81,-0.4817968735147174872608439729
ETH-USD,2026-08-28T20:34:30.506474Z,2424.8,2424.81,0.01,2424.805,-0.4712951081052560383020614947
ETH-USD,2026-08-28T20:34:30.552705Z,2424.6,2424.8,0.2,2424.7,-0.2939090358354908205452823764
ETH-USD,2026-08-28T20:34:30.608576Z,2424.6,2424.66,0.06,2424.63,-0.8826767028971755446199473977
ETH-USD,2026-08-28T20:34:30.630609Z,2424.6,2424.66,0.06,2424.63,-0.8321999486216293760920358478
ETH-USD,2026-08-28T20:34:30.674869Z,2424.6,2424.66,0.06,2424.63,-0.8321999486216293760920358478
ETH-USD,2026-08-28T20:34:30.743413Z,2424.6,2424.79,0.19,2424.695,-0.8201304062633044784889163260
ETH-USD,2026-08-28T20:34:30.802666Z,2424.6,2424.67,0.07,2424.635,-0.7677380097161850976294348942
ETH-USD,2026-08-28T20:34:30.838078Z,2424.75,2424.78,0.03,2424.765,-0.1757038208631107448009213080
ETH-USD,2026-08-28T20:34:30.872003Z,2424.75,2424.76,0.01,2424.755,0.1439647191819250400473658187
ETH-USD,2026-08-28T20:34:30.969076Z,2424.6,2424.61,0.01,2424.605,-0.7537743110913916266650913441
ETH-USD,2026-08-28T20:34:31.047773Z,2424.65,2424.68,0.03,2424.665,-0.7329154010301377220242412070
ETH-USD,2026-08-28T20:34:31.107885Z,2424.58,2424.65,0.07,2424.615,-0.8056749867295442098601171090
ETH-USD,2026-08-28T20:34:31.156885Z,2424.58,2424.64,0.06,2424.61,-0.8995238899033259991098575974
ETH-USD,2026-08-28T20:34:31.202296Z,2424.58,2424.64,0.06,2424.61,-0.7741633426114593027414878164
ETH-USD,2026-08-28T20:34:31.252854Z,2424.51,2424.64,0.13,2424.575,-0.8281565483501871646940649336
ETH-USD,2026-08-28T20:34:31.266935Z,2424.55,2424.63,0.08,2424.59,-0.7891603902109630812561388227
ETH-USD,2026-08-28T20:34:31.350334Z,2424.55,2424.59,0.04,2424.57,-0.5229189151311489865173545755
ETH-USD,2026-08-28T20:34:31.402Z,2424.55,2424.59,0.04,2424.57,-0.5229189151311489865173545755
ETH-USD,2026-08-28T20:34:31.447439Z,2424.55,2424.59,0.04,2424.57,-0.4335417609589971098043605617
ETH-USD,2026-08-28T20:34:31.503311Z,2424.55,2424.59,0.04,2424.57,-0.3560485899365385156555141592
ETH-USD,2026-08-28T20:34:31.543703Z,2424.58,2424.59,0.01,2424.585,-0.3007606900382064378757164581
ETH-USD,2026-08-28T20:34:31.587725Z,2424.58,2424.59,0.01,2424.585,-0.3007606900382064378757164581
ETH-USD,2026-08-28T20:34:31.653896Z,2424.58,2424.59,0.01,2424.585,-0.3007606900382064378757164581
ETH-USD,2026-08-28T20:34:31.658505Z,2424.58,2424.59,0.01,2424.585,-0.7514240626487984296362528652
ETH-USD,2026-08-28T20:34:31.755853Z,2424.58,2424.59,0.01,2424.585,-0.8474963375994287676737332254
ETH-USD,2026-08-28T20:34:31.801729Z,2424.64,2424.65,0.01,2424.645,-0.7366966221059103980919429486
ETH-USD,2026-08-28T20:34:31.859875Z,2424.64,2424.65,0.01,2424.645,-0.7366966221059103980919429486
ETH-USD,2026-08-28T20:34:31.904564Z,2424.58,2424.64,0.06,2424.61,-0.6418569243395254751163048780
ETH-USD,2026-08-28T20:34:31.953153Z,2424.58,2424.65,0.07,2424.615,-0.6795340207187824753855892389
ETH-USD,2026-08-28T20:34:31.964969Z,2424.58,2424.65,0.07,2424.615,-0.7315288615568070280470770645
ETH-USD,2026-08-28T20:34:32.123928Z,2424.62,2424.65,0.03,2424.635,-0.7092385582400946929338049900
ETH-USD,2026-08-28T20:34:32.203312Z,2424.62,2424.65,0.03,2424.635,-0.7092385582400946929338049900
ETH-USD,2026-08-28T20:34:32.258834Z,2424.5,2424.51,0.01,2424.505,-0.5275143385865512996906269045
ETH-USD,2026-08-28T20:34:32.310175Z,2424.49,2424.51,0.02,2424.50,-0.8092718618167965637814120385
ETH-USD,2026-08-28T20:34:32.361916Z,2424.49,2424.51,0.02,2424.50,-0.8092718618167965637814120385
ETH-USD,2026-08-28T20:34:32.413396Z,2424.49,2424.51,0.02,2424.50,-0.8315204536948873916458345987
ETH-USD,2026-08-28T20:34:32.457854Z,2424.49,2424.51,0.02,2424.50,-0.7900812751067066831873494273
ETH-USD,2026-08-28T20:34:32.51271Z,2424.5,2424.51,0.01,2424.505,-0.7504940972965371270221563145
ETH-USD,2026-08-28T20:34:32.55367Z,2424.5,2424.51,0.01,2424.505,-0.7361567452443118873162697561
ETH-USD,2026-08-28T20:34:32.606613Z,2424.5,2424.51,0.01,2424.505,-0.7361523671662072318851777692
ETH-USD,2026-08-28T20:34:32.663723Z,2424.5,2424.51,0.01,2424.505,-0.7772323256899845203363058455
ETH-USD,2026-08-28T20:34:32.709655Z,2424.5,2424.51,0.01,2424.505,-0.8020562104965673489983869965
ETH-USD,2026-08-28T20:34:32.737525Z,2424.49,2424.5,0.01,2424.495,-0.7415089997656338649520821999
ETH-USD,2026-08-28T20:34:32.811271Z,2424.49,2424.5,0.01,2424.495,-0.8010592961881615368586647579
ETH-USD,2026-08-28T20:34:32.863609Z,2424.49,2424.5,0.01,2424.495,-0.6686199151737920147197361646
ETH-USD,2026-08-28T20:34:32.912036Z,2424.49,2424.5,0.01,2424.495,-0.8253879223788273058704256767
ETH-USD,2026-08-28T20:34:32.963975Z,2424.49,2424.5,0.01,2424.495,-0.6612656181905627701464370939
ETH-USD,2026-08-28T20:34:33.005916Z,2424.45,2424.49,0.04,2424.47,-0.6838568941695470320383400340
ETH-USD,2026-08-28T20:34:33.058736Z,2424.41,2424.46,0.05,2424.435,-0.7496420555031311175520957302
ETH-USD,2026-08-28T20:34:33.115694Z,2424.42,2424.46,0.04,2424.44,-0.5515054720558628956836337854
ETH-USD,2026-08-28T20:34:33.200061Z,2424.42,2424.46,0.04,2424.44,-0.6565366136017940600441395172
ETH-USD,2026-08-28T20:34:33.241797Z,2424.42,2424.46,0.04,2424.44,-0.5650366245881821906190384315
ETH-USD,2026-08-28T20:34:33.308494Z,2424.42,2424.46,0.04,2424.44,-0.7421855559168124531302711794
ETH-USD,2026-08-28T20:34:33.365322Z,2424.43,2424.46,0.03,2424.445,-0.9331660686678198983429818434
ETH-USD,2026-08-28T20:34:33.389912Z,2424.45,2424.46,0.01,2424.455,-0.8444886396103995859129007556
ETH-USD,2026-08-28T20:34:33.393973Z,2424.45,2424.46,0.01,2424.455,-0.8444886396103995859129007556
ETH-USD,2026-08-28T20:34:33.421786Z,2424.45,2424.46,0.01,2424.455,-0.7479969621386431849263051098
ETH-USD,2026-08-28T20:34:33.553732Z,2424.45,2424.46,0.01,2424.455,-0.7479969621386431849263051098
ETH-USD,2026-08-28T20:34:33.593356Z,2424.45,2424.46,0.01,2424.455,-0.7474049137131931650091964482
ETH-USD,2026-08-28T20:34:33.627181Z,2424.45,2424.46,0.01,2424.455,-0.7474049137131931650091964482
ETH-USD,2026-08-28T20:34:33.705845Z,2424.45,2424.46,0.01,2424.455,-0.8321866888729979553007690410
ETH-USD,2026-08-28T20:34:33.72322Z,2424.45,2424.46,0.01,2424.455,-0.7773018760335768919106338767
ETH-USD,2026-08-28T20:34:33.798851Z,2424.45,2424.46,0.01,2424.455,-0.7773018760335768919106338767
ETH-USD,2026-08-28T20:34:33.859849Z,2424.45,2424.46,0.01,2424.455,-0.7798124469581705840976612909
ETH-USD,2026-08-28T20:34:33.86989Z,2424.45,2424.46,0.01,2424.455,-0.7798124469581705840976612909
ETH-USD,2026-08-28T20:34:33.917373Z,2424.45,2424.46,0.01,2424.455,-0.8704897822446585295019718008
ETH-USD,2026-08-28T20:34:33.991544Z,2424.45,2424.46,0.01,2424.455,-0.8155458289243974350738975510
ETH-USD,2026-08-28T20:34:34.053368Z,2424.45,2424.46,0.01,2424.455,-0.8155996214013691924875568099
ETH-USD,2026-08-28T20:34:34.091272Z,2424.45,2424.46,0.01,2424.455,-0.8155996214013691924875568099
ETH-USD,2026-08-28T20:34:34.152223Z,2424.45,2424.46,0.01,2424.455,-0.9349176419594972091131133880
ETH-USD,2026-08-28T20:34:34.164025Z,2424.45,2424.46,0.01,2424.455,-0.9253293594308350277996347447
ETH-USD,2026-08-28T20:34:34.228561Z,2424.45,2424.46,0.01,2424.455,-0.9253293594308350277996347447
ETH-USD,2026-08-28T20:34:34.278728Z,2424.45,2424.46,0.01,2424.455,-0.9253293594308350277996347447
ETH-USD,2026-08-28T20:34:34.343636Z,2424.45,2424.46,0.01,2424.455,-0.9253305609653083629748997470
ETH-USD,2026-08-28T20:34:34.372438Z,2424.45,2424.46,0.01,2424.455,-0.9253305609653083629748997470
ETH-USD,2026-08-28T20:34:34.461719Z,2424.45,2424.46,0.01,2424.455,-0.9253305609653083629748997470
ETH-USD,2026-08-28T20:34:34.505545Z,2424.45,2424.46,0.01,2424.455,-0.9253305609653083629748997470
ETH-USD,2026-08-28T20:34:34.535012Z,2424.45,2424.46,0.01,2424.455,-0.9253305609653083629748997470
ETH-USD,2026-08-28T20:34:34.566322Z,2424.45,2424.46,0.01,2424.455,-0.9252772010178799301436113709
ETH-USD,2026-08-28T20:34:34.626241Z,2424.45,2424.46,0.01,2424.455,-0.9252772010178799301436113709
ETH-USD,2026-08-28T20:34:34.686901Z,2424.45,2424.46,0.01,2424.455,-0.9252772010178799301436113709
ETH-USD,2026-08-28T20:34:34.874618Z,2424.45,2424.46,0.01,2424.455,-0.9252772010178799301436113709
ETH-USD,2026-08-28T20:34:34.911782Z,2424.45,2424.46,0.01,2424.455,-0.9321951651233906315213937300
ETH-USD,2026-08-28T20:34:34.951909Z,2424.45,2424.46,0.01,2424.455,-0.9321951651233906315213937300
ETH-USD,2026-08-28T20:34:34.974431Z,2424.45,2424.46,0.01,2424.455,-0.9321951651233906315213937300
ETH-USD,2026-08-28T20:34:35.034522Z,2424.45,2424.46,0.01,2424.455,-0.9321951651233906315213937300
ETH-USD,2026-08-28T20:34:35.100119Z,2424.45,2424.46,0.01,2424.455,-0.9321951651233906315213937300
ETH-USD,2026-08-28T20:34:35.125472Z,2424.45,2424.46,0.01,2424.455,-0.9321951651233906315213937300
ETH-USD,2026-08-28T20:34:35.176312Z,2424.45,2424.46,0.01,2424.455,-0.9321951651233906315213937300
ETH-USD,2026-08-28T20:34:35.239089Z,2424.45,2424.46,0.01,2424.455,-0.9355358852409912069055070888
ETH-USD,2026-08-28T20:34:35.286828Z,2424.45,2424.46,0.01,2424.455,-0.9355358852409912069055070888
ETH-USD,2026-08-28T20:34:35.326595Z,2424.45,2424.46,0.01,2424.455,-0.9355358852409912069055070888
ETH-USD,2026-08-28T20:34:35.398789Z,2424.45,2424.46,0.01,2424.455,-0.9354534911215916979974527280
ETH-USD,2026-08-28T20:34:35.426025Z,2424.45,2424.46,0.01,2424.455,-0.9354534911215916979974527280
ETH-USD,2026-08-28T20:34:35.508317Z,2424.45,2424.46,0.01,2424.455,-0.9354534911215916979974527280
ETH-USD,2026-08-28T20:34:35.559614Z,2424.45,2424.46,0.01,2424.455,-0.9354534911215916979974527280
ETH-USD,2026-08-28T20:34:35.594499Z,2424.45,2424.46,0.01,2424.455,-0.9354534911215916979974527280
ETH-USD,2026-08-28T20:34:35.660827Z,2424.45,2424.46,0.01,2424.455,-0.9354534911215916979974527280
ETH-USD,2026-08-28T20:34:35.681473Z,2424.45,2424.46,0.01,2424.455,-0.8750998543986014039051175512
ETH-USD,2026-08-28T20:34:35.76278Z,2424.44,2424.46,0.02,2424.45,-0.7823667561870111985749493135
ETH-USD,2026-08-28T20:34:35.805529Z,2424.45,2424.5,0.05,2424.475,-0.5565763465304109365424443980
ETH-USD,2026-08-28T20:34:35.824158Z,2424.45,2424.5,0.05,2424.475,-0.5565014086985235166752480950
ETH-USD,2026-08-28T20:34:35.90401Z,2424.46,2424.5,0.04,2424.48,-0.5565014086985235166752480950
ETH-USD,2026-08-28T20:34:35.94963Z,2424.46,2424.47,0.01,2424.465,-0.5565014099955468184752585013
ETH-USD,2026-08-28T20:34:36.004684Z,2424.46,2424.47,0.01,2424.465,-0.5565014099955468184752585013
ETH-USD,2026-08-28T20:34:36.060437Z,2424.46,2424.47,0.01,2424.465,-0.5565404503320186430622475615
ETH-USD,2026-08-28T20:34:36.065466Z,2424.46,2424.47,0.01,2424.465,-0.5565404503320186430622475615
ETH-USD,2026-08-28T20:34:36.127121Z,2424.46,2424.47,0.01,2424.465,-0.5565404503320186430622475615
ETH-USD,2026-08-28T20:34:36.191892Z,2424.46,2424.47,0.01,2424.465,-0.5565404503320186430622475615
ETH-USD,2026-08-28T20:34:36.225079Z,2424.46,2424.47,0.01,2424.465,-0.5565404503320186430622475615
ETH-USD,2026-08-28T20:34:36.291333Z,2424.46,2424.47,0.01,2424.465,-0.5565404503320186430622475615
ETH-USD,2026-08-28T20:34:36.33718Z,2424.46,2424.47,0.01,2424.465,-0.5550468757008649055782927622
ETH-USD,2026-08-28T20:34:36.392665Z,2424.46,2424.47,0.01,2424.465,-0.5550468757008649055782927622
ETH-USD,2026-08-28T20:34:36.425248Z,2424.46,2424.47,0.01,2424.465,-0.5550468757008649055782927622
ETH-USD,2026-08-28T20:34:36.500324Z,2424.46,2424.47,0.01,2424.465,-0.5113012045156003590336466296
ETH-USD,2026-08-28T20:34:36.52306Z,2424.46,2424.47,0.01,2424.465,-0.5565404503320186430622475615
ETH-USD,2026-08-28T20:34:36.601063Z,2424.46,2424.47,0.01,2424.465,-0.5565404503320186430622475615
ETH-USD,2026-08-28T20:34:36.653125Z,2424.46,2424.47,0.01,2424.465,-0.5565404503320186430622475615
ETH-USD,2026-08-28T20:34:36.704809Z,2424.46,2424.47,0.01,2424.465,-0.5565404503320186430622475615
ETH-USD,2026-08-28T20:34:36.725969Z,2424.46,2424.47,0.01,2424.465,-0.5565404503320186430622475615
ETH-USD,2026-08-28T20:34:36.814168Z,2424.46,2424.47,0.01,2424.465,-0.5565404503320186430622475615
ETH-USD,2026-08-28T20:34:36.824279Z,2424.46,2424.47,0.01,2424.465,-0.5565404503320186430622475615
ETH-USD,2026-08-28T20:34:36.907681Z,2424.46,2424.47,0.01,2424.465,-0.5565404503320186430622475615
ETH-USD,2026-08-28T20:34:36.932559Z,2424.46,2424.47,0.01,2424.465,-0.5565404503320186430622475615
ETH-USD,2026-08-28T20:34:37.019425Z,2424.46,2424.47,0.01,2424.465,-0.5565404503320186430622475615
ETH-USD,2026-08-28T20:34:37.064674Z,2424.46,2424.47,0.01,2424.465,-0.8564794312374550510462318622
ETH-USD,2026-08-28T20:34:37.100904Z,2424.41,2424.42,0.01,2424.415,-0.5922897610509695272249806516
ETH-USD,2026-08-28T20:34:37.1567Z,2424.41,2424.42,0.01,2424.415,-0.6177702554836107696734465607
ETH-USD,2026-08-28T20:34:37.199636Z,2424.3,2424.46,0.16,2424.38,-0.5013305658811359513529331098
ETH-USD,2026-08-28T20:34:37.252751Z,2424.31,2424.44,0.13,2424.375,-0.2083506848422581800622562171
ETH-USD,2026-08-28T20:34:37.264387Z,2424.31,2424.44,0.13,2424.375,-0.2083506848422581800622562171
ETH-USD,2026-08-28T20:34:37.309221Z,2424.31,2424.44,0.13,2424.375,-0.1145104203752192061566570349
ETH-USD,2026-08-28T20:34:37.440896Z,2424.31,2424.44,0.13,2424.375,-0.1000078156167270641125071679
ETH-USD,2026-08-28T20:34:37.504441Z,2424.45,2424.47,0.02,2424.46,-0.5900962717023223738905260209
ETH-USD,2026-08-28T20:34:37.545518Z,2424.45,2424.47,0.02,2424.46,-0.6197919377799724426356874273
ETH-USD,2026-08-28T20:34:37.597617Z,2424.42,2424.47,0.05,2424.445,-0.6389246855748121487853469104
ETH-USD,2026-08-28T20:34:37.647368Z,2424.42,2424.47,0.05,2424.445,-0.6229100510349681090463096657
ETH-USD,2026-08-28T20:34:37.69157Z,2424.46,2424.47,0.01,2424.465,-0.7059465886770550609966096675
ETH-USD,2026-08-28T20:34:37.750847Z,2424.46,2424.47,0.01,2424.465,-0.6726849973344614908415943248
ETH-USD,2026-08-28T20:34:37.794918Z,2424.46,2424.47,0.01,2424.465,-0.6610325595922093314749667926
ETH-USD,2026-08-28T20:34:37.856235Z,2424.46,2424.47,0.01,2424.465,-0.8533144751004437572908261036
ETH-USD,2026-08-28T20:34:37.86191Z,2424.46,2424.47,0.01,2424.465,-0.8533144751004437572908261036
ETH-USD,2026-08-28T20:34:37.939209Z,2424.46,2424.47,0.01,2424.465,-0.5878365529056212107825143500
ETH-USD,2026-08-28T20:34:38.031358Z,2424.46,2424.47,0.01,2424.465,-0.5878365529056212107825143500
ETH-USD,2026-08-28T20:34:38.094305Z,2424.46,2424.47,0.01,2424.465,-0.5878365529056212107825143500
ETH-USD,2026-08-28T20:34:38.141722Z,2424.46,2424.47,0.01,2424.465,-0.8812609622011933021937092095
ETH-USD,2026-08-28T20:34:38.189573Z,2424.46,2424.47,0.01,2424.465,-0.5649972704063035425461112065
ETH-USD,2026-08-28T20:34:38.235614Z,2424.46,2424.47,0.01,2424.465,-0.5649972704063035425461112065
ETH-USD,2026-08-28T20:34:38.296301Z,2424.46,2424.47,0.01,2424.465,-0.5649972704063035425461112065
ETH-USD,2026-08-28T20:34:38.33942Z,2424.46,2424.47,0.01,2424.465,-0.5649972704063035425461112065
ETH-USD,2026-08-28T20:34:38.444557Z,2424.46,2424.47,0.01,2424.465,-0.4641241464062512836714533334
ETH-USD,2026-08-28T20:34:38.498571Z,2424.46,2424.47,0.01,2424.465,-0.5649972704063035425461112065
ETH-USD,2026-08-28T20:34:38.55031Z,2424.46,2424.47,0.01,2424.465,-0.4641241464062512836714533334
ETH-USD,2026-08-28T20:34:38.592293Z,2424.46,2424.47,0.01,2424.465,-0.3671972522620599046490017401
ETH-USD,2026-08-28T20:34:38.666524Z,2424.46,2424.47,0.01,2424.465,-0.3671972522620599046490017401
ETH-USD,2026-08-28T20:34:38.74189Z,2424.46,2424.47,0.01,2424.465,-0.3671972522620599046490017401
ETH-USD,2026-08-28T20:34:38.794257Z,2424.45,2424.47,0.02,2424.46,-0.5259226202361232313530260272
ETH-USD,2026-08-28T20:34:38.805218Z,2424.46,2424.47,0.01,2424.465,-0.3754160303768633990556634487
ETH-USD,2026-08-28T20:34:38.842799Z,2424.46,2424.47,0.01,2424.465,-0.3754160303768633990556634487
ETH-USD,2026-08-28T20:34:38.933942Z,2424.46,2424.47,0.01,2424.465,-0.4205991841997541054337241170
ETH-USD,2026-08-28T20:34:39.00136Z,2424.46,2424.47,0.01,2424.465,-0.4082303513901773871391244083
ETH-USD,2026-08-28T20:34:39.043365Z,2424.46,2424.47,0.01,2424.465,-0.5275402881032359012216898287
ETH-USD,2026-08-28T20:34:39.114517Z,2424.46,2424.47,0.01,2424.465,-0.5275402881032359012216898287
ETH-USD,2026-08-28T20:34:39.180172Z,2424.46,2424.47,0.01,2424.465,-0.5275402881032359012216898287
ETH-USD,2026-08-28T20:34:39.23949Z,2424.46,2424.47,0.01,2424.465,-0.5515212751377557886331097717
ETH-USD,2026-08-28T20:34:39.347574Z,2424.46,2424.47,0.01,2424.465,-0.5515212751377557886331097717
ETH-USD,2026-08-28T20:34:39.400751Z,2424.46,2424.47,0.01,2424.465,-0.6326588212120768942137862998
ETH-USD,2026-08-28T20:34:39.451491Z,2424.46,2424.47,0.01,2424.465,-0.1648594092623496847330225598
ETH-USD,2026-08-28T20:34:39.496896Z,2424.46,2424.47,0.01,2424.465,-0.4832959832562009301639029361
ETH-USD,2026-08-28T20:34:39.544233Z,2424.46,2424.47,0.01,2424.465,-0.6332204730277606788301923726
ETH-USD,2026-08-28T20:34:39.598975Z,2424.46,2424.47,0.01,2424.465,-0.6332204730277606788301923726
ETH-USD,2026-08-28T20:34:39.650287Z,2424.46,2424.47,0.01,2424.465,-0.6332204730277606788301923726
ETH-USD,2026-08-28T20:34:39.707153Z,2424.46,2424.47,0.01,2424.465,-0.6775672202963149392254109548
ETH-USD,2026-08-28T20:34:39.752626Z,2424.46,2424.47,0.01,2424.465,-0.6775672202963149392254109548
ETH-USD,2026-08-28T20:34:39.761485Z,2424.46,2424.47,0.01,2424.465,-0.5282162190364802421312000587
ETH-USD,2026-08-28T20:34:39.854916Z,2424.46,2424.47,0.01,2424.465,-0.4766888242036264394403964111
ETH-USD,2026-08-28T20:34:39.90866Z,2424.46,2424.47,0.01,2424.465,-0.7546669685246703995341070967
ETH-USD,2026-08-28T20:34:39.936734Z,2424.46,2424.47,0.01,2424.465,-0.6332204730277606788301923726
ETH-USD,2026-08-28T20:34:40.001829Z,2424.46,2424.47,0.01,2424.465,-0.7501577650285211750172037481
ETH-USD,2026-08-28T20:34:40.046441Z,2424.6,2424.71,0.11,2424.655,-0.3109874821788428304588323009
ETH-USD,2026-08-28T20:34:40.103196Z,2424.56,2424.66,0.10,2424.61,0.5087686464732333485076970158
ETH-USD,2026-08-28T20:34:40.152735Z,2424.64,2424.65,0.01,2424.645,0.4084810198107754333563832598
ETH-USD,2026-08-28T20:34:40.202432Z,2425,2425.01,0.01,2425.005,-0.4535436195443518916970471636
ETH-USD,2026-08-28T20:34:40.24932Z,2425,2425.01,0.01,2425.005,-0.3576837577257679705242378886
ETH-USD,2026-08-28T20:34:40.29767Z,2425,2425.01,0.01,2425.005,0.1623946954504841770770994402
ETH-USD,2026-08-28T20:34:40.360537Z,2424.84,2424.85,0.01,2424.845,0.08993098940248355571687402796
ETH-USD,2026-08-28T20:34:40.407599Z,2424.84,2424.85,0.01,2424.845,-0.4274523472554637278821818874
ETH-USD,2026-08-28T20:34:40.45042Z,2424.77,2424.85,0.08,2424.81,-0.5495351547767560835531096290
ETH-USD,2026-08-28T20:34:40.510648Z,2424.77,2424.78,0.01,2424.775,-0.5106904965329838608468046465
ETH-USD,2026-08-28T20:34:40.553711Z,2424.77,2424.78,0.01,2424.775,-0.4351130055808233739963138421
ETH-USD,2026-08-28T20:34:40.607081Z,2424.77,2424.78,0.01,2424.775,-0.4706414714694307939597425110
ETH-USD,2026-08-28T20:34:40.65175Z,2424.77,2424.78,0.01,2424.775,-0.4351130055808233739963138421
ETH-USD,2026-08-28T20:34:40.705581Z,2424.7,2424.71,0.01,2424.705,-0.4292771782064079838707458395
ETH-USD,2026-08-28T20:34:40.755183Z,2424.7,2424.71,0.01,2424.705,-0.4166606216717164504969118225
ETH-USD,2026-08-28T20:34:40.804584Z,2424.76,2424.84,0.08,2424.80,0.1822910349460547531807681626
ETH-USD,2026-08-28T20:34:40.823594Z,2424.76,2424.84,0.08,2424.80,0.2125494397315988185665087964
ETH-USD,2026-08-28T20:34:40.876797Z,2424.78,2424.82,0.04,2424.80,0.5576365976072434312659088792
ETH-USD,2026-08-28T20:34:40.986193Z,2424.84,2424.85,0.01,2424.845,-0.6224020673998570108138762559
ETH-USD,2026-08-28T20:34:41.041014Z,2424.84,2424.85,0.01,2424.845,-0.7002651058499620537017083050
ETH-USD,2026-08-28T20:34:41.117637Z,2424.84,2424.85,0.01,2424.845,-0.4408060742835673226354001192
ETH-USD,2026-08-28T20:34:41.151232Z,2424.84,2424.85,0.01,2424.845,-0.4737124996960453523464629858
ETH-USD,2026-08-28T20:34:41.20978Z,2424.84,2424.85,0.01,2424.845,-0.3887930644341069830823683907
ETH-USD,2026-08-28T20:34:41.262046Z,2424.84,2424.85,0.01,2424.845,-0.3887930644341069830823683907
ETH-USD,2026-08-28T20:34:41.281183Z,2424.84,2424.85,0.01,2424.845,-0.3887930644341069830823683907
ETH-USD,2026-08-28T20:34:41.335579Z,2424.84,2424.85,0.01,2424.845,-0.3887930644341069830823683907
ETH-USD,2026-08-28T20:34:41.355555Z,2424.84,2424.85,0.01,2424.845,-0.3887930644341069830823683907
ETH-USD,2026-08-28T20:34:41.427011Z,2424.84,2424.85,0.01,2424.845,-0.3887930644341069830823683907
ETH-USD,2026-08-28T20:34:41.486666Z,2424.84,2424.85,0.01,2424.845,-0.3887930644341069830823683907
ETH-USD,2026-08-28T20:34:41.548464Z,2424.84,2424.85,0.01,2424.845,-0.3887930644341069830823683907
ETH-USD,2026-08-28T20:34:41.565845Z,2424.84,2424.85,0.01,2424.845,-0.3887930644341069830823683907
ETH-USD,2026-08-28T20:34:41.620784Z,2424.84,2424.85,0.01,2424.845,-0.3887930644341069830823683907
ETH-USD,2026-08-28T20:34:41.698464Z,2424.84,2424.85,0.01,2424.845,-0.3887930644341069830823683907
ETH-USD,2026-08-28T20:34:41.754679Z,2424.84,2424.85,0.01,2424.845,-0.3887930644341069830823683907
ETH-USD,2026-08-28T20:34:41.761386Z,2424.84,2424.85,0.01,2424.845,-0.3887930644341069830823683907
ETH-USD,2026-08-28T20:34:41.829485Z,2424.84,2424.85,0.01,2424.845,-0.3887930644341069830823683907
ETH-USD,2026-08-28T20:34:41.880634Z,2424.84,2424.85,0.01,2424.845,-0.3887930644341069830823683907
ETH-USD,2026-08-28T20:34:41.942925Z,2424.84,2424.85,0.01,2424.845,-0.3887930644341069830823683907
ETH-USD,2026-08-28T20:34:42.053497Z,2424.84,2424.85,0.01,2424.845,-0.3887930644341069830823683907
ETH-USD,2026-08-28T20:34:42.096689Z,2424.84,2424.85,0.01,2424.845,-0.3887930644341069830823683907
ETH-USD,2026-08-28T20:34:42.151353Z,2424.76,2424.82,0.06,2424.79,-0.02044731105116027546586277631
ETH-USD,2026-08-28T20:34:42.185723Z,2424.81,2424.82,0.01,2424.815,-0.02044829796042393635289256366
ETH-USD,2026-08-28T20:34:42.247632Z,2424.81,2424.82,0.01,2424.815,-0.005503190273560591205121193605
ETH-USD,2026-08-28T20:34:42.296917Z,2424.81,2424.82,0.01,2424.815,0.08282449074858968827065124187
ETH-USD,2026-08-28T20:34:42.36051Z,2424.81,2424.82,0.01,2424.815,-0.1108676303211561922404443239
ETH-USD,2026-08-28T20:34:42.404202Z,2424.81,2424.82,0.01,2424.815,-0.1108676303211561922404443239
ETH-USD,2026-08-28T20:34:42.446457Z,2424.81,2424.82,0.01,2424.815,-0.1759852204802142514709635172
ETH-USD,2026-08-28T20:34:42.500914Z,2424.81,2424.84,0.03,2424.825,-0.4320663038568207512741516095
ETH-USD,2026-08-28T20:34:42.539736Z,2424.81,2424.84,0.03,2424.825,-0.2467926310223900570302029784
ETH-USD,2026-08-28T20:34:42.580847Z,2424.81,2424.84,0.03,2424.825,-0.2467926310223900570302029784
ETH-USD,2026-08-28T20:34:42.635646Z,2424.81,2424.84,0.03,2424.825,-0.2467926310223900570302029784
ETH-USD,2026-08-28T20:34:42.70693Z,2424.81,2424.84,0.03,2424.825,-0.2467926310223900570302029784
ETH-USD,2026-08-28T20:34:42.736588Z,2424.81,2424.84,0.03,2424.825,-0.2708937250808129489562798055
ETH-USD,2026-08-28T20:34:42.743946Z,2424.81,2424.84,0.03,2424.825,-0.2708937250808129489562798055
ETH-USD,2026-08-28T20:34:42.846828Z,2424.81,2424.84,0.03,2424.825,-0.2708937250808129489562798055
ETH-USD,2026-08-28T20:34:42.882681Z,2424.83,2424.84,0.01,2424.835,-0.5710863723837720749104758403
ETH-USD,2026-08-28T20:34:42.929473Z,2424.83,2424.84,0.01,2424.835,-0.5710863723837720749104758403
ETH-USD,2026-08-28T20:34:42.973658Z,2424.83,2424.84,0.01,2424.835,-0.5710863723837720749104758403
ETH-USD,2026-08-28T20:34:43.095473Z,2424.83,2424.84,0.01,2424.835,-0.5710863723837720749104758403
ETH-USD,2026-08-28T20:34:43.136576Z,2424.83,2424.84,0.01,2424.835,-0.5710863723837720749104758403
ETH-USD,2026-08-28T20:34:43.202759Z,2424.83,2424.84,0.01,2424.835,-0.5695536648486998984002409270
ETH-USD,2026-08-28T20:34:43.226612Z,2424.83,2424.84,0.01,2424.835,-0.5695536648486998984002409270
ETH-USD,2026-08-28T20:34:43.345948Z,2424.83,2424.84,0.01,2424.835,-0.5695536648486998984002409270
ETH-USD,2026-08-28T20:34:43.363946Z,2424.83,2424.84,0.01,2424.835,-0.5695536648486998984002409270
ETH-USD,2026-08-28T20:34:43.440323Z,2424.83,2424.84,0.01,2424.835,-0.5695536648486998984002409270
ETH-USD,2026-08-28T20:34:43.465295Z,2424.83,2424.84,0.01,2424.835,-0.5695536648486998984002409270
ETH-USD,2026-08-28T20:34:43.533706Z,2424.83,2424.84,0.01,2424.835,-0.3997003462115958422456224398
ETH-USD,2026-08-28T20:34:43.596768Z,2424.83,2424.84,0.01,2424.835,-0.3991843522755991468884420047
ETH-USD,2026-08-28T20:34:43.643549Z,2424.83,2424.84,0.01,2424.835,-0.5689048700364515248140922317
ETH-USD,2026-08-28T20:34:43.749277Z,2424.83,2424.84,0.01,2424.835,-0.5689048700364515248140922317
ETH-USD,2026-08-28T20:34:43.827024Z,2424.83,2424.84,0.01,2424.835,-0.5689048700364515248140922317
ETH-USD,2026-08-28T20:34:43.871218Z,2424.83,2424.84,0.01,2424.835,-0.6123432065653515328576118900
ETH-USD,2026-08-28T20:34:43.950397Z,2424.83,2424.84,0.01,2424.835,-0.6123432065653515328576118900
ETH-USD,2026-08-28T20:34:44.001596Z,2424.83,2424.84,0.01,2424.835,-0.6123432065653515328576118900
ETH-USD,2026-08-28T20:34:44.059795Z,2424.83,2424.84,0.01,2424.835,-0.5094425183331775025911934407
ETH-USD,2026-08-28T20:34:44.107638Z,2424.83,2424.84,0.01,2424.835,-0.6123432065653515328576118900
ETH-USD,2026-08-28T20:34:44.128644Z,2424.83,2424.84,0.01,2424.835,-0.6123432065653515328576118900
ETH-USD,2026-08-28T20:34:44.225479Z,2424.83,2424.84,0.01,2424.835,-0.6123432065653515328576118900
ETH-USD,2026-08-28T20:34:44.281257Z,2424.83,2424.85,0.02,2424.84,-0.7666941568934841848368566548
ETH-USD,2026-08-28T20:34:44.372349Z,2424.83,2424.85,0.02,2424.84,-0.7666941568934841848368566548
ETH-USD,2026-08-28T20:34:44.405696Z,2424.83,2424.85,0.02,2424.84,-0.7666941568934841848368566548
ETH-USD,2026-08-28T20:34:44.440884Z,2424.83,2424.84,0.01,2424.835,-0.6105932326372066767293286120
ETH-USD,2026-08-28T20:34:44.505741Z,2424.83,2424.84,0.01,2424.835,-0.6105932326372066767293286120
ETH-USD,2026-08-28T20:34:44.538401Z,2424.83,2424.84,0.01,2424.835,-0.4371492229521015969860160870
ETH-USD,2026-08-28T20:34:44.587491Z,2424.83,2424.84,0.01,2424.835,-0.4371492229521015969860160870
ETH-USD,2026-08-28T20:34:44.636302Z,2424.83,2424.84,0.01,2424.835,-0.6105932326372066767293286120
ETH-USD,2026-08-28T20:34:44.673708Z,2424.83,2424.84,0.01,2424.835,-0.5023010426287742391161863802
ETH-USD,2026-08-28T20:34:44.750248Z,2424.83,2424.84,0.01,2424.835,-0.6105932326372066767293286120
ETH-USD,2026-08-28T20:34:44.772237Z,2424.83,2424.84,0.01,2424.835,-0.6105932326372066767293286120
ETH-USD,2026-08-28T20:34:44.851437Z,2424.84,2424.85,0.01,2424.845,-0.7454524256370769635336987069
ETH-USD,2026-08-28T20:34:44.887533Z,2424.84,2424.85,0.01,2424.845,-0.7454524256370769635336987069
ETH-USD,2026-08-28T20:34:44.93747Z,2424.84,2424.85,0.01,2424.845,-0.7454524256370769635336987069
ETH-USD,2026-08-28T20:34:45.00622Z,2424.84,2424.85,0.01,2424.845,-0.7454524256370769635336987069
ETH-USD,2026-08-28T20:34:45.060261Z,2424.84,2424.85,0.01,2424.845,-0.7462196506160709721020135913
ETH-USD,2026-08-28T20:34:45.070742Z,2424.84,2424.85,0.01,2424.845,-0.7462196506160709721020135913
ETH-USD,2026-08-28T20:34:45.1262Z,2424.84,2424.85,0.01,2424.845,-0.7462196506160709721020135913
ETH-USD,2026-08-28T20:34:45.24564Z,2424.83,2424.84,0.01,2424.835,-0.6460282643113639833226810458
ETH-USD,2026-08-28T20:34:45.275819Z,2424.83,2424.84,0.01,2424.835,-0.6460282643113639833226810458
ETH-USD,2026-08-28T20:34:45.332462Z,2424.83,2424.84,0.01,2424.835,-0.6460282643113639833226810458
ETH-USD,2026-08-28T20:34:45.404806Z,2424.83,2424.84,0.01,2424.835,-0.5968761712198398154038401864
ETH-USD,2026-08-28T20:34:45.425003Z,2424.83,2424.84,0.01,2424.835,-0.5850020834457887549735071796
ETH-USD,2026-08-28T20:34:45.498485Z,2424.83,2424.84,0.01,2424.835,-0.6352712847525110550637260544
ETH-USD,2026-08-28T20:34:45.603562Z,2424.83,2424.84,0.01,2424.835,-0.6352712847525110550637260544
ETH-USD,2026-08-28T20:34:45.640209Z,2424.83,2424.84,0.01,2424.835,-0.6352712847525110550637260544
ETH-USD,2026-08-28T20:34:45.704177Z,2424.83,2424.85,0.02,2424.84,-0.6874041402065003734387029389
ETH-USD,2026-08-28T20:34:45.738655Z,2424.84,2424.85,0.01,2424.845,-0.6724076665155180421636774045
ETH-USD,2026-08-28T20:34:45.78148Z,2424.84,2424.85,0.01,2424.845,-0.6653490563424662655108011841
ETH-USD,2026-08-28T20:34:45.873437Z,2424.84,2424.85,0.01,2424.845,-0.7783152463581394955754091418
ETH-USD,2026-08-28T20:34:45.907267Z,2424.84,2424.85,0.01,2424.845,-0.6724076665155180421636774045
ETH-USD,2026-08-28T20:34:45.951183Z,2424.84,2424.85,0.01,2424.845,-0.6724076665155180421636774045
ETH-USD,2026-08-28T20:34:45.973806Z,2424.84,2424.85,0.01,2424.845,-0.6724076665155180421636774045
ETH-USD,2026-08-28T20:34:46.034021Z,2424.84,2424.85,0.01,2424.845,-0.6724076665155180421636774045
ETH-USD,2026-08-28T20:34:46.106585Z,2424.66,2424.85,0.19,2424.755,-0.5525795871433609423385208362
ETH-USD,2026-08-28T20:34:46.143199Z,2424.66,2424.85,0.19,2424.755,-0.5390106100909906975529321724
ETH-USD,2026-08-28T20:34:46.174212Z,2424.76,2424.84,0.08,2424.80,-0.3611885983510558567704893930
ETH-USD,2026-08-28T20:34:46.229683Z,2424.76,2424.84,0.08,2424.80,-0.3611885983510558567704893930
ETH-USD,2026-08-28T20:34:46.28854Z,2424.76,2424.84,0.08,2424.80,-0.3611885983510558567704893930
ETH-USD,2026-08-28T20:34:46.352287Z,2424.8,2424.85,0.05,2424.825,-0.6755446951119710039086592053
ETH-USD,2026-08-28T20:34:46.359858Z,2424.81,2424.85,0.04,2424.83,-0.6294101663970166235776975402
ETH-USD,2026-08-28T20:34:46.451927Z,2424.81,2424.85,0.04,2424.83,-0.6294101663970166235776975402
ETH-USD,2026-08-28T20:34:46.523839Z,2424.81,2424.85,0.04,2424.83,-0.5807234173501454642169580167
ETH-USD,2026-08-28T20:34:46.55218Z,2424.79,2424.8,0.01,2424.795,-0.4449502816874761847493639529
ETH-USD,2026-08-28T20:34:46.616505Z,2424.79,2424.8,0.01,2424.795,-0.4425106646852681988493996951
ETH-USD,2026-08-28T20:34:46.666811Z,2424.79,2424.8,0.01,2424.795,-0.4425106646852681988493996951
ETH-USD,2026-08-28T20:34:46.716449Z,2424.79,2424.8,0.01,2424.795,-0.4425106646852681988493996951
ETH-USD,2026-08-28T20:34:46.735673Z,2424.79,2424.8,0.01,2424.795,-0.4425106646852681988493996951
ETH-USD,2026-08-28T20:34:46.803609Z,2424.76,2424.77,0.01,2424.765,0.0002058640485839243141797596254
ETH-USD,2026-08-28T20:34:46.826691Z,2424.76,2424.77,0.01,2424.765,0.0002058640485839243141797596254
ETH-USD,2026-08-28T20:34:46.910097Z,2424.83,2424.84,0.01,2424.835,-0.3462382404027833646742436992
ETH-USD,2026-08-28T20:34:46.957836Z,2424.83,2424.84,0.01,2424.835,-0.3312349337941448017451049674
ETH-USD,2026-08-28T20:34:47.002144Z,2424.67,2424.84,0.17,2424.755,-0.4133659845138439733634842790
ETH-USD,2026-08-28T20:34:47.049255Z,2424.74,2424.75,0.01,2424.745,-0.2814493726660841512668295622
ETH-USD,2026-08-28T20:34:47.075057Z,2424.74,2424.75,0.01,2424.745,-0.2814493726660841512668295622
ETH-USD,2026-08-28T20:34:47.155876Z,2424.74,2424.75,0.01,2424.745,-0.2814493726660841512668295622
ETH-USD,2026-08-28T20:34:47.203253Z,2424.74,2424.75,0.01,2424.745,-0.2814493726660841512668295622
ETH-USD,2026-08-28T20:34:47.224821Z,2424.74,2424.75,0.01,2424.745,-0.2814493726660841512668295622
ETH-USD,2026-08-28T20:34:47.356267Z,2424.74,2424.75,0.01,2424.745,-0.2814493726660841512668295622
ETH-USD,2026-08-28T20:34:47.448038Z,2424.74,2424.75,0.01,2424.745,-0.2814493726660841512668295622
ETH-USD,2026-08-28T20:34:47.514517Z,2424.74,2424.75,0.01,2424.745,-0.1949712281299130479076320122
ETH-USD,2026-08-28T20:34:47.550484Z,2424.74,2424.75,0.01,2424.745,-0.1949712281299130479076320122
ETH-USD,2026-08-28T20:34:47.6407Z,2424.74,2424.75,0.01,2424.745,-0.1949712281299130479076320122
ETH-USD,2026-08-28T20:34:47.700707Z,2424.74,2424.85,0.11,2424.795,-0.09190772636904053212976953857
ETH-USD,2026-08-28T20:34:47.730448Z,2424.78,2424.83,0.05,2424.805,-0.3232069695274708412907060817
ETH-USD,2026-08-28T20:34:47.791481Z,2424.78,2424.83,0.05,2424.805,-0.3232069695274708412907060817
ETH-USD,2026-08-28T20:34:47.835309Z,2424.78,2424.83,0.05,2424.805,-0.5367113462824100861180218613
ETH-USD,2026-08-28T20:34:47.898609Z,2424.78,2424.83,0.05,2424.805,-0.5269964254669833751372708905
ETH-USD,2026-08-28T20:34:47.947743Z,2424.78,2424.83,0.05,2424.805,-0.5367113462824100861180218613
ETH-USD,2026-08-28T20:34:47.971428Z,2424.78,2424.83,0.05,2424.805,-0.3232069695274708412907060817
ETH-USD,2026-08-28T20:34:48.042032Z,2424.79,2424.83,0.04,2424.81,-0.3699833231966513768550064705
ETH-USD,2026-08-28T20:34:48.101074Z,2424.67,2424.82,0.15,2424.745,0.02330520257096268263367504658
ETH-USD,2026-08-28T20:34:48.151917Z,2424.76,2424.77,0.01,2424.765,-0.02391146335427338220788802777
ETH-USD,2026-08-28T20:34:48.172615Z,2424.76,2424.77,0.01,2424.765,-0.02391146335427338220788802777
ETH-USD,2026-08-28T20:34:48.253913Z,2424.76,2424.77,0.01,2424.765,-0.02391146335427338220788802777
ETH-USD,2026-08-28T20:34:48.257379Z,2424.76,2424.77,0.01,2424.765,-0.02391146335427338220788802777
ETH-USD,2026-08-28T20:34:48.368879Z,2424.72,2424.73,0.01,2424.725,-0.01304335268078324229034787182
ETH-USD,2026-08-28T20:34:48.398942Z,2424.72,2424.73,0.01,2424.725,-0.01304335268078324229034787182
ETH-USD,2026-08-28T20:34:48.464895Z,2424.72,2424.73,0.01,2424.725,0.1262997736470724787511114133
ETH-USD,2026-08-28T20:34:48.503229Z,2424.72,2424.73,0.01,2424.725,0.1262997736470724787511114133
ETH-USD,2026-08-28T20:34:48.519413Z,2424.72,2424.73,0.01,2424.725,0.09099131979995445485468711457
ETH-USD,2026-08-28T20:34:48.599036Z,2424.72,2424.73,0.01,2424.725,0.2029778583422232321179033574
ETH-USD,2026-08-28T20:34:48.636407Z,2424.72,2424.73,0.01,2424.725,0.2029778583422232321179033574
ETH-USD,2026-08-28T20:34:48.726998Z,2424.72,2424.73,0.01,2424.725,0.2029778583422232321179033574
ETH-USD,2026-08-28T20:34:48.77936Z,2424.72,2424.73,0.01,2424.725,0.2029778583422232321179033574
ETH-USD,2026-08-28T20:34:48.842515Z,2424.72,2424.73,0.01,2424.725,0.2029778583422232321179033574
ETH-USD,2026-08-28T20:34:48.90867Z,2424.72,2424.73,0.01,2424.725,0.2029778583422232321179033574
ETH-USD,2026-08-28T20:34:48.95237Z,2424.72,2424.73,0.01,2424.725,0.2029778583422232321179033574
ETH-USD,2026-08-28T20:34:48.992816Z,2424.72,2424.73,0.01,2424.725,0.2029778583422232321179033574
ETH-USD,2026-08-28T20:34:49.045567Z,2424.72,2424.73,0.01,2424.725,0.2506653080234347198065847624
ETH-USD,2026-08-28T20:34:49.161974Z,2424.72,2424.73,0.01,2424.725,0.2506653080234347198065847624
ETH-USD,2026-08-28T20:34:49.226183Z,2424.72,2424.73,0.01,2424.725,0.2506653080234347198065847624
ETH-USD,2026-08-28T20:34:49.298874Z,2424.72,2424.73,0.01,2424.725,0.2506653080234347198065847624
ETH-USD,2026-08-28T20:34:49.344038Z,2424.72,2424.73,0.01,2424.725,0.2504689481387042576522176434
ETH-USD,2026-08-28T20:34:49.379299Z,2424.72,2424.73,0.01,2424.725,0.2504689481387042576522176434
ETH-USD,2026-08-28T20:34:49.507221Z,2424.72,2424.73,0.01,2424.725,0.2504689481387042576522176434
ETH-USD,2026-08-28T20:34:49.555609Z,2424.72,2424.73,0.01,2424.725,0.2504689481387042576522176434
ETH-USD,2026-08-28T20:34:49.604608Z,2424.72,2424.73,0.01,2424.725,0.2504689481387042576522176434
ETH-USD,2026-08-28T20:34:49.640041Z,2424.72,2424.73,0.01,2424.725,0.2504689481387042576522176434
ETH-USD,2026-08-28T20:34:49.664873Z,2424.72,2424.73,0.01,2424.725,0.2504689481387042576522176434
ETH-USD,2026-08-28T20:34:49.755541Z,2424.72,2424.73,0.01,2424.725,0.2504689481387042576522176434
ETH-USD,2026-08-28T20:34:49.864272Z,2424.72,2424.73,0.01,2424.725,0.1559864391474292952367721600
ETH-USD,2026-08-28T20:34:49.894725Z,2424.72,2424.73,0.01,2424.725,0.1559864391474292952367721600
ETH-USD,2026-08-28T20:34:49.955381Z,2424.72,2424.73,0.01,2424.725,0.1559864391474292952367721600
ETH-USD,2026-08-28T20:34:49.971222Z,2424.72,2424.73,0.01,2424.725,0.1559864391474292952367721600
ETH-USD,2026-08-28T20:34:50.05278Z,2424.72,2424.73,0.01,2424.725,0.1559864391474292952367721600
ETH-USD,2026-08-28T20:34:50.073922Z,2424.72,2424.73,0.01,2424.725,0.1559864391474292952367721600
ETH-USD,2026-08-28T20:34:50.127335Z,2424.72,2424.73,0.01,2424.725,0.1559864391474292952367721600
ETH-USD,2026-08-28T20:34:50.205015Z,2424.72,2424.73,0.01,2424.725,0.1559864391474292952367721600
ETH-USD,2026-08-28T20:34:50.230609Z,2424.72,2424.73,0.01,2424.725,0.1559864391474292952367721600
ETH-USD,2026-08-28T20:34:50.270164Z,2424.72,2424.73,0.01,2424.725,0.1559864391474292952367721600
ETH-USD,2026-08-28T20:34:50.346334Z,2424.72,2424.73,0.01,2424.725,0.1559025539429147761335530578
ETH-USD,2026-08-28T20:34:50.440269Z,2424.72,2424.73,0.01,2424.725,0.1559025539429147761335530578
ETH-USD,2026-08-28T20:34:50.548254Z,2424.72,2424.73,0.01,2424.725,0.1559025539429147761335530578
ETH-USD,2026-08-28T20:34:50.609671Z,2424.72,2424.73,0.01,2424.725,0.1559025539429147761335530578
ETH-USD,2026-08-28T20:34:50.654844Z,2424.72,2424.73,0.01,2424.725,0.1578025918439777216870700048
ETH-USD,2026-08-28T20:34:50.667161Z,2424.72,2424.73,0.01,2424.725,0.1578428764990583162898530017
ETH-USD,2026-08-28T20:34:50.747523Z,2424.72,2424.73,0.01,2424.725,0.1578428764990583162898530017
ETH-USD,2026-08-28T20:34:50.793179Z,2424.72,2424.73,0.01,2424.725,0.1578428764990583162898530017
ETH-USD,2026-08-28T20:34:50.825557Z,2424.72,2424.73,0.01,2424.725,0.1578428764990583162898530017
ETH-USD,2026-08-28T20:34:50.902723Z,2424.72,2424.73,0.01,2424.725,0.1578428764990583162898530017
ETH-USD,2026-08-28T20:34:50.961565Z,2424.72,2424.73,0.01,2424.725,0.1370560185669868516148351251
ETH-USD,2026-08-28T20:34:50.97564Z,2424.72,2424.73,0.01,2424.725,0.1370560185669868516148351251
ETH-USD,2026-08-28T20:34:51.055184Z,2424.72,2424.73,0.01,2424.725,0.1370560185669868516148351251
ETH-USD,2026-08-28T20:34:51.099236Z,2424.72,2424.73,0.01,2424.725,-0.3914809565734184811897167449
ETH-USD,2026-08-28T20:34:51.160354Z,2424.72,2424.73,0.01,2424.725,-0.5213689213438042753547971154
ETH-USD,2026-08-28T20:34:51.199599Z,2424.72,2424.73,0.01,2424.725,-0.4723678995982958681724055084
ETH-USD,2026-08-28T20:34:51.277477Z,2424.72,2424.73,0.01,2424.725,-0.2768226492902581137547364198
ETH-USD,2026-08-28T20:34:51.494364Z,2424.76,2424.77,0.01,2424.765,0.8708454755809198329906020502
ETH-USD,2026-08-28T20:34:51.62689Z,2424.73,2424.77,0.04,2424.75,-0.2167014556150226526486851605
ETH-USD,2026-08-28T20:34:51.678469Z,2424.73,2424.74,0.01,2424.735,0.1800760190751460692966033032
ETH-USD,2026-08-28T20:34:51.729889Z,2424.73,2424.74,0.01,2424.735,-0.1364484834848838737452056752
ETH-USD,2026-08-28T20:34:51.92732Z,2424.73,2424.74,0.01,2424.735,-0.04433968956781178948846821530
ETH-USD,2026-08-28T20:34:51.96557Z,2424.73,2424.74,0.01,2424.735,-0.04433968956781178948846821530
ETH-USD,2026-08-28T20:34:52.052333Z,2424.73,2424.74,0.01,2424.735,-0.04433968956781178948846821530
ETH-USD,2026-08-28T20:34:52.105564Z,2424.61,2424.62,0.01,2424.615,-0.05911345315248083208825485381
ETH-USD,2026-08-28T20:34:52.153518Z,2424.32,2424.41,0.09,2424.365,-0.7704739845040106494150009992
ETH-USD,2026-08-28T20:34:52.202275Z,2424.32,2424.33,0.01,2424.325,0.6610401982257255508766280196
ETH-USD,2026-08-28T20:34:52.250334Z,2424.32,2424.33,0.01,2424.325,-0.4704595296998161560424648774
ETH-USD,2026-08-28T20:34:52.304385Z,2424.32,2424.33,0.01,2424.325,-0.2564680310999338077585000586
ETH-USD,2026-08-28T20:34:52.365188Z,2424.32,2424.33,0.01,2424.325,-0.6445874779707092192840123187
ETH-USD,2026-08-28T20:34:52.403432Z,2424.32,2424.33,0.01,2424.325,-0.2564680310999338077585000586
ETH-USD,2026-08-28T20:34:52.452163Z,2424.32,2424.33,0.01,2424.325,-0.3959458358326264177434681908
ETH-USD,2026-08-28T20:34:52.460326Z,2424.32,2424.33,0.01,2424.325,-0.3959458358326264177434681908
ETH-USD,2026-08-28T20:34:52.534962Z,2424.32,2424.33,0.01,2424.325,-0.2194133258785801674474893948
ETH-USD,2026-08-28T20:34:52.574176Z,2424.32,2424.33,0.01,2424.325,-0.2895096120599918479185510967
ETH-USD,2026-08-28T20:34:52.598929Z,2424.32,2424.33,0.01,2424.325,-0.2895096120599918479185510967
ETH-USD,2026-08-28T20:34:52.741846Z,2424.32,2424.33,0.01,2424.325,-0.2895096120599918479185510967
ETH-USD,2026-08-28T20:34:52.78197Z,2424.32,2424.33,0.01,2424.325,-0.2895096120599918479185510967
ETH-USD,2026-08-28T20:34:52.863373Z,2424.32,2424.33,0.01,2424.325,-0.1075442365476696452073986543
ETH-USD,2026-08-28T20:34:52.867921Z,2424.32,2424.33,0.01,2424.325,-0.1075442365476696452073986543
ETH-USD,2026-08-28T20:34:52.951586Z,2424.32,2424.33,0.01,2424.325,-0.4758377574793466791927892367
ETH-USD,2026-08-28T20:34:53.00284Z,2424.32,2424.33,0.01,2424.325,-0.09492301118595359057158644363
ETH-USD,2026-08-28T20:34:53.043636Z,2424.32,2424.33,0.01,2424.325,0.01304011460311609866034743769
ETH-USD,2026-08-28T20:34:53.108426Z,2424.32,2424.4,0.08,2424.36,-0.1745961820238253215420963561
ETH-USD,2026-08-28T20:34:53.129438Z,2424.33,2424.37,0.04,2424.35,-0.3961992819591697474808879642
ETH-USD,2026-08-28T20:34:53.225618Z,2424.33,2424.34,0.01,2424.335,-0.3185918946997067291406708747
ETH-USD,2026-08-28T20:34:53.299508Z,2424.32,2424.33,0.01,2424.325,-0.5316650690281014312641449299
ETH-USD,2026-08-28T20:34:53.33942Z,2424.32,2424.33,0.01,2424.325,-0.4656313001518254370298440672
ETH-USD,2026-08-28T20:34:53.398127Z,2424.32,2424.33,0.01,2424.325,-0.4656313001518254370298440672
ETH-USD,2026-08-28T20:34:53.455064Z,2424.32,2424.33,0.01,2424.325,-0.5972361009280359274443640445
ETH-USD,2026-08-28T20:34:53.504075Z,2424.32,2424.33,0.01,2424.325,-0.5723370133717120531095829005
ETH-USD,2026-08-28T20:34:53.55723Z,2424.32,2424.33,0.01,2424.325,-0.2701260356435442267784116770
ETH-USD,2026-08-28T20:34:53.596795Z,2424.32,2424.33,0.01,2424.325,-0.2689852562564644642587509532
ETH-USD,2026-08-28T20:34:53.622704Z,2424.32,2424.33,0.01,2424.325,-0.2689852562564644642587509532
ETH-USD,2026-08-28T20:34:53.657395Z,2424.32,2424.33,0.01,2424.325,-0.2689852562564644642587509532
ETH-USD,2026-08-28T20:34:53.744372Z,2424.32,2424.33,0.01,2424.325,-0.2739166061351617530374617173
ETH-USD,2026-08-28T20:34:53.783297Z,2424.32,2424.33,0.01,2424.325,-0.2739166061351617530374617173
ETH-USD,2026-08-28T20:34:53.847471Z,2424.32,2424.33,0.01,2424.325,-0.3999710878026953974190537662
ETH-USD,2026-08-28T20:34:53.901175Z,2424.32,2424.33,0.01,2424.325,-0.5445908964204074364231293463
ETH-USD,2026-08-28T20:34:53.974926Z,2424.32,2424.33,0.01,2424.325,-0.3957070072035553013766423144
ETH-USD,2026-08-28T20:34:54.019512Z,2424.32,2424.33,0.01,2424.325,-0.4848453164214532167146017697
ETH-USD,2026-08-28T20:34:54.048793Z,2424.32,2424.33,0.01,2424.325,-0.4848453164214532167146017697
ETH-USD,2026-08-28T20:34:54.09166Z,2424.32,2424.33,0.01,2424.325,-0.4848453164214532167146017697
ETH-USD,2026-08-28T20:34:54.117061Z,2424.32,2424.33,0.01,2424.325,-0.4568813286286068694074529097
ETH-USD,2026-08-28T20:34:54.537886Z,2424.32,2424.33,0.01,2424.325,-0.3336943518263589657003677002
ETH-USD,2026-08-28T20:34:54.583355Z,2424.32,2424.33,0.01,2424.325,-0.3336943518263589657003677002
ETH-USD,2026-08-28T20:34:54.65913Z,2424.32,2424.33,0.01,2424.325,-0.3336943518263589657003677002
ETH-USD,2026-08-28T20:34:54.700253Z,2424.32,2424.33,0.01,2424.325,-0.3336943518263589657003677002
ETH-USD,2026-08-28T20:34:54.730009Z,2424.32,2424.33,0.01,2424.325,-0.3336943518263589657003677002
ETH-USD,2026-08-28T20:34:54.785937Z,2424.32,2424.33,0.01,2424.325,-0.3336943518263589657003677002
ETH-USD,2026-08-28T20:34:54.899416Z,2424.32,2424.33,0.01,2424.325,-0.3336943518263589657003677002
ETH-USD,2026-08-28T20:34:54.926253Z,2424.32,2424.33,0.01,2424.325,-0.3336943518263589657003677002
ETH-USD,2026-08-28T20:34:55.004713Z,2424.32,2424.33,0.01,2424.325,-0.3336943518263589657003677002
ETH-USD,2026-08-28T20:34:55.027964Z,2424.32,2424.33,0.01,2424.325,-0.3336943518263589657003677002
ETH-USD,2026-08-28T20:34:55.083574Z,2424.32,2424.33,0.01,2424.325,-0.3336943518263589657003677002
ETH-USD,2026-08-28T20:34:55.126904Z,2424.32,2424.33,0.01,2424.325,-0.3336943518263589657003677002
ETH-USD,2026-08-28T20:34:55.179807Z,2424.32,2424.33,0.01,2424.325,-0.3336943518263589657003677002
ETH-USD,2026-08-28T20:34:55.226711Z,2424.32,2424.33,0.01,2424.325,-0.3336943518263589657003677002
ETH-USD,2026-08-28T20:34:55.335775Z,2424.32,2424.33,0.01,2424.325,-0.3337806984909912177035072522
ETH-USD,2026-08-28T20:34:55.397555Z,2424.32,2424.33,0.01,2424.325,-0.3150100474874432586822247872
ETH-USD,2026-08-28T20:34:55.433426Z,2424.32,2424.33,0.01,2424.325,-0.3150100474874432586822247872
ETH-USD,2026-08-28T20:34:55.52342Z,2424.32,2424.33,0.01,2424.325,-0.3150100474874432586822247872
ETH-USD,2026-08-28T20:34:55.598464Z,2424.32,2424.33,0.01,2424.325,-0.3150100474874432586822247872
ETH-USD,2026-08-28T20:34:55.651035Z,2424.32,2424.33,0.01,2424.325,-0.3150100474874432586822247872
ETH-USD,2026-08-28T20:34:55.692146Z,2424.32,2424.33,0.01,2424.325,-0.3150100474874432586822247872
ETH-USD,2026-08-28T20:34:55.726073Z,2424.32,2424.33,0.01,2424.325,-0.3150100474874432586822247872
ETH-USD,2026-08-28T20:34:55.780854Z,2424.32,2424.33,0.01,2424.325,-0.3150100474874432586822247872
ETH-USD,2026-08-28T20:34:55.836362Z,2424.32,2424.33,0.01,2424.325,-0.3150100474874432586822247872
ETH-USD,2026-08-28T20:34:55.876233Z,2424.32,2424.33,0.01,2424.325,-0.2686021406755912699844608991
ETH-USD,2026-08-28T20:34:55.943677Z,2424.32,2424.33,0.01,2424.325,-0.2686021406755912699844608991
ETH-USD,2026-08-28T20:34:55.961705Z,2424.32,2424.33,0.01,2424.325,-0.2686021406755912699844608991
ETH-USD,2026-08-28T20:34:56.038698Z,2424.32,2424.33,0.01,2424.325,-0.2686021406755912699844608991
ETH-USD,2026-08-28T20:34:56.093755Z,2424.32,2424.33,0.01,2424.325,-0.2686021406755912699844608991
ETH-USD,2026-08-28T20:34:56.149364Z,2424.32,2424.33,0.01,2424.325,-0.2686021406755912699844608991
ETH-USD,2026-08-28T20:34:56.187859Z,2424.32,2424.33,0.01,2424.325,-0.2686021406755912699844608991
ETH-USD,2026-08-28T20:34:56.233323Z,2424.32,2424.33,0.01,2424.325,-0.2686021406755912699844608991
ETH-USD,2026-08-28T20:34:56.29792Z,2424.32,2424.33,0.01,2424.325,-0.2686021406755912699844608991
ETH-USD,2026-08-28T20:34:56.358819Z,2424.32,2424.33,0.01,2424.325,-0.2686541649851868596487667281
ETH-USD,2026-08-28T20:34:56.408793Z,2424.32,2424.33,0.01,2424.325,-0.2686541649851868596487667281
ETH-USD,2026-08-28T20:34:56.451499Z,2424.32,2424.33,0.01,2424.325,-0.2686541649851868596487667281
ETH-USD,2026-08-28T20:34:56.520743Z,2424.32,2424.33,0.01,2424.325,-0.2710326502438919892654492317
ETH-USD,2026-08-28T20:34:56.553576Z,2424.32,2424.33,0.01,2424.325,-0.3173644574694325555319097314
ETH-USD,2026-08-28T20:34:56.594527Z,2424.32,2424.33,0.01,2424.325,-0.3173644574694325555319097314
ETH-USD,2026-08-28T20:34:56.649021Z,2424.32,2424.33,0.01,2424.325,-0.3173644574694325555319097314
ETH-USD,2026-08-28T20:34:56.707649Z,2424.32,2424.33,0.01,2424.325,-0.3173644574694325555319097314
ETH-USD,2026-08-28T20:34:56.754758Z,2424.32,2424.33,0.01,2424.325,-0.3173644574694325555319097314
ETH-USD,2026-08-28T20:34:56.958884Z,2424.32,2424.33,0.01,2424.325,-0.3173644574694325555319097314
ETH-USD,2026-08-28T20:34:57.031197Z,2424.32,2424.33,0.01,2424.325,-0.3173644574694325555319097314
ETH-USD,2026-08-28T20:34:57.128473Z,2424.32,2424.33,0.01,2424.325,-0.3173644574694325555319097314
ETH-USD,2026-08-28T20:34:57.152092Z,2424.32,2424.33,0.01,2424.325,-0.2714235900393893047078311811
ETH-USD,2026-08-28T20:34:57.211544Z,2424.32,2424.33,0.01,2424.325,-0.6319297339093282249886507052
ETH-USD,2026-08-28T20:34:57.254847Z,2424.32,2424.33,0.01,2424.325,-0.5583247466906132582426939987
ETH-USD,2026-08-28T20:34:57.303941Z,2424.88,2424.92,0.04,2424.90,0.1940857924138349587890970296
ETH-USD,2026-08-28T20:34:57.36392Z,2424.88,2424.93,0.05,2424.905,-0.3996131778322076925098126952
ETH-USD,2026-08-28T20:34:57.393995Z,2424.88,2424.93,0.05,2424.905,-0.3186417430726849829826590986
ETH-USD,2026-08-28T20:34:57.452611Z,2424.83,2424.93,0.10,2424.88,0.2696050281477308323713629206
ETH-USD,2026-08-28T20:34:57.500236Z,2424.97,2425.15,0.18,2425.06,-0.2678550780441560438178152003
ETH-USD,2026-08-28T20:34:57.553639Z,2424.84,2425.07,0.23,2424.955,-0.4163483113160559105738855979
ETH-USD,2026-08-28T20:34:57.604326Z,2424.84,2425.13,0.29,2424.985,-0.6784887267178256517401830203
ETH-USD,2026-08-28T20:34:57.654575Z,2424.95,2425.12,0.17,2425.035,-0.5560668362743328503642063002
ETH-USD,2026-08-28T20:34:57.703045Z,2425.02,2425.03,0.01,2425.025,-0.4867246974455728276566256879
ETH-USD,2026-08-28T20:34:57.756323Z,2424.98,2424.99,0.01,2424.985,-0.4842433296052529805681998592
ETH-USD,2026-08-28T20:34:57.80543Z,2424.98,2424.99,0.01,2424.985,-0.6477971756403191877373264611
ETH-USD,2026-08-28T20:34:57.854939Z,2424.98,2424.99,0.01,2424.985,-0.6477971756403191877373264611
ETH-USD,2026-08-28T20:34:57.905896Z,2424.98,2424.99,0.01,2424.985,-0.5253444371808472684597324596
ETH-USD,2026-08-28T20:34:57.955333Z,2424.98,2424.99,0.01,2424.985,-0.5058489972410531636573778257
ETH-USD,2026-08-28T20:34:58.000814Z,2424.98,2424.99,0.01,2424.985,-0.5058489972410531636573778257
ETH-USD,2026-08-28T20:34:58.054194Z,2424.98,2424.99,0.01,2424.985,-0.6946206216772868170301869964
ETH-USD,2026-08-28T20:34:58.087423Z,2424.98,2424.99,0.01,2424.985,-0.6961626979393594757367525778
ETH-USD,2026-08-28T20:34:58.150897Z,2424.99,2425.14,0.15,2425.065,-0.3761032935925907127506861284
ETH-USD,2026-08-28T20:34:58.202123Z,2425.33,2425.34,0.01,2425.335,-0.2598377640832080613089706972
ETH-USD,2026-08-28T20:34:58.251087Z,2425.33,2425.34,0.01,2425.335,-0.3893662358458079927245485586
ETH-USD,2026-08-28T20:34:58.299081Z,2425.33,2425.34,0.01,2425.335,-0.3793768045772331619227583174
ETH-USD,2026-08-28T20:34:58.445048Z,2425.2,2425.21,0.01,2425.205,-0.03613421751726336584068973199
ETH-USD,2026-08-28T20:34:58.496669Z,2425.2,2425.21,0.01,2425.205,-0.2561451305906625106020173706
ETH-USD,2026-08-28T20:34:58.55607Z,2425.2,2425.21,0.01,2425.205,-0.3474288995946414123663997758
ETH-USD,2026-08-28T20:34:58.588579Z,2425.2,2425.21,0.01,2425.205,-0.3474288995946414123663997758
ETH-USD,2026-08-28T20:34:58.655768Z,2425.2,2425.21,0.01,2425.205,-0.3467261211463688356770666166
ETH-USD,2026-08-28T20:34:58.7027Z,2425.2,2425.21,0.01,2425.205,-0.3467261211463688356770666166
ETH-USD,2026-08-28T20:34:58.753478Z,2425.2,2425.21,0.01,2425.205,-0.3467261211463688356770666166
ETH-USD,2026-08-28T20:34:58.798173Z,2425.2,2425.21,0.01,2425.205,-0.3966054458862913533246429654
ETH-USD,2026-08-28T20:34:58.858131Z,2425.2,2425.21,0.01,2425.205,-0.4201083349020122000231123195
ETH-USD,2026-08-28T20:34:58.903897Z,2425.2,2425.21,0.01,2425.205,-0.4201083349020122000231123195
ETH-USD,2026-08-28T20:34:58.924238Z,2425.2,2425.21,0.01,2425.205,-0.3959824498601780252157506409
ETH-USD,2026-08-28T20:34:58.99893Z,2425.2,2425.21,0.01,2425.205,-0.3959824498601780252157506409
ETH-USD,2026-08-28T20:34:59.082227Z,2425.2,2425.21,0.01,2425.205,-0.7250340803472513429204493357
ETH-USD,2026-08-28T20:34:59.092427Z,2425.2,2425.21,0.01,2425.205,-0.7250340803472513429204493357
ETH-USD,2026-08-28T20:34:59.174385Z,2425.2,2425.21,0.01,2425.205,-0.7563303477180737546765863926
ETH-USD,2026-08-28T20:34:59.210228Z,2425.2,2425.21,0.01,2425.205,-0.4448070437395526376461098456
ETH-USD,2026-08-28T20:34:59.226596Z,2425.2,2425.21,0.01,2425.205,-0.4448070437395526376461098456
ETH-USD,2026-08-28T20:34:59.317586Z,2425.2,2425.21,0.01,2425.205,-0.4080292221192398940441547773
ETH-USD,2026-08-28T20:34:59.484435Z,2425.16,2425.17,0.01,2425.165,-0.2963891669441762125038761289
ETH-USD,2026-08-28T20:34:59.510651Z,2425.23,2425.35,0.12,2425.29,0.2737777183750428820845270102
ETH-USD,2026-08-28T20:34:59.544819Z,2425.23,2425.4,0.17,2425.315,-0.4273694153382818568529486585
ETH-USD,2026-08-28T20:34:59.591866Z,2425.29,2425.53,0.24,2425.41,0.3883450060230558280269954405
ETH-USD,2026-08-28T20:34:59.647328Z,2425.27,2425.42,0.15,2425.345,0.4397406709649678627769226747
ETH-USD,2026-08-28T20:34:59.706028Z,2425.24,2425.39,0.15,2425.315,0.1053669644206478575420343466
ETH-USD,2026-08-28T20:34:59.746163Z,2425.23,2425.38,0.15,2425.305,0.1921893415426679828083931528
ETH-USD,2026-08-28T20:34:59.806323Z,2425.23,2425.38,0.15,2425.305,0.1762188718607920088406865448
ETH-USD,2026-08-28T20:34:59.864401Z,2425.19,2425.35,0.16,2425.27,0.4825326785146223622622729180
ETH-USD,2026-08-28T20:34:59.905547Z,2425.19,2425.34,0.15,2425.265,0.4825326785146223622622729180
ETH-USD,2026-08-28T20:35:00.012662Z,2425.19,2425.2,0.01,2425.195,0.2861459462240965712399330743
ETH-USD,2026-08-28T20:35:00.056802Z,2425.19,2425.2,0.01,2425.195,-0.4478034999574875805058241400
ETH-USD,2026-08-28T20:35:00.101189Z,2425.19,2425.2,0.01,2425.195,-0.4368254009641238500235641717
ETH-USD,2026-08-28T20:35:00.151815Z,2425.06,2425.18,0.12,2425.12,0.03235242265566948940137277506
ETH-USD,2026-08-28T20:35:00.204717Z,2425.07,2425.18,0.11,2425.125,-0.03495146192147989679306508548
ETH-USD,2026-08-28T20:35:00.238239Z,2425.07,2425.17,0.10,2425.12,0.1087062463283222421849488533
ETH-USD,2026-08-28T20:35:00.301013Z,2425.07,2425.17,0.10,2425.12,0.4270276620990874692668362498
ETH-USD,2026-08-28T20:35:00.356207Z,2425.07,2425.18,0.11,2425.125,0.1218489771075937786338808125
ETH-USD,2026-08-28T20:35:00.404589Z,2425.08,2425.17,0.09,2425.125,0.06677337315262172040678969794
ETH-USD,2026-08-28T20:35:00.455614Z,2425.07,2425.16,0.09,2425.115,0.2575103508985416040366155509
ETH-USD,2026-08-28T20:35:00.507626Z,2425.15,2425.16,0.01,2425.155,-0.02146105635649299542776575197
ETH-USD,2026-08-28T20:35:00.554144Z,2425.15,2425.16,0.01,2425.155,-0.1526074395964838875542734257
ETH-USD,2026-08-28T20:35:00.589598Z,2425.15,2425.16,0.01,2425.155,-0.1526074395964838875542734257
ETH-USD,2026-08-28T20:35:00.641484Z,2425.15,2425.16,0.01,2425.155,-0.1556057477945934351018301134
ETH-USD,2026-08-28T20:35:00.700215Z,2425.12,2425.15,0.03,2425.135,-0.2735698269551293987895595810
ETH-USD,2026-08-28T20:35:00.742341Z,2425.12,2425.15,0.03,2425.135,-0.2735698269551293987895595810
ETH-USD,2026-08-28T20:35:00.792644Z,2425.12,2425.14,0.02,2425.13,-0.3060464482353327311337876323
ETH-USD,2026-08-28T20:35:00.841215Z,2425.12,2425.13,0.01,2425.125,-0.2453841617071306824675511714
ETH-USD,2026-08-28T20:35:00.88784Z,2425.12,2425.13,0.01,2425.125,-0.2453841617071306824675511714
ETH-USD,2026-08-28T20:35:00.933846Z,2425.12,2425.13,0.01,2425.125,-0.2453841617071306824675511714
ETH-USD,2026-08-28T20:35:00.983313Z,2425.12,2425.13,0.01,2425.125,-0.2453841617071306824675511714
ETH-USD,2026-08-28T20:35:01.03601Z,2425.12,2425.13,0.01,2425.125,-0.2453841617071306824675511714
ETH-USD,2026-08-28T20:35:01.100694Z,2425.12,2425.13,0.01,2425.125,-0.2453841617071306824675511714
ETH-USD,2026-08-28T20:35:01.148896Z,2425.12,2425.13,0.01,2425.125,-0.2453841617071306824675511714
ETH-USD,2026-08-28T20:35:01.199326Z,2425.15,2425.16,0.01,2425.155,-0.4995672179183112405324076345
ETH-USD,2026-08-28T20:35:01.230542Z,2425.15,2425.16,0.01,2425.155,-0.4995672179183112405324076345
ETH-USD,2026-08-28T20:35:01.297955Z,2425.15,2425.16,0.01,2425.155,-0.5356711451998087231155046813
ETH-USD,2026-08-28T20:35:01.360665Z,2425.15,2425.16,0.01,2425.155,-0.5356711451998087231155046813
ETH-USD,2026-08-28T20:35:01.442933Z,2425.42,2425.51,0.09,2425.465,0.07648347914351880095474052883
ETH-USD,2026-08-28T20:35:01.63913Z,2425.42,2425.46,0.04,2425.44,0.4563541960707465892971021761
ETH-USD,2026-08-28T20:35:01.686257Z,2425.42,2425.46,0.04,2425.44,0.3613775609053696939671051847
ETH-USD,2026-08-28T20:35:01.695478Z,2425.42,2425.46,0.04,2425.44,0.3802202668761862860866313060
ETH-USD,2026-08-28T20:35:01.72205Z,2425.42,2425.46,0.04,2425.44,0.3802202668761862860866313060
ETH-USD,2026-08-28T20:35:01.775379Z,2425.42,2425.46,0.04,2425.44,0.3802202668761862860866313060
ETH-USD,2026-08-28T20:35:01.818498Z,2425.42,2425.46,0.04,2425.44,0.3802202668761862860866313060
ETH-USD,2026-08-28T20:35:01.879501Z,2425.35,2425.46,0.11,2425.405,0.3082880404313935149914376877
ETH-USD,2026-08-28T20:35:01.984858Z,2425.36,2425.46,0.10,2425.41,0.3943919547008126118307020341
ETH-USD,2026-08-28T20:35:01.999134Z,2425.36,2425.46,0.10,2425.41,0.4447437264698995417022637912
ETH-USD,2026-08-28T20:35:02.061248Z,2425.38,2425.5,0.12,2425.44,-0.4032526901299805527725751934
ETH-USD,2026-08-28T20:35:02.083869Z,2425.38,2425.5,0.12,2425.44,-0.4032526901299805527725751934
ETH-USD,2026-08-28T20:35:02.147506Z,2425.38,2425.5,0.12,2425.44,-0.4769121862248729132629690142
ETH-USD,2026-08-28T20:35:02.197593Z,2425.38,2425.55,0.17,2425.465,-0.04776966585112119890031393907
ETH-USD,2026-08-28T20:35:02.239487Z,2425.38,2425.51,0.13,2425.445,0.2877721926728593676063438028
ETH-USD,2026-08-28T20:35:02.31172Z,2425.42,2425.5,0.08,2425.46,0.2488802895837521767666989499
ETH-USD,2026-08-28T20:35:02.364412Z,2425.42,2425.51,0.09,2425.465,0.2488802895837521767666989499
ETH-USD,2026-08-28T20:35:02.394342Z,2425.56,2425.8,0.24,2425.68,-0.8159544758526293282344194761
ETH-USD,2026-08-28T20:35:02.457659Z,2425.68,2425.71,0.03,2425.695,0.03140957650195784038778128205
ETH-USD,2026-08-28T20:35:02.500861Z,2425.68,2425.69,0.01,2425.685,0.03044689815006436225305361146
ETH-USD,2026-08-28T20:35:02.551883Z,2425.68,2425.69,0.01,2425.685,-0.02940419161360592121924812036
ETH-USD,2026-08-28T20:35:02.594444Z,2425.68,2425.69,0.01,2425.685,-0.1508112236649543334681072076
ETH-USD,2026-08-28T20:35:02.627321Z,2425.58,2425.59,0.01,2425.585,-0.2159805985900251888234343848
ETH-USD,2026-08-28T20:35:02.754685Z,2425.52,2425.59,0.07,2425.555,-0.2159805985900251888234343848
ETH-USD,2026-08-28T20:35:02.759488Z,2425.43,2425.59,0.16,2425.51,-0.1755533036593973936417780913
ETH-USD,2026-08-28T20:35:02.995529Z,2425.52,2425.53,0.01,2425.525,-0.3535448182563737437467256314
ETH-USD,2026-08-28T20:35:03.046857Z,2425.52,2425.53,0.01,2425.525,-0.3535448182563737437467256314
ETH-USD,2026-08-28T20:35:03.104599Z,2425.52,2425.53,0.01,2425.525,-0.3535448182563737437467256314
ETH-USD,2026-08-28T20:35:03.152024Z,2425.43,2425.51,0.08,2425.47,-0.2432435356667862469944794509
ETH-USD,2026-08-28T20:35:03.20606Z,2425.43,2425.5,0.07,2425.465,0.2258822023327714579882867261
ETH-USD,2026-08-28T20:35:03.248391Z,2425.44,2425.49,0.05,2425.465,0.2258812894629958356206654278
ETH-USD,2026-08-28T20:35:03.303258Z,2425.45,2425.48,0.03,2425.465,-0.1403360391128359485543088020
ETH-USD,2026-08-28T20:35:03.345338Z,2425.43,2425.48,0.05,2425.455,0.04093198645991505218652297187
ETH-USD,2026-08-28T20:35:03.382734Z,2425.46,2425.48,0.02,2425.47,-0.1367191329988084228544532786
ETH-USD,2026-08-28T20:35:03.475521Z,2425.47,2425.48,0.01,2425.475,-0.1851560246966242744156175447
ETH-USD,2026-08-28T20:35:03.514519Z,2425.47,2425.48,0.01,2425.475,-0.2153903404406319873003141419
ETH-USD,2026-08-28T20:35:03.591498Z,2425.47,2425.48,0.01,2425.475,-0.2145762655927076480286483330
ETH-USD,2026-08-28T20:35:03.640978Z,2425.47,2425.48,0.01,2425.475,-0.2145762655927076480286483330
ETH-USD,2026-08-28T20:35:03.686113Z,2425.47,2425.48,0.01,2425.475,-0.2145762655927076480286483330
ETH-USD,2026-08-28T20:35:03.725189Z,2425.47,2425.48,0.01,2425.475,-0.2145762655927076480286483330
ETH-USD,2026-08-28T20:35:03.785125Z,2425.47,2425.48,0.01,2425.475,-0.1137669865688847018152372623
ETH-USD,2026-08-28T20:35:03.848071Z,2425.47,2425.48,0.01,2425.475,0.009831647120725242609336659018
ETH-USD,2026-08-28T20:35:03.896953Z,2425.47,2425.48,0.01,2425.475,-0.1138722652461608466537861195
ETH-USD,2026-08-28T20:35:03.939542Z,2425.47,2425.48,0.01,2425.475,-0.1138722652461608466537861195
ETH-USD,2026-08-28T20:35:03.98528Z,2425.47,2425.48,0.01,2425.475,-0.1138722652461608466537861195
ETH-USD,2026-08-28T20:35:04.04979Z,2425.47,2425.48,0.01,2425.475,-0.1138722652461608466537861195
ETH-USD,2026-08-28T20:35:04.09213Z,2425.47,2425.48,0.01,2425.475,-0.2491297846249438797122066383
ETH-USD,2026-08-28T20:35:04.138122Z,2425.47,2425.48,0.01,2425.475,-0.3759209022310548849291120051
ETH-USD,2026-08-28T20:35:04.203282Z,2425.47,2425.48,0.01,2425.475,-0.4335261248961376741480406400
ETH-USD,2026-08-28T20:35:04.24808Z,2425.47,2425.48,0.01,2425.475,-0.3510676685227578233834096273
ETH-USD,2026-08-28T20:35:04.284057Z,2425.47,2425.48,0.01,2425.475,-0.03560224120283958671346596107
ETH-USD,2026-08-28T20:35:04.307939Z,2425.47,2425.48,0.01,2425.475,-0.03560224120283958671346596107
ETH-USD,2026-08-28T20:35:04.362094Z,2425.47,2425.48,0.01,2425.475,-0.6114487370927707729241422030
ETH-USD,2026-08-28T20:35:04.418046Z,2425.47,2425.48,0.01,2425.475,-0.03560224120283958671346596107
ETH-USD,2026-08-28T20:35:04.534949Z,2425.47,2425.48,0.01,2425.475,0.05122989976586704048476832781
ETH-USD,2026-08-28T20:35:04.602116Z,2425.47,2425.48,0.01,2425.475,0.09758160678584126968361123307
ETH-USD,2026-08-28T20:35:04.634943Z,2425.47,2425.48,0.01,2425.475,0.1172667977020053283060346100
ETH-USD,2026-08-28T20:35:04.705067Z,2425.47,2425.48,0.01,2425.475,-0.03889000874868477152720472380
ETH-USD,2026-08-28T20:35:04.757249Z,2425.47,2425.48,0.01,2425.475,-0.03882127964497221946547199813
ETH-USD,2026-08-28T20:35:04.79516Z,2425.47,2425.48,0.01,2425.475,-0.03931036452257909541356452451
ETH-USD,2026-08-28T20:35:04.826158Z,2425.47,2425.48,0.01,2425.475,-0.03931036452257909541356452451
ETH-USD,2026-08-28T20:35:04.904974Z,2425.47,2425.48,0.01,2425.475,-0.03931036452257909541356452451
ETH-USD,2026-08-28T20:35:04.953003Z,2425.47,2425.48,0.01,2425.475,-0.1330434789530677011962618178
ETH-USD,2026-08-28T20:35:04.977961Z,2425.47,2425.48,0.01,2425.475,0.02928396275504674351522974929
ETH-USD,2026-08-28T20:35:05.034746Z,2425.47,2425.48,0.01,2425.475,0.02928396275504674351522974929
ETH-USD,2026-08-28T20:35:05.100069Z,2425.22,2425.23,0.01,2425.225,0.07697400879352646363830124674
ETH-USD,2026-08-28T20:35:05.140561Z,2425.11,2425.24,0.13,2425.175,-0.2514251696650538762425994192
ETH-USD,2026-08-28T20:35:05.192276Z,2425.07,2425.2,0.13,2425.135,-0.07477851240397507394188528881
ETH-USD,2026-08-28T20:35:05.243355Z,2425.07,2425.18,0.11,2425.125,-0.4259752305342597417814715383
ETH-USD,2026-08-28T20:35:05.303239Z,2425.07,2425.08,0.01,2425.075,-0.3706643202841697370552616561
ETH-USD,2026-08-28T20:35:05.351336Z,2425.07,2425.08,0.01,2425.075,-0.3495952247738665276702957907
ETH-USD,2026-08-28T20:35:05.385291Z,2425.07,2425.08,0.01,2425.075,-0.4851053194237127877060638367
ETH-USD,2026-08-28T20:35:05.449259Z,2425.07,2425.08,0.01,2425.075,-0.3379841711468667687325703966
ETH-USD,2026-08-28T20:35:05.493633Z,2425.07,2425.08,0.01,2425.075,-0.3379841711468667687325703966
ETH-USD,2026-08-28T20:35:05.551413Z,2425.07,2425.08,0.01,2425.075,-0.1506979743077582766600167712
ETH-USD,2026-08-28T20:35:05.595917Z,2425.07,2425.08,0.01,2425.075,-0.2133333981766281377558526780
ETH-USD,2026-08-28T20:35:05.646925Z,2425.07,2425.08,0.01,2425.075,-0.2133333981766281377558526780
ETH-USD,2026-08-28T20:35:05.6847Z,2425.07,2425.08,0.01,2425.075,-0.2133353845857442128386698765
ETH-USD,2026-08-28T20:35:05.741228Z,2425.07,2425.08,0.01,2425.075,-0.2133353845857442128386698765
ETH-USD,2026-08-28T20:35:05.766118Z,2425.07,2425.08,0.01,2425.075,-0.2133353845857442128386698765
ETH-USD,2026-08-28T20:35:05.825373Z,2425.07,2425.08,0.01,2425.075,-0.2133353845857442128386698765
ETH-USD,2026-08-28T20:35:05.898378Z,2425.07,2425.08,0.01,2425.075,-0.2133353845857442128386698765
ETH-USD,2026-08-28T20:35:06.050803Z,2425.07,2425.08,0.01,2425.075,-0.2133353845857442128386698765
ETH-USD,2026-08-28T20:35:06.100192Z,2425.07,2425.08,0.01,2425.075,-0.4367823432180608050056728319
ETH-USD,2026-08-28T20:35:06.14912Z,2425.07,2425.08,0.01,2425.075,-0.4367823432180608050056728319
ETH-USD,2026-08-28T20:35:06.19317Z,2425.07,2425.08,0.01,2425.075,-0.4367823432180608050056728319
ETH-USD,2026-08-28T20:35:06.248305Z,2425.07,2425.08,0.01,2425.075,-0.5394641000885148077722658745
ETH-USD,2026-08-28T20:35:06.299056Z,2425.07,2425.08,0.01,2425.075,-0.6534159015604173277664707248
ETH-USD,2026-08-28T20:35:06.349889Z,2425.07,2425.08,0.01,2425.075,-0.6534159015604173277664707248
ETH-USD,2026-08-28T20:35:06.392762Z,2425.07,2425.08,0.01,2425.075,-0.6713155970037512245261467685
ETH-USD,2026-08-28T20:35:06.434348Z,2425.07,2425.08,0.01,2425.075,-0.6713155970037512245261467685
ETH-USD,2026-08-28T20:35:06.502199Z,2425.07,2425.08,0.01,2425.075,-0.6713155970037512245261467685
ETH-USD,2026-08-28T20:35:06.556189Z,2425.07,2425.08,0.01,2425.075,-0.6447293224132230018240107472
ETH-USD,2026-08-28T20:35:06.592857Z,2425.07,2425.08,0.01,2425.075,-0.6713155970037512245261467685
ETH-USD,2026-08-28T20:35:06.625674Z,2425.07,2425.08,0.01,2425.075,-0.6713155970037512245261467685
ETH-USD,2026-08-28T20:35:06.678014Z,2425.07,2425.08,0.01,2425.075,-0.6713155970037512245261467685
ETH-USD,2026-08-28T20:35:06.727357Z,2425.07,2425.08,0.01,2425.075,-0.6713155970037512245261467685
ETH-USD,2026-08-28T20:35:06.857851Z,2425.07,2425.08,0.01,2425.075,-0.6713155970037512245261467685
ETH-USD,2026-08-28T20:35:06.947806Z,2425.07,2425.08,0.01,2425.075,-0.6713155970037512245261467685
ETH-USD,2026-08-28T20:35:06.990772Z,2425.07,2425.08,0.01,2425.075,-0.6713155970037512245261467685
ETH-USD,2026-08-28T20:35:07.028598Z,2425.07,2425.08,0.01,2425.075,-0.6713155970037512245261467685
ETH-USD,2026-08-28T20:35:07.146105Z,2425.07,2425.08,0.01,2425.075,-0.6713155970037512245261467685
ETH-USD,2026-08-28T20:35:07.170668Z,2425.07,2425.08,0.01,2425.075,-0.6713155970037512245261467685
ETH-USD,2026-08-28T20:35:07.230959Z,2425.07,2425.08,0.01,2425.075,-0.6713155970037512245261467685
ETH-USD,2026-08-28T20:35:07.292849Z,2425.07,2425.08,0.01,2425.075,-0.7106270047767274401523102424
ETH-USD,2026-08-28T20:35:07.353974Z,2425.07,2425.08,0.01,2425.075,-0.4283426251851797365671504069
ETH-USD,2026-08-28T20:35:07.411429Z,2425.07,2425.08,0.01,2425.075,-0.3947856422823152376064841590
ETH-USD,2026-08-28T20:35:07.455523Z,2425.07,2425.08,0.01,2425.075,-0.4742131413427831133368600952
ETH-USD,2026-08-28T20:35:07.547227Z,2425.07,2425.08,0.01,2425.075,-0.4281808396523635468807708469
ETH-USD,2026-08-28T20:35:07.607609Z,2425.07,2425.08,0.01,2425.075,-0.4281808396523635468807708469
ETH-USD,2026-08-28T20:35:07.655301Z,2425.07,2425.08,0.01,2425.075,-0.4281808396523635468807708469
ETH-USD,2026-08-28T20:35:07.701869Z,2425.07,2425.08,0.01,2425.075,-0.5083973285706620961639570348
ETH-USD,2026-08-28T20:35:07.745393Z,2425.07,2425.08,0.01,2425.075,-0.4283425572560919777462721520
ETH-USD,2026-08-28T20:35:07.806828Z,2425.07,2425.08,0.01,2425.075,-0.4283425572560919777462721520
ETH-USD,2026-08-28T20:35:07.826074Z,2425.07,2425.08,0.01,2425.075,-0.4283425572560919777462721520
ETH-USD,2026-08-28T20:35:07.884561Z,2425.07,2425.08,0.01,2425.075,-0.4283425572560919777462721520
ETH-USD,2026-08-28T20:35:07.949732Z,2425.07,2425.08,0.01,2425.075,-0.4283425572560919777462721520
ETH-USD,2026-08-28T20:35:07.956619Z,2425.07,2425.08,0.01,2425.075,-0.4283425572560919777462721520
ETH-USD,2026-08-28T20:35:08.045487Z,2425.07,2425.08,0.01,2425.075,-0.4283425572560919777462721520
ETH-USD,2026-08-28T20:35:08.098002Z,2425.07,2425.08,0.01,2425.075,-0.4283425572560919777462721520
ETH-USD,2026-08-28T20:35:08.137332Z,2425.07,2425.08,0.01,2425.075,-0.4283425572560919777462721520
ETH-USD,2026-08-28T20:35:08.168615Z,2425.07,2425.08,0.01,2425.075,-0.4283425572560919777462721520
ETH-USD,2026-08-28T20:35:08.253272Z,2425.07,2425.08,0.01,2425.075,-0.4283425572560919777462721520
ETH-USD,2026-08-28T20:35:08.272451Z,2425.07,2425.08,0.01,2425.075,-0.4283425572560919777462721520
ETH-USD,2026-08-28T20:35:08.352709Z,2425.07,2425.08,0.01,2425.075,-0.4283536952417504019247434951
ETH-USD,2026-08-28T20:35:08.40217Z,2425.07,2425.08,0.01,2425.075,-0.4283536952417504019247434951
ETH-USD,2026-08-28T20:35:08.426038Z,2425.07,2425.08,0.01,2425.075,-0.4283536952417504019247434951
ETH-USD,2026-08-28T20:35:08.489445Z,2425.07,2425.08,0.01,2425.075,-0.4283536952417504019247434951
ETH-USD,2026-08-28T20:35:08.548518Z,2425.07,2425.08,0.01,2425.075,-0.4283536952417504019247434951
ETH-USD,2026-08-28T20:35:08.606528Z,2425.07,2425.08,0.01,2425.075,-0.6656985537858205471164982785
ETH-USD,2026-08-28T20:35:08.650647Z,2425.07,2425.08,0.01,2425.075,-0.3820201603093540381782769951
ETH-USD,2026-08-28T20:35:08.703259Z,2425.07,2425.08,0.01,2425.075,-0.5219424856629086242357720148
ETH-USD,2026-08-28T20:35:08.742749Z,2425.07,2425.08,0.01,2425.075,-0.5219424856629086242357720148
ETH-USD,2026-08-28T20:35:08.808407Z,2425.07,2425.08,0.01,2425.075,-0.5219424856629086242357720148
ETH-USD,2026-08-28T20:35:08.830302Z,2425.07,2425.08,0.01,2425.075,-0.5219424856629086242357720148
ETH-USD,2026-08-28T20:35:08.965858Z,2425.07,2425.08,0.01,2425.075,-0.5219424856629086242357720148
ETH-USD,2026-08-28T20:35:09.029571Z,2425.07,2425.08,0.01,2425.075,-0.5219424856629086242357720148
ETH-USD,2026-08-28T20:35:09.10084Z,2425.07,2425.08,0.01,2425.075,-0.5219424856629086242357720148
ETH-USD,2026-08-28T20:35:09.138171Z,2425.07,2425.08,0.01,2425.075,-0.5175045153582517049613703302
ETH-USD,2026-08-28T20:35:09.235001Z,2425.07,2425.08,0.01,2425.075,-0.4214115347524042859216188765
ETH-USD,2026-08-28T20:35:09.305212Z,2425.07,2425.08,0.01,2425.075,-0.4214115347524042859216188765
ETH-USD,2026-08-28T20:35:09.327561Z,2425.07,2425.08,0.01,2425.075,-0.4214115347524042859216188765
ETH-USD,2026-08-28T20:35:09.423339Z,2425.07,2425.08,0.01,2425.075,-0.4214115347524042859216188765
ETH-USD,2026-08-28T20:35:09.551515Z,2425.43,2425.5,0.07,2425.465,0.7686138792342326831341218516
ETH-USD,2026-08-28T20:35:09.598619Z,2425.52,2425.53,0.01,2425.525,-0.1296326353897910358290160656
ETH-USD,2026-08-28T20:35:09.644253Z,2425.52,2425.53,0.01,2425.525,0.5624226362165572201974429924
ETH-USD,2026-08-28T20:35:09.703215Z,2425.52,2425.53,0.01,2425.525,-0.06531922921955042919643551904
ETH-USD,2026-08-28T20:35:09.755938Z,2425.52,2425.53,0.01,2425.525,-0.1327889107231719647409255866
ETH-USD,2026-08-28T20:35:09.802996Z,2425.52,2425.53,0.01,2425.525,-0.03281880201859611489104394859
ETH-USD,2026-08-28T20:35:09.853928Z,2425.52,2425.53,0.01,2425.525,-0.02036540156861741086738053058
ETH-USD,2026-08-28T20:35:09.89876Z,2425.52,2425.53,0.01,2425.525,-0.08559807563830862028642531650
ETH-USD,2026-08-28T20:35:09.925927Z,2425.52,2425.53,0.01,2425.525,-0.08559807563830862028642531650
ETH-USD,2026-08-28T20:35:10.00571Z,2425.52,2425.53,0.01,2425.525,-0.05530562276650482394096831792
ETH-USD,2026-08-28T20:35:10.051837Z,2425.52,2425.53,0.01,2425.525,-0.06313418265010523613300488145
ETH-USD,2026-08-28T20:35:10.085775Z,2425.52,2425.53,0.01,2425.525,-0.01564215228330412457578381194
ETH-USD,2026-08-28T20:35:10.15131Z,2425.52,2425.53,0.01,2425.525,-0.06840393378972094390389055296
ETH-USD,2026-08-28T20:35:10.202163Z,2425.52,2425.53,0.01,2425.525,0.7146408309524848470980956110
ETH-USD,2026-08-28T20:35:10.253702Z,2425.52,2425.53,0.01,2425.525,0.6970414506287726546737030087
ETH-USD,2026-08-28T20:35:10.361071Z,2425.52,2425.53,0.01,2425.525,0.6970414506287726546737030087
ETH-USD,2026-08-28T20:35:10.385786Z,2425.52,2425.53,0.01,2425.525,0.6970414506287726546737030087
ETH-USD,2026-08-28T20:35:10.444489Z,2425.52,2425.53,0.01,2425.525,-0.03563354166752789722313627907
ETH-USD,2026-08-28T20:35:10.482746Z,2425.52,2425.53,0.01,2425.525,0.6970414506287726546737030087
ETH-USD,2026-08-28T20:35:10.547675Z,2425.52,2425.53,0.01,2425.525,-0.1108728033138517517494610451
ETH-USD,2026-08-28T20:35:10.599374Z,2425.52,2425.53,0.01,2425.525,0.4081897519192665862161557783
ETH-USD,2026-08-28T20:35:10.639366Z,2425.52,2425.53,0.01,2425.525,0.4081897519192665862161557783
ETH-USD,2026-08-28T20:35:10.69707Z,2425.52,2425.53,0.01,2425.525,0.4081897519192665862161557783
ETH-USD,2026-08-28T20:35:10.744266Z,2425.52,2425.53,0.01,2425.525,0.1031440065672318527829952655
ETH-USD,2026-08-28T20:35:10.774827Z,2425.52,2425.53,0.01,2425.525,0.1031440065672318527829952655
ETH-USD,2026-08-28T20:35:10.82648Z,2425.52,2425.53,0.01,2425.525,0.009582075567635696783448781080
ETH-USD,2026-08-28T20:35:10.901196Z,2425.52,2425.53,0.01,2425.525,0.009582075567635696783448781080
ETH-USD,2026-08-28T20:35:10.947659Z,2425.52,2425.53,0.01,2425.525,0.009582075567635696783448781080
ETH-USD,2026-08-28T20:35:10.999084Z,2425.52,2425.53,0.01,2425.525,0.1687648361812663678766351286
ETH-USD,2026-08-28T20:35:11.060499Z,2425.52,2425.53,0.01,2425.525,-0.3962412893616256625851155425
ETH-USD,2026-08-28T20:35:11.104223Z,2425.52,2425.53,0.01,2425.525,-0.3524198256679136708888996125
ETH-USD,2026-08-28T20:35:11.146005Z,2425.52,2425.53,0.01,2425.525,-0.3392097297576283072852997944
ETH-USD,2026-08-28T20:35:11.208379Z,2425.52,2425.53,0.01,2425.525,-0.3392097297576283072852997944
ETH-USD,2026-08-28T20:35:11.22719Z,2425.52,2425.53,0.01,2425.525,0.2415109811990734316243312421
ETH-USD,2026-08-28T20:35:11.299323Z,2425.52,2425.53,0.01,2425.525,-0.3394053361879380521343394415
ETH-USD,2026-08-28T20:35:11.341531Z,2425.52,2425.53,0.01,2425.525,-0.3394053361879380521343394415
ETH-USD,2026-08-28T20:35:11.384891Z,2425.52,2425.53,0.01,2425.525,-0.3394053361879380521343394415
ETH-USD,2026-08-28T20:35:11.463561Z,2425.52,2425.53,0.01,2425.525,-0.2478271920255858643573165285
ETH-USD,2026-08-28T20:35:11.502792Z,2425.52,2425.53,0.01,2425.525,-0.2592831570461265099970390349
ETH-USD,2026-08-28T20:35:11.558433Z,2425.52,2425.53,0.01,2425.525,0.2675150519009429968856787103
ETH-USD,2026-08-28T20:35:11.603792Z,2425.52,2425.53,0.01,2425.525,0.2675150519009429968856787103
ETH-USD,2026-08-28T20:35:11.66482Z,2425.52,2425.53,0.01,2425.525,-0.3145733222200109294563348834
ETH-USD,2026-08-28T20:35:11.697482Z,2425.52,2425.53,0.01,2425.525,-0.3145733222200109294563348834
ETH-USD,2026-08-28T20:35:11.752396Z,2425.52,2425.53,0.01,2425.525,0.2675150519009429968856787103
ETH-USD,2026-08-28T20:35:11.766889Z,2425.52,2425.53,0.01,2425.525,0.2675150519009429968856787103
ETH-USD,2026-08-28T20:35:11.852454Z,2425.52,2425.53,0.01,2425.525,0.2675150519009429968856787103
ETH-USD,2026-08-28T20:35:11.923408Z,2425.52,2425.53,0.01,2425.525,0.2675150519009429968856787103
ETH-USD,2026-08-28T20:35:11.985681Z,2425.52,2425.53,0.01,2425.525,0.2425427389436149384200290929
ETH-USD,2026-08-28T20:35:12.041302Z,2425.24,2425.36,0.12,2425.30,-0.5637851636020060297396565944
ETH-USD,2026-08-28T20:35:12.09711Z,2425.18,2425.36,0.18,2425.27,-0.8546046072430573415614017808
ETH-USD,2026-08-28T20:35:12.153287Z,2425.24,2425.36,0.12,2425.30,-0.3292772951339893449342904926
ETH-USD,2026-08-28T20:35:12.203204Z,2425.24,2425.36,0.12,2425.30,-0.3292772951339893449342904926
ETH-USD,2026-08-28T20:35:12.243735Z,2425.28,2425.36,0.08,2425.32,-0.1415151066061751787173082806
ETH-USD,2026-08-28T20:35:12.270898Z,2425.28,2425.36,0.08,2425.32,-0.1415151066061751787173082806
ETH-USD,2026-08-28T20:35:12.354408Z,2425.28,2425.36,0.08,2425.32,-0.1670598084570430192317862033
ETH-USD,2026-08-28T20:35:12.408225Z,2425.35,2425.36,0.01,2425.355,0.08426841519304950647120421739
ETH-USD,2026-08-28T20:35:12.453711Z,2425.35,2425.36,0.01,2425.355,0.1741342604541664553585432712
ETH-USD,2026-08-28T20:35:12.502576Z,2425.35,2425.36,0.01,2425.355,0.1741342604541664553585432712
ETH-USD,2026-08-28T20:35:12.547793Z,2425.35,2425.36,0.01,2425.355,0.1741342604541664553585432712
ETH-USD,2026-08-28T20:35:12.575465Z,2425.35,2425.36,0.01,2425.355,0.1374342352322577406806324281
ETH-USD,2026-08-28T20:35:12.629415Z,2425.35,2425.36,0.01,2425.355,0.1374342352322577406806324281
ETH-USD,2026-08-28T20:35:12.727838Z,2425.35,2425.36,0.01,2425.355,-0.003206230297226294018026229812
ETH-USD,2026-08-28T20:35:12.808931Z,2425.35,2425.36,0.01,2425.355,-0.003206230297226294018026229812
ETH-USD,2026-08-28T20:35:12.859908Z,2425.35,2425.36,0.01,2425.355,-0.07157124528524847109835337342
ETH-USD,2026-08-28T20:35:12.902188Z,2425.34,2425.36,0.02,2425.35,-0.1989353971099701410568303528
ETH-USD,2026-08-28T20:35:12.953018Z,2425.34,2425.36,0.02,2425.35,-0.1117724436436265338301760554
ETH-USD,2026-08-28T20:35:12.994495Z,2425.34,2425.36,0.02,2425.35,-0.1117724436436265338301760554
ETH-USD,2026-08-28T20:35:13.055516Z,2425.34,2425.35,0.01,2425.345,-0.1569142875628449137437848745
ETH-USD,2026-08-28T20:35:13.146483Z,2425.34,2425.35,0.01,2425.345,-0.1569142875628449137437848745
ETH-USD,2026-08-28T20:35:13.201859Z,2425.34,2425.35,0.01,2425.345,-0.1569142875628449137437848745
ETH-USD,2026-08-28T20:35:13.255884Z,2425.34,2425.35,0.01,2425.345,-0.09353634447526803353248100492
ETH-USD,2026-08-28T20:35:13.269772Z,2425.34,2425.35,0.01,2425.345,-0.09353634447526803353248100492
ETH-USD,2026-08-28T20:35:13.327023Z,2425.34,2425.35,0.01,2425.345,-0.09353634447526803353248100492
ETH-USD,2026-08-28T20:35:13.413006Z,2425.34,2425.35,0.01,2425.345,-0.09353634447526803353248100492
ETH-USD,2026-08-28T20:35:13.560153Z,2425.34,2425.36,0.02,2425.35,-0.1986009063633650484286984967
ETH-USD,2026-08-28T20:35:13.601531Z,2425.34,2425.36,0.02,2425.35,-0.1625946595346302363633778041
ETH-USD,2026-08-28T20:35:13.654694Z,2425.34,2425.36,0.02,2425.35,-0.1117724436436265338301760554
ETH-USD,2026-08-28T20:35:13.696899Z,2425.34,2425.36,0.02,2425.35,-0.1117724436436265338301760554
ETH-USD,2026-08-28T20:35:13.767262Z,2425.34,2425.36,0.02,2425.35,-0.1117724436436265338301760554
ETH-USD,2026-08-28T20:35:13.812678Z,2425.35,2425.36,0.01,2425.355,0.1382948642641486655073515822
ETH-USD,2026-08-28T20:35:13.826925Z,2425.35,2425.36,0.01,2425.355,0.1382948642641486655073515822
ETH-USD,2026-08-28T20:35:13.889996Z,2425.35,2425.36,0.01,2425.355,0.04205985713403982966610017056
ETH-USD,2026-08-28T20:35:13.952002Z,2425.35,2425.36,0.01,2425.355,-0.3204486574834603277179660492
ETH-USD,2026-08-28T20:35:13.998708Z,2425.35,2425.36,0.01,2425.355,-0.2670263215873285179016571874
ETH-USD,2026-08-28T20:35:14.051129Z,2425.35,2425.36,0.01,2425.355,-0.3561907346507528372217825467
ETH-USD,2026-08-28T20:35:14.069136Z,2425.34,2425.35,0.01,2425.345,-0.09626469706797913382922274095
ETH-USD,2026-08-28T20:35:14.159869Z,2425.34,2425.35,0.01,2425.345,-0.2003861641474379804706825901
ETH-USD,2026-08-28T20:35:14.19538Z,2425.34,2425.35,0.01,2425.345,-0.2003861641474379804706825901
ETH-USD,2026-08-28T20:35:14.256699Z,2425.34,2425.35,0.01,2425.345,-0.1569142875628449137437848745
ETH-USD,2026-08-28T20:35:14.270438Z,2425.34,2425.35,0.01,2425.345,-0.1569142875628449137437848745
ETH-USD,2026-08-28T20:35:14.38387Z,2425.34,2425.35,0.01,2425.345,-0.1569142875628449137437848745
ETH-USD,2026-08-28T20:35:14.510511Z,2425.34,2425.36,0.02,2425.35,-0.1117724436436265338301760554
ETH-USD,2026-08-28T20:35:14.529557Z,2425.34,2425.36,0.02,2425.35,-0.1117724436436265338301760554
ETH-USD,2026-08-28T20:35:14.61881Z,2425.34,2425.36,0.02,2425.35,0.1617047692186030758481666497
ETH-USD,2026-08-28T20:35:14.655275Z,2425.34,2425.36,0.02,2425.35,0.2557009659386534100228063490
ETH-USD,2026-08-28T20:35:14.709861Z,2425.34,2425.36,0.02,2425.35,0.2557009659386534100228063490
ETH-USD,2026-08-28T20:35:14.825603Z,2425.34,2425.36,0.02,2425.35,0.2563295744901289819669923756
ETH-USD,2026-08-28T20:35:14.914664Z,2425.34,2425.36,0.02,2425.35,0.2563295744901289819669923756
ETH-USD,2026-08-28T20:35:14.937254Z,2425.34,2425.36,0.02,2425.35,0.2563295744901289819669923756
ETH-USD,2026-08-28T20:35:15.027413Z,2425.34,2425.36,0.02,2425.35,0.1684373238184351783787338573
ETH-USD,2026-08-28T20:35:15.070931Z,2425.34,2425.36,0.02,2425.35,0.1684373238184351783787338573
ETH-USD,2026-08-28T20:35:15.155835Z,2425.34,2425.36,0.02,2425.35,-0.01540561556994493704350498281
ETH-USD,2026-08-28T20:35:15.208589Z,2425.16,2425.34,0.18,2425.25,0.02119107808218344377762416688
ETH-USD,2026-08-28T20:35:15.25515Z,2425.16,2425.36,0.20,2425.26,0.1107369741180095488436319565
ETH-USD,2026-08-28T20:35:15.31138Z,2425.19,2425.35,0.16,2425.27,-0.1212040016730803436735283601
ETH-USD,2026-08-28T20:35:15.364451Z,2425.21,2425.35,0.14,2425.28,-0.07096947427309564738504589369
ETH-USD,2026-08-28T20:35:15.404388Z,2425.21,2425.35,0.14,2425.28,-0.5031141072460491356849084665
ETH-USD,2026-08-28T20:35:15.455542Z,2425.21,2425.35,0.14,2425.28,-0.3322037491643859767287544568
ETH-USD,2026-08-28T20:35:15.502674Z,2425.32,2425.35,0.03,2425.335,-0.06936145629916073763167568334
ETH-USD,2026-08-28T20:35:15.553915Z,2425.32,2425.35,0.03,2425.335,0.1510820386305300570126760007
ETH-USD,2026-08-28T20:35:15.602404Z,2425.32,2425.35,0.03,2425.335,0.1510820386305300570126760007
ETH-USD,2026-08-28T20:35:15.652365Z,2425.32,2425.35,0.03,2425.335,0.1510820386305300570126760007
ETH-USD,2026-08-28T20:35:15.693489Z,2425.32,2425.35,0.03,2425.335,0.1510820386305300570126760007
ETH-USD,2026-08-28T20:35:15.755379Z,2425.32,2425.34,0.02,2425.33,-0.05278105524924515984813283246
ETH-USD,2026-08-28T20:35:15.764899Z,2425.32,2425.33,0.01,2425.325,-0.1046455732245547097183471655
ETH-USD,2026-08-28T20:35:15.899713Z,2425.32,2425.33,0.01,2425.325,-0.1046455732245547097183471655
ETH-USD,2026-08-28T20:35:15.947796Z,2425.32,2425.33,0.01,2425.325,-0.06877951544556440141299691750
ETH-USD,2026-08-28T20:35:15.999939Z,2425.35,2425.36,0.01,2425.355,-0.1662105196221693735105369071
ETH-USD,2026-08-28T20:35:16.02795Z,2425.35,2425.36,0.01,2425.355,-0.1657519632894212713962545849
ETH-USD,2026-08-28T20:35:16.069145Z,2425.35,2425.36,0.01,2425.355,-0.2099100940879002820658966241
ETH-USD,2026-08-28T20:35:16.148393Z,2425.32,2425.36,0.04,2425.34,-0.05593580926381158183496266695
ETH-USD,2026-08-28T20:35:16.206502Z,2425.32,2425.33,0.01,2425.325,-0.05422603269015016377008918700
ETH-USD,2026-08-28T20:35:16.228976Z,2425.32,2425.33,0.01,2425.325,-0.05422603269015016377008918700
ETH-USD,2026-08-28T20:35:16.297768Z,2425.32,2425.33,0.01,2425.325,-0.05422603269015016377008918700
ETH-USD,2026-08-28T20:35:16.357596Z,2425.32,2425.33,0.01,2425.325,-0.05422603269015016377008918700
ETH-USD,2026-08-28T20:35:16.403537Z,2425.32,2425.33,0.01,2425.325,-0.05422603269015016377008918700
ETH-USD,2026-08-28T20:35:16.447358Z,2425.32,2425.33,0.01,2425.325,-0.05422603269015016377008918700
ETH-USD,2026-08-28T20:35:16.501675Z,2425.32,2425.33,0.01,2425.325,-0.05394457811227081888117351320
ETH-USD,2026-08-28T20:35:16.559842Z,2425.32,2425.35,0.03,2425.335,0.1858219152500272069934431740
ETH-USD,2026-08-28T20:35:16.585981Z,2425.32,2425.36,0.04,2425.34,-0.01436706254772605641626138830
ETH-USD,2026-08-28T20:35:16.700173Z,2425.32,2425.36,0.04,2425.34,-0.01436706254772605641626138830
ETH-USD,2026-08-28T20:35:16.705341Z,2425.32,2425.36,0.04,2425.34,-0.01436706254772605641626138830
ETH-USD,2026-08-28T20:35:16.786238Z,2425.32,2425.36,0.04,2425.34,-0.01436706254772605641626138830
ETH-USD,2026-08-28T20:35:16.861342Z,2425.32,2425.36,0.04,2425.34,-0.01436706254772605641626138830
ETH-USD,2026-08-28T20:35:16.878391Z,2425.32,2425.36,0.04,2425.34,-0.01436706254772605641626138830
ETH-USD,2026-08-28T20:35:16.901166Z,2425.32,2425.36,0.04,2425.34,0.07559292602145378177308921865
ETH-USD,2026-08-28T20:35:16.988211Z,2425.32,2425.36,0.04,2425.34,0.07559292602145378177308921865
ETH-USD,2026-08-28T20:35:17.037951Z,2425.32,2425.36,0.04,2425.34,-0.3089220634804358049932220003
ETH-USD,2026-08-28T20:35:17.083529Z,2425.32,2425.36,0.04,2425.34,-0.1165274681372244123250803822
ETH-USD,2026-08-28T20:35:17.127601Z,2425.32,2425.36,0.04,2425.34,-0.1165274681372244123250803822
ETH-USD,2026-08-28T20:35:17.236492Z,2425.35,2425.36,0.01,2425.355,0.4014020525502848504051600539
ETH-USD,2026-08-28T20:35:17.300447Z,2425.52,2425.53,0.01,2425.525,-0.5087915732529213623362181143
ETH-USD,2026-08-28T20:35:17.348947Z,2425.77,2425.78,0.01,2425.775,0.4578889604080369120986400029
ETH-USD,2026-08-28T20:35:17.413359Z,2425.8,2425.81,0.01,2425.805,0.2656749539784070977659994840
ETH-USD,2026-08-28T20:35:17.438047Z,2425.8,2425.81,0.01,2425.805,0.1899943270711957391932224772
ETH-USD,2026-08-28T20:35:17.484821Z,2425.82,2425.83,0.01,2425.825,0.2230162838970576565999034948
ETH-USD,2026-08-28T20:35:17.543371Z,2425.82,2425.91,0.09,2425.865,0.2085233902022373900720000041
ETH-USD,2026-08-28T20:35:17.582139Z,2425.82,2425.91,0.09,2425.865,0.3257946064267842843449460953
ETH-USD,2026-08-28T20:35:17.649062Z,2425.82,2425.94,0.12,2425.88,-0.3101687035347082046051723288
ETH-USD,2026-08-28T20:35:17.70577Z,2425.82,2425.92,0.10,2425.87,0.3261991613719883862983143017
ETH-USD,2026-08-28T20:35:17.743649Z,2425.82,2425.92,0.10,2425.87,0.3261991613719883862983143017
ETH-USD,2026-08-28T20:35:17.77154Z,2425.82,2425.92,0.10,2425.87,0.3261991613719883862983143017
ETH-USD,2026-08-28T20:35:17.860973Z,2425.82,2425.84,0.02,2425.83,0.4616304672031038368285669985
ETH-USD,2026-08-28T20:35:17.903573Z,2425.82,2425.84,0.02,2425.83,0.4483424055573617959296905759
ETH-USD,2026-08-28T20:35:17.945884Z,2425.61,2425.8,0.19,2425.705,0.2166387474438801392380071226
ETH-USD,2026-08-28T20:35:17.990424Z,2425.73,2425.79,0.06,2425.76,0.2868830530933739934878575815
ETH-USD,2026-08-28T20:35:18.044662Z,2425.73,2425.78,0.05,2425.755,0.4155162710217966269116554857
ETH-USD,2026-08-28T20:35:18.063987Z,2425.76,2425.77,0.01,2425.765,0.4440849622258378888570864423
ETH-USD,2026-08-28T20:35:18.138182Z,2425.76,2425.77,0.01,2425.765,0.4440849622258378888570864423
ETH-USD,2026-08-28T20:35:18.200702Z,2425.76,2425.94,0.18,2425.85,-0.3250568699171361380450479136
ETH-USD,2026-08-28T20:35:18.241574Z,2425.76,2425.94,0.18,2425.85,-0.4440597516065788623236875160
ETH-USD,2026-08-28T20:35:18.289567Z,2425.93,2425.94,0.01,2425.935,-0.08291859865528797815695037930
ETH-USD,2026-08-28T20:35:18.412808Z,2425.93,2425.94,0.01,2425.935,-0.5684986491096563475157652832
ETH-USD,2026-08-28T20:35:18.454588Z,2425.77,2425.9,0.13,2425.835,0.2146578942200645030430200748
ETH-USD,2026-08-28T20:35:18.505266Z,2425.77,2425.86,0.09,2425.815,0.3641611428562220831164829343
ETH-USD,2026-08-28T20:35:18.55013Z,2425.77,2425.81,0.04,2425.79,-0.01627911853794497790557715062
ETH-USD,2026-08-28T20:35:18.601598Z,2425.61,2425.8,0.19,2425.705,0.2602183246402839082046147481
ETH-USD,2026-08-28T20:35:18.650712Z,2425.62,2425.72,0.10,2425.67,0.4589946279699471209066520569
ETH-USD,2026-08-28T20:35:18.684244Z,2425.69,2425.71,0.02,2425.70,0.4199435707788671393934894586
ETH-USD,2026-08-28T20:35:18.755181Z,2425.69,2425.71,0.02,2425.70,0.2782889391259886905485969134
ETH-USD,2026-08-28T20:35:18.803683Z,2425.69,2425.71,0.02,2425.70,0.3438827547242853479755507577
ETH-USD,2026-08-28T20:35:18.860144Z,2425.69,2425.7,0.01,2425.695,-0.04538529063688721568465330363
ETH-USD,2026-08-28T20:35:18.961403Z,2425.69,2425.7,0.01,2425.695,-0.1540202122501643984535154786
ETH-USD,2026-08-28T20:35:18.979402Z,2425.69,2425.7,0.01,2425.695,-0.1540202122501643984535154786
ETH-USD,2026-08-28T20:35:19.04453Z,2425.69,2425.7,0.01,2425.695,-0.1540202122501643984535154786
ETH-USD,2026-08-28T20:35:19.050204Z,2425.69,2425.7,0.01,2425.695,-0.1540202122501643984535154786
ETH-USD,2026-08-28T20:35:19.152329Z,2425.69,2425.7,0.01,2425.695,-0.1540202122501643984535154786
ETH-USD,2026-08-28T20:35:19.165274Z,2425.69,2425.7,0.01,2425.695,-0.1081407980223167038227109697
ETH-USD,2026-08-28T20:35:19.226888Z,2425.69,2425.7,0.01,2425.695,-0.1081407980223167038227109697
ETH-USD,2026-08-28T20:35:19.299955Z,2425.69,2425.7,0.01,2425.695,-0.1081407980223167038227109697
ETH-USD,2026-08-28T20:35:19.355281Z,2425.69,2425.7,0.01,2425.695,0.02629196302196252450871246589
ETH-USD,2026-08-28T20:35:19.461952Z,2425.69,2425.7,0.01,2425.695,0.2494645849245702450138571100
ETH-USD,2026-08-28T20:35:19.522171Z,2425.69,2425.7,0.01,2425.695,0.2494645849245702450138571100
ETH-USD,2026-08-28T20:35:19.56075Z,2425.69,2425.7,0.01,2425.695,0.2494645849245702450138571100
ETH-USD,2026-08-28T20:35:19.618892Z,2425.69,2425.7,0.01,2425.695,0.2505092093186823697521137527
ETH-USD,2026-08-28T20:35:19.70503Z,2425.89,2425.93,0.04,2425.91,-0.1586450980320244721478786251
ETH-USD,2026-08-28T20:35:19.750751Z,2425.89,2425.93,0.04,2425.91,-0.5358307030969732344498505719
ETH-USD,2026-08-28T20:35:19.78988Z,2425.89,2425.93,0.04,2425.91,-0.1284034833063121548138722274
ETH-USD,2026-08-28T20:35:19.836385Z,2425.89,2425.93,0.04,2425.91,-0.1672077246219410604793031829
ETH-USD,2026-08-28T20:35:19.905724Z,2425.78,2425.91,0.13,2425.845,0.3989019184752721884884452720
ETH-USD,2026-08-28T20:35:19.931392Z,2425.78,2425.91,0.13,2425.845,0.7135046207876630035555799970
ETH-USD,2026-08-28T20:35:19.992082Z,2425.78,2425.91,0.13,2425.845,0.7135046207876630035555799970
ETH-USD,2026-08-28T20:35:20.044658Z,2425.78,2425.91,0.13,2425.845,0.7234420706194567412918930256
ETH-USD,2026-08-28T20:35:20.056561Z,2425.78,2425.91,0.13,2425.845,0.7234420706194567412918930256
ETH-USD,2026-08-28T20:35:20.128879Z,2425.78,2425.91,0.13,2425.845,0.6531976818161426446415891795
ETH-USD,2026-08-28T20:35:20.177538Z,2425.78,2425.9,0.12,2425.84,0.4661454335025099409504729890
ETH-USD,2026-08-28T20:35:20.24431Z,2425.78,2425.9,0.12,2425.84,0.4497478205808584795150697361
ETH-USD,2026-08-28T20:35:20.304974Z,2425.93,2425.94,0.01,2425.935,-0.4053436441298968699063396991
ETH-USD,2026-08-28T20:35:20.349229Z,2425.93,2425.94,0.01,2425.935,-0.1967023469529689124496031621
ETH-USD,2026-08-28T20:35:20.411446Z,2425.93,2425.94,0.01,2425.935,-0.3714909921440743876070072962
ETH-USD,2026-08-28T20:35:20.461178Z,2425.93,2425.94,0.01,2425.935,-0.4419434089582388970498198940
ETH-USD,2026-08-28T20:35:20.508948Z,2425.93,2425.94,0.01,2425.935,-0.3196771931991305631958506088
ETH-USD,2026-08-28T20:35:20.561594Z,2425.93,2425.94,0.01,2425.935,-0.6982911981401378546782159287
ETH-USD,2026-08-28T20:35:20.604093Z,2425.93,2425.94,0.01,2425.935,-0.5527123532172314257670525220
ETH-USD,2026-08-28T20:35:20.654397Z,2425.9,2425.91,0.01,2425.905,-0.3644884287781453115012115664
ETH-USD,2026-08-28T20:35:20.700246Z,2425.9,2425.91,0.01,2425.905,-0.6126741007925486098856117667
ETH-USD,2026-08-28T20:35:20.750175Z,2425.9,2425.91,0.01,2425.905,-0.6126741007925486098856117667
ETH-USD,2026-08-28T20:35:20.79801Z,2425.9,2425.91,0.01,2425.905,-0.6126741007925486098856117667
ETH-USD,2026-08-28T20:35:20.898107Z,2425.9,2425.91,0.01,2425.905,-0.6448181259239346445869248875
ETH-USD,2026-08-28T20:35:20.907593Z,2425.9,2425.91,0.01,2425.905,-0.6126740900526740878344130226
ETH-USD,2026-08-28T20:35:20.992141Z,2425.9,2425.91,0.01,2425.905,-0.6126740900526740878344130226
ETH-USD,2026-08-28T20:35:21.024943Z,2425.9,2425.91,0.01,2425.905,-0.6126740900526740878344130226
ETH-USD,2026-08-28T20:35:21.091556Z,2425.9,2425.91,0.01,2425.905,-0.6126740900526740878344130226
ETH-USD,2026-08-28T20:35:21.124772Z,2425.9,2425.91,0.01,2425.905,-0.6126740900526740878344130226
ETH-USD,2026-08-28T20:35:21.159919Z,2425.9,2425.91,0.01,2425.905,-0.6126740900526740878344130226
ETH-USD,2026-08-28T20:35:21.209158Z,2425.9,2425.91,0.01,2425.905,-0.4574223508559425046603192685
ETH-USD,2026-08-28T20:35:21.310253Z,2425.9,2425.91,0.01,2425.905,-0.6126740900526740878344130226
ETH-USD,2026-08-28T20:35:21.345366Z,2425.74,2425.75,0.01,2425.745,-0.3415188546064106221460563833
ETH-USD,2026-08-28T20:35:21.395686Z,2425.54,2425.55,0.01,2425.545,0.1213372567103820452917422127
ETH-USD,2026-08-28T20:35:21.455615Z,2425.69,2425.85,0.16,2425.77,0.05163016020267953863788184454
ETH-USD,2026-08-28T20:35:21.49498Z,2425.72,2425.94,0.22,2425.83,0.4304805584417672980605605860
ETH-USD,2026-08-28T20:35:21.546085Z,2425.72,2425.8,0.08,2425.76,-0.2834156546161038938874568219
ETH-USD,2026-08-28T20:35:21.599772Z,2425.79,2425.8,0.01,2425.795,-0.2205151312525816828422084784
ETH-USD,2026-08-28T20:35:21.658631Z,2425.79,2425.88,0.09,2425.835,-0.05403478433151620393831280286
ETH-USD,2026-08-28T20:35:21.692072Z,2425.79,2425.88,0.09,2425.835,-0.05403478433151620393831280286
ETH-USD,2026-08-28T20:35:21.758972Z,2425.79,2425.88,0.09,2425.835,-0.05271108361978051758796931377
ETH-USD,2026-08-28T20:35:21.979546Z,2425.79,2425.83,0.04,2425.81,-0.1121585770418197452339402934
ETH-USD,2026-08-28T20:35:22.053162Z,2425.82,2425.83,0.01,2425.825,-0.08873028238520041495229388804
ETH-USD,2026-08-28T20:35:22.10142Z,2425.82,2425.83,0.01,2425.825,-0.04913198914357089444858399798
ETH-USD,2026-08-28T20:35:22.154179Z,2425.81,2425.9,0.09,2425.855,0.2000937935865029425713094649
ETH-USD,2026-08-28T20:35:22.220323Z,2425.81,2425.89,0.08,2425.85,-0.5392560188913890381225505554
ETH-USD,2026-08-28T20:35:22.246036Z,2425.75,2425.85,0.10,2425.80,-0.6420483001470428297412704177
ETH-USD,2026-08-28T20:35:22.316121Z,2425.76,2425.8,0.04,2425.78,0.1312353790510936917173885581
ETH-USD,2026-08-28T20:35:22.352292Z,2425.77,2425.87,0.10,2425.82,0.1196119318983900069777506008
ETH-USD,2026-08-28T20:35:22.404091Z,2425.77,2425.87,0.10,2425.82,0.04408642373920485805327801283
ETH-USD,2026-08-28T20:35:22.449872Z,2425.77,2425.87,0.10,2425.82,0.04408642373920485805327801283
ETH-USD,2026-08-28T20:35:22.494122Z,2425.77,2425.87,0.10,2425.82,-0.2385493906490905690391967599
ETH-USD,2026-08-28T20:35:22.527788Z,2425.77,2425.87,0.10,2425.82,-0.2385493906490905690391967599
ETH-USD,2026-08-28T20:35:22.595931Z,2425.77,2425.87,0.10,2425.82,-0.2385493906490905690391967599
ETH-USD,2026-08-28T20:35:22.641199Z,2425.77,2425.87,0.10,2425.82,-0.2385493906490905690391967599
ETH-USD,2026-08-28T20:35:22.701349Z,2425.77,2425.87,0.10,2425.82,-0.2956478421765752736977415248
ETH-USD,2026-08-28T20:35:22.75147Z,2425.77,2425.87,0.10,2425.82,-0.2956478421765752736977415248
ETH-USD,2026-08-28T20:35:22.785962Z,2425.77,2425.87,0.10,2425.82,-0.2956478421765752736977415248
ETH-USD,2026-08-28T20:35:22.838357Z,2425.81,2425.87,0.06,2425.84,-0.2454465618509830528166645982
ETH-USD,2026-08-28T20:35:22.899048Z,2425.81,2425.87,0.06,2425.84,-0.2454465618509830528166645982
ETH-USD,2026-08-28T20:35:22.949556Z,2425.81,2425.86,0.05,2425.835,-0.1224764473864856066893962995
ETH-USD,2026-08-28T20:35:22.953272Z,2425.81,2425.86,0.05,2425.835,-0.1224764473864856066893962995
ETH-USD,2026-08-28T20:35:23.047627Z,2425.81,2425.86,0.05,2425.835,-0.2445134873361949731557008581
ETH-USD,2026-08-28T20:35:23.096019Z,2425.81,2425.87,0.06,2425.84,-0.6497338264786811046342396033
ETH-USD,2026-08-28T20:35:23.196702Z,2425.81,2425.85,0.04,2425.83,-0.2454270500427602233261899758
ETH-USD,2026-08-28T20:35:23.244651Z,2425.81,2425.87,0.06,2425.84,-0.4926566367665309305326232696
ETH-USD,2026-08-28T20:35:23.304897Z,2425.75,2425.87,0.12,2425.81,-0.1504660202889600590471441814
ETH-USD,2026-08-28T20:35:23.360068Z,2425.75,2425.87,0.12,2425.81,-0.1504660202889600590471441814
ETH-USD,2026-08-28T20:35:23.410048Z,2425.76,2425.87,0.11,2425.815,-0.4095143340329407081278838727
ETH-USD,2026-08-28T20:35:23.455525Z,2425.85,2425.87,0.02,2425.86,-0.4589488529870874997389665912
ETH-USD,2026-08-28T20:35:23.473768Z,2425.85,2425.87,0.02,2425.86,-0.5441859941347184961261443319
ETH-USD,2026-08-28T20:35:23.552522Z,2425.8,2425.87,0.07,2425.835,-0.5282698267018802498322499172
ETH-USD,2026-08-28T20:35:23.602572Z,2425.8,2425.87,0.07,2425.835,-0.4981106807903904345096051959
ETH-USD,2026-08-28T20:35:23.654305Z,2425.8,2425.87,0.07,2425.835,-0.2678730160000190041111069271
ETH-USD,2026-08-28T20:35:23.758747Z,2425.78,2425.86,0.08,2425.82,-0.1424947739519203092622372702
ETH-USD,2026-08-28T20:35:23.805876Z,2425.8,2425.86,0.06,2425.83,-0.2038109081250550868047919407
ETH-USD,2026-08-28T20:35:23.851673Z,2425.8,2425.86,0.06,2425.83,-0.2403218479936987920853542416
ETH-USD,2026-08-28T20:35:23.909308Z,2425.8,2425.86,0.06,2425.83,-0.2403218479936987920853542416
ETH-USD,2026-08-28T20:35:23.937195Z,2425.8,2425.86,0.06,2425.83,-0.2403218479936987920853542416
ETH-USD,2026-08-28T20:35:23.970274Z,2425.8,2425.86,0.06,2425.83,-0.2247667451690148732899316908
ETH-USD,2026-08-28T20:35:24.050345Z,2425.8,2425.86,0.06,2425.83,-0.2242613090451453208883527459
ETH-USD,2026-08-28T20:35:24.094616Z,2425.8,2425.85,0.05,2425.825,-0.1474499379147809492545988284
ETH-USD,2026-08-28T20:35:24.140086Z,2425.8,2425.83,0.03,2425.815,-0.07821333430787845679115696231
ETH-USD,2026-08-28T20:35:24.208629Z,2425.75,2425.83,0.08,2425.79,-0.5021310436666695984961944158
ETH-USD,2026-08-28T20:35:24.253208Z,2425.75,2425.83,0.08,2425.79,-0.2481345757206424837186731835
ETH-USD,2026-08-28T20:35:24.303852Z,2425.76,2425.83,0.07,2425.795,-0.2784371813220542303652885107
ETH-USD,2026-08-28T20:35:24.35962Z,2425.77,2425.86,0.09,2425.815,-0.4400224053191055884188446494
ETH-USD,2026-08-28T20:35:24.403885Z,2425.77,2425.86,0.09,2425.815,-0.3049987309116508448505578121
ETH-USD,2026-08-28T20:35:24.480122Z,2425.72,2425.78,0.06,2425.75,-0.3590068318774868557195817407
ETH-USD,2026-08-28T20:35:24.537912Z,2425.54,2425.55,0.01,2425.545,-0.4097900099648298346389082046
ETH-USD,2026-08-28T20:35:24.575606Z,2425.71,2425.87,0.16,2425.79,0.01477820693931736048753174813
ETH-USD,2026-08-28T20:35:24.643999Z,2425.73,2425.85,0.12,2425.79,-0.2270309774550460024950348299
ETH-USD,2026-08-28T20:35:24.684619Z,2425.73,2425.97,0.24,2425.85,0.2934853747206933742694120744
ETH-USD,2026-08-28T20:35:24.737557Z,2425.69,2425.81,0.12,2425.75,-0.6002790841856562504780299069
ETH-USD,2026-08-28T20:35:24.80289Z,2425.79,2425.81,0.02,2425.80,0.2568282711235809357165589786
ETH-USD,2026-08-28T20:35:24.853577Z,2425.79,2425.9,0.11,2425.845,0.05780555109227246624093883984
ETH-USD,2026-08-28T20:35:24.902008Z,2425.79,2425.9,0.11,2425.845,0.2619970509459063453568887460
ETH-USD,2026-08-28T20:35:24.954486Z,2425.79,2425.9,0.11,2425.845,0.1034713439825188186478150462
ETH-USD,2026-08-28T20:35:25.003611Z,2425.79,2425.8,0.01,2425.795,0.3340800463015861401942581129
ETH-USD,2026-08-28T20:35:25.028997Z,2425.79,2425.8,0.01,2425.795,0.1974862796348726132351917362
ETH-USD,2026-08-28T20:35:25.103216Z,2425.79,2425.8,0.01,2425.795,0.1974862796348726132351917362
ETH-USD,2026-08-28T20:35:25.157661Z,2425.83,2425.87,0.04,2425.85,0.01523598094533611445842832286
ETH-USD,2026-08-28T20:35:25.199504Z,2425.83,2425.87,0.04,2425.85,0.1611239426523495977824430833
ETH-USD,2026-08-28T20:35:25.246399Z,2425.83,2425.95,0.12,2425.89,-0.1226966342133459262479245090
ETH-USD,2026-08-28T20:35:25.263857Z,2425.83,2425.95,0.12,2425.89,-0.1226966342133459262479245090
ETH-USD,2026-08-28T20:35:25.363947Z,2425.83,2425.95,0.12,2425.89,-0.1226966342133459262479245090
ETH-USD,2026-08-28T20:35:25.408042Z,2425.83,2425.95,0.12,2425.89,-0.1026288035942949832660472899
ETH-USD,2026-08-28T20:35:25.450238Z,2425.83,2425.95,0.12,2425.89,-0.1026288035942949832660472899
ETH-USD,2026-08-28T20:35:25.497471Z,2425.83,2425.84,0.01,2425.835,-0.01012491808806244097977518658
ETH-USD,2026-08-28T20:35:25.554947Z,2425.83,2425.84,0.01,2425.835,-0.1793088282868594890266284761
ETH-USD,2026-08-28T20:35:25.599391Z,2425.83,2425.84,0.01,2425.835,-0.2600000411697680643151441409
ETH-USD,2026-08-28T20:35:25.627573Z,2425.83,2425.84,0.01,2425.835,-0.2600000411697680643151441409
ETH-USD,2026-08-28T20:35:25.712639Z,2425.83,2425.84,0.01,2425.835,-0.4376212641800780017207296770
ETH-USD,2026-08-28T20:35:25.752567Z,2425.83,2425.84,0.01,2425.835,-0.4468228987017840744566039588
ETH-USD,2026-08-28T20:35:25.802653Z,2425.83,2425.84,0.01,2425.835,-0.5743218099129502117833545163
ETH-USD,2026-08-28T20:35:25.861162Z,2425.92,2426.01,0.09,2425.965,0.3971353529443760599643990516
ETH-USD,2026-08-28T20:35:25.905704Z,2425.95,2426.01,0.06,2425.98,0.2625988753937311180496835536
ETH-USD,2026-08-28T20:35:25.961489Z,2425.57,2425.58,0.01,2425.575,-0.7178530118581281608528475649
ETH-USD,2026-08-28T20:35:26.01334Z,2425.57,2425.65,0.08,2425.61,-0.1099710646256639349479530050
ETH-USD,2026-08-28T20:35:26.030564Z,2425.57,2425.65,0.08,2425.61,-0.1099710646256639349479530050
ETH-USD,2026-08-28T20:35:26.096443Z,2425.57,2425.58,0.01,2425.575,-0.1516758262586827299521104926
ETH-USD,2026-08-28T20:35:26.144406Z,2425.57,2425.58,0.01,2425.575,-0.1516758262586827299521104926
ETH-USD,2026-08-28T20:35:26.199208Z,2425.57,2425.58,0.01,2425.575,-0.02014277377100264971375517479
ETH-USD,2026-08-28T20:35:26.250396Z,2425.57,2425.58,0.01,2425.575,0.06992162670030333386104170724
ETH-USD,2026-08-28T20:35:26.284986Z,2425.57,2425.58,0.01,2425.575,0.06992162670030333386104170724
ETH-USD,2026-08-28T20:35:26.36263Z,2425.55,2425.58,0.03,2425.565,0.1092142311196660565681834637
ETH-USD,2026-08-28T20:35:26.4094Z,2425.55,2425.56,0.01,2425.555,0.02327940343767911927204417078
ETH-USD,2026-08-28T20:35:26.457603Z,2425.55,2425.56,0.01,2425.555,0.1092142311196660565681834637
ETH-USD,2026-08-28T20:35:26.500779Z,2425.55,2425.56,0.01,2425.555,0.1092142311196660565681834637
ETH-USD,2026-08-28T20:35:26.554892Z,2425.55,2425.56,0.01,2425.555,0.3673747018518942629399682280
ETH-USD,2026-08-28T20:35:26.590939Z,2425.55,2425.56,0.01,2425.555,0.3673747018518942629399682280
ETH-USD,2026-08-28T20:35:26.647823Z,2425.55,2425.56,0.01,2425.555,0.1092142311196660565681834637
ETH-USD,2026-08-28T20:35:26.69324Z,2425.55,2425.56,0.01,2425.555,0.1092142311196660565681834637
ETH-USD,2026-08-28T20:35:26.72943Z,2425.55,2425.56,0.01,2425.555,0.1092142311196660565681834637
ETH-USD,2026-08-28T20:35:26.782329Z,2425.55,2425.56,0.01,2425.555,0.1768485999791684440566682612
ETH-USD,2026-08-28T20:35:26.848355Z,2425.55,2425.56,0.01,2425.555,0.1768485999791684440566682612
ETH-USD,2026-08-28T20:35:26.863366Z,2425.54,2425.55,0.01,2425.545,-0.2223975588834253358646752258
ETH-USD,2026-08-28T20:35:26.895257Z,2425.54,2425.55,0.01,2425.545,-0.2223975588834253358646752258
ETH-USD,2026-08-28T20:35:27.004091Z,2425.54,2425.55,0.01,2425.545,-0.06872100877699634919122749027
ETH-USD,2026-08-28T20:35:27.043324Z,2425.54,2425.55,0.01,2425.545,-0.06872100877699634919122749027
ETH-USD,2026-08-28T20:35:27.112359Z,2425.54,2425.55,0.01,2425.545,-0.08585704806511926661428046511
ETH-USD,2026-08-28T20:35:27.156646Z,2425.54,2425.55,0.01,2425.545,-0.08585704806511926661428046511
ETH-USD,2026-08-28T20:35:27.203678Z,2425.54,2425.55,0.01,2425.545,0.08395388664862970530195139856
ETH-USD,2026-08-28T20:35:27.248897Z,2425.54,2425.55,0.01,2425.545,0.08395388664862970530195139856
ETH-USD,2026-08-28T20:35:27.302021Z,2425.63,2425.72,0.09,2425.675,-0.2285082143515039579472819014
ETH-USD,2026-08-28T20:35:27.322385Z,2425.63,2425.72,0.09,2425.675,-0.2285082143515039579472819014
ETH-USD,2026-08-28T20:35:27.412205Z,2425.66,2425.88,0.22,2425.77,-0.09695078112763299492578662128
ETH-USD,2026-08-28T20:35:27.426178Z,2425.66,2425.88,0.22,2425.77,-0.09646262241252712257340626521
ETH-USD,2026-08-28T20:35:27.4986Z,2425.66,2425.84,0.18,2425.75,-0.1552693808654137641924893648
ETH-USD,2026-08-28T20:35:27.540142Z,2425.66,2425.84,0.18,2425.75,-0.1552693808654137641924893648
ETH-USD,2026-08-28T20:35:27.599885Z,2425.82,2425.94,0.12,2425.88,0.2484803078413922298115000224
ETH-USD,2026-08-28T20:35:27.648717Z,2425.83,2426.03,0.20,2425.93,-0.5641106737863507835286384003
ETH-USD,2026-08-28T20:35:27.70886Z,2425.83,2426.03,0.20,2425.93,0.5335632909107488982832841529
ETH-USD,2026-08-28T20:35:27.751441Z,2425.83,2426.03,0.20,2425.93,-0.3467425493955705644353279275
ETH-USD,2026-08-28T20:35:27.800606Z,2425.83,2426.02,0.19,2425.925,-0.4548143275288665061943348808
ETH-USD,2026-08-28T20:35:27.858886Z,2425.83,2426.03,0.20,2425.93,-0.4790589033137972224175472058
ETH-USD,2026-08-28T20:35:27.908458Z,2425.83,2426.02,0.19,2425.925,-0.4803817768507202747827734028
ETH-USD,2026-08-28T20:35:27.944359Z,2425.83,2426.02,0.19,2425.925,-0.4622376762215080177799231678
ETH-USD,2026-08-28T20:35:28.035259Z,2425.83,2426.02,0.19,2425.925,-0.4622376762215080177799231678
ETH-USD,2026-08-28T20:35:28.068464Z,2425.94,2426.02,0.08,2425.98,-0.5371534612809742059052824712
ETH-USD,2026-08-28T20:35:28.129293Z,2425.94,2426.02,0.08,2425.98,-0.5371534612809742059052824712
ETH-USD,2026-08-28T20:35:28.19133Z,2425.94,2426.02,0.08,2425.98,-0.5371534612809742059052824712
ETH-USD,2026-08-28T20:35:28.228437Z,2425.94,2426.02,0.08,2425.98,-0.5371534612809742059052824712
ETH-USD,2026-08-28T20:35:28.292531Z,2425.94,2426.02,0.08,2425.98,-0.5371534612809742059052824712
ETH-USD,2026-08-28T20:35:28.355506Z,2425.94,2426.02,0.08,2425.98,-0.1387154010419419345142266332
ETH-USD,2026-08-28T20:35:28.383897Z,2425.94,2426.02,0.08,2425.98,-0.1387154010419419345142266332
ETH-USD,2026-08-28T20:35:28.438776Z,2425.94,2426.02,0.08,2425.98,-0.1387154010419419345142266332
ETH-USD,2026-08-28T20:35:28.507778Z,2425.94,2426.02,0.08,2425.98,-0.1387154010419419345142266332
ETH-USD,2026-08-28T20:35:28.565712Z,2425.94,2426.01,0.07,2425.975,-0.1929153355085923578276387769
ETH-USD,2026-08-28T20:35:28.607588Z,2425.94,2426.01,0.07,2425.975,-0.1929153355085923578276387769
ETH-USD,2026-08-28T20:35:28.659664Z,2425.89,2426.01,0.12,2425.95,0.002050023109851301470263239782
ETH-USD,2026-08-28T20:35:28.705514Z,2425.89,2426.02,0.13,2425.955,-0.01178081253697564713978596957
ETH-USD,2026-08-28T20:35:28.748469Z,2425.92,2426.02,0.10,2425.97,-0.07925116311982737421684863878
ETH-USD,2026-08-28T20:35:28.817904Z,2425.93,2426.02,0.09,2425.975,-0.01178208086440537739662382791
ETH-USD,2026-08-28T20:35:28.86384Z,2425.93,2426.02,0.09,2425.975,-0.6677608947609531806515523682
ETH-USD,2026-08-28T20:35:28.913295Z,2425.83,2426.02,0.19,2425.925,-0.1021845853890104222242080954
ETH-USD,2026-08-28T20:35:29.000022Z,2425.84,2426,0.16,2425.92,-0.08362238531794987056627523146
ETH-USD,2026-08-28T20:35:29.051841Z,2425.84,2426,0.16,2425.92,-0.2212390663707341369532639232
ETH-USD,2026-08-28T20:35:29.09915Z,2425.84,2426,0.16,2425.92,-0.1589371076100209807197686524
ETH-USD,2026-08-28T20:35:29.126735Z,2425.84,2426,0.16,2425.92,-0.2212390663707341369532639232
ETH-USD,2026-08-28T20:35:29.200717Z,2425.84,2426,0.16,2425.92,-0.2212390663707341369532639232
ETH-USD,2026-08-28T20:35:29.247489Z,2425.84,2426,0.16,2425.92,-0.2212390663707341369532639232
ETH-USD,2026-08-28T20:35:29.308094Z,2425.88,2425.95,0.07,2425.915,-0.2795845109203977520435438295
ETH-USD,2026-08-28T20:35:29.451895Z,2425.88,2425.95,0.07,2425.915,-0.2795845109203977520435438295
ETH-USD,2026-08-28T20:35:29.525301Z,2425.88,2425.95,0.07,2425.915,-0.2795845109203977520435438295
ETH-USD,2026-08-28T20:35:29.607702Z,2425.88,2425.95,0.07,2425.915,-0.2795845109203977520435438295
ETH-USD,2026-08-28T20:35:29.630469Z,2425.88,2425.95,0.07,2425.915,-0.2795845109203977520435438295
ETH-USD,2026-08-28T20:35:29.700774Z,2425.88,2425.95,0.07,2425.915,-0.2063099994333634390216784152
ETH-USD,2026-08-28T20:35:29.742803Z,2425.88,2425.95,0.07,2425.915,-0.3424732931947495496143560812
ETH-USD,2026-08-28T20:35:29.798924Z,2425.88,2426.02,0.14,2425.95,-0.2418077746545105184037643814
ETH-USD,2026-08-28T20:35:29.863664Z,2425.91,2426,0.09,2425.955,-0.3531810733397328118850452062
ETH-USD,2026-08-28T20:35:29.895768Z,2425.91,2426,0.09,2425.955,-0.3574890013405355329471702879
ETH-USD,2026-08-28T20:35:29.961572Z,2425.91,2426,0.09,2425.955,-0.3574890013405355329471702879
ETH-USD,2026-08-28T20:35:30.0018Z,2425.91,2426,0.09,2425.955,-0.3574890013405355329471702879
ETH-USD,2026-08-28T20:35:30.034557Z,2425.91,2426,0.09,2425.955,-0.3574890013405355329471702879
ETH-USD,2026-08-28T20:35:30.09896Z,2425.91,2426,0.09,2425.955,-0.6316184301567447278405322129
ETH-USD,2026-08-28T20:35:30.153229Z,2425.91,2426,0.09,2425.955,-0.3574890013405355329471702879
ETH-USD,2026-08-28T20:35:30.200969Z,2425.91,2426,0.09,2425.955,-0.3574890013405355329471702879
ETH-USD,2026-08-28T20:35:30.238865Z,2425.94,2426.02,0.08,2425.98,-0.1481856097073345133389453754
ETH-USD,2026-08-28T20:35:30.294549Z,2425.91,2426.02,0.11,2425.965,-0.2195476150398459881686603665
ETH-USD,2026-08-28T20:35:30.337876Z,2425.91,2426.02,0.11,2425.965,-0.2186854657866768157658494673
ETH-USD,2026-08-28T20:35:30.397762Z,2425.91,2426.02,0.11,2425.965,-0.6715770256358535877132709240
ETH-USD,2026-08-28T20:35:30.446038Z,2425.89,2426.02,0.13,2425.955,-0.7176760064620644859827780254
ETH-USD,2026-08-28T20:35:30.494297Z,2425.89,2426.02,0.13,2425.955,-0.2324863438972136527314488755
ETH-USD,2026-08-28T20:35:30.553357Z,2425.91,2426.02,0.11,2425.965,-0.6716750787777475203450258818
ETH-USD,2026-08-28T20:35:30.608819Z,2425.91,2426.02,0.11,2425.965,-0.6716750787777475203450258818
ETH-USD,2026-08-28T20:35:30.626788Z,2425.91,2426.02,0.11,2425.965,-0.6716750787777475203450258818
ETH-USD,2026-08-28T20:35:30.69744Z,2425.91,2426.02,0.11,2425.965,-0.6716750787777475203450258818
ETH-USD,2026-08-28T20:35:30.749442Z,2425.91,2426.02,0.11,2425.965,-0.2192401777027743675829122932
ETH-USD,2026-08-28T20:35:30.801903Z,2425.91,2426.02,0.11,2425.965,-0.6716750787777475203450258818
ETH-USD,2026-08-28T20:35:30.857322Z,2425.91,2426.02,0.11,2425.965,-0.6716750787777475203450258818
ETH-USD,2026-08-28T20:35:30.927861Z,2425.91,2426.02,0.11,2425.965,-0.6716750787777475203450258818
ETH-USD,2026-08-28T20:35:30.991915Z,2425.91,2426.01,0.10,2425.96,-0.2688838107401587511566625936
ETH-USD,2026-08-28T20:35:31.026371Z,2425.91,2426.01,0.10,2425.96,-0.2683974194774657183862601802
ETH-USD,2026-08-28T20:35:31.092148Z,2425.91,2426.01,0.10,2425.96,-0.2683974194774657183862601802
ETH-USD,2026-08-28T20:35:31.138016Z,2425.91,2426.01,0.10,2425.96,-0.2683974194774657183862601802
ETH-USD,2026-08-28T20:35:31.204633Z,2425.81,2425.85,0.04,2425.83,-0.3497609376500091707982618478
ETH-USD,2026-08-28T20:35:31.238101Z,2425.54,2425.55,0.01,2425.545,-0.9356830227352598693959386990
ETH-USD,2026-08-28T20:35:31.297582Z,2425.54,2425.55,0.01,2425.545,-0.8675151522988557730914828798
ETH-USD,2026-08-28T20:35:31.347997Z,2425.54,2425.55,0.01,2425.545,-0.7019329507549665632205703011
ETH-USD,2026-08-28T20:35:31.401041Z,2425.22,2425.23,0.01,2425.225,0.3662745491690198386784043190
ETH-USD,2026-08-28T20:35:31.451212Z,2425.22,2425.23,0.01,2425.225,0.4334994480663443996369469593
ETH-USD,2026-08-28T20:35:31.496108Z,2425.22,2425.23,0.01,2425.225,-0.4875962213517912387689476235
ETH-USD,2026-08-28T20:35:31.552264Z,2425.22,2425.23,0.01,2425.225,-0.3433352944912344068291168653
ETH-USD,2026-08-28T20:35:31.599315Z,2425.22,2425.23,0.01,2425.225,0.2595984846058315215720185047
ETH-USD,2026-08-28T20:35:31.656937Z,2425.22,2425.23,0.01,2425.225,0.2718818986849341914877842938
ETH-USD,2026-08-28T20:35:31.753339Z,2425.22,2425.23,0.01,2425.225,0.2718818986849341914877842938
ETH-USD,2026-08-28T20:35:31.799852Z,2425.22,2425.23,0.01,2425.225,0.2718818986849341914877842938
ETH-USD,2026-08-28T20:35:31.842264Z,2425.22,2425.23,0.01,2425.225,0.2718818986849341914877842938
ETH-USD,2026-08-28T20:35:31.92527Z,2425.22,2425.23,0.01,2425.225,0.2718818986849341914877842938
ETH-USD,2026-08-28T20:35:31.964639Z,2425.22,2425.23,0.01,2425.225,0.2718818986849341914877842938
ETH-USD,2026-08-28T20:35:32.046608Z,2425.22,2425.23,0.01,2425.225,0.2718818986849341914877842938
ETH-USD,2026-08-28T20:35:32.161112Z,2425.27,2425.4,0.13,2425.335,-0.1634309481326369938598805602
ETH-USD,2026-08-28T20:35:32.213034Z,2425.27,2425.4,0.13,2425.335,-0.4825165341223619881381193945
ETH-USD,2026-08-28T20:35:32.246161Z,2425.23,2425.24,0.01,2425.235,-0.6421389324447108045848241827
ETH-USD,2026-08-28T20:35:32.285629Z,2425.23,2425.24,0.01,2425.235,-0.6531910819330426773804465913
ETH-USD,2026-08-28T20:35:32.362495Z,2425.23,2425.24,0.01,2425.235,-0.4239922408457578761453809886
ETH-USD,2026-08-28T20:35:32.404424Z,2425.23,2425.24,0.01,2425.235,-0.4234075821300528061652617196
ETH-USD,2026-08-28T20:35:32.454765Z,2425.23,2425.24,0.01,2425.235,-0.6684660602824256535092148638
ETH-USD,2026-08-28T20:35:32.502682Z,2425.23,2425.24,0.01,2425.235,-0.6684660602824256535092148638
ETH-USD,2026-08-28T20:35:32.548032Z,2425.23,2425.24,0.01,2425.235,-0.6684660602824256535092148638
ETH-USD,2026-08-28T20:35:32.604254Z,2425.23,2425.24,0.01,2425.235,-0.6684660602824256535092148638
ETH-USD,2026-08-28T20:35:32.661225Z,2425.23,2425.24,0.01,2425.235,-0.6684660602824256535092148638
ETH-USD,2026-08-28T20:35:32.732978Z,2425.23,2425.24,0.01,2425.235,-0.6542601015038055001983188681
ETH-USD,2026-08-28T20:35:32.801907Z,2425.23,2425.24,0.01,2425.235,-0.6272466338873600668282867340
ETH-USD,2026-08-28T20:35:32.846586Z,2425.23,2425.24,0.01,2425.235,-0.4219457889603287493550643229
ETH-USD,2026-08-28T20:35:32.904882Z,2425.23,2425.24,0.01,2425.235,0.1276696691894796254868230486
ETH-USD,2026-08-28T20:35:32.956075Z,2425.23,2425.24,0.01,2425.235,0.1088742701596272068836645673
ETH-USD,2026-08-28T20:35:33.000373Z,2425.23,2425.24,0.01,2425.235,0.1088742701596272068836645673
ETH-USD,2026-08-28T20:35:33.055016Z,2425.23,2425.24,0.01,2425.235,0.1088742701596272068836645673
ETH-USD,2026-08-28T20:35:33.089802Z,2425.23,2425.24,0.01,2425.235,0.1088742701596272068836645673
ETH-USD,2026-08-28T20:35:33.125649Z,2425.23,2425.24,0.01,2425.235,0.1088742701596272068836645673
ETH-USD,2026-08-28T20:35:33.199307Z,2425.23,2425.24,0.01,2425.235,0.1088742701596272068836645673
ETH-USD,2026-08-28T20:35:33.252899Z,2425.23,2425.24,0.01,2425.235,0.1089830150752234565697129704
ETH-USD,2026-08-28T20:35:33.300261Z,2425.23,2425.24,0.01,2425.235,-0.2788958682235484804269017403
ETH-USD,2026-08-28T20:35:33.344612Z,2425.23,2425.24,0.01,2425.235,0.07249228600066879797713960473
ETH-USD,2026-08-28T20:35:33.407535Z,2425.01,2425.04,0.03,2425.025,0.3289499681188664150673364868
ETH-USD,2026-08-28T20:35:33.450949Z,2425.01,2425.02,0.01,2425.015,0.2006534307876093671793468518
ETH-USD,2026-08-28T20:35:33.499826Z,2425.01,2425.12,0.11,2425.065,-0.7051736008108358203408039690
ETH-USD,2026-08-28T20:35:33.559339Z,2425.01,2425.02,0.01,2425.015,-0.4843029738740235321445790958
ETH-USD,2026-08-28T20:35:33.596908Z,2425.01,2425.02,0.01,2425.015,-0.4058837087858901944738711452
ETH-USD,2026-08-28T20:35:33.655095Z,2425.01,2425.02,0.01,2425.015,-0.3879267119810667659683852008
ETH-USD,2026-08-28T20:35:33.689487Z,2425.01,2425.02,0.01,2425.015,-0.3879267119810667659683852008
ETH-USD,2026-08-28T20:35:33.752488Z,2425.01,2425.02,0.01,2425.015,-0.3879267119810667659683852008
ETH-USD,2026-08-28T20:35:33.75803Z,2425.01,2425.02,0.01,2425.015,0.2625990327191810908001402213
ETH-USD,2026-08-28T20:35:33.848767Z,2425.01,2425.02,0.01,2425.015,-0.6669184447958141889530171748
ETH-USD,2026-08-28T20:35:33.90583Z,2425.01,2425.02,0.01,2425.015,-0.3744054928550024097016231779
ETH-USD,2026-08-28T20:35:33.952097Z,2425.01,2425.02,0.01,2425.015,-0.3744054928550024097016231779
ETH-USD,2026-08-28T20:35:33.980672Z,2425.01,2425.02,0.01,2425.015,-0.3744054928550024097016231779
ETH-USD,2026-08-28T20:35:34.098659Z,2425.01,2425.02,0.01,2425.015,-0.3857960230570667629883589135
ETH-USD,2026-08-28T20:35:34.142434Z,2425.01,2425.02,0.01,2425.015,-0.2717059829080316577432024300
ETH-USD,2026-08-28T20:35:34.175249Z,2425.01,2425.02,0.01,2425.015,-0.6506605276209972641816561533
ETH-USD,2026-08-28T20:35:34.203788Z,2425.01,2425.02,0.01,2425.015,-0.3352294930281921588384765818
ETH-USD,2026-08-28T20:35:34.256229Z,2425.01,2425.02,0.01,2425.015,-0.3353528050629600335466607409
ETH-USD,2026-08-28T20:35:34.572773Z,2424.96,2424.97,0.01,2424.965,-0.8814199119694158696735431546
ETH-USD,2026-08-28T20:35:34.628561Z,2424.96,2424.97,0.01,2424.965,-0.8734310806499651826995555716
ETH-USD,2026-08-28T20:35:34.65939Z,2424.96,2424.97,0.01,2424.965,-0.8734310806499651826995555716
ETH-USD,2026-08-28T20:35:34.72509Z,2424.96,2424.97,0.01,2424.965,-0.8961031749471010786730445098
ETH-USD,2026-08-28T20:35:34.737254Z,2424.44,2424.96,0.52,2424.70,-0.4972513911095489098631489322
ETH-USD,2026-08-28T20:35:34.790756Z,2424.56,2424.64,0.08,2424.60,-0.4691131530955652374894743244
ETH-USD,2026-08-28T20:35:34.844102Z,2424.56,2424.63,0.07,2424.595,-0.7282000276246412850712634992
ETH-USD,2026-08-28T20:35:34.895586Z,2424.44,2424.45,0.01,2424.445,-0.9958855072591693039057087852
ETH-USD,2026-08-28T20:35:34.945296Z,2424.32,2424.33,0.01,2424.325,-0.8739630559301540945499861818
ETH-USD,2026-08-28T20:35:34.993446Z,2424.32,2424.33,0.01,2424.325,-0.8728158450744986509241792552
ETH-USD,2026-08-28T20:35:35.050353Z,2424.32,2424.33,0.01,2424.325,-0.9510062085004541049786418567
ETH-USD,2026-08-28T20:35:35.099203Z,2424.32,2424.33,0.01,2424.325,-0.9631508235075930378602140482
ETH-USD,2026-08-28T20:35:35.138311Z,2424.32,2424.46,0.14,2424.39,-0.8897322413859800840881673702
ETH-USD,2026-08-28T20:35:35.197453Z,2424.32,2424.46,0.14,2424.39,-0.9344834887322219554799438564
ETH-USD,2026-08-28T20:35:35.247404Z,2424.32,2424.46,0.14,2424.39,-0.9344834887322219554799438564
ETH-USD,2026-08-28T20:35:35.290636Z,2424.32,2424.46,0.14,2424.39,-0.8395843926547125786460228257
ETH-USD,2026-08-28T20:35:35.351682Z,2424.33,2424.46,0.13,2424.395,-0.1311648446069857634651131712
ETH-USD,2026-08-28T20:35:35.407967Z,2424.33,2424.45,0.12,2424.39,-0.4035446541182590402044753922
ETH-USD,2026-08-28T20:35:35.434764Z,2424.33,2424.34,0.01,2424.335,-0.6375698120444537762021110694
ETH-USD,2026-08-28T20:35:35.46124Z,2424.33,2424.34,0.01,2424.335,-0.6375698120444537762021110694
ETH-USD,2026-08-28T20:35:35.556327Z,2424.33,2424.34,0.01,2424.335,-0.6450733656329833409233681386
ETH-USD,2026-08-28T20:35:35.571597Z,2424.33,2424.34,0.01,2424.335,-0.6450733656329833409233681386
ETH-USD,2026-08-28T20:35:35.655739Z,2424.33,2424.34,0.01,2424.335,-0.6450733656329833409233681386
ETH-USD,2026-08-28T20:35:35.692047Z,2424.33,2424.34,0.01,2424.335,-0.6450733656329833409233681386
ETH-USD,2026-08-28T20:35:35.726198Z,2424.33,2424.34,0.01,2424.335,-0.6450733656329833409233681386
ETH-USD,2026-08-28T20:35:35.80629Z,2424.33,2424.34,0.01,2424.335,-0.6450733656329833409233681386
ETH-USD,2026-08-28T20:35:35.84565Z,2424.33,2424.34,0.01,2424.335,-0.6450733656329833409233681386
ETH-USD,2026-08-28T20:35:35.909523Z,2424.33,2424.45,0.12,2424.39,-0.8118129155472418769199934677
ETH-USD,2026-08-28T20:35:35.951197Z,2424.33,2424.44,0.11,2424.385,-0.9081902870693818099496541398
ETH-USD,2026-08-28T20:35:35.994699Z,2424.33,2424.44,0.11,2424.385,-0.9229826965426515851078169708
ETH-USD,2026-08-28T20:35:36.04827Z,2424.34,2424.42,0.08,2424.38,-0.8565898334889870895953891382
ETH-USD,2026-08-28T20:35:36.059468Z,2424.34,2424.42,0.08,2424.38,-0.8565898334889870895953891382
ETH-USD,2026-08-28T20:35:36.138337Z,2424.34,2424.45,0.11,2424.395,-0.9513415676354884550088525307
ETH-USD,2026-08-28T20:35:36.208157Z,2424.34,2424.45,0.11,2424.395,-0.9513415676354884550088525307
ETH-USD,2026-08-28T20:35:36.313033Z,2424.38,2424.45,0.07,2424.415,-0.9518922913336126850721104228
ETH-USD,2026-08-28T20:35:36.329539Z,2424.38,2424.45,0.07,2424.415,-0.9518922913336126850721104228
ETH-USD,2026-08-28T20:35:36.408598Z,2424.38,2424.45,0.07,2424.415,-0.9518922913336126850721104228
ETH-USD,2026-08-28T20:35:36.453542Z,2424.38,2424.39,0.01,2424.385,-0.9269180393946549574135900339
ETH-USD,2026-08-28T20:35:36.496966Z,2424.38,2424.39,0.01,2424.385,-0.9269180393946549574135900339
ETH-USD,2026-08-28T20:35:36.548945Z,2424.38,2424.39,0.01,2424.385,-0.8470385991350729510200155823
ETH-USD,2026-08-28T20:35:36.598721Z,2424.39,2424.4,0.01,2424.395,-0.8100512281740428423960931807
ETH-USD,2026-08-28T20:35:36.642712Z,2424.39,2424.43,0.04,2424.41,-0.8143456736087013302010384521
ETH-USD,2026-08-28T20:35:36.703297Z,2424.39,2424.44,0.05,2424.415,-0.8224469955616227056805627107
ETH-USD,2026-08-28T20:35:36.754362Z,2424.39,2424.45,0.06,2424.42,-0.8781786155241174423781823882
ETH-USD,2026-08-28T20:35:36.984754Z,2424.39,2424.43,0.04,2424.41,-0.6267281826955311523083402495
ETH-USD,2026-08-28T20:35:37.040342Z,2424.39,2424.43,0.04,2424.41,-0.6267281826955311523083402495
ETH-USD,2026-08-28T20:35:37.109564Z,2424.39,2424.43,0.04,2424.41,-0.6267281826955311523083402495
ETH-USD,2026-08-28T20:35:37.149997Z,2424.39,2424.43,0.04,2424.41,-0.6267281826955311523083402495
ETH-USD,2026-08-28T20:35:37.20489Z,2424.39,2424.44,0.05,2424.415,-0.8191191761780601305025123383
ETH-USD,2026-08-28T20:35:37.237396Z,2424.39,2424.44,0.05,2424.415,-0.8191191761780601305025123383
ETH-USD,2026-08-28T20:35:37.358438Z,2424.39,2424.45,0.06,2424.42,-0.8781811792239276009407541608
ETH-USD,2026-08-28T20:35:37.411718Z,2424.39,2424.44,0.05,2424.415,-0.8392492593589532474055711842
ETH-USD,2026-08-28T20:35:37.443141Z,2424.34,2424.44,0.10,2424.39,-0.8392492593589532474055711842
ETH-USD,2026-08-28T20:35:37.462947Z,2424.34,2424.44,0.10,2424.39,-0.8392492593589532474055711842
ETH-USD,2026-08-28T20:35:37.548634Z,2424.36,2424.44,0.08,2424.40,-0.8392377731791862174000194629
ETH-USD,2026-08-28T20:35:37.654504Z,2424.36,2424.44,0.08,2424.40,-0.8392377731791862174000194629
ETH-USD,2026-08-28T20:35:37.699724Z,2424.36,2424.44,0.08,2424.40,-0.8392377731791862174000194629
ETH-USD,2026-08-28T20:35:37.80264Z,2424.36,2424.44,0.08,2424.40,-0.8392377731791862174000194629
ETH-USD,2026-08-28T20:35:37.850707Z,2424.36,2424.44,0.08,2424.40,-0.8392377731791862174000194629
ETH-USD,2026-08-28T20:35:37.910904Z,2424.36,2424.44,0.08,2424.40,-0.8392377731791862174000194629
ETH-USD,2026-08-28T20:35:37.926313Z,2424.36,2424.44,0.08,2424.40,-0.8392377731791862174000194629
ETH-USD,2026-08-28T20:35:37.991539Z,2424.36,2424.44,0.08,2424.40,-0.8392377731791862174000194629
ETH-USD,2026-08-28T20:35:38.03047Z,2424.36,2424.44,0.08,2424.40,-0.8392377731791862174000194629
ETH-USD,2026-08-28T20:35:38.096431Z,2424.36,2424.44,0.08,2424.40,-0.8392377731791862174000194629
ETH-USD,2026-08-28T20:35:38.126327Z,2424.36,2424.44,0.08,2424.40,-0.8392377731791862174000194629
ETH-USD,2026-08-28T20:35:38.202402Z,2424.36,2424.44,0.08,2424.40,-0.8939516884635824918786640787
ETH-USD,2026-08-28T20:35:38.251398Z,2424.33,2424.45,0.12,2424.39,-0.9265740812348079374308871250
ETH-USD,2026-08-28T20:35:38.278603Z,2424.33,2424.45,0.12,2424.39,-0.9265740812348079374308871250
ETH-USD,2026-08-28T20:35:38.349747Z,2424.33,2424.48,0.15,2424.405,-0.8953706533676030807624045625
ETH-USD,2026-08-28T20:35:38.400053Z,2424.33,2424.48,0.15,2424.405,-0.8953706533676030807624045625
ETH-USD,2026-08-28T20:35:38.426829Z,2424.33,2424.48,0.15,2424.405,-0.8953706533676030807624045625
ETH-USD,2026-08-28T20:35:38.491467Z,2424.33,2424.48,0.15,2424.405,-0.8953706533676030807624045625
ETH-USD,2026-08-28T20:35:38.52345Z,2424.4,2424.48,0.08,2424.44,-0.8914280417282346752361486372
ETH-USD,2026-08-28T20:35:38.592412Z,2424.4,2424.48,0.08,2424.44,-0.8911306607374527051570345547
ETH-USD,2026-08-28T20:35:38.654595Z,2424.4,2424.48,0.08,2424.44,-0.8911306607374527051570345547
ETH-USD,2026-08-28T20:35:38.690318Z,2424.4,2424.48,0.08,2424.44,-0.8911306607374527051570345547
ETH-USD,2026-08-28T20:35:38.725221Z,2424.41,2424.48,0.07,2424.445,-0.8911310649899880603921859571
ETH-USD,2026-08-28T20:35:38.859018Z,2424.42,2424.48,0.06,2424.45,-0.8911310649899880603921859571
ETH-USD,2026-08-28T20:35:38.900899Z,2424.42,2424.48,0.06,2424.45,-0.8911310920377669035061385676
ETH-USD,2026-08-28T20:35:38.942903Z,2424.42,2424.48,0.06,2424.45,-0.8911310920377669035061385676
ETH-USD,2026-08-28T20:35:39.043341Z,2424.42,2424.48,0.06,2424.45,-0.8911310920377669035061385676
ETH-USD,2026-08-28T20:35:39.084378Z,2424.42,2424.48,0.06,2424.45,-0.8911310920377669035061385676
ETH-USD,2026-08-28T20:35:39.126175Z,2424.42,2424.48,0.06,2424.45,-0.8911310920377669035061385676
ETH-USD,2026-08-28T20:35:39.165622Z,2424.42,2424.48,0.06,2424.45,-0.8911310920377669035061385676
ETH-USD,2026-08-28T20:35:39.225747Z,2424.42,2424.48,0.06,2424.45,-0.8911310920377669035061385676
ETH-USD,2026-08-28T20:35:39.295055Z,2424.42,2424.48,0.06,2424.45,-0.8911310920377669035061385676
ETH-USD,2026-08-28T20:35:39.324026Z,2424.42,2424.48,0.06,2424.45,-0.8911310920377669035061385676
ETH-USD,2026-08-28T20:35:39.351761Z,2424.42,2424.48,0.06,2424.45,-0.8911536128176654647877487354
ETH-USD,2026-08-28T20:35:39.426228Z,2424.42,2424.48,0.06,2424.45,-0.8911536128176654647877487354
ETH-USD,2026-08-28T20:35:39.481248Z,2424.42,2424.48,0.06,2424.45,-0.8911536128176654647877487354
ETH-USD,2026-08-28T20:35:39.568726Z,2424.42,2424.48,0.06,2424.45,-0.8911536128176654647877487354
ETH-USD,2026-08-28T20:35:39.640703Z,2424.47,2424.48,0.01,2424.475,-0.8833642627403092046739946720
ETH-USD,2026-08-28T20:35:39.687008Z,2424.47,2424.48,0.01,2424.475,-0.8814916583063993519044284743
ETH-USD,2026-08-28T20:35:39.728688Z,2424.47,2424.48,0.01,2424.475,-0.8814916583063993519044284743
ETH-USD,2026-08-28T20:35:39.773636Z,2424.45,2424.48,0.03,2424.465,-0.8211418629827265509028315160
ETH-USD,2026-08-28T20:35:39.83779Z,2424.41,2424.48,0.07,2424.445,-0.8659270960767449283906923709
ETH-USD,2026-08-28T20:35:39.939581Z,2424.41,2424.48,0.07,2424.445,-0.8659270960767449283906923709
ETH-USD,2026-08-28T20:35:39.995078Z,2424.41,2424.48,0.07,2424.445,-0.8659270960767449283906923709
ETH-USD,2026-08-28T20:35:40.037856Z,2424.41,2424.48,0.07,2424.445,-0.8659270960767449283906923709
ETH-USD,2026-08-28T20:35:40.087981Z,2424.41,2424.48,0.07,2424.445,-0.8659270960767449283906923709
ETH-USD,2026-08-28T20:35:40.197188Z,2424.42,2424.6,0.18,2424.51,-0.8485328492045403313948703586
ETH-USD,2026-08-28T20:35:40.228572Z,2424.42,2424.6,0.18,2424.51,-0.8485328492045403313948703586
ETH-USD,2026-08-28T20:35:40.292044Z,2424.43,2424.6,0.17,2424.515,-0.8485331434809715523117885841
ETH-USD,2026-08-28T20:35:40.353768Z,2424.43,2424.6,0.17,2424.515,-0.8485331434809715523117885841
ETH-USD,2026-08-28T20:35:40.40241Z,2424.41,2424.53,0.12,2424.47,-0.8813738470188352171495613451
ETH-USD,2026-08-28T20:35:40.45211Z,2424.41,2424.53,0.12,2424.47,-0.8813738470188352171495613451
ETH-USD,2026-08-28T20:35:40.4937Z,2424.41,2424.53,0.12,2424.47,-0.8813738470188352171495613451
ETH-USD,2026-08-28T20:35:40.55813Z,2424.47,2424.53,0.06,2424.50,-0.8282597154436553609621857456
ETH-USD,2026-08-28T20:35:40.608525Z,2424.47,2424.53,0.06,2424.50,-0.8282597154436553609621857456
ETH-USD,2026-08-28T20:35:40.661588Z,2424.47,2424.53,0.06,2424.50,-0.8282597154436553609621857456
ETH-USD,2026-08-28T20:35:40.734611Z,2424.47,2424.53,0.06,2424.50,-0.8282597154436553609621857456
ETH-USD,2026-08-28T20:35:40.765583Z,2424.47,2424.53,0.06,2424.50,-0.8282597154436553609621857456
ETH-USD,2026-08-28T20:35:40.835882Z,2424.47,2424.53,0.06,2424.50,-0.8282597154436553609621857456
ETH-USD,2026-08-28T20:35:40.909796Z,2424.47,2424.53,0.06,2424.50,-0.8282597154436553609621857456
ETH-USD,2026-08-28T20:35:40.925618Z,2424.47,2424.53,0.06,2424.50,-0.8282597154436553609621857456
ETH-USD,2026-08-28T20:35:41.254632Z,2424.47,2424.53,0.06,2424.50,-0.8282597154436553609621857456
ETH-USD,2026-08-28T20:35:41.294784Z,2424.47,2424.53,0.06,2424.50,-0.8282597154436553609621857456
ETH-USD,2026-08-28T20:35:41.33537Z,2424.47,2424.53,0.06,2424.50,-0.8282597154436553609621857456
ETH-USD,2026-08-28T20:35:41.410512Z,2424.47,2424.53,0.06,2424.50,-0.8283111282640324618817092585
ETH-USD,2026-08-28T20:35:41.447809Z,2424.47,2424.53,0.06,2424.50,-0.8283111282640324618817092585
ETH-USD,2026-08-28T20:35:41.486173Z,2424.47,2424.53,0.06,2424.50,-0.8283111282640324618817092585
ETH-USD,2026-08-28T20:35:41.540142Z,2424.48,2424.53,0.05,2424.505,-0.8283115544531556550939669419
ETH-USD,2026-08-28T20:35:41.613375Z,2424.48,2424.53,0.05,2424.505,-0.8283112525344216386697368143
ETH-USD,2026-08-28T20:35:41.753594Z,2424.48,2424.53,0.05,2424.505,-0.8283112525344216386697368143
ETH-USD,2026-08-28T20:35:41.804656Z,2424.48,2424.53,0.05,2424.505,-0.8283112525344216386697368143
ETH-USD,2026-08-28T20:35:41.824611Z,2424.48,2424.53,0.05,2424.505,-0.8283112525344216386697368143
ETH-USD,2026-08-28T20:35:41.978433Z,2424.48,2424.53,0.05,2424.505,-0.8283112525344216386697368143
ETH-USD,2026-08-28T20:35:42.040353Z,2424.48,2424.53,0.05,2424.505,-0.8283112525344216386697368143
ETH-USD,2026-08-28T20:35:42.134752Z,2424.48,2424.53,0.05,2424.505,-0.8283112525344216386697368143
ETH-USD,2026-08-28T20:35:42.291923Z,2424.48,2424.53,0.05,2424.505,-0.8283112525344216386697368143
ETH-USD,2026-08-28T20:35:42.32685Z,2424.48,2424.53,0.05,2424.505,-0.8283112525344216386697368143
ETH-USD,2026-08-28T20:35:42.446806Z,2424.48,2424.52,0.04,2424.50,-0.8233256805863062364305207448
ETH-USD,2026-08-28T20:35:42.481749Z,2424.45,2424.52,0.07,2424.485,-0.8283110190334219889178725800
ETH-USD,2026-08-28T20:35:42.538202Z,2424.45,2424.52,0.07,2424.485,-0.8283110190334219889178725800
ETH-USD,2026-08-28T20:35:42.599165Z,2424.46,2424.52,0.06,2424.49,-0.8283110190334219889178725800
ETH-USD,2026-08-28T20:35:42.635418Z,2424.46,2424.52,0.06,2424.49,-0.8283110190334219889178725800
ETH-USD,2026-08-28T20:35:42.738004Z,2424.46,2424.52,0.06,2424.49,-0.8283110190334219889178725800
ETH-USD,2026-08-28T20:35:42.85192Z,2424.46,2424.52,0.06,2424.49,-0.8283110190334219889178725800
ETH-USD,2026-08-28T20:35:42.890145Z,2424.46,2424.51,0.05,2424.485,-0.8220194707361510487821891515
ETH-USD,2026-08-28T20:35:42.953337Z,2424.46,2424.5,0.04,2424.48,-0.6722286682476127319295148371
ETH-USD,2026-08-28T20:35:43.02946Z,2424.47,2424.53,0.06,2424.50,-0.8191454322737170913943614737
ETH-USD,2026-08-28T20:35:43.093879Z,2424.48,2424.53,0.05,2424.505,-0.8191454322737170913943614737
ETH-USD,2026-08-28T20:35:43.122639Z,2424.49,2424.53,0.04,2424.51,-0.8191458789651350322033003707
ETH-USD,2026-08-28T20:35:43.227635Z,2424.49,2424.53,0.04,2424.51,-0.8191458789651350322033003707
ETH-USD,2026-08-28T20:35:43.287339Z,2424.49,2424.53,0.04,2424.51,-0.8191458789651350322033003707
ETH-USD,2026-08-28T20:35:43.335422Z,2424.49,2424.53,0.04,2424.51,-0.8219649753824540754207451560
ETH-USD,2026-08-28T20:35:43.397878Z,2424.49,2424.57,0.08,2424.53,-0.8260174576298826322716829332
ETH-USD,2026-08-28T20:35:43.442602Z,2424.49,2424.57,0.08,2424.53,-0.8260174576298826322716829332
ETH-USD,2026-08-28T20:35:43.491007Z,2424.44,2424.56,0.12,2424.50,-0.8195522397753799166126972276
ETH-USD,2026-08-28T20:35:43.545511Z,2424.45,2424.55,0.10,2424.50,-0.6790374218160542765735600489
ETH-USD,2026-08-28T20:35:43.599713Z,2424.41,2424.46,0.05,2424.435,-0.7132495006470141395601062688
ETH-USD,2026-08-28T20:35:43.658437Z,2424.41,2424.45,0.04,2424.43,-0.5137282540404034901688876103
ETH-USD,2026-08-28T20:35:43.690818Z,2424.41,2424.44,0.03,2424.425,-0.5137282540404034901688876103
ETH-USD,2026-08-28T20:35:43.749512Z,2424.41,2424.44,0.03,2424.425,-0.5137282540404034901688876103
ETH-USD,2026-08-28T20:35:43.789059Z,2424.41,2424.43,0.02,2424.42,-0.5137282540404034901688876103
ETH-USD,2026-08-28T20:35:43.844532Z,2424.41,2424.43,0.02,2424.42,-0.5137282540404034901688876103
ETH-USD,2026-08-28T20:35:43.885302Z,2424.41,2424.43,0.02,2424.42,-0.5137282540404034901688876103
ETH-USD,2026-08-28T20:35:43.966903Z,2424.41,2424.43,0.02,2424.42,-0.5137282540404034901688876103
ETH-USD,2026-08-28T20:35:43.986412Z,2424.41,2424.43,0.02,2424.42,-0.5137282540404034901688876103
ETH-USD,2026-08-28T20:35:44.053029Z,2424.41,2424.43,0.02,2424.42,-0.5137282540404034901688876103
ETH-USD,2026-08-28T20:35:44.083317Z,2424.41,2424.43,0.02,2424.42,-0.5361852770303110957192607521
ETH-USD,2026-08-28T20:35:44.127957Z,2424.41,2424.43,0.02,2424.42,-0.5361852770303110957192607521
ETH-USD,2026-08-28T20:35:44.235167Z,2424.41,2424.43,0.02,2424.42,-0.5361852770303110957192607521
ETH-USD,2026-08-28T20:35:44.338822Z,2424.41,2424.43,0.02,2424.42,-0.5367434252236240526626452439
ETH-USD,2026-08-28T20:35:44.386789Z,2424.41,2424.43,0.02,2424.42,-0.5367434252236240526626452439
ETH-USD,2026-08-28T20:35:44.458329Z,2424.4,2424.41,0.01,2424.405,-0.5405068540964285978733629022
ETH-USD,2026-08-28T20:35:44.503033Z,2424.4,2424.41,0.01,2424.405,-0.5367434111336234642897224658
ETH-USD,2026-08-28T20:35:44.555596Z,2424.4,2424.41,0.01,2424.405,-0.5851965019316727500275544169
ETH-USD,2026-08-28T20:35:44.563801Z,2424.4,2424.41,0.01,2424.405,-0.6094050904441874104312363249
ETH-USD,2026-08-28T20:35:44.702489Z,2424.4,2424.41,0.01,2424.405,-0.5945813811048281595029787660
ETH-USD,2026-08-28T20:35:44.72914Z,2424.4,2424.41,0.01,2424.405,-0.5945813811048281595029787660
ETH-USD,2026-08-28T20:35:44.788309Z,2424.4,2424.41,0.01,2424.405,-0.4699892395533165558221656865
ETH-USD,2026-08-28T20:35:44.864404Z,2424.4,2424.41,0.01,2424.405,-0.4699892395533165558221656865
ETH-USD,2026-08-28T20:35:44.898165Z,2424.4,2424.41,0.01,2424.405,-0.4699927498492420273114658287
ETH-USD,2026-08-28T20:35:44.91606Z,2424.4,2424.41,0.01,2424.405,-0.4699927498492420273114658287
ETH-USD,2026-08-28T20:35:44.973442Z,2424.4,2424.41,0.01,2424.405,-0.4699927498492420273114658287
ETH-USD,2026-08-28T20:35:45.03328Z,2424.4,2424.41,0.01,2424.405,-0.4384348726289329830414831192
ETH-USD,2026-08-28T20:35:45.126071Z,2424.4,2424.41,0.01,2424.405,-0.4384348726289329830414831192
ETH-USD,2026-08-28T20:35:45.20204Z,2424.4,2424.41,0.01,2424.405,-0.4357088575741583236564949673
ETH-USD,2026-08-28T20:35:45.252032Z,2424.4,2424.41,0.01,2424.405,-0.4357088575741583236564949673
ETH-USD,2026-08-28T20:35:45.307538Z,2424.4,2424.41,0.01,2424.405,-0.4357088575741583236564949673
ETH-USD,2026-08-28T20:35:45.326337Z,2424.4,2424.41,0.01,2424.405,-0.4357088575741583236564949673
ETH-USD,2026-08-28T20:35:45.370815Z,2424.4,2424.41,0.01,2424.405,-0.4357097951588601171553446155
ETH-USD,2026-08-28T20:35:45.426982Z,2424.4,2424.41,0.01,2424.405,-0.4357097951588601171553446155
ETH-USD,2026-08-28T20:35:45.487698Z,2424.4,2424.41,0.01,2424.405,-0.4006221169295719405574106445
ETH-USD,2026-08-28T20:35:45.54127Z,2424.4,2424.41,0.01,2424.405,-0.4006221169295719405574106445
ETH-USD,2026-08-28T20:35:45.57385Z,2424.4,2424.41,0.01,2424.405,-0.4006221169295719405574106445
ETH-USD,2026-08-28T20:35:45.655895Z,2424.4,2424.41,0.01,2424.405,-0.4006221169295719405574106445
ETH-USD,2026-08-28T20:35:45.709333Z,2424.4,2424.41,0.01,2424.405,-0.4006221169295719405574106445
ETH-USD,2026-08-28T20:35:45.738121Z,2424.4,2424.41,0.01,2424.405,-0.4006221169295719405574106445
ETH-USD,2026-08-28T20:35:45.795813Z,2424.4,2424.41,0.01,2424.405,-0.4006221169295719405574106445
ETH-USD,2026-08-28T20:35:45.875857Z,2424.4,2424.41,0.01,2424.405,-0.4006221169295719405574106445
ETH-USD,2026-08-28T20:35:45.932526Z,2424.4,2424.41,0.01,2424.405,-0.4006221169295719405574106445
ETH-USD,2026-08-28T20:35:46.03877Z,2424.4,2424.41,0.01,2424.405,-0.4006221169295719405574106445
ETH-USD,2026-08-28T20:35:46.101194Z,2424.4,2424.41,0.01,2424.405,-0.4006221169295719405574106445
ETH-USD,2026-08-28T20:35:46.132801Z,2424.4,2424.41,0.01,2424.405,-0.4006221169295719405574106445
ETH-USD,2026-08-28T20:35:46.168056Z,2424.4,2424.41,0.01,2424.405,-0.4006221169295719405574106445
ETH-USD,2026-08-28T20:35:46.246054Z,2424.31,2424.33,0.02,2424.32,-0.05461953817043877085163465251
ETH-USD,2026-08-28T20:35:46.276812Z,2424.31,2424.33,0.02,2424.32,-0.05461953817043877085163465251
ETH-USD,2026-08-28T20:35:46.32428Z,2424.32,2424.33,0.01,2424.325,-0.1517065353763991858792069826
ETH-USD,2026-08-28T20:35:46.382114Z,2424.32,2424.33,0.01,2424.325,0.06200536492336332962593716540
ETH-USD,2026-08-28T20:35:46.436719Z,2424.32,2424.33,0.01,2424.325,0.06200536492336332962593716540
ETH-USD,2026-08-28T20:35:46.500393Z,2424.32,2424.33,0.01,2424.325,0.06200536492336332962593716540
ETH-USD,2026-08-28T20:35:46.533147Z,2424.32,2424.33,0.01,2424.325,0.06200536492336332962593716540
ETH-USD,2026-08-28T20:35:46.562772Z,2424.32,2424.33,0.01,2424.325,0.06200536492336332962593716540
ETH-USD,2026-08-28T20:35:46.649974Z,2424.31,2424.33,0.02,2424.32,0.1806513910639944088709902890
ETH-USD,2026-08-28T20:35:46.749074Z,2424.31,2424.33,0.02,2424.32,0.1806513910639944088709902890
ETH-USD,2026-08-28T20:35:46.778534Z,2424.31,2424.33,0.02,2424.32,0.1806513910639944088709902890
ETH-USD,2026-08-28T20:35:46.84865Z,2424.31,2424.32,0.01,2424.315,0.08603320713619296288323019935
ETH-USD,2026-08-28T20:35:46.869598Z,2424.31,2424.32,0.01,2424.315,-0.1231644592403786727021156505
ETH-USD,2026-08-28T20:35:46.955387Z,2424.32,2424.39,0.07,2424.355,-0.4633838005383459605288870112
ETH-USD,2026-08-28T20:35:47.001734Z,2424.32,2424.37,0.05,2424.345,-0.6100791370496957924834241965
ETH-USD,2026-08-28T20:35:47.059415Z,2424.32,2424.36,0.04,2424.34,-0.6149499785576845473783915161
ETH-USD,2026-08-28T20:35:47.083152Z,2424.33,2424.39,0.06,2424.36,-0.4633838005383459605288870112
ETH-USD,2026-08-28T20:35:47.151095Z,2424.38,2424.41,0.03,2424.395,-0.3465512986084213717941868295
ETH-USD,2026-08-28T20:35:47.200308Z,2424.38,2424.41,0.03,2424.395,-0.3465512986084213717941868295
ETH-USD,2026-08-28T20:35:47.26107Z,2424.38,2424.43,0.05,2424.405,-0.4072131694310998843342742748
ETH-USD,2026-08-28T20:35:47.306468Z,2424.38,2424.39,0.01,2424.385,-0.4562203181373443597090072652
ETH-USD,2026-08-28T20:35:47.346267Z,2424.38,2424.39,0.01,2424.385,-0.4562203181373443597090072652
ETH-USD,2026-08-28T20:35:47.38891Z,2424.38,2424.39,0.01,2424.385,-0.4562203181373443597090072652
ETH-USD,2026-08-28T20:35:47.427289Z,2424.38,2424.39,0.01,2424.385,-0.4562203181373443597090072652
ETH-USD,2026-08-28T20:35:47.510272Z,2424.38,2424.39,0.01,2424.385,-0.4562203181373443597090072652
ETH-USD,2026-08-28T20:35:47.526093Z,2424.38,2424.39,0.01,2424.385,-0.4562203181373443597090072652
ETH-USD,2026-08-28T20:35:47.586754Z,2424.38,2424.39,0.01,2424.385,-0.3911339963143402044050272891
ETH-USD,2026-08-28T20:35:47.658135Z,2424.38,2424.39,0.01,2424.385,-0.3911339963143402044050272891
ETH-USD,2026-08-28T20:35:47.703348Z,2424.38,2424.39,0.01,2424.385,-0.3911339963143402044050272891
ETH-USD,2026-08-28T20:35:47.740159Z,2424.38,2424.39,0.01,2424.385,-0.3911339963143402044050272891
ETH-USD,2026-08-28T20:35:47.793034Z,2424.38,2424.39,0.01,2424.385,-0.4485307990060050261227397343
ETH-USD,2026-08-28T20:35:47.855004Z,2424.38,2424.39,0.01,2424.385,-0.4485307990060050261227397343
ETH-USD,2026-08-28T20:35:47.898147Z,2424.38,2424.39,0.01,2424.385,-0.4485307990060050261227397343
ETH-USD,2026-08-28T20:35:47.959158Z,2424.38,2424.39,0.01,2424.385,-0.4485307990060050261227397343
ETH-USD,2026-08-28T20:35:47.985269Z,2424.38,2424.39,0.01,2424.385,-0.4483082345081950342220215406
ETH-USD,2026-08-28T20:35:48.042402Z,2424.38,2424.39,0.01,2424.385,-0.4483082345081950342220215406
ETH-USD,2026-08-28T20:35:48.125207Z,2424.38,2424.39,0.01,2424.385,-0.4483082345081950342220215406
ETH-USD,2026-08-28T20:35:48.198304Z,2424.38,2424.39,0.01,2424.385,-0.4483082345081950342220215406
ETH-USD,2026-08-28T20:35:48.234258Z,2424.38,2424.39,0.01,2424.385,-0.4483082345081950342220215406
ETH-USD,2026-08-28T20:35:48.284234Z,2424.38,2424.39,0.01,2424.385,-0.4483082345081950342220215406
ETH-USD,2026-08-28T20:35:48.326259Z,2424.38,2424.39,0.01,2424.385,-0.4483082345081950342220215406
ETH-USD,2026-08-28T20:35:48.425234Z,2424.38,2424.39,0.01,2424.385,-0.4483082345081950342220215406
ETH-USD,2026-08-28T20:35:48.494965Z,2424.38,2424.39,0.01,2424.385,-0.4483082345081950342220215406
ETH-USD,2026-08-28T20:35:48.544159Z,2424.38,2424.39,0.01,2424.385,-0.3908980079241220959118225842
ETH-USD,2026-08-28T20:35:48.606532Z,2424.38,2424.39,0.01,2424.385,-0.3870383392593557043785468195
ETH-USD,2026-08-28T20:35:48.641223Z,2424.38,2424.39,0.01,2424.385,-0.4451437448476419189544529706
ETH-USD,2026-08-28T20:35:48.752775Z,2424.38,2424.39,0.01,2424.385,-0.4451437448476419189544529706
ETH-USD,2026-08-28T20:35:48.866502Z,2424.38,2424.39,0.01,2424.385,-0.4451437448476419189544529706
ETH-USD,2026-08-28T20:35:48.901458Z,2424.38,2424.39,0.01,2424.385,-0.4451437448476419189544529706
ETH-USD,2026-08-28T20:35:48.932193Z,2424.38,2424.39,0.01,2424.385,-0.4451437448476419189544529706
ETH-USD,2026-08-28T20:35:48.999686Z,2424.38,2424.39,0.01,2424.385,-0.4451437448476419189544529706
ETH-USD,2026-08-28T20:35:49.065836Z,2424.38,2424.39,0.01,2424.385,-0.4451437448476419189544529706
ETH-USD,2026-08-28T20:35:49.070551Z,2424.38,2424.39,0.01,2424.385,-0.4451437448476419189544529706
ETH-USD,2026-08-28T20:35:49.165572Z,2424.38,2424.39,0.01,2424.385,-0.4445216106019811022675201440
ETH-USD,2026-08-28T20:35:49.256099Z,2424.38,2424.39,0.01,2424.385,-0.4445216106019811022675201440
ETH-USD,2026-08-28T20:35:49.325301Z,2424.38,2424.39,0.01,2424.385,-0.4445216106019811022675201440
ETH-USD,2026-08-28T20:35:49.43058Z,2424.38,2424.39,0.01,2424.385,-0.4445216106019811022675201440
ETH-USD,2026-08-28T20:35:49.483004Z,2424.38,2424.39,0.01,2424.385,-0.4445216106019811022675201440
ETH-USD,2026-08-28T20:35:49.52683Z,2424.38,2424.39,0.01,2424.385,-0.4445216106019811022675201440
ETH-USD,2026-08-28T20:35:49.631629Z,2424.38,2424.39,0.01,2424.385,-0.4445216106019811022675201440
ETH-USD,2026-08-28T20:35:49.697389Z,2424.38,2424.39,0.01,2424.385,-0.4825703398327619824976205118
ETH-USD,2026-08-28T20:35:49.708808Z,2424.38,2424.39,0.01,2424.385,-0.4813301698273062488386682744
ETH-USD,2026-08-28T20:35:49.799642Z,2424.38,2424.39,0.01,2424.385,-0.4617672443268394371728706944
ETH-USD,2026-08-28T20:35:49.834264Z,2424.38,2424.39,0.01,2424.385,-0.4617672443268394371728706944
ETH-USD,2026-08-28T20:35:49.950051Z,2424.38,2424.39,0.01,2424.385,-0.4617672443268394371728706944
ETH-USD,2026-08-28T20:35:49.972317Z,2424.38,2424.39,0.01,2424.385,-0.4617672443268394371728706944
ETH-USD,2026-08-28T20:35:50.03617Z,2424.38,2424.39,0.01,2424.385,-0.4617672443268394371728706944
ETH-USD,2026-08-28T20:35:50.097341Z,2424.38,2424.39,0.01,2424.385,-0.4617672443268394371728706944
ETH-USD,2026-08-28T20:35:50.129219Z,2424.38,2424.39,0.01,2424.385,-0.4617672443268394371728706944
ETH-USD,2026-08-28T20:35:50.203972Z,2424.38,2424.43,0.05,2424.405,-0.3857766732773736450127811255
ETH-USD,2026-08-28T20:35:50.230339Z,2424.42,2424.43,0.01,2424.425,-0.7633638424726548211096979226
ETH-USD,2026-08-28T20:35:50.302603Z,2424.42,2424.43,0.01,2424.425,-0.7633638424726548211096979226
ETH-USD,2026-08-28T20:35:50.361574Z,2424.42,2424.43,0.01,2424.425,-0.7197996540269149119713393819
ETH-USD,2026-08-28T20:35:50.49332Z,2424.42,2424.43,0.01,2424.425,-0.7182984308809453333963749270
ETH-USD,2026-08-28T20:35:50.518333Z,2424.42,2424.43,0.01,2424.425,-0.7182984308809453333963749270
ETH-USD,2026-08-28T20:35:50.601151Z,2424.42,2424.43,0.01,2424.425,-0.8792051328082132183809597147
ETH-USD,2026-08-28T20:35:50.662227Z,2424.41,2424.43,0.02,2424.42,-0.8793015699370448589816020545
ETH-USD,2026-08-28T20:35:50.713155Z,2424.41,2424.43,0.02,2424.42,-0.8792021074346034682424805783
ETH-USD,2026-08-28T20:35:50.74034Z,2424.41,2424.42,0.01,2424.415,-0.7285698112507864888628682769
ETH-USD,2026-08-28T20:35:50.849518Z,2424.41,2424.42,0.01,2424.415,-0.6797933423268739406005200753
ETH-USD,2026-08-28T20:35:50.892378Z,2424.41,2424.42,0.01,2424.415,-0.6797933423268739406005200753
ETH-USD,2026-08-28T20:35:50.94199Z,2424.41,2424.42,0.01,2424.415,-0.7285698112507864888628682769
ETH-USD,2026-08-28T20:35:50.993153Z,2424.41,2424.42,0.01,2424.415,-0.6797933423268739406005200753
ETH-USD,2026-08-28T20:35:51.03078Z,2424.41,2424.42,0.01,2424.415,-0.6797933423268739406005200753
ETH-USD,2026-08-28T20:35:51.088245Z,2424.41,2424.42,0.01,2424.415,-0.6797933423268739406005200753
ETH-USD,2026-08-28T20:35:51.157423Z,2424.41,2424.43,0.02,2424.42,-0.8494819222724964768728503886
ETH-USD,2026-08-28T20:35:51.197567Z,2424.42,2424.43,0.01,2424.425,-0.8744468254314094563540352413
ETH-USD,2026-08-28T20:35:51.218461Z,2424.42,2424.43,0.01,2424.425,-0.8743405120120642711364034467
ETH-USD,2026-08-28T20:35:51.36499Z,2424.42,2424.43,0.01,2424.425,-0.8743405120120642711364034467
ETH-USD,2026-08-28T20:35:51.454777Z,2424.42,2424.43,0.01,2424.425,-0.8743405201229219940935988069
ETH-USD,2026-08-28T20:35:51.506855Z,2424.42,2424.43,0.01,2424.425,-0.8778408884801201035215398009
ETH-USD,2026-08-28T20:35:51.550491Z,2424.41,2424.42,0.01,2424.415,-0.7604373304812132191790345070
ETH-USD,2026-08-28T20:35:51.579115Z,2424.41,2424.42,0.01,2424.415,-0.7604373304812132191790345070
ETH-USD,2026-08-28T20:35:51.660712Z,2424.41,2424.42,0.01,2424.415,-0.9128775684249621811773819179
ETH-USD,2026-08-28T20:35:51.700327Z,2424.41,2424.42,0.01,2424.415,-0.9114281033762763615002349613
ETH-USD,2026-08-28T20:35:51.737386Z,2424.41,2424.42,0.01,2424.415,-0.9114281033762763615002349613
ETH-USD,2026-08-28T20:35:51.800754Z,2424.41,2424.42,0.01,2424.415,-0.9114281033762763615002349613
ETH-USD,2026-08-28T20:35:51.842089Z,2424.41,2424.42,0.01,2424.415,-0.9114281033762763615002349613
ETH-USD,2026-08-28T20:35:51.866271Z,2424.41,2424.43,0.02,2424.42,-0.9126895513128953503315925416
ETH-USD,2026-08-28T20:35:51.92421Z,2424.42,2424.43,0.01,2424.425,-0.9275194802381144397748126505
ETH-USD,2026-08-28T20:35:51.995821Z,2424.42,2424.43,0.01,2424.425,-0.9054942373068239794870826741
ETH-USD,2026-08-28T20:35:52.028703Z,2424.42,2424.43,0.01,2424.425,-0.9054942373068239794870826741
ETH-USD,2026-08-28T20:35:52.19498Z,2424.39,2424.4,0.01,2424.395,0.005792845728884644760145733729
ETH-USD,2026-08-28T20:35:52.230675Z,2424.39,2424.4,0.01,2424.395,0.005792845728884644760145733729
ETH-USD,2026-08-28T20:35:52.295635Z,2424.2,2424.4,0.2,2424.3,0.06006126457659665299998574786
ETH-USD,2026-08-28T20:35:52.365112Z,2424.34,2424.36,0.02,2424.35,0.2375007805369304586179788510
ETH-USD,2026-08-28T20:35:52.404447Z,2424.35,2424.36,0.01,2424.355,-0.2320567679926356543700152719
ETH-USD,2026-08-28T20:35:52.423534Z,2424.35,2424.36,0.01,2424.355,0.006443661226753812585662255853
ETH-USD,2026-08-28T20:35:52.477129Z,2424.34,2424.36,0.02,2424.35,0.006442136719862815687228741435
ETH-USD,2026-08-28T20:35:52.5487Z,2424.34,2424.35,0.01,2424.345,0.006744434689789218409182807878
ETH-USD,2026-08-28T20:35:52.580161Z,2424.31,2424.33,0.02,2424.32,0.2230171633222116805818671814
ETH-USD,2026-08-28T20:35:52.623571Z,2424.31,2424.33,0.02,2424.32,0.2230171633222116805818671814
ETH-USD,2026-08-28T20:35:52.683918Z,2424.31,2424.33,0.02,2424.32,0.4037464314176874122360326564
ETH-USD,2026-08-28T20:35:52.764508Z,2424.31,2424.34,0.03,2424.325,0.4034930630933638395768299445
ETH-USD,2026-08-28T20:35:52.795803Z,2424.31,2424.34,0.03,2424.325,0.2128261719335047825364192361
ETH-USD,2026-08-28T20:35:52.82783Z,2424.31,2424.34,0.03,2424.325,0.2128261719335047825364192361
ETH-USD,2026-08-28T20:35:52.897256Z,2424.31,2424.34,0.03,2424.325,0.2128261719335047825364192361
ETH-USD,2026-08-28T20:35:52.967509Z,2424.37,2424.4,0.03,2424.385,-0.3780657577222226510614066704
ETH-USD,2026-08-28T20:35:53.004944Z,2424.39,2424.43,0.04,2424.41,-0.7851626114304658819913142418
ETH-USD,2026-08-28T20:35:53.044767Z,2424.28,2424.43,0.15,2424.355,-0.8607982201736029733432606028
ETH-USD,2026-08-28T20:35:53.108074Z,2424.3,2424.43,0.13,2424.365,-0.9065348511666624276435991250
ETH-USD,2026-08-28T20:35:53.141651Z,2424.3,2424.42,0.12,2424.36,-0.9051841226675139835813955191
ETH-USD,2026-08-28T20:35:53.211368Z,2424.36,2424.39,0.03,2424.375,-0.7772156634813290066136013426
ETH-USD,2026-08-28T20:35:53.305683Z,2424.32,2424.37,0.05,2424.345,-0.4354826642385603338952364939
ETH-USD,2026-08-28T20:35:53.339233Z,2424.32,2424.38,0.06,2424.35,-0.4354826642385603338952364939
ETH-USD,2026-08-28T20:35:53.377731Z,2424.36,2424.4,0.04,2424.38,-0.6971186015721641992830197215
ETH-USD,2026-08-28T20:35:53.559594Z,2424.37,2424.4,0.03,2424.385,-0.1205062602599505239749683854
ETH-USD,2026-08-28T20:35:53.60349Z,2424.29,2424.42,0.13,2424.355,-0.3373620873314450511021505686
ETH-USD,2026-08-28T20:35:53.712222Z,2424.29,2424.42,0.13,2424.355,-0.3373620873314450511021505686
ETH-USD,2026-08-28T20:35:53.741665Z,2424.38,2424.42,0.04,2424.40,-0.3373620873314450511021505686
ETH-USD,2026-08-28T20:35:53.801978Z,2424.31,2424.4,0.09,2424.355,0.04129883606413077281388885336
ETH-USD,2026-08-28T20:35:53.861131Z,2424.31,2424.4,0.09,2424.355,0.04129883606413077281388885336
ETH-USD,2026-08-28T20:35:53.940767Z,2424.31,2424.4,0.09,2424.355,0.04129883606413077281388885336
ETH-USD,2026-08-28T20:35:53.99983Z,2424.31,2424.4,0.09,2424.355,-0.1597733868753734716089059231
ETH-USD,2026-08-28T20:35:54.034773Z,2424.31,2424.4,0.09,2424.355,-0.1597733868753734716089059231
ETH-USD,2026-08-28T20:35:54.089795Z,2424.31,2424.38,0.07,2424.345,0.2400054620775250581486586254
ETH-USD,2026-08-28T20:35:54.16648Z,2424.31,2424.38,0.07,2424.345,0.2400054620775250581486586254
ETH-USD,2026-08-28T20:35:54.29285Z,2424.31,2424.38,0.07,2424.345,0.2400054620775250581486586254
ETH-USD,2026-08-28T20:35:54.353287Z,2424.31,2424.38,0.07,2424.345,0.2400054620775250581486586254
ETH-USD,2026-08-28T20:35:54.402099Z,2424.33,2424.38,0.05,2424.355,0.4235069731033300041989487746
ETH-USD,2026-08-28T20:35:54.453253Z,2424.33,2424.38,0.05,2424.355,0.4235069731033300041989487746
ETH-USD,2026-08-28T20:35:54.553899Z,2424.35,2424.36,0.01,2424.355,0.3303397548669670852121696626
ETH-USD,2026-08-28T20:35:54.602156Z,2424.35,2424.36,0.01,2424.355,0.3303397548669670852121696626
ETH-USD,2026-08-28T20:35:54.653833Z,2424.35,2424.36,0.01,2424.355,0.3303397548669670852121696626
ETH-USD,2026-08-28T20:35:54.685482Z,2424.35,2424.36,0.01,2424.355,0.3303397548669670852121696626
ETH-USD,2026-08-28T20:35:54.735922Z,2424.35,2424.36,0.01,2424.355,0.3303397548669670852121696626
ETH-USD,2026-08-28T20:35:54.80436Z,2424.35,2424.36,0.01,2424.355,0.3303397548669670852121696626
ETH-USD,2026-08-28T20:35:54.906158Z,2424.35,2424.36,0.01,2424.355,0.2289532841396971939272903511
ETH-USD,2026-08-28T20:35:54.946016Z,2424.33,2424.34,0.01,2424.335,-0.02046056999235620267724866879
ETH-USD,2026-08-28T20:35:54.989098Z,2424.33,2424.34,0.01,2424.335,0.1425906800104234470454295506
ETH-USD,2026-08-28T20:35:55.061371Z,2424.33,2424.34,0.01,2424.335,0.1425906800104234470454295506
ETH-USD,2026-08-28T20:35:55.093124Z,2424.33,2424.34,0.01,2424.335,0.1425906800104234470454295506
ETH-USD,2026-08-28T20:35:55.127869Z,2424.33,2424.34,0.01,2424.335,0.4021390771024932966274730297
ETH-USD,2026-08-28T20:35:55.251543Z,2424.33,2424.34,0.01,2424.335,-0.2006312538345645596489356927
ETH-USD,2026-08-28T20:35:55.306Z,2424.33,2424.34,0.01,2424.335,-0.2006312538345645596489356927
ETH-USD,2026-08-28T20:35:55.324749Z,2424.33,2424.34,0.01,2424.335,-0.2006312538345645596489356927
ETH-USD,2026-08-28T20:35:55.412629Z,2424.33,2424.34,0.01,2424.335,-0.2006312538345645596489356927
ETH-USD,2026-08-28T20:35:55.427809Z,2424.33,2424.34,0.01,2424.335,-0.2006312538345645596489356927
ETH-USD,2026-08-28T20:35:55.473796Z,2424.33,2424.34,0.01,2424.335,-0.2006312538345645596489356927
ETH-USD,2026-08-28T20:35:55.522987Z,2424.33,2424.34,0.01,2424.335,0.2565775029549562912632989109
ETH-USD,2026-08-28T20:35:55.592641Z,2424.33,2424.34,0.01,2424.335,0.2565775029549562912632989109
ETH-USD,2026-08-28T20:35:55.655443Z,2424.33,2424.34,0.01,2424.335,0.2565775029549562912632989109
ETH-USD,2026-08-28T20:35:55.698458Z,2424.34,2424.35,0.01,2424.345,0.4436718599148271813408953333
ETH-USD,2026-08-28T20:35:55.728511Z,2424.35,2424.38,0.03,2424.365,-0.2918011274219979426363637403
ETH-USD,2026-08-28T20:35:55.792929Z,2424.39,2424.4,0.01,2424.395,-0.6079018538552659938923450536
ETH-USD,2026-08-28T20:35:55.823222Z,2424.39,2424.4,0.01,2424.395,-0.6079018538552659938923450536
ETH-USD,2026-08-28T20:35:55.935053Z,2424.39,2424.4,0.01,2424.395,-0.5252783964358389414225161131
ETH-USD,2026-08-28T20:35:55.983428Z,2424.39,2424.4,0.01,2424.395,-0.5252783964358389414225161131
ETH-USD,2026-08-28T20:35:56.058439Z,2424.39,2424.4,0.01,2424.395,-0.5252783964358389414225161131
ETH-USD,2026-08-28T20:35:56.085849Z,2424.39,2424.4,0.01,2424.395,-0.5252783964358389414225161131
ETH-USD,2026-08-28T20:35:56.125712Z,2424.39,2424.4,0.01,2424.395,-0.5252783964358389414225161131
ETH-USD,2026-08-28T20:35:56.24036Z,2424.39,2424.4,0.01,2424.395,-0.5252783964358389414225161131
ETH-USD,2026-08-28T20:35:56.283664Z,2424.39,2424.4,0.01,2424.395,-0.5252783964358389414225161131
ETH-USD,2026-08-28T20:35:56.355903Z,2424.4,2424.43,0.03,2424.415,-0.4930004110096676310135068629
ETH-USD,2026-08-28T20:35:56.403422Z,2424.41,2424.43,0.02,2424.42,-0.6195359231782290963187540878
ETH-USD,2026-08-28T20:35:56.449597Z,2424.42,2424.43,0.01,2424.425,-0.6195359231782290963187540878
ETH-USD,2026-08-28T20:35:56.497095Z,2424.42,2424.43,0.01,2424.425,-0.7733439340413242664046433191
ETH-USD,2026-08-28T20:35:56.564792Z,2424.2,2424.42,0.22,2424.31,-0.5483656667283573931889296627
ETH-USD,2026-08-28T20:35:56.584384Z,2424.33,2424.42,0.09,2424.375,-0.4275453958175919212113219332
ETH-USD,2026-08-28T20:35:56.704519Z,2424.34,2424.43,0.09,2424.385,-0.5551146664275716045642637783
ETH-USD,2026-08-28T20:35:56.736493Z,2424.34,2424.43,0.09,2424.385,-0.5551146664275716045642637783
ETH-USD,2026-08-28T20:35:56.835983Z,2424.33,2424.4,0.07,2424.365,-0.1021457036263500659848974307
ETH-USD,2026-08-28T20:35:56.886722Z,2424.21,2424.41,0.20,2424.31,-0.1687491536138850560430394423
ETH-USD,2026-08-28T20:35:56.944364Z,2424.21,2424.41,0.20,2424.31,-0.1687491536138850560430394423
ETH-USD,2026-08-28T20:35:56.985343Z,2424.33,2424.4,0.07,2424.365,-0.1021457036263500659848974307
ETH-USD,2026-08-28T20:35:57.050135Z,2424.37,2424.42,0.05,2424.395,-0.1380785179102559955759091035
ETH-USD,2026-08-28T20:35:57.068696Z,2424.37,2424.42,0.05,2424.395,-0.1380785179102559955759091035
ETH-USD,2026-08-28T20:35:57.139767Z,2424.33,2424.43,0.10,2424.38,-0.4868429686416316285213950324
ETH-USD,2026-08-28T20:35:57.210129Z,2424.33,2424.43,0.10,2424.38,-0.4868429686416316285213950324
ETH-USD,2026-08-28T20:35:57.24358Z,2424.39,2424.43,0.04,2424.41,-0.4916078509640978467345251833
ETH-USD,2026-08-28T20:35:57.365149Z,2424.22,2424.42,0.20,2424.32,-0.4056680224830982983628873490
ETH-USD,2026-08-28T20:35:57.415959Z,2424.22,2424.42,0.20,2424.32,-0.4056680224830982983628873490
ETH-USD,2026-08-28T20:35:57.445656Z,2424.42,2424.43,0.01,2424.425,-0.6720412325728146814628530836
ETH-USD,2026-08-28T20:35:57.518219Z,2424.42,2424.43,0.01,2424.425,-0.7287818432551870459988561106
ETH-USD,2026-08-28T20:35:57.549657Z,2424.43,2424.81,0.38,2424.62,-0.05925770183750657482993471470
ETH-USD,2026-08-28T20:35:57.610954Z,2424.7,2424.71,0.01,2424.705,0.4895780204839006306754161871
ETH-USD,2026-08-28T20:35:57.6561Z,2424.63,2424.7,0.07,2424.665,0.4437201233152007104544742775
ETH-USD,2026-08-28T20:35:57.695578Z,2424.63,2424.69,0.06,2424.66,0.3384098345016957028190272376
ETH-USD,2026-08-28T20:35:57.750169Z,2424.64,2424.65,0.01,2424.645,0.5296333088195039611116362923
ETH-USD,2026-08-28T20:35:57.801105Z,2424.64,2424.65,0.01,2424.645,0.4032352526066087166619530721
ETH-USD,2026-08-28T20:35:57.861826Z,2424.64,2424.65,0.01,2424.645,0.3027504877047557138224077707
ETH-USD,2026-08-28T20:35:57.909802Z,2424.64,2424.65,0.01,2424.645,0.4835327071764281841981525011
ETH-USD,2026-08-28T20:35:57.952038Z,2424.64,2424.65,0.01,2424.645,0.05635633481030487454686948754
ETH-USD,2026-08-28T20:35:58.006122Z,2424.64,2424.65,0.01,2424.645,0.05635633481030487454686948754
ETH-USD,2026-08-28T20:35:58.040494Z,2424.64,2424.65,0.01,2424.645,0.05635633481030487454686948754
ETH-USD,2026-08-28T20:35:58.086623Z,2424.64,2424.65,0.01,2424.645,0.05635633481030487454686948754
ETH-USD,2026-08-28T20:35:58.15024Z,2424.64,2424.65,0.01,2424.645,0.09669181091475409001159237151
ETH-USD,2026-08-28T20:35:58.174983Z,2424.64,2424.65,0.01,2424.645,0.09669181091475409001159237151
ETH-USD,2026-08-28T20:35:58.261086Z,2424.63,2424.64,0.01,2424.635,0.2932172338524724091493349215
ETH-USD,2026-08-28T20:35:58.313255Z,2424.63,2424.64,0.01,2424.635,0.2065043326520805200068514821
ETH-USD,2026-08-28T20:35:58.350181Z,2424.63,2424.64,0.01,2424.635,0.3314471258242851252656852639
ETH-USD,2026-08-28T20:35:58.371198Z,2424.63,2424.64,0.01,2424.635,0.3314471258242851252656852639
ETH-USD,2026-08-28T20:35:58.459868Z,2424.63,2424.64,0.01,2424.635,-0.3971560291602650451260284734
ETH-USD,2026-08-28T20:35:58.504252Z,2424.63,2424.64,0.01,2424.635,-0.3971560291602650451260284734
ETH-USD,2026-08-28T20:35:58.538297Z,2424.63,2424.64,0.01,2424.635,-0.4511118839322350207231608248
ETH-USD,2026-08-28T20:35:58.59875Z,2424.36,2424.63,0.27,2424.495,-0.3997527901990977531188958983
ETH-USD,2026-08-28T20:35:58.648059Z,2424.57,2424.6,0.03,2424.585,-0.4600533770242644929556387765
ETH-USD,2026-08-28T20:35:58.702664Z,2424.62,2424.63,0.01,2424.625,-0.4470533388403636395314957569
ETH-USD,2026-08-28T20:35:58.707658Z,2424.62,2424.63,0.01,2424.625,-0.4470533388403636395314957569
ETH-USD,2026-08-28T20:35:58.804518Z,2424.62,2424.63,0.01,2424.625,-0.4470533388403636395314957569
ETH-USD,2026-08-28T20:35:58.853707Z,2424.62,2424.63,0.01,2424.625,-0.4713482907506018062623665291
ETH-USD,2026-08-28T20:35:58.890431Z,2424.62,2424.63,0.01,2424.625,-0.4713482907506018062623665291
ETH-USD,2026-08-28T20:35:58.947517Z,2424.62,2424.63,0.01,2424.625,-0.4713482907506018062623665291
ETH-USD,2026-08-28T20:35:58.990972Z,2424.62,2424.63,0.01,2424.625,-0.4713482907506018062623665291
ETH-USD,2026-08-28T20:35:59.041302Z,2424.62,2424.63,0.01,2424.625,-0.4713482907506018062623665291
ETH-USD,2026-08-28T20:35:59.103511Z,2424.62,2424.63,0.01,2424.625,-0.04721727624353728113128084144
ETH-USD,2026-08-28T20:35:59.157884Z,2424.62,2424.63,0.01,2424.625,-0.04721727624353728113128084144
ETH-USD,2026-08-28T20:35:59.208894Z,2424.62,2424.63,0.01,2424.625,-0.4413027765115711410457074519
ETH-USD,2026-08-28T20:35:59.225272Z,2424.62,2424.63,0.01,2424.625,-0.4413027765115711410457074519
ETH-USD,2026-08-28T20:35:59.293888Z,2424.62,2424.63,0.01,2424.625,-0.5278489687594861697160595280
ETH-USD,2026-08-28T20:35:59.310298Z,2424.62,2424.63,0.01,2424.625,-0.5278489687594861697160595280
ETH-USD,2026-08-28T20:35:59.449067Z,2424.59,2424.6,0.01,2424.595,-0.4963947701071576465595795210
ETH-USD,2026-08-28T20:35:59.481113Z,2424.59,2424.6,0.01,2424.595,-0.4172966050511383649284905493
ETH-USD,2026-08-28T20:35:59.523478Z,2424.59,2424.6,0.01,2424.595,-0.4399885132960175280281609847
ETH-USD,2026-08-28T20:35:59.608073Z,2424.59,2424.6,0.01,2424.595,-0.4399885132960175280281609847
ETH-USD,2026-08-28T20:35:59.662375Z,2424.59,2424.6,0.01,2424.595,-0.4497086932497369443211843639
ETH-USD,2026-08-28T20:35:59.681002Z,2424.36,2424.59,0.23,2424.475,-0.02780189747532490686164132425
ETH-USD,2026-08-28T20:35:59.765875Z,2424.36,2424.59,0.23,2424.475,-0.3971895976916434688313778438
ETH-USD,2026-08-28T20:35:59.812853Z,2424.58,2424.64,0.06,2424.61,0.1713003087630419186834331553
ETH-USD,2026-08-28T20:35:59.84998Z,2424.63,2424.64,0.01,2424.635,0.01753994434884558008842378440
ETH-USD,2026-08-28T20:35:59.915222Z,2424.63,2424.64,0.01,2424.635,0.3320617646785526486154337788
ETH-USD,2026-08-28T20:35:59.956375Z,2424.63,2424.64,0.01,2424.635,0.4541663588114154275732055362
ETH-USD,2026-08-28T20:36:00.012037Z,2424.57,2424.64,0.07,2424.605,0.4541663588114154275732055362
ETH-USD,2026-08-28T20:36:00.052453Z,2424.41,2424.63,0.22,2424.52,0.4813920604661104137699471039
ETH-USD,2026-08-28T20:36:00.110137Z,2424.41,2424.63,0.22,2424.52,0.4813920604661104137699471039
ETH-USD,2026-08-28T20:36:00.143991Z,2424.62,2424.63,0.01,2424.625,0.4779817689442163679770639309
ETH-USD,2026-08-28T20:36:00.213881Z,2424.62,2424.63,0.01,2424.625,0.1886098141545352779636877591
ETH-USD,2026-08-28T20:36:00.253805Z,2424.62,2424.63,0.01,2424.625,0.1512785582523885481317140376
ETH-USD,2026-08-28T20:36:00.259167Z,2424.62,2424.63,0.01,2424.625,0.1512785582523885481317140376
ETH-USD,2026-08-28T20:36:00.340452Z,2424.62,2424.63,0.01,2424.625,0.1512785582523885481317140376
ETH-USD,2026-08-28T20:36:00.412272Z,2424.62,2424.63,0.01,2424.625,0.1512785582523885481317140376
ETH-USD,2026-08-28T20:36:00.457986Z,2424.56,2424.63,0.07,2424.595,0.1512785582523885481317140376
ETH-USD,2026-08-28T20:36:00.500352Z,2424.62,2424.63,0.01,2424.625,0.1060608805728310551800862009
ETH-USD,2026-08-28T20:36:00.522811Z,2424.62,2424.63,0.01,2424.625,0.1060608805728310551800862009
ETH-USD,2026-08-28T20:36:00.60686Z,2424.75,2424.96,0.21,2424.855,-0.1324264773872216057691052832
ETH-USD,2026-08-28T20:36:00.645152Z,2424.81,2424.94,0.13,2424.875,-0.1713560025350134768217678394
ETH-USD,2026-08-28T20:36:00.70716Z,2424.62,2424.84,0.22,2424.73,0.5536214914317681119396756067
ETH-USD,2026-08-28T20:36:00.758201Z,2424.56,2424.71,0.15,2424.635,0.07298471074193195294839782742
ETH-USD,2026-08-28T20:36:00.803754Z,2424.56,2424.62,0.06,2424.59,-0.04424761844560562273871327434
ETH-USD,2026-08-28T20:36:00.865077Z,2424.31,2424.42,0.11,2424.365,0.3163002771657763365270296946
ETH-USD,2026-08-28T20:36:00.895287Z,2424.31,2424.42,0.11,2424.365,0.3163002771657763365270296946
ETH-USD,2026-08-28T20:36:00.99808Z,2424.5,2424.51,0.01,2424.505,-0.7357904496529165335420821124
ETH-USD,2026-08-28T20:36:01.03985Z,2424.5,2424.51,0.01,2424.505,-0.7357904496529165335420821124
ETH-USD,2026-08-28T20:36:01.093861Z,2424.21,2424.32,0.11,2424.265,-0.08267203527451909116151127963
ETH-USD,2026-08-28T20:36:01.147353Z,2424.37,2424.4,0.03,2424.385,-0.7284695113710562970004382251
ETH-USD,2026-08-28T20:36:01.203838Z,2424.24,2424.39,0.15,2424.315,-0.01313946965533461968875331892
ETH-USD,2026-08-28T20:36:01.256354Z,2424.24,2424.25,0.01,2424.245,-0.2602531726965493199205416121
ETH-USD,2026-08-28T20:36:01.30889Z,2424.24,2424.25,0.01,2424.245,-0.4009912584443415357476427676
ETH-USD,2026-08-28T20:36:01.354358Z,2424.24,2424.25,0.01,2424.245,-0.4009912584443415357476427676
ETH-USD,2026-08-28T20:36:01.381352Z,2424.24,2424.25,0.01,2424.245,-0.4009912584443415357476427676
ETH-USD,2026-08-28T20:36:01.453399Z,2424.24,2424.25,0.01,2424.245,-0.4009912584443415357476427676
ETH-USD,2026-08-28T20:36:01.503703Z,2424.24,2424.25,0.01,2424.245,-0.4009912584443415357476427676
ETH-USD,2026-08-28T20:36:01.527956Z,2424.24,2424.25,0.01,2424.245,-0.3592575721077705704513479349
ETH-USD,2026-08-28T20:36:01.607074Z,2424.24,2424.25,0.01,2424.245,-0.3592575721077705704513479349
ETH-USD,2026-08-28T20:36:01.64554Z,2424.13,2424.25,0.12,2424.19,-0.9384683336189304065161651361
ETH-USD,2026-08-28T20:36:01.698289Z,2424.12,2424.13,0.01,2424.125,-0.7905923837230452860758155720
ETH-USD,2026-08-28T20:36:01.750701Z,2424.12,2424.13,0.01,2424.125,-0.7905923837230452860758155720
ETH-USD,2026-08-28T20:36:01.801518Z,2424.12,2424.13,0.01,2424.125,-0.7905923837230452860758155720
ETH-USD,2026-08-28T20:36:01.833419Z,2424.12,2424.13,0.01,2424.125,-0.5010297006929498838627515634
ETH-USD,2026-08-28T20:36:01.903794Z,2424.12,2424.13,0.01,2424.125,-0.7905923837230452860758155720
ETH-USD,2026-08-28T20:36:01.948757Z,2424.12,2424.13,0.01,2424.125,-0.4648001888739867227899931665
ETH-USD,2026-08-28T20:36:02.003723Z,2424.12,2424.13,0.01,2424.125,-0.4648001888739867227899931665
ETH-USD,2026-08-28T20:36:02.047841Z,2424.12,2424.13,0.01,2424.125,-0.4648001888739867227899931665
ETH-USD,2026-08-28T20:36:02.076966Z,2424.12,2424.13,0.01,2424.125,-0.4648001888739867227899931665
ETH-USD,2026-08-28T20:36:02.151685Z,2424.12,2424.13,0.01,2424.125,-0.4648001888739867227899931665
ETH-USD,2026-08-28T20:36:02.167555Z,2424.12,2424.13,0.01,2424.125,-0.4648001888739867227899931665
ETH-USD,2026-08-28T20:36:02.255142Z,2424.12,2424.13,0.01,2424.125,-0.4648001888739867227899931665
ETH-USD,2026-08-28T20:36:02.286259Z,2424.12,2424.13,0.01,2424.125,-0.4648001888739867227899931665
ETH-USD,2026-08-28T20:36:02.363493Z,2424.12,2424.13,0.01,2424.125,-0.4648001888739867227899931665
ETH-USD,2026-08-28T20:36:02.387317Z,2424.12,2424.13,0.01,2424.125,-0.4648001888739867227899931665
ETH-USD,2026-08-28T20:36:02.426294Z,2424.12,2424.13,0.01,2424.125,-0.4648001888739867227899931665
ETH-USD,2026-08-28T20:36:02.556173Z,2424.12,2424.13,0.01,2424.125,-0.7169302295071468012384044754
ETH-USD,2026-08-28T20:36:02.598279Z,2424.12,2424.13,0.01,2424.125,-0.6942822378946582143030622765
ETH-USD,2026-08-28T20:36:02.649371Z,2424.12,2424.13,0.01,2424.125,-0.6942822378946582143030622765
ETH-USD,2026-08-28T20:36:02.689092Z,2424.12,2424.13,0.01,2424.125,-0.6942822378946582143030622765
ETH-USD,2026-08-28T20:36:02.741203Z,2424.12,2424.13,0.01,2424.125,-0.6942822378946582143030622765
ETH-USD,2026-08-28T20:36:02.816442Z,2424.12,2424.13,0.01,2424.125,-0.4493940602455411960530375700
ETH-USD,2026-08-28T20:36:02.840653Z,2424.12,2424.13,0.01,2424.125,-0.6992471172414587598027217321
ETH-USD,2026-08-28T20:36:02.895776Z,2424.12,2424.13,0.01,2424.125,-0.6992471172414587598027217321
ETH-USD,2026-08-28T20:36:02.940815Z,2424.12,2424.13,0.01,2424.125,-0.6992471172414587598027217321
ETH-USD,2026-08-28T20:36:02.992207Z,2424.12,2424.13,0.01,2424.125,-0.6992471172414587598027217321
ETH-USD,2026-08-28T20:36:03.024633Z,2424.12,2424.13,0.01,2424.125,-0.6058612795495455324868974245
ETH-USD,2026-08-28T20:36:03.108982Z,2424.12,2424.13,0.01,2424.125,-0.6058612795495455324868974245
ETH-USD,2026-08-28T20:36:03.142844Z,2424.12,2424.13,0.01,2424.125,-0.6058612795495455324868974245
ETH-USD,2026-08-28T20:36:03.18539Z,2424.12,2424.13,0.01,2424.125,-0.6058612795495455324868974245
ETH-USD,2026-08-28T20:36:03.336125Z,2424.12,2424.13,0.01,2424.125,-0.6058612795495455324868974245
ETH-USD,2026-08-28T20:36:03.534161Z,2424.12,2424.13,0.01,2424.125,-0.5807743159722225437270344146
ETH-USD,2026-08-28T20:36:03.570941Z,2424.12,2424.13,0.01,2424.125,-0.5018636637001393151512935276
ETH-USD,2026-08-28T20:36:03.627281Z,2424.12,2424.13,0.01,2424.125,-0.5018636637001393151512935276
ETH-USD,2026-08-28T20:36:03.68377Z,2424.12,2424.13,0.01,2424.125,-0.5018636637001393151512935276
ETH-USD,2026-08-28T20:36:03.699077Z,2424.12,2424.13,0.01,2424.125,-0.5018636637001393151512935276
ETH-USD,2026-08-28T20:36:03.725113Z,2424.12,2424.13,0.01,2424.125,-0.5018636637001393151512935276
ETH-USD,2026-08-28T20:36:03.893218Z,2424.12,2424.13,0.01,2424.125,-0.5018636637001393151512935276
ETH-USD,2026-08-28T20:36:04.05422Z,2424.12,2424.13,0.01,2424.125,-0.5830146314445955322942254282
ETH-USD,2026-08-28T20:36:04.088096Z,2424.12,2424.13,0.01,2424.125,-0.5830146314445955322942254282
ETH-USD,2026-08-28T20:36:04.158412Z,2424.12,2424.13,0.01,2424.125,-0.5830146314445955322942254282
ETH-USD,2026-08-28T20:36:04.180371Z,2424.12,2424.13,0.01,2424.125,-0.5830146314445955322942254282
ETH-USD,2026-08-28T20:36:04.227164Z,2424.12,2424.13,0.01,2424.125,-0.5830146314445955322942254282
ETH-USD,2026-08-28T20:36:04.308078Z,2424.12,2424.13,0.01,2424.125,-0.5835649738253792816654718598
ETH-USD,2026-08-28T20:36:04.347175Z,2424.12,2424.13,0.01,2424.125,-0.5835649738253792816654718598
ETH-USD,2026-08-28T20:36:04.41487Z,2424.12,2424.13,0.01,2424.125,-0.5835307760826927073651967468
ETH-USD,2026-08-28T20:36:04.427984Z,2424.12,2424.13,0.01,2424.125,-0.5835307760826927073651967468
ETH-USD,2026-08-28T20:36:04.49749Z,2424.12,2424.13,0.01,2424.125,-0.5835307760826927073651967468
ETH-USD,2026-08-28T20:36:04.546953Z,2424.12,2424.13,0.01,2424.125,-0.6651131924052349763285693054
ETH-USD,2026-08-28T20:36:04.600967Z,2424.12,2424.13,0.01,2424.125,-0.6651131924052349763285693054
ETH-USD,2026-08-28T20:36:04.648814Z,2424.12,2424.13,0.01,2424.125,-0.6651131924052349763285693054
ETH-USD,2026-08-28T20:36:04.693685Z,2424.12,2424.13,0.01,2424.125,-0.6860962212488069921599405838
ETH-USD,2026-08-28T20:36:04.712741Z,2424.12,2424.13,0.01,2424.125,-0.6651131924052349763285693054
ETH-USD,2026-08-28T20:36:04.835024Z,2424.12,2424.13,0.01,2424.125,-0.6651131924052349763285693054
ETH-USD,2026-08-28T20:36:04.906337Z,2424.12,2424.13,0.01,2424.125,-0.6651131924052349763285693054
ETH-USD,2026-08-28T20:36:04.940395Z,2424.12,2424.13,0.01,2424.125,-0.6651131924052349763285693054
ETH-USD,2026-08-28T20:36:04.979373Z,2424.12,2424.13,0.01,2424.125,-0.6651131924052349763285693054
ETH-USD,2026-08-28T20:36:05.04043Z,2424.12,2424.13,0.01,2424.125,-0.6651131924052349763285693054
ETH-USD,2026-08-28T20:36:05.071168Z,2424.12,2424.13,0.01,2424.125,-0.6651131924052349763285693054
ETH-USD,2026-08-28T20:36:05.154662Z,2424.12,2424.13,0.01,2424.125,-0.6651131924052349763285693054
ETH-USD,2026-08-28T20:36:05.166125Z,2424.12,2424.13,0.01,2424.125,-0.6651131924052349763285693054
ETH-USD,2026-08-28T20:36:05.257378Z,2424.12,2424.13,0.01,2424.125,-0.5835115330210522013565063151
ETH-USD,2026-08-28T20:36:05.29135Z,2424.12,2424.13,0.01,2424.125,-0.5835115330210522013565063151
ETH-USD,2026-08-28T20:36:05.406566Z,2424.12,2424.13,0.01,2424.125,-0.5835115330210522013565063151
ETH-USD,2026-08-28T20:36:05.45362Z,2424.12,2424.13,0.01,2424.125,-0.5835115330210522013565063151
ETH-USD,2026-08-28T20:36:05.493903Z,2424.12,2424.13,0.01,2424.125,-0.5835115330210522013565063151
ETH-USD,2026-08-28T20:36:05.53261Z,2424.12,2424.13,0.01,2424.125,-0.5835115330210522013565063151
ETH-USD,2026-08-28T20:36:05.598724Z,2424.12,2424.13,0.01,2424.125,-0.5833430472856053866588254858
ETH-USD,2026-08-28T20:36:05.659013Z,2424.12,2424.13,0.01,2424.125,-0.6082441393398027751033641582
ETH-USD,2026-08-28T20:36:05.663903Z,2424.12,2424.13,0.01,2424.125,-0.6082441393398027751033641582
ETH-USD,2026-08-28T20:36:05.759655Z,2424.12,2424.13,0.01,2424.125,-0.6082441393398027751033641582
ETH-USD,2026-08-28T20:36:05.804603Z,2424.12,2424.13,0.01,2424.125,-0.5833430472856053866588254858
ETH-USD,2026-08-28T20:36:05.822616Z,2424.12,2424.13,0.01,2424.125,-0.5833430472856053866588254858
ETH-USD,2026-08-28T20:36:05.896524Z,2424.12,2424.13,0.01,2424.125,-0.6970415996008268535766267893
ETH-USD,2026-08-28T20:36:05.922677Z,2424.12,2424.13,0.01,2424.125,-0.6970415996008268535766267893
ETH-USD,2026-08-28T20:36:05.991162Z,2424.12,2424.13,0.01,2424.125,-0.6970415996008268535766267893
ETH-USD,2026-08-28T20:36:06.030759Z,2424.12,2424.13,0.01,2424.125,-0.6970415996008268535766267893
ETH-USD,2026-08-28T20:36:06.102314Z,2424.12,2424.13,0.01,2424.125,-0.6970415996008268535766267893
ETH-USD,2026-08-28T20:36:06.151494Z,2424.12,2424.13,0.01,2424.125,-0.6970415996008268535766267893
ETH-USD,2026-08-28T20:36:06.19887Z,2424.12,2424.13,0.01,2424.125,-0.7104250545272731030550885399
ETH-USD,2026-08-28T20:36:06.22927Z,2424.12,2424.13,0.01,2424.125,-0.7104250545272731030550885399
ETH-USD,2026-08-28T20:36:06.293964Z,2424.12,2424.13,0.01,2424.125,-0.7104250545272731030550885399
ETH-USD,2026-08-28T20:36:06.33253Z,2424.12,2424.13,0.01,2424.125,-0.8929952011692066604566029072
ETH-USD,2026-08-28T20:36:06.420935Z,2424.12,2424.13,0.01,2424.125,-0.7556745600674747731495480653
ETH-USD,2026-08-28T20:36:06.449419Z,2424.12,2424.13,0.01,2424.125,-0.7556745600674747731495480653
ETH-USD,2026-08-28T20:36:06.557512Z,2424.12,2424.13,0.01,2424.125,-0.7556745600674747731495480653
ETH-USD,2026-08-28T20:36:06.622794Z,2424.12,2424.13,0.01,2424.125,-0.7347551503358584363656292922
ETH-USD,2026-08-28T20:36:06.658723Z,2424.12,2424.13,0.01,2424.125,-0.7347551503358584363656292922
ETH-USD,2026-08-28T20:36:06.707977Z,2424.12,2424.13,0.01,2424.125,-0.7347551503358584363656292922
ETH-USD,2026-08-28T20:36:06.743836Z,2424.12,2424.13,0.01,2424.125,-0.7453760513916854560605832711
ETH-USD,2026-08-28T20:36:06.779349Z,2424.12,2424.13,0.01,2424.125,-0.7149375592399645382481323820
ETH-USD,2026-08-28T20:36:06.860329Z,2424.12,2424.13,0.01,2424.125,-0.7149406574388724356015857757
ETH-USD,2026-08-28T20:36:06.897988Z,2424.12,2424.13,0.01,2424.125,-0.7149406574388724356015857757
ETH-USD,2026-08-28T20:36:06.962776Z,2424.12,2424.13,0.01,2424.125,-0.7149406574388724356015857757
ETH-USD,2026-08-28T20:36:06.988613Z,2424.12,2424.13,0.01,2424.125,-0.7149406574388724356015857757
ETH-USD,2026-08-28T20:36:07.03362Z,2424.12,2424.13,0.01,2424.125,-0.7149406574388724356015857757
ETH-USD,2026-08-28T20:36:07.083572Z,2424.12,2424.13,0.01,2424.125,-0.7149406574388724356015857757
ETH-USD,2026-08-28T20:36:07.148999Z,2424.12,2424.13,0.01,2424.125,-0.5578083178542389229804736480
ETH-USD,2026-08-28T20:36:07.182253Z,2424.12,2424.13,0.01,2424.125,-0.5578083178542389229804736480
ETH-USD,2026-08-28T20:36:07.24529Z,2424.12,2424.13,0.01,2424.125,-0.5578083178542389229804736480
ETH-USD,2026-08-28T20:36:07.254578Z,2424.12,2424.13,0.01,2424.125,-0.5578083178542389229804736480
ETH-USD,2026-08-28T20:36:07.340399Z,2424.12,2424.13,0.01,2424.125,-0.5578083178542389229804736480
ETH-USD,2026-08-28T20:36:07.410893Z,2424.12,2424.13,0.01,2424.125,-0.5865912862265366096801228401
ETH-USD,2026-08-28T20:36:07.44635Z,2424.12,2424.13,0.01,2424.125,-0.5865912862265366096801228401
ETH-USD,2026-08-28T20:36:07.485771Z,2424.12,2424.13,0.01,2424.125,-0.5865951142802962138950878333
ETH-USD,2026-08-28T20:36:07.55286Z,2424.12,2424.13,0.01,2424.125,-0.5865951142802962138950878333
ETH-USD,2026-08-28T20:36:07.591795Z,2424.12,2424.13,0.01,2424.125,-0.7352366665955282932544197852
ETH-USD,2026-08-28T20:36:07.626128Z,2424.12,2424.13,0.01,2424.125,-0.7831072217107205499568533058
ETH-USD,2026-08-28T20:36:07.752843Z,2424.1,2424.11,0.01,2424.105,-0.5239520897857728196634457079
ETH-USD,2026-08-28T20:36:07.791186Z,2424.1,2424.11,0.01,2424.105,-0.5655870276735371869723018231
ETH-USD,2026-08-28T20:36:07.826725Z,2424.1,2424.11,0.01,2424.105,-0.5655870276735371869723018231
ETH-USD,2026-08-28T20:36:07.883446Z,2424.1,2424.11,0.01,2424.105,-0.5655870276735371869723018231
ETH-USD,2026-08-28T20:36:07.926741Z,2424.1,2424.11,0.01,2424.105,-0.5655870276735371869723018231
ETH-USD,2026-08-28T20:36:07.983524Z,2424.1,2424.11,0.01,2424.105,-0.5655870276735371869723018231
ETH-USD,2026-08-28T20:36:08.057383Z,2424.1,2424.11,0.01,2424.105,-0.3477531856553359982201708020
ETH-USD,2026-08-28T20:36:08.096025Z,2424.1,2424.11,0.01,2424.105,-0.5625367017284044983244353940
ETH-USD,2026-08-28T20:36:08.154261Z,2424.1,2424.11,0.01,2424.105,-0.5625367017284044983244353940
ETH-USD,2026-08-28T20:36:08.265566Z,2424.1,2424.11,0.01,2424.105,-0.6147416576218020114157938155
ETH-USD,2026-08-28T20:36:08.306767Z,2424.1,2424.11,0.01,2424.105,-0.5491147337903521380423438012
ETH-USD,2026-08-28T20:36:08.381035Z,2424.1,2424.11,0.01,2424.105,-0.5494836869623092112784874254
ETH-USD,2026-08-28T20:36:08.416173Z,2424.1,2424.11,0.01,2424.105,-0.5140486830208817397117891892
ETH-USD,2026-08-28T20:36:08.434492Z,2424.1,2424.11,0.01,2424.105,-0.6150992413933763627784540149
ETH-USD,2026-08-28T20:36:08.477205Z,2424.1,2424.11,0.01,2424.105,-0.6150992413933763627784540149
ETH-USD,2026-08-28T20:36:08.565383Z,2424.1,2424.11,0.01,2424.105,-0.5542725244931802662005219411
ETH-USD,2026-08-28T20:36:08.603582Z,2424.1,2424.11,0.01,2424.105,-0.5475327405055350166495039218
ETH-USD,2026-08-28T20:36:08.659751Z,2424.1,2424.11,0.01,2424.105,-0.5885746636125419349053315418
ETH-USD,2026-08-28T20:36:08.668924Z,2424.1,2424.11,0.01,2424.105,-0.5885746636125419349053315418
ETH-USD,2026-08-28T20:36:08.766401Z,2424.1,2424.11,0.01,2424.105,-0.5390733347507687513952428908
ETH-USD,2026-08-28T20:36:08.807244Z,2424.1,2424.11,0.01,2424.105,-0.5920586962184078765422443220
ETH-USD,2026-08-28T20:36:08.864109Z,2424.1,2424.11,0.01,2424.105,-0.5920586962184078765422443220
ETH-USD,2026-08-28T20:36:08.889721Z,2424.1,2424.11,0.01,2424.105,-0.5709894141670109680395772738
ETH-USD,2026-08-28T20:36:08.932193Z,2424.1,2424.11,0.01,2424.105,-0.5119937984540140002830355368
ETH-USD,2026-08-28T20:36:09.046337Z,2424.1,2424.11,0.01,2424.105,-0.5119937984540140002830355368
ETH-USD,2026-08-28T20:36:09.098255Z,2424.1,2424.11,0.01,2424.105,-0.7840588145065979116334450571
ETH-USD,2026-08-28T20:36:09.155541Z,2424.1,2424.11,0.01,2424.105,-0.8023750792169255617123242365
ETH-USD,2026-08-28T20:36:09.202562Z,2424.1,2424.11,0.01,2424.105,-0.5475325122095563420942130586
ETH-USD,2026-08-28T20:36:09.206681Z,2424.1,2424.11,0.01,2424.105,-0.5475325122095563420942130586
ETH-USD,2026-08-28T20:36:09.321948Z,2424.1,2424.11,0.01,2424.105,-0.5475325122095563420942130586
ETH-USD,2026-08-28T20:36:09.363739Z,2424.1,2424.11,0.01,2424.105,-0.5475325122095563420942130586
ETH-USD,2026-08-28T20:36:09.369475Z,2424.1,2424.11,0.01,2424.105,-0.5475325122095563420942130586
ETH-USD,2026-08-28T20:36:09.425989Z,2424.1,2424.11,0.01,2424.105,-0.5475325122095563420942130586
ETH-USD,2026-08-28T20:36:09.494585Z,2424.1,2424.11,0.01,2424.105,-0.5475325122095563420942130586
ETH-USD,2026-08-28T20:36:09.564159Z,2424.1,2424.11,0.01,2424.105,-0.5843975366292708238644245108
ETH-USD,2026-08-28T20:36:09.586308Z,2424.1,2424.11,0.01,2424.105,-0.5843975366292708238644245108
ETH-USD,2026-08-28T20:36:09.633917Z,2424.1,2424.11,0.01,2424.105,-0.6531273344973901582941868207
ETH-USD,2026-08-28T20:36:09.755478Z,2424.1,2424.11,0.01,2424.105,-0.5509124497318437617752942541
ETH-USD,2026-08-28T20:36:09.816193Z,2424.1,2424.11,0.01,2424.105,-0.5509124497318437617752942541
ETH-USD,2026-08-28T20:36:09.858803Z,2424.1,2424.11,0.01,2424.105,-0.5509124497318437617752942541
ETH-USD,2026-08-28T20:36:09.906296Z,2424.1,2424.11,0.01,2424.105,-0.6399016209797483652890236107
ETH-USD,2026-08-28T20:36:09.942264Z,2424.1,2424.11,0.01,2424.105,-0.6399016209797483652890236107
ETH-USD,2026-08-28T20:36:10.004058Z,2424.1,2424.11,0.01,2424.105,-0.6399016209797483652890236107
ETH-USD,2026-08-28T20:36:10.031917Z,2424.1,2424.11,0.01,2424.105,-0.5702079542285702537798109844
ETH-USD,2026-08-28T20:36:10.085473Z,2424.1,2424.11,0.01,2424.105,-0.6218998352450641026720581465
ETH-USD,2026-08-28T20:36:10.154129Z,2424.1,2424.11,0.01,2424.105,-0.7810681372185067094798390129
ETH-USD,2026-08-28T20:36:10.159633Z,2424.1,2424.11,0.01,2424.105,-0.5797764909843213490107913778
ETH-USD,2026-08-28T20:36:10.236165Z,2424.1,2424.11,0.01,2424.105,-0.6427444072533018719873046931
ETH-USD,2026-08-28T20:36:10.292122Z,2424.1,2424.11,0.01,2424.105,-0.5843938616082175185062125872
ETH-USD,2026-08-28T20:36:10.324204Z,2424.1,2424.11,0.01,2424.105,-0.5762205741223238453150678963
ETH-USD,2026-08-28T20:36:10.414443Z,2424.1,2424.11,0.01,2424.105,-0.5762205741223238453150678963
ETH-USD,2026-08-28T20:36:10.449957Z,2424.1,2424.11,0.01,2424.105,-0.6484132267648891770821580920
ETH-USD,2026-08-28T20:36:10.548496Z,2424.1,2424.11,0.01,2424.105,-0.5714187586799836285457659920
ETH-USD,2026-08-28T20:36:10.608674Z,2424.1,2424.11,0.01,2424.105,-0.6566023541828097829277892587
ETH-USD,2026-08-28T20:36:10.661465Z,2424.1,2424.11,0.01,2424.105,-0.6156988866167666982159489073
ETH-USD,2026-08-28T20:36:10.702775Z,2424.1,2424.11,0.01,2424.105,-0.5629541998823035972337679792
ETH-USD,2026-08-28T20:36:10.750646Z,2424.1,2424.11,0.01,2424.105,-0.5629541998823035972337679792
ETH-USD,2026-08-28T20:36:10.808028Z,2424.1,2424.11,0.01,2424.105,-0.5629541998823035972337679792
ETH-USD,2026-08-28T20:36:10.841407Z,2424.1,2424.11,0.01,2424.105,-0.6231962003852901925730161216
ETH-USD,2026-08-28T20:36:10.893608Z,2424.1,2424.11,0.01,2424.105,-0.6475826858674997775755750883
ETH-USD,2026-08-28T20:36:10.947353Z,2424.1,2424.11,0.01,2424.105,-0.6475826858674997775755750883
ETH-USD,2026-08-28T20:36:10.986019Z,2424.1,2424.11,0.01,2424.105,-0.6228952072498344824473824423
ETH-USD,2026-08-28T20:36:11.023547Z,2424.1,2424.11,0.01,2424.105,-0.6228952072498344824473824423
ETH-USD,2026-08-28T20:36:11.102909Z,2424.1,2424.11,0.01,2424.105,-0.6804508171920047670325757463
ETH-USD,2026-08-28T20:36:11.135282Z,2424.1,2424.11,0.01,2424.105,-0.9016305048490837611027077360
ETH-USD,2026-08-28T20:36:11.177562Z,2424.1,2424.11,0.01,2424.105,-0.9073411505561889458880232946
ETH-USD,2026-08-28T20:36:11.224221Z,2424.1,2424.11,0.01,2424.105,-0.9017224928344182912665720118
ETH-USD,2026-08-28T20:36:11.349082Z,2424.1,2424.11,0.01,2424.105,-0.9059702722312437946437510885
ETH-USD,2026-08-28T20:36:11.392897Z,2424.1,2424.11,0.01,2424.105,-0.6651484528637045522997380008
ETH-USD,2026-08-28T20:36:11.45102Z,2424.1,2424.11,0.01,2424.105,-0.5894568942429381852230098664
ETH-USD,2026-08-28T20:36:11.552018Z,2424.1,2424.11,0.01,2424.105,-0.7776759849600867838729667478
ETH-USD,2026-08-28T20:36:11.582638Z,2424.1,2424.11,0.01,2424.105,-0.6761071633145971927995918349
ETH-USD,2026-08-28T20:36:11.628012Z,2424.1,2424.11,0.01,2424.105,-0.6761071633145971927995918349
ETH-USD,2026-08-28T20:36:11.724651Z,2424.1,2424.11,0.01,2424.105,-0.6037194968540142515206502578
ETH-USD,2026-08-28T20:36:11.787447Z,2424.1,2424.11,0.01,2424.105,-0.6037194968540142515206502578
ETH-USD,2026-08-28T20:36:11.844259Z,2424.1,2424.11,0.01,2424.105,-0.5437805077447150719229054350
ETH-USD,2026-08-28T20:36:11.892969Z,2424.1,2424.11,0.01,2424.105,-0.5437805077447150719229054350
ETH-USD,2026-08-28T20:36:11.93013Z,2424.1,2424.11,0.01,2424.105,-0.5437805077447150719229054350
ETH-USD,2026-08-28T20:36:12.001123Z,2424.1,2424.11,0.01,2424.105,-0.5437805077447150719229054350
ETH-USD,2026-08-28T20:36:12.032774Z,2424.1,2424.11,0.01,2424.105,-0.7082252077544280807492476354
ETH-USD,2026-08-28T20:36:12.05397Z,2424.1,2424.11,0.01,2424.105,-0.5625751618813739007518572421
ETH-USD,2026-08-28T20:36:12.15591Z,2424.1,2424.11,0.01,2424.105,-0.6521675364841357361834067418
ETH-USD,2026-08-28T20:36:12.182279Z,2424.1,2424.11,0.01,2424.105,-0.6521675364841357361834067418
ETH-USD,2026-08-28T20:36:12.247442Z,2424.1,2424.11,0.01,2424.105,-0.6696831710803025453010353969
ETH-USD,2026-08-28T20:36:12.27484Z,2424.1,2424.11,0.01,2424.105,-0.5160926166020041523215613902
ETH-USD,2026-08-28T20:36:12.357741Z,2424.1,2424.11,0.01,2424.105,-0.5160926166020041523215613902
ETH-USD,2026-08-28T20:36:12.404486Z,2424.1,2424.11,0.01,2424.105,-0.5160926166020041523215613902
ETH-USD,2026-08-28T20:36:12.43489Z,2424.1,2424.11,0.01,2424.105,-0.5160926166020041523215613902
ETH-USD,2026-08-28T20:36:12.49689Z,2424.1,2424.11,0.01,2424.105,-0.5160926166020041523215613902
ETH-USD,2026-08-28T20:36:12.5301Z,2424.1,2424.11,0.01,2424.105,-0.6642398354107701832925069881
ETH-USD,2026-08-28T20:36:12.616158Z,2424.1,2424.11,0.01,2424.105,-0.6236224327889401413405368871
ETH-USD,2026-08-28T20:36:12.625381Z,2424.1,2424.11,0.01,2424.105,-0.6236224327889401413405368871
ETH-USD,2026-08-28T20:36:12.68237Z,2424.1,2424.11,0.01,2424.105,-0.6236224327889401413405368871
ETH-USD,2026-08-28T20:36:12.736005Z,2424.1,2424.11,0.01,2424.105,-0.6337276666866048513934077816
ETH-USD,2026-08-28T20:36:12.851363Z,2424.1,2424.11,0.01,2424.105,-0.5679633759135864842899317545
ETH-USD,2026-08-28T20:36:12.87746Z,2424.1,2424.11,0.01,2424.105,-0.5679633759135864842899317545
ETH-USD,2026-08-28T20:36:12.958859Z,2424.1,2424.11,0.01,2424.105,-0.5848553650027858112887643799
ETH-USD,2026-08-28T20:36:12.976765Z,2424.1,2424.11,0.01,2424.105,-0.5848553650027858112887643799
ETH-USD,2026-08-28T20:36:13.047528Z,2424.1,2424.11,0.01,2424.105,-0.5848553650027858112887643799
ETH-USD,2026-08-28T20:36:13.110345Z,2424.1,2424.11,0.01,2424.105,-0.5848553650027858112887643799
ETH-USD,2026-08-28T20:36:13.125044Z,2424.1,2424.11,0.01,2424.105,-0.5848553650027858112887643799
ETH-USD,2026-08-28T20:36:13.195956Z,2424.1,2424.11,0.01,2424.105,-0.5848553650027858112887643799
ETH-USD,2026-08-28T20:36:13.243266Z,2424.1,2424.11,0.01,2424.105,-0.8574075867197130196483140673
ETH-USD,2026-08-28T20:36:13.290744Z,2424.1,2424.11,0.01,2424.105,-0.8574075867197130196483140673
ETH-USD,2026-08-28T20:36:13.356834Z,2424.1,2424.11,0.01,2424.105,-0.5779001237803939633046377650
ETH-USD,2026-08-28T20:36:13.403297Z,2424.1,2424.11,0.01,2424.105,-0.5963606619374153994218877940
ETH-USD,2026-08-28T20:36:13.451079Z,2424.1,2424.11,0.01,2424.105,-0.5963606619374153994218877940
ETH-USD,2026-08-28T20:36:13.550681Z,2424.1,2424.11,0.01,2424.105,-0.5963606619374153994218877940
ETH-USD,2026-08-28T20:36:13.575043Z,2424.1,2424.11,0.01,2424.105,-0.6019899082198045361939637351
ETH-USD,2026-08-28T20:36:13.655367Z,2424.1,2424.11,0.01,2424.105,-0.6019928396574828594237316124
ETH-USD,2026-08-28T20:36:13.70791Z,2424.1,2424.11,0.01,2424.105,-0.5963623750308022905827775588
ETH-USD,2026-08-28T20:36:13.764752Z,2424.1,2424.11,0.01,2424.105,-0.5779031858960421123071655997
ETH-USD,2026-08-28T20:36:13.809216Z,2424.1,2424.11,0.01,2424.105,-0.5584366909762038480915362118
ETH-USD,2026-08-28T20:36:13.856705Z,2424.1,2424.11,0.01,2424.105,-0.5779031858960421123071655997
ETH-USD,2026-08-28T20:36:13.950908Z,2424.1,2424.11,0.01,2424.105,-0.5779031858960421123071655997
ETH-USD,2026-08-28T20:36:14.030772Z,2424.1,2424.11,0.01,2424.105,-0.5779031858960421123071655997
ETH-USD,2026-08-28T20:36:14.146174Z,2424.1,2424.11,0.01,2424.105,-0.5779031858960421123071655997
ETH-USD,2026-08-28T20:36:14.175399Z,2424.1,2424.11,0.01,2424.105,-0.5779031858960421123071655997
ETH-USD,2026-08-28T20:36:14.249734Z,2424.1,2424.11,0.01,2424.105,-0.6596751129548596312312813597
ETH-USD,2026-08-28T20:36:14.333909Z,2424.1,2424.11,0.01,2424.105,-0.5963613597687153828230404987
ETH-USD,2026-08-28T20:36:14.443269Z,2424.1,2424.11,0.01,2424.105,-0.6368075804116258882434347457
ETH-USD,2026-08-28T20:36:14.484358Z,2424.1,2424.11,0.01,2424.105,-0.5082585240276270554836235263
ETH-USD,2026-08-28T20:36:14.523377Z,2424.1,2424.11,0.01,2424.105,-0.5082585240276270554836235263
ETH-USD,2026-08-28T20:36:14.597234Z,2424.1,2424.11,0.01,2424.105,-0.5082585240276270554836235263
ETH-USD,2026-08-28T20:36:14.650635Z,2424.1,2424.11,0.01,2424.105,-0.5082585240276270554836235263
ETH-USD,2026-08-28T20:36:14.708846Z,2424.1,2424.11,0.01,2424.105,-0.6158070620534245278154021512
ETH-USD,2026-08-28T20:36:14.726332Z,2424.1,2424.11,0.01,2424.105,-0.6158070620534245278154021512
ETH-USD,2026-08-28T20:36:14.809174Z,2424.1,2424.11,0.01,2424.105,-0.5331355706469485079881788246
ETH-USD,2026-08-28T20:36:14.825454Z,2424.1,2424.11,0.01,2424.105,-0.5702507565827428921812787043
ETH-USD,2026-08-28T20:36:14.904967Z,2424.1,2424.11,0.01,2424.105,-0.5702507565827428921812787043
ETH-USD,2026-08-28T20:36:14.950288Z,2424.1,2424.11,0.01,2424.105,-0.5702507565827428921812787043
ETH-USD,2026-08-28T20:36:15.02444Z,2424.1,2424.11,0.01,2424.105,-0.5702507565827428921812787043
ETH-USD,2026-08-28T20:36:15.1498Z,2424.1,2424.11,0.01,2424.105,-0.5656175805884902863298028500
ETH-USD,2026-08-28T20:36:15.163347Z,2424.1,2424.11,0.01,2424.105,-0.5656175805884902863298028500
ETH-USD,2026-08-28T20:36:15.336017Z,2424.1,2424.11,0.01,2424.105,-0.5656175805884902863298028500
ETH-USD,2026-08-28T20:36:15.460456Z,2424.1,2424.11,0.01,2424.105,-0.5202174195833809050186290254
ETH-USD,2026-08-28T20:36:15.627697Z,2424.1,2424.11,0.01,2424.105,-0.5202174195833809050186290254
ETH-USD,2026-08-28T20:36:15.709082Z,2424.1,2424.11,0.01,2424.105,-0.5202174195833809050186290254
ETH-USD,2026-08-28T20:36:15.750898Z,2424.1,2424.11,0.01,2424.105,-0.5202174195833809050186290254
ETH-USD,2026-08-28T20:36:15.812888Z,2424.1,2424.11,0.01,2424.105,-0.5175016253849293239036355980
ETH-USD,2026-08-28T20:36:15.838011Z,2424.1,2424.11,0.01,2424.105,-0.5175016253849293239036355980
ETH-USD,2026-08-28T20:36:15.89895Z,2424.1,2424.11,0.01,2424.105,-0.4756111310918390598195774967
ETH-USD,2026-08-28T20:36:15.950347Z,2424.1,2424.11,0.01,2424.105,-0.4377767377037293295381208856
ETH-USD,2026-08-28T20:36:15.982951Z,2424.1,2424.11,0.01,2424.105,-0.4856541043432943820022439001
ETH-USD,2026-08-28T20:36:16.042415Z,2424.1,2424.11,0.01,2424.105,-0.4856541043432943820022439001
ETH-USD,2026-08-28T20:36:16.078576Z,2424.1,2424.11,0.01,2424.105,-0.4856541043432943820022439001
ETH-USD,2026-08-28T20:36:16.126241Z,2424.1,2424.11,0.01,2424.105,-0.4377767377037293295381208856
ETH-USD,2026-08-28T20:36:16.200502Z,2424.1,2424.11,0.01,2424.105,-0.4377767377037293295381208856
ETH-USD,2026-08-28T20:36:16.227112Z,2424.1,2424.11,0.01,2424.105,-0.4377767377037293295381208856
ETH-USD,2026-08-28T20:36:16.291086Z,2424.1,2424.11,0.01,2424.105,-0.4377767377037293295381208856
ETH-USD,2026-08-28T20:36:16.325506Z,2424.1,2424.11,0.01,2424.105,-0.4377767377037293295381208856
ETH-USD,2026-08-28T20:36:16.524799Z,2424.1,2424.11,0.01,2424.105,-0.4668449594077730379833482614
ETH-USD,2026-08-28T20:36:16.605758Z,2424.1,2424.11,0.01,2424.105,-0.4668449594077730379833482614
ETH-USD,2026-08-28T20:36:16.632305Z,2424.1,2424.11,0.01,2424.105,-0.4668449594077730379833482614
ETH-USD,2026-08-28T20:36:16.691225Z,2424.1,2424.11,0.01,2424.105,-0.4668449594077730379833482614
ETH-USD,2026-08-28T20:36:16.713709Z,2424.1,2424.11,0.01,2424.105,-0.4668449594077730379833482614
ETH-USD,2026-08-28T20:36:16.821822Z,2424.1,2424.11,0.01,2424.105,-0.4668449594077730379833482614
ETH-USD,2026-08-28T20:36:16.86021Z,2424.1,2424.11,0.01,2424.105,-0.4668449594077730379833482614
ETH-USD,2026-08-28T20:36:16.926359Z,2424.1,2424.11,0.01,2424.105,-0.4668449594077730379833482614
ETH-USD,2026-08-28T20:36:16.998592Z,2424.1,2424.11,0.01,2424.105,-0.4377767377037293295381208856
ETH-USD,2026-08-28T20:36:17.043615Z,2424.1,2424.11,0.01,2424.105,-0.4377767377037293295381208856
ETH-USD,2026-08-28T20:36:17.126706Z,2424.1,2424.11,0.01,2424.105,-0.4377767377037293295381208856
ETH-USD,2026-08-28T20:36:17.254538Z,2424.1,2424.11,0.01,2424.105,-0.4377767377037293295381208856
ETH-USD,2026-08-28T20:36:17.455029Z,2424.1,2424.11,0.01,2424.105,-0.4377767377037293295381208856
ETH-USD,2026-08-28T20:36:17.495105Z,2424.1,2424.11,0.01,2424.105,-0.3335586600264946106190577990
ETH-USD,2026-08-28T20:36:17.526458Z,2424.1,2424.11,0.01,2424.105,-0.3335586600264946106190577990
ETH-USD,2026-08-28T20:36:17.650004Z,2424.1,2424.11,0.01,2424.105,-0.3335586600264946106190577990
ETH-USD,2026-08-28T20:36:17.722924Z,2424.1,2424.11,0.01,2424.105,-0.3335586600264946106190577990
ETH-USD,2026-08-28T20:36:17.842838Z,2424.1,2424.11,0.01,2424.105,-0.3335586600264946106190577990
ETH-USD,2026-08-28T20:36:17.897094Z,2424.1,2424.11,0.01,2424.105,-0.3335586600264946106190577990
ETH-USD,2026-08-28T20:36:17.959285Z,2424.1,2424.11,0.01,2424.105,-0.3335586600264946106190577990
ETH-USD,2026-08-28T20:36:18.001898Z,2424.1,2424.11,0.01,2424.105,-0.3335586600264946106190577990
ETH-USD,2026-08-28T20:36:18.045953Z,2424.1,2424.11,0.01,2424.105,-0.5031252034004383062126431992
ETH-USD,2026-08-28T20:36:18.126263Z,2424.1,2424.11,0.01,2424.105,-0.5031252034004383062126431992
ETH-USD,2026-08-28T20:36:18.212676Z,2424.1,2424.11,0.01,2424.105,-0.7527225300718101230559888406
ETH-USD,2026-08-28T20:36:18.246026Z,2424.1,2424.11,0.01,2424.105,-0.9021672546373445359329859876
ETH-USD,2026-08-28T20:36:18.352716Z,2424.1,2424.11,0.01,2424.105,-0.4775204596985952993376850881
ETH-USD,2026-08-28T20:36:18.391807Z,2424.1,2424.11,0.01,2424.105,-0.1805683071242573000489774952
ETH-USD,2026-08-28T20:36:18.443329Z,2424.1,2424.11,0.01,2424.105,-0.1106526299362714200604842936
ETH-USD,2026-08-28T20:36:18.4989Z,2424.1,2424.11,0.01,2424.105,-0.1106526299362714200604842936
ETH-USD,2026-08-28T20:36:18.524954Z,2424.1,2424.11,0.01,2424.105,-0.1106526299362714200604842936
ETH-USD,2026-08-28T20:36:18.593736Z,2424.1,2424.11,0.01,2424.105,0.1938546369631816966294009349
ETH-USD,2026-08-28T20:36:18.649074Z,2424.1,2424.11,0.01,2424.105,0.2365770702166303364672870928
ETH-USD,2026-08-28T20:36:18.674391Z,2424.1,2424.11,0.01,2424.105,0.1941632005595851754594827531
ETH-USD,2026-08-28T20:36:18.749335Z,2424.1,2424.11,0.01,2424.105,0.1941632005595851754594827531
ETH-USD,2026-08-28T20:36:18.785707Z,2424.1,2424.11,0.01,2424.105,0.1222547897806020962284131833
ETH-USD,2026-08-28T20:36:18.859566Z,2424.1,2424.11,0.01,2424.105,0.1658095564491821226309512764
ETH-USD,2026-08-28T20:36:18.901185Z,2424.1,2424.11,0.01,2424.105,0.1222547897806020962284131833
ETH-USD,2026-08-28T20:36:18.932427Z,2424.1,2424.11,0.01,2424.105,0.1222547897806020962284131833
ETH-USD,2026-08-28T20:36:19.021755Z,2424.1,2424.11,0.01,2424.105,0.1222547897806020962284131833
ETH-USD,2026-08-28T20:36:19.070651Z,2424.1,2424.11,0.01,2424.105,0.1222547897806020962284131833
ETH-USD,2026-08-28T20:36:19.158529Z,2424.1,2424.11,0.01,2424.105,0.1222547897806020962284131833
ETH-USD,2026-08-28T20:36:19.166282Z,2424.1,2424.11,0.01,2424.105,0.1222547897806020962284131833
ETH-USD,2026-08-28T20:36:19.274729Z,2424.1,2424.11,0.01,2424.105,-0.1251944913365797252919777192
ETH-USD,2026-08-28T20:36:19.553573Z,2424.1,2424.11,0.01,2424.105,-0.07156827556524324984726558279
ETH-USD,2026-08-28T20:36:19.629622Z,2424.1,2424.11,0.01,2424.105,-0.07156827556524324984726558279
ETH-USD,2026-08-28T20:36:19.750015Z,2424.03,2424.11,0.08,2424.07,-0.1548521940337837508033926812
ETH-USD,2026-08-28T20:36:19.804396Z,2424.03,2424.11,0.08,2424.07,-0.1548521940337837508033926812
ETH-USD,2026-08-28T20:36:19.826189Z,2424.01,2424.11,0.10,2424.06,-0.1548521940337837508033926812
ETH-USD,2026-08-28T20:36:19.876577Z,2424.01,2424.11,0.10,2424.06,-0.1548521940337837508033926812
ETH-USD,2026-08-28T20:36:20.041616Z,2424.01,2424.11,0.10,2424.06,-0.1548521940337837508033926812
ETH-USD,2026-08-28T20:36:20.102107Z,2424.04,2424.11,0.07,2424.075,-0.2698267198390643511647776428
ETH-USD,2026-08-28T20:36:20.139387Z,2424.05,2424.11,0.06,2424.08,-0.1548521940337837508033926812
ETH-USD,2026-08-28T20:36:20.191851Z,2424.01,2424.11,0.10,2424.06,-0.1548521940337837508033926812
ETH-USD,2026-08-28T20:36:20.254544Z,2424.01,2424.11,0.10,2424.06,-0.1548521940337837508033926812
ETH-USD,2026-08-28T20:36:20.274372Z,2424.01,2424.11,0.10,2424.06,-0.1548521940337837508033926812
ETH-USD,2026-08-28T20:36:20.361791Z,2424.01,2424.11,0.10,2424.06,-0.1548521940337837508033926812
ETH-USD,2026-08-28T20:36:20.401413Z,2424.01,2424.11,0.10,2424.06,-0.1548521940337837508033926812
ETH-USD,2026-08-28T20:36:20.427505Z,2424.01,2424.11,0.10,2424.06,-0.1548521940337837508033926812
ETH-USD,2026-08-28T20:36:20.504114Z,2424.01,2424.11,0.10,2424.06,-0.1548521940337837508033926812
ETH-USD,2026-08-28T20:36:20.520041Z,2424.1,2424.11,0.01,2424.105,-0.4889596840791077426172298570
ETH-USD,2026-08-28T20:36:20.603261Z,2424.1,2424.11,0.01,2424.105,-0.6736641847081650860869109311
ETH-USD,2026-08-28T20:36:20.627615Z,2424.1,2424.11,0.01,2424.105,-0.6736641847081650860869109311
ETH-USD,2026-08-28T20:36:20.745578Z,2424.1,2424.11,0.01,2424.105,-0.6218187151574665433444935447
ETH-USD,2026-08-28T20:36:20.774372Z,2424.1,2424.11,0.01,2424.105,-0.6218176323055825613275725741
ETH-USD,2026-08-28T20:36:20.851969Z,2424.1,2424.11,0.01,2424.105,-0.5766320315009737218921829127
ETH-USD,2026-08-28T20:36:20.899287Z,2424.1,2424.11,0.01,2424.105,-0.5766320315009737218921829127
ETH-USD,2026-08-28T20:36:20.953852Z,2424.1,2424.11,0.01,2424.105,-0.5766320315009737218921829127
ETH-USD,2026-08-28T20:36:20.962652Z,2424.1,2424.11,0.01,2424.105,-0.5766320315009737218921829127
ETH-USD,2026-08-28T20:36:21.044206Z,2424.1,2424.11,0.01,2424.105,-0.5766320315009737218921829127
ETH-USD,2026-08-28T20:36:21.087864Z,2424.1,2424.11,0.01,2424.105,-0.5766320315009737218921829127
ETH-USD,2026-08-28T20:36:21.1257Z,2424.1,2424.11,0.01,2424.105,-0.5766320315009737218921829127
ETH-USD,2026-08-28T20:36:21.196385Z,2424.1,2424.11,0.01,2424.105,-0.5766320315009737218921829127
ETH-USD,2026-08-28T20:36:21.28545Z,2424.1,2424.11,0.01,2424.105,-0.4857162136229314457628813035
ETH-USD,2026-08-28T20:36:21.35762Z,2424.1,2424.11,0.01,2424.105,-0.4857162136229314457628813035
ETH-USD,2026-08-28T20:36:21.384205Z,2424.1,2424.11,0.01,2424.105,-0.4857162136229314457628813035
ETH-USD,2026-08-28T20:36:21.444713Z,2424.1,2424.11,0.01,2424.105,-0.5773206758622153313949107593
ETH-USD,2026-08-28T20:36:21.504655Z,2424.1,2424.11,0.01,2424.105,-0.6557889071350165721519309471
ETH-USD,2026-08-28T20:36:21.535012Z,2424.1,2424.11,0.01,2424.105,-0.9357595580395519406813793722
ETH-USD,2026-08-28T20:36:21.60357Z,2424.1,2424.11,0.01,2424.105,-0.6557972289662880393994355470
ETH-USD,2026-08-28T20:36:21.646274Z,2424.1,2424.11,0.01,2424.105,-0.6555884735933100874466935242
ETH-USD,2026-08-28T20:36:21.702781Z,2424.1,2424.11,0.01,2424.105,-0.4365802099690274136788496218
ETH-USD,2026-08-28T20:36:21.725265Z,2424.1,2424.11,0.01,2424.105,-0.4344889442896927472632944465
ETH-USD,2026-08-28T20:36:21.769983Z,2424.1,2424.11,0.01,2424.105,-0.4344889442896927472632944465
ETH-USD,2026-08-28T20:36:21.853266Z,2424.1,2424.11,0.01,2424.105,-0.6401762165280658140048072275
ETH-USD,2026-08-28T20:36:21.874641Z,2424.1,2424.11,0.01,2424.105,-0.6399713811838235393353517525
ETH-USD,2026-08-28T20:36:21.948975Z,2424,2424.01,0.01,2424.005,-0.5301614277826190242812652263
ETH-USD,2026-08-28T20:36:21.986792Z,2424,2424.01,0.01,2424.005,-0.5301614277826190242812652263
ETH-USD,2026-08-28T20:36:22.031117Z,2424,2424.01,0.01,2424.005,-0.5301614277826190242812652263
ETH-USD,2026-08-28T20:36:22.097564Z,2424,2424.01,0.01,2424.005,-0.9681778779583526960085354887
ETH-USD,2026-08-28T20:36:22.148753Z,2424,2424.01,0.01,2424.005,-0.9757425663939640271340200085
ETH-USD,2026-08-28T20:36:22.220229Z,2423.8,2423.92,0.12,2423.86,-0.4866826662410752996102037155
ETH-USD,2026-08-28T20:36:22.261536Z,2423.82,2423.91,0.09,2423.865,-0.3371862776721016692884329852
ETH-USD,2026-08-28T20:36:22.304286Z,2423.82,2423.91,0.09,2423.865,-0.4289569574255119457843163492
ETH-USD,2026-08-28T20:36:22.348198Z,2423.82,2423.91,0.09,2423.865,-0.4294321832902731164808912055
ETH-USD,2026-08-28T20:36:22.370164Z,2423.82,2423.91,0.09,2423.865,-0.4294321832902731164808912055
ETH-USD,2026-08-28T20:36:22.378052Z,2423.82,2423.91,0.09,2423.865,-0.4294321832902731164808912055
ETH-USD,2026-08-28T20:36:22.508258Z,2423.8,2423.98,0.18,2423.89,-0.03500598247644120450769316066
ETH-USD,2026-08-28T20:36:22.537322Z,2423.83,2423.98,0.15,2423.905,-0.06325481403794026149020791488
ETH-USD,2026-08-28T20:36:22.599783Z,2423.86,2423.97,0.11,2423.915,0.05989976905472437378708811330
ETH-USD,2026-08-28T20:36:22.622822Z,2423.86,2423.97,0.11,2423.915,-0.05747661581807369125362452387
ETH-USD,2026-08-28T20:36:22.712679Z,2423.96,2423.98,0.02,2423.97,0.01702149909654310920675054750
ETH-USD,2026-08-28T20:36:22.747511Z,2423.96,2423.98,0.02,2423.97,-0.05708381763055314586937620765
ETH-USD,2026-08-28T20:36:22.786849Z,2423.96,2423.98,0.02,2423.97,-0.01129463912824774859977902935
ETH-USD,2026-08-28T20:36:22.859589Z,2423.96,2424.08,0.12,2424.02,-0.3942615431255869060118349963
ETH-USD,2026-08-28T20:36:22.907443Z,2423.96,2424.02,0.06,2423.99,-0.5198115780972090201764415997
ETH-USD,2026-08-28T20:36:22.960729Z,2423.96,2424.02,0.06,2423.99,-0.5198115780972090201764415997
ETH-USD,2026-08-28T20:36:22.987975Z,2423.96,2424,0.04,2423.98,-0.1879472645938477396660970573
ETH-USD,2026-08-28T20:36:23.041529Z,2423.96,2424,0.04,2423.98,-0.4981940332162862118658255178
ETH-USD,2026-08-28T20:36:23.103586Z,2423.96,2424.02,0.06,2423.99,-0.4981940332162862118658255178
ETH-USD,2026-08-28T20:36:23.126517Z,2423.96,2424.02,0.06,2423.99,-0.5493766589006013481570754787
ETH-USD,2026-08-28T20:36:23.196317Z,2423.97,2424.01,0.04,2423.99,-0.3495596564267295008985472203
ETH-USD,2026-08-28T20:36:23.229254Z,2423.97,2424.01,0.04,2423.99,-0.3495596564267295008985472203
ETH-USD,2026-08-28T20:36:23.284324Z,2423.97,2424,0.03,2423.985,-0.3092543067896097396745127660
ETH-USD,2026-08-28T20:36:23.35682Z,2423.97,2424,0.03,2423.985,-0.3095976311477096508842795657
ETH-USD,2026-08-28T20:36:23.400592Z,2423.97,2424,0.03,2423.985,-0.3095976311477096508842795657
ETH-USD,2026-08-28T20:36:23.450987Z,2423.97,2424,0.03,2423.985,-0.2405736673521850488528824444
ETH-USD,2026-08-28T20:36:23.556657Z,2423.97,2424,0.03,2423.985,-0.2405736673521850488528824444
ETH-USD,2026-08-28T20:36:23.590509Z,2423.97,2424,0.03,2423.985,-0.2405736673521850488528824444
ETH-USD,2026-08-28T20:36:23.615985Z,2423.97,2424,0.03,2423.985,-0.2405736673521850488528824444
ETH-USD,2026-08-28T20:36:23.667535Z,2423.97,2424,0.03,2423.985,-0.2405736673521850488528824444
ETH-USD,2026-08-28T20:36:23.749967Z,2424.02,2424.03,0.01,2424.025,0.02283377628840716106729749957
ETH-USD,2026-08-28T20:36:23.798365Z,2424.02,2424.03,0.01,2424.025,0.05035452768818328441738281288
ETH-USD,2026-08-28T20:36:23.864136Z,2424.02,2424.03,0.01,2424.025,0.05035452768818328441738281288
ETH-USD,2026-08-28T20:36:23.877441Z,2424.02,2424.03,0.01,2424.025,0.05035452768818328441738281288
ETH-USD,2026-08-28T20:36:23.946645Z,2424.02,2424.03,0.01,2424.025,0.05035452768818328441738281288
ETH-USD,2026-08-28T20:36:23.992995Z,2424.02,2424.03,0.01,2424.025,-0.002934301301461208156059967194
ETH-USD,2026-08-28T20:36:24.051784Z,2423.93,2423.94,0.01,2423.935,0.06046518928869947774943715462
ETH-USD,2026-08-28T20:36:24.104537Z,2423.93,2423.94,0.01,2423.935,-0.02395344025403150106016907998
ETH-USD,2026-08-28T20:36:24.148899Z,2423.93,2423.94,0.01,2423.935,-0.02395344025403150106016907998
ETH-USD,2026-08-28T20:36:24.204842Z,2423.93,2423.94,0.01,2423.935,-0.02395344025403150106016907998
ETH-USD,2026-08-28T20:36:24.248902Z,2423.93,2423.94,0.01,2423.935,-0.3005096084392726459863368655
ETH-USD,2026-08-28T20:36:24.301418Z,2423.93,2423.94,0.01,2423.935,-0.01778230388569898909177832507
ETH-USD,2026-08-28T20:36:24.350361Z,2423.99,2424,0.01,2423.995,-0.04741507224190142637889788138
ETH-USD,2026-08-28T20:36:24.393879Z,2423.99,2424,0.01,2423.995,-0.1513000915202357137424769255
ETH-USD,2026-08-28T20:36:24.444996Z,2423.99,2424,0.01,2423.995,-0.1513000915202357137424769255
ETH-USD,2026-08-28T20:36:24.513795Z,2423.99,2424,0.01,2423.995,-0.1513000915202357137424769255
ETH-USD,2026-08-28T20:36:24.549294Z,2423.88,2423.99,0.11,2423.935,0.5718000229641839221611169623
ETH-USD,2026-08-28T20:36:24.613365Z,2423.9,2424.11,0.21,2424.005,0.1720852824716384537234069592
ETH-USD,2026-08-28T20:36:24.654298Z,2423.96,2424.11,0.15,2424.035,-0.08676290345914499979716987488
ETH-USD,2026-08-28T20:36:24.702509Z,2423.96,2424.11,0.15,2424.035,-0.08676290345914499979716987488
ETH-USD,2026-08-28T20:36:24.759842Z,2424.03,2424.06,0.03,2424.045,-0.1157689635436402215991852804
ETH-USD,2026-08-28T20:36:24.803364Z,2423.97,2424.05,0.08,2424.01,0.1710053443637040714177548966
ETH-USD,2026-08-28T20:36:24.94941Z,2423.97,2424.05,0.08,2424.01,0.1356274342132055040490038686
ETH-USD,2026-08-28T20:36:25.033388Z,2423.91,2424.05,0.14,2423.98,0.1986296341296215929254615103
ETH-USD,2026-08-28T20:36:25.110128Z,2424.04,2424.05,0.01,2424.045,-0.01956285475730262320542978595
ETH-USD,2026-08-28T20:36:25.1141Z,2424.04,2424.05,0.01,2424.045,-0.1781626482094563208605073462
ETH-USD,2026-08-28T20:36:25.227648Z,2424.04,2424.05,0.01,2424.045,0.01879902458731960019123496913
ETH-USD,2026-08-28T20:36:25.306275Z,2423.85,2424.05,0.20,2423.95,-0.01306619996335900120960097063
ETH-USD,2026-08-28T20:36:25.404755Z,2423.85,2424.05,0.20,2423.95,-0.01306619996335900120960097063
ETH-USD,2026-08-28T20:36:25.426906Z,2423.85,2424.05,0.20,2423.95,-0.01306619996335900120960097063
ETH-USD,2026-08-28T20:36:25.514103Z,2423.86,2424.05,0.19,2423.955,-0.0008838869777330935215069911774
ETH-USD,2026-08-28T20:36:25.524119Z,2424.04,2424.05,0.01,2424.045,-0.1089544527490448309199416560
ETH-USD,2026-08-28T20:36:25.599667Z,2424.04,2424.05,0.01,2424.045,-0.1089544527490448309199416560
ETH-USD,2026-08-28T20:36:25.625625Z,2424.04,2424.05,0.01,2424.045,-0.1089544527490448309199416560
ETH-USD,2026-08-28T20:36:25.700995Z,2424.04,2424.05,0.01,2424.045,-0.1089544527490448309199416560
ETH-USD,2026-08-28T20:36:25.750736Z,2424.04,2424.05,0.01,2424.045,0.01846500169586441091547401868
ETH-USD,2026-08-28T20:36:25.804392Z,2424.04,2424.06,0.02,2424.05,-0.03238788265982064199026752954
ETH-USD,2026-08-28T20:36:25.825666Z,2424.04,2424.06,0.02,2424.05,-0.03238788265982064199026752954
ETH-USD,2026-08-28T20:36:25.864111Z,2424.04,2424.06,0.02,2424.05,-0.05131522752215198262971823833
ETH-USD,2026-08-28T20:36:25.955657Z,2424.04,2424.06,0.02,2424.05,-0.03238906443686740174281884841
ETH-USD,2026-08-28T20:36:26.003281Z,2424.04,2424.06,0.02,2424.05,-0.03211810431958303666201283524
ETH-USD,2026-08-28T20:36:26.035111Z,2424.04,2424.05,0.01,2424.045,0.02626158325300768602589892007
ETH-USD,2026-08-28T20:36:26.099729Z,2424.04,2424.05,0.01,2424.045,0.02626158325300768602589892007
ETH-USD,2026-08-28T20:36:26.127255Z,2424.04,2424.05,0.01,2424.045,0.02626158325300768602589892007
ETH-USD,2026-08-28T20:36:26.204136Z,2424.04,2424.05,0.01,2424.045,-0.01013595022534569336595090818
ETH-USD,2026-08-28T20:36:26.25463Z,2424.04,2424.05,0.01,2424.045,-0.01739126429794108504204007475
ETH-USD,2026-08-28T20:36:26.293672Z,2424.04,2424.05,0.01,2424.045,-0.01739126429794108504204007475
ETH-USD,2026-08-28T20:36:26.358801Z,2424.04,2424.05,0.01,2424.045,0.1040314875716299765861590199
ETH-USD,2026-08-28T20:36:26.368998Z,2424.04,2424.05,0.01,2424.045,0.1040314875716299765861590199
ETH-USD,2026-08-28T20:36:26.497042Z,2424.04,2424.05,0.01,2424.045,0.1040314875716299765861590199
ETH-USD,2026-08-28T20:36:26.527689Z,2424.08,2424.09,0.01,2424.085,-0.1845389112023022993936148755
ETH-USD,2026-08-28T20:36:26.553651Z,2424.08,2424.09,0.01,2424.085,-0.2589285602674925224753119468
ETH-USD,2026-08-28T20:36:26.648991Z,2424.08,2424.09,0.01,2424.085,-0.2566492160402355800942975169
ETH-USD,2026-08-28T20:36:26.691794Z,2424.08,2424.09,0.01,2424.085,-0.2566492169865985877503346534
ETH-USD,2026-08-28T20:36:26.727711Z,2424.08,2424.09,0.01,2424.085,-0.2566492169865985877503346534
ETH-USD,2026-08-28T20:36:26.809218Z,2424.08,2424.09,0.01,2424.085,-0.4099751674077875410843025556
ETH-USD,2026-08-28T20:36:26.880378Z,2424.08,2424.09,0.01,2424.085,-0.4099751674077875410843025556
ETH-USD,2026-08-28T20:36:26.908673Z,2424.08,2424.09,0.01,2424.085,-0.4099751674077875410843025556
ETH-USD,2026-08-28T20:36:26.941779Z,2424.08,2424.09,0.01,2424.085,-0.4099751674077875410843025556
ETH-USD,2026-08-28T20:36:27.065046Z,2424.08,2424.09,0.01,2424.085,-0.4091473987867784868239333041
ETH-USD,2026-08-28T20:36:27.069414Z,2424.08,2424.09,0.01,2424.085,-0.4091473987867784868239333041
ETH-USD,2026-08-28T20:36:27.125428Z,2424.08,2424.09,0.01,2424.085,-0.4091473987867784868239333041
ETH-USD,2026-08-28T20:36:27.205346Z,2424.08,2424.09,0.01,2424.085,-0.4091473987867784868239333041
ETH-USD,2026-08-28T20:36:27.235016Z,2424.08,2424.09,0.01,2424.085,-0.4091473987867784868239333041
ETH-USD,2026-08-28T20:36:27.290663Z,2424.08,2424.09,0.01,2424.085,-0.4091473987867784868239333041
ETH-USD,2026-08-28T20:36:27.324776Z,2424.08,2424.09,0.01,2424.085,-0.4091473987867784868239333041
ETH-USD,2026-08-28T20:36:27.353251Z,2424.08,2424.09,0.01,2424.085,-0.4091473987867784868239333041
ETH-USD,2026-08-28T20:36:27.427854Z,2424.08,2424.09,0.01,2424.085,-0.4155810505828040302756827162
ETH-USD,2026-08-28T20:36:27.518237Z,2424.08,2424.09,0.01,2424.085,-0.4155810505828040302756827162
ETH-USD,2026-08-28T20:36:27.554389Z,2424.08,2424.09,0.01,2424.085,-0.4155810505828040302756827162
ETH-USD,2026-08-28T20:36:27.580849Z,2424.08,2424.09,0.01,2424.085,-0.3070888538755380700315648768
ETH-USD,2026-08-28T20:36:27.62548Z,2424.08,2424.09,0.01,2424.085,-0.3070888538755380700315648768
ETH-USD,2026-08-28T20:36:27.670009Z,2424.08,2424.09,0.01,2424.085,-0.3070888538755380700315648768
ETH-USD,2026-08-28T20:36:27.749512Z,2424.08,2424.09,0.01,2424.085,-0.3070888538755380700315648768
ETH-USD,2026-08-28T20:36:27.803056Z,2424.08,2424.09,0.01,2424.085,-0.3070888538755380700315648768
ETH-USD,2026-08-28T20:36:27.853743Z,2424.08,2424.09,0.01,2424.085,-0.3070888538755380700315648768
ETH-USD,2026-08-28T20:36:27.962585Z,2424.08,2424.09,0.01,2424.085,-0.4155810505828040302756827162
ETH-USD,2026-08-28T20:36:27.975709Z,2424.08,2424.09,0.01,2424.085,-0.4155810505828040302756827162
ETH-USD,2026-08-28T20:36:28.037175Z,2424.08,2424.09,0.01,2424.085,-0.4155810505828040302756827162
ETH-USD,2026-08-28T20:36:28.153996Z,2424.08,2424.09,0.01,2424.085,-0.4155810505828040302756827162
ETH-USD,2026-08-28T20:36:28.196822Z,2424.08,2424.09,0.01,2424.085,-0.4155810505828040302756827162
ETH-USD,2026-08-28T20:36:28.254531Z,2424.08,2424.09,0.01,2424.085,-0.4155810505828040302756827162
ETH-USD,2026-08-28T20:36:28.259955Z,2424.08,2424.09,0.01,2424.085,-0.4151750155228247186125740126
ETH-USD,2026-08-28T20:36:28.35926Z,2424.08,2424.09,0.01,2424.085,-0.4154288090399636082437045909
ETH-USD,2026-08-28T20:36:28.384056Z,2424.08,2424.09,0.01,2424.085,-0.4154288090399636082437045909
ETH-USD,2026-08-28T20:36:28.491664Z,2424.08,2424.09,0.01,2424.085,-0.4156690928968435347748648101
ETH-USD,2026-08-28T20:36:28.562584Z,2424.08,2424.09,0.01,2424.085,-0.4156690928968435347748648101
ETH-USD,2026-08-28T20:36:28.602364Z,2424.08,2424.09,0.01,2424.085,0.1605100538477285857687247921
ETH-USD,2026-08-28T20:36:28.645584Z,2424.12,2424.13,0.01,2424.125,0.05171411912288385153477502990
ETH-USD,2026-08-28T20:36:28.697308Z,2424.12,2424.13,0.01,2424.125,0.1642748232579242487595941100
ETH-USD,2026-08-28T20:36:28.755986Z,2424.12,2424.13,0.01,2424.125,-0.2998583962359378890573004786
ETH-USD,2026-08-28T20:36:28.773559Z,2424.12,2424.13,0.01,2424.125,-0.05860014437737434624390977595
ETH-USD,2026-08-28T20:36:28.825852Z,2424.12,2424.13,0.01,2424.125,-0.05860014437737434624390977595
ETH-USD,2026-08-28T20:36:28.8974Z,2424.12,2424.13,0.01,2424.125,0.1059835250954082642068486219
ETH-USD,2026-08-28T20:36:28.952342Z,2424.1,2424.13,0.03,2424.115,-0.1393878557537066825160510766
ETH-USD,2026-08-28T20:36:28.986381Z,2424.1,2424.13,0.03,2424.115,-0.1393878557537066825160510766
ETH-USD,2026-08-28T20:36:29.025516Z,2424.1,2424.13,0.03,2424.115,-0.1393878557537066825160510766
ETH-USD,2026-08-28T20:36:29.103566Z,2424.12,2424.13,0.01,2424.125,-0.003807630152367381242114772171
ETH-USD,2026-08-28T20:36:29.131113Z,2424.12,2424.13,0.01,2424.125,-0.003807630152367381242114772171
ETH-USD,2026-08-28T20:36:29.166287Z,2424.11,2424.13,0.02,2424.12,0.2238539084157962667494544737
ETH-USD,2026-08-28T20:36:29.252461Z,2424.11,2424.13,0.02,2424.12,0.03243696054365553934562168660
ETH-USD,2026-08-28T20:36:29.306011Z,2423.98,2424.13,0.15,2424.055,0.3818939102707287646775218806
ETH-USD,2026-08-28T20:36:29.361848Z,2424.01,2424.13,0.12,2424.07,0.2778543316481634228543802221
ETH-USD,2026-08-28T20:36:29.408337Z,2424.01,2424.13,0.12,2424.07,0.09495769297434404667259077712
ETH-USD,2026-08-28T20:36:29.43264Z,2424.1,2424.13,0.03,2424.115,0.1455327650098474263367527654
ETH-USD,2026-08-28T20:36:29.498087Z,2424.1,2424.13,0.03,2424.115,0.1491467903380893880681107705
ETH-USD,2026-08-28T20:36:29.610895Z,2424.1,2424.13,0.03,2424.115,0.1491467903380893880681107705
ETH-USD,2026-08-28T20:36:29.62547Z,2424.1,2424.13,0.03,2424.115,0.1491467903380893880681107705
ETH-USD,2026-08-28T20:36:29.707644Z,2424.1,2424.13,0.03,2424.115,0.1491467903380893880681107705
ETH-USD,2026-08-28T20:36:29.762769Z,2424.1,2424.13,0.03,2424.115,0.2926324988026683346081692373
ETH-USD,2026-08-28T20:36:29.767516Z,2424.1,2424.13,0.03,2424.115,0.2926324988026683346081692373
ETH-USD,2026-08-28T20:36:29.858338Z,2424.1,2424.13,0.03,2424.115,0.2926324988026683346081692373
ETH-USD,2026-08-28T20:36:29.90871Z,2424.1,2424.13,0.03,2424.115,0.4592218850417809718989408552
ETH-USD,2026-08-28T20:36:29.99059Z,2424.1,2424.13,0.03,2424.115,0.4023921704116256874069194977
ETH-USD,2026-08-28T20:36:30.029026Z,2424.1,2424.13,0.03,2424.115,0.4023921704116256874069194977
ETH-USD,2026-08-28T20:36:30.091141Z,2424.1,2424.13,0.03,2424.115,0.4023921704116256874069194977
ETH-USD,2026-08-28T20:36:30.166973Z,2424.1,2424.13,0.03,2424.115,0.2572617540270830003748997777
ETH-USD,2026-08-28T20:36:30.172185Z,2424.1,2424.13,0.03,2424.115,0.2572617540270830003748997777
ETH-USD,2026-08-28T20:36:30.246359Z,2424.1,2424.13,0.03,2424.115,0.2190307063075120354498017486
ETH-USD,2026-08-28T20:36:30.256461Z,2424.1,2424.13,0.03,2424.115,0.1509114402184960334344389569
ETH-USD,2026-08-28T20:36:30.325188Z,2424.1,2424.13,0.03,2424.115,0.03900677904557140885135024001
ETH-USD,2026-08-28T20:36:30.421059Z,2424.1,2424.13,0.03,2424.115,0.3053408831678135705521048597
ETH-USD,2026-08-28T20:36:30.425741Z,2424.1,2424.13,0.03,2424.115,0.3053408831678135705521048597
ETH-USD,2026-08-28T20:36:30.484785Z,2424.1,2424.12,0.02,2424.11,0.3053408831678135705521048597
ETH-USD,2026-08-28T20:36:30.548437Z,2424.1,2424.13,0.03,2424.115,0.4009917776111397895272348827
ETH-USD,2026-08-28T20:36:30.603496Z,2424.1,2424.11,0.01,2424.105,0.4275133859772236630268498896
ETH-USD,2026-08-28T20:36:30.650984Z,2424.1,2424.13,0.03,2424.115,0.3148161812207650622724273600
ETH-USD,2026-08-28T20:36:30.698171Z,2424.1,2424.13,0.03,2424.115,0.3148161812207650622724273600
ETH-USD,2026-08-28T20:36:30.736004Z,2424.1,2424.13,0.03,2424.115,0.03024768120133871814719432212
ETH-USD,2026-08-28T20:36:30.80754Z,2424.1,2424.13,0.03,2424.115,0.03024768120133871814719432212
ETH-USD,2026-08-28T20:36:30.867415Z,2424.1,2424.13,0.03,2424.115,0.03024768120133871814719432212
ETH-USD,2026-08-28T20:36:30.905206Z,2424.1,2424.13,0.03,2424.115,0.03024768120133871814719432212
ETH-USD,2026-08-28T20:36:30.948024Z,2424.1,2424.13,0.03,2424.115,0.03024768120133871814719432212
ETH-USD,2026-08-28T20:36:30.999165Z,2424.1,2424.12,0.02,2424.11,0.03024768120133871814719432212
ETH-USD,2026-08-28T20:36:31.041935Z,2424.1,2424.12,0.02,2424.11,0.03024768120133871814719432212
ETH-USD,2026-08-28T20:36:31.106801Z,2424.1,2424.13,0.03,2424.115,0.03024768120133871814719432212
ETH-USD,2026-08-28T20:36:31.150341Z,2424.1,2424.13,0.03,2424.115,0.09178450101805528409747767336
ETH-USD,2026-08-28T20:36:31.190485Z,2424.1,2424.13,0.03,2424.115,0.09178450101805528409747767336
ETH-USD,2026-08-28T20:36:31.229973Z,2424.1,2424.13,0.03,2424.115,0.09178450101805528409747767336
ETH-USD,2026-08-28T20:36:31.308584Z,2424.1,2424.13,0.03,2424.115,0.09178450101805528409747767336
ETH-USD,2026-08-28T20:36:31.340319Z,2424.1,2424.13,0.03,2424.115,0.09114367378210781191158967642
ETH-USD,2026-08-28T20:36:31.40006Z,2424.1,2424.13,0.03,2424.115,0.3138869043628074323021492348
ETH-USD,2026-08-28T20:36:31.509736Z,2424.1,2424.13,0.03,2424.115,0.1604147029188418488010809971
ETH-USD,2026-08-28T20:36:31.523731Z,2424.1,2424.13,0.03,2424.115,0.1604147029188418488010809971
ETH-USD,2026-08-28T20:36:31.58641Z,2424.1,2424.13,0.03,2424.115,0.3138869043628074323021492348
ETH-USD,2026-08-28T20:36:31.630427Z,2424.1,2424.13,0.03,2424.115,0.3138869043628074323021492348
ETH-USD,2026-08-28T20:36:31.707686Z,2424.1,2424.13,0.03,2424.115,0.3138869043628074323021492348
ETH-USD,2026-08-28T20:36:31.839725Z,2424.1,2424.13,0.03,2424.115,0.3138869043628074323021492348
ETH-USD,2026-08-28T20:36:31.909371Z,2424.02,2424.12,0.10,2424.07,0.05737172813355292598481611094
ETH-USD,2026-08-28T20:36:31.962203Z,2424.03,2424.12,0.09,2424.075,0.04632999942506806298667426985
ETH-USD,2026-08-28T20:36:32.001543Z,2424.03,2424.12,0.09,2424.075,0.04632999942506806298667426985
ETH-USD,2026-08-28T20:36:32.029737Z,2424.03,2424.12,0.09,2424.075,0.04632999942506806298667426985
ETH-USD,2026-08-28T20:36:32.083593Z,2424.03,2424.12,0.09,2424.075,-0.02415887178297522637949144327
ETH-USD,2026-08-28T20:36:32.12805Z,2424.03,2424.12,0.09,2424.075,-0.02415887178297522637949144327
ETH-USD,2026-08-28T20:36:32.207905Z,2424.03,2424.12,0.09,2424.075,-0.02415887178297522637949144327
ETH-USD,2026-08-28T20:36:32.25353Z,2424.03,2424.12,0.09,2424.075,-0.02415887178297522637949144327
ETH-USD,2026-08-28T20:36:32.300445Z,2424.02,2424.12,0.10,2424.07,-0.1715663626026753618895317048
ETH-USD,2026-08-28T20:36:32.317643Z,2424,2424.12,0.12,2424.06,0.1042979867465903754779342925
ETH-USD,2026-08-28T20:36:32.394667Z,2424,2424.12,0.12,2424.06,0.1846812233875949928106720406
ETH-USD,2026-08-28T20:36:32.428508Z,2424,2424.12,0.12,2424.06,0.1846812233875949928106720406
ETH-USD,2026-08-28T20:36:32.47385Z,2424,2424.12,0.12,2424.06,0.1846812233875949928106720406
ETH-USD,2026-08-28T20:36:32.526886Z,2424.1,2424.12,0.02,2424.11,-0.05991825348568471782292146560
ETH-USD,2026-08-28T20:36:32.601412Z,2424.1,2424.12,0.02,2424.11,-0.05991825348568471782292146560
ETH-USD,2026-08-28T20:36:32.606636Z,2424.1,2424.12,0.02,2424.11,-0.05991825348568471782292146560
ETH-USD,2026-08-28T20:36:32.737705Z,2424.1,2424.12,0.02,2424.11,0.02414978761768699693473899316
ETH-USD,2026-08-28T20:36:32.813048Z,2424.1,2424.12,0.02,2424.11,0.02414978761768699693473899316
ETH-USD,2026-08-28T20:36:32.826537Z,2424.1,2424.12,0.02,2424.11,0.02414978761768699693473899316
ETH-USD,2026-08-28T20:36:32.854093Z,2424.1,2424.12,0.02,2424.11,0.02414978761768699693473899316
ETH-USD,2026-08-28T20:36:32.947757Z,2424.1,2424.12,0.02,2424.11,-0.05991825348568471782292146560
ETH-USD,2026-08-28T20:36:33.021419Z,2424.1,2424.12,0.02,2424.11,-0.05991825348568471782292146560
ETH-USD,2026-08-28T20:36:33.069895Z,2424.1,2424.12,0.02,2424.11,-0.05991825348568471782292146560
ETH-USD,2026-08-28T20:36:33.121129Z,2424.1,2424.12,0.02,2424.11,0.05830666780454697217386223515
ETH-USD,2026-08-28T20:36:33.154574Z,2424.1,2424.12,0.02,2424.11,0.1090724207805911568966480399
ETH-USD,2026-08-28T20:36:33.182649Z,2424.1,2424.12,0.02,2424.11,0.1090724207805911568966480399
ETH-USD,2026-08-28T20:36:33.260955Z,2424.1,2424.12,0.02,2424.11,-0.001023545690146756279975903367
ETH-USD,2026-08-28T20:36:33.30647Z,2424.1,2424.12,0.02,2424.11,-0.001023545690146756279975903367
ETH-USD,2026-08-28T20:36:33.341502Z,2424,2424.34,0.34,2424.17,-0.04715484697024124070340801868
ETH-USD,2026-08-28T20:36:33.350274Z,2424.15,2424.29,0.14,2424.22,0.1231730633118699111586699645
ETH-USD,2026-08-28T20:36:33.454686Z,2424.2,2424.3,0.1,2424.25,0.07308805985148794175006163249
ETH-USD,2026-08-28T20:36:33.502471Z,2424.29,2424.3,0.01,2424.295,0.01565200757337115464889777966
ETH-USD,2026-08-28T20:36:33.553264Z,2424.14,2424.62,0.48,2424.38,0.5159925610733433413273918421
ETH-USD,2026-08-28T20:36:33.603858Z,2424.14,2424.26,0.12,2424.20,0.4080989921455257757824892050
ETH-USD,2026-08-28T20:36:33.647612Z,2424.14,2424.26,0.12,2424.20,0.4282864609785914202905027911
ETH-USD,2026-08-28T20:36:33.701082Z,2424.25,2424.26,0.01,2424.255,0.1070051429325490547669734598
ETH-USD,2026-08-28T20:36:33.715154Z,2424.25,2424.26,0.01,2424.255,0.1070051429325490547669734598
ETH-USD,2026-08-28T20:36:33.805579Z,2424.25,2424.26,0.01,2424.255,0.06598641045441694176533822169
ETH-USD,2026-08-28T20:36:33.855151Z,2424.25,2424.26,0.01,2424.255,0.04111385047209556742244503604
ETH-USD,2026-08-28T20:36:33.904221Z,2424.14,2424.26,0.12,2424.20,-0.01491291354430101270747332712
ETH-USD,2026-08-28T20:36:33.935444Z,2424.14,2424.18,0.04,2424.16,-0.01491291354430101270747332712
ETH-USD,2026-08-28T20:36:34.003755Z,2424.14,2424.18,0.04,2424.16,-0.01491291354430101270747332712
ETH-USD,2026-08-28T20:36:34.054794Z,2424.28,2424.29,0.01,2424.285,0.1029921394206095652931257841
ETH-USD,2026-08-28T20:36:34.09985Z,2424.28,2424.29,0.01,2424.285,0.02764984554061419557115687899
ETH-USD,2026-08-28T20:36:34.157388Z,2424.18,2424.61,0.43,2424.395,0.1611160946876504730967326226
ETH-USD,2026-08-28T20:36:34.16707Z,2424.18,2424.61,0.43,2424.395,0.2037328406050121283674770424
ETH-USD,2026-08-28T20:36:34.304398Z,2424.15,2424.38,0.23,2424.265,0.02872618138475927671440937741
ETH-USD,2026-08-28T20:36:34.374912Z,2424.02,2424.27,0.25,2424.145,-0.2324566308576384570575587567
ETH-USD,2026-08-28T20:36:34.407259Z,2424.02,2424.26,0.24,2424.14,-0.1951073890756561418103485796
ETH-USD,2026-08-28T20:36:34.42428Z,2424.02,2424.26,0.24,2424.14,0.2260036170701836994688741151
ETH-USD,2026-08-28T20:36:34.486407Z,2424.09,2424.26,0.17,2424.175,-0.1077874539712686304367323106
ETH-USD,2026-08-28T20:36:34.53175Z,2424.25,2424.26,0.01,2424.255,-0.005612383222081787249329288002
ETH-USD,2026-08-28T20:36:34.611874Z,2424.25,2424.26,0.01,2424.255,0.03020377201556589345975234752
ETH-USD,2026-08-28T20:36:34.630149Z,2424.25,2424.26,0.01,2424.255,-0.01849108940977517021999152860
ETH-USD,2026-08-28T20:36:34.704926Z,2424.25,2424.26,0.01,2424.255,0.01964846036869373689377099613
ETH-USD,2026-08-28T20:36:34.749208Z,2424.25,2424.26,0.01,2424.255,-0.01849108940977517021999152860
ETH-USD,2026-08-28T20:36:34.806109Z,2424.25,2424.26,0.01,2424.255,0.05766497448895505076352024902
ETH-USD,2026-08-28T20:36:34.865381Z,2424.23,2424.47,0.24,2424.35,-0.4336131384392557667563183943
ETH-USD,2026-08-28T20:36:34.898884Z,2424.26,2424.47,0.21,2424.365,-0.4896017873067684623254430849
ETH-USD,2026-08-28T20:36:34.956799Z,2424.3,2424.47,0.17,2424.385,-0.4482221356117643162747707289
ETH-USD,2026-08-28T20:36:35.005918Z,2424.34,2424.47,0.13,2424.405,-0.5287522080488572385466477586
ETH-USD,2026-08-28T20:36:35.059893Z,2424.46,2424.47,0.01,2424.465,-0.6909305682964911592528828114
ETH-USD,2026-08-28T20:36:35.10587Z,2424.29,2424.47,0.18,2424.38,-0.4793436012064078474963708050
ETH-USD,2026-08-28T20:36:35.152547Z,2424.39,2424.53,0.14,2424.46,0.06632530378356609769108746844
ETH-USD,2026-08-28T20:36:35.212336Z,2424.19,2424.37,0.18,2424.28,-0.3245021666796047463516084622
ETH-USD,2026-08-28T20:36:35.254758Z,2424.21,2424.37,0.16,2424.29,-0.8270105586548619811340602858
ETH-USD,2026-08-28T20:36:35.301729Z,2424.21,2424.37,0.16,2424.29,-0.8398158096930600755577779483
ETH-USD,2026-08-28T20:36:35.341259Z,2424.21,2424.37,0.16,2424.29,-0.7888035624794568392442299362
ETH-USD,2026-08-28T20:36:35.38245Z,2424.21,2424.36,0.15,2424.285,-0.5777405381924789545781181478
ETH-USD,2026-08-28T20:36:35.417063Z,2424.21,2424.35,0.14,2424.28,-0.07614773737309768965875058373
ETH-USD,2026-08-28T20:36:35.490234Z,2424.23,2424.29,0.06,2424.26,0.007086358336918721992263786893
ETH-USD,2026-08-28T20:36:35.558446Z,2424.23,2424.37,0.14,2424.30,-0.5082654803697497348307694077
ETH-USD,2026-08-28T20:36:35.597491Z,2424.23,2424.29,0.06,2424.26,0.1394265258511603021704292507
ETH-USD,2026-08-28T20:36:35.658864Z,2424.23,2424.29,0.06,2424.26,0.2427495844063260118763188943
ETH-USD,2026-08-28T20:36:35.748491Z,2424.23,2424.36,0.13,2424.295,0.2649170902813203183106024133
ETH-USD,2026-08-28T20:36:35.809646Z,2424.23,2424.36,0.13,2424.295,0.2649170902813203183106024133
ETH-USD,2026-08-28T20:36:35.842219Z,2424.23,2424.37,0.14,2424.30,0.03334555839484985114380089420
ETH-USD,2026-08-28T20:36:35.908764Z,2424.23,2424.36,0.13,2424.295,0.1995147553811324890892709525
ETH-USD,2026-08-28T20:36:35.954595Z,2424.25,2424.33,0.08,2424.29,0.4652325495807648098873745250
ETH-USD,2026-08-28T20:36:35.99564Z,2424.25,2424.26,0.01,2424.255,0.1859353577269999053884744648
ETH-USD,2026-08-28T20:36:36.049783Z,2424.25,2424.26,0.01,2424.255,0.04066621604991846682971848624
ETH-USD,2026-08-28T20:36:36.099356Z,2424.25,2424.26,0.01,2424.255,0.2460129956763516055644854767
ETH-USD,2026-08-28T20:36:36.144535Z,2424.25,2424.26,0.01,2424.255,0.3976329862574249431010067448
ETH-USD,2026-08-28T20:36:36.199676Z,2424.25,2424.26,0.01,2424.255,0.3132188544394147405990551091
ETH-USD,2026-08-28T20:36:36.252125Z,2424.25,2424.26,0.01,2424.255,0.3795657568576869812696112299
ETH-USD,2026-08-28T20:36:36.27144Z,2424.25,2424.26,0.01,2424.255,0.3682535454135005739019868764
ETH-USD,2026-08-28T20:36:36.355654Z,2424.25,2424.26,0.01,2424.255,0.3370248571527185257734790883
ETH-USD,2026-08-28T20:36:36.39957Z,2424.25,2424.26,0.01,2424.255,0.3250303937344886080485178488
ETH-USD,2026-08-28T20:36:36.45169Z,2424.26,2424.27,0.01,2424.265,-0.04073925025669968097464316844
ETH-USD,2026-08-28T20:36:36.494177Z,2424.26,2424.27,0.01,2424.265,0.09957379860013626079247428384
ETH-USD,2026-08-28T20:36:36.555382Z,2424.26,2424.27,0.01,2424.265,-0.02159497207361064335386679557
ETH-USD,2026-08-28T20:36:36.599529Z,2424.26,2424.27,0.01,2424.265,-0.02095694984810001218614482718
ETH-USD,2026-08-28T20:36:36.649002Z,2424.26,2424.27,0.01,2424.265,-0.02095694401713540511640878032
ETH-USD,2026-08-28T20:36:36.700086Z,2424.26,2424.27,0.01,2424.265,-0.02095694401713540511640878032
ETH-USD,2026-08-28T20:36:36.754385Z,2424.26,2424.27,0.01,2424.265,-0.02095694401713540511640878032
ETH-USD,2026-08-28T20:36:36.79739Z,2424.26,2424.27,0.01,2424.265,-0.02095694401713540511640878032
ETH-USD,2026-08-28T20:36:36.902488Z,2424.26,2424.27,0.01,2424.265,-0.02095694401713540511640878032
ETH-USD,2026-08-28T20:36:36.927718Z,2424.26,2424.27,0.01,2424.265,-0.02095694401713540511640878032
ETH-USD,2026-08-28T20:36:37.064126Z,2424.26,2424.27,0.01,2424.265,-0.02095694401713540511640878032
ETH-USD,2026-08-28T20:36:37.10794Z,2424.26,2424.27,0.01,2424.265,-0.02095694401713540511640878032
ETH-USD,2026-08-28T20:36:37.204093Z,2424.3,2424.31,0.01,2424.305,0.09537961421097897642933963743
ETH-USD,2026-08-28T20:36:37.246119Z,2424.3,2424.31,0.01,2424.305,0.09537961421097897642933963743
ETH-USD,2026-08-28T20:36:37.30573Z,2424.3,2424.31,0.01,2424.305,0.4274722349843510023860941696
ETH-USD,2026-08-28T20:36:37.355421Z,2424.31,2424.32,0.01,2424.315,0.4536099735274773611260357551
ETH-USD,2026-08-28T20:36:37.405981Z,2424.31,2424.32,0.01,2424.315,0.4536099735274773611260357551
ETH-USD,2026-08-28T20:36:37.421534Z,2424.31,2424.32,0.01,2424.315,0.4345287058588860461132227762
ETH-USD,2026-08-28T20:36:37.501993Z,2424.31,2424.32,0.01,2424.315,0.4345287058588860461132227762
ETH-USD,2026-08-28T20:36:37.542827Z,2424.31,2424.32,0.01,2424.315,0.4345287058588860461132227762
ETH-USD,2026-08-28T20:36:37.624717Z,2424.31,2424.32,0.01,2424.315,0.4345287058588860461132227762
ETH-USD,2026-08-28T20:36:37.693809Z,2424.31,2424.32,0.01,2424.315,0.4345287058588860461132227762
ETH-USD,2026-08-28T20:36:37.806204Z,2424.31,2424.32,0.01,2424.315,0.4345287058588860461132227762
ETH-USD,2026-08-28T20:36:37.850947Z,2424.31,2424.32,0.01,2424.315,0.4816093739278884948815249882
ETH-USD,2026-08-28T20:36:37.956644Z,2424.31,2424.32,0.01,2424.315,0.4913328275178968692099602379
ETH-USD,2026-08-28T20:36:37.984622Z,2424.31,2424.32,0.01,2424.315,0.4913328275178968692099602379
ETH-USD,2026-08-28T20:36:38.027323Z,2424.31,2424.32,0.01,2424.315,0.4913328275178968692099602379
ETH-USD,2026-08-28T20:36:38.094707Z,2424.31,2424.32,0.01,2424.315,0.4913328275178968692099602379
ETH-USD,2026-08-28T20:36:38.1507Z,2424.31,2424.32,0.01,2424.315,0.4913328275178968692099602379
ETH-USD,2026-08-28T20:36:38.235536Z,2424.31,2424.32,0.01,2424.315,0.4913328275178968692099602379
ETH-USD,2026-08-28T20:36:38.311286Z,2424.31,2424.32,0.01,2424.315,0.4345404432060182276384573016
ETH-USD,2026-08-28T20:36:38.354025Z,2424.31,2424.32,0.01,2424.315,0.3839259080583697296786721430
ETH-USD,2026-08-28T20:36:38.386614Z,2424.31,2424.32,0.01,2424.315,0.3839259080583697296786721430
ETH-USD,2026-08-28T20:36:38.455332Z,2424.31,2424.32,0.01,2424.315,0.3839259080583697296786721430
ETH-USD,2026-08-28T20:36:38.509447Z,2424.31,2424.32,0.01,2424.315,0.3839259080583697296786721430
ETH-USD,2026-08-28T20:36:38.549157Z,2424.32,2424.34,0.02,2424.33,-0.3761591839584497407262029516
ETH-USD,2026-08-28T20:36:38.605717Z,2424.32,2424.33,0.01,2424.325,-0.3500272960659876601809896070
ETH-USD,2026-08-28T20:36:38.663237Z,2424.32,2424.33,0.01,2424.325,0.2101796945824322697246337637
ETH-USD,2026-08-28T20:36:38.704848Z,2424.32,2424.33,0.01,2424.325,-0.06663443660889959770916844510
ETH-USD,2026-08-28T20:36:38.730443Z,2424.32,2424.33,0.01,2424.325,-0.06663443660889959770916844510
ETH-USD,2026-08-28T20:36:38.866953Z,2424.32,2424.33,0.01,2424.325,-0.06663443660889959770916844510
ETH-USD,2026-08-28T20:36:38.871068Z,2424.32,2424.33,0.01,2424.325,-0.06663443660889959770916844510
ETH-USD,2026-08-28T20:36:38.939531Z,2424.32,2424.33,0.01,2424.325,-0.06663443660889959770916844510
ETH-USD,2026-08-28T20:36:39.051342Z,2424.32,2424.33,0.01,2424.325,-0.06348047700755483111200054818
ETH-USD,2026-08-28T20:36:39.128298Z,2424.32,2424.33,0.01,2424.325,-0.06348047700755483111200054818
ETH-USD,2026-08-28T20:36:39.255705Z,2424.32,2424.33,0.01,2424.325,-0.06348047700755483111200054818
ETH-USD,2026-08-28T20:36:39.291816Z,2424.36,2424.37,0.01,2424.365,-0.5665299915763969073275611932
ETH-USD,2026-08-28T20:36:39.360245Z,2424.36,2424.37,0.01,2424.365,-0.5665299915763969073275611932
ETH-USD,2026-08-28T20:36:39.39224Z,2424.36,2424.37,0.01,2424.365,-0.5665182928101587998968953732
ETH-USD,2026-08-28T20:36:39.437409Z,2424.36,2424.37,0.01,2424.365,-0.5665182928101587998968953732
ETH-USD,2026-08-28T20:36:39.627641Z,2424.36,2424.37,0.01,2424.365,-0.5665182928101587998968953732
ETH-USD,2026-08-28T20:36:39.711547Z,2424.36,2424.37,0.01,2424.365,-0.5665182928101587998968953732
ETH-USD,2026-08-28T20:36:39.76394Z,2424.36,2424.37,0.01,2424.365,-0.5431795443385533009675264685
ETH-USD,2026-08-28T20:36:39.785708Z,2424.36,2424.37,0.01,2424.365,-0.5431795443385533009675264685
ETH-USD,2026-08-28T20:36:39.939311Z,2424.36,2424.37,0.01,2424.365,-0.5431795443385533009675264685
ETH-USD,2026-08-28T20:36:39.983422Z,2424.36,2424.37,0.01,2424.365,-0.5431795443385533009675264685
ETH-USD,2026-08-28T20:36:40.067493Z,2424.36,2424.37,0.01,2424.365,-0.8020066985177560081764039812
ETH-USD,2026-08-28T20:36:40.118629Z,2424.36,2424.37,0.01,2424.365,-0.8074271978295598614219889733
ETH-USD,2026-08-28T20:36:40.236026Z,2423.8,2424.14,0.34,2423.97,0.07622090574371844594169043098
ETH-USD,2026-08-28T20:36:40.645682Z,2424.09,2424.13,0.04,2424.11,-0.1312867879253167006561900579
ETH-USD,2026-08-28T20:36:40.710431Z,2424.09,2424.13,0.04,2424.11,-0.1312867879253167006561900579
ETH-USD,2026-08-28T20:36:40.7208Z,2424.09,2424.13,0.04,2424.11,-0.03287000587632970348711815513
ETH-USD,2026-08-28T20:36:40.800848Z,2424.09,2424.13,0.04,2424.11,-0.03287000587632970348711815513
ETH-USD,2026-08-28T20:36:40.830905Z,2424.09,2424.12,0.03,2424.105,-0.03287000587632970348711815513
ETH-USD,2026-08-28T20:36:40.898372Z,2424.09,2424.11,0.02,2424.10,0.4913931842384552101069709874
ETH-USD,2026-08-28T20:36:40.95899Z,2424.09,2424.11,0.02,2424.10,0.3788940983052075830138465322
ETH-USD,2026-08-28T20:36:40.999796Z,2424.09,2424.11,0.02,2424.10,0.5164216967200320528281084213
ETH-USD,2026-08-28T20:36:41.046949Z,2424.09,2424.11,0.02,2424.10,0.5921173293468122466295697457
ETH-USD,2026-08-28T20:36:41.068764Z,2424.09,2424.11,0.02,2424.10,0.5921173293468122466295697457
ETH-USD,2026-08-28T20:36:41.14679Z,2424.09,2424.11,0.02,2424.10,0.4757616952772574600298571665
ETH-USD,2026-08-28T20:36:41.18893Z,2424.09,2424.11,0.02,2424.10,0.4757616952772574600298571665
ETH-USD,2026-08-28T20:36:41.241963Z,2424.09,2424.11,0.02,2424.10,0.4860999877407819161773979102
ETH-USD,2026-08-28T20:36:41.289057Z,2424.09,2424.1,0.01,2424.095,0.4860999877407819161773979102
ETH-USD,2026-08-28T20:36:41.346133Z,2424.09,2424.1,0.01,2424.095,0.4156141740991353435350114771
ETH-USD,2026-08-28T20:36:41.427903Z,2424.09,2424.1,0.01,2424.095,0.4156141740991353435350114771
ETH-USD,2026-08-28T20:36:41.501804Z,2423.98,2424.08,0.10,2424.03,0.3102555105083396094470626893
ETH-USD,2026-08-28T20:36:41.525536Z,2423.98,2424.08,0.10,2424.03,0.3102555105083396094470626893
ETH-USD,2026-08-28T20:36:41.599843Z,2424.08,2424.1,0.02,2424.09,0.3770793107412616027126846933
ETH-USD,2026-08-28T20:36:41.648309Z,2424.08,2424.1,0.02,2424.09,0.3770793107412616027126846933
ETH-USD,2026-08-28T20:36:41.68061Z,2424.08,2424.1,0.02,2424.09,0.3770793107412616027126846933
ETH-USD,2026-08-28T20:36:41.727291Z,2424.08,2424.1,0.02,2424.09,0.3770793107412616027126846933
ETH-USD,2026-08-28T20:36:41.777426Z,2424.08,2424.1,0.02,2424.09,0.3783484557525450366382484187
ETH-USD,2026-08-28T20:36:41.858796Z,2424.08,2424.1,0.02,2424.09,0.3783484557525450366382484187
ETH-USD,2026-08-28T20:36:41.901934Z,2424.08,2424.09,0.01,2424.085,0.2860379516323120614603263682
ETH-USD,2026-08-28T20:36:41.908758Z,2424.08,2424.09,0.01,2424.085,0.2860379516323120614603263682
ETH-USD,2026-08-28T20:36:42.002505Z,2424.08,2424.09,0.01,2424.085,0.2860379516323120614603263682
ETH-USD,2026-08-28T20:36:42.051648Z,2424.08,2424.09,0.01,2424.085,0.2860379516323120614603263682
ETH-USD,2026-08-28T20:36:42.076943Z,2424.08,2424.09,0.01,2424.085,0.2860379516323120614603263682
ETH-USD,2026-08-28T20:36:42.126104Z,2424.08,2424.09,0.01,2424.085,0.2860379516323120614603263682
ETH-USD,2026-08-28T20:36:42.217075Z,2424.08,2424.09,0.01,2424.085,0.2860379516323120614603263682
ETH-USD,2026-08-28T20:36:42.297978Z,2424.08,2424.09,0.01,2424.085,0.2860379516323120614603263682
ETH-USD,2026-08-28T20:36:42.323956Z,2424.08,2424.09,0.01,2424.085,0.2860379516323120614603263682
ETH-USD,2026-08-28T20:36:42.39198Z,2424.08,2424.09,0.01,2424.085,0.2860379516323120614603263682
ETH-USD,2026-08-28T20:36:42.424903Z,2424.08,2424.09,0.01,2424.085,0.2860379516323120614603263682
ETH-USD,2026-08-28T20:36:42.559026Z,2424.08,2424.09,0.01,2424.085,0.2860379516323120614603263682
ETH-USD,2026-08-28T20:36:42.587975Z,2424.08,2424.09,0.01,2424.085,0.2860379516323120614603263682
ETH-USD,2026-08-28T20:36:42.625176Z,2424.08,2424.09,0.01,2424.085,0.2860379516323120614603263682
ETH-USD,2026-08-28T20:36:42.725371Z,2424.08,2424.09,0.01,2424.085,0.2860379516323120614603263682
ETH-USD,2026-08-28T20:36:42.928349Z,2424.08,2424.09,0.01,2424.085,0.2860379516323120614603263682
ETH-USD,2026-08-28T20:36:43.026094Z,2424.08,2424.09,0.01,2424.085,0.2860379516323120614603263682
ETH-USD,2026-08-28T20:36:43.04834Z,2424.08,2424.09,0.01,2424.085,0.2860379516323120614603263682
ETH-USD,2026-08-28T20:36:43.086707Z,2424.08,2424.09,0.01,2424.085,0.2860379516323120614603263682
ETH-USD,2026-08-28T20:36:43.135188Z,2424.08,2424.09,0.01,2424.085,0.2860379516323120614603263682
ETH-USD,2026-08-28T20:36:43.199903Z,2424.08,2424.09,0.01,2424.085,0.2936908511668393181158503829
ETH-USD,2026-08-28T20:36:43.259642Z,2424.08,2424.09,0.01,2424.085,0.2936908511668393181158503829
ETH-USD,2026-08-28T20:36:43.321024Z,2424.08,2424.09,0.01,2424.085,0.2936908511668393181158503829
ETH-USD,2026-08-28T20:36:43.324826Z,2424.08,2424.09,0.01,2424.085,0.2936908511668393181158503829
ETH-USD,2026-08-28T20:36:43.49133Z,2424.08,2424.09,0.01,2424.085,0.2954148725227203385513912573
ETH-USD,2026-08-28T20:36:43.526757Z,2424.08,2424.09,0.01,2424.085,0.2954148725227203385513912573
ETH-USD,2026-08-28T20:36:43.612784Z,2424.08,2424.09,0.01,2424.085,0.2243057678694181232338047727
ETH-USD,2026-08-28T20:36:43.666047Z,2424.08,2424.09,0.01,2424.085,0.4796998807277594743555043735
ETH-USD,2026-08-28T20:36:43.716871Z,2424.08,2424.09,0.01,2424.085,0.4796998807277594743555043735
ETH-USD,2026-08-28T20:36:43.763026Z,2424.08,2424.09,0.01,2424.085,0.4796998807277594743555043735
ETH-USD,2026-08-28T20:36:43.803859Z,2424.08,2424.09,0.01,2424.085,0.2961451022228424091753132232
ETH-USD,2026-08-28T20:36:43.82766Z,2424.08,2424.09,0.01,2424.085,0.2961451022228424091753132232
ETH-USD,2026-08-28T20:36:43.939766Z,2424.08,2424.09,0.01,2424.085,0.2990278806023622957764860325
ETH-USD,2026-08-28T20:36:43.99677Z,2424.08,2424.09,0.01,2424.085,0.2990278806023622957764860325
ETH-USD,2026-08-28T20:36:44.05492Z,2424.08,2424.09,0.01,2424.085,0.2990278806023622957764860325
ETH-USD,2026-08-28T20:36:44.084247Z,2424.08,2424.09,0.01,2424.085,0.2990278806023622957764860325
ETH-USD,2026-08-28T20:36:44.151782Z,2424.08,2424.09,0.01,2424.085,0.2990278806023622957764860325
ETH-USD,2026-08-28T20:36:44.224993Z,2424.08,2424.09,0.01,2424.085,0.2990278806023622957764860325
ETH-USD,2026-08-28T20:36:44.289945Z,2424.08,2424.09,0.01,2424.085,0.2990278806023622957764860325
ETH-USD,2026-08-28T20:36:44.308687Z,2424.08,2424.09,0.01,2424.085,0.2990278806023622957764860325
ETH-USD,2026-08-28T20:36:44.421693Z,2424.08,2424.09,0.01,2424.085,0.2990278806023622957764860325
ETH-USD,2026-08-28T20:36:44.46242Z,2424.08,2424.09,0.01,2424.085,0.2990278806023622957764860325
ETH-USD,2026-08-28T20:36:44.50245Z,2424.08,2424.09,0.01,2424.085,0.2990278806023622957764860325
ETH-USD,2026-08-28T20:36:44.526903Z,2424.08,2424.09,0.01,2424.085,0.2990278806023622957764860325
ETH-USD,2026-08-28T20:36:44.653714Z,2424.08,2424.09,0.01,2424.085,0.2990278806023622957764860325
ETH-USD,2026-08-28T20:36:44.696505Z,2424.08,2424.09,0.01,2424.085,0.2990278806023622957764860325
ETH-USD,2026-08-28T20:36:44.760765Z,2424.08,2424.09,0.01,2424.085,0.2990278806023622957764860325
ETH-USD,2026-08-28T20:36:44.80107Z,2424.08,2424.09,0.01,2424.085,0.2990278806023622957764860325
ETH-USD,2026-08-28T20:36:44.842345Z,2424.08,2424.09,0.01,2424.085,0.2990278806023622957764860325
ETH-USD,2026-08-28T20:36:44.863963Z,2424.08,2424.09,0.01,2424.085,0.2990278806023622957764860325
ETH-USD,2026-08-28T20:36:45.063488Z,2424.08,2424.09,0.01,2424.085,0.2990278806023622957764860325
ETH-USD,2026-08-28T20:36:45.153986Z,2424.08,2424.09,0.01,2424.085,0.2307424248741507970518639474
ETH-USD,2026-08-28T20:36:45.20056Z,2424.08,2424.09,0.01,2424.085,0.2307424248741507970518639474
ETH-USD,2026-08-28T20:36:45.240316Z,2424.08,2424.09,0.01,2424.085,0.2307424248741507970518639474
ETH-USD,2026-08-28T20:36:45.2947Z,2424.08,2424.09,0.01,2424.085,0.2307424248741507970518639474
ETH-USD,2026-08-28T20:36:45.324787Z,2424.08,2424.09,0.01,2424.085,0.2307424248741507970518639474
ETH-USD,2026-08-28T20:36:45.409101Z,2424.08,2424.12,0.04,2424.10,-0.2210050610216457800757698941
ETH-USD,2026-08-28T20:36:45.44731Z,2424.08,2424.13,0.05,2424.105,-0.3148182328239194664574827352
ETH-USD,2026-08-28T20:36:45.506253Z,2424.12,2424.13,0.01,2424.125,-0.2538967678077559251354657462
ETH-USD,2026-08-28T20:36:45.560128Z,2424.12,2424.15,0.03,2424.135,-0.09687593816930795192817276226
ETH-USD,2026-08-28T20:36:45.572044Z,2424.12,2424.15,0.03,2424.135,-0.1153479725477349665314605554
ETH-USD,2026-08-28T20:36:45.62736Z,2424.12,2424.15,0.03,2424.135,-0.2050027671499813889352866260
ETH-USD,2026-08-28T20:36:45.704502Z,2424.12,2424.15,0.03,2424.135,-0.2050027671499813889352866260
ETH-USD,2026-08-28T20:36:45.741413Z,2424.12,2424.15,0.03,2424.135,-0.2050027671499813889352866260
ETH-USD,2026-08-28T20:36:45.814312Z,2424.12,2424.14,0.02,2424.13,-0.2699388497046088110772178982
ETH-USD,2026-08-28T20:36:45.849703Z,2424.12,2424.14,0.02,2424.13,-0.2699388497046088110772178982
ETH-USD,2026-08-28T20:36:45.927316Z,2424.12,2424.13,0.01,2424.125,-0.2979693942569320033273928511
ETH-USD,2026-08-28T20:36:45.961511Z,2424.12,2424.13,0.01,2424.125,-0.2979693942569320033273928511
ETH-USD,2026-08-28T20:36:45.992624Z,2424.12,2424.13,0.01,2424.125,-0.2979693942569320033273928511
ETH-USD,2026-08-28T20:36:46.0405Z,2424.12,2424.13,0.01,2424.125,-0.2979693942569320033273928511
ETH-USD,2026-08-28T20:36:46.104558Z,2424.12,2424.13,0.01,2424.125,-0.2584783210423173191047378396
ETH-USD,2026-08-28T20:36:46.215281Z,2424.12,2424.14,0.02,2424.13,-0.2298066265181119100557082839
ETH-USD,2026-08-28T20:36:46.258425Z,2424.12,2424.14,0.02,2424.13,-0.2298066265181119100557082839
ETH-USD,2026-08-28T20:36:46.320855Z,2424.12,2424.14,0.02,2424.13,-0.2298066265181119100557082839
ETH-USD,2026-08-28T20:36:46.348518Z,2424.12,2424.14,0.02,2424.13,-0.2298066265181119100557082839
ETH-USD,2026-08-28T20:36:46.410257Z,2424.12,2424.13,0.01,2424.125,-0.1799188141551200236347233521
ETH-USD,2026-08-28T20:36:46.415223Z,2424.12,2424.13,0.01,2424.125,-0.2589668236093458284602479498
ETH-USD,2026-08-28T20:36:46.513401Z,2424.12,2424.13,0.01,2424.125,0.1754432185281889002610103458
ETH-USD,2026-08-28T20:36:46.546496Z,2424.12,2424.13,0.01,2424.125,0.1740226981333832954307703948
ETH-USD,2026-08-28T20:36:46.630953Z,2424.12,2424.13,0.01,2424.125,0.08625778581730875073162340255
ETH-USD,2026-08-28T20:36:46.68669Z,2424.12,2424.13,0.01,2424.125,0.08625778581730875073162340255
ETH-USD,2026-08-28T20:36:46.734188Z,2424.12,2424.13,0.01,2424.125,0.08625778581730875073162340255
ETH-USD,2026-08-28T20:36:46.839819Z,2424.12,2424.13,0.01,2424.125,0.08625778581730875073162340255
ETH-USD,2026-08-28T20:36:46.95412Z,2424.12,2424.16,0.04,2424.14,0.07852535595452167591836945487
ETH-USD,2026-08-28T20:36:46.991491Z,2424.12,2424.16,0.04,2424.14,0.07852535595452167591836945487
ETH-USD,2026-08-28T20:36:47.0627Z,2424.12,2424.14,0.02,2424.13,0.1157781310429321431707677281
ETH-USD,2026-08-28T20:36:47.097145Z,2424.12,2424.13,0.01,2424.125,-0.2683900796573923265428752180
ETH-USD,2026-08-28T20:36:47.142503Z,2424.12,2424.13,0.01,2424.125,-0.2683900796573923265428752180
ETH-USD,2026-08-28T20:36:47.212507Z,2424.12,2424.13,0.01,2424.125,-0.04150510049576026811445018008
ETH-USD,2026-08-28T20:36:47.22677Z,2424.12,2424.13,0.01,2424.125,-0.04150510049576026811445018008
ETH-USD,2026-08-28T20:36:47.306093Z,2424.12,2424.13,0.01,2424.125,-0.3872044676020354613758873982
ETH-USD,2026-08-28T20:36:47.331524Z,2424.12,2424.13,0.01,2424.125,-0.3872044676020354613758873982
ETH-USD,2026-08-28T20:36:47.456434Z,2424.12,2424.13,0.01,2424.125,-0.3872044676020354613758873982
ETH-USD,2026-08-28T20:36:47.528422Z,2424.12,2424.13,0.01,2424.125,-0.3872044676020354613758873982
ETH-USD,2026-08-28T20:36:47.654097Z,2424.12,2424.16,0.04,2424.14,-0.6367856261233263570920801206
ETH-USD,2026-08-28T20:36:47.659311Z,2424.12,2424.16,0.04,2424.14,-0.6367856261233263570920801206
ETH-USD,2026-08-28T20:36:47.758624Z,2424.12,2424.16,0.04,2424.14,-0.6367856261233263570920801206
ETH-USD,2026-08-28T20:36:47.813357Z,2424.12,2424.16,0.04,2424.14,-0.6367856261233263570920801206
ETH-USD,2026-08-28T20:36:47.864725Z,2424.12,2424.16,0.04,2424.14,-0.6365076700721805125397255528
ETH-USD,2026-08-28T20:36:47.870169Z,2424.12,2424.15,0.03,2424.135,-0.5878065386413247060491336036
ETH-USD,2026-08-28T20:36:47.917545Z,2424.12,2424.15,0.03,2424.135,-0.5878065386413247060491336036
ETH-USD,2026-08-28T20:36:47.982875Z,2424.12,2424.15,0.03,2424.135,-0.5878065386413247060491336036
ETH-USD,2026-08-28T20:36:48.029714Z,2424.12,2424.15,0.03,2424.135,-0.5878065386413247060491336036
ETH-USD,2026-08-28T20:36:48.088521Z,2424.12,2424.15,0.03,2424.135,-0.5525452478321650049544582806
ETH-USD,2026-08-28T20:36:48.136708Z,2424.12,2424.15,0.03,2424.135,-0.4075889542245353163619963723
ETH-USD,2026-08-28T20:36:48.223269Z,2424.12,2424.15,0.03,2424.135,-0.4075889542245353163619963723
ETH-USD,2026-08-28T20:36:48.227207Z,2424.12,2424.15,0.03,2424.135,-0.4075889542245353163619963723
ETH-USD,2026-08-28T20:36:48.35094Z,2424.12,2424.15,0.03,2424.135,-0.4075889542245353163619963723
ETH-USD,2026-08-28T20:36:48.425979Z,2424.12,2424.15,0.03,2424.135,-0.4200722344939519430420574389
ETH-USD,2026-08-28T20:36:48.532817Z,2424.12,2424.15,0.03,2424.135,-0.4200722344939519430420574389
ETH-USD,2026-08-28T20:36:48.638564Z,2424.12,2424.15,0.03,2424.135,-0.4200722344939519430420574389
ETH-USD,2026-08-28T20:36:48.692185Z,2424.12,2424.15,0.03,2424.135,-0.4200722344939519430420574389
ETH-USD,2026-08-28T20:36:48.725778Z,2424.12,2424.15,0.03,2424.135,-0.4200722344939519430420574389
ETH-USD,2026-08-28T20:36:48.768604Z,2424.12,2424.15,0.03,2424.135,-0.4200722344939519430420574389
ETH-USD,2026-08-28T20:36:48.846486Z,2424.12,2424.15,0.03,2424.135,-0.4200722344939519430420574389
ETH-USD,2026-08-28T20:36:48.925811Z,2424.12,2424.15,0.03,2424.135,-0.4200722344939519430420574389
ETH-USD,2026-08-28T20:36:49.001584Z,2424.12,2424.15,0.03,2424.135,-0.4200722344939519430420574389
ETH-USD,2026-08-28T20:36:49.031513Z,2424.12,2424.15,0.03,2424.135,-0.4200329511659604266028486968
ETH-USD,2026-08-28T20:36:49.158024Z,2424.12,2424.15,0.03,2424.135,-0.4200329511659604266028486968
ETH-USD,2026-08-28T20:36:49.19353Z,2424.12,2424.15,0.03,2424.135,-0.4200329511659604266028486968
ETH-USD,2026-08-28T20:36:49.231803Z,2424.12,2424.15,0.03,2424.135,-0.4200329511659604266028486968
ETH-USD,2026-08-28T20:36:49.289901Z,2424.12,2424.15,0.03,2424.135,-0.4200329511659604266028486968
ETH-USD,2026-08-28T20:36:49.331987Z,2424.12,2424.15,0.03,2424.135,-0.4200329511659604266028486968
ETH-USD,2026-08-28T20:36:49.390152Z,2424.12,2424.15,0.03,2424.135,-0.4200329511659604266028486968
ETH-USD,2026-08-28T20:36:49.458392Z,2424.12,2424.15,0.03,2424.135,-0.4200329511659604266028486968
ETH-USD,2026-08-28T20:36:49.49137Z,2424.12,2424.15,0.03,2424.135,-0.4200329511659604266028486968
ETH-USD,2026-08-28T20:36:49.526505Z,2424.12,2424.15,0.03,2424.135,-0.4200329511659604266028486968
ETH-USD,2026-08-28T20:36:49.604703Z,2424.12,2424.15,0.03,2424.135,-0.4200329511659604266028486968
ETH-USD,2026-08-28T20:36:49.630754Z,2424.12,2424.15,0.03,2424.135,-0.4493440964167958001432961927
ETH-USD,2026-08-28T20:36:49.715207Z,2424.12,2424.15,0.03,2424.135,-0.4493440964167958001432961927
ETH-USD,2026-08-28T20:36:49.857149Z,2424.12,2424.15,0.03,2424.135,-0.4200329511659604266028486968
ETH-USD,2026-08-28T20:36:49.925751Z,2424.12,2424.15,0.03,2424.135,-0.4200329511659604266028486968
ETH-USD,2026-08-28T20:36:50.04367Z,2424.12,2424.14,0.02,2424.13,-0.4487506608570133385416976547
ETH-USD,2026-08-28T20:36:50.139995Z,2424.12,2424.13,0.01,2424.125,-0.4753295120461888071134766792
ETH-USD,2026-08-28T20:36:50.201932Z,2424.12,2424.13,0.01,2424.125,-0.4753295120461888071134766792
ETH-USD,2026-08-28T20:36:50.242245Z,2424.12,2424.13,0.01,2424.125,-0.4753295120461888071134766792
ETH-USD,2026-08-28T20:36:50.411006Z,2424.12,2424.13,0.01,2424.125,-0.4584358296242147628677955315
ETH-USD,2026-08-28T20:36:50.459917Z,2424.12,2424.15,0.03,2424.135,-0.02716119683367175579646730496
ETH-USD,2026-08-28T20:36:50.506721Z,2424.12,2424.15,0.03,2424.135,-0.02716119683367175579646730496
ETH-USD,2026-08-28T20:36:50.555108Z,2424.14,2424.15,0.01,2424.145,0.01541786967679427099964578221
ETH-USD,2026-08-28T20:36:50.599772Z,2424.14,2424.15,0.01,2424.145,0.2371331642726362274467812927
ETH-USD,2026-08-28T20:36:50.647468Z,2424.14,2424.15,0.01,2424.145,0.1679660904622238530407923115
ETH-USD,2026-08-28T20:36:50.704372Z,2424.14,2424.15,0.01,2424.145,-0.08760011662809229776781880528
ETH-USD,2026-08-28T20:36:50.764496Z,2424.14,2424.15,0.01,2424.145,-0.01237950286022048662196899826
ETH-USD,2026-08-28T20:36:50.799461Z,2424.12,2424.15,0.03,2424.135,0.08337454745156745682240389750
ETH-USD,2026-08-28T20:36:50.864142Z,2424.1,2424.15,0.05,2424.125,0.3139041160345380743429794216
ETH-USD,2026-08-28T20:36:50.908539Z,2424.1,2424.2,0.1,2424.15,0.6023315169957496850414541265
ETH-USD,2026-08-28T20:36:51.007397Z,2424.1,2424.12,0.02,2424.11,0.3112029849854150514888576743
ETH-USD,2026-08-28T20:36:51.071798Z,2424.05,2424.1,0.05,2424.075,0.5348836472167711329115858762
ETH-USD,2026-08-28T20:36:51.093433Z,2424.05,2424.1,0.05,2424.075,0.4940196029482971188542195683
ETH-USD,2026-08-28T20:36:51.157967Z,2424.05,2424.1,0.05,2424.075,0.5502017690791115123936545051
ETH-USD,2026-08-28T20:36:51.207822Z,2424.06,2424.1,0.04,2424.08,0.4756832788274476947164998405
ETH-USD,2026-08-28T20:36:51.218228Z,2424.06,2424.1,0.04,2424.08,0.4756832788274476947164998405
ETH-USD,2026-08-28T20:36:51.27582Z,2424.06,2424.1,0.04,2424.08,0.4756832788274476947164998405
ETH-USD,2026-08-28T20:36:51.327337Z,2424.06,2424.1,0.04,2424.08,0.4756832788274476947164998405
ETH-USD,2026-08-28T20:36:51.403444Z,2424.06,2424.09,0.03,2424.075,0.5448274395000680716749201218
ETH-USD,2026-08-28T20:36:51.453661Z,2424.06,2424.09,0.03,2424.075,0.5448274395000680716749201218
ETH-USD,2026-08-28T20:36:51.536568Z,2424.06,2424.08,0.02,2424.07,0.5463579524707603718149711307
ETH-USD,2026-08-28T20:36:51.606449Z,2424.07,2424.08,0.01,2424.075,0.4300513120695519313249354970
ETH-USD,2026-08-28T20:36:51.627391Z,2424.07,2424.08,0.01,2424.075,0.4300513120695519313249354970
ETH-USD,2026-08-28T20:36:51.664001Z,2424.07,2424.08,0.01,2424.075,0.4300513120695519313249354970
ETH-USD,2026-08-28T20:36:51.763588Z,2424.06,2424.08,0.02,2424.07,0.5463579524707603718149711307
ETH-USD,2026-08-28T20:36:51.813231Z,2424.06,2424.08,0.02,2424.07,0.5463579524707603718149711307
ETH-USD,2026-08-28T20:36:51.852311Z,2424.06,2424.08,0.02,2424.07,0.5463579524707603718149711307
ETH-USD,2026-08-28T20:36:51.881401Z,2424.07,2424.08,0.01,2424.075,0.4493609101804619906643292225
ETH-USD,2026-08-28T20:36:51.949995Z,2424.07,2424.08,0.01,2424.075,0.4493609101804619906643292225
ETH-USD,2026-08-28T20:36:51.958169Z,2424.06,2424.08,0.02,2424.07,0.5463579524707603718149711307
ETH-USD,2026-08-28T20:36:52.02507Z,2424.06,2424.08,0.02,2424.07,0.5463579524707603718149711307
ETH-USD,2026-08-28T20:36:52.096341Z,2424.06,2424.07,0.01,2424.065,0.5931196600618675291356891004
ETH-USD,2026-08-28T20:36:52.158131Z,2424.06,2424.07,0.01,2424.065,0.5931196600618675291356891004
ETH-USD,2026-08-28T20:36:52.16708Z,2424.06,2424.07,0.01,2424.065,0.5931196600618675291356891004
ETH-USD,2026-08-28T20:36:52.239466Z,2424.06,2424.07,0.01,2424.065,0.5931196600618675291356891004
ETH-USD,2026-08-28T20:36:52.347555Z,2424.06,2424.07,0.01,2424.065,0.5931196600618675291356891004
ETH-USD,2026-08-28T20:36:52.393521Z,2424.06,2424.07,0.01,2424.065,0.5931196600618675291356891004
ETH-USD,2026-08-28T20:36:52.517086Z,2424.14,2424.34,0.20,2424.24,-0.005527018257408978876206942407
ETH-USD,2026-08-28T20:36:52.55601Z,2424.01,2424.24,0.23,2424.125,0.1460486820307049253050234668
ETH-USD,2026-08-28T20:36:52.606642Z,2424.02,2424.23,0.21,2424.125,0.01424662094362640045649362227
ETH-USD,2026-08-28T20:36:52.652309Z,2424.03,2424.22,0.19,2424.125,0.1223613016798673924040314350
ETH-USD,2026-08-28T20:36:52.692508Z,2424.03,2424.22,0.19,2424.125,-0.07375407336034882612898245589
ETH-USD,2026-08-28T20:36:52.762892Z,2424.21,2424.22,0.01,2424.215,0.006306460270426527492569768378
ETH-USD,2026-08-28T20:36:52.767246Z,2424.21,2424.22,0.01,2424.215,0.006306460270426527492569768378
ETH-USD,2026-08-28T20:36:52.870836Z,2424.21,2424.22,0.01,2424.215,0.006306460270426527492569768378
ETH-USD,2026-08-28T20:36:52.909867Z,2424.21,2424.22,0.01,2424.215,0.006306460270426527492569768378
ETH-USD,2026-08-28T20:36:52.95518Z,2424.21,2424.22,0.01,2424.215,0.006306460270426527492569768378
ETH-USD,2026-08-28T20:36:52.960372Z,2424.21,2424.22,0.01,2424.215,0.006306460270426527492569768378
ETH-USD,2026-08-28T20:36:53.034404Z,2424.21,2424.22,0.01,2424.215,0.006306460270426527492569768378
ETH-USD,2026-08-28T20:36:53.101754Z,2424.21,2424.22,0.01,2424.215,0.2614967994374007700144140003
ETH-USD,2026-08-28T20:36:53.127612Z,2424.21,2424.22,0.01,2424.215,0.2614967994374007700144140003
ETH-USD,2026-08-28T20:36:53.180505Z,2424.21,2424.22,0.01,2424.215,0.2614967994374007700144140003
ETH-USD,2026-08-28T20:36:53.22615Z,2424.21,2424.22,0.01,2424.215,0.2614967994374007700144140003
ETH-USD,2026-08-28T20:36:53.339656Z,2424.21,2424.22,0.01,2424.215,0.3168585135023961614199621595
ETH-USD,2026-08-28T20:36:53.402421Z,2424.21,2424.22,0.01,2424.215,0.3168585135023961614199621595
ETH-USD,2026-08-28T20:36:53.425912Z,2424.21,2424.22,0.01,2424.215,0.3168585135023961614199621595
ETH-USD,2026-08-28T20:36:53.500523Z,2424.21,2424.22,0.01,2424.215,0.3749552639241591495077422209
ETH-USD,2026-08-28T20:36:53.525875Z,2424.21,2424.22,0.01,2424.215,0.3749552639241591495077422209
ETH-USD,2026-08-28T20:36:53.602233Z,2424.21,2424.22,0.01,2424.215,0.3749552639241591495077422209
ETH-USD,2026-08-28T20:36:53.653957Z,2424.32,2424.35,0.03,2424.335,0.1940615984960661897835762674
ETH-USD,2026-08-28T20:36:53.692028Z,2424.32,2424.33,0.01,2424.325,0.3593285242544486363220777754
ETH-USD,2026-08-28T20:36:53.742977Z,2424.32,2424.33,0.01,2424.325,0.4436396218437663306037221884
ETH-USD,2026-08-28T20:36:53.801056Z,2424.32,2424.33,0.01,2424.325,0.4359679453850434744765015306
ETH-USD,2026-08-28T20:36:53.852077Z,2424.07,2424.33,0.26,2424.20,0.4837191764519059362521712081
ETH-USD,2026-08-28T20:36:53.887054Z,2424.07,2424.29,0.22,2424.18,0.6020556943618552570018785717
ETH-USD,2026-08-28T20:36:53.954932Z,2424.07,2424.13,0.06,2424.10,0.4837191764519059362521712081
ETH-USD,2026-08-28T20:36:53.999487Z,2424.07,2424.13,0.06,2424.10,0.4837191764519059362521712081
ETH-USD,2026-08-28T20:36:54.057351Z,2424.05,2424.13,0.08,2424.09,0.4932278520958256131791023362
ETH-USD,2026-08-28T20:36:54.099449Z,2424.05,2424.11,0.06,2424.08,0.6099578349794770505678578451
ETH-USD,2026-08-28T20:36:54.126769Z,2424.05,2424.11,0.06,2424.08,0.6099578349794770505678578451
ETH-USD,2026-08-28T20:36:54.194456Z,2424.06,2424.1,0.04,2424.08,0.6317765097738972989274021579
ETH-USD,2026-08-28T20:36:54.255181Z,2424.06,2424.1,0.04,2424.08,0.6317765097738972989274021579
ETH-USD,2026-08-28T20:36:54.303621Z,2424.06,2424.26,0.20,2424.16,0.4186532475493194282667061447
ETH-USD,2026-08-28T20:36:54.361118Z,2424.07,2424.23,0.16,2424.15,0.5226175135864407701114321424
ETH-USD,2026-08-28T20:36:54.383841Z,2424.07,2424.23,0.16,2424.15,0.5226175135864407701114321424
ETH-USD,2026-08-28T20:36:54.452836Z,2424.07,2424.23,0.16,2424.15,0.5226175135864407701114321424
ETH-USD,2026-08-28T20:36:54.472291Z,2424.21,2424.22,0.01,2424.215,0.5037278910875007160795700184
ETH-USD,2026-08-28T20:36:54.561255Z,2424.21,2424.22,0.01,2424.215,0.5037278910875007160795700184
ETH-USD,2026-08-28T20:36:54.607323Z,2424.21,2424.22,0.01,2424.215,0.5037278910875007160795700184
ETH-USD,2026-08-28T20:36:54.637809Z,2424.21,2424.22,0.01,2424.215,0.5037278910875007160795700184
ETH-USD,2026-08-28T20:36:54.693566Z,2424.21,2424.22,0.01,2424.215,0.5037278910875007160795700184
ETH-USD,2026-08-28T20:36:54.747491Z,2424.21,2424.22,0.01,2424.215,0.5037278910875007160795700184
ETH-USD,2026-08-28T20:36:54.77785Z,2424.21,2424.22,0.01,2424.215,0.5037278910875007160795700184
ETH-USD,2026-08-28T20:36:54.866197Z,2424.21,2424.22,0.01,2424.215,0.5037278910875007160795700184
ETH-USD,2026-08-28T20:36:54.91555Z,2424.21,2424.22,0.01,2424.215,0.5037278910875007160795700184
ETH-USD,2026-08-28T20:36:54.942799Z,2424.21,2424.22,0.01,2424.215,0.5037278910875007160795700184
ETH-USD,2026-08-28T20:36:55.045573Z,2424.21,2424.22,0.01,2424.215,0.5088029895065765393629135421
ETH-USD,2026-08-28T20:36:55.09543Z,2424.21,2424.22,0.01,2424.215,0.5088029895065765393629135421
ETH-USD,2026-08-28T20:36:55.118306Z,2424.21,2424.22,0.01,2424.215,0.5088029895065765393629135421
ETH-USD,2026-08-28T20:36:55.214658Z,2424.21,2424.22,0.01,2424.215,0.5088029895065765393629135421
ETH-USD,2026-08-28T20:36:55.248743Z,2424.21,2424.22,0.01,2424.215,0.4037628373397343661789445124
ETH-USD,2026-08-28T20:36:55.330582Z,2424.21,2424.22,0.01,2424.215,0.4037628373397343661789445124
ETH-USD,2026-08-28T20:36:55.400894Z,2424.21,2424.22,0.01,2424.215,0.4037628373397343661789445124
ETH-USD,2026-08-28T20:36:55.443729Z,2424.21,2424.22,0.01,2424.215,0.4037628373397343661789445124
ETH-USD,2026-08-28T20:36:55.487399Z,2424.21,2424.22,0.01,2424.215,0.4037628373397343661789445124
ETH-USD,2026-08-28T20:36:55.552797Z,2424.21,2424.22,0.01,2424.215,0.3224281675246616846094698924
ETH-USD,2026-08-28T20:36:55.59597Z,2424.21,2424.22,0.01,2424.215,0.3224281675246616846094698924
ETH-USD,2026-08-28T20:36:55.630724Z,2424.21,2424.22,0.01,2424.215,0.3224281675246616846094698924
ETH-USD,2026-08-28T20:36:55.750678Z,2424.35,2424.55,0.20,2424.45,0.2433200052454506962590334314
ETH-USD,2026-08-28T20:36:55.800736Z,2424.54,2424.55,0.01,2424.545,-0.4682986823362185345505260517
ETH-USD,2026-08-28T20:36:55.849569Z,2424.43,2424.45,0.02,2424.44,-0.7197853795587354083888251365
ETH-USD,2026-08-28T20:36:55.90529Z,2424.27,2424.28,0.01,2424.275,0.3706346754490688853432456292
ETH-USD,2026-08-28T20:36:56.037479Z,2424.51,2424.79,0.28,2424.65,0.3522312939650546622877701112
ETH-USD,2026-08-28T20:36:56.173886Z,2424.61,2424.8,0.19,2424.705,-0.6438744500873937562639746967
ETH-USD,2026-08-28T20:36:56.428961Z,2424.87,2424.98,0.11,2424.925,-0.7260718840972104779157641203
ETH-USD,2026-08-28T20:36:56.63236Z,2425.04,2425.28,0.24,2425.16,0.09424179129840038289978883548
ETH-USD,2026-08-28T20:36:56.702251Z,2425.02,2425.28,0.26,2425.15,-0.09456075012040662386097489414
ETH-USD,2026-08-28T20:36:56.754315Z,2425.07,2425.27,0.20,2425.17,0.4090601927954714751336587451
ETH-USD,2026-08-28T20:36:56.798674Z,2425.22,2425.25,0.03,2425.235,0.2655156724017321166031924652
ETH-USD,2026-08-28T20:36:56.85259Z,2425.14,2425.22,0.08,2425.18,0.2789715411604327445424634066
ETH-USD,2026-08-28T20:36:56.890618Z,2425.15,2425.22,0.07,2425.185,0.2789715411604327445424634066
ETH-USD,2026-08-28T20:36:56.953768Z,2425.15,2425.18,0.03,2425.165,0.4279380020641304823641707525
ETH-USD,2026-08-28T20:36:56.998187Z,2425.15,2425.16,0.01,2425.155,0.3379204019001181450781109202
ETH-USD,2026-08-28T20:36:57.042241Z,2425.15,2425.16,0.01,2425.155,0.4430949568294116910945291583
ETH-USD,2026-08-28T20:36:57.097771Z,2425.15,2425.16,0.01,2425.155,0.4430949568294116910945291583
ETH-USD,2026-08-28T20:36:57.125775Z,2425.15,2425.16,0.01,2425.155,0.4430949568294116910945291583
ETH-USD,2026-08-28T20:36:57.201522Z,2425.15,2425.16,0.01,2425.155,0.4431981770567960227605509526
ETH-USD,2026-08-28T20:36:57.252387Z,2425.15,2425.16,0.01,2425.155,0.4431981770567960227605509526
ETH-USD,2026-08-28T20:36:57.3033Z,2425.15,2425.16,0.01,2425.155,0.4431981770567960227605509526
ETH-USD,2026-08-28T20:36:57.358008Z,2425.15,2425.16,0.01,2425.155,0.5448806807811225014609495849
ETH-USD,2026-08-28T20:36:57.36198Z,2425.15,2425.16,0.01,2425.155,0.5448806807811225014609495849
ETH-USD,2026-08-28T20:36:57.442057Z,2425.15,2425.16,0.01,2425.155,0.5448806807811225014609495849
ETH-USD,2026-08-28T20:36:57.48068Z,2425.15,2425.16,0.01,2425.155,0.5448806807811225014609495849
ETH-USD,2026-08-28T20:36:57.554202Z,2425.15,2425.16,0.01,2425.155,0.5448806807811225014609495849
ETH-USD,2026-08-28T20:36:57.594547Z,2425.15,2425.16,0.01,2425.155,0.5448806807811225014609495849
ETH-USD,2026-08-28T20:36:57.648479Z,2425.15,2425.16,0.01,2425.155,0.7773223509981222427493816358
ETH-USD,2026-08-28T20:36:57.66616Z,2425.15,2425.16,0.01,2425.155,0.7773223509981222427493816358
ETH-USD,2026-08-28T20:36:57.751876Z,2425.15,2425.16,0.01,2425.155,0.7773223509981222427493816358
ETH-USD,2026-08-28T20:36:57.805017Z,2425.15,2425.16,0.01,2425.155,0.7773223509981222427493816358
ETH-USD,2026-08-28T20:36:57.81755Z,2425.15,2425.16,0.01,2425.155,0.7773223509981222427493816358
ETH-USD,2026-08-28T20:36:57.95196Z,2425.15,2425.16,0.01,2425.155,0.7715657818743241677207428276
ETH-USD,2026-08-28T20:36:58.001912Z,2425.15,2425.16,0.01,2425.155,0.7717242154579101913387232442
ETH-USD,2026-08-28T20:36:58.03999Z,2425.15,2425.16,0.01,2425.155,0.7931429281363250350936148191
ETH-USD,2026-08-28T20:36:58.092418Z,2425.15,2425.16,0.01,2425.155,0.8309789842940614622882419886
ETH-USD,2026-08-28T20:36:58.165519Z,2425.15,2425.16,0.01,2425.155,0.8209615274776709165253516560
ETH-USD,2026-08-28T20:36:58.203623Z,2425.15,2425.16,0.01,2425.155,0.8209615274776709165253516560
ETH-USD,2026-08-28T20:36:58.243246Z,2425.15,2425.16,0.01,2425.155,0.8209615274776709165253516560
ETH-USD,2026-08-28T20:36:58.317925Z,2425.17,2425.18,0.01,2425.175,0.7402294424154337884992973792
ETH-USD,2026-08-28T20:36:58.335482Z,2425.17,2425.18,0.01,2425.175,0.7402294424154337884992973792
ETH-USD,2026-08-28T20:36:58.411822Z,2425.17,2425.18,0.01,2425.175,0.7713335302362175162868215925
ETH-USD,2026-08-28T20:36:58.451561Z,2425.17,2425.18,0.01,2425.175,0.7732701529089266884499853159
ETH-USD,2026-08-28T20:36:58.50993Z,2425.17,2425.18,0.01,2425.175,0.5531537072280481552254013554
ETH-USD,2026-08-28T20:36:58.531703Z,2425.17,2425.18,0.01,2425.175,0.5531537072280481552254013554
ETH-USD,2026-08-28T20:36:58.613734Z,2425.17,2425.18,0.01,2425.175,0.5536408529863078819152800323
ETH-USD,2026-08-28T20:36:58.638146Z,2425.17,2425.18,0.01,2425.175,0.5536408529863078819152800323
ETH-USD,2026-08-28T20:36:58.699565Z,2425.17,2425.18,0.01,2425.175,0.5536408529863078819152800323
ETH-USD,2026-08-28T20:36:58.761009Z,2425.17,2425.18,0.01,2425.175,0.5536408529863078819152800323
ETH-USD,2026-08-28T20:36:58.80834Z,2425.17,2425.18,0.01,2425.175,0.5536408529863078819152800323
ETH-USD,2026-08-28T20:36:58.855131Z,2425.17,2425.18,0.01,2425.175,0.5536408529863078819152800323
ETH-USD,2026-08-28T20:36:58.890372Z,2425.17,2425.18,0.01,2425.175,0.3144803486326273649182794656
ETH-USD,2026-08-28T20:36:58.959709Z,2425.17,2425.18,0.01,2425.175,0.4627010010098647551305268298
ETH-USD,2026-08-28T20:36:58.996964Z,2425.17,2425.18,0.01,2425.175,0.4627010010098647551305268298
ETH-USD,2026-08-28T20:36:59.039795Z,2425.17,2425.18,0.01,2425.175,0.4627010010098647551305268298
ETH-USD,2026-08-28T20:36:59.098202Z,2425.17,2425.18,0.01,2425.175,0.4627010010098647551305268298
ETH-USD,2026-08-28T20:36:59.126385Z,2425.17,2425.18,0.01,2425.175,0.4627010010098647551305268298
ETH-USD,2026-08-28T20:36:59.213357Z,2425.17,2425.18,0.01,2425.175,0.5296735668419143666835581689
ETH-USD,2026-08-28T20:36:59.227685Z,2425.17,2425.18,0.01,2425.175,0.7576639469158208254814479792
ETH-USD,2026-08-28T20:36:59.27374Z,2425.17,2425.18,0.01,2425.175,0.7576639469158208254814479792
ETH-USD,2026-08-28T20:36:59.352938Z,2425.17,2425.18,0.01,2425.175,0.7567383490237164727771494201
ETH-USD,2026-08-28T20:36:59.401896Z,2425.17,2425.18,0.01,2425.175,0.6698451424848574329998717788
ETH-USD,2026-08-28T20:36:59.426664Z,2425.17,2425.18,0.01,2425.175,0.6698451424848574329998717788
ETH-USD,2026-08-28T20:36:59.496313Z,2425.17,2425.18,0.01,2425.175,0.6698451424848574329998717788
ETH-USD,2026-08-28T20:36:59.536654Z,2425.17,2425.18,0.01,2425.175,0.7567383490237164727771494201
ETH-USD,2026-08-28T20:36:59.60667Z,2425.17,2425.18,0.01,2425.175,0.7567383490237164727771494201
ETH-USD,2026-08-28T20:36:59.708879Z,2425.17,2425.18,0.01,2425.175,0.7714115564502536243086438894
ETH-USD,2026-08-28T20:36:59.723678Z,2425.17,2425.18,0.01,2425.175,0.7714115564502536243086438894
ETH-USD,2026-08-28T20:36:59.811524Z,2425.17,2425.18,0.01,2425.175,0.7714115564502536243086438894
ETH-USD,2026-08-28T20:36:59.849994Z,2425.17,2425.18,0.01,2425.175,0.7714115564502536243086438894
ETH-USD,2026-08-28T20:36:59.872276Z,2425.17,2425.18,0.01,2425.175,0.7714115564502536243086438894
ETH-USD,2026-08-28T20:36:59.923708Z,2425.17,2425.18,0.01,2425.175,0.7714115564502536243086438894
ETH-USD,2026-08-28T20:37:00.058194Z,2425.17,2425.18,0.01,2425.175,0.7714115564502536243086438894
ETH-USD,2026-08-28T20:37:00.093268Z,2425.17,2425.18,0.01,2425.175,0.3999084985762973625609980873
ETH-USD,2026-08-28T20:37:00.150829Z,2425.17,2425.18,0.01,2425.175,0.7321560532434260733066608935
ETH-USD,2026-08-28T20:37:00.159752Z,2425.17,2425.18,0.01,2425.175,0.5899885586549892216727418241
ETH-USD,2026-08-28T20:37:00.245924Z,2425.17,2425.18,0.01,2425.175,0.5306830707776066103385345896
ETH-USD,2026-08-28T20:37:00.306884Z,2425.17,2425.18,0.01,2425.175,0.5306830707776066103385345896
ETH-USD,2026-08-28T20:37:00.355092Z,2425.17,2425.18,0.01,2425.175,0.5306830707776066103385345896
ETH-USD,2026-08-28T20:37:00.410744Z,2425.17,2425.18,0.01,2425.175,0.5306830707776066103385345896
ETH-USD,2026-08-28T20:37:00.446831Z,2425.17,2425.18,0.01,2425.175,0.9021201259651549232781524952
ETH-USD,2026-08-28T20:37:00.464223Z,2425.17,2425.18,0.01,2425.175,0.9144442982248288436094268697
ETH-USD,2026-08-28T20:37:00.57044Z,2425.17,2425.18,0.01,2425.175,0.9144442982248288436094268697
ETH-USD,2026-08-28T20:37:00.64673Z,2425.17,2425.18,0.01,2425.175,0.8160858655376750806758179144
ETH-USD,2026-08-28T20:37:00.683521Z,2425.17,2425.18,0.01,2425.175,0.8892680085950673572391193787
ETH-USD,2026-08-28T20:37:00.725689Z,2425.17,2425.18,0.01,2425.175,0.9144442982248288436094268697
ETH-USD,2026-08-28T20:37:00.80231Z,2425.17,2425.18,0.01,2425.175,0.9144442982248288436094268697
ETH-USD,2026-08-28T20:37:00.807565Z,2425.17,2425.18,0.01,2425.175,0.9114401634041005171994864081
ETH-USD,2026-08-28T20:37:00.897184Z,2425.27,2425.28,0.01,2425.275,0.4272075867377105770835302433
ETH-USD,2026-08-28T20:37:00.954138Z,2425.27,2425.28,0.01,2425.275,0.2134411225415720953837137793
ETH-USD,2026-08-28T20:37:00.999382Z,2425.27,2425.28,0.01,2425.275,0.1894431275630230760273164279
ETH-USD,2026-08-28T20:37:01.249999Z,2425.27,2425.28,0.01,2425.275,-0.04218030287681023920548021709
ETH-USD,2026-08-28T20:37:01.317357Z,2425.27,2425.28,0.01,2425.275,0.05615032007550588988558087442
ETH-USD,2026-08-28T20:37:01.326169Z,2425.27,2425.28,0.01,2425.275,0.06747145263318219805876930244
ETH-USD,2026-08-28T20:37:01.352674Z,2425.27,2425.28,0.01,2425.275,0.1840584362986035569132743340
ETH-USD,2026-08-28T20:37:01.361271Z,2425.27,2425.28,0.01,2425.275,0.2739374065746746057892889609
ETH-USD,2026-08-28T20:37:01.448286Z,2425.27,2425.28,0.01,2425.275,0.8260221881758575293649190893
ETH-USD,2026-08-28T20:37:01.60052Z,2425.42,2425.43,0.01,2425.425,0.4114153627531005777261492640
ETH-USD,2026-08-28T20:37:01.652002Z,2425.42,2425.43,0.01,2425.425,0.5323850437676617046979182116
ETH-USD,2026-08-28T20:37:01.700443Z,2425.42,2425.43,0.01,2425.425,0.5169846729066736326387638991
ETH-USD,2026-08-28T20:37:01.75255Z,2425.42,2425.43,0.01,2425.425,0.5102081848743930540096721194
ETH-USD,2026-08-28T20:37:01.853475Z,2425.42,2425.43,0.01,2425.425,0.5404338497056520583868303057
ETH-USD,2026-08-28T20:37:01.900664Z,2425.42,2425.43,0.01,2425.425,0.5332742901580851782418653814
ETH-USD,2026-08-28T20:37:01.954678Z,2425.56,2425.76,0.20,2425.66,0.6533213125881723993161838275
ETH-USD,2026-08-28T20:37:01.998689Z,2425.68,2425.69,0.01,2425.685,0.4996264264929164786583049400
ETH-USD,2026-08-28T20:37:02.053877Z,2425.64,2425.66,0.02,2425.65,0.5668839744291100452418191016
ETH-USD,2026-08-28T20:37:02.105277Z,2425.64,2425.65,0.01,2425.645,0.5985574864641570085044214646
ETH-USD,2026-08-28T20:37:02.145491Z,2425.57,2425.64,0.07,2425.605,0.5999155587757691864120430331
ETH-USD,2026-08-28T20:37:02.197314Z,2425.63,2425.64,0.01,2425.635,0.6554245598863712365921125561
ETH-USD,2026-08-28T20:37:02.246211Z,2425.63,2425.64,0.01,2425.635,0.6554245598863712365921125561
ETH-USD,2026-08-28T20:37:02.279981Z,2425.63,2425.64,0.01,2425.635,0.6554245598863712365921125561
ETH-USD,2026-08-28T20:37:02.324012Z,2425.63,2425.64,0.01,2425.635,0.6554245598863712365921125561
ETH-USD,2026-08-28T20:37:02.388238Z,2425.63,2425.64,0.01,2425.635,0.6389151442407601254260454108
ETH-USD,2026-08-28T20:37:02.458677Z,2425.63,2425.64,0.01,2425.635,0.6389151442407601254260454108
ETH-USD,2026-08-28T20:37:02.473283Z,2425.63,2425.64,0.01,2425.635,0.6389151442407601254260454108
ETH-USD,2026-08-28T20:37:02.551107Z,2425.63,2425.64,0.01,2425.635,0.6637991857339304197191016521
ETH-USD,2026-08-28T20:37:02.600169Z,2425.63,2425.64,0.01,2425.635,0.6637991857339304197191016521
ETH-USD,2026-08-28T20:37:02.646873Z,2425.74,2425.94,0.20,2425.84,0.4278146387818609120398976834
ETH-USD,2026-08-28T20:37:02.695168Z,2425.89,2425.92,0.03,2425.905,0.4785449316027886333666797668
ETH-USD,2026-08-28T20:37:02.742063Z,2425.89,2425.9,0.01,2425.895,0.5677618971487746091753252504
ETH-USD,2026-08-28T20:37:02.798276Z,2426.13,2426.18,0.05,2426.155,0.2664421772558292112294709500
ETH-USD,2026-08-28T20:37:02.841041Z,2425.99,2426.18,0.19,2426.085,-0.1224558435497915028143588820
ETH-USD,2026-08-28T20:37:02.909475Z,2426.07,2426.31,0.24,2426.19,-0.3169237201057038925738642505
ETH-USD,2026-08-28T20:37:02.946834Z,2425.91,2426.08,0.17,2425.995,0.4894725778801391872063795649
ETH-USD,2026-08-28T20:37:03.00047Z,2425.99,2426.03,0.04,2426.01,0.7327245125995239459373242054
ETH-USD,2026-08-28T20:37:03.05934Z,2425.99,2426.02,0.03,2426.005,0.6912436648672588778851534468
ETH-USD,2026-08-28T20:37:03.102701Z,2425.99,2426.02,0.03,2426.005,0.6912436648672588778851534468
ETH-USD,2026-08-28T20:37:03.157492Z,2425.97,2426,0.03,2425.985,0.4832851511076291648122292753
ETH-USD,2026-08-28T20:37:03.208213Z,2425.97,2425.99,0.02,2425.98,0.4832851511076291648122292753
ETH-USD,2026-08-28T20:37:03.250617Z,2425.97,2425.99,0.02,2425.98,0.7162002824145339361898616329
ETH-USD,2026-08-28T20:37:03.293414Z,2425.97,2425.99,0.02,2425.98,0.7162002824145339361898616329
ETH-USD,2026-08-28T20:37:03.362057Z,2425.86,2425.99,0.13,2425.925,0.7850044153216863945619689906
ETH-USD,2026-08-28T20:37:03.407494Z,2425.98,2425.99,0.01,2425.985,0.7885922456746827793742783742
ETH-USD,2026-08-28T20:37:03.431592Z,2425.98,2425.99,0.01,2425.985,0.7885922456746827793742783742
ETH-USD,2026-08-28T20:37:03.457609Z,2425.98,2425.99,0.01,2425.985,0.7885922456746827793742783742
ETH-USD,2026-08-28T20:37:03.557246Z,2425.98,2425.99,0.01,2425.985,0.7164891275486903990306877073
ETH-USD,2026-08-28T20:37:03.588272Z,2425.98,2425.99,0.01,2425.985,0.7164891275486903990306877073
ETH-USD,2026-08-28T20:37:03.661818Z,2425.98,2425.99,0.01,2425.985,0.7166203833262064311967763034
ETH-USD,2026-08-28T20:37:03.696009Z,2425.98,2425.99,0.01,2425.985,0.7166203833262064311967763034
ETH-USD,2026-08-28T20:37:03.743567Z,2425.98,2425.99,0.01,2425.985,0.7214051059776000443673539952
ETH-USD,2026-08-28T20:37:03.905659Z,2425.98,2425.99,0.01,2425.985,0.7411665259414034928332825977
ETH-USD,2026-08-28T20:37:03.926238Z,2425.98,2425.99,0.01,2425.985,0.7411665259414034928332825977
ETH-USD,2026-08-28T20:37:04.002479Z,2425.98,2425.99,0.01,2425.985,0.5554548845450782370435021459
ETH-USD,2026-08-28T20:37:04.067191Z,2425.98,2425.99,0.01,2425.985,0.5699121356472968122285674177
ETH-USD,2026-08-28T20:37:04.11482Z,2425.98,2425.99,0.01,2425.985,0.5699121356472968122285674177
ETH-USD,2026-08-28T20:37:04.148776Z,2425.98,2425.99,0.01,2425.985,0.5124471291532050030110939770
ETH-USD,2026-08-28T20:37:04.202296Z,2425.98,2425.99,0.01,2425.985,0.5092466342287584949725046141
ETH-USD,2026-08-28T20:37:04.239699Z,2425.98,2426.05,0.07,2426.015,0.5765978342119375064425008656
ETH-USD,2026-08-28T20:37:04.301959Z,2426.1,2426.13,0.03,2426.115,0.3578492548276851523435405659
ETH-USD,2026-08-28T20:37:04.34858Z,2426.1,2426.14,0.04,2426.12,-0.2365993173683347830119165075
ETH-USD,2026-08-28T20:37:04.407897Z,2426.13,2426.14,0.01,2426.135,0.2579318663605346119832238055
ETH-USD,2026-08-28T20:37:04.417797Z,2426.13,2426.14,0.01,2426.135,0.08396531817922143119783961338
ETH-USD,2026-08-28T20:37:04.47778Z,2426.13,2426.14,0.01,2426.135,0.1309716842785608589691653710
ETH-USD,2026-08-28T20:37:04.538136Z,2426.13,2426.14,0.01,2426.135,0.1309716842785608589691653710
ETH-USD,2026-08-28T20:37:04.600245Z,2426.13,2426.14,0.01,2426.135,-0.05405864705185581100846509799
ETH-USD,2026-08-28T20:37:04.634588Z,2426.13,2426.14,0.01,2426.135,-0.03947119673405536679190317660
ETH-USD,2026-08-28T20:37:04.683464Z,2426.13,2426.14,0.01,2426.135,-0.001594089999864855008172031688
ETH-USD,2026-08-28T20:37:04.74926Z,2426.13,2426.14,0.01,2426.135,-0.02572098824062213469309927568
ETH-USD,2026-08-28T20:37:04.802452Z,2426.13,2426.14,0.01,2426.135,-0.02572098824062213469309927568
ETH-USD,2026-08-28T20:37:04.847233Z,2426.13,2426.14,0.01,2426.135,-0.02572098824062213469309927568
ETH-USD,2026-08-28T20:37:04.879248Z,2426.13,2426.14,0.01,2426.135,0.1259277854153055975343242720
ETH-USD,2026-08-28T20:37:04.92215Z,2426.13,2426.14,0.01,2426.135,0.1259277854153055975343242720
ETH-USD,2026-08-28T20:37:04.994602Z,2426.13,2426.14,0.01,2426.135,0.1259277854153055975343242720
ETH-USD,2026-08-28T20:37:05.057239Z,2426.13,2426.14,0.01,2426.135,0.2238645955708140374693724444
ETH-USD,2026-08-28T20:37:05.101263Z,2425.96,2425.97,0.01,2425.965,0.4207344527264068043052027959
ETH-USD,2026-08-28T20:37:05.152149Z,2425.97,2426.1,0.13,2426.035,0.1569410295619135141488704244
ETH-USD,2026-08-28T20:37:05.198002Z,2426.09,2426.1,0.01,2426.095,0.3205115850663893680950092643
ETH-USD,2026-08-28T20:37:05.250649Z,2426.09,2426.1,0.01,2426.095,0.1560517218614620465147199037
ETH-USD,2026-08-28T20:37:05.301226Z,2426.09,2426.1,0.01,2426.095,0.1560517218614620465147199037
ETH-USD,2026-08-28T20:37:05.361571Z,2426.09,2426.1,0.01,2426.095,0.09824359270151612681398450380
ETH-USD,2026-08-28T20:37:05.401958Z,2426.09,2426.1,0.01,2426.095,0.2485384735502295967747751316
ETH-USD,2026-08-28T20:37:05.449116Z,2426.09,2426.1,0.01,2426.095,0.2485384735502295967747751316
ETH-USD,2026-08-28T20:37:05.546214Z,2426.09,2426.1,0.01,2426.095,0.1994370447162285193636177654
ETH-USD,2026-08-28T20:37:05.59959Z,2426.09,2426.1,0.01,2426.095,0.1411342486396998454266102631
ETH-USD,2026-08-28T20:37:05.643884Z,2426.07,2426.08,0.01,2426.075,0.4507440098990117898533076905
ETH-USD,2026-08-28T20:37:05.707144Z,2426.07,2426.08,0.01,2426.075,0.4914793511839368259148575484
ETH-USD,2026-08-28T20:37:05.734718Z,2426.07,2426.08,0.01,2426.075,0.4919333766736179714390208785
ETH-USD,2026-08-28T20:37:05.787879Z,2426.07,2426.08,0.01,2426.075,0.4088605597536039573732376871
ETH-USD,2026-08-28T20:37:05.866192Z,2426.07,2426.08,0.01,2426.075,0.2361484731139761550138784658
ETH-USD,2026-08-28T20:37:05.904249Z,2426.07,2426.08,0.01,2426.075,0.3479143791935091425631884369
ETH-USD,2026-08-28T20:37:05.944868Z,2426.07,2426.08,0.01,2426.075,0.3479143791935091425631884369
ETH-USD,2026-08-28T20:37:05.999451Z,2426.07,2426.08,0.01,2426.075,0.3479143791935091425631884369
ETH-USD,2026-08-28T20:37:06.036821Z,2426.07,2426.08,0.01,2426.075,0.1978568051354059623702244217
ETH-USD,2026-08-28T20:37:06.120608Z,2426.07,2426.08,0.01,2426.075,0.1978568051354059623702244217
ETH-USD,2026-08-28T20:37:06.161747Z,2426.07,2426.08,0.01,2426.075,0.3479143791935091425631884369
ETH-USD,2026-08-28T20:37:06.205051Z,2426.07,2426.08,0.01,2426.075,0.3479143791935091425631884369
ETH-USD,2026-08-28T20:37:06.223796Z,2426.07,2426.08,0.01,2426.075,0.3479143791935091425631884369
ETH-USD,2026-08-28T20:37:06.310437Z,2426.07,2426.08,0.01,2426.075,0.3565235255015376105036588521
ETH-USD,2026-08-28T20:37:06.346631Z,2426.07,2426.08,0.01,2426.075,0.3565235255015376105036588521
ETH-USD,2026-08-28T20:37:06.402406Z,2426.22,2426.23,0.01,2426.225,-0.01709008758445099539164886329
ETH-USD,2026-08-28T20:37:06.48693Z,2426.22,2426.23,0.01,2426.225,-0.08512561912349170927213602321
ETH-USD,2026-08-28T20:37:06.528802Z,2426.22,2426.23,0.01,2426.225,0.08660955228080037949945985781
ETH-USD,2026-08-28T20:37:06.572796Z,2426.22,2426.23,0.01,2426.225,0.08660955228080037949945985781
ETH-USD,2026-08-28T20:37:06.64107Z,2426.22,2426.23,0.01,2426.225,0.08660955228080037949945985781
ETH-USD,2026-08-28T20:37:06.663124Z,2426.22,2426.23,0.01,2426.225,0.08660955228080037949945985781
ETH-USD,2026-08-28T20:37:06.749713Z,2426.22,2426.23,0.01,2426.225,0.08660955228080037949945985781
ETH-USD,2026-08-28T20:37:06.766168Z,2426.22,2426.23,0.01,2426.225,0.3013182361802599555846804189
ETH-USD,2026-08-28T20:37:06.900957Z,2426.22,2426.24,0.02,2426.23,0.1409606761637603797425897472
ETH-USD,2026-08-28T20:37:06.955465Z,2426.3,2426.34,0.04,2426.32,0.2635715964546944789399572465
ETH-USD,2026-08-28T20:37:07.000943Z,2426.32,2426.33,0.01,2426.325,0.4337505597243060394612085176
ETH-USD,2026-08-28T20:37:07.054288Z,2426.32,2426.33,0.01,2426.325,0.4337505597243060394612085176
ETH-USD,2026-08-28T20:37:07.102034Z,2426.32,2426.33,0.01,2426.325,0.4249313088521960556885751718
ETH-USD,2026-08-28T20:37:07.15049Z,2426.32,2426.33,0.01,2426.325,0.4249313088521960556885751718
ETH-USD,2026-08-28T20:37:07.203039Z,2426.32,2426.33,0.01,2426.325,0.6254106549469648326197367425
ETH-USD,2026-08-28T20:37:07.244501Z,2426.08,2426.32,0.24,2426.20,0.7432157021285158578409791787
ETH-USD,2026-08-28T20:37:07.266267Z,2426.3,2426.31,0.01,2426.305,0.4938318814317273933694581589
ETH-USD,2026-08-28T20:37:07.355077Z,2426.3,2426.31,0.01,2426.305,0.4938318814317273933694581589
ETH-USD,2026-08-28T20:37:07.40129Z,2426.3,2426.31,0.01,2426.305,0.4938782149242238566901556235
ETH-USD,2026-08-28T20:37:07.431238Z,2426.3,2426.31,0.01,2426.305,0.4938782149242238566901556235
ETH-USD,2026-08-28T20:37:07.490573Z,2426.3,2426.31,0.01,2426.305,0.4938782149242238566901556235
ETH-USD,2026-08-28T20:37:07.548964Z,2426.3,2426.31,0.01,2426.305,0.4938782149242238566901556235
ETH-USD,2026-08-28T20:37:07.588941Z,2426.3,2426.31,0.01,2426.305,0.4938782149242238566901556235
ETH-USD,2026-08-28T20:37:07.654214Z,2426.3,2426.31,0.01,2426.305,0.5146093450288367510370908670
ETH-USD,2026-08-28T20:37:07.689479Z,2426.3,2426.31,0.01,2426.305,0.5146093450288367510370908670
ETH-USD,2026-08-28T20:37:07.745395Z,2426.3,2426.31,0.01,2426.305,0.5146093450288367510370908670
ETH-USD,2026-08-28T20:37:07.800618Z,2426.3,2426.31,0.01,2426.305,0.5146093450288367510370908670
ETH-USD,2026-08-28T20:37:07.827845Z,2426.3,2426.31,0.01,2426.305,0.5146093450288367510370908670
ETH-USD,2026-08-28T20:37:07.90512Z,2426.3,2426.31,0.01,2426.305,0.5705529897312693878257897442
ETH-USD,2026-08-28T20:37:07.92616Z,2426.3,2426.31,0.01,2426.305,0.5705529897312693878257897442
ETH-USD,2026-08-28T20:37:08.052317Z,2426.3,2426.31,0.01,2426.305,0.5705529897312693878257897442
ETH-USD,2026-08-28T20:37:08.09465Z,2426.3,2426.31,0.01,2426.305,0.5705529897312693878257897442
ETH-USD,2026-08-28T20:37:08.12955Z,2426.3,2426.31,0.01,2426.305,0.5705529897312693878257897442
ETH-USD,2026-08-28T20:37:08.200307Z,2426.3,2426.31,0.01,2426.305,0.5705529897312693878257897442
ETH-USD,2026-08-28T20:37:08.235838Z,2426.3,2426.31,0.01,2426.305,0.5705529897312693878257897442
ETH-USD,2026-08-28T20:37:08.263606Z,2426.3,2426.31,0.01,2426.305,0.5705529897312693878257897442
ETH-USD,2026-08-28T20:37:08.334081Z,2426.3,2426.31,0.01,2426.305,0.5686630446814753364938407311
ETH-USD,2026-08-28T20:37:08.404803Z,2426.3,2426.31,0.01,2426.305,0.5686630446814753364938407311
ETH-USD,2026-08-28T20:37:08.460835Z,2426.3,2426.31,0.01,2426.305,0.5686630446814753364938407311
ETH-USD,2026-08-28T20:37:08.509169Z,2426.3,2426.31,0.01,2426.305,0.7144696683519924679377942194
ETH-USD,2026-08-28T20:37:08.541239Z,2426.3,2426.31,0.01,2426.305,0.7144696683519924679377942194
ETH-USD,2026-08-28T20:37:08.571633Z,2426.3,2426.31,0.01,2426.305,0.5680990615474170581154318302
ETH-USD,2026-08-28T20:37:08.647503Z,2426.3,2426.31,0.01,2426.305,0.6383474717149771633301182084
ETH-USD,2026-08-28T20:37:08.680355Z,2426.3,2426.31,0.01,2426.305,0.6383474717149771633301182084
ETH-USD,2026-08-28T20:37:08.752747Z,2426.3,2426.31,0.01,2426.305,0.6383474717149771633301182084
ETH-USD,2026-08-28T20:37:08.790488Z,2426.3,2426.31,0.01,2426.305,0.5680990615474170581154318302
ETH-USD,2026-08-28T20:37:08.842946Z,2426.3,2426.31,0.01,2426.305,0.5680990615474170581154318302
ETH-USD,2026-08-28T20:37:08.885136Z,2426.3,2426.31,0.01,2426.305,0.6383474717149771633301182084
ETH-USD,2026-08-28T20:37:08.964999Z,2426.3,2426.31,0.01,2426.305,0.4252536075153642108026095955
ETH-USD,2026-08-28T20:37:08.998773Z,2426.3,2426.31,0.01,2426.305,0.4252536075153642108026095955
ETH-USD,2026-08-28T20:37:09.070617Z,2426.3,2426.31,0.01,2426.305,0.5680990615474170581154318302
ETH-USD,2026-08-28T20:37:09.14631Z,2426.3,2426.31,0.01,2426.305,0.5680990615474170581154318302
ETH-USD,2026-08-28T20:37:09.19522Z,2426.53,2426.63,0.10,2426.58,0.6374401361756216544251856053
ETH-USD,2026-08-28T20:37:09.254936Z,2426.62,2426.63,0.01,2426.625,0.7582624707998106510117304892
ETH-USD,2026-08-28T20:37:09.314478Z,2426.63,2426.64,0.01,2426.635,0.3630731150224342410727777885
ETH-USD,2026-08-28T20:37:09.348036Z,2426.63,2426.64,0.01,2426.635,0.6576862176741034562052488782
ETH-USD,2026-08-28T20:37:09.398052Z,2426.63,2426.64,0.01,2426.635,0.6492729622214693678155277448
ETH-USD,2026-08-28T20:37:09.450034Z,2426.63,2426.64,0.01,2426.635,0.7960660703882553994625467190
ETH-USD,2026-08-28T20:37:09.493121Z,2426.63,2426.64,0.01,2426.635,0.6601551152099887371223834149
ETH-USD,2026-08-28T20:37:09.549991Z,2426.63,2426.64,0.01,2426.635,0.6601551152099887371223834149
ETH-USD,2026-08-28T20:37:09.591918Z,2426.63,2426.64,0.01,2426.635,0.6642285724711242056865439496
ETH-USD,2026-08-28T20:37:09.657315Z,2426.63,2426.64,0.01,2426.635,0.6642285724711242056865439496
ETH-USD,2026-08-28T20:37:09.70565Z,2426.63,2426.64,0.01,2426.635,0.6642285724711242056865439496
ETH-USD,2026-08-28T20:37:09.751697Z,2426.63,2426.64,0.01,2426.635,0.4203458752834455274124107657
ETH-USD,2026-08-28T20:37:09.789676Z,2426.63,2426.64,0.01,2426.635,0.4203458752834455274124107657
ETH-USD,2026-08-28T20:37:09.860698Z,2426.63,2426.64,0.01,2426.635,0.4203458752834455274124107657
ETH-USD,2026-08-28T20:37:09.875835Z,2426.63,2426.64,0.01,2426.635,0.4203458752834455274124107657
ETH-USD,2026-08-28T20:37:09.932812Z,2426.63,2426.64,0.01,2426.635,0.4203458752834455274124107657
ETH-USD,2026-08-28T20:37:09.988166Z,2426.64,2426.65,0.01,2426.645,0.4533691758141782862337034969
ETH-USD,2026-08-28T20:37:10.057327Z,2426.8,2426.81,0.01,2426.805,0.3972643863292926281050820125
ETH-USD,2026-08-28T20:37:10.100257Z,2426.8,2426.81,0.01,2426.805,0.3972643863292926281050820125
ETH-USD,2026-08-28T20:37:10.138179Z,2426.8,2426.81,0.01,2426.805,0.5333119484205999991996548772
ETH-USD,2026-08-28T20:37:10.182591Z,2426.8,2426.81,0.01,2426.805,0.5333583587469430408518787760
ETH-USD,2026-08-28T20:37:10.225268Z,2426.8,2426.81,0.01,2426.805,0.5333583587469430408518787760
ETH-USD,2026-08-28T20:37:10.294044Z,2426.8,2426.81,0.01,2426.805,0.5272523617302216615357762589
ETH-USD,2026-08-28T20:37:10.350643Z,2426.8,2426.81,0.01,2426.805,0.5298765232732018707416602889
ETH-USD,2026-08-28T20:37:10.438286Z,2426.8,2426.81,0.01,2426.805,0.4619956377915905890516212903
ETH-USD,2026-08-28T20:37:10.491615Z,2426.8,2426.81,0.01,2426.805,0.4619956377915905890516212903
ETH-USD,2026-08-28T20:37:10.536441Z,2426.8,2426.81,0.01,2426.805,0.5159909797762979144096241102
ETH-USD,2026-08-28T20:37:10.650463Z,2426.8,2426.81,0.01,2426.805,0.5159909797762979144096241102
ETH-USD,2026-08-28T20:37:10.681327Z,2426.8,2426.81,0.01,2426.805,0.5159909797762979144096241102
ETH-USD,2026-08-28T20:37:10.760692Z,2426.8,2426.81,0.01,2426.805,0.5159909797762979144096241102
ETH-USD,2026-08-28T20:37:10.814944Z,2426.8,2426.81,0.01,2426.805,0.5159909797762979144096241102
ETH-USD,2026-08-28T20:37:10.865183Z,2426.8,2426.81,0.01,2426.805,0.5159909797762979144096241102
ETH-USD,2026-08-28T20:37:10.879151Z,2426.8,2426.81,0.01,2426.805,0.5463897037400229763829095318
ETH-USD,2026-08-28T20:37:10.953206Z,2426.8,2426.81,0.01,2426.805,0.5463897037400229763829095318
ETH-USD,2026-08-28T20:37:10.991385Z,2426.8,2426.81,0.01,2426.805,0.5463897037400229763829095318
ETH-USD,2026-08-28T20:37:11.101723Z,2426.8,2426.81,0.01,2426.805,0.5463897037400229763829095318
ETH-USD,2026-08-28T20:37:11.155037Z,2426.89,2426.97,0.08,2426.93,0.3416325757519069334376110499
ETH-USD,2026-08-28T20:37:11.19581Z,2426.95,2426.96,0.01,2426.955,0.5615521214475999871250888422
ETH-USD,2026-08-28T20:37:11.245847Z,2426.95,2426.96,0.01,2426.955,-0.6124620148935955741697040402
ETH-USD,2026-08-28T20:37:11.309809Z,2426.95,2426.96,0.01,2426.955,-0.3377843492142557654240157721
ETH-USD,2026-08-28T20:37:11.320712Z,2426.95,2426.96,0.01,2426.955,-0.3377843492142557654240157721
ETH-USD,2026-08-28T20:37:11.359018Z,2426.95,2426.96,0.01,2426.955,-0.4439618844714736765521695326
ETH-USD,2026-08-28T20:37:11.403587Z,2426.95,2426.96,0.01,2426.955,-0.4439618844714736765521695326
ETH-USD,2026-08-28T20:37:11.49248Z,2426.95,2426.96,0.01,2426.955,-0.3479425930782593278835865037
ETH-USD,2026-08-28T20:37:11.556607Z,2426.95,2426.96,0.01,2426.955,-0.3188820738582849908802854829
ETH-USD,2026-08-28T20:37:11.575207Z,2426.95,2426.96,0.01,2426.955,-0.3188820738582849908802854829
ETH-USD,2026-08-28T20:37:11.658275Z,2426.95,2426.96,0.01,2426.955,-0.3188820738582849908802854829
ETH-USD,2026-08-28T20:37:11.705519Z,2426.95,2427.35,0.40,2427.15,-0.4471169256427575330644063267
ETH-USD,2026-08-28T20:37:11.751316Z,2427.06,2427.3,0.24,2427.18,-0.6682689333888653685223135554
ETH-USD,2026-08-28T20:37:11.774648Z,2426.96,2427.28,0.32,2427.12,0.02239416254829564833729478054
ETH-USD,2026-08-28T20:37:11.837493Z,2427.03,2427.26,0.23,2427.145,0.2386065197277736556897029615
ETH-USD,2026-08-28T20:37:11.865793Z,2427.03,2427.26,0.23,2427.145,-0.1342379744091426771676244782
ETH-USD,2026-08-28T20:37:11.972767Z,2427.04,2427.26,0.22,2427.15,-0.5883183596487486446496841702
ETH-USD,2026-08-28T20:37:11.992985Z,2427.04,2427.26,0.22,2427.15,-0.5882459918030116561648368602
ETH-USD,2026-08-28T20:37:12.05825Z,2427.04,2427.26,0.22,2427.15,-0.2472132241943833625285627774
ETH-USD,2026-08-28T20:37:12.103383Z,2427.07,2427.52,0.45,2427.295,-0.4418274287113597813099150565
ETH-USD,2026-08-28T20:37:12.153465Z,2427.27,2427.28,0.01,2427.275,-0.2124388920128768299406473319
ETH-USD,2026-08-28T20:37:12.20511Z,2427.27,2427.28,0.01,2427.275,-0.3234406478576094262329060330
ETH-USD,2026-08-28T20:37:12.252844Z,2427.27,2427.28,0.01,2427.275,-0.2168083645756698609291757973
ETH-USD,2026-08-28T20:37:12.305134Z,2427.2,2427.21,0.01,2427.205,0.2626416853651419028322758605
ETH-USD,2026-08-28T20:37:12.363393Z,2427.2,2427.21,0.01,2427.205,0.2626416853651419028322758605
ETH-USD,2026-08-28T20:37:12.39729Z,2427.2,2427.27,0.07,2427.235,0.6532868225342694058831774204
ETH-USD,2026-08-28T20:37:12.452141Z,2427.2,2427.27,0.07,2427.235,-0.3946352473031536334316208885
ETH-USD,2026-08-28T20:37:12.500481Z,2427.2,2427.26,0.06,2427.23,-0.5532025658045943967495876009
ETH-USD,2026-08-28T20:37:12.558271Z,2427.16,2427.21,0.05,2427.185,0.3718265951504048862312004154
ETH-USD,2026-08-28T20:37:12.602471Z,2427.2,2427.24,0.04,2427.22,0.3606976061968455291499747361
ETH-USD,2026-08-28T20:37:12.64883Z,2427.2,2427.31,0.11,2427.255,-0.2058088749850439106440524564
ETH-USD,2026-08-28T20:37:12.704767Z,2427.2,2427.31,0.11,2427.255,-0.2092369949290303774067449651
ETH-USD,2026-08-28T20:37:12.757982Z,2427.23,2427.48,0.25,2427.355,0.06900972010312424105224518327
ETH-USD,2026-08-28T20:37:12.803057Z,2427.23,2427.47,0.24,2427.35,0.1899571759217636828682519957
ETH-USD,2026-08-28T20:37:12.866171Z,2427.23,2427.44,0.21,2427.335,0.3323475198988946896646382479
ETH-USD,2026-08-28T20:37:12.8954Z,2427.23,2427.44,0.21,2427.335,0.3323475198988946896646382479
ETH-USD,2026-08-28T20:37:12.960761Z,2427,2427.43,0.43,2427.215,0.3336098812195118697480475964
ETH-USD,2026-08-28T20:37:13.002474Z,2427.25,2427.43,0.18,2427.34,0.2621143846298427929674189047
ETH-USD,2026-08-28T20:37:13.052566Z,2427.25,2427.52,0.27,2427.385,0.06966965088367393367716489781
ETH-USD,2026-08-28T20:37:13.095592Z,2427.31,2427.32,0.01,2427.315,0.1737201223285653380665774506
ETH-USD,2026-08-28T20:37:13.158Z,2427.31,2427.64,0.33,2427.475,0.1543428390836298690540288653
ETH-USD,2026-08-28T20:37:13.205781Z,2427.28,2427.32,0.04,2427.30,0.05674469537442637591561469995
ETH-USD,2026-08-28T20:37:13.254851Z,2427.28,2427.31,0.03,2427.295,0.05269810185423217140064014482
ETH-USD,2026-08-28T20:37:13.309328Z,2427.3,2427.46,0.16,2427.38,0.1159715838536883246501400336
ETH-USD,2026-08-28T20:37:13.349831Z,2427.3,2427.31,0.01,2427.305,0.2242521787053053850783506348
ETH-USD,2026-08-28T20:37:13.407434Z,2427.3,2427.31,0.01,2427.305,0.07604152488147180410141733634
ETH-USD,2026-08-28T20:37:13.449727Z,2427.3,2427.31,0.01,2427.305,0.1583260707061496560749650954
ETH-USD,2026-08-28T20:37:13.505318Z,2427.3,2427.31,0.01,2427.305,0.2488878937896068579002653452
ETH-USD,2026-08-28T20:37:13.552839Z,2427.3,2427.31,0.01,2427.305,0.3388040611341663904980186923
ETH-USD,2026-08-28T20:37:13.600396Z,2427.3,2427.31,0.01,2427.305,0.4179113576214566361831919603
ETH-USD,2026-08-28T20:37:13.6391Z,2427.3,2427.31,0.01,2427.305,0.1523016601418205209391945004
ETH-USD,2026-08-28T20:37:13.702018Z,2427.3,2427.31,0.01,2427.305,0.1523016601418205209391945004
ETH-USD,2026-08-28T20:37:13.743247Z,2427.3,2427.31,0.01,2427.305,0.2342724738439452170583202571
ETH-USD,2026-08-28T20:37:13.80326Z,2427.3,2427.31,0.01,2427.305,0.3367032981263448349504063880
ETH-USD,2026-08-28T20:37:13.862386Z,2427.3,2427.31,0.01,2427.305,0.4901493087346408062005572570
ETH-USD,2026-08-28T20:37:13.963673Z,2427.3,2427.31,0.01,2427.305,0.1165533323700407610471586958
ETH-USD,2026-08-28T20:37:14.040442Z,2427.3,2427.31,0.01,2427.305,0.02344496249727208710561379253
ETH-USD,2026-08-28T20:37:14.121659Z,2427.3,2427.31,0.01,2427.305,0.02344496249727208710561379253
ETH-USD,2026-08-28T20:37:14.125616Z,2427.3,2427.31,0.01,2427.305,0.02344496249727208710561379253
ETH-USD,2026-08-28T20:37:14.224935Z,2427.3,2427.31,0.01,2427.305,0.02344496249727208710561379253
ETH-USD,2026-08-28T20:37:14.284355Z,2427.3,2427.31,0.01,2427.305,-0.06544821121856557912367705634
ETH-USD,2026-08-28T20:37:14.342071Z,2427.3,2427.31,0.01,2427.305,0.05464657978202697150662990166
ETH-USD,2026-08-28T20:37:14.435883Z,2427.3,2427.31,0.01,2427.305,0.08473417096291238342417522717
ETH-USD,2026-08-28T20:37:14.453867Z,2427.3,2427.31,0.01,2427.305,0.05464657978202697150662990166
ETH-USD,2026-08-28T20:37:14.553504Z,2427.39,2427.4,0.01,2427.395,0.4451879854147760132900095474
ETH-USD,2026-08-28T20:37:14.599652Z,2427.32,2427.46,0.14,2427.39,0.1971714330242060485451974140
ETH-USD,2026-08-28T20:37:14.655096Z,2427.12,2427.15,0.03,2427.135,0.6461214914737856465162876726
ETH-USD,2026-08-28T20:37:14.700878Z,2427.26,2427.4,0.14,2427.33,0.4659373350696063567724573908
ETH-USD,2026-08-28T20:37:14.746464Z,2427.26,2427.27,0.01,2427.265,0.2440993047847703795892729043
ETH-USD,2026-08-28T20:37:14.797322Z,2427.26,2427.27,0.01,2427.265,0.3028080489521006191511468931
ETH-USD,2026-08-28T20:37:14.82752Z,2427.26,2427.27,0.01,2427.265,0.3028080489521006191511468931
ETH-USD,2026-08-28T20:37:14.937153Z,2427.26,2427.27,0.01,2427.265,0.3028080489521006191511468931
ETH-USD,2026-08-28T20:37:15.006463Z,2427.26,2427.27,0.01,2427.265,0.1908986193708715590875221829
ETH-USD,2026-08-28T20:37:15.048235Z,2427.26,2427.27,0.01,2427.265,-0.08396148301068211789316001174
ETH-USD,2026-08-28T20:37:15.093514Z,2427.26,2427.27,0.01,2427.265,-0.08264532532966863966236112862
ETH-USD,2026-08-28T20:37:15.144793Z,2427.26,2427.27,0.01,2427.265,0.2141248087356603821939198445
ETH-USD,2026-08-28T20:37:15.234907Z,2427.26,2427.27,0.01,2427.265,0.2141248087356603821939198445
ETH-USD,2026-08-28T20:37:15.303179Z,2427.37,2427.58,0.21,2427.475,0.4019774541506776144547962451
ETH-USD,2026-08-28T20:37:15.366747Z,2427.37,2427.38,0.01,2427.375,0.1232722826009493615846201955
ETH-USD,2026-08-28T20:37:15.406385Z,2427.37,2427.38,0.01,2427.375,0.3545474873464389279426358273
ETH-USD,2026-08-28T20:37:15.457659Z,2427.37,2427.38,0.01,2427.375,0.4260853605816712107475904638
ETH-USD,2026-08-28T20:37:15.510138Z,2427.37,2427.38,0.01,2427.375,0.4260853605816712107475904638
ETH-USD,2026-08-28T20:37:15.568115Z,2427.37,2427.38,0.01,2427.375,0.4260853605816712107475904638
ETH-USD,2026-08-28T20:37:15.614348Z,2427.37,2427.38,0.01,2427.375,0.4260853605816712107475904638
ETH-USD,2026-08-28T20:37:15.652505Z,2427.37,2427.41,0.04,2427.39,0.4303993668459968148020656119
ETH-USD,2026-08-28T20:37:15.688124Z,2427.2,2427.55,0.35,2427.375,0.3955572260812706621249341258
ETH-USD,2026-08-28T20:37:15.75616Z,2427.43,2427.53,0.10,2427.48,0.4793812671242375560742217804
ETH-USD,2026-08-28T20:37:15.806332Z,2427.43,2427.52,0.09,2427.475,0.5468525013063693888756919619
ETH-USD,2026-08-28T20:37:15.851952Z,2427.19,2427.51,0.32,2427.35,0.4714856758095955365083450733
ETH-USD,2026-08-28T20:37:15.907178Z,2427.43,2427.44,0.01,2427.435,0.4325107041755809235224705183
ETH-USD,2026-08-28T20:37:15.960756Z,2427.43,2427.44,0.01,2427.435,0.4325107041755809235224705183
ETH-USD,2026-08-28T20:37:15.995828Z,2427.43,2427.44,0.01,2427.435,0.4325107041755809235224705183
ETH-USD,2026-08-28T20:37:16.053876Z,2427.43,2427.44,0.01,2427.435,0.5186949991557438044880665922
ETH-USD,2026-08-28T20:37:16.10024Z,2427.4,2427.41,0.01,2427.405,0.4817115105950836619713259987
ETH-USD,2026-08-28T20:37:16.164197Z,2427.4,2427.41,0.01,2427.405,0.4817115105950836619713259987
ETH-USD,2026-08-28T20:37:16.183241Z,2427.4,2427.41,0.01,2427.405,0.4817115105950836619713259987
ETH-USD,2026-08-28T20:37:16.238564Z,2427.4,2427.41,0.01,2427.405,0.4360420952112758431591846958
ETH-USD,2026-08-28T20:37:16.308964Z,2427.37,2427.41,0.04,2427.39,0.4360420952112758431591846958
ETH-USD,2026-08-28T20:37:16.355575Z,2427.37,2427.4,0.03,2427.385,0.4360420952112758431591846958
ETH-USD,2026-08-28T20:37:16.361059Z,2427.37,2427.4,0.03,2427.385,0.4360420952112758431591846958
ETH-USD,2026-08-28T20:37:16.380642Z,2427.37,2427.39,0.02,2427.38,0.4360420952112758431591846958
ETH-USD,2026-08-28T20:37:16.526664Z,2427.38,2427.47,0.09,2427.425,0.2345138288285546196210785510
ETH-USD,2026-08-28T20:37:16.559846Z,2427.47,2427.58,0.11,2427.525,-0.06739449512175032916371806169
ETH-USD,2026-08-28T20:37:16.595061Z,2427.45,2427.56,0.11,2427.505,0.6114704819869109843724612320
ETH-USD,2026-08-28T20:37:16.658615Z,2427.54,2427.55,0.01,2427.545,0.4271689407893998987780775921
ETH-USD,2026-08-28T20:37:16.70917Z,2427.54,2427.55,0.01,2427.545,0.4924020038971403781486282958
ETH-USD,2026-08-28T20:37:16.753056Z,2427.54,2427.55,0.01,2427.545,0.1894476987702395300476865887
ETH-USD,2026-08-28T20:37:16.804226Z,2427.54,2427.55,0.01,2427.545,0.1894476987702395300476865887
ETH-USD,2026-08-28T20:37:16.855098Z,2427.54,2427.55,0.01,2427.545,0.3769083103964151931542819735
ETH-USD,2026-08-28T20:37:16.87426Z,2427.54,2427.55,0.01,2427.545,0.4330452161385422142616920608
ETH-USD,2026-08-28T20:37:16.926578Z,2427.54,2427.55,0.01,2427.545,0.4330452161385422142616920608
ETH-USD,2026-08-28T20:37:16.990515Z,2427.54,2427.55,0.01,2427.545,0.4330452161385422142616920608
ETH-USD,2026-08-28T20:37:17.025225Z,2427.54,2427.55,0.01,2427.545,0.4340483738045076681297574428
ETH-USD,2026-08-28T20:37:17.137113Z,2427.54,2427.55,0.01,2427.545,0.4340483738045076681297574428
ETH-USD,2026-08-28T20:37:17.191618Z,2427.54,2427.55,0.01,2427.545,0.4540678979940055850881009004
ETH-USD,2026-08-28T20:37:17.244863Z,2427.54,2427.55,0.01,2427.545,0.4540678979940055850881009004
ETH-USD,2026-08-28T20:37:17.279974Z,2427.54,2427.55,0.01,2427.545,0.4540678979940055850881009004
ETH-USD,2026-08-28T20:37:17.363812Z,2427.54,2427.55,0.01,2427.545,0.4540678979940055850881009004
ETH-USD,2026-08-28T20:37:17.431529Z,2427.54,2427.55,0.01,2427.545,0.4540678979940055850881009004
ETH-USD,2026-08-28T20:37:17.466292Z,2427.54,2427.55,0.01,2427.545,0.4540678979940055850881009004
ETH-USD,2026-08-28T20:37:17.543767Z,2427.54,2427.55,0.01,2427.545,0.4530366035747922395173008296
ETH-USD,2026-08-28T20:37:17.600307Z,2427.56,2427.57,0.01,2427.565,0.4927402868983728105334344523
ETH-USD,2026-08-28T20:37:17.650815Z,2427.59,2427.69,0.10,2427.64,0.4247203309895621722247424342
ETH-USD,2026-08-28T20:37:17.686256Z,2427.6,2427.66,0.06,2427.63,0.4105246080889406647446829232
ETH-USD,2026-08-28T20:37:17.736327Z,2427.6,2427.7,0.1,2427.65,-0.1889329442862944960729747752
ETH-USD,2026-08-28T20:37:17.800737Z,2427.58,2427.69,0.11,2427.635,0.01778349554758853504381216236
ETH-USD,2026-08-28T20:37:17.844646Z,2427.58,2427.66,0.08,2427.62,0.3991965052666742587929380441
ETH-USD,2026-08-28T20:37:17.886799Z,2427.58,2427.66,0.08,2427.62,0.3991965052666742587929380441
ETH-USD,2026-08-28T20:37:17.949273Z,2427.58,2427.63,0.05,2427.605,0.4256051945501789468933688830
ETH-USD,2026-08-28T20:37:17.9923Z,2427.58,2427.59,0.01,2427.585,0.2278667265898074585746623556
ETH-USD,2026-08-28T20:37:18.045487Z,2427.58,2427.59,0.01,2427.585,0.5124813147850153465335617347
ETH-USD,2026-08-28T20:37:18.068425Z,2427.58,2427.59,0.01,2427.585,0.5124813147850153465335617347
ETH-USD,2026-08-28T20:37:18.141004Z,2427.58,2427.59,0.01,2427.585,0.5124813147850153465335617347
ETH-USD,2026-08-28T20:37:18.184639Z,2427.58,2427.59,0.01,2427.585,0.5124813147850153465335617347
ETH-USD,2026-08-28T20:37:18.239473Z,2427.58,2427.59,0.01,2427.585,0.5124813147850153465335617347
ETH-USD,2026-08-28T20:37:18.30727Z,2427.56,2427.59,0.03,2427.575,0.4864530516862449037868427842
ETH-USD,2026-08-28T20:37:18.369847Z,2427.55,2427.59,0.04,2427.57,-0.01530325081727209909336799451
ETH-USD,2026-08-28T20:37:18.398364Z,2427.54,2427.59,0.05,2427.565,0.4329680975526929073867451009
ETH-USD,2026-08-28T20:37:18.434846Z,2427.55,2427.59,0.04,2427.57,0.2004020657727991321049907153
ETH-USD,2026-08-28T20:37:18.50072Z,2427.55,2427.59,0.04,2427.57,0.2004020657727991321049907153
ETH-USD,2026-08-28T20:37:18.557799Z,2427.55,2427.59,0.04,2427.57,0.2004020657727991321049907153
ETH-USD,2026-08-28T20:37:18.598966Z,2426.88,2426.89,0.01,2426.885,-0.4066051571209497655016053358
ETH-USD,2026-08-28T20:37:18.644945Z,2426.88,2427.25,0.37,2427.065,-0.5651098750621252040668855322
ETH-USD,2026-08-28T20:37:18.697856Z,2426.99,2427,0.01,2426.995,0.001036199667084929576163346294
ETH-USD,2026-08-28T20:37:18.745721Z,2426.99,2427,0.01,2426.995,0.1644329218503191903791188430
ETH-USD,2026-08-28T20:37:18.818168Z,2426.98,2427.33,0.35,2427.155,0.06980220868261085969271039404
ETH-USD,2026-08-28T20:37:18.851744Z,2426.91,2427.33,0.42,2427.12,0.04204769667940537638093565575
ETH-USD,2026-08-28T20:37:18.922215Z,2427.08,2427.38,0.30,2427.23,-0.2993051991887108968304984194
ETH-USD,2026-08-28T20:37:18.954433Z,2427.05,2427.36,0.31,2427.205,0.1807912837573194442593819785
ETH-USD,2026-08-28T20:37:19.015939Z,2427.03,2427.36,0.33,2427.195,0.1024346840012252432351460565
ETH-USD,2026-08-28T20:37:19.028693Z,2427.03,2427.36,0.33,2427.195,0.1024346840012252432351460565
ETH-USD,2026-08-28T20:37:19.103719Z,2427.03,2427.34,0.31,2427.185,0.1973420662266060616939031992
ETH-USD,2026-08-28T20:37:19.155068Z,2427.05,2427.38,0.33,2427.215,0.1111475241277178799249225058
ETH-USD,2026-08-28T20:37:19.22725Z,2427.05,2427.37,0.32,2427.21,0.1591755206338066196864876975
ETH-USD,2026-08-28T20:37:19.281233Z,2427.05,2427.37,0.32,2427.21,0.1591755206338066196864876975
ETH-USD,2026-08-28T20:37:19.341115Z,2427.05,2427.37,0.32,2427.21,0.1591755206338066196864876975
ETH-USD,2026-08-28T20:37:19.513785Z,2426.9,2427.37,0.47,2427.135,0.2292460478696038652246351272
ETH-USD,2026-08-28T20:37:19.551788Z,2427.2,2427.37,0.17,2427.285,0.1372851564376033725632781724
ETH-USD,2026-08-28T20:37:19.592072Z,2427.2,2427.36,0.16,2427.28,0.06511829215404392413915045755
ETH-USD,2026-08-28T20:37:19.657716Z,2427.21,2427.34,0.13,2427.275,-0.1284265395039854733498818168
ETH-USD,2026-08-28T20:37:19.698784Z,2427.21,2427.32,0.11,2427.265,-0.01069840561708484853952332293
ETH-USD,2026-08-28T20:37:19.75643Z,2427.21,2427.3,0.09,2427.255,0.2502175105830553538175074669
ETH-USD,2026-08-28T20:37:19.812724Z,2427.23,2427.29,0.06,2427.26,0.03967014136120220669062915823
ETH-USD,2026-08-28T20:37:19.85844Z,2427.23,2427.25,0.02,2427.24,-0.1470370776660979490463261252
ETH-USD,2026-08-28T20:37:19.899193Z,2427.23,2427.25,0.02,2427.24,-0.1470370776660979490463261252
ETH-USD,2026-08-28T20:37:19.952348Z,2427.23,2427.5,0.27,2427.365,0.09474506828510210986995352315
ETH-USD,2026-08-28T20:37:19.988914Z,2427.23,2427.27,0.04,2427.25,-0.2237434153502737234550373038
ETH-USD,2026-08-28T20:37:20.038765Z,2427.23,2427.46,0.23,2427.345,-0.03782741638222922222327976311
ETH-USD,2026-08-28T20:37:20.099218Z,2427.23,2427.45,0.22,2427.34,0.2779804851997315486561852468
ETH-USD,2026-08-28T20:37:20.127181Z,2427.24,2427.44,0.20,2427.34,0.5181291204150772426906388569
ETH-USD,2026-08-28T20:37:20.199528Z,2427.34,2427.48,0.14,2427.41,0.4220797934819875844745481441
ETH-USD,2026-08-28T20:37:20.247919Z,2427.34,2427.47,0.13,2427.405,0.4136214754061849557317130411
ETH-USD,2026-08-28T20:37:20.294027Z,2427.46,2427.52,0.06,2427.49,0.2820468023856578132406777166
ETH-USD,2026-08-28T20:37:20.351539Z,2427.51,2427.52,0.01,2427.515,0.4262378814274084335578545791
ETH-USD,2026-08-28T20:37:20.402933Z,2427.51,2427.52,0.01,2427.515,0.5516446227581034481582002180
ETH-USD,2026-08-28T20:37:20.445556Z,2427.51,2427.52,0.01,2427.515,0.5516446227581034481582002180
ETH-USD,2026-08-28T20:37:20.487085Z,2427.51,2427.52,0.01,2427.515,0.5125229834151638974961407208
ETH-USD,2026-08-28T20:37:20.544952Z,2427.51,2427.52,0.01,2427.515,0.5578940504399080840802825295
ETH-USD,2026-08-28T20:37:20.597677Z,2427.51,2427.52,0.01,2427.515,0.8622017807214015881298131187
ETH-USD,2026-08-28T20:37:20.63723Z,2427.51,2427.52,0.01,2427.515,0.5280130815083275588349904423
ETH-USD,2026-08-28T20:37:20.705088Z,2427.51,2427.52,0.01,2427.515,0.5587523543751770573398841205
ETH-USD,2026-08-28T20:37:20.753292Z,2427.51,2427.52,0.01,2427.515,0.3537694168956650465204190689
ETH-USD,2026-08-28T20:37:20.7994Z,2427.52,2427.53,0.01,2427.525,0.4628276687738788418987617562
ETH-USD,2026-08-28T20:37:20.852085Z,2427.52,2427.53,0.01,2427.525,0.5458673662138378996848628789
ETH-USD,2026-08-28T20:37:20.912751Z,2427.52,2427.53,0.01,2427.525,0.3651995912823436477713387486
ETH-USD,2026-08-28T20:37:20.951462Z,2427.52,2427.53,0.01,2427.525,0.3418671624023448071962467217
ETH-USD,2026-08-28T20:37:20.989767Z,2427.52,2427.53,0.01,2427.525,0.3418671624023448071962467217
ETH-USD,2026-08-28T20:37:21.036519Z,2427.52,2427.53,0.01,2427.525,0.3418671624023448071962467217
ETH-USD,2026-08-28T20:37:21.130788Z,2427.52,2427.53,0.01,2427.525,0.4235771617667468039881066755
ETH-USD,2026-08-28T20:37:21.186451Z,2427.52,2427.53,0.01,2427.525,0.4235771617667468039881066755
ETH-USD,2026-08-28T20:37:21.253054Z,2427.52,2427.53,0.01,2427.525,0.3651995912823436477713387486
ETH-USD,2026-08-28T20:37:21.562013Z,2427.52,2427.53,0.01,2427.525,0.3643312675270697894444685876
ETH-USD,2026-08-28T20:37:21.624845Z,2427.52,2427.53,0.01,2427.525,0.3643312675270697894444685876
ETH-USD,2026-08-28T20:37:21.687716Z,2427.52,2427.53,0.01,2427.525,0.3643312675270697894444685876
ETH-USD,2026-08-28T20:37:21.741639Z,2427.52,2427.53,0.01,2427.525,0.3651995912823436477713387486
ETH-USD,2026-08-28T20:37:21.824685Z,2427.52,2427.53,0.01,2427.525,0.3651995912823436477713387486
ETH-USD,2026-08-28T20:37:21.937284Z,2427.52,2427.53,0.01,2427.525,0.3651995912823436477713387486
ETH-USD,2026-08-28T20:37:21.956325Z,2427.52,2427.53,0.01,2427.525,0.3651995912823436477713387486
ETH-USD,2026-08-28T20:37:22.00446Z,2427.52,2427.53,0.01,2427.525,0.3651995912823436477713387486
ETH-USD,2026-08-28T20:37:22.031131Z,2427.52,2427.53,0.01,2427.525,0.3651995912823436477713387486
ETH-USD,2026-08-28T20:37:22.083276Z,2427.52,2427.53,0.01,2427.525,0.3651995912823436477713387486
ETH-USD,2026-08-28T20:37:22.156733Z,2427.52,2427.53,0.01,2427.525,0.3651995912823436477713387486
ETH-USD,2026-08-28T20:37:22.242903Z,2427.52,2427.53,0.01,2427.525,0.3651995912823436477713387486
ETH-USD,2026-08-28T20:37:22.36182Z,2427.52,2427.53,0.01,2427.525,0.3651995912823436477713387486
ETH-USD,2026-08-28T20:37:22.397971Z,2427.52,2427.53,0.01,2427.525,0.3651995912823436477713387486
ETH-USD,2026-08-28T20:37:22.45631Z,2427.52,2427.53,0.01,2427.525,0.3651995912823436477713387486
ETH-USD,2026-08-28T20:37:22.502454Z,2427.52,2427.53,0.01,2427.525,0.3643313562619198222180112924
ETH-USD,2026-08-28T20:37:22.558991Z,2427.52,2427.53,0.01,2427.525,0.3651995912823436477713387486
ETH-USD,2026-08-28T20:37:22.586342Z,2427.52,2427.53,0.01,2427.525,0.3651995912823436477713387486
ETH-USD,2026-08-28T20:37:22.6524Z,2427.52,2427.53,0.01,2427.525,0.3801465497587947186127034137
ETH-USD,2026-08-28T20:37:22.755245Z,2427.52,2427.53,0.01,2427.525,0.3801465497587947186127034137
ETH-USD,2026-08-28T20:37:22.816078Z,2427.52,2427.53,0.01,2427.525,0.3801465497587947186127034137
ETH-USD,2026-08-28T20:37:22.824647Z,2427.52,2427.53,0.01,2427.525,0.3801465497587947186127034137
ETH-USD,2026-08-28T20:37:22.884772Z,2427.52,2427.53,0.01,2427.525,0.4574612257392937150935036677
ETH-USD,2026-08-28T20:37:22.926361Z,2427.52,2427.53,0.01,2427.525,0.4574612257392937150935036677
ETH-USD,2026-08-28T20:37:22.972339Z,2427.52,2427.53,0.01,2427.525,0.4574612257392937150935036677
ETH-USD,2026-08-28T20:37:23.028644Z,2427.52,2427.53,0.01,2427.525,0.3655016830880416728428519387
ETH-USD,2026-08-28T20:37:23.09361Z,2427.52,2427.53,0.01,2427.525,0.3655016830880416728428519387
ETH-USD,2026-08-28T20:37:23.138641Z,2427.52,2427.53,0.01,2427.525,0.3655016830880416728428519387
ETH-USD,2026-08-28T20:37:23.225957Z,2427.52,2427.53,0.01,2427.525,0.3655016830880416728428519387
ETH-USD,2026-08-28T20:37:23.293231Z,2427.52,2427.53,0.01,2427.525,0.3944597150347662689950256118
ETH-USD,2026-08-28T20:37:23.334668Z,2427.52,2427.53,0.01,2427.525,0.3944597150347662689950256118
ETH-USD,2026-08-28T20:37:23.452517Z,2427.52,2427.53,0.01,2427.525,0.3944597150347662689950256118
ETH-USD,2026-08-28T20:37:23.478497Z,2427.52,2427.53,0.01,2427.525,0.3944597150347662689950256118
ETH-USD,2026-08-28T20:37:23.560419Z,2427.52,2427.53,0.01,2427.525,0.3944597150347662689950256118
ETH-USD,2026-08-28T20:37:23.60347Z,2427.52,2427.53,0.01,2427.525,0.3944597150347662689950256118
ETH-USD,2026-08-28T20:37:23.613563Z,2427.52,2427.53,0.01,2427.525,0.3944597150347662689950256118
ETH-USD,2026-08-28T20:37:23.757112Z,2427.52,2427.53,0.01,2427.525,0.3941652169134572101092232053
ETH-USD,2026-08-28T20:37:23.856166Z,2427.52,2427.53,0.01,2427.525,0.3933732508917642639907090670
ETH-USD,2026-08-28T20:37:23.995827Z,2427.52,2427.53,0.01,2427.525,0.4475609030622326733341618873
ETH-USD,2026-08-28T20:37:24.049392Z,2427.52,2427.53,0.01,2427.525,0.2339334715014400967781479034
ETH-USD,2026-08-28T20:37:24.098699Z,2427.52,2427.53,0.01,2427.525,0.08435691272828697081118508863
ETH-USD,2026-08-28T20:37:24.169829Z,2427.52,2427.53,0.01,2427.525,0.08435691272828697081118508863
ETH-USD,2026-08-28T20:37:24.205652Z,2427.52,2427.53,0.01,2427.525,0.08435691272828697081118508863
ETH-USD,2026-08-28T20:37:24.345203Z,2427.52,2427.53,0.01,2427.525,0.08546728091383504011588582842
ETH-USD,2026-08-28T20:37:24.477301Z,2427.52,2427.53,0.01,2427.525,0.05577463854543693529087700982
ETH-USD,2026-08-28T20:37:24.520194Z,2427.52,2427.53,0.01,2427.525,0.2065979347718853099193451466
ETH-USD,2026-08-28T20:37:24.563498Z,2427.52,2427.53,0.01,2427.525,0.2065979347718853099193451466
ETH-USD,2026-08-28T20:37:24.611875Z,2427.52,2427.53,0.01,2427.525,0.2065979347718853099193451466
ETH-USD,2026-08-28T20:37:24.665346Z,2427.52,2427.53,0.01,2427.525,0.2065979347718853099193451466
ETH-USD,2026-08-28T20:37:24.700754Z,2427.52,2427.53,0.01,2427.525,0.2065979347718853099193451466
ETH-USD,2026-08-28T20:37:24.74859Z,2427.52,2427.53,0.01,2427.525,0.2065979347718853099193451466
ETH-USD,2026-08-28T20:37:24.803666Z,2427.52,2427.53,0.01,2427.525,0.2065979347718853099193451466
ETH-USD,2026-08-28T20:37:24.855357Z,2427.52,2427.53,0.01,2427.525,0.2065979347718853099193451466
ETH-USD,2026-08-28T20:37:24.90535Z,2427.52,2427.53,0.01,2427.525,0.05577463854543693529087700982
ETH-USD,2026-08-28T20:37:24.957884Z,2427.52,2427.53,0.01,2427.525,-0.1352300334720672923906691211
ETH-USD,2026-08-28T20:37:24.99656Z,2427.52,2427.53,0.01,2427.525,-0.1233033871559563710512410973
ETH-USD,2026-08-28T20:37:25.044652Z,2427.27,2427.3,0.03,2427.285,-0.1126991573450113201236696274
ETH-USD,2026-08-28T20:37:25.09548Z,2427.27,2427.28,0.01,2427.275,0.2604568719174147839966788981
ETH-USD,2026-08-28T20:37:25.152611Z,2427.27,2427.28,0.01,2427.275,0.3724029183115661464215694871
ETH-USD,2026-08-28T20:37:25.19359Z,2427.27,2427.28,0.01,2427.275,0.3724029183115661464215694871
ETH-USD,2026-08-28T20:37:25.250045Z,2427.2,2427.21,0.01,2427.205,0.3447929060908734629668466511
ETH-USD,2026-08-28T20:37:25.303548Z,2427.2,2427.21,0.01,2427.205,-0.4484266371309646709373648165
ETH-USD,2026-08-28T20:37:25.331835Z,2427.2,2427.21,0.01,2427.205,-0.04134971348717712477786352136
ETH-USD,2026-08-28T20:37:25.401488Z,2427.2,2427.27,0.07,2427.235,0.04220097427831502572651037426
ETH-USD,2026-08-28T20:37:25.449759Z,2427.2,2427.21,0.01,2427.205,0.005770803093346793210923373024
ETH-USD,2026-08-28T20:37:25.496185Z,2427.2,2427.21,0.01,2427.205,-0.1661085942211074134008376143
ETH-USD,2026-08-28T20:37:25.556084Z,2427.2,2427.21,0.01,2427.205,-0.1661085942211074134008376143
ETH-USD,2026-08-28T20:37:25.593026Z,2427.2,2427.21,0.01,2427.205,-0.1074466300457292645243793486
ETH-USD,2026-08-28T20:37:25.652466Z,2427.2,2427.21,0.01,2427.205,-0.05241147416032742283272791130
ETH-USD,2026-08-28T20:37:25.700004Z,2427.2,2427.21,0.01,2427.205,0.08929013951158989780444908307
ETH-USD,2026-08-28T20:37:25.755957Z,2427.2,2427.21,0.01,2427.205,0.3606856128829703261454083007
ETH-USD,2026-08-28T20:37:25.810964Z,2427.2,2427.21,0.01,2427.205,0.4604287892489434507366992445
ETH-USD,2026-08-28T20:37:25.849751Z,2427.2,2427.21,0.01,2427.205,0.4604287892489434507366992445
ETH-USD,2026-08-28T20:37:25.896582Z,2427.2,2427.21,0.01,2427.205,0.4611207499015068816354867915
ETH-USD,2026-08-28T20:37:25.934888Z,2427.2,2427.21,0.01,2427.205,0.4614669761776459116696874684
ETH-USD,2026-08-28T20:37:26.031831Z,2427.2,2427.21,0.01,2427.205,0.4615358144936911207205445992
ETH-USD,2026-08-28T20:37:26.075268Z,2427.2,2427.21,0.01,2427.205,0.4615358144936911207205445992
ETH-USD,2026-08-28T20:37:26.126915Z,2427.2,2427.21,0.01,2427.205,0.4615358144936911207205445992
ETH-USD,2026-08-28T20:37:26.177128Z,2427.2,2427.21,0.01,2427.205,0.4615358144936911207205445992
ETH-USD,2026-08-28T20:37:26.248107Z,2427.2,2427.21,0.01,2427.205,0.4615358144936911207205445992
ETH-USD,2026-08-28T20:37:26.313063Z,2427.2,2427.21,0.01,2427.205,0.4615358144936911207205445992
ETH-USD,2026-08-28T20:37:26.364849Z,2427.2,2427.21,0.01,2427.205,0.1365255306542996277889027766
ETH-USD,2026-08-28T20:37:26.404368Z,2427.2,2427.21,0.01,2427.205,0.4615358110308875246190358422
ETH-USD,2026-08-28T20:37:26.500355Z,2427.35,2427.36,0.01,2427.355,0.5178186648296776377322964707
ETH-USD,2026-08-28T20:37:26.53331Z,2427.35,2427.36,0.01,2427.355,0.4049372319576424986827322830
ETH-USD,2026-08-28T20:37:26.595857Z,2427.35,2427.36,0.01,2427.355,0.3756483525318354049891150094
ETH-USD,2026-08-28T20:37:26.669867Z,2427.35,2427.36,0.01,2427.355,0.5570498960382875147544561389
ETH-USD,2026-08-28T20:37:26.684924Z,2427.35,2427.36,0.01,2427.355,0.3747946265321904504142710325
ETH-USD,2026-08-28T20:37:26.761872Z,2427.35,2427.36,0.01,2427.355,0.3871624690257328619397628970
ETH-USD,2026-08-28T20:37:26.9904Z,2427.35,2427.36,0.01,2427.355,0.5409123408925285970741862726
ETH-USD,2026-08-28T20:37:27.068896Z,2427.49,2427.73,0.24,2427.61,-0.01193095242477223926572153786
ETH-USD,2026-08-28T20:37:27.096289Z,2427.53,2427.7,0.17,2427.615,0.02555316558101066351669176058
ETH-USD,2026-08-28T20:37:27.158871Z,2427.53,2427.68,0.15,2427.605,0.04883707804877278094702440692
ETH-USD,2026-08-28T20:37:27.210224Z,2427.53,2427.67,0.14,2427.60,0.4303920543314796318632004034
ETH-USD,2026-08-28T20:37:27.255413Z,2427.58,2427.67,0.09,2427.625,0.4373082175078704168818018624
ETH-USD,2026-08-28T20:37:27.303677Z,2427.54,2427.68,0.14,2427.61,0.2384126780275569593577053870
ETH-USD,2026-08-28T20:37:27.353303Z,2427.57,2427.69,0.12,2427.63,0.6590043515275182341895171206
ETH-USD,2026-08-28T20:37:27.406693Z,2427.57,2427.68,0.11,2427.625,0.7272502628057167597186933286
ETH-USD,2026-08-28T20:37:27.45822Z,2427.61,2427.68,0.07,2427.645,0.6522416293500455930101944207
ETH-USD,2026-08-28T20:37:27.466663Z,2427.61,2427.68,0.07,2427.645,0.6158419782800633686185918364
ETH-USD,2026-08-28T20:37:27.552204Z,2427.27,2427.68,0.41,2427.475,0.6133682754132044975488098893
ETH-USD,2026-08-28T20:37:27.593061Z,2427.57,2427.81,0.24,2427.69,0.4904090139690723960991510231
ETH-USD,2026-08-28T20:37:27.648368Z,2427.57,2427.8,0.23,2427.685,0.4508214322493754078784285904
ETH-USD,2026-08-28T20:37:27.703417Z,2427.61,2427.74,0.13,2427.675,0.3711978192626790834888326777
ETH-USD,2026-08-28T20:37:27.79699Z,2427.45,2427.81,0.36,2427.63,0.2047602052912145533944126814
ETH-USD,2026-08-28T20:37:27.848301Z,2427.59,2427.6,0.01,2427.595,0.06604277588747690757195298113
ETH-USD,2026-08-28T20:37:27.905761Z,2427.59,2427.6,0.01,2427.595,0.06604277588747690757195298113
ETH-USD,2026-08-28T20:37:27.956288Z,2427.59,2427.6,0.01,2427.595,0.06604277588747690757195298113
ETH-USD,2026-08-28T20:37:27.976706Z,2427.59,2427.6,0.01,2427.595,0.06604277588747690757195298113
ETH-USD,2026-08-28T20:37:28.043982Z,2427.52,2427.83,0.31,2427.675,0.2042816681122793106928003482
ETH-USD,2026-08-28T20:37:28.108196Z,2427.57,2427.82,0.25,2427.695,0.1618014764122465282715616292
ETH-USD,2026-08-28T20:37:28.150037Z,2427.57,2427.83,0.26,2427.70,0.4031683931840177149226759088
ETH-USD,2026-08-28T20:37:28.203461Z,2427.62,2427.63,0.01,2427.625,0.1730240513031266175622791663
ETH-USD,2026-08-28T20:37:28.25824Z,2427.62,2427.63,0.01,2427.625,0.1730240513031266175622791663
ETH-USD,2026-08-28T20:37:28.316715Z,2427.57,2427.83,0.26,2427.70,-0.01200687752423070579860143820
ETH-USD,2026-08-28T20:37:28.361113Z,2427.57,2427.78,0.21,2427.675,0.2930082204851586447375639276
ETH-USD,2026-08-28T20:37:28.401527Z,2427.61,2427.62,0.01,2427.615,0.3091173801195318011843007288
ETH-USD,2026-08-28T20:37:28.444899Z,2427.61,2427.62,0.01,2427.615,0.2235312417687859821641351111
ETH-USD,2026-08-28T20:37:28.4594Z,2427.61,2427.62,0.01,2427.615,0.2818986196554078197810201214
ETH-USD,2026-08-28T20:37:28.526641Z,2427.61,2427.62,0.01,2427.615,0.2818986196554078197810201214
ETH-USD,2026-08-28T20:37:28.600728Z,2427.32,2427.62,0.30,2427.47,0.4888512162872397185390730599
ETH-USD,2026-08-28T20:37:28.644312Z,2427.57,2427.58,0.01,2427.575,0.3645949670419911498500617999
ETH-USD,2026-08-28T20:37:28.70573Z,2427.57,2427.58,0.01,2427.575,0.2959867568550143202674008803
ETH-USD,2026-08-28T20:37:28.754281Z,2427.57,2427.58,0.01,2427.575,0.2959867568550143202674008803
ETH-USD,2026-08-28T20:37:28.806518Z,2427.57,2427.58,0.01,2427.575,0.1149427239916964189693492139
ETH-USD,2026-08-28T20:37:28.854795Z,2427.54,2427.55,0.01,2427.545,0.2285367330060615935649747757
ETH-USD,2026-08-28T20:37:28.889114Z,2427.54,2427.55,0.01,2427.545,0.2285367330060615935649747757
ETH-USD,2026-08-28T20:37:28.990147Z,2427.54,2427.58,0.04,2427.56,0.4614281911163574837890715162
ETH-USD,2026-08-28T20:37:29.054592Z,2427.54,2427.58,0.04,2427.56,0.2887524955865673971286172378
ETH-USD,2026-08-28T20:37:29.072096Z,2427.54,2427.58,0.04,2427.56,0.2887524955865673971286172378
ETH-USD,2026-08-28T20:37:29.128714Z,2427.54,2427.58,0.04,2427.56,0.2887524955865673971286172378
ETH-USD,2026-08-28T20:37:29.206931Z,2427.54,2427.57,0.03,2427.555,0.4085746215582490885597363199
ETH-USD,2026-08-28T20:37:29.239466Z,2427.54,2427.63,0.09,2427.585,0.1343182495542639080854370303
ETH-USD,2026-08-28T20:37:29.281409Z,2427.54,2427.63,0.09,2427.585,0.1343182495542639080854370303
ETH-USD,2026-08-28T20:37:29.359687Z,2427.58,2427.63,0.05,2427.605,-0.01742259907241961879579090369
ETH-USD,2026-08-28T20:37:29.365212Z,2427.62,2427.63,0.01,2427.625,-0.09994287352136970094165948162
ETH-USD,2026-08-28T20:37:29.403058Z,2427.58,2427.63,0.05,2427.605,0.3198872996274552407671735969
ETH-USD,2026-08-28T20:37:29.498455Z,2427.58,2427.59,0.01,2427.585,0.3139069206254834161494758952
ETH-USD,2026-08-28T20:37:29.56587Z,2427.58,2427.75,0.17,2427.665,0.4094716011652991891065772846
ETH-USD,2026-08-28T20:37:29.586389Z,2427.58,2427.75,0.17,2427.665,0.4094716011652991891065772846
ETH-USD,2026-08-28T20:37:29.654211Z,2427.58,2427.75,0.17,2427.665,0.4094716011652991891065772846
ETH-USD,2026-08-28T20:37:29.750699Z,2427.58,2427.59,0.01,2427.585,0.05378775268932803386728002945
ETH-USD,2026-08-28T20:37:29.823654Z,2427.58,2427.59,0.01,2427.585,0.3014169847247918209416478822
ETH-USD,2026-08-28T20:37:29.900818Z,2427.58,2427.59,0.01,2427.585,0.3014169847247918209416478822
ETH-USD,2026-08-28T20:37:29.905347Z,2427.58,2427.59,0.01,2427.585,0.3014169847247918209416478822
ETH-USD,2026-08-28T20:37:29.995546Z,2427.58,2427.59,0.01,2427.585,0.2734324128511679187381023413
ETH-USD,2026-08-28T20:37:30.031543Z,2427.58,2427.59,0.01,2427.585,0.02426015203284463111872195601
ETH-USD,2026-08-28T20:37:30.092091Z,2427.58,2427.64,0.06,2427.61,0.2745956878990637254101844554
ETH-USD,2026-08-28T20:37:30.142694Z,2427.58,2427.64,0.06,2427.61,0.2745956878990637254101844554
ETH-USD,2026-08-28T20:37:30.202625Z,2427.58,2427.59,0.01,2427.585,0.1574782048953725493028918787
ETH-USD,2026-08-28T20:37:30.238508Z,2427.58,2427.59,0.01,2427.585,0.1574782048953725493028918787
ETH-USD,2026-08-28T20:37:30.279881Z,2427.58,2427.59,0.01,2427.585,0.1574782048953725493028918787
ETH-USD,2026-08-28T20:37:30.35339Z,2427.58,2427.59,0.01,2427.585,0.06886255871341128305252411922
ETH-USD,2026-08-28T20:37:30.401555Z,2427.58,2427.63,0.05,2427.605,0.2474236776290398853665689236
ETH-USD,2026-08-28T20:37:30.449158Z,2427.43,2427.8,0.37,2427.615,0.09702067133339335229841505246
ETH-USD,2026-08-28T20:37:30.504371Z,2427.62,2427.77,0.15,2427.695,0.3011417860739573066274039887
ETH-USD,2026-08-28T20:37:30.556623Z,2427.64,2427.65,0.01,2427.645,0.1806326556237736375837787312
ETH-USD,2026-08-28T20:37:30.597867Z,2427.64,2427.75,0.11,2427.695,0.3552038053308161579540758504
ETH-USD,2026-08-28T20:37:30.649776Z,2427.64,2427.74,0.10,2427.69,0.3775978469213122371091974174
ETH-USD,2026-08-28T20:37:30.656657Z,2427.64,2427.73,0.09,2427.685,0.5159004763872665014640201450
ETH-USD,2026-08-28T20:37:30.737313Z,2427.59,2427.72,0.13,2427.655,0.3560678291881292253857188716
ETH-USD,2026-08-28T20:37:30.793645Z,2427.59,2427.6,0.01,2427.595,-0.05443482119960323719130181105
ETH-USD,2026-08-28T20:37:30.831937Z,2427.59,2427.81,0.22,2427.70,0.2965600547387890124148056119
ETH-USD,2026-08-28T20:37:30.895853Z,2427.59,2427.79,0.20,2427.69,0.3291437165525041246511939919
ETH-USD,2026-08-28T20:37:30.95485Z,2427.59,2427.79,0.20,2427.69,0.4386562190528369611231950745
ETH-USD,2026-08-28T20:37:31.001718Z,2427.6,2427.64,0.04,2427.62,-0.1477796591702491517156796900
ETH-USD,2026-08-28T20:37:31.040982Z,2427.6,2427.83,0.23,2427.715,-0.02932457998294884321452934787
ETH-USD,2026-08-28T20:37:31.059451Z,2427.6,2427.82,0.22,2427.71,0.06299212789286575217084992166
ETH-USD,2026-08-28T20:37:31.156948Z,2427.6,2427.83,0.23,2427.715,-0.02932457998294884321452934787
ETH-USD,2026-08-28T20:37:31.204025Z,2427.62,2427.82,0.20,2427.72,0.06299212789286575217084992166
ETH-USD,2026-08-28T20:37:31.250118Z,2427.63,2427.83,0.20,2427.73,-0.02932589693288927134024434982
ETH-USD,2026-08-28T20:37:31.293889Z,2427.62,2427.83,0.21,2427.725,0.08984284570300265165645908309
ETH-USD,2026-08-28T20:37:31.360717Z,2427.49,2427.81,0.32,2427.65,0.6431241599496131171304057962
ETH-USD,2026-08-28T20:37:31.409724Z,2427.83,2427.84,0.01,2427.835,0.4567029308597394631635655101
ETH-USD,2026-08-28T20:37:31.44792Z,2427.71,2428.16,0.45,2427.935,0.6528794857306128267803815885
ETH-USD,2026-08-28T20:37:31.49973Z,2427.96,2427.97,0.01,2427.965,0.02877969039838555609741413006
ETH-USD,2026-08-28T20:37:31.551235Z,2427.92,2427.93,0.01,2427.925,0.5914028631214178030024443067
ETH-USD,2026-08-28T20:37:31.599973Z,2427.92,2427.93,0.01,2427.925,0.6251318936666345885816895418
ETH-USD,2026-08-28T20:37:31.635685Z,2427.92,2427.93,0.01,2427.925,0.5131454932725414526844959851
ETH-USD,2026-08-28T20:37:31.713945Z,2427.9,2427.91,0.01,2427.905,0.5463515362943601084448153589
ETH-USD,2026-08-28T20:37:31.753477Z,2427.87,2427.88,0.01,2427.875,0.5474193607697548449573158463
ETH-USD,2026-08-28T20:37:31.793342Z,2427.87,2427.88,0.01,2427.875,0.5034511087241468524616557817
ETH-USD,2026-08-28T20:37:31.837503Z,2427.87,2427.88,0.01,2427.875,0.5034511087241468524616557817
ETH-USD,2026-08-28T20:37:31.861587Z,2427.52,2427.87,0.35,2427.695,0.6563013939450011179669171117
ETH-USD,2026-08-28T20:37:31.958525Z,2427.76,2427.77,0.01,2427.765,0.5939064890129956617326656265
ETH-USD,2026-08-28T20:37:32.04077Z,2427.74,2427.75,0.01,2427.745,0.03923582025740277608959648831
ETH-USD,2026-08-28T20:37:32.098355Z,2427.74,2427.75,0.01,2427.745,0.03923582025740277608959648831
ETH-USD,2026-08-28T20:37:32.129042Z,2427.74,2427.75,0.01,2427.745,0.03923582025740277608959648831
ETH-USD,2026-08-28T20:37:32.23399Z,2427.74,2427.75,0.01,2427.745,0.3953187148533599713188814304
ETH-USD,2026-08-28T20:37:32.275899Z,2427.74,2427.75,0.01,2427.745,0.4800342455462196918820385118
ETH-USD,2026-08-28T20:37:32.3562Z,2427.74,2427.75,0.01,2427.745,0.6779088951659895664301275459
ETH-USD,2026-08-28T20:37:32.400329Z,2427.74,2427.75,0.01,2427.745,0.4798904558477209992254344754
ETH-USD,2026-08-28T20:37:32.448085Z,2427.74,2427.75,0.01,2427.745,0.4798904558477209992254344754
ETH-USD,2026-08-28T20:37:32.466648Z,2427.74,2427.75,0.01,2427.745,0.4802450868194660754580461463
ETH-USD,2026-08-28T20:37:32.536369Z,2427.74,2427.75,0.01,2427.745,0.5440659295130474972386990034
ETH-USD,2026-08-28T20:37:32.595599Z,2427.74,2427.75,0.01,2427.745,0.5440659295130474972386990034
ETH-USD,2026-08-28T20:37:32.626516Z,2427.74,2427.75,0.01,2427.745,0.5726281939770914749840690119
ETH-USD,2026-08-28T20:37:32.699653Z,2427.74,2427.75,0.01,2427.745,0.6540750559284626466064003070
ETH-USD,2026-08-28T20:37:32.749759Z,2427.74,2427.75,0.01,2427.745,0.6540750559284626466064003070
ETH-USD,2026-08-28T20:37:32.804322Z,2427.74,2427.75,0.01,2427.745,0.6305022499099827142692321803
ETH-USD,2026-08-28T20:37:32.826338Z,2427.74,2427.75,0.01,2427.745,0.3772544523723455717363723280
ETH-USD,2026-08-28T20:37:32.928644Z,2427.74,2427.75,0.01,2427.745,0.6836278263694797934784178971
ETH-USD,2026-08-28T20:37:32.990306Z,2427.74,2427.75,0.01,2427.745,0.7114611423988713917306571701
ETH-USD,2026-08-28T20:37:33.028066Z,2427.74,2427.75,0.01,2427.745,0.7114611423988713917306571701
ETH-USD,2026-08-28T20:37:33.128899Z,2427.74,2427.75,0.01,2427.745,0.7114611423988713917306571701
ETH-USD,2026-08-28T20:37:33.172769Z,2427.74,2427.75,0.01,2427.745,0.7114611423988713917306571701
ETH-USD,2026-08-28T20:37:33.236321Z,2427.74,2427.75,0.01,2427.745,0.7114611423988713917306571701
ETH-USD,2026-08-28T20:37:33.307298Z,2427.74,2427.75,0.01,2427.745,0.7114611423988713917306571701
ETH-USD,2026-08-28T20:37:33.33329Z,2427.74,2427.75,0.01,2427.745,0.7097447337231963868271891237
ETH-USD,2026-08-28T20:37:33.397577Z,2427.74,2427.75,0.01,2427.745,0.7097447337231963868271891237
ETH-USD,2026-08-28T20:37:33.42617Z,2427.74,2427.75,0.01,2427.745,0.7097447337231963868271891237
ETH-USD,2026-08-28T20:37:33.504865Z,2427.74,2428.02,0.28,2427.88,0.4555376825716069960907178783
ETH-USD,2026-08-28T20:37:33.549048Z,2427.77,2427.84,0.07,2427.805,0.4622788468829509920908316607
ETH-USD,2026-08-28T20:37:33.606674Z,2427.77,2427.82,0.05,2427.795,0.6719750037417958440570781486
ETH-USD,2026-08-28T20:37:33.662052Z,2427.77,2427.81,0.04,2427.79,0.2380271454899982348724374239
ETH-USD,2026-08-28T20:37:33.713819Z,2427.74,2427.8,0.06,2427.77,0.1415094212556313643441874408
ETH-USD,2026-08-28T20:37:33.751041Z,2427.75,2427.8,0.05,2427.775,0.3700598716723407281378160252
ETH-USD,2026-08-28T20:37:33.869919Z,2427.75,2427.8,0.05,2427.775,0.3473413834756631537317931168
ETH-USD,2026-08-28T20:37:33.919457Z,2427.75,2427.8,0.05,2427.775,0.3473413834756631537317931168
ETH-USD,2026-08-28T20:37:33.951576Z,2427.75,2427.8,0.05,2427.775,0.3473413834756631537317931168
ETH-USD,2026-08-28T20:37:33.983568Z,2427.76,2427.79,0.03,2427.775,0.3229221279946283747672120091
ETH-USD,2026-08-28T20:37:34.05455Z,2427.76,2427.79,0.03,2427.775,0.3247231153068371285407323747
ETH-USD,2026-08-28T20:37:34.081031Z,2427.76,2427.79,0.03,2427.775,0.3247231153068371285407323747
ETH-USD,2026-08-28T20:37:34.164863Z,2427.76,2427.79,0.03,2427.775,0.3247231153068371285407323747
ETH-USD,2026-08-28T20:37:34.257394Z,2427.76,2427.79,0.03,2427.775,0.3247231153068371285407323747
ETH-USD,2026-08-28T20:37:34.297189Z,2427.79,2427.86,0.07,2427.825,-0.1655162608460051291415103363
ETH-USD,2026-08-28T20:37:34.345058Z,2427.76,2428,0.24,2427.88,-0.09025319876145793322701337934
ETH-USD,2026-08-28T20:37:34.370215Z,2427.76,2427.97,0.21,2427.865,0.1766905388124145624908347520
ETH-USD,2026-08-28T20:37:34.405183Z,2427.79,2427.97,0.18,2427.88,0.2032064460221692324169579825
ETH-USD,2026-08-28T20:37:34.445407Z,2427.74,2428.05,0.31,2427.895,0.2093742924434207398811093472
ETH-USD,2026-08-28T20:37:34.548078Z,2427.74,2427.89,0.15,2427.815,-0.1836619477471349884479538770
ETH-USD,2026-08-28T20:37:34.604269Z,2427.86,2428.09,0.23,2427.975,-0.1846975941014045096202443489
ETH-USD,2026-08-28T20:37:34.645931Z,2427.86,2428.07,0.21,2427.965,-0.03730029190152011801681570938
ETH-USD,2026-08-28T20:37:34.700167Z,2427.86,2427.87,0.01,2427.865,-0.1510511625589314480783243499
ETH-USD,2026-08-28T20:37:34.761168Z,2427.86,2427.87,0.01,2427.865,-0.1003318176930772437930852509
ETH-USD,2026-08-28T20:37:34.797534Z,2427.74,2427.81,0.07,2427.775,0.6167242670647732129060402009
ETH-USD,2026-08-28T20:37:34.830271Z,2427.77,2427.81,0.04,2427.79,-0.03492096210164291212604390403
ETH-USD,2026-08-28T20:37:34.890398Z,2427.77,2427.81,0.04,2427.79,0.4824106750826297951710143603
ETH-USD,2026-08-28T20:37:34.944654Z,2427.77,2427.81,0.04,2427.79,0.4824106750826297951710143603
ETH-USD,2026-08-28T20:37:34.9899Z,2427.77,2427.95,0.18,2427.86,0.5393552793055746065216050869
ETH-USD,2026-08-28T20:37:35.050553Z,2427.77,2427.95,0.18,2427.86,0.3314780335886636426702060501
ETH-USD,2026-08-28T20:37:35.085765Z,2427.77,2427.95,0.18,2427.86,0.3314780335886636426702060501
ETH-USD,2026-08-28T20:37:35.138612Z,2427.77,2427.96,0.19,2427.865,0.2165391050163190914008909780
ETH-USD,2026-08-28T20:37:35.198463Z,2427.77,2427.96,0.19,2427.865,0.2165391050163190914008909780
ETH-USD,2026-08-28T20:37:35.301411Z,2427.77,2428.01,0.24,2427.89,-0.2589412247055145267982280923
ETH-USD,2026-08-28T20:37:35.348193Z,2427.77,2428.01,0.24,2427.89,-0.1167326397462540078883015112
ETH-USD,2026-08-28T20:37:35.40556Z,2427.77,2427.85,0.08,2427.81,0.1119875565365466377164489746
ETH-USD,2026-08-28T20:37:35.425746Z,2427.77,2427.85,0.08,2427.81,0.1119875565365466377164489746
ETH-USD,2026-08-28T20:37:35.490084Z,2427.77,2427.84,0.07,2427.805,0.1119875565365466377164489746
ETH-USD,2026-08-28T20:37:35.5498Z,2427.77,2427.84,0.07,2427.805,0.1119875565365466377164489746
ETH-USD,2026-08-28T20:37:35.598613Z,2427.77,2427.84,0.07,2427.805,0.1119875565365466377164489746
ETH-USD,2026-08-28T20:37:35.624426Z,2427.77,2427.83,0.06,2427.80,0.07454349825523115513328638546
ETH-USD,2026-08-28T20:37:35.704794Z,2427.77,2427.83,0.06,2427.80,0.07454349825523115513328638546
ETH-USD,2026-08-28T20:37:35.742326Z,2427.81,2428.1,0.29,2427.955,0.1428276073099738208131284343
ETH-USD,2026-08-28T20:37:35.797689Z,2427.78,2428.09,0.31,2427.935,-0.1498381536372516541498376987
ETH-USD,2026-08-28T20:37:35.846875Z,2427.77,2428.08,0.31,2427.925,0.07420518097418298327689373657
ETH-USD,2026-08-28T20:37:35.907127Z,2427.81,2428.05,0.24,2427.93,0.1393786332553846529677710959
ETH-USD,2026-08-28T20:37:35.942289Z,2427.9,2427.96,0.06,2427.93,0.04129169765529083889982619611
ETH-USD,2026-08-28T20:37:36.000295Z,2427.85,2427.96,0.11,2427.905,-0.2256145552814888806131066408
ETH-USD,2026-08-28T20:37:36.043603Z,2427.85,2427.96,0.11,2427.905,-0.1763958977884757990126663755
ETH-USD,2026-08-28T20:37:36.092482Z,2427.89,2427.96,0.07,2427.925,0.2309007473287003675267195598
ETH-USD,2026-08-28T20:37:36.156701Z,2427.89,2427.96,0.07,2427.925,0.2309007473287003675267195598
ETH-USD,2026-08-28T20:37:36.189193Z,2427.89,2427.96,0.07,2427.925,0.2309007473287003675267195598
ETH-USD,2026-08-28T20:37:36.303125Z,2427.84,2427.93,0.09,2427.885,0.5205984556841369855742499411
ETH-USD,2026-08-28T20:37:36.341594Z,2427.84,2427.95,0.11,2427.895,0.3669199777600476537398303000
ETH-USD,2026-08-28T20:37:36.392007Z,2427.84,2427.95,0.11,2427.895,0.3669199777600476537398303000
ETH-USD,2026-08-28T20:37:36.451147Z,2427.84,2427.95,0.11,2427.895,0.3669199777600476537398303000
ETH-USD,2026-08-28T20:37:36.497377Z,2427.9,2427.96,0.06,2427.93,-0.06107657257448207578895097592
ETH-USD,2026-08-28T20:37:36.535187Z,2427.9,2427.96,0.06,2427.93,-0.1740431533061155316031900670
ETH-USD,2026-08-28T20:37:36.590614Z,2427.86,2427.91,0.05,2427.885,0.01057977276804263801709478811
ETH-USD,2026-08-28T20:37:36.656242Z,2427.86,2427.91,0.05,2427.885,0.01057977276804263801709478811
ETH-USD,2026-08-28T20:37:36.693367Z,2427.86,2427.91,0.05,2427.885,0.01057977276804263801709478811
ETH-USD,2026-08-28T20:37:36.764553Z,2427.75,2427.91,0.16,2427.83,-0.1798770217314455450643166185
ETH-USD,2026-08-28T20:37:36.813879Z,2427.84,2427.96,0.12,2427.90,-0.1002310311834322549489609982
ETH-USD,2026-08-28T20:37:36.849452Z,2427.84,2427.96,0.12,2427.90,-0.1002310311834322549489609982
ETH-USD,2026-08-28T20:37:36.896494Z,2427.86,2427.9,0.04,2427.88,-0.09211968670990389206116774287
ETH-USD,2026-08-28T20:37:36.956249Z,2427.89,2427.9,0.01,2427.895,0.03415086167441694216737806335
ETH-USD,2026-08-28T20:37:37.003212Z,2427.89,2427.9,0.01,2427.895,0.03415086167441694216737806335
ETH-USD,2026-08-28T20:37:37.055318Z,2427.89,2427.9,0.01,2427.895,0.03415090256818401497633135965
ETH-USD,2026-08-28T20:37:37.082107Z,2427.89,2427.9,0.01,2427.895,0.03415090256818401497633135965
ETH-USD,2026-08-28T20:37:37.14204Z,2427.89,2427.9,0.01,2427.895,0.03414922787370203754163698599
ETH-USD,2026-08-28T20:37:37.204957Z,2427.89,2427.9,0.01,2427.895,0.1535401967858843538893821547
ETH-USD,2026-08-28T20:37:37.244178Z,2427.89,2427.9,0.01,2427.895,0.1535401967858843538893821547
ETH-USD,2026-08-28T20:37:37.314214Z,2427.89,2427.9,0.01,2427.895,0.1535386677829519539003604480
ETH-USD,2026-08-28T20:37:37.347532Z,2427.89,2427.9,0.01,2427.895,0.1535386677829519539003604480
ETH-USD,2026-08-28T20:37:37.441677Z,2427.89,2427.9,0.01,2427.895,0.1535419798982500529897537068
ETH-USD,2026-08-28T20:37:37.495829Z,2427.9,2428.04,0.14,2427.97,0.3974298335696426097085484546
ETH-USD,2026-08-28T20:37:37.565799Z,2427.9,2427.91,0.01,2427.905,0.2415987900727535214105171829
ETH-USD,2026-08-28T20:37:37.599624Z,2427.9,2427.91,0.01,2427.905,-0.03575495537521849191992231323
ETH-USD,2026-08-28T20:37:37.65808Z,2427.9,2427.91,0.01,2427.905,-0.03575495537521849191992231323
ETH-USD,2026-08-28T20:37:37.706933Z,2427.9,2427.91,0.01,2427.905,0.03997212084233184673868870767
ETH-USD,2026-08-28T20:37:37.755069Z,2427.9,2427.91,0.01,2427.905,-0.1592041457931607187148257985
ETH-USD,2026-08-28T20:37:37.813702Z,2427.87,2427.88,0.01,2427.875,-0.04246849452809820716721640066
ETH-USD,2026-08-28T20:37:37.862509Z,2427.87,2427.91,0.04,2427.89,0.04713663061463470338003646088
ETH-USD,2026-08-28T20:37:37.905182Z,2427.87,2427.88,0.01,2427.875,-0.1652995687270944817803951383
ETH-USD,2026-08-28T20:37:37.940282Z,2427.87,2427.88,0.01,2427.875,-0.1652995687270944817803951383
ETH-USD,2026-08-28T20:37:38.031123Z,2427.87,2427.88,0.01,2427.875,-0.1646662582561073975639746330
ETH-USD,2026-08-28T20:37:38.104878Z,2427.87,2427.88,0.01,2427.875,-0.02256204028749978241871334884
ETH-USD,2026-08-28T20:37:38.162225Z,2427.87,2427.88,0.01,2427.875,-0.05217896450348989995253001131
ETH-USD,2026-08-28T20:37:38.1862Z,2427.88,2427.93,0.05,2427.905,-0.2568481047776573932298615421
ETH-USD,2026-08-28T20:37:38.233801Z,2427.88,2427.93,0.05,2427.905,-0.2568481047776573932298615421
ETH-USD,2026-08-28T20:37:38.300008Z,2427.88,2427.93,0.05,2427.905,-0.3195288432834183610809556093
ETH-USD,2026-08-28T20:37:38.366365Z,2427.88,2427.93,0.05,2427.905,0.3395467668703910291538547021
ETH-USD,2026-08-28T20:37:38.386552Z,2427.88,2427.93,0.05,2427.905,0.1945871113939268074047770657
ETH-USD,2026-08-28T20:37:38.429932Z,2427.88,2427.93,0.05,2427.905,0.1945871113939268074047770657
ETH-USD,2026-08-28T20:37:38.49945Z,2427.88,2427.93,0.05,2427.905,-0.2010788760534204915584849472
ETH-USD,2026-08-28T20:37:38.551708Z,2427.88,2427.93,0.05,2427.905,-0.2564999940548491950080410328
ETH-USD,2026-08-28T20:37:38.604043Z,2427.85,2427.93,0.08,2427.89,-0.1240211355719087780849416490
ETH-USD,2026-08-28T20:37:38.649383Z,2427.84,2427.93,0.09,2427.885,-0.1240211355719087780849416490
ETH-USD,2026-08-28T20:37:38.693709Z,2427.84,2427.9,0.06,2427.87,0.09841950530100534577068001769
ETH-USD,2026-08-28T20:37:38.750603Z,2427.84,2427.9,0.06,2427.87,0.06065209013661061374405992220
ETH-USD,2026-08-28T20:37:38.808247Z,2427.84,2427.9,0.06,2427.87,0.06065209013661061374405992220
ETH-USD,2026-08-28T20:37:38.866676Z,2427.84,2427.93,0.09,2427.885,0.03178571530516990049381590428
ETH-USD,2026-08-28T20:37:38.899665Z,2427.84,2427.93,0.09,2427.885,0.1577612747079373920210070589
ETH-USD,2026-08-28T20:37:38.928463Z,2427.84,2427.93,0.09,2427.885,0.1577612747079373920210070589
ETH-USD,2026-08-28T20:37:39.002736Z,2427.84,2427.93,0.09,2427.885,-0.1275810105900964529912172190
ETH-USD,2026-08-28T20:37:39.043946Z,2427.84,2427.93,0.09,2427.885,-0.3121516161777121340676721426
ETH-USD,2026-08-28T20:37:39.092812Z,2427.84,2427.93,0.09,2427.885,-0.2583534505983069951084469098
ETH-USD,2026-08-28T20:37:39.125352Z,2427.84,2427.93,0.09,2427.885,-0.2583534505983069951084469098
ETH-USD,2026-08-28T20:37:39.165574Z,2427.84,2427.93,0.09,2427.885,-0.1275810028487204403574002105
ETH-USD,2026-08-28T20:37:39.244121Z,2427.84,2427.93,0.09,2427.885,-0.1275810028487204403574002105
ETH-USD,2026-08-28T20:37:39.303993Z,2427.79,2427.9,0.11,2427.845,-0.6020747309046636138033492147
ETH-USD,2026-08-28T20:37:39.359804Z,2427.86,2427.93,0.07,2427.895,0.1577645389388100691249540035
ETH-USD,2026-08-28T20:37:39.404592Z,2427.84,2427.93,0.09,2427.885,-0.1154689151230886701937811167
ETH-USD,2026-08-28T20:37:39.455141Z,2427.78,2427.85,0.07,2427.815,-0.3150901845765871928626405097
ETH-USD,2026-08-28T20:37:39.506134Z,2427.8,2427.85,0.05,2427.825,-0.1892624285074068708757758441
ETH-USD,2026-08-28T20:37:39.551988Z,2427.8,2427.85,0.05,2427.825,-0.1892624285074068708757758441
ETH-USD,2026-08-28T20:37:39.608172Z,2427.8,2427.85,0.05,2427.825,-0.1892651220824618709614273554
ETH-USD,2026-08-28T20:37:39.661502Z,2427.8,2427.85,0.05,2427.825,-0.1892651220824618709614273554
ETH-USD,2026-08-28T20:37:39.667125Z,2427.8,2427.85,0.05,2427.825,-0.1892651220824618709614273554
ETH-USD,2026-08-28T20:37:39.755719Z,2427.8,2427.93,0.13,2427.865,-0.1351638846621144649610943366
ETH-USD,2026-08-28T20:37:39.82656Z,2427.8,2427.89,0.09,2427.845,-0.08982428982663207841438562999
ETH-USD,2026-08-28T20:37:39.840295Z,2427.8,2427.89,0.09,2427.845,-0.08982428982663207841438562999
ETH-USD,2026-08-28T20:37:39.872892Z,2427.8,2427.89,0.09,2427.845,-0.08982428982663207841438562999
ETH-USD,2026-08-28T20:37:39.971143Z,2427.8,2427.93,0.13,2427.865,0.03114501525526244861326846373
ETH-USD,2026-08-28T20:37:40.00183Z,2427.8,2427.93,0.13,2427.865,-0.2780797531363451967245787846
ETH-USD,2026-08-28T20:37:40.029664Z,2427.8,2427.93,0.13,2427.865,-0.3640742032689152429347074873
ETH-USD,2026-08-28T20:37:40.09018Z,2427.8,2427.89,0.09,2427.845,-0.2774469110556183350342138297
ETH-USD,2026-08-28T20:37:40.12859Z,2427.8,2427.89,0.09,2427.845,-0.2774469110556183350342138297
ETH-USD,2026-08-28T20:37:40.252602Z,2427.8,2427.93,0.13,2427.865,-0.1098250571833836263207088128
ETH-USD,2026-08-28T20:37:40.315495Z,2427.8,2427.93,0.13,2427.865,-0.1098250571833836263207088128
ETH-USD,2026-08-28T20:37:40.365471Z,2427.8,2427.93,0.13,2427.865,-0.4739908005033800635938855181
ETH-USD,2026-08-28T20:37:40.411307Z,2427.82,2427.93,0.11,2427.875,-0.1154765368324604109265757941
ETH-USD,2026-08-28T20:37:40.458665Z,2427.82,2427.93,0.11,2427.875,-0.1154765368324604109265757941
ETH-USD,2026-08-28T20:37:40.504076Z,2427.84,2427.93,0.09,2427.885,0.2306630939794301199569734384
ETH-USD,2026-08-28T20:37:40.557133Z,2427.92,2427.93,0.01,2427.925,0.2826775321864772509604031777
ETH-USD,2026-08-28T20:37:40.614027Z,2427.92,2427.93,0.01,2427.925,0.1026880383799953702396110361
ETH-USD,2026-08-28T20:37:40.656095Z,2427.92,2427.93,0.01,2427.925,-0.006810511213285936803073832734
ETH-USD,2026-08-28T20:37:40.701888Z,2427.92,2427.93,0.01,2427.925,0.08267548222855097485286948839
ETH-USD,2026-08-28T20:37:40.754901Z,2427.92,2427.93,0.01,2427.925,0.08103143457679708955683074347
ETH-USD,2026-08-28T20:37:40.811139Z,2427.92,2427.93,0.01,2427.925,0.08103143457679708955683074347
ETH-USD,2026-08-28T20:37:40.861891Z,2427.8,2427.93,0.13,2427.865,-0.1706971916445553488796674537
ETH-USD,2026-08-28T20:37:40.903951Z,2427.85,2427.93,0.08,2427.89,0.04966492883094681651748317278
ETH-USD,2026-08-28T20:37:40.958285Z,2427.85,2428.01,0.16,2427.93,-0.2035137624543361964491749992
ETH-USD,2026-08-28T20:37:40.974628Z,2427.85,2428.01,0.16,2427.93,-0.2035137624543361964491749992
ETH-USD,2026-08-28T20:37:41.049329Z,2427.85,2428.01,0.16,2427.93,-0.2035110079811497677280766150
ETH-USD,2026-08-28T20:37:41.103202Z,2427.85,2428.01,0.16,2427.93,-0.2034278797464051306890076743
ETH-USD,2026-08-28T20:37:41.156139Z,2427.88,2428.09,0.21,2427.985,-0.3811473934468719417232428243
ETH-USD,2026-08-28T20:37:41.200507Z,2427.88,2428.09,0.21,2427.985,-0.3812644600703714699439086159
ETH-USD,2026-08-28T20:37:41.229372Z,2427.88,2428.09,0.21,2427.985,-0.3811473934468719417232428243
ETH-USD,2026-08-28T20:37:41.292039Z,2427.88,2428.09,0.21,2427.985,-0.2992588933398638057930220048
ETH-USD,2026-08-28T20:37:41.461503Z,2427.88,2428.09,0.21,2427.985,-0.2992588933398638057930220048
ETH-USD,2026-08-28T20:37:41.514926Z,2427.88,2428.09,0.21,2427.985,-0.3628795925664597126999129950
ETH-USD,2026-08-28T20:37:41.53752Z,2427.88,2428.09,0.21,2427.985,-0.3628795925664597126999129950
ETH-USD,2026-08-28T20:37:41.601762Z,2427.88,2428.09,0.21,2427.985,-0.3628795925664597126999129950
ETH-USD,2026-08-28T20:37:41.629651Z,2427.88,2428.09,0.21,2427.985,-0.3166647274126984166970716435
ETH-USD,2026-08-28T20:37:41.756979Z,2427.88,2428.09,0.21,2427.985,-0.3166647274126984166970716435
ETH-USD,2026-08-28T20:37:41.804959Z,2427.88,2428.09,0.21,2427.985,-0.3227234097556470895080447313
ETH-USD,2026-08-28T20:37:41.825412Z,2427.88,2428.09,0.21,2427.985,-0.3227234097556470895080447313
ETH-USD,2026-08-28T20:37:41.902517Z,2427.88,2428.09,0.21,2427.985,-0.3227234097556470895080447313
ETH-USD,2026-08-28T20:37:41.953907Z,2427.88,2428.09,0.21,2427.985,-0.3227234097556470895080447313
ETH-USD,2026-08-28T20:37:42.032765Z,2427.88,2428.09,0.21,2427.985,-0.3227234097556470895080447313
ETH-USD,2026-08-28T20:37:42.156703Z,2427.88,2428.09,0.21,2427.985,-0.3415614407833602717595181796
ETH-USD,2026-08-28T20:37:42.167052Z,2427.88,2428.03,0.15,2427.955,-0.3541396077579907045718744226
ETH-USD,2026-08-28T20:37:42.292726Z,2427.89,2428.07,0.18,2427.98,-0.3842482149636426534882447848
ETH-USD,2026-08-28T20:37:42.351389Z,2427.89,2428.07,0.18,2427.98,-0.2761627785571713629583026138
ETH-USD,2026-08-28T20:37:42.371377Z,2427.89,2428.07,0.18,2427.98,-0.2760496558689460297501644602
ETH-USD,2026-08-28T20:37:42.426473Z,2427.89,2428.07,0.18,2427.98,-0.2760496558689460297501644602
ETH-USD,2026-08-28T20:37:42.509108Z,2427.89,2428.07,0.18,2427.98,-0.2760496558689460297501644602
ETH-USD,2026-08-28T20:37:42.542488Z,2427.89,2428.07,0.18,2427.98,-0.2760496558689460297501644602
ETH-USD,2026-08-28T20:37:42.646083Z,2427.89,2428.06,0.17,2427.975,-0.1913715154899102280173250766
ETH-USD,2026-08-28T20:37:42.693595Z,2427.89,2428.06,0.17,2427.975,-0.1913715154899102280173250766
ETH-USD,2026-08-28T20:37:42.738769Z,2427.89,2428.01,0.12,2427.95,-0.3203133045353353069214530560
ETH-USD,2026-08-28T20:37:42.812339Z,2427.89,2428.01,0.12,2427.95,-0.3203133045353353069214530560
ETH-USD,2026-08-28T20:37:42.827165Z,2427.89,2428.01,0.12,2427.95,-0.3203133045353353069214530560
ETH-USD,2026-08-28T20:37:42.88103Z,2427.89,2428.01,0.12,2427.95,-0.3203133045353353069214530560
ETH-USD,2026-08-28T20:37:42.961697Z,2427.89,2428.01,0.12,2427.95,-0.3203133045353353069214530560
ETH-USD,2026-08-28T20:37:43.017096Z,2427.89,2428.18,0.29,2428.035,-0.2719051958721361009503269405
ETH-USD,2026-08-28T20:37:43.050848Z,2427.89,2428.18,0.29,2428.035,-0.2719051958721361009503269405
ETH-USD,2026-08-28T20:37:43.118489Z,2427.89,2428.05,0.16,2427.97,-0.3548122701590076086537237321
ETH-USD,2026-08-28T20:37:43.206324Z,2427.89,2428.05,0.16,2427.97,-0.3383828210468999712106320073
ETH-USD,2026-08-28T20:37:43.242769Z,2427.89,2428.05,0.16,2427.97,-0.2944112813155193189041893069
ETH-USD,2026-08-28T20:37:43.296399Z,2427.89,2428.05,0.16,2427.97,-0.2944137683819673414980202571
ETH-USD,2026-08-28T20:37:43.340661Z,2427.89,2428.05,0.16,2427.97,-0.3478477761899478341698865763
ETH-USD,2026-08-28T20:37:43.39916Z,2427.89,2428.05,0.16,2427.97,-0.3478477761899478341698865763
ETH-USD,2026-08-28T20:37:43.558879Z,2427.89,2428.05,0.16,2427.97,-0.3478477761899478341698865763
ETH-USD,2026-08-28T20:37:43.613206Z,2427.89,2428.05,0.16,2427.97,-0.5825491174207834504964304506
ETH-USD,2026-08-28T20:37:43.662532Z,2427.89,2428.05,0.16,2427.97,-0.3088344469974084656285542675
ETH-USD,2026-08-28T20:37:43.678002Z,2427.89,2428.05,0.16,2427.97,-0.3088344469974084656285542675
ETH-USD,2026-08-28T20:37:43.756554Z,2427.89,2428.05,0.16,2427.97,-0.3077675807792867158034091483
ETH-USD,2026-08-28T20:37:43.799989Z,2427.9,2428.04,0.14,2427.97,-0.1397080499866696290798050568
ETH-USD,2026-08-28T20:37:43.866205Z,2427.91,2428.04,0.13,2427.975,0.1323032664790083793529528427
ETH-USD,2026-08-28T20:37:43.906352Z,2427.91,2428.04,0.13,2427.975,0.1352439829721277176460715064
ETH-USD,2026-08-28T20:37:43.962921Z,2427.91,2428.04,0.13,2427.975,0.1353380390197437567952086555
ETH-USD,2026-08-28T20:37:43.996985Z,2427.91,2428.04,0.13,2427.975,0.1353380390197437567952086555
ETH-USD,2026-08-28T20:37:44.064544Z,2427.91,2428.04,0.13,2427.975,0.1353380390197437567952086555
ETH-USD,2026-08-28T20:37:44.092825Z,2427.91,2428.04,0.13,2427.975,0.1353380390197437567952086555
ETH-USD,2026-08-28T20:37:44.129862Z,2427.91,2428.03,0.12,2427.97,0.1232124577037000179906902238
ETH-USD,2026-08-28T20:37:44.20821Z,2427.91,2428.02,0.11,2427.965,0.1973683146506610894790923036
ETH-USD,2026-08-28T20:37:44.254138Z,2427.91,2428.02,0.11,2427.965,0.1973683146506610894790923036
ETH-USD,2026-08-28T20:37:44.268672Z,2427.91,2428.02,0.11,2427.965,0.3026946472258786091876378772
ETH-USD,2026-08-28T20:37:44.337838Z,2427.91,2428.01,0.10,2427.96,0.4645011220723251213414273892
ETH-USD,2026-08-28T20:37:44.427865Z,2427.91,2428.01,0.10,2427.96,0.4645011220723251213414273892
ETH-USD,2026-08-28T20:37:44.504022Z,2427.91,2428.05,0.14,2427.98,0.07467322878383624473163317015
ETH-USD,2026-08-28T20:37:44.560055Z,2427.91,2428.05,0.14,2427.98,0.1092383586234831670672566751
ETH-USD,2026-08-28T20:37:44.621751Z,2427.91,2428.05,0.14,2427.98,0.1092383586234831670672566751
ETH-USD,2026-08-28T20:37:44.630499Z,2427.91,2428.05,0.14,2427.98,0.1092383586234831670672566751
ETH-USD,2026-08-28T20:37:44.706644Z,2427.91,2428.05,0.14,2427.98,0.1092383586234831670672566751
ETH-USD,2026-08-28T20:37:44.726543Z,2427.91,2428.05,0.14,2427.98,0.1092383586234831670672566751
ETH-USD,2026-08-28T20:37:44.796336Z,2427.91,2428.04,0.13,2427.975,0.09882577918514763292156688013
ETH-USD,2026-08-28T20:37:44.822793Z,2427.91,2428.04,0.13,2427.975,0.09882577918514763292156688013
ETH-USD,2026-08-28T20:37:45.001955Z,2427.91,2428.04,0.13,2427.975,0.09882577918514763292156688013
ETH-USD,2026-08-28T20:37:45.035193Z,2427.91,2428.04,0.13,2427.975,-0.003075176005364068731912816462
ETH-USD,2026-08-28T20:37:45.077883Z,2427.91,2428.04,0.13,2427.975,-0.003075176005364068731912816462
ETH-USD,2026-08-28T20:37:45.13119Z,2427.91,2428.04,0.13,2427.975,-0.003075176005364068731912816462
ETH-USD,2026-08-28T20:37:45.204448Z,2427.91,2428.04,0.13,2427.975,-0.003075176005364068731912816462
ETH-USD,2026-08-28T20:37:45.326929Z,2427.91,2428.04,0.13,2427.975,-0.003075176005364068731912816462
ETH-USD,2026-08-28T20:37:45.383783Z,2427.91,2428.04,0.13,2427.975,-0.003076539606971302994997348342
ETH-USD,2026-08-28T20:37:45.425468Z,2427.91,2428.04,0.13,2427.975,-0.003076539606971302994997348342
ETH-USD,2026-08-28T20:37:45.502927Z,2427.91,2428.04,0.13,2427.975,-0.1062500039045222888925163821
ETH-USD,2026-08-28T20:37:45.558471Z,2427.91,2428.04,0.13,2427.975,-0.2066347737025110100989424787
ETH-USD,2026-08-28T20:37:45.576715Z,2427.91,2428.04,0.13,2427.975,-0.07159321342821488934872920846
ETH-USD,2026-08-28T20:37:45.624257Z,2427.91,2428.04,0.13,2427.975,-0.07159321342821488934872920846
ETH-USD,2026-08-28T20:37:45.704333Z,2427.91,2428.04,0.13,2427.975,-0.06696816910600543784156202919
ETH-USD,2026-08-28T20:37:45.758057Z,2427.91,2428,0.09,2427.955,0.08515384379890689405530552582
ETH-USD,2026-08-28T20:37:45.803646Z,2427.91,2428,0.09,2427.955,0.08515384379890689405530552582
ETH-USD,2026-08-28T20:37:45.868213Z,2427.91,2427.99,0.08,2427.95,-0.03243638508919910333369434640
ETH-USD,2026-08-28T20:37:45.873917Z,2427.91,2427.99,0.08,2427.95,-0.03243638508919910333369434640
ETH-USD,2026-08-28T20:37:45.928628Z,2427.91,2427.99,0.08,2427.95,-0.02033043064423771142397817942
ETH-USD,2026-08-28T20:37:45.999905Z,2427.91,2427.99,0.08,2427.95,-0.02033043064423771142397817942
ETH-USD,2026-08-28T20:37:46.060504Z,2427.91,2427.99,0.08,2427.95,-0.1526475853560683686438058996
ETH-USD,2026-08-28T20:37:46.097453Z,2427.92,2427.99,0.07,2427.955,0.04159469457345015553530997507
ETH-USD,2026-08-28T20:37:46.14506Z,2427.98,2427.99,0.01,2427.985,0.0004123750987882429318308471409
ETH-USD,2026-08-28T20:37:46.20365Z,2428.04,2428.05,0.01,2428.045,0.01052849086191124472149707542
ETH-USD,2026-08-28T20:37:46.245224Z,2427.98,2428.1,0.12,2428.04,-0.6648870958910458857973402895
ETH-USD,2026-08-28T20:37:46.310168Z,2427.98,2428.09,0.11,2428.035,0.2281479865394344632003791270
ETH-USD,2026-08-28T20:37:46.335774Z,2427.92,2428.09,0.17,2428.005,0.2294899800626185584219434186
ETH-USD,2026-08-28T20:37:46.418749Z,2427.92,2428.09,0.17,2428.005,0.2294899800626185584219434186
ETH-USD,2026-08-28T20:37:46.429589Z,2427.93,2428.07,0.14,2428.00,-0.2916178040981788440735667209
ETH-USD,2026-08-28T20:37:46.480803Z,2427.93,2428.07,0.14,2428.00,-0.2916178040981788440735667209
ETH-USD,2026-08-28T20:37:46.563983Z,2427.93,2428.07,0.14,2428.00,-0.2922027697757323204103243694
ETH-USD,2026-08-28T20:37:46.568712Z,2427.93,2428.07,0.14,2428.00,-0.2922027697757323204103243694
ETH-USD,2026-08-28T20:37:46.650581Z,2427.93,2428.07,0.14,2428.00,-0.4325641739847048670491124211
ETH-USD,2026-08-28T20:37:46.697591Z,2427.94,2428.07,0.13,2428.005,-0.3467872958803067501317037351
ETH-USD,2026-08-28T20:37:46.742801Z,2427.94,2428.07,0.13,2428.005,-0.4100104307653657000799863958
ETH-USD,2026-08-28T20:37:46.793207Z,2427.94,2428.07,0.13,2428.005,-0.4085328642670391855572255290
ETH-USD,2026-08-28T20:37:46.860662Z,2427.94,2428.07,0.13,2428.005,-0.4085328642670391855572255290
ETH-USD,2026-08-28T20:37:46.900641Z,2427.94,2428.07,0.13,2428.005,-0.4085328642670391855572255290
ETH-USD,2026-08-28T20:37:46.957646Z,2427.94,2427.98,0.04,2427.96,-0.02667568606143742474024354687
ETH-USD,2026-08-28T20:37:47.060909Z,2427.94,2427.97,0.03,2427.955,-0.02667568606143742474024354687
ETH-USD,2026-08-28T20:37:47.10115Z,2427.94,2428.01,0.07,2427.975,-0.3303506096756964450885069712
ETH-USD,2026-08-28T20:37:47.13567Z,2427.94,2428.01,0.07,2427.975,-0.2342075960890282746297543411
ETH-USD,2026-08-28T20:37:47.231689Z,2427.94,2428.01,0.07,2427.975,-0.2342075960890282746297543411
ETH-USD,2026-08-28T20:37:47.288162Z,2427.94,2428.01,0.07,2427.975,-0.2342075960890282746297543411
ETH-USD,2026-08-28T20:37:47.327721Z,2427.94,2428.01,0.07,2427.975,-0.2342075960890282746297543411
ETH-USD,2026-08-28T20:37:47.410653Z,2427.94,2428.01,0.07,2427.975,-0.2342075960890282746297543411
ETH-USD,2026-08-28T20:37:47.421974Z,2427.94,2428.01,0.07,2427.975,-0.2342075960890282746297543411
ETH-USD,2026-08-28T20:37:47.476557Z,2427.94,2428.04,0.10,2427.99,-0.2489424792151354921518489349
ETH-USD,2026-08-28T20:37:47.552652Z,2427.94,2428.03,0.09,2427.985,-0.1789224389839524039347277914
ETH-USD,2026-08-28T20:37:47.650059Z,2427.94,2428.03,0.09,2427.985,-0.1101449025677260574347468960
ETH-USD,2026-08-28T20:37:47.687242Z,2427.94,2428.03,0.09,2427.985,-0.2646885156574685090645076111
ETH-USD,2026-08-28T20:37:47.727263Z,2427.94,2428.03,0.09,2427.985,-0.2646885156574685090645076111
ETH-USD,2026-08-28T20:37:47.809739Z,2427.94,2428.03,0.09,2427.985,-0.2646885156574685090645076111
ETH-USD,2026-08-28T20:37:47.828197Z,2427.94,2428.03,0.09,2427.985,-0.2734011207158942912351058048
ETH-USD,2026-08-28T20:37:47.986759Z,2427.94,2428.03,0.09,2427.985,-0.2722613641483401661744881033
ETH-USD,2026-08-28T20:37:48.027988Z,2427.94,2428.03,0.09,2427.985,-0.2716259552093270296536470480
ETH-USD,2026-08-28T20:37:48.148987Z,2427.94,2428.03,0.09,2427.985,-0.2716259552093270296536470480
ETH-USD,2026-08-28T20:37:48.195361Z,2427.94,2428.11,0.17,2428.025,-0.2272395595840161808890585831
ETH-USD,2026-08-28T20:37:48.249653Z,2427.94,2428.1,0.16,2428.02,0.04023947721762191077003956717
ETH-USD,2026-08-28T20:37:48.300283Z,2427.94,2428.1,0.16,2428.02,0.001541559361720779056650363604
ETH-USD,2026-08-28T20:37:48.358057Z,2427.94,2427.99,0.05,2427.965,-0.3078908116699694407493203170
ETH-USD,2026-08-28T20:37:48.39041Z,2427.94,2427.99,0.05,2427.965,-0.3078908116699694407493203170
ETH-USD,2026-08-28T20:37:48.441527Z,2427.94,2427.99,0.05,2427.965,-0.1222017444326211983464849952
ETH-USD,2026-08-28T20:37:48.483863Z,2427.94,2427.95,0.01,2427.945,-0.3398537770696869486386637846
ETH-USD,2026-08-28T20:37:48.553724Z,2427.94,2427.95,0.01,2427.945,-0.6143284792887208204460215085
ETH-USD,2026-08-28T20:37:48.59737Z,2427.94,2427.95,0.01,2427.945,-0.9543960130637918220733317329
ETH-USD,2026-08-28T20:37:48.625043Z,2427.94,2427.95,0.01,2427.945,-0.9302169845522324858702692149
ETH-USD,2026-08-28T20:37:48.699412Z,2427.94,2427.95,0.01,2427.945,-0.8847504182205558813147998382
ETH-USD,2026-08-28T20:37:48.754229Z,2427.94,2427.95,0.01,2427.945,-0.8791263655004868419671975270
ETH-USD,2026-08-28T20:37:48.803907Z,2427.94,2427.95,0.01,2427.945,-0.8791263655004868419671975270
ETH-USD,2026-08-28T20:37:48.868808Z,2427.94,2427.95,0.01,2427.945,-0.8791263655004868419671975270
ETH-USD,2026-08-28T20:37:48.950529Z,2427.94,2427.95,0.01,2427.945,-0.8258080629608882852260339499
ETH-USD,2026-08-28T20:37:48.97321Z,2427.94,2427.95,0.01,2427.945,-0.8392164320737399690991135209
ETH-USD,2026-08-28T20:37:49.032026Z,2427.94,2427.95,0.01,2427.945,-0.8392164320737399690991135209
ETH-USD,2026-08-28T20:37:49.083599Z,2427.94,2427.95,0.01,2427.945,-0.8392164320737399690991135209
ETH-USD,2026-08-28T20:37:49.199485Z,2427.68,2427.79,0.11,2427.735,0.04251979212648941617806648757
ETH-USD,2026-08-28T20:37:49.241722Z,2427.68,2427.77,0.09,2427.725,0.1237144352050580148333465252
ETH-USD,2026-08-28T20:37:49.283645Z,2427.68,2427.77,0.09,2427.725,0.1237144352050580148333465252
ETH-USD,2026-08-28T20:37:49.375256Z,2427.56,2427.77,0.21,2427.665,0.3067116075958520480037114984
ETH-USD,2026-08-28T20:37:49.407781Z,2427.72,2427.76,0.04,2427.74,0.3443765751190561480772067006
ETH-USD,2026-08-28T20:37:49.456707Z,2427.72,2427.76,0.04,2427.74,0.3443765751190561480772067006
ETH-USD,2026-08-28T20:37:49.508415Z,2427.72,2427.76,0.04,2427.74,0.3443765751190561480772067006
ETH-USD,2026-08-28T20:37:49.526464Z,2427.72,2427.76,0.04,2427.74,0.3443765751190561480772067006
ETH-USD,2026-08-28T20:37:49.612382Z,2427.72,2427.76,0.04,2427.74,0.3449961310181802633554174134
ETH-USD,2026-08-28T20:37:49.643563Z,2427.72,2427.8,0.08,2427.76,0.01441435048289151474918572036
ETH-USD,2026-08-28T20:37:49.695721Z,2427.73,2427.9,0.17,2427.815,0.5041212870806377014698529747
ETH-USD,2026-08-28T20:37:49.75445Z,2427.73,2427.9,0.17,2427.815,0.5041212870806377014698529747
ETH-USD,2026-08-28T20:37:49.812864Z,2427.74,2427.9,0.16,2427.82,0.4298794483445718049423971972
ETH-USD,2026-08-28T20:37:49.851629Z,2427.74,2427.9,0.16,2427.82,0.4298794483445718049423971972
ETH-USD,2026-08-28T20:37:49.904526Z,2427.74,2427.9,0.16,2427.82,0.4298794483445718049423971972
ETH-USD,2026-08-28T20:37:49.957903Z,2427.74,2427.89,0.15,2427.815,0.6492718764079422677702921617
ETH-USD,2026-08-28T20:37:49.973342Z,2427.74,2427.89,0.15,2427.815,0.6492718764079422677702921617
ETH-USD,2026-08-28T20:37:50.043986Z,2427.74,2427.89,0.15,2427.815,0.6492718764079422677702921617
ETH-USD,2026-08-28T20:37:50.11235Z,2427.74,2427.89,0.15,2427.815,0.6492718764079422677702921617
ETH-USD,2026-08-28T20:37:50.162529Z,2427.74,2427.87,0.13,2427.805,0.6204493358794641400979397506
ETH-USD,2026-08-28T20:37:50.215354Z,2427.74,2427.86,0.12,2427.80,0.5785285311854521838935781092
ETH-USD,2026-08-28T20:37:50.251303Z,2427.74,2427.86,0.12,2427.80,0.7633572301048663367414423543
ETH-USD,2026-08-28T20:37:50.313291Z,2427.74,2427.89,0.15,2427.815,0.7021350772073529045012658604
ETH-USD,2026-08-28T20:37:50.354945Z,2427.74,2427.89,0.15,2427.815,0.6812232381258863892525533375
ETH-USD,2026-08-28T20:37:50.411938Z,2427.74,2427.89,0.15,2427.815,0.6812232381258863892525533375
ETH-USD,2026-08-28T20:37:50.429646Z,2427.74,2427.89,0.15,2427.815,0.6812232381258863892525533375
ETH-USD,2026-08-28T20:37:50.504338Z,2427.77,2427.92,0.15,2427.845,0.5904294498841481506775076163
ETH-USD,2026-08-28T20:37:50.548681Z,2427.77,2427.89,0.12,2427.83,0.5408445324731404849937833841
ETH-USD,2026-08-28T20:37:50.604206Z,2427.73,2427.89,0.16,2427.81,0.5408447216535666036366648316
ETH-USD,2026-08-28T20:37:50.654851Z,2427.73,2427.88,0.15,2427.805,0.6812232381258863892525533375
ETH-USD,2026-08-28T20:37:50.731457Z,2427.73,2427.88,0.15,2427.805,0.6812232381258863892525533375
ETH-USD,2026-08-28T20:37:50.777085Z,2427.75,2427.88,0.13,2427.815,0.7068731954708013893119714873
ETH-USD,2026-08-28T20:37:50.849636Z,2427.73,2427.88,0.15,2427.805,0.7068731954708013893119714873
ETH-USD,2026-08-28T20:37:50.878528Z,2427.73,2427.87,0.14,2427.80,0.7672546540541042484138527631
ETH-USD,2026-08-28T20:37:50.921739Z,2427.73,2427.87,0.14,2427.80,0.7672546540541042484138527631
ETH-USD,2026-08-28T20:37:50.993441Z,2427.73,2427.87,0.14,2427.80,0.7672546540541042484138527631
ETH-USD,2026-08-28T20:37:51.058832Z,2427.73,2427.87,0.14,2427.80,0.6612682771722027586448697277
ETH-USD,2026-08-28T20:37:51.107368Z,2427.77,2427.86,0.09,2427.815,0.2160487684495575370400484110
ETH-USD,2026-08-28T20:37:51.111419Z,2427.77,2427.86,0.09,2427.815,0.2160487684495575370400484110
ETH-USD,2026-08-28T20:37:51.213933Z,2427.77,2427.86,0.09,2427.815,0.08534305670016893612895569481
ETH-USD,2026-08-28T20:37:51.258155Z,2427.77,2427.86,0.09,2427.815,0.08534305670016893612895569481
ETH-USD,2026-08-28T20:37:51.29575Z,2427.77,2427.86,0.09,2427.815,0.08534305670016893612895569481
ETH-USD,2026-08-28T20:37:51.367949Z,2427.77,2427.85,0.08,2427.81,0.08534305670016893612895569481
ETH-USD,2026-08-28T20:37:51.410613Z,2427.77,2427.85,0.08,2427.81,0.08534305670016893612895569481
ETH-USD,2026-08-28T20:37:51.429805Z,2427.77,2427.85,0.08,2427.81,0.08534305670016893612895569481
ETH-USD,2026-08-28T20:37:51.494431Z,2427.77,2427.84,0.07,2427.805,0.2029113076366193938553699764
ETH-USD,2026-08-28T20:37:51.568696Z,2427.77,2427.84,0.07,2427.805,0.2029113076366193938553699764
ETH-USD,2026-08-28T20:37:51.590239Z,2427.77,2427.84,0.07,2427.805,0.2029113076366193938553699764
ETH-USD,2026-08-28T20:37:51.663759Z,2427.77,2427.83,0.06,2427.80,0.2199830334821063830306169400
ETH-USD,2026-08-28T20:37:51.711913Z,2427.79,2427.83,0.04,2427.81,0.4604865177275571518427341288
ETH-USD,2026-08-28T20:37:51.760298Z,2427.79,2427.83,0.04,2427.81,0.4604865177275571518427341288
ETH-USD,2026-08-28T20:37:51.817506Z,2427.81,2427.83,0.02,2427.82,0.3888815936313220272307854947
ETH-USD,2026-08-28T20:37:51.835254Z,2427.81,2427.83,0.02,2427.82,0.4239700255759642617052828300
ETH-USD,2026-08-28T20:37:51.915945Z,2427.81,2427.83,0.02,2427.82,0.5523903361780285289609242517
ETH-USD,2026-08-28T20:37:51.928543Z,2427.82,2427.83,0.01,2427.825,0.5523903361780285289609242517
ETH-USD,2026-08-28T20:37:52.003858Z,2427.82,2427.89,0.07,2427.855,0.1898579259566837644376485959
ETH-USD,2026-08-28T20:37:52.043947Z,2427.82,2427.89,0.07,2427.855,0.04685637282252004922542240637
ETH-USD,2026-08-28T20:37:52.161215Z,2427.82,2427.89,0.07,2427.855,0.1592229050834185419071816421
ETH-USD,2026-08-28T20:37:52.184461Z,2427.82,2427.89,0.07,2427.855,0.06050423963690529121689974416
ETH-USD,2026-08-28T20:37:52.255901Z,2427.83,2427.89,0.06,2427.86,0.06050423963690529121689974416
ETH-USD,2026-08-28T20:37:52.313613Z,2427.84,2427.89,0.05,2427.865,0.09401797674495642277318283840
ETH-USD,2026-08-28T20:37:52.349941Z,2427.84,2427.89,0.05,2427.865,0.09401797674495642277318283840
ETH-USD,2026-08-28T20:37:52.449936Z,2427.84,2427.89,0.05,2427.865,0.09401797674495642277318283840
ETH-USD,2026-08-28T20:37:52.538641Z,2427.84,2427.89,0.05,2427.865,0.09401797674495642277318283840
ETH-USD,2026-08-28T20:37:52.611272Z,2427.84,2427.89,0.05,2427.865,0.09401797674495642277318283840
ETH-USD,2026-08-28T20:37:52.652668Z,2427.84,2427.89,0.05,2427.865,0.09401797674495642277318283840
ETH-USD,2026-08-28T20:37:52.689193Z,2427.84,2427.89,0.05,2427.865,0.09401797674495642277318283840
ETH-USD,2026-08-28T20:37:52.769171Z,2427.84,2427.89,0.05,2427.865,0.09401797674495642277318283840
ETH-USD,2026-08-28T20:37:52.824475Z,2427.84,2427.89,0.05,2427.865,0.09401797674495642277318283840
ETH-USD,2026-08-28T20:37:52.895857Z,2427.84,2427.85,0.01,2427.845,0.04297996897241209504495126489
ETH-USD,2026-08-28T20:37:52.946236Z,2427.84,2427.92,0.08,2427.88,-0.01557937903372010104130903920
ETH-USD,2026-08-28T20:37:53.000975Z,2427.84,2427.92,0.08,2427.88,-0.01557937903372010104130903920
ETH-USD,2026-08-28T20:37:53.047489Z,2427.84,2427.92,0.08,2427.88,-0.01800131613032058531698004997
ETH-USD,2026-08-28T20:37:53.099166Z,2427.84,2428.04,0.20,2427.94,-0.1466066396808729097316204410
ETH-USD,2026-08-28T20:37:53.147715Z,2427.84,2427.95,0.11,2427.895,0.02225503024365310766049388255
ETH-USD,2026-08-28T20:37:53.212138Z,2427.84,2427.95,0.11,2427.895,0.3563234285907755095390057445
ETH-USD,2026-08-28T20:37:53.260147Z,2427.84,2427.95,0.11,2427.895,0.05314985599527136426513133959
ETH-USD,2026-08-28T20:37:53.273338Z,2427.84,2427.95,0.11,2427.895,0.05314985599527136426513133959
ETH-USD,2026-08-28T20:37:53.337897Z,2427.84,2427.95,0.11,2427.895,0.05314985599527136426513133959
ETH-USD,2026-08-28T20:37:53.404552Z,2427.84,2427.95,0.11,2427.895,0.1948395338196390621623992007
ETH-USD,2026-08-28T20:37:53.426584Z,2427.84,2427.95,0.11,2427.895,0.1948395338196390621623992007
ETH-USD,2026-08-28T20:37:53.480587Z,2427.84,2427.95,0.11,2427.895,0.1948395338196390621623992007
ETH-USD,2026-08-28T20:37:53.525348Z,2427.84,2427.95,0.11,2427.895,0.1948395338196390621623992007
ETH-USD,2026-08-28T20:37:53.616221Z,2427.84,2427.97,0.13,2427.905,0.1268521146308380062791324693
ETH-USD,2026-08-28T20:37:53.641365Z,2427.84,2427.97,0.13,2427.905,0.2910287152156024429296337505
ETH-USD,2026-08-28T20:37:53.714635Z,2427.84,2427.96,0.12,2427.90,0.4821125941931880939814514008
ETH-USD,2026-08-28T20:37:53.765171Z,2427.84,2427.96,0.12,2427.90,0.4821125941931880939814514008
ETH-USD,2026-08-28T20:37:53.854664Z,2427.84,2427.96,0.12,2427.90,0.4821125941931880939814514008
ETH-USD,2026-08-28T20:37:53.904513Z,2427.84,2427.96,0.12,2427.90,0.4821125941931880939814514008
ETH-USD,2026-08-28T20:37:53.928554Z,2427.84,2427.96,0.12,2427.90,0.4821125941931880939814514008
ETH-USD,2026-08-28T20:37:53.986362Z,2427.84,2427.96,0.12,2427.90,0.4821125941931880939814514008
ETH-USD,2026-08-28T20:37:54.058812Z,2427.84,2427.96,0.12,2427.90,0.2199025363723660362684330074
ETH-USD,2026-08-28T20:37:54.113325Z,2427.84,2427.96,0.12,2427.90,0.2199025363723660362684330074
ETH-USD,2026-08-28T20:37:54.147288Z,2427.84,2427.96,0.12,2427.90,0.2199025363723660362684330074
ETH-USD,2026-08-28T20:37:54.213058Z,2427.84,2427.9,0.06,2427.87,0.2386964912724684348542369812
ETH-USD,2026-08-28T20:37:54.2641Z,2427.84,2427.9,0.06,2427.87,0.2910287152156024429296337505
ETH-USD,2026-08-28T20:37:54.308232Z,2427.84,2427.85,0.01,2427.845,-0.005586273905887770526403465715
ETH-USD,2026-08-28T20:37:54.376559Z,2427.82,2427.83,0.01,2427.825,-0.1419571065611745117796628386
ETH-USD,2026-08-28T20:37:54.398941Z,2427.82,2427.83,0.01,2427.825,0.08326880204124793839103642282
ETH-USD,2026-08-28T20:37:54.462518Z,2427.78,2427.82,0.04,2427.80,0.1773230938088237288993880329
ETH-USD,2026-08-28T20:37:54.502331Z,2427.78,2427.82,0.04,2427.80,0.1773230938088237288993880329
ETH-USD,2026-08-28T20:37:54.556856Z,2427.78,2427.82,0.04,2427.80,0.1892558902475827879174962720
ETH-USD,2026-08-28T20:37:54.613275Z,2427.78,2427.81,0.03,2427.795,0.1892558902475827879174962720
ETH-USD,2026-08-28T20:37:54.651095Z,2427.8,2427.81,0.01,2427.805,0.4661467252609772593449993638
ETH-USD,2026-08-28T20:37:54.683661Z,2427.8,2427.81,0.01,2427.805,0.4661467252609772593449993638
ETH-USD,2026-08-28T20:37:54.826927Z,2427.8,2427.81,0.01,2427.805,0.4661467252609772593449993638
ETH-USD,2026-08-28T20:37:54.862981Z,2427.8,2427.81,0.01,2427.805,0.3306543608731483754843376822
ETH-USD,2026-08-28T20:37:54.964165Z,2427.81,2427.82,0.01,2427.815,0.5868997229816389608261858100
ETH-USD,2026-08-28T20:37:54.992989Z,2427.81,2427.82,0.01,2427.815,0.6536316541712061760903145556
ETH-USD,2026-08-28T20:37:55.05767Z,2427.81,2427.82,0.01,2427.815,0.5110083266329542443261115165
ETH-USD,2026-08-28T20:37:55.163797Z,2427.72,2427.8,0.08,2427.76,0.6919210672945879724197902650
ETH-USD,2026-08-28T20:37:55.16826Z,2427.72,2427.8,0.08,2427.76,0.6919210672945879724197902650
ETH-USD,2026-08-28T20:37:55.226332Z,2427.72,2427.8,0.08,2427.76,0.6919210672945879724197902650
ETH-USD,2026-08-28T20:37:55.308229Z,2427.72,2427.8,0.08,2427.76,0.6919210672945879724197902650
ETH-USD,2026-08-28T20:37:55.362357Z,2427.73,2427.79,0.06,2427.76,0.4736956517918120195754611422
ETH-USD,2026-08-28T20:37:55.41018Z,2427.73,2427.78,0.05,2427.755,0.4755237822169111319297069625
ETH-USD,2026-08-28T20:37:55.431476Z,2427.73,2427.78,0.05,2427.755,0.4755237822169111319297069625
ETH-USD,2026-08-28T20:37:55.506364Z,2427.75,2427.77,0.02,2427.76,0.3963850721193008277865970825
ETH-USD,2026-08-28T20:37:55.562848Z,2427.75,2427.76,0.01,2427.755,0.4858650819134875782459596767
ETH-USD,2026-08-28T20:37:55.576194Z,2427.75,2427.76,0.01,2427.755,0.4858650819134875782459596767
ETH-USD,2026-08-28T20:37:55.642632Z,2427.75,2427.76,0.01,2427.755,0.4858650819134875782459596767
ETH-USD,2026-08-28T20:37:55.695111Z,2427.75,2427.76,0.01,2427.755,0.6281695175697859908934475204
ETH-USD,2026-08-28T20:37:55.748409Z,2427.75,2427.76,0.01,2427.755,0.3963850721193008277865970825
ETH-USD,2026-08-28T20:37:55.806559Z,2427.73,2427.76,0.03,2427.745,0.2039914173041424636212203370
ETH-USD,2026-08-28T20:37:55.898712Z,2427.25,2427.37,0.12,2427.31,0.3489931207853212671770254532
ETH-USD,2026-08-28T20:37:55.947638Z,2427.2,2427.21,0.01,2427.205,0.8097894370781906437315517900
ETH-USD,2026-08-28T20:37:56.006754Z,2427.2,2427.21,0.01,2427.205,-0.6769321415420867766585468312
ETH-USD,2026-08-28T20:37:56.048118Z,2427.2,2427.21,0.01,2427.205,-0.7161203916061799458876181487
ETH-USD,2026-08-28T20:37:56.081145Z,2427.2,2427.21,0.01,2427.205,-0.7161203916061799458876181487
ETH-USD,2026-08-28T20:37:56.147699Z,2427.2,2427.21,0.01,2427.205,-0.7161203916061799458876181487
ETH-USD,2026-08-28T20:37:56.162006Z,2427.2,2427.21,0.01,2427.205,-0.7161203916061799458876181487
ETH-USD,2026-08-28T20:37:56.231452Z,2427.2,2427.21,0.01,2427.205,-0.7161203916061799458876181487
ETH-USD,2026-08-28T20:37:56.244697Z,2427.2,2427.21,0.01,2427.205,-0.7161203916061799458876181487
ETH-USD,2026-08-28T20:37:56.350008Z,2427.2,2427.21,0.01,2427.205,-0.7161203916061799458876181487
ETH-USD,2026-08-28T20:37:56.366894Z,2427.2,2427.21,0.01,2427.205,-0.7162246109571584294278991055
ETH-USD,2026-08-28T20:37:56.438904Z,2427.2,2427.21,0.01,2427.205,-0.1513918214655161728303872098
ETH-USD,2026-08-28T20:37:56.489692Z,2427.2,2427.21,0.01,2427.205,-0.1513918214655161728303872098
ETH-USD,2026-08-28T20:37:56.55573Z,2427.2,2427.21,0.01,2427.205,-0.1513951402454566623336896418
ETH-USD,2026-08-28T20:37:56.612313Z,2427.2,2427.21,0.01,2427.205,-0.8210328153689588205686014631
ETH-USD,2026-08-28T20:37:56.653207Z,2427.2,2427.21,0.01,2427.205,-0.8282461437177645449607183512
ETH-USD,2026-08-28T20:37:56.704375Z,2427.2,2427.21,0.01,2427.205,-0.8215448747901101174476733198
ETH-USD,2026-08-28T20:37:56.753867Z,2427.2,2427.21,0.01,2427.205,-0.8215448747901101174476733198
ETH-USD,2026-08-28T20:37:56.805523Z,2427.2,2427.21,0.01,2427.205,-0.4899235250952016639968953706
ETH-USD,2026-08-28T20:37:56.853612Z,2427.2,2427.21,0.01,2427.205,-0.4867709558122172933078974964
ETH-USD,2026-08-28T20:37:56.858613Z,2427.2,2427.21,0.01,2427.205,-0.4867709558122172933078974964
ETH-USD,2026-08-28T20:37:56.928902Z,2427.2,2427.21,0.01,2427.205,-0.8201945690410155015929050773
ETH-USD,2026-08-28T20:37:57.055117Z,2427.2,2427.21,0.01,2427.205,-0.4019981808553725255224581487
ETH-USD,2026-08-28T20:37:57.082113Z,2427.2,2427.21,0.01,2427.205,-0.4019981808553725255224581487
ETH-USD,2026-08-28T20:37:57.158841Z,2427.2,2427.21,0.01,2427.205,-0.4019981808553725255224581487
ETH-USD,2026-08-28T20:37:57.206108Z,2427.2,2427.21,0.01,2427.205,-0.4019981808553725255224581487
ETH-USD,2026-08-28T20:37:57.274509Z,2427.2,2427.21,0.01,2427.205,-0.2748047771952717576706966157
ETH-USD,2026-08-28T20:37:57.366261Z,2427.2,2427.21,0.01,2427.205,-0.2289503166811425894660824249
ETH-USD,2026-08-28T20:37:57.414944Z,2427.2,2427.21,0.01,2427.205,-0.2288623803014982501455700413
ETH-USD,2026-08-28T20:37:57.504879Z,2427.2,2427.21,0.01,2427.205,-0.2405134446068151143852395229
ETH-USD,2026-08-28T20:37:57.550703Z,2427.2,2427.21,0.01,2427.205,-0.2133624389217301962061807785
ETH-USD,2026-08-28T20:37:57.589792Z,2427.2,2427.21,0.01,2427.205,-0.2133624389217301962061807785
ETH-USD,2026-08-28T20:37:57.635377Z,2427.2,2427.21,0.01,2427.205,-0.2133624389217301962061807785
