currency,order_book_timestamp,best_bid,best_ask,spread,mid_price,obi
XRP-USD,2026-08-30T18:37:01.856278Z,1.4282,1.4284,0.0002,1.4283,0.3366685194859404394318238495
XRP-USD,2026-08-30T18:37:01.920744Z,1.4283,1.4284,0.0001,1.42835,-0.005575897127071156646492159621
XRP-USD,2026-08-30T18:37:01.935316Z,1.4283,1.4284,0.0001,1.42835,0.08351405338390016211313820989
XRP-USD,2026-08-30T18:37:01.984881Z,1.4283,1.4284,0.0001,1.42835,0.1574026536247186039450390531
XRP-USD,2026-08-30T18:37:02.091547Z,1.4282,1.4284,0.0002,1.4283,0.3452218660479250814474024691
XRP-USD,2026-08-30T18:37:02.148137Z,1.4282,1.4284,0.0002,1.4283,0.3605489095502632946455370092
XRP-USD,2026-08-30T18:37:02.226494Z,1.4282,1.4284,0.0002,1.4283,0.3605489095502632946455370092
XRP-USD,2026-08-30T18:37:02.31014Z,1.4283,1.4285,0.0002,1.4284,-0.02221479749873893080923413630
XRP-USD,2026-08-30T18:37:02.33456Z,1.4283,1.4285,0.0002,1.4284,-0.02748552095515330833162901194
XRP-USD,2026-08-30T18:37:02.357645Z,1.4284,1.4285,0.0001,1.42845,-0.01121702439368756353855398128
XRP-USD,2026-08-30T18:37:02.402186Z,1.4284,1.4285,0.0001,1.42845,0.1727587725780117683268403283
XRP-USD,2026-08-30T18:37:02.419313Z,1.4284,1.4285,0.0001,1.42845,0.1304949866292365476580211465
XRP-USD,2026-08-30T18:37:02.454323Z,1.4284,1.4285,0.0001,1.42845,0.02836531747326590448338603921
XRP-USD,2026-08-30T18:37:02.537243Z,1.4284,1.4285,0.0001,1.42845,0.1130386244837627309640646392
XRP-USD,2026-08-30T18:37:02.605496Z,1.4284,1.4285,0.0001,1.42845,0.1012572280525131683840335382
XRP-USD,2026-08-30T18:37:02.616301Z,1.4284,1.4285,0.0001,1.42845,0.1012572280525131683840335382
XRP-USD,2026-08-30T18:37:02.714931Z,1.4284,1.4285,0.0001,1.42845,0.1216405509295912811728706762
XRP-USD,2026-08-30T18:37:02.762843Z,1.4284,1.4285,0.0001,1.42845,-0.1293250064222941816414319716
XRP-USD,2026-08-30T18:37:02.833349Z,1.4284,1.4285,0.0001,1.42845,-0.1416217990339622082072811951
XRP-USD,2026-08-30T18:37:02.9101Z,1.4284,1.4285,0.0001,1.42845,0.009331799162665714918358147072
XRP-USD,2026-08-30T18:37:02.918689Z,1.4284,1.4285,0.0001,1.42845,0.009331799162665714918358147072
XRP-USD,2026-08-30T18:37:02.930808Z,1.4284,1.4285,0.0001,1.42845,0.009331799162665714918358147072
XRP-USD,2026-08-30T18:37:03.066915Z,1.4283,1.4286,0.0003,1.42845,-0.01356957381606418663374386494
XRP-USD,2026-08-30T18:37:03.107702Z,1.4283,1.4286,0.0003,1.42845,-0.03504145575002167251277367784
XRP-USD,2026-08-30T18:37:03.165377Z,1.4283,1.4286,0.0003,1.42845,-0.03504145575002167251277367784
XRP-USD,2026-08-30T18:37:03.184287Z,1.4283,1.4286,0.0003,1.42845,-0.03504145575002167251277367784
XRP-USD,2026-08-30T18:37:03.262713Z,1.4283,1.4286,0.0003,1.42845,-0.03504145575002167251277367784
XRP-USD,2026-08-30T18:37:03.329936Z,1.4284,1.4286,0.0002,1.4285,-0.1491151136694986196420981937
XRP-USD,2026-08-30T18:37:03.378225Z,1.4284,1.4286,0.0002,1.4285,-0.1593836990606346343665744272
XRP-USD,2026-08-30T18:37:03.389545Z,1.4284,1.4286,0.0002,1.4285,-0.1497386176007378867322481962
XRP-USD,2026-08-30T18:37:03.495584Z,1.4284,1.4286,0.0002,1.4285,-0.1426058309221806972146266773
XRP-USD,2026-08-30T18:37:03.569885Z,1.4284,1.4286,0.0002,1.4285,-0.1426058309221806972146266773
XRP-USD,2026-08-30T18:37:03.784294Z,1.4284,1.4286,0.0002,1.4285,-0.1635548568371609681164888221
XRP-USD,2026-08-30T18:37:04.016915Z,1.4284,1.4286,0.0002,1.4285,-0.09119933160060082305239475320
XRP-USD,2026-08-30T18:37:04.065971Z,1.4284,1.4286,0.0002,1.4285,-0.01554869418115575768071169222
XRP-USD,2026-08-30T18:37:04.1201Z,1.4284,1.4286,0.0002,1.4285,0.09524852335844442468246953229
XRP-USD,2026-08-30T18:37:04.171454Z,1.4284,1.4286,0.0002,1.4285,-0.02319805804913942198894183385
XRP-USD,2026-08-30T18:37:04.211722Z,1.4284,1.4286,0.0002,1.4285,-0.03345127564516461568098961472
XRP-USD,2026-08-30T18:37:04.260973Z,1.4284,1.4286,0.0002,1.4285,-0.03345127564516461568098961472
XRP-USD,2026-08-30T18:37:04.313396Z,1.4284,1.4286,0.0002,1.4285,-0.03345127564516461568098961472
XRP-USD,2026-08-30T18:37:04.319342Z,1.4284,1.4286,0.0002,1.4285,-0.03345127564516461568098961472
XRP-USD,2026-08-30T18:37:04.404846Z,1.4284,1.4286,0.0002,1.4285,-0.04994064526383993443747699410
XRP-USD,2026-08-30T18:37:04.43089Z,1.4284,1.4286,0.0002,1.4285,-0.04994064526383993443747699410
XRP-USD,2026-08-30T18:37:04.651128Z,1.4284,1.4286,0.0002,1.4285,-0.04994064526383993443747699410
XRP-USD,2026-08-30T18:37:04.804383Z,1.4284,1.4286,0.0002,1.4285,-0.04994064526383993443747699410
XRP-USD,2026-08-30T18:37:04.889523Z,1.4284,1.4286,0.0002,1.4285,-0.04994064526383993443747699410
XRP-USD,2026-08-30T18:37:05.017922Z,1.4284,1.4286,0.0002,1.4285,-0.04994064526383993443747699410
XRP-USD,2026-08-30T18:37:05.030296Z,1.4284,1.4285,0.0001,1.42845,0.09045255338355473537437092343
XRP-USD,2026-08-30T18:37:05.058232Z,1.4284,1.4285,0.0001,1.42845,0.09045255338355473537437092343
XRP-USD,2026-08-30T18:37:05.143625Z,1.4284,1.4285,0.0001,1.42845,0.09045255338355473537437092343
XRP-USD,2026-08-30T18:37:05.191347Z,1.4284,1.4285,0.0001,1.42845,0.09045255338355473537437092343
XRP-USD,2026-08-30T18:37:05.235543Z,1.4284,1.4285,0.0001,1.42845,0.09045255338355473537437092343
XRP-USD,2026-08-30T18:37:05.386969Z,1.4284,1.4285,0.0001,1.42845,0.09045255338355473537437092343
XRP-USD,2026-08-30T18:37:05.527294Z,1.4284,1.4285,0.0001,1.42845,0.1006252352094788549798948182
XRP-USD,2026-08-30T18:37:05.596089Z,1.4284,1.4285,0.0001,1.42845,0.1006252352094788549798948182
XRP-USD,2026-08-30T18:37:05.676287Z,1.4284,1.4285,0.0001,1.42845,0.1006252352094788549798948182
XRP-USD,2026-08-30T18:37:05.681643Z,1.4284,1.4285,0.0001,1.42845,0.1006252352094788549798948182
XRP-USD,2026-08-30T18:37:05.828495Z,1.4284,1.4285,0.0001,1.42845,0.1006252352094788549798948182
XRP-USD,2026-08-30T18:37:05.86099Z,1.4284,1.4285,0.0001,1.42845,0.1006252352094788549798948182
XRP-USD,2026-08-30T18:37:05.967409Z,1.4284,1.4285,0.0001,1.42845,0.1006252352094788549798948182
XRP-USD,2026-08-30T18:37:06.014712Z,1.4284,1.4285,0.0001,1.42845,0.1006252352094788549798948182
XRP-USD,2026-08-30T18:37:06.070269Z,1.4284,1.4285,0.0001,1.42845,0.06208234896503432048957189123
XRP-USD,2026-08-30T18:37:06.097031Z,1.4284,1.4285,0.0001,1.42845,0.1220799066982327168218338578
XRP-USD,2026-08-30T18:37:06.155613Z,1.4284,1.4285,0.0001,1.42845,0.1220799066982327168218338578
XRP-USD,2026-08-30T18:37:06.201369Z,1.4284,1.4285,0.0001,1.42845,0.1220799066982327168218338578
XRP-USD,2026-08-30T18:37:06.255873Z,1.4284,1.4285,0.0001,1.42845,0.1230155475793104155209398312
XRP-USD,2026-08-30T18:37:06.290387Z,1.4284,1.4285,0.0001,1.42845,0.1230155475793104155209398312
XRP-USD,2026-08-30T18:37:06.368056Z,1.4284,1.4285,0.0001,1.42845,0.1230155475793104155209398312
XRP-USD,2026-08-30T18:37:06.407795Z,1.4284,1.4285,0.0001,1.42845,0.1230155475793104155209398312
XRP-USD,2026-08-30T18:37:06.639134Z,1.4284,1.4285,0.0001,1.42845,0.03381441551000709779873002560
XRP-USD,2026-08-30T18:37:06.772306Z,1.4284,1.4285,0.0001,1.42845,0.1464328821232711783509103708
XRP-USD,2026-08-30T18:37:06.813568Z,1.4284,1.4285,0.0001,1.42845,0.1464328821232711783509103708
XRP-USD,2026-08-30T18:37:06.847276Z,1.4284,1.4285,0.0001,1.42845,0.1788604491664631212502531777
XRP-USD,2026-08-30T18:37:07.027805Z,1.4284,1.4285,0.0001,1.42845,0.1651920761086050126066120652
XRP-USD,2026-08-30T18:37:07.074249Z,1.4284,1.4285,0.0001,1.42845,0.1828785784754162256736399650
XRP-USD,2026-08-30T18:37:07.079738Z,1.4284,1.4285,0.0001,1.42845,0.1828785784754162256736399650
XRP-USD,2026-08-30T18:37:07.203853Z,1.4284,1.4285,0.0001,1.42845,0.1828785784754162256736399650
XRP-USD,2026-08-30T18:37:07.268826Z,1.4284,1.4285,0.0001,1.42845,0.2399328805145892921488624706
XRP-USD,2026-08-30T18:37:07.304237Z,1.4284,1.4285,0.0001,1.42845,0.1880169741624133616666335670
XRP-USD,2026-08-30T18:37:07.334586Z,1.4284,1.4285,0.0001,1.42845,0.1955633893544566476702447402
XRP-USD,2026-08-30T18:37:07.398516Z,1.4284,1.4285,0.0001,1.42845,0.1955633893544566476702447402
XRP-USD,2026-08-30T18:37:07.510391Z,1.4284,1.4285,0.0001,1.42845,0.2121712830664806377318135047
XRP-USD,2026-08-30T18:37:07.565749Z,1.4284,1.4285,0.0001,1.42845,0.1833359417038628949003126764
XRP-USD,2026-08-30T18:37:07.607179Z,1.4284,1.4285,0.0001,1.42845,0.1833359417038628949003126764
XRP-USD,2026-08-30T18:37:07.700938Z,1.4284,1.4285,0.0001,1.42845,0.1833359417038628949003126764
XRP-USD,2026-08-30T18:37:07.780178Z,1.4284,1.4285,0.0001,1.42845,0.1833359421681470422531454736
XRP-USD,2026-08-30T18:37:07.839719Z,1.4284,1.4285,0.0001,1.42845,0.2175385136973731755101398831
XRP-USD,2026-08-30T18:37:07.922538Z,1.4284,1.4285,0.0001,1.42845,0.2230495506144920882271174507
XRP-USD,2026-08-30T18:37:07.937442Z,1.4284,1.4285,0.0001,1.42845,0.2226950739153148765752405738
XRP-USD,2026-08-30T18:37:08.020286Z,1.4284,1.4285,0.0001,1.42845,0.2461068151316764033776252975
XRP-USD,2026-08-30T18:37:08.267392Z,1.4284,1.4285,0.0001,1.42845,0.2461068151316764033776252975
XRP-USD,2026-08-30T18:37:08.311211Z,1.4284,1.4285,0.0001,1.42845,0.2461068151316764033776252975
XRP-USD,2026-08-30T18:37:08.351423Z,1.4284,1.4285,0.0001,1.42845,0.2461068151316764033776252975
XRP-USD,2026-08-30T18:37:08.39483Z,1.4284,1.4285,0.0001,1.42845,0.1647148525018163702512667079
XRP-USD,2026-08-30T18:37:08.421104Z,1.4284,1.4285,0.0001,1.42845,0.1437576409293437410894087656
XRP-USD,2026-08-30T18:37:08.736088Z,1.4284,1.4285,0.0001,1.42845,0.1016433921024882230934574244
XRP-USD,2026-08-30T18:37:08.817583Z,1.4282,1.4284,0.0002,1.4283,0.2031368177392252253679392647
XRP-USD,2026-08-30T18:37:08.868297Z,1.4282,1.4283,0.0001,1.42825,0.1774147929432173697374884868
XRP-USD,2026-08-30T18:37:08.917664Z,1.4282,1.4283,0.0001,1.42825,-0.1727633827158822375864551809
XRP-USD,2026-08-30T18:37:08.975812Z,1.4282,1.4283,0.0001,1.42825,-0.1727633827158822375864551809
XRP-USD,2026-08-30T18:37:09.002996Z,1.4282,1.4283,0.0001,1.42825,-0.1727633827158822375864551809
XRP-USD,2026-08-30T18:37:09.11448Z,1.4282,1.4283,0.0001,1.42825,-0.2215084330052609817294557842
XRP-USD,2026-08-30T18:37:09.161783Z,1.4282,1.4283,0.0001,1.42825,-0.2215084330052609817294557842
XRP-USD,2026-08-30T18:37:09.168158Z,1.4282,1.4283,0.0001,1.42825,-0.2215084330052609817294557842
XRP-USD,2026-08-30T18:37:09.263251Z,1.4282,1.4283,0.0001,1.42825,-0.2215084330052609817294557842
XRP-USD,2026-08-30T18:37:09.319703Z,1.4282,1.4283,0.0001,1.42825,-0.2215084330052609817294557842
XRP-USD,2026-08-30T18:37:09.356979Z,1.4282,1.4283,0.0001,1.42825,-0.2215084330052609817294557842
XRP-USD,2026-08-30T18:37:09.422012Z,1.4282,1.4283,0.0001,1.42825,-0.2215084330052609817294557842
XRP-USD,2026-08-30T18:37:09.460817Z,1.4282,1.4283,0.0001,1.42825,-0.1928890222387224392754924448
XRP-USD,2026-08-30T18:37:09.561547Z,1.4282,1.4283,0.0001,1.42825,-0.2109907202900763780888629678
XRP-USD,2026-08-30T18:37:09.569995Z,1.4282,1.4283,0.0001,1.42825,-0.2109907202900763780888629678
XRP-USD,2026-08-30T18:37:09.65663Z,1.4282,1.4283,0.0001,1.42825,-0.2109907202900763780888629678
XRP-USD,2026-08-30T18:37:09.749492Z,1.4282,1.4283,0.0001,1.42825,-0.2332916815405041721690456937
XRP-USD,2026-08-30T18:37:09.81743Z,1.4282,1.4283,0.0001,1.42825,-0.2332916815405041721690456937
XRP-USD,2026-08-30T18:37:09.865561Z,1.4281,1.4282,0.0001,1.42815,-0.02470462129098058402498848643
XRP-USD,2026-08-30T18:37:09.92233Z,1.4281,1.4282,0.0001,1.42815,-0.1098984065455724769468278139
XRP-USD,2026-08-30T18:37:09.937268Z,1.4281,1.4282,0.0001,1.42815,-0.1098984065455724769468278139
XRP-USD,2026-08-30T18:37:10.056403Z,1.4281,1.4282,0.0001,1.42815,-0.1098984065455724769468278139
XRP-USD,2026-08-30T18:37:10.123508Z,1.428,1.4282,0.0002,1.4281,-0.1775052012475997809433726398
XRP-USD,2026-08-30T18:37:10.140082Z,1.428,1.4282,0.0002,1.4281,-0.07517011992373296085678717607
XRP-USD,2026-08-30T18:37:10.212665Z,1.428,1.4282,0.0002,1.4281,-0.07517011992373296085678717607
XRP-USD,2026-08-30T18:37:10.270643Z,1.428,1.4282,0.0002,1.4281,-0.07517011992373296085678717607
XRP-USD,2026-08-30T18:37:10.315179Z,1.428,1.4282,0.0002,1.4281,-0.09562932362466005983851763305
XRP-USD,2026-08-30T18:37:10.373092Z,1.428,1.4282,0.0002,1.4281,-0.09562932362466005983851763305
XRP-USD,2026-08-30T18:37:10.450955Z,1.428,1.4282,0.0002,1.4281,-0.09562932362466005983851763305
XRP-USD,2026-08-30T18:37:10.456072Z,1.428,1.4282,0.0002,1.4281,-0.09562932362466005983851763305
XRP-USD,2026-08-30T18:37:10.513969Z,1.428,1.4282,0.0002,1.4281,-0.09562932362466005983851763305
XRP-USD,2026-08-30T18:37:10.532037Z,1.428,1.4282,0.0002,1.4281,-0.08548165742893554020881119619
XRP-USD,2026-08-30T18:37:10.659402Z,1.428,1.4282,0.0002,1.4281,-0.08548165742893554020881119619
XRP-USD,2026-08-30T18:37:10.77254Z,1.428,1.4282,0.0002,1.4281,-0.07027241195265925733100693091
XRP-USD,2026-08-30T18:37:10.823986Z,1.428,1.4282,0.0002,1.4281,-0.05036810700893179736578405701
XRP-USD,2026-08-30T18:37:10.91864Z,1.428,1.4282,0.0002,1.4281,-0.05036810700893179736578405701
XRP-USD,2026-08-30T18:37:10.967344Z,1.428,1.4282,0.0002,1.4281,-0.05036810700893179736578405701
XRP-USD,2026-08-30T18:37:11.030571Z,1.428,1.4282,0.0002,1.4281,-0.05036810700893179736578405701
XRP-USD,2026-08-30T18:37:11.080279Z,1.428,1.4282,0.0002,1.4281,-0.05036810700893179736578405701
XRP-USD,2026-08-30T18:37:11.175257Z,1.428,1.4282,0.0002,1.4281,-0.05036810700893179736578405701
XRP-USD,2026-08-30T18:37:11.2991Z,1.4281,1.4282,0.0001,1.42815,0.05661717950133250757392119010
XRP-USD,2026-08-30T18:37:11.351619Z,1.4281,1.4282,0.0001,1.42815,-0.01689624290770183056630996676
XRP-USD,2026-08-30T18:37:11.41917Z,1.4281,1.4282,0.0001,1.42815,-0.02689376578580902316140475101
XRP-USD,2026-08-30T18:37:11.439616Z,1.4281,1.4282,0.0001,1.42815,0.03709560545511644448772813096
XRP-USD,2026-08-30T18:37:11.512207Z,1.4281,1.4282,0.0001,1.42815,0.04686988969865873775432358474
XRP-USD,2026-08-30T18:37:11.567478Z,1.4281,1.4282,0.0001,1.42815,0.04686988969865873775432358474
XRP-USD,2026-08-30T18:37:11.636857Z,1.4281,1.4282,0.0001,1.42815,0.04686988969865873775432358474
XRP-USD,2026-08-30T18:37:11.876403Z,1.4281,1.4282,0.0001,1.42815,0.06832135394559068302366252168
XRP-USD,2026-08-30T18:37:11.922331Z,1.4281,1.4282,0.0001,1.42815,0.06832135394559068302366252168
XRP-USD,2026-08-30T18:37:11.974311Z,1.428,1.4282,0.0002,1.4281,0.1613107187920249424193934353
XRP-USD,2026-08-30T18:37:12.018241Z,1.428,1.4282,0.0002,1.4281,0.1613107187920249424193934353
XRP-USD,2026-08-30T18:37:12.030155Z,1.428,1.4282,0.0002,1.4281,0.1613107187920249424193934353
XRP-USD,2026-08-30T18:37:12.086252Z,1.428,1.4282,0.0002,1.4281,0.1613107187920249424193934353
XRP-USD,2026-08-30T18:37:12.220906Z,1.428,1.4282,0.0002,1.4281,0.1613107187920249424193934353
XRP-USD,2026-08-30T18:37:12.227084Z,1.428,1.4282,0.0002,1.4281,0.1782458547191166942792597216
XRP-USD,2026-08-30T18:37:12.377433Z,1.428,1.4282,0.0002,1.4281,0.1782458547191166942792597216
XRP-USD,2026-08-30T18:37:12.422486Z,1.4281,1.4282,0.0001,1.42815,0.1029758757092740185293170560
XRP-USD,2026-08-30T18:37:12.480557Z,1.4281,1.4282,0.0001,1.42815,0.1029758757092740185293170560
XRP-USD,2026-08-30T18:37:12.56574Z,1.4281,1.4282,0.0001,1.42815,0.1086126575283388235501046380
XRP-USD,2026-08-30T18:37:12.622985Z,1.4281,1.4282,0.0001,1.42815,0.1086126575283388235501046380
XRP-USD,2026-08-30T18:37:12.645696Z,1.4281,1.4282,0.0001,1.42815,0.1086126575283388235501046380
XRP-USD,2026-08-30T18:37:12.744001Z,1.4281,1.4282,0.0001,1.42815,0.1086126575283388235501046380
XRP-USD,2026-08-30T18:37:12.880696Z,1.4281,1.4282,0.0001,1.42815,0.1029758757092740185293170560
XRP-USD,2026-08-30T18:37:12.892737Z,1.4281,1.4282,0.0001,1.42815,0.1225411417546626927602671945
XRP-USD,2026-08-30T18:37:12.975647Z,1.4281,1.4282,0.0001,1.42815,0.1225411417546626927602671945
XRP-USD,2026-08-30T18:37:13.019003Z,1.4281,1.4282,0.0001,1.42815,0.1225411417546626927602671945
XRP-USD,2026-08-30T18:37:13.073359Z,1.4281,1.4282,0.0001,1.42815,0.1616890292186627036122942233
XRP-USD,2026-08-30T18:37:13.104327Z,1.4281,1.4282,0.0001,1.42815,0.1168567540824423268666349721
XRP-USD,2026-08-30T18:37:13.219909Z,1.4281,1.4282,0.0001,1.42815,0.1168567540824423268666349721
XRP-USD,2026-08-30T18:37:13.265018Z,1.4281,1.4282,0.0001,1.42815,0.1168567540824423268666349721
XRP-USD,2026-08-30T18:37:13.26984Z,1.4281,1.4282,0.0001,1.42815,0.1168567540824423268666349721
XRP-USD,2026-08-30T18:37:13.375286Z,1.428,1.4282,0.0002,1.4281,0.1645281273883467570230973100
XRP-USD,2026-08-30T18:37:13.410843Z,1.428,1.4282,0.0002,1.4281,0.1645281273883467570230973100
XRP-USD,2026-08-30T18:37:13.441606Z,1.428,1.4282,0.0002,1.4281,0.1645281273883467570230973100
XRP-USD,2026-08-30T18:37:13.521231Z,1.428,1.4282,0.0002,1.4281,0.1645281273883467570230973100
XRP-USD,2026-08-30T18:37:13.641245Z,1.428,1.4282,0.0002,1.4281,0.1397920961131819145585021939
XRP-USD,2026-08-30T18:37:13.709873Z,1.428,1.4282,0.0002,1.4281,0.1397920961131819145585021939
XRP-USD,2026-08-30T18:37:13.767853Z,1.428,1.4282,0.0002,1.4281,0.1397920961131819145585021939
XRP-USD,2026-08-30T18:37:13.82328Z,1.428,1.4282,0.0002,1.4281,0.1397920961131819145585021939
XRP-USD,2026-08-30T18:37:13.880504Z,1.428,1.4282,0.0002,1.4281,0.1397920961131819145585021939
XRP-USD,2026-08-30T18:37:13.89537Z,1.428,1.4282,0.0002,1.4281,0.1397920961131819145585021939
XRP-USD,2026-08-30T18:37:14.018333Z,1.428,1.4282,0.0002,1.4281,0.1168430106930997300427187271
XRP-USD,2026-08-30T18:37:14.027778Z,1.428,1.4282,0.0002,1.4281,0.1168430106930997300427187271
XRP-USD,2026-08-30T18:37:14.105807Z,1.428,1.4282,0.0002,1.4281,0.09955167211818612321804723097
XRP-USD,2026-08-30T18:37:14.203538Z,1.428,1.4282,0.0002,1.4281,0.09856834348374393947167719637
XRP-USD,2026-08-30T18:37:14.25264Z,1.428,1.4282,0.0002,1.4281,0.09856834348374393947167719637
XRP-USD,2026-08-30T18:37:14.31602Z,1.428,1.4282,0.0002,1.4281,0.09856834348374393947167719637
XRP-USD,2026-08-30T18:37:14.334596Z,1.428,1.4282,0.0002,1.4281,0.09856834348374393947167719637
XRP-USD,2026-08-30T18:37:14.459693Z,1.428,1.4282,0.0002,1.4281,0.1167514627940831395599339737
XRP-USD,2026-08-30T18:37:14.565968Z,1.428,1.4282,0.0002,1.4281,0.09856834348374393947167719637
XRP-USD,2026-08-30T18:37:14.62655Z,1.428,1.4282,0.0002,1.4281,0.09856834348374393947167719637
XRP-USD,2026-08-30T18:37:14.63538Z,1.428,1.4282,0.0002,1.4281,0.09856834348374393947167719637
XRP-USD,2026-08-30T18:37:14.714664Z,1.428,1.4282,0.0002,1.4281,0.09856834348374393947167719637
XRP-USD,2026-08-30T18:37:14.774997Z,1.4281,1.4282,0.0001,1.42815,0.02132887507457124655765617072
XRP-USD,2026-08-30T18:37:14.79481Z,1.428,1.4282,0.0002,1.4281,0.09288187845875104039686462664
XRP-USD,2026-08-30T18:37:14.924944Z,1.428,1.4282,0.0002,1.4281,0.09288187845875104039686462664
XRP-USD,2026-08-30T18:37:14.966314Z,1.428,1.4282,0.0002,1.4281,0.09288187845875104039686462664
XRP-USD,2026-08-30T18:37:15.002987Z,1.428,1.4282,0.0002,1.4281,0.1193454663072444122500196476
XRP-USD,2026-08-30T18:37:15.030031Z,1.428,1.4282,0.0002,1.4281,0.1193454663072444122500196476
XRP-USD,2026-08-30T18:37:15.23818Z,1.428,1.4282,0.0002,1.4281,0.1298217800878624420891526736
XRP-USD,2026-08-30T18:37:15.309978Z,1.4281,1.4285,0.0004,1.4283,-0.2261054525732357933930774558
XRP-USD,2026-08-30T18:37:15.329137Z,1.4284,1.4286,0.0002,1.4285,-0.5976383300587463126180478920
XRP-USD,2026-08-30T18:37:15.38938Z,1.4284,1.4286,0.0002,1.4285,-0.5955442282389871005683364784
XRP-USD,2026-08-30T18:37:15.461799Z,1.4285,1.4286,0.0001,1.42855,-0.2809191151635602459662986363
XRP-USD,2026-08-30T18:37:15.51062Z,1.4283,1.4286,0.0003,1.42845,0.2387879565813847204106524211
XRP-USD,2026-08-30T18:37:15.564569Z,1.4284,1.4286,0.0002,1.4285,0.1341449814547197513137931402
XRP-USD,2026-08-30T18:37:15.583966Z,1.4284,1.4286,0.0002,1.4285,0.1401708404750898698169759706
XRP-USD,2026-08-30T18:37:15.617066Z,1.4284,1.4286,0.0002,1.4285,0.1541414599989497575103862417
XRP-USD,2026-08-30T18:37:15.689594Z,1.4284,1.4286,0.0002,1.4285,0.07955817576436268598899686009
XRP-USD,2026-08-30T18:37:15.726987Z,1.4284,1.4286,0.0002,1.4285,0.07955817576436268598899686009
XRP-USD,2026-08-30T18:37:15.825435Z,1.4284,1.4286,0.0002,1.4285,0.07955817576436268598899686009
XRP-USD,2026-08-30T18:37:15.85213Z,1.4284,1.4286,0.0002,1.4285,0.07955817576436268598899686009
XRP-USD,2026-08-30T18:37:15.877019Z,1.4284,1.4286,0.0002,1.4285,0.07955817576436268598899686009
XRP-USD,2026-08-30T18:37:15.8868Z,1.4284,1.4286,0.0002,1.4285,0.09884256268289675934777257387
XRP-USD,2026-08-30T18:37:15.990759Z,1.4284,1.4286,0.0002,1.4285,0.06493610318620395293469676537
XRP-USD,2026-08-30T18:37:16.045935Z,1.4282,1.4284,0.0002,1.4283,-0.1237216511624717999839897157
XRP-USD,2026-08-30T18:37:16.169689Z,1.4282,1.4284,0.0002,1.4283,-0.1519438995495243415173649482
XRP-USD,2026-08-30T18:37:16.203562Z,1.4284,1.4286,0.0002,1.4285,0.07909045356376712754339158487
XRP-USD,2026-08-30T18:37:16.274541Z,1.4285,1.4286,0.0001,1.42855,0.1708936053672879609834873719
XRP-USD,2026-08-30T18:37:16.303843Z,1.4285,1.4286,0.0001,1.42855,0.2121457905144355904877573188
XRP-USD,2026-08-30T18:37:16.330908Z,1.4285,1.4286,0.0001,1.42855,0.1792375222445471248056561278
XRP-USD,2026-08-30T18:37:16.376953Z,1.4285,1.4286,0.0001,1.42855,0.1302664655160550314106270664
XRP-USD,2026-08-30T18:37:16.444943Z,1.4284,1.4286,0.0002,1.4285,0.1807252683216544571463607415
XRP-USD,2026-08-30T18:37:16.48327Z,1.4284,1.4286,0.0002,1.4285,0.1790615631418821574447596295
XRP-USD,2026-08-30T18:37:16.615954Z,1.4284,1.4286,0.0002,1.4285,0.1790615631418821574447596295
XRP-USD,2026-08-30T18:37:16.725079Z,1.4284,1.4286,0.0002,1.4285,0.1677377609962766096165696326
XRP-USD,2026-08-30T18:37:16.751218Z,1.4284,1.4286,0.0002,1.4285,0.1705197284007759086494945476
XRP-USD,2026-08-30T18:37:16.832724Z,1.4284,1.4286,0.0002,1.4285,0.1705369241327428092463656424
XRP-USD,2026-08-30T18:37:16.869965Z,1.4284,1.4286,0.0002,1.4285,0.1705369241327428092463656424
XRP-USD,2026-08-30T18:37:16.878556Z,1.4284,1.4286,0.0002,1.4285,0.1705369241327428092463656424
XRP-USD,2026-08-30T18:37:16.974427Z,1.4284,1.4286,0.0002,1.4285,0.1248170881641081703533985990
XRP-USD,2026-08-30T18:37:17.019563Z,1.4284,1.4286,0.0002,1.4285,0.1854814255664034181693554268
XRP-USD,2026-08-30T18:37:17.111532Z,1.4284,1.4286,0.0002,1.4285,0.1398686006082632509042543425
XRP-USD,2026-08-30T18:37:17.176043Z,1.4284,1.4286,0.0002,1.4285,0.1398686006082632509042543425
XRP-USD,2026-08-30T18:37:17.252069Z,1.4284,1.4286,0.0002,1.4285,0.1398686006082632509042543425
XRP-USD,2026-08-30T18:37:17.377961Z,1.4284,1.4286,0.0002,1.4285,0.1398686006082632509042543425
XRP-USD,2026-08-30T18:37:17.417009Z,1.4284,1.4286,0.0002,1.4285,0.1273609589088460454515333996
XRP-USD,2026-08-30T18:37:17.517141Z,1.4284,1.4286,0.0002,1.4285,0.1273609589088460454515333996
XRP-USD,2026-08-30T18:37:17.674212Z,1.4284,1.4286,0.0002,1.4285,0.1273609589088460454515333996
XRP-USD,2026-08-30T18:37:17.702387Z,1.4284,1.4286,0.0002,1.4285,0.1273609589088460454515333996
XRP-USD,2026-08-30T18:37:17.740542Z,1.4284,1.4286,0.0002,1.4285,0.1270332359929727835883640882
XRP-USD,2026-08-30T18:37:17.786216Z,1.4284,1.4286,0.0002,1.4285,0.1212597803339978071053340600
XRP-USD,2026-08-30T18:37:17.851048Z,1.4284,1.4286,0.0002,1.4285,0.08923816483148327458422571885
XRP-USD,2026-08-30T18:37:17.919565Z,1.4284,1.4286,0.0002,1.4285,0.08923816483148327458422571885
XRP-USD,2026-08-30T18:37:17.97272Z,1.4284,1.4286,0.0002,1.4285,0.08923816483148327458422571885
XRP-USD,2026-08-30T18:37:18.016648Z,1.4284,1.4286,0.0002,1.4285,0.2548256016456514053554778187
XRP-USD,2026-08-30T18:37:18.031664Z,1.4284,1.4286,0.0002,1.4285,0.2548256016456514053554778187
XRP-USD,2026-08-30T18:37:18.084497Z,1.4284,1.4286,0.0002,1.4285,0.1556535012711223320449469824
XRP-USD,2026-08-30T18:37:18.154173Z,1.4284,1.4286,0.0002,1.4285,0.1092575090118811767210897019
XRP-USD,2026-08-30T18:37:18.306259Z,1.4284,1.4286,0.0002,1.4285,0.09251893656657865529020817160
XRP-USD,2026-08-30T18:37:18.357997Z,1.4284,1.4286,0.0002,1.4285,0.02590111057965264476960729079
XRP-USD,2026-08-30T18:37:18.420983Z,1.4284,1.4286,0.0002,1.4285,-0.1033471747859308794009690282
XRP-USD,2026-08-30T18:37:18.429105Z,1.4284,1.4286,0.0002,1.4285,-0.06701986553989266894330736104
XRP-USD,2026-08-30T18:37:19.019209Z,1.4284,1.4285,0.0001,1.42845,0.1753898744891474163766582857
XRP-USD,2026-08-30T18:37:19.098786Z,1.4284,1.4285,0.0001,1.42845,0.3269405864083918307983984321
XRP-USD,2026-08-30T18:37:19.138067Z,1.4284,1.4285,0.0001,1.42845,0.2292058191718229741967871232
XRP-USD,2026-08-30T18:37:19.21105Z,1.4284,1.4285,0.0001,1.42845,0.1514114469115806162686344298
XRP-USD,2026-08-30T18:37:19.281993Z,1.4284,1.4285,0.0001,1.42845,0.1514114469115806162686344298
XRP-USD,2026-08-30T18:37:19.362162Z,1.4284,1.4285,0.0001,1.42845,0.1514114469115806162686344298
XRP-USD,2026-08-30T18:37:19.390066Z,1.4284,1.4285,0.0001,1.42845,0.1514114469115806162686344298
XRP-USD,2026-08-30T18:37:19.51301Z,1.4284,1.4285,0.0001,1.42845,0.1514114469115806162686344298
XRP-USD,2026-08-30T18:37:19.671842Z,1.4284,1.4285,0.0001,1.42845,0.1514114469115806162686344298
XRP-USD,2026-08-30T18:37:19.684306Z,1.4284,1.4285,0.0001,1.42845,0.1514114469115806162686344298
XRP-USD,2026-08-30T18:37:19.758174Z,1.4284,1.4285,0.0001,1.42845,0.1514114469115806162686344298
XRP-USD,2026-08-30T18:37:19.798334Z,1.4284,1.4285,0.0001,1.42845,0.1514114472484295269230033504
XRP-USD,2026-08-30T18:37:19.870843Z,1.4284,1.4285,0.0001,1.42845,0.1514114472484295269230033504
XRP-USD,2026-08-30T18:37:19.923286Z,1.4284,1.4286,0.0002,1.4285,0.1818428119820877705606073512
XRP-USD,2026-08-30T18:37:19.957138Z,1.4284,1.4286,0.0002,1.4285,0.1479357437560593282314120448
XRP-USD,2026-08-30T18:37:20.018326Z,1.4284,1.4286,0.0002,1.4285,0.3912724009079439809679149652
XRP-USD,2026-08-30T18:37:20.065121Z,1.4284,1.4286,0.0002,1.4285,0.2390973702504697632835303105
XRP-USD,2026-08-30T18:37:20.126645Z,1.4284,1.4286,0.0002,1.4285,0.2048527521446574366592670388
XRP-USD,2026-08-30T18:37:20.131671Z,1.4284,1.4286,0.0002,1.4285,0.2048527521446574366592670388
XRP-USD,2026-08-30T18:37:20.205796Z,1.4284,1.4286,0.0002,1.4285,0.09364260760912868061424007025
XRP-USD,2026-08-30T18:37:20.266241Z,1.4284,1.4286,0.0002,1.4285,0.02627527324724207776368021228
XRP-USD,2026-08-30T18:37:20.314193Z,1.4284,1.4286,0.0002,1.4285,0.02627527324724207776368021228
XRP-USD,2026-08-30T18:37:20.367535Z,1.4284,1.4286,0.0002,1.4285,0.02627527324724207776368021228
XRP-USD,2026-08-30T18:37:20.394751Z,1.4284,1.4286,0.0002,1.4285,0.02627527324724207776368021228
XRP-USD,2026-08-30T18:37:20.476703Z,1.4284,1.4286,0.0002,1.4285,0.1358390269089739207041595801
XRP-USD,2026-08-30T18:37:20.506108Z,1.4284,1.4286,0.0002,1.4285,0.02627527324724207776368021228
XRP-USD,2026-08-30T18:37:20.574287Z,1.4284,1.4286,0.0002,1.4285,-0.04640355135526695412373339750
XRP-USD,2026-08-30T18:37:20.580796Z,1.4284,1.4286,0.0002,1.4285,0.0007967695946493933585323367006
XRP-USD,2026-08-30T18:37:20.631003Z,1.4284,1.4286,0.0002,1.4285,0.0007967695946493933585323367006
XRP-USD,2026-08-30T18:37:20.70961Z,1.4284,1.4286,0.0002,1.4285,0.0007967695946493933585323367006
XRP-USD,2026-08-30T18:37:20.812502Z,1.4284,1.4286,0.0002,1.4285,0.0007967695946493933585323367006
XRP-USD,2026-08-30T18:37:20.861823Z,1.4284,1.4286,0.0002,1.4285,-0.01359954527027062150044203382
XRP-USD,2026-08-30T18:37:20.93097Z,1.4282,1.4284,0.0002,1.4283,0.3368273646607274459117110899
XRP-USD,2026-08-30T18:37:20.960678Z,1.4282,1.4284,0.0002,1.4283,0.3368273646607274459117110899
XRP-USD,2026-08-30T18:37:21.019771Z,1.4282,1.4284,0.0002,1.4283,0.3392443540104430105656021656
XRP-USD,2026-08-30T18:37:21.041919Z,1.4282,1.4284,0.0002,1.4283,0.4449260625082044442748486649
XRP-USD,2026-08-30T18:37:21.13127Z,1.4282,1.4284,0.0002,1.4283,0.4521769778346545571483771997
XRP-USD,2026-08-30T18:37:21.173486Z,1.4282,1.4284,0.0002,1.4283,0.4521769778346545571483771997
XRP-USD,2026-08-30T18:37:21.218956Z,1.4282,1.4284,0.0002,1.4283,0.4150629553191605445330606156
XRP-USD,2026-08-30T18:37:21.258757Z,1.4282,1.4284,0.0002,1.4283,0.3710821770821645849751481408
XRP-USD,2026-08-30T18:37:21.305093Z,1.4282,1.4284,0.0002,1.4283,0.2955551877100197521269694349
XRP-USD,2026-08-30T18:37:21.368122Z,1.4282,1.4284,0.0002,1.4283,0.2955551877100197521269694349
XRP-USD,2026-08-30T18:37:21.38905Z,1.4282,1.4284,0.0002,1.4283,0.2955551877100197521269694349
XRP-USD,2026-08-30T18:37:21.432176Z,1.4282,1.4284,0.0002,1.4283,0.2955551877100197521269694349
XRP-USD,2026-08-30T18:37:21.461555Z,1.4282,1.4284,0.0002,1.4283,0.2811610218284237039371475677
XRP-USD,2026-08-30T18:37:21.569669Z,1.4282,1.4284,0.0002,1.4283,0.2811610218284237039371475677
XRP-USD,2026-08-30T18:37:21.81543Z,1.4282,1.4284,0.0002,1.4283,0.2811610218284237039371475677
XRP-USD,2026-08-30T18:37:21.929101Z,1.4282,1.4284,0.0002,1.4283,0.2695517439972993531124876239
XRP-USD,2026-08-30T18:37:21.948023Z,1.4282,1.4284,0.0002,1.4283,0.2695517439972993531124876239
XRP-USD,2026-08-30T18:37:22.018052Z,1.4282,1.4284,0.0002,1.4283,0.2695517439972993531124876239
XRP-USD,2026-08-30T18:37:22.029695Z,1.4282,1.4284,0.0002,1.4283,0.3872827917757173076915109793
XRP-USD,2026-08-30T18:37:22.147717Z,1.4282,1.4284,0.0002,1.4283,0.3872827917757173076915109793
XRP-USD,2026-08-30T18:37:22.210544Z,1.4282,1.4284,0.0002,1.4283,0.3907846909310263878590029642
XRP-USD,2026-08-30T18:37:22.264249Z,1.4282,1.4284,0.0002,1.4283,0.4030007517733299108232879389
XRP-USD,2026-08-30T18:37:22.306295Z,1.4282,1.4284,0.0002,1.4283,0.3475762356944565028740280216
XRP-USD,2026-08-30T18:37:22.354067Z,1.4282,1.4284,0.0002,1.4283,0.2733727437464259148060127005
XRP-USD,2026-08-30T18:37:22.388053Z,1.4282,1.4284,0.0002,1.4283,0.2733727437464259148060127005
XRP-USD,2026-08-30T18:37:22.460012Z,1.4282,1.4284,0.0002,1.4283,0.2733727437464259148060127005
XRP-USD,2026-08-30T18:37:22.511856Z,1.4282,1.4284,0.0002,1.4283,0.2733727437464259148060127005
XRP-USD,2026-08-30T18:37:22.573317Z,1.4282,1.4284,0.0002,1.4283,0.2733727437464259148060127005
XRP-USD,2026-08-30T18:37:22.581452Z,1.4282,1.4284,0.0002,1.4283,0.2799206543445674094124126933
XRP-USD,2026-08-30T18:37:22.752088Z,1.4282,1.4284,0.0002,1.4283,0.2799206543445674094124126933
XRP-USD,2026-08-30T18:37:22.78945Z,1.4282,1.4284,0.0002,1.4283,0.2799206543445674094124126933
XRP-USD,2026-08-30T18:37:22.856503Z,1.4282,1.4284,0.0002,1.4283,0.2799206543445674094124126933
XRP-USD,2026-08-30T18:37:22.925525Z,1.4282,1.4284,0.0002,1.4283,0.2799206543445674094124126933
XRP-USD,2026-08-30T18:37:22.967016Z,1.4282,1.4284,0.0002,1.4283,0.2641513901520066845112706320
XRP-USD,2026-08-30T18:37:23.026889Z,1.4282,1.4284,0.0002,1.4283,0.3823306054215180394178756608
XRP-USD,2026-08-30T18:37:23.078317Z,1.4282,1.4284,0.0002,1.4283,0.3823306054215180394178756608
XRP-USD,2026-08-30T18:37:23.162043Z,1.4282,1.4284,0.0002,1.4283,0.3827278326650760745293864216
XRP-USD,2026-08-30T18:37:23.304627Z,1.4282,1.4284,0.0002,1.4283,0.3827278326650760745293864216
XRP-USD,2026-08-30T18:37:23.373106Z,1.4282,1.4284,0.0002,1.4283,0.3391797575276637385484325319
XRP-USD,2026-08-30T18:37:23.40064Z,1.4282,1.4284,0.0002,1.4283,0.2644823068441548093667169077
XRP-USD,2026-08-30T18:37:23.443849Z,1.4282,1.4284,0.0002,1.4283,0.2644823068441548093667169077
XRP-USD,2026-08-30T18:37:23.597602Z,1.4282,1.4284,0.0002,1.4283,0.2644823068441548093667169077
XRP-USD,2026-08-30T18:37:23.815643Z,1.4282,1.4284,0.0002,1.4283,0.2605628042295976873021314974
XRP-USD,2026-08-30T18:37:23.840403Z,1.4282,1.4284,0.0002,1.4283,0.2605628042295976873021314974
XRP-USD,2026-08-30T18:37:23.893865Z,1.4282,1.4284,0.0002,1.4283,0.2463089037781567171022686930
XRP-USD,2026-08-30T18:37:23.977093Z,1.4282,1.4284,0.0002,1.4283,0.2463089037781567171022686930
XRP-USD,2026-08-30T18:37:24.122542Z,1.4282,1.4284,0.0002,1.4283,0.3620857863123513245188754976
XRP-USD,2026-08-30T18:37:24.12725Z,1.4282,1.4284,0.0002,1.4283,0.3620857863123513245188754976
XRP-USD,2026-08-30T18:37:24.224952Z,1.4282,1.4284,0.0002,1.4283,0.3620857863123513245188754976
XRP-USD,2026-08-30T18:37:24.277249Z,1.4282,1.4284,0.0002,1.4283,0.3657379190620163844431809154
XRP-USD,2026-08-30T18:37:24.345306Z,1.4282,1.4284,0.0002,1.4283,0.3657379190620163844431809154
XRP-USD,2026-08-30T18:37:24.624045Z,1.4282,1.4284,0.0002,1.4283,0.2402430146303614990888838790
XRP-USD,2026-08-30T18:37:25.02087Z,1.4282,1.4284,0.0002,1.4283,0.2402430146303614990888838790
XRP-USD,2026-08-30T18:37:25.028966Z,1.4282,1.4284,0.0002,1.4283,0.3564716817666436434544386925
XRP-USD,2026-08-30T18:37:25.1731Z,1.4282,1.4284,0.0002,1.4283,0.3564716817666436434544386925
XRP-USD,2026-08-30T18:37:25.189542Z,1.4282,1.4284,0.0002,1.4283,0.3564716817666436434544386925
XRP-USD,2026-08-30T18:37:25.264194Z,1.4285,1.4287,0.0002,1.4286,-0.006059274467512415211290023770
XRP-USD,2026-08-30T18:37:25.314233Z,1.4284,1.4286,0.0002,1.4285,0.2779133227837360882695928069
XRP-USD,2026-08-30T18:37:25.366291Z,1.4285,1.4287,0.0002,1.4286,0.04839275175957656220999716422
XRP-USD,2026-08-30T18:37:25.413826Z,1.4285,1.4287,0.0002,1.4286,-0.02962226085084744650352570956
XRP-USD,2026-08-30T18:37:25.516507Z,1.4286,1.4288,0.0002,1.4287,-0.04403337918659267628057793912
XRP-USD,2026-08-30T18:37:25.567282Z,1.4287,1.4288,0.0001,1.42875,0.1745535932920034769139933266
XRP-USD,2026-08-30T18:37:25.616263Z,1.4287,1.4288,0.0001,1.42875,0.1172224216394882849338646440
XRP-USD,2026-08-30T18:37:25.661844Z,1.4287,1.4288,0.0001,1.42875,0.6574760590403848900546344150
XRP-USD,2026-08-30T18:37:25.717539Z,1.4287,1.4288,0.0001,1.42875,0.6402765241048297450566445582
XRP-USD,2026-08-30T18:37:25.759175Z,1.4287,1.4288,0.0001,1.42875,0.6402765241048297450566445582
XRP-USD,2026-08-30T18:37:25.821948Z,1.4287,1.4288,0.0001,1.42875,0.6437741715391903044431430690
XRP-USD,2026-08-30T18:37:25.86692Z,1.4287,1.4288,0.0001,1.42875,0.6309247007897609927274533063
XRP-USD,2026-08-30T18:37:25.915495Z,1.4289,1.429,0.0001,1.42895,0.2655090321915796978101918924
XRP-USD,2026-08-30T18:37:25.958571Z,1.4289,1.429,0.0001,1.42895,0.2905109997046819360993247607
XRP-USD,2026-08-30T18:37:26.00399Z,1.4289,1.429,0.0001,1.42895,0.3884444133135234204323112909
XRP-USD,2026-08-30T18:37:26.064273Z,1.4289,1.429,0.0001,1.42895,0.2346325794113799479897968834
XRP-USD,2026-08-30T18:37:26.098867Z,1.4289,1.429,0.0001,1.42895,0.5385627241177839035741654711
XRP-USD,2026-08-30T18:37:26.159714Z,1.4291,1.4292,0.0001,1.42915,0.7720250111608253376888766853
XRP-USD,2026-08-30T18:37:26.215744Z,1.4291,1.4292,0.0001,1.42915,0.7871719080014820983996638008
XRP-USD,2026-08-30T18:37:26.263086Z,1.4291,1.4292,0.0001,1.42915,0.7789353097915089048933665843
XRP-USD,2026-08-30T18:37:26.267031Z,1.4291,1.4292,0.0001,1.42915,0.7789353097915089048933665843
XRP-USD,2026-08-30T18:37:26.35214Z,1.4291,1.4292,0.0001,1.42915,0.5450373281172174371664703929
XRP-USD,2026-08-30T18:37:26.406617Z,1.4291,1.4292,0.0001,1.42915,0.5429892960060281260167534877
XRP-USD,2026-08-30T18:37:26.457688Z,1.4291,1.4292,0.0001,1.42915,0.8291575224395688799226811877
XRP-USD,2026-08-30T18:37:26.536945Z,1.4291,1.4292,0.0001,1.42915,0.8219215275502309816588418544
XRP-USD,2026-08-30T18:37:26.566705Z,1.4291,1.4292,0.0001,1.42915,0.8147257979180315777459370313
XRP-USD,2026-08-30T18:37:27.447191Z,1.4296,1.4298,0.0002,1.4297,0.5386020402293484989397512534
XRP-USD,2026-08-30T18:37:27.511413Z,1.4296,1.4298,0.0002,1.4297,0.6908421232565276126045511826
XRP-USD,2026-08-30T18:37:27.658091Z,1.4296,1.4298,0.0002,1.4297,0.6475824351380581927859233093
XRP-USD,2026-08-30T18:37:27.718625Z,1.4297,1.4298,0.0001,1.42975,0.5703699874374620882813417083
XRP-USD,2026-08-30T18:37:27.743951Z,1.4297,1.4298,0.0001,1.42975,0.6752049238573537711604686412
XRP-USD,2026-08-30T18:37:27.814077Z,1.4297,1.4298,0.0001,1.42975,0.6488866957903449074010053406
XRP-USD,2026-08-30T18:37:27.850714Z,1.4297,1.4298,0.0001,1.42975,0.5963332139805115036070210949
XRP-USD,2026-08-30T18:37:27.915681Z,1.4297,1.4298,0.0001,1.42975,0.5963332139805115036070210949
XRP-USD,2026-08-30T18:37:27.964501Z,1.4297,1.4298,0.0001,1.42975,0.6865142593061951842154151171
XRP-USD,2026-08-30T18:37:28.017264Z,1.4297,1.4298,0.0001,1.42975,0.6865142593061951842154151171
XRP-USD,2026-08-30T18:37:28.026858Z,1.4297,1.4298,0.0001,1.42975,0.5205266200021947583441664612
XRP-USD,2026-08-30T18:37:28.113382Z,1.4297,1.4298,0.0001,1.42975,0.5205266200021947583441664612
XRP-USD,2026-08-30T18:37:28.165585Z,1.4297,1.4298,0.0001,1.42975,0.5205266200021947583441664612
XRP-USD,2026-08-30T18:37:28.272441Z,1.4297,1.4298,0.0001,1.42975,0.5205266200021947583441664612
XRP-USD,2026-08-30T18:37:28.377385Z,1.4297,1.4299,0.0002,1.4298,0.3477676733791394742928336653
XRP-USD,2026-08-30T18:37:28.423612Z,1.4297,1.4299,0.0002,1.4298,0.3148950656062004437037591106
XRP-USD,2026-08-30T18:37:28.473374Z,1.4298,1.4299,0.0001,1.42985,0.1910113559303164334399823066
XRP-USD,2026-08-30T18:37:28.505049Z,1.4297,1.4299,0.0002,1.4298,0.4102589708283475132150251565
XRP-USD,2026-08-30T18:37:28.566789Z,1.4298,1.4299,0.0001,1.42985,0.2371860401831373285262753698
XRP-USD,2026-08-30T18:37:28.616602Z,1.4298,1.4299,0.0001,1.42985,0.3228884528300621381276217897
XRP-USD,2026-08-30T18:37:28.665126Z,1.4297,1.4299,0.0002,1.4298,0.4519422516947041114299677975
XRP-USD,2026-08-30T18:37:28.722941Z,1.4297,1.4299,0.0002,1.4298,0.3930438734724296765430627874
XRP-USD,2026-08-30T18:37:28.755008Z,1.4297,1.4299,0.0002,1.4298,0.5103700052411837220551311573
XRP-USD,2026-08-30T18:37:28.828732Z,1.4297,1.4299,0.0002,1.4298,0.4823596941119130731198545250
XRP-USD,2026-08-30T18:37:28.884846Z,1.4297,1.4299,0.0002,1.4298,0.4823596941119130731198545250
XRP-USD,2026-08-30T18:37:28.950917Z,1.4297,1.4299,0.0002,1.4298,0.4823596941119130731198545250
XRP-USD,2026-08-30T18:37:29.057773Z,1.4297,1.4299,0.0002,1.4298,0.6780263853737217167305339351
XRP-USD,2026-08-30T18:37:29.10725Z,1.4297,1.4299,0.0002,1.4298,0.6780263853737217167305339351
XRP-USD,2026-08-30T18:37:29.162883Z,1.4297,1.4298,0.0001,1.42975,0.6857426501733184423651890937
XRP-USD,2026-08-30T18:37:29.216963Z,1.4297,1.4298,0.0001,1.42975,0.7137744109707436376169728048
XRP-USD,2026-08-30T18:37:29.26043Z,1.4297,1.4298,0.0001,1.42975,0.5457190668631515960259667442
XRP-USD,2026-08-30T18:37:29.28481Z,1.4297,1.4298,0.0001,1.42975,0.5457190668631515960259667442
XRP-USD,2026-08-30T18:37:29.364495Z,1.4294,1.4296,0.0002,1.4295,0.4767062275437666458433397211
XRP-USD,2026-08-30T18:37:29.385992Z,1.4294,1.4296,0.0002,1.4295,0.5436824650237939676273389163
XRP-USD,2026-08-30T18:37:29.454871Z,1.4295,1.4297,0.0002,1.4296,0.4868408885236852910281347974
XRP-USD,2026-08-30T18:37:29.508026Z,1.4295,1.4297,0.0002,1.4296,0.4868408885236852910281347974
XRP-USD,2026-08-30T18:37:29.597523Z,1.4295,1.4297,0.0002,1.4296,0.4809776192749961293188577405
XRP-USD,2026-08-30T18:37:29.655998Z,1.4295,1.4297,0.0002,1.4296,0.4813223809852595610281833986
XRP-USD,2026-08-30T18:37:29.713116Z,1.4295,1.4297,0.0002,1.4296,0.4809776192749961293188577405
XRP-USD,2026-08-30T18:37:29.77984Z,1.4295,1.4297,0.0002,1.4296,0.4809776192749961293188577405
XRP-USD,2026-08-30T18:37:29.822505Z,1.4295,1.4297,0.0002,1.4296,0.4399275037252758244778826369
XRP-USD,2026-08-30T18:37:29.854003Z,1.4295,1.4297,0.0002,1.4296,0.4399288990014929963805912534
XRP-USD,2026-08-30T18:37:29.920586Z,1.4295,1.4297,0.0002,1.4296,0.5545899160984022216144535554
XRP-USD,2026-08-30T18:37:29.946225Z,1.4295,1.4297,0.0002,1.4296,0.6102978164233527262966258013
XRP-USD,2026-08-30T18:37:30.015757Z,1.4295,1.4297,0.0002,1.4296,0.6102978167419258444214188369
XRP-USD,2026-08-30T18:37:30.168473Z,1.4295,1.4297,0.0002,1.4296,0.4173372616066744028355254204
XRP-USD,2026-08-30T18:37:30.177687Z,1.4295,1.4297,0.0002,1.4296,0.4173372616066744028355254204
XRP-USD,2026-08-30T18:37:30.234546Z,1.4295,1.4297,0.0002,1.4296,0.4173372616066744028355254204
XRP-USD,2026-08-30T18:37:30.307515Z,1.4295,1.4297,0.0002,1.4296,0.4173372616066744028355254204
XRP-USD,2026-08-30T18:37:30.355226Z,1.4295,1.4297,0.0002,1.4296,0.4173372616066744028355254204
XRP-USD,2026-08-30T18:37:30.426134Z,1.4295,1.4297,0.0002,1.4296,0.3906891289427265548160548410
XRP-USD,2026-08-30T18:37:30.457667Z,1.4295,1.4297,0.0002,1.4296,0.3906891289427265548160548410
XRP-USD,2026-08-30T18:37:30.518002Z,1.4296,1.4298,0.0002,1.4297,0.3244613688172132486084373750
XRP-USD,2026-08-30T18:37:30.572068Z,1.4296,1.4298,0.0002,1.4297,0.3682971155711795449093734778
XRP-USD,2026-08-30T18:37:30.612721Z,1.4296,1.4298,0.0002,1.4297,0.3682971155711795449093734778
XRP-USD,2026-08-30T18:37:30.662786Z,1.4296,1.4298,0.0002,1.4297,0.3036910296398106479669611725
XRP-USD,2026-08-30T18:37:30.68874Z,1.4296,1.4298,0.0002,1.4297,0.3036910296398106479669611725
XRP-USD,2026-08-30T18:37:30.758017Z,1.4296,1.4298,0.0002,1.4297,0.3041037267649630982838313935
XRP-USD,2026-08-30T18:37:30.807262Z,1.4296,1.4298,0.0002,1.4297,0.3035993706961908465678757771
XRP-USD,2026-08-30T18:37:30.874289Z,1.4296,1.4298,0.0002,1.4297,0.3035993706961908465678757771
XRP-USD,2026-08-30T18:37:30.924846Z,1.4298,1.4299,0.0001,1.42985,-0.1734748347927932450718188585
XRP-USD,2026-08-30T18:37:30.963237Z,1.4298,1.4299,0.0001,1.42985,-0.03501206667845334048413002842
XRP-USD,2026-08-30T18:37:30.996104Z,1.4298,1.4299,0.0001,1.42985,0.09702368732880237755422562580
XRP-USD,2026-08-30T18:37:31.062952Z,1.4298,1.4299,0.0001,1.42985,-0.06361832435627139237389957545
XRP-USD,2026-08-30T18:37:31.110808Z,1.4298,1.4299,0.0001,1.42985,-0.07936118773848621375314404697
XRP-USD,2026-08-30T18:37:31.168266Z,1.4298,1.4299,0.0001,1.42985,-0.07479416866955915273672804094
XRP-USD,2026-08-30T18:37:31.217872Z,1.4298,1.4299,0.0001,1.42985,0.03235772536494469449944609269
XRP-USD,2026-08-30T18:37:31.299094Z,1.4298,1.4299,0.0001,1.42985,0.03235772536494469449944609269
XRP-USD,2026-08-30T18:37:31.361462Z,1.4298,1.4299,0.0001,1.42985,0.01786692227299944437557088622
XRP-USD,2026-08-30T18:37:31.470357Z,1.4298,1.4299,0.0001,1.42985,0.01262935596073969075071136371
XRP-USD,2026-08-30T18:37:31.506192Z,1.4298,1.4299,0.0001,1.42985,0.01262935596073969075071136371
XRP-USD,2026-08-30T18:37:31.549176Z,1.4298,1.4299,0.0001,1.42985,0.03069295131856800707623044684
XRP-USD,2026-08-30T18:37:31.615508Z,1.4298,1.4299,0.0001,1.42985,0.03069295131856800707623044684
XRP-USD,2026-08-30T18:37:31.6578Z,1.4298,1.4299,0.0001,1.42985,0.05191053513324073578945162967
XRP-USD,2026-08-30T18:37:31.692023Z,1.4298,1.4299,0.0001,1.42985,-0.0004243477148403834021557913964
XRP-USD,2026-08-30T18:37:31.761528Z,1.4298,1.4299,0.0001,1.42985,0.004678714819254662962334386028
XRP-USD,2026-08-30T18:37:31.825695Z,1.4298,1.4299,0.0001,1.42985,0.09344381037836776183380408179
XRP-USD,2026-08-30T18:37:31.875308Z,1.4298,1.4299,0.0001,1.42985,0.7010359019186277348701061258
XRP-USD,2026-08-30T18:37:31.899177Z,1.4298,1.4299,0.0001,1.42985,0.7049009978169916445874459285
XRP-USD,2026-08-30T18:37:31.970297Z,1.4298,1.4299,0.0001,1.42985,0.8000131732107485029009715556
XRP-USD,2026-08-30T18:37:31.989957Z,1.4298,1.4299,0.0001,1.42985,0.8000131732107485029009715556
XRP-USD,2026-08-30T18:37:32.069363Z,1.4298,1.4299,0.0001,1.42985,0.7948798092412286991365852043
XRP-USD,2026-08-30T18:37:32.169329Z,1.4298,1.4299,0.0001,1.42985,0.4182838795733103833378367825
XRP-USD,2026-08-30T18:37:32.206369Z,1.4298,1.4299,0.0001,1.42985,0.4182838795733103833378367825
XRP-USD,2026-08-30T18:37:32.268704Z,1.4298,1.4299,0.0001,1.42985,0.6933571063024358480708820679
XRP-USD,2026-08-30T18:37:32.299886Z,1.4298,1.4299,0.0001,1.42985,0.6988294539947585943085118047
XRP-USD,2026-08-30T18:37:32.372644Z,1.4298,1.4299,0.0001,1.42985,0.6918912694167084864124727409
XRP-USD,2026-08-30T18:37:32.429106Z,1.4298,1.4299,0.0001,1.42985,0.3543268095628938582494766713
XRP-USD,2026-08-30T18:37:32.441263Z,1.4298,1.4299,0.0001,1.42985,0.6522272982299568798818069774
XRP-USD,2026-08-30T18:37:32.521769Z,1.4298,1.4299,0.0001,1.42985,0.3484282238792755878593292330
XRP-USD,2026-08-30T18:37:32.531048Z,1.4298,1.4299,0.0001,1.42985,0.3484282238792755878593292330
XRP-USD,2026-08-30T18:37:32.561059Z,1.4297,1.4299,0.0002,1.4298,0.4717702476736785425455290194
XRP-USD,2026-08-30T18:37:32.672566Z,1.4297,1.4299,0.0002,1.4298,0.4717702476736785425455290194
XRP-USD,2026-08-30T18:37:32.684198Z,1.4297,1.4299,0.0002,1.4298,0.4717702476736785425455290194
XRP-USD,2026-08-30T18:37:32.797218Z,1.4297,1.4299,0.0002,1.4298,0.3948517082534286169751011437
XRP-USD,2026-08-30T18:37:32.842668Z,1.4298,1.4299,0.0001,1.42985,0.2917503961697365398756996766
XRP-USD,2026-08-30T18:37:32.883533Z,1.4298,1.4299,0.0001,1.42985,0.2917503961697365398756996766
XRP-USD,2026-08-30T18:37:32.976827Z,1.4298,1.4299,0.0001,1.42985,0.6015063991540605175085588836
XRP-USD,2026-08-30T18:37:33.006274Z,1.4298,1.4299,0.0001,1.42985,0.6018878370047073056928997035
XRP-USD,2026-08-30T18:37:33.031843Z,1.4298,1.4299,0.0001,1.42985,0.6032643003821956786774837164
XRP-USD,2026-08-30T18:37:33.106426Z,1.4298,1.4299,0.0001,1.42985,0.6018878370047073056928997035
XRP-USD,2026-08-30T18:37:33.178985Z,1.4298,1.4299,0.0001,1.42985,0.3122818488723550778284624096
XRP-USD,2026-08-30T18:37:33.214517Z,1.4298,1.4299,0.0001,1.42985,0.3067452300315099338316959547
XRP-USD,2026-08-30T18:37:33.276571Z,1.4298,1.4299,0.0001,1.42985,0.3067452300315099338316959547
XRP-USD,2026-08-30T18:37:33.312636Z,1.4298,1.4299,0.0001,1.42985,0.1936390257435419597413443729
XRP-USD,2026-08-30T18:37:33.334519Z,1.4298,1.4299,0.0001,1.42985,0.1936390257435419597413443729
XRP-USD,2026-08-30T18:37:33.426226Z,1.4298,1.4299,0.0001,1.42985,0.5357881161406652726603094182
XRP-USD,2026-08-30T18:37:33.441059Z,1.4298,1.4299,0.0001,1.42985,0.5357881161406652726603094182
XRP-USD,2026-08-30T18:37:33.573889Z,1.4298,1.4299,0.0001,1.42985,0.5357881161406652726603094182
XRP-USD,2026-08-30T18:37:33.597777Z,1.4298,1.4299,0.0001,1.42985,0.1936390257435419597413443729
XRP-USD,2026-08-30T18:37:33.638779Z,1.4298,1.4299,0.0001,1.42985,0.2372793549989702676830535760
XRP-USD,2026-08-30T18:37:33.773166Z,1.4298,1.4299,0.0001,1.42985,0.1679694215403635118635852469
XRP-USD,2026-08-30T18:37:33.813263Z,1.4298,1.4299,0.0001,1.42985,0.1998886906773866048652432087
XRP-USD,2026-08-30T18:37:33.877772Z,1.4298,1.4299,0.0001,1.42985,0.5378661892466869601824960883
XRP-USD,2026-08-30T18:37:33.918815Z,1.4298,1.4299,0.0001,1.42985,0.5378661892466869601824960883
XRP-USD,2026-08-30T18:37:33.970999Z,1.4298,1.4299,0.0001,1.42985,0.6000387188183484058661356088
XRP-USD,2026-08-30T18:37:34.022367Z,1.4298,1.4299,0.0001,1.42985,0.6000387188183484058661356088
XRP-USD,2026-08-30T18:37:34.034493Z,1.4298,1.4299,0.0001,1.42985,0.6871310216408372921829858513
XRP-USD,2026-08-30T18:37:34.123683Z,1.4298,1.4299,0.0001,1.42985,0.7231443107616625563405061151
XRP-USD,2026-08-30T18:37:34.171981Z,1.4298,1.4299,0.0001,1.42985,0.2858839606076786489618030670
XRP-USD,2026-08-30T18:37:34.192453Z,1.4298,1.4299,0.0001,1.42985,0.2858839606076786489618030670
XRP-USD,2026-08-30T18:37:34.291317Z,1.4298,1.4299,0.0001,1.42985,0.2858839606076786489618030670
XRP-USD,2026-08-30T18:37:34.419324Z,1.4298,1.4299,0.0001,1.42985,0.1594757323859206378221976625
XRP-USD,2026-08-30T18:37:34.477693Z,1.4298,1.4299,0.0001,1.42985,0.1678256234544629039795843754
XRP-USD,2026-08-30T18:37:34.520432Z,1.4296,1.4298,0.0002,1.4297,0.3112240493296628630016323882
XRP-USD,2026-08-30T18:37:34.575788Z,1.4296,1.4298,0.0002,1.4297,0.2613842054508213284583262392
XRP-USD,2026-08-30T18:37:34.616381Z,1.4297,1.4298,0.0001,1.42975,0.1669236040317347428759398804
XRP-USD,2026-08-30T18:37:34.655529Z,1.4297,1.4298,0.0001,1.42975,0.2562833476559062735796997434
XRP-USD,2026-08-30T18:37:34.715489Z,1.4297,1.4298,0.0001,1.42975,0.1628492077593266148500198121
XRP-USD,2026-08-30T18:37:34.762192Z,1.4297,1.4298,0.0001,1.42975,0.1840639781706420154803781043
XRP-USD,2026-08-30T18:37:34.829766Z,1.4296,1.4298,0.0002,1.4297,0.3021505074869279051931218463
XRP-USD,2026-08-30T18:37:34.850525Z,1.4296,1.4298,0.0002,1.4297,0.3021505074869279051931218463
XRP-USD,2026-08-30T18:37:34.91104Z,1.4296,1.4298,0.0002,1.4297,0.3021505074869279051931218463
XRP-USD,2026-08-30T18:37:34.998072Z,1.4296,1.4298,0.0002,1.4297,0.3021505074869279051931218463
XRP-USD,2026-08-30T18:37:35.070809Z,1.4296,1.4298,0.0002,1.4297,0.2987708850827408619404874048
XRP-USD,2026-08-30T18:37:35.115753Z,1.4295,1.4298,0.0003,1.42965,0.5006984944836770377970652085
XRP-USD,2026-08-30T18:37:35.143512Z,1.4295,1.4298,0.0003,1.42965,0.4617694636418476683073920514
XRP-USD,2026-08-30T18:37:35.188733Z,1.4296,1.4298,0.0002,1.4297,0.1165837329789071152339508538
XRP-USD,2026-08-30T18:37:35.272122Z,1.4296,1.4298,0.0002,1.4297,0.3024717470273737095221901286
XRP-USD,2026-08-30T18:37:35.307503Z,1.4296,1.4298,0.0002,1.4297,0.3017289861414267790958848928
XRP-USD,2026-08-30T18:37:35.374497Z,1.4295,1.4298,0.0003,1.42965,0.4295048146822887867804298142
XRP-USD,2026-08-30T18:37:35.402367Z,1.4295,1.4298,0.0003,1.42965,0.4295048146822887867804298142
XRP-USD,2026-08-30T18:37:35.524367Z,1.4295,1.4298,0.0003,1.42965,0.4295048150923676908123796872
XRP-USD,2026-08-30T18:37:35.557459Z,1.4296,1.4297,0.0001,1.42965,0.2924961929826947543080501447
XRP-USD,2026-08-30T18:37:35.702254Z,1.4296,1.4297,0.0001,1.42965,0.3053909024302349129501385381
XRP-USD,2026-08-30T18:37:35.817695Z,1.4296,1.4297,0.0001,1.42965,0.3053909024302349129501385381
XRP-USD,2026-08-30T18:37:35.871319Z,1.4296,1.4297,0.0001,1.42965,0.2984112258539742330415881630
XRP-USD,2026-08-30T18:37:35.916139Z,1.4296,1.4297,0.0001,1.42965,0.2984112258539742330415881630
XRP-USD,2026-08-30T18:37:36.019639Z,1.4296,1.4297,0.0001,1.42965,0.2984112258539742330415881630
XRP-USD,2026-08-30T18:37:36.039767Z,1.4296,1.4297,0.0001,1.42965,0.5653006160381915141555005167
XRP-USD,2026-08-30T18:37:36.102113Z,1.4296,1.4297,0.0001,1.42965,0.5653006160381915141555005167
XRP-USD,2026-08-30T18:37:36.188921Z,1.4296,1.4297,0.0001,1.42965,0.5653006160381915141555005167
XRP-USD,2026-08-30T18:37:36.261621Z,1.4296,1.4297,0.0001,1.42965,0.5566754593071780113026621122
XRP-USD,2026-08-30T18:37:36.328517Z,1.4296,1.4297,0.0001,1.42965,0.5560984152046404972224060460
XRP-USD,2026-08-30T18:37:36.35719Z,1.4296,1.4297,0.0001,1.42965,0.5560984152046404972224060460
XRP-USD,2026-08-30T18:37:36.415361Z,1.4296,1.4297,0.0001,1.42965,0.5560984152046404972224060460
XRP-USD,2026-08-30T18:37:36.567286Z,1.4296,1.4297,0.0001,1.42965,0.7000973577434482842725986735
XRP-USD,2026-08-30T18:37:36.618202Z,1.4296,1.4297,0.0001,1.42965,0.5745141928951424124966914884
XRP-USD,2026-08-30T18:37:36.671434Z,1.4296,1.4297,0.0001,1.42965,0.2754363271573261496193058616
XRP-USD,2026-08-30T18:37:36.717026Z,1.4296,1.4297,0.0001,1.42965,0.3731725180988734362737874521
XRP-USD,2026-08-30T18:37:36.769496Z,1.4296,1.4297,0.0001,1.42965,0.3098240379637772631606099247
XRP-USD,2026-08-30T18:37:36.804283Z,1.4296,1.4297,0.0001,1.42965,0.2754363271573261496193058616
XRP-USD,2026-08-30T18:37:36.869262Z,1.4296,1.4297,0.0001,1.42965,0.2754363271573261496193058616
XRP-USD,2026-08-30T18:37:36.895913Z,1.4296,1.4297,0.0001,1.42965,0.2754363271573261496193058616
XRP-USD,2026-08-30T18:37:36.969687Z,1.4296,1.4297,0.0001,1.42965,0.2754363271573261496193058616
XRP-USD,2026-08-30T18:37:36.979727Z,1.4296,1.4297,0.0001,1.42965,0.5361213968139130321203834833
XRP-USD,2026-08-30T18:37:37.068199Z,1.4296,1.4297,0.0001,1.42965,0.5324172068122444103526099631
XRP-USD,2026-08-30T18:37:37.171769Z,1.4296,1.4297,0.0001,1.42965,0.5324172068122444103526099631
XRP-USD,2026-08-30T18:37:37.193936Z,1.4296,1.4297,0.0001,1.42965,0.2647210056550624446537623032
XRP-USD,2026-08-30T18:37:37.240987Z,1.4296,1.4297,0.0001,1.42965,0.2647210056550624446537623032
XRP-USD,2026-08-30T18:37:37.300647Z,1.4296,1.4297,0.0001,1.42965,0.2640099788116828737283793071
XRP-USD,2026-08-30T18:37:37.361467Z,1.4295,1.4297,0.0002,1.4296,0.4935609715551490773871587258
XRP-USD,2026-08-30T18:37:37.404837Z,1.4295,1.4297,0.0002,1.4296,0.4929662958023269880603348726
XRP-USD,2026-08-30T18:37:37.584652Z,1.4296,1.4297,0.0001,1.42965,0.3011871954038128902378171862
XRP-USD,2026-08-30T18:37:37.649586Z,1.4296,1.4297,0.0001,1.42965,0.3011871954038128902378171862
XRP-USD,2026-08-30T18:37:37.696246Z,1.4296,1.4297,0.0001,1.42965,0.3011871954038128902378171862
XRP-USD,2026-08-30T18:37:37.816113Z,1.4296,1.4297,0.0001,1.42965,0.4825274254622371692141903793
XRP-USD,2026-08-30T18:37:37.855822Z,1.4297,1.4298,0.0001,1.42975,0.5652866184502309182028653863
XRP-USD,2026-08-30T18:37:37.865527Z,1.4297,1.4298,0.0001,1.42975,0.5631264388829456553831403820
XRP-USD,2026-08-30T18:37:37.884175Z,1.4297,1.4298,0.0001,1.42975,0.7570643609226247052504421747
XRP-USD,2026-08-30T18:37:37.969982Z,1.4297,1.4298,0.0001,1.42975,0.3750570649274945220630246293
XRP-USD,2026-08-30T18:37:38.038297Z,1.4299,1.43,0.0001,1.42995,-0.2358557948244678168048537542
XRP-USD,2026-08-30T18:37:38.098275Z,1.4298,1.43,0.0002,1.4299,-0.03895166049059999532647344144
XRP-USD,2026-08-30T18:37:38.218506Z,1.4297,1.43,0.0003,1.42985,0.001260950501406793120537353262
XRP-USD,2026-08-30T18:37:38.314411Z,1.4297,1.43,0.0003,1.42985,-0.01713162087869831034782714963
XRP-USD,2026-08-30T18:37:38.332509Z,1.4297,1.43,0.0003,1.42985,-0.02919965376122868749127963339
XRP-USD,2026-08-30T18:37:38.380912Z,1.4297,1.4299,0.0002,1.4298,0.2581562256499527739346228924
XRP-USD,2026-08-30T18:37:38.447098Z,1.4297,1.4299,0.0002,1.4298,0.2576408894492762702294369946
XRP-USD,2026-08-30T18:37:38.503138Z,1.4297,1.4299,0.0002,1.4298,0.2803299123420635881724248218
XRP-USD,2026-08-30T18:37:38.550235Z,1.4297,1.4299,0.0002,1.4298,0.2293423415522008400875826446
XRP-USD,2026-08-30T18:37:38.663606Z,1.4297,1.4299,0.0002,1.4298,0.2503227532325953888967511744
XRP-USD,2026-08-30T18:37:38.773687Z,1.4298,1.4299,0.0001,1.42985,0.09932774337945132706727579016
XRP-USD,2026-08-30T18:37:38.819774Z,1.4298,1.4299,0.0001,1.42985,-0.003433299646578547885304374207
XRP-USD,2026-08-30T18:37:38.851546Z,1.4298,1.4299,0.0001,1.42985,-0.004167222781288446882059096425
XRP-USD,2026-08-30T18:37:38.924807Z,1.4298,1.4299,0.0001,1.42985,-0.01045512997859397057077667230
XRP-USD,2026-08-30T18:37:38.973374Z,1.4297,1.4299,0.0002,1.4298,0.2725109054069986851437168914
XRP-USD,2026-08-30T18:37:39.00162Z,1.4297,1.4298,0.0001,1.42975,0.4996469730524116613789604989
XRP-USD,2026-08-30T18:37:39.045868Z,1.4297,1.4298,0.0001,1.42975,0.5017949115021226889862450885
XRP-USD,2026-08-30T18:37:39.118748Z,1.4297,1.4298,0.0001,1.42975,0.4671597195013479773641810540
XRP-USD,2026-08-30T18:37:39.160714Z,1.4297,1.4298,0.0001,1.42975,0.5017949115021226889862450885
XRP-USD,2026-08-30T18:37:39.200357Z,1.4297,1.4298,0.0001,1.42975,0.4798720308039658750892573544
XRP-USD,2026-08-30T18:37:39.255044Z,1.4297,1.4298,0.0001,1.42975,0.5139546527910430087680713901
XRP-USD,2026-08-30T18:37:39.320579Z,1.4298,1.43,0.0002,1.4299,-0.3914111935946444976500459944
XRP-USD,2026-08-30T18:37:39.366939Z,1.4298,1.43,0.0002,1.4299,-0.3746680600465815404270657070
XRP-USD,2026-08-30T18:37:39.427134Z,1.4298,1.43,0.0002,1.4299,-0.3750705106654175609423940227
XRP-USD,2026-08-30T18:37:39.480134Z,1.4297,1.4298,0.0001,1.42975,0.4587353206537972603149676861
XRP-USD,2026-08-30T18:37:39.502296Z,1.4297,1.4298,0.0001,1.42975,0.4802371549282774611511273944
XRP-USD,2026-08-30T18:37:39.629123Z,1.4297,1.4299,0.0002,1.4298,0.2072278237335761833076723554
XRP-USD,2026-08-30T18:37:39.6685Z,1.4297,1.4299,0.0002,1.4298,0.2072278237335761833076723554
XRP-USD,2026-08-30T18:37:39.711586Z,1.4297,1.4299,0.0002,1.4298,0.2198716253441292307134933954
XRP-USD,2026-08-30T18:37:39.768726Z,1.4297,1.4299,0.0002,1.4298,0.2198716253441292307134933954
XRP-USD,2026-08-30T18:37:39.89933Z,1.4298,1.4299,0.0001,1.42985,-0.05699787895750933773288853370
XRP-USD,2026-08-30T18:37:40.037501Z,1.4298,1.4299,0.0001,1.42985,-0.04884012576761680894734213203
XRP-USD,2026-08-30T18:37:40.15729Z,1.4297,1.4298,0.0001,1.42975,0.4670761128545598673311151267
XRP-USD,2026-08-30T18:37:40.185181Z,1.4297,1.4298,0.0001,1.42975,0.4670761128545598673311151267
XRP-USD,2026-08-30T18:37:40.262805Z,1.4297,1.4298,0.0001,1.42975,0.4670761128545598673311151267
XRP-USD,2026-08-30T18:37:40.398984Z,1.4297,1.4298,0.0001,1.42975,0.4670761128545598673311151267
XRP-USD,2026-08-30T18:37:40.468883Z,1.4297,1.4298,0.0001,1.42975,0.4662740267592017870198920900
XRP-USD,2026-08-30T18:37:40.481304Z,1.4297,1.4298,0.0001,1.42975,0.4658289026579847843288050974
XRP-USD,2026-08-30T18:37:40.54511Z,1.4297,1.4298,0.0001,1.42975,0.4650263031884812889047396671
XRP-USD,2026-08-30T18:37:40.550591Z,1.4297,1.4298,0.0001,1.42975,0.4650263031884812889047396671
XRP-USD,2026-08-30T18:37:40.62662Z,1.4297,1.4298,0.0001,1.42975,0.3827664046440285019707945612
XRP-USD,2026-08-30T18:37:40.69771Z,1.4296,1.4298,0.0002,1.4297,0.4987773116239099319013515826
XRP-USD,2026-08-30T18:37:40.761785Z,1.4296,1.4298,0.0002,1.4297,0.5737464419804681736043969744
XRP-USD,2026-08-30T18:37:40.806269Z,1.4296,1.4298,0.0002,1.4297,0.5737464419804681736043969744
XRP-USD,2026-08-30T18:37:40.881124Z,1.4296,1.4298,0.0002,1.4297,0.5737464419804681736043969744
XRP-USD,2026-08-30T18:37:40.949572Z,1.4296,1.4298,0.0002,1.4297,0.5698363701654724856136387118
XRP-USD,2026-08-30T18:37:41.042356Z,1.4296,1.4298,0.0002,1.4297,0.5759406098341264889266470394
XRP-USD,2026-08-30T18:37:41.112582Z,1.4296,1.4298,0.0002,1.4297,0.5706734956755420380855310174
XRP-USD,2026-08-30T18:37:41.131087Z,1.4296,1.4298,0.0002,1.4297,0.5297879655986701144506086932
XRP-USD,2026-08-30T18:37:41.205075Z,1.4296,1.4298,0.0002,1.4297,0.5297879655986701144506086932
XRP-USD,2026-08-30T18:37:41.32106Z,1.4296,1.4298,0.0002,1.4297,0.5297879655986701144506086932
XRP-USD,2026-08-30T18:37:41.356561Z,1.4294,1.4296,0.0002,1.4295,0.5540689112343038440593898615
XRP-USD,2026-08-30T18:37:41.416329Z,1.4294,1.4296,0.0002,1.4295,0.4903378274136312197096607513
XRP-USD,2026-08-30T18:37:41.479677Z,1.4294,1.4296,0.0002,1.4295,0.5584405192839945038146279186
XRP-USD,2026-08-30T18:37:41.530011Z,1.4294,1.4296,0.0002,1.4295,0.5594491959978865041651994574
XRP-USD,2026-08-30T18:37:41.579467Z,1.4294,1.4296,0.0002,1.4295,0.5594491959978865041651994574
XRP-USD,2026-08-30T18:37:41.626865Z,1.4294,1.4296,0.0002,1.4295,0.5770006658787089078867724874
XRP-USD,2026-08-30T18:37:41.661461Z,1.4294,1.4296,0.0002,1.4295,0.5627332518237494904310751532
XRP-USD,2026-08-30T18:37:41.965758Z,1.4294,1.4296,0.0002,1.4295,0.3265749030640802978201459941
XRP-USD,2026-08-30T18:37:41.994475Z,1.4294,1.4295,0.0001,1.42945,0.5132848591780096882458811135
XRP-USD,2026-08-30T18:37:42.059218Z,1.4294,1.4295,0.0001,1.42945,0.2946997520943958209555150502
XRP-USD,2026-08-30T18:37:42.107524Z,1.4294,1.4295,0.0001,1.42945,0.3478368872796368747855151851
XRP-USD,2026-08-30T18:37:42.175365Z,1.4294,1.4295,0.0001,1.42945,0.3384430797192007637524886323
XRP-USD,2026-08-30T18:37:42.214644Z,1.4294,1.4295,0.0001,1.42945,0.2849466080038818170556461515
XRP-USD,2026-08-30T18:37:42.266718Z,1.4294,1.4295,0.0001,1.42945,0.2849466080038818170556461515
XRP-USD,2026-08-30T18:37:42.329954Z,1.4294,1.4295,0.0001,1.42945,0.2860987803945699378600950406
XRP-USD,2026-08-30T18:37:42.34742Z,1.4294,1.4295,0.0001,1.42945,0.2860987803945699378600950406
XRP-USD,2026-08-30T18:37:42.424952Z,1.4294,1.4295,0.0001,1.42945,0.2860987803945699378600950406
XRP-USD,2026-08-30T18:37:42.520366Z,1.4292,1.4294,0.0002,1.4293,0.02163069086281080538742093248
XRP-USD,2026-08-30T18:37:42.578437Z,1.4292,1.4294,0.0002,1.4293,0.1963053029317822468875064634
XRP-USD,2026-08-30T18:37:42.623425Z,1.4292,1.4294,0.0002,1.4293,0.4452954944550988972053157963
XRP-USD,2026-08-30T18:37:42.675366Z,1.4292,1.4294,0.0002,1.4293,0.3977891142466884929339667371
XRP-USD,2026-08-30T18:37:42.727967Z,1.4292,1.4294,0.0002,1.4293,0.3977891142466884929339667371
XRP-USD,2026-08-30T18:37:42.759164Z,1.4292,1.4294,0.0002,1.4293,0.3973666547853361123675175053
XRP-USD,2026-08-30T18:37:42.786525Z,1.4292,1.4294,0.0002,1.4293,0.3973666547853361123675175053
XRP-USD,2026-08-30T18:37:42.852095Z,1.4292,1.4294,0.0002,1.4293,0.3988523583573633460445454822
XRP-USD,2026-08-30T18:37:42.927554Z,1.4292,1.4294,0.0002,1.4293,0.3988523583573633460445454822
XRP-USD,2026-08-30T18:37:43.059164Z,1.4292,1.4294,0.0002,1.4293,0.3988523583573633460445454822
XRP-USD,2026-08-30T18:37:43.11594Z,1.4292,1.4294,0.0002,1.4293,0.3726170510607376450765680402
XRP-USD,2026-08-30T18:37:43.123445Z,1.4292,1.4294,0.0002,1.4293,0.3726170510607376450765680402
XRP-USD,2026-08-30T18:37:43.219991Z,1.4292,1.4294,0.0002,1.4293,0.3726170510607376450765680402
XRP-USD,2026-08-30T18:37:43.249652Z,1.4292,1.4294,0.0002,1.4293,0.3726170510607376450765680402
XRP-USD,2026-08-30T18:37:43.316935Z,1.4292,1.4294,0.0002,1.4293,0.3668719422923809323202460714
XRP-USD,2026-08-30T18:37:43.368729Z,1.4292,1.4294,0.0002,1.4293,0.3668719422923809323202460714
XRP-USD,2026-08-30T18:37:43.41345Z,1.4292,1.4293,0.0001,1.42925,0.4914894303537636666952575511
XRP-USD,2026-08-30T18:37:43.447427Z,1.4292,1.4293,0.0001,1.42925,0.4965121931415409746121612840
XRP-USD,2026-08-30T18:37:43.484111Z,1.4292,1.4293,0.0001,1.42925,0.4965121931415409746121612840
XRP-USD,2026-08-30T18:37:43.528271Z,1.4292,1.4293,0.0001,1.42925,0.4965121931415409746121612840
XRP-USD,2026-08-30T18:37:43.600095Z,1.4292,1.4293,0.0001,1.42925,0.4965121931415409746121612840
XRP-USD,2026-08-30T18:37:43.627848Z,1.4292,1.4293,0.0001,1.42925,0.4965121931415409746121612840
XRP-USD,2026-08-30T18:37:43.731592Z,1.4292,1.4293,0.0001,1.42925,0.4965121931415409746121612840
XRP-USD,2026-08-30T18:37:43.738932Z,1.4292,1.4293,0.0001,1.42925,0.4965121931415409746121612840
XRP-USD,2026-08-30T18:37:43.813382Z,1.4292,1.4293,0.0001,1.42925,0.5151666946763522144500652889
XRP-USD,2026-08-30T18:37:43.855472Z,1.4292,1.4293,0.0001,1.42925,0.5107692391537026959413230021
XRP-USD,2026-08-30T18:37:43.915882Z,1.4292,1.4293,0.0001,1.42925,0.5102691112429680763849691479
XRP-USD,2026-08-30T18:37:43.973408Z,1.4292,1.4293,0.0001,1.42925,0.5102691112429680763849691479
XRP-USD,2026-08-30T18:37:43.980552Z,1.4292,1.4293,0.0001,1.42925,0.5102691112429680763849691479
XRP-USD,2026-08-30T18:37:44.071691Z,1.4292,1.4293,0.0001,1.42925,0.4570691125647036554782446892
XRP-USD,2026-08-30T18:37:44.094458Z,1.4292,1.4293,0.0001,1.42925,0.4570691125647036554782446892
XRP-USD,2026-08-30T18:37:44.145952Z,1.4292,1.4293,0.0001,1.42925,0.4549272455926122937070720684
XRP-USD,2026-08-30T18:37:44.210739Z,1.4292,1.4293,0.0001,1.42925,0.3749708114544263671886101237
XRP-USD,2026-08-30T18:37:44.264006Z,1.4292,1.4293,0.0001,1.42925,0.3749708114544263671886101237
XRP-USD,2026-08-30T18:37:44.375327Z,1.4292,1.4293,0.0001,1.42925,0.3748649915652074738876466598
XRP-USD,2026-08-30T18:37:44.424878Z,1.4292,1.4293,0.0001,1.42925,0.3811122478241519353145301262
XRP-USD,2026-08-30T18:37:44.45879Z,1.4292,1.4293,0.0001,1.42925,0.3573155221542143982862196111
XRP-USD,2026-08-30T18:37:44.528111Z,1.4292,1.4293,0.0001,1.42925,0.3573155221542143982862196111
XRP-USD,2026-08-30T18:37:44.6568Z,1.4292,1.4293,0.0001,1.42925,0.3235271865468344765331898108
XRP-USD,2026-08-30T18:37:44.753247Z,1.4292,1.4293,0.0001,1.42925,0.3235271865468344765331898108
XRP-USD,2026-08-30T18:37:44.817751Z,1.4292,1.4293,0.0001,1.42925,0.2276765864247692048968316508
XRP-USD,2026-08-30T18:37:44.87714Z,1.4292,1.4293,0.0001,1.42925,0.2349124196518672024016545558
XRP-USD,2026-08-30T18:37:44.918835Z,1.4292,1.4293,0.0001,1.42925,0.2349124196518672024016545558
XRP-USD,2026-08-30T18:37:44.973064Z,1.4292,1.4293,0.0001,1.42925,0.2349124196518672024016545558
XRP-USD,2026-08-30T18:37:45.000707Z,1.4292,1.4293,0.0001,1.42925,0.2349124196518672024016545558
XRP-USD,2026-08-30T18:37:45.063417Z,1.4292,1.4293,0.0001,1.42925,0.2640861950068645663907470919
XRP-USD,2026-08-30T18:37:45.099952Z,1.4292,1.4293,0.0001,1.42925,0.2640861950068645663907470919
XRP-USD,2026-08-30T18:37:45.163369Z,1.4292,1.4293,0.0001,1.42925,0.2349124196518672024016545558
XRP-USD,2026-08-30T18:37:45.22776Z,1.4292,1.4293,0.0001,1.42925,0.2192956401892556941196338251
XRP-USD,2026-08-30T18:37:45.232192Z,1.4292,1.4293,0.0001,1.42925,0.2192956401892556941196338251
XRP-USD,2026-08-30T18:37:45.301589Z,1.4292,1.4293,0.0001,1.42925,0.2192956401892556941196338251
XRP-USD,2026-08-30T18:37:45.331956Z,1.4292,1.4293,0.0001,1.42925,0.2192956401892556941196338251
XRP-USD,2026-08-30T18:37:45.427745Z,1.4292,1.4293,0.0001,1.42925,0.2192956401892556941196338251
XRP-USD,2026-08-30T18:37:45.437361Z,1.4292,1.4293,0.0001,1.42925,0.2192956401892556941196338251
XRP-USD,2026-08-30T18:37:45.484437Z,1.4292,1.4293,0.0001,1.42925,0.2192956401892556941196338251
XRP-USD,2026-08-30T18:37:45.489667Z,1.4292,1.4293,0.0001,1.42925,0.2265226844462226558734116405
XRP-USD,2026-08-30T18:37:45.542713Z,1.4292,1.4294,0.0002,1.4293,0.6092253913918359880925245150
XRP-USD,2026-08-30T18:37:45.60848Z,1.4293,1.4294,0.0001,1.42935,0.8029121928922936795948344580
XRP-USD,2026-08-30T18:37:45.672087Z,1.4293,1.4294,0.0001,1.42935,0.7194440681477198865365829511
XRP-USD,2026-08-30T18:37:45.6886Z,1.4293,1.4294,0.0001,1.42935,0.7194440681477198865365829511
XRP-USD,2026-08-30T18:37:45.754963Z,1.4293,1.4294,0.0001,1.42935,0.5088114837940700057618966236
XRP-USD,2026-08-30T18:37:45.813587Z,1.4293,1.4294,0.0001,1.42935,0.4389265795976328503444161977
XRP-USD,2026-08-30T18:37:45.898754Z,1.4293,1.4294,0.0001,1.42935,0.3180497970468300792073540148
XRP-USD,2026-08-30T18:37:46.017028Z,1.4293,1.4294,0.0001,1.42935,0.3183473299437107540335783698
XRP-USD,2026-08-30T18:37:46.105241Z,1.4293,1.4294,0.0001,1.42935,0.3139338165120235258894998332
XRP-USD,2026-08-30T18:37:46.201409Z,1.4293,1.4294,0.0001,1.42935,0.3269634717626202506899870683
XRP-USD,2026-08-30T18:37:46.232513Z,1.4293,1.4294,0.0001,1.42935,0.3022317035299184518575167248
XRP-USD,2026-08-30T18:37:46.454474Z,1.4293,1.4294,0.0001,1.42935,0.2963449597051467085517623850
XRP-USD,2026-08-30T18:37:46.475281Z,1.4293,1.4294,0.0001,1.42935,0.2963449597051467085517623850
XRP-USD,2026-08-30T18:37:46.519582Z,1.4293,1.4294,0.0001,1.42935,0.3018885584237451926739156412
XRP-USD,2026-08-30T18:37:46.564559Z,1.4293,1.4294,0.0001,1.42935,0.3056057069499631547322116940
XRP-USD,2026-08-30T18:37:46.578592Z,1.4293,1.4294,0.0001,1.42935,0.2835079569589725867908878346
XRP-USD,2026-08-30T18:37:46.705014Z,1.4293,1.4294,0.0001,1.42935,0.2835079569589725867908878346
XRP-USD,2026-08-30T18:37:46.757811Z,1.4293,1.4294,0.0001,1.42935,0.2835079569589725867908878346
XRP-USD,2026-08-30T18:37:46.790702Z,1.4293,1.4294,0.0001,1.42935,0.2835079569589725867908878346
XRP-USD,2026-08-30T18:37:46.877741Z,1.4293,1.4294,0.0001,1.42935,0.2835079569589725867908878346
XRP-USD,2026-08-30T18:37:46.90697Z,1.4293,1.4294,0.0001,1.42935,0.2959651132511448593706272010
XRP-USD,2026-08-30T18:37:46.971104Z,1.4293,1.4294,0.0001,1.42935,0.2959651132511448593706272010
XRP-USD,2026-08-30T18:37:47.014567Z,1.4293,1.4294,0.0001,1.42935,0.3070218596631941929270726528
XRP-USD,2026-08-30T18:37:47.063235Z,1.4293,1.4294,0.0001,1.42935,0.3209646141442937635194352295
XRP-USD,2026-08-30T18:37:47.114214Z,1.4293,1.4294,0.0001,1.42935,0.3203143588995558342556767920
XRP-USD,2026-08-30T18:37:47.123681Z,1.4293,1.4294,0.0001,1.42935,0.3113944443131968569014917645
XRP-USD,2026-08-30T18:37:47.176661Z,1.4293,1.4294,0.0001,1.42935,0.3107392224690388088874941388
XRP-USD,2026-08-30T18:37:47.264376Z,1.4293,1.4294,0.0001,1.42935,0.2062566894917340080017043886
XRP-USD,2026-08-30T18:37:47.367188Z,1.4293,1.4294,0.0001,1.42935,0.1830462767043059165969137233
XRP-USD,2026-08-30T18:37:47.527946Z,1.4293,1.4294,0.0001,1.42935,0.1830462767043059165969137233
XRP-USD,2026-08-30T18:37:47.546004Z,1.4293,1.4294,0.0001,1.42935,0.1830462767043059165969137233
XRP-USD,2026-08-30T18:37:47.622512Z,1.4293,1.4294,0.0001,1.42935,0.2148593995176106540054983623
XRP-USD,2026-08-30T18:37:47.670461Z,1.4293,1.4294,0.0001,1.42935,0.2925094922579159020317026406
XRP-USD,2026-08-30T18:37:47.678171Z,1.4293,1.4294,0.0001,1.42935,0.2925094922579159020317026406
XRP-USD,2026-08-30T18:37:47.732612Z,1.4293,1.4294,0.0001,1.42935,0.2925094922579159020317026406
XRP-USD,2026-08-30T18:37:47.779329Z,1.4293,1.4295,0.0002,1.4294,0.2048274438423493051259890348
XRP-USD,2026-08-30T18:37:47.816391Z,1.4293,1.4294,0.0001,1.42935,0.3179790546746395341960900282
XRP-USD,2026-08-30T18:37:47.922725Z,1.4293,1.4294,0.0001,1.42935,0.3179790546746395341960900282
XRP-USD,2026-08-30T18:37:47.971859Z,1.4293,1.4294,0.0001,1.42935,0.2872841790204440726022484479
XRP-USD,2026-08-30T18:37:48.027786Z,1.4293,1.4294,0.0001,1.42935,0.3028758197540261751608081004
XRP-USD,2026-08-30T18:37:48.068091Z,1.4293,1.4294,0.0001,1.42935,0.3028758197540261751608081004
XRP-USD,2026-08-30T18:37:48.121611Z,1.4293,1.4294,0.0001,1.42935,0.3025054322011570163860690712
XRP-USD,2026-08-30T18:37:48.167392Z,1.4293,1.4294,0.0001,1.42935,0.3112796437089869429315848561
XRP-USD,2026-08-30T18:37:48.173903Z,1.4293,1.4294,0.0001,1.42935,0.3228921337425249845647664227
XRP-USD,2026-08-30T18:37:48.231831Z,1.4293,1.4294,0.0001,1.42935,0.3222348121300197646212974030
XRP-USD,2026-08-30T18:37:48.65264Z,1.4293,1.4294,0.0001,1.42935,0.3014895355731361983391443000
XRP-USD,2026-08-30T18:37:49.278627Z,1.4292,1.4293,0.0001,1.42925,0.01485400563040093857607827220
XRP-USD,2026-08-30T18:37:49.479979Z,1.4292,1.4293,0.0001,1.42925,0.008892242809938888275484946962
XRP-USD,2026-08-30T18:37:49.61409Z,1.4292,1.4293,0.0001,1.42925,0.008892243173527605226982895446
XRP-USD,2026-08-30T18:37:49.662281Z,1.4292,1.4293,0.0001,1.42925,0.008892243173527605226982895446
XRP-USD,2026-08-30T18:37:49.764045Z,1.4292,1.4293,0.0001,1.42925,0.008892243173527605226982895446
XRP-USD,2026-08-30T18:37:49.809789Z,1.4292,1.4293,0.0001,1.42925,0.008892243173527605226982895446
XRP-USD,2026-08-30T18:37:49.82924Z,1.4292,1.4293,0.0001,1.42925,0.008892243173527605226982895446
XRP-USD,2026-08-30T18:37:49.915124Z,1.4292,1.4293,0.0001,1.42925,0.008892243173527605226982895446
XRP-USD,2026-08-30T18:37:50.036069Z,1.4292,1.4293,0.0001,1.42925,0.01022464420620400290390292503
XRP-USD,2026-08-30T18:37:50.07715Z,1.4292,1.4293,0.0001,1.42925,0.01022464420620400290390292503
XRP-USD,2026-08-30T18:37:50.160406Z,1.4292,1.4293,0.0001,1.42925,0.01022464420620400290390292503
XRP-USD,2026-08-30T18:37:50.224127Z,1.4292,1.4293,0.0001,1.42925,0.009934909815026647637368173738
XRP-USD,2026-08-30T18:37:50.262531Z,1.4292,1.4293,0.0001,1.42925,0.009413907517370333687384929610
XRP-USD,2026-08-30T18:37:50.329609Z,1.4292,1.4293,0.0001,1.42925,0.009413907517370333687384929610
XRP-USD,2026-08-30T18:37:50.358492Z,1.4292,1.4293,0.0001,1.42925,0.01108115315218025420820328541
XRP-USD,2026-08-30T18:37:50.623334Z,1.4292,1.4293,0.0001,1.42925,0.01108115315218025420820328541
XRP-USD,2026-08-30T18:37:50.654414Z,1.4292,1.4293,0.0001,1.42925,0.01108115315218025420820328541
XRP-USD,2026-08-30T18:37:50.695718Z,1.4292,1.4293,0.0001,1.42925,0.01108115315218025420820328541
XRP-USD,2026-08-30T18:37:50.766301Z,1.4292,1.4293,0.0001,1.42925,0.01108115315218025420820328541
XRP-USD,2026-08-30T18:37:50.828124Z,1.4292,1.4293,0.0001,1.42925,0.01108115315218025420820328541
XRP-USD,2026-08-30T18:37:50.878099Z,1.4292,1.4293,0.0001,1.42925,0.3363758745265417407141821868
XRP-USD,2026-08-30T18:37:50.888237Z,1.4292,1.4293,0.0001,1.42925,0.3363758745265417407141821868
XRP-USD,2026-08-30T18:37:51.02981Z,1.4292,1.4293,0.0001,1.42925,0.3318065120381749864697505669
XRP-USD,2026-08-30T18:37:51.066632Z,1.4292,1.4293,0.0001,1.42925,0.3318065120381749864697505669
XRP-USD,2026-08-30T18:37:51.109739Z,1.4292,1.4293,0.0001,1.42925,0.3318065120381749864697505669
XRP-USD,2026-08-30T18:37:51.270643Z,1.4292,1.4293,0.0001,1.42925,0.3315603482381412424630658010
XRP-USD,2026-08-30T18:37:51.303552Z,1.4292,1.4293,0.0001,1.42925,0.3311175685056200994493996558
XRP-USD,2026-08-30T18:37:51.385234Z,1.4291,1.4292,0.0001,1.42915,-0.4194467170282752680869815644
XRP-USD,2026-08-30T18:37:51.406204Z,1.429,1.4291,0.0001,1.42905,0.1087351784907710896564841494
XRP-USD,2026-08-30T18:37:51.437193Z,1.429,1.4291,0.0001,1.42905,-0.2006332656828359952297009589
XRP-USD,2026-08-30T18:37:51.47254Z,1.429,1.4291,0.0001,1.42905,0.2402980322354139423812608630
XRP-USD,2026-08-30T18:37:51.588136Z,1.4288,1.4289,0.0001,1.42885,0.3930656371094888771809039934
XRP-USD,2026-08-30T18:37:51.64286Z,1.4286,1.4288,0.0002,1.4287,-0.1303870762485899881138332295
XRP-USD,2026-08-30T18:37:51.702521Z,1.4287,1.4288,0.0001,1.42875,0.3522183153145868405332808908
XRP-USD,2026-08-30T18:37:51.761998Z,1.4286,1.4289,0.0003,1.42875,0.3478348867811410010660933060
XRP-USD,2026-08-30T18:37:51.866339Z,1.4286,1.4288,0.0002,1.4287,0.5276035988958391392557391114
XRP-USD,2026-08-30T18:37:51.925471Z,1.4286,1.4288,0.0002,1.4287,0.5285414646064232053541806229
XRP-USD,2026-08-30T18:37:51.98814Z,1.4287,1.4289,0.0002,1.4288,0.4817735238478945407870392473
XRP-USD,2026-08-30T18:37:52.027888Z,1.4287,1.4289,0.0002,1.4288,0.4817735238478945407870392473
XRP-USD,2026-08-30T18:37:52.058984Z,1.4287,1.4289,0.0002,1.4288,0.4817735238478945407870392473
XRP-USD,2026-08-30T18:37:52.136671Z,1.4288,1.429,0.0002,1.4289,0.2246225006393800416352007378
XRP-USD,2026-08-30T18:37:52.190267Z,1.4289,1.429,0.0001,1.42895,0.4221770843811748830888353623
XRP-USD,2026-08-30T18:37:52.195958Z,1.4289,1.429,0.0001,1.42895,0.2454177124473097890509646837
XRP-USD,2026-08-30T18:37:52.25502Z,1.4289,1.429,0.0001,1.42895,0.1581682821867245989660828858
XRP-USD,2026-08-30T18:37:52.300202Z,1.4288,1.429,0.0002,1.4289,0.3527957783541916943402143053
XRP-USD,2026-08-30T18:37:52.321151Z,1.4288,1.429,0.0002,1.4289,0.3472687354630919580184333246
XRP-USD,2026-08-30T18:37:52.345714Z,1.4288,1.429,0.0002,1.4289,0.3468727536488871059270735574
XRP-USD,2026-08-30T18:37:52.479882Z,1.4288,1.429,0.0002,1.4289,0.3215730843381541549307695912
XRP-USD,2026-08-30T18:37:52.564842Z,1.4288,1.429,0.0002,1.4289,0.3293092571317767527169755779
XRP-USD,2026-08-30T18:37:52.610611Z,1.4288,1.429,0.0002,1.4289,0.4452780941000975756649093639
XRP-USD,2026-08-30T18:37:52.638747Z,1.4288,1.429,0.0002,1.4289,0.4452780941000975756649093639
XRP-USD,2026-08-30T18:37:52.720569Z,1.4288,1.429,0.0002,1.4289,0.4192385550952126192199800177
XRP-USD,2026-08-30T18:37:52.743553Z,1.4288,1.429,0.0002,1.4289,0.4192385550952126192199800177
XRP-USD,2026-08-30T18:37:52.81499Z,1.4288,1.429,0.0002,1.4289,0.4192385550952126192199800177
XRP-USD,2026-08-30T18:37:52.971843Z,1.4288,1.429,0.0002,1.4289,0.4192385550952126192199800177
XRP-USD,2026-08-30T18:37:53.014995Z,1.4288,1.429,0.0002,1.4289,0.4192385550952126192199800177
XRP-USD,2026-08-30T18:37:53.023372Z,1.4288,1.429,0.0002,1.4289,0.4166516466931866200954519977
XRP-USD,2026-08-30T18:37:53.118984Z,1.4286,1.4288,0.0002,1.4287,0.5557336889112840272039350522
XRP-USD,2026-08-30T18:37:53.165674Z,1.4286,1.4288,0.0002,1.4287,0.3982802813426057721462083029
XRP-USD,2026-08-30T18:37:53.217735Z,1.4286,1.4288,0.0002,1.4287,0.3982802813426057721462083029
XRP-USD,2026-08-30T18:37:53.252217Z,1.4286,1.4288,0.0002,1.4287,0.3982802813426057721462083029
XRP-USD,2026-08-30T18:37:53.296267Z,1.4286,1.4288,0.0002,1.4287,0.4129100709478332765493807418
XRP-USD,2026-08-30T18:37:53.367458Z,1.4286,1.4288,0.0002,1.4287,0.4129100709478332765493807418
XRP-USD,2026-08-30T18:37:53.420182Z,1.4286,1.4288,0.0002,1.4287,0.4128857694422685561785917373
XRP-USD,2026-08-30T18:37:53.432539Z,1.4286,1.4288,0.0002,1.4287,0.4128857694422685561785917373
XRP-USD,2026-08-30T18:37:53.488882Z,1.4286,1.4288,0.0002,1.4287,0.4128857694422685561785917373
XRP-USD,2026-08-30T18:37:53.557288Z,1.4286,1.4288,0.0002,1.4287,0.4043774939533495466043135605
XRP-USD,2026-08-30T18:37:53.587551Z,1.4286,1.4288,0.0002,1.4287,0.4043774939533495466043135605
XRP-USD,2026-08-30T18:37:53.673406Z,1.4286,1.4288,0.0002,1.4287,0.4043774939533495466043135605
XRP-USD,2026-08-30T18:37:53.709166Z,1.4286,1.4288,0.0002,1.4287,0.4043774939533495466043135605
XRP-USD,2026-08-30T18:37:53.781497Z,1.4286,1.4288,0.0002,1.4287,0.4043774939533495466043135605
XRP-USD,2026-08-30T18:37:53.838602Z,1.4286,1.4288,0.0002,1.4287,0.3868202488780552399803020847
XRP-USD,2026-08-30T18:37:53.954977Z,1.4286,1.4288,0.0002,1.4287,0.3721222289735598691867991354
XRP-USD,2026-08-30T18:37:53.9969Z,1.4286,1.4288,0.0002,1.4287,0.3721222289735598691867991354
XRP-USD,2026-08-30T18:37:54.026668Z,1.4286,1.4288,0.0002,1.4287,0.3721222289735598691867991354
XRP-USD,2026-08-30T18:37:54.066958Z,1.4286,1.4288,0.0002,1.4287,0.3987586066439529456989112417
XRP-USD,2026-08-30T18:37:54.113637Z,1.4286,1.4288,0.0002,1.4287,0.3987586066439529456989112417
XRP-USD,2026-08-30T18:37:54.310882Z,1.4286,1.4288,0.0002,1.4287,0.3987586069716693468129338203
XRP-USD,2026-08-30T18:37:54.339384Z,1.4287,1.4289,0.0002,1.4288,0.05642652467147923862735178847
XRP-USD,2026-08-30T18:37:54.390271Z,1.4287,1.4289,0.0002,1.4288,-0.02540475165083414037697923327
XRP-USD,2026-08-30T18:37:54.434143Z,1.4287,1.4289,0.0002,1.4288,-0.008286957620288612186826922641
XRP-USD,2026-08-30T18:37:54.470313Z,1.4288,1.4289,0.0001,1.42885,0.1351355532096967547285204275
XRP-USD,2026-08-30T18:37:54.55799Z,1.4287,1.429,0.0003,1.42885,0.2374422087758677627614646109
XRP-USD,2026-08-30T18:37:54.624702Z,1.4287,1.4289,0.0002,1.4288,0.3509996091000843589411594816
XRP-USD,2026-08-30T18:37:54.699981Z,1.4287,1.4289,0.0002,1.4288,0.3004770400465903156570032907
XRP-USD,2026-08-30T18:37:54.779018Z,1.4287,1.4289,0.0002,1.4288,0.3004770400465903156570032907
XRP-USD,2026-08-30T18:37:54.851758Z,1.4287,1.4289,0.0002,1.4288,0.3004770400465903156570032907
XRP-USD,2026-08-30T18:37:54.924136Z,1.4287,1.4289,0.0002,1.4288,0.2973853837036745207248203436
XRP-USD,2026-08-30T18:37:54.945735Z,1.4287,1.4289,0.0002,1.4288,0.3004770400465903156570032907
XRP-USD,2026-08-30T18:37:55.018721Z,1.4287,1.4289,0.0002,1.4288,0.3004770400465903156570032907
XRP-USD,2026-08-30T18:37:55.065732Z,1.4287,1.4289,0.0002,1.4288,0.3011447129235096708371478439
XRP-USD,2026-08-30T18:37:55.129529Z,1.4287,1.4289,0.0002,1.4288,0.3011447129235096708371478439
XRP-USD,2026-08-30T18:37:55.253888Z,1.4287,1.4289,0.0002,1.4288,0.3011447129235096708371478439
XRP-USD,2026-08-30T18:37:55.37681Z,1.4287,1.4289,0.0002,1.4288,0.3488049244164180461521774200
XRP-USD,2026-08-30T18:37:55.418808Z,1.4287,1.4289,0.0002,1.4288,0.3488049244164180461521774200
XRP-USD,2026-08-30T18:37:55.527383Z,1.4286,1.4289,0.0003,1.42875,0.3511220124756858066721632127
XRP-USD,2026-08-30T18:37:55.572908Z,1.4276,1.4283,0.0007,1.42795,0.8422948078357955112884824642
XRP-USD,2026-08-30T18:37:55.607889Z,1.4277,1.4286,0.0009,1.42815,0.1550486585525325506179014358
XRP-USD,2026-08-30T18:37:55.667138Z,1.4278,1.4281,0.0003,1.42795,-0.1821729625040991948867343702
XRP-USD,2026-08-30T18:37:55.721826Z,1.4278,1.4281,0.0003,1.42795,-0.6238811505726859051185820188
XRP-USD,2026-08-30T18:37:55.769125Z,1.4279,1.428,0.0001,1.42795,0.5248895882373392409611841148
XRP-USD,2026-08-30T18:37:55.823055Z,1.4279,1.428,0.0001,1.42795,-0.2666762171399687594441810471
XRP-USD,2026-08-30T18:37:55.872738Z,1.4279,1.428,0.0001,1.42795,0.1024497480411750655649830287
XRP-USD,2026-08-30T18:37:55.924662Z,1.4277,1.428,0.0003,1.42785,0.1167098549376939696367378465
XRP-USD,2026-08-30T18:37:55.940202Z,1.4278,1.428,0.0002,1.4279,-0.1206031977458701382458642336
XRP-USD,2026-08-30T18:37:55.951822Z,1.4277,1.4279,0.0002,1.4278,0.2392498974732533471094600105
XRP-USD,2026-08-30T18:37:56.046621Z,1.4275,1.4278,0.0003,1.42765,-0.03004961892708337880347768595
XRP-USD,2026-08-30T18:37:56.107767Z,1.4277,1.4278,0.0001,1.42775,-0.05398320670584634844614831028
XRP-USD,2026-08-30T18:37:56.154078Z,1.4277,1.4278,0.0001,1.42775,0.03946332932031865089069752437
XRP-USD,2026-08-30T18:37:56.223243Z,1.4277,1.4278,0.0001,1.42775,0.08718299799087504458466137547
XRP-USD,2026-08-30T18:37:56.252883Z,1.4277,1.4278,0.0001,1.42775,0.003196633407051666882970707373
XRP-USD,2026-08-30T18:37:56.314079Z,1.4276,1.4278,0.0002,1.4277,-0.07190465825760916191404048309
XRP-USD,2026-08-30T18:37:56.377051Z,1.4274,1.4278,0.0004,1.4276,0.3301928447231897651279802879
XRP-USD,2026-08-30T18:37:56.395781Z,1.4275,1.4278,0.0003,1.42765,-0.06217984302591679275407405374
XRP-USD,2026-08-30T18:37:56.487723Z,1.4274,1.4277,0.0003,1.42755,0.02909163523857339215661805482
XRP-USD,2026-08-30T18:37:56.561181Z,1.4274,1.4277,0.0003,1.42755,0.04184284246826585759107806642
XRP-USD,2026-08-30T18:37:56.587823Z,1.4278,1.4281,0.0003,1.42795,-0.5885444597321538722948845300
XRP-USD,2026-08-30T18:37:56.712463Z,1.4278,1.428,0.0002,1.4279,-0.3334335547110962585900185542
XRP-USD,2026-08-30T18:37:56.747749Z,1.4278,1.428,0.0002,1.4279,-0.3549602888529101692671027702
XRP-USD,2026-08-30T18:37:56.817697Z,1.4278,1.428,0.0002,1.4279,-0.3549602888529101692671027702
XRP-USD,2026-08-30T18:37:56.860644Z,1.4278,1.428,0.0002,1.4279,-0.08848168013500708746217075130
XRP-USD,2026-08-30T18:37:56.896552Z,1.4278,1.428,0.0002,1.4279,-0.1376501217023390325537548124
XRP-USD,2026-08-30T18:37:56.962728Z,1.4278,1.428,0.0002,1.4279,-0.09579156438264044074201934192
XRP-USD,2026-08-30T18:37:57.02917Z,1.4278,1.428,0.0002,1.4279,-0.09008250932677904342912389583
XRP-USD,2026-08-30T18:37:57.201971Z,1.4278,1.428,0.0002,1.4279,-0.08061765151000486810298871341
XRP-USD,2026-08-30T18:37:57.217437Z,1.4278,1.428,0.0002,1.4279,-0.08061765151000486810298871341
XRP-USD,2026-08-30T18:37:57.24756Z,1.4278,1.428,0.0002,1.4279,-0.08061765151000486810298871341
XRP-USD,2026-08-30T18:37:57.362317Z,1.4279,1.428,0.0001,1.42795,-0.3304851907226368443854507188
XRP-USD,2026-08-30T18:37:57.395171Z,1.4279,1.428,0.0001,1.42795,-0.007761033701167522594453545043
XRP-USD,2026-08-30T18:37:57.464037Z,1.4279,1.428,0.0001,1.42795,0.3604694042517444511595254182
XRP-USD,2026-08-30T18:37:57.504116Z,1.4279,1.428,0.0001,1.42795,0.3604694042517444511595254182
XRP-USD,2026-08-30T18:37:57.548647Z,1.4279,1.428,0.0001,1.42795,0.3713669809262118397540421979
XRP-USD,2026-08-30T18:37:57.657979Z,1.4279,1.428,0.0001,1.42795,0.3713812631115725644921716382
XRP-USD,2026-08-30T18:37:57.746366Z,1.4279,1.428,0.0001,1.42795,0.3484050156932030538216812776
XRP-USD,2026-08-30T18:37:57.820737Z,1.4279,1.428,0.0001,1.42795,0.3484050156932030538216812776
XRP-USD,2026-08-30T18:37:57.901804Z,1.4279,1.428,0.0001,1.42795,0.3484050156932030538216812776
XRP-USD,2026-08-30T18:37:57.919581Z,1.4279,1.428,0.0001,1.42795,0.3484050156932030538216812776
XRP-USD,2026-08-30T18:37:58.028465Z,1.4279,1.428,0.0001,1.42795,0.3534522250520918297136898174
XRP-USD,2026-08-30T18:37:58.100861Z,1.4279,1.428,0.0001,1.42795,0.3125360752800696085908565465
XRP-USD,2026-08-30T18:37:58.150164Z,1.4279,1.428,0.0001,1.42795,0.2875915059467299971502691090
XRP-USD,2026-08-30T18:37:58.21106Z,1.4277,1.428,0.0003,1.42785,0.3244184892462411612716413584
XRP-USD,2026-08-30T18:37:58.268335Z,1.4277,1.428,0.0003,1.42785,0.2664955120128363013585093148
XRP-USD,2026-08-30T18:37:58.320415Z,1.4277,1.428,0.0003,1.42785,0.2665399230217487380038099221
XRP-USD,2026-08-30T18:37:58.368389Z,1.4277,1.428,0.0003,1.42785,0.3009084412011361927954128461
XRP-USD,2026-08-30T18:37:58.411225Z,1.4278,1.428,0.0002,1.4279,0.3124688174778913460651978445
XRP-USD,2026-08-30T18:37:58.47047Z,1.4278,1.428,0.0002,1.4279,0.3451314853888071058648527526
XRP-USD,2026-08-30T18:37:58.516239Z,1.4278,1.428,0.0002,1.4279,0.3451314853888071058648527526
XRP-USD,2026-08-30T18:37:58.542838Z,1.4278,1.428,0.0002,1.4279,0.3124688174778913460651978445
XRP-USD,2026-08-30T18:37:58.663251Z,1.4278,1.428,0.0002,1.4279,0.3044941558152470406832454941
XRP-USD,2026-08-30T18:37:58.686623Z,1.4278,1.428,0.0002,1.4279,0.3044941558152470406832454941
XRP-USD,2026-08-30T18:37:58.758105Z,1.4278,1.428,0.0002,1.4279,0.3044941558152470406832454941
XRP-USD,2026-08-30T18:37:58.786594Z,1.4278,1.428,0.0002,1.4279,0.3044941558152470406832454941
XRP-USD,2026-08-30T18:37:58.833836Z,1.4278,1.428,0.0002,1.4279,0.3044941558152470406832454941
XRP-USD,2026-08-30T18:37:58.938168Z,1.4278,1.428,0.0002,1.4279,0.2835588764775506094939786742
XRP-USD,2026-08-30T18:37:59.015976Z,1.4278,1.428,0.0002,1.4279,0.2835588764775506094939786742
XRP-USD,2026-08-30T18:37:59.038338Z,1.4278,1.428,0.0002,1.4279,0.2835588764775506094939786742
XRP-USD,2026-08-30T18:37:59.122792Z,1.4279,1.428,0.0001,1.42795,-0.02708596574214325212798930509
XRP-USD,2026-08-30T18:37:59.165199Z,1.4279,1.428,0.0001,1.42795,0.02239223303320007687786067671
XRP-USD,2026-08-30T18:37:59.18138Z,1.4279,1.428,0.0001,1.42795,0.3425114631245390923421269321
XRP-USD,2026-08-30T18:37:59.253128Z,1.4279,1.428,0.0001,1.42795,0.3104998681128650924917114458
XRP-USD,2026-08-30T18:37:59.276459Z,1.4279,1.428,0.0001,1.42795,0.2751673528668970389940019377
XRP-USD,2026-08-30T18:37:59.36569Z,1.4279,1.428,0.0001,1.42795,0.2751673528668970389940019377
XRP-USD,2026-08-30T18:37:59.41042Z,1.4279,1.428,0.0001,1.42795,0.2751673528668970389940019377
XRP-USD,2026-08-30T18:37:59.513882Z,1.4279,1.428,0.0001,1.42795,0.2751673528668970389940019377
XRP-USD,2026-08-30T18:37:59.596359Z,1.4279,1.428,0.0001,1.42795,0.3045861736018530153377697611
XRP-USD,2026-08-30T18:37:59.6677Z,1.4277,1.428,0.0003,1.42785,0.2829261730513650890761022921
XRP-USD,2026-08-30T18:37:59.697965Z,1.4277,1.428,0.0003,1.42785,0.2924353226003350883679374714
XRP-USD,2026-08-30T18:37:59.773488Z,1.4277,1.428,0.0003,1.42785,0.3254905674643701048426965006
XRP-USD,2026-08-30T18:37:59.823328Z,1.4279,1.428,0.0001,1.42795,0.3653195815692267410488552771
XRP-USD,2026-08-30T18:37:59.879736Z,1.4279,1.428,0.0001,1.42795,0.3248420155911323435368311404
XRP-USD,2026-08-30T18:37:59.884111Z,1.4279,1.428,0.0001,1.42795,0.3248420155911323435368311404
XRP-USD,2026-08-30T18:37:59.9869Z,1.4279,1.428,0.0001,1.42795,0.2984402362726845141354062760
XRP-USD,2026-08-30T18:38:00.054102Z,1.4279,1.428,0.0001,1.42795,0.4431996938356347941150188020
XRP-USD,2026-08-30T18:38:00.128764Z,1.4279,1.428,0.0001,1.42795,0.4283165278648624561515525945
XRP-USD,2026-08-30T18:38:00.376937Z,1.4279,1.428,0.0001,1.42795,0.4527083537582827620681762585
XRP-USD,2026-08-30T18:38:00.38993Z,1.4279,1.428,0.0001,1.42795,0.4527083537582827620681762585
XRP-USD,2026-08-30T18:38:00.444882Z,1.428,1.4281,0.0001,1.42805,0.3608567807288991472552692245
XRP-USD,2026-08-30T18:38:00.509699Z,1.428,1.4281,0.0001,1.42805,0.3591796621081463599613693543
XRP-USD,2026-08-30T18:38:00.572523Z,1.428,1.4281,0.0001,1.42805,0.3281058177167420935627816158
XRP-USD,2026-08-30T18:38:00.655467Z,1.428,1.4281,0.0001,1.42805,0.2706132365036748149507703421
XRP-USD,2026-08-30T18:38:00.723575Z,1.428,1.4282,0.0002,1.4281,0.1921767150906392211004367255
XRP-USD,2026-08-30T18:38:00.751221Z,1.428,1.4282,0.0002,1.4281,0.1974524568496740252629698797
XRP-USD,2026-08-30T18:38:00.828138Z,1.428,1.4282,0.0002,1.4281,0.1974524568496740252629698797
XRP-USD,2026-08-30T18:38:00.854622Z,1.428,1.4282,0.0002,1.4281,0.1974524568496740252629698797
XRP-USD,2026-08-30T18:38:00.946765Z,1.4281,1.4282,0.0001,1.42815,-0.04417160605082683297838051898
XRP-USD,2026-08-30T18:38:01.015307Z,1.4281,1.4282,0.0001,1.42815,0.1395988321204417084904627573
XRP-USD,2026-08-30T18:38:01.06168Z,1.4281,1.4282,0.0001,1.42815,0.1395988321204417084904627573
XRP-USD,2026-08-30T18:38:01.116299Z,1.4281,1.4282,0.0001,1.42815,0.1354910238799444833896626763
XRP-USD,2026-08-30T18:38:01.197478Z,1.4281,1.4282,0.0001,1.42815,0.1354910238799444833896626763
XRP-USD,2026-08-30T18:38:01.324232Z,1.428,1.4282,0.0002,1.4281,0.2104270099693466666374073797
XRP-USD,2026-08-30T18:38:01.332045Z,1.428,1.4282,0.0002,1.4281,0.2104270099693466666374073797
XRP-USD,2026-08-30T18:38:01.403544Z,1.428,1.4282,0.0002,1.4281,0.2104270099693466666374073797
XRP-USD,2026-08-30T18:38:01.471317Z,1.428,1.4282,0.0002,1.4281,0.2041324480928175060588989700
XRP-USD,2026-08-30T18:38:01.518812Z,1.4283,1.4284,0.0001,1.42835,-0.3343830655392462409277818474
XRP-USD,2026-08-30T18:38:01.563287Z,1.4283,1.4284,0.0001,1.42835,0.4676292882450716819997651842
XRP-USD,2026-08-30T18:38:01.620094Z,1.4283,1.4284,0.0001,1.42835,0.1535530762945438699869613359
XRP-USD,2026-08-30T18:38:01.669927Z,1.4282,1.4284,0.0002,1.4283,-0.03146661755048357372193648801
XRP-USD,2026-08-30T18:38:01.687797Z,1.4282,1.4284,0.0002,1.4283,-0.06123987323468106326802773461
XRP-USD,2026-08-30T18:38:01.74276Z,1.4282,1.4284,0.0002,1.4283,-0.06123987323468106326802773461
XRP-USD,2026-08-30T18:38:01.805794Z,1.4282,1.4284,0.0002,1.4283,-0.03176785095002263381033445115
XRP-USD,2026-08-30T18:38:01.868264Z,1.4283,1.4284,0.0001,1.42835,0.1053335909288142059665617075
XRP-USD,2026-08-30T18:38:01.97478Z,1.4283,1.4284,0.0001,1.42835,0.1053335909288142059665617075
XRP-USD,2026-08-30T18:38:01.982178Z,1.4283,1.4284,0.0001,1.42835,0.1053335909288142059665617075
XRP-USD,2026-08-30T18:38:02.056206Z,1.4283,1.4284,0.0001,1.42835,0.1053335909288142059665617075
XRP-USD,2026-08-30T18:38:02.080983Z,1.4283,1.4284,0.0001,1.42835,0.1053335909288142059665617075
XRP-USD,2026-08-30T18:38:02.165479Z,1.4283,1.4284,0.0001,1.42835,0.1053335909288142059665617075
XRP-USD,2026-08-30T18:38:02.254368Z,1.4283,1.4284,0.0001,1.42835,0.1053335909288142059665617075
XRP-USD,2026-08-30T18:38:02.348131Z,1.4283,1.4284,0.0001,1.42835,0.1053335909288142059665617075
XRP-USD,2026-08-30T18:38:02.411032Z,1.4283,1.4284,0.0001,1.42835,-0.001453767163037028199452955059
XRP-USD,2026-08-30T18:38:02.44925Z,1.4283,1.4284,0.0001,1.42835,0.3904991507760754169425752806
XRP-USD,2026-08-30T18:38:02.515893Z,1.4283,1.4284,0.0001,1.42835,0.3474576574724582242930483334
XRP-USD,2026-08-30T18:38:02.553148Z,1.4283,1.4284,0.0001,1.42835,0.3480328172156787590462155431
XRP-USD,2026-08-30T18:38:02.628012Z,1.4283,1.4284,0.0001,1.42835,0.3480328172156787590462155431
XRP-USD,2026-08-30T18:38:02.661558Z,1.4283,1.4284,0.0001,1.42835,0.3480328172156787590462155431
XRP-USD,2026-08-30T18:38:02.717219Z,1.4283,1.4284,0.0001,1.42835,0.3480328172156787590462155431
XRP-USD,2026-08-30T18:38:02.763474Z,1.4283,1.4284,0.0001,1.42835,0.3480328172156787590462155431
XRP-USD,2026-08-30T18:38:02.831456Z,1.4283,1.4284,0.0001,1.42835,0.3480328172156787590462155431
XRP-USD,2026-08-30T18:38:02.855025Z,1.4283,1.4284,0.0001,1.42835,0.4343463853217158147139462358
XRP-USD,2026-08-30T18:38:02.883807Z,1.4283,1.4284,0.0001,1.42835,0.5893581742998254354354681112
XRP-USD,2026-08-30T18:38:02.92226Z,1.4283,1.4284,0.0001,1.42835,0.4343463853217158147139462358
XRP-USD,2026-08-30T18:38:03.017946Z,1.4283,1.4284,0.0001,1.42835,0.4343726265311943104062953433
XRP-USD,2026-08-30T18:38:03.027392Z,1.4283,1.4284,0.0001,1.42835,0.4343726265311943104062953433
XRP-USD,2026-08-30T18:38:03.217827Z,1.4284,1.4285,0.0001,1.42845,0.1597176808889378275055987922
XRP-USD,2026-08-30T18:38:03.258646Z,1.4284,1.4285,0.0001,1.42845,0.1769397517384830075565087584
XRP-USD,2026-08-30T18:38:03.320637Z,1.4284,1.4285,0.0001,1.42845,0.02022088826831873221957657028
XRP-USD,2026-08-30T18:38:03.410475Z,1.4284,1.4285,0.0001,1.42845,0.02022088826831873221957657028
XRP-USD,2026-08-30T18:38:03.446932Z,1.4284,1.4285,0.0001,1.42845,-0.01004660662665750216355596531
XRP-USD,2026-08-30T18:38:03.471794Z,1.4284,1.4285,0.0001,1.42845,-0.01004660662665750216355596531
XRP-USD,2026-08-30T18:38:03.60201Z,1.4284,1.4285,0.0001,1.42845,0.003113108969698709004233383836
XRP-USD,2026-08-30T18:38:03.6113Z,1.4284,1.4285,0.0001,1.42845,0.01736223211145053292236031769
XRP-USD,2026-08-30T18:38:03.725003Z,1.4284,1.4285,0.0001,1.42845,0.09859532665001620144069192432
XRP-USD,2026-08-30T18:38:03.764397Z,1.4284,1.4286,0.0002,1.4285,-0.3234556578326863526405254013
XRP-USD,2026-08-30T18:38:03.809853Z,1.4284,1.4286,0.0002,1.4285,0.03443129754980584954181229699
XRP-USD,2026-08-30T18:38:03.876113Z,1.4284,1.4286,0.0002,1.4285,-0.3202055443034409760358698783
XRP-USD,2026-08-30T18:38:03.928196Z,1.4283,1.4285,0.0002,1.4284,0.4500898287253698857400350417
XRP-USD,2026-08-30T18:38:03.982913Z,1.4284,1.4285,0.0001,1.42845,0.04616117730110975880989374090
XRP-USD,2026-08-30T18:38:04.015101Z,1.4284,1.4285,0.0001,1.42845,0.04710542040055422938024926780
XRP-USD,2026-08-30T18:38:04.029748Z,1.4284,1.4285,0.0001,1.42845,0.04805382933054510258873377577
XRP-USD,2026-08-30T18:38:04.106249Z,1.4284,1.4285,0.0001,1.42845,0.01314357291460007358283269687
XRP-USD,2026-08-30T18:38:04.166556Z,1.4284,1.4285,0.0001,1.42845,0.01225933289409581434146026290
XRP-USD,2026-08-30T18:38:04.176986Z,1.4284,1.4285,0.0001,1.42845,0.01225933289409581434146026290
XRP-USD,2026-08-30T18:38:04.249369Z,1.4284,1.4285,0.0001,1.42845,0.01225933289409581434146026290
XRP-USD,2026-08-30T18:38:04.322553Z,1.4284,1.4285,0.0001,1.42845,0.01225933289409581434146026290
XRP-USD,2026-08-30T18:38:04.351809Z,1.4284,1.4285,0.0001,1.42845,0.01137456313003175061367508925
XRP-USD,2026-08-30T18:38:04.400619Z,1.4284,1.4285,0.0001,1.42845,-0.02262933683797262438075203681
XRP-USD,2026-08-30T18:38:04.448727Z,1.4284,1.4285,0.0001,1.42845,-0.05505646071389305891819693873
XRP-USD,2026-08-30T18:38:04.457296Z,1.4284,1.4285,0.0001,1.42845,-0.05505646071389305891819693873
XRP-USD,2026-08-30T18:38:04.573845Z,1.4284,1.4285,0.0001,1.42845,0.02918029054886887398751842520
XRP-USD,2026-08-30T18:38:04.618635Z,1.4285,1.4286,0.0001,1.42855,0.01158878880855207865873149989
XRP-USD,2026-08-30T18:38:04.648919Z,1.4285,1.4286,0.0001,1.42855,0.1026072232587765420356903045
XRP-USD,2026-08-30T18:38:04.726133Z,1.4285,1.4286,0.0001,1.42855,0.06340389157666943788102112202
XRP-USD,2026-08-30T18:38:04.773371Z,1.4285,1.4286,0.0001,1.42855,0.01616217735855701731302771464
XRP-USD,2026-08-30T18:38:04.822072Z,1.4283,1.4286,0.0003,1.42845,0.05984980660065199830718293906
XRP-USD,2026-08-30T18:38:04.870386Z,1.4283,1.4286,0.0003,1.42845,0.02900535918386004407344508071
XRP-USD,2026-08-30T18:38:04.922724Z,1.4284,1.4286,0.0002,1.4285,-0.03290118368314224101362004650
XRP-USD,2026-08-30T18:38:04.975409Z,1.4284,1.4286,0.0002,1.4285,0.01765770823879820105210992834
XRP-USD,2026-08-30T18:38:05.017498Z,1.4284,1.4286,0.0002,1.4285,0.01765770823879820105210992834
XRP-USD,2026-08-30T18:38:05.065862Z,1.4284,1.4286,0.0002,1.4285,0.01850386369664333887770045365
XRP-USD,2026-08-30T18:38:05.121492Z,1.4285,1.4286,0.0001,1.42855,0.06708429148889332521875310236
XRP-USD,2026-08-30T18:38:05.140557Z,1.4285,1.4286,0.0001,1.42855,0.1503608888337174665171082605
XRP-USD,2026-08-30T18:38:05.221895Z,1.4285,1.4286,0.0001,1.42855,0.1126293069174908141557018921
XRP-USD,2026-08-30T18:38:05.257544Z,1.4285,1.4286,0.0001,1.42855,0.1243004356440119222949264642
XRP-USD,2026-08-30T18:38:05.325134Z,1.4285,1.4286,0.0001,1.42855,0.07880136359852334502928855587
XRP-USD,2026-08-30T18:38:05.364263Z,1.4285,1.4286,0.0001,1.42855,0.07880136359852334502928855587
XRP-USD,2026-08-30T18:38:05.397289Z,1.4285,1.4286,0.0001,1.42855,0.07832578118402075881849325069
XRP-USD,2026-08-30T18:38:05.413703Z,1.4285,1.4286,0.0001,1.42855,0.07829413071678566660187850199
XRP-USD,2026-08-30T18:38:05.510024Z,1.4285,1.4286,0.0001,1.42855,0.09175751100156312100964701951
XRP-USD,2026-08-30T18:38:05.541582Z,1.4285,1.4286,0.0001,1.42855,0.2036575298835023952371204750
XRP-USD,2026-08-30T18:38:05.619644Z,1.4285,1.4286,0.0001,1.42855,-0.1728375360155429218408952640
XRP-USD,2026-08-30T18:38:05.645669Z,1.4285,1.4286,0.0001,1.42855,0.2194734184156387932903985823
XRP-USD,2026-08-30T18:38:05.70365Z,1.4285,1.4286,0.0001,1.42855,0.2194734184156387932903985823
XRP-USD,2026-08-30T18:38:05.766118Z,1.4285,1.4286,0.0001,1.42855,0.1968499929332312166338725268
XRP-USD,2026-08-30T18:38:05.821863Z,1.4285,1.4286,0.0001,1.42855,0.1968499929332312166338725268
XRP-USD,2026-08-30T18:38:05.858343Z,1.4285,1.4286,0.0001,1.42855,0.1876017299323374164714339484
XRP-USD,2026-08-30T18:38:05.881713Z,1.4285,1.4286,0.0001,1.42855,0.1980094478684137354312990771
XRP-USD,2026-08-30T18:38:05.897982Z,1.4285,1.4286,0.0001,1.42855,0.1980363413000802431699986125
XRP-USD,2026-08-30T18:38:05.999784Z,1.4283,1.4285,0.0002,1.4284,0.3128357639812966267736910199
XRP-USD,2026-08-30T18:38:06.073783Z,1.4283,1.4284,0.0001,1.42835,-0.09202584532339936034394785947
XRP-USD,2026-08-30T18:38:06.171337Z,1.4285,1.4286,0.0001,1.42855,-0.07464282775889815229340622866
XRP-USD,2026-08-30T18:38:06.217936Z,1.4285,1.4286,0.0001,1.42855,-0.07907078536487958679785099917
XRP-USD,2026-08-30T18:38:06.262906Z,1.4285,1.4286,0.0001,1.42855,-0.3235861204708921596710720149
XRP-USD,2026-08-30T18:38:06.307754Z,1.4285,1.4286,0.0001,1.42855,-0.3520699065702748467094556478
XRP-USD,2026-08-30T18:38:06.379665Z,1.4285,1.4286,0.0001,1.42855,-0.3521330423511195365194421960
XRP-USD,2026-08-30T18:38:06.43313Z,1.4285,1.4286,0.0001,1.42855,0.02015675187955451373217016960
XRP-USD,2026-08-30T18:38:06.570374Z,1.4285,1.4286,0.0001,1.42855,0.01971390122157132976669212308
XRP-USD,2026-08-30T18:38:06.611863Z,1.4283,1.4286,0.0003,1.42845,-0.01755072628560935553207304631
XRP-USD,2026-08-30T18:38:06.667806Z,1.4283,1.4286,0.0003,1.42845,-0.2349817317632443102903440037
XRP-USD,2026-08-30T18:38:06.722664Z,1.4283,1.4286,0.0003,1.42845,-0.2257692594293593317930177166
XRP-USD,2026-08-30T18:38:06.815181Z,1.4285,1.4286,0.0001,1.42855,-0.2454548579373181123962230750
XRP-USD,2026-08-30T18:38:06.8757Z,1.4285,1.4286,0.0001,1.42855,0.06941468987511676595853412001
XRP-USD,2026-08-30T18:38:06.927847Z,1.4285,1.4286,0.0001,1.42855,0.06941468987511676595853412001
XRP-USD,2026-08-30T18:38:06.939782Z,1.4285,1.4286,0.0001,1.42855,0.02352578788985174701156765168
XRP-USD,2026-08-30T18:38:07.0303Z,1.4285,1.4286,0.0001,1.42855,0.02438182161432435066739223966
XRP-USD,2026-08-30T18:38:07.089141Z,1.4285,1.4286,0.0001,1.42855,0.02438182161432435066739223966
XRP-USD,2026-08-30T18:38:07.161301Z,1.4285,1.4286,0.0001,1.42855,0.02438182161432435066739223966
XRP-USD,2026-08-30T18:38:07.283434Z,1.4285,1.4286,0.0001,1.42855,0.02438182161432435066739223966
XRP-USD,2026-08-30T18:38:07.330326Z,1.4285,1.4286,0.0001,1.42855,0.02395412484187008537794108078
XRP-USD,2026-08-30T18:38:07.400565Z,1.4285,1.4286,0.0001,1.42855,0.03924860510813053392477017498
XRP-USD,2026-08-30T18:38:07.500605Z,1.4285,1.4286,0.0001,1.42855,0.03882067389271563860598979730
XRP-USD,2026-08-30T18:38:07.894811Z,1.4285,1.4286,0.0001,1.42855,0.06242068862107571618977456779
XRP-USD,2026-08-30T18:38:07.904714Z,1.4285,1.4286,0.0001,1.42855,0.06242068862107571618977456779
XRP-USD,2026-08-30T18:38:08.045643Z,1.4283,1.4286,0.0003,1.42845,0.04304305196878849538680881853
XRP-USD,2026-08-30T18:38:08.100707Z,1.4283,1.4286,0.0003,1.42845,0.04312044887176932865881160774
XRP-USD,2026-08-30T18:38:08.160887Z,1.4283,1.4286,0.0003,1.42845,0.08646355300576006381930325635
XRP-USD,2026-08-30T18:38:08.215379Z,1.4285,1.4286,0.0001,1.42855,0.1194111655680129123293461781
XRP-USD,2026-08-30T18:38:08.248527Z,1.4285,1.4286,0.0001,1.42855,0.1569896899842902921036113678
XRP-USD,2026-08-30T18:38:08.301007Z,1.4285,1.4286,0.0001,1.42855,0.1194671311023567907439716685
XRP-USD,2026-08-30T18:38:08.348097Z,1.4285,1.4286,0.0001,1.42855,0.07832608597834171393229726372
XRP-USD,2026-08-30T18:38:08.389547Z,1.4285,1.4286,0.0001,1.42855,0.07789998860283072436261892711
XRP-USD,2026-08-30T18:38:08.541188Z,1.4285,1.4286,0.0001,1.42855,0.07766326995199993330219872966
XRP-USD,2026-08-30T18:38:08.665961Z,1.4285,1.4286,0.0001,1.42855,0.07327917568504095159256410511
XRP-USD,2026-08-30T18:38:08.698462Z,1.4285,1.4286,0.0001,1.42855,0.04303392527675371908584944584
XRP-USD,2026-08-30T18:38:08.755267Z,1.4285,1.4286,0.0001,1.42855,0.02833987335570126896608538917
XRP-USD,2026-08-30T18:38:08.869003Z,1.4283,1.4285,0.0002,1.4284,0.03904109288381381535142529654
XRP-USD,2026-08-30T18:38:08.939258Z,1.4284,1.4285,0.0001,1.42845,0.007129569223154207823334241193
XRP-USD,2026-08-30T18:38:09.020743Z,1.4284,1.4285,0.0001,1.42845,-0.08751633828393139469308398947
XRP-USD,2026-08-30T18:38:09.168817Z,1.4281,1.4284,0.0003,1.42825,-0.2837032572450620667211368496
XRP-USD,2026-08-30T18:38:09.215269Z,1.4281,1.4284,0.0003,1.42825,-0.2328025410021143624809575189
XRP-USD,2026-08-30T18:38:09.260041Z,1.4277,1.4282,0.0005,1.42795,-0.7812450969044235864819412748
XRP-USD,2026-08-30T18:38:09.350329Z,1.4276,1.4277,0.0001,1.42765,-0.7241953837891361647944173608
XRP-USD,2026-08-30T18:38:09.377843Z,1.4275,1.4276,0.0001,1.42755,-0.6502203567179983088506348703
XRP-USD,2026-08-30T18:38:09.436132Z,1.4275,1.4276,0.0001,1.42755,-0.6146370444822473888155112993
XRP-USD,2026-08-30T18:38:09.519335Z,1.4273,1.4274,0.0001,1.42735,-0.5621674597417766852366435192
XRP-USD,2026-08-30T18:38:09.56016Z,1.4273,1.4274,0.0001,1.42735,-0.5150593173574020893599911153
XRP-USD,2026-08-30T18:38:09.605741Z,1.4273,1.4274,0.0001,1.42735,-0.5851691052537944904304719545
XRP-USD,2026-08-30T18:38:09.655968Z,1.4273,1.4274,0.0001,1.42735,-0.6520625353998861751575572960
XRP-USD,2026-08-30T18:38:09.709119Z,1.4273,1.4274,0.0001,1.42735,-0.6520625353998861751575572960
XRP-USD,2026-08-30T18:38:09.759682Z,1.4273,1.4274,0.0001,1.42735,-0.6520625353998861751575572960
XRP-USD,2026-08-30T18:38:09.812969Z,1.4273,1.4274,0.0001,1.42735,-0.6520625353998861751575572960
XRP-USD,2026-08-30T18:38:09.860821Z,1.4273,1.4274,0.0001,1.42735,-0.6520625353998861751575572960
XRP-USD,2026-08-30T18:38:09.909186Z,1.4275,1.4276,0.0001,1.42755,-0.1666644236473998360670063846
XRP-USD,2026-08-30T18:38:09.962732Z,1.4274,1.4276,0.0002,1.4275,0.2112704138693822306441578670
XRP-USD,2026-08-30T18:38:09.99139Z,1.4274,1.4276,0.0002,1.4275,0.2423330275587187242551981908
XRP-USD,2026-08-30T18:38:10.063595Z,1.4277,1.4278,0.0001,1.42775,-0.3720378788634390145785748916
XRP-USD,2026-08-30T18:38:10.109969Z,1.4277,1.4278,0.0001,1.42775,-0.3556288633651841247629089882
XRP-USD,2026-08-30T18:38:10.1399Z,1.4277,1.4278,0.0001,1.42775,-0.05970766006021948901589844409
XRP-USD,2026-08-30T18:38:10.201901Z,1.4277,1.4278,0.0001,1.42775,-0.1282728314831740460151287994
XRP-USD,2026-08-30T18:38:10.257175Z,1.4277,1.4278,0.0001,1.42775,-0.5101731322102559518793738402
XRP-USD,2026-08-30T18:38:10.267437Z,1.4277,1.4278,0.0001,1.42775,-0.5101731322102559518793738402
XRP-USD,2026-08-30T18:38:10.356235Z,1.4277,1.4278,0.0001,1.42775,-0.5076705584874088256833258565
XRP-USD,2026-08-30T18:38:10.368409Z,1.4277,1.4278,0.0001,1.42775,-0.5076705584874088256833258565
XRP-USD,2026-08-30T18:38:10.473068Z,1.4277,1.4278,0.0001,1.42775,-0.5417483003859197084564368510
XRP-USD,2026-08-30T18:38:10.526052Z,1.4277,1.4278,0.0001,1.42775,-0.5417483003859197084564368510
XRP-USD,2026-08-30T18:38:10.531139Z,1.4277,1.4278,0.0001,1.42775,-0.5417483003859197084564368510
XRP-USD,2026-08-30T18:38:10.621894Z,1.4277,1.4278,0.0001,1.42775,-0.4806260224910637581794212129
XRP-USD,2026-08-30T18:38:10.652337Z,1.4277,1.4278,0.0001,1.42775,-0.4806260224910637581794212129
XRP-USD,2026-08-30T18:38:10.70832Z,1.4277,1.4278,0.0001,1.42775,-0.4806260224910637581794212129
XRP-USD,2026-08-30T18:38:10.775457Z,1.4277,1.4278,0.0001,1.42775,-0.4806260224910637581794212129
XRP-USD,2026-08-30T18:38:10.82957Z,1.4279,1.4281,0.0002,1.4280,-0.6619701737713769062254034456
XRP-USD,2026-08-30T18:38:10.845851Z,1.428,1.4281,0.0001,1.42805,-0.4119493495760130210576213937
XRP-USD,2026-08-30T18:38:10.925049Z,1.428,1.4281,0.0001,1.42805,-0.3376638632590367332033855737
XRP-USD,2026-08-30T18:38:10.981099Z,1.428,1.4281,0.0001,1.42805,-0.4539522585417890910605397933
XRP-USD,2026-08-30T18:38:10.988206Z,1.428,1.4281,0.0001,1.42805,-0.4646266086528216610838338842
XRP-USD,2026-08-30T18:38:11.024667Z,1.428,1.4281,0.0001,1.42805,-0.4646266086528216610838338842
XRP-USD,2026-08-30T18:38:11.108739Z,1.428,1.4281,0.0001,1.42805,-0.5812476205072234736473902802
XRP-USD,2026-08-30T18:38:11.166963Z,1.428,1.4281,0.0001,1.42805,-0.4042622268241915657622252488
XRP-USD,2026-08-30T18:38:11.215484Z,1.428,1.4281,0.0001,1.42805,-0.5014866870985574226070290894
XRP-USD,2026-08-30T18:38:11.264077Z,1.4281,1.4282,0.0001,1.42815,-0.4195474580593014441302092380
XRP-USD,2026-08-30T18:38:11.306603Z,1.4279,1.4282,0.0003,1.42805,-0.3029022973390965837297880890
XRP-USD,2026-08-30T18:38:11.357512Z,1.428,1.4281,0.0001,1.42805,-0.4146685109759430461549390188
XRP-USD,2026-08-30T18:38:11.372345Z,1.428,1.4281,0.0001,1.42805,-0.4146685109759430461549390188
XRP-USD,2026-08-30T18:38:11.410227Z,1.428,1.4281,0.0001,1.42805,-0.4950930696264529051287962844
XRP-USD,2026-08-30T18:38:11.443804Z,1.428,1.4281,0.0001,1.42805,-0.4950930696264529051287962844
XRP-USD,2026-08-30T18:38:11.552081Z,1.428,1.4281,0.0001,1.42805,-0.4894671854823042159412417462
XRP-USD,2026-08-30T18:38:11.624754Z,1.428,1.4281,0.0001,1.42805,-0.4961524096537289020112706685
XRP-USD,2026-08-30T18:38:11.683935Z,1.428,1.4281,0.0001,1.42805,-0.5351243961226823670713055015
XRP-USD,2026-08-30T18:38:11.695351Z,1.428,1.4281,0.0001,1.42805,-0.4992078907482635588714283286
XRP-USD,2026-08-30T18:38:11.821657Z,1.428,1.4281,0.0001,1.42805,-0.4836004239057788418658323098
XRP-USD,2026-08-30T18:38:11.862307Z,1.428,1.4281,0.0001,1.42805,-0.4836004239057788418658323098
XRP-USD,2026-08-30T18:38:11.902967Z,1.428,1.4281,0.0001,1.42805,-0.5346254194387024763383529598
XRP-USD,2026-08-30T18:38:12.014704Z,1.428,1.4281,0.0001,1.42805,-0.3290432782793145337242288268
XRP-USD,2026-08-30T18:38:12.051428Z,1.428,1.4281,0.0001,1.42805,-0.5152885641421720335283511403
XRP-USD,2026-08-30T18:38:12.094129Z,1.428,1.4281,0.0001,1.42805,-0.5152885641421720335283511403
XRP-USD,2026-08-30T18:38:12.122383Z,1.428,1.4281,0.0001,1.42805,-0.4564524750531399715028034654
XRP-USD,2026-08-30T18:38:12.166624Z,1.428,1.4281,0.0001,1.42805,-0.5152885641421720335283511403
XRP-USD,2026-08-30T18:38:12.274436Z,1.4279,1.4281,0.0002,1.4280,-0.5353007082227327165130198323
XRP-USD,2026-08-30T18:38:12.320988Z,1.4279,1.4281,0.0002,1.4280,-0.6371957753484938819959022821
XRP-USD,2026-08-30T18:38:12.351066Z,1.4279,1.4281,0.0002,1.4280,-0.4586461542226891869778295158
XRP-USD,2026-08-30T18:38:12.41409Z,1.428,1.4281,0.0001,1.42805,-0.4637443089866731993437498875
XRP-USD,2026-08-30T18:38:12.45444Z,1.428,1.4281,0.0001,1.42805,-0.3232016506032543306025448958
XRP-USD,2026-08-30T18:38:12.485919Z,1.428,1.4281,0.0001,1.42805,-0.3884020261466491205320795886
XRP-USD,2026-08-30T18:38:12.554945Z,1.428,1.4281,0.0001,1.42805,-0.4744578800288227898414124739
XRP-USD,2026-08-30T18:38:12.6124Z,1.428,1.4281,0.0001,1.42805,-0.4744578800288227898414124739
XRP-USD,2026-08-30T18:38:12.662326Z,1.428,1.4281,0.0001,1.42805,-0.4161359168355769820908921906
XRP-USD,2026-08-30T18:38:12.688405Z,1.428,1.4281,0.0001,1.42805,-0.4232838994995348460611516963
XRP-USD,2026-08-30T18:38:12.766226Z,1.428,1.4281,0.0001,1.42805,-0.5555553670995064354392553972
XRP-USD,2026-08-30T18:38:12.816026Z,1.428,1.4281,0.0001,1.42805,-0.4265549956846137988647300493
XRP-USD,2026-08-30T18:38:12.863551Z,1.428,1.4281,0.0001,1.42805,-0.4265549956846137988647300493
XRP-USD,2026-08-30T18:38:12.927257Z,1.428,1.4281,0.0001,1.42805,-0.4093982405465075430853321021
XRP-USD,2026-08-30T18:38:12.951544Z,1.428,1.4281,0.0001,1.42805,-0.4093982405465075430853321021
XRP-USD,2026-08-30T18:38:13.017938Z,1.428,1.4281,0.0001,1.42805,-0.4093982405465075430853321021
XRP-USD,2026-08-30T18:38:13.025073Z,1.428,1.4281,0.0001,1.42805,-0.4093982405465075430853321021
XRP-USD,2026-08-30T18:38:13.160232Z,1.428,1.4281,0.0001,1.42805,-0.4093982405465075430853321021
XRP-USD,2026-08-30T18:38:13.198651Z,1.428,1.4281,0.0001,1.42805,-0.4093982405465075430853321021
XRP-USD,2026-08-30T18:38:13.271429Z,1.428,1.4281,0.0001,1.42805,-0.4093982405465075430853321021
XRP-USD,2026-08-30T18:38:13.307161Z,1.428,1.4281,0.0001,1.42805,-0.4990979250775634208839325279
XRP-USD,2026-08-30T18:38:13.341125Z,1.428,1.4281,0.0001,1.42805,-0.4990979250775634208839325279
XRP-USD,2026-08-30T18:38:13.41602Z,1.428,1.4281,0.0001,1.42805,-0.4487531964963618390670742399
XRP-USD,2026-08-30T18:38:13.421708Z,1.428,1.4281,0.0001,1.42805,-0.4093982404162860095732335946
XRP-USD,2026-08-30T18:38:13.535771Z,1.428,1.4281,0.0001,1.42805,-0.4990979250775634208839325279
XRP-USD,2026-08-30T18:38:13.591572Z,1.428,1.4281,0.0001,1.42805,-0.4487531964963618390670742399
XRP-USD,2026-08-30T18:38:13.595771Z,1.428,1.4281,0.0001,1.42805,-0.4093982404162860095732335946
XRP-USD,2026-08-30T18:38:13.710511Z,1.428,1.4281,0.0001,1.42805,-0.5411536865339943002303507403
XRP-USD,2026-08-30T18:38:13.767177Z,1.428,1.4281,0.0001,1.42805,-0.5411536865339943002303507403
XRP-USD,2026-08-30T18:38:13.827932Z,1.428,1.4281,0.0001,1.42805,-0.5368242275375236469966838642
XRP-USD,2026-08-30T18:38:13.874708Z,1.428,1.4281,0.0001,1.42805,-0.5368242275375236469966838642
XRP-USD,2026-08-30T18:38:13.947917Z,1.4279,1.428,0.0001,1.42795,-0.6605875779903245927426616513
XRP-USD,2026-08-30T18:38:13.964319Z,1.4278,1.4279,0.0001,1.42785,-0.6857488156827979333633108596
XRP-USD,2026-08-30T18:38:14.081926Z,1.4278,1.4279,0.0001,1.42785,-0.4626493783122609297662624836
XRP-USD,2026-08-30T18:38:14.104683Z,1.4278,1.4279,0.0001,1.42785,-0.4659829315536913449838705191
XRP-USD,2026-08-30T18:38:14.161086Z,1.4278,1.4279,0.0001,1.42785,-0.5570441402081463160864663867
XRP-USD,2026-08-30T18:38:14.217107Z,1.4277,1.4278,0.0001,1.42775,-0.5278991930163278747425853391
XRP-USD,2026-08-30T18:38:14.260618Z,1.4277,1.4278,0.0001,1.42775,-0.5118393470911441998198079561
XRP-USD,2026-08-30T18:38:14.321489Z,1.4277,1.4278,0.0001,1.42775,-0.4396415097899555571536018490
XRP-USD,2026-08-30T18:38:14.325619Z,1.4277,1.4278,0.0001,1.42775,-0.5406056336797696584111078883
XRP-USD,2026-08-30T18:38:14.407014Z,1.4277,1.4278,0.0001,1.42775,-0.5724880035287296111171125452
XRP-USD,2026-08-30T18:38:14.450209Z,1.4277,1.4278,0.0001,1.42775,-0.5724880035287296111171125452
XRP-USD,2026-08-30T18:38:14.475466Z,1.4277,1.4278,0.0001,1.42775,-0.5724880035287296111171125452
XRP-USD,2026-08-30T18:38:14.617696Z,1.4277,1.4278,0.0001,1.42775,-0.4533978920949812868292786971
XRP-USD,2026-08-30T18:38:14.67568Z,1.4277,1.4278,0.0001,1.42775,-0.4857292905578664570321203356
XRP-USD,2026-08-30T18:38:14.709243Z,1.4277,1.4278,0.0001,1.42775,-0.5329308529156297598458871231
XRP-USD,2026-08-30T18:38:14.749305Z,1.4277,1.4278,0.0001,1.42775,-0.4533978920949812868292786971
XRP-USD,2026-08-30T18:38:14.881173Z,1.4277,1.4278,0.0001,1.42775,-0.5064150690162711033541232093
XRP-USD,2026-08-30T18:38:14.905295Z,1.4277,1.4278,0.0001,1.42775,-0.5329308529156297598458871231
XRP-USD,2026-08-30T18:38:14.91146Z,1.4277,1.4278,0.0001,1.42775,-0.5329308529156297598458871231
XRP-USD,2026-08-30T18:38:15.065187Z,1.4277,1.4278,0.0001,1.42775,-0.5855221134304711357816050234
XRP-USD,2026-08-30T18:38:15.127235Z,1.4277,1.4278,0.0001,1.42775,-0.5855221134304711357816050234
XRP-USD,2026-08-30T18:38:15.168499Z,1.4277,1.4278,0.0001,1.42775,-0.5855221134304711357816050234
XRP-USD,2026-08-30T18:38:15.227156Z,1.4277,1.4278,0.0001,1.42775,-0.5855221134304711357816050234
XRP-USD,2026-08-30T18:38:15.275406Z,1.4277,1.4278,0.0001,1.42775,-0.5521688798910857317120443394
XRP-USD,2026-08-30T18:38:15.311664Z,1.4274,1.4275,0.0001,1.42745,-0.7644406384828648669326450233
XRP-USD,2026-08-30T18:38:15.369715Z,1.427,1.4274,0.0004,1.4272,-0.3160505100844270335421979094
XRP-USD,2026-08-30T18:38:15.413093Z,1.4271,1.4274,0.0003,1.42725,-0.7208075558992599774914992704
XRP-USD,2026-08-30T18:38:15.463001Z,1.4272,1.4273,0.0001,1.42725,-0.5636787003931500538008621969
XRP-USD,2026-08-30T18:38:15.519735Z,1.427,1.4273,0.0003,1.42715,-0.4727057629994079612757081170
XRP-USD,2026-08-30T18:38:15.5686Z,1.427,1.4273,0.0003,1.42715,-0.3965906650718579554903672996
XRP-USD,2026-08-30T18:38:15.619092Z,1.427,1.4272,0.0002,1.4271,-0.6023538007709506254343133041
XRP-USD,2026-08-30T18:38:15.676785Z,1.427,1.4271,0.0001,1.42705,-0.5465456640891995669425095683
XRP-USD,2026-08-30T18:38:15.722749Z,1.4269,1.4271,0.0002,1.4270,-0.5451285636874427647452831664
XRP-USD,2026-08-30T18:38:15.770081Z,1.427,1.4271,0.0001,1.42705,-0.4441387569599368398303290330
XRP-USD,2026-08-30T18:38:15.815724Z,1.427,1.4271,0.0001,1.42705,-0.5032823675614552026727312882
XRP-USD,2026-08-30T18:38:15.872398Z,1.427,1.4271,0.0001,1.42705,-0.3850861518013984933266632365
XRP-USD,2026-08-30T18:38:15.921388Z,1.427,1.4271,0.0001,1.42705,-0.3850861518013984933266632365
XRP-USD,2026-08-30T18:38:15.959815Z,1.427,1.4271,0.0001,1.42705,-0.3850861518013984933266632365
XRP-USD,2026-08-30T18:38:15.980642Z,1.427,1.4271,0.0001,1.42705,-0.3850861518013984933266632365
XRP-USD,2026-08-30T18:38:16.057509Z,1.427,1.4271,0.0001,1.42705,-0.4127783751571140299920323197
XRP-USD,2026-08-30T18:38:16.074966Z,1.427,1.4271,0.0001,1.42705,-0.3974003575384666637938958369
XRP-USD,2026-08-30T18:38:16.162757Z,1.427,1.4271,0.0001,1.42705,-0.3974003575384666637938958369
XRP-USD,2026-08-30T18:38:16.205015Z,1.427,1.4271,0.0001,1.42705,-0.3754993116023738194130567712
XRP-USD,2026-08-30T18:38:16.232485Z,1.427,1.4271,0.0001,1.42705,-0.4798643272180738521542936140
XRP-USD,2026-08-30T18:38:16.304555Z,1.4272,1.4273,0.0001,1.42725,-0.5083077483682264846622660603
XRP-USD,2026-08-30T18:38:16.35385Z,1.4272,1.4273,0.0001,1.42725,-0.5452391178809704960642101328
XRP-USD,2026-08-30T18:38:16.455435Z,1.4272,1.4273,0.0001,1.42725,-0.6637148447677060016982296872
XRP-USD,2026-08-30T18:38:16.59485Z,1.4271,1.4272,0.0001,1.42715,-0.5240853502095141357786261177
XRP-USD,2026-08-30T18:38:16.651774Z,1.4271,1.4272,0.0001,1.42715,-0.3881078090951617151023047653
XRP-USD,2026-08-30T18:38:16.702256Z,1.4271,1.4273,0.0002,1.4272,-0.5062717748779277833897129676
XRP-USD,2026-08-30T18:38:16.761604Z,1.427,1.4272,0.0002,1.4271,-0.3684232756725679247344046524
XRP-USD,2026-08-30T18:38:16.823052Z,1.427,1.4271,0.0001,1.42705,-0.4067951892069567684333011958
XRP-USD,2026-08-30T18:38:16.866138Z,1.427,1.4271,0.0001,1.42705,-0.4067951892069567684333011958
XRP-USD,2026-08-30T18:38:16.947828Z,1.427,1.4271,0.0001,1.42705,-0.4067951892069567684333011958
XRP-USD,2026-08-30T18:38:17.067538Z,1.4268,1.4271,0.0003,1.42695,-0.5386902568850182266089480704
XRP-USD,2026-08-30T18:38:17.124664Z,1.4268,1.4271,0.0003,1.42695,-0.5387334246096424959169626135
XRP-USD,2026-08-30T18:38:17.204761Z,1.4268,1.4271,0.0003,1.42695,-0.5387334246096424959169626135
XRP-USD,2026-08-30T18:38:17.237076Z,1.4268,1.4271,0.0003,1.42695,-0.5267671292694753709337365359
XRP-USD,2026-08-30T18:38:17.285545Z,1.4268,1.4271,0.0003,1.42695,-0.5334852772234980760564784823
XRP-USD,2026-08-30T18:38:17.350209Z,1.4268,1.4271,0.0003,1.42695,-0.5408005675321262871414444492
XRP-USD,2026-08-30T18:38:17.409033Z,1.4268,1.427,0.0002,1.4269,-0.4436256987698876023172860108
XRP-USD,2026-08-30T18:38:17.439166Z,1.4268,1.427,0.0002,1.4269,-0.4436256987698876023172860108
XRP-USD,2026-08-30T18:38:17.448981Z,1.4268,1.427,0.0002,1.4269,-0.5288639930266122397094098619
XRP-USD,2026-08-30T18:38:17.47539Z,1.4268,1.427,0.0002,1.4269,-0.5443080447045217395733441397
XRP-USD,2026-08-30T18:38:17.650852Z,1.4267,1.4269,0.0002,1.4268,-0.09333965548526135587291969165
XRP-USD,2026-08-30T18:38:17.712713Z,1.4265,1.4267,0.0002,1.4266,-0.6429454778205853838633667534
XRP-USD,2026-08-30T18:38:17.759487Z,1.4266,1.4268,0.0002,1.4267,-0.4857698650901100872282709604
XRP-USD,2026-08-30T18:38:17.80928Z,1.4266,1.4268,0.0002,1.4267,-0.2874694351972027323175953365
XRP-USD,2026-08-30T18:38:17.865352Z,1.4266,1.4268,0.0002,1.4267,-0.4406959470299966979598752065
XRP-USD,2026-08-30T18:38:17.87754Z,1.4266,1.4268,0.0002,1.4267,-0.4406959470299966979598752065
XRP-USD,2026-08-30T18:38:17.954656Z,1.4266,1.4268,0.0002,1.4267,-0.4407102950255555524233230594
XRP-USD,2026-08-30T18:38:18.002645Z,1.4266,1.4268,0.0002,1.4267,-0.4407102950255555524233230594
XRP-USD,2026-08-30T18:38:18.027566Z,1.4266,1.4268,0.0002,1.4267,-0.4347756397259207496888648861
XRP-USD,2026-08-30T18:38:18.107535Z,1.4266,1.4268,0.0002,1.4267,-0.4347756397259207496888648861
XRP-USD,2026-08-30T18:38:18.165582Z,1.4266,1.4268,0.0002,1.4267,-0.4347756397259207496888648861
XRP-USD,2026-08-30T18:38:18.174293Z,1.4266,1.4268,0.0002,1.4267,-0.4347756397259207496888648861
XRP-USD,2026-08-30T18:38:18.264946Z,1.4266,1.4268,0.0002,1.4267,-0.4130068472840905763289989326
XRP-USD,2026-08-30T18:38:18.273023Z,1.4264,1.4267,0.0003,1.42655,-0.03986480651612613198822167156
XRP-USD,2026-08-30T18:38:18.36396Z,1.4264,1.4267,0.0003,1.42655,-0.7741535825155027375033976604
XRP-USD,2026-08-30T18:38:18.40423Z,1.4264,1.4267,0.0003,1.42655,-0.7274317643945216852862305573
XRP-USD,2026-08-30T18:38:18.424101Z,1.4264,1.4267,0.0003,1.42655,-0.7274317643945216852862305573
XRP-USD,2026-08-30T18:38:18.512498Z,1.4264,1.4267,0.0003,1.42655,-0.7274317643945216852862305573
XRP-USD,2026-08-30T18:38:18.565313Z,1.4268,1.4269,0.0001,1.42685,-0.6325088973703789781986303797
XRP-USD,2026-08-30T18:38:18.612334Z,1.4268,1.4269,0.0001,1.42685,-0.4921724261961371638119997655
XRP-USD,2026-08-30T18:38:18.654663Z,1.4268,1.4269,0.0001,1.42685,-0.5551544591574365425260859146
XRP-USD,2026-08-30T18:38:18.719235Z,1.4268,1.4269,0.0001,1.42685,-0.5472117806476481270272694817
XRP-USD,2026-08-30T18:38:18.764963Z,1.4268,1.4269,0.0001,1.42685,-0.5301331384208860399604510480
XRP-USD,2026-08-30T18:38:18.80856Z,1.4268,1.4271,0.0003,1.42695,-0.6287180931997637697222896020
XRP-USD,2026-08-30T18:38:18.865272Z,1.427,1.4271,0.0001,1.42705,-0.5366711912146212649754628742
XRP-USD,2026-08-30T18:38:18.94319Z,1.427,1.4271,0.0001,1.42705,-0.4411942705814646307664258178
XRP-USD,2026-08-30T18:38:18.965625Z,1.427,1.4271,0.0001,1.42705,-0.5057898826733151958377609673
XRP-USD,2026-08-30T18:38:19.062166Z,1.4268,1.427,0.0002,1.4269,-0.3429654642555635532895630595
XRP-USD,2026-08-30T18:38:19.101128Z,1.4269,1.4271,0.0002,1.4270,-0.4501403067169206142890044878
XRP-USD,2026-08-30T18:38:19.159857Z,1.4269,1.4271,0.0002,1.4270,-0.4501403067169206142890044878
XRP-USD,2026-08-30T18:38:19.192783Z,1.4269,1.4271,0.0002,1.4270,-0.4501403067169206142890044878
XRP-USD,2026-08-30T18:38:19.232066Z,1.4269,1.4271,0.0002,1.4270,-0.5974435459515966186283473988
XRP-USD,2026-08-30T18:38:19.332619Z,1.4269,1.4271,0.0002,1.4270,-0.5851816622710436903578645521
XRP-USD,2026-08-30T18:38:19.373218Z,1.4269,1.4271,0.0002,1.4270,-0.6034427850173389047959374660
XRP-USD,2026-08-30T18:38:19.495611Z,1.4269,1.4271,0.0002,1.4270,-0.6034427850173389047959374660
XRP-USD,2026-08-30T18:38:19.547581Z,1.4269,1.4271,0.0002,1.4270,-0.6092658382167499980120103699
XRP-USD,2026-08-30T18:38:19.645653Z,1.4269,1.4271,0.0002,1.4270,-0.6086023257901169878555574879
XRP-USD,2026-08-30T18:38:19.707426Z,1.4269,1.4271,0.0002,1.4270,-0.6086023257901169878555574879
XRP-USD,2026-08-30T18:38:19.82801Z,1.4269,1.4271,0.0002,1.4270,-0.6085690934201170629661077643
XRP-USD,2026-08-30T18:38:19.858508Z,1.4269,1.4271,0.0002,1.4270,-0.6085355020430193759078543737
XRP-USD,2026-08-30T18:38:19.904407Z,1.4269,1.4271,0.0002,1.4270,-0.6085355020430193759078543737
XRP-USD,2026-08-30T18:38:19.958994Z,1.4269,1.4271,0.0002,1.4270,-0.6085355020430193759078543737
XRP-USD,2026-08-30T18:38:20.0796Z,1.427,1.4271,0.0001,1.42705,-0.5085361696384908601179601354
XRP-USD,2026-08-30T18:38:20.2058Z,1.4271,1.4272,0.0001,1.42715,0.1352345865381714066559874879
XRP-USD,2026-08-30T18:38:20.225603Z,1.4271,1.4272,0.0001,1.42715,0.1352345865381714066559874879
XRP-USD,2026-08-30T18:38:20.361625Z,1.4271,1.4273,0.0002,1.4272,-0.4782541748026797749001518606
XRP-USD,2026-08-30T18:38:20.411651Z,1.4271,1.4273,0.0002,1.4272,-0.4782541748026797749001518606
XRP-USD,2026-08-30T18:38:20.5137Z,1.4271,1.4273,0.0002,1.4272,-0.4782541748026797749001518606
XRP-USD,2026-08-30T18:38:20.545506Z,1.4272,1.4273,0.0001,1.42725,-0.5444363842310118292503391632
XRP-USD,2026-08-30T18:38:20.572439Z,1.4272,1.4273,0.0001,1.42725,-0.4592141930085670155249103041
XRP-USD,2026-08-30T18:38:20.673457Z,1.4272,1.4273,0.0001,1.42725,-0.5444487295045824527705781615
XRP-USD,2026-08-30T18:38:20.696287Z,1.4272,1.4273,0.0001,1.42725,-0.5444487295045824527705781615
XRP-USD,2026-08-30T18:38:20.738529Z,1.4272,1.4273,0.0001,1.42725,-0.5444487295045824527705781615
XRP-USD,2026-08-30T18:38:20.814371Z,1.4272,1.4273,0.0001,1.42725,-0.5625077749114285886367879993
XRP-USD,2026-08-30T18:38:20.853724Z,1.427,1.4272,0.0002,1.4271,-0.4300280325840931042537220447
XRP-USD,2026-08-30T18:38:20.908731Z,1.4271,1.4272,0.0001,1.42715,-0.5527702831736573094506127290
XRP-USD,2026-08-30T18:38:20.968014Z,1.4271,1.4272,0.0001,1.42715,-0.5527702831736573094506127290
XRP-USD,2026-08-30T18:38:20.993979Z,1.4271,1.4272,0.0001,1.42715,-0.5527702831736573094506127290
XRP-USD,2026-08-30T18:38:21.061342Z,1.4271,1.4272,0.0001,1.42715,-0.5527702831736573094506127290
XRP-USD,2026-08-30T18:38:21.161287Z,1.4271,1.4272,0.0001,1.42715,-0.5527702831736573094506127290
XRP-USD,2026-08-30T18:38:21.257484Z,1.4271,1.4272,0.0001,1.42715,-0.5602052139194105451861902079
XRP-USD,2026-08-30T18:38:21.327149Z,1.4271,1.4272,0.0001,1.42715,-0.5602052139194105451861902079
XRP-USD,2026-08-30T18:38:21.370251Z,1.4271,1.4272,0.0001,1.42715,-0.5602052139194105451861902079
XRP-USD,2026-08-30T18:38:21.395759Z,1.4271,1.4272,0.0001,1.42715,-0.5602052139194105451861902079
XRP-USD,2026-08-30T18:38:21.465617Z,1.4271,1.4272,0.0001,1.42715,-0.5602052139194105451861902079
XRP-USD,2026-08-30T18:38:21.510211Z,1.4271,1.4272,0.0001,1.42715,-0.5602052139194105451861902079
XRP-USD,2026-08-30T18:38:21.575572Z,1.4271,1.4272,0.0001,1.42715,-0.5794674176852628979952323278
XRP-USD,2026-08-30T18:38:21.609097Z,1.4271,1.4272,0.0001,1.42715,-0.5803762959639842057842359482
XRP-USD,2026-08-30T18:38:21.71024Z,1.4271,1.4272,0.0001,1.42715,-0.5803762959639842057842359482
XRP-USD,2026-08-30T18:38:21.759505Z,1.4271,1.4272,0.0001,1.42715,-0.5803762959639842057842359482
XRP-USD,2026-08-30T18:38:21.877157Z,1.4271,1.4272,0.0001,1.42715,-0.5803762959639842057842359482
XRP-USD,2026-08-30T18:38:21.920079Z,1.4271,1.4272,0.0001,1.42715,-0.6635143323707286635777671243
XRP-USD,2026-08-30T18:38:21.961183Z,1.4271,1.4272,0.0001,1.42715,-0.6635143323707286635777671243
XRP-USD,2026-08-30T18:38:22.028276Z,1.427,1.4271,0.0001,1.42705,-0.6961269315351843243728330666
XRP-USD,2026-08-30T18:38:22.133058Z,1.427,1.4271,0.0001,1.42705,-0.5009256632229824769035090825
XRP-USD,2026-08-30T18:38:22.219757Z,1.427,1.4271,0.0001,1.42705,-0.6127701565085410694466065156
XRP-USD,2026-08-30T18:38:22.253903Z,1.427,1.4271,0.0001,1.42705,-0.5454944045078293434976967412
XRP-USD,2026-08-30T18:38:22.374127Z,1.427,1.4271,0.0001,1.42705,-0.5354693606882316345114242789
XRP-USD,2026-08-30T18:38:22.406842Z,1.427,1.4271,0.0001,1.42705,-0.5047169208020592209105177021
XRP-USD,2026-08-30T18:38:22.451053Z,1.427,1.4271,0.0001,1.42705,-0.4962185115522375376698317808
XRP-USD,2026-08-30T18:38:22.496186Z,1.427,1.4271,0.0001,1.42705,-0.4998347207954078328667410684
XRP-USD,2026-08-30T18:38:22.613009Z,1.427,1.4271,0.0001,1.42705,-0.5308399571165705385883715165
XRP-USD,2026-08-30T18:38:22.693671Z,1.427,1.4271,0.0001,1.42705,-0.5308399571165705385883715165
XRP-USD,2026-08-30T18:38:22.867827Z,1.427,1.4271,0.0001,1.42705,-0.5308399571165705385883715165
XRP-USD,2026-08-30T18:38:22.912135Z,1.427,1.4271,0.0001,1.42705,-0.5308399571165705385883715165
XRP-USD,2026-08-30T18:38:22.955245Z,1.427,1.4271,0.0001,1.42705,-0.5073626709105029259856101133
XRP-USD,2026-08-30T18:38:23.051814Z,1.427,1.4271,0.0001,1.42705,-0.5073626709105029259856101133
XRP-USD,2026-08-30T18:38:23.091485Z,1.427,1.4271,0.0001,1.42705,-0.3321437609150500167876928335
XRP-USD,2026-08-30T18:38:23.162169Z,1.427,1.4271,0.0001,1.42705,-0.3321437609150500167876928335
XRP-USD,2026-08-30T18:38:23.2163Z,1.427,1.4271,0.0001,1.42705,-0.3521280567596721876247590408
XRP-USD,2026-08-30T18:38:23.244652Z,1.427,1.4271,0.0001,1.42705,-0.5583591326050988236286231609
XRP-USD,2026-08-30T18:38:23.314155Z,1.427,1.4271,0.0001,1.42705,-0.5583591326050988236286231609
XRP-USD,2026-08-30T18:38:23.398021Z,1.427,1.4271,0.0001,1.42705,-0.5315400657986692129387509594
XRP-USD,2026-08-30T18:38:23.447206Z,1.427,1.4271,0.0001,1.42705,-0.5315400657986692129387509594
XRP-USD,2026-08-30T18:38:23.517041Z,1.427,1.4271,0.0001,1.42705,-0.5315400657986692129387509594
XRP-USD,2026-08-30T18:38:23.57835Z,1.427,1.4271,0.0001,1.42705,-0.5313968563581660742838797068
XRP-USD,2026-08-30T18:38:23.603945Z,1.427,1.4271,0.0001,1.42705,-0.5312533984606583292260702555
XRP-USD,2026-08-30T18:38:23.799939Z,1.427,1.4271,0.0001,1.42705,-0.5312533984606583292260702555
XRP-USD,2026-08-30T18:38:23.829186Z,1.427,1.4271,0.0001,1.42705,-0.5580841413670111774097437698
XRP-USD,2026-08-30T18:38:23.958539Z,1.427,1.4271,0.0001,1.42705,-0.5580841413670111774097437698
XRP-USD,2026-08-30T18:38:24.014054Z,1.427,1.4271,0.0001,1.42705,-0.5580841413670111774097437698
XRP-USD,2026-08-30T18:38:24.021771Z,1.427,1.4271,0.0001,1.42705,-0.5580841413670111774097437698
XRP-USD,2026-08-30T18:38:24.17469Z,1.427,1.4271,0.0001,1.42705,-0.5097931535563930221612786348
XRP-USD,2026-08-30T18:38:24.214962Z,1.4269,1.4271,0.0002,1.4270,-0.4416065564355554233075179520
XRP-USD,2026-08-30T18:38:24.276608Z,1.427,1.4271,0.0001,1.42705,-0.3306498607957324717964380040
XRP-USD,2026-08-30T18:38:24.307158Z,1.427,1.4271,0.0001,1.42705,-0.3603623543768899367779657019
XRP-USD,2026-08-30T18:38:24.379922Z,1.427,1.4271,0.0001,1.42705,-0.5074552740802725347738819457
XRP-USD,2026-08-30T18:38:24.495727Z,1.427,1.4271,0.0001,1.42705,-0.5074552740802725347738819457
XRP-USD,2026-08-30T18:38:24.571303Z,1.427,1.4271,0.0001,1.42705,-0.5153195572438607240416720301
XRP-USD,2026-08-30T18:38:24.617554Z,1.427,1.4271,0.0001,1.42705,-0.5406219197752028131755166703
XRP-USD,2026-08-30T18:38:24.657661Z,1.4269,1.427,0.0001,1.42695,-0.7325433582804066515923327953
XRP-USD,2026-08-30T18:38:24.712905Z,1.4269,1.427,0.0001,1.42695,-0.5837141152061518196167092785
XRP-USD,2026-08-30T18:38:24.813893Z,1.4269,1.427,0.0001,1.42695,-0.5837141152061518196167092785
XRP-USD,2026-08-30T18:38:24.911669Z,1.4269,1.427,0.0001,1.42695,-0.5837141152061518196167092785
XRP-USD,2026-08-30T18:38:24.954613Z,1.4269,1.427,0.0001,1.42695,-0.5837141152061518196167092785
XRP-USD,2026-08-30T18:38:25.068737Z,1.4269,1.427,0.0001,1.42695,-0.5837141152061518196167092785
XRP-USD,2026-08-30T18:38:25.127779Z,1.427,1.4272,0.0002,1.4271,-0.6382267052498468664755374778
XRP-USD,2026-08-30T18:38:25.159721Z,1.427,1.4272,0.0002,1.4271,-0.5574580566562151714644562162
XRP-USD,2026-08-30T18:38:25.211203Z,1.427,1.4271,0.0001,1.42705,-0.4741840401904232527494908618
XRP-USD,2026-08-30T18:38:25.272392Z,1.427,1.4271,0.0001,1.42705,-0.5784427536927040818505777659
XRP-USD,2026-08-30T18:38:25.279695Z,1.427,1.4271,0.0001,1.42705,-0.5784427536927040818505777659
XRP-USD,2026-08-30T18:38:25.364873Z,1.427,1.4271,0.0001,1.42705,-0.6506008680839772391763561005
XRP-USD,2026-08-30T18:38:25.381027Z,1.4268,1.427,0.0002,1.4269,-0.5543700638441343787292176769
XRP-USD,2026-08-30T18:38:25.430259Z,1.4268,1.427,0.0002,1.4269,-0.5753790306151563451379148817
XRP-USD,2026-08-30T18:38:25.435043Z,1.4268,1.427,0.0002,1.4269,-0.5117196476048774332541410442
XRP-USD,2026-08-30T18:38:25.541708Z,1.4268,1.427,0.0002,1.4269,-0.5117196476048774332541410442
XRP-USD,2026-08-30T18:38:25.560281Z,1.4268,1.427,0.0002,1.4269,-0.5117196476048774332541410442
XRP-USD,2026-08-30T18:38:25.649928Z,1.4268,1.427,0.0002,1.4269,-0.5117196476048774332541410442
XRP-USD,2026-08-30T18:38:25.683375Z,1.4269,1.427,0.0001,1.42695,-0.6000078598745478516332307446
XRP-USD,2026-08-30T18:38:25.764899Z,1.4269,1.427,0.0001,1.42695,-0.5203071889201057066589699627
XRP-USD,2026-08-30T18:38:25.811107Z,1.4269,1.427,0.0001,1.42695,-0.5941047691013003595430350145
XRP-USD,2026-08-30T18:38:25.821213Z,1.4269,1.427,0.0001,1.42695,-0.5941047691013003595430350145
XRP-USD,2026-08-30T18:38:25.963293Z,1.4269,1.427,0.0001,1.42695,-0.5941132649797411789210949071
XRP-USD,2026-08-30T18:38:26.017375Z,1.4269,1.427,0.0001,1.42695,-0.6012420968306504898467658055
XRP-USD,2026-08-30T18:38:26.068233Z,1.4269,1.427,0.0001,1.42695,-0.6313882602357533692347938338
XRP-USD,2026-08-30T18:38:26.122151Z,1.4269,1.427,0.0001,1.42695,-0.6313882602357533692347938338
XRP-USD,2026-08-30T18:38:26.145729Z,1.4269,1.427,0.0001,1.42695,-0.6313882602357533692347938338
XRP-USD,2026-08-30T18:38:26.218244Z,1.4269,1.427,0.0001,1.42695,-0.6241308668183453291330350637
XRP-USD,2026-08-30T18:38:26.260181Z,1.4269,1.427,0.0001,1.42695,-0.5953622409696435306882404006
XRP-USD,2026-08-30T18:38:26.301214Z,1.4268,1.427,0.0002,1.4269,-0.5238157633709704142293212245
XRP-USD,2026-08-30T18:38:26.324191Z,1.4268,1.427,0.0002,1.4269,-0.5238157633709704142293212245
XRP-USD,2026-08-30T18:38:26.400726Z,1.4268,1.427,0.0002,1.4269,-0.5238157633709704142293212245
XRP-USD,2026-08-30T18:38:26.483822Z,1.4268,1.427,0.0002,1.4269,-0.5238157633709704142293212245
XRP-USD,2026-08-30T18:38:26.579514Z,1.4268,1.427,0.0002,1.4269,-0.5238157633709704142293212245
XRP-USD,2026-08-30T18:38:26.627952Z,1.4268,1.427,0.0002,1.4269,-0.5238157633709704142293212245
XRP-USD,2026-08-30T18:38:26.665617Z,1.4268,1.427,0.0002,1.4269,-0.5238529247542194679713959786
XRP-USD,2026-08-30T18:38:26.788088Z,1.4268,1.427,0.0002,1.4269,-0.5238529247542194679713959786
XRP-USD,2026-08-30T18:38:26.866093Z,1.4268,1.427,0.0002,1.4269,-0.5238529247542194679713959786
XRP-USD,2026-08-30T18:38:26.929408Z,1.4268,1.427,0.0002,1.4269,-0.3988656709645738580775228900
XRP-USD,2026-08-30T18:38:26.965368Z,1.4268,1.427,0.0002,1.4269,-0.5238529247542194679713959786
XRP-USD,2026-08-30T18:38:27.019213Z,1.4268,1.427,0.0002,1.4269,-0.5238529247542194679713959786
XRP-USD,2026-08-30T18:38:27.063359Z,1.4268,1.427,0.0002,1.4269,-0.5238529247542194679713959786
XRP-USD,2026-08-30T18:38:27.088705Z,1.4268,1.427,0.0002,1.4269,-0.3691370929484683692004108023
XRP-USD,2026-08-30T18:38:27.158732Z,1.4268,1.427,0.0002,1.4269,-0.4980876945244574337118475174
XRP-USD,2026-08-30T18:38:27.224949Z,1.4268,1.427,0.0002,1.4269,-0.4236290826395346217635271807
XRP-USD,2026-08-30T18:38:27.230986Z,1.4268,1.427,0.0002,1.4269,-0.3691370929484683692004108023
XRP-USD,2026-08-30T18:38:27.328531Z,1.4269,1.427,0.0001,1.42695,-0.4981784399470629218190628623
XRP-USD,2026-08-30T18:38:27.374571Z,1.4269,1.427,0.0001,1.42695,-0.4981784399470629218190628623
XRP-USD,2026-08-30T18:38:27.439358Z,1.4269,1.4271,0.0002,1.4270,-0.6078815045482701003703099928
XRP-USD,2026-08-30T18:38:27.535688Z,1.4269,1.4271,0.0002,1.4270,-0.6024767055489053688040897229
XRP-USD,2026-08-30T18:38:27.541951Z,1.4269,1.4271,0.0002,1.4270,-0.6024767055489053688040897229
XRP-USD,2026-08-30T18:38:27.582183Z,1.4269,1.4271,0.0002,1.4270,-0.6024767055489053688040897229
XRP-USD,2026-08-30T18:38:27.711588Z,1.4269,1.4271,0.0002,1.4270,-0.6090858918237133748561208508
XRP-USD,2026-08-30T18:38:27.763004Z,1.4271,1.4273,0.0002,1.4272,-0.4824264649893004622501424556
XRP-USD,2026-08-30T18:38:27.82857Z,1.4269,1.427,0.0001,1.42695,-0.4975226160009732076127228439
XRP-USD,2026-08-30T18:38:27.863791Z,1.4269,1.427,0.0001,1.42695,-0.4045187996799983862154024881
XRP-USD,2026-08-30T18:38:27.912959Z,1.4271,1.4272,0.0001,1.42715,-0.3939635751953435514074290439
XRP-USD,2026-08-30T18:38:27.951497Z,1.4271,1.4272,0.0001,1.42715,-0.2765751029054912936764399311
XRP-USD,2026-08-30T18:38:28.019553Z,1.4271,1.4272,0.0001,1.42715,-0.4611274628314434694325462584
XRP-USD,2026-08-30T18:38:28.071784Z,1.4271,1.4272,0.0001,1.42715,-0.4232404613386536711164735467
XRP-USD,2026-08-30T18:38:28.190865Z,1.4271,1.4272,0.0001,1.42715,-0.5416395469392702983975242666
XRP-USD,2026-08-30T18:38:28.272716Z,1.427,1.4271,0.0001,1.42705,-0.5493769869603861261781753599
XRP-USD,2026-08-30T18:38:28.306751Z,1.427,1.4271,0.0001,1.42705,-0.3893049434489125220654684344
XRP-USD,2026-08-30T18:38:28.365699Z,1.427,1.4272,0.0002,1.4271,-0.2381600988292990772506579054
XRP-USD,2026-08-30T18:38:28.418809Z,1.4271,1.4272,0.0001,1.42715,-0.3667546795613295081127214363
XRP-USD,2026-08-30T18:38:28.51379Z,1.4271,1.4272,0.0001,1.42715,-0.4583586048595254304782979970
XRP-USD,2026-08-30T18:38:28.565125Z,1.4271,1.4272,0.0001,1.42715,-0.4583586048595254304782979970
XRP-USD,2026-08-30T18:38:28.609696Z,1.4271,1.4272,0.0001,1.42715,-0.4616340250852498506738802588
XRP-USD,2026-08-30T18:38:28.651282Z,1.4271,1.4272,0.0001,1.42715,-0.5940653399585889688459348749
XRP-USD,2026-08-30T18:38:28.714343Z,1.4271,1.4272,0.0001,1.42715,-0.5940653399585889688459348749
XRP-USD,2026-08-30T18:38:28.756056Z,1.427,1.4272,0.0002,1.4271,-0.4548591579777596051269150937
XRP-USD,2026-08-30T18:38:28.793038Z,1.427,1.4272,0.0002,1.4271,-0.4548591579777596051269150937
XRP-USD,2026-08-30T18:38:28.87407Z,1.427,1.4272,0.0002,1.4271,-0.4467634208269983846695985884
XRP-USD,2026-08-30T18:38:28.890042Z,1.4271,1.4272,0.0001,1.42715,-0.6043114816260349488508339549
XRP-USD,2026-08-30T18:38:29.015312Z,1.427,1.4272,0.0002,1.4271,-0.4712809396048159578053951137
XRP-USD,2026-08-30T18:38:29.069776Z,1.4271,1.4272,0.0001,1.42715,-0.6043114816260349488508339549
XRP-USD,2026-08-30T18:38:29.121852Z,1.4271,1.4272,0.0001,1.42715,-0.6043114816260349488508339549
XRP-USD,2026-08-30T18:38:29.161312Z,1.4271,1.4272,0.0001,1.42715,-0.6106253956762809868972441318
XRP-USD,2026-08-30T18:38:29.175665Z,1.4271,1.4272,0.0001,1.42715,-0.6193050788598249682736024275
XRP-USD,2026-08-30T18:38:29.317284Z,1.427,1.4272,0.0002,1.4271,-0.5362441880916693502336831877
XRP-USD,2026-08-30T18:38:29.34559Z,1.427,1.4272,0.0002,1.4271,-0.4886370125965948125409847140
XRP-USD,2026-08-30T18:38:29.400896Z,1.427,1.4272,0.0002,1.4271,-0.4886370125965948125409847140
XRP-USD,2026-08-30T18:38:29.457874Z,1.427,1.4272,0.0002,1.4271,-0.4886370125965948125409847140
XRP-USD,2026-08-30T18:38:29.516258Z,1.427,1.4272,0.0002,1.4271,-0.4886370125965948125409847140
XRP-USD,2026-08-30T18:38:29.571443Z,1.427,1.4272,0.0002,1.4271,-0.4886370125965948125409847140
XRP-USD,2026-08-30T18:38:29.619051Z,1.427,1.4272,0.0002,1.4271,-0.5681133257635384296083490130
XRP-USD,2026-08-30T18:38:29.638271Z,1.427,1.4272,0.0002,1.4271,-0.4886370125965948125409847140
XRP-USD,2026-08-30T18:38:29.717933Z,1.427,1.4272,0.0002,1.4271,-0.4804350067756526249903012818
XRP-USD,2026-08-30T18:38:29.764852Z,1.427,1.4271,0.0001,1.42705,-0.4502476699149847400524317539
XRP-USD,2026-08-30T18:38:29.793458Z,1.427,1.4271,0.0001,1.42705,-0.4502476699149847400524317539
XRP-USD,2026-08-30T18:38:29.850566Z,1.427,1.4271,0.0001,1.42705,-0.4675263521962781657707301839
XRP-USD,2026-08-30T18:38:29.928526Z,1.427,1.4271,0.0001,1.42705,-0.4675263521962781657707301839
XRP-USD,2026-08-30T18:38:29.974835Z,1.427,1.4271,0.0001,1.42705,-0.4675263521962781657707301839
XRP-USD,2026-08-30T18:38:30.016576Z,1.427,1.4271,0.0001,1.42705,-0.4675263521962781657707301839
XRP-USD,2026-08-30T18:38:30.027401Z,1.427,1.4271,0.0001,1.42705,-0.4675263521962781657707301839
XRP-USD,2026-08-30T18:38:30.110263Z,1.427,1.4271,0.0001,1.42705,-0.4675263521962781657707301839
XRP-USD,2026-08-30T18:38:30.163582Z,1.427,1.4271,0.0001,1.42705,-0.4148732998644413004837831141
XRP-USD,2026-08-30T18:38:30.24002Z,1.4268,1.4269,0.0001,1.42685,-0.3124518502296509464067616293
XRP-USD,2026-08-30T18:38:30.269043Z,1.4268,1.427,0.0002,1.4269,-0.4952871875965912475929746789
XRP-USD,2026-08-30T18:38:30.320089Z,1.4268,1.427,0.0002,1.4269,-0.5577773880600560542292017557
XRP-USD,2026-08-30T18:38:30.371593Z,1.4268,1.427,0.0002,1.4269,-0.5577773880600560542292017557
XRP-USD,2026-08-30T18:38:30.37752Z,1.4268,1.427,0.0002,1.4269,-0.5577773880600560542292017557
XRP-USD,2026-08-30T18:38:30.467442Z,1.4268,1.427,0.0002,1.4269,-0.5577773880600560542292017557
XRP-USD,2026-08-30T18:38:30.484036Z,1.4268,1.427,0.0002,1.4269,-0.5336069123595682619745362221
XRP-USD,2026-08-30T18:38:30.55605Z,1.4268,1.427,0.0002,1.4269,-0.5336069123595682619745362221
XRP-USD,2026-08-30T18:38:30.673077Z,1.427,1.4272,0.0002,1.4271,-0.5760675133008238721810769377
XRP-USD,2026-08-30T18:38:30.72526Z,1.427,1.4272,0.0002,1.4271,-0.5456584537547419958687349787
XRP-USD,2026-08-30T18:38:30.766691Z,1.427,1.4272,0.0002,1.4271,-0.5456584537547419958687349787
XRP-USD,2026-08-30T18:38:30.824625Z,1.427,1.4271,0.0001,1.42705,-0.3111248823490056558857706659
XRP-USD,2026-08-30T18:38:30.868561Z,1.427,1.4271,0.0001,1.42705,-0.3282030056692397614975339778
XRP-USD,2026-08-30T18:38:30.92222Z,1.427,1.4271,0.0001,1.42705,-0.2891181738460907088724606731
XRP-USD,2026-08-30T18:38:31.018627Z,1.427,1.4271,0.0001,1.42705,-0.2891181738460907088724606731
XRP-USD,2026-08-30T18:38:31.063334Z,1.427,1.4271,0.0001,1.42705,-0.2891181736007015883778824695
XRP-USD,2026-08-30T18:38:31.12677Z,1.427,1.4271,0.0001,1.42705,-0.2891181736007015883778824695
XRP-USD,2026-08-30T18:38:31.177912Z,1.427,1.4271,0.0001,1.42705,-0.2816189024686465211116615375
XRP-USD,2026-08-30T18:38:31.229246Z,1.427,1.4271,0.0001,1.42705,-0.2816189024686465211116615375
XRP-USD,2026-08-30T18:38:31.364327Z,1.427,1.4271,0.0001,1.42705,-0.2168056906394407772143725414
XRP-USD,2026-08-30T18:38:31.398222Z,1.427,1.4271,0.0001,1.42705,-0.2048616644630415650930248677
XRP-USD,2026-08-30T18:38:31.510989Z,1.427,1.4271,0.0001,1.42705,-0.1704168758719248252608793329
XRP-USD,2026-08-30T18:38:31.533464Z,1.427,1.4271,0.0001,1.42705,-0.2264752311738262723031047706
XRP-USD,2026-08-30T18:38:31.618888Z,1.427,1.4271,0.0001,1.42705,-0.2264752311738262723031047706
XRP-USD,2026-08-30T18:38:31.655405Z,1.427,1.4271,0.0001,1.42705,-0.1590661729017146026103730982
XRP-USD,2026-08-30T18:38:31.687849Z,1.427,1.4271,0.0001,1.42705,-0.1590661729017146026103730982
XRP-USD,2026-08-30T18:38:31.791748Z,1.427,1.4271,0.0001,1.42705,-0.1536844973816466037897097198
XRP-USD,2026-08-30T18:38:31.958186Z,1.427,1.4271,0.0001,1.42705,-0.1536844973816466037897097198
XRP-USD,2026-08-30T18:38:32.017789Z,1.427,1.4271,0.0001,1.42705,-0.1536844973816466037897097198
XRP-USD,2026-08-30T18:38:32.062818Z,1.427,1.4271,0.0001,1.42705,-0.3273403407412068286316414835
XRP-USD,2026-08-30T18:38:32.111331Z,1.427,1.4271,0.0001,1.42705,-0.2332869145360355364922383942
XRP-USD,2026-08-30T18:38:32.121368Z,1.427,1.4271,0.0001,1.42705,-0.1930560181916290686524040234
XRP-USD,2026-08-30T18:38:32.21443Z,1.427,1.4271,0.0001,1.42705,-0.1930560181916290686524040234
XRP-USD,2026-08-30T18:38:32.269811Z,1.427,1.4271,0.0001,1.42705,-0.2087263104389265985025730288
XRP-USD,2026-08-30T18:38:32.276232Z,1.427,1.4271,0.0001,1.42705,-0.2087263104389265985025730288
XRP-USD,2026-08-30T18:38:32.371314Z,1.427,1.4271,0.0001,1.42705,-0.2216864092244587510457492953
XRP-USD,2026-08-30T18:38:32.412421Z,1.427,1.4271,0.0001,1.42705,-0.2214108235066943313854375709
XRP-USD,2026-08-30T18:38:32.452217Z,1.427,1.4271,0.0001,1.42705,-0.2214108235066943313854375709
XRP-USD,2026-08-30T18:38:32.518626Z,1.427,1.4271,0.0001,1.42705,-0.2214108235066943313854375709
XRP-USD,2026-08-30T18:38:32.535515Z,1.427,1.4271,0.0001,1.42705,-0.2214108235066943313854375709
XRP-USD,2026-08-30T18:38:32.725592Z,1.427,1.4271,0.0001,1.42705,-0.2339620344521162300231501664
XRP-USD,2026-08-30T18:38:32.762834Z,1.427,1.4271,0.0001,1.42705,-0.2339620344521162300231501664
XRP-USD,2026-08-30T18:38:32.823267Z,1.427,1.4271,0.0001,1.42705,-0.2339620344521162300231501664
XRP-USD,2026-08-30T18:38:32.905061Z,1.427,1.4271,0.0001,1.42705,-0.2541799851146181703490785279
XRP-USD,2026-08-30T18:38:33.016238Z,1.427,1.4271,0.0001,1.42705,-0.2541799851146181703490785279
XRP-USD,2026-08-30T18:38:33.06418Z,1.427,1.4271,0.0001,1.42705,0.006004507523105688862793505794
XRP-USD,2026-08-30T18:38:33.102889Z,1.4268,1.4271,0.0003,1.42695,-0.5266741426417998568754500323
XRP-USD,2026-08-30T18:38:33.162448Z,1.4268,1.4271,0.0003,1.42695,-0.6268883069251670411576427073
XRP-USD,2026-08-30T18:38:33.232636Z,1.4269,1.4271,0.0002,1.4270,-0.6284989943706415917655810219
XRP-USD,2026-08-30T18:38:33.258304Z,1.4269,1.4271,0.0002,1.4270,-0.4880319830786689174017580824
XRP-USD,2026-08-30T18:38:33.352107Z,1.4269,1.4271,0.0002,1.4270,-0.5091221234253278611798435454
XRP-USD,2026-08-30T18:38:33.671406Z,1.4269,1.4271,0.0002,1.4270,-0.4931774438222383093083324353
XRP-USD,2026-08-30T18:38:33.715662Z,1.4269,1.4272,0.0003,1.42705,-0.4768964914901234091953243801
XRP-USD,2026-08-30T18:38:33.755234Z,1.4269,1.4272,0.0003,1.42705,-0.4914804833080907753229794299
XRP-USD,2026-08-30T18:38:33.864914Z,1.4271,1.4273,0.0002,1.4272,-0.5928331576372366802788763406
XRP-USD,2026-08-30T18:38:33.929311Z,1.4271,1.4273,0.0002,1.4272,-0.5199867226345693028809926771
XRP-USD,2026-08-30T18:38:33.974413Z,1.4271,1.4273,0.0002,1.4272,-0.6191327374546745967101749037
XRP-USD,2026-08-30T18:38:34.028886Z,1.4271,1.4273,0.0002,1.4272,-0.6041688503156680837127525051
XRP-USD,2026-08-30T18:38:34.074493Z,1.4271,1.4273,0.0002,1.4272,-0.6041688503156680837127525051
XRP-USD,2026-08-30T18:38:34.107039Z,1.4271,1.4273,0.0002,1.4272,-0.6104245543571298019884528016
XRP-USD,2026-08-30T18:38:34.177764Z,1.4271,1.4273,0.0002,1.4272,-0.6164856047674581427585879895
XRP-USD,2026-08-30T18:38:34.224068Z,1.4271,1.4272,0.0001,1.42715,-0.5064105261660760344891390019
XRP-USD,2026-08-30T18:38:34.260729Z,1.4273,1.4274,0.0001,1.42735,-0.5984824942529636537596523136
XRP-USD,2026-08-30T18:38:34.322678Z,1.4273,1.4274,0.0001,1.42735,-0.3842773524244960303902107792
XRP-USD,2026-08-30T18:38:34.372261Z,1.4273,1.4274,0.0001,1.42735,-0.1412672370540785482835878220
XRP-USD,2026-08-30T18:38:34.417237Z,1.4273,1.4274,0.0001,1.42735,-0.2461548998597034657952723172
XRP-USD,2026-08-30T18:38:34.464096Z,1.4273,1.4274,0.0001,1.42735,0.1137446081805498338147233621
XRP-USD,2026-08-30T18:38:34.475149Z,1.4273,1.4274,0.0001,1.42735,0.1137446081805498338147233621
XRP-USD,2026-08-30T18:38:34.57503Z,1.4273,1.4274,0.0001,1.42735,0.1137446081805498338147233621
XRP-USD,2026-08-30T18:38:34.614316Z,1.4273,1.4274,0.0001,1.42735,0.1137446081805498338147233621
XRP-USD,2026-08-30T18:38:34.659117Z,1.4273,1.4274,0.0001,1.42735,0.07782145963595415227174696542
XRP-USD,2026-08-30T18:38:34.715166Z,1.4273,1.4274,0.0001,1.42735,-0.2817896669697015388229514190
XRP-USD,2026-08-30T18:38:34.747189Z,1.4273,1.4274,0.0001,1.42735,-0.2817896669697015388229514190
XRP-USD,2026-08-30T18:38:34.813251Z,1.4273,1.4274,0.0001,1.42735,-0.2817896669697015388229514190
XRP-USD,2026-08-30T18:38:34.845421Z,1.4273,1.4274,0.0001,1.42735,-0.2817896669697015388229514190
XRP-USD,2026-08-30T18:38:34.923194Z,1.4273,1.4274,0.0001,1.42735,-0.2817896669697015388229514190
XRP-USD,2026-08-30T18:38:34.964428Z,1.4273,1.4274,0.0001,1.42735,-0.2817896710346129543030439112
XRP-USD,2026-08-30T18:38:35.017774Z,1.4273,1.4274,0.0001,1.42735,-0.2813847346680666251460246212
XRP-USD,2026-08-30T18:38:35.025261Z,1.4273,1.4274,0.0001,1.42735,-0.2958642929283467754448992932
XRP-USD,2026-08-30T18:38:35.166581Z,1.4273,1.4274,0.0001,1.42735,-0.2958642929283467754448992932
XRP-USD,2026-08-30T18:38:35.264847Z,1.4273,1.4274,0.0001,1.42735,-0.2962531674234557707616869881
XRP-USD,2026-08-30T18:38:35.292025Z,1.4273,1.4274,0.0001,1.42735,-0.2962531674234557707616869881
XRP-USD,2026-08-30T18:38:35.367924Z,1.4273,1.4274,0.0001,1.42735,-0.2962531674234557707616869881
XRP-USD,2026-08-30T18:38:35.423623Z,1.4273,1.4274,0.0001,1.42735,-0.2962531674234557707616869881
XRP-USD,2026-08-30T18:38:35.451738Z,1.4273,1.4274,0.0001,1.42735,-0.3017449158448365052871977757
XRP-USD,2026-08-30T18:38:35.813165Z,1.4273,1.4274,0.0001,1.42735,-0.3374610895610187281186398909
XRP-USD,2026-08-30T18:38:35.877714Z,1.4273,1.4274,0.0001,1.42735,-0.3260203573178043530966545084
XRP-USD,2026-08-30T18:38:36.023327Z,1.4273,1.4274,0.0001,1.42735,-0.3155161059257622053808122216
XRP-USD,2026-08-30T18:38:36.07268Z,1.4273,1.4274,0.0001,1.42735,-0.3155161059257622053808122216
XRP-USD,2026-08-30T18:38:36.165659Z,1.4273,1.4274,0.0001,1.42735,-0.2861697543533123715059129160
XRP-USD,2026-08-30T18:38:36.184006Z,1.4273,1.4274,0.0001,1.42735,-0.2861697543533123715059129160
XRP-USD,2026-08-30T18:38:36.268501Z,1.4273,1.4274,0.0001,1.42735,-0.2875325833547820193731335700
XRP-USD,2026-08-30T18:38:36.325136Z,1.4273,1.4274,0.0001,1.42735,-0.2940397741338735465374790246
XRP-USD,2026-08-30T18:38:36.343079Z,1.4273,1.4274,0.0001,1.42735,-0.2811102865344720288133425415
XRP-USD,2026-08-30T18:38:36.383599Z,1.4273,1.4274,0.0001,1.42735,-0.3170350633889754251502399395
XRP-USD,2026-08-30T18:38:36.547633Z,1.4275,1.4276,0.0001,1.42755,-0.4339373512381492875689850080
XRP-USD,2026-08-30T18:38:36.619706Z,1.4275,1.4276,0.0001,1.42755,-0.4825509995441250387548158394
XRP-USD,2026-08-30T18:38:36.666096Z,1.4275,1.4276,0.0001,1.42755,-0.07458902019888236145972437111
XRP-USD,2026-08-30T18:38:36.720219Z,1.4275,1.4276,0.0001,1.42755,0.2296532993390423904579785108
XRP-USD,2026-08-30T18:38:36.769946Z,1.4275,1.4276,0.0001,1.42755,-0.05899012579699764264092881229
XRP-USD,2026-08-30T18:38:36.87254Z,1.4275,1.4276,0.0001,1.42755,-0.05899012579699764264092881229
XRP-USD,2026-08-30T18:38:36.904252Z,1.4275,1.4276,0.0001,1.42755,-0.2915050118870261922371840634
XRP-USD,2026-08-30T18:38:36.947705Z,1.4275,1.4276,0.0001,1.42755,-0.2915050118870261922371840634
XRP-USD,2026-08-30T18:38:37.000556Z,1.4275,1.4276,0.0001,1.42755,-0.09379142324451831983882615812
XRP-USD,2026-08-30T18:38:37.064271Z,1.4275,1.4276,0.0001,1.42755,-0.2514380818998562245846115479
XRP-USD,2026-08-30T18:38:37.092317Z,1.4275,1.4276,0.0001,1.42755,-0.2514380818998562245846115479
XRP-USD,2026-08-30T18:38:37.160134Z,1.4275,1.4276,0.0001,1.42755,-0.09116589272367808594670327944
XRP-USD,2026-08-30T18:38:37.220365Z,1.4275,1.4276,0.0001,1.42755,-0.03636990753418229785746200552
XRP-USD,2026-08-30T18:38:37.272755Z,1.4275,1.4276,0.0001,1.42755,0.3781668489683030138539958162
XRP-USD,2026-08-30T18:38:37.301722Z,1.4275,1.4276,0.0001,1.42755,0.6015417174537389185240737744
XRP-USD,2026-08-30T18:38:37.372152Z,1.4275,1.4276,0.0001,1.42755,0.6002333551223480775821517894
XRP-USD,2026-08-30T18:38:37.424685Z,1.4275,1.4276,0.0001,1.42755,0.5873817133400665781219468709
XRP-USD,2026-08-30T18:38:37.430737Z,1.4275,1.4276,0.0001,1.42755,0.5873817133400665781219468709
XRP-USD,2026-08-30T18:38:37.522212Z,1.4275,1.4276,0.0001,1.42755,0.5851509518622365405993288681
XRP-USD,2026-08-30T18:38:37.526429Z,1.4275,1.4276,0.0001,1.42755,0.5851509518622365405993288681
XRP-USD,2026-08-30T18:38:37.601895Z,1.4275,1.4276,0.0001,1.42755,0.3577591419265497423591101070
XRP-USD,2026-08-30T18:38:37.660663Z,1.4275,1.4276,0.0001,1.42755,0.03553047229973537218422478043
XRP-USD,2026-08-30T18:38:37.708159Z,1.4275,1.4276,0.0001,1.42755,-0.04115963169266864034535365634
XRP-USD,2026-08-30T18:38:37.74908Z,1.4275,1.4276,0.0001,1.42755,-0.04115963169266864034535365634
XRP-USD,2026-08-30T18:38:37.781643Z,1.4275,1.4276,0.0001,1.42755,-0.04115963169266864034535365634
XRP-USD,2026-08-30T18:38:37.930277Z,1.4275,1.4276,0.0001,1.42755,0.2906890590856346521408498917
XRP-USD,2026-08-30T18:38:37.968158Z,1.4275,1.4276,0.0001,1.42755,0.4853547488677256065797059045
XRP-USD,2026-08-30T18:38:37.984391Z,1.4275,1.4276,0.0001,1.42755,0.4853547488677256065797059045
XRP-USD,2026-08-30T18:38:38.053213Z,1.4275,1.4276,0.0001,1.42755,0.5015376282241185223381071660
XRP-USD,2026-08-30T18:38:38.088702Z,1.4275,1.4276,0.0001,1.42755,0.3093812982321623780636735026
XRP-USD,2026-08-30T18:38:38.172588Z,1.4275,1.4276,0.0001,1.42755,0.3093812982321623780636735026
XRP-USD,2026-08-30T18:38:38.19269Z,1.4275,1.4276,0.0001,1.42755,0.5009215380258833222915052126
XRP-USD,2026-08-30T18:38:38.425012Z,1.4275,1.4276,0.0001,1.42755,0.4998153766602639169937795424
XRP-USD,2026-08-30T18:38:38.469846Z,1.4275,1.4276,0.0001,1.42755,0.4998153766602639169937795424
XRP-USD,2026-08-30T18:38:38.529719Z,1.4275,1.4276,0.0001,1.42755,0.3080714524461494510148262439
XRP-USD,2026-08-30T18:38:38.54732Z,1.4275,1.4276,0.0001,1.42755,0.3080714524461494510148262439
XRP-USD,2026-08-30T18:38:38.622102Z,1.4275,1.4276,0.0001,1.42755,0.5135314965934284340697809129
XRP-USD,2026-08-30T18:38:38.668114Z,1.4275,1.4276,0.0001,1.42755,0.3232718092965078780436942988
XRP-USD,2026-08-30T18:38:38.684573Z,1.4275,1.4276,0.0001,1.42755,0.3232718092965078780436942988
XRP-USD,2026-08-30T18:38:38.772257Z,1.4275,1.4276,0.0001,1.42755,0.4980195060118687587917310212
XRP-USD,2026-08-30T18:38:38.811613Z,1.4275,1.4276,0.0001,1.42755,0.4980195060118687587917310212
XRP-USD,2026-08-30T18:38:38.856704Z,1.4275,1.4276,0.0001,1.42755,0.4980195060118687587917310212
XRP-USD,2026-08-30T18:38:38.907262Z,1.4275,1.4276,0.0001,1.42755,0.3042462953577562333268881569
XRP-USD,2026-08-30T18:38:39.015571Z,1.4275,1.4276,0.0001,1.42755,0.3056428438712403133104500322
XRP-USD,2026-08-30T18:38:39.037607Z,1.4275,1.4276,0.0001,1.42755,0.3235116345622097910640982235
XRP-USD,2026-08-30T18:38:39.10877Z,1.4275,1.4276,0.0001,1.42755,0.5152219906249251558357109229
XRP-USD,2026-08-30T18:38:39.240506Z,1.4275,1.4276,0.0001,1.42755,0.5146172688077903280796480896
XRP-USD,2026-08-30T18:38:39.321203Z,1.4275,1.4276,0.0001,1.42755,0.5146172688077903280796480896
XRP-USD,2026-08-30T18:38:39.326964Z,1.4275,1.4276,0.0001,1.42755,0.3254890695771589865298042911
XRP-USD,2026-08-30T18:38:39.400124Z,1.4275,1.4276,0.0001,1.42755,0.3254890695771589865298042911
XRP-USD,2026-08-30T18:38:39.474469Z,1.4275,1.4276,0.0001,1.42755,0.3246574422442262960822611997
XRP-USD,2026-08-30T18:38:39.615202Z,1.4275,1.4276,0.0001,1.42755,0.3246574422442262960822611997
XRP-USD,2026-08-30T18:38:39.650828Z,1.4275,1.4276,0.0001,1.42755,0.2907250350755473322001774695
XRP-USD,2026-08-30T18:38:39.719679Z,1.4275,1.4276,0.0001,1.42755,0.2907250350755473322001774695
XRP-USD,2026-08-30T18:38:39.776251Z,1.4275,1.4276,0.0001,1.42755,0.2893071200067397288868969187
XRP-USD,2026-08-30T18:38:39.849659Z,1.4275,1.4276,0.0001,1.42755,0.2868201811518981967726042592
XRP-USD,2026-08-30T18:38:40.016937Z,1.4275,1.4276,0.0001,1.42755,0.2868201811518981967726042592
XRP-USD,2026-08-30T18:38:40.031085Z,1.4275,1.4276,0.0001,1.42755,0.2579778561670813705282351396
XRP-USD,2026-08-30T18:38:40.147183Z,1.4275,1.4276,0.0001,1.42755,0.2579778561670813705282351396
XRP-USD,2026-08-30T18:38:40.205768Z,1.4275,1.4276,0.0001,1.42755,0.2757120351421118284802760844
XRP-USD,2026-08-30T18:38:40.242121Z,1.4275,1.4276,0.0001,1.42755,0.2757120351421118284802760844
XRP-USD,2026-08-30T18:38:40.298115Z,1.4275,1.4276,0.0001,1.42755,0.2752672944260855974972738997
XRP-USD,2026-08-30T18:38:40.372123Z,1.4275,1.4276,0.0001,1.42755,0.2752672944260855974972738997
XRP-USD,2026-08-30T18:38:40.380213Z,1.4275,1.4276,0.0001,1.42755,0.4599157457376577251673438168
XRP-USD,2026-08-30T18:38:40.477216Z,1.4275,1.4276,0.0001,1.42755,0.4599157457376577251673438168
XRP-USD,2026-08-30T18:38:40.53039Z,1.4275,1.4276,0.0001,1.42755,0.4588691725083472767506736052
XRP-USD,2026-08-30T18:38:40.567485Z,1.4275,1.4276,0.0001,1.42755,0.4588691725083472767506736052
XRP-USD,2026-08-30T18:38:40.730663Z,1.4275,1.4276,0.0001,1.42755,0.4588691725083472767506736052
XRP-USD,2026-08-30T18:38:40.764523Z,1.4275,1.4276,0.0001,1.42755,0.4588691725083472767506736052
XRP-USD,2026-08-30T18:38:40.816644Z,1.4275,1.4276,0.0001,1.42755,0.09757584714781320083430427717
XRP-USD,2026-08-30T18:38:40.857797Z,1.4275,1.4276,0.0001,1.42755,0.3452511249323619829594853468
XRP-USD,2026-08-30T18:38:40.926379Z,1.4275,1.4276,0.0001,1.42755,0.5548533794834299829420241219
XRP-USD,2026-08-30T18:38:40.970376Z,1.4275,1.4276,0.0001,1.42755,0.5548533794834299829420241219
XRP-USD,2026-08-30T18:38:41.01491Z,1.4275,1.4276,0.0001,1.42755,0.5548533794834299829420241219
XRP-USD,2026-08-30T18:38:41.061438Z,1.4277,1.4278,0.0001,1.42775,-0.4728560948188254534178887768
XRP-USD,2026-08-30T18:38:41.104955Z,1.4277,1.4278,0.0001,1.42775,-0.4410187676323904687909819325
XRP-USD,2026-08-30T18:38:41.171058Z,1.4277,1.4278,0.0001,1.42775,-0.4216772105889373909493041118
XRP-USD,2026-08-30T18:38:41.19934Z,1.4277,1.4278,0.0001,1.42775,-0.4454596796389557194932746050
XRP-USD,2026-08-30T18:38:41.274613Z,1.4277,1.4278,0.0001,1.42775,-0.3977590119312511615594458709
XRP-USD,2026-08-30T18:38:41.306829Z,1.4277,1.4278,0.0001,1.42775,-0.2931328177282572999595667998
XRP-USD,2026-08-30T18:38:41.34868Z,1.4277,1.4278,0.0001,1.42775,0.09019251473178688102348203492
XRP-USD,2026-08-30T18:38:41.411748Z,1.4277,1.4278,0.0001,1.42775,0.1126486665680602285281406017
XRP-USD,2026-08-30T18:38:41.494327Z,1.4277,1.4278,0.0001,1.42775,-0.1866034230795357370376756479
XRP-USD,2026-08-30T18:38:41.641732Z,1.4277,1.4278,0.0001,1.42775,-0.2018698021638547400369377187
XRP-USD,2026-08-30T18:38:41.692679Z,1.4277,1.4278,0.0001,1.42775,-0.2018698021638547400369377187
XRP-USD,2026-08-30T18:38:41.757919Z,1.4277,1.4278,0.0001,1.42775,-0.4039871076417326346457442819
XRP-USD,2026-08-30T18:38:41.82508Z,1.4276,1.4278,0.0002,1.4277,-0.1716317724357637782852174653
XRP-USD,2026-08-30T18:38:41.876348Z,1.4276,1.4278,0.0002,1.4277,-0.3309728404557644410588098442
XRP-USD,2026-08-30T18:38:41.912704Z,1.4276,1.4278,0.0002,1.4277,-0.3311062800212101316260685417
XRP-USD,2026-08-30T18:38:41.972853Z,1.4276,1.4278,0.0002,1.4277,-0.3459726124106884877293619172
XRP-USD,2026-08-30T18:38:42.019508Z,1.4276,1.4278,0.0002,1.4277,-0.3458500239178054055058802278
XRP-USD,2026-08-30T18:38:42.131128Z,1.4277,1.4278,0.0001,1.42775,-0.2033239902722128535642857131
XRP-USD,2026-08-30T18:38:42.222314Z,1.4277,1.4278,0.0001,1.42775,-0.2033239902722128535642857131
XRP-USD,2026-08-30T18:38:42.249845Z,1.4277,1.4278,0.0001,1.42775,-0.3587065795844297314802190691
XRP-USD,2026-08-30T18:38:42.409597Z,1.4277,1.4278,0.0001,1.42775,-0.2035107393567499088459646458
XRP-USD,2026-08-30T18:38:42.471304Z,1.4277,1.4278,0.0001,1.42775,-0.3036961855191832164996718200
XRP-USD,2026-08-30T18:38:42.483965Z,1.4277,1.4278,0.0001,1.42775,-0.2035107393567499088459646458
XRP-USD,2026-08-30T18:38:42.574562Z,1.4278,1.4281,0.0003,1.42795,0.02423535172335470260328611114
XRP-USD,2026-08-30T18:38:42.623025Z,1.4278,1.4279,0.0001,1.42785,0.1313171558330675348834823276
XRP-USD,2026-08-30T18:38:42.676031Z,1.4278,1.4279,0.0001,1.42785,-0.2003853110199703578911521911
XRP-USD,2026-08-30T18:38:42.725118Z,1.4278,1.4279,0.0001,1.42785,-0.06495516211061812461301863381
XRP-USD,2026-08-30T18:38:42.772453Z,1.4278,1.4279,0.0001,1.42785,-0.08062110903028036248308296319
XRP-USD,2026-08-30T18:38:42.819682Z,1.4278,1.4279,0.0001,1.42785,-0.05281708853264963503676065813
XRP-USD,2026-08-30T18:38:42.871958Z,1.4277,1.4278,0.0001,1.42775,-0.5185032732831026788679753805
XRP-USD,2026-08-30T18:38:42.912402Z,1.4277,1.4278,0.0001,1.42775,-0.5125865989354337859765748746
XRP-USD,2026-08-30T18:38:42.974697Z,1.4277,1.4278,0.0001,1.42775,-0.5125161501379025452429693269
XRP-USD,2026-08-30T18:38:43.014087Z,1.4277,1.4278,0.0001,1.42775,-0.5125161499366439612093486864
XRP-USD,2026-08-30T18:38:43.078633Z,1.4277,1.4278,0.0001,1.42775,-0.4464596863351055647754100980
XRP-USD,2026-08-30T18:38:43.168781Z,1.4277,1.4278,0.0001,1.42775,-0.3233868060009301664194766808
XRP-USD,2026-08-30T18:38:43.181992Z,1.4277,1.4278,0.0001,1.42775,-0.3233868060009301664194766808
XRP-USD,2026-08-30T18:38:43.272599Z,1.4277,1.4278,0.0001,1.42775,-0.4390118945360970259872513375
XRP-USD,2026-08-30T18:38:43.315709Z,1.4277,1.4278,0.0001,1.42775,-0.3325657796264518328695285420
XRP-USD,2026-08-30T18:38:43.358413Z,1.4277,1.4278,0.0001,1.42775,-0.3325657796264518328695285420
XRP-USD,2026-08-30T18:38:43.39709Z,1.4277,1.4278,0.0001,1.42775,-0.4390118945360970259872513375
XRP-USD,2026-08-30T18:38:43.470365Z,1.4277,1.4278,0.0001,1.42775,-0.4391051952029136231908465768
XRP-USD,2026-08-30T18:38:43.526009Z,1.4277,1.4279,0.0002,1.4278,-0.3614739971342266900834363982
XRP-USD,2026-08-30T18:38:43.566828Z,1.4277,1.4279,0.0002,1.4278,-0.3664101684327748083693185583
XRP-USD,2026-08-30T18:38:43.591133Z,1.4277,1.4279,0.0002,1.4278,-0.4567009231996532263313295978
XRP-USD,2026-08-30T18:38:43.675255Z,1.4277,1.4279,0.0002,1.4278,-0.4567009231996532263313295978
XRP-USD,2026-08-30T18:38:43.723809Z,1.4277,1.4279,0.0002,1.4278,-0.3448666921348023168148432003
XRP-USD,2026-08-30T18:38:43.766859Z,1.4278,1.4279,0.0001,1.42785,-0.2163466877524005307625004080
XRP-USD,2026-08-30T18:38:43.819426Z,1.4278,1.4279,0.0001,1.42785,-0.2684820262193271165243354884
XRP-USD,2026-08-30T18:38:43.87438Z,1.4278,1.4279,0.0001,1.42785,-0.08989139702637566620022511265
XRP-USD,2026-08-30T18:38:43.986447Z,1.4277,1.4279,0.0002,1.4278,-0.2014819999100903641931629866
XRP-USD,2026-08-30T18:38:44.061676Z,1.4277,1.4279,0.0002,1.4278,-0.08006802759170056478388637828
XRP-USD,2026-08-30T18:38:44.126733Z,1.4278,1.4279,0.0001,1.42785,-0.3228537199417223538941362330
XRP-USD,2026-08-30T18:38:44.173309Z,1.4277,1.4279,0.0002,1.4278,-0.08435270012405754699319589881
XRP-USD,2026-08-30T18:38:44.209711Z,1.4277,1.4279,0.0002,1.4278,-0.1166745351146473196768694139
XRP-USD,2026-08-30T18:38:44.273745Z,1.4277,1.4279,0.0002,1.4278,-0.1166745348514417052310252559
XRP-USD,2026-08-30T18:38:44.290267Z,1.4277,1.4279,0.0002,1.4278,-0.1351236756619315778877547746
XRP-USD,2026-08-30T18:38:44.422019Z,1.4277,1.4279,0.0002,1.4278,-0.3918456345454555890852979085
XRP-USD,2026-08-30T18:38:44.435943Z,1.4277,1.4279,0.0002,1.4278,-0.4087541963534269291546777954
XRP-USD,2026-08-30T18:38:44.562748Z,1.4277,1.4279,0.0002,1.4278,-0.3423571658970467476890555341
XRP-USD,2026-08-30T18:38:44.604588Z,1.4278,1.4279,0.0001,1.42785,-0.4398233618403945730572720100
XRP-USD,2026-08-30T18:38:44.671487Z,1.4278,1.428,0.0002,1.4279,-0.4547677740205118677324288321
XRP-USD,2026-08-30T18:38:44.688452Z,1.4278,1.428,0.0002,1.4279,-0.4547677740205118677324288321
XRP-USD,2026-08-30T18:38:44.754323Z,1.4278,1.428,0.0002,1.4279,-0.4547677740205118677324288321
XRP-USD,2026-08-30T18:38:44.899865Z,1.4278,1.428,0.0002,1.4279,-0.5170544264197035113125289773
XRP-USD,2026-08-30T18:38:44.973685Z,1.4278,1.428,0.0002,1.4279,-0.4528074796828253619992989864
XRP-USD,2026-08-30T18:38:45.020945Z,1.4278,1.4279,0.0001,1.42785,-0.3744700763585862387755147810
XRP-USD,2026-08-30T18:38:45.034963Z,1.4278,1.4279,0.0001,1.42785,-0.3744700763585862387755147810
XRP-USD,2026-08-30T18:38:45.125294Z,1.4278,1.4279,0.0001,1.42785,-0.3686114033355445060484277300
XRP-USD,2026-08-30T18:38:45.168625Z,1.4277,1.4279,0.0002,1.4278,-0.2465500953322582980938386254
XRP-USD,2026-08-30T18:38:45.186024Z,1.4277,1.4279,0.0002,1.4278,-0.2492082544902481170799467894
XRP-USD,2026-08-30T18:38:45.255165Z,1.4277,1.4279,0.0002,1.4278,-0.3313890180772876710488916035
XRP-USD,2026-08-30T18:38:45.308864Z,1.4277,1.4279,0.0002,1.4278,-0.3880611348562810431299124777
XRP-USD,2026-08-30T18:38:45.339033Z,1.4278,1.4279,0.0001,1.42785,-0.3745764484750616598744767966
XRP-USD,2026-08-30T18:38:45.405786Z,1.4278,1.428,0.0002,1.4279,-0.6269492187325003681761220177
XRP-USD,2026-08-30T18:38:45.474758Z,1.4277,1.428,0.0003,1.42785,-0.5600019480926560140327597868
XRP-USD,2026-08-30T18:38:45.505788Z,1.4278,1.428,0.0002,1.4279,-0.3562449937919561812297076691
XRP-USD,2026-08-30T18:38:45.569927Z,1.4278,1.428,0.0002,1.4279,-0.3563492305284892940262880531
XRP-USD,2026-08-30T18:38:45.66655Z,1.4278,1.428,0.0002,1.4279,-0.2539568613074265433769493491
XRP-USD,2026-08-30T18:38:45.689611Z,1.4278,1.428,0.0002,1.4279,-0.3727678688486152997424659599
XRP-USD,2026-08-30T18:38:45.760576Z,1.4278,1.428,0.0002,1.4279,-0.4281452268353981387959420865
XRP-USD,2026-08-30T18:38:45.873473Z,1.4278,1.428,0.0002,1.4279,-0.4281452268353981387959420865
XRP-USD,2026-08-30T18:38:45.926027Z,1.4278,1.428,0.0002,1.4279,-0.3554705093161237871968043122
XRP-USD,2026-08-30T18:38:45.974264Z,1.4278,1.428,0.0002,1.4279,-0.3877772593538586224820119040
XRP-USD,2026-08-30T18:38:46.014201Z,1.4278,1.428,0.0002,1.4279,-0.3877772593538586224820119040
XRP-USD,2026-08-30T18:38:46.058518Z,1.4278,1.428,0.0002,1.4279,-0.2763856433154261196512765792
XRP-USD,2026-08-30T18:38:46.16663Z,1.4278,1.428,0.0002,1.4279,-0.3846133234417333607291272945
XRP-USD,2026-08-30T18:38:46.207131Z,1.4278,1.428,0.0002,1.4279,-0.3864796595887143019895391794
XRP-USD,2026-08-30T18:38:46.32602Z,1.4278,1.428,0.0002,1.4279,-0.3714340625337759867496568964
XRP-USD,2026-08-30T18:38:46.579069Z,1.4278,1.428,0.0002,1.4279,-0.3714340625337759867496568964
XRP-USD,2026-08-30T18:38:46.625265Z,1.4278,1.428,0.0002,1.4279,-0.3713345333528862351877086838
XRP-USD,2026-08-30T18:38:46.663148Z,1.4278,1.428,0.0002,1.4279,-0.2388202094945296867789514837
XRP-USD,2026-08-30T18:38:46.725606Z,1.4278,1.4279,0.0001,1.42785,0.004209118965211371889317806186
XRP-USD,2026-08-30T18:38:46.769986Z,1.4278,1.4279,0.0001,1.42785,0.3133697820455504847510426427
XRP-USD,2026-08-30T18:38:46.800945Z,1.4278,1.4279,0.0001,1.42785,0.2832329192467787600574632284
XRP-USD,2026-08-30T18:38:46.864715Z,1.4278,1.4279,0.0001,1.42785,-0.2246093624926614726766142657
XRP-USD,2026-08-30T18:38:46.935244Z,1.4278,1.4279,0.0001,1.42785,-0.04542760708092340804619693355
XRP-USD,2026-08-30T18:38:47.021276Z,1.4278,1.4279,0.0001,1.42785,-0.2822431559225539556766384310
XRP-USD,2026-08-30T18:38:47.156272Z,1.4278,1.4279,0.0001,1.42785,-0.05707327625044393977510597189
XRP-USD,2026-08-30T18:38:47.227806Z,1.4278,1.4279,0.0001,1.42785,-0.06121829892249684121184634731
XRP-USD,2026-08-30T18:38:47.256913Z,1.4278,1.4279,0.0001,1.42785,-0.07693964526916891760087345148
XRP-USD,2026-08-30T18:38:47.3721Z,1.4278,1.4279,0.0001,1.42785,-0.07693964526916891760087345148
XRP-USD,2026-08-30T18:38:47.470085Z,1.4278,1.4279,0.0001,1.42785,-0.1957918610558393030134394143
XRP-USD,2026-08-30T18:38:47.49124Z,1.4278,1.4279,0.0001,1.42785,-0.2515592527348109889924225612
XRP-USD,2026-08-30T18:38:47.678175Z,1.4278,1.4279,0.0001,1.42785,-0.2515592527348109889924225612
XRP-USD,2026-08-30T18:38:47.720543Z,1.4278,1.4279,0.0001,1.42785,-0.1496632645578414900604173984
XRP-USD,2026-08-30T18:38:47.803353Z,1.4278,1.4279,0.0001,1.42785,-0.3248770026542694295534657460
XRP-USD,2026-08-30T18:38:47.873829Z,1.4278,1.4279,0.0001,1.42785,-0.1563978757697580079446950823
XRP-USD,2026-08-30T18:38:47.921883Z,1.4278,1.4279,0.0001,1.42785,-0.1563978757697580079446950823
XRP-USD,2026-08-30T18:38:47.947563Z,1.4278,1.4279,0.0001,1.42785,-0.1689344385394332175811088655
XRP-USD,2026-08-30T18:38:48.017114Z,1.4278,1.4279,0.0001,1.42785,-0.1687542302558049345051462473
XRP-USD,2026-08-30T18:38:48.056012Z,1.4278,1.4279,0.0001,1.42785,-0.2636932857919832418414783248
XRP-USD,2026-08-30T18:38:48.097527Z,1.4278,1.4279,0.0001,1.42785,-0.1652916703155112239919247638
XRP-USD,2026-08-30T18:38:48.154703Z,1.4278,1.4279,0.0001,1.42785,-0.1653243855031799874033394371
XRP-USD,2026-08-30T18:38:48.275792Z,1.4278,1.4279,0.0001,1.42785,-0.1685739540414950292927719282
XRP-USD,2026-08-30T18:38:48.312105Z,1.4278,1.4279,0.0001,1.42785,-0.1687542309147711552941640224
XRP-USD,2026-08-30T18:38:48.370074Z,1.4278,1.4279,0.0001,1.42785,-0.2663889006519144457566975045
XRP-USD,2026-08-30T18:38:48.526532Z,1.4278,1.4279,0.0001,1.42785,-0.2663889006519144457566975045
XRP-USD,2026-08-30T18:38:48.643265Z,1.4278,1.4279,0.0001,1.42785,-0.1687542309147711552941640224
XRP-USD,2026-08-30T18:38:48.711084Z,1.4278,1.4279,0.0001,1.42785,-0.2663889006519144457566975045
XRP-USD,2026-08-30T18:38:48.763717Z,1.4278,1.4279,0.0001,1.42785,-0.4412282565967114840480313316
XRP-USD,2026-08-30T18:38:48.825797Z,1.4277,1.4279,0.0002,1.4278,-0.3865476274524552341632670242
XRP-USD,2026-08-30T18:38:48.871305Z,1.4277,1.4279,0.0002,1.4278,-0.3865476274524552341632670242
XRP-USD,2026-08-30T18:38:48.928286Z,1.4278,1.4279,0.0001,1.42785,-0.5042518942415744231973933941
XRP-USD,2026-08-30T18:38:48.979187Z,1.4277,1.4279,0.0002,1.4278,-0.3516790752046395250527360300
XRP-USD,2026-08-30T18:38:49.017912Z,1.4278,1.4279,0.0001,1.42785,-0.3910893321583127388867742797
XRP-USD,2026-08-30T18:38:49.035102Z,1.4278,1.4279,0.0001,1.42785,-0.4531251375505061985612117978
XRP-USD,2026-08-30T18:38:49.21563Z,1.4278,1.4279,0.0001,1.42785,-0.4531415806547991382998163752
XRP-USD,2026-08-30T18:38:49.274129Z,1.4278,1.4279,0.0001,1.42785,-0.4531415806547991382998163752
XRP-USD,2026-08-30T18:38:49.383858Z,1.4278,1.4279,0.0001,1.42785,-0.4475831428297938951776388836
XRP-USD,2026-08-30T18:38:49.46304Z,1.4278,1.4279,0.0001,1.42785,-0.4475831428297938951776388836
XRP-USD,2026-08-30T18:38:49.527635Z,1.4277,1.4279,0.0002,1.4278,-0.3089263671917373704110056110
XRP-USD,2026-08-30T18:38:49.581071Z,1.4277,1.4279,0.0002,1.4278,-0.3089263671917373704110056110
XRP-USD,2026-08-30T18:38:49.666037Z,1.4277,1.4279,0.0002,1.4278,-0.1676451495017318504146558949
XRP-USD,2026-08-30T18:38:49.726256Z,1.4277,1.4279,0.0002,1.4278,-0.4004779204462996955306581554
XRP-USD,2026-08-30T18:38:49.750909Z,1.4277,1.4279,0.0002,1.4278,-0.1811817388773197147653664503
XRP-USD,2026-08-30T18:38:49.805129Z,1.4277,1.4279,0.0002,1.4278,-0.4167559986458068482766924136
XRP-USD,2026-08-30T18:38:49.853946Z,1.4277,1.4279,0.0002,1.4278,-0.3482933316414839989455736835
XRP-USD,2026-08-30T18:38:49.92042Z,1.4277,1.4279,0.0002,1.4278,-0.3647035821113008907819053964
XRP-USD,2026-08-30T18:38:49.933196Z,1.4277,1.4279,0.0002,1.4278,-0.3647035821113008907819053964
XRP-USD,2026-08-30T18:38:49.946021Z,1.4277,1.4278,0.0001,1.42775,-0.3167248007094726510474494991
XRP-USD,2026-08-30T18:38:50.052382Z,1.4275,1.4276,0.0001,1.42755,-0.2766794607560760477077677329
XRP-USD,2026-08-30T18:38:50.079775Z,1.4275,1.4278,0.0003,1.42765,-0.3421932452155008543051865100
XRP-USD,2026-08-30T18:38:50.166245Z,1.4276,1.4277,0.0001,1.42765,-0.2876100883494688392016049081
XRP-USD,2026-08-30T18:38:50.180683Z,1.4276,1.4277,0.0001,1.42765,-0.2756852556652406679124582878
XRP-USD,2026-08-30T18:38:50.26693Z,1.4276,1.4277,0.0001,1.42765,-0.2757230566674612360074852370
XRP-USD,2026-08-30T18:38:50.32717Z,1.4276,1.4277,0.0001,1.42765,-0.2757230566674612360074852370
XRP-USD,2026-08-30T18:38:50.360732Z,1.4276,1.4277,0.0001,1.42765,-0.2757230566674612360074852370
XRP-USD,2026-08-30T18:38:50.392081Z,1.4276,1.4277,0.0001,1.42765,-0.2794729101640965656488528323
XRP-USD,2026-08-30T18:38:50.440129Z,1.4275,1.4277,0.0002,1.4276,-0.2374695437567232104347051862
XRP-USD,2026-08-30T18:38:50.512301Z,1.4275,1.4277,0.0002,1.4276,-0.2073476775818668826784936481
XRP-USD,2026-08-30T18:38:50.574302Z,1.4275,1.4277,0.0002,1.4276,-0.2073476775818668826784936481
XRP-USD,2026-08-30T18:38:50.6194Z,1.4275,1.4277,0.0002,1.4276,-0.4333773841886629621352258609
XRP-USD,2026-08-30T18:38:50.674518Z,1.4276,1.4277,0.0001,1.42765,-0.4852499772364702046262864561
XRP-USD,2026-08-30T18:38:50.723037Z,1.4276,1.4277,0.0001,1.42765,-0.4207030246273850449385550221
XRP-USD,2026-08-30T18:38:50.728835Z,1.4276,1.4277,0.0001,1.42765,-0.3724843639452947696604830080
XRP-USD,2026-08-30T18:38:50.798236Z,1.4276,1.4277,0.0001,1.42765,-0.3519742586043135289872057870
XRP-USD,2026-08-30T18:38:50.833504Z,1.4276,1.4277,0.0001,1.42765,-0.3519742586043135289872057870
XRP-USD,2026-08-30T18:38:50.914659Z,1.4276,1.4277,0.0001,1.42765,-0.4638103225920450438354600244
XRP-USD,2026-08-30T18:38:50.956328Z,1.4276,1.4277,0.0001,1.42765,-0.4821366278713683973215024725
XRP-USD,2026-08-30T18:38:51.016929Z,1.4276,1.4277,0.0001,1.42765,-0.4569982671092979711990348578
XRP-USD,2026-08-30T18:38:51.070063Z,1.4276,1.4277,0.0001,1.42765,-0.4551940573641400940499652640
XRP-USD,2026-08-30T18:38:51.094674Z,1.4276,1.4277,0.0001,1.42765,-0.3393465444451917640301522121
XRP-USD,2026-08-30T18:38:51.153993Z,1.4276,1.4278,0.0002,1.4277,-0.5615191056800604949873683357
XRP-USD,2026-08-30T18:38:51.185215Z,1.4276,1.4278,0.0002,1.4277,-0.5615191056800604949873683357
XRP-USD,2026-08-30T18:38:51.311178Z,1.4276,1.4278,0.0002,1.4277,-0.5615307474977344069502518746
XRP-USD,2026-08-30T18:38:51.374832Z,1.4276,1.4278,0.0002,1.4277,-0.4834547789286348311347398161
XRP-USD,2026-08-30T18:38:51.425205Z,1.4276,1.4278,0.0002,1.4277,-0.5332371989336747165326763970
XRP-USD,2026-08-30T18:38:51.478597Z,1.4276,1.4278,0.0002,1.4277,-0.5929475204955158970542635477
XRP-USD,2026-08-30T18:38:51.498671Z,1.4276,1.4278,0.0002,1.4277,-0.5555967983597223546860644019
XRP-USD,2026-08-30T18:38:51.574319Z,1.4276,1.4278,0.0002,1.4277,-0.5555967983597223546860644019
XRP-USD,2026-08-30T18:38:51.819991Z,1.4276,1.4278,0.0002,1.4277,-0.5929475204955158970542635477
XRP-USD,2026-08-30T18:38:51.866124Z,1.4276,1.4278,0.0002,1.4277,-0.5929475204955158970542635477
XRP-USD,2026-08-30T18:38:51.907466Z,1.4276,1.4277,0.0001,1.42765,-0.4459596941740937022046694477
XRP-USD,2026-08-30T18:38:51.943739Z,1.4276,1.4277,0.0001,1.42765,-0.5028337756895749683811639207
XRP-USD,2026-08-30T18:38:52.015557Z,1.4276,1.4277,0.0001,1.42765,-0.5027505914058747990572745795
XRP-USD,2026-08-30T18:38:52.020824Z,1.4276,1.4277,0.0001,1.42765,-0.5011543079687759031281709752
XRP-USD,2026-08-30T18:38:52.127005Z,1.4276,1.4277,0.0001,1.42765,-0.5012380275280701858529372759
XRP-USD,2026-08-30T18:38:52.138948Z,1.4276,1.4277,0.0001,1.42765,-0.5142911358736197562959328466
XRP-USD,2026-08-30T18:38:52.281171Z,1.4276,1.4277,0.0001,1.42765,-0.4579878706683272844407647363
XRP-USD,2026-08-30T18:38:52.378076Z,1.4276,1.4277,0.0001,1.42765,-0.4580062959136481104814994046
XRP-USD,2026-08-30T18:38:52.394045Z,1.4276,1.4277,0.0001,1.42765,-0.4580062959136481104814994046
XRP-USD,2026-08-30T18:38:52.539959Z,1.4276,1.4277,0.0001,1.42765,-0.4599390646367776699989065970
XRP-USD,2026-08-30T18:38:52.623658Z,1.4276,1.4277,0.0001,1.42765,-0.4599390646367776699989065970
XRP-USD,2026-08-30T18:38:52.763202Z,1.4276,1.4277,0.0001,1.42765,-0.3475669162726098213874147160
XRP-USD,2026-08-30T18:38:52.847535Z,1.4276,1.4277,0.0001,1.42765,-0.4599390646367776699989065970
XRP-USD,2026-08-30T18:38:52.897906Z,1.4276,1.4277,0.0001,1.42765,-0.4790183312375952656112911483
XRP-USD,2026-08-30T18:38:52.913368Z,1.4276,1.4277,0.0001,1.42765,-0.4790183312375952656112911483
XRP-USD,2026-08-30T18:38:52.980591Z,1.4276,1.4277,0.0001,1.42765,-0.5021627717842064461853273312
XRP-USD,2026-08-30T18:38:53.05025Z,1.4275,1.4277,0.0002,1.4276,-0.4910365790390184592912669198
XRP-USD,2026-08-30T18:38:53.168456Z,1.4275,1.4277,0.0002,1.4276,-0.3786072615926272304750919931
XRP-USD,2026-08-30T18:38:53.195576Z,1.4275,1.4277,0.0002,1.4276,-0.4729719779277376630982385982
XRP-USD,2026-08-30T18:38:53.351656Z,1.4275,1.4277,0.0002,1.4276,-0.4729719779277376630982385982
XRP-USD,2026-08-30T18:38:53.422415Z,1.4275,1.4277,0.0002,1.4276,-0.4729863462709576126112812507
XRP-USD,2026-08-30T18:38:53.50351Z,1.4275,1.4277,0.0002,1.4276,-0.4729863462709576126112812507
XRP-USD,2026-08-30T18:38:53.542312Z,1.4275,1.4277,0.0002,1.4276,-0.4744152504228340028575953018
XRP-USD,2026-08-30T18:38:53.622578Z,1.4275,1.4277,0.0002,1.4276,-0.4744152504228340028575953018
XRP-USD,2026-08-30T18:38:53.670265Z,1.4277,1.4278,0.0001,1.42775,-0.3706602956478616453622396274
XRP-USD,2026-08-30T18:38:53.699469Z,1.4277,1.4278,0.0001,1.42775,-0.07000365525105123338930613751
XRP-USD,2026-08-30T18:38:53.743976Z,1.4277,1.4278,0.0001,1.42775,-0.3941569591927479095439619308
XRP-USD,2026-08-30T18:38:53.809615Z,1.4276,1.4278,0.0002,1.4277,-0.4583742410723705944577863249
XRP-USD,2026-08-30T18:38:53.830553Z,1.4276,1.4278,0.0002,1.4277,-0.4506783473432392568428333858
XRP-USD,2026-08-30T18:38:54.021307Z,1.4276,1.4278,0.0002,1.4277,-0.4505824130850635780082968542
XRP-USD,2026-08-30T18:38:54.043989Z,1.4276,1.4278,0.0002,1.4277,-0.4108792536207473813678907028
XRP-USD,2026-08-30T18:38:54.092516Z,1.4276,1.4278,0.0002,1.4277,-0.5003987768303890434406607218
XRP-USD,2026-08-30T18:38:54.140935Z,1.4276,1.4278,0.0002,1.4277,-0.5003987768303890434406607218
XRP-USD,2026-08-30T18:38:54.197943Z,1.4276,1.4278,0.0002,1.4277,-0.5003235914816011220710798448
XRP-USD,2026-08-30T18:38:54.260699Z,1.4276,1.4278,0.0002,1.4277,-0.5004029400837929551765645580
XRP-USD,2026-08-30T18:38:54.298252Z,1.4276,1.4278,0.0002,1.4277,-0.5004029400837929551765645580
XRP-USD,2026-08-30T18:38:54.425303Z,1.4275,1.4277,0.0002,1.4276,-0.1913727569722548858356340448
XRP-USD,2026-08-30T18:38:54.467494Z,1.4275,1.4277,0.0002,1.4276,-0.2768382553440874354035375754
XRP-USD,2026-08-30T18:38:54.504856Z,1.4275,1.4277,0.0002,1.4276,-0.2200824156029464351510665509
XRP-USD,2026-08-30T18:38:54.608606Z,1.4275,1.4277,0.0002,1.4276,-0.2171293876100868622365709524
XRP-USD,2026-08-30T18:38:54.678093Z,1.4275,1.4277,0.0002,1.4276,-0.3091829305850060444955489247
XRP-USD,2026-08-30T18:38:54.713473Z,1.4275,1.4277,0.0002,1.4276,-0.3091829305850060444955489247
XRP-USD,2026-08-30T18:38:54.774113Z,1.4275,1.4277,0.0002,1.4276,-0.2202462741730657708921101740
XRP-USD,2026-08-30T18:38:54.784145Z,1.4275,1.4277,0.0002,1.4276,-0.3093114913003941648894876706
XRP-USD,2026-08-30T18:38:54.855578Z,1.4275,1.4277,0.0002,1.4276,-0.2202462741730657708921101740
XRP-USD,2026-08-30T18:38:55.031389Z,1.4275,1.4277,0.0002,1.4276,-0.2318759910034243304543496265
XRP-USD,2026-08-30T18:38:55.238298Z,1.4275,1.4277,0.0002,1.4276,-0.3203845325618738026374262242
XRP-USD,2026-08-30T18:38:55.323278Z,1.4275,1.4277,0.0002,1.4276,-0.3205121169934374557607839599
XRP-USD,2026-08-30T18:38:55.36395Z,1.4275,1.4277,0.0002,1.4276,-0.4097668691393000030606462123
XRP-USD,2026-08-30T18:38:55.429659Z,1.4275,1.4277,0.0002,1.4276,-0.4097668691393000030606462123
XRP-USD,2026-08-30T18:38:55.532996Z,1.4275,1.4277,0.0002,1.4276,-0.4424213323562740546940587047
XRP-USD,2026-08-30T18:38:55.676719Z,1.4275,1.4277,0.0002,1.4276,-0.3407259301556891420640859819
XRP-USD,2026-08-30T18:38:55.71484Z,1.4276,1.4279,0.0003,1.42775,-0.5598778228838554976522546742
XRP-USD,2026-08-30T18:38:55.794148Z,1.4276,1.4278,0.0002,1.4277,-0.3956484680488334920732443892
XRP-USD,2026-08-30T18:38:55.813365Z,1.4276,1.4278,0.0002,1.4277,-0.3956484680488334920732443892
XRP-USD,2026-08-30T18:38:55.847872Z,1.4276,1.4278,0.0002,1.4277,-0.3781826388920716845208764841
XRP-USD,2026-08-30T18:38:56.027677Z,1.4276,1.4278,0.0002,1.4277,-0.3760101643292364050067435040
XRP-USD,2026-08-30T18:38:56.157316Z,1.4276,1.4278,0.0002,1.4277,-0.3760101643292364050067435040
XRP-USD,2026-08-30T18:38:56.212323Z,1.4276,1.4278,0.0002,1.4277,-0.3760101643292364050067435040
XRP-USD,2026-08-30T18:38:56.265014Z,1.4276,1.4278,0.0002,1.4277,-0.3716780536196686352329174528
XRP-USD,2026-08-30T18:38:56.366509Z,1.4276,1.4278,0.0002,1.4277,-0.4359478810696404904805811766
XRP-USD,2026-08-30T18:38:56.38234Z,1.4276,1.4278,0.0002,1.4277,-0.4697676938658019805473190466
XRP-USD,2026-08-30T18:38:56.525665Z,1.4276,1.4278,0.0002,1.4277,-0.3717946947233831595787794556
XRP-USD,2026-08-30T18:38:56.569041Z,1.4278,1.4279,0.0001,1.42785,-0.2143715528538643323644134304
XRP-USD,2026-08-30T18:38:56.621603Z,1.4278,1.4279,0.0001,1.42785,0.2186719603380105599801391713
XRP-USD,2026-08-30T18:38:56.671132Z,1.4278,1.4279,0.0001,1.42785,-0.3214898633418598981524295940
XRP-USD,2026-08-30T18:38:56.694741Z,1.4278,1.4279,0.0001,1.42785,-0.1838615136083455285046395164
XRP-USD,2026-08-30T18:38:56.736738Z,1.4278,1.4279,0.0001,1.42785,-0.1838615136083455285046395164
XRP-USD,2026-08-30T18:38:56.821824Z,1.4278,1.4279,0.0001,1.42785,-0.3443434933944838603566564778
XRP-USD,2026-08-30T18:38:56.875547Z,1.4278,1.4279,0.0001,1.42785,-0.3466958822189658969764451453
XRP-USD,2026-08-30T18:38:56.917075Z,1.4278,1.4279,0.0001,1.42785,-0.3265365516923792015263935377
XRP-USD,2026-08-30T18:38:56.947076Z,1.4278,1.4279,0.0001,1.42785,-0.3266752893937490776628168559
XRP-USD,2026-08-30T18:38:57.017895Z,1.4278,1.4279,0.0001,1.42785,-0.3266752893937490776628168559
XRP-USD,2026-08-30T18:38:57.067571Z,1.4277,1.4279,0.0002,1.4278,-0.08908913577359773338189670028
XRP-USD,2026-08-30T18:38:57.100974Z,1.4277,1.4279,0.0002,1.4278,-0.09018231208668769995974703708
XRP-USD,2026-08-30T18:38:57.168428Z,1.4277,1.4279,0.0002,1.4278,-0.1051246489247272104569214265
XRP-USD,2026-08-30T18:38:57.290626Z,1.4277,1.4279,0.0002,1.4278,-0.1051246489247272104569214265
XRP-USD,2026-08-30T18:38:57.41454Z,1.4277,1.4279,0.0002,1.4278,-0.1051246489247272104569214265
XRP-USD,2026-08-30T18:38:57.435876Z,1.4277,1.4279,0.0002,1.4278,-0.1053390157351969905919153350
XRP-USD,2026-08-30T18:38:57.504159Z,1.4277,1.4279,0.0002,1.4278,-0.1197916031992096490961012365
XRP-USD,2026-08-30T18:38:57.574885Z,1.4277,1.4279,0.0002,1.4278,-0.4442001067196856686894423427
XRP-USD,2026-08-30T18:38:57.60157Z,1.4277,1.4279,0.0002,1.4278,-0.4675434180548740468241510541
XRP-USD,2026-08-30T18:38:57.672117Z,1.4277,1.4279,0.0002,1.4278,-0.3693920574580770115545150223
XRP-USD,2026-08-30T18:38:57.723147Z,1.4277,1.4279,0.0002,1.4278,-0.4675434180548740468241510541
XRP-USD,2026-08-30T18:38:57.769091Z,1.4277,1.4279,0.0002,1.4278,-0.3693480237812086008992094943
XRP-USD,2026-08-30T18:38:57.832303Z,1.4277,1.4279,0.0002,1.4278,-0.3693698725145197590575764384
XRP-USD,2026-08-30T18:38:57.878897Z,1.4277,1.4279,0.0002,1.4278,-0.3693698725145197590575764384
XRP-USD,2026-08-30T18:38:57.917569Z,1.4277,1.4279,0.0002,1.4278,-0.3693698725145197590575764384
XRP-USD,2026-08-30T18:38:57.972622Z,1.4277,1.4279,0.0002,1.4278,-0.4659690544379749161333561659
XRP-USD,2026-08-30T18:38:57.977492Z,1.4277,1.4279,0.0002,1.4278,-0.4659690544379749161333561659
XRP-USD,2026-08-30T18:38:58.029072Z,1.4277,1.4279,0.0002,1.4278,-0.4658819966106488902901083271
XRP-USD,2026-08-30T18:38:58.120241Z,1.4277,1.4279,0.0002,1.4278,-0.4527895937474314830978508655
XRP-USD,2026-08-30T18:38:58.169433Z,1.4277,1.428,0.0003,1.42785,-0.3464777506300886316271473715
XRP-USD,2026-08-30T18:38:58.224876Z,1.4277,1.428,0.0003,1.42785,-0.3702853988869319435302850496
XRP-USD,2026-08-30T18:38:58.260549Z,1.4277,1.428,0.0003,1.42785,-0.4699223731435546810487433610
XRP-USD,2026-08-30T18:38:58.370272Z,1.4277,1.428,0.0003,1.42785,-0.4699223731435546810487433610
XRP-USD,2026-08-30T18:38:58.500832Z,1.4277,1.428,0.0003,1.42785,-0.3704061369378312074312539144
XRP-USD,2026-08-30T18:38:58.544906Z,1.4277,1.428,0.0003,1.42785,-0.3609196370986295507943733756
XRP-USD,2026-08-30T18:38:58.672259Z,1.4277,1.428,0.0003,1.42785,-0.4633015796456075952053780882
XRP-USD,2026-08-30T18:38:58.678372Z,1.4277,1.428,0.0003,1.42785,-0.4633015796456075952053780882
XRP-USD,2026-08-30T18:38:58.771686Z,1.4277,1.428,0.0003,1.42785,-0.3862753174906716824346587867
XRP-USD,2026-08-30T18:38:58.870308Z,1.4277,1.428,0.0003,1.42785,-0.4808446727879255676303031987
XRP-USD,2026-08-30T18:38:58.889117Z,1.4277,1.428,0.0003,1.42785,-0.4808446727879255676303031987
XRP-USD,2026-08-30T18:38:59.016675Z,1.4277,1.428,0.0003,1.42785,-0.4808304906968902274446308501
XRP-USD,2026-08-30T18:38:59.063607Z,1.4277,1.4279,0.0002,1.4278,-0.3731371538719854499293870041
XRP-USD,2026-08-30T18:38:59.129838Z,1.4277,1.4279,0.0002,1.4278,-0.3861238759387274649683552773
XRP-USD,2026-08-30T18:38:59.175143Z,1.4277,1.4279,0.0002,1.4278,-0.5106000412493268661128575250
XRP-USD,2026-08-30T18:38:59.201189Z,1.4277,1.4279,0.0002,1.4278,-0.5053017494825435964298742906
XRP-USD,2026-08-30T18:38:59.22631Z,1.4277,1.4279,0.0002,1.4278,-0.4522015798157095201910028895
XRP-USD,2026-08-30T18:38:59.319852Z,1.4277,1.4279,0.0002,1.4278,-0.4130821915135558842281945729
XRP-USD,2026-08-30T18:38:59.453487Z,1.4277,1.4279,0.0002,1.4278,-0.3822458666902310648534259495
XRP-USD,2026-08-30T18:38:59.558051Z,1.4277,1.4279,0.0002,1.4278,-0.3823676763503145659344508638
XRP-USD,2026-08-30T18:38:59.602601Z,1.4277,1.4279,0.0002,1.4278,-0.3608130089499408165158290798
XRP-USD,2026-08-30T18:38:59.829501Z,1.4277,1.4279,0.0002,1.4278,-0.2743643481605669082643199423
XRP-USD,2026-08-30T18:38:59.842993Z,1.4277,1.4279,0.0002,1.4278,-0.2135114186649123925359580074
XRP-USD,2026-08-30T18:38:59.917153Z,1.4277,1.4279,0.0002,1.4278,-0.2135114186649123925359580074
XRP-USD,2026-08-30T18:39:00.038276Z,1.4277,1.4279,0.0002,1.4278,-0.3113705680450265695051770661
XRP-USD,2026-08-30T18:39:00.29228Z,1.4279,1.428,0.0001,1.42795,-0.3573867937260098063679675591
XRP-USD,2026-08-30T18:39:00.359881Z,1.4279,1.428,0.0001,1.42795,0.7981475407953359156082784696
XRP-USD,2026-08-30T18:39:00.405006Z,1.4279,1.428,0.0001,1.42795,0.3871783041330285925230838301
XRP-USD,2026-08-30T18:39:00.441483Z,1.428,1.4281,0.0001,1.42805,0.9254627849761132434389556482
XRP-USD,2026-08-30T18:39:00.509935Z,1.428,1.4281,0.0001,1.42805,0.5807461184767823697712937599
XRP-USD,2026-08-30T18:39:00.547409Z,1.428,1.4281,0.0001,1.42805,0.7590311369976080955317755002
XRP-USD,2026-08-30T18:39:00.613936Z,1.428,1.4281,0.0001,1.42805,0.5520025788013625398525418011
XRP-USD,2026-08-30T18:39:00.661676Z,1.428,1.4281,0.0001,1.42805,0.5408304693367720011649027083
XRP-USD,2026-08-30T18:39:00.705746Z,1.428,1.4281,0.0001,1.42805,0.5404832978907168279179722131
XRP-USD,2026-08-30T18:39:00.727687Z,1.428,1.4281,0.0001,1.42805,0.5404832978907168279179722131
XRP-USD,2026-08-30T18:39:00.801038Z,1.428,1.4281,0.0001,1.42805,0.7199376184601421768617229362
XRP-USD,2026-08-30T18:39:00.857292Z,1.428,1.4281,0.0001,1.42805,0.5733499775235962573560031735
XRP-USD,2026-08-30T18:39:00.959954Z,1.428,1.4281,0.0001,1.42805,0.5740041109198219491066415229
XRP-USD,2026-08-30T18:39:01.02158Z,1.4281,1.4282,0.0001,1.42815,-0.1209147355996798482356036338
XRP-USD,2026-08-30T18:39:01.135633Z,1.4281,1.4282,0.0001,1.42815,-0.05151375277022790030059472545
XRP-USD,2026-08-30T18:39:01.17277Z,1.4281,1.4282,0.0001,1.42815,-0.1326242146864372855550816802
XRP-USD,2026-08-30T18:39:01.184083Z,1.4281,1.4282,0.0001,1.42815,-0.1326242146864372855550816802
XRP-USD,2026-08-30T18:39:01.319136Z,1.4281,1.4282,0.0001,1.42815,-0.1524445015147859877225207333
XRP-USD,2026-08-30T18:39:01.331041Z,1.4281,1.4282,0.0001,1.42815,-0.1524445015147859877225207333
XRP-USD,2026-08-30T18:39:01.372884Z,1.4281,1.4282,0.0001,1.42815,-0.1552843563717920352569747950
XRP-USD,2026-08-30T18:39:01.462254Z,1.428,1.4282,0.0002,1.4281,-0.2799210622429792147997900918
XRP-USD,2026-08-30T18:39:01.540501Z,1.4281,1.4282,0.0001,1.42815,-0.1994257555414351223757387905
XRP-USD,2026-08-30T18:39:01.655863Z,1.4281,1.4282,0.0001,1.42815,-0.1994257555414351223757387905
XRP-USD,2026-08-30T18:39:01.720676Z,1.4281,1.4282,0.0001,1.42815,-0.1810689182850202854027749038
XRP-USD,2026-08-30T18:39:01.768618Z,1.4281,1.4282,0.0001,1.42815,0.3195837190375770931873978676
XRP-USD,2026-08-30T18:39:01.813414Z,1.4281,1.4282,0.0001,1.42815,0.4607222168492976889084849805
XRP-USD,2026-08-30T18:39:01.87375Z,1.4281,1.4282,0.0001,1.42815,0.3080883272946006188362288745
XRP-USD,2026-08-30T18:39:01.925223Z,1.4281,1.4282,0.0001,1.42815,0.3073160183023906987782032134
XRP-USD,2026-08-30T18:39:01.966928Z,1.4281,1.4282,0.0001,1.42815,0.3073160183023906987782032134
XRP-USD,2026-08-30T18:39:02.003379Z,1.4281,1.4282,0.0001,1.42815,0.3073160183023906987782032134
XRP-USD,2026-08-30T18:39:02.05548Z,1.4282,1.4283,0.0001,1.42825,-0.2162496646162760593876882138
XRP-USD,2026-08-30T18:39:02.12274Z,1.4282,1.4283,0.0001,1.42825,-0.1614911774690421660412891636
XRP-USD,2026-08-30T18:39:02.171399Z,1.4282,1.4283,0.0001,1.42825,-0.2437654797889024169470770901
XRP-USD,2026-08-30T18:39:02.323293Z,1.4282,1.4283,0.0001,1.42825,-0.2439151951987440807453167495
XRP-USD,2026-08-30T18:39:02.425917Z,1.4282,1.4283,0.0001,1.42825,-0.2449420263381790451075253942
XRP-USD,2026-08-30T18:39:02.47726Z,1.4282,1.4283,0.0001,1.42825,-0.2471752048985736721771026910
XRP-USD,2026-08-30T18:39:02.506421Z,1.4282,1.4283,0.0001,1.42825,-0.2471752048985736721771026910
XRP-USD,2026-08-30T18:39:02.613772Z,1.4282,1.4283,0.0001,1.42825,-0.2305789219000614113225354401
XRP-USD,2026-08-30T18:39:02.666238Z,1.4282,1.4283,0.0001,1.42825,-0.2305789219000614113225354401
XRP-USD,2026-08-30T18:39:02.826182Z,1.4282,1.4283,0.0001,1.42825,-0.2305789219000614113225354401
XRP-USD,2026-08-30T18:39:02.868813Z,1.4282,1.4283,0.0001,1.42825,-0.2307282380583037202350987919
XRP-USD,2026-08-30T18:39:02.924253Z,1.4282,1.4283,0.0001,1.42825,-0.1806241582028599199937905627
XRP-USD,2026-08-30T18:39:02.976796Z,1.4282,1.4283,0.0001,1.42825,-0.1673432577467197049556730835
XRP-USD,2026-08-30T18:39:02.984836Z,1.4282,1.4283,0.0001,1.42825,-0.1673432577467197049556730835
XRP-USD,2026-08-30T18:39:03.052724Z,1.4282,1.4283,0.0001,1.42825,0.2314183291053717834229278525
XRP-USD,2026-08-30T18:39:03.096367Z,1.4282,1.4283,0.0001,1.42825,0.2314183291053717834229278525
XRP-USD,2026-08-30T18:39:03.154346Z,1.4282,1.4283,0.0001,1.42825,0.2314183291053717834229278525
XRP-USD,2026-08-30T18:39:03.167191Z,1.4282,1.4283,0.0001,1.42825,0.2314183291053717834229278525
XRP-USD,2026-08-30T18:39:03.257177Z,1.4282,1.4283,0.0001,1.42825,0.2314183291053717834229278525
XRP-USD,2026-08-30T18:39:03.36678Z,1.4282,1.4283,0.0001,1.42825,0.2314183291053717834229278525
XRP-USD,2026-08-30T18:39:03.385598Z,1.4282,1.4283,0.0001,1.42825,0.02634621052147599302501536104
XRP-USD,2026-08-30T18:39:03.458496Z,1.4282,1.4283,0.0001,1.42825,0.02634621052147599302501536104
XRP-USD,2026-08-30T18:39:03.521982Z,1.4284,1.4286,0.0002,1.4285,-0.3487406410829984881415130862
XRP-USD,2026-08-30T18:39:03.567468Z,1.4284,1.4286,0.0002,1.4285,-0.3696720582196783974478418321
XRP-USD,2026-08-30T18:39:03.626745Z,1.4284,1.4286,0.0002,1.4285,-0.4749873987509278328915296957
XRP-USD,2026-08-30T18:39:03.671104Z,1.4284,1.4286,0.0002,1.4285,-0.4818290162683880373046490039
XRP-USD,2026-08-30T18:39:03.718257Z,1.4284,1.4286,0.0002,1.4285,-0.4762312302013838013400156796
XRP-USD,2026-08-30T18:39:03.831734Z,1.4284,1.4286,0.0002,1.4285,-0.5108601110085205712274767243
XRP-USD,2026-08-30T18:39:03.876523Z,1.4284,1.4286,0.0002,1.4285,-0.5264082201085341332050757031
XRP-USD,2026-08-30T18:39:03.921197Z,1.4284,1.4286,0.0002,1.4285,-0.09109739803661997588758570641
XRP-USD,2026-08-30T18:39:04.108063Z,1.4284,1.4286,0.0002,1.4285,-0.2065331721513196191544851999
XRP-USD,2026-08-30T18:39:04.195932Z,1.4284,1.4286,0.0002,1.4285,-0.2065331721513196191544851999
XRP-USD,2026-08-30T18:39:04.252997Z,1.4284,1.4286,0.0002,1.4285,-0.02606030556527065684700941238
XRP-USD,2026-08-30T18:39:04.356312Z,1.4284,1.4286,0.0002,1.4285,-0.02521832849777710240833122298
XRP-USD,2026-08-30T18:39:04.398867Z,1.4284,1.4286,0.0002,1.4285,-0.03053482040153946335001646792
XRP-USD,2026-08-30T18:39:04.408636Z,1.4284,1.4286,0.0002,1.4285,-0.3834761727517976136966569278
XRP-USD,2026-08-30T18:39:04.475976Z,1.4283,1.4284,0.0001,1.42835,-0.4436270272156239608878272036
XRP-USD,2026-08-30T18:39:04.544863Z,1.4283,1.4284,0.0001,1.42835,-0.2827925443990320585969351118
XRP-USD,2026-08-30T18:39:04.608573Z,1.4283,1.4284,0.0001,1.42835,-0.2827925443990320585969351118
XRP-USD,2026-08-30T18:39:04.620576Z,1.4283,1.4284,0.0001,1.42835,-0.2680663537628598832197188523
XRP-USD,2026-08-30T18:39:04.765187Z,1.4283,1.4284,0.0001,1.42835,-0.1231176590342032094374458130
XRP-USD,2026-08-30T18:39:04.807441Z,1.4283,1.4284,0.0001,1.42835,-0.1231176590342032094374458130
XRP-USD,2026-08-30T18:39:04.897716Z,1.4283,1.4284,0.0001,1.42835,-0.1231176590342032094374458130
XRP-USD,2026-08-30T18:39:04.973551Z,1.4283,1.4285,0.0002,1.4284,-0.1628883914872067426583378778
XRP-USD,2026-08-30T18:39:05.010916Z,1.4283,1.4285,0.0002,1.4284,-0.05729008429588278826440358237
XRP-USD,2026-08-30T18:39:05.066646Z,1.4284,1.4285,0.0001,1.42845,0.02758831846392702062337683786
XRP-USD,2026-08-30T18:39:05.107998Z,1.4284,1.4285,0.0001,1.42845,-0.1298599363324365501974514050
XRP-USD,2026-08-30T18:39:05.153732Z,1.4284,1.4285,0.0001,1.42845,-0.1298599360741604710445346142
XRP-USD,2026-08-30T18:39:05.216994Z,1.4284,1.4286,0.0002,1.4285,-0.3192294340821504459415584891
XRP-USD,2026-08-30T18:39:05.222343Z,1.4284,1.4286,0.0002,1.4285,-0.3192294340821504459415584891
XRP-USD,2026-08-30T18:39:05.319381Z,1.4284,1.4286,0.0002,1.4285,-0.3192294340821504459415584891
XRP-USD,2026-08-30T18:39:05.424961Z,1.4284,1.4286,0.0002,1.4285,-0.1827978781899308623763083855
XRP-USD,2026-08-30T18:39:05.465608Z,1.4284,1.4286,0.0002,1.4285,-0.1530340525822301268758540984
XRP-USD,2026-08-30T18:39:05.507446Z,1.4284,1.4286,0.0002,1.4285,-0.2145271515288762751543641875
XRP-USD,2026-08-30T18:39:05.562405Z,1.4284,1.4286,0.0002,1.4285,-0.2248284167476651128953278787
XRP-USD,2026-08-30T18:39:05.612766Z,1.4284,1.4286,0.0002,1.4285,-0.2332377233843493105001678102
XRP-USD,2026-08-30T18:39:05.648328Z,1.4284,1.4286,0.0002,1.4285,-0.2348642099064885365877039617
XRP-USD,2026-08-30T18:39:05.717641Z,1.4284,1.4286,0.0002,1.4285,-0.06045910898733309397899450793
XRP-USD,2026-08-30T18:39:05.764942Z,1.4285,1.4287,0.0002,1.4286,-0.2282177868720537148725474637
XRP-USD,2026-08-30T18:39:05.793289Z,1.4285,1.4287,0.0002,1.4286,-0.2734831741746389320176243031
XRP-USD,2026-08-30T18:39:05.832999Z,1.4285,1.4287,0.0002,1.4286,-0.3491815650232431539060841594
XRP-USD,2026-08-30T18:39:05.877872Z,1.4285,1.4287,0.0002,1.4286,-0.3491815650232431539060841594
XRP-USD,2026-08-30T18:39:05.943761Z,1.4285,1.4287,0.0002,1.4286,-0.3491815650232431539060841594
XRP-USD,2026-08-30T18:39:05.996532Z,1.4285,1.4286,0.0001,1.42855,-0.1454190656086900528012908333
XRP-USD,2026-08-30T18:39:06.020477Z,1.4285,1.4287,0.0002,1.4286,-0.2929929807127613859670014255
XRP-USD,2026-08-30T18:39:06.07092Z,1.4285,1.4287,0.0002,1.4286,-0.3085266160300402681598019308
XRP-USD,2026-08-30T18:39:06.171059Z,1.4285,1.4287,0.0002,1.4286,-0.3517568782879871611698176884
XRP-USD,2026-08-30T18:39:06.179977Z,1.4285,1.4287,0.0002,1.4286,-0.3517568782879871611698176884
XRP-USD,2026-08-30T18:39:06.247389Z,1.4285,1.4287,0.0002,1.4286,-0.3594527387113140314936923207
XRP-USD,2026-08-30T18:39:06.27304Z,1.4285,1.4287,0.0002,1.4286,-0.3603523167733576642416337581
XRP-USD,2026-08-30T18:39:06.364684Z,1.4285,1.4287,0.0002,1.4286,-0.3603523167733576642416337581
XRP-USD,2026-08-30T18:39:06.486068Z,1.4286,1.4287,0.0001,1.42865,-0.4609005058519066494926314916
XRP-USD,2026-08-30T18:39:06.547026Z,1.4285,1.4287,0.0002,1.4286,-0.2509151216568184970076554062
XRP-USD,2026-08-30T18:39:06.624999Z,1.4285,1.4287,0.0002,1.4286,-0.3711448664676197115181524290
XRP-USD,2026-08-30T18:39:06.671733Z,1.4285,1.4287,0.0002,1.4286,-0.4078105259850561482804594011
XRP-USD,2026-08-30T18:39:06.719055Z,1.4285,1.4287,0.0002,1.4286,-0.4050103415438901664277031611
XRP-USD,2026-08-30T18:39:06.755999Z,1.4285,1.4287,0.0002,1.4286,-0.4135241122665050353054611245
XRP-USD,2026-08-30T18:39:06.783709Z,1.4285,1.4287,0.0002,1.4286,-0.4135241122665050353054611245
XRP-USD,2026-08-30T18:39:07.0246Z,1.4285,1.4287,0.0002,1.4286,-0.3739954384267152839957309675
XRP-USD,2026-08-30T18:39:07.157623Z,1.4285,1.4287,0.0002,1.4286,-0.3739954384267152839957309675
XRP-USD,2026-08-30T18:39:07.210002Z,1.4285,1.4287,0.0002,1.4286,-0.3941188890334614115136294741
XRP-USD,2026-08-30T18:39:07.234383Z,1.4285,1.4287,0.0002,1.4286,-0.3941188890334614115136294741
XRP-USD,2026-08-30T18:39:07.318904Z,1.4285,1.4287,0.0002,1.4286,-0.3941188890334614115136294741
XRP-USD,2026-08-30T18:39:07.368534Z,1.4285,1.4286,0.0001,1.42855,-0.3674130987784425923244361872
XRP-USD,2026-08-30T18:39:07.418001Z,1.4285,1.4286,0.0001,1.42855,-0.3586973792055736537185903611
XRP-USD,2026-08-30T18:39:07.522401Z,1.4285,1.4286,0.0001,1.42855,-0.2031128542228057917134328636
XRP-USD,2026-08-30T18:39:07.576966Z,1.4285,1.4286,0.0001,1.42855,-0.2031128542228057917134328636
XRP-USD,2026-08-30T18:39:07.595967Z,1.4285,1.4286,0.0001,1.42855,-0.2029138583008552951492757712
XRP-USD,2026-08-30T18:39:07.644216Z,1.4285,1.4286,0.0001,1.42855,-0.2031128403068237023595989914
XRP-USD,2026-08-30T18:39:07.714385Z,1.4285,1.4286,0.0001,1.42855,-0.2031128403068237023595989914
XRP-USD,2026-08-30T18:39:07.746739Z,1.4285,1.4286,0.0001,1.42855,-0.2031128403068237023595989914
XRP-USD,2026-08-30T18:39:07.808875Z,1.4285,1.4286,0.0001,1.42855,-0.2031128403068237023595989914
XRP-USD,2026-08-30T18:39:07.863234Z,1.4286,1.4287,0.0001,1.42865,-0.2558773388178053732164564210
XRP-USD,2026-08-30T18:39:07.915961Z,1.4286,1.4287,0.0001,1.42865,-0.2551789070011405841892619797
XRP-USD,2026-08-30T18:39:07.961649Z,1.4286,1.4287,0.0001,1.42865,-0.2551789070011405841892619797
XRP-USD,2026-08-30T18:39:08.013017Z,1.4286,1.4287,0.0001,1.42865,-0.2551789070011405841892619797
XRP-USD,2026-08-30T18:39:08.061217Z,1.4287,1.4288,0.0001,1.42875,-0.3127664537157261367277849669
XRP-USD,2026-08-30T18:39:08.109448Z,1.4287,1.4288,0.0001,1.42875,-0.2555814475598638079443589964
XRP-USD,2026-08-30T18:39:08.161554Z,1.4287,1.4288,0.0001,1.42875,-0.4244843453422537452378445025
XRP-USD,2026-08-30T18:39:08.216285Z,1.4287,1.4288,0.0001,1.42875,-0.4978477088170349377351507844
XRP-USD,2026-08-30T18:39:08.266976Z,1.4287,1.4288,0.0001,1.42875,-0.4620241011470534562394108367
XRP-USD,2026-08-30T18:39:08.296646Z,1.4287,1.4288,0.0001,1.42875,-0.4620241011470534562394108367
XRP-USD,2026-08-30T18:39:08.330812Z,1.4287,1.4288,0.0001,1.42875,-0.4620241011470534562394108367
XRP-USD,2026-08-30T18:39:08.515973Z,1.4287,1.4288,0.0001,1.42875,-0.4620241011470534562394108367
XRP-USD,2026-08-30T18:39:08.55986Z,1.4287,1.4288,0.0001,1.42875,-0.4620241011470534562394108367
XRP-USD,2026-08-30T18:39:08.600888Z,1.4287,1.4288,0.0001,1.42875,-0.4620241011470534562394108367
XRP-USD,2026-08-30T18:39:08.672975Z,1.4287,1.4288,0.0001,1.42875,-0.4620241011470534562394108367
XRP-USD,2026-08-30T18:39:08.71234Z,1.4287,1.4288,0.0001,1.42875,-0.4668385857266544115118858483
XRP-USD,2026-08-30T18:39:08.750549Z,1.4287,1.4288,0.0001,1.42875,-0.4669234813702149671411878027
XRP-USD,2026-08-30T18:39:08.813106Z,1.4287,1.4288,0.0001,1.42875,-0.4669234813702149671411878027
XRP-USD,2026-08-30T18:39:08.864991Z,1.4287,1.4288,0.0001,1.42875,-0.4624068804688532525525542948
XRP-USD,2026-08-30T18:39:08.926563Z,1.4287,1.4288,0.0001,1.42875,-0.3642995106518232304151846539
XRP-USD,2026-08-30T18:39:08.952929Z,1.4287,1.4288,0.0001,1.42875,-0.3741473813585139516956685972
XRP-USD,2026-08-30T18:39:09.072679Z,1.4287,1.4288,0.0001,1.42875,-0.3406019373560351509083690419
XRP-USD,2026-08-30T18:39:09.082925Z,1.4287,1.4288,0.0001,1.42875,-0.3406019373560351509083690419
XRP-USD,2026-08-30T18:39:09.143601Z,1.4287,1.4288,0.0001,1.42875,-0.3406019373560351509083690419
XRP-USD,2026-08-30T18:39:09.275522Z,1.4286,1.4288,0.0002,1.4287,-0.3826380347322252649013308042
XRP-USD,2026-08-30T18:39:09.296355Z,1.4286,1.4288,0.0002,1.4287,-0.3992393783640096332902752364
XRP-USD,2026-08-30T18:39:09.369Z,1.4286,1.4288,0.0002,1.4287,-0.3992393783640096332902752364
XRP-USD,2026-08-30T18:39:09.524833Z,1.4286,1.4288,0.0002,1.4287,-0.3992393783640096332902752364
XRP-USD,2026-08-30T18:39:09.589104Z,1.4286,1.4288,0.0002,1.4287,-0.3992393783640096332902752364
XRP-USD,2026-08-30T18:39:09.720309Z,1.4287,1.4288,0.0001,1.42875,-0.4699749920829544066743248681
XRP-USD,2026-08-30T18:39:09.827782Z,1.4287,1.4288,0.0001,1.42875,-0.4698910656769278465972589033
XRP-USD,2026-08-30T18:39:09.865021Z,1.4287,1.4288,0.0001,1.42875,-0.4698905733610920624610618771
XRP-USD,2026-08-30T18:39:09.994761Z,1.4287,1.4288,0.0001,1.42875,-0.4698905733610920624610618771
XRP-USD,2026-08-30T18:39:10.026829Z,1.4287,1.4288,0.0001,1.42875,-0.4357405171190077319004000655
XRP-USD,2026-08-30T18:39:10.088766Z,1.4287,1.4288,0.0001,1.42875,-0.4369902327938068080515335957
XRP-USD,2026-08-30T18:39:10.322497Z,1.4287,1.4288,0.0001,1.42875,-0.4533927357462892678514037483
XRP-USD,2026-08-30T18:39:10.348492Z,1.4287,1.4288,0.0001,1.42875,-0.4699749920829544066743248681
XRP-USD,2026-08-30T18:39:10.391572Z,1.4287,1.4288,0.0001,1.42875,-0.3689277123595677585779415753
XRP-USD,2026-08-30T18:39:10.531555Z,1.4287,1.4288,0.0001,1.42875,-0.5878467780658059886734482269
XRP-USD,2026-08-30T18:39:10.550869Z,1.4287,1.4288,0.0001,1.42875,-0.5843910385050840713508452029
XRP-USD,2026-08-30T18:39:10.610636Z,1.4287,1.4288,0.0001,1.42875,-0.5843910385050840713508452029
XRP-USD,2026-08-30T18:39:10.656561Z,1.4287,1.4288,0.0001,1.42875,-0.5878504197675306771560015818
XRP-USD,2026-08-30T18:39:10.774171Z,1.4286,1.4288,0.0002,1.4287,-0.5828610180744693626923564734
XRP-USD,2026-08-30T18:39:10.928958Z,1.4286,1.4288,0.0002,1.4287,-0.5828173643687106904749686069
XRP-USD,2026-08-30T18:39:10.965649Z,1.4286,1.4288,0.0002,1.4287,-0.4062332373002332616452654368
XRP-USD,2026-08-30T18:39:11.033406Z,1.4286,1.4288,0.0002,1.4287,-0.3702895872010281325275074540
XRP-USD,2026-08-30T18:39:11.085142Z,1.4286,1.4288,0.0002,1.4287,-0.3702895872010281325275074540
XRP-USD,2026-08-30T18:39:11.137059Z,1.4286,1.4288,0.0002,1.4287,-0.3715969248698737691141728691
XRP-USD,2026-08-30T18:39:11.18653Z,1.4286,1.4288,0.0002,1.4287,-0.3783178512262923717367665679
XRP-USD,2026-08-30T18:39:11.373958Z,1.4286,1.4288,0.0002,1.4287,-0.3951495284283306181397087514
XRP-USD,2026-08-30T18:39:11.414038Z,1.4286,1.4287,0.0001,1.42865,-0.3598501799753572047575851530
XRP-USD,2026-08-30T18:39:11.421068Z,1.4286,1.4287,0.0001,1.42865,-0.3695659319661700124805036796
XRP-USD,2026-08-30T18:39:11.46109Z,1.4286,1.4287,0.0001,1.42865,-0.3695659319661700124805036796
XRP-USD,2026-08-30T18:39:11.524663Z,1.4286,1.4288,0.0002,1.4287,-0.5615479288601734067194115841
XRP-USD,2026-08-30T18:39:11.564943Z,1.4286,1.4288,0.0002,1.4287,-0.5623298653227998003658160227
XRP-USD,2026-08-30T18:39:11.642486Z,1.4285,1.4286,0.0001,1.42855,-0.5052953062365352675024780079
XRP-USD,2026-08-30T18:39:11.655234Z,1.4285,1.4286,0.0001,1.42855,-0.5812491738508850902638527948
XRP-USD,2026-08-30T18:39:11.701936Z,1.4285,1.4286,0.0001,1.42855,-0.4772581368988993279201030106
XRP-USD,2026-08-30T18:39:11.792191Z,1.4285,1.4286,0.0001,1.42855,-0.4223861857701679966573803471
XRP-USD,2026-08-30T18:39:11.846241Z,1.4285,1.4286,0.0001,1.42855,-0.4579196095851111451966948964
XRP-USD,2026-08-30T18:39:11.865667Z,1.4285,1.4286,0.0001,1.42855,-0.4579196095851111451966948964
XRP-USD,2026-08-30T18:39:11.938743Z,1.4285,1.4286,0.0001,1.42855,-0.4056867201491034370570268974
XRP-USD,2026-08-30T18:39:11.944067Z,1.4285,1.4286,0.0001,1.42855,-0.3687556377702821901518442068
XRP-USD,2026-08-30T18:39:12.077656Z,1.4285,1.4286,0.0001,1.42855,-0.1792569699703956816852485922
XRP-USD,2026-08-30T18:39:12.15202Z,1.4284,1.4286,0.0002,1.4285,-0.1664879131971685181019029853
XRP-USD,2026-08-30T18:39:12.180178Z,1.4284,1.4286,0.0002,1.4285,-0.1554674372421450721012144443
XRP-USD,2026-08-30T18:39:12.2284Z,1.4284,1.4286,0.0002,1.4285,-0.1499161660560838269844234238
XRP-USD,2026-08-30T18:39:12.422661Z,1.4283,1.4286,0.0003,1.42845,-0.1084088137180378973767998314
XRP-USD,2026-08-30T18:39:12.460855Z,1.4284,1.4286,0.0002,1.4285,-0.3075800199218394945478728060
XRP-USD,2026-08-30T18:39:12.48669Z,1.4284,1.4286,0.0002,1.4285,-0.2138813499038825538141398094
XRP-USD,2026-08-30T18:39:12.558364Z,1.4284,1.4286,0.0002,1.4285,-0.2132823296287592684542226176
XRP-USD,2026-08-30T18:39:12.649292Z,1.4284,1.4286,0.0002,1.4285,-0.2001317755722109625318435593
XRP-USD,2026-08-30T18:39:12.744955Z,1.4284,1.4286,0.0002,1.4285,-0.2001317755722109625318435593
XRP-USD,2026-08-30T18:39:12.814574Z,1.4284,1.4286,0.0002,1.4285,-0.2001317755722109625318435593
XRP-USD,2026-08-30T18:39:12.890225Z,1.4284,1.4286,0.0002,1.4285,-0.2001317755722109625318435593
XRP-USD,2026-08-30T18:39:12.948233Z,1.4284,1.4286,0.0002,1.4285,-0.2001317755722109625318435593
XRP-USD,2026-08-30T18:39:13.02104Z,1.4284,1.4286,0.0002,1.4285,-0.2001317755722109625318435593
XRP-USD,2026-08-30T18:39:13.03164Z,1.4284,1.4286,0.0002,1.4285,-0.1750204064693377235993298931
XRP-USD,2026-08-30T18:39:13.126457Z,1.4284,1.4286,0.0002,1.4285,-0.1750204064693377235993298931
XRP-USD,2026-08-30T18:39:13.15988Z,1.4284,1.4286,0.0002,1.4285,-0.1884383593941666465053021851
XRP-USD,2026-08-30T18:39:13.184284Z,1.4284,1.4286,0.0002,1.4285,-0.1884383593941666465053021851
XRP-USD,2026-08-30T18:39:13.247081Z,1.4284,1.4286,0.0002,1.4285,-0.1901960941928313483909591174
XRP-USD,2026-08-30T18:39:13.456284Z,1.4284,1.4286,0.0002,1.4285,-0.1901960941928313483909591174
XRP-USD,2026-08-30T18:39:13.512851Z,1.4284,1.4286,0.0002,1.4285,-0.2267242734206453834015731509
XRP-USD,2026-08-30T18:39:13.64726Z,1.4284,1.4286,0.0002,1.4285,-0.2132823296287592684542226176
XRP-USD,2026-08-30T18:39:13.703038Z,1.4284,1.4286,0.0002,1.4285,-0.2132823296287592684542226176
XRP-USD,2026-08-30T18:39:13.793263Z,1.4284,1.4286,0.0002,1.4285,-0.2267242734206453834015731509
XRP-USD,2026-08-30T18:39:13.857051Z,1.4284,1.4286,0.0002,1.4285,-0.2267242734206453834015731509
XRP-USD,2026-08-30T18:39:13.91949Z,1.4284,1.4286,0.0002,1.4285,-0.2267242734206453834015731509
XRP-USD,2026-08-30T18:39:13.933486Z,1.4284,1.4286,0.0002,1.4285,-0.2267242734206453834015731509
XRP-USD,2026-08-30T18:39:14.017331Z,1.4284,1.4286,0.0002,1.4285,-0.2327454950200776247693542952
XRP-USD,2026-08-30T18:39:14.025481Z,1.4284,1.4286,0.0002,1.4285,-0.2079823067934200738297722085
XRP-USD,2026-08-30T18:39:14.179147Z,1.4284,1.4286,0.0002,1.4285,-0.2081150175939903975685957281
XRP-USD,2026-08-30T18:39:14.186733Z,1.4284,1.4286,0.0002,1.4285,-0.2081150175939903975685957281
XRP-USD,2026-08-30T18:39:14.268996Z,1.4283,1.4285,0.0002,1.4284,-0.1069340600897363488244243215
XRP-USD,2026-08-30T18:39:14.316235Z,1.4283,1.4285,0.0002,1.4284,-0.09202645171392667299778763724
XRP-USD,2026-08-30T18:39:14.361205Z,1.4283,1.4285,0.0002,1.4284,-0.09202645171392667299778763724
XRP-USD,2026-08-30T18:39:14.411014Z,1.4283,1.4285,0.0002,1.4284,-0.09202645171392667299778763724
XRP-USD,2026-08-30T18:39:14.519956Z,1.4283,1.4285,0.0002,1.4284,-0.1189938815695821033516570851
XRP-USD,2026-08-30T18:39:14.55913Z,1.4283,1.4285,0.0002,1.4284,-0.1465047756230642684158134597
XRP-USD,2026-08-30T18:39:14.665689Z,1.4283,1.4285,0.0002,1.4284,-0.1649738558952915010048016074
XRP-USD,2026-08-30T18:39:14.715222Z,1.4283,1.4285,0.0002,1.4284,-0.1649738558952915010048016074
XRP-USD,2026-08-30T18:39:14.765567Z,1.4283,1.4285,0.0002,1.4284,-0.1649738558952915010048016074
XRP-USD,2026-08-30T18:39:14.819316Z,1.4283,1.4285,0.0002,1.4284,-0.1649738558952915010048016074
XRP-USD,2026-08-30T18:39:14.925747Z,1.4283,1.4285,0.0002,1.4284,-0.1808809552176826828117180179
XRP-USD,2026-08-30T18:39:14.942803Z,1.4283,1.4285,0.0002,1.4284,-0.1808809552176826828117180179
XRP-USD,2026-08-30T18:39:14.990901Z,1.4282,1.4284,0.0002,1.4283,-0.1747697588544728433132381090
XRP-USD,2026-08-30T18:39:15.053356Z,1.4282,1.4284,0.0002,1.4283,-0.1939998985794975233709538919
XRP-USD,2026-08-30T18:39:15.113765Z,1.4282,1.4284,0.0002,1.4283,-0.1855893254479026322451833239
XRP-USD,2026-08-30T18:39:15.154793Z,1.4282,1.4284,0.0002,1.4283,-0.1855893254479026322451833239
XRP-USD,2026-08-30T18:39:15.219873Z,1.4282,1.4284,0.0002,1.4283,-0.2470320826947047571204594972
XRP-USD,2026-08-30T18:39:15.265284Z,1.4282,1.4284,0.0002,1.4283,-0.3085300526178945992531157506
XRP-USD,2026-08-30T18:39:15.273641Z,1.4282,1.4284,0.0002,1.4283,-0.2624726286461037824446933187
XRP-USD,2026-08-30T18:39:15.35973Z,1.4282,1.4284,0.0002,1.4283,-0.2678242890501259315895231639
XRP-USD,2026-08-30T18:39:15.41583Z,1.4282,1.4284,0.0002,1.4283,-0.2699090421372112590293325736
XRP-USD,2026-08-30T18:39:15.470336Z,1.4282,1.4283,0.0001,1.42825,-0.4136052440394904565017026186
XRP-USD,2026-08-30T18:39:15.52038Z,1.4282,1.4283,0.0001,1.42825,-0.6214863177136778558753033069
XRP-USD,2026-08-30T18:39:15.568304Z,1.4282,1.4283,0.0001,1.42825,-0.5336959088150477260518947617
XRP-USD,2026-08-30T18:39:15.625031Z,1.4282,1.4283,0.0001,1.42825,-0.5401871427502194378944025174
XRP-USD,2026-08-30T18:39:15.654714Z,1.4282,1.4283,0.0001,1.42825,-0.6093411449087950320033231146
XRP-USD,2026-08-30T18:39:15.773682Z,1.4282,1.4283,0.0001,1.42825,-0.6156016553822071838109896210
XRP-USD,2026-08-30T18:39:15.801897Z,1.4282,1.4283,0.0001,1.42825,-0.6156016553822071838109896210
XRP-USD,2026-08-30T18:39:15.870125Z,1.4282,1.4283,0.0001,1.42825,-0.6156016553822071838109896210
XRP-USD,2026-08-30T18:39:15.888553Z,1.4282,1.4283,0.0001,1.42825,-0.6156016553822071838109896210
XRP-USD,2026-08-30T18:39:15.961794Z,1.4282,1.4283,0.0001,1.42825,-0.6149058525537889744504748672
XRP-USD,2026-08-30T18:39:16.02182Z,1.4282,1.4283,0.0001,1.42825,-0.6149058525537889744504748672
XRP-USD,2026-08-30T18:39:16.031966Z,1.4282,1.4283,0.0001,1.42825,-0.6137410079670213747780619066
XRP-USD,2026-08-30T18:39:16.112255Z,1.4282,1.4283,0.0001,1.42825,-0.5950840342320050742027855021
XRP-USD,2026-08-30T18:39:16.174337Z,1.4282,1.4283,0.0001,1.42825,-0.5950840342320050742027855021
XRP-USD,2026-08-30T18:39:16.182256Z,1.4282,1.4283,0.0001,1.42825,-0.5950840342320050742027855021
XRP-USD,2026-08-30T18:39:16.27212Z,1.4282,1.4283,0.0001,1.42825,-0.6008599188407202890775059585
XRP-USD,2026-08-30T18:39:16.294582Z,1.4282,1.4283,0.0001,1.42825,-0.6376429473825644233523459764
XRP-USD,2026-08-30T18:39:16.405573Z,1.4282,1.4283,0.0001,1.42825,-0.6385418114244521588467047876
XRP-USD,2026-08-30T18:39:16.448893Z,1.4282,1.4283,0.0001,1.42825,-0.6385418114244521588467047876
XRP-USD,2026-08-30T18:39:16.621787Z,1.4282,1.4283,0.0001,1.42825,-0.5905028459377379991584992086
XRP-USD,2026-08-30T18:39:16.645745Z,1.4282,1.4283,0.0001,1.42825,-0.5905028459377379991584992086
XRP-USD,2026-08-30T18:39:16.720863Z,1.4282,1.4283,0.0001,1.42825,-0.5905028459377379991584992086
XRP-USD,2026-08-30T18:39:16.726135Z,1.4282,1.4283,0.0001,1.42825,-0.5905028459377379991584992086
XRP-USD,2026-08-30T18:39:16.860171Z,1.4282,1.4283,0.0001,1.42825,-0.7113327226874615615251278107
XRP-USD,2026-08-30T18:39:16.945506Z,1.4282,1.4283,0.0001,1.42825,-0.7113327226874615615251278107
XRP-USD,2026-08-30T18:39:17.031831Z,1.4282,1.4283,0.0001,1.42825,-0.7039844565097704578867784524
XRP-USD,2026-08-30T18:39:17.116034Z,1.4282,1.4283,0.0001,1.42825,-0.6742194298003386910660581152
XRP-USD,2026-08-30T18:39:17.165542Z,1.4282,1.4283,0.0001,1.42825,-0.6742194298003386910660581152
XRP-USD,2026-08-30T18:39:17.18136Z,1.4282,1.4283,0.0001,1.42825,-0.7274112005344195670221094977
XRP-USD,2026-08-30T18:39:17.274086Z,1.4282,1.4283,0.0001,1.42825,-0.6742241097922418029350480527
XRP-USD,2026-08-30T18:39:17.338708Z,1.4282,1.4283,0.0001,1.42825,-0.6756975587861362836323388431
XRP-USD,2026-08-30T18:39:17.464234Z,1.4282,1.4283,0.0001,1.42825,-0.6763148342129409170952944571
XRP-USD,2026-08-30T18:39:17.627027Z,1.4282,1.4283,0.0001,1.42825,-0.6839611266182786679653722883
XRP-USD,2026-08-30T18:39:17.637802Z,1.4282,1.4283,0.0001,1.42825,-0.6839611266182786679653722883
XRP-USD,2026-08-30T18:39:17.754678Z,1.4282,1.4283,0.0001,1.42825,-0.7091619505852761043841194644
XRP-USD,2026-08-30T18:39:17.818742Z,1.4282,1.4283,0.0001,1.42825,-0.7427449261366621106789011232
XRP-USD,2026-08-30T18:39:17.877201Z,1.4282,1.4283,0.0001,1.42825,-0.7479117645339299414688438289
XRP-USD,2026-08-30T18:39:17.882272Z,1.4282,1.4283,0.0001,1.42825,-0.7439588986285238653835483474
XRP-USD,2026-08-30T18:39:18.052419Z,1.4282,1.4283,0.0001,1.42825,-0.6851654161514599259158757280
XRP-USD,2026-08-30T18:39:18.111227Z,1.4282,1.4283,0.0001,1.42825,-0.6851654161514599259158757280
XRP-USD,2026-08-30T18:39:18.170816Z,1.4282,1.4283,0.0001,1.42825,-0.6851654161514599259158757280
XRP-USD,2026-08-30T18:39:18.221545Z,1.4282,1.4283,0.0001,1.42825,-0.6851654161514599259158757280
XRP-USD,2026-08-30T18:39:18.254046Z,1.4282,1.4283,0.0001,1.42825,-0.6851654161514599259158757280
XRP-USD,2026-08-30T18:39:18.3138Z,1.4282,1.4283,0.0001,1.42825,-0.6851654161514599259158757280
XRP-USD,2026-08-30T18:39:18.381349Z,1.4282,1.4283,0.0001,1.42825,-0.6152102334283591492880787798
XRP-USD,2026-08-30T18:39:18.426598Z,1.4282,1.4283,0.0001,1.42825,-0.6320087014586783697557164766
XRP-USD,2026-08-30T18:39:18.511121Z,1.4282,1.4283,0.0001,1.42825,-0.6327421975497913623228038316
XRP-USD,2026-08-30T18:39:18.561599Z,1.4282,1.4283,0.0001,1.42825,-0.6327421975497913623228038316
XRP-USD,2026-08-30T18:39:18.593212Z,1.4282,1.4283,0.0001,1.42825,-0.6365149701597256752715437741
XRP-USD,2026-08-30T18:39:18.662462Z,1.4282,1.4283,0.0001,1.42825,-0.6671321148999473743725946879
XRP-USD,2026-08-30T18:39:18.69001Z,1.4282,1.4283,0.0001,1.42825,-0.6639709159059514535367068987
XRP-USD,2026-08-30T18:39:18.755968Z,1.4282,1.4283,0.0001,1.42825,-0.6165797297694769538566622572
XRP-USD,2026-08-30T18:39:18.805212Z,1.4282,1.4283,0.0001,1.42825,-0.6816250697706170338920765585
XRP-USD,2026-08-30T18:39:18.878417Z,1.4282,1.4283,0.0001,1.42825,-0.6821014302362434854316641964
XRP-USD,2026-08-30T18:39:18.911102Z,1.4282,1.4283,0.0001,1.42825,-0.6739572098367129457743840518
XRP-USD,2026-08-30T18:39:18.957738Z,1.4282,1.4283,0.0001,1.42825,-0.7334731394106830329054719657
XRP-USD,2026-08-30T18:39:19.014957Z,1.4282,1.4283,0.0001,1.42825,-0.6821014302362434854316641964
XRP-USD,2026-08-30T18:39:19.063131Z,1.4282,1.4283,0.0001,1.42825,-0.6874670404307436529825131849
XRP-USD,2026-08-30T18:39:19.116525Z,1.4278,1.4279,0.0001,1.42785,-0.6283980437294113633942997376
XRP-USD,2026-08-30T18:39:19.160586Z,1.4278,1.4279,0.0001,1.42785,-0.5369309723173746099815658700
XRP-USD,2026-08-30T18:39:19.216096Z,1.4278,1.4279,0.0001,1.42785,-0.5352568259212610052831700548
XRP-USD,2026-08-30T18:39:19.25733Z,1.4278,1.4279,0.0001,1.42785,-0.5753986105582026487556808424
XRP-USD,2026-08-30T18:39:19.316821Z,1.4278,1.4279,0.0001,1.42785,-0.5750542985218066836197303233
XRP-USD,2026-08-30T18:39:19.353898Z,1.4278,1.4279,0.0001,1.42785,-0.5750542985218066836197303233
XRP-USD,2026-08-30T18:39:19.459008Z,1.4278,1.4279,0.0001,1.42785,-0.5751109863599124348513651229
XRP-USD,2026-08-30T18:39:19.496868Z,1.4278,1.4279,0.0001,1.42785,-0.5751109863599124348513651229
XRP-USD,2026-08-30T18:39:19.563201Z,1.4278,1.4279,0.0001,1.42785,-0.5751026119158440831528779371
XRP-USD,2026-08-30T18:39:19.617623Z,1.4278,1.4279,0.0001,1.42785,-0.5380898801167600795004713581
XRP-USD,2026-08-30T18:39:19.708443Z,1.4278,1.4279,0.0001,1.42785,-0.4588344373752218293653270402
XRP-USD,2026-08-30T18:39:19.771962Z,1.4278,1.4279,0.0001,1.42785,-0.5380898801167600795004713581
XRP-USD,2026-08-30T18:39:19.833531Z,1.4278,1.4279,0.0001,1.42785,-0.5380898801167600795004713581
XRP-USD,2026-08-30T18:39:19.913326Z,1.4278,1.4279,0.0001,1.42785,-0.4586200030733280480599285199
XRP-USD,2026-08-30T18:39:19.946566Z,1.4278,1.4279,0.0001,1.42785,-0.4092966212194629257309348539
XRP-USD,2026-08-30T18:39:19.992239Z,1.4278,1.4279,0.0001,1.42785,-0.5785499121520215069470449692
XRP-USD,2026-08-30T18:39:20.053542Z,1.4278,1.4279,0.0001,1.42785,-0.5021068551755149477009269682
XRP-USD,2026-08-30T18:39:20.142842Z,1.4276,1.4277,0.0001,1.42765,-0.6008838405709527708869950012
XRP-USD,2026-08-30T18:39:20.194652Z,1.4276,1.4277,0.0001,1.42765,-0.3945151992099257783051183431
XRP-USD,2026-08-30T18:39:20.278476Z,1.4276,1.4277,0.0001,1.42765,-0.4702129421553164218810476420
XRP-USD,2026-08-30T18:39:20.312796Z,1.4276,1.4277,0.0001,1.42765,-0.3938974788095887482685411083
XRP-USD,2026-08-30T18:39:20.369836Z,1.4276,1.4277,0.0001,1.42765,-0.4701284730346927792969210237
XRP-USD,2026-08-30T18:39:20.393474Z,1.4276,1.4277,0.0001,1.42765,-0.4701284730346927792969210237
XRP-USD,2026-08-30T18:39:20.4105Z,1.4276,1.4277,0.0001,1.42765,-0.4034822376399112119899059648
XRP-USD,2026-08-30T18:39:20.458794Z,1.4276,1.4277,0.0001,1.42765,-0.4034822376399112119899059648
XRP-USD,2026-08-30T18:39:20.677253Z,1.4276,1.4277,0.0001,1.42765,-0.5129870843147342435643097409
XRP-USD,2026-08-30T18:39:20.707317Z,1.4276,1.4277,0.0001,1.42765,-0.5129870843147342435643097409
XRP-USD,2026-08-30T18:39:20.767836Z,1.4276,1.4277,0.0001,1.42765,-0.5127081861604403405412879738
XRP-USD,2026-08-30T18:39:20.799933Z,1.4276,1.4277,0.0001,1.42765,-0.4956735036987016205907529734
XRP-USD,2026-08-30T18:39:20.868036Z,1.4274,1.4276,0.0002,1.4275,-0.3867117651801783569817714730
XRP-USD,2026-08-30T18:39:20.924676Z,1.4274,1.4275,0.0001,1.42745,-0.8184367499268481841752696795
XRP-USD,2026-08-30T18:39:20.95839Z,1.4274,1.4275,0.0001,1.42745,-0.6838587884470557485045921567
XRP-USD,2026-08-30T18:39:21.002185Z,1.4274,1.4275,0.0001,1.42745,-0.6838587884470557485045921567
XRP-USD,2026-08-30T18:39:21.063081Z,1.4274,1.4275,0.0001,1.42745,-0.6838372553157344503989331467
XRP-USD,2026-08-30T18:39:21.106993Z,1.4274,1.4275,0.0001,1.42745,-0.7713323403311414159801135277
XRP-USD,2026-08-30T18:39:21.158873Z,1.4272,1.4273,0.0001,1.42725,-0.2720855590710522493449919127
XRP-USD,2026-08-30T18:39:21.202498Z,1.4272,1.4273,0.0001,1.42725,-0.5499317336196202599112543956
XRP-USD,2026-08-30T18:39:21.263353Z,1.4272,1.4273,0.0001,1.42725,-0.4520008316249522073079364635
XRP-USD,2026-08-30T18:39:21.316818Z,1.4272,1.4273,0.0001,1.42725,-0.4946545388134026708321164553
XRP-USD,2026-08-30T18:39:21.338976Z,1.4272,1.4273,0.0001,1.42725,-0.4946545388134026708321164553
XRP-USD,2026-08-30T18:39:21.414127Z,1.4272,1.4273,0.0001,1.42725,-0.4946545388134026708321164553
XRP-USD,2026-08-30T18:39:21.453361Z,1.4272,1.4273,0.0001,1.42725,-0.4946545388134026708321164553
XRP-USD,2026-08-30T18:39:21.502119Z,1.4272,1.4273,0.0001,1.42725,-0.4946545388134026708321164553
XRP-USD,2026-08-30T18:39:21.571163Z,1.4272,1.4273,0.0001,1.42725,-0.5010913028424777805592068798
XRP-USD,2026-08-30T18:39:21.586878Z,1.4272,1.4273,0.0001,1.42725,-0.5010913028424777805592068798
XRP-USD,2026-08-30T18:39:21.673324Z,1.4271,1.4273,0.0002,1.4272,-0.3828113148782723421752616906
XRP-USD,2026-08-30T18:39:21.729973Z,1.4271,1.4273,0.0002,1.4272,-0.3786037576391169798900075941
XRP-USD,2026-08-30T18:39:21.769806Z,1.4271,1.4273,0.0002,1.4272,-0.5369739878841854684198579065
XRP-USD,2026-08-30T18:39:21.827762Z,1.427,1.4272,0.0002,1.4271,-0.4644409142037003245984830983
XRP-USD,2026-08-30T18:39:21.866175Z,1.427,1.4272,0.0002,1.4271,-0.3691693514685537567466961297
XRP-USD,2026-08-30T18:39:21.914772Z,1.4271,1.4273,0.0002,1.4272,-0.3486561666597561410904768259
XRP-USD,2026-08-30T18:39:21.953152Z,1.4271,1.4273,0.0002,1.4272,-0.3486561666597561410904768259
XRP-USD,2026-08-30T18:39:22.055338Z,1.4271,1.4273,0.0002,1.4272,-0.3552243937647200045527411814
XRP-USD,2026-08-30T18:39:22.116919Z,1.4271,1.4273,0.0002,1.4272,-0.3486561666597561410904768259
XRP-USD,2026-08-30T18:39:22.141842Z,1.4271,1.4273,0.0002,1.4272,-0.3486561666597561410904768259
XRP-USD,2026-08-30T18:39:22.211421Z,1.4271,1.4273,0.0002,1.4272,-0.4455411654531255919490406301
XRP-USD,2026-08-30T18:39:22.24558Z,1.4271,1.4273,0.0002,1.4272,-0.4455411654531255919490406301
XRP-USD,2026-08-30T18:39:22.366761Z,1.4272,1.4273,0.0001,1.42725,-0.5135148642050497528506575692
XRP-USD,2026-08-30T18:39:22.417361Z,1.4272,1.4273,0.0001,1.42725,-0.3323098119884335390317463138
XRP-USD,2026-08-30T18:39:22.430879Z,1.4272,1.4273,0.0001,1.42725,-0.3323098119884335390317463138
XRP-USD,2026-08-30T18:39:22.4657Z,1.4272,1.4273,0.0001,1.42725,-0.4080060911234745953654050086
XRP-USD,2026-08-30T18:39:22.546849Z,1.4272,1.4273,0.0001,1.42725,-0.4756836220356000432725715125
XRP-USD,2026-08-30T18:39:22.656309Z,1.4272,1.4273,0.0001,1.42725,-0.4756836220356000432725715125
XRP-USD,2026-08-30T18:39:22.717248Z,1.4272,1.4273,0.0001,1.42725,-0.4756836220356000432725715125
XRP-USD,2026-08-30T18:39:22.727225Z,1.4272,1.4273,0.0001,1.42725,-0.4612506129124416476894069131
XRP-USD,2026-08-30T18:39:22.875264Z,1.4272,1.4273,0.0001,1.42725,-0.4762573860424135773776200674
XRP-USD,2026-08-30T18:39:22.896739Z,1.4272,1.4273,0.0001,1.42725,-0.4762573860424135773776200674
XRP-USD,2026-08-30T18:39:22.922922Z,1.4272,1.4273,0.0001,1.42725,-0.4762573860424135773776200674
XRP-USD,2026-08-30T18:39:22.985677Z,1.4272,1.4273,0.0001,1.42725,-0.4762573860424135773776200674
XRP-USD,2026-08-30T18:39:23.077454Z,1.4272,1.4273,0.0001,1.42725,-0.4571966346584063108055235773
XRP-USD,2026-08-30T18:39:23.129212Z,1.4272,1.4273,0.0001,1.42725,-0.4571966346584063108055235773
XRP-USD,2026-08-30T18:39:23.17856Z,1.4272,1.4273,0.0001,1.42725,-0.4540428026657108770630730537
XRP-USD,2026-08-30T18:39:23.267192Z,1.4274,1.4276,0.0002,1.4275,-0.2684824154266864109124031089
XRP-USD,2026-08-30T18:39:23.287511Z,1.4273,1.4276,0.0003,1.42745,-0.08975150150000707335588217583
XRP-USD,2026-08-30T18:39:23.366222Z,1.4273,1.4276,0.0003,1.42745,-0.1681447732488884915887050863
XRP-USD,2026-08-30T18:39:23.410586Z,1.4273,1.4276,0.0003,1.42745,-0.2947123750355995643444014349
XRP-USD,2026-08-30T18:39:23.448484Z,1.4273,1.4276,0.0003,1.42745,-0.3317370890974002016226357510
XRP-USD,2026-08-30T18:39:23.512866Z,1.4273,1.4276,0.0003,1.42745,-0.2356797568006965046943004198
XRP-USD,2026-08-30T18:39:23.558294Z,1.4273,1.4276,0.0003,1.42745,-0.3367132025952989330623045353
XRP-USD,2026-08-30T18:39:23.669804Z,1.4273,1.4276,0.0003,1.42745,-0.3158333139408431529225362091
XRP-USD,2026-08-30T18:39:23.71908Z,1.4274,1.4276,0.0002,1.4275,-0.4613296396438081922288008637
XRP-USD,2026-08-30T18:39:23.760487Z,1.4274,1.4276,0.0002,1.4275,-0.4613296396438081922288008637
XRP-USD,2026-08-30T18:39:23.872133Z,1.4274,1.4276,0.0002,1.4275,-0.2309903175985621006330236434
XRP-USD,2026-08-30T18:39:23.880584Z,1.4274,1.4276,0.0002,1.4275,-0.2189174163005656157500044491
XRP-USD,2026-08-30T18:39:23.973278Z,1.4273,1.4275,0.0002,1.4274,-0.2027927300974199179997566965
XRP-USD,2026-08-30T18:39:24.019632Z,1.4273,1.4275,0.0002,1.4274,-0.3510310911057239226774064220
XRP-USD,2026-08-30T18:39:24.073599Z,1.4273,1.4275,0.0002,1.4274,-0.3351368081430756036564899855
XRP-USD,2026-08-30T18:39:24.105887Z,1.4273,1.4275,0.0002,1.4274,-0.3351368081430756036564899855
XRP-USD,2026-08-30T18:39:24.151507Z,1.4273,1.4275,0.0002,1.4274,-0.3502520850595355700407150085
XRP-USD,2026-08-30T18:39:24.272568Z,1.4273,1.4275,0.0002,1.4274,-0.3502520850595355700407150085
XRP-USD,2026-08-30T18:39:24.297096Z,1.4273,1.4275,0.0002,1.4274,-0.3502520850595355700407150085
XRP-USD,2026-08-30T18:39:24.469544Z,1.4273,1.4275,0.0002,1.4274,-0.3502520850595355700407150085
XRP-USD,2026-08-30T18:39:24.519327Z,1.4274,1.4275,0.0001,1.42745,-0.3911454095607636310101939001
XRP-USD,2026-08-30T18:39:24.574525Z,1.4273,1.4275,0.0002,1.4274,-0.3579708159726714049387919978
XRP-USD,2026-08-30T18:39:24.626778Z,1.4273,1.4275,0.0002,1.4274,-0.3637679627342081928669455863
XRP-USD,2026-08-30T18:39:24.651737Z,1.4273,1.4275,0.0002,1.4274,-0.3637679627342081928669455863
XRP-USD,2026-08-30T18:39:24.724547Z,1.4273,1.4275,0.0002,1.4274,-0.3637679627342081928669455863
XRP-USD,2026-08-30T18:39:24.73162Z,1.4273,1.4275,0.0002,1.4274,-0.3713314586815320637132599991
XRP-USD,2026-08-30T18:39:24.821632Z,1.4273,1.4275,0.0002,1.4274,-0.3713314586815320637132599991
XRP-USD,2026-08-30T18:39:24.839889Z,1.4273,1.4275,0.0002,1.4274,-0.3713314586815320637132599991
XRP-USD,2026-08-30T18:39:24.977766Z,1.4273,1.4275,0.0002,1.4274,-0.3846413662893170206526743434
XRP-USD,2026-08-30T18:39:25.015295Z,1.4273,1.4275,0.0002,1.4274,-0.3846413662893170206526743434
XRP-USD,2026-08-30T18:39:25.078423Z,1.4273,1.4275,0.0002,1.4274,-0.3846413662893170206526743434
XRP-USD,2026-08-30T18:39:25.113443Z,1.4273,1.4275,0.0002,1.4274,-0.3244200597667297349996037134
XRP-USD,2026-08-30T18:39:25.168957Z,1.4273,1.4275,0.0002,1.4274,-0.3526463795074773498493910084
XRP-USD,2026-08-30T18:39:25.227214Z,1.4273,1.4274,0.0001,1.42735,-0.5283572418637648621807955252
XRP-USD,2026-08-30T18:39:25.262338Z,1.4273,1.4274,0.0001,1.42735,-0.3482751033021547181863494417
XRP-USD,2026-08-30T18:39:25.295851Z,1.4273,1.4274,0.0001,1.42735,-0.3482751033021547181863494417
XRP-USD,2026-08-30T18:39:25.360169Z,1.4273,1.4274,0.0001,1.42735,-0.3403065503093269505137733309
XRP-USD,2026-08-30T18:39:25.402791Z,1.4273,1.4274,0.0001,1.42735,-0.2592076776492620862639628017
XRP-USD,2026-08-30T18:39:25.411336Z,1.4273,1.4274,0.0001,1.42735,-0.1933982557110552327558017208
XRP-USD,2026-08-30T18:39:25.425784Z,1.4273,1.4274,0.0001,1.42735,-0.1933982557110552327558017208
XRP-USD,2026-08-30T18:39:25.518436Z,1.4273,1.4274,0.0001,1.42735,-0.2052790856792072023363117990
XRP-USD,2026-08-30T18:39:25.664309Z,1.4272,1.4274,0.0002,1.4273,-0.3514410727516083391933034100
XRP-USD,2026-08-30T18:39:25.709127Z,1.4272,1.4274,0.0002,1.4273,-0.3552462142095928418352099337
XRP-USD,2026-08-30T18:39:25.765398Z,1.4271,1.4272,0.0001,1.42715,-0.2969789860380176979666087501
XRP-USD,2026-08-30T18:39:25.810688Z,1.4271,1.4272,0.0001,1.42715,-0.1922261857875299276661152059
XRP-USD,2026-08-30T18:39:25.838336Z,1.4271,1.4272,0.0001,1.42715,-0.004168753939227111504626179384
XRP-USD,2026-08-30T18:39:25.879045Z,1.4271,1.4272,0.0001,1.42715,-0.03889909336631884370625242940
XRP-USD,2026-08-30T18:39:25.886888Z,1.4271,1.4272,0.0001,1.42715,-0.03889909336631884370625242940
XRP-USD,2026-08-30T18:39:25.963Z,1.4271,1.4272,0.0001,1.42715,0.005086487211628629239746603628
XRP-USD,2026-08-30T18:39:26.047606Z,1.4271,1.4272,0.0001,1.42715,0.005466845480830422218313172357
XRP-USD,2026-08-30T18:39:26.157797Z,1.4271,1.4272,0.0001,1.42715,-0.007981209778845836677545787221
XRP-USD,2026-08-30T18:39:26.209137Z,1.4271,1.4272,0.0001,1.42715,-0.04031788277223440648583770127
XRP-USD,2026-08-30T18:39:26.265721Z,1.4271,1.4272,0.0001,1.42715,-0.04483778532924293792534633090
XRP-USD,2026-08-30T18:39:26.371125Z,1.4271,1.4272,0.0001,1.42715,-0.04483778532924293792534633090
XRP-USD,2026-08-30T18:39:26.468452Z,1.4271,1.4272,0.0001,1.42715,-0.06299565567027911122057416697
XRP-USD,2026-08-30T18:39:26.475088Z,1.4271,1.4272,0.0001,1.42715,-0.07301768812707277657168740329
XRP-USD,2026-08-30T18:39:26.574677Z,1.427,1.4272,0.0002,1.4271,0.01186796417531598348886677443
XRP-USD,2026-08-30T18:39:26.580152Z,1.427,1.4272,0.0002,1.4271,0.01186796417531598348886677443
XRP-USD,2026-08-30T18:39:26.677776Z,1.427,1.4272,0.0002,1.4271,0.01186796417531598348886677443
XRP-USD,2026-08-30T18:39:26.775819Z,1.427,1.4272,0.0002,1.4271,0.01186796417531598348886677443
XRP-USD,2026-08-30T18:39:26.897142Z,1.427,1.4272,0.0002,1.4271,0.01191968683725620552346964129
XRP-USD,2026-08-30T18:39:26.968526Z,1.4271,1.4272,0.0001,1.42715,-0.2230980240269306305867185232
XRP-USD,2026-08-30T18:39:27.003279Z,1.4271,1.4272,0.0001,1.42715,-0.2230980240269306305867185232
XRP-USD,2026-08-30T18:39:27.042513Z,1.4271,1.4272,0.0001,1.42715,-0.2217630332707587493162965314
XRP-USD,2026-08-30T18:39:27.093262Z,1.4271,1.4272,0.0001,1.42715,-0.2217743883948897114986716038
XRP-USD,2026-08-30T18:39:27.199813Z,1.4271,1.4272,0.0001,1.42715,-0.2217743883948897114986716038
XRP-USD,2026-08-30T18:39:27.245868Z,1.4271,1.4272,0.0001,1.42715,-0.2217743882387590327762185931
XRP-USD,2026-08-30T18:39:27.42349Z,1.4271,1.4272,0.0001,1.42715,-0.07229345214915074989484480937
XRP-USD,2026-08-30T18:39:27.432589Z,1.4271,1.4272,0.0001,1.42715,-0.07229345214915074989484480937
XRP-USD,2026-08-30T18:39:27.496378Z,1.4271,1.4272,0.0001,1.42715,-0.09613704733697651360607389052
XRP-USD,2026-08-30T18:39:27.526181Z,1.4271,1.4272,0.0001,1.42715,-0.09569605523796079959103056041
XRP-USD,2026-08-30T18:39:27.663262Z,1.4271,1.4272,0.0001,1.42715,-0.2342591104731081189541580160
XRP-USD,2026-08-30T18:39:27.699128Z,1.4271,1.4272,0.0001,1.42715,-0.2447234653072513451203613942
XRP-USD,2026-08-30T18:39:27.781144Z,1.427,1.4272,0.0002,1.4271,0.002040054936679363882175193548
XRP-USD,2026-08-30T18:39:27.788651Z,1.427,1.4272,0.0002,1.4271,0.002040054936679363882175193548
XRP-USD,2026-08-30T18:39:27.876505Z,1.427,1.4272,0.0002,1.4271,0.002040054936679363882175193548
XRP-USD,2026-08-30T18:39:27.923484Z,1.427,1.4272,0.0002,1.4271,0.002040054936679363882175193548
XRP-USD,2026-08-30T18:39:28.026624Z,1.427,1.4272,0.0002,1.4271,0.002040054936679363882175193548
XRP-USD,2026-08-30T18:39:28.125772Z,1.427,1.4272,0.0002,1.4271,0.002040054936679363882175193548
XRP-USD,2026-08-30T18:39:28.130853Z,1.427,1.4272,0.0002,1.4271,0.002040054936679363882175193548
XRP-USD,2026-08-30T18:39:28.253419Z,1.427,1.4272,0.0002,1.4271,0.002040054936679363882175193548
XRP-USD,2026-08-30T18:39:28.443895Z,1.427,1.4272,0.0002,1.4271,0.002040054936679363882175193548
XRP-USD,2026-08-30T18:39:28.464089Z,1.427,1.4272,0.0002,1.4271,0.002040054936679363882175193548
XRP-USD,2026-08-30T18:39:28.567881Z,1.427,1.4272,0.0002,1.4271,0.002040054936679363882175193548
XRP-USD,2026-08-30T18:39:28.575906Z,1.427,1.4272,0.0002,1.4271,0.002040054936679363882175193548
XRP-USD,2026-08-30T18:39:28.657334Z,1.427,1.4272,0.0002,1.4271,0.002040054936679363882175193548
XRP-USD,2026-08-30T18:39:28.688194Z,1.427,1.4272,0.0002,1.4271,0.002040054936679363882175193548
XRP-USD,2026-08-30T18:39:28.979908Z,1.427,1.4272,0.0002,1.4271,0.002270780423333150683197378328
XRP-USD,2026-08-30T18:39:29.018142Z,1.427,1.4272,0.0002,1.4271,0.002270780423333150683197378328
XRP-USD,2026-08-30T18:39:29.027937Z,1.427,1.4272,0.0002,1.4271,0.002270780423333150683197378328
XRP-USD,2026-08-30T18:39:29.082658Z,1.427,1.4272,0.0002,1.4271,0.002270780423333150683197378328
XRP-USD,2026-08-30T18:39:29.172531Z,1.427,1.4272,0.0002,1.4271,0.002270780423333150683197378328
XRP-USD,2026-08-30T18:39:29.198189Z,1.427,1.4272,0.0002,1.4271,0.002270780423333150683197378328
XRP-USD,2026-08-30T18:39:29.271069Z,1.427,1.4272,0.0002,1.4271,0.002270780423333150683197378328
XRP-USD,2026-08-30T18:39:29.302641Z,1.427,1.4272,0.0002,1.4271,0.002270780423333150683197378328
XRP-USD,2026-08-30T18:39:29.386899Z,1.427,1.4272,0.0002,1.4271,0.001957657693188033465867780099
XRP-USD,2026-08-30T18:39:29.474713Z,1.427,1.4272,0.0002,1.4271,0.004545278233036275344267683757
XRP-USD,2026-08-30T18:39:29.503284Z,1.427,1.4272,0.0002,1.4271,-0.001588605440255220351486082373
XRP-USD,2026-08-30T18:39:29.709861Z,1.4271,1.4272,0.0001,1.42715,-0.2391212223643808237553498390
XRP-USD,2026-08-30T18:39:29.757182Z,1.4271,1.4272,0.0001,1.42715,-0.2488190598086644923884156579
XRP-USD,2026-08-30T18:39:29.943612Z,1.4271,1.4272,0.0001,1.42715,-0.2502499765147436803362462995
XRP-USD,2026-08-30T18:39:30.021838Z,1.4271,1.4272,0.0001,1.42715,-0.2502499765147436803362462995
XRP-USD,2026-08-30T18:39:30.082497Z,1.4271,1.4272,0.0001,1.42715,-0.2502499765147436803362462995
XRP-USD,2026-08-30T18:39:30.2277Z,1.427,1.4272,0.0002,1.4271,-0.5405124871766051106993382773
XRP-USD,2026-08-30T18:39:30.268719Z,1.427,1.4272,0.0002,1.4271,-0.4675825524256903132206987807
XRP-USD,2026-08-30T18:39:30.311784Z,1.427,1.4272,0.0002,1.4271,-0.1924516431474343825024067600
XRP-USD,2026-08-30T18:39:30.369479Z,1.427,1.4271,0.0001,1.42705,-0.5808166021605547796109566744
XRP-USD,2026-08-30T18:39:30.414175Z,1.427,1.4271,0.0001,1.42705,-0.5333770009679322680603105750
XRP-USD,2026-08-30T18:39:30.456566Z,1.427,1.4271,0.0001,1.42705,-0.5333770009679322680603105750
XRP-USD,2026-08-30T18:39:30.510586Z,1.427,1.4271,0.0001,1.42705,-0.5658466839567075843585739188
XRP-USD,2026-08-30T18:39:30.558348Z,1.427,1.4271,0.0001,1.42705,-0.4679407330989549056906400445
XRP-USD,2026-08-30T18:39:30.61961Z,1.427,1.4271,0.0001,1.42705,-0.4149697831566402091795821401
XRP-USD,2026-08-30T18:39:30.661019Z,1.427,1.4271,0.0001,1.42705,-0.3788728250840365046081122630
XRP-USD,2026-08-30T18:39:30.709604Z,1.427,1.4271,0.0001,1.42705,-0.3788728250840365046081122630
XRP-USD,2026-08-30T18:39:30.771034Z,1.427,1.4271,0.0001,1.42705,-0.4734651973243609824198951208
XRP-USD,2026-08-30T18:39:30.827285Z,1.427,1.4271,0.0001,1.42705,-0.4734651973243609824198951208
XRP-USD,2026-08-30T18:39:30.880955Z,1.427,1.4271,0.0001,1.42705,-0.4734651973243609824198951208
XRP-USD,2026-08-30T18:39:30.892576Z,1.427,1.4271,0.0001,1.42705,-0.3761030278960166199488479188
XRP-USD,2026-08-30T18:39:30.929503Z,1.427,1.4271,0.0001,1.42705,-0.3718854196354546683397365628
XRP-USD,2026-08-30T18:39:31.057292Z,1.427,1.4271,0.0001,1.42705,-0.3638616771952232161703413012
XRP-USD,2026-08-30T18:39:31.137662Z,1.427,1.4271,0.0001,1.42705,-0.3638616771952232161703413012
XRP-USD,2026-08-30T18:39:31.207298Z,1.427,1.4271,0.0001,1.42705,-0.3522640660977982365734632292
XRP-USD,2026-08-30T18:39:31.261893Z,1.427,1.4271,0.0001,1.42705,-0.3522640660977982365734632292
XRP-USD,2026-08-30T18:39:31.318811Z,1.427,1.4271,0.0001,1.42705,-0.3522640660977982365734632292
XRP-USD,2026-08-30T18:39:31.342176Z,1.427,1.4271,0.0001,1.42705,-0.3522640660977982365734632292
XRP-USD,2026-08-30T18:39:31.406108Z,1.427,1.4271,0.0001,1.42705,-0.3522640660977982365734632292
XRP-USD,2026-08-30T18:39:31.581132Z,1.427,1.4271,0.0001,1.42705,-0.2089002065518705713078697357
XRP-USD,2026-08-30T18:39:31.651451Z,1.427,1.4271,0.0001,1.42705,-0.3579288032612404087141226985
XRP-USD,2026-08-30T18:39:31.680916Z,1.427,1.4271,0.0001,1.42705,-0.3579288032612404087141226985
XRP-USD,2026-08-30T18:39:31.725961Z,1.427,1.4271,0.0001,1.42705,-0.3579288032612404087141226985
XRP-USD,2026-08-30T18:39:31.809203Z,1.427,1.4271,0.0001,1.42705,-0.3579288032612404087141226985
XRP-USD,2026-08-30T18:39:32.009847Z,1.427,1.4271,0.0001,1.42705,-0.3710620822160804239037401398
XRP-USD,2026-08-30T18:39:32.038013Z,1.427,1.4271,0.0001,1.42705,-0.3710620822160804239037401398
XRP-USD,2026-08-30T18:39:32.161532Z,1.427,1.4271,0.0001,1.42705,-0.3710620822160804239037401398
XRP-USD,2026-08-30T18:39:32.240157Z,1.427,1.4271,0.0001,1.42705,-0.3710620822160804239037401398
XRP-USD,2026-08-30T18:39:32.275661Z,1.427,1.4271,0.0001,1.42705,-0.3710620822160804239037401398
XRP-USD,2026-08-30T18:39:32.372445Z,1.427,1.4271,0.0001,1.42705,-0.3710620822160804239037401398
XRP-USD,2026-08-30T18:39:32.417563Z,1.427,1.4271,0.0001,1.42705,-0.3710620822160804239037401398
XRP-USD,2026-08-30T18:39:32.452576Z,1.427,1.4271,0.0001,1.42705,-0.3710620822160804239037401398
XRP-USD,2026-08-30T18:39:32.488604Z,1.427,1.4271,0.0001,1.42705,-0.3710620822160804239037401398
XRP-USD,2026-08-30T18:39:32.671462Z,1.427,1.4271,0.0001,1.42705,-0.3710620822160804239037401398
XRP-USD,2026-08-30T18:39:32.70892Z,1.427,1.4271,0.0001,1.42705,-0.3710620822160804239037401398
XRP-USD,2026-08-30T18:39:32.807209Z,1.427,1.4271,0.0001,1.42705,-0.3710620822160804239037401398
XRP-USD,2026-08-30T18:39:32.836553Z,1.427,1.4271,0.0001,1.42705,-0.3710620822160804239037401398
XRP-USD,2026-08-30T18:39:33.045211Z,1.427,1.4271,0.0001,1.42705,-0.3712689847405441878531719225
XRP-USD,2026-08-30T18:39:33.12174Z,1.427,1.4271,0.0001,1.42705,-0.3456817753157309985499419240
XRP-USD,2026-08-30T18:39:33.201106Z,1.427,1.4271,0.0001,1.42705,-0.1978729057827927992180397233
XRP-USD,2026-08-30T18:39:33.242569Z,1.427,1.4271,0.0001,1.42705,-0.1978729057827927992180397233
XRP-USD,2026-08-30T18:39:33.335055Z,1.427,1.4271,0.0001,1.42705,-0.1978729057827927992180397233
XRP-USD,2026-08-30T18:39:33.418368Z,1.427,1.4271,0.0001,1.42705,-0.3406457714485026325701412840
XRP-USD,2026-08-30T18:39:33.440595Z,1.427,1.4271,0.0001,1.42705,-0.3406457714485026325701412840
XRP-USD,2026-08-30T18:39:33.540546Z,1.427,1.4271,0.0001,1.42705,-0.3406457714485026325701412840
XRP-USD,2026-08-30T18:39:33.659357Z,1.427,1.4271,0.0001,1.42705,-0.4499549914764938765806684760
XRP-USD,2026-08-30T18:39:33.717331Z,1.427,1.4271,0.0001,1.42705,-0.4342400639413906262447845189
XRP-USD,2026-08-30T18:39:33.804451Z,1.427,1.4271,0.0001,1.42705,-0.3315791594587499821849648333
XRP-USD,2026-08-30T18:39:33.9068Z,1.427,1.4271,0.0001,1.42705,-0.3315791594587499821849648333
XRP-USD,2026-08-30T18:39:33.940082Z,1.427,1.4271,0.0001,1.42705,-0.3315791594587499821849648333
XRP-USD,2026-08-30T18:39:34.042933Z,1.427,1.4271,0.0001,1.42705,-0.3315791594587499821849648333
XRP-USD,2026-08-30T18:39:34.063794Z,1.427,1.4271,0.0001,1.42705,-0.3344787468204123114238766837
XRP-USD,2026-08-30T18:39:34.298955Z,1.427,1.4271,0.0001,1.42705,-0.3344787468204123114238766837
XRP-USD,2026-08-30T18:39:34.413146Z,1.427,1.4271,0.0001,1.42705,-0.3175706687693183229342135411
XRP-USD,2026-08-30T18:39:34.446751Z,1.427,1.4271,0.0001,1.42705,-0.1521499586444677792659970032
XRP-USD,2026-08-30T18:39:34.550857Z,1.427,1.4271,0.0001,1.42705,-0.1521499586444677792659970032
XRP-USD,2026-08-30T18:39:34.819011Z,1.427,1.4271,0.0001,1.42705,-0.1365043754111843424306540920
XRP-USD,2026-08-30T18:39:34.859676Z,1.427,1.4271,0.0001,1.42705,-0.1365043754111843424306540920
XRP-USD,2026-08-30T18:39:34.919624Z,1.427,1.4271,0.0001,1.42705,-0.1220583941434770208396942663
XRP-USD,2026-08-30T18:39:34.964718Z,1.427,1.4272,0.0002,1.4271,-0.2897929893088879236480260237
XRP-USD,2026-08-30T18:39:35.005826Z,1.4273,1.4274,0.0001,1.42735,-0.3778940030173973928159434730
XRP-USD,2026-08-30T18:39:35.064882Z,1.4272,1.4274,0.0002,1.4273,-0.1996874364546210306321045333
XRP-USD,2026-08-30T18:39:35.111493Z,1.4273,1.4275,0.0002,1.4274,-0.2593001363850111417453700985
XRP-USD,2026-08-30T18:39:35.165852Z,1.4273,1.4275,0.0002,1.4274,-0.3259885000692188747200522449
XRP-USD,2026-08-30T18:39:35.210417Z,1.4273,1.4275,0.0002,1.4274,-0.4078357522380242993189337916
XRP-USD,2026-08-30T18:39:35.265064Z,1.4274,1.4276,0.0002,1.4275,-0.2825451939475115411379029161
XRP-USD,2026-08-30T18:39:35.298407Z,1.4274,1.4276,0.0002,1.4275,-0.2549562144358373694264648007
XRP-USD,2026-08-30T18:39:35.357668Z,1.4274,1.4276,0.0002,1.4275,-0.3462383257197551029962767634
XRP-USD,2026-08-30T18:39:35.415481Z,1.4274,1.4276,0.0002,1.4275,-0.3543115684689182584543195511
XRP-USD,2026-08-30T18:39:35.445628Z,1.4274,1.4276,0.0002,1.4275,-0.3543115684689182584543195511
XRP-USD,2026-08-30T18:39:35.513076Z,1.4274,1.4276,0.0002,1.4275,-0.3544278780300407497672160198
XRP-USD,2026-08-30T18:39:35.56209Z,1.4274,1.4276,0.0002,1.4275,-0.3674314545896753415514186749
XRP-USD,2026-08-30T18:39:35.616856Z,1.4273,1.4276,0.0003,1.42745,-0.3359889664289096347004032273
XRP-USD,2026-08-30T18:39:35.65376Z,1.4274,1.4276,0.0002,1.4275,-0.3705903069742327377271343349
XRP-USD,2026-08-30T18:39:35.694732Z,1.4273,1.4276,0.0003,1.42745,-0.4326981587353851105936517550
XRP-USD,2026-08-30T18:39:35.767474Z,1.4273,1.4276,0.0003,1.42745,-0.4346248207691834735377094618
XRP-USD,2026-08-30T18:39:35.809497Z,1.4273,1.4276,0.0003,1.42745,-0.4657695880915264040942355789
XRP-USD,2026-08-30T18:39:35.922893Z,1.4273,1.4276,0.0003,1.42745,-0.3636852147276050025432592979
XRP-USD,2026-08-30T18:39:36.020177Z,1.4273,1.4276,0.0003,1.42745,-0.3470000724726139102592936818
XRP-USD,2026-08-30T18:39:36.060374Z,1.4273,1.4276,0.0003,1.42745,-0.3470000724726139102592936818
XRP-USD,2026-08-30T18:39:36.123434Z,1.4273,1.4276,0.0003,1.42745,-0.3635981102984951031779241741
XRP-USD,2026-08-30T18:39:36.195984Z,1.4273,1.4276,0.0003,1.42745,-0.3635981102984951031779241741
XRP-USD,2026-08-30T18:39:36.324235Z,1.4273,1.4275,0.0002,1.4274,-0.2740538635435571472137152536
XRP-USD,2026-08-30T18:39:36.351055Z,1.4274,1.4276,0.0002,1.4275,-0.3742596962232466158805555429
XRP-USD,2026-08-30T18:39:36.390058Z,1.4274,1.4276,0.0002,1.4275,-0.3742596962232466158805555429
XRP-USD,2026-08-30T18:39:36.469514Z,1.4274,1.4276,0.0002,1.4275,-0.3659266543780168408912766163
XRP-USD,2026-08-30T18:39:36.474589Z,1.4274,1.4276,0.0002,1.4275,-0.3659266543780168408912766163
XRP-USD,2026-08-30T18:39:36.50044Z,1.4274,1.4276,0.0002,1.4275,-0.3659266543780168408912766163
XRP-USD,2026-08-30T18:39:36.565775Z,1.4274,1.4276,0.0002,1.4275,-0.3660427328948751549200465361
XRP-USD,2026-08-30T18:39:36.647248Z,1.4274,1.4276,0.0002,1.4275,-0.4796612995846192594571920954
XRP-USD,2026-08-30T18:39:36.691522Z,1.4274,1.4276,0.0002,1.4275,-0.4796612995846192594571920954
XRP-USD,2026-08-30T18:39:36.765499Z,1.4274,1.4276,0.0002,1.4275,-0.3719169411121724992096712529
XRP-USD,2026-08-30T18:39:36.796533Z,1.4274,1.4276,0.0002,1.4275,-0.3719169411121724992096712529
XRP-USD,2026-08-30T18:39:36.888916Z,1.4274,1.4276,0.0002,1.4275,-0.3719169411121724992096712529
XRP-USD,2026-08-30T18:39:36.977863Z,1.4274,1.4276,0.0002,1.4275,-0.3568297561536557076255577425
XRP-USD,2026-08-30T18:39:37.021124Z,1.4274,1.4276,0.0002,1.4275,-0.3248304014308567662045342586
XRP-USD,2026-08-30T18:39:37.168015Z,1.4274,1.4276,0.0002,1.4275,-0.3568299646914238240849170944
XRP-USD,2026-08-30T18:39:37.312593Z,1.4274,1.4276,0.0002,1.4275,-0.3568299646914238240849170944
XRP-USD,2026-08-30T18:39:37.409035Z,1.4273,1.4276,0.0003,1.42745,-0.2130396561324056773176839919
XRP-USD,2026-08-30T18:39:37.459302Z,1.4274,1.4276,0.0002,1.4275,-0.3568299646914238240849170944
XRP-USD,2026-08-30T18:39:37.623551Z,1.4274,1.4276,0.0002,1.4275,-0.3568299646914238240849170944
XRP-USD,2026-08-30T18:39:37.6737Z,1.4274,1.4276,0.0002,1.4275,-0.3567099778643488851776604186
XRP-USD,2026-08-30T18:39:37.69948Z,1.4274,1.4276,0.0002,1.4275,-0.3568299656781304293990751470
XRP-USD,2026-08-30T18:39:37.788247Z,1.4274,1.4276,0.0002,1.4275,-0.4582920325009075060957237590
XRP-USD,2026-08-30T18:39:37.87366Z,1.4274,1.4276,0.0002,1.4275,-0.4571697661013118152858607900
XRP-USD,2026-08-30T18:39:37.912479Z,1.4274,1.4276,0.0002,1.4275,-0.4582920429612678016931964668
XRP-USD,2026-08-30T18:39:37.979692Z,1.4273,1.4275,0.0002,1.4274,-0.2442699040624232957177503767
XRP-USD,2026-08-30T18:39:38.031662Z,1.4273,1.4275,0.0002,1.4274,-0.3261883404627526642275038339
XRP-USD,2026-08-30T18:39:38.215309Z,1.4273,1.4275,0.0002,1.4274,-0.3486983635587306351577082831
XRP-USD,2026-08-30T18:39:38.276232Z,1.4273,1.4275,0.0002,1.4274,-0.4015010310388569473518056363
XRP-USD,2026-08-30T18:39:38.331164Z,1.4272,1.4274,0.0002,1.4273,-0.5515131329692208580248675118
XRP-USD,2026-08-30T18:39:38.378498Z,1.4272,1.4274,0.0002,1.4273,-0.3829382381005982185231949625
XRP-USD,2026-08-30T18:39:38.426629Z,1.4272,1.4274,0.0002,1.4273,-0.3764256311708187241474779135
XRP-USD,2026-08-30T18:39:38.482258Z,1.4272,1.4274,0.0002,1.4273,-0.3764256311708187241474779135
XRP-USD,2026-08-30T18:39:38.522677Z,1.4272,1.4274,0.0002,1.4273,-0.3764256310192971980044839178
XRP-USD,2026-08-30T18:39:38.575862Z,1.4272,1.4274,0.0002,1.4273,-0.3553740317042549066670323154
XRP-USD,2026-08-30T18:39:38.599924Z,1.4272,1.4274,0.0002,1.4273,-0.3553740317042549066670323154
XRP-USD,2026-08-30T18:39:38.673367Z,1.4272,1.4274,0.0002,1.4273,-0.4040261352229768021155177278
XRP-USD,2026-08-30T18:39:38.716606Z,1.4272,1.4273,0.0001,1.42725,-0.4479115290730269757195550800
XRP-USD,2026-08-30T18:39:38.75877Z,1.4272,1.4273,0.0001,1.42725,-0.5407505554942126495132283851
XRP-USD,2026-08-30T18:39:38.812989Z,1.4272,1.4273,0.0001,1.42725,-0.5418318709227583334126055152
XRP-USD,2026-08-30T18:39:39.194399Z,1.427,1.4272,0.0002,1.4271,-0.04604270694519591522701026258
XRP-USD,2026-08-30T18:39:39.270404Z,1.4271,1.4272,0.0001,1.42715,-0.3118207021131332085027647793
XRP-USD,2026-08-30T18:39:39.327665Z,1.4271,1.4272,0.0001,1.42715,-0.2214779804958330237150659959
XRP-USD,2026-08-30T18:39:39.344484Z,1.4271,1.4272,0.0001,1.42715,-0.2425648490569562799185816827
XRP-USD,2026-08-30T18:39:39.40677Z,1.4271,1.4272,0.0001,1.42715,-0.3275949677108269955653067993
XRP-USD,2026-08-30T18:39:39.564824Z,1.4271,1.4272,0.0001,1.42715,-0.3275949677108269955653067993
XRP-USD,2026-08-30T18:39:39.628329Z,1.4273,1.4274,0.0001,1.42735,-0.5179573331123727951022930280
XRP-USD,2026-08-30T18:39:39.671191Z,1.4271,1.4274,0.0003,1.42725,-0.3135454362249148491854749935
XRP-USD,2026-08-30T18:39:39.722814Z,1.4273,1.4274,0.0001,1.42735,-0.5264242716765397256567464197
XRP-USD,2026-08-30T18:39:39.767091Z,1.4273,1.4274,0.0001,1.42735,-0.4288754711427387581019110842
XRP-USD,2026-08-30T18:39:39.801549Z,1.4273,1.4274,0.0001,1.42735,-0.4219984849746116943971636362
XRP-USD,2026-08-30T18:39:39.864613Z,1.4273,1.4274,0.0001,1.42735,-0.4219984849746116943971636362
XRP-USD,2026-08-30T18:39:39.924348Z,1.4274,1.4276,0.0002,1.4275,-0.6790519435949900927723060778
XRP-USD,2026-08-30T18:39:39.974047Z,1.4274,1.4276,0.0002,1.4275,-0.5907097519689124976816655187
XRP-USD,2026-08-30T18:39:40.002379Z,1.4274,1.4276,0.0002,1.4275,-0.6336604139018937509227205402
XRP-USD,2026-08-30T18:39:40.066602Z,1.4274,1.4276,0.0002,1.4275,-0.6792899139292218030292041115
XRP-USD,2026-08-30T18:39:40.129107Z,1.4274,1.4276,0.0002,1.4275,-0.6777091420870950663258705013
XRP-USD,2026-08-30T18:39:40.177202Z,1.4274,1.4276,0.0002,1.4275,-0.6777091420870950663258705013
XRP-USD,2026-08-30T18:39:40.210647Z,1.4274,1.4276,0.0002,1.4275,-0.6812815387358676647696936995
XRP-USD,2026-08-30T18:39:40.325437Z,1.4274,1.4276,0.0002,1.4275,-0.7494085779852990536680218651
XRP-USD,2026-08-30T18:39:40.346256Z,1.4274,1.4276,0.0002,1.4275,-0.7335071911681293503854289890
XRP-USD,2026-08-30T18:39:40.450032Z,1.4274,1.4276,0.0002,1.4275,-0.7335071911681293503854289890
XRP-USD,2026-08-30T18:39:40.571631Z,1.4274,1.4276,0.0002,1.4275,-0.7335071911681293503854289890
XRP-USD,2026-08-30T18:39:40.624087Z,1.4275,1.4276,0.0001,1.42755,-0.6605252683811850614647211922
XRP-USD,2026-08-30T18:39:40.667537Z,1.4275,1.4276,0.0001,1.42755,-0.5550238823604412054058029025
XRP-USD,2026-08-30T18:39:40.719694Z,1.4274,1.4276,0.0002,1.4275,-0.6015902927499784028051026493
XRP-USD,2026-08-30T18:39:40.77952Z,1.4274,1.4276,0.0002,1.4275,-0.5537524775281524596535152968
XRP-USD,2026-08-30T18:39:40.78728Z,1.4274,1.4276,0.0002,1.4275,-0.5537524775281524596535152968
XRP-USD,2026-08-30T18:39:40.849382Z,1.4274,1.4276,0.0002,1.4275,-0.6491008044150766175603653160
XRP-USD,2026-08-30T18:39:40.926897Z,1.4274,1.4276,0.0002,1.4275,-0.5970255883133313292746269276
XRP-USD,2026-08-30T18:39:40.975189Z,1.4274,1.4276,0.0002,1.4275,-0.5969659812150055799860837131
XRP-USD,2026-08-30T18:39:41.014122Z,1.4274,1.4276,0.0002,1.4275,-0.5961799122699877210085753844
XRP-USD,2026-08-30T18:39:41.076248Z,1.4274,1.4276,0.0002,1.4275,-0.3700561956241928850971034513
XRP-USD,2026-08-30T18:39:41.123784Z,1.4274,1.4276,0.0002,1.4275,-0.3433815052564397248662179542
XRP-USD,2026-08-30T18:39:41.178628Z,1.4274,1.4276,0.0002,1.4275,-0.3445452531685117094135616290
XRP-USD,2026-08-30T18:39:41.207811Z,1.4274,1.4276,0.0002,1.4275,-0.4545379330050672830049178764
XRP-USD,2026-08-30T18:39:41.258706Z,1.4274,1.4276,0.0002,1.4275,-0.3445452531685117094135616290
XRP-USD,2026-08-30T18:39:41.32278Z,1.4274,1.4276,0.0002,1.4275,-0.3592465073363389978288804792
XRP-USD,2026-08-30T18:39:41.399622Z,1.4274,1.4276,0.0002,1.4275,-0.5627873407857584151145009264
XRP-USD,2026-08-30T18:39:41.434413Z,1.4274,1.4276,0.0002,1.4275,-0.5627873407857584151145009264
XRP-USD,2026-08-30T18:39:41.513544Z,1.4274,1.4276,0.0002,1.4275,-0.4625843327084864714890842962
XRP-USD,2026-08-30T18:39:41.563659Z,1.4274,1.4276,0.0002,1.4275,-0.5627873407857584151145009264
XRP-USD,2026-08-30T18:39:41.625742Z,1.4274,1.4276,0.0002,1.4275,-0.4000629324391163886545922030
XRP-USD,2026-08-30T18:39:41.630871Z,1.4274,1.4276,0.0002,1.4275,-0.4141335305958723643637069161
XRP-USD,2026-08-30T18:39:41.708194Z,1.4274,1.4276,0.0002,1.4275,-0.4141335305958723643637069161
XRP-USD,2026-08-30T18:39:41.769091Z,1.4274,1.4276,0.0002,1.4275,-0.4194102068622839186587500414
XRP-USD,2026-08-30T18:39:41.830196Z,1.4274,1.4276,0.0002,1.4275,-0.4194102068622839186587500414
XRP-USD,2026-08-30T18:39:41.864057Z,1.4274,1.4276,0.0002,1.4275,-0.4194102068622839186587500414
XRP-USD,2026-08-30T18:39:41.932991Z,1.4274,1.4276,0.0002,1.4275,-0.4245926815376783664252132188
XRP-USD,2026-08-30T18:39:41.939303Z,1.4274,1.4276,0.0002,1.4275,-0.4294239352440389121759221469
XRP-USD,2026-08-30T18:39:42.017974Z,1.4274,1.4276,0.0002,1.4275,-0.4038341528469295357639626492
XRP-USD,2026-08-30T18:39:42.065998Z,1.4274,1.4276,0.0002,1.4275,-0.4039139486398473984994645605
XRP-USD,2026-08-30T18:39:42.193814Z,1.4274,1.4276,0.0002,1.4275,-0.3994626649442304693589253835
XRP-USD,2026-08-30T18:39:42.257288Z,1.4274,1.4276,0.0002,1.4275,-0.3994626649442304693589253835
XRP-USD,2026-08-30T18:39:42.321173Z,1.4274,1.4276,0.0002,1.4275,-0.3868354500634694639025758037
XRP-USD,2026-08-30T18:39:42.331769Z,1.4274,1.4276,0.0002,1.4275,-0.3597654995255837919952384191
XRP-USD,2026-08-30T18:39:42.422382Z,1.4274,1.4276,0.0002,1.4275,-0.3834730024637552615506154279
XRP-USD,2026-08-30T18:39:42.55331Z,1.4274,1.4276,0.0002,1.4275,-0.3834730024637552615506154279
XRP-USD,2026-08-30T18:39:42.689004Z,1.4274,1.4276,0.0002,1.4275,-0.3834730024637552615506154279
XRP-USD,2026-08-30T18:39:42.76314Z,1.4274,1.4276,0.0002,1.4275,-0.3834730024637552615506154279
XRP-USD,2026-08-30T18:39:42.875547Z,1.4274,1.4276,0.0002,1.4275,-0.4099755197072857020414476894
XRP-USD,2026-08-30T18:39:42.928098Z,1.4274,1.4276,0.0002,1.4275,-0.4099755197072857020414476894
XRP-USD,2026-08-30T18:39:42.98049Z,1.4274,1.4276,0.0002,1.4275,-0.4132813616212307548948544814
XRP-USD,2026-08-30T18:39:43.017258Z,1.4274,1.4276,0.0002,1.4275,-0.4132032945544119263040066979
XRP-USD,2026-08-30T18:39:43.033006Z,1.4274,1.4276,0.0002,1.4275,-0.2692657998996618139868326297
XRP-USD,2026-08-30T18:39:43.123248Z,1.4274,1.4276,0.0002,1.4275,-0.2693826056083321289031008237
XRP-USD,2026-08-30T18:39:43.160489Z,1.4274,1.4276,0.0002,1.4275,-0.2488020967077563931304239223
XRP-USD,2026-08-30T18:39:43.219772Z,1.4274,1.4276,0.0002,1.4275,-0.2488020967077563931304239223
XRP-USD,2026-08-30T18:39:43.24389Z,1.4274,1.4276,0.0002,1.4275,-0.2503273820031636114894808830
XRP-USD,2026-08-30T18:39:43.413574Z,1.4274,1.4276,0.0002,1.4275,-0.2503273820031636114894808830
XRP-USD,2026-08-30T18:39:43.475828Z,1.4275,1.4276,0.0001,1.42755,-0.5506732902129999655434073445
XRP-USD,2026-08-30T18:39:43.521935Z,1.4274,1.4276,0.0002,1.4275,-0.5433418452534939904845836695
XRP-USD,2026-08-30T18:39:43.576499Z,1.4274,1.4276,0.0002,1.4275,-0.5767915796493663357802622970
XRP-USD,2026-08-30T18:39:43.614487Z,1.4274,1.4276,0.0002,1.4275,-0.5065461640043717402603882843
XRP-USD,2026-08-30T18:39:43.639194Z,1.4274,1.4276,0.0002,1.4275,-0.3737954231997180506252004258
XRP-USD,2026-08-30T18:39:43.721732Z,1.4274,1.4277,0.0003,1.42755,-0.4877297630739588032030955577
XRP-USD,2026-08-30T18:39:43.772555Z,1.4274,1.4277,0.0003,1.42755,-0.5285195478304868328885344172
XRP-USD,2026-08-30T18:39:43.806476Z,1.4274,1.4277,0.0003,1.42755,-0.5326754725657957378430017650
XRP-USD,2026-08-30T18:39:43.859409Z,1.4274,1.4277,0.0003,1.42755,-0.4926321487659502694329263931
XRP-USD,2026-08-30T18:39:44.017583Z,1.4274,1.4277,0.0003,1.42755,-0.4926321487659502694329263931
XRP-USD,2026-08-30T18:39:44.070285Z,1.4274,1.4276,0.0002,1.4275,-0.3948635465583204099405243403
XRP-USD,2026-08-30T18:39:44.084977Z,1.4274,1.4276,0.0002,1.4275,-0.3948635465583204099405243403
XRP-USD,2026-08-30T18:39:44.171032Z,1.4274,1.4276,0.0002,1.4275,-0.3949643061551975882113284960
XRP-USD,2026-08-30T18:39:44.194532Z,1.4274,1.4276,0.0002,1.4275,-0.4239062689147042863062774825
XRP-USD,2026-08-30T18:39:44.31854Z,1.4274,1.4276,0.0002,1.4275,-0.4793727552284032944679010380
XRP-USD,2026-08-30T18:39:44.428537Z,1.4274,1.4276,0.0002,1.4275,-0.4833881292164474839918776654
XRP-USD,2026-08-30T18:39:44.581137Z,1.4274,1.4276,0.0002,1.4275,-0.4833881292164474839918776654
XRP-USD,2026-08-30T18:39:44.621118Z,1.4274,1.4276,0.0002,1.4275,-0.4687990532320096294581533248
XRP-USD,2026-08-30T18:39:44.66969Z,1.4274,1.4276,0.0002,1.4275,-0.4833881292164474839918776654
XRP-USD,2026-08-30T18:39:44.825648Z,1.4274,1.4276,0.0002,1.4275,-0.4833881292164474839918776654
XRP-USD,2026-08-30T18:39:44.91785Z,1.4274,1.4276,0.0002,1.4275,-0.4853636659265783643204494130
XRP-USD,2026-08-30T18:39:45.0192Z,1.4274,1.4276,0.0002,1.4275,-0.6955446305101454706291653377
XRP-USD,2026-08-30T18:39:45.119455Z,1.4274,1.4276,0.0002,1.4275,-0.6471225479698893865252095727
XRP-USD,2026-08-30T18:39:45.210885Z,1.4274,1.4276,0.0002,1.4275,-0.5761415633238558738869251690
XRP-USD,2026-08-30T18:39:45.217934Z,1.4274,1.4276,0.0002,1.4275,-0.5762048671404724344681703446
XRP-USD,2026-08-30T18:39:45.323343Z,1.4274,1.4276,0.0002,1.4275,-0.5762048671404724344681703446
XRP-USD,2026-08-30T18:39:45.347777Z,1.4274,1.4276,0.0002,1.4275,-0.5770362754882495119108391590
XRP-USD,2026-08-30T18:39:45.599846Z,1.4274,1.4276,0.0002,1.4275,-0.5770362754882495119108391590
XRP-USD,2026-08-30T18:39:45.666082Z,1.4274,1.4276,0.0002,1.4275,-0.5603848347491035116640416820
XRP-USD,2026-08-30T18:39:45.714021Z,1.4274,1.4276,0.0002,1.4275,-0.5770362754882495119108391590
XRP-USD,2026-08-30T18:39:45.878166Z,1.4274,1.4276,0.0002,1.4275,-0.5811898715307073707215438423
XRP-USD,2026-08-30T18:39:46.020294Z,1.4274,1.4276,0.0002,1.4275,-0.5811898715307073707215438423
XRP-USD,2026-08-30T18:39:46.031317Z,1.4274,1.4276,0.0002,1.4275,-0.5803016073356436504715303906
XRP-USD,2026-08-30T18:39:46.17483Z,1.4274,1.4276,0.0002,1.4275,-0.5803016073356436504715303906
XRP-USD,2026-08-30T18:39:46.270179Z,1.4274,1.4276,0.0002,1.4275,-0.5803644555569823658982329794
XRP-USD,2026-08-30T18:39:46.362412Z,1.4274,1.4276,0.0002,1.4275,-0.5761572992644734295727389677
XRP-USD,2026-08-30T18:39:46.40518Z,1.4274,1.4276,0.0002,1.4275,-0.5960967616006906786001939163
XRP-USD,2026-08-30T18:39:46.527699Z,1.4274,1.4276,0.0002,1.4275,-0.5769887758865206526247195359
XRP-USD,2026-08-30T18:39:46.653566Z,1.4274,1.4276,0.0002,1.4275,-0.5769887758072946529265009018
XRP-USD,2026-08-30T18:39:46.777253Z,1.4274,1.4276,0.0002,1.4275,-0.5769887758072946529265009018
XRP-USD,2026-08-30T18:39:46.819759Z,1.4274,1.4276,0.0002,1.4275,-0.5630720931432014912179576387
XRP-USD,2026-08-30T18:39:46.918016Z,1.4274,1.4276,0.0002,1.4275,-0.5337383105177981615585501130
XRP-USD,2026-08-30T18:39:47.017504Z,1.4274,1.4276,0.0002,1.4275,-0.5337383105177981615585501130
XRP-USD,2026-08-30T18:39:47.071362Z,1.4274,1.4276,0.0002,1.4275,-0.5327791430119243790625683257
XRP-USD,2026-08-30T18:39:47.077657Z,1.4274,1.4276,0.0002,1.4275,-0.5327791430119243790625683257
XRP-USD,2026-08-30T18:39:47.228514Z,1.4274,1.4276,0.0002,1.4275,-0.5327791430119243790625683257
XRP-USD,2026-08-30T18:39:47.324686Z,1.4274,1.4276,0.0002,1.4275,-0.5328470041904437424278281137
XRP-USD,2026-08-30T18:39:47.330746Z,1.4274,1.4276,0.0002,1.4275,-0.5368258333908901302506351148
XRP-USD,2026-08-30T18:39:47.454324Z,1.4274,1.4276,0.0002,1.4275,-0.5377118380766871955230951724
XRP-USD,2026-08-30T18:39:47.626386Z,1.4274,1.4276,0.0002,1.4275,-0.5377118380766871955230951724
XRP-USD,2026-08-30T18:39:47.822896Z,1.4274,1.4276,0.0002,1.4275,-0.5337383108189185451616951367
XRP-USD,2026-08-30T18:39:47.902457Z,1.4274,1.4276,0.0002,1.4275,-0.5630720934307743864468962442
XRP-USD,2026-08-30T18:39:47.948458Z,1.4274,1.4276,0.0002,1.4275,-0.5630720934307743864468962442
XRP-USD,2026-08-30T18:39:48.020602Z,1.4274,1.4276,0.0002,1.4275,-0.5450401677558735180985048048
XRP-USD,2026-08-30T18:39:48.212638Z,1.4274,1.4276,0.0002,1.4275,-0.5643691331133775730351967368
XRP-USD,2026-08-30T18:39:48.274288Z,1.4274,1.4276,0.0002,1.4275,-0.6216363353732214887316644908
XRP-USD,2026-08-30T18:39:48.279121Z,1.4274,1.4276,0.0002,1.4275,-0.6216363353732214887316644908
XRP-USD,2026-08-30T18:39:48.299626Z,1.4274,1.4276,0.0002,1.4275,-0.6216363353732214887316644908
XRP-USD,2026-08-30T18:39:48.409572Z,1.4274,1.4276,0.0002,1.4275,-0.6216875157684543187461632227
XRP-USD,2026-08-30T18:39:48.50059Z,1.4274,1.4276,0.0002,1.4275,-0.6223598244138152462018144617
XRP-USD,2026-08-30T18:39:48.645265Z,1.4274,1.4276,0.0002,1.4275,-0.6223598244138152462018144617
XRP-USD,2026-08-30T18:39:48.772554Z,1.4274,1.4276,0.0002,1.4275,-0.6417146116619135146761440117
XRP-USD,2026-08-30T18:39:48.777589Z,1.4274,1.4276,0.0002,1.4275,-0.6454720570865986472012819844
XRP-USD,2026-08-30T18:39:48.878613Z,1.4274,1.4276,0.0002,1.4275,-0.6454720570865986472012819844
XRP-USD,2026-08-30T18:39:48.906872Z,1.4274,1.4276,0.0002,1.4275,-0.6581897219481926559969833463
XRP-USD,2026-08-30T18:39:48.974263Z,1.4274,1.4276,0.0002,1.4275,-0.6551313644443321479799269739
XRP-USD,2026-08-30T18:39:49.019794Z,1.4274,1.4276,0.0002,1.4275,-0.6551313644443321479799269739
XRP-USD,2026-08-30T18:39:49.04394Z,1.4274,1.4276,0.0002,1.4275,-0.6656062539229344055008309716
XRP-USD,2026-08-30T18:39:49.265546Z,1.4274,1.4276,0.0002,1.4275,-0.6618564784115521642124998270
XRP-USD,2026-08-30T18:39:49.339996Z,1.4274,1.4276,0.0002,1.4275,-0.6618564784115521642124998270
XRP-USD,2026-08-30T18:39:49.438662Z,1.4274,1.4276,0.0002,1.4275,-0.6618991807344584876543003471
XRP-USD,2026-08-30T18:39:49.542438Z,1.4274,1.4276,0.0002,1.4275,-0.6624601897476085035901770147
XRP-USD,2026-08-30T18:39:49.97687Z,1.4274,1.4276,0.0002,1.4275,-0.6153360828510746465632311409
XRP-USD,2026-08-30T18:39:50.02717Z,1.4274,1.4276,0.0002,1.4275,-0.4074985945694470329354018469
XRP-USD,2026-08-30T18:39:50.062914Z,1.4273,1.4276,0.0003,1.42745,-0.5613292583130799612282762155
XRP-USD,2026-08-30T18:39:50.112767Z,1.4274,1.4276,0.0002,1.4275,-0.6314474337051770022904258314
XRP-USD,2026-08-30T18:39:50.149962Z,1.4274,1.4276,0.0002,1.4275,-0.6314474337051770022904258314
XRP-USD,2026-08-30T18:39:50.226301Z,1.4274,1.4276,0.0002,1.4275,-0.6310066733935154132728964324
XRP-USD,2026-08-30T18:39:50.255951Z,1.4274,1.4276,0.0002,1.4275,-0.6310066733935154132728964324
XRP-USD,2026-08-30T18:39:50.326566Z,1.4274,1.4276,0.0002,1.4275,-0.6310066733358006401883625401
XRP-USD,2026-08-30T18:39:50.389645Z,1.4274,1.4276,0.0002,1.4275,-0.6310066733358006401883625401
XRP-USD,2026-08-30T18:39:50.485457Z,1.4274,1.4276,0.0002,1.4275,-0.6310526005190102574318015473
XRP-USD,2026-08-30T18:39:50.62771Z,1.4274,1.4276,0.0002,1.4275,-0.4556280214894185275728972368
XRP-USD,2026-08-30T18:39:50.632608Z,1.4274,1.4276,0.0002,1.4275,-0.4556280214894185275728972368
XRP-USD,2026-08-30T18:39:50.707955Z,1.4274,1.4276,0.0002,1.4275,-0.4599565957045492599480410736
XRP-USD,2026-08-30T18:39:50.774996Z,1.4274,1.4276,0.0002,1.4275,-0.4599565957045492599480410736
XRP-USD,2026-08-30T18:39:51.019761Z,1.4274,1.4276,0.0002,1.4275,-0.4599565957045492599480410736
XRP-USD,2026-08-30T18:39:51.028673Z,1.4274,1.4276,0.0002,1.4275,-0.4413248978613092622142661494
XRP-USD,2026-08-30T18:39:51.128309Z,1.4274,1.4276,0.0002,1.4275,-0.4413248978613092622142661494
XRP-USD,2026-08-30T18:39:51.160297Z,1.4274,1.4276,0.0002,1.4275,-0.5184846993111500743718417048
XRP-USD,2026-08-30T18:39:51.190734Z,1.4274,1.4276,0.0002,1.4275,-0.5188689368265169542560483813
XRP-USD,2026-08-30T18:39:51.258657Z,1.4274,1.4276,0.0002,1.4275,-0.5188689368265169542560483813
XRP-USD,2026-08-30T18:39:51.42718Z,1.4274,1.4276,0.0002,1.4275,-0.4306749502686946657600911725
XRP-USD,2026-08-30T18:39:51.437706Z,1.4274,1.4276,0.0002,1.4275,-0.4306749502686946657600911725
XRP-USD,2026-08-30T18:39:51.508646Z,1.4274,1.4276,0.0002,1.4275,-0.4116049716253081198095938564
XRP-USD,2026-08-30T18:39:51.533839Z,1.4274,1.4276,0.0002,1.4275,-0.4116687218776478839741566656
XRP-USD,2026-08-30T18:39:51.672476Z,1.4274,1.4276,0.0002,1.4275,-0.3266540240691314744985898729
XRP-USD,2026-08-30T18:39:51.693752Z,1.4274,1.4276,0.0002,1.4275,-0.3235023175543538041249136782
XRP-USD,2026-08-30T18:39:51.764384Z,1.4274,1.4276,0.0002,1.4275,-0.3587360535036146872388616930
XRP-USD,2026-08-30T18:39:51.841951Z,1.4274,1.4276,0.0002,1.4275,-0.3587360535036146872388616930
XRP-USD,2026-08-30T18:39:51.918057Z,1.4274,1.4276,0.0002,1.4275,-0.3911570439202912238816177663
XRP-USD,2026-08-30T18:39:51.939181Z,1.4274,1.4276,0.0002,1.4275,-0.3912348049628005758192521459
XRP-USD,2026-08-30T18:39:52.020245Z,1.4274,1.4276,0.0002,1.4275,-0.3912348049628005758192521459
XRP-USD,2026-08-30T18:39:52.038446Z,1.4274,1.4276,0.0002,1.4275,-0.3593486078867669694377992690
XRP-USD,2026-08-30T18:39:52.202171Z,1.4274,1.4276,0.0002,1.4275,-0.3794570003426020253016056513
XRP-USD,2026-08-30T18:39:52.265659Z,1.4274,1.4276,0.0002,1.4275,-0.4434816726453293195788697165
XRP-USD,2026-08-30T18:39:52.314298Z,1.4273,1.4276,0.0003,1.42745,-0.5620424778129717887193438929
XRP-USD,2026-08-30T18:39:52.347884Z,1.4273,1.4276,0.0003,1.42745,-0.5620424778129717887193438929
XRP-USD,2026-08-30T18:39:52.484258Z,1.4273,1.4276,0.0003,1.42745,-0.5620424778129717887193438929
XRP-USD,2026-08-30T18:39:52.58033Z,1.4273,1.4276,0.0003,1.42745,-0.5619899708113256741438021893
XRP-USD,2026-08-30T18:39:52.626383Z,1.4273,1.4276,0.0003,1.42745,-0.5619899708113256741438021893
XRP-USD,2026-08-30T18:39:52.632715Z,1.4273,1.4276,0.0003,1.42745,-0.5620424780288636685516451856
XRP-USD,2026-08-30T18:39:52.726504Z,1.4273,1.4276,0.0003,1.42745,-0.5620424780288636685516451856
XRP-USD,2026-08-30T18:39:52.736598Z,1.4273,1.4276,0.0003,1.42745,-0.5620424780288636685516451856
XRP-USD,2026-08-30T18:39:52.829599Z,1.4273,1.4276,0.0003,1.42745,-0.5620424780288636685516451856
XRP-USD,2026-08-30T18:39:52.868199Z,1.4273,1.4276,0.0003,1.42745,-0.5620424780288636685516451856
XRP-USD,2026-08-30T18:39:52.90598Z,1.4274,1.4276,0.0002,1.4275,-0.4032128904894735583854877384
XRP-USD,2026-08-30T18:39:52.972602Z,1.4274,1.4276,0.0002,1.4275,-0.3912322798203754140331418534
XRP-USD,2026-08-30T18:39:53.014629Z,1.4274,1.4276,0.0002,1.4275,-0.3902325317540556318895139892
XRP-USD,2026-08-30T18:39:53.028078Z,1.4274,1.4276,0.0002,1.4275,-0.3370076922024298258265868923
XRP-USD,2026-08-30T18:39:53.128006Z,1.4274,1.4276,0.0002,1.4275,-0.3736777974474217779769216964
XRP-USD,2026-08-30T18:39:53.13732Z,1.4274,1.4276,0.0002,1.4275,-0.3736777974474217779769216964
XRP-USD,2026-08-30T18:39:53.245208Z,1.4274,1.4276,0.0002,1.4275,-0.3935846874776257686805631788
XRP-USD,2026-08-30T18:39:53.362457Z,1.4274,1.4276,0.0002,1.4275,-0.3935846874776257686805631788
XRP-USD,2026-08-30T18:39:53.387706Z,1.4274,1.4276,0.0002,1.4275,-0.3935846874776257686805631788
XRP-USD,2026-08-30T18:39:53.534764Z,1.4274,1.4276,0.0002,1.4275,-0.3935846874776257686805631788
XRP-USD,2026-08-30T18:39:53.658199Z,1.4274,1.4276,0.0002,1.4275,-0.3935846874776257686805631788
XRP-USD,2026-08-30T18:39:53.774308Z,1.4274,1.4276,0.0002,1.4275,-0.3935088261724062981333231469
XRP-USD,2026-08-30T18:39:53.800857Z,1.4274,1.4276,0.0002,1.4275,-0.3935846877722115415200691635
XRP-USD,2026-08-30T18:39:53.916086Z,1.4274,1.4276,0.0002,1.4275,-0.3935846877722115415200691635
XRP-USD,2026-08-30T18:39:53.943928Z,1.4274,1.4276,0.0002,1.4275,-0.3945813332094203073732217243
XRP-USD,2026-08-30T18:39:53.949341Z,1.4274,1.4276,0.0002,1.4275,-0.3945813332094203073732217243
XRP-USD,2026-08-30T18:39:54.089054Z,1.4272,1.4276,0.0004,1.4274,-0.2860631073659347482649164028
XRP-USD,2026-08-30T18:39:54.146603Z,1.4273,1.4276,0.0003,1.42745,-0.5453948122446395072988148234
XRP-USD,2026-08-30T18:39:54.207471Z,1.4274,1.4276,0.0002,1.4275,-0.5393387514932683619972083856
XRP-USD,2026-08-30T18:39:54.250362Z,1.4274,1.4276,0.0002,1.4275,-0.4486500571376622234082298981
XRP-USD,2026-08-30T18:39:54.268878Z,1.4274,1.4276,0.0002,1.4275,-0.3994803264022422036348968830
XRP-USD,2026-08-30T18:39:54.342263Z,1.4274,1.4276,0.0002,1.4275,-0.5502977359138595488533272838
XRP-USD,2026-08-30T18:39:54.475427Z,1.4274,1.4276,0.0002,1.4275,-0.5502977359138595488533272838
XRP-USD,2026-08-30T18:39:54.480653Z,1.4274,1.4276,0.0002,1.4275,-0.5502977359138595488533272838
XRP-USD,2026-08-30T18:39:54.571684Z,1.4274,1.4276,0.0002,1.4275,-0.5545858399650484786019723665
XRP-USD,2026-08-30T18:39:54.598877Z,1.4274,1.4276,0.0002,1.4275,-0.5545858399650484786019723665
XRP-USD,2026-08-30T18:39:54.629643Z,1.4274,1.4276,0.0002,1.4275,-0.5545858399650484786019723665
XRP-USD,2026-08-30T18:39:54.755541Z,1.4274,1.4276,0.0002,1.4275,-0.5545858398876427951619983111
XRP-USD,2026-08-30T18:39:54.79006Z,1.4274,1.4276,0.0002,1.4275,-0.5281197756010758592263975210
XRP-USD,2026-08-30T18:39:54.865167Z,1.4274,1.4276,0.0002,1.4275,-0.5281197756010758592263975210
XRP-USD,2026-08-30T18:39:54.918915Z,1.4274,1.4276,0.0002,1.4275,-0.5280556126281166189424705642
XRP-USD,2026-08-30T18:39:54.94179Z,1.4274,1.4276,0.0002,1.4275,-0.5280556126281166189424705642
XRP-USD,2026-08-30T18:39:55.021605Z,1.4274,1.4276,0.0002,1.4275,-0.5154397645688938303750853138
XRP-USD,2026-08-30T18:39:55.068749Z,1.4274,1.4276,0.0002,1.4275,-0.5121943442035768427548751902
XRP-USD,2026-08-30T18:39:55.123969Z,1.4274,1.4276,0.0002,1.4275,-0.5121943442035768427548751902
XRP-USD,2026-08-30T18:39:55.162323Z,1.4274,1.4276,0.0002,1.4275,-0.5121943442035768427548751902
XRP-USD,2026-08-30T18:39:55.32236Z,1.4274,1.4276,0.0002,1.4275,-0.5121943442035768427548751902
XRP-USD,2026-08-30T18:39:55.375593Z,1.4274,1.4276,0.0002,1.4275,-0.5845367984176663002617946176
XRP-USD,2026-08-30T18:39:55.394025Z,1.4274,1.4276,0.0002,1.4275,-0.5845367984176663002617946176
XRP-USD,2026-08-30T18:39:55.706131Z,1.4274,1.4276,0.0002,1.4275,-0.5845367984176663002617946176
XRP-USD,2026-08-30T18:39:55.739522Z,1.4274,1.4276,0.0002,1.4275,-0.5845367984176663002617946176
XRP-USD,2026-08-30T18:39:55.819597Z,1.4274,1.4276,0.0002,1.4275,-0.5845367984176663002617946176
XRP-USD,2026-08-30T18:39:56.014906Z,1.4274,1.4276,0.0002,1.4275,-0.5838879494750446642087902581
XRP-USD,2026-08-30T18:39:56.022368Z,1.4274,1.4276,0.0002,1.4275,-0.5151400613146684654383989959
XRP-USD,2026-08-30T18:39:56.115009Z,1.4274,1.4276,0.0002,1.4275,-0.5751614923753457788513458489
XRP-USD,2026-08-30T18:39:56.145459Z,1.4274,1.4276,0.0002,1.4275,-0.5751614923753457788513458489
XRP-USD,2026-08-30T18:39:56.212563Z,1.4274,1.4276,0.0002,1.4275,-0.5751614923753457788513458489
XRP-USD,2026-08-30T18:39:56.409879Z,1.4274,1.4276,0.0002,1.4275,-0.5879764131774268566636160289
XRP-USD,2026-08-30T18:39:56.505213Z,1.4274,1.4276,0.0002,1.4275,-0.5846153951647539893352907342
XRP-USD,2026-08-30T18:39:56.76926Z,1.4274,1.4276,0.0002,1.4275,-0.5831232920581456033202896723
XRP-USD,2026-08-30T18:39:56.879404Z,1.4274,1.4276,0.0002,1.4275,-0.5846153951647539893352907342
XRP-USD,2026-08-30T18:39:56.930305Z,1.4274,1.4276,0.0002,1.4275,-0.5846153951647539893352907342
XRP-USD,2026-08-30T18:39:57.067477Z,1.4274,1.4276,0.0002,1.4275,-0.5710346124574488676527474527
XRP-USD,2026-08-30T18:39:57.141262Z,1.4274,1.4276,0.0002,1.4275,-0.5717241320320463647057129984
XRP-USD,2026-08-30T18:39:57.414127Z,1.4274,1.4276,0.0002,1.4275,-0.5961352504092752103804396795
XRP-USD,2026-08-30T18:39:57.471295Z,1.4274,1.4276,0.0002,1.4275,-0.6119378721987468357661581970
XRP-USD,2026-08-30T18:39:57.528708Z,1.4274,1.4276,0.0002,1.4275,-0.6119378721987468357661581970
XRP-USD,2026-08-30T18:39:57.579121Z,1.4274,1.4276,0.0002,1.4275,-0.6119378721987468357661581970
XRP-USD,2026-08-30T18:39:57.585441Z,1.4274,1.4276,0.0002,1.4275,-0.6119378721987468357661581970
XRP-USD,2026-08-30T18:39:57.676392Z,1.4274,1.4276,0.0002,1.4275,-0.6119378721987468357661581970
XRP-USD,2026-08-30T18:39:57.717373Z,1.4274,1.4276,0.0002,1.4275,-0.6119378721987468357661581970
XRP-USD,2026-08-30T18:39:57.960088Z,1.4274,1.4276,0.0002,1.4275,-0.6084671690964425057856251395
XRP-USD,2026-08-30T18:39:57.997792Z,1.4274,1.4276,0.0002,1.4275,-0.6084671690964425057856251395
XRP-USD,2026-08-30T18:39:58.033089Z,1.4274,1.4276,0.0002,1.4275,-0.5954168654611695034312022082
XRP-USD,2026-08-30T18:39:58.115477Z,1.4274,1.4276,0.0002,1.4275,-0.5381471699960757836729790998
XRP-USD,2026-08-30T18:39:58.162636Z,1.4274,1.4276,0.0002,1.4275,-0.5954268106181796071561318373
XRP-USD,2026-08-30T18:39:58.197113Z,1.4274,1.4276,0.0002,1.4275,-0.5960872848986100935924233801
XRP-USD,2026-08-30T18:39:58.267514Z,1.4273,1.4275,0.0002,1.4274,-0.3027775433778419673415612035
XRP-USD,2026-08-30T18:39:58.313341Z,1.4272,1.4274,0.0002,1.4273,-0.5969086280191223234718969591
XRP-USD,2026-08-30T18:39:58.366382Z,1.4272,1.4274,0.0002,1.4273,-0.5314811306314745948866039490
XRP-USD,2026-08-30T18:39:58.404222Z,1.4272,1.4274,0.0002,1.4273,-0.5883911704355956112750400321
XRP-USD,2026-08-30T18:39:58.456506Z,1.4272,1.4274,0.0002,1.4273,-0.5524025379087782354920191102
XRP-USD,2026-08-30T18:39:58.514201Z,1.4273,1.4274,0.0001,1.42735,-0.4202477126456827707632561145
XRP-USD,2026-08-30T18:39:58.562436Z,1.4273,1.4274,0.0001,1.42735,-0.3315994380712304411921570095
XRP-USD,2026-08-30T18:39:58.607191Z,1.4273,1.4274,0.0001,1.42735,-0.3758849960497273695027233149
XRP-USD,2026-08-30T18:39:58.646252Z,1.4273,1.4274,0.0001,1.42735,-0.4561144456814453277719252949
XRP-USD,2026-08-30T18:39:58.707Z,1.4273,1.4274,0.0001,1.42735,-0.4531529381588186783848347710
XRP-USD,2026-08-30T18:39:58.766821Z,1.4274,1.4276,0.0002,1.4275,-0.5151166457945258386301059664
XRP-USD,2026-08-30T18:39:58.803162Z,1.4274,1.4276,0.0002,1.4275,-0.4826780789135360240764281883
XRP-USD,2026-08-30T18:39:58.830339Z,1.4274,1.4276,0.0002,1.4275,-0.4839848395464644542339674764
XRP-USD,2026-08-30T18:39:58.890389Z,1.4274,1.4276,0.0002,1.4275,-0.6099757524213108110275603169
XRP-USD,2026-08-30T18:39:58.927345Z,1.4274,1.4276,0.0002,1.4275,-0.6070282637592744263725936451
XRP-USD,2026-08-30T18:39:59.084792Z,1.4274,1.4276,0.0002,1.4275,-0.5939404993213961964938807090
XRP-USD,2026-08-30T18:39:59.166474Z,1.4274,1.4276,0.0002,1.4275,-0.5805443023364253014997192544
XRP-USD,2026-08-30T18:39:59.275087Z,1.4273,1.4275,0.0002,1.4274,-0.3566047028368852689315518971
XRP-USD,2026-08-30T18:39:59.281479Z,1.4273,1.4275,0.0002,1.4274,-0.4954395983003016855187418845
XRP-USD,2026-08-30T18:39:59.480999Z,1.4273,1.4275,0.0002,1.4274,-0.4837431110047974623780306006
XRP-USD,2026-08-30T18:39:59.655408Z,1.4273,1.4275,0.0002,1.4274,-0.4982192680978511612415448131
XRP-USD,2026-08-30T18:39:59.684069Z,1.4273,1.4275,0.0002,1.4274,-0.4982192680978511612415448131
XRP-USD,2026-08-30T18:39:59.719828Z,1.4273,1.4275,0.0002,1.4274,-0.4982192680978511612415448131
XRP-USD,2026-08-30T18:39:59.796835Z,1.4273,1.4275,0.0002,1.4274,-0.4982192680978511612415448131
XRP-USD,2026-08-30T18:40:00.017085Z,1.4273,1.4275,0.0002,1.4274,-0.4982192680978511612415448131
XRP-USD,2026-08-30T18:40:00.034316Z,1.4273,1.4275,0.0002,1.4274,-0.5085934836672616617574367234
XRP-USD,2026-08-30T18:40:00.123485Z,1.4273,1.4275,0.0002,1.4274,-0.5085934836672616617574367234
XRP-USD,2026-08-30T18:40:00.147212Z,1.4273,1.4275,0.0002,1.4274,-0.5085934836672616617574367234
XRP-USD,2026-08-30T18:40:00.267297Z,1.4273,1.4275,0.0002,1.4274,-0.5086715225936812055872028975
XRP-USD,2026-08-30T18:40:00.328272Z,1.4273,1.4275,0.0002,1.4274,-0.5756054457086068903527105232
XRP-USD,2026-08-30T18:40:00.366266Z,1.4273,1.4275,0.0002,1.4274,-0.5096961670208672732903011784
XRP-USD,2026-08-30T18:40:00.456847Z,1.4272,1.4274,0.0002,1.4273,-0.4161951733284811859153317294
XRP-USD,2026-08-30T18:40:00.507446Z,1.4272,1.4274,0.0002,1.4273,-0.6046330518224810971158937242
XRP-USD,2026-08-30T18:40:00.572241Z,1.4272,1.4274,0.0002,1.4273,-0.4223450057595459301546474074
XRP-USD,2026-08-30T18:40:00.614516Z,1.4273,1.4274,0.0001,1.42735,-0.4729856658690160123363555477
XRP-USD,2026-08-30T18:40:00.665014Z,1.4273,1.4274,0.0001,1.42735,-0.3176488497361586908137838924
XRP-USD,2026-08-30T18:40:00.722739Z,1.4273,1.4274,0.0001,1.42735,-0.4726269137782714289658135085
XRP-USD,2026-08-30T18:40:00.729154Z,1.4273,1.4274,0.0001,1.42735,-0.4455215556359239088002429813
XRP-USD,2026-08-30T18:40:00.825281Z,1.4273,1.4275,0.0002,1.4274,-0.5000500912698886802265993419
XRP-USD,2026-08-30T18:40:00.862912Z,1.4273,1.4275,0.0002,1.4274,-0.5000500912698886802265993419
XRP-USD,2026-08-30T18:40:01.024161Z,1.4273,1.4275,0.0002,1.4274,-0.4989403708347852487151667202
XRP-USD,2026-08-30T18:40:01.077706Z,1.4273,1.4275,0.0002,1.4274,-0.4989403708347852487151667202
XRP-USD,2026-08-30T18:40:01.122426Z,1.4273,1.4275,0.0002,1.4274,-0.4989403708347852487151667202
XRP-USD,2026-08-30T18:40:01.316776Z,1.4273,1.4275,0.0002,1.4274,-0.4989403708347852487151667202
XRP-USD,2026-08-30T18:40:01.376139Z,1.4273,1.4275,0.0002,1.4274,-0.4990189061470079186924246002
XRP-USD,2026-08-30T18:40:01.425973Z,1.4273,1.4275,0.0002,1.4274,-0.5000501343409252677685230970
XRP-USD,2026-08-30T18:40:01.715289Z,1.4273,1.4275,0.0002,1.4274,-0.5000501343409252677685230970
XRP-USD,2026-08-30T18:40:01.775981Z,1.4273,1.4275,0.0002,1.4274,-0.5000501343409252677685230970
XRP-USD,2026-08-30T18:40:01.817424Z,1.4273,1.4275,0.0002,1.4274,-0.4857074905064698623837867303
XRP-USD,2026-08-30T18:40:01.864924Z,1.4273,1.4275,0.0002,1.4274,-0.5000507041248439617051114656
XRP-USD,2026-08-30T18:40:02.066096Z,1.4273,1.4275,0.0002,1.4274,-0.4845330646051407358937055167
XRP-USD,2026-08-30T18:40:02.839472Z,1.4273,1.4275,0.0002,1.4274,-0.5560582110103592714741503150
XRP-USD,2026-08-30T18:40:02.876705Z,1.4273,1.4275,0.0002,1.4274,-0.5560582110103592714741503150
XRP-USD,2026-08-30T18:40:03.030319Z,1.4273,1.4275,0.0002,1.4274,-0.5560582110103592714741503150
XRP-USD,2026-08-30T18:40:03.04714Z,1.4273,1.4275,0.0002,1.4274,-0.4845330646051407358937055167
XRP-USD,2026-08-30T18:40:03.235131Z,1.4273,1.4275,0.0002,1.4274,-0.4845330646051407358937055167
XRP-USD,2026-08-30T18:40:03.277142Z,1.4273,1.4275,0.0002,1.4274,-0.4845330646051407358937055167
XRP-USD,2026-08-30T18:40:03.401493Z,1.4273,1.4275,0.0002,1.4274,-0.4845330646051407358937055167
XRP-USD,2026-08-30T18:40:03.603749Z,1.4273,1.4275,0.0002,1.4274,-0.4845330646051407358937055167
XRP-USD,2026-08-30T18:40:03.6933Z,1.4273,1.4275,0.0002,1.4274,-0.4845330646051407358937055167
XRP-USD,2026-08-30T18:40:04.171117Z,1.4273,1.4275,0.0002,1.4274,-0.4845330646051407358937055167
XRP-USD,2026-08-30T18:40:04.233656Z,1.4273,1.4275,0.0002,1.4274,-0.4838402457600858693536928977
XRP-USD,2026-08-30T18:40:04.325228Z,1.4273,1.4275,0.0002,1.4274,-0.4838402457600858693536928977
XRP-USD,2026-08-30T18:40:04.373031Z,1.4273,1.4275,0.0002,1.4274,-0.5116892237272483096476456318
XRP-USD,2026-08-30T18:40:04.378094Z,1.4273,1.4275,0.0002,1.4274,-0.5387954761548311396870203557
XRP-USD,2026-08-30T18:40:04.444877Z,1.4273,1.4275,0.0002,1.4274,-0.5387954761548311396870203557
XRP-USD,2026-08-30T18:40:04.534505Z,1.4273,1.4275,0.0002,1.4274,-0.5387954761548311396870203557
XRP-USD,2026-08-30T18:40:04.594938Z,1.4273,1.4275,0.0002,1.4274,-0.5387954761548311396870203557
XRP-USD,2026-08-30T18:40:04.65218Z,1.4273,1.4275,0.0002,1.4274,-0.5387954761548311396870203557
XRP-USD,2026-08-30T18:40:04.900148Z,1.4273,1.4275,0.0002,1.4274,-0.5387954761548311396870203557
XRP-USD,2026-08-30T18:40:05.035546Z,1.4273,1.4275,0.0002,1.4274,-0.4612770606543006164794736690
XRP-USD,2026-08-30T18:40:05.210241Z,1.4273,1.4275,0.0002,1.4274,-0.4612770605404218547957807224
XRP-USD,2026-08-30T18:40:05.330492Z,1.4273,1.4275,0.0002,1.4274,-0.4612770605404218547957807224
XRP-USD,2026-08-30T18:40:05.403268Z,1.4273,1.4275,0.0002,1.4274,-0.4612770605404218547957807224
XRP-USD,2026-08-30T18:40:05.409707Z,1.4273,1.4275,0.0002,1.4274,-0.4612770605404218547957807224
XRP-USD,2026-08-30T18:40:05.48402Z,1.4273,1.4275,0.0002,1.4274,-0.4612770605404218547957807224
XRP-USD,2026-08-30T18:40:05.683999Z,1.4273,1.4275,0.0002,1.4274,-0.4612770605404218547957807224
XRP-USD,2026-08-30T18:40:05.748545Z,1.4273,1.4275,0.0002,1.4274,-0.4612770605404218547957807224
XRP-USD,2026-08-30T18:40:05.857431Z,1.4273,1.4275,0.0002,1.4274,-0.4607020274219923839462182582
XRP-USD,2026-08-30T18:40:05.937618Z,1.4273,1.4275,0.0002,1.4274,-0.4475952303812848615422164893
XRP-USD,2026-08-30T18:40:06.013964Z,1.4273,1.4275,0.0002,1.4274,-0.4475952303812848615422164893
XRP-USD,2026-08-30T18:40:06.046661Z,1.4273,1.4275,0.0002,1.4274,-0.4475952303812848615422164893
XRP-USD,2026-08-30T18:40:06.123342Z,1.4273,1.4275,0.0002,1.4274,-0.4475952303812848615422164893
XRP-USD,2026-08-30T18:40:06.138416Z,1.4273,1.4275,0.0002,1.4274,-0.4475952303812848615422164893
XRP-USD,2026-08-30T18:40:06.241768Z,1.4273,1.4275,0.0002,1.4274,-0.4475952303812848615422164893
XRP-USD,2026-08-30T18:40:06.41381Z,1.4273,1.4275,0.0002,1.4274,-0.4475952303812848615422164893
XRP-USD,2026-08-30T18:40:06.514566Z,1.4273,1.4275,0.0002,1.4274,-0.4475952303812848615422164893
XRP-USD,2026-08-30T18:40:06.59538Z,1.4273,1.4275,0.0002,1.4274,-0.4475952303812848615422164893
XRP-USD,2026-08-30T18:40:06.679539Z,1.4273,1.4275,0.0002,1.4274,-0.4475952303812848615422164893
XRP-USD,2026-08-30T18:40:07.248864Z,1.4273,1.4275,0.0002,1.4274,-0.4607020274219923839462182582
XRP-USD,2026-08-30T18:40:07.52757Z,1.4273,1.4275,0.0002,1.4274,-0.4607020274219923839462182582
XRP-USD,2026-08-30T18:40:07.558143Z,1.4273,1.4275,0.0002,1.4274,-0.4607020274219923839462182582
XRP-USD,2026-08-30T18:40:07.620591Z,1.4273,1.4275,0.0002,1.4274,-0.4607020274219923839462182582
XRP-USD,2026-08-30T18:40:07.628798Z,1.4273,1.4275,0.0002,1.4274,-0.4607020274219923839462182582
XRP-USD,2026-08-30T18:40:07.766896Z,1.4273,1.4275,0.0002,1.4274,-0.4608442628298400763797121158
XRP-USD,2026-08-30T18:40:07.796443Z,1.4273,1.4275,0.0002,1.4274,-0.4608442628298400763797121158
XRP-USD,2026-08-30T18:40:07.829899Z,1.4273,1.4275,0.0002,1.4274,-0.4201699153976172039856104936
XRP-USD,2026-08-30T18:40:07.852478Z,1.4274,1.4275,0.0001,1.42745,-0.1594310142093988078162174125
XRP-USD,2026-08-30T18:40:07.862744Z,1.4274,1.4275,0.0001,1.42745,-0.1594310142093988078162174125
XRP-USD,2026-08-30T18:40:07.929987Z,1.4274,1.4275,0.0001,1.42745,-0.3382240719140232781250017489
XRP-USD,2026-08-30T18:40:07.951184Z,1.4274,1.4275,0.0001,1.42745,-0.4399835044115938574035046164
XRP-USD,2026-08-30T18:40:08.015111Z,1.4274,1.4275,0.0001,1.42745,-0.4446807447329458094907321674
XRP-USD,2026-08-30T18:40:08.180628Z,1.4273,1.4275,0.0002,1.4274,-0.5033517467279340509658415926
XRP-USD,2026-08-30T18:40:08.248713Z,1.4273,1.4275,0.0002,1.4274,-0.4174231599289861167157236325
XRP-USD,2026-08-30T18:40:08.355998Z,1.4273,1.4275,0.0002,1.4274,-0.4174231599289861167157236325
XRP-USD,2026-08-30T18:40:08.57969Z,1.4273,1.4275,0.0002,1.4274,-0.4166092800426032528786654513
XRP-USD,2026-08-30T18:40:08.639924Z,1.4273,1.4275,0.0002,1.4274,-0.4166092799219723313609987053
XRP-USD,2026-08-30T18:40:09.018898Z,1.4273,1.4275,0.0002,1.4274,-0.4166092799219723313609987053
XRP-USD,2026-08-30T18:40:09.028228Z,1.4273,1.4275,0.0002,1.4274,-0.4166092799219723313609987053
XRP-USD,2026-08-30T18:40:09.170281Z,1.4273,1.4275,0.0002,1.4274,-0.4166092799219723313609987053
XRP-USD,2026-08-30T18:40:09.239194Z,1.4273,1.4275,0.0002,1.4274,-0.4166092799219723313609987053
XRP-USD,2026-08-30T18:40:09.46759Z,1.4273,1.4275,0.0002,1.4274,-0.4166170122615563786444640153
XRP-USD,2026-08-30T18:40:09.717573Z,1.4273,1.4275,0.0002,1.4274,-0.4166170122615563786444640153
XRP-USD,2026-08-30T18:40:09.930283Z,1.4273,1.4275,0.0002,1.4274,-0.4166170122615563786444640153
XRP-USD,2026-08-30T18:40:10.031823Z,1.4273,1.4275,0.0002,1.4274,-0.4166170122615563786444640153
XRP-USD,2026-08-30T18:40:10.147993Z,1.4273,1.4275,0.0002,1.4274,-0.4166170122615563786444640153
XRP-USD,2026-08-30T18:40:10.237632Z,1.4273,1.4275,0.0002,1.4274,-0.4166170122615563786444640153
XRP-USD,2026-08-30T18:40:10.29849Z,1.4273,1.4275,0.0002,1.4274,-0.4166170122615563786444640153
XRP-USD,2026-08-30T18:40:10.4026Z,1.4273,1.4275,0.0002,1.4274,-0.4166170122615563786444640153
XRP-USD,2026-08-30T18:40:10.510588Z,1.4273,1.4275,0.0002,1.4274,-0.4166170122615563786444640153
XRP-USD,2026-08-30T18:40:10.750122Z,1.4273,1.4275,0.0002,1.4274,-0.4166170122615563786444640153
XRP-USD,2026-08-30T18:40:11.089537Z,1.4273,1.4275,0.0002,1.4274,-0.4166170122615563786444640153
XRP-USD,2026-08-30T18:40:11.103979Z,1.4273,1.4275,0.0002,1.4274,-0.4166170122615563786444640153
XRP-USD,2026-08-30T18:40:11.458652Z,1.4273,1.4275,0.0002,1.4274,-0.4166170122615563786444640153
XRP-USD,2026-08-30T18:40:11.832842Z,1.4273,1.4275,0.0002,1.4274,-0.4166170121409286547728502975
XRP-USD,2026-08-30T18:40:12.12672Z,1.4273,1.4275,0.0002,1.4274,-0.4166170121409286547728502975
XRP-USD,2026-08-30T18:40:12.147225Z,1.4273,1.4275,0.0002,1.4274,-0.4166170121409286547728502975
XRP-USD,2026-08-30T18:40:12.257735Z,1.4273,1.4275,0.0002,1.4274,-0.4166170121409286547728502975
XRP-USD,2026-08-30T18:40:12.286776Z,1.4273,1.4275,0.0002,1.4274,-0.4166170121409286547728502975
XRP-USD,2026-08-30T18:40:12.422772Z,1.4273,1.4275,0.0002,1.4274,-0.4166170121409286547728502975
XRP-USD,2026-08-30T18:40:12.540079Z,1.4273,1.4275,0.0002,1.4274,-0.4166170121409286547728502975
XRP-USD,2026-08-30T18:40:12.648515Z,1.4273,1.4275,0.0002,1.4274,-0.4166170121409286547728502975
XRP-USD,2026-08-30T18:40:12.757428Z,1.4273,1.4275,0.0002,1.4274,-0.4166170121409286547728502975
XRP-USD,2026-08-30T18:40:12.813312Z,1.4273,1.4275,0.0002,1.4274,-0.4166170121409286547728502975
XRP-USD,2026-08-30T18:40:12.859565Z,1.4273,1.4275,0.0002,1.4274,-0.4436592383806892097349717143
XRP-USD,2026-08-30T18:40:12.949563Z,1.4273,1.4275,0.0002,1.4274,-0.4448059515310335838959548237
XRP-USD,2026-08-30T18:40:13.021551Z,1.4273,1.4275,0.0002,1.4274,-0.4448059515310335838959548237
XRP-USD,2026-08-30T18:40:13.072672Z,1.4273,1.4275,0.0002,1.4274,-0.4448059515310335838959548237
XRP-USD,2026-08-30T18:40:13.194452Z,1.4273,1.4275,0.0002,1.4274,-0.4448059515310335838959548237
XRP-USD,2026-08-30T18:40:13.291043Z,1.4273,1.4275,0.0002,1.4274,-0.5186789817554879177587721356
XRP-USD,2026-08-30T18:40:13.366964Z,1.4272,1.4274,0.0002,1.4273,-0.4183968755784436563882258152
XRP-USD,2026-08-30T18:40:13.382207Z,1.4272,1.4274,0.0002,1.4273,-0.5001515963362446969516323994
XRP-USD,2026-08-30T18:40:13.42762Z,1.4272,1.4274,0.0002,1.4273,-0.5024449139640815597027930084
XRP-USD,2026-08-30T18:40:13.514319Z,1.4272,1.4274,0.0002,1.4273,-0.5024449139640815597027930084
XRP-USD,2026-08-30T18:40:13.534921Z,1.4272,1.4274,0.0002,1.4273,-0.5024449139640815597027930084
XRP-USD,2026-08-30T18:40:13.666941Z,1.4272,1.4274,0.0002,1.4273,-0.4027787666535987396881171568
XRP-USD,2026-08-30T18:40:13.810144Z,1.4272,1.4274,0.0002,1.4273,-0.4027787666535987396881171568
XRP-USD,2026-08-30T18:40:13.848202Z,1.4272,1.4274,0.0002,1.4273,-0.4027787666535987396881171568
XRP-USD,2026-08-30T18:40:13.89473Z,1.4272,1.4274,0.0002,1.4273,-0.4027787666535987396881171568
XRP-USD,2026-08-30T18:40:13.945145Z,1.4272,1.4274,0.0002,1.4273,-0.4036097365073795419737044675
XRP-USD,2026-08-30T18:40:14.002642Z,1.4272,1.4274,0.0002,1.4273,-0.4036097365073795419737044675
XRP-USD,2026-08-30T18:40:14.062658Z,1.4272,1.4274,0.0002,1.4273,-0.4035115497117904197769673805
XRP-USD,2026-08-30T18:40:14.19414Z,1.4272,1.4274,0.0002,1.4273,-0.4035115497117904197769673805
XRP-USD,2026-08-30T18:40:14.256784Z,1.4271,1.4272,0.0001,1.42715,-0.5379855173477460627349586636
XRP-USD,2026-08-30T18:40:14.313326Z,1.4271,1.4272,0.0001,1.42715,-0.4347762269736836439819933004
XRP-USD,2026-08-30T18:40:14.37671Z,1.4271,1.4272,0.0001,1.42715,-0.4325122667556923225987216862
XRP-USD,2026-08-30T18:40:14.392956Z,1.4271,1.4272,0.0001,1.42715,-0.5126137634609489792766868748
XRP-USD,2026-08-30T18:40:14.420828Z,1.4271,1.4272,0.0001,1.42715,-0.5126137634609489792766868748
XRP-USD,2026-08-30T18:40:14.465807Z,1.4271,1.4272,0.0001,1.42715,-0.5233699969343407891161651481
XRP-USD,2026-08-30T18:40:14.543627Z,1.427,1.4271,0.0001,1.42705,-0.6706207075812767142706787040
XRP-USD,2026-08-30T18:40:14.571035Z,1.427,1.4271,0.0001,1.42705,-0.5271125450851056784058803855
XRP-USD,2026-08-30T18:40:14.635218Z,1.427,1.4271,0.0001,1.42705,-0.5271125450851056784058803855
XRP-USD,2026-08-30T18:40:14.703318Z,1.427,1.4271,0.0001,1.42705,-0.5597522496764059065602228297
XRP-USD,2026-08-30T18:40:14.755856Z,1.427,1.4271,0.0001,1.42705,-0.5597522496764059065602228297
XRP-USD,2026-08-30T18:40:14.869761Z,1.427,1.4272,0.0002,1.4271,-0.4216251946453219024378387985
XRP-USD,2026-08-30T18:40:14.924844Z,1.427,1.4272,0.0002,1.4271,-0.4216251946453219024378387985
XRP-USD,2026-08-30T18:40:14.961702Z,1.427,1.4272,0.0002,1.4271,-0.3969851902370552843670786791
XRP-USD,2026-08-30T18:40:14.984552Z,1.427,1.4272,0.0002,1.4271,-0.3822590346175202487236793364
XRP-USD,2026-08-30T18:40:15.064345Z,1.427,1.4272,0.0002,1.4271,-0.4088516758474053904727207691
XRP-USD,2026-08-30T18:40:15.111066Z,1.427,1.4272,0.0002,1.4271,-0.4099012621935108296266480729
XRP-USD,2026-08-30T18:40:15.137771Z,1.427,1.4272,0.0002,1.4271,-0.3969831259539623774191403149
XRP-USD,2026-08-30T18:40:15.306197Z,1.427,1.4272,0.0002,1.4271,-0.4677371286467449151023592094
XRP-USD,2026-08-30T18:40:15.472634Z,1.427,1.4271,0.0001,1.42705,-0.4843446893054725481698752542
XRP-USD,2026-08-30T18:40:15.500667Z,1.427,1.4271,0.0001,1.42705,-0.4843446893054725481698752542
XRP-USD,2026-08-30T18:40:15.564051Z,1.427,1.4271,0.0001,1.42705,-0.4843446893054725481698752542
XRP-USD,2026-08-30T18:40:15.590375Z,1.427,1.4271,0.0001,1.42705,-0.4842709842365382041426834544
XRP-USD,2026-08-30T18:40:15.668939Z,1.427,1.4271,0.0001,1.42705,-0.4843446896505213356293418025
XRP-USD,2026-08-30T18:40:15.727856Z,1.427,1.4272,0.0002,1.4271,-0.3995833469297328763304485918
XRP-USD,2026-08-30T18:40:15.760015Z,1.427,1.4272,0.0002,1.4271,-0.3995833469297328763304485918
XRP-USD,2026-08-30T18:40:15.80954Z,1.4268,1.427,0.0002,1.4269,-0.4001556367914241334011059045
XRP-USD,2026-08-30T18:40:15.864684Z,1.4268,1.4269,0.0001,1.42685,-0.6725855384654924966630605450
XRP-USD,2026-08-30T18:40:15.918081Z,1.4268,1.4269,0.0001,1.42685,-0.5626612223361628443765419781
XRP-USD,2026-08-30T18:40:15.957416Z,1.4268,1.4269,0.0001,1.42685,-0.5626612223361628443765419781
XRP-USD,2026-08-30T18:40:16.003896Z,1.4268,1.4269,0.0001,1.42685,-0.3659625760126709005554313625
XRP-USD,2026-08-30T18:40:16.17076Z,1.4268,1.427,0.0002,1.4269,-0.2555214592950858554153273220
XRP-USD,2026-08-30T18:40:16.206762Z,1.4268,1.427,0.0002,1.4269,-0.2555214592950858554153273220
XRP-USD,2026-08-30T18:40:16.254206Z,1.4268,1.427,0.0002,1.4269,-0.2555214592950858554153273220
XRP-USD,2026-08-30T18:40:16.307114Z,1.4268,1.427,0.0002,1.4269,-0.2577190894722668695489148939
XRP-USD,2026-08-30T18:40:16.351786Z,1.4268,1.427,0.0002,1.4269,-0.2577190894722668695489148939
XRP-USD,2026-08-30T18:40:16.387914Z,1.4268,1.427,0.0002,1.4269,-0.2577190894722668695489148939
XRP-USD,2026-08-30T18:40:16.526088Z,1.4268,1.427,0.0002,1.4269,-0.2577190894722668695489148939
XRP-USD,2026-08-30T18:40:16.5877Z,1.4268,1.427,0.0002,1.4269,-0.2577190894722668695489148939
XRP-USD,2026-08-30T18:40:16.722962Z,1.4268,1.427,0.0002,1.4269,-0.2620130974602679382904723573
XRP-USD,2026-08-30T18:40:16.759125Z,1.4268,1.427,0.0002,1.4269,-0.2469600902642546627351351122
XRP-USD,2026-08-30T18:40:16.821762Z,1.4268,1.427,0.0002,1.4269,-0.2468108529729431226382078882
XRP-USD,2026-08-30T18:40:16.826024Z,1.4268,1.427,0.0002,1.4269,-0.2468108529729431226382078882
XRP-USD,2026-08-30T18:40:16.87878Z,1.4268,1.427,0.0002,1.4269,-0.2468108529729431226382078882
XRP-USD,2026-08-30T18:40:16.9403Z,1.4268,1.427,0.0002,1.4269,-0.2202422313111314443614602571
XRP-USD,2026-08-30T18:40:17.038942Z,1.4268,1.427,0.0002,1.4269,-0.3330129598735975133956558087
XRP-USD,2026-08-30T18:40:17.107038Z,1.4268,1.427,0.0002,1.4269,-0.1872818273752637455310728521
XRP-USD,2026-08-30T18:40:17.195019Z,1.4266,1.4269,0.0003,1.42675,0.09542331509326645287543091002
XRP-USD,2026-08-30T18:40:17.244091Z,1.4267,1.4269,0.0002,1.4268,-0.4770199859941484888065734184
XRP-USD,2026-08-30T18:40:17.274323Z,1.4266,1.4268,0.0002,1.4267,-0.3213881529150184691190924274
XRP-USD,2026-08-30T18:40:17.328802Z,1.4266,1.4268,0.0002,1.4267,-0.3358685730717101659505781317
XRP-USD,2026-08-30T18:40:17.375652Z,1.4266,1.4268,0.0002,1.4267,-0.3358685730717101659505781317
XRP-USD,2026-08-30T18:40:17.397925Z,1.4266,1.4268,0.0002,1.4267,-0.3546898534139323303351192159
XRP-USD,2026-08-30T18:40:17.46151Z,1.4266,1.4268,0.0002,1.4267,-0.2128963263475553782278676874
XRP-USD,2026-08-30T18:40:17.569015Z,1.4266,1.4268,0.0002,1.4267,-0.2151250271006879073110135288
XRP-USD,2026-08-30T18:40:17.671675Z,1.4266,1.4268,0.0002,1.4267,-0.2213113711774504045437093675
XRP-USD,2026-08-30T18:40:17.725237Z,1.4266,1.4267,0.0001,1.42665,-0.5538402132525205119084824577
XRP-USD,2026-08-30T18:40:17.756759Z,1.4266,1.4267,0.0001,1.42665,-0.4773121056081410053558069074
XRP-USD,2026-08-30T18:40:17.811465Z,1.4266,1.4267,0.0001,1.42665,-0.4274479711109917735831649802
XRP-USD,2026-08-30T18:40:17.873038Z,1.4266,1.4267,0.0001,1.42665,-0.4274479711109917735831649802
XRP-USD,2026-08-30T18:40:17.89552Z,1.4266,1.4267,0.0001,1.42665,-0.3808872698320052965653759844
XRP-USD,2026-08-30T18:40:17.976446Z,1.4264,1.4266,0.0002,1.4265,-0.2036744502182008795914067020
XRP-USD,2026-08-30T18:40:18.005848Z,1.4264,1.4266,0.0002,1.4265,-0.6181210375133009971509791360
XRP-USD,2026-08-30T18:40:18.067161Z,1.4264,1.4266,0.0002,1.4265,-0.3964785984673532152634275272
XRP-USD,2026-08-30T18:40:18.119895Z,1.4264,1.4266,0.0002,1.4265,-0.3871848699369031601579496331
XRP-USD,2026-08-30T18:40:18.172736Z,1.4264,1.4266,0.0002,1.4265,-0.3871848699369031601579496331
XRP-USD,2026-08-30T18:40:18.229859Z,1.4264,1.4266,0.0002,1.4265,-0.3871848699369031601579496331
XRP-USD,2026-08-30T18:40:18.269545Z,1.4264,1.4266,0.0002,1.4265,-0.3871361807954079103782635678
XRP-USD,2026-08-30T18:40:18.312877Z,1.4264,1.4265,0.0001,1.42645,-0.2519846740751623770935235470
XRP-USD,2026-08-30T18:40:18.330694Z,1.4264,1.4265,0.0001,1.42645,-0.2551845562319398923109775944
XRP-USD,2026-08-30T18:40:18.388426Z,1.4264,1.4265,0.0001,1.42645,-0.2592876119687156545885366436
XRP-USD,2026-08-30T18:40:18.465771Z,1.4264,1.4265,0.0001,1.42645,-0.2875536839671104359960954206
XRP-USD,2026-08-30T18:40:18.523425Z,1.4264,1.4265,0.0001,1.42645,-0.2875536839671104359960954206
XRP-USD,2026-08-30T18:40:18.57243Z,1.4264,1.4265,0.0001,1.42645,-0.2875536839671104359960954206
XRP-USD,2026-08-30T18:40:18.622144Z,1.4264,1.4265,0.0001,1.42645,-0.3893041795655050641586104599
XRP-USD,2026-08-30T18:40:18.662256Z,1.4264,1.4265,0.0001,1.42645,-0.3630843030793172953790152791
XRP-USD,2026-08-30T18:40:18.686123Z,1.4264,1.4265,0.0001,1.42645,-0.3376248756108651784578902028
XRP-USD,2026-08-30T18:40:18.771966Z,1.4264,1.4265,0.0001,1.42645,-0.3376248756108651784578902028
XRP-USD,2026-08-30T18:40:18.827373Z,1.4264,1.4265,0.0001,1.42645,-0.2083070280847641016593458335
XRP-USD,2026-08-30T18:40:18.874472Z,1.4264,1.4265,0.0001,1.42645,-0.2083070280847641016593458335
XRP-USD,2026-08-30T18:40:18.924527Z,1.4264,1.4265,0.0001,1.42645,-0.1947532761291886560028814882
XRP-USD,2026-08-30T18:40:19.017078Z,1.4264,1.4265,0.0001,1.42645,-0.1947532761291886560028814882
XRP-USD,2026-08-30T18:40:19.032566Z,1.4264,1.4265,0.0001,1.42645,-0.1947532761291886560028814882
XRP-USD,2026-08-30T18:40:19.110872Z,1.4264,1.4265,0.0001,1.42645,-0.1947532761291886560028814882
XRP-USD,2026-08-30T18:40:19.160824Z,1.4264,1.4265,0.0001,1.42645,-0.1947532761291886560028814882
XRP-USD,2026-08-30T18:40:19.240135Z,1.4264,1.4265,0.0001,1.42645,-0.1985555981662972084612099382
XRP-USD,2026-08-30T18:40:19.324802Z,1.4264,1.4265,0.0001,1.42645,-0.4988310656044419982129686281
XRP-USD,2026-08-30T18:40:19.374718Z,1.4264,1.4265,0.0001,1.42645,-0.5746100245696552961723792041
XRP-USD,2026-08-30T18:40:19.42793Z,1.4264,1.4265,0.0001,1.42645,-0.5746100245696552961723792041
XRP-USD,2026-08-30T18:40:19.478768Z,1.4264,1.4265,0.0001,1.42645,-0.5746100245696552961723792041
XRP-USD,2026-08-30T18:40:19.569475Z,1.4264,1.4265,0.0001,1.42645,-0.5746100245696552961723792041
XRP-USD,2026-08-30T18:40:19.576737Z,1.4264,1.4265,0.0001,1.42645,-0.6030056754204688042820540655
XRP-USD,2026-08-30T18:40:19.661011Z,1.4264,1.4265,0.0001,1.42645,-0.6030056754204688042820540655
XRP-USD,2026-08-30T18:40:19.714926Z,1.4264,1.4265,0.0001,1.42645,-0.5896922299503771795051632589
XRP-USD,2026-08-30T18:40:19.765855Z,1.4264,1.4265,0.0001,1.42645,-0.7178972139489190551373285025
XRP-USD,2026-08-30T18:40:19.82838Z,1.4264,1.4265,0.0001,1.42645,-0.5321946481984262014428640304
XRP-USD,2026-08-30T18:40:19.836383Z,1.4264,1.4265,0.0001,1.42645,-0.5321946481984262014428640304
XRP-USD,2026-08-30T18:40:19.874611Z,1.4264,1.4265,0.0001,1.42645,-0.4793617796868985614492632640
XRP-USD,2026-08-30T18:40:19.912787Z,1.4264,1.4265,0.0001,1.42645,-0.5479373647492805972531670836
XRP-USD,2026-08-30T18:40:19.954926Z,1.4264,1.4265,0.0001,1.42645,-0.5038246499804563604034444812
XRP-USD,2026-08-30T18:40:20.029159Z,1.4264,1.4265,0.0001,1.42645,-0.5769052307201021793606657783
XRP-USD,2026-08-30T18:40:20.134912Z,1.4264,1.4265,0.0001,1.42645,-0.5621655172773036377883954375
XRP-USD,2026-08-30T18:40:20.174923Z,1.4264,1.4265,0.0001,1.42645,-0.5621354229249061708735946268
XRP-USD,2026-08-30T18:40:20.265614Z,1.4264,1.4265,0.0001,1.42645,-0.5621354229249061708735946268
XRP-USD,2026-08-30T18:40:20.31373Z,1.4264,1.4265,0.0001,1.42645,-0.5554079762230272588901288827
XRP-USD,2026-08-30T18:40:20.352026Z,1.4264,1.4265,0.0001,1.42645,-0.7791004416703379160512222496
XRP-USD,2026-08-30T18:40:20.389347Z,1.4264,1.4265,0.0001,1.42645,-0.6504394354721237775917633623
XRP-USD,2026-08-30T18:40:20.397278Z,1.4264,1.4265,0.0001,1.42645,-0.6504394354721237775917633623
XRP-USD,2026-08-30T18:40:20.556778Z,1.4264,1.4265,0.0001,1.42645,-0.5802837558036637271048149522
XRP-USD,2026-08-30T18:40:20.677682Z,1.4264,1.4265,0.0001,1.42645,-0.6575707482214267249462956491
XRP-USD,2026-08-30T18:40:20.743723Z,1.4264,1.4265,0.0001,1.42645,-0.6575707482214267249462956491
XRP-USD,2026-08-30T18:40:20.824748Z,1.4264,1.4265,0.0001,1.42645,-0.6575707482214267249462956491
XRP-USD,2026-08-30T18:40:20.839438Z,1.4264,1.4265,0.0001,1.42645,-0.6575707482214267249462956491
XRP-USD,2026-08-30T18:40:20.892458Z,1.4264,1.4265,0.0001,1.42645,-0.6575707482214267249462956491
XRP-USD,2026-08-30T18:40:20.966437Z,1.4264,1.4265,0.0001,1.42645,-0.7111284128667704239082573894
XRP-USD,2026-08-30T18:40:21.070531Z,1.4264,1.4265,0.0001,1.42645,-0.7010038318734889139309801953
XRP-USD,2026-08-30T18:40:21.127164Z,1.4264,1.4265,0.0001,1.42645,-0.6137303227519268500298241502
XRP-USD,2026-08-30T18:40:21.137958Z,1.4264,1.4265,0.0001,1.42645,-0.6137303227519268500298241502
XRP-USD,2026-08-30T18:40:21.200492Z,1.4264,1.4265,0.0001,1.42645,-0.6951030163054256222378777905
XRP-USD,2026-08-30T18:40:21.238145Z,1.4264,1.4265,0.0001,1.42645,-0.6951030163054256222378777905
XRP-USD,2026-08-30T18:40:21.313416Z,1.4264,1.4265,0.0001,1.42645,-0.3986416905907456394677944475
XRP-USD,2026-08-30T18:40:21.352202Z,1.4264,1.4265,0.0001,1.42645,-0.5036362734219581533196054574
XRP-USD,2026-08-30T18:40:21.402634Z,1.4264,1.4265,0.0001,1.42645,-0.5944133528798304052580940635
XRP-USD,2026-08-30T18:40:21.515809Z,1.4264,1.4265,0.0001,1.42645,-0.5577713719997241501581111762
XRP-USD,2026-08-30T18:40:21.720005Z,1.4264,1.4265,0.0001,1.42645,-0.5577713719997241501581111762
XRP-USD,2026-08-30T18:40:21.773783Z,1.4264,1.4265,0.0001,1.42645,-0.5577713719997241501581111762
XRP-USD,2026-08-30T18:40:21.815645Z,1.4264,1.4265,0.0001,1.42645,-0.5577713719997241501581111762
XRP-USD,2026-08-30T18:40:22.02964Z,1.4264,1.4265,0.0001,1.42645,-0.5577713719997241501581111762
XRP-USD,2026-08-30T18:40:22.121245Z,1.4264,1.4265,0.0001,1.42645,-0.5588395739693458614929813858
XRP-USD,2026-08-30T18:40:22.192796Z,1.4264,1.4265,0.0001,1.42645,-0.5588395739693458614929813858
XRP-USD,2026-08-30T18:40:22.315935Z,1.4264,1.4265,0.0001,1.42645,-0.4747348275052026257281324486
XRP-USD,2026-08-30T18:40:22.486132Z,1.4264,1.4265,0.0001,1.42645,-0.4747348275052026257281324486
XRP-USD,2026-08-30T18:40:22.499781Z,1.4264,1.4265,0.0001,1.42645,-0.4747348275052026257281324486
XRP-USD,2026-08-30T18:40:22.623843Z,1.4264,1.4265,0.0001,1.42645,-0.4747348275052026257281324486
XRP-USD,2026-08-30T18:40:22.630095Z,1.4264,1.4265,0.0001,1.42645,-0.4747348275052026257281324486
XRP-USD,2026-08-30T18:40:22.692887Z,1.4264,1.4265,0.0001,1.42645,-0.4747348275052026257281324486
XRP-USD,2026-08-30T18:40:22.826292Z,1.4264,1.4265,0.0001,1.42645,-0.4547718168701385635175653499
XRP-USD,2026-08-30T18:40:22.8545Z,1.4264,1.4265,0.0001,1.42645,-0.4547718168701385635175653499
XRP-USD,2026-08-30T18:40:22.893061Z,1.4264,1.4265,0.0001,1.42645,-0.4547718168701385635175653499
XRP-USD,2026-08-30T18:40:23.031684Z,1.4264,1.4265,0.0001,1.42645,-0.4581891679274299671014725838
XRP-USD,2026-08-30T18:40:23.249524Z,1.4264,1.4265,0.0001,1.42645,-0.4581891679274299671014725838
XRP-USD,2026-08-30T18:40:23.300787Z,1.4264,1.4265,0.0001,1.42645,-0.5466316602397982932329730244
XRP-USD,2026-08-30T18:40:23.366367Z,1.4264,1.4265,0.0001,1.42645,-0.5294165119515779906112681520
XRP-USD,2026-08-30T18:40:23.408736Z,1.4264,1.4265,0.0001,1.42645,-0.4167964655651267317216863293
XRP-USD,2026-08-30T18:40:23.415773Z,1.4264,1.4265,0.0001,1.42645,-0.4167964655651267317216863293
XRP-USD,2026-08-30T18:40:23.554488Z,1.4264,1.4265,0.0001,1.42645,-0.4167964655651267317216863293
XRP-USD,2026-08-30T18:40:23.660426Z,1.4264,1.4265,0.0001,1.42645,-0.4167964655651267317216863293
XRP-USD,2026-08-30T18:40:23.694334Z,1.4264,1.4265,0.0001,1.42645,-0.3985178582994536964356715761
XRP-USD,2026-08-30T18:40:23.816117Z,1.4265,1.4266,0.0001,1.42655,-0.1382121717450808898769993625
XRP-USD,2026-08-30T18:40:23.86235Z,1.4265,1.4266,0.0001,1.42655,-0.2982450761656713671986821496
XRP-USD,2026-08-30T18:40:23.955927Z,1.4265,1.4266,0.0001,1.42655,-0.4188976257063904043184331490
XRP-USD,2026-08-30T18:40:24.015282Z,1.4265,1.4266,0.0001,1.42655,-0.4188976257063904043184331490
XRP-USD,2026-08-30T18:40:24.070645Z,1.4265,1.4266,0.0001,1.42655,-0.4272542364597405501447452890
XRP-USD,2026-08-30T18:40:24.121228Z,1.4265,1.4266,0.0001,1.42655,-0.4339249615831785968139018813
XRP-USD,2026-08-30T18:40:24.174447Z,1.4265,1.4266,0.0001,1.42655,-0.4386878283555710108657762942
XRP-USD,2026-08-30T18:40:24.191599Z,1.4265,1.4266,0.0001,1.42655,-0.4386878283555710108657762942
XRP-USD,2026-08-30T18:40:24.275872Z,1.4265,1.4266,0.0001,1.42655,-0.3576271003692839579084175303
XRP-USD,2026-08-30T18:40:24.322844Z,1.4265,1.4266,0.0001,1.42655,-0.4590462981746212030248472843
XRP-USD,2026-08-30T18:40:24.355188Z,1.4265,1.4266,0.0001,1.42655,-0.4590462981746212030248472843
XRP-USD,2026-08-30T18:40:24.461778Z,1.4265,1.4266,0.0001,1.42655,-0.4392159155068039383051704738
XRP-USD,2026-08-30T18:40:24.475432Z,1.4265,1.4266,0.0001,1.42655,-0.4220957219833546253640429986
XRP-USD,2026-08-30T18:40:24.543093Z,1.4265,1.4266,0.0001,1.42655,-0.4220957219833546253640429986
XRP-USD,2026-08-30T18:40:24.61523Z,1.4265,1.4266,0.0001,1.42655,-0.4220957219833546253640429986
XRP-USD,2026-08-30T18:40:24.666415Z,1.4265,1.4266,0.0001,1.42655,-0.4220957219833546253640429986
XRP-USD,2026-08-30T18:40:24.766909Z,1.4265,1.4266,0.0001,1.42655,-0.5238076181879591855702039413
XRP-USD,2026-08-30T18:40:24.791244Z,1.4265,1.4266,0.0001,1.42655,-0.5238076181879591855702039413
XRP-USD,2026-08-30T18:40:24.865377Z,1.4265,1.4266,0.0001,1.42655,-0.3708151314683528666660484470
XRP-USD,2026-08-30T18:40:24.909917Z,1.4265,1.4266,0.0001,1.42655,-0.3708151314683528666660484470
XRP-USD,2026-08-30T18:40:24.969642Z,1.4265,1.4266,0.0001,1.42655,-0.2127163534502380962772557842
XRP-USD,2026-08-30T18:40:25.017188Z,1.4265,1.4266,0.0001,1.42655,-0.2127163534502380962772557842
XRP-USD,2026-08-30T18:40:25.071532Z,1.4265,1.4266,0.0001,1.42655,-0.2127163534502380962772557842
XRP-USD,2026-08-30T18:40:25.100286Z,1.4265,1.4266,0.0001,1.42655,-0.2127163534502380962772557842
XRP-USD,2026-08-30T18:40:25.226327Z,1.4265,1.4266,0.0001,1.42655,-0.2052712010387215520682566625
XRP-USD,2026-08-30T18:40:25.24238Z,1.4265,1.4266,0.0001,1.42655,-0.2052712010387215520682566625
XRP-USD,2026-08-30T18:40:25.324011Z,1.4265,1.4266,0.0001,1.42655,-0.2187981510611181355688127989
XRP-USD,2026-08-30T18:40:25.357464Z,1.4265,1.4266,0.0001,1.42655,-0.2187981510611181355688127989
XRP-USD,2026-08-30T18:40:25.389546Z,1.4265,1.4266,0.0001,1.42655,-0.2187981510611181355688127989
XRP-USD,2026-08-30T18:40:25.451527Z,1.4265,1.4266,0.0001,1.42655,-0.2399023275286817120125610979
XRP-USD,2026-08-30T18:40:25.457381Z,1.4265,1.4266,0.0001,1.42655,-0.2641067271386972235138667247
XRP-USD,2026-08-30T18:40:25.674258Z,1.4265,1.4266,0.0001,1.42655,-0.2768725189218955289001933790
XRP-USD,2026-08-30T18:40:25.720888Z,1.4265,1.4266,0.0001,1.42655,-0.2422641197928658641368898370
XRP-USD,2026-08-30T18:40:25.763246Z,1.4265,1.4266,0.0001,1.42655,-0.2422641197928658641368898370
XRP-USD,2026-08-30T18:40:26.122219Z,1.4265,1.4266,0.0001,1.42655,-0.2887277920507351162135242508
XRP-USD,2026-08-30T18:40:26.275489Z,1.4265,1.4266,0.0001,1.42655,-0.2423115404987432675732354867
XRP-USD,2026-08-30T18:40:26.389858Z,1.4265,1.4266,0.0001,1.42655,-0.2423115404987432675732354867
XRP-USD,2026-08-30T18:40:26.42544Z,1.4265,1.4266,0.0001,1.42655,-0.2479828978036807747709079160
XRP-USD,2026-08-30T18:40:26.48981Z,1.4265,1.4266,0.0001,1.42655,-0.2894076369496714009377776286
XRP-USD,2026-08-30T18:40:26.65523Z,1.4265,1.4266,0.0001,1.42655,-0.2894076369496714009377776286
XRP-USD,2026-08-30T18:40:26.723435Z,1.4265,1.4266,0.0001,1.42655,-0.2928195105723633385240764255
XRP-USD,2026-08-30T18:40:26.769162Z,1.4265,1.4266,0.0001,1.42655,-0.2682265427040023342392630405
XRP-USD,2026-08-30T18:40:26.817455Z,1.4265,1.4266,0.0001,1.42655,-0.2682265427040023342392630405
XRP-USD,2026-08-30T18:40:26.862574Z,1.4265,1.4266,0.0001,1.42655,-0.2682265427040023342392630405
XRP-USD,2026-08-30T18:40:26.926694Z,1.4265,1.4266,0.0001,1.42655,-0.2547456897169111457837017212
XRP-USD,2026-08-30T18:40:26.932425Z,1.4265,1.4266,0.0001,1.42655,-0.4994799773972453941232853575
XRP-USD,2026-08-30T18:40:27.019384Z,1.4265,1.4266,0.0001,1.42655,-0.4994799773972453941232853575
XRP-USD,2026-08-30T18:40:27.065654Z,1.4265,1.4266,0.0001,1.42655,-0.3334099591979017320467865674
XRP-USD,2026-08-30T18:40:27.086369Z,1.4265,1.4266,0.0001,1.42655,-0.3334099591979017320467865674
XRP-USD,2026-08-30T18:40:27.166391Z,1.4265,1.4266,0.0001,1.42655,-0.3334099591979017320467865674
XRP-USD,2026-08-30T18:40:27.205388Z,1.4265,1.4266,0.0001,1.42655,-0.3434846120687220092214342674
XRP-USD,2026-08-30T18:40:27.265892Z,1.4265,1.4266,0.0001,1.42655,-0.3434846120687220092214342674
XRP-USD,2026-08-30T18:40:27.326247Z,1.4265,1.4266,0.0001,1.42655,-0.3434846120687220092214342674
XRP-USD,2026-08-30T18:40:27.368357Z,1.4265,1.4266,0.0001,1.42655,-0.3434846120687220092214342674
XRP-USD,2026-08-30T18:40:27.465755Z,1.4265,1.4266,0.0001,1.42655,-0.3266468851159772972050499215
XRP-USD,2026-08-30T18:40:27.479546Z,1.4265,1.4266,0.0001,1.42655,-0.3266468851159772972050499215
XRP-USD,2026-08-30T18:40:27.562164Z,1.4265,1.4266,0.0001,1.42655,-0.3266468851159772972050499215
XRP-USD,2026-08-30T18:40:27.617851Z,1.4265,1.4266,0.0001,1.42655,-0.4355932002123016198503325146
XRP-USD,2026-08-30T18:40:27.688472Z,1.4265,1.4266,0.0001,1.42655,-0.4355932002123016198503325146
XRP-USD,2026-08-30T18:40:27.814663Z,1.4265,1.4266,0.0001,1.42655,-0.4077625401307346640604096838
XRP-USD,2026-08-30T18:40:27.87823Z,1.4266,1.4268,0.0002,1.4267,-0.5959155498722241497163722019
XRP-USD,2026-08-30T18:40:27.889462Z,1.4266,1.4268,0.0002,1.4267,-0.5835306659203445206345621148
XRP-USD,2026-08-30T18:40:27.938953Z,1.4266,1.4268,0.0002,1.4267,-0.4766372738875948475000572243
XRP-USD,2026-08-30T18:40:28.011484Z,1.4266,1.4268,0.0002,1.4267,-0.6046918333131268215860247032
XRP-USD,2026-08-30T18:40:28.043065Z,1.4266,1.4268,0.0002,1.4267,-0.6163476068290746613477888427
XRP-USD,2026-08-30T18:40:28.061392Z,1.4266,1.4268,0.0002,1.4267,-0.6170373607239307019511436213
XRP-USD,2026-08-30T18:40:28.165849Z,1.4266,1.4268,0.0002,1.4267,-0.6056935815907784814945739394
XRP-USD,2026-08-30T18:40:28.219676Z,1.4266,1.4268,0.0002,1.4267,-0.5988457560944114772491820816
XRP-USD,2026-08-30T18:40:28.229526Z,1.4266,1.4268,0.0002,1.4267,-0.5988457560944114772491820816
XRP-USD,2026-08-30T18:40:28.323864Z,1.4266,1.4268,0.0002,1.4267,-0.5988457560944114772491820816
XRP-USD,2026-08-30T18:40:28.329839Z,1.4266,1.4268,0.0002,1.4267,-0.5988457560944114772491820816
XRP-USD,2026-08-30T18:40:28.381848Z,1.4266,1.4268,0.0002,1.4267,-0.6004569123002140770034271569
XRP-USD,2026-08-30T18:40:28.494644Z,1.4266,1.4268,0.0002,1.4267,-0.6004569123002140770034271569
XRP-USD,2026-08-30T18:40:28.653865Z,1.4266,1.4268,0.0002,1.4267,-0.6006819083131286357013842905
XRP-USD,2026-08-30T18:40:28.711453Z,1.4266,1.4268,0.0002,1.4267,-0.5861473379956014562486823867
XRP-USD,2026-08-30T18:40:28.81975Z,1.4265,1.4267,0.0002,1.4266,-0.3383815247478833180178209286
XRP-USD,2026-08-30T18:40:28.865985Z,1.4265,1.4267,0.0002,1.4266,-0.3365308197511235726172762010
XRP-USD,2026-08-30T18:40:28.899417Z,1.4265,1.4267,0.0002,1.4266,-0.3365308195985888759653001022
XRP-USD,2026-08-30T18:40:29.062951Z,1.4265,1.4267,0.0002,1.4266,-0.3600701499020342945517374380
XRP-USD,2026-08-30T18:40:29.12381Z,1.4265,1.4267,0.0002,1.4266,-0.3616108235075876666324128562
XRP-USD,2026-08-30T18:40:29.201546Z,1.4265,1.4267,0.0002,1.4266,-0.4572194137370546939575410933
XRP-USD,2026-08-30T18:40:29.207771Z,1.4265,1.4267,0.0002,1.4266,-0.4572194137370546939575410933
XRP-USD,2026-08-30T18:40:29.277968Z,1.4265,1.4267,0.0002,1.4266,-0.4572194137370546939575410933
XRP-USD,2026-08-30T18:40:29.422412Z,1.4265,1.4267,0.0002,1.4266,-0.4572194137370546939575410933
XRP-USD,2026-08-30T18:40:29.541966Z,1.4265,1.4267,0.0002,1.4266,-0.4572194137370546939575410933
XRP-USD,2026-08-30T18:40:29.66545Z,1.4265,1.4267,0.0002,1.4266,-0.4398643582980275325428377695
XRP-USD,2026-08-30T18:40:29.816201Z,1.4265,1.4267,0.0002,1.4266,-0.4457713911312130453346849952
XRP-USD,2026-08-30T18:40:29.962609Z,1.4265,1.4267,0.0002,1.4266,-0.4515551363097319331855890357
XRP-USD,2026-08-30T18:40:30.024484Z,1.4265,1.4267,0.0002,1.4266,-0.4350887094860858172487383535
XRP-USD,2026-08-30T18:40:30.072977Z,1.4266,1.4267,0.0001,1.42665,-0.4187939972953653314701526668
XRP-USD,2026-08-30T18:40:30.120397Z,1.4266,1.4267,0.0001,1.42665,-0.4392344591969808065377669039
XRP-USD,2026-08-30T18:40:30.171834Z,1.4266,1.4267,0.0001,1.42665,-0.4406862863615892469516543792
XRP-USD,2026-08-30T18:40:30.17849Z,1.4266,1.4267,0.0001,1.42665,-0.4406862863615892469516543792
XRP-USD,2026-08-30T18:40:30.269593Z,1.4266,1.4267,0.0001,1.42665,-0.4406862863615892469516543792
XRP-USD,2026-08-30T18:40:30.292859Z,1.4266,1.4267,0.0001,1.42665,-0.4406862863615892469516543792
XRP-USD,2026-08-30T18:40:30.371768Z,1.4266,1.4267,0.0001,1.42665,-0.4330407473436778027111732729
XRP-USD,2026-08-30T18:40:30.415266Z,1.4266,1.4267,0.0001,1.42665,-0.4406862863615892469516543792
XRP-USD,2026-08-30T18:40:30.456976Z,1.4266,1.4267,0.0001,1.42665,-0.4215168965922254490336378998
XRP-USD,2026-08-30T18:40:30.626386Z,1.4266,1.4267,0.0001,1.42665,-0.4137159565465610897691015549
XRP-USD,2026-08-30T18:40:30.633103Z,1.4266,1.4267,0.0001,1.42665,-0.4137159565465610897691015549
XRP-USD,2026-08-30T18:40:30.680848Z,1.4266,1.4267,0.0001,1.42665,-0.4137159565465610897691015549
XRP-USD,2026-08-30T18:40:30.752297Z,1.4266,1.4267,0.0001,1.42665,-0.4137159565465610897691015549
XRP-USD,2026-08-30T18:40:31.0256Z,1.4266,1.4267,0.0001,1.42665,-0.3682985318921315528123201496
XRP-USD,2026-08-30T18:40:31.037764Z,1.4266,1.4267,0.0001,1.42665,-0.3028373171445949746265738421
XRP-USD,2026-08-30T18:40:31.17619Z,1.4266,1.4267,0.0001,1.42665,-0.2868527401327039687367805923
XRP-USD,2026-08-30T18:40:31.18501Z,1.4266,1.4267,0.0001,1.42665,-0.2525160812824366707600458415
XRP-USD,2026-08-30T18:40:31.234795Z,1.4266,1.4267,0.0001,1.42665,-0.2549074065420563745450863005
XRP-USD,2026-08-30T18:40:31.417829Z,1.4266,1.4267,0.0001,1.42665,-0.2549074065420563745450863005
XRP-USD,2026-08-30T18:40:31.488841Z,1.4266,1.4267,0.0001,1.42665,-0.3975456355510846963056424135
XRP-USD,2026-08-30T18:40:31.579629Z,1.4265,1.4267,0.0002,1.4266,-0.3994255495213558665872809175
XRP-USD,2026-08-30T18:40:31.600181Z,1.4265,1.4267,0.0002,1.4266,-0.3070344001268436424385415613
XRP-USD,2026-08-30T18:40:31.725876Z,1.4265,1.4267,0.0002,1.4266,-0.3070344001268436424385415613
XRP-USD,2026-08-30T18:40:31.778678Z,1.4265,1.4267,0.0002,1.4266,-0.3154963526674417384537709603
XRP-USD,2026-08-30T18:40:31.784943Z,1.4265,1.4267,0.0002,1.4266,-0.3154963526674417384537709603
XRP-USD,2026-08-30T18:40:31.871341Z,1.4266,1.4267,0.0001,1.42665,-0.3778805722725632094356279534
XRP-USD,2026-08-30T18:40:31.900599Z,1.4266,1.4267,0.0001,1.42665,-0.3232248202808385371885413073
XRP-USD,2026-08-30T18:40:31.910625Z,1.4266,1.4267,0.0001,1.42665,-0.3232248202808385371885413073
XRP-USD,2026-08-30T18:40:31.949321Z,1.4266,1.4267,0.0001,1.42665,-0.3778805722725632094356279534
XRP-USD,2026-08-30T18:40:32.025889Z,1.4266,1.4267,0.0001,1.42665,-0.3840883278652267395838621255
XRP-USD,2026-08-30T18:40:32.221749Z,1.4266,1.4267,0.0001,1.42665,-0.4065287411356159147013516947
XRP-USD,2026-08-30T18:40:32.289175Z,1.4266,1.4267,0.0001,1.42665,-0.4081204356325223327812724963
XRP-USD,2026-08-30T18:40:32.467196Z,1.4266,1.4267,0.0001,1.42665,-0.3951032732117398494760166422
XRP-USD,2026-08-30T18:40:32.472849Z,1.4266,1.4267,0.0001,1.42665,-0.3638913091599072116214557384
XRP-USD,2026-08-30T18:40:32.528515Z,1.4266,1.4267,0.0001,1.42665,-0.3071957965403034282135361335
XRP-USD,2026-08-30T18:40:32.633669Z,1.4266,1.4267,0.0001,1.42665,-0.3803032036750929318808888563
XRP-USD,2026-08-30T18:40:32.725553Z,1.4266,1.4267,0.0001,1.42665,-0.4129392927391990762535956595
XRP-USD,2026-08-30T18:40:32.755602Z,1.4266,1.4267,0.0001,1.42665,-0.4211296154073281951157120752
XRP-USD,2026-08-30T18:40:32.877322Z,1.4266,1.4267,0.0001,1.42665,-0.4211296154073281951157120752
XRP-USD,2026-08-30T18:40:32.905974Z,1.4266,1.4267,0.0001,1.42665,-0.4211296154073281951157120752
XRP-USD,2026-08-30T18:40:32.962338Z,1.4266,1.4267,0.0001,1.42665,-0.4292507918715183201760647085
XRP-USD,2026-08-30T18:40:33.022865Z,1.4266,1.4267,0.0001,1.42665,-0.4059719437411357032390014511
XRP-USD,2026-08-30T18:40:33.079682Z,1.4266,1.4268,0.0002,1.4267,-0.6443977621282878106732932013
XRP-USD,2026-08-30T18:40:33.117307Z,1.4266,1.4268,0.0002,1.4267,-0.4697072560781836962207927564
XRP-USD,2026-08-30T18:40:33.160523Z,1.4266,1.4268,0.0002,1.4267,-0.4697072560781836962207927564
XRP-USD,2026-08-30T18:40:33.201663Z,1.4266,1.4268,0.0002,1.4267,-0.4697072560781836962207927564
XRP-USD,2026-08-30T18:40:33.270348Z,1.4266,1.4268,0.0002,1.4267,-0.4574017252642419484754420255
XRP-USD,2026-08-30T18:40:33.330047Z,1.4266,1.4268,0.0002,1.4267,-0.4574017252642419484754420255
XRP-USD,2026-08-30T18:40:33.370062Z,1.4266,1.4268,0.0002,1.4267,-0.4587108309082397841299068832
XRP-USD,2026-08-30T18:40:33.417392Z,1.4266,1.4268,0.0002,1.4267,-0.4587108309082397841299068832
XRP-USD,2026-08-30T18:40:33.527523Z,1.4266,1.4268,0.0002,1.4267,-0.4587108309082397841299068832
XRP-USD,2026-08-30T18:40:33.93089Z,1.4266,1.4268,0.0002,1.4267,-0.4587108309082397841299068832
XRP-USD,2026-08-30T18:40:34.022608Z,1.4266,1.4268,0.0002,1.4267,-0.4310084730139726279690025785
XRP-USD,2026-08-30T18:40:34.324728Z,1.4266,1.4268,0.0002,1.4267,-0.4499106683903368312757182771
XRP-USD,2026-08-30T18:40:34.369413Z,1.4266,1.4268,0.0002,1.4267,-0.4793351526664839917846602604
XRP-USD,2026-08-30T18:40:34.393366Z,1.4266,1.4268,0.0002,1.4267,-0.4806098917766919235411117142
XRP-USD,2026-08-30T18:40:34.430149Z,1.4266,1.4267,0.0001,1.42665,-0.4599684384613484444492849760
XRP-USD,2026-08-30T18:40:34.472536Z,1.4266,1.4267,0.0001,1.42665,-0.4599684384613484444492849760
XRP-USD,2026-08-30T18:40:34.596686Z,1.4266,1.4267,0.0001,1.42665,-0.4599684384613484444492849760
XRP-USD,2026-08-30T18:40:34.631692Z,1.4266,1.4267,0.0001,1.42665,-0.4599684384613484444492849760
XRP-USD,2026-08-30T18:40:34.753289Z,1.4266,1.4267,0.0001,1.42665,-0.4599684384613484444492849760
XRP-USD,2026-08-30T18:40:34.979918Z,1.4266,1.4267,0.0001,1.42665,-0.4642809711005324540821156039
XRP-USD,2026-08-30T18:40:35.015747Z,1.4266,1.4268,0.0002,1.4267,-0.5665614972107823001212621085
XRP-USD,2026-08-30T18:40:35.045929Z,1.4266,1.4268,0.0002,1.4267,-0.4606392509595050223791972676
XRP-USD,2026-08-30T18:40:35.095359Z,1.4266,1.4268,0.0002,1.4267,-0.4607434872960603733801701786
XRP-USD,2026-08-30T18:40:35.324699Z,1.4266,1.4268,0.0002,1.4267,-0.4607434872960603733801701786
XRP-USD,2026-08-30T18:40:35.338011Z,1.4266,1.4268,0.0002,1.4267,-0.4310084739409439865850102969
XRP-USD,2026-08-30T18:40:35.391645Z,1.4266,1.4268,0.0002,1.4267,-0.4575021106825949399284053450
XRP-USD,2026-08-30T18:40:35.465796Z,1.4266,1.4269,0.0003,1.42675,-0.5866310586776019292801218500
XRP-USD,2026-08-30T18:40:35.474458Z,1.4266,1.4269,0.0003,1.42675,-0.5866310586776019292801218500
XRP-USD,2026-08-30T18:40:35.61103Z,1.4265,1.4267,0.0002,1.4266,-0.2878757580073739977194348120
XRP-USD,2026-08-30T18:40:35.660034Z,1.4266,1.4268,0.0002,1.4267,-0.6331650561366104071518737360
XRP-USD,2026-08-30T18:40:35.715268Z,1.4266,1.4268,0.0002,1.4267,-0.5286434219556739146918964254
XRP-USD,2026-08-30T18:40:35.739608Z,1.4266,1.4268,0.0002,1.4267,-0.5286434219556739146918964254
XRP-USD,2026-08-30T18:40:35.818775Z,1.4266,1.4268,0.0002,1.4267,-0.6055382650659547862105475438
XRP-USD,2026-08-30T18:40:35.874057Z,1.4266,1.4268,0.0002,1.4267,-0.5736684544056176521607897154
XRP-USD,2026-08-30T18:40:35.914957Z,1.4265,1.4268,0.0003,1.42665,-0.3570017240248546595218045445
XRP-USD,2026-08-30T18:40:35.951766Z,1.4265,1.4268,0.0003,1.42665,-0.3559818880120617387071677722
XRP-USD,2026-08-30T18:40:36.015447Z,1.4265,1.4268,0.0003,1.42665,-0.3559818880120617387071677722
XRP-USD,2026-08-30T18:40:36.020783Z,1.4265,1.4268,0.0003,1.42665,-0.3390125543941354094068915275
XRP-USD,2026-08-30T18:40:36.164815Z,1.4265,1.4267,0.0002,1.4266,-0.3720542175636669563799629623
XRP-USD,2026-08-30T18:40:36.202723Z,1.4265,1.4267,0.0002,1.4266,-0.3840095664749323531456254018
XRP-USD,2026-08-30T18:40:36.376666Z,1.4265,1.4267,0.0002,1.4266,-0.3840095664749323531456254018
XRP-USD,2026-08-30T18:40:36.445829Z,1.4265,1.4267,0.0002,1.4266,-0.4030725766760700762855489975
XRP-USD,2026-08-30T18:40:36.492349Z,1.4265,1.4267,0.0002,1.4266,-0.4044329144048771489916600862
XRP-USD,2026-08-30T18:40:36.585005Z,1.4265,1.4267,0.0002,1.4266,-0.4122427745746475509991098249
XRP-USD,2026-08-30T18:40:36.680638Z,1.4265,1.4267,0.0002,1.4266,-0.4122427745746475509991098249
XRP-USD,2026-08-30T18:40:36.780173Z,1.4265,1.4267,0.0002,1.4266,-0.4236098784625939988105178584
XRP-USD,2026-08-30T18:40:36.872745Z,1.4265,1.4267,0.0002,1.4266,-0.4236098784625939988105178584
XRP-USD,2026-08-30T18:40:37.023441Z,1.4265,1.4267,0.0002,1.4266,-0.4035648731593171095747346716
XRP-USD,2026-08-30T18:40:37.03209Z,1.4265,1.4267,0.0002,1.4266,-0.4035648731593171095747346716
XRP-USD,2026-08-30T18:40:37.129026Z,1.4265,1.4267,0.0002,1.4266,-0.3960461425669650785095650802
XRP-USD,2026-08-30T18:40:37.210401Z,1.4265,1.4267,0.0002,1.4266,-0.3894481120955623329245663466
XRP-USD,2026-08-30T18:40:37.251166Z,1.4265,1.4267,0.0002,1.4266,-0.3894481120955623329245663466
XRP-USD,2026-08-30T18:40:37.277377Z,1.4265,1.4267,0.0002,1.4266,-0.3894481120955623329245663466
XRP-USD,2026-08-30T18:40:37.321793Z,1.4265,1.4267,0.0002,1.4266,-0.4073835757419189455882239775
XRP-USD,2026-08-30T18:40:37.387683Z,1.4265,1.4267,0.0002,1.4266,-0.4073835757419189455882239775
XRP-USD,2026-08-30T18:40:37.432726Z,1.4265,1.4267,0.0002,1.4266,-0.3945516742513971284708049828
XRP-USD,2026-08-30T18:40:37.490105Z,1.4265,1.4267,0.0002,1.4266,-0.4156595450482230508689011993
XRP-USD,2026-08-30T18:40:37.563363Z,1.4265,1.4267,0.0002,1.4266,-0.4143341018985878011374023312
XRP-USD,2026-08-30T18:40:37.712893Z,1.4265,1.4267,0.0002,1.4266,-0.3964516325406906166582653624
XRP-USD,2026-08-30T18:40:37.776698Z,1.4265,1.4267,0.0002,1.4266,-0.3981310046972021637662260539
XRP-USD,2026-08-30T18:40:37.868713Z,1.4265,1.4267,0.0002,1.4266,-0.3981310046972021637662260539
XRP-USD,2026-08-30T18:40:37.882579Z,1.4265,1.4267,0.0002,1.4266,-0.4179801376888788518026409669
XRP-USD,2026-08-30T18:40:37.969775Z,1.4266,1.4268,0.0002,1.4267,-0.3936681790270251358977556005
XRP-USD,2026-08-30T18:40:38.016907Z,1.4266,1.4268,0.0002,1.4267,-0.3936681790270251358977556005
XRP-USD,2026-08-30T18:40:38.069686Z,1.4266,1.4268,0.0002,1.4267,-0.4575632130153987092324248088
XRP-USD,2026-08-30T18:40:38.075146Z,1.4266,1.4268,0.0002,1.4267,-0.4882975084639673098254777960
XRP-USD,2026-08-30T18:40:38.213638Z,1.4266,1.4268,0.0002,1.4267,-0.4512336938243077956181104641
XRP-USD,2026-08-30T18:40:38.254485Z,1.4266,1.4268,0.0002,1.4267,-0.3055405160955484178056403732
XRP-USD,2026-08-30T18:40:38.288396Z,1.4266,1.4268,0.0002,1.4267,-0.3480237308881852621877428201
XRP-USD,2026-08-30T18:40:38.332662Z,1.4266,1.4268,0.0002,1.4267,-0.3480237308881852621877428201
XRP-USD,2026-08-30T18:40:38.439898Z,1.4266,1.4268,0.0002,1.4267,-0.3478961360796940272923891400
XRP-USD,2026-08-30T18:40:38.525512Z,1.4266,1.4268,0.0002,1.4267,-0.3591278262439457086361021968
XRP-USD,2026-08-30T18:40:38.536865Z,1.4266,1.4268,0.0002,1.4267,-0.3982668287373019130417844997
XRP-USD,2026-08-30T18:40:38.617698Z,1.4266,1.4268,0.0002,1.4267,-0.3982668287373019130417844997
XRP-USD,2026-08-30T18:40:38.652948Z,1.4266,1.4268,0.0002,1.4267,-0.3982668287373019130417844997
XRP-USD,2026-08-30T18:40:38.700271Z,1.4266,1.4268,0.0002,1.4267,-0.6189625076026176849968562583
XRP-USD,2026-08-30T18:40:38.75224Z,1.4266,1.4268,0.0002,1.4267,-0.6011592106321019712663384614
XRP-USD,2026-08-30T18:40:38.819331Z,1.4266,1.4268,0.0002,1.4267,-0.5275471808761748156190591771
XRP-USD,2026-08-30T18:40:38.97494Z,1.4266,1.4268,0.0002,1.4267,-0.5275471808761748156190591771
XRP-USD,2026-08-30T18:40:39.020547Z,1.4265,1.4267,0.0002,1.4266,-0.3636118988768337981780712189
XRP-USD,2026-08-30T18:40:39.06441Z,1.4265,1.4267,0.0002,1.4266,-0.4098128435369895779160486665
XRP-USD,2026-08-30T18:40:39.224925Z,1.4266,1.4268,0.0002,1.4267,-0.4397985483736875332944549945
XRP-USD,2026-08-30T18:40:39.261101Z,1.4266,1.4268,0.0002,1.4267,-0.4397566539568268869710032579
XRP-USD,2026-08-30T18:40:39.312917Z,1.4266,1.4268,0.0002,1.4267,-0.5131993452050419546146909231
XRP-USD,2026-08-30T18:40:39.543219Z,1.4266,1.4268,0.0002,1.4267,-0.5131993452050419546146909231
XRP-USD,2026-08-30T18:40:39.62264Z,1.4266,1.4268,0.0002,1.4267,-0.5131993452050419546146909231
XRP-USD,2026-08-30T18:40:39.677391Z,1.4265,1.4267,0.0002,1.4266,-0.5031399766873292222125165985
XRP-USD,2026-08-30T18:40:39.718904Z,1.4265,1.4267,0.0002,1.4266,-0.4478849034985829141990544826
XRP-USD,2026-08-30T18:40:39.752782Z,1.4265,1.4267,0.0002,1.4266,-0.4492818256428215162686805863
XRP-USD,2026-08-30T18:40:39.85174Z,1.4265,1.4267,0.0002,1.4266,-0.4640069771486116402162227704
XRP-USD,2026-08-30T18:40:39.975303Z,1.4265,1.4267,0.0002,1.4266,-0.4639800987725326812137733364
XRP-USD,2026-08-30T18:40:39.98422Z,1.4265,1.4267,0.0002,1.4266,-0.4787442540208242074353191768
XRP-USD,2026-08-30T18:40:40.087328Z,1.4265,1.4267,0.0002,1.4266,-0.4642984105113522335687002026
XRP-USD,2026-08-30T18:40:40.09259Z,1.4265,1.4267,0.0002,1.4266,-0.4642984105113522335687002026
XRP-USD,2026-08-30T18:40:40.36469Z,1.4265,1.4267,0.0002,1.4266,-0.4642984105113522335687002026
XRP-USD,2026-08-30T18:40:40.724132Z,1.4265,1.4267,0.0002,1.4266,-0.4642984105113522335687002026
XRP-USD,2026-08-30T18:40:40.735375Z,1.4265,1.4267,0.0002,1.4266,-0.4823959705754796226846792080
XRP-USD,2026-08-30T18:40:40.805086Z,1.4265,1.4267,0.0002,1.4266,-0.4823959705754796226846792080
XRP-USD,2026-08-30T18:40:40.853116Z,1.4265,1.4267,0.0002,1.4266,-0.4823959705754796226846792080
XRP-USD,2026-08-30T18:40:40.919747Z,1.4265,1.4267,0.0002,1.4266,-0.4607959589814265134805766368
XRP-USD,2026-08-30T18:40:41.018706Z,1.4265,1.4267,0.0002,1.4266,-0.4607959589814265134805766368
XRP-USD,2026-08-30T18:40:41.027322Z,1.4265,1.4267,0.0002,1.4266,-0.4593917514166278251479807812
XRP-USD,2026-08-30T18:40:41.141238Z,1.4265,1.4267,0.0002,1.4266,-0.4593917514166278251479807812
XRP-USD,2026-08-30T18:40:41.367787Z,1.4265,1.4267,0.0002,1.4266,-0.4452411803411606500096640746
XRP-USD,2026-08-30T18:40:41.412284Z,1.4265,1.4267,0.0002,1.4266,-0.4453479415131127056891624022
XRP-USD,2026-08-30T18:40:41.445167Z,1.4265,1.4267,0.0002,1.4266,-0.4453479413790583450807699876
XRP-USD,2026-08-30T18:40:41.563105Z,1.4265,1.4267,0.0002,1.4266,-0.4601856796554426739243045870
XRP-USD,2026-08-30T18:40:41.664193Z,1.4266,1.4268,0.0002,1.4267,-0.4186149206466414313161982427
XRP-USD,2026-08-30T18:40:41.704522Z,1.4266,1.4268,0.0002,1.4267,-0.5351292503526357975481568722
XRP-USD,2026-08-30T18:40:41.824725Z,1.4265,1.4267,0.0002,1.4266,-0.4601839681413214826125605233
XRP-USD,2026-08-30T18:40:41.870124Z,1.4265,1.4267,0.0002,1.4266,-0.5866506867484552588140044581
XRP-USD,2026-08-30T18:40:41.925758Z,1.4265,1.4267,0.0002,1.4266,-0.4598685473940136390365337716
XRP-USD,2026-08-30T18:40:41.956947Z,1.4265,1.4267,0.0002,1.4266,-0.4611967549610321707742132265
XRP-USD,2026-08-30T18:40:42.016955Z,1.4265,1.4267,0.0002,1.4266,-0.4426254334402764359869791800
XRP-USD,2026-08-30T18:40:42.027078Z,1.4265,1.4267,0.0002,1.4266,-0.4425176173246907615293092916
XRP-USD,2026-08-30T18:40:42.168832Z,1.4265,1.4267,0.0002,1.4266,-0.4425176173246907615293092916
XRP-USD,2026-08-30T18:40:42.212682Z,1.4265,1.4267,0.0002,1.4266,-0.4425176173246907615293092916
XRP-USD,2026-08-30T18:40:42.389796Z,1.4265,1.4267,0.0002,1.4266,-0.4424902519689492167831030177
XRP-USD,2026-08-30T18:40:42.474639Z,1.4265,1.4267,0.0002,1.4266,-0.4425980720826706262150816698
XRP-USD,2026-08-30T18:40:42.48066Z,1.4265,1.4267,0.0002,1.4266,-0.4425980720826706262150816698
XRP-USD,2026-08-30T18:40:42.601589Z,1.4265,1.4267,0.0002,1.4266,-0.4425980720826706262150816698
XRP-USD,2026-08-30T18:40:42.729113Z,1.4265,1.4267,0.0002,1.4266,-0.4425980720826706262150816698
XRP-USD,2026-08-30T18:40:42.869829Z,1.4267,1.4269,0.0002,1.4268,-0.5492823632692238268716993221
XRP-USD,2026-08-30T18:40:42.890532Z,1.4267,1.4269,0.0002,1.4268,-0.5291169530933684355250678282
XRP-USD,2026-08-30T18:40:42.910831Z,1.4267,1.4269,0.0002,1.4268,-0.4169157112881455087540464530
XRP-USD,2026-08-30T18:40:42.967188Z,1.4267,1.4269,0.0002,1.4268,-0.4585605061645301796098221960
XRP-USD,2026-08-30T18:40:43.035475Z,1.4267,1.4269,0.0002,1.4268,-0.5781555294719894825491008367
XRP-USD,2026-08-30T18:40:43.062138Z,1.4267,1.4269,0.0002,1.4268,-0.6094271460058064449839762680
XRP-USD,2026-08-30T18:40:43.171899Z,1.4265,1.4268,0.0003,1.42665,-0.3190571977087717435412717231
XRP-USD,2026-08-30T18:40:43.214212Z,1.4266,1.4268,0.0002,1.4267,-0.4173656841736676607408853962
XRP-USD,2026-08-30T18:40:43.248233Z,1.4266,1.4268,0.0002,1.4267,-0.4173656841736676607408853962
XRP-USD,2026-08-30T18:40:43.318709Z,1.4266,1.4268,0.0002,1.4267,-0.5746421219361018519693699149
XRP-USD,2026-08-30T18:40:43.356462Z,1.4266,1.4268,0.0002,1.4267,-0.4710908657002173713924688312
XRP-USD,2026-08-30T18:40:43.532259Z,1.4266,1.4268,0.0002,1.4267,-0.4711991881182742894873149840
XRP-USD,2026-08-30T18:40:43.64359Z,1.4266,1.4268,0.0002,1.4267,-0.4843669304153188480108052604
XRP-USD,2026-08-30T18:40:43.874277Z,1.4266,1.4268,0.0002,1.4267,-0.4772445109274551919476555229
XRP-USD,2026-08-30T18:40:43.879903Z,1.4266,1.4268,0.0002,1.4267,-0.4536173379938210689398329149
XRP-USD,2026-08-30T18:40:44.019586Z,1.4266,1.4268,0.0002,1.4267,-0.4536173379938210689398329149
XRP-USD,2026-08-30T18:40:44.075606Z,1.4266,1.4268,0.0002,1.4267,-0.4521818754964744562744054650
XRP-USD,2026-08-30T18:40:44.13698Z,1.4266,1.4268,0.0002,1.4267,-0.4536175056064613029067681937
XRP-USD,2026-08-30T18:40:44.321115Z,1.4266,1.4268,0.0002,1.4267,-0.4537083756472793604574100732
XRP-USD,2026-08-30T18:40:44.506375Z,1.4266,1.4268,0.0002,1.4267,-0.4537083756472793604574100732
XRP-USD,2026-08-30T18:40:44.627028Z,1.4266,1.4268,0.0002,1.4267,-0.4534473796818813604730971650
XRP-USD,2026-08-30T18:40:44.638818Z,1.4266,1.4268,0.0002,1.4267,-0.4534473796818813604730971650
XRP-USD,2026-08-30T18:40:44.701451Z,1.4266,1.4268,0.0002,1.4267,-0.4534473796818813604730971650
XRP-USD,2026-08-30T18:40:44.769621Z,1.4266,1.4268,0.0002,1.4267,-0.4593417757271218424599949382
XRP-USD,2026-08-30T18:40:44.805004Z,1.4266,1.4268,0.0002,1.4267,-0.4592215766986019632342707948
XRP-USD,2026-08-30T18:40:44.904093Z,1.4266,1.4268,0.0002,1.4267,-0.4592215766986019632342707948
XRP-USD,2026-08-30T18:40:44.946008Z,1.4266,1.4268,0.0002,1.4267,-0.4592215766986019632342707948
XRP-USD,2026-08-30T18:40:44.992006Z,1.4266,1.4268,0.0002,1.4267,-0.4592215766986019632342707948
XRP-USD,2026-08-30T18:40:45.065401Z,1.4266,1.4269,0.0003,1.42675,-0.5554141654811615046910148125
XRP-USD,2026-08-30T18:40:45.125975Z,1.4266,1.4268,0.0002,1.4267,-0.4352623064402657591180640689
XRP-USD,2026-08-30T18:40:45.130362Z,1.4266,1.4268,0.0002,1.4267,-0.4352623064402657591180640689
XRP-USD,2026-08-30T18:40:45.190633Z,1.4266,1.4268,0.0002,1.4267,-0.4366608522388070792079860221
XRP-USD,2026-08-30T18:40:45.315566Z,1.4266,1.4268,0.0002,1.4267,-0.5207073055721715972979044911
XRP-USD,2026-08-30T18:40:45.357671Z,1.4266,1.4268,0.0002,1.4267,-0.5207073055721715972979044911
XRP-USD,2026-08-30T18:40:45.417734Z,1.4266,1.4268,0.0002,1.4267,-0.4366608522388070792079860221
XRP-USD,2026-08-30T18:40:45.480106Z,1.4266,1.4268,0.0002,1.4267,-0.4366608521056145015289004717
XRP-USD,2026-08-30T18:40:45.728625Z,1.4266,1.4268,0.0002,1.4267,-0.4767656161524473812394860784
XRP-USD,2026-08-30T18:40:45.770206Z,1.4266,1.4268,0.0002,1.4267,-0.4768833136005469735682515485
XRP-USD,2026-08-30T18:40:45.8072Z,1.4266,1.4268,0.0002,1.4267,-0.4769845360520727868756699951
XRP-USD,2026-08-30T18:40:45.900772Z,1.4266,1.4268,0.0002,1.4267,-0.4769845360520727868756699951
XRP-USD,2026-08-30T18:40:45.94012Z,1.4266,1.4268,0.0002,1.4267,-0.4769845360520727868756699951
XRP-USD,2026-08-30T18:40:46.028391Z,1.4266,1.4268,0.0002,1.4267,-0.4484773029982835874813480163
XRP-USD,2026-08-30T18:40:46.172009Z,1.4266,1.4268,0.0002,1.4267,-0.4678299715667837697434597244
XRP-USD,2026-08-30T18:40:46.207199Z,1.4265,1.4268,0.0003,1.42665,-0.4551583380097455533704277017
XRP-USD,2026-08-30T18:40:46.26271Z,1.4265,1.4268,0.0003,1.42665,-0.3248176458303560317468659978
XRP-USD,2026-08-30T18:40:46.308786Z,1.4266,1.4268,0.0002,1.4267,-0.4671719163232776129253814526
XRP-USD,2026-08-30T18:40:46.364674Z,1.4266,1.4268,0.0002,1.4267,-0.4933710985673825368426330539
XRP-USD,2026-08-30T18:40:46.432095Z,1.4266,1.4268,0.0002,1.4267,-0.5452333435845243063023423585
XRP-USD,2026-08-30T18:40:46.435992Z,1.4266,1.4268,0.0002,1.4267,-0.5723940333943934393992108768
XRP-USD,2026-08-30T18:40:46.612239Z,1.4266,1.4268,0.0002,1.4267,-0.5861309873494777749810638728
XRP-USD,2026-08-30T18:40:46.671059Z,1.4266,1.4268,0.0002,1.4267,-0.5861309873494777749810638728
XRP-USD,2026-08-30T18:40:46.875345Z,1.4264,1.4267,0.0003,1.42655,-0.2004405667111011515708607071
XRP-USD,2026-08-30T18:40:46.926783Z,1.4264,1.4266,0.0002,1.4265,-0.6856097729614267424848942187
XRP-USD,2026-08-30T18:40:46.969175Z,1.4264,1.4266,0.0002,1.4265,-0.4408656555904194734159277175
XRP-USD,2026-08-30T18:40:47.023526Z,1.4264,1.4266,0.0002,1.4265,-0.4094332676309368499660682217
XRP-USD,2026-08-30T18:40:47.070975Z,1.4264,1.4266,0.0002,1.4265,-0.4653165415816292619941603970
XRP-USD,2026-08-30T18:40:47.076617Z,1.4264,1.4266,0.0002,1.4265,-0.4415940732532281253131551428
XRP-USD,2026-08-30T18:40:47.165179Z,1.4264,1.4266,0.0002,1.4265,-0.4461727691005924438222383837
XRP-USD,2026-08-30T18:40:47.216729Z,1.4264,1.4266,0.0002,1.4265,-0.5627127432934994586189968423
XRP-USD,2026-08-30T18:40:47.248681Z,1.4264,1.4266,0.0002,1.4265,-0.5925815900637400261907088717
XRP-USD,2026-08-30T18:40:47.308336Z,1.4264,1.4266,0.0002,1.4265,-0.5935153380974987312876511006
XRP-USD,2026-08-30T18:40:47.40574Z,1.4264,1.4266,0.0002,1.4265,-0.5935153380974987312876511006
XRP-USD,2026-08-30T18:40:47.461304Z,1.4264,1.4266,0.0002,1.4265,-0.5935153380974987312876511006
XRP-USD,2026-08-30T18:40:47.597349Z,1.4264,1.4266,0.0002,1.4265,-0.6029919598930328309204686212
XRP-USD,2026-08-30T18:40:47.673951Z,1.4264,1.4266,0.0002,1.4265,-0.6029919598930328309204686212
XRP-USD,2026-08-30T18:40:47.715716Z,1.4264,1.4266,0.0002,1.4265,-0.6016583154909724252523122441
XRP-USD,2026-08-30T18:40:47.783597Z,1.4264,1.4266,0.0002,1.4265,-0.5969641149951380175791423590
XRP-USD,2026-08-30T18:40:47.877546Z,1.4264,1.4266,0.0002,1.4265,-0.5969641149951380175791423590
XRP-USD,2026-08-30T18:40:47.913421Z,1.4264,1.4266,0.0002,1.4265,-0.5969641149951380175791423590
XRP-USD,2026-08-30T18:40:48.029208Z,1.4264,1.4266,0.0002,1.4265,-0.5832432471329117858242465260
XRP-USD,2026-08-30T18:40:48.099604Z,1.4264,1.4265,0.0001,1.42645,-0.5395216279137579186459981390
XRP-USD,2026-08-30T18:40:48.152685Z,1.4264,1.4265,0.0001,1.42645,-0.5736341098500965133980946433
XRP-USD,2026-08-30T18:40:48.180882Z,1.4264,1.4265,0.0001,1.42645,-0.5736341098500965133980946433
XRP-USD,2026-08-30T18:40:48.242181Z,1.4264,1.4265,0.0001,1.42645,-0.5736341098500965133980946433
XRP-USD,2026-08-30T18:40:48.28115Z,1.4264,1.4265,0.0001,1.42645,-0.5893392464608001730156518206
XRP-USD,2026-08-30T18:40:48.354588Z,1.4264,1.4266,0.0002,1.4265,-0.5725573433767287635099887392
XRP-USD,2026-08-30T18:40:48.38143Z,1.4264,1.4266,0.0002,1.4265,-0.5725573433767287635099887392
XRP-USD,2026-08-30T18:40:48.416575Z,1.4264,1.4266,0.0002,1.4265,-0.5863768444036928753853971189
XRP-USD,2026-08-30T18:40:48.583378Z,1.4264,1.4266,0.0002,1.4265,-0.4993597487224758925419860429
XRP-USD,2026-08-30T18:40:49.023633Z,1.4264,1.4266,0.0002,1.4265,-0.4785542356482685732028665172
XRP-USD,2026-08-30T18:40:49.069456Z,1.4264,1.4266,0.0002,1.4265,-0.4785542356482685732028665172
XRP-USD,2026-08-30T18:40:49.078829Z,1.4264,1.4266,0.0002,1.4265,-0.4785542356482685732028665172
XRP-USD,2026-08-30T18:40:49.195081Z,1.4264,1.4266,0.0002,1.4265,-0.4785542356482685732028665172
XRP-USD,2026-08-30T18:40:49.263725Z,1.4264,1.4266,0.0002,1.4265,-0.5950845389359769628364731002
XRP-USD,2026-08-30T18:40:49.326339Z,1.4264,1.4266,0.0002,1.4265,-0.6077183379579677023464851322
XRP-USD,2026-08-30T18:40:49.392991Z,1.4264,1.4266,0.0002,1.4265,-0.6086196322315055748440119252
XRP-USD,2026-08-30T18:40:49.463662Z,1.4264,1.4266,0.0002,1.4265,-0.6667435224256710468599920823
XRP-USD,2026-08-30T18:40:49.575285Z,1.4264,1.4266,0.0002,1.4265,-0.4722408677724765379488504878
XRP-USD,2026-08-30T18:40:49.622815Z,1.4264,1.4266,0.0002,1.4265,-0.4722408677724765379488504878
XRP-USD,2026-08-30T18:40:49.671779Z,1.4264,1.4266,0.0002,1.4265,-0.4722408677724765379488504878
XRP-USD,2026-08-30T18:40:49.770757Z,1.4264,1.4266,0.0002,1.4265,-0.4722408677724765379488504878
XRP-USD,2026-08-30T18:40:49.900829Z,1.4264,1.4266,0.0002,1.4265,-0.4569260495986683879053233631
XRP-USD,2026-08-30T18:40:50.015875Z,1.4264,1.4266,0.0002,1.4265,-0.4569260495986683879053233631
XRP-USD,2026-08-30T18:40:50.023252Z,1.4264,1.4266,0.0002,1.4265,-0.4350214975241922290462499911
XRP-USD,2026-08-30T18:40:50.12867Z,1.4264,1.4266,0.0002,1.4265,-0.4350214975241922290462499911
XRP-USD,2026-08-30T18:40:50.142732Z,1.4264,1.4266,0.0002,1.4265,-0.4350214975241922290462499911
XRP-USD,2026-08-30T18:40:50.184653Z,1.4264,1.4266,0.0002,1.4265,-0.4340940726734418223255323272
XRP-USD,2026-08-30T18:40:50.324799Z,1.4264,1.4266,0.0002,1.4265,-0.4340940726734418223255323272
XRP-USD,2026-08-30T18:40:50.375693Z,1.4264,1.4266,0.0002,1.4265,-0.4546109193662054157566644972
XRP-USD,2026-08-30T18:40:50.398656Z,1.4264,1.4266,0.0002,1.4265,-0.4546109193662054157566644972
XRP-USD,2026-08-30T18:40:50.44635Z,1.4264,1.4266,0.0002,1.4265,-0.4560664126302376375447638400
XRP-USD,2026-08-30T18:40:50.486126Z,1.4264,1.4266,0.0002,1.4265,-0.4560664126302376375447638400
XRP-USD,2026-08-30T18:40:50.548064Z,1.4264,1.4266,0.0002,1.4265,-0.4560664126302376375447638400
XRP-USD,2026-08-30T18:40:50.608277Z,1.4264,1.4266,0.0002,1.4265,-0.4560664126302376375447638400
XRP-USD,2026-08-30T18:40:50.669965Z,1.4264,1.4266,0.0002,1.4265,-0.4560664126302376375447638400
XRP-USD,2026-08-30T18:40:50.692209Z,1.4264,1.4266,0.0002,1.4265,-0.4560664126302376375447638400
XRP-USD,2026-08-30T18:40:51.02031Z,1.4264,1.4266,0.0002,1.4265,-0.4560664126302376375447638400
XRP-USD,2026-08-30T18:40:51.057126Z,1.4264,1.4266,0.0002,1.4265,-0.4340940726734418223255323272
XRP-USD,2026-08-30T18:40:51.19116Z,1.4264,1.4266,0.0002,1.4265,-0.4340940726734418223255323272
XRP-USD,2026-08-30T18:40:51.275449Z,1.4264,1.4266,0.0002,1.4265,-0.4340940726734418223255323272
XRP-USD,2026-08-30T18:40:51.325896Z,1.4264,1.4266,0.0002,1.4265,-0.4340940726734418223255323272
XRP-USD,2026-08-30T18:40:51.332897Z,1.4264,1.4266,0.0002,1.4265,-0.4340940726734418223255323272
XRP-USD,2026-08-30T18:40:51.571993Z,1.4264,1.4266,0.0002,1.4265,-0.4356609907565382945675058886
XRP-USD,2026-08-30T18:40:51.600852Z,1.4264,1.4266,0.0002,1.4265,-0.4560666123354389961741909161
XRP-USD,2026-08-30T18:40:51.709535Z,1.4264,1.4266,0.0002,1.4265,-0.4560666123354389961741909161
XRP-USD,2026-08-30T18:40:51.774374Z,1.4264,1.4266,0.0002,1.4265,-0.4560666123354389961741909161
XRP-USD,2026-08-30T18:40:51.798271Z,1.4264,1.4266,0.0002,1.4265,-0.4560666123354389961741909161
XRP-USD,2026-08-30T18:40:51.860454Z,1.4264,1.4266,0.0002,1.4265,-0.4560666123354389961741909161
XRP-USD,2026-08-30T18:40:52.017768Z,1.4264,1.4266,0.0002,1.4265,-0.4560666123354389961741909161
XRP-USD,2026-08-30T18:40:52.028707Z,1.4264,1.4266,0.0002,1.4265,-0.4178536261942107440944384336
XRP-USD,2026-08-30T18:40:52.218623Z,1.4264,1.4266,0.0002,1.4265,-0.4417789894879482171563706948
XRP-USD,2026-08-30T18:40:52.245623Z,1.4264,1.4266,0.0002,1.4265,-0.3655744095035341931660718063
XRP-USD,2026-08-30T18:40:52.280417Z,1.4264,1.4266,0.0002,1.4265,-0.3655744095035341931660718063
XRP-USD,2026-08-30T18:40:52.423541Z,1.4264,1.4266,0.0002,1.4265,-0.3655744095035341931660718063
XRP-USD,2026-08-30T18:40:52.47643Z,1.4264,1.4267,0.0003,1.42655,-0.4574131101623942775799486145
XRP-USD,2026-08-30T18:40:52.521223Z,1.4264,1.4267,0.0003,1.42655,-0.4412858477477696343105966068
XRP-USD,2026-08-30T18:40:52.55459Z,1.4264,1.4267,0.0003,1.42655,-0.4985383215704568379242623629
XRP-USD,2026-08-30T18:40:52.629892Z,1.4264,1.4267,0.0003,1.42655,-0.5132587522110380269295193578
XRP-USD,2026-08-30T18:40:52.663178Z,1.4264,1.4267,0.0003,1.42655,-0.5132587522110380269295193578
XRP-USD,2026-08-30T18:40:52.717767Z,1.4264,1.4267,0.0003,1.42655,-0.5132587522110380269295193578
XRP-USD,2026-08-30T18:40:52.781113Z,1.4264,1.4267,0.0003,1.42655,-0.4393431521487338055050368810
XRP-USD,2026-08-30T18:40:52.879167Z,1.4265,1.4267,0.0002,1.4266,-0.4989117053182707193047324456
XRP-USD,2026-08-30T18:40:52.914282Z,1.4265,1.4267,0.0002,1.4266,-0.4349780710538521930389185155
XRP-USD,2026-08-30T18:40:52.969149Z,1.4265,1.4267,0.0002,1.4266,-0.4819551073709802350952073461
XRP-USD,2026-08-30T18:40:53.020074Z,1.4265,1.4267,0.0002,1.4266,-0.5659925832762559094208302501
XRP-USD,2026-08-30T18:40:53.068175Z,1.4265,1.4267,0.0002,1.4266,-0.5461264893093799217273759461
XRP-USD,2026-08-30T18:40:53.094615Z,1.4265,1.4267,0.0002,1.4266,-0.5461264893093799217273759461
XRP-USD,2026-08-30T18:40:53.247843Z,1.4265,1.4267,0.0002,1.4266,-0.5461264893093799217273759461
XRP-USD,2026-08-30T18:40:53.295801Z,1.4265,1.4267,0.0002,1.4266,-0.5462105316566465364906197179
XRP-USD,2026-08-30T18:40:53.388147Z,1.4265,1.4267,0.0002,1.4266,-0.5462105316566465364906197179
XRP-USD,2026-08-30T18:40:53.445087Z,1.4265,1.4267,0.0002,1.4266,-0.5462105316566465364906197179
XRP-USD,2026-08-30T18:40:53.517914Z,1.4265,1.4267,0.0002,1.4266,-0.5476126847166770176723099666
XRP-USD,2026-08-30T18:40:53.560957Z,1.4265,1.4267,0.0002,1.4266,-0.5476126847166770176723099666
XRP-USD,2026-08-30T18:40:53.616249Z,1.4265,1.4267,0.0002,1.4266,-0.5465072704552951172425034308
XRP-USD,2026-08-30T18:40:53.648337Z,1.4265,1.4267,0.0002,1.4266,-0.5476127315229430361373764886
XRP-USD,2026-08-30T18:40:53.712237Z,1.4265,1.4267,0.0002,1.4266,-0.5476127315229430361373764886
XRP-USD,2026-08-30T18:40:53.754304Z,1.4265,1.4267,0.0002,1.4266,-0.5531893231875310915150101854
XRP-USD,2026-08-30T18:40:53.798927Z,1.4265,1.4267,0.0002,1.4266,-0.5531893231875310915150101854
XRP-USD,2026-08-30T18:40:53.851244Z,1.4265,1.4267,0.0002,1.4266,-0.5788037678541685929610624631
XRP-USD,2026-08-30T18:40:53.964956Z,1.4265,1.4267,0.0002,1.4266,-0.5610750824691472938423366578
XRP-USD,2026-08-30T18:40:53.982378Z,1.4265,1.4267,0.0002,1.4266,-0.5435971196975280558091475628
XRP-USD,2026-08-30T18:40:54.08359Z,1.4264,1.4267,0.0003,1.42655,-0.5160324356720470110333790271
XRP-USD,2026-08-30T18:40:54.17182Z,1.4264,1.4267,0.0003,1.42655,-0.5160324356720470110333790271
XRP-USD,2026-08-30T18:40:54.216707Z,1.4264,1.4267,0.0003,1.42655,-0.5160324356720470110333790271
XRP-USD,2026-08-30T18:40:54.313096Z,1.4264,1.4267,0.0003,1.42655,-0.5160324356720470110333790271
XRP-USD,2026-08-30T18:40:54.343062Z,1.4264,1.4267,0.0003,1.42655,-0.5160992432939745889566374451
XRP-USD,2026-08-30T18:40:54.458428Z,1.4264,1.4267,0.0003,1.42655,-0.5160992432939745889566374451
XRP-USD,2026-08-30T18:40:54.471681Z,1.4264,1.4267,0.0003,1.42655,-0.5172226662829550006290827795
XRP-USD,2026-08-30T18:40:54.510476Z,1.4264,1.4267,0.0003,1.42655,-0.5172226662829550006290827795
XRP-USD,2026-08-30T18:40:54.625604Z,1.4264,1.4267,0.0003,1.42655,-0.5317165947142604234175981214
XRP-USD,2026-08-30T18:40:54.62951Z,1.4264,1.4266,0.0002,1.4265,-0.3803659682987408982675393172
XRP-USD,2026-08-30T18:40:54.722244Z,1.4264,1.4266,0.0002,1.4265,-0.3787940615567581168436298088
XRP-USD,2026-08-30T18:40:54.754686Z,1.4264,1.4266,0.0002,1.4265,-0.3803660324669158313247627827
XRP-USD,2026-08-30T18:40:54.788229Z,1.4264,1.4266,0.0002,1.4265,-0.3803660324669158313247627827
XRP-USD,2026-08-30T18:40:54.877699Z,1.4264,1.4266,0.0002,1.4265,-0.3803660324669158313247627827
XRP-USD,2026-08-30T18:40:54.925744Z,1.4264,1.4266,0.0002,1.4265,-0.3387743931833212074212347474
XRP-USD,2026-08-30T18:40:54.955229Z,1.4264,1.4266,0.0002,1.4265,-0.3794972819683615525682719102
XRP-USD,2026-08-30T18:40:55.022716Z,1.4264,1.4266,0.0002,1.4265,-0.3793779589425835075107319958
XRP-USD,2026-08-30T18:40:55.12722Z,1.4264,1.4266,0.0002,1.4265,-0.3793779589425835075107319958
XRP-USD,2026-08-30T18:40:55.17495Z,1.4264,1.4266,0.0002,1.4265,-0.3897457725193112872785430397
XRP-USD,2026-08-30T18:40:55.252006Z,1.4264,1.4266,0.0002,1.4265,-0.3897457725193112872785430397
XRP-USD,2026-08-30T18:40:55.326273Z,1.4264,1.4266,0.0002,1.4265,-0.3897457725193112872785430397
XRP-USD,2026-08-30T18:40:55.370452Z,1.4264,1.4266,0.0002,1.4265,-0.3897457725193112872785430397
XRP-USD,2026-08-30T18:40:55.424567Z,1.4264,1.4266,0.0002,1.4265,-0.4080954985522562564437582479
XRP-USD,2026-08-30T18:40:55.461811Z,1.4264,1.4266,0.0002,1.4265,-0.4241679575066468170990354400
XRP-USD,2026-08-30T18:40:55.578522Z,1.4264,1.4266,0.0002,1.4265,-0.4241679575066468170990354400
XRP-USD,2026-08-30T18:40:55.618912Z,1.4264,1.4266,0.0002,1.4265,-0.4241679575066468170990354400
XRP-USD,2026-08-30T18:40:55.67813Z,1.4264,1.4266,0.0002,1.4265,-0.4241679575066468170990354400
XRP-USD,2026-08-30T18:40:55.704873Z,1.4264,1.4266,0.0002,1.4265,-0.4241679575066468170990354400
XRP-USD,2026-08-30T18:40:55.744212Z,1.4264,1.4266,0.0002,1.4265,-0.4241679575066468170990354400
XRP-USD,2026-08-30T18:40:55.822904Z,1.4264,1.4266,0.0002,1.4265,-0.4241679575066468170990354400
XRP-USD,2026-08-30T18:40:55.874683Z,1.4264,1.4266,0.0002,1.4265,-0.4226969771901816123702350832
XRP-USD,2026-08-30T18:40:55.915891Z,1.4264,1.4266,0.0002,1.4265,-0.4241679645872045073134370988
XRP-USD,2026-08-30T18:40:56.019802Z,1.4264,1.4266,0.0002,1.4265,-0.4035778600991284455202743962
XRP-USD,2026-08-30T18:40:56.079428Z,1.4264,1.4266,0.0002,1.4265,-0.4069588373796777579270377206
XRP-USD,2026-08-30T18:40:56.124419Z,1.4264,1.4266,0.0002,1.4265,-0.4240565524035082015137815228
XRP-USD,2026-08-30T18:40:56.166674Z,1.4264,1.4266,0.0002,1.4265,-0.4240565524035082015137815228
XRP-USD,2026-08-30T18:40:56.236094Z,1.4264,1.4266,0.0002,1.4265,-0.4240565524035082015137815228
XRP-USD,2026-08-30T18:40:56.264066Z,1.4264,1.4266,0.0002,1.4265,-0.4240565524035082015137815228
XRP-USD,2026-08-30T18:40:56.374787Z,1.4264,1.4266,0.0002,1.4265,-0.4240565524035082015137815228
XRP-USD,2026-08-30T18:40:56.416748Z,1.4264,1.4266,0.0002,1.4265,-0.4240565524035082015137815228
XRP-USD,2026-08-30T18:40:56.447679Z,1.4264,1.4266,0.0002,1.4265,-0.4241681247019994544372444064
XRP-USD,2026-08-30T18:40:56.712277Z,1.4264,1.4266,0.0002,1.4265,-0.4241681247019994544372444064
XRP-USD,2026-08-30T18:40:56.845434Z,1.4264,1.4266,0.0002,1.4265,-0.4241681247019994544372444064
XRP-USD,2026-08-30T18:40:56.919141Z,1.4264,1.4266,0.0002,1.4265,-0.4277064409319801489624336380
XRP-USD,2026-08-30T18:40:56.951609Z,1.4264,1.4266,0.0002,1.4265,-0.4277064409319801489624336380
XRP-USD,2026-08-30T18:40:57.050938Z,1.4264,1.4266,0.0002,1.4265,-0.3891292747825395283440701076
XRP-USD,2026-08-30T18:40:57.131046Z,1.4264,1.4266,0.0002,1.4265,-0.4131504879676693150738277464
XRP-USD,2026-08-30T18:40:57.148737Z,1.4264,1.4266,0.0002,1.4265,-0.5039622846328516252903280102
XRP-USD,2026-08-30T18:40:57.245347Z,1.4264,1.4266,0.0002,1.4265,-0.5039622846328516252903280102
XRP-USD,2026-08-30T18:40:57.279364Z,1.4264,1.4266,0.0002,1.4265,-0.5207457708068992415656124700
XRP-USD,2026-08-30T18:40:57.342485Z,1.4264,1.4266,0.0002,1.4265,-0.5207457708068992415656124700
XRP-USD,2026-08-30T18:40:57.498162Z,1.4264,1.4266,0.0002,1.4265,-0.5208238385321191969680612750
XRP-USD,2026-08-30T18:40:57.619257Z,1.4265,1.4267,0.0002,1.4266,-0.4867231195503073142649269465
XRP-USD,2026-08-30T18:40:57.634619Z,1.4265,1.4267,0.0002,1.4266,-0.4345737925565813862097792346
XRP-USD,2026-08-30T18:40:57.723794Z,1.4265,1.4267,0.0002,1.4266,-0.5956976344696464794795089630
XRP-USD,2026-08-30T18:40:57.775106Z,1.4265,1.4267,0.0002,1.4266,-0.6627184727022396553245538252
XRP-USD,2026-08-30T18:40:57.797412Z,1.4265,1.4267,0.0002,1.4266,-0.6627184727022396553245538252
XRP-USD,2026-08-30T18:40:57.872159Z,1.4265,1.4266,0.0001,1.42655,-0.5275121680582837799385549131
XRP-USD,2026-08-30T18:40:57.889101Z,1.4265,1.4266,0.0001,1.42655,-0.5275121680582837799385549131
XRP-USD,2026-08-30T18:40:57.932649Z,1.4265,1.4266,0.0001,1.42655,-0.5275121680582837799385549131
XRP-USD,2026-08-30T18:40:58.0211Z,1.4265,1.4266,0.0001,1.42655,-0.5261887292947694500629509201
XRP-USD,2026-08-30T18:40:58.033789Z,1.4265,1.4266,0.0001,1.42655,-0.5091132615692769477096423537
XRP-USD,2026-08-30T18:40:58.12367Z,1.4264,1.4266,0.0002,1.4265,-0.5199031890677470722323880026
XRP-USD,2026-08-30T18:40:58.176782Z,1.4264,1.4266,0.0002,1.4265,-0.3704078166917558577459669778
XRP-USD,2026-08-30T18:40:58.187992Z,1.4264,1.4266,0.0002,1.4265,-0.4102798825266529348068006061
XRP-USD,2026-08-30T18:40:58.329045Z,1.4264,1.4266,0.0002,1.4265,-0.4093652223204130169010677208
XRP-USD,2026-08-30T18:40:58.566106Z,1.4264,1.4266,0.0002,1.4265,-0.4094812708928668937792441710
XRP-USD,2026-08-30T18:40:58.725513Z,1.4264,1.4266,0.0002,1.4265,-0.4287091392060338085160267837
XRP-USD,2026-08-30T18:40:58.790099Z,1.4264,1.4266,0.0002,1.4265,-0.4287091392060338085160267837
XRP-USD,2026-08-30T18:40:58.95154Z,1.4264,1.4266,0.0002,1.4265,-0.4287087424532259907783347713
XRP-USD,2026-08-30T18:40:59.047006Z,1.4264,1.4266,0.0002,1.4265,-0.3878416426195218658696658019
XRP-USD,2026-08-30T18:40:59.098875Z,1.4264,1.4266,0.0002,1.4265,-0.3878416426195218658696658019
XRP-USD,2026-08-30T18:40:59.175819Z,1.4264,1.4266,0.0002,1.4265,-0.3895550428796534279378070798
XRP-USD,2026-08-30T18:40:59.241578Z,1.4264,1.4266,0.0002,1.4265,-0.4287091544789320263367014925
XRP-USD,2026-08-30T18:40:59.330288Z,1.4264,1.4266,0.0002,1.4265,-0.4287091544789320263367014925
XRP-USD,2026-08-30T18:40:59.371455Z,1.4264,1.4266,0.0002,1.4265,-0.4287091546218114909340464085
XRP-USD,2026-08-30T18:40:59.402943Z,1.4264,1.4266,0.0002,1.4265,-0.4287091546218114909340464085
XRP-USD,2026-08-30T18:40:59.566588Z,1.4264,1.4266,0.0002,1.4265,-0.4287091546218114909340464085
XRP-USD,2026-08-30T18:40:59.614206Z,1.4264,1.4266,0.0002,1.4265,-0.4285953528827759783502467732
XRP-USD,2026-08-30T18:40:59.64855Z,1.4264,1.4266,0.0002,1.4265,-0.4285953528827759783502467732
XRP-USD,2026-08-30T18:40:59.660347Z,1.4264,1.4266,0.0002,1.4265,-0.4287091553881649816455768422
XRP-USD,2026-08-30T18:40:59.745165Z,1.4264,1.4266,0.0002,1.4265,-0.4259643835551180851925611456
XRP-USD,2026-08-30T18:40:59.802052Z,1.4264,1.4266,0.0002,1.4265,-0.4066825298771576802271628518
XRP-USD,2026-08-30T18:40:59.891102Z,1.4264,1.4266,0.0002,1.4265,-0.4094813181233763944404549577
XRP-USD,2026-08-30T18:40:59.964149Z,1.4264,1.4266,0.0002,1.4265,-0.4196260597573699864217070808
XRP-USD,2026-08-30T18:41:00.028266Z,1.4264,1.4267,0.0003,1.42655,-0.5624225547159987393494213708
XRP-USD,2026-08-30T18:41:00.058568Z,1.4264,1.4266,0.0002,1.4265,-0.3998404480178745912717332341
XRP-USD,2026-08-30T18:41:00.269662Z,1.4264,1.4266,0.0002,1.4265,-0.4014514539582766401009418196
XRP-USD,2026-08-30T18:41:00.293673Z,1.4264,1.4266,0.0002,1.4265,-0.4368210495025987532525511975
XRP-USD,2026-08-30T18:41:00.426653Z,1.4264,1.4266,0.0002,1.4265,-0.4368210495025987532525511975
XRP-USD,2026-08-30T18:41:00.572523Z,1.4264,1.4267,0.0003,1.42655,-0.5824147687583337168793564187
XRP-USD,2026-08-30T18:41:00.711025Z,1.4264,1.4266,0.0002,1.4265,-0.5113512181629561214695695297
XRP-USD,2026-08-30T18:41:00.75323Z,1.4262,1.4265,0.0003,1.42635,-0.5775065213896931721985916642
XRP-USD,2026-08-30T18:41:00.91453Z,1.4262,1.4264,0.0002,1.4263,-0.3687162081004667519910393167
XRP-USD,2026-08-30T18:41:00.971971Z,1.4262,1.4265,0.0003,1.42635,-0.5379909340629171291178224060
XRP-USD,2026-08-30T18:41:01.014839Z,1.4262,1.4265,0.0003,1.42635,-0.5379909340629171291178224060
XRP-USD,2026-08-30T18:41:01.06688Z,1.4262,1.4265,0.0003,1.42635,-0.5231565858840628593972616425
XRP-USD,2026-08-30T18:41:01.118477Z,1.4263,1.4265,0.0002,1.4264,-0.4435050255299875919920246247
XRP-USD,2026-08-30T18:41:01.158769Z,1.4263,1.4265,0.0002,1.4264,-0.3218033862101508255411200036
XRP-USD,2026-08-30T18:41:01.183153Z,1.4263,1.4265,0.0002,1.4264,-0.4163005753930145352819633286
XRP-USD,2026-08-30T18:41:01.256242Z,1.4262,1.4263,0.0001,1.42625,-0.8179443795486836761765514826
XRP-USD,2026-08-30T18:41:01.312175Z,1.4262,1.4263,0.0001,1.42625,-0.7108971794834521645945514602
XRP-USD,2026-08-30T18:41:01.361405Z,1.4262,1.4263,0.0001,1.42625,-0.7024986772849491377293317376
XRP-USD,2026-08-30T18:41:01.413883Z,1.4262,1.4263,0.0001,1.42625,-0.6185974710874016870707011387
XRP-USD,2026-08-30T18:41:01.446871Z,1.4262,1.4263,0.0001,1.42625,-0.6197768231021323343864213162
XRP-USD,2026-08-30T18:41:01.506346Z,1.4262,1.4263,0.0001,1.42625,-0.7169448724970489020062010538
XRP-USD,2026-08-30T18:41:01.556944Z,1.4262,1.4263,0.0001,1.42625,-0.7557008040736212887280058235
XRP-USD,2026-08-30T18:41:01.60316Z,1.4262,1.4263,0.0001,1.42625,-0.7557008040736212887280058235
XRP-USD,2026-08-30T18:41:01.623276Z,1.4262,1.4263,0.0001,1.42625,-0.7557008040736212887280058235
XRP-USD,2026-08-30T18:41:01.717949Z,1.4262,1.4263,0.0001,1.42625,-0.7562715642117700446195992555
XRP-USD,2026-08-30T18:41:01.763636Z,1.4262,1.4263,0.0001,1.42625,-0.7562715642117700446195992555
XRP-USD,2026-08-30T18:41:01.808822Z,1.4262,1.4263,0.0001,1.42625,-0.7112397553087953840451679679
XRP-USD,2026-08-30T18:41:01.838552Z,1.4262,1.4263,0.0001,1.42625,-0.5403110241730927043283683792
XRP-USD,2026-08-30T18:41:01.907291Z,1.4262,1.4263,0.0001,1.42625,-0.7924143579852362284629456886
XRP-USD,2026-08-30T18:41:01.958107Z,1.4262,1.4263,0.0001,1.42625,-0.7787672694341140916823809334
XRP-USD,2026-08-30T18:41:01.990716Z,1.4262,1.4263,0.0001,1.42625,-0.7272338726240384098465687457
XRP-USD,2026-08-30T18:41:02.028078Z,1.4262,1.4263,0.0001,1.42625,-0.6922438843405178611900550676
XRP-USD,2026-08-30T18:41:02.086263Z,1.4262,1.4263,0.0001,1.42625,-0.6889220643851926869396457411
XRP-USD,2026-08-30T18:41:02.132882Z,1.4262,1.4263,0.0001,1.42625,-0.6609618940429277339560646265
XRP-USD,2026-08-30T18:41:02.216374Z,1.4262,1.4263,0.0001,1.42625,-0.6562678925917021487049259668
XRP-USD,2026-08-30T18:41:02.239368Z,1.4262,1.4263,0.0001,1.42625,-0.6522292740773526330355576010
XRP-USD,2026-08-30T18:41:02.294571Z,1.4262,1.4263,0.0001,1.42625,-0.7269976125071724179570921894
XRP-USD,2026-08-30T18:41:02.351741Z,1.4262,1.4263,0.0001,1.42625,-0.3813612763656008845165544497
XRP-USD,2026-08-30T18:41:02.403769Z,1.4262,1.4263,0.0001,1.42625,-0.3727409057664964298521785885
XRP-USD,2026-08-30T18:41:02.456486Z,1.4262,1.4263,0.0001,1.42625,-0.3727409057664964298521785885
XRP-USD,2026-08-30T18:41:02.548272Z,1.4262,1.4263,0.0001,1.42625,-0.4338518362923820101932548332
XRP-USD,2026-08-30T18:41:02.665489Z,1.4262,1.4263,0.0001,1.42625,-0.5183605530700879064078484602
XRP-USD,2026-08-30T18:41:02.722554Z,1.4262,1.4263,0.0001,1.42625,-0.6451833316376426173298857809
XRP-USD,2026-08-30T18:41:02.767884Z,1.4262,1.4263,0.0001,1.42625,-0.6451833316376426173298857809
XRP-USD,2026-08-30T18:41:02.823124Z,1.4262,1.4263,0.0001,1.42625,-0.6139512556757173945434625793
XRP-USD,2026-08-30T18:41:02.861429Z,1.4262,1.4263,0.0001,1.42625,-0.5743148339289164162621221034
XRP-USD,2026-08-30T18:41:02.913037Z,1.4262,1.4263,0.0001,1.42625,-0.5743148339289164162621221034
XRP-USD,2026-08-30T18:41:02.962295Z,1.4262,1.4263,0.0001,1.42625,-0.6777920082885060015492141768
XRP-USD,2026-08-30T18:41:03.070932Z,1.4262,1.4263,0.0001,1.42625,-0.5516839324313269137124496361
XRP-USD,2026-08-30T18:41:03.11551Z,1.4262,1.4263,0.0001,1.42625,-0.6396464654432138499054792221
XRP-USD,2026-08-30T18:41:03.19145Z,1.4262,1.4263,0.0001,1.42625,-0.6396464654432138499054792221
XRP-USD,2026-08-30T18:41:03.255292Z,1.4262,1.4263,0.0001,1.42625,-0.6692257918681634729459858896
XRP-USD,2026-08-30T18:41:03.371637Z,1.4262,1.4263,0.0001,1.42625,-0.6396464654432138499054792221
XRP-USD,2026-08-30T18:41:03.420818Z,1.4262,1.4263,0.0001,1.42625,-0.6294458769366226898333291208
XRP-USD,2026-08-30T18:41:03.473739Z,1.4262,1.4263,0.0001,1.42625,-0.6826138641600959023048259299
XRP-USD,2026-08-30T18:41:03.481801Z,1.4262,1.4263,0.0001,1.42625,-0.6831489756380266872794764179
XRP-USD,2026-08-30T18:41:03.56758Z,1.4262,1.4263,0.0001,1.42625,-0.6461292979049344558044794796
XRP-USD,2026-08-30T18:41:03.618862Z,1.4262,1.4263,0.0001,1.42625,-0.6166498021866336031438548915
XRP-USD,2026-08-30T18:41:03.722049Z,1.4262,1.4263,0.0001,1.42625,-0.5280369779140646875077035226
XRP-USD,2026-08-30T18:41:03.768304Z,1.4262,1.4263,0.0001,1.42625,-0.5711140510444545093816191429
XRP-USD,2026-08-30T18:41:03.817749Z,1.4262,1.4263,0.0001,1.42625,-0.6166498021866336031438548915
XRP-USD,2026-08-30T18:41:03.865215Z,1.4262,1.4263,0.0001,1.42625,-0.6653538376712373877892012390
XRP-USD,2026-08-30T18:41:03.873734Z,1.4262,1.4263,0.0001,1.42625,-0.6831489756380266872794764179
XRP-USD,2026-08-30T18:41:04.066304Z,1.4262,1.4263,0.0001,1.42625,-0.6751814144647125477126972312
XRP-USD,2026-08-30T18:41:04.336143Z,1.4262,1.4263,0.0001,1.42625,-0.6467035085543874240554714346
XRP-USD,2026-08-30T18:41:04.462772Z,1.4262,1.4263,0.0001,1.42625,-0.6687037738391983890322660847
XRP-USD,2026-08-30T18:41:04.508794Z,1.4262,1.4263,0.0001,1.42625,-0.5894892040742923434916231661
XRP-USD,2026-08-30T18:41:04.566247Z,1.4262,1.4263,0.0001,1.42625,-0.6488394964434977233645706070
XRP-USD,2026-08-30T18:41:04.632643Z,1.4262,1.4263,0.0001,1.42625,-0.6769472186089447174763399891
XRP-USD,2026-08-30T18:41:04.677748Z,1.4262,1.4263,0.0001,1.42625,-0.6769472186089447174763399891
XRP-USD,2026-08-30T18:41:04.775335Z,1.4262,1.4263,0.0001,1.42625,-0.6769472186089447174763399891
XRP-USD,2026-08-30T18:41:04.820977Z,1.4262,1.4263,0.0001,1.42625,-0.6769472186089447174763399891
XRP-USD,2026-08-30T18:41:04.869562Z,1.4262,1.4263,0.0001,1.42625,-0.6487915840140048573625338724
XRP-USD,2026-08-30T18:41:04.875257Z,1.4262,1.4263,0.0001,1.42625,-0.6769472186089447174763399891
XRP-USD,2026-08-30T18:41:05.018651Z,1.4262,1.4263,0.0001,1.42625,-0.6769472186089447174763399891
XRP-USD,2026-08-30T18:41:05.062265Z,1.4262,1.4263,0.0001,1.42625,-0.6488658742445169068867752483
XRP-USD,2026-08-30T18:41:05.197979Z,1.4262,1.4263,0.0001,1.42625,-0.6839139927331682829371051813
XRP-USD,2026-08-30T18:41:05.272168Z,1.4262,1.4263,0.0001,1.42625,-0.6570102074986114455338195177
XRP-USD,2026-08-30T18:41:05.305179Z,1.4262,1.4263,0.0001,1.42625,-0.6570102074986114455338195177
XRP-USD,2026-08-30T18:41:05.374496Z,1.4262,1.4263,0.0001,1.42625,-0.6839139927331682829371051813
XRP-USD,2026-08-30T18:41:05.387748Z,1.4262,1.4263,0.0001,1.42625,-0.6692901725834254117234889673
XRP-USD,2026-08-30T18:41:05.421296Z,1.4262,1.4263,0.0001,1.42625,-0.6379978959989038584891024089
XRP-USD,2026-08-30T18:41:05.521906Z,1.4262,1.4263,0.0001,1.42625,-0.6379978959989038584891024089
XRP-USD,2026-08-30T18:41:05.624389Z,1.4262,1.4263,0.0001,1.42625,-0.6590400381477978557045413761
XRP-USD,2026-08-30T18:41:05.657211Z,1.4262,1.4263,0.0001,1.42625,-0.6293237049341410180092728180
XRP-USD,2026-08-30T18:41:05.671342Z,1.4262,1.4263,0.0001,1.42625,-0.6590400381477978557045413761
XRP-USD,2026-08-30T18:41:05.757593Z,1.4262,1.4263,0.0001,1.42625,-0.6590400381477978557045413761
XRP-USD,2026-08-30T18:41:05.827423Z,1.4262,1.4263,0.0001,1.42625,-0.6293237049341410180092728180
XRP-USD,2026-08-30T18:41:05.867108Z,1.4262,1.4263,0.0001,1.42625,-0.5228453747026449139777735799
XRP-USD,2026-08-30T18:41:05.88322Z,1.4262,1.4263,0.0001,1.42625,-0.4155955831583529293402499323
XRP-USD,2026-08-30T18:41:05.926645Z,1.4262,1.4265,0.0003,1.42635,-0.4598938155266286126681702181
XRP-USD,2026-08-30T18:41:06.06871Z,1.4262,1.4264,0.0002,1.4263,-0.5539967851970311718457958764
XRP-USD,2026-08-30T18:41:06.112126Z,1.4263,1.4265,0.0002,1.4264,-0.5806096241489628445790804372
XRP-USD,2026-08-30T18:41:06.169769Z,1.4263,1.4265,0.0002,1.4264,-0.5844732294845962225773445350
XRP-USD,2026-08-30T18:41:06.207902Z,1.4263,1.4265,0.0002,1.4264,-0.4941550056066056868352888910
XRP-USD,2026-08-30T18:41:06.264808Z,1.4263,1.4265,0.0002,1.4264,-0.5585863888036738059916727653
XRP-USD,2026-08-30T18:41:06.303022Z,1.4263,1.4265,0.0002,1.4264,-0.6358495847409008812140486427
XRP-USD,2026-08-30T18:41:06.353444Z,1.4263,1.4265,0.0002,1.4264,-0.6358495847409008812140486427
XRP-USD,2026-08-30T18:41:06.41325Z,1.4264,1.4265,0.0001,1.42645,-0.6134104985059177587385172077
XRP-USD,2026-08-30T18:41:06.470048Z,1.4262,1.4265,0.0003,1.42635,-0.6367005136396179717053850014
XRP-USD,2026-08-30T18:41:06.515694Z,1.4262,1.4265,0.0003,1.42635,-0.5761137108329816887184896447
XRP-USD,2026-08-30T18:41:06.573906Z,1.4262,1.4265,0.0003,1.42635,-0.5209286409190894234684730228
XRP-USD,2026-08-30T18:41:06.599028Z,1.4262,1.4265,0.0003,1.42635,-0.5761471304262101261226198036
XRP-USD,2026-08-30T18:41:06.670171Z,1.4262,1.4265,0.0003,1.42635,-0.5761471304262101261226198036
XRP-USD,2026-08-30T18:41:06.72939Z,1.4262,1.4265,0.0003,1.42635,-0.5761471304262101261226198036
XRP-USD,2026-08-30T18:41:06.773048Z,1.4262,1.4265,0.0003,1.42635,-0.5853072410425098189561843378
XRP-USD,2026-08-30T18:41:06.784678Z,1.4262,1.4265,0.0003,1.42635,-0.5853072410425098189561843378
XRP-USD,2026-08-30T18:41:06.872938Z,1.4262,1.4265,0.0003,1.42635,-0.5853072410425098189561843378
XRP-USD,2026-08-30T18:41:06.926215Z,1.4262,1.4265,0.0003,1.42635,-0.6106066464315163039855188867
XRP-USD,2026-08-30T18:41:06.966582Z,1.4263,1.4265,0.0002,1.4264,-0.5585632089449422605857715273
XRP-USD,2026-08-30T18:41:07.016137Z,1.4263,1.4265,0.0002,1.4264,-0.5585632089449422605857715273
XRP-USD,2026-08-30T18:41:07.067426Z,1.4263,1.4265,0.0002,1.4264,-0.5370161507917243858126203543
XRP-USD,2026-08-30T18:41:07.104166Z,1.4263,1.4265,0.0002,1.4264,-0.6144773735545532464539569714
XRP-USD,2026-08-30T18:41:07.220717Z,1.4263,1.4265,0.0002,1.4264,-0.6145297595711736767311354406
XRP-USD,2026-08-30T18:41:07.239968Z,1.4263,1.4265,0.0002,1.4264,-0.6145297595711736767311354406
XRP-USD,2026-08-30T18:41:07.29347Z,1.4263,1.4265,0.0002,1.4264,-0.5996421598768682004908083275
XRP-USD,2026-08-30T18:41:07.402408Z,1.4263,1.4265,0.0002,1.4264,-0.5996421598768682004908083275
XRP-USD,2026-08-30T18:41:07.460784Z,1.4263,1.4265,0.0002,1.4264,-0.5996421598768682004908083275
XRP-USD,2026-08-30T18:41:07.518022Z,1.4263,1.4265,0.0002,1.4264,-0.6047549425839800050547656636
XRP-USD,2026-08-30T18:41:07.568201Z,1.4263,1.4265,0.0002,1.4264,-0.6047549425839800050547656636
XRP-USD,2026-08-30T18:41:07.605411Z,1.4263,1.4265,0.0002,1.4264,-0.5934021709895011430088646013
XRP-USD,2026-08-30T18:41:07.730571Z,1.4263,1.4265,0.0002,1.4264,-0.5974972217788147842359772242
XRP-USD,2026-08-30T18:41:07.762768Z,1.4263,1.4265,0.0002,1.4264,-0.5962142564703320516155674267
XRP-USD,2026-08-30T18:41:07.819643Z,1.4262,1.4264,0.0002,1.4263,-0.6603368833746805515689935805
XRP-USD,2026-08-30T18:41:07.865404Z,1.4262,1.4264,0.0002,1.4263,-0.5014618188457740026427592854
XRP-USD,2026-08-30T18:41:07.919889Z,1.4262,1.4264,0.0002,1.4263,-0.5129108090088013018486891805
XRP-USD,2026-08-30T18:41:07.939239Z,1.4262,1.4264,0.0002,1.4263,-0.5129108090088013018486891805
XRP-USD,2026-08-30T18:41:08.069635Z,1.4262,1.4264,0.0002,1.4263,-0.5129108090088013018486891805
XRP-USD,2026-08-30T18:41:08.078736Z,1.4262,1.4264,0.0002,1.4263,-0.5088433425606400972312494508
XRP-USD,2026-08-30T18:41:08.180763Z,1.4262,1.4264,0.0002,1.4263,-0.4367183796479517652761184207
XRP-USD,2026-08-30T18:41:08.197458Z,1.4262,1.4264,0.0002,1.4263,-0.4482895799655981035076381320
XRP-USD,2026-08-30T18:41:08.268088Z,1.4262,1.4264,0.0002,1.4263,-0.4482895799655981035076381320
XRP-USD,2026-08-30T18:41:08.325316Z,1.4262,1.4264,0.0002,1.4263,-0.4482895799655981035076381320
XRP-USD,2026-08-30T18:41:08.423071Z,1.4262,1.4264,0.0002,1.4263,-0.4482895799655981035076381320
XRP-USD,2026-08-30T18:41:08.439402Z,1.4262,1.4264,0.0002,1.4263,-0.4482895799655981035076381320
XRP-USD,2026-08-30T18:41:08.527651Z,1.4262,1.4264,0.0002,1.4263,-0.4482895799655981035076381320
XRP-USD,2026-08-30T18:41:08.641329Z,1.4262,1.4264,0.0002,1.4263,-0.4482895799655981035076381320
XRP-USD,2026-08-30T18:41:08.702704Z,1.4262,1.4264,0.0002,1.4263,-0.4482895799655981035076381320
XRP-USD,2026-08-30T18:41:08.773413Z,1.4262,1.4264,0.0002,1.4263,-0.4482895799655981035076381320
XRP-USD,2026-08-30T18:41:08.784342Z,1.4262,1.4264,0.0002,1.4263,-0.4482895799655981035076381320
XRP-USD,2026-08-30T18:41:08.853055Z,1.4262,1.4264,0.0002,1.4263,-0.5010690399111862556390167567
XRP-USD,2026-08-30T18:41:08.917578Z,1.4262,1.4264,0.0002,1.4263,-0.5010690399111862556390167567
XRP-USD,2026-08-30T18:41:08.972709Z,1.4262,1.4264,0.0002,1.4263,-0.4885277004125929341171573971
XRP-USD,2026-08-30T18:41:09.022076Z,1.4262,1.4264,0.0002,1.4263,-0.4876045758499081589278061265
XRP-USD,2026-08-30T18:41:09.038966Z,1.4262,1.4264,0.0002,1.4263,-0.4876045758499081589278061265
XRP-USD,2026-08-30T18:41:09.139919Z,1.4262,1.4264,0.0002,1.4263,-0.4405192435678285084970982631
XRP-USD,2026-08-30T18:41:09.229751Z,1.4262,1.4264,0.0002,1.4263,-0.4405192435678285084970982631
XRP-USD,2026-08-30T18:41:09.267166Z,1.4262,1.4264,0.0002,1.4263,-0.4876045758499081589278061265
XRP-USD,2026-08-30T18:41:09.309661Z,1.4262,1.4263,0.0001,1.42625,-0.3718827728765006784736637348
XRP-USD,2026-08-30T18:41:09.352807Z,1.4262,1.4263,0.0001,1.42625,-0.4437695644939229169056823422
XRP-USD,2026-08-30T18:41:09.409677Z,1.4261,1.4263,0.0002,1.4262,-0.4363604338263901987638242144
XRP-USD,2026-08-30T18:41:09.465519Z,1.4261,1.4263,0.0002,1.4262,-0.5552787971843529562777462797
XRP-USD,2026-08-30T18:41:09.508364Z,1.4261,1.4263,0.0002,1.4262,-0.4449660036955542064298075075
XRP-USD,2026-08-30T18:41:09.562808Z,1.4261,1.4263,0.0002,1.4262,-0.4378372585952823794049902556
XRP-USD,2026-08-30T18:41:09.590906Z,1.4261,1.4263,0.0002,1.4262,-0.4452175797070728159634775588
XRP-USD,2026-08-30T18:41:09.647862Z,1.4262,1.4263,0.0001,1.42625,-0.2799675654016018963099939737
XRP-USD,2026-08-30T18:41:09.706733Z,1.4262,1.4263,0.0001,1.42625,-0.2234664379296391993829770253
XRP-USD,2026-08-30T18:41:09.752504Z,1.4262,1.4263,0.0001,1.42625,-0.1716907032782791134649213034
XRP-USD,2026-08-30T18:41:09.814698Z,1.4262,1.4263,0.0001,1.42625,-0.2234098120617928614836966910
XRP-USD,2026-08-30T18:41:09.824878Z,1.4262,1.4263,0.0001,1.42625,-0.3486362177002991833881466351
XRP-USD,2026-08-30T18:41:09.923204Z,1.4262,1.4263,0.0001,1.42625,-0.4278240369155741279560436494
XRP-USD,2026-08-30T18:41:09.978063Z,1.4262,1.4263,0.0001,1.42625,-0.4278240369155741279560436494
XRP-USD,2026-08-30T18:41:09.992476Z,1.4262,1.4263,0.0001,1.42625,-0.4278240369155741279560436494
XRP-USD,2026-08-30T18:41:10.068931Z,1.4262,1.4263,0.0001,1.42625,-0.4293266082781740426904278512
XRP-USD,2026-08-30T18:41:10.10962Z,1.4262,1.4263,0.0001,1.42625,-0.4293266082781740426904278512
XRP-USD,2026-08-30T18:41:10.190716Z,1.4262,1.4263,0.0001,1.42625,-0.4293266082781740426904278512
XRP-USD,2026-08-30T18:41:10.229763Z,1.4262,1.4263,0.0001,1.42625,-0.4155285337632533583097979333
XRP-USD,2026-08-30T18:41:10.312645Z,1.4262,1.4263,0.0001,1.42625,-0.3981576660381992561637613163
XRP-USD,2026-08-30T18:41:10.354435Z,1.4262,1.4263,0.0001,1.42625,-0.3981576660381992561637613163
XRP-USD,2026-08-30T18:41:10.396842Z,1.4262,1.4263,0.0001,1.42625,-0.3981576660381992561637613163
XRP-USD,2026-08-30T18:41:10.633886Z,1.4262,1.4263,0.0001,1.42625,-0.3981671267451808637340972499
XRP-USD,2026-08-30T18:41:10.893078Z,1.4262,1.4263,0.0001,1.42625,-0.4293357790029580730869157287
XRP-USD,2026-08-30T18:41:10.954097Z,1.4262,1.4263,0.0001,1.42625,-0.4987419666469922894913946643
XRP-USD,2026-08-30T18:41:11.032197Z,1.4262,1.4263,0.0001,1.42625,-0.5092366736272245079357311306
XRP-USD,2026-08-30T18:41:11.107406Z,1.4262,1.4263,0.0001,1.42625,-0.5103424040246306347956422459
XRP-USD,2026-08-30T18:41:11.166011Z,1.4262,1.4263,0.0001,1.42625,-0.5248472195486268458846465124
XRP-USD,2026-08-30T18:41:11.253461Z,1.4262,1.4263,0.0001,1.42625,-0.5248472195486268458846465124
XRP-USD,2026-08-30T18:41:11.315646Z,1.4262,1.4263,0.0001,1.42625,-0.5248472195486268458846465124
XRP-USD,2026-08-30T18:41:11.369676Z,1.426,1.4262,0.0002,1.4261,-0.7521365078780652236714063849
XRP-USD,2026-08-30T18:41:11.42142Z,1.426,1.4262,0.0002,1.4261,-0.6161286933357823222653933053
XRP-USD,2026-08-30T18:41:11.474209Z,1.426,1.4262,0.0002,1.4261,-0.7563213172512885974019985326
XRP-USD,2026-08-30T18:41:11.528896Z,1.426,1.4262,0.0002,1.4261,-0.7535009255656595041953727472
XRP-USD,2026-08-30T18:41:11.575352Z,1.426,1.4262,0.0002,1.4261,-0.8322730615532655239293144404
XRP-USD,2026-08-30T18:41:11.624717Z,1.426,1.4262,0.0002,1.4261,-0.6901479709999503921428260604
XRP-USD,2026-08-30T18:41:11.67145Z,1.426,1.4262,0.0002,1.4261,-0.7182527776079145335139700380
XRP-USD,2026-08-30T18:41:11.725088Z,1.426,1.4262,0.0002,1.4261,-0.7509472388621589016547326454
XRP-USD,2026-08-30T18:41:11.76876Z,1.426,1.4262,0.0002,1.4261,-0.7182527776079145335139700380
XRP-USD,2026-08-30T18:41:11.827312Z,1.426,1.4261,0.0001,1.42605,-0.5931810995021109272030442628
XRP-USD,2026-08-30T18:41:11.866211Z,1.4258,1.4259,0.0001,1.42585,-0.1604133414012634010895201186
XRP-USD,2026-08-30T18:41:11.919562Z,1.4258,1.4259,0.0001,1.42585,-0.4343208492820517759566794214
XRP-USD,2026-08-30T18:41:11.973198Z,1.4258,1.4259,0.0001,1.42585,-0.4185606811374371848501043336
XRP-USD,2026-08-30T18:41:12.020552Z,1.4258,1.4259,0.0001,1.42585,-0.3961685964926322064824487648
XRP-USD,2026-08-30T18:41:12.05418Z,1.4258,1.4259,0.0001,1.42585,-0.3092916640538320979236690189
XRP-USD,2026-08-30T18:41:12.124559Z,1.4258,1.4259,0.0001,1.42585,-0.2533667467738625044924820091
XRP-USD,2026-08-30T18:41:12.17059Z,1.4258,1.4259,0.0001,1.42585,-0.4427364644332958615464411408
XRP-USD,2026-08-30T18:41:12.212302Z,1.4258,1.4259,0.0001,1.42585,-0.4427364644332958615464411408
XRP-USD,2026-08-30T18:41:12.271575Z,1.4258,1.4259,0.0001,1.42585,-0.5173402321327741805993414389
XRP-USD,2026-08-30T18:41:12.304945Z,1.4258,1.4259,0.0001,1.42585,-0.4658323965918409115423767731
XRP-USD,2026-08-30T18:41:12.365153Z,1.4258,1.4259,0.0001,1.42585,-0.7448406630830857603084246344
XRP-USD,2026-08-30T18:41:12.401125Z,1.4258,1.4259,0.0001,1.42585,-0.6636545400644442135229040666
XRP-USD,2026-08-30T18:41:12.452546Z,1.4258,1.4259,0.0001,1.42585,-0.6636545400644442135229040666
XRP-USD,2026-08-30T18:41:12.488686Z,1.4258,1.4259,0.0001,1.42585,-0.6636545400644442135229040666
XRP-USD,2026-08-30T18:41:12.610351Z,1.4258,1.4259,0.0001,1.42585,-0.6826023390773160960528159659
XRP-USD,2026-08-30T18:41:12.656493Z,1.4258,1.4259,0.0001,1.42585,-0.6826023390773160960528159659
XRP-USD,2026-08-30T18:41:13.757369Z,1.4258,1.426,0.0002,1.4259,-0.1834737142452751439798835092
XRP-USD,2026-08-30T18:41:13.812343Z,1.4258,1.4261,0.0003,1.42595,-0.5194624676203554801052552160
XRP-USD,2026-08-30T18:41:13.858459Z,1.4258,1.4261,0.0003,1.42595,-0.5247538331905936641854779984
XRP-USD,2026-08-30T18:41:13.910938Z,1.4258,1.4261,0.0003,1.42595,-0.5571364062783289261757220590
XRP-USD,2026-08-30T18:41:13.975004Z,1.4258,1.426,0.0002,1.4259,-0.6092582128459160596899516062
XRP-USD,2026-08-30T18:41:14.019834Z,1.4258,1.426,0.0002,1.4259,-0.5607962598827187416962390320
XRP-USD,2026-08-30T18:41:14.05537Z,1.4258,1.426,0.0002,1.4259,-0.5693993574941309038743562642
XRP-USD,2026-08-30T18:41:14.100263Z,1.4258,1.426,0.0002,1.4259,-0.5693993574941309038743562642
XRP-USD,2026-08-30T18:41:14.13447Z,1.4258,1.426,0.0002,1.4259,-0.5693100425476659469565991964
XRP-USD,2026-08-30T18:41:14.234393Z,1.4258,1.426,0.0002,1.4259,-0.2374579143416215813621080586
XRP-USD,2026-08-30T18:41:14.2637Z,1.4258,1.426,0.0002,1.4259,-0.2374579143416215813621080586
XRP-USD,2026-08-30T18:41:14.318086Z,1.4258,1.426,0.0002,1.4259,-0.3193700432015103039288849373
XRP-USD,2026-08-30T18:41:14.349141Z,1.4258,1.426,0.0002,1.4259,-0.2465674532715651434828122958
XRP-USD,2026-08-30T18:41:14.424074Z,1.4258,1.426,0.0002,1.4259,-0.2465674532715651434828122958
XRP-USD,2026-08-30T18:41:14.469339Z,1.4258,1.426,0.0002,1.4259,-0.2465674532715651434828122958
XRP-USD,2026-08-30T18:41:14.576268Z,1.4259,1.4261,0.0002,1.4260,-0.4583471188345225195810201458
XRP-USD,2026-08-30T18:41:14.623813Z,1.4259,1.4261,0.0002,1.4260,-0.4223222427988461787780775639
XRP-USD,2026-08-30T18:41:14.676537Z,1.4259,1.4261,0.0002,1.4260,-0.5279164965010756298084585352
XRP-USD,2026-08-30T18:41:14.726002Z,1.4258,1.4261,0.0003,1.42595,-0.7101942253092381248858469503
XRP-USD,2026-08-30T18:41:14.762671Z,1.4258,1.4261,0.0003,1.42595,-0.6240721845957325010521591265
XRP-USD,2026-08-30T18:41:14.79832Z,1.4258,1.4261,0.0003,1.42595,-0.5429238790563525685305117319
XRP-USD,2026-08-30T18:41:14.924021Z,1.4258,1.4261,0.0003,1.42595,-0.5935206448351194385759977108
XRP-USD,2026-08-30T18:41:14.975811Z,1.4258,1.4261,0.0003,1.42595,-0.5881928074207636017686470236
XRP-USD,2026-08-30T18:41:15.018058Z,1.4258,1.4261,0.0003,1.42595,-0.5881928074207636017686470236
XRP-USD,2026-08-30T18:41:15.064493Z,1.4258,1.4261,0.0003,1.42595,-0.5336980757018047575062302836
XRP-USD,2026-08-30T18:41:15.16785Z,1.4258,1.4261,0.0003,1.42595,-0.5336980757018047575062302836
XRP-USD,2026-08-30T18:41:15.229833Z,1.4258,1.4261,0.0003,1.42595,-0.5921158737204936160598324976
XRP-USD,2026-08-30T18:41:15.268815Z,1.4258,1.4261,0.0003,1.42595,-0.6028824203716636177792504412
XRP-USD,2026-08-30T18:41:15.32625Z,1.4258,1.4261,0.0003,1.42595,-0.5910076067078555153802617362
XRP-USD,2026-08-30T18:41:15.375433Z,1.4258,1.4261,0.0003,1.42595,-0.5997213946607334788621010427
XRP-USD,2026-08-30T18:41:15.411991Z,1.4258,1.4261,0.0003,1.42595,-0.5969513737536691250798427476
XRP-USD,2026-08-30T18:41:15.467769Z,1.4258,1.4261,0.0003,1.42595,-0.5432823670074552069026215136
XRP-USD,2026-08-30T18:41:15.520807Z,1.4258,1.4261,0.0003,1.42595,-0.5329758162089788952094712276
XRP-USD,2026-08-30T18:41:15.564384Z,1.4258,1.4261,0.0003,1.42595,-0.5875322550844743403401316254
XRP-USD,2026-08-30T18:41:15.605287Z,1.4258,1.4261,0.0003,1.42595,-0.5329758162089788952094712276
XRP-USD,2026-08-30T18:41:15.727854Z,1.4258,1.4261,0.0003,1.42595,-0.5329758162089788952094712276
XRP-USD,2026-08-30T18:41:15.775207Z,1.4258,1.4261,0.0003,1.42595,-0.6217777340790024316768012959
XRP-USD,2026-08-30T18:41:15.823982Z,1.4258,1.426,0.0002,1.4259,-0.4564236103514407368008091892
XRP-USD,2026-08-30T18:41:15.851965Z,1.4258,1.426,0.0002,1.4259,-0.4564236103514407368008091892
XRP-USD,2026-08-30T18:41:15.915004Z,1.4258,1.426,0.0002,1.4259,-0.4564236103514407368008091892
XRP-USD,2026-08-30T18:41:15.976565Z,1.4258,1.426,0.0002,1.4259,-0.4348801367722607131948199002
XRP-USD,2026-08-30T18:41:16.020964Z,1.4258,1.426,0.0002,1.4259,-0.3110542278352342789578892689
XRP-USD,2026-08-30T18:41:16.029857Z,1.4258,1.426,0.0002,1.4259,-0.3110542278352342789578892689
XRP-USD,2026-08-30T18:41:16.307308Z,1.4258,1.426,0.0002,1.4259,-0.5001535849060420022210563108
XRP-USD,2026-08-30T18:41:16.420616Z,1.4258,1.426,0.0002,1.4259,-0.5001535849060420022210563108
XRP-USD,2026-08-30T18:41:16.462365Z,1.4258,1.426,0.0002,1.4259,-0.4439844995477553480105962935
XRP-USD,2026-08-30T18:41:16.51154Z,1.4258,1.426,0.0002,1.4259,-0.4439844995477553480105962935
XRP-USD,2026-08-30T18:41:16.53298Z,1.4258,1.426,0.0002,1.4259,-0.5007653094699122739899182568
XRP-USD,2026-08-30T18:41:16.755582Z,1.4258,1.426,0.0002,1.4259,-0.4439844995477553480105962935
XRP-USD,2026-08-30T18:41:16.821172Z,1.4258,1.426,0.0002,1.4259,-0.4439844995477553480105962935
XRP-USD,2026-08-30T18:41:16.869257Z,1.4258,1.426,0.0002,1.4259,-0.4439844995477553480105962935
XRP-USD,2026-08-30T18:41:16.908067Z,1.4258,1.426,0.0002,1.4259,-0.5257824090519330486060892331
XRP-USD,2026-08-30T18:41:16.970031Z,1.4258,1.426,0.0002,1.4259,-0.5257824090519330486060892331
XRP-USD,2026-08-30T18:41:17.018274Z,1.4258,1.426,0.0002,1.4259,-0.5257824090519330486060892331
XRP-USD,2026-08-30T18:41:17.028648Z,1.4258,1.426,0.0002,1.4259,-0.5257824090519330486060892331
XRP-USD,2026-08-30T18:41:17.096145Z,1.4258,1.426,0.0002,1.4259,-0.5257824090519330486060892331
XRP-USD,2026-08-30T18:41:17.334108Z,1.4258,1.426,0.0002,1.4259,-0.5257824090519330486060892331
XRP-USD,2026-08-30T18:41:17.378332Z,1.4258,1.426,0.0002,1.4259,-0.4439844995477553480105962935
XRP-USD,2026-08-30T18:41:17.457256Z,1.4258,1.426,0.0002,1.4259,-0.4439844995477553480105962935
XRP-USD,2026-08-30T18:41:17.473073Z,1.4258,1.426,0.0002,1.4259,-0.4439844995477553480105962935
XRP-USD,2026-08-30T18:41:17.564271Z,1.4258,1.426,0.0002,1.4259,-0.4439844995477553480105962935
XRP-USD,2026-08-30T18:41:17.602333Z,1.4258,1.426,0.0002,1.4259,-0.4439844995477553480105962935
XRP-USD,2026-08-30T18:41:17.875549Z,1.4257,1.426,0.0003,1.42585,-0.6388044368157420559612538002
XRP-USD,2026-08-30T18:41:17.91963Z,1.4257,1.426,0.0003,1.42585,-0.5515951945413510443968663931
XRP-USD,2026-08-30T18:41:17.974758Z,1.4257,1.426,0.0003,1.42585,-0.5515951945413510443968663931
XRP-USD,2026-08-30T18:41:18.015034Z,1.4257,1.426,0.0003,1.42585,-0.5515951945413510443968663931
XRP-USD,2026-08-30T18:41:18.051665Z,1.4257,1.426,0.0003,1.42585,-0.5085885026553183341477941353
XRP-USD,2026-08-30T18:41:18.103065Z,1.4257,1.426,0.0003,1.42585,-0.5515951944609985755558942870
XRP-USD,2026-08-30T18:41:18.142316Z,1.4257,1.426,0.0003,1.42585,-0.5834491580965829978189667108
XRP-USD,2026-08-30T18:41:18.223537Z,1.4257,1.4259,0.0002,1.4258,-0.4040017385394831133680206942
XRP-USD,2026-08-30T18:41:18.26131Z,1.4257,1.4259,0.0002,1.4258,-0.4040017385394831133680206942
XRP-USD,2026-08-30T18:41:18.362564Z,1.4258,1.4259,0.0001,1.42585,-0.2772623693777007332376226125
XRP-USD,2026-08-30T18:41:18.400157Z,1.4258,1.4259,0.0001,1.42585,-0.1522093074090832269007079214
XRP-USD,2026-08-30T18:41:18.474902Z,1.4258,1.4259,0.0001,1.42585,-0.2453612747518206482038327776
XRP-USD,2026-08-30T18:41:18.520683Z,1.4258,1.4259,0.0001,1.42585,-0.3553023415446223128945112374
XRP-USD,2026-08-30T18:41:18.558022Z,1.4258,1.4259,0.0001,1.42585,-0.3553023415446223128945112374
XRP-USD,2026-08-30T18:41:18.602372Z,1.4258,1.4259,0.0001,1.42585,-0.3553023415446223128945112374
XRP-USD,2026-08-30T18:41:18.673512Z,1.4258,1.4259,0.0001,1.42585,-0.3553023415446223128945112374
XRP-USD,2026-08-30T18:41:18.721273Z,1.4258,1.4259,0.0001,1.42585,-0.3885269188647504377548054015
XRP-USD,2026-08-30T18:41:18.729951Z,1.4258,1.4259,0.0001,1.42585,-0.5132840924208521105450601009
XRP-USD,2026-08-30T18:41:18.860228Z,1.4258,1.4259,0.0001,1.42585,-0.4060960568222112864469550398
XRP-USD,2026-08-30T18:41:18.883193Z,1.4258,1.4259,0.0001,1.42585,-0.4060960568222112864469550398
XRP-USD,2026-08-30T18:41:18.947468Z,1.4258,1.4259,0.0001,1.42585,-0.4060960568222112864469550398
XRP-USD,2026-08-30T18:41:19.224101Z,1.4258,1.4259,0.0001,1.42585,0.09517540463818495103832584385
XRP-USD,2026-08-30T18:41:19.299517Z,1.4258,1.4259,0.0001,1.42585,0.09517540463818495103832584385
XRP-USD,2026-08-30T18:41:19.365976Z,1.4258,1.4259,0.0001,1.42585,0.06854162981821817033506277943
XRP-USD,2026-08-30T18:41:19.47575Z,1.4258,1.4259,0.0001,1.42585,-0.2891470246468223453593567359
XRP-USD,2026-08-30T18:41:19.524284Z,1.4258,1.4259,0.0001,1.42585,-0.3499088011285965625237083679
XRP-USD,2026-08-30T18:41:19.584987Z,1.4258,1.4259,0.0001,1.42585,-0.3497829172267371806190371822
XRP-USD,2026-08-30T18:41:19.717262Z,1.4258,1.4259,0.0001,1.42585,-0.2588516838858432479000763104
XRP-USD,2026-08-30T18:41:19.776118Z,1.4258,1.4259,0.0001,1.42585,-0.2588516838858432479000763104
XRP-USD,2026-08-30T18:41:20.017761Z,1.4258,1.4259,0.0001,1.42585,-0.2363709769827204850838213723
XRP-USD,2026-08-30T18:41:20.074186Z,1.4258,1.4259,0.0001,1.42585,-0.3338253612433597276744555007
XRP-USD,2026-08-30T18:41:20.120335Z,1.4259,1.4261,0.0002,1.4260,-0.5598016277812745861881589239
XRP-USD,2026-08-30T18:41:20.177545Z,1.426,1.4262,0.0002,1.4261,-0.7107145027165289047827372749
XRP-USD,2026-08-30T18:41:20.213191Z,1.426,1.4262,0.0002,1.4261,-0.6825537952400289771195932901
XRP-USD,2026-08-30T18:41:20.266438Z,1.426,1.4262,0.0002,1.4261,-0.6769874091896921960615446885
XRP-USD,2026-08-30T18:41:20.326065Z,1.426,1.4262,0.0002,1.4261,-0.6960369225905878548022122312
XRP-USD,2026-08-30T18:41:20.36498Z,1.426,1.4262,0.0002,1.4261,-0.6960369225905878548022122312
XRP-USD,2026-08-30T18:41:20.422786Z,1.426,1.4262,0.0002,1.4261,-0.6960369225905878548022122312
XRP-USD,2026-08-30T18:41:20.473947Z,1.426,1.4262,0.0002,1.4261,-0.6960369225905878548022122312
XRP-USD,2026-08-30T18:41:20.527703Z,1.426,1.4262,0.0002,1.4261,-0.6876595993251009599648866212
XRP-USD,2026-08-30T18:41:20.539946Z,1.426,1.4262,0.0002,1.4261,-0.6723219784118586040377673730
XRP-USD,2026-08-30T18:41:20.608441Z,1.426,1.4262,0.0002,1.4261,-0.6717492920980686338935117814
XRP-USD,2026-08-30T18:41:20.672067Z,1.426,1.4262,0.0002,1.4261,-0.7192066362327583050377184187
XRP-USD,2026-08-30T18:41:20.7277Z,1.426,1.4262,0.0002,1.4261,-0.7249590644912414960423781734
XRP-USD,2026-08-30T18:41:20.75443Z,1.426,1.4262,0.0002,1.4261,-0.7249590644912414960423781734
XRP-USD,2026-08-30T18:41:20.817696Z,1.426,1.4262,0.0002,1.4261,-0.7249590644912414960423781734
XRP-USD,2026-08-30T18:41:20.911589Z,1.426,1.4262,0.0002,1.4261,-0.7386521067123732419474590771
XRP-USD,2026-08-30T18:41:20.956059Z,1.426,1.4262,0.0002,1.4261,-0.7386521067123732419474590771
XRP-USD,2026-08-30T18:41:21.071832Z,1.426,1.4261,0.0001,1.42605,-0.4956727724251826917698395076
XRP-USD,2026-08-30T18:41:21.115705Z,1.426,1.4261,0.0001,1.42605,-0.3846082414420794463878641083
XRP-USD,2026-08-30T18:41:21.172084Z,1.426,1.4261,0.0001,1.42605,-0.3846082414420794463878641083
XRP-USD,2026-08-30T18:41:21.222957Z,1.426,1.4262,0.0002,1.4261,-0.7139605838423519737644510124
XRP-USD,2026-08-30T18:41:21.271354Z,1.426,1.4262,0.0002,1.4261,-0.6730129497225479791284480767
XRP-USD,2026-08-30T18:41:21.279275Z,1.426,1.4262,0.0002,1.4261,-0.6730129497225479791284480767
XRP-USD,2026-08-30T18:41:21.374496Z,1.426,1.4262,0.0002,1.4261,-0.6730129497225479791284480767
XRP-USD,2026-08-30T18:41:21.424336Z,1.426,1.4262,0.0002,1.4261,-0.6328051870098228061936468126
XRP-USD,2026-08-30T18:41:21.431389Z,1.426,1.4262,0.0002,1.4261,-0.6328051870098228061936468126
XRP-USD,2026-08-30T18:41:21.523984Z,1.426,1.4262,0.0002,1.4261,-0.6328051870098228061936468126
XRP-USD,2026-08-30T18:41:21.759186Z,1.426,1.4262,0.0002,1.4261,-0.7057346734983481651912638397
XRP-USD,2026-08-30T18:41:21.78836Z,1.426,1.4262,0.0002,1.4261,-0.7061677949053385987671009320
XRP-USD,2026-08-30T18:41:21.830134Z,1.426,1.4262,0.0002,1.4261,-0.7061684766202364025813318749
XRP-USD,2026-08-30T18:41:21.865173Z,1.426,1.4262,0.0002,1.4261,-0.7061684766202364025813318749
XRP-USD,2026-08-30T18:41:21.974831Z,1.426,1.4262,0.0002,1.4261,-0.7078391257577416786097749900
XRP-USD,2026-08-30T18:41:22.001276Z,1.426,1.4262,0.0002,1.4261,-0.7078391257577416786097749900
XRP-USD,2026-08-30T18:41:22.036084Z,1.426,1.4262,0.0002,1.4261,-0.7078391257577416786097749900
XRP-USD,2026-08-30T18:41:22.264647Z,1.426,1.4262,0.0002,1.4261,-0.7078391257577416786097749900
XRP-USD,2026-08-30T18:41:22.29387Z,1.426,1.4262,0.0002,1.4261,-0.7078391257577416786097749900
XRP-USD,2026-08-30T18:41:22.525529Z,1.426,1.4262,0.0002,1.4261,-0.7078391257577416786097749900
XRP-USD,2026-08-30T18:41:22.57846Z,1.426,1.4262,0.0002,1.4261,-0.6726909203429679788751833018
XRP-USD,2026-08-30T18:41:22.625156Z,1.426,1.4262,0.0002,1.4261,-0.7116898626871157893467107193
XRP-USD,2026-08-30T18:41:22.780541Z,1.426,1.4262,0.0002,1.4261,-0.6987131284177394130325045278
XRP-USD,2026-08-30T18:41:22.786628Z,1.426,1.4262,0.0002,1.4261,-0.7085569956330014194438378782
XRP-USD,2026-08-30T18:41:22.874173Z,1.426,1.4262,0.0002,1.4261,-0.7081296633632006565467624703
XRP-USD,2026-08-30T18:41:22.907517Z,1.426,1.4262,0.0002,1.4261,-0.7085569989775683456068527446
XRP-USD,2026-08-30T18:41:22.973445Z,1.426,1.4262,0.0002,1.4261,-0.7085569989775683456068527446
XRP-USD,2026-08-30T18:41:23.018215Z,1.426,1.4262,0.0002,1.4261,-0.7085569989775683456068527446
XRP-USD,2026-08-30T18:41:23.074644Z,1.426,1.4262,0.0002,1.4261,-0.6760347015908471164876473195
XRP-USD,2026-08-30T18:41:23.114743Z,1.426,1.4262,0.0002,1.4261,-0.6760347015908471164876473195
XRP-USD,2026-08-30T18:41:23.141601Z,1.426,1.4262,0.0002,1.4261,-0.7129756861803911213236741304
XRP-USD,2026-08-30T18:41:23.196566Z,1.426,1.4262,0.0002,1.4261,-0.7129756861803911213236741304
XRP-USD,2026-08-30T18:41:23.266044Z,1.426,1.4262,0.0002,1.4261,-0.7129756861803911213236741304
XRP-USD,2026-08-30T18:41:23.311606Z,1.426,1.4262,0.0002,1.4261,-0.7129756861803911213236741304
XRP-USD,2026-08-30T18:41:23.372923Z,1.426,1.4262,0.0002,1.4261,-0.7032096988483223475250903178
XRP-USD,2026-08-30T18:41:23.47956Z,1.426,1.4262,0.0002,1.4261,-0.6648816494484793771189207915
XRP-USD,2026-08-30T18:41:23.554141Z,1.426,1.4262,0.0002,1.4261,-0.6648816494484793771189207915
XRP-USD,2026-08-30T18:41:23.625338Z,1.426,1.4262,0.0002,1.4261,-0.7034150775453580203320810003
XRP-USD,2026-08-30T18:41:23.661544Z,1.426,1.4262,0.0002,1.4261,-0.7034150775453580203320810003
XRP-USD,2026-08-30T18:41:23.728181Z,1.426,1.4262,0.0002,1.4261,-0.6971703290478528701821229642
XRP-USD,2026-08-30T18:41:23.766092Z,1.426,1.4262,0.0002,1.4261,-0.6531463573874549395051144933
XRP-USD,2026-08-30T18:41:23.828991Z,1.4261,1.4263,0.0002,1.4262,-0.7523835344146048692867122695
XRP-USD,2026-08-30T18:41:23.875308Z,1.4261,1.4263,0.0002,1.4262,-0.6708316281319718848692970468
XRP-USD,2026-08-30T18:41:23.923506Z,1.426,1.4262,0.0002,1.4261,-0.7331388949871777863727727964
XRP-USD,2026-08-30T18:41:23.97752Z,1.426,1.4262,0.0002,1.4261,-0.6736834338561316423009810392
XRP-USD,2026-08-30T18:41:24.015106Z,1.426,1.4262,0.0002,1.4261,-0.6736834338561316423009810392
XRP-USD,2026-08-30T18:41:24.056038Z,1.426,1.4262,0.0002,1.4261,-0.6551930839298766950803934500
XRP-USD,2026-08-30T18:41:24.104049Z,1.426,1.4262,0.0002,1.4261,-0.6806961602327351096836121689
XRP-USD,2026-08-30T18:41:24.176002Z,1.426,1.4262,0.0002,1.4261,-0.6833122024028099509468327720
XRP-USD,2026-08-30T18:41:24.26794Z,1.426,1.4262,0.0002,1.4261,-0.6582417109507127124633393343
XRP-USD,2026-08-30T18:41:24.332038Z,1.426,1.4262,0.0002,1.4261,-0.6833061987744628156642369489
XRP-USD,2026-08-30T18:41:24.373492Z,1.426,1.4262,0.0002,1.4261,-0.6727985902491993997566992514
XRP-USD,2026-08-30T18:41:24.419272Z,1.426,1.4262,0.0002,1.4261,-0.6727985902491993997566992514
XRP-USD,2026-08-30T18:41:24.438218Z,1.426,1.4262,0.0002,1.4261,-0.6970156334112316907335955854
XRP-USD,2026-08-30T18:41:24.669141Z,1.426,1.4262,0.0002,1.4261,-0.6854036824997795650551378691
XRP-USD,2026-08-30T18:41:24.794698Z,1.426,1.4262,0.0002,1.4261,-0.6604442234261404239834835659
XRP-USD,2026-08-30T18:41:24.953257Z,1.426,1.4262,0.0002,1.4261,-0.7019888772193501144477458565
XRP-USD,2026-08-30T18:41:25.017984Z,1.426,1.4262,0.0002,1.4261,-0.6647568904755020187994146400
XRP-USD,2026-08-30T18:41:25.058392Z,1.426,1.4262,0.0002,1.4261,-0.6518256424514844018113147989
XRP-USD,2026-08-30T18:41:25.109855Z,1.426,1.4262,0.0002,1.4261,-0.6604442840127945803896528164
XRP-USD,2026-08-30T18:41:25.14618Z,1.426,1.4262,0.0002,1.4261,-0.6604442840127945803896528164
XRP-USD,2026-08-30T18:41:25.262057Z,1.426,1.4262,0.0002,1.4261,-0.6634266299413527230342036273
XRP-USD,2026-08-30T18:41:25.367516Z,1.426,1.4262,0.0002,1.4261,-0.6876765760520629847775924367
XRP-USD,2026-08-30T18:41:25.408458Z,1.426,1.4262,0.0002,1.4261,-0.6876765760520629847775924367
XRP-USD,2026-08-30T18:41:25.562372Z,1.426,1.4262,0.0002,1.4261,-0.6851101399681476556535546705
XRP-USD,2026-08-30T18:41:25.612847Z,1.426,1.4262,0.0002,1.4261,-0.6601022296805502190095399578
XRP-USD,2026-08-30T18:41:25.622419Z,1.426,1.4262,0.0002,1.4261,-0.6851101399681476556535546705
XRP-USD,2026-08-30T18:41:25.756852Z,1.426,1.4262,0.0002,1.4261,-0.6736012451627412116672483536
XRP-USD,2026-08-30T18:41:25.819488Z,1.426,1.4262,0.0002,1.4261,-0.6736012451627412116672483536
XRP-USD,2026-08-30T18:41:25.871923Z,1.426,1.4262,0.0002,1.4261,-0.6798839012213134304929630943
XRP-USD,2026-08-30T18:41:25.923225Z,1.426,1.4262,0.0002,1.4261,-0.6549959671691300244910820511
XRP-USD,2026-08-30T18:41:25.928449Z,1.426,1.4262,0.0002,1.4261,-0.6549959671691300244910820511
XRP-USD,2026-08-30T18:41:26.025387Z,1.426,1.4262,0.0002,1.4261,-0.6464190590318681276461437698
XRP-USD,2026-08-30T18:41:26.057727Z,1.426,1.4262,0.0002,1.4261,-0.6495378334086305480691592614
XRP-USD,2026-08-30T18:41:26.124803Z,1.426,1.4262,0.0002,1.4261,-0.6495378334086305480691592614
XRP-USD,2026-08-30T18:41:26.175416Z,1.426,1.4262,0.0002,1.4261,-0.7292421919558708190596389403
XRP-USD,2026-08-30T18:41:26.200742Z,1.426,1.4262,0.0002,1.4261,-0.7170667905856051392956502567
XRP-USD,2026-08-30T18:41:26.25305Z,1.426,1.4262,0.0002,1.4261,-0.7170667905856051392956502567
XRP-USD,2026-08-30T18:41:26.320345Z,1.426,1.4262,0.0002,1.4261,-0.6834225245620369898403087593
XRP-USD,2026-08-30T18:41:26.368143Z,1.426,1.4262,0.0002,1.4261,-0.6834225245620369898403087593
XRP-USD,2026-08-30T18:41:26.422165Z,1.426,1.4262,0.0002,1.4261,-0.6834225245620369898403087593
XRP-USD,2026-08-30T18:41:26.477138Z,1.426,1.4262,0.0002,1.4261,-0.6834225245620369898403087593
XRP-USD,2026-08-30T18:41:26.484223Z,1.426,1.4262,0.0002,1.4261,-0.6834225245620369898403087593
XRP-USD,2026-08-30T18:41:26.547532Z,1.426,1.4262,0.0002,1.4261,-0.6834225245620369898403087593
XRP-USD,2026-08-30T18:41:26.667125Z,1.426,1.4262,0.0002,1.4261,-0.6834225245620369898403087593
XRP-USD,2026-08-30T18:41:26.806884Z,1.426,1.4262,0.0002,1.4261,-0.7172714033613438272756296135
XRP-USD,2026-08-30T18:41:26.924496Z,1.426,1.4262,0.0002,1.4261,-0.7172714033613438272756296135
XRP-USD,2026-08-30T18:41:26.934526Z,1.426,1.4262,0.0002,1.4261,-0.7172714033613438272756296135
XRP-USD,2026-08-30T18:41:27.041844Z,1.426,1.4262,0.0002,1.4261,-0.6696548004876886908742896729
XRP-USD,2026-08-30T18:41:27.212275Z,1.426,1.4262,0.0002,1.4261,-0.7166143308687055741217110905
XRP-USD,2026-08-30T18:41:27.257197Z,1.426,1.4262,0.0002,1.4261,-0.7389777077132090803814181090
XRP-USD,2026-08-30T18:41:27.326351Z,1.426,1.4262,0.0002,1.4261,-0.7389777077132090803814181090
XRP-USD,2026-08-30T18:41:27.394359Z,1.426,1.4262,0.0002,1.4261,-0.7389777077132090803814181090
XRP-USD,2026-08-30T18:41:27.478532Z,1.426,1.4262,0.0002,1.4261,-0.7389777077132090803814181090
XRP-USD,2026-08-30T18:41:27.519005Z,1.426,1.4262,0.0002,1.4261,-0.7390069219502444543116466032
XRP-USD,2026-08-30T18:41:27.524529Z,1.426,1.4262,0.0002,1.4261,-0.7390069219502444543116466032
XRP-USD,2026-08-30T18:41:27.651842Z,1.426,1.4262,0.0002,1.4261,-0.7339450551502301982554058521
XRP-USD,2026-08-30T18:41:27.689075Z,1.426,1.4262,0.0002,1.4261,-0.7182134002290790032171329682
XRP-USD,2026-08-30T18:41:27.720295Z,1.426,1.4262,0.0002,1.4261,-0.7339450551502301982554058521
XRP-USD,2026-08-30T18:41:27.820482Z,1.426,1.4262,0.0002,1.4261,-0.6852019110777869315480783256
XRP-USD,2026-08-30T18:41:27.879139Z,1.426,1.4262,0.0002,1.4261,-0.7077748033282165710770519410
XRP-USD,2026-08-30T18:41:27.911616Z,1.426,1.4262,0.0002,1.4261,-0.7077748033282165710770519410
XRP-USD,2026-08-30T18:41:27.957528Z,1.426,1.4262,0.0002,1.4261,-0.6966952344023220135450251250
XRP-USD,2026-08-30T18:41:28.274932Z,1.426,1.4262,0.0002,1.4261,-0.6909808684262824989292945130
XRP-USD,2026-08-30T18:41:28.282334Z,1.426,1.4262,0.0002,1.4261,-0.6914623579743381655634308550
XRP-USD,2026-08-30T18:41:28.359393Z,1.426,1.4262,0.0002,1.4261,-0.6914623579743381655634308550
XRP-USD,2026-08-30T18:41:28.411055Z,1.426,1.4262,0.0002,1.4261,-0.6914623579743381655634308550
XRP-USD,2026-08-30T18:41:28.477084Z,1.426,1.4262,0.0002,1.4261,-0.6914623579743381655634308550
XRP-USD,2026-08-30T18:41:28.488183Z,1.426,1.4262,0.0002,1.4261,-0.6672895617116219405301860730
XRP-USD,2026-08-30T18:41:28.578886Z,1.426,1.4262,0.0002,1.4261,-0.6357708695025572170513256844
XRP-USD,2026-08-30T18:41:28.599937Z,1.426,1.4262,0.0002,1.4261,-0.6358170164435270068297595044
XRP-USD,2026-08-30T18:41:28.639343Z,1.426,1.4262,0.0002,1.4261,-0.6358170164435270068297595044
XRP-USD,2026-08-30T18:41:28.704733Z,1.426,1.4262,0.0002,1.4261,-0.6620684892781104398480076865
XRP-USD,2026-08-30T18:41:28.771862Z,1.426,1.4262,0.0002,1.4261,-0.6358170163855997613551575142
XRP-USD,2026-08-30T18:41:28.785877Z,1.426,1.4262,0.0002,1.4261,-0.6620684892282333669676302961
XRP-USD,2026-08-30T18:41:28.84388Z,1.426,1.4262,0.0002,1.4261,-0.6800702396413844228027349840
XRP-USD,2026-08-30T18:41:28.957063Z,1.426,1.4262,0.0002,1.4261,-0.6800702396413844228027349840
XRP-USD,2026-08-30T18:41:29.015339Z,1.426,1.4262,0.0002,1.4261,-0.6929737240713340810148322895
XRP-USD,2026-08-30T18:41:29.067316Z,1.426,1.4262,0.0002,1.4261,-0.6862416767796157702854471000
XRP-USD,2026-08-30T18:41:29.119939Z,1.426,1.4262,0.0002,1.4261,-0.6261323188757127992171966886
XRP-USD,2026-08-30T18:41:29.129312Z,1.426,1.4262,0.0002,1.4261,-0.6683056816338241267689507018
XRP-USD,2026-08-30T18:41:29.222344Z,1.426,1.4262,0.0002,1.4261,-0.6683056816338241267689507018
XRP-USD,2026-08-30T18:41:29.227995Z,1.426,1.4262,0.0002,1.4261,-0.6683056816338241267689507018
XRP-USD,2026-08-30T18:41:29.310048Z,1.426,1.4262,0.0002,1.4261,-0.6749874132550502407976060899
XRP-USD,2026-08-30T18:41:29.354851Z,1.426,1.4262,0.0002,1.4261,-0.6754699207686883489804597994
XRP-USD,2026-08-30T18:41:29.404993Z,1.426,1.4262,0.0002,1.4261,-0.6754699207686883489804597994
XRP-USD,2026-08-30T18:41:29.460026Z,1.426,1.4262,0.0002,1.4261,-0.6790865141984793778675152518
XRP-USD,2026-08-30T18:41:29.494288Z,1.426,1.4262,0.0002,1.4261,-0.6790865141984793778675152518
XRP-USD,2026-08-30T18:41:29.559331Z,1.426,1.4262,0.0002,1.4261,-0.6790865141984793778675152518
XRP-USD,2026-08-30T18:41:29.627214Z,1.426,1.4263,0.0003,1.42615,-0.6814558071164691332681465503
XRP-USD,2026-08-30T18:41:29.676807Z,1.426,1.4263,0.0003,1.42615,-0.6814217571159944722620239299
XRP-USD,2026-08-30T18:41:29.705761Z,1.426,1.4263,0.0003,1.42615,-0.6814558073612703396075016170
XRP-USD,2026-08-30T18:41:29.751379Z,1.426,1.4263,0.0003,1.42615,-0.6814558073612703396075016170
XRP-USD,2026-08-30T18:41:29.803426Z,1.426,1.4263,0.0003,1.42615,-0.6910288206918616518753914955
XRP-USD,2026-08-30T18:41:29.921499Z,1.4261,1.4263,0.0002,1.4262,-0.7279781834274690910375025525
XRP-USD,2026-08-30T18:41:29.925863Z,1.4261,1.4263,0.0002,1.4262,-0.7279781834274690910375025525
XRP-USD,2026-08-30T18:41:30.01991Z,1.4261,1.4263,0.0002,1.4262,-0.7185853542816125304198061576
XRP-USD,2026-08-30T18:41:30.071213Z,1.4261,1.4263,0.0002,1.4262,-0.6650119585508287065253286003
XRP-USD,2026-08-30T18:41:30.099468Z,1.4261,1.4263,0.0002,1.4262,-0.7052087872251308417824749441
XRP-USD,2026-08-30T18:41:30.122949Z,1.4261,1.4263,0.0002,1.4262,-0.7052035208389281414008411867
XRP-USD,2026-08-30T18:41:30.178566Z,1.4261,1.4263,0.0002,1.4262,-0.7052035208389281414008411867
XRP-USD,2026-08-30T18:41:30.2633Z,1.426,1.4262,0.0002,1.4261,-0.6760751535003683834477906391
XRP-USD,2026-08-30T18:41:30.306765Z,1.426,1.4262,0.0002,1.4261,-0.5966702374200549478913321633
XRP-USD,2026-08-30T18:41:30.371878Z,1.426,1.4262,0.0002,1.4261,-0.6044532839389956196756030062
XRP-USD,2026-08-30T18:41:30.406509Z,1.426,1.4262,0.0002,1.4261,-0.6694194596296349225562226085
XRP-USD,2026-08-30T18:41:30.461516Z,1.426,1.4262,0.0002,1.4261,-0.6694194596296349225562226085
XRP-USD,2026-08-30T18:41:30.510779Z,1.426,1.4262,0.0002,1.4261,-0.6337855910715304196936042024
XRP-USD,2026-08-30T18:41:30.666931Z,1.426,1.4262,0.0002,1.4261,-0.6730896828535653284543466531
XRP-USD,2026-08-30T18:41:30.73247Z,1.426,1.4262,0.0002,1.4261,-0.6402268005476584058212677510
XRP-USD,2026-08-30T18:41:30.770955Z,1.426,1.4262,0.0002,1.4261,-0.6789754226350877027578369893
XRP-USD,2026-08-30T18:41:30.823809Z,1.426,1.4262,0.0002,1.4261,-0.6789754226350877027578369893
XRP-USD,2026-08-30T18:41:30.854958Z,1.426,1.4262,0.0002,1.4261,-0.6919095675231376162887704651
XRP-USD,2026-08-30T18:41:31.020227Z,1.426,1.4262,0.0002,1.4261,-0.6850966310300135323294570394
XRP-USD,2026-08-30T18:41:31.129937Z,1.426,1.4262,0.0002,1.4261,-0.6850966310300135323294570394
XRP-USD,2026-08-30T18:41:31.169645Z,1.426,1.4262,0.0002,1.4261,-0.6850966310300135323294570394
XRP-USD,2026-08-30T18:41:31.221904Z,1.426,1.4262,0.0002,1.4261,-0.6959576706110162853021480294
XRP-USD,2026-08-30T18:41:31.23749Z,1.426,1.4262,0.0002,1.4261,-0.7091793370799343957236514555
XRP-USD,2026-08-30T18:41:31.379349Z,1.426,1.4262,0.0002,1.4261,-0.7091793370799343957236514555
XRP-USD,2026-08-30T18:41:31.423161Z,1.426,1.4262,0.0002,1.4261,-0.7096246711503852660739959845
XRP-USD,2026-08-30T18:41:31.443153Z,1.426,1.4262,0.0002,1.4261,-0.7155267428940606632098387942
XRP-USD,2026-08-30T18:41:31.523146Z,1.426,1.4262,0.0002,1.4261,-0.7155267428940606632098387942
XRP-USD,2026-08-30T18:41:31.772777Z,1.426,1.4262,0.0002,1.4261,-0.7155267428940606632098387942
XRP-USD,2026-08-30T18:41:31.846975Z,1.426,1.4262,0.0002,1.4261,-0.7155267428940606632098387942
XRP-USD,2026-08-30T18:41:31.925392Z,1.426,1.4262,0.0002,1.4261,-0.7155591931341824829462269648
XRP-USD,2026-08-30T18:41:31.933153Z,1.426,1.4262,0.0002,1.4261,-0.7155591931341824829462269648
XRP-USD,2026-08-30T18:41:32.018745Z,1.426,1.4262,0.0002,1.4261,-0.7155591931341824829462269648
XRP-USD,2026-08-30T18:41:32.040765Z,1.426,1.4262,0.0002,1.4261,-0.6956723805584648250326121440
XRP-USD,2026-08-30T18:41:32.177743Z,1.426,1.4262,0.0002,1.4261,-0.6956723805584648250326121440
XRP-USD,2026-08-30T18:41:32.228043Z,1.426,1.4262,0.0002,1.4261,-0.6950242119294918579208466445
XRP-USD,2026-08-30T18:41:32.27458Z,1.426,1.4262,0.0002,1.4261,-0.6950242119294918579208466445
XRP-USD,2026-08-30T18:41:32.316496Z,1.426,1.4262,0.0002,1.4261,-0.6700453860241335931654726587
XRP-USD,2026-08-30T18:41:32.351839Z,1.426,1.4262,0.0002,1.4261,-0.6783943015120943367193041148
XRP-USD,2026-08-30T18:41:32.405733Z,1.426,1.4262,0.0002,1.4261,-0.6783943015120943367193041148
XRP-USD,2026-08-30T18:41:32.437814Z,1.426,1.4262,0.0002,1.4261,-0.6523327875516072083181297008
XRP-USD,2026-08-30T18:41:32.528439Z,1.426,1.4262,0.0002,1.4261,-0.6609069387194831514213814087
XRP-USD,2026-08-30T18:41:32.565962Z,1.426,1.4262,0.0002,1.4261,-0.6609069387194831514213814087
XRP-USD,2026-08-30T18:41:32.621041Z,1.426,1.4262,0.0002,1.4261,-0.6609914899899636523985527537
XRP-USD,2026-08-30T18:41:32.666121Z,1.426,1.4262,0.0002,1.4261,-0.6609914899899636523985527537
XRP-USD,2026-08-30T18:41:32.820865Z,1.426,1.4262,0.0002,1.4261,-0.6858242950595466344751113691
XRP-USD,2026-08-30T18:41:32.873571Z,1.426,1.4262,0.0002,1.4261,-0.6878363746464838877402745050
XRP-USD,2026-08-30T18:41:32.900067Z,1.4259,1.4262,0.0003,1.42605,-0.5647197191689511046958398882
XRP-USD,2026-08-30T18:41:32.981564Z,1.4259,1.4262,0.0003,1.42605,-0.5356747376821248950754466391
XRP-USD,2026-08-30T18:41:33.030516Z,1.4259,1.4262,0.0003,1.42605,-0.5319079584629367874673680931
XRP-USD,2026-08-30T18:41:33.084458Z,1.4259,1.4262,0.0003,1.42605,-0.5353984653257788302434096848
XRP-USD,2026-08-30T18:41:33.090158Z,1.4259,1.4262,0.0003,1.42605,-0.5754898809578853330557620376
XRP-USD,2026-08-30T18:41:33.111843Z,1.4259,1.4262,0.0003,1.42605,-0.5373967225045197985603176745
XRP-USD,2026-08-30T18:41:33.366276Z,1.4259,1.4262,0.0003,1.42605,-0.5663854488559919048650835467
XRP-USD,2026-08-30T18:41:33.377706Z,1.4259,1.4261,0.0002,1.4260,-0.3322157567537085172161203690
XRP-USD,2026-08-30T18:41:33.546629Z,1.4259,1.4261,0.0002,1.4260,-0.3667415559955911882969649723
XRP-USD,2026-08-30T18:41:33.707617Z,1.4259,1.4261,0.0002,1.4260,-0.3667415559955911882969649723
XRP-USD,2026-08-30T18:41:33.748018Z,1.4259,1.4261,0.0002,1.4260,-0.4460610451750726064091971577
XRP-USD,2026-08-30T18:41:33.826952Z,1.4259,1.4261,0.0002,1.4260,-0.4410637201422959698636849207
XRP-USD,2026-08-30T18:41:34.014959Z,1.4259,1.4261,0.0002,1.4260,-0.4410637201422959698636849207
XRP-USD,2026-08-30T18:41:34.021387Z,1.4259,1.4261,0.0002,1.4260,-0.4410637201422959698636849207
XRP-USD,2026-08-30T18:41:34.199551Z,1.4259,1.4261,0.0002,1.4260,-0.3555902092775350776618276791
XRP-USD,2026-08-30T18:41:34.267046Z,1.4259,1.4261,0.0002,1.4260,-0.4104899074035142179721160458
XRP-USD,2026-08-30T18:41:34.325932Z,1.4259,1.4261,0.0002,1.4260,-0.4104684476149924463695483587
XRP-USD,2026-08-30T18:41:34.347085Z,1.4259,1.4261,0.0002,1.4260,-0.4104684476149924463695483587
XRP-USD,2026-08-30T18:41:34.424041Z,1.4259,1.4261,0.0002,1.4260,-0.4212519071728470439743781957
XRP-USD,2026-08-30T18:41:34.456548Z,1.4259,1.4261,0.0002,1.4260,-0.4212519071728470439743781957
XRP-USD,2026-08-30T18:41:34.515443Z,1.4259,1.4261,0.0002,1.4260,-0.4113202070561668112878558455
XRP-USD,2026-08-30T18:41:34.617437Z,1.4259,1.4261,0.0002,1.4260,-0.4113202070561668112878558455
XRP-USD,2026-08-30T18:41:34.654166Z,1.4259,1.4261,0.0002,1.4260,-0.4168721679549909974429894899
XRP-USD,2026-08-30T18:41:34.720272Z,1.4259,1.4261,0.0002,1.4260,-0.3630886169775713794124882832
XRP-USD,2026-08-30T18:41:34.751061Z,1.4259,1.426,0.0001,1.42595,-0.3434899236252615048626181629
XRP-USD,2026-08-30T18:41:34.823258Z,1.4259,1.426,0.0001,1.42595,-0.3434899236252615048626181629
XRP-USD,2026-08-30T18:41:34.867081Z,1.4259,1.426,0.0001,1.42595,-0.3434899236252615048626181629
XRP-USD,2026-08-30T18:41:34.8785Z,1.4259,1.426,0.0001,1.42595,-0.2694753763578527037518226716
XRP-USD,2026-08-30T18:41:35.017537Z,1.4259,1.426,0.0001,1.42595,-0.2677048732274988196481452255
XRP-USD,2026-08-30T18:41:35.060411Z,1.4259,1.426,0.0001,1.42595,-0.3298894419350517616899815231
XRP-USD,2026-08-30T18:41:35.144599Z,1.4259,1.426,0.0001,1.42595,-0.3298894419350517616899815231
XRP-USD,2026-08-30T18:41:35.376566Z,1.4259,1.426,0.0001,1.42595,-0.3638726058986296426273001080
XRP-USD,2026-08-30T18:41:35.391139Z,1.4259,1.426,0.0001,1.42595,-0.2946249593091981702898671026
XRP-USD,2026-08-30T18:41:35.570712Z,1.4259,1.426,0.0001,1.42595,-0.3984346951316421686545410153
XRP-USD,2026-08-30T18:41:35.58754Z,1.4259,1.426,0.0001,1.42595,-0.3921319501134894719356903336
XRP-USD,2026-08-30T18:41:35.595631Z,1.4259,1.426,0.0001,1.42595,-0.3856957359425856089611424811
XRP-USD,2026-08-30T18:41:35.717218Z,1.4259,1.426,0.0001,1.42595,-0.3856957359425856089611424811
XRP-USD,2026-08-30T18:41:35.779757Z,1.4259,1.426,0.0001,1.42595,-0.4021635082466719738799201221
XRP-USD,2026-08-30T18:41:35.82657Z,1.4259,1.426,0.0001,1.42595,-0.3828892906991980714070353045
XRP-USD,2026-08-30T18:41:35.964887Z,1.4259,1.4261,0.0002,1.4260,-0.4570072900401759286135914330
XRP-USD,2026-08-30T18:41:36.018316Z,1.4259,1.4261,0.0002,1.4260,-0.4570072900401759286135914330
XRP-USD,2026-08-30T18:41:36.057897Z,1.4259,1.4261,0.0002,1.4260,-0.3787840163080047554722310898
XRP-USD,2026-08-30T18:41:36.187941Z,1.4259,1.4261,0.0002,1.4260,-0.3851121708216501712865466955
XRP-USD,2026-08-30T18:41:36.197971Z,1.4259,1.4261,0.0002,1.4260,-0.3851121708216501712865466955
XRP-USD,2026-08-30T18:41:36.308868Z,1.4259,1.4261,0.0002,1.4260,-0.4666037814627275890641252590
XRP-USD,2026-08-30T18:41:36.426049Z,1.4259,1.426,0.0001,1.42595,-0.3084717403343634260517850921
XRP-USD,2026-08-30T18:41:36.474058Z,1.4259,1.426,0.0001,1.42595,-0.3649215935712140952093989423
XRP-USD,2026-08-30T18:41:36.497085Z,1.4259,1.426,0.0001,1.42595,-0.3262776526433934391537670834
XRP-USD,2026-08-30T18:41:36.574157Z,1.4259,1.426,0.0001,1.42595,-0.3262776526433934391537670834
XRP-USD,2026-08-30T18:41:36.60191Z,1.4259,1.426,0.0001,1.42595,-0.3235234583842232851430252766
XRP-USD,2026-08-30T18:41:36.646957Z,1.4259,1.426,0.0001,1.42595,-0.3262776919462673862272588845
XRP-USD,2026-08-30T18:41:36.715354Z,1.4259,1.4261,0.0002,1.4260,-0.4819501142981236565375237069
XRP-USD,2026-08-30T18:41:36.747959Z,1.4259,1.4261,0.0002,1.4260,-0.4622952508058589808858433468
XRP-USD,2026-08-30T18:41:36.873928Z,1.4259,1.4261,0.0002,1.4260,-0.4510678963448490105182672261
XRP-USD,2026-08-30T18:41:36.901276Z,1.4259,1.4261,0.0002,1.4260,-0.4520002163461981447392960931
XRP-USD,2026-08-30T18:41:37.015524Z,1.4259,1.4261,0.0002,1.4260,-0.4520002163461981447392960931
XRP-USD,2026-08-30T18:41:37.020678Z,1.4259,1.4261,0.0002,1.4260,-0.4520002163461981447392960931
XRP-USD,2026-08-30T18:41:37.089005Z,1.4259,1.4261,0.0002,1.4260,-0.4520002163461981447392960931
XRP-USD,2026-08-30T18:41:37.170758Z,1.4259,1.426,0.0001,1.42595,-0.3555248592023109983333128118
XRP-USD,2026-08-30T18:41:37.176635Z,1.4259,1.426,0.0001,1.42595,-0.3668421139637472342941828899
XRP-USD,2026-08-30T18:41:37.248966Z,1.4259,1.426,0.0001,1.42595,-0.3668421139637472342941828899
XRP-USD,2026-08-30T18:41:37.625576Z,1.4259,1.426,0.0001,1.42595,-0.3668421139637472342941828899
XRP-USD,2026-08-30T18:41:37.769161Z,1.4259,1.426,0.0001,1.42595,-0.3012126466512295085925738516
XRP-USD,2026-08-30T18:41:37.795835Z,1.4259,1.426,0.0001,1.42595,-0.3998304261534941514203406535
XRP-USD,2026-08-30T18:41:37.872634Z,1.426,1.4262,0.0002,1.4261,-0.7484187214545898263730756237
XRP-USD,2026-08-30T18:41:37.92648Z,1.426,1.4262,0.0002,1.4261,-0.6587034004416646316642020504
XRP-USD,2026-08-30T18:41:37.975932Z,1.426,1.4262,0.0002,1.4261,-0.7288810963111171394959684100
XRP-USD,2026-08-30T18:41:38.013669Z,1.426,1.4262,0.0002,1.4261,-0.7310782762218891499897471424
XRP-USD,2026-08-30T18:41:38.075523Z,1.426,1.4262,0.0002,1.4261,-0.7803273643892804731800312254
XRP-USD,2026-08-30T18:41:38.127849Z,1.426,1.4262,0.0002,1.4261,-0.7803273643892804731800312254
XRP-USD,2026-08-30T18:41:38.175398Z,1.426,1.4262,0.0002,1.4261,-0.7896082137442382616059117616
XRP-USD,2026-08-30T18:41:38.231048Z,1.426,1.4262,0.0002,1.4261,-0.7884681174217619948625428203
XRP-USD,2026-08-30T18:41:38.236241Z,1.426,1.4262,0.0002,1.4261,-0.7634779540595801916263150853
XRP-USD,2026-08-30T18:41:38.305675Z,1.426,1.4262,0.0002,1.4261,-0.7635060774272052894653143509
XRP-USD,2026-08-30T18:41:38.379377Z,1.426,1.4262,0.0002,1.4261,-0.7635060774272052894653143509
XRP-USD,2026-08-30T18:41:38.427957Z,1.4259,1.4262,0.0003,1.42605,-0.6708371350599428888030690874
XRP-USD,2026-08-30T18:41:38.474716Z,1.4259,1.4261,0.0002,1.4260,-0.3813372535066619595859418340
XRP-USD,2026-08-30T18:41:38.478965Z,1.4259,1.4261,0.0002,1.4260,-0.3813372535066619595859418340
XRP-USD,2026-08-30T18:41:38.712606Z,1.4259,1.4261,0.0002,1.4260,-0.3882843737121167944708857853
XRP-USD,2026-08-30T18:41:38.877172Z,1.4259,1.4261,0.0002,1.4260,-0.3881547876077596521721768612
XRP-USD,2026-08-30T18:41:38.896228Z,1.4259,1.4261,0.0002,1.4260,-0.4718308415616768293456766083
XRP-USD,2026-08-30T18:41:39.018058Z,1.4259,1.4261,0.0002,1.4260,-0.3812047070079307579280092349
XRP-USD,2026-08-30T18:41:39.053386Z,1.4259,1.4261,0.0002,1.4260,-0.3956107787618516641955569284
XRP-USD,2026-08-30T18:41:39.097516Z,1.4259,1.4261,0.0002,1.4260,-0.3956107787618516641955569284
XRP-USD,2026-08-30T18:41:39.174173Z,1.4259,1.4261,0.0002,1.4260,-0.4215207022125018451384422173
XRP-USD,2026-08-30T18:41:39.222067Z,1.426,1.4262,0.0002,1.4261,-0.7811184215511748881156814639
XRP-USD,2026-08-30T18:41:39.272713Z,1.4259,1.4261,0.0002,1.4260,-0.4572054074626580630907246475
XRP-USD,2026-08-30T18:41:39.298302Z,1.4259,1.4261,0.0002,1.4260,-0.5164037635399571776930363353
XRP-USD,2026-08-30T18:41:39.364604Z,1.4259,1.4261,0.0002,1.4260,-0.5164721740706278555175606165
XRP-USD,2026-08-30T18:41:39.422598Z,1.4259,1.4261,0.0002,1.4260,-0.5113393693643179797223161534
XRP-USD,2026-08-30T18:41:39.454554Z,1.4259,1.4261,0.0002,1.4260,-0.4363416202685523784386452169
XRP-USD,2026-08-30T18:41:39.525772Z,1.4259,1.4261,0.0002,1.4260,-0.4363416202685523784386452169
XRP-USD,2026-08-30T18:41:39.536432Z,1.4259,1.4261,0.0002,1.4260,-0.4363416202685523784386452169
XRP-USD,2026-08-30T18:41:39.638229Z,1.4259,1.4261,0.0002,1.4260,-0.4841866239342727105764931818
XRP-USD,2026-08-30T18:41:39.707627Z,1.4259,1.4261,0.0002,1.4260,-0.4294146599557359515202257534
XRP-USD,2026-08-30T18:41:39.773193Z,1.4259,1.4261,0.0002,1.4260,-0.4353362096886510311207296365
XRP-USD,2026-08-30T18:41:39.823983Z,1.4259,1.4261,0.0002,1.4260,-0.4833447812062631412218389288
XRP-USD,2026-08-30T18:41:39.924443Z,1.4259,1.4261,0.0002,1.4260,-0.3702869097122073265905592809
XRP-USD,2026-08-30T18:41:39.948189Z,1.4259,1.4261,0.0002,1.4260,-0.4941627529377029627409384488
XRP-USD,2026-08-30T18:41:39.998305Z,1.4259,1.4261,0.0002,1.4260,-0.4987980782596154104469267947
XRP-USD,2026-08-30T18:41:40.066644Z,1.426,1.4262,0.0002,1.4261,-0.1103863032071133398927630877
XRP-USD,2026-08-30T18:41:40.114082Z,1.4261,1.4262,0.0001,1.42615,-0.01500411681766012955075718503
XRP-USD,2026-08-30T18:41:40.175535Z,1.4261,1.4262,0.0001,1.42615,-0.04624885247610882104287504162
XRP-USD,2026-08-30T18:41:40.21307Z,1.4261,1.4262,0.0001,1.42615,-0.04624885247610882104287504162
XRP-USD,2026-08-30T18:41:40.249151Z,1.4261,1.4262,0.0001,1.42615,-0.06197951189853188718992002117
XRP-USD,2026-08-30T18:41:40.379051Z,1.4261,1.4262,0.0001,1.42615,-0.1344028438481689919882052177
XRP-USD,2026-08-30T18:41:40.411761Z,1.4261,1.4262,0.0001,1.42615,-0.1344675121064450524441922646
XRP-USD,2026-08-30T18:41:40.706456Z,1.4261,1.4262,0.0001,1.42615,0.02242174437749404105838010480
XRP-USD,2026-08-30T18:41:40.976574Z,1.4261,1.4262,0.0001,1.42615,-0.1318085058759470431351955566
XRP-USD,2026-08-30T18:41:41.030059Z,1.4261,1.4262,0.0001,1.42615,-0.1191855549178783521863961664
XRP-USD,2026-08-30T18:41:41.160161Z,1.4261,1.4262,0.0001,1.42615,-0.1200603535134223810220895092
XRP-USD,2026-08-30T18:41:41.200657Z,1.4261,1.4262,0.0001,1.42615,0.04158717429232574834405107815
XRP-USD,2026-08-30T18:41:41.236657Z,1.4261,1.4262,0.0001,1.42615,0.02525661083867743543154199942
XRP-USD,2026-08-30T18:41:41.290643Z,1.4261,1.4262,0.0001,1.42615,0.02525661083867743543154199942
XRP-USD,2026-08-30T18:41:41.418791Z,1.4261,1.4263,0.0002,1.4262,-0.1234690281736937337218586402
XRP-USD,2026-08-30T18:41:41.459551Z,1.4261,1.4263,0.0002,1.4262,-0.1413403086110388772611976302
XRP-USD,2026-08-30T18:41:41.52496Z,1.4262,1.4264,0.0002,1.4263,-0.2266817479387415845901674641
XRP-USD,2026-08-30T18:41:41.556504Z,1.4263,1.4264,0.0001,1.42635,0.2731583429608361971486387750
XRP-USD,2026-08-30T18:41:41.633912Z,1.4263,1.4264,0.0001,1.42635,0.3966082541489145507410727888
XRP-USD,2026-08-30T18:41:41.67108Z,1.4263,1.4264,0.0001,1.42635,0.3808474745616321391927975260
XRP-USD,2026-08-30T18:41:41.705468Z,1.4263,1.4264,0.0001,1.42635,0.3791617999746807663153635665
XRP-USD,2026-08-30T18:41:41.747086Z,1.4263,1.4264,0.0001,1.42635,0.3791617999746807663153635665
XRP-USD,2026-08-30T18:41:41.822057Z,1.4263,1.4264,0.0001,1.42635,0.4453710383639649818335886029
XRP-USD,2026-08-30T18:41:41.868385Z,1.4263,1.4264,0.0001,1.42635,0.7151433674760737762275527109
XRP-USD,2026-08-30T18:41:41.917738Z,1.4263,1.4264,0.0001,1.42635,0.5443513634574676816496161316
XRP-USD,2026-08-30T18:41:41.965887Z,1.4263,1.4264,0.0001,1.42635,0.5443513634574676816496161316
XRP-USD,2026-08-30T18:41:42.016692Z,1.4263,1.4264,0.0001,1.42635,0.5393183007044841251207706133
XRP-USD,2026-08-30T18:41:42.076257Z,1.4263,1.4264,0.0001,1.42635,0.5028069883818565129505775925
XRP-USD,2026-08-30T18:41:42.124585Z,1.4263,1.4264,0.0001,1.42635,0.3741062319244298367677616895
XRP-USD,2026-08-30T18:41:42.16801Z,1.4263,1.4264,0.0001,1.42635,0.5064136451366360722436720589
XRP-USD,2026-08-30T18:41:42.217887Z,1.4263,1.4264,0.0001,1.42635,0.5026096106377126284977345280
XRP-USD,2026-08-30T18:41:42.276485Z,1.4263,1.4264,0.0001,1.42635,0.4999404609425715141666770448
XRP-USD,2026-08-30T18:41:42.285443Z,1.4263,1.4264,0.0001,1.42635,0.5000346909806081299929681313
XRP-USD,2026-08-30T18:41:42.348179Z,1.4263,1.4264,0.0001,1.42635,0.5000346909806081299929681313
XRP-USD,2026-08-30T18:41:42.51122Z,1.4263,1.4264,0.0001,1.42635,0.4998854244251991515410209241
XRP-USD,2026-08-30T18:41:42.551905Z,1.4263,1.4264,0.0001,1.42635,0.6604279057275448601523490723
XRP-USD,2026-08-30T18:41:42.584222Z,1.4263,1.4264,0.0001,1.42635,0.6604279057275448601523490723
XRP-USD,2026-08-30T18:41:42.662175Z,1.4263,1.4264,0.0001,1.42635,0.6604279057275448601523490723
XRP-USD,2026-08-30T18:41:42.686281Z,1.4263,1.4264,0.0001,1.42635,0.6604279057275448601523490723
XRP-USD,2026-08-30T18:41:42.742002Z,1.4263,1.4264,0.0001,1.42635,0.6604279057275448601523490723
XRP-USD,2026-08-30T18:41:42.818084Z,1.4263,1.4264,0.0001,1.42635,0.6604279057275448601523490723
XRP-USD,2026-08-30T18:41:42.890296Z,1.4263,1.4264,0.0001,1.42635,0.6604279057275448601523490723
XRP-USD,2026-08-30T18:41:43.016563Z,1.4263,1.4264,0.0001,1.42635,0.6589708777831702289865790963
XRP-USD,2026-08-30T18:41:43.057173Z,1.4263,1.4264,0.0001,1.42635,0.6624954768294451159423432361
XRP-USD,2026-08-30T18:41:43.27621Z,1.4263,1.4264,0.0001,1.42635,0.6622527387284070883872476784
XRP-USD,2026-08-30T18:41:43.281245Z,1.4263,1.4264,0.0001,1.42635,0.6622527387284070883872476784
XRP-USD,2026-08-30T18:41:43.368205Z,1.4263,1.4264,0.0001,1.42635,0.6622527387284070883872476784
XRP-USD,2026-08-30T18:41:43.420588Z,1.4263,1.4264,0.0001,1.42635,0.4958062429150324510174313312
XRP-USD,2026-08-30T18:41:43.426101Z,1.4263,1.4264,0.0001,1.42635,0.4958062429150324510174313312
XRP-USD,2026-08-30T18:41:43.578281Z,1.4263,1.4264,0.0001,1.42635,0.4959554666359829903256291310
XRP-USD,2026-08-30T18:41:43.605058Z,1.4263,1.4264,0.0001,1.42635,0.7464135294378232977552556724
XRP-USD,2026-08-30T18:41:43.763673Z,1.4266,1.4267,0.0001,1.42665,0.1292749170770506823536171297
XRP-USD,2026-08-30T18:41:43.798309Z,1.4266,1.4267,0.0001,1.42665,0.2088936579940452644652835912
XRP-USD,2026-08-30T18:41:43.850636Z,1.4266,1.4267,0.0001,1.42665,0.1661869520709778402518639926
XRP-USD,2026-08-30T18:41:43.920221Z,1.4266,1.4268,0.0002,1.4267,-0.6153038252525693152300590728
XRP-USD,2026-08-30T18:41:43.980715Z,1.4266,1.4268,0.0002,1.4267,-0.6130499402788832372695068179
XRP-USD,2026-08-30T18:41:44.015161Z,1.4266,1.4268,0.0002,1.4267,-0.6130499402788832372695068179
XRP-USD,2026-08-30T18:41:44.027933Z,1.4266,1.4268,0.0002,1.4267,-0.6130499402788832372695068179
XRP-USD,2026-08-30T18:41:44.081058Z,1.4266,1.4268,0.0002,1.4267,-0.6578904433705146129330623261
XRP-USD,2026-08-30T18:41:44.117709Z,1.4266,1.4268,0.0002,1.4267,-0.6578904433705146129330623261
XRP-USD,2026-08-30T18:41:44.212632Z,1.4266,1.4268,0.0002,1.4267,-0.6134507562548256168297432023
XRP-USD,2026-08-30T18:41:44.325817Z,1.4266,1.4268,0.0002,1.4267,-0.6350940264678289018155187319
XRP-USD,2026-08-30T18:41:44.379028Z,1.4266,1.4268,0.0002,1.4267,-0.6249989776391408944281683232
XRP-USD,2026-08-30T18:41:44.423138Z,1.4265,1.4266,0.0001,1.42655,-0.3063368149363302841644906540
XRP-USD,2026-08-30T18:41:44.462557Z,1.4265,1.4266,0.0001,1.42655,-0.1974700922337087525685670824
XRP-USD,2026-08-30T18:41:44.50847Z,1.4265,1.4266,0.0001,1.42655,-0.1432304047813030616331199882
XRP-USD,2026-08-30T18:41:44.558627Z,1.4265,1.4266,0.0001,1.42655,-0.1490456670327959537693519443
XRP-USD,2026-08-30T18:41:44.610047Z,1.4265,1.4266,0.0001,1.42655,-0.2475494014420219549700030127
XRP-USD,2026-08-30T18:41:44.634674Z,1.4265,1.4266,0.0001,1.42655,-0.2475494014420219549700030127
XRP-USD,2026-08-30T18:41:44.718318Z,1.4265,1.4267,0.0002,1.4266,-0.4653086950435098511144229261
XRP-USD,2026-08-30T18:41:44.742757Z,1.4265,1.4267,0.0002,1.4266,-0.3133834937602436348327260327
XRP-USD,2026-08-30T18:41:44.792484Z,1.4265,1.4267,0.0002,1.4266,-0.3133834937602436348327260327
XRP-USD,2026-08-30T18:41:44.848975Z,1.4265,1.4267,0.0002,1.4266,-0.3050084695598041026435765656
XRP-USD,2026-08-30T18:41:44.924767Z,1.4267,1.4268,0.0001,1.42675,-0.5094242039769325736175238387
XRP-USD,2026-08-30T18:41:44.977604Z,1.4267,1.4268,0.0001,1.42675,-0.3945446600127400665364769014
XRP-USD,2026-08-30T18:41:45.019055Z,1.4267,1.4268,0.0001,1.42675,-0.5095395495061640913802940801
XRP-USD,2026-08-30T18:41:45.061461Z,1.4267,1.4268,0.0001,1.42675,-0.5988755002113336180672335199
XRP-USD,2026-08-30T18:41:45.130103Z,1.4266,1.4268,0.0002,1.4267,-0.6558756360591376098900821739
XRP-USD,2026-08-30T18:41:45.165843Z,1.4266,1.4268,0.0002,1.4267,-0.5826196260501096528677841318
XRP-USD,2026-08-30T18:41:45.179989Z,1.4267,1.4268,0.0001,1.42675,-0.6570373597715303735410711384
XRP-USD,2026-08-30T18:41:45.267075Z,1.4267,1.4268,0.0001,1.42675,-0.6098484962506901799143943471
XRP-USD,2026-08-30T18:41:45.330708Z,1.4267,1.4268,0.0001,1.42675,-0.6132342877285987838052080345
XRP-USD,2026-08-30T18:41:45.379445Z,1.4267,1.4268,0.0001,1.42675,-0.6132408623265637484166185675
XRP-USD,2026-08-30T18:41:45.385083Z,1.4267,1.4268,0.0001,1.42675,-0.6592482412163714427923708976
XRP-USD,2026-08-30T18:41:45.474418Z,1.4267,1.4268,0.0001,1.42675,-0.6522595282121701387101313936
XRP-USD,2026-08-30T18:41:45.521802Z,1.4267,1.4268,0.0001,1.42675,-0.7404126894496660545560255528
XRP-USD,2026-08-30T18:41:45.529946Z,1.4267,1.4268,0.0001,1.42675,-0.7404126894496660545560255528
XRP-USD,2026-08-30T18:41:45.632499Z,1.4267,1.4268,0.0001,1.42675,-0.6895507632516032810481885083
XRP-USD,2026-08-30T18:41:45.677913Z,1.4267,1.4268,0.0001,1.42675,-0.6418302115964827301031693914
XRP-USD,2026-08-30T18:41:45.723818Z,1.4267,1.4268,0.0001,1.42675,-0.6895177199980463081554425822
XRP-USD,2026-08-30T18:41:45.770908Z,1.4267,1.4268,0.0001,1.42675,-0.6417789543236474415673553856
XRP-USD,2026-08-30T18:41:45.827086Z,1.4267,1.4268,0.0001,1.42675,-0.6895177199980463081554425822
XRP-USD,2026-08-30T18:41:45.874451Z,1.4267,1.4268,0.0001,1.42675,-0.6192228559471557623100033827
XRP-USD,2026-08-30T18:41:45.92079Z,1.4267,1.4268,0.0001,1.42675,-0.5617465069387409843949395429
XRP-USD,2026-08-30T18:41:45.948669Z,1.4267,1.4268,0.0001,1.42675,-0.6273523342438578694971778875
XRP-USD,2026-08-30T18:41:46.028133Z,1.4267,1.4268,0.0001,1.42675,-0.6273461045761190247219298368
XRP-USD,2026-08-30T18:41:46.051497Z,1.4267,1.4268,0.0001,1.42675,-0.6273461045761190247219298368
XRP-USD,2026-08-30T18:41:46.078808Z,1.4267,1.4268,0.0001,1.42675,-0.6964224990772202992469531076
XRP-USD,2026-08-30T18:41:46.248097Z,1.4267,1.4268,0.0001,1.42675,-0.6273461045761190247219298368
XRP-USD,2026-08-30T18:41:46.320406Z,1.4267,1.4268,0.0001,1.42675,-0.6051934314449650806810475474
XRP-USD,2026-08-30T18:41:46.468553Z,1.4267,1.4268,0.0001,1.42675,-0.6051999415970203993288190621
XRP-USD,2026-08-30T18:41:46.542336Z,1.4267,1.4268,0.0001,1.42675,-0.6052881258216858143719267888
XRP-USD,2026-08-30T18:41:46.592768Z,1.4267,1.4268,0.0001,1.42675,-0.6496059613023104514470014779
XRP-USD,2026-08-30T18:41:46.636964Z,1.4267,1.4268,0.0001,1.42675,-0.6052778469290632049905987261
XRP-USD,2026-08-30T18:41:46.725352Z,1.4267,1.4268,0.0001,1.42675,-0.6052689731510316626453211990
XRP-USD,2026-08-30T18:41:46.82592Z,1.4267,1.4268,0.0001,1.42675,-0.6052689731510316626453211990
XRP-USD,2026-08-30T18:41:46.876272Z,1.4267,1.4268,0.0001,1.42675,-0.6052689731510316626453211990
XRP-USD,2026-08-30T18:41:46.902206Z,1.4267,1.4268,0.0001,1.42675,-0.6052196347051979335276316163
XRP-USD,2026-08-30T18:41:46.937964Z,1.4267,1.4268,0.0001,1.42675,-0.6052689731510316626453211990
XRP-USD,2026-08-30T18:41:47.020346Z,1.4267,1.4268,0.0001,1.42675,-0.6826465787864129487056445070
XRP-USD,2026-08-30T18:41:47.036214Z,1.4266,1.4268,0.0002,1.4267,-0.6601359464805062743412271545
XRP-USD,2026-08-30T18:41:47.177155Z,1.4266,1.4268,0.0002,1.4267,-0.6601359464805062743412271545
XRP-USD,2026-08-30T18:41:47.222809Z,1.4266,1.4268,0.0002,1.4267,-0.6575748875078759742109432441
XRP-USD,2026-08-30T18:41:47.227462Z,1.4266,1.4268,0.0002,1.4267,-0.6575748875078759742109432441
XRP-USD,2026-08-30T18:41:47.35762Z,1.4266,1.4268,0.0002,1.4267,-0.6575748875078759742109432441
XRP-USD,2026-08-30T18:41:47.424098Z,1.4266,1.4268,0.0002,1.4267,-0.6146579694195180086635071040
XRP-USD,2026-08-30T18:41:47.477Z,1.4266,1.4268,0.0002,1.4267,-0.6146579694195180086635071040
XRP-USD,2026-08-30T18:41:47.521333Z,1.4265,1.4267,0.0002,1.4266,-0.2970211541446801369358623694
XRP-USD,2026-08-30T18:41:47.572952Z,1.4266,1.4268,0.0002,1.4267,-0.6117742127556456713496122460
XRP-USD,2026-08-30T18:41:47.617467Z,1.4266,1.4268,0.0002,1.4267,-0.5307175184227558728106507900
XRP-USD,2026-08-30T18:41:47.659563Z,1.4266,1.4268,0.0002,1.4267,-0.6089531987555132681695905343
XRP-USD,2026-08-30T18:41:47.728447Z,1.4266,1.4268,0.0002,1.4267,-0.6468171718724235540913601387
XRP-USD,2026-08-30T18:41:47.75902Z,1.4266,1.4268,0.0002,1.4267,-0.6028758552653536730655078025
XRP-USD,2026-08-30T18:41:47.807193Z,1.4266,1.4268,0.0002,1.4267,-0.6468171718724235540913601387
XRP-USD,2026-08-30T18:41:47.827528Z,1.4266,1.4268,0.0002,1.4267,-0.6468171718724235540913601387
XRP-USD,2026-08-30T18:41:47.918378Z,1.4264,1.4267,0.0003,1.42655,-0.2324940196822014835877777850
XRP-USD,2026-08-30T18:41:47.972102Z,1.4265,1.4267,0.0002,1.4266,-0.2739092925820866807046574763
XRP-USD,2026-08-30T18:41:48.015519Z,1.4265,1.4267,0.0002,1.4266,-0.2738074748561169955350461384
XRP-USD,2026-08-30T18:41:48.056502Z,1.4265,1.4267,0.0002,1.4266,-0.2014025521623515105332054589
XRP-USD,2026-08-30T18:41:48.078532Z,1.4265,1.4267,0.0002,1.4266,-0.2562520126738323500637097647
XRP-USD,2026-08-30T18:41:48.172368Z,1.4265,1.4267,0.0002,1.4266,-0.2947961270300226143398267008
XRP-USD,2026-08-30T18:41:48.17905Z,1.4265,1.4267,0.0002,1.4266,-0.3121317947602651132645086382
XRP-USD,2026-08-30T18:41:48.30768Z,1.4264,1.4266,0.0002,1.4265,0.02913580351929599619989393531
XRP-USD,2026-08-30T18:41:48.364258Z,1.4264,1.4265,0.0001,1.42645,0.2709983886609506594787854610
XRP-USD,2026-08-30T18:41:48.405684Z,1.4264,1.4265,0.0001,1.42645,0.2709983886609506594787854610
XRP-USD,2026-08-30T18:41:48.461673Z,1.4264,1.4265,0.0001,1.42645,0.2682132703398303207349064989
XRP-USD,2026-08-30T18:41:48.471233Z,1.4264,1.4265,0.0001,1.42645,0.2682132703398303207349064989
XRP-USD,2026-08-30T18:41:48.57144Z,1.4264,1.4265,0.0001,1.42645,-0.2364461850338407816521338900
XRP-USD,2026-08-30T18:41:48.576982Z,1.4264,1.4265,0.0001,1.42645,-0.2364461850338407816521338900
XRP-USD,2026-08-30T18:41:48.686814Z,1.4264,1.4265,0.0001,1.42645,-0.1091178213068473591194649660
XRP-USD,2026-08-30T18:41:48.776842Z,1.4264,1.4265,0.0001,1.42645,-0.2078461379528026346789326819
XRP-USD,2026-08-30T18:41:48.820395Z,1.4264,1.4265,0.0001,1.42645,-0.2078461379528026346789326819
XRP-USD,2026-08-30T18:41:48.935547Z,1.4264,1.4265,0.0001,1.42645,-0.2171513715300222703059596550
XRP-USD,2026-08-30T18:41:49.016812Z,1.4264,1.4265,0.0001,1.42645,-0.2169231568779174773422799354
XRP-USD,2026-08-30T18:41:49.044593Z,1.4264,1.4265,0.0001,1.42645,-0.2167026595357342254547387756
XRP-USD,2026-08-30T18:41:49.097949Z,1.4264,1.4265,0.0001,1.42645,-0.2167026595357342254547387756
XRP-USD,2026-08-30T18:41:49.105736Z,1.4264,1.4265,0.0001,1.42645,-0.2168304287804029578007766858
XRP-USD,2026-08-30T18:41:49.296679Z,1.4264,1.4265,0.0001,1.42645,-0.2168304287804029578007766858
XRP-USD,2026-08-30T18:41:49.421839Z,1.4264,1.4265,0.0001,1.42645,0.2111069409423874165887178990
XRP-USD,2026-08-30T18:41:49.465681Z,1.4264,1.4265,0.0001,1.42645,0.1965912277094842463480993505
XRP-USD,2026-08-30T18:41:49.521103Z,1.4264,1.4265,0.0001,1.42645,0.3280425504516244899012367170
XRP-USD,2026-08-30T18:41:49.573274Z,1.4264,1.4265,0.0001,1.42645,0.3484550642040632990754729523
XRP-USD,2026-08-30T18:41:49.615497Z,1.4262,1.4265,0.0003,1.42635,0.1907929622626736925738865020
XRP-USD,2026-08-30T18:41:49.67588Z,1.4262,1.4265,0.0003,1.42635,0.1987516858720366940378145227
XRP-USD,2026-08-30T18:41:49.722528Z,1.4263,1.4265,0.0002,1.4264,0.2222467984927889749350530498
XRP-USD,2026-08-30T18:41:49.780319Z,1.4264,1.4266,0.0002,1.4265,-0.2171786624390336161450388136
XRP-USD,2026-08-30T18:41:49.82112Z,1.4264,1.4266,0.0002,1.4265,0.1907403914968014463481147889
XRP-USD,2026-08-30T18:41:49.879456Z,1.4264,1.4266,0.0002,1.4265,0.1907403914968014463481147889
XRP-USD,2026-08-30T18:41:49.894257Z,1.4264,1.4266,0.0002,1.4265,0.1766897915864077137726690651
XRP-USD,2026-08-30T18:41:50.027854Z,1.4264,1.4266,0.0002,1.4265,0.1768378513907257232448077285
XRP-USD,2026-08-30T18:41:50.131581Z,1.4264,1.4266,0.0002,1.4265,0.1871525577543502405077712427
XRP-USD,2026-08-30T18:41:50.158565Z,1.4264,1.4266,0.0002,1.4265,0.1870559008979480937258610267
XRP-USD,2026-08-30T18:41:50.177949Z,1.4264,1.4266,0.0002,1.4265,0.1870559008979480937258610267
XRP-USD,2026-08-30T18:41:50.24905Z,1.4264,1.4266,0.0002,1.4265,0.1903290774541265262628059236
XRP-USD,2026-08-30T18:41:50.323251Z,1.4264,1.4266,0.0002,1.4265,0.1903290774541265262628059236
XRP-USD,2026-08-30T18:41:50.510438Z,1.4264,1.4266,0.0002,1.4265,0.1903290774541265262628059236
XRP-USD,2026-08-30T18:41:50.570072Z,1.4264,1.4266,0.0002,1.4265,0.1903290774541265262628059236
XRP-USD,2026-08-30T18:41:50.607943Z,1.4264,1.4266,0.0002,1.4265,0.1890518365902907421238072710
XRP-USD,2026-08-30T18:41:50.675648Z,1.4264,1.4266,0.0002,1.4265,0.1890518365902907421238072710
XRP-USD,2026-08-30T18:41:50.714482Z,1.4264,1.4265,0.0001,1.42645,0.2890913099278023832571443358
XRP-USD,2026-08-30T18:41:50.765967Z,1.4264,1.4265,0.0001,1.42645,0.1539281690457905608654003920
XRP-USD,2026-08-30T18:41:50.788788Z,1.4262,1.4263,0.0001,1.42625,0.2504474232250023529058538254
XRP-USD,2026-08-30T18:41:50.868475Z,1.4262,1.4263,0.0001,1.42625,0.2067037832717863645568803017
XRP-USD,2026-08-30T18:41:50.917063Z,1.4262,1.4263,0.0001,1.42625,0.1762292749196957966240581111
XRP-USD,2026-08-30T18:41:50.971258Z,1.4262,1.4263,0.0001,1.42625,0.1786764523209210099516262065
XRP-USD,2026-08-30T18:41:51.017752Z,1.4262,1.4263,0.0001,1.42625,0.2634377143784829262990567816
XRP-USD,2026-08-30T18:41:51.061476Z,1.4262,1.4263,0.0001,1.42625,0.1761604908301065470143624771
XRP-USD,2026-08-30T18:41:51.097492Z,1.4262,1.4263,0.0001,1.42625,0.2476978050448158375883829991
XRP-USD,2026-08-30T18:41:51.204969Z,1.4262,1.4263,0.0001,1.42625,0.1902207159722779055905995728
XRP-USD,2026-08-30T18:41:51.268403Z,1.4262,1.4263,0.0001,1.42625,0.1828279388542152926118116587
XRP-USD,2026-08-30T18:41:51.305712Z,1.4262,1.4263,0.0001,1.42625,0.2830194526655846588918650043
XRP-USD,2026-08-30T18:41:51.32942Z,1.4262,1.4263,0.0001,1.42625,0.2679842395026501437353009792
XRP-USD,2026-08-30T18:41:51.407033Z,1.4262,1.4263,0.0001,1.42625,0.2523239664067653435434920511
XRP-USD,2026-08-30T18:41:51.532537Z,1.4262,1.4263,0.0001,1.42625,0.1826774428173887144756101468
XRP-USD,2026-08-30T18:41:51.557263Z,1.4262,1.4263,0.0001,1.42625,0.1826774428173887144756101468
XRP-USD,2026-08-30T18:41:51.589644Z,1.4262,1.4263,0.0001,1.42625,0.1826774428173887144756101468
XRP-USD,2026-08-30T18:41:51.664809Z,1.4262,1.4263,0.0001,1.42625,0.1826774428173887144756101468
XRP-USD,2026-08-30T18:41:51.762248Z,1.4262,1.4263,0.0001,1.42625,0.1329415047360847364331630445
XRP-USD,2026-08-30T18:41:51.819313Z,1.4262,1.4263,0.0001,1.42625,0.03097655314363481499867191556
XRP-USD,2026-08-30T18:41:51.87811Z,1.4262,1.4263,0.0001,1.42625,0.05026425795847276777427460764
XRP-USD,2026-08-30T18:41:51.913245Z,1.4262,1.4263,0.0001,1.42625,0.07069219471728811436333945039
XRP-USD,2026-08-30T18:41:52.017261Z,1.4262,1.4263,0.0001,1.42625,0.07084756671197370588427496228
XRP-USD,2026-08-30T18:41:52.070003Z,1.4262,1.4263,0.0001,1.42625,0.1183340517946821477211248903
XRP-USD,2026-08-30T18:41:52.075291Z,1.4262,1.4263,0.0001,1.42625,0.06305105943559291487283939557
XRP-USD,2026-08-30T18:41:52.160173Z,1.4262,1.4263,0.0001,1.42625,0.06289793269169555159045186877
XRP-USD,2026-08-30T18:41:52.216549Z,1.4262,1.4263,0.0001,1.42625,0.2472397347931962634542548320
XRP-USD,2026-08-30T18:41:52.270993Z,1.4262,1.4263,0.0001,1.42625,0.2524303286583395074183427185
XRP-USD,2026-08-30T18:41:52.320465Z,1.4262,1.4263,0.0001,1.42625,0.08662236334729364992533252530
XRP-USD,2026-08-30T18:41:52.360597Z,1.4262,1.4263,0.0001,1.42625,0.08662236334729364992533252530
XRP-USD,2026-08-30T18:41:52.426946Z,1.4262,1.4263,0.0001,1.42625,0.08353593927794409003774376009
XRP-USD,2026-08-30T18:41:52.436143Z,1.4262,1.4263,0.0001,1.42625,0.08353593927794409003774376009
XRP-USD,2026-08-30T18:41:52.546223Z,1.4262,1.4263,0.0001,1.42625,0.02602835495448278846833053973
XRP-USD,2026-08-30T18:41:52.618479Z,1.4262,1.4263,0.0001,1.42625,0.08353593940229453001958604882
XRP-USD,2026-08-30T18:41:52.64317Z,1.4262,1.4263,0.0001,1.42625,0.08353593940229453001958604882
XRP-USD,2026-08-30T18:41:52.712795Z,1.4262,1.4263,0.0001,1.42625,0.08353593940229453001958604882
XRP-USD,2026-08-30T18:41:52.866668Z,1.4262,1.4263,0.0001,1.42625,0.07679538287083826149962490774
XRP-USD,2026-08-30T18:41:52.918366Z,1.4262,1.4263,0.0001,1.42625,0.07679538287083826149962490774
XRP-USD,2026-08-30T18:41:52.975302Z,1.4262,1.4263,0.0001,1.42625,0.07679538287083826149962490774
XRP-USD,2026-08-30T18:41:53.013911Z,1.4262,1.4263,0.0001,1.42625,0.07680828403987808895050200595
XRP-USD,2026-08-30T18:41:53.070448Z,1.4262,1.4263,0.0001,1.42625,0.05867665306681913045587492725
XRP-USD,2026-08-30T18:41:53.105639Z,1.4262,1.4263,0.0001,1.42625,0.02023788517439857267512592938
XRP-USD,2026-08-30T18:41:53.146517Z,1.4262,1.4263,0.0001,1.42625,0.02008099361879728791828189517
XRP-USD,2026-08-30T18:41:53.218254Z,1.4262,1.4263,0.0001,1.42625,0.07690544627724888754917958099
XRP-USD,2026-08-30T18:41:53.256691Z,1.4262,1.4263,0.0001,1.42625,0.02008099361879728791828189517
XRP-USD,2026-08-30T18:41:53.320419Z,1.4262,1.4263,0.0001,1.42625,0.01999320676225197251654069452
XRP-USD,2026-08-30T18:41:53.377654Z,1.4262,1.4263,0.0001,1.42625,0.07680760699651294118026786700
XRP-USD,2026-08-30T18:41:53.418377Z,1.4262,1.4263,0.0001,1.42625,0.03780781263669366540337196000
XRP-USD,2026-08-30T18:41:53.4367Z,1.4262,1.4263,0.0001,1.42625,0.01999320676225197251654069452
XRP-USD,2026-08-30T18:41:53.566361Z,1.4262,1.4263,0.0001,1.42625,0.01999320676225197251654069452
XRP-USD,2026-08-30T18:41:53.733117Z,1.4262,1.4263,0.0001,1.42625,0.1329002844794452547185374632
XRP-USD,2026-08-30T18:41:53.857204Z,1.4262,1.4263,0.0001,1.42625,0.1263192180203882755154203610
XRP-USD,2026-08-30T18:41:53.92069Z,1.4262,1.4263,0.0001,1.42625,0.05422440982844863428420629838
XRP-USD,2026-08-30T18:41:53.945449Z,1.4262,1.4263,0.0001,1.42625,0.07063394913845795776459826270
XRP-USD,2026-08-30T18:41:54.020874Z,1.4262,1.4263,0.0001,1.42625,0.07087460636790970526298775191
XRP-USD,2026-08-30T18:41:54.071807Z,1.4262,1.4263,0.0001,1.42625,0.07087460636790970526298775191
XRP-USD,2026-08-30T18:41:54.175082Z,1.4262,1.4263,0.0001,1.42625,0.07070890624091037896051810556
XRP-USD,2026-08-30T18:41:54.235881Z,1.4262,1.4263,0.0001,1.42625,0.07070890624091037896051810556
XRP-USD,2026-08-30T18:41:54.27445Z,1.4262,1.4263,0.0001,1.42625,0.01409434593535705797836860630
XRP-USD,2026-08-30T18:41:54.303185Z,1.4262,1.4263,0.0001,1.42625,0.01409434593535705797836860630
XRP-USD,2026-08-30T18:41:54.371015Z,1.4262,1.4263,0.0001,1.42625,0.01400758634221682749174439892
XRP-USD,2026-08-30T18:41:54.424763Z,1.4262,1.4263,0.0001,1.42625,0.007093874426304273740829259703
XRP-USD,2026-08-30T18:41:54.472751Z,1.4262,1.4263,0.0001,1.42625,-0.006217628442048090921523146811
XRP-USD,2026-08-30T18:41:54.48255Z,1.4262,1.4263,0.0001,1.42625,0.04917118517719702676555616418
XRP-USD,2026-08-30T18:41:54.520875Z,1.4262,1.4263,0.0001,1.42625,-0.006217628442048090921523146811
XRP-USD,2026-08-30T18:41:54.645579Z,1.4262,1.4263,0.0001,1.42625,0.01043822395462393540128693588
XRP-USD,2026-08-30T18:41:54.76248Z,1.4262,1.4263,0.0001,1.42625,0.04268224974606730108768353991
XRP-USD,2026-08-30T18:41:54.813738Z,1.4262,1.4263,0.0001,1.42625,0.04268224974606730108768353991
XRP-USD,2026-08-30T18:41:54.861035Z,1.4262,1.4263,0.0001,1.42625,-0.01604241787829056525059703530
XRP-USD,2026-08-30T18:41:54.930211Z,1.4262,1.4263,0.0001,1.42625,-0.01604241787829056525059703530
XRP-USD,2026-08-30T18:41:54.969607Z,1.4262,1.4263,0.0001,1.42625,-0.01604241787829056525059703530
XRP-USD,2026-08-30T18:41:55.028574Z,1.4262,1.4263,0.0001,1.42625,-0.01579554353737462254715225214
XRP-USD,2026-08-30T18:41:55.124977Z,1.4262,1.4263,0.0001,1.42625,-0.01580670093474797257704604824
XRP-USD,2026-08-30T18:41:55.153669Z,1.4262,1.4263,0.0001,1.42625,-0.009979223066888893500185666587
XRP-USD,2026-08-30T18:41:55.221783Z,1.4262,1.4263,0.0001,1.42625,-0.01013216367605685898450434085
XRP-USD,2026-08-30T18:41:55.236371Z,1.4262,1.4263,0.0001,1.42625,-0.01013216367605685898450434085
XRP-USD,2026-08-30T18:41:55.319673Z,1.4262,1.4263,0.0001,1.42625,-0.01013216367605685898450434085
XRP-USD,2026-08-30T18:41:55.426266Z,1.4262,1.4263,0.0001,1.42625,-0.01013216367605685898450434085
XRP-USD,2026-08-30T18:41:55.433432Z,1.4262,1.4263,0.0001,1.42625,-0.01021773991538420964447816608
XRP-USD,2026-08-30T18:41:55.517816Z,1.4262,1.4263,0.0001,1.42625,0.04517970646273210336920594092
XRP-USD,2026-08-30T18:41:55.578461Z,1.4262,1.4263,0.0001,1.42625,0.05212323231953977616155007701
XRP-USD,2026-08-30T18:41:55.602092Z,1.4262,1.4263,0.0001,1.42625,0.05212323231953977616155007701
XRP-USD,2026-08-30T18:41:55.775368Z,1.4262,1.4263,0.0001,1.42625,0.04563454198615889924634631511
XRP-USD,2026-08-30T18:41:55.821578Z,1.4262,1.4263,0.0001,1.42625,-0.01604241845733070830993226118
XRP-USD,2026-08-30T18:41:55.889298Z,1.4262,1.4263,0.0001,1.42625,-0.01021773991538420964447816608
XRP-USD,2026-08-30T18:41:55.978319Z,1.4262,1.4263,0.0001,1.42625,-0.05989966308366443430060140570
XRP-USD,2026-08-30T18:41:56.026038Z,1.4262,1.4263,0.0001,1.42625,-0.1041906165526651505810253493
XRP-USD,2026-08-30T18:41:56.12166Z,1.4262,1.4263,0.0001,1.42625,-0.1027582517975103563995051549
XRP-USD,2026-08-30T18:41:56.142789Z,1.4262,1.4263,0.0001,1.42625,-0.0004122710209274131747225565091
XRP-USD,2026-08-30T18:41:56.223656Z,1.4262,1.4263,0.0001,1.42625,-0.006282163373723230264182080001
XRP-USD,2026-08-30T18:41:56.265665Z,1.4262,1.4263,0.0001,1.42625,-0.006434118892254106565697123620
XRP-USD,2026-08-30T18:41:56.306458Z,1.4262,1.4263,0.0001,1.42625,-0.1076807698283623964916902271
XRP-USD,2026-08-30T18:41:56.343397Z,1.4262,1.4263,0.0001,1.42625,-0.1076807698283623964916902271
XRP-USD,2026-08-30T18:41:56.478435Z,1.4262,1.4263,0.0001,1.42625,-0.06290284280176680827406213543
XRP-USD,2026-08-30T18:41:56.484055Z,1.4262,1.4263,0.0001,1.42625,-0.06297953855239519954124219186
XRP-USD,2026-08-30T18:41:56.572933Z,1.4262,1.4263,0.0001,1.42625,-0.06297953855239519954124219186
XRP-USD,2026-08-30T18:41:56.727659Z,1.4262,1.4263,0.0001,1.42625,-0.1266428556902732979306697745
XRP-USD,2026-08-30T18:41:56.75623Z,1.4262,1.4263,0.0001,1.42625,-0.1077474897994542302276022508
XRP-USD,2026-08-30T18:41:56.768912Z,1.4262,1.4263,0.0001,1.42625,-0.1077474897994542302276022508
XRP-USD,2026-08-30T18:41:56.870872Z,1.4262,1.4263,0.0001,1.42625,-0.1125695645303736444235080342
XRP-USD,2026-08-30T18:41:57.019127Z,1.4262,1.4263,0.0001,1.42625,-0.1125695645303736444235080342
XRP-USD,2026-08-30T18:41:57.029685Z,1.4262,1.4263,0.0001,1.42625,-0.1123676926533332934158261343
XRP-USD,2026-08-30T18:41:57.160206Z,1.4262,1.4263,0.0001,1.42625,-0.07488416494075635741229455306
XRP-USD,2026-08-30T18:41:57.268944Z,1.4262,1.4263,0.0001,1.42625,-0.02567795735434929026239150483
XRP-USD,2026-08-30T18:41:57.315472Z,1.4262,1.4263,0.0001,1.42625,-0.02582899882130197747730128374
XRP-USD,2026-08-30T18:41:57.330686Z,1.4262,1.4263,0.0001,1.42625,-0.07503038540513439334061892161
XRP-USD,2026-08-30T18:41:57.392553Z,1.4262,1.4263,0.0001,1.42625,-0.07503038540513439334061892161
XRP-USD,2026-08-30T18:41:57.499105Z,1.4262,1.4263,0.0001,1.42625,-0.05628421873496241469782379477
XRP-USD,2026-08-30T18:41:57.547593Z,1.4262,1.4263,0.0001,1.42625,-0.03582909986921230451042795627
XRP-USD,2026-08-30T18:41:57.626086Z,1.4262,1.4263,0.0001,1.42625,-0.05391702677705864473267156331
XRP-USD,2026-08-30T18:41:57.67563Z,1.4262,1.4263,0.0001,1.42625,-0.04709904925723934810937892518
XRP-USD,2026-08-30T18:41:57.72369Z,1.4262,1.4263,0.0001,1.42625,-0.07266891189519554133080728412
XRP-USD,2026-08-30T18:41:57.780998Z,1.4262,1.4263,0.0001,1.42625,-0.06560697023527533616998494914
XRP-USD,2026-08-30T18:41:57.824601Z,1.4262,1.4263,0.0001,1.42625,-0.02320932559225906038762823112
XRP-USD,2026-08-30T18:41:57.829686Z,1.4262,1.4263,0.0001,1.42625,-0.01611620837123747043045593335
XRP-USD,2026-08-30T18:41:57.905694Z,1.4262,1.4263,0.0001,1.42625,-0.01591795124718973597938125451
XRP-USD,2026-08-30T18:41:58.026374Z,1.4262,1.4263,0.0001,1.42625,-0.01575477562832264776859940932
XRP-USD,2026-08-30T18:41:58.078364Z,1.4262,1.4263,0.0001,1.42625,-0.03502534660411101319709621331
XRP-USD,2026-08-30T18:41:58.156646Z,1.4262,1.4263,0.0001,1.42625,-0.06527947552288939070486285671
XRP-USD,2026-08-30T18:41:58.209883Z,1.4262,1.4263,0.0001,1.42625,-0.01575325487206588564543623590
XRP-USD,2026-08-30T18:41:58.276858Z,1.4262,1.4263,0.0001,1.42625,-0.01576447228636746958194982686
XRP-USD,2026-08-30T18:41:58.283291Z,1.4262,1.4263,0.0001,1.42625,-0.01576447228636746958194982686
XRP-USD,2026-08-30T18:41:58.376011Z,1.4262,1.4263,0.0001,1.42625,-0.01576447228636746958194982686
XRP-USD,2026-08-30T18:41:58.409436Z,1.4262,1.4263,0.0001,1.42625,-0.01591643077051124718317912918
XRP-USD,2026-08-30T18:41:58.468457Z,1.4262,1.4263,0.0001,1.42625,-0.01591643077051124718317912918
XRP-USD,2026-08-30T18:41:58.521696Z,1.4262,1.4263,0.0001,1.42625,-0.07248874079463939885272250294
XRP-USD,2026-08-30T18:41:58.576132Z,1.4262,1.4263,0.0001,1.42625,-0.07248874079463939885272250294
XRP-USD,2026-08-30T18:41:58.596552Z,1.4262,1.4263,0.0001,1.42625,-0.02292456369648179183974749423
XRP-USD,2026-08-30T18:41:58.656773Z,1.4262,1.4263,0.0001,1.42625,-0.02300958196158376005898713962
XRP-USD,2026-08-30T18:41:58.717404Z,1.4262,1.4263,0.0001,1.42625,-0.07248874101323265666650804045
XRP-USD,2026-08-30T18:41:58.779543Z,1.4262,1.4263,0.0001,1.42625,-0.07248874101323265666650804045
XRP-USD,2026-08-30T18:41:58.923845Z,1.4262,1.4263,0.0001,1.42625,-0.05375384592186924130015060642
XRP-USD,2026-08-30T18:41:58.969128Z,1.4262,1.4263,0.0001,1.42625,-0.05375384592186924130015060642
XRP-USD,2026-08-30T18:41:59.018308Z,1.4262,1.4263,0.0001,1.42625,-0.05375384592186924130015060642
XRP-USD,2026-08-30T18:41:59.05206Z,1.4262,1.4263,0.0001,1.42625,-0.06527858750745159285714151051
XRP-USD,2026-08-30T18:41:59.110787Z,1.4262,1.4263,0.0001,1.42625,-0.06527858750745159285714151051
XRP-USD,2026-08-30T18:41:59.214968Z,1.4262,1.4263,0.0001,1.42625,-0.1100593890990971427338287374
XRP-USD,2026-08-30T18:41:59.328464Z,1.4262,1.4263,0.0001,1.42625,-0.1100685599004817385660936498
XRP-USD,2026-08-30T18:41:59.375055Z,1.4262,1.4263,0.0001,1.42625,-0.06528870435628393531242666785
XRP-USD,2026-08-30T18:41:59.424556Z,1.4262,1.4263,0.0001,1.42625,-0.06542575622382453213286198724
XRP-USD,2026-08-30T18:41:59.460899Z,1.4262,1.4263,0.0001,1.42625,-0.06542575622382453213286198724
XRP-USD,2026-08-30T18:41:59.526963Z,1.4262,1.4263,0.0001,1.42625,-0.06542575622382453213286198724
XRP-USD,2026-08-30T18:41:59.569622Z,1.4262,1.4263,0.0001,1.42625,-0.04691621112281219748568322339
XRP-USD,2026-08-30T18:41:59.578544Z,1.4262,1.4263,0.0001,1.42625,-0.04691621112281219748568322339
XRP-USD,2026-08-30T18:41:59.5894Z,1.4262,1.4263,0.0001,1.42625,-0.06542437580839271015426883770
XRP-USD,2026-08-30T18:41:59.701662Z,1.4262,1.4263,0.0001,1.42625,-0.1101914260029116595439841473
XRP-USD,2026-08-30T18:41:59.748033Z,1.4262,1.4263,0.0001,1.42625,-0.06542437601844776731635843038
XRP-USD,2026-08-30T18:41:59.825096Z,1.4262,1.4263,0.0001,1.42625,-0.06542437601844776731635843038
XRP-USD,2026-08-30T18:41:59.855665Z,1.4262,1.4263,0.0001,1.42625,-0.06014332538971449941237205589
XRP-USD,2026-08-30T18:41:59.919867Z,1.4262,1.4263,0.0001,1.42625,-0.1016637125655108198257964614
XRP-USD,2026-08-30T18:41:59.970718Z,1.4262,1.4263,0.0001,1.42625,-0.06261086359721599523791521564
XRP-USD,2026-08-30T18:41:59.995037Z,1.426,1.4261,0.0001,1.42605,0.07440879347425418806598902672
XRP-USD,2026-08-30T18:42:00.045442Z,1.426,1.4261,0.0001,1.42605,-0.01453660291338484982211004079
XRP-USD,2026-08-30T18:42:00.054363Z,1.426,1.4261,0.0001,1.42605,-0.01453660291338484982211004079
XRP-USD,2026-08-30T18:42:00.186498Z,1.426,1.4261,0.0001,1.42605,0.07286713526585809188985468648
XRP-USD,2026-08-30T18:42:00.226952Z,1.426,1.4261,0.0001,1.42605,0.01949185910080863662577634339
XRP-USD,2026-08-30T18:42:00.296595Z,1.426,1.4261,0.0001,1.42605,0.02371042861499759108667821384
XRP-USD,2026-08-30T18:42:00.36517Z,1.426,1.4261,0.0001,1.42605,0.02965083268235232266942282244
XRP-USD,2026-08-30T18:42:00.407778Z,1.426,1.4261,0.0001,1.42605,0.08901778945814788607659445368
XRP-USD,2026-08-30T18:42:00.435817Z,1.426,1.4261,0.0001,1.42605,0.08901778945814788607659445368
XRP-USD,2026-08-30T18:42:00.488294Z,1.426,1.4261,0.0001,1.42605,0.08885556030807209975591520911
XRP-USD,2026-08-30T18:42:00.564685Z,1.426,1.4261,0.0001,1.42605,0.08885556030807209975591520911
XRP-USD,2026-08-30T18:42:00.615335Z,1.426,1.4261,0.0001,1.42605,0.09093181859567118533843912940
XRP-USD,2026-08-30T18:42:00.65231Z,1.426,1.4261,0.0001,1.42605,0.09093181859567118533843912940
XRP-USD,2026-08-30T18:42:00.705554Z,1.426,1.4261,0.0001,1.42605,0.1498253263557543364693755096
XRP-USD,2026-08-30T18:42:00.753661Z,1.426,1.4261,0.0001,1.42605,0.1475190821970950416040160001
XRP-USD,2026-08-30T18:42:00.794132Z,1.426,1.4261,0.0001,1.42605,0.1475190821970950416040160001
XRP-USD,2026-08-30T18:42:00.871959Z,1.426,1.4261,0.0001,1.42605,0.1476199327201878513841565525
XRP-USD,2026-08-30T18:42:00.91572Z,1.426,1.4261,0.0001,1.42605,0.08298488126352287098722656764
XRP-USD,2026-08-30T18:42:00.942375Z,1.426,1.4261,0.0001,1.42605,0.08298488126352287098722656764
XRP-USD,2026-08-30T18:42:01.0307Z,1.426,1.4261,0.0001,1.42605,0.08318130893600446342513595883
XRP-USD,2026-08-30T18:42:01.150465Z,1.426,1.4261,0.0001,1.42605,0.08318130893600446342513595883
XRP-USD,2026-08-30T18:42:01.187544Z,1.426,1.4261,0.0001,1.42605,0.08318130893600446342513595883
XRP-USD,2026-08-30T18:42:01.375079Z,1.426,1.4261,0.0001,1.42605,0.08318130893600446342513595883
XRP-USD,2026-08-30T18:42:01.419133Z,1.426,1.4261,0.0001,1.42605,0.08318130893600446342513595883
XRP-USD,2026-08-30T18:42:01.43834Z,1.426,1.4261,0.0001,1.42605,0.08316780534554115344648067723
XRP-USD,2026-08-30T18:42:01.521727Z,1.426,1.4261,0.0001,1.42605,0.08316780534554115344648067723
XRP-USD,2026-08-30T18:42:01.571607Z,1.426,1.4261,0.0001,1.42605,0.08298487974472145931617018690
XRP-USD,2026-08-30T18:42:01.65318Z,1.426,1.4261,0.0001,1.42605,0.08298487974472145931617018690
XRP-USD,2026-08-30T18:42:01.812695Z,1.426,1.4261,0.0001,1.42605,0.08298487974472145931617018690
XRP-USD,2026-08-30T18:42:01.927943Z,1.426,1.4261,0.0001,1.42605,0.02365889544768741369446147437
XRP-USD,2026-08-30T18:42:01.932869Z,1.426,1.4261,0.0001,1.42605,0.08298487974472145931617018690
XRP-USD,2026-08-30T18:42:02.023087Z,1.426,1.4261,0.0001,1.42605,0.2191715620791446122004025886
XRP-USD,2026-08-30T18:42:02.037103Z,1.426,1.4261,0.0001,1.42605,0.1617354262375989037662495096
XRP-USD,2026-08-30T18:42:02.199872Z,1.426,1.4261,0.0001,1.42605,0.2008640301603627714951284911
XRP-USD,2026-08-30T18:42:02.271776Z,1.426,1.4261,0.0001,1.42605,0.09395436615455916735534092502
XRP-USD,2026-08-30T18:42:02.32296Z,1.426,1.4261,0.0001,1.42605,0.09395436615455916735534092502
XRP-USD,2026-08-30T18:42:02.397092Z,1.426,1.4261,0.0001,1.42605,0.09395436615455916735534092502
XRP-USD,2026-08-30T18:42:02.49403Z,1.426,1.4261,0.0001,1.42605,0.09394078280075029889849034648
XRP-USD,2026-08-30T18:42:02.564565Z,1.426,1.4261,0.0001,1.42605,0.2008476621554386947487606745
XRP-USD,2026-08-30T18:42:02.632098Z,1.426,1.4261,0.0001,1.42605,0.2010694669993619725953698332
XRP-USD,2026-08-30T18:42:02.678173Z,1.426,1.4261,0.0001,1.42605,0.1292802083208713293581088697
XRP-USD,2026-08-30T18:42:02.75063Z,1.426,1.4261,0.0001,1.42605,0.1292802083208713293581088697
XRP-USD,2026-08-30T18:42:02.792497Z,1.426,1.4261,0.0001,1.42605,0.1292802083208713293581088697
XRP-USD,2026-08-30T18:42:02.833819Z,1.426,1.4261,0.0001,1.42605,0.2008476605121824015266662166
XRP-USD,2026-08-30T18:42:02.901782Z,1.426,1.4261,0.0001,1.42605,0.2036875612878145685780935686
XRP-USD,2026-08-30T18:42:03.019404Z,1.426,1.4261,0.0001,1.42605,0.2038287443385791104016205450
XRP-USD,2026-08-30T18:42:03.060109Z,1.426,1.4261,0.0001,1.42605,0.2009881781140567889734236203
XRP-USD,2026-08-30T18:42:03.110214Z,1.426,1.4261,0.0001,1.42605,0.2008640278229086363093236891
XRP-USD,2026-08-30T18:42:03.286203Z,1.426,1.4261,0.0001,1.42605,0.2008640278229086363093236891
XRP-USD,2026-08-30T18:42:03.370426Z,1.426,1.4261,0.0001,1.42605,0.05884797226354412587172911037
XRP-USD,2026-08-30T18:42:03.406048Z,1.426,1.4261,0.0001,1.42605,0.1224495260476109147046010229
XRP-USD,2026-08-30T18:42:03.432994Z,1.426,1.4261,0.0001,1.42605,0.05884797238639344577055846192
XRP-USD,2026-08-30T18:42:03.526245Z,1.426,1.4261,0.0001,1.42605,0.05884797238639344577055846192
XRP-USD,2026-08-30T18:42:03.569784Z,1.426,1.4261,0.0001,1.42605,0.05883506850692820559072297227
XRP-USD,2026-08-30T18:42:03.625416Z,1.426,1.4261,0.0001,1.42605,0.05883506850692820559072297227
XRP-USD,2026-08-30T18:42:03.681911Z,1.426,1.4261,0.0001,1.42605,0.02727603602231909738225549662
XRP-USD,2026-08-30T18:42:03.724541Z,1.426,1.4261,0.0001,1.42605,0.02727603602231909738225549662
XRP-USD,2026-08-30T18:42:03.771669Z,1.426,1.4261,0.0001,1.42605,0.02727603485548222258717121665
XRP-USD,2026-08-30T18:42:03.828089Z,1.426,1.4261,0.0001,1.42605,0.02727603485548222258717121665
XRP-USD,2026-08-30T18:42:03.876976Z,1.426,1.4261,0.0001,1.42605,0.02727603485548222258717121665
XRP-USD,2026-08-30T18:42:03.952291Z,1.426,1.4261,0.0001,1.42605,0.02727603485548222258717121665
XRP-USD,2026-08-30T18:42:04.016566Z,1.426,1.4261,0.0001,1.42605,0.02727603485548222258717121665
XRP-USD,2026-08-30T18:42:04.068424Z,1.426,1.4261,0.0001,1.42605,0.02736815822264319541790844453
XRP-USD,2026-08-30T18:42:04.109819Z,1.426,1.4261,0.0001,1.42605,0.02736815822264319541790844453
XRP-USD,2026-08-30T18:42:04.177437Z,1.426,1.4261,0.0001,1.42605,0.1941636211967141883335189219
XRP-USD,2026-08-30T18:42:04.196325Z,1.426,1.4261,0.0001,1.42605,0.08692426172901531659566989305
XRP-USD,2026-08-30T18:42:04.267196Z,1.426,1.4261,0.0001,1.42605,0.2008476575939858918895204623
XRP-USD,2026-08-30T18:42:04.298588Z,1.426,1.4261,0.0001,1.42605,0.2008476575939858918895204623
XRP-USD,2026-08-30T18:42:04.329643Z,1.426,1.4261,0.0001,1.42605,0.2008476575939858918895204623
XRP-USD,2026-08-30T18:42:04.41746Z,1.426,1.4261,0.0001,1.42605,0.2008476575939858918895204623
XRP-USD,2026-08-30T18:42:04.529648Z,1.426,1.4261,0.0001,1.42605,0.2008476575939858918895204623
XRP-USD,2026-08-30T18:42:04.625626Z,1.4262,1.4263,0.0001,1.42625,0.08679672658235673380661760911
XRP-USD,2026-08-30T18:42:04.673249Z,1.4262,1.4263,0.0001,1.42625,0.1698268008191793955600940900
XRP-USD,2026-08-30T18:42:04.716519Z,1.4262,1.4263,0.0001,1.42625,0.3015599471166419265497704970
XRP-USD,2026-08-30T18:42:04.755933Z,1.4264,1.4265,0.0001,1.42645,-0.2626725692741385811544669557
XRP-USD,2026-08-30T18:42:04.913491Z,1.4264,1.4265,0.0001,1.42645,-0.1100711614562947068992206652
XRP-USD,2026-08-30T18:42:04.937044Z,1.4264,1.4265,0.0001,1.42645,0.3378365220603976032673338683
XRP-USD,2026-08-30T18:42:04.947169Z,1.4264,1.4265,0.0001,1.42645,0.03245272048333205824752214650
XRP-USD,2026-08-30T18:42:04.993721Z,1.4264,1.4265,0.0001,1.42645,0.1596752118398725616852507859
XRP-USD,2026-08-30T18:42:05.038749Z,1.4264,1.4266,0.0002,1.4265,-0.1159751646821876561094089788
XRP-USD,2026-08-30T18:42:05.143367Z,1.4264,1.4266,0.0002,1.4265,-0.1235793916136394343298261846
XRP-USD,2026-08-30T18:42:05.169305Z,1.4264,1.4266,0.0002,1.4265,-0.1235793916136394343298261846
XRP-USD,2026-08-30T18:42:05.259845Z,1.4264,1.4265,0.0001,1.42645,0.3691399004042795869198578933
XRP-USD,2026-08-30T18:42:05.318559Z,1.4264,1.4265,0.0001,1.42645,0.3691399004042795869198578933
XRP-USD,2026-08-30T18:42:05.469456Z,1.4264,1.4265,0.0001,1.42645,0.3865778074564038339093244240
XRP-USD,2026-08-30T18:42:05.513137Z,1.4264,1.4265,0.0001,1.42645,0.3865778074564038339093244240
XRP-USD,2026-08-30T18:42:05.581329Z,1.4264,1.4265,0.0001,1.42645,0.3865778074564038339093244240
XRP-USD,2026-08-30T18:42:05.649696Z,1.4264,1.4265,0.0001,1.42645,0.3865778074564038339093244240
XRP-USD,2026-08-30T18:42:05.707967Z,1.4264,1.4265,0.0001,1.42645,0.3635736346045146624979847955
XRP-USD,2026-08-30T18:42:05.742325Z,1.4264,1.4265,0.0001,1.42645,0.3691563157196376563785857670
XRP-USD,2026-08-30T18:42:05.817244Z,1.4264,1.4265,0.0001,1.42645,0.4035127592360542125084939420
XRP-USD,2026-08-30T18:42:05.860053Z,1.4264,1.4265,0.0001,1.42645,0.4635751801637864101336152758
XRP-USD,2026-08-30T18:42:05.923647Z,1.4264,1.4265,0.0001,1.42645,0.4635751801637864101336152758
XRP-USD,2026-08-30T18:42:05.962348Z,1.4264,1.4265,0.0001,1.42645,0.4635751801637864101336152758
XRP-USD,2026-08-30T18:42:06.026078Z,1.4265,1.4266,0.0001,1.42655,-0.1510668004763069248998154168
XRP-USD,2026-08-30T18:42:06.042394Z,1.4265,1.4266,0.0001,1.42655,-0.09542140803234141460727801367
XRP-USD,2026-08-30T18:42:06.122213Z,1.4265,1.4266,0.0001,1.42655,-0.09542333715434519196009731744
XRP-USD,2026-08-30T18:42:06.164362Z,1.4265,1.4266,0.0001,1.42655,-0.1510708955749114531224849793
XRP-USD,2026-08-30T18:42:06.246085Z,1.4265,1.4266,0.0001,1.42655,-0.1510708955749114531224849793
XRP-USD,2026-08-30T18:42:06.28314Z,1.4265,1.4266,0.0001,1.42655,-0.1510708955749114531224849793
XRP-USD,2026-08-30T18:42:06.497946Z,1.4265,1.4266,0.0001,1.42655,-0.1510708955749114531224849793
XRP-USD,2026-08-30T18:42:06.540957Z,1.4265,1.4266,0.0001,1.42655,-0.1510708955749114531224849793
XRP-USD,2026-08-30T18:42:06.696985Z,1.4265,1.4266,0.0001,1.42655,-0.1327816004959294576671548633
XRP-USD,2026-08-30T18:42:06.730396Z,1.4265,1.4266,0.0001,1.42655,-0.1244569209205259983418290357
XRP-USD,2026-08-30T18:42:06.859846Z,1.4265,1.4266,0.0001,1.42655,-0.1380517182526377209306019881
XRP-USD,2026-08-30T18:42:06.919381Z,1.4265,1.4266,0.0001,1.42655,-0.1380517182526377209306019881
XRP-USD,2026-08-30T18:42:06.932867Z,1.4265,1.4266,0.0001,1.42655,-0.1380517182526377209306019881
XRP-USD,2026-08-30T18:42:07.028787Z,1.4265,1.4266,0.0001,1.42655,-0.1380517182526377209306019881
XRP-USD,2026-08-30T18:42:07.071397Z,1.4265,1.4266,0.0001,1.42655,-0.1104264124894527787741074151
XRP-USD,2026-08-30T18:42:07.099814Z,1.4265,1.4266,0.0001,1.42655,-0.1104264124894527787741074151
XRP-USD,2026-08-30T18:42:07.13446Z,1.4265,1.4266,0.0001,1.42655,-0.1104264124894527787741074151
XRP-USD,2026-08-30T18:42:07.198598Z,1.4264,1.4266,0.0002,1.4265,0.1188746362995646837210179187
XRP-USD,2026-08-30T18:42:07.261707Z,1.4264,1.4266,0.0002,1.4265,0.1188746362995646837210179187
XRP-USD,2026-08-30T18:42:07.299053Z,1.4265,1.4266,0.0001,1.42655,-0.05255216546100367379833722613
XRP-USD,2026-08-30T18:42:07.347818Z,1.4265,1.4266,0.0001,1.42655,0.2216846551191206569844848446
XRP-USD,2026-08-30T18:42:07.454205Z,1.4265,1.4266,0.0001,1.42655,0.1706019937533980309027190993
XRP-USD,2026-08-30T18:42:07.490672Z,1.4265,1.4266,0.0001,1.42655,0.1706019937533980309027190993
XRP-USD,2026-08-30T18:42:07.576004Z,1.4265,1.4266,0.0001,1.42655,0.1706019937533980309027190993
XRP-USD,2026-08-30T18:42:07.870736Z,1.4265,1.4266,0.0001,1.42655,0.1177250930095943227391430414
XRP-USD,2026-08-30T18:42:07.899933Z,1.4265,1.4266,0.0001,1.42655,-0.1279797816085877303978040108
XRP-USD,2026-08-30T18:42:08.030249Z,1.4265,1.4266,0.0001,1.42655,-0.1279797816085877303978040108
XRP-USD,2026-08-30T18:42:08.075796Z,1.4265,1.4266,0.0001,1.42655,-0.1279797816085877303978040108
XRP-USD,2026-08-30T18:42:08.151695Z,1.4265,1.4266,0.0001,1.42655,-0.1279797816085877303978040108
XRP-USD,2026-08-30T18:42:08.207942Z,1.4265,1.4266,0.0001,1.42655,0.2173830606841685461977932570
XRP-USD,2026-08-30T18:42:08.281591Z,1.4265,1.4266,0.0001,1.42655,0.008984828239327370800273940024
XRP-USD,2026-08-30T18:42:08.316553Z,1.4265,1.4266,0.0001,1.42655,0.03068235635294238638244005787
XRP-USD,2026-08-30T18:42:08.364007Z,1.4265,1.4266,0.0001,1.42655,0.01971818554502434787459120350
XRP-USD,2026-08-30T18:42:08.423659Z,1.4265,1.4266,0.0001,1.42655,0.3314808365876282394004260686
XRP-USD,2026-08-30T18:42:08.462656Z,1.4265,1.4266,0.0001,1.42655,0.3314808365876282394004260686
XRP-USD,2026-08-30T18:42:08.47789Z,1.4265,1.4266,0.0001,1.42655,0.3314808365876282394004260686
XRP-USD,2026-08-30T18:42:08.566946Z,1.4265,1.4266,0.0001,1.42655,0.3314808365876282394004260686
XRP-USD,2026-08-30T18:42:08.618327Z,1.4265,1.4266,0.0001,1.42655,0.3314808365876282394004260686
XRP-USD,2026-08-30T18:42:08.625904Z,1.4265,1.4266,0.0001,1.42655,0.3314808365876282394004260686
XRP-USD,2026-08-30T18:42:08.679511Z,1.4265,1.4266,0.0001,1.42655,0.3182204833726023732400115178
XRP-USD,2026-08-30T18:42:08.791878Z,1.4265,1.4266,0.0001,1.42655,0.3182204833726023732400115178
XRP-USD,2026-08-30T18:42:08.865161Z,1.4265,1.4266,0.0001,1.42655,0.3182204833726023732400115178
XRP-USD,2026-08-30T18:42:08.89912Z,1.4265,1.4266,0.0001,1.42655,0.3182204833726023732400115178
XRP-USD,2026-08-30T18:42:08.979463Z,1.4265,1.4266,0.0001,1.42655,0.3043054166681014700044446445
XRP-USD,2026-08-30T18:42:09.000683Z,1.4265,1.4266,0.0001,1.42655,0.2720363920434645651193262149
XRP-USD,2026-08-30T18:42:09.028593Z,1.4265,1.4266,0.0001,1.42655,0.2720363920434645651193262149
XRP-USD,2026-08-30T18:42:09.115169Z,1.4265,1.4266,0.0001,1.42655,0.2720363920434645651193262149
XRP-USD,2026-08-30T18:42:09.181882Z,1.4265,1.4266,0.0001,1.42655,0.2719653731955565395882146614
XRP-USD,2026-08-30T18:42:09.215246Z,1.4265,1.4266,0.0001,1.42655,0.2719653731955565395882146614
XRP-USD,2026-08-30T18:42:09.27953Z,1.4265,1.4266,0.0001,1.42655,0.2206513668274662372165614425
XRP-USD,2026-08-30T18:42:09.296398Z,1.4265,1.4266,0.0001,1.42655,0.2206513668274662372165614425
XRP-USD,2026-08-30T18:42:09.448303Z,1.4265,1.4266,0.0001,1.42655,0.2202861786793455861338230680
XRP-USD,2026-08-30T18:42:09.501536Z,1.4265,1.4266,0.0001,1.42655,0.1957871741956255363532692164
XRP-USD,2026-08-30T18:42:09.613441Z,1.4265,1.4266,0.0001,1.42655,0.1958085563475112609028296991
XRP-USD,2026-08-30T18:42:09.62467Z,1.4265,1.4266,0.0001,1.42655,0.1958085563475112609028296991
XRP-USD,2026-08-30T18:42:09.896255Z,1.4265,1.4266,0.0001,1.42655,0.2116363758064023874410997160
XRP-USD,2026-08-30T18:42:10.020157Z,1.4265,1.4266,0.0001,1.42655,0.2116363758064023874410997160
XRP-USD,2026-08-30T18:42:10.061987Z,1.4265,1.4266,0.0001,1.42655,0.2272610264545362284613231531
XRP-USD,2026-08-30T18:42:10.125838Z,1.4265,1.4266,0.0001,1.42655,0.2272610264545362284613231531
XRP-USD,2026-08-30T18:42:10.147596Z,1.4265,1.4266,0.0001,1.42655,0.2272610264545362284613231531
XRP-USD,2026-08-30T18:42:10.205383Z,1.4267,1.4268,0.0001,1.42675,0.3138220572755834107753334718
XRP-USD,2026-08-30T18:42:10.269303Z,1.4267,1.4268,0.0001,1.42675,0.05906517250650430302924790501
XRP-USD,2026-08-30T18:42:10.306378Z,1.4267,1.4268,0.0001,1.42675,-0.1303203917880323996942262020
XRP-USD,2026-08-30T18:42:10.370919Z,1.4266,1.4268,0.0002,1.4267,-0.2644752430255874248844379358
XRP-USD,2026-08-30T18:42:10.421866Z,1.4266,1.4268,0.0002,1.4267,-0.3318817166989557046018689851
XRP-USD,2026-08-30T18:42:10.434367Z,1.4266,1.4268,0.0002,1.4267,-0.2809786005234865286088563781
XRP-USD,2026-08-30T18:42:10.501234Z,1.4265,1.4267,0.0002,1.4266,-0.1130821730044255945276095351
XRP-USD,2026-08-30T18:42:10.539602Z,1.4265,1.4267,0.0002,1.4266,-0.07451804914108492526720413385
XRP-USD,2026-08-30T18:42:10.586096Z,1.4265,1.4267,0.0002,1.4266,-0.07451804914108492526720413385
XRP-USD,2026-08-30T18:42:10.657405Z,1.4265,1.4267,0.0002,1.4266,-0.1047099952535816014109445340
XRP-USD,2026-08-30T18:42:10.760522Z,1.4265,1.4267,0.0002,1.4266,-0.1047099952535816014109445340
XRP-USD,2026-08-30T18:42:10.926022Z,1.4265,1.4267,0.0002,1.4266,-0.1047099952535816014109445340
XRP-USD,2026-08-30T18:42:11.059495Z,1.4265,1.4267,0.0002,1.4266,-0.1090971683027342452706972057
XRP-USD,2026-08-30T18:42:11.221339Z,1.4266,1.4267,0.0001,1.42665,-0.1913559388541851747126198075
XRP-USD,2026-08-30T18:42:11.270161Z,1.4266,1.4267,0.0001,1.42665,-0.1919912794354783067835573036
XRP-USD,2026-08-30T18:42:11.327673Z,1.4266,1.4267,0.0001,1.42665,-0.1203669879479419876465358193
XRP-USD,2026-08-30T18:42:11.356086Z,1.4266,1.4267,0.0001,1.42665,-0.1203669879479419876465358193
XRP-USD,2026-08-30T18:42:11.429775Z,1.4266,1.4267,0.0001,1.42665,-0.1084999242945101406746628950
XRP-USD,2026-08-30T18:42:11.477799Z,1.4267,1.4268,0.0001,1.42675,-0.3137708836649926153066461211
XRP-USD,2026-08-30T18:42:11.526338Z,1.4267,1.4268,0.0001,1.42675,-0.2135120935292209017607791570
XRP-USD,2026-08-30T18:42:11.579362Z,1.4267,1.4268,0.0001,1.42675,-0.2604551564587968412829660871
XRP-USD,2026-08-30T18:42:11.601072Z,1.4267,1.4268,0.0001,1.42675,-0.3109709786160514290169806148
XRP-USD,2026-08-30T18:42:11.670053Z,1.4266,1.4268,0.0002,1.4267,-0.3515420180239138898465955641
XRP-USD,2026-08-30T18:42:11.721642Z,1.4266,1.4268,0.0002,1.4267,-0.2507362214144354499017181061
XRP-USD,2026-08-30T18:42:11.823338Z,1.4266,1.4268,0.0002,1.4267,-0.3015692103933768862245067346
XRP-USD,2026-08-30T18:42:11.89866Z,1.4266,1.4268,0.0002,1.4267,-0.3015692103933768862245067346
XRP-USD,2026-08-30T18:42:11.961559Z,1.4266,1.4268,0.0002,1.4267,-0.3178066631812423668903791300
XRP-USD,2026-08-30T18:42:12.018045Z,1.4266,1.4268,0.0002,1.4267,-0.3178066631812423668903791300
XRP-USD,2026-08-30T18:42:12.027306Z,1.4266,1.4268,0.0002,1.4267,-0.3177844135412490127735268534
XRP-USD,2026-08-30T18:42:12.202798Z,1.4266,1.4268,0.0002,1.4267,-0.3177844135412490127735268534
XRP-USD,2026-08-30T18:42:12.264352Z,1.4266,1.4268,0.0002,1.4267,-0.3177844135412490127735268534
XRP-USD,2026-08-30T18:42:12.271287Z,1.4266,1.4268,0.0002,1.4267,-0.3177844135412490127735268534
XRP-USD,2026-08-30T18:42:12.373986Z,1.4266,1.4268,0.0002,1.4267,-0.3178066639613769791105844725
XRP-USD,2026-08-30T18:42:12.466411Z,1.4266,1.4268,0.0002,1.4267,-0.3015692111822388518084992497
XRP-USD,2026-08-30T18:42:12.489383Z,1.4266,1.4268,0.0002,1.4267,-0.3178066639613769791105844725
XRP-USD,2026-08-30T18:42:12.613334Z,1.4266,1.4268,0.0002,1.4267,-0.3178066639613769791105844725
XRP-USD,2026-08-30T18:42:12.644035Z,1.4266,1.4268,0.0002,1.4267,-0.3178066639613769791105844725
XRP-USD,2026-08-30T18:42:12.698708Z,1.4266,1.4268,0.0002,1.4267,-0.3178066639613769791105844725
XRP-USD,2026-08-30T18:42:12.865428Z,1.4266,1.4268,0.0002,1.4267,-0.3178066639613769791105844725
XRP-USD,2026-08-30T18:42:13.020967Z,1.4267,1.4268,0.0001,1.42675,-0.2632738599732463648489762269
XRP-USD,2026-08-30T18:42:13.062342Z,1.4267,1.4268,0.0001,1.42675,-0.2165129022407391121732343025
XRP-USD,2026-08-30T18:42:13.173154Z,1.4266,1.4268,0.0002,1.4267,-0.3382140082569988077466193565
XRP-USD,2026-08-30T18:42:13.212236Z,1.4265,1.4267,0.0002,1.4266,-0.2721857652721489118455849485
XRP-USD,2026-08-30T18:42:13.278442Z,1.4265,1.4267,0.0002,1.4266,-0.1384417809029158116716493049
XRP-USD,2026-08-30T18:42:13.33948Z,1.4265,1.4267,0.0002,1.4266,-0.1888893435497960669446547981
XRP-USD,2026-08-30T18:42:13.35536Z,1.4265,1.4267,0.0002,1.4266,-0.1888893435497960669446547981
XRP-USD,2026-08-30T18:42:13.409386Z,1.4265,1.4267,0.0002,1.4266,-0.1507041165216170950967860001
XRP-USD,2026-08-30T18:42:13.463851Z,1.4265,1.4267,0.0002,1.4266,-0.1507289160182118598552204519
XRP-USD,2026-08-30T18:42:13.472745Z,1.4265,1.4267,0.0002,1.4266,-0.1507289160182118598552204519
XRP-USD,2026-08-30T18:42:13.581601Z,1.4265,1.4267,0.0002,1.4266,-0.1676653057583582694866898751
XRP-USD,2026-08-30T18:42:13.721722Z,1.4265,1.4267,0.0002,1.4266,-0.1676653057583582694866898751
XRP-USD,2026-08-30T18:42:13.78012Z,1.4265,1.4266,0.0001,1.42655,-0.002293982182129606105213071633
XRP-USD,2026-08-30T18:42:13.959671Z,1.4265,1.4266,0.0001,1.42655,-0.002293982182129606105213071633
XRP-USD,2026-08-30T18:42:14.017473Z,1.4265,1.4266,0.0001,1.42655,-0.002293982182129606105213071633
XRP-USD,2026-08-30T18:42:14.062229Z,1.4265,1.4267,0.0002,1.4266,-0.1833841598860264469532397452
XRP-USD,2026-08-30T18:42:14.223603Z,1.4265,1.4267,0.0002,1.4266,-0.1833841598860264469532397452
XRP-USD,2026-08-30T18:42:14.316312Z,1.4265,1.4267,0.0002,1.4266,-0.1833841598860264469532397452
XRP-USD,2026-08-30T18:42:14.372094Z,1.4265,1.4267,0.0002,1.4266,-0.1833841598860264469532397452
XRP-USD,2026-08-30T18:42:14.417445Z,1.4265,1.4267,0.0002,1.4266,-0.3118383640976613492884059227
XRP-USD,2026-08-30T18:42:14.477089Z,1.4265,1.4267,0.0002,1.4266,-0.3118383640976613492884059227
XRP-USD,2026-08-30T18:42:14.51806Z,1.4265,1.4267,0.0002,1.4266,-0.3118560785298162992529885221
XRP-USD,2026-08-30T18:42:14.613248Z,1.4265,1.4267,0.0002,1.4266,-0.1994057921595388473163492832
XRP-USD,2026-08-30T18:42:14.725734Z,1.4267,1.4268,0.0001,1.42675,-0.2063196897322510736005343206
XRP-USD,2026-08-30T18:42:14.759321Z,1.4267,1.4268,0.0001,1.42675,-0.07190026371062686731632670053
XRP-USD,2026-08-30T18:42:14.822322Z,1.4267,1.4268,0.0001,1.42675,0.1450681906039750932898703666
XRP-USD,2026-08-30T18:42:14.870561Z,1.4267,1.4268,0.0001,1.42675,-0.2485038817740189130937220960
XRP-USD,2026-08-30T18:42:14.925612Z,1.4267,1.4268,0.0001,1.42675,-0.2485038817740189130937220960
XRP-USD,2026-08-30T18:42:14.962506Z,1.4267,1.4268,0.0001,1.42675,-0.01745821283128383932144274597
XRP-USD,2026-08-30T18:42:14.979114Z,1.4267,1.4268,0.0001,1.42675,-0.02620417942674544924064857721
XRP-USD,2026-08-30T18:42:15.066216Z,1.4267,1.4268,0.0001,1.42675,-0.02620417942674544924064857721
XRP-USD,2026-08-30T18:42:15.109673Z,1.4267,1.4268,0.0001,1.42675,-0.02620417942674544924064857721
XRP-USD,2026-08-30T18:42:15.172344Z,1.4267,1.4268,0.0001,1.42675,-0.02620417942674544924064857721
XRP-USD,2026-08-30T18:42:15.225437Z,1.4267,1.4268,0.0001,1.42675,-0.05032159393739237692508849212
XRP-USD,2026-08-30T18:42:15.240594Z,1.4267,1.4268,0.0001,1.42675,-0.05032159393739237692508849212
XRP-USD,2026-08-30T18:42:15.327565Z,1.4267,1.4268,0.0001,1.42675,-0.03923469823521470994286362816
XRP-USD,2026-08-30T18:42:15.367674Z,1.4266,1.4268,0.0002,1.4267,-0.03296053222062794598747767735
XRP-USD,2026-08-30T18:42:15.421704Z,1.4266,1.4268,0.0002,1.4267,0.008496920505583528078715129488
XRP-USD,2026-08-30T18:42:15.427439Z,1.4266,1.4268,0.0002,1.4267,0.008496920505583528078715129488
XRP-USD,2026-08-30T18:42:15.580391Z,1.4266,1.4268,0.0002,1.4267,0.008496920505583528078715129488
XRP-USD,2026-08-30T18:42:15.620199Z,1.4266,1.4268,0.0002,1.4267,0.005979628549356880758016758640
XRP-USD,2026-08-30T18:42:15.658685Z,1.4266,1.4268,0.0002,1.4267,0.00006576763165144877050890566316
XRP-USD,2026-08-30T18:42:15.724807Z,1.4266,1.4268,0.0002,1.4267,-0.1572861568217180043078223234
XRP-USD,2026-08-30T18:42:15.76244Z,1.4266,1.4268,0.0002,1.4267,0.00006576763165144877050890566316
XRP-USD,2026-08-30T18:42:15.855735Z,1.4266,1.4268,0.0002,1.4267,0.00006576763165144877050890566316
XRP-USD,2026-08-30T18:42:15.924703Z,1.4266,1.4268,0.0002,1.4267,0.00006576763165144877050890566316
XRP-USD,2026-08-30T18:42:15.956187Z,1.4266,1.4268,0.0002,1.4267,-0.1571584640393881260212647496
XRP-USD,2026-08-30T18:42:16.019604Z,1.4266,1.4268,0.0002,1.4267,-0.1571584640393881260212647496
XRP-USD,2026-08-30T18:42:16.029778Z,1.4266,1.4268,0.0002,1.4267,-0.1571584640393881260212647496
XRP-USD,2026-08-30T18:42:16.198206Z,1.4266,1.4268,0.0002,1.4267,-0.1571584640393881260212647496
XRP-USD,2026-08-30T18:42:16.247602Z,1.4266,1.4268,0.0002,1.4267,-0.1571584640393881260212647496
XRP-USD,2026-08-30T18:42:16.313129Z,1.4266,1.4268,0.0002,1.4267,-0.1571584640393881260212647496
XRP-USD,2026-08-30T18:42:16.475564Z,1.4266,1.4268,0.0002,1.4267,-0.1571584640393881260212647496
XRP-USD,2026-08-30T18:42:16.487874Z,1.4266,1.4268,0.0002,1.4267,-0.1660263845020098311502278484
XRP-USD,2026-08-30T18:42:16.53935Z,1.4266,1.4268,0.0002,1.4267,-0.1784251331469627321053827541
XRP-USD,2026-08-30T18:42:16.647429Z,1.4267,1.4268,0.0001,1.42675,-0.3651042182211460096439090825
XRP-USD,2026-08-30T18:42:16.728237Z,1.4267,1.4268,0.0001,1.42675,-0.4308357779870929043375107314
XRP-USD,2026-08-30T18:42:16.773367Z,1.4267,1.4268,0.0001,1.42675,-0.4915054615400038154242860920
XRP-USD,2026-08-30T18:42:16.843016Z,1.4267,1.4268,0.0001,1.42675,-0.4915054615400038154242860920
XRP-USD,2026-08-30T18:42:16.904907Z,1.4267,1.4268,0.0001,1.42675,-0.4911092557247332028810012715
XRP-USD,2026-08-30T18:42:17.019298Z,1.4267,1.4268,0.0001,1.42675,-0.4911092557247332028810012715
XRP-USD,2026-08-30T18:42:17.071684Z,1.4267,1.4268,0.0001,1.42675,-0.4912093108538223943967785533
XRP-USD,2026-08-30T18:42:17.106105Z,1.4267,1.4268,0.0001,1.42675,-0.4912093108538223943967785533
XRP-USD,2026-08-30T18:42:17.147132Z,1.4267,1.4268,0.0001,1.42675,-0.4912093108538223943967785533
XRP-USD,2026-08-30T18:42:17.194364Z,1.4267,1.4268,0.0001,1.42675,-0.4912093108538223943967785533
XRP-USD,2026-08-30T18:42:17.261662Z,1.4267,1.4268,0.0001,1.42675,-0.4912093108538223943967785533
XRP-USD,2026-08-30T18:42:17.2903Z,1.4267,1.4268,0.0001,1.42675,-0.4842643087805119085903502316
XRP-USD,2026-08-30T18:42:17.355132Z,1.4267,1.4268,0.0001,1.42675,-0.4771270840577267702656700326
XRP-USD,2026-08-30T18:42:17.422601Z,1.4266,1.4268,0.0002,1.4267,-0.1879225876848586595721698547
XRP-USD,2026-08-30T18:42:17.470705Z,1.4266,1.4268,0.0002,1.4267,-0.3014810855786401428939108959
XRP-USD,2026-08-30T18:42:17.528647Z,1.4266,1.4268,0.0002,1.4267,-0.3162554882729363876785786906
XRP-USD,2026-08-30T18:42:17.574363Z,1.4266,1.4268,0.0002,1.4267,-0.3228153978992156765824675043
XRP-USD,2026-08-30T18:42:17.585147Z,1.4266,1.4268,0.0002,1.4267,-0.3292506308959564017203968537
XRP-USD,2026-08-30T18:42:17.718747Z,1.4266,1.4268,0.0002,1.4267,-0.3292506308959564017203968537
XRP-USD,2026-08-30T18:42:17.776092Z,1.4266,1.4268,0.0002,1.4267,-0.3292506308959564017203968537
XRP-USD,2026-08-30T18:42:17.830046Z,1.4266,1.4268,0.0002,1.4267,-0.3292506308959564017203968537
XRP-USD,2026-08-30T18:42:18.0165Z,1.4266,1.4268,0.0002,1.4267,-0.3291575528305014821839111762
XRP-USD,2026-08-30T18:42:18.025511Z,1.4266,1.4268,0.0002,1.4267,-0.3291575528305014821839111762
XRP-USD,2026-08-30T18:42:18.126462Z,1.4266,1.4268,0.0002,1.4267,-0.3292506308959564017203968537
XRP-USD,2026-08-30T18:42:18.277739Z,1.4266,1.4268,0.0002,1.4267,-0.3292399417342874550043697153
XRP-USD,2026-08-30T18:42:18.289673Z,1.4266,1.4268,0.0002,1.4267,-0.2214368668426656372362073413
XRP-USD,2026-08-30T18:42:18.441735Z,1.4266,1.4268,0.0002,1.4267,-0.2214368666852216668285315036
XRP-USD,2026-08-30T18:42:18.565527Z,1.4266,1.4268,0.0002,1.4267,-0.2214368666852216668285315036
XRP-USD,2026-08-30T18:42:18.706339Z,1.4266,1.4268,0.0002,1.4267,-0.2127532298745717253675784087
XRP-USD,2026-08-30T18:42:18.763484Z,1.4266,1.4268,0.0002,1.4267,-0.2127532298745717253675784087
XRP-USD,2026-08-30T18:42:18.825061Z,1.4266,1.4268,0.0002,1.4267,-0.2591635736547941208920725157
XRP-USD,2026-08-30T18:42:18.859896Z,1.4266,1.4268,0.0002,1.4267,-0.1993760919950532485885128497
XRP-USD,2026-08-30T18:42:18.926761Z,1.4266,1.4268,0.0002,1.4267,-0.1993760919950532485885128497
XRP-USD,2026-08-30T18:42:18.932569Z,1.4266,1.4268,0.0002,1.4267,-0.1993760919950532485885128497
XRP-USD,2026-08-30T18:42:19.014648Z,1.4266,1.4268,0.0002,1.4267,-0.1992471308503568266085693465
XRP-USD,2026-08-30T18:42:19.020089Z,1.4266,1.4268,0.0002,1.4267,-0.1992471308503568266085693465
XRP-USD,2026-08-30T18:42:19.207351Z,1.4266,1.4268,0.0002,1.4267,-0.2127532298745717253675784087
XRP-USD,2026-08-30T18:42:19.271061Z,1.4266,1.4268,0.0002,1.4267,-0.2127532298745717253675784087
XRP-USD,2026-08-30T18:42:19.529927Z,1.4266,1.4268,0.0002,1.4267,-0.2127532298745717253675784087
XRP-USD,2026-08-30T18:42:19.568643Z,1.4266,1.4268,0.0002,1.4267,-0.1993760919950532485885128497
XRP-USD,2026-08-30T18:42:19.723069Z,1.4266,1.4268,0.0002,1.4267,-0.1993760919950532485885128497
XRP-USD,2026-08-30T18:42:19.7335Z,1.4266,1.4268,0.0002,1.4267,-0.1993760919950532485885128497
XRP-USD,2026-08-30T18:42:19.792983Z,1.4266,1.4268,0.0002,1.4267,-0.2127532298745717253675784087
XRP-USD,2026-08-30T18:42:19.966684Z,1.4266,1.4268,0.0002,1.4267,-0.2127532298745717253675784087
XRP-USD,2026-08-30T18:42:20.018449Z,1.4266,1.4268,0.0002,1.4267,-0.2127532298745717253675784087
XRP-USD,2026-08-30T18:42:20.04904Z,1.4266,1.4268,0.0002,1.4267,-0.2126250089084624217703666477
XRP-USD,2026-08-30T18:42:20.249859Z,1.4266,1.4268,0.0002,1.4267,-0.2127532298745717253675784087
XRP-USD,2026-08-30T18:42:20.293935Z,1.4266,1.4268,0.0002,1.4267,-0.2127532298745717253675784087
XRP-USD,2026-08-30T18:42:20.426011Z,1.4266,1.4268,0.0002,1.4267,-0.1993760919950532485885128497
XRP-USD,2026-08-30T18:42:20.459483Z,1.4266,1.4268,0.0002,1.4267,-0.1993760919950532485885128497
XRP-USD,2026-08-30T18:42:20.526488Z,1.4266,1.4268,0.0002,1.4267,-0.2127532298745717253675784087
XRP-USD,2026-08-30T18:42:20.530866Z,1.4266,1.4268,0.0002,1.4267,-0.2127532298745717253675784087
XRP-USD,2026-08-30T18:42:20.586372Z,1.4266,1.4268,0.0002,1.4267,-0.2127532298745717253675784087
XRP-USD,2026-08-30T18:42:20.816685Z,1.4266,1.4268,0.0002,1.4267,-0.2127532298745717253675784087
XRP-USD,2026-08-30T18:42:20.839466Z,1.4266,1.4268,0.0002,1.4267,-0.2127532298745717253675784087
XRP-USD,2026-08-30T18:42:20.888149Z,1.4266,1.4268,0.0002,1.4267,-0.1993760919950532485885128497
XRP-USD,2026-08-30T18:42:21.030198Z,1.4266,1.4268,0.0002,1.4267,-0.1992471308503568266085693465
XRP-USD,2026-08-30T18:42:21.098207Z,1.4266,1.4268,0.0002,1.4267,-0.1992471308503568266085693465
XRP-USD,2026-08-30T18:42:21.296056Z,1.4266,1.4268,0.0002,1.4267,-0.1993760919950532485885128497
XRP-USD,2026-08-30T18:42:21.401094Z,1.4266,1.4268,0.0002,1.4267,-0.2127532298745717253675784087
XRP-USD,2026-08-30T18:42:21.899849Z,1.4266,1.4268,0.0002,1.4267,-0.2127532298745717253675784087
XRP-USD,2026-08-30T18:42:21.955654Z,1.4266,1.4268,0.0002,1.4267,-0.2127532298745717253675784087
XRP-USD,2026-08-30T18:42:22.024212Z,1.4266,1.4268,0.0002,1.4267,-0.2126250089084624217703666477
XRP-USD,2026-08-30T18:42:22.139461Z,1.4266,1.4268,0.0002,1.4267,-0.2126250089084624217703666477
XRP-USD,2026-08-30T18:42:22.199062Z,1.4266,1.4268,0.0002,1.4267,-0.2126250089084624217703666477
XRP-USD,2026-08-30T18:42:22.301047Z,1.4263,1.4267,0.0004,1.4265,0.3739018033481797618763612236
XRP-USD,2026-08-30T18:42:22.459503Z,1.4264,1.4266,0.0002,1.4265,-0.2367977096794981837710127243
XRP-USD,2026-08-30T18:42:22.517709Z,1.4264,1.4266,0.0002,1.4265,-0.2006245998161528622027367051
XRP-USD,2026-08-30T18:42:22.527014Z,1.4265,1.4266,0.0001,1.42655,-0.3996115652314783952869185014
XRP-USD,2026-08-30T18:42:22.614931Z,1.4265,1.4266,0.0001,1.42655,-0.2871700806024709884515730469
XRP-USD,2026-08-30T18:42:22.662035Z,1.4265,1.4267,0.0002,1.4266,-0.3786619797177827096118472980
XRP-USD,2026-08-30T18:42:22.825178Z,1.4265,1.4267,0.0002,1.4266,-0.3786619797177827096118472980
XRP-USD,2026-08-30T18:42:22.873873Z,1.4266,1.4267,0.0001,1.42665,-0.2972089219801682685056398936
XRP-USD,2026-08-30T18:42:22.918394Z,1.4266,1.4267,0.0001,1.42665,-0.2972089219801682685056398936
XRP-USD,2026-08-30T18:42:22.973703Z,1.4266,1.4267,0.0001,1.42665,-0.4150490651109787682768955747
XRP-USD,2026-08-30T18:42:23.016973Z,1.4266,1.4267,0.0001,1.42665,-0.4150490651109787682768955747
XRP-USD,2026-08-30T18:42:23.069603Z,1.4266,1.4267,0.0001,1.42665,-0.4149314846220053942107159581
XRP-USD,2026-08-30T18:42:23.118227Z,1.4265,1.4267,0.0002,1.4266,-0.4241972898567436218131315336
XRP-USD,2026-08-30T18:42:23.165124Z,1.4265,1.4267,0.0002,1.4266,-0.3657052767393294788118223066
XRP-USD,2026-08-30T18:42:23.203081Z,1.4265,1.4267,0.0002,1.4266,-0.3117772275661321758148757453
XRP-USD,2026-08-30T18:42:23.335321Z,1.4265,1.4267,0.0002,1.4266,-0.3117772275661321758148757453
XRP-USD,2026-08-30T18:42:23.407592Z,1.4265,1.4267,0.0002,1.4266,-0.3119027741459537232957607826
XRP-USD,2026-08-30T18:42:23.438165Z,1.4265,1.4267,0.0002,1.4266,-0.3119027741459537232957607826
XRP-USD,2026-08-30T18:42:23.640663Z,1.4265,1.4267,0.0002,1.4266,-0.3284988938238080568062035258
XRP-USD,2026-08-30T18:42:23.711494Z,1.4265,1.4267,0.0002,1.4266,-0.4330957546949820056235660268
XRP-USD,2026-08-30T18:42:23.739947Z,1.4265,1.4267,0.0002,1.4266,-0.3284988938238080568062035258
XRP-USD,2026-08-30T18:42:23.80717Z,1.4265,1.4267,0.0002,1.4266,-0.3284988938238080568062035258
XRP-USD,2026-08-30T18:42:24.017702Z,1.4265,1.4267,0.0002,1.4266,-0.3284988938238080568062035258
XRP-USD,2026-08-30T18:42:24.027901Z,1.4265,1.4267,0.0002,1.4266,-0.3283748250869716318321037944
XRP-USD,2026-08-30T18:42:24.102466Z,1.4265,1.4267,0.0002,1.4266,-0.3283748250869716318321037944
XRP-USD,2026-08-30T18:42:24.178204Z,1.4265,1.4267,0.0002,1.4266,-0.3283748250869716318321037944
XRP-USD,2026-08-30T18:42:24.273473Z,1.4265,1.4267,0.0002,1.4266,-0.3283748250869716318321037944
XRP-USD,2026-08-30T18:42:24.318725Z,1.4265,1.4267,0.0002,1.4266,-0.3283748250869716318321037944
XRP-USD,2026-08-30T18:42:24.463158Z,1.4265,1.4267,0.0002,1.4266,-0.3284988938238080568062035258
XRP-USD,2026-08-30T18:42:24.528734Z,1.4266,1.4267,0.0001,1.42665,-0.003469867493541930368999745133
XRP-USD,2026-08-30T18:42:24.575906Z,1.4266,1.4267,0.0001,1.42665,0.05060847010738657677265832448
XRP-USD,2026-08-30T18:42:24.586819Z,1.4266,1.4267,0.0001,1.42665,0.09471785181918901879790433372
XRP-USD,2026-08-30T18:42:24.686605Z,1.4266,1.4267,0.0001,1.42665,-0.02953449312492609983272300031
XRP-USD,2026-08-30T18:42:24.701733Z,1.4266,1.4267,0.0001,1.42665,-0.08422545034270803644813825685
XRP-USD,2026-08-30T18:42:24.739013Z,1.4266,1.4267,0.0001,1.42665,-0.06675310237612976668089144956
XRP-USD,2026-08-30T18:42:25.016225Z,1.4266,1.4267,0.0001,1.42665,-0.06675310237612976668089144956
XRP-USD,2026-08-30T18:42:25.038623Z,1.4266,1.4268,0.0002,1.4267,-0.2652522157561982429494661635
XRP-USD,2026-08-30T18:42:25.175139Z,1.4266,1.4268,0.0002,1.4267,-0.2652522157561982429494661635
XRP-USD,2026-08-30T18:42:25.224076Z,1.4266,1.4268,0.0002,1.4267,-0.2652522157561982429494661635
XRP-USD,2026-08-30T18:42:25.239498Z,1.4266,1.4268,0.0002,1.4267,-0.2652522157561982429494661635
XRP-USD,2026-08-30T18:42:25.298779Z,1.4266,1.4268,0.0002,1.4267,-0.2652522157561982429494661635
XRP-USD,2026-08-30T18:42:25.429114Z,1.4267,1.4269,0.0002,1.4268,-0.5021119031606686682757403372
XRP-USD,2026-08-30T18:42:25.451805Z,1.4267,1.4269,0.0002,1.4268,-0.4480807614163713778591077543
XRP-USD,2026-08-30T18:42:25.52852Z,1.4266,1.4267,0.0001,1.42665,0.2841836382601895219349883054
XRP-USD,2026-08-30T18:42:25.576622Z,1.4266,1.4267,0.0001,1.42665,-0.1092629382052212320671998552
XRP-USD,2026-08-30T18:42:25.600023Z,1.4266,1.4267,0.0001,1.42665,-0.05169053195086266369028852147
XRP-USD,2026-08-30T18:42:25.643831Z,1.4266,1.4267,0.0001,1.42665,0.2358639119991709446586334986
XRP-USD,2026-08-30T18:42:25.668318Z,1.4266,1.4267,0.0001,1.42665,0.2358639119991709446586334986
XRP-USD,2026-08-30T18:42:25.723898Z,1.4266,1.4267,0.0001,1.42665,0.2358639119991709446586334986
XRP-USD,2026-08-30T18:42:26.031293Z,1.4266,1.4268,0.0002,1.4267,-0.2725754778821419234116367451
XRP-USD,2026-08-30T18:42:26.075156Z,1.4266,1.4268,0.0002,1.4267,-0.2725754778821419234116367451
XRP-USD,2026-08-30T18:42:26.225085Z,1.4267,1.4269,0.0002,1.4268,-0.5055243309223119135741026305
XRP-USD,2026-08-30T18:42:26.266054Z,1.4267,1.4269,0.0002,1.4268,-0.4036705965830185063380558509
XRP-USD,2026-08-30T18:42:26.312563Z,1.4267,1.4269,0.0002,1.4268,-0.5054930898238639305693512397
XRP-USD,2026-08-30T18:42:26.349694Z,1.4267,1.4269,0.0002,1.4268,-0.5054930898238639305693512397
XRP-USD,2026-08-30T18:42:26.416361Z,1.4267,1.4269,0.0002,1.4268,-0.4884099903192125240147336180
XRP-USD,2026-08-30T18:42:26.473997Z,1.4267,1.4269,0.0002,1.4268,-0.4940533224423405642120288393
XRP-USD,2026-08-30T18:42:26.508463Z,1.4267,1.4269,0.0002,1.4268,-0.4863680123274556918199157914
XRP-USD,2026-08-30T18:42:26.575993Z,1.4268,1.4269,0.0001,1.42685,-0.5978756398399089402373819397
XRP-USD,2026-08-30T18:42:26.587312Z,1.4268,1.4269,0.0001,1.42685,-0.6092941888714041048727894501
XRP-USD,2026-08-30T18:42:26.667815Z,1.4268,1.4269,0.0001,1.42685,-0.4921225373571735351708913557
XRP-USD,2026-08-30T18:42:26.726344Z,1.4267,1.4269,0.0002,1.4268,-0.5237570111235909030767453483
XRP-USD,2026-08-30T18:42:26.778451Z,1.4267,1.4269,0.0002,1.4268,-0.5218363551109985906773862129
XRP-USD,2026-08-30T18:42:26.797104Z,1.4267,1.4269,0.0002,1.4268,-0.4684923787969506803788548488
XRP-USD,2026-08-30T18:42:26.904546Z,1.4267,1.4269,0.0002,1.4268,-0.4664507620501949549280831977
XRP-USD,2026-08-30T18:42:27.021735Z,1.4267,1.4269,0.0002,1.4268,-0.4663380179882351710190854650
XRP-USD,2026-08-30T18:42:27.047529Z,1.4267,1.4269,0.0002,1.4268,-0.4683804960009897473510210157
XRP-USD,2026-08-30T18:42:27.107417Z,1.4267,1.4269,0.0002,1.4268,-0.4517121354055586803423735861
XRP-USD,2026-08-30T18:42:27.269538Z,1.4267,1.4269,0.0002,1.4268,-0.4517121354055586803423735861
XRP-USD,2026-08-30T18:42:27.314299Z,1.4267,1.4269,0.0002,1.4268,-0.4517121354055586803423735861
XRP-USD,2026-08-30T18:42:27.404645Z,1.4267,1.4269,0.0002,1.4268,-0.4480893354585645190468201884
XRP-USD,2026-08-30T18:42:27.603844Z,1.4267,1.4269,0.0002,1.4268,-0.4480893354585645190468201884
XRP-USD,2026-08-30T18:42:27.642976Z,1.4267,1.4269,0.0002,1.4268,-0.4479972491960800356567564722
XRP-USD,2026-08-30T18:42:27.692532Z,1.4267,1.4269,0.0002,1.4268,-0.4480893354585645190468201884
XRP-USD,2026-08-30T18:42:27.745118Z,1.4267,1.4269,0.0002,1.4268,-0.3472899314632607954884933817
XRP-USD,2026-08-30T18:42:27.817145Z,1.4267,1.4269,0.0002,1.4268,-0.3472899314632607954884933817
XRP-USD,2026-08-30T18:42:27.879887Z,1.4267,1.4269,0.0002,1.4268,-0.3657458578968608809421739969
XRP-USD,2026-08-30T18:42:27.983106Z,1.4267,1.4269,0.0002,1.4268,-0.3743168139932517447726931107
XRP-USD,2026-08-30T18:42:28.074211Z,1.4267,1.4269,0.0002,1.4268,-0.4754798828308607324745568755
XRP-USD,2026-08-30T18:42:28.122944Z,1.4267,1.4269,0.0002,1.4268,-0.4694697541322020174787228381
XRP-USD,2026-08-30T18:42:28.193083Z,1.4267,1.4269,0.0002,1.4268,-0.4528228194665360913520692957
XRP-USD,2026-08-30T18:42:28.329176Z,1.4267,1.4269,0.0002,1.4268,-0.4528228194665360913520692957
XRP-USD,2026-08-30T18:42:28.46364Z,1.4267,1.4269,0.0002,1.4268,-0.4528228194665360913520692957
XRP-USD,2026-08-30T18:42:28.562022Z,1.4267,1.4269,0.0002,1.4268,-0.4694697541322020174787228381
XRP-USD,2026-08-30T18:42:28.64818Z,1.4267,1.4269,0.0002,1.4268,-0.4694697541322020174787228381
XRP-USD,2026-08-30T18:42:28.728227Z,1.4267,1.4269,0.0002,1.4268,-0.4694011983976028496239663871
XRP-USD,2026-08-30T18:42:28.767088Z,1.4267,1.4269,0.0002,1.4268,-0.4693124100767211826012396991
XRP-USD,2026-08-30T18:42:28.807779Z,1.4267,1.4269,0.0002,1.4268,-0.4694011983976028496239663871
XRP-USD,2026-08-30T18:42:28.855704Z,1.4267,1.4269,0.0002,1.4268,-0.4694011983976028496239663871
XRP-USD,2026-08-30T18:42:28.955234Z,1.4267,1.4269,0.0002,1.4268,-0.4694011983976028496239663871
XRP-USD,2026-08-30T18:42:29.020373Z,1.4267,1.4269,0.0002,1.4268,-0.4694011983976028496239663871
XRP-USD,2026-08-30T18:42:29.181868Z,1.4267,1.4269,0.0002,1.4268,-0.4694011983976028496239663871
XRP-USD,2026-08-30T18:42:29.338145Z,1.4267,1.4269,0.0002,1.4268,-0.4694011983976028496239663871
XRP-USD,2026-08-30T18:42:29.383886Z,1.4267,1.4269,0.0002,1.4268,-0.4694011983976028496239663871
XRP-USD,2026-08-30T18:42:29.450833Z,1.4267,1.4269,0.0002,1.4268,-0.4694011983976028496239663871
XRP-USD,2026-08-30T18:42:29.520173Z,1.4267,1.4269,0.0002,1.4268,-0.4694011983976028496239663871
XRP-USD,2026-08-30T18:42:29.668143Z,1.4267,1.4269,0.0002,1.4268,-0.4527529137030639141908317269
XRP-USD,2026-08-30T18:42:29.707537Z,1.4267,1.4269,0.0002,1.4268,-0.4694011983976028496239663871
XRP-USD,2026-08-30T18:42:29.871032Z,1.4267,1.4269,0.0002,1.4268,-0.4694011983976028496239663871
XRP-USD,2026-08-30T18:42:29.912755Z,1.4267,1.4269,0.0002,1.4268,-0.4693124100767211826012396991
XRP-USD,2026-08-30T18:42:29.942716Z,1.4267,1.4269,0.0002,1.4268,-0.4693124100767211826012396991
XRP-USD,2026-08-30T18:42:30.022818Z,1.4267,1.4269,0.0002,1.4268,-0.4693124100767211826012396991
XRP-USD,2026-08-30T18:42:30.356541Z,1.4267,1.4269,0.0002,1.4268,-0.4693124100767211826012396991
XRP-USD,2026-08-30T18:42:30.444591Z,1.4267,1.4269,0.0002,1.4268,-0.4693124100767211826012396991
XRP-USD,2026-08-30T18:42:30.525694Z,1.4267,1.4269,0.0002,1.4268,-0.4693124100767211826012396991
XRP-USD,2026-08-30T18:42:30.571237Z,1.4267,1.4269,0.0002,1.4268,-0.4693124100767211826012396991
XRP-USD,2026-08-30T18:42:30.605834Z,1.4267,1.4269,0.0002,1.4268,-0.4693124100767211826012396991
XRP-USD,2026-08-30T18:42:30.640821Z,1.4267,1.4269,0.0002,1.4268,-0.4693124100767211826012396991
XRP-USD,2026-08-30T18:42:30.974723Z,1.4267,1.4269,0.0002,1.4268,-0.4693124100767211826012396991
XRP-USD,2026-08-30T18:42:31.017213Z,1.4267,1.4269,0.0002,1.4268,-0.4693124100767211826012396991
XRP-USD,2026-08-30T18:42:31.026626Z,1.4267,1.4269,0.0002,1.4268,-0.4694011983976028496239663871
XRP-USD,2026-08-30T18:42:31.124577Z,1.4267,1.4269,0.0002,1.4268,-0.4192808526813404994367996619
XRP-USD,2026-08-30T18:42:31.485657Z,1.4267,1.4269,0.0002,1.4268,-0.4192808526813404994367996619
XRP-USD,2026-08-30T18:42:31.538218Z,1.4267,1.4269,0.0002,1.4268,-0.4192808526813404994367996619
XRP-USD,2026-08-30T18:42:31.610556Z,1.4267,1.4269,0.0002,1.4268,-0.4192808526813404994367996619
XRP-USD,2026-08-30T18:42:31.675295Z,1.4267,1.4269,0.0002,1.4268,-0.2924165549827258101002367706
XRP-USD,2026-08-30T18:42:31.700003Z,1.4267,1.4269,0.0002,1.4268,-0.2924165549827258101002367706
XRP-USD,2026-08-30T18:42:31.767768Z,1.4267,1.4269,0.0002,1.4268,-0.4191154555558127612954885538
XRP-USD,2026-08-30T18:42:31.816905Z,1.4267,1.4269,0.0002,1.4268,-0.4263128682224758636444998677
XRP-USD,2026-08-30T18:42:31.924544Z,1.4267,1.4269,0.0002,1.4268,-0.3547258930392619139141154482
XRP-USD,2026-08-30T18:42:31.931593Z,1.4267,1.4269,0.0002,1.4268,-0.3030672998020974015374564849
XRP-USD,2026-08-30T18:42:32.01708Z,1.4267,1.4269,0.0002,1.4268,-0.3030672998020974015374564849
XRP-USD,2026-08-30T18:42:32.036418Z,1.4267,1.4269,0.0002,1.4268,-0.3132534843788984417499131150
XRP-USD,2026-08-30T18:42:32.116759Z,1.4267,1.4269,0.0002,1.4268,-0.3134021633481668376896265705
XRP-USD,2026-08-30T18:42:32.266088Z,1.4267,1.4269,0.0002,1.4268,-0.3134021633481668376896265705
XRP-USD,2026-08-30T18:42:32.32809Z,1.4267,1.4269,0.0002,1.4268,-0.3133011601514704481917872489
XRP-USD,2026-08-30T18:42:32.331569Z,1.4267,1.4269,0.0002,1.4268,-0.3133011601514704481917872489
XRP-USD,2026-08-30T18:42:32.494946Z,1.4267,1.4269,0.0002,1.4268,-0.3133011599647527279038393436
XRP-USD,2026-08-30T18:42:32.53647Z,1.4267,1.4269,0.0002,1.4268,-0.3133011599647527279038393436
XRP-USD,2026-08-30T18:42:32.672057Z,1.4269,1.427,0.0001,1.42695,-0.08516516407120874159814871105
XRP-USD,2026-08-30T18:42:32.706114Z,1.4269,1.427,0.0001,1.42695,0.2065852789077000953166084378
XRP-USD,2026-08-30T18:42:32.764219Z,1.4269,1.427,0.0001,1.42695,-0.04523279919863545725294224761
XRP-USD,2026-08-30T18:42:32.863258Z,1.4269,1.427,0.0001,1.42695,-0.2426253190022995939216014146
XRP-USD,2026-08-30T18:42:32.929295Z,1.4269,1.427,0.0001,1.42695,-0.1519381485229851697263969491
XRP-USD,2026-08-30T18:42:32.971429Z,1.4269,1.427,0.0001,1.42695,-0.1357903305230016301546808310
XRP-USD,2026-08-30T18:42:33.196832Z,1.4269,1.427,0.0001,1.42695,-0.3270050195827696597142093731
XRP-USD,2026-08-30T18:42:33.266755Z,1.4269,1.427,0.0001,1.42695,-0.3270050195827696597142093731
XRP-USD,2026-08-30T18:42:33.31151Z,1.4269,1.427,0.0001,1.42695,-0.3270050195827696597142093731
XRP-USD,2026-08-30T18:42:33.36429Z,1.4269,1.427,0.0001,1.42695,-0.3270050195827696597142093731
XRP-USD,2026-08-30T18:42:33.426907Z,1.4269,1.427,0.0001,1.42695,-0.3368383007577511761259100789
XRP-USD,2026-08-30T18:42:33.468592Z,1.4269,1.427,0.0001,1.42695,-0.3368383007577511761259100789
XRP-USD,2026-08-30T18:42:33.498962Z,1.4269,1.427,0.0001,1.42695,-0.3368383007577511761259100789
XRP-USD,2026-08-30T18:42:33.576827Z,1.4269,1.427,0.0001,1.42695,-0.3368383007577511761259100789
XRP-USD,2026-08-30T18:42:33.625866Z,1.4269,1.427,0.0001,1.42695,-0.3368383007577511761259100789
XRP-USD,2026-08-30T18:42:33.631641Z,1.4269,1.427,0.0001,1.42695,-0.3368383007577511761259100789
XRP-USD,2026-08-30T18:42:33.725136Z,1.4269,1.427,0.0001,1.42695,-0.3368383007577511761259100789
XRP-USD,2026-08-30T18:42:33.730187Z,1.4269,1.427,0.0001,1.42695,-0.3368383007577511761259100789
XRP-USD,2026-08-30T18:42:33.796056Z,1.4269,1.427,0.0001,1.42695,-0.3557455234608402277718234420
XRP-USD,2026-08-30T18:42:33.874385Z,1.4269,1.427,0.0001,1.42695,-0.3557455234608402277718234420
XRP-USD,2026-08-30T18:42:33.920333Z,1.4269,1.427,0.0001,1.42695,-0.3557455234608402277718234420
XRP-USD,2026-08-30T18:42:33.979798Z,1.4269,1.427,0.0001,1.42695,-0.1685469176295956642975369697
XRP-USD,2026-08-30T18:42:34.017521Z,1.4269,1.427,0.0001,1.42695,-0.1823808464939911984566885738
XRP-USD,2026-08-30T18:42:34.072078Z,1.4269,1.427,0.0001,1.42695,-0.1821688682424311570672066629
XRP-USD,2026-08-30T18:42:34.085752Z,1.4269,1.427,0.0001,1.42695,-0.1821688682424311570672066629
XRP-USD,2026-08-30T18:42:34.131708Z,1.4269,1.427,0.0001,1.42695,-0.1821688682424311570672066629
XRP-USD,2026-08-30T18:42:34.220932Z,1.4269,1.427,0.0001,1.42695,-0.2835492255864225384012277625
XRP-USD,2026-08-30T18:42:34.225166Z,1.4269,1.427,0.0001,1.42695,-0.3380555524606402492212704947
XRP-USD,2026-08-30T18:42:34.323857Z,1.4269,1.427,0.0001,1.42695,-0.1676027280481045355591782278
XRP-USD,2026-08-30T18:42:34.378197Z,1.427,1.4272,0.0002,1.4271,-0.5984761141561088929594061171
XRP-USD,2026-08-30T18:42:34.425097Z,1.427,1.4272,0.0002,1.4271,-0.5077609135569399119514649960
XRP-USD,2026-08-30T18:42:34.479324Z,1.427,1.4272,0.0002,1.4271,-0.5542351896833196709121112190
XRP-USD,2026-08-30T18:42:34.505803Z,1.427,1.4272,0.0002,1.4271,-0.3976411913430323094771860258
XRP-USD,2026-08-30T18:42:34.569022Z,1.4271,1.4272,0.0001,1.42715,-0.5916963642632427031986333401
XRP-USD,2026-08-30T18:42:34.625843Z,1.4271,1.4272,0.0001,1.42715,-0.6413376502326997135822612873
XRP-USD,2026-08-30T18:42:34.672066Z,1.4271,1.4272,0.0001,1.42715,-0.6414185523146115971692687702
XRP-USD,2026-08-30T18:42:34.726697Z,1.4271,1.4272,0.0001,1.42715,-0.6930749154076592888490597889
XRP-USD,2026-08-30T18:42:34.738355Z,1.4271,1.4272,0.0001,1.42715,-0.6852663309665049264468342202
XRP-USD,2026-08-30T18:42:34.869564Z,1.4271,1.4272,0.0001,1.42715,-0.6852663309665049264468342202
XRP-USD,2026-08-30T18:42:34.908988Z,1.427,1.4272,0.0002,1.4271,-0.5231288837796095132486630468
XRP-USD,2026-08-30T18:42:34.961406Z,1.427,1.4272,0.0002,1.4271,-0.4873566887349858056846342085
XRP-USD,2026-08-30T18:42:34.995383Z,1.427,1.4272,0.0002,1.4271,-0.4873566887349858056846342085
XRP-USD,2026-08-30T18:42:35.048534Z,1.427,1.4272,0.0002,1.4271,-0.4984772977479232801926260032
XRP-USD,2026-08-30T18:42:35.121311Z,1.427,1.4272,0.0002,1.4271,-0.4984772977479232801926260032
XRP-USD,2026-08-30T18:42:35.17059Z,1.427,1.4272,0.0002,1.4271,-0.4984772977479232801926260032
XRP-USD,2026-08-30T18:42:35.276053Z,1.427,1.4272,0.0002,1.4271,-0.4985320289423638006649013800
XRP-USD,2026-08-30T18:42:35.373467Z,1.427,1.4272,0.0002,1.4271,-0.5022531565064337739767970452
XRP-USD,2026-08-30T18:42:35.393922Z,1.427,1.4272,0.0002,1.4271,-0.4985320289423638006649013800
XRP-USD,2026-08-30T18:42:35.437201Z,1.427,1.4272,0.0002,1.4271,-0.4985320289423638006649013800
XRP-USD,2026-08-30T18:42:35.512902Z,1.427,1.4272,0.0002,1.4271,-0.4985320289423638006649013800
XRP-USD,2026-08-30T18:42:35.576848Z,1.427,1.4272,0.0002,1.4271,-0.4985320289423638006649013800
XRP-USD,2026-08-30T18:42:35.669225Z,1.427,1.4272,0.0002,1.4271,-0.4985320289423638006649013800
XRP-USD,2026-08-30T18:42:35.791795Z,1.427,1.4272,0.0002,1.4271,-0.4985320289423638006649013800
XRP-USD,2026-08-30T18:42:35.837276Z,1.427,1.4272,0.0002,1.4271,-0.4985320289423638006649013800
XRP-USD,2026-08-30T18:42:36.09751Z,1.427,1.4272,0.0002,1.4271,-0.4984772977479232801926260032
XRP-USD,2026-08-30T18:42:36.164755Z,1.427,1.4272,0.0002,1.4271,-0.4984772976791775906252530539
XRP-USD,2026-08-30T18:42:36.216787Z,1.427,1.4272,0.0002,1.4271,-0.4250215736905196052930823007
XRP-USD,2026-08-30T18:42:36.250695Z,1.427,1.4272,0.0002,1.4271,-0.4250215736905196052930823007
XRP-USD,2026-08-30T18:42:36.325692Z,1.427,1.4272,0.0002,1.4271,-0.4250910770473063478072762508
XRP-USD,2026-08-30T18:42:36.413Z,1.427,1.4272,0.0002,1.4271,-0.4250910770473063478072762508
XRP-USD,2026-08-30T18:42:36.469116Z,1.427,1.4272,0.0002,1.4271,-0.4250910770473063478072762508
XRP-USD,2026-08-30T18:42:36.485612Z,1.427,1.4272,0.0002,1.4271,-0.4250910770473063478072762508
XRP-USD,2026-08-30T18:42:36.558461Z,1.427,1.4272,0.0002,1.4271,-0.4250910770473063478072762508
XRP-USD,2026-08-30T18:42:36.668612Z,1.4271,1.4272,0.0001,1.42715,-0.5721277481330357855022700822
XRP-USD,2026-08-30T18:42:36.719765Z,1.4272,1.4273,0.0001,1.42725,0.5680961083651041541218049194
XRP-USD,2026-08-30T18:42:36.776379Z,1.4272,1.4273,0.0001,1.42725,0.4075095808531301698407994511
XRP-USD,2026-08-30T18:42:36.806989Z,1.4272,1.4273,0.0001,1.42725,0.4483372378658742102464365270
XRP-USD,2026-08-30T18:42:36.865832Z,1.4273,1.4274,0.0001,1.42735,-0.3876484232656084132048046659
XRP-USD,2026-08-30T18:42:36.917761Z,1.4273,1.4274,0.0001,1.42735,-0.1894024333438312717022386604
XRP-USD,2026-08-30T18:42:36.965149Z,1.4273,1.4274,0.0001,1.42735,-0.2472287438175965353160558818
XRP-USD,2026-08-30T18:42:37.006408Z,1.4273,1.4274,0.0001,1.42735,-0.3975128673808538257552569217
XRP-USD,2026-08-30T18:42:37.05662Z,1.4273,1.4274,0.0001,1.42735,-0.5124038043363709138710079089
XRP-USD,2026-08-30T18:42:37.107081Z,1.4273,1.4274,0.0001,1.42735,-0.4003506210160867971411935368
XRP-USD,2026-08-30T18:42:37.160155Z,1.4273,1.4274,0.0001,1.42735,-0.4003506210160867971411935368
XRP-USD,2026-08-30T18:42:37.203394Z,1.4273,1.4274,0.0001,1.42735,-0.4003506210160867971411935368
XRP-USD,2026-08-30T18:42:37.318672Z,1.4275,1.4276,0.0001,1.42755,-0.5456094807057124726157211677
XRP-USD,2026-08-30T18:42:37.342376Z,1.4275,1.4276,0.0001,1.42755,-0.5456094807057124726157211677
XRP-USD,2026-08-30T18:42:37.412219Z,1.4275,1.4276,0.0001,1.42755,-0.2014372099003889153236420836
XRP-USD,2026-08-30T18:42:37.461832Z,1.4275,1.4276,0.0001,1.42755,-0.2290455977025397951319110651
XRP-USD,2026-08-30T18:42:37.502151Z,1.4275,1.4276,0.0001,1.42755,-0.3895324612074810282648902969
XRP-USD,2026-08-30T18:42:37.542527Z,1.4275,1.4276,0.0001,1.42755,-0.2361136249543040334504738492
XRP-USD,2026-08-30T18:42:37.620207Z,1.4275,1.4276,0.0001,1.42755,-0.2315251542947561606206414863
XRP-USD,2026-08-30T18:42:37.656954Z,1.4275,1.4276,0.0001,1.42755,-0.2315251542947561606206414863
XRP-USD,2026-08-30T18:42:37.727826Z,1.4275,1.4276,0.0001,1.42755,-0.2315251542947561606206414863
XRP-USD,2026-08-30T18:42:37.744624Z,1.4275,1.4276,0.0001,1.42755,-0.2315251542947561606206414863
XRP-USD,2026-08-30T18:42:37.809453Z,1.4275,1.4276,0.0001,1.42755,-0.2315251542947561606206414863
XRP-USD,2026-08-30T18:42:37.914844Z,1.4275,1.4276,0.0001,1.42755,-0.4023520451949623938468128828
XRP-USD,2026-08-30T18:42:37.952188Z,1.4275,1.4276,0.0001,1.42755,-0.5507666469297245831849055269
XRP-USD,2026-08-30T18:42:38.055263Z,1.4275,1.4276,0.0001,1.42755,-0.4853789877902811893669034631
XRP-USD,2026-08-30T18:42:38.308862Z,1.4275,1.4276,0.0001,1.42755,-0.4853789877902811893669034631
XRP-USD,2026-08-30T18:42:38.313096Z,1.4275,1.4276,0.0001,1.42755,-0.4853789877902811893669034631
XRP-USD,2026-08-30T18:42:38.350138Z,1.4275,1.4276,0.0001,1.42755,-0.4700315601794268015513924230
XRP-USD,2026-08-30T18:42:38.424004Z,1.4275,1.4276,0.0001,1.42755,-0.4701114532347996782052604506
XRP-USD,2026-08-30T18:42:38.587306Z,1.4275,1.4276,0.0001,1.42755,-0.4701114532347996782052604506
XRP-USD,2026-08-30T18:42:38.686307Z,1.4275,1.4276,0.0001,1.42755,-0.4701114532347996782052604506
XRP-USD,2026-08-30T18:42:38.926105Z,1.4275,1.4276,0.0001,1.42755,-0.4701114531344401040382101783
XRP-USD,2026-08-30T18:42:38.980331Z,1.4275,1.4276,0.0001,1.42755,-0.3628201097474293240063473405
XRP-USD,2026-08-30T18:42:39.026619Z,1.4275,1.4276,0.0001,1.42755,-0.5350670650592343128662703371
XRP-USD,2026-08-30T18:42:39.068058Z,1.4275,1.4276,0.0001,1.42755,-0.4523137789236819479051611994
XRP-USD,2026-08-30T18:42:39.112907Z,1.4275,1.4276,0.0001,1.42755,-0.5029716461549041289939918694
XRP-USD,2026-08-30T18:42:39.131872Z,1.4275,1.4276,0.0001,1.42755,-0.5029716461549041289939918694
XRP-USD,2026-08-30T18:42:39.269758Z,1.4275,1.4276,0.0001,1.42755,-0.5148763428851713501640437530
XRP-USD,2026-08-30T18:42:39.32684Z,1.4275,1.4276,0.0001,1.42755,-0.4649999160968683875992849614
XRP-USD,2026-08-30T18:42:39.36628Z,1.4275,1.4276,0.0001,1.42755,-0.3780732976887182443181518213
XRP-USD,2026-08-30T18:42:39.419881Z,1.4275,1.4276,0.0001,1.42755,-0.4565640251279127489551984209
XRP-USD,2026-08-30T18:42:39.476979Z,1.4275,1.4276,0.0001,1.42755,-0.4566472718677060555659217840
XRP-USD,2026-08-30T18:42:39.552619Z,1.4275,1.4276,0.0001,1.42755,-0.4664546431735292795023676895
XRP-USD,2026-08-30T18:42:39.664818Z,1.4275,1.4276,0.0001,1.42755,-0.4664546431735292795023676895
XRP-USD,2026-08-30T18:42:39.875988Z,1.4275,1.4276,0.0001,1.42755,-0.4664546431735292795023676895
XRP-USD,2026-08-30T18:42:39.918008Z,1.4275,1.4276,0.0001,1.42755,-0.4664546431735292795023676895
XRP-USD,2026-08-30T18:42:39.966528Z,1.4275,1.4276,0.0001,1.42755,-0.4664546431735292795023676895
XRP-USD,2026-08-30T18:42:40.01718Z,1.4275,1.4276,0.0001,1.42755,-0.4664546431735292795023676895
XRP-USD,2026-08-30T18:42:40.07818Z,1.4275,1.4276,0.0001,1.42755,-0.6008400002502634487966338786
XRP-USD,2026-08-30T18:42:40.087386Z,1.4275,1.4276,0.0001,1.42755,-0.6008400002502634487966338786
XRP-USD,2026-08-30T18:42:40.174428Z,1.4275,1.4276,0.0001,1.42755,-0.6066441698964629279012478533
XRP-USD,2026-08-30T18:42:40.207472Z,1.4275,1.4276,0.0001,1.42755,-0.6066441698964629279012478533
XRP-USD,2026-08-30T18:42:40.277555Z,1.4275,1.4276,0.0001,1.42755,-0.5284600621582554813919716090
XRP-USD,2026-08-30T18:42:40.323833Z,1.4275,1.4276,0.0001,1.42755,-0.5284600621582554813919716090
XRP-USD,2026-08-30T18:42:40.352334Z,1.4275,1.4276,0.0001,1.42755,-0.5245950160625793937705147276
XRP-USD,2026-08-30T18:42:40.421496Z,1.4275,1.4276,0.0001,1.42755,-0.5257008400521672189884851463
XRP-USD,2026-08-30T18:42:40.5625Z,1.4275,1.4276,0.0001,1.42755,-0.3199980734771582869458997882
XRP-USD,2026-08-30T18:42:40.763304Z,1.4275,1.4276,0.0001,1.42755,-0.1733465884478357139943825176
XRP-USD,2026-08-30T18:42:40.856178Z,1.4275,1.4276,0.0001,1.42755,-0.1733465884478357139943825176
XRP-USD,2026-08-30T18:42:40.89345Z,1.4275,1.4276,0.0001,1.42755,-0.2855050906394778131596703852
XRP-USD,2026-08-30T18:42:40.977839Z,1.4276,1.4277,0.0001,1.42765,-0.4604148735918046717471597077
XRP-USD,2026-08-30T18:42:41.029768Z,1.4277,1.4278,0.0001,1.42775,-0.3740539851359150718851526184
XRP-USD,2026-08-30T18:42:41.356268Z,1.4277,1.4278,0.0001,1.42775,-0.4752248729663576277979885011
XRP-USD,2026-08-30T18:42:41.365444Z,1.4277,1.4278,0.0001,1.42775,-0.5181297215408990025649313459
XRP-USD,2026-08-30T18:42:41.401642Z,1.4277,1.4278,0.0001,1.42775,-0.5181297215408990025649313459
XRP-USD,2026-08-30T18:42:41.463262Z,1.4276,1.4278,0.0002,1.4277,-0.5583347832483658580393237653
XRP-USD,2026-08-30T18:42:41.513802Z,1.4276,1.4278,0.0002,1.4277,-0.4598885796818718110363612901
XRP-USD,2026-08-30T18:42:41.541424Z,1.4276,1.4278,0.0002,1.4277,-0.5041331613482005047125544729
XRP-USD,2026-08-30T18:42:41.608935Z,1.4276,1.4278,0.0002,1.4277,-0.5041331613482005047125544729
XRP-USD,2026-08-30T18:42:41.66409Z,1.4276,1.4278,0.0002,1.4277,-0.4598885796818718110363612901
XRP-USD,2026-08-30T18:42:41.693986Z,1.4276,1.4278,0.0002,1.4277,-0.5041331613482005047125544729
XRP-USD,2026-08-30T18:42:41.86881Z,1.4276,1.4279,0.0003,1.42775,-0.6227030366018585481189446226
XRP-USD,2026-08-30T18:42:41.925388Z,1.4278,1.4279,0.0001,1.42785,-0.6032688091431203614224655420
XRP-USD,2026-08-30T18:42:41.965652Z,1.4278,1.4279,0.0001,1.42785,-0.5235197258568150786818148578
XRP-USD,2026-08-30T18:42:42.015629Z,1.4278,1.4279,0.0001,1.42785,-0.5235197258568150786818148578
XRP-USD,2026-08-30T18:42:42.075184Z,1.4278,1.4279,0.0001,1.42785,-0.6908302819788460080340980071
XRP-USD,2026-08-30T18:42:42.099945Z,1.4278,1.4279,0.0001,1.42785,-0.6711217601724287209779650104
XRP-USD,2026-08-30T18:42:42.162039Z,1.4278,1.4279,0.0001,1.42785,-0.6711217601724287209779650104
XRP-USD,2026-08-30T18:42:42.223505Z,1.4278,1.4279,0.0001,1.42785,-0.6711217601724287209779650104
XRP-USD,2026-08-30T18:42:42.267654Z,1.4278,1.4279,0.0001,1.42785,-0.6742729105220662785732231862
XRP-USD,2026-08-30T18:42:42.306405Z,1.4278,1.4279,0.0001,1.42785,-0.6742729105220662785732231862
XRP-USD,2026-08-30T18:42:42.37859Z,1.4278,1.4279,0.0001,1.42785,-0.6936423276597112777443403953
XRP-USD,2026-08-30T18:42:42.400718Z,1.4278,1.428,0.0002,1.4279,-0.7717101182568869092665313358
XRP-USD,2026-08-30T18:42:42.42805Z,1.4278,1.428,0.0002,1.4279,-0.7717101182568869092665313358
XRP-USD,2026-08-30T18:42:42.503114Z,1.4278,1.4279,0.0001,1.42785,-0.7174419498889920788669564163
XRP-USD,2026-08-30T18:42:42.575291Z,1.4278,1.4279,0.0001,1.42785,-0.7047136784368994214650434330
XRP-USD,2026-08-30T18:42:42.59189Z,1.4278,1.4279,0.0001,1.42785,-0.7047136784368994214650434330
XRP-USD,2026-08-30T18:42:42.674942Z,1.4278,1.4279,0.0001,1.42785,-0.7014599631579429973693040479
XRP-USD,2026-08-30T18:42:42.726357Z,1.4278,1.4279,0.0001,1.42785,-0.7014599631579429973693040479
XRP-USD,2026-08-30T18:42:42.762263Z,1.4278,1.4279,0.0001,1.42785,-0.7014959557407941003302771629
XRP-USD,2026-08-30T18:42:42.812751Z,1.4278,1.4279,0.0001,1.42785,-0.7047488907925025455872279601
XRP-USD,2026-08-30T18:42:42.914569Z,1.4278,1.4279,0.0001,1.42785,-0.7248819042684431192016325371
XRP-USD,2026-08-30T18:42:42.973376Z,1.4278,1.4279,0.0001,1.42785,-0.7248819042684431192016325371
XRP-USD,2026-08-30T18:42:43.017576Z,1.4278,1.4279,0.0001,1.42785,-0.7248643893649900042580817917
XRP-USD,2026-08-30T18:42:43.074113Z,1.4278,1.4279,0.0001,1.42785,-0.7234603613384537388425231916
XRP-USD,2026-08-30T18:42:43.078487Z,1.4278,1.4279,0.0001,1.42785,-0.7234603613384537388425231916
XRP-USD,2026-08-30T18:42:43.173509Z,1.4278,1.4279,0.0001,1.42785,-0.7234603613384537388425231916
XRP-USD,2026-08-30T18:42:43.217609Z,1.4278,1.4279,0.0001,1.42785,-0.7248643893649900042580817917
XRP-USD,2026-08-30T18:42:43.277721Z,1.4278,1.4279,0.0001,1.42785,-0.7047303135668422587750689194
XRP-USD,2026-08-30T18:42:43.301047Z,1.4278,1.4279,0.0001,1.42785,-0.7071239903210885204654377595
XRP-USD,2026-08-30T18:42:43.365704Z,1.4278,1.4279,0.0001,1.42785,-0.7269439018167391850674127262
XRP-USD,2026-08-30T18:42:43.454019Z,1.4278,1.4279,0.0001,1.42785,-0.7071239903210885204654377595
XRP-USD,2026-08-30T18:42:43.511749Z,1.4277,1.4279,0.0002,1.4278,-0.6489451390838810779489029417
XRP-USD,2026-08-30T18:42:43.55101Z,1.4277,1.4279,0.0002,1.4278,-0.6489451390838810779489029417
XRP-USD,2026-08-30T18:42:43.620377Z,1.4277,1.4279,0.0002,1.4278,-0.6489451390838810779489029417
XRP-USD,2026-08-30T18:42:43.739449Z,1.4277,1.4279,0.0002,1.4278,-0.6489451390838810779489029417
XRP-USD,2026-08-30T18:42:43.764374Z,1.4276,1.4278,0.0002,1.4277,-0.5442502094094605219750706755
XRP-USD,2026-08-30T18:42:43.822916Z,1.4276,1.4278,0.0002,1.4277,-0.5847539658351607318171780916
XRP-USD,2026-08-30T18:42:43.87238Z,1.4276,1.4277,0.0001,1.42765,-0.5228007012005311378602018915
XRP-USD,2026-08-30T18:42:43.905565Z,1.4276,1.4277,0.0001,1.42765,-0.5384929828678406854459222417
XRP-USD,2026-08-30T18:42:44.015442Z,1.4276,1.4277,0.0001,1.42765,-0.5423893879299336372102142201
XRP-USD,2026-08-30T18:42:44.0531Z,1.4276,1.4277,0.0001,1.42765,-0.5423893879299336372102142201
XRP-USD,2026-08-30T18:42:44.125018Z,1.4276,1.4277,0.0001,1.42765,-0.5423893879299336372102142201
XRP-USD,2026-08-30T18:42:44.272836Z,1.4276,1.4277,0.0001,1.42765,-0.5462205507884504972785508700
XRP-USD,2026-08-30T18:42:44.317006Z,1.4277,1.4279,0.0002,1.4278,-0.6088444386877991572092074885
XRP-USD,2026-08-30T18:42:44.37598Z,1.4277,1.4279,0.0002,1.4278,-0.5471710323716365832424459375
XRP-USD,2026-08-30T18:42:44.423384Z,1.4277,1.4279,0.0002,1.4278,-0.5788735027732168142868769614
XRP-USD,2026-08-30T18:42:44.463032Z,1.4277,1.4278,0.0001,1.42775,-0.5128809994413920759525289814
XRP-USD,2026-08-30T18:42:44.516878Z,1.4277,1.4278,0.0001,1.42775,-0.5563035859089490874725536243
XRP-USD,2026-08-30T18:42:44.566439Z,1.4277,1.4279,0.0002,1.4278,-0.6734726775774804429660788177
XRP-USD,2026-08-30T18:42:44.603791Z,1.4277,1.4279,0.0002,1.4278,-0.6684767396516953610382788199
XRP-USD,2026-08-30T18:42:44.725316Z,1.4277,1.4279,0.0002,1.4278,-0.6684767396516953610382788199
XRP-USD,2026-08-30T18:42:44.767515Z,1.4277,1.4278,0.0001,1.42775,-0.5707140884828761675665913996
XRP-USD,2026-08-30T18:42:44.809884Z,1.4277,1.4278,0.0001,1.42775,-0.5707140884828761675665913996
XRP-USD,2026-08-30T18:42:44.845757Z,1.4277,1.4278,0.0001,1.42775,-0.6024944869473404942654646158
XRP-USD,2026-08-30T18:42:44.924098Z,1.4277,1.4278,0.0001,1.42775,-0.5991316831606443175119083582
XRP-USD,2026-08-30T18:42:44.956233Z,1.4277,1.4278,0.0001,1.42775,-0.5991804418354346796014945687
XRP-USD,2026-08-30T18:42:45.027127Z,1.4277,1.4278,0.0001,1.42775,-0.5668463691649872871319212456
XRP-USD,2026-08-30T18:42:45.158206Z,1.4277,1.4278,0.0001,1.42775,-0.5668463691649872871319212456
XRP-USD,2026-08-30T18:42:45.23799Z,1.4277,1.4278,0.0001,1.42775,-0.5668463691649872871319212456
XRP-USD,2026-08-30T18:42:45.329213Z,1.4276,1.4278,0.0002,1.4277,-0.4971378922733517416547765964
XRP-USD,2026-08-30T18:42:45.37758Z,1.4276,1.4278,0.0002,1.4277,-0.6286592927513700208782701162
XRP-USD,2026-08-30T18:42:45.399407Z,1.4276,1.4278,0.0002,1.4277,-0.5101356853225890296274772577
XRP-USD,2026-08-30T18:42:45.435924Z,1.4276,1.4278,0.0002,1.4277,-0.5101356853225890296274772577
XRP-USD,2026-08-30T18:42:45.575036Z,1.4276,1.4278,0.0002,1.4277,-0.5731557430855060104460316464
XRP-USD,2026-08-30T18:42:45.641892Z,1.4277,1.4278,0.0001,1.42775,-0.5406617712470047695629266438
XRP-USD,2026-08-30T18:42:45.715238Z,1.4277,1.4278,0.0001,1.42775,-0.5579776562104908113703541991
XRP-USD,2026-08-30T18:42:45.732233Z,1.4277,1.4278,0.0001,1.42775,-0.5991770256028729876479790980
XRP-USD,2026-08-30T18:42:45.970613Z,1.4277,1.4278,0.0001,1.42775,-0.5668427519913824505200813425
XRP-USD,2026-08-30T18:42:46.021042Z,1.4277,1.4278,0.0001,1.42775,-0.5668427519913824505200813425
XRP-USD,2026-08-30T18:42:46.074397Z,1.4277,1.4278,0.0001,1.42775,-0.5668427519913824505200813425
XRP-USD,2026-08-30T18:42:46.083348Z,1.4277,1.4278,0.0001,1.42775,-0.5668427519913824505200813425
XRP-USD,2026-08-30T18:42:46.108654Z,1.4277,1.4278,0.0001,1.42775,-0.5668427519913824505200813425
XRP-USD,2026-08-30T18:42:46.217736Z,1.4277,1.4278,0.0001,1.42775,-0.5991770256028729876479790980
XRP-USD,2026-08-30T18:42:46.250611Z,1.4277,1.4278,0.0001,1.42775,-0.5668427519913824505200813425
XRP-USD,2026-08-30T18:42:46.363701Z,1.4277,1.4278,0.0001,1.42775,-0.5991770256028729876479790980
XRP-USD,2026-08-30T18:42:46.402262Z,1.4277,1.4278,0.0001,1.42775,-0.5991770256028729876479790980
XRP-USD,2026-08-30T18:42:46.468144Z,1.4277,1.4278,0.0001,1.42775,-0.5667501379188363700148292764
XRP-USD,2026-08-30T18:42:46.503729Z,1.4277,1.4278,0.0001,1.42775,-0.5990977236117518498908367618
XRP-USD,2026-08-30T18:42:46.558419Z,1.4276,1.4278,0.0002,1.4277,-0.6154179568272075496376197298
XRP-USD,2026-08-30T18:42:46.622497Z,1.4276,1.4278,0.0002,1.4277,-0.5255615442959004921530487272
XRP-USD,2026-08-30T18:42:46.703383Z,1.4276,1.4278,0.0002,1.4277,-0.5930732151553769422702016177
XRP-USD,2026-08-30T18:42:46.861491Z,1.4276,1.4277,0.0001,1.42765,-0.5891625395974711969304314757
XRP-USD,2026-08-30T18:42:46.925222Z,1.4276,1.4277,0.0001,1.42765,-0.5856125740373395073699399295
XRP-USD,2026-08-30T18:42:46.930942Z,1.4276,1.4277,0.0001,1.42765,-0.5873498790683958862320927265
XRP-USD,2026-08-30T18:42:47.025006Z,1.4276,1.4277,0.0001,1.42765,-0.5339218408424437993391159685
XRP-USD,2026-08-30T18:42:47.111482Z,1.4276,1.4277,0.0001,1.42765,-0.5873042704479277649101869332
XRP-USD,2026-08-30T18:42:47.176055Z,1.4276,1.4277,0.0001,1.42765,-0.5795643317401697131268035910
XRP-USD,2026-08-30T18:42:47.182073Z,1.4276,1.4277,0.0001,1.42765,-0.5795643317401697131268035910
XRP-USD,2026-08-30T18:42:47.325229Z,1.4276,1.4277,0.0001,1.42765,-0.5806431842776699999878337877
XRP-USD,2026-08-30T18:42:47.354534Z,1.4276,1.4277,0.0001,1.42765,-0.5806431842776699999878337877
XRP-USD,2026-08-30T18:42:47.457411Z,1.4276,1.4277,0.0001,1.42765,-0.5787070193740558810900244125
XRP-USD,2026-08-30T18:42:47.526833Z,1.4276,1.4277,0.0001,1.42765,-0.5630178917174239350644110560
XRP-USD,2026-08-30T18:42:47.557577Z,1.4276,1.4277,0.0001,1.42765,-0.5292036193400649171072554540
XRP-USD,2026-08-30T18:42:47.602283Z,1.4276,1.4277,0.0001,1.42765,-0.5664953147521553374451425520
XRP-USD,2026-08-30T18:42:47.725239Z,1.4276,1.4277,0.0001,1.42765,-0.5664953147521553374451425520
XRP-USD,2026-08-30T18:42:47.731354Z,1.4276,1.4277,0.0001,1.42765,-0.5664953147521553374451425520
XRP-USD,2026-08-30T18:42:47.77127Z,1.4276,1.4277,0.0001,1.42765,-0.5699178294178165873872689706
XRP-USD,2026-08-30T18:42:47.861383Z,1.4276,1.4277,0.0001,1.42765,-0.5699178294178165873872689706
XRP-USD,2026-08-30T18:42:47.893487Z,1.4276,1.4277,0.0001,1.42765,-0.5699178294178165873872689706
XRP-USD,2026-08-30T18:42:47.980951Z,1.4276,1.4277,0.0001,1.42765,-0.5699178294178165873872689706
XRP-USD,2026-08-30T18:42:48.033273Z,1.4276,1.4277,0.0001,1.42765,-0.5698682823105713676161268786
XRP-USD,2026-08-30T18:42:48.144207Z,1.4276,1.4277,0.0001,1.42765,-0.5698682823105713676161268786
XRP-USD,2026-08-30T18:42:48.184096Z,1.4276,1.4277,0.0001,1.42765,-0.5699178328868795454632410072
XRP-USD,2026-08-30T18:42:48.258674Z,1.4276,1.4277,0.0001,1.42765,-0.5372029563207344618926401579
XRP-USD,2026-08-30T18:42:48.322426Z,1.4276,1.4277,0.0001,1.42765,-0.5732867293824410496682817352
XRP-USD,2026-08-30T18:42:48.34271Z,1.4276,1.4277,0.0001,1.42765,-0.5732867293824410496682817352
XRP-USD,2026-08-30T18:42:48.455564Z,1.4276,1.4277,0.0001,1.42765,-0.5372029563207344618926401579
XRP-USD,2026-08-30T18:42:48.576871Z,1.4276,1.4277,0.0001,1.42765,-0.5372029563207344618926401579
XRP-USD,2026-08-30T18:42:48.615327Z,1.4276,1.4277,0.0001,1.42765,-0.5372029563207344618926401579
XRP-USD,2026-08-30T18:42:48.681768Z,1.4276,1.4277,0.0001,1.42765,-0.5372029563207344618926401579
XRP-USD,2026-08-30T18:42:48.716244Z,1.4276,1.4277,0.0001,1.42765,-0.5869745189774546397411006437
XRP-USD,2026-08-30T18:42:48.774901Z,1.4276,1.4277,0.0001,1.42765,-0.5869745189774546397411006437
XRP-USD,2026-08-30T18:42:48.833106Z,1.4276,1.4277,0.0001,1.42765,-0.5838190850588166503865083870
XRP-USD,2026-08-30T18:42:48.87545Z,1.4276,1.4277,0.0001,1.42765,-0.5838190850588166503865083870
XRP-USD,2026-08-30T18:42:48.887309Z,1.4276,1.4277,0.0001,1.42765,-0.5838190850588166503865083870
XRP-USD,2026-08-30T18:42:48.971875Z,1.4276,1.4277,0.0001,1.42765,-0.5332375603547924583048424711
XRP-USD,2026-08-30T18:42:49.063146Z,1.4276,1.4277,0.0001,1.42765,-0.5371455802507787999604629176
XRP-USD,2026-08-30T18:42:49.13918Z,1.4276,1.4277,0.0001,1.42765,-0.5371455802507787999604629176
XRP-USD,2026-08-30T18:42:49.256658Z,1.4276,1.4277,0.0001,1.42765,-0.5869745189774546397411006437
XRP-USD,2026-08-30T18:42:49.27724Z,1.4276,1.4277,0.0001,1.42765,-0.5838190850588166503865083870
XRP-USD,2026-08-30T18:42:49.360195Z,1.4276,1.4277,0.0001,1.42765,-0.5838190850588166503865083870
XRP-USD,2026-08-30T18:42:49.385087Z,1.4276,1.4277,0.0001,1.42765,-0.5332375603547924583048424711
XRP-USD,2026-08-30T18:42:49.46429Z,1.4277,1.4278,0.0001,1.42775,-0.4480919964874789558038097248
XRP-USD,2026-08-30T18:42:49.51219Z,1.4277,1.4278,0.0001,1.42775,-0.4056475568918003668340814129
XRP-USD,2026-08-30T18:42:49.565514Z,1.4277,1.4278,0.0001,1.42775,-0.5156667360766118734401320052
XRP-USD,2026-08-30T18:42:49.587711Z,1.4277,1.4278,0.0001,1.42775,-0.5156667360766118734401320052
XRP-USD,2026-08-30T18:42:49.678592Z,1.4277,1.4278,0.0001,1.42775,-0.3359783736407125315494338395
XRP-USD,2026-08-30T18:42:49.765618Z,1.4277,1.4278,0.0001,1.42775,-0.3359783736407125315494338395
XRP-USD,2026-08-30T18:42:49.818376Z,1.4278,1.428,0.0002,1.4279,-0.6393635400021734280980039494
XRP-USD,2026-08-30T18:42:49.869519Z,1.4278,1.428,0.0002,1.4279,-0.4114949813278509126271787741
XRP-USD,2026-08-30T18:42:49.902156Z,1.4278,1.428,0.0002,1.4279,-0.4114949813278509126271787741
XRP-USD,2026-08-30T18:42:49.973317Z,1.4279,1.428,0.0001,1.42795,-0.3866087807755157440660315885
XRP-USD,2026-08-30T18:42:50.061205Z,1.4279,1.428,0.0001,1.42795,-0.3866087807755157440660315885
XRP-USD,2026-08-30T18:42:50.113938Z,1.4279,1.428,0.0001,1.42795,-0.1870956200656113654863011441
XRP-USD,2026-08-30T18:42:50.160057Z,1.4281,1.4282,0.0001,1.42815,-0.7429206273782399375988080822
XRP-USD,2026-08-30T18:42:50.2128Z,1.4281,1.4282,0.0001,1.42815,-0.5422852067079891132108424966
XRP-USD,2026-08-30T18:42:50.258702Z,1.4281,1.4282,0.0001,1.42815,-0.3842002473543449046526183973
XRP-USD,2026-08-30T18:42:50.312767Z,1.4281,1.4282,0.0001,1.42815,-0.4632491200766067853296330296
XRP-USD,2026-08-30T18:42:50.348499Z,1.4281,1.4282,0.0001,1.42815,-0.4702254873669952322786325446
XRP-USD,2026-08-30T18:42:50.418184Z,1.4281,1.4282,0.0001,1.42815,-0.4702254873669952322786325446
XRP-USD,2026-08-30T18:42:50.462348Z,1.4281,1.4282,0.0001,1.42815,-0.4716922744736529634465427595
XRP-USD,2026-08-30T18:42:50.513028Z,1.4281,1.4282,0.0001,1.42815,-0.4715892846843798786652936123
XRP-USD,2026-08-30T18:42:50.552626Z,1.4281,1.4282,0.0001,1.42815,-0.6006687125038874106811661144
XRP-USD,2026-08-30T18:42:50.625263Z,1.4281,1.4282,0.0001,1.42815,-0.5257162175050863482334639382
XRP-USD,2026-08-30T18:42:50.654826Z,1.4281,1.4282,0.0001,1.42815,-0.5228661776426600248865911608
XRP-USD,2026-08-30T18:42:50.707627Z,1.4281,1.4282,0.0001,1.42815,-0.4477996131319810180262703595
XRP-USD,2026-08-30T18:42:50.775019Z,1.4281,1.4282,0.0001,1.42815,-0.4588899265002133808002447570
XRP-USD,2026-08-30T18:42:50.824408Z,1.4281,1.4282,0.0001,1.42815,-0.4588899265002133808002447570
XRP-USD,2026-08-30T18:42:50.870356Z,1.4281,1.4282,0.0001,1.42815,-0.4588899265002133808002447570
XRP-USD,2026-08-30T18:42:50.919847Z,1.4281,1.4282,0.0001,1.42815,-0.3404322655491916546077048837
XRP-USD,2026-08-30T18:42:50.929591Z,1.4281,1.4282,0.0001,1.42815,-0.3404322655491916546077048837
XRP-USD,2026-08-30T18:42:51.021111Z,1.4281,1.4282,0.0001,1.42815,-0.3404322655491916546077048837
XRP-USD,2026-08-30T18:42:51.067923Z,1.4281,1.4282,0.0001,1.42815,-0.3955458899045210157082158169
XRP-USD,2026-08-30T18:42:51.126847Z,1.4281,1.4282,0.0001,1.42815,-0.4494858993125108229314871381
XRP-USD,2026-08-30T18:42:51.21459Z,1.4277,1.4279,0.0002,1.4278,-0.2897120465104271509072916228
XRP-USD,2026-08-30T18:42:51.263061Z,1.4277,1.4279,0.0002,1.4278,-0.1830996754101836666686356155
XRP-USD,2026-08-30T18:42:51.317652Z,1.4278,1.4279,0.0001,1.42785,-0.3881416773706108759762932912
XRP-USD,2026-08-30T18:42:51.3772Z,1.4278,1.4279,0.0001,1.42785,-0.01360785254212225209509209601
XRP-USD,2026-08-30T18:42:51.418753Z,1.4278,1.4279,0.0001,1.42785,-0.1397694437664473389690543426
XRP-USD,2026-08-30T18:42:51.469699Z,1.4278,1.4279,0.0001,1.42785,-0.3119526296453218066780935446
XRP-USD,2026-08-30T18:42:51.568549Z,1.4278,1.4279,0.0001,1.42785,-0.1794080995706418743445409338
XRP-USD,2026-08-30T18:42:51.602851Z,1.4278,1.4279,0.0001,1.42785,-0.2539246620574711394783717988
XRP-USD,2026-08-30T18:42:51.611461Z,1.4278,1.4279,0.0001,1.42785,-0.2904878947003221668755440625
XRP-USD,2026-08-30T18:42:51.63468Z,1.4278,1.4279,0.0001,1.42785,-0.2904878947003221668755440625
XRP-USD,2026-08-30T18:42:51.772347Z,1.4278,1.4279,0.0001,1.42785,-0.2904878945748634722079457712
XRP-USD,2026-08-30T18:42:51.826519Z,1.4278,1.428,0.0002,1.4279,-0.1662212806662025593869866619
XRP-USD,2026-08-30T18:42:51.875777Z,1.4278,1.428,0.0002,1.4279,-0.2718905234772947825369201651
XRP-USD,2026-08-30T18:42:51.925301Z,1.4278,1.428,0.0002,1.4279,-0.2368761066116915707010760684
XRP-USD,2026-08-30T18:42:51.976906Z,1.4278,1.428,0.0002,1.4279,-0.2715251887279671634045852910
XRP-USD,2026-08-30T18:42:52.017996Z,1.4278,1.428,0.0002,1.4279,-0.2715251887279671634045852910
XRP-USD,2026-08-30T18:42:52.027693Z,1.4278,1.428,0.0002,1.4279,-0.2715251887279671634045852910
XRP-USD,2026-08-30T18:42:52.102888Z,1.4278,1.428,0.0002,1.4279,-0.2715251887279671634045852910
XRP-USD,2026-08-30T18:42:52.186356Z,1.4277,1.4279,0.0002,1.4278,-0.3796570703368237282061361469
XRP-USD,2026-08-30T18:42:52.274122Z,1.4277,1.4279,0.0002,1.4278,-0.3796570703368237282061361469
XRP-USD,2026-08-30T18:42:52.290945Z,1.4277,1.4279,0.0002,1.4278,-0.3796570703368237282061361469
XRP-USD,2026-08-30T18:42:52.371412Z,1.4277,1.4279,0.0002,1.4278,-0.1346188610610079521813292741
XRP-USD,2026-08-30T18:42:52.406798Z,1.4277,1.4279,0.0002,1.4278,-0.1347510246196738020800902436
XRP-USD,2026-08-30T18:42:52.43543Z,1.4277,1.4279,0.0002,1.4278,-0.2455883656325494949285298446
XRP-USD,2026-08-30T18:42:52.504914Z,1.4277,1.4279,0.0002,1.4278,-0.1019429373346708066885445464
XRP-USD,2026-08-30T18:42:52.618877Z,1.4278,1.4279,0.0001,1.42785,-0.4226515606614281194020354872
XRP-USD,2026-08-30T18:42:52.649853Z,1.4278,1.4279,0.0001,1.42785,-0.3344898291849938832795958068
XRP-USD,2026-08-30T18:42:52.689847Z,1.4278,1.4279,0.0001,1.42785,-0.4775841995194181539356603809
XRP-USD,2026-08-30T18:42:52.78188Z,1.4278,1.4279,0.0001,1.42785,-0.4471705951293753172665497174
XRP-USD,2026-08-30T18:42:52.791424Z,1.4278,1.4279,0.0001,1.42785,-0.4775841995194181539356603809
XRP-USD,2026-08-30T18:42:52.873636Z,1.4278,1.4279,0.0001,1.42785,-0.4215028020235775215076251623
XRP-USD,2026-08-30T18:42:52.913305Z,1.4278,1.4279,0.0001,1.42785,-0.4775841995194181539356603809
XRP-USD,2026-08-30T18:42:52.969417Z,1.4278,1.4279,0.0001,1.42785,-0.4775841995194181539356603809
XRP-USD,2026-08-30T18:42:53.023009Z,1.4278,1.4279,0.0001,1.42785,-0.3761124348541634777244288557
XRP-USD,2026-08-30T18:42:53.06647Z,1.4278,1.4279,0.0001,1.42785,-0.4704814001427935383023096572
XRP-USD,2026-08-30T18:42:53.102921Z,1.4278,1.4279,0.0001,1.42785,-0.3761124348541634777244288557
XRP-USD,2026-08-30T18:42:53.17379Z,1.4278,1.4279,0.0001,1.42785,-0.3761124348541634777244288557
XRP-USD,2026-08-30T18:42:53.208273Z,1.4278,1.4279,0.0001,1.42785,-0.3761124348541634777244288557
XRP-USD,2026-08-30T18:42:53.406852Z,1.4278,1.4279,0.0001,1.42785,-0.3761124348541634777244288557
XRP-USD,2026-08-30T18:42:53.456062Z,1.4278,1.4279,0.0001,1.42785,-0.3762279929646510169922458134
XRP-USD,2026-08-30T18:42:53.563072Z,1.4278,1.4279,0.0001,1.42785,-0.4704327460816315814620720953
XRP-USD,2026-08-30T18:42:53.617643Z,1.4278,1.4279,0.0001,1.42785,-0.4704327460816315814620720953
XRP-USD,2026-08-30T18:42:53.664399Z,1.4278,1.4279,0.0001,1.42785,-0.3888226295381288807245131091
XRP-USD,2026-08-30T18:42:53.710377Z,1.4278,1.4279,0.0001,1.42785,-0.3888226295381288807245131091
XRP-USD,2026-08-30T18:42:53.830792Z,1.4278,1.4279,0.0001,1.42785,-0.3888226295381288807245131091
XRP-USD,2026-08-30T18:42:53.840236Z,1.4278,1.4279,0.0001,1.42785,-0.3888226295381288807245131091
XRP-USD,2026-08-30T18:42:53.917935Z,1.4278,1.4279,0.0001,1.42785,-0.3888226295381288807245131091
XRP-USD,2026-08-30T18:42:53.964779Z,1.4278,1.4279,0.0001,1.42785,-0.3888226295381288807245131091
XRP-USD,2026-08-30T18:42:54.024568Z,1.4278,1.4279,0.0001,1.42785,-0.3887083195361801839246506012
XRP-USD,2026-08-30T18:42:54.172357Z,1.4278,1.4279,0.0001,1.42785,-0.4659951030362060491326279096
XRP-USD,2026-08-30T18:42:54.227272Z,1.4278,1.4279,0.0001,1.42785,-0.3887083195361801839246506012
XRP-USD,2026-08-30T18:42:54.232589Z,1.4278,1.4279,0.0001,1.42785,-0.3887083195361801839246506012
XRP-USD,2026-08-30T18:42:54.297895Z,1.4278,1.4279,0.0001,1.42785,-0.4819230702476082971382726006
XRP-USD,2026-08-30T18:42:54.331366Z,1.4278,1.4279,0.0001,1.42785,-0.3887083195361801839246506012
XRP-USD,2026-08-30T18:42:54.408154Z,1.4278,1.4279,0.0001,1.42785,-0.4819230702476082971382726006
XRP-USD,2026-08-30T18:42:54.510145Z,1.4278,1.4279,0.0001,1.42785,-0.4820051787540808903204624902
XRP-USD,2026-08-30T18:42:54.564651Z,1.4277,1.4279,0.0002,1.4278,-0.2117239269250226243271662473
XRP-USD,2026-08-30T18:42:54.619784Z,1.4278,1.4279,0.0001,1.42785,-0.4257406446294793450644194950
XRP-USD,2026-08-30T18:42:54.711679Z,1.4278,1.4279,0.0001,1.42785,-0.2314869530565548610017966318
XRP-USD,2026-08-30T18:42:54.777137Z,1.4278,1.4279,0.0001,1.42785,-0.3024693059086650923112894766
XRP-USD,2026-08-30T18:42:54.812776Z,1.4278,1.4279,0.0001,1.42785,-0.4443859223123739403402102609
XRP-USD,2026-08-30T18:42:54.822592Z,1.4278,1.4279,0.0001,1.42785,-0.4704693466339532772118443902
XRP-USD,2026-08-30T18:42:55.01809Z,1.4278,1.4279,0.0001,1.42785,-0.4704693466339532772118443902
XRP-USD,2026-08-30T18:42:55.026926Z,1.4278,1.4279,0.0001,1.42785,-0.3759696266857426128591419499
XRP-USD,2026-08-30T18:42:55.224762Z,1.4278,1.4279,0.0001,1.42785,-0.4753792638583217171417487317
XRP-USD,2026-08-30T18:42:55.265277Z,1.4278,1.4279,0.0001,1.42785,-0.4753792638583217171417487317
XRP-USD,2026-08-30T18:42:55.286848Z,1.4278,1.4279,0.0001,1.42785,-0.4753792638583217171417487317
XRP-USD,2026-08-30T18:42:55.374141Z,1.4278,1.4279,0.0001,1.42785,-0.4753792638583217171417487317
XRP-USD,2026-08-30T18:42:55.526766Z,1.4278,1.4279,0.0001,1.42785,-0.4569112481501663884469170627
XRP-USD,2026-08-30T18:42:55.57312Z,1.4279,1.428,0.0001,1.42795,-0.5361004587357926890818762216
XRP-USD,2026-08-30T18:42:55.622565Z,1.4279,1.428,0.0001,1.42795,-0.1761049581993120213601948980
XRP-USD,2026-08-30T18:42:55.663965Z,1.4279,1.428,0.0001,1.42795,-0.1272671637083869874130538923
XRP-USD,2026-08-30T18:42:55.725123Z,1.4279,1.428,0.0001,1.42795,-0.3257429137735711832344880889
XRP-USD,2026-08-30T18:42:55.797815Z,1.4279,1.428,0.0001,1.42795,-0.3257429137735711832344880889
XRP-USD,2026-08-30T18:42:55.875817Z,1.4279,1.428,0.0001,1.42795,-0.3366029199655768776217552496
XRP-USD,2026-08-30T18:42:56.017389Z,1.4279,1.428,0.0001,1.42795,-0.3366029199655768776217552496
XRP-USD,2026-08-30T18:42:56.059833Z,1.4279,1.428,0.0001,1.42795,-0.4762138303245108828753730170
XRP-USD,2026-08-30T18:42:56.11303Z,1.4278,1.428,0.0002,1.4279,-0.4922766940368929530613123986
XRP-USD,2026-08-30T18:42:56.146039Z,1.4278,1.4279,0.0001,1.42785,-0.3998823434434487263369959954
XRP-USD,2026-08-30T18:42:56.266431Z,1.4278,1.4279,0.0001,1.42785,-0.3294196682016613924389744860
XRP-USD,2026-08-30T18:42:56.310054Z,1.4278,1.4279,0.0001,1.42785,-0.3294196682016613924389744860
XRP-USD,2026-08-30T18:42:56.341868Z,1.4278,1.4279,0.0001,1.42785,-0.3294196682016613924389744860
XRP-USD,2026-08-30T18:42:56.432071Z,1.4278,1.4279,0.0001,1.42785,-0.3998823434434487263369959954
XRP-USD,2026-08-30T18:42:56.503205Z,1.4278,1.4279,0.0001,1.42785,-0.3294196682016613924389744860
XRP-USD,2026-08-30T18:42:56.578726Z,1.4277,1.4279,0.0002,1.4278,-0.1751208212869471449022900979
XRP-USD,2026-08-30T18:42:56.627414Z,1.4278,1.4279,0.0001,1.42785,-0.4452572683176306948130923295
XRP-USD,2026-08-30T18:42:56.668465Z,1.4278,1.4279,0.0001,1.42785,-0.3911022484047907822287503606
XRP-USD,2026-08-30T18:42:56.712841Z,1.4278,1.4279,0.0001,1.42785,-0.3435260588782800057735068316
XRP-USD,2026-08-30T18:42:56.744337Z,1.4278,1.4279,0.0001,1.42785,-0.4144108753836437869393203294
XRP-USD,2026-08-30T18:42:57.035299Z,1.4278,1.4279,0.0001,1.42785,-0.4625110276359856202763891688
XRP-USD,2026-08-30T18:42:57.1297Z,1.4278,1.4279,0.0001,1.42785,-0.4129306091416966310133816444
XRP-USD,2026-08-30T18:42:57.20447Z,1.4278,1.4279,0.0001,1.42785,-0.3783706870063348565444144140
XRP-USD,2026-08-30T18:42:57.291246Z,1.4278,1.4279,0.0001,1.42785,-0.3783706870063348565444144140
XRP-USD,2026-08-30T18:42:57.359918Z,1.4278,1.4279,0.0001,1.42785,-0.4702018177893799762984551237
XRP-USD,2026-08-30T18:42:57.401295Z,1.4278,1.4279,0.0001,1.42785,-0.4702018177893799762984551237
XRP-USD,2026-08-30T18:42:57.492827Z,1.4278,1.4279,0.0001,1.42785,-0.4812492777401129074567582170
XRP-USD,2026-08-30T18:42:57.709006Z,1.4278,1.4279,0.0001,1.42785,-0.4812492777401129074567582170
XRP-USD,2026-08-30T18:42:57.769132Z,1.4278,1.4279,0.0001,1.42785,-0.4812492777401129074567582170
XRP-USD,2026-08-30T18:42:57.851766Z,1.4278,1.4279,0.0001,1.42785,-0.3905392291717318915456588521
XRP-USD,2026-08-30T18:42:58.01791Z,1.4278,1.4279,0.0001,1.42785,-0.4109094972736478348713447075
XRP-USD,2026-08-30T18:42:58.028584Z,1.4278,1.4279,0.0001,1.42785,-0.4109094972736478348713447075
XRP-USD,2026-08-30T18:42:58.118171Z,1.4278,1.4279,0.0001,1.42785,-0.5049346514205721144441797861
XRP-USD,2026-08-30T18:42:58.127511Z,1.4278,1.4279,0.0001,1.42785,-0.4181825866635579209903956298
XRP-USD,2026-08-30T18:42:58.254092Z,1.4278,1.4279,0.0001,1.42785,-0.5049346514205721144441797861
XRP-USD,2026-08-30T18:42:58.277154Z,1.4278,1.4279,0.0001,1.42785,-0.5049346514205721144441797861
XRP-USD,2026-08-30T18:42:58.377178Z,1.4278,1.4279,0.0001,1.42785,-0.5049346514205721144441797861
XRP-USD,2026-08-30T18:42:58.41961Z,1.4278,1.4279,0.0001,1.42785,-0.5474980559978900783972654239
XRP-USD,2026-08-30T18:42:58.499077Z,1.4278,1.4279,0.0001,1.42785,-0.5049346514205721144441797861
XRP-USD,2026-08-30T18:42:58.651313Z,1.4278,1.4279,0.0001,1.42785,-0.4910491846785798963295434017
XRP-USD,2026-08-30T18:42:58.72307Z,1.4278,1.4279,0.0001,1.42785,-0.4034522695080933122241836981
XRP-USD,2026-08-30T18:42:58.772576Z,1.4278,1.4279,0.0001,1.42785,-0.4910491846785798963295434017
XRP-USD,2026-08-30T18:42:58.825004Z,1.4278,1.4279,0.0001,1.42785,-0.4909689846107671087797603394
XRP-USD,2026-08-30T18:42:58.871856Z,1.4278,1.4279,0.0001,1.42785,-0.4910491846785798963295434017
XRP-USD,2026-08-30T18:42:58.879316Z,1.4278,1.4279,0.0001,1.42785,-0.4910491846785798963295434017
XRP-USD,2026-08-30T18:42:58.951235Z,1.4278,1.4279,0.0001,1.42785,-0.4910491846785798963295434017
XRP-USD,2026-08-30T18:42:59.026939Z,1.4278,1.4279,0.0001,1.42785,-0.4910491846785798963295434017
XRP-USD,2026-08-30T18:42:59.112349Z,1.4278,1.4279,0.0001,1.42785,-0.4034522695080933122241836981
XRP-USD,2026-08-30T18:42:59.175665Z,1.4278,1.4279,0.0001,1.42785,-0.4910491846785798963295434017
XRP-USD,2026-08-30T18:42:59.210433Z,1.4278,1.4279,0.0001,1.42785,-0.4910491846785798963295434017
XRP-USD,2026-08-30T18:42:59.326559Z,1.4278,1.4279,0.0001,1.42785,-0.4910491846785798963295434017
XRP-USD,2026-08-30T18:42:59.354949Z,1.4278,1.4279,0.0001,1.42785,-0.4034522693696467999672527693
XRP-USD,2026-08-30T18:42:59.41815Z,1.4278,1.4279,0.0001,1.42785,-0.4034522693696467999672527693
XRP-USD,2026-08-30T18:42:59.464419Z,1.4278,1.4279,0.0001,1.42785,-0.4034522693696467999672527693
XRP-USD,2026-08-30T18:42:59.495215Z,1.4278,1.4279,0.0001,1.42785,-0.4109094971386410278492763244
XRP-USD,2026-08-30T18:42:59.560027Z,1.4278,1.4279,0.0001,1.42785,-0.4996785730880374268301568698
XRP-USD,2026-08-30T18:42:59.599278Z,1.4278,1.4279,0.0001,1.42785,-0.4109094971386410278492763244
XRP-USD,2026-08-30T18:42:59.681518Z,1.4278,1.4279,0.0001,1.42785,-0.4109094971386410278492763244
XRP-USD,2026-08-30T18:42:59.822489Z,1.4278,1.4279,0.0001,1.42785,-0.4702076400786749971328453127
XRP-USD,2026-08-30T18:42:59.872042Z,1.4278,1.4279,0.0001,1.42785,-0.4996785730880374268301568698
XRP-USD,2026-08-30T18:42:59.922199Z,1.4278,1.4279,0.0001,1.42785,-0.4996785730880374268301568698
XRP-USD,2026-08-30T18:42:59.974588Z,1.4278,1.4279,0.0001,1.42785,-0.4996785785150098333014013642
XRP-USD,2026-08-30T18:43:00.023919Z,1.4278,1.4279,0.0001,1.42785,-0.4996785785150098333014013642
XRP-USD,2026-08-30T18:43:00.037135Z,1.4278,1.4279,0.0001,1.42785,-0.4109095046622020884435420618
XRP-USD,2026-08-30T18:43:00.192808Z,1.4278,1.4279,0.0001,1.42785,-0.4996323119359343132435550422
XRP-USD,2026-08-30T18:43:00.228747Z,1.4278,1.4279,0.0001,1.42785,-0.4996323119359343132435550422
XRP-USD,2026-08-30T18:43:00.32141Z,1.4278,1.4279,0.0001,1.42785,-0.4109095046622020884435420618
XRP-USD,2026-08-30T18:43:00.347442Z,1.4278,1.4279,0.0001,1.42785,-0.4996323119359343132435550422
XRP-USD,2026-08-30T18:43:00.470822Z,1.4278,1.4279,0.0001,1.42785,-0.4109095046622020884435420618
XRP-USD,2026-08-30T18:43:00.510891Z,1.4278,1.4279,0.0001,1.42785,-0.4109095046622020884435420618
XRP-USD,2026-08-30T18:43:00.545961Z,1.4278,1.4279,0.0001,1.42785,-0.4109095046622020884435420618
XRP-USD,2026-08-30T18:43:00.597557Z,1.4278,1.4279,0.0001,1.42785,-0.4109095046622020884435420618
XRP-USD,2026-08-30T18:43:00.674948Z,1.4276,1.4278,0.0002,1.4277,-0.02898759500213193502814066111
XRP-USD,2026-08-30T18:43:00.715062Z,1.4276,1.4278,0.0002,1.4277,-0.07589459376862516109308903330
XRP-USD,2026-08-30T18:43:00.767612Z,1.4276,1.4278,0.0002,1.4277,-0.07589459376862516109308903330
XRP-USD,2026-08-30T18:43:00.797691Z,1.4276,1.4278,0.0002,1.4277,-0.08413543937777371779068589375
XRP-USD,2026-08-30T18:43:00.855938Z,1.4276,1.4278,0.0002,1.4277,-0.08413543937777371779068589375
XRP-USD,2026-08-30T18:43:00.901636Z,1.4276,1.4278,0.0002,1.4277,-0.08413543937777371779068589375
XRP-USD,2026-08-30T18:43:00.964061Z,1.4277,1.4278,0.0001,1.42775,-0.2270412335181839154175449219
XRP-USD,2026-08-30T18:43:01.027121Z,1.4277,1.4278,0.0001,1.42775,-0.1484704071811222279565711014
XRP-USD,2026-08-30T18:43:01.07273Z,1.4277,1.4278,0.0001,1.42775,-0.1806848209414704326261750012
XRP-USD,2026-08-30T18:43:01.112814Z,1.4277,1.4278,0.0001,1.42775,-0.2439686558364187010003272741
XRP-USD,2026-08-30T18:43:01.160764Z,1.4277,1.4278,0.0001,1.42775,-0.2439686558364187010003272741
XRP-USD,2026-08-30T18:43:01.194834Z,1.4277,1.4278,0.0001,1.42775,-0.2439686558364187010003272741
XRP-USD,2026-08-30T18:43:01.275459Z,1.4277,1.4278,0.0001,1.42775,-0.2439686558364187010003272741
XRP-USD,2026-08-30T18:43:01.318514Z,1.4277,1.4278,0.0001,1.42775,-0.3113901713743327431811900864
XRP-USD,2026-08-30T18:43:01.406511Z,1.4277,1.4278,0.0001,1.42775,-0.2439686558364187010003272741
XRP-USD,2026-08-30T18:43:01.467553Z,1.4277,1.4278,0.0001,1.42775,-0.3113901713743327431811900864
XRP-USD,2026-08-30T18:43:01.526514Z,1.4277,1.4278,0.0001,1.42775,-0.3113901713743327431811900864
XRP-USD,2026-08-30T18:43:01.571101Z,1.4277,1.4278,0.0001,1.42775,-0.3113901713743327431811900864
XRP-USD,2026-08-30T18:43:01.619844Z,1.4277,1.4278,0.0001,1.42775,-0.3113901713743327431811900864
XRP-USD,2026-08-30T18:43:01.675941Z,1.4277,1.4278,0.0001,1.42775,-0.3113901713743327431811900864
XRP-USD,2026-08-30T18:43:01.683226Z,1.4277,1.4278,0.0001,1.42775,-0.3499217418736731931968500483
XRP-USD,2026-08-30T18:43:01.774843Z,1.4277,1.4278,0.0001,1.42775,-0.2439686558364187010003272741
XRP-USD,2026-08-30T18:43:01.834438Z,1.4277,1.4278,0.0001,1.42775,-0.3499217418736731931968500483
XRP-USD,2026-08-30T18:43:01.913787Z,1.4277,1.4278,0.0001,1.42775,-0.3113901713743327431811900864
XRP-USD,2026-08-30T18:43:02.016546Z,1.4277,1.4278,0.0001,1.42775,-0.3112900961095841172603045055
XRP-USD,2026-08-30T18:43:02.077695Z,1.4276,1.4278,0.0002,1.4277,-0.09291222716046281305890222354
XRP-USD,2026-08-30T18:43:02.124447Z,1.4276,1.4278,0.0002,1.4277,-0.005313018429795452429801533581
XRP-USD,2026-08-30T18:43:02.1404Z,1.4276,1.4278,0.0002,1.4277,-0.005439082906961019770416935500
XRP-USD,2026-08-30T18:43:02.27525Z,1.4276,1.4278,0.0002,1.4277,-0.07720977843736540981563114836
XRP-USD,2026-08-30T18:43:02.321914Z,1.4277,1.4278,0.0001,1.42775,-0.2009925947711380981282360669
XRP-USD,2026-08-30T18:43:02.365106Z,1.4277,1.4278,0.0001,1.42775,-0.2572928784113931561691818110
XRP-USD,2026-08-30T18:43:02.465737Z,1.4277,1.4278,0.0001,1.42775,-0.3381487252426335417596981071
XRP-USD,2026-08-30T18:43:02.511548Z,1.4277,1.4278,0.0001,1.42775,-0.1842913721235427774394376555
XRP-USD,2026-08-30T18:43:02.56551Z,1.4277,1.4278,0.0001,1.42775,-0.3076662159417843345683371066
XRP-USD,2026-08-30T18:43:02.600526Z,1.4277,1.4278,0.0001,1.42775,-0.3076662159417843345683371066
XRP-USD,2026-08-30T18:43:02.638295Z,1.4277,1.4278,0.0001,1.42775,-0.2936343121999348902457484986
XRP-USD,2026-08-30T18:43:02.68592Z,1.4277,1.4278,0.0001,1.42775,-0.06082020564002256784148954053
XRP-USD,2026-08-30T18:43:02.792655Z,1.4277,1.4278,0.0001,1.42775,-0.06082020564002256784148954053
XRP-USD,2026-08-30T18:43:02.928881Z,1.4277,1.4278,0.0001,1.42775,-0.06082020564002256784148954053
XRP-USD,2026-08-30T18:43:02.986976Z,1.4277,1.4278,0.0001,1.42775,-0.2149888620919646793077844986
XRP-USD,2026-08-30T18:43:03.029193Z,1.4277,1.4278,0.0001,1.42775,-0.2148640476661591464548542825
XRP-USD,2026-08-30T18:43:03.08096Z,1.4277,1.4278,0.0001,1.42775,-0.2148640476661591464548542825
XRP-USD,2026-08-30T18:43:03.108688Z,1.4277,1.4278,0.0001,1.42775,-0.06064154693235670114546317222
XRP-USD,2026-08-30T18:43:03.161344Z,1.4277,1.4278,0.0001,1.42775,-0.07273125340414191052805445308
XRP-USD,2026-08-30T18:43:03.26992Z,1.4277,1.4278,0.0001,1.42775,-0.2269713737427686643334932062
XRP-USD,2026-08-30T18:43:03.322998Z,1.4277,1.4278,0.0001,1.42775,-0.08889367057462965291793264114
XRP-USD,2026-08-30T18:43:03.394854Z,1.4277,1.4278,0.0001,1.42775,-0.2269713737427686643334932062
XRP-USD,2026-08-30T18:43:03.540828Z,1.4277,1.4278,0.0001,1.42775,-0.07722439339327503659636895017
XRP-USD,2026-08-30T18:43:03.646219Z,1.4277,1.4278,0.0001,1.42775,-0.2036339173346086577889932447
XRP-USD,2026-08-30T18:43:03.713749Z,1.4277,1.4278,0.0001,1.42775,-0.2036339173346086577889932447
XRP-USD,2026-08-30T18:43:03.757646Z,1.4277,1.4278,0.0001,1.42775,-0.2036339173346086577889932447
XRP-USD,2026-08-30T18:43:03.808341Z,1.4277,1.4278,0.0001,1.42775,-0.2036339173346086577889932447
XRP-USD,2026-08-30T18:43:03.852599Z,1.4277,1.4278,0.0001,1.42775,-0.2036339173346086577889932447
XRP-USD,2026-08-30T18:43:03.894843Z,1.4277,1.4278,0.0001,1.42775,-0.1904752498525405787013855684
XRP-USD,2026-08-30T18:43:04.069975Z,1.4277,1.4278,0.0001,1.42775,-0.1903461034780731525114931794
XRP-USD,2026-08-30T18:43:04.126964Z,1.4277,1.4278,0.0001,1.42775,-0.1903461034780731525114931794
XRP-USD,2026-08-30T18:43:04.131614Z,1.4277,1.4278,0.0001,1.42775,-0.1903461034780731525114931794
XRP-USD,2026-08-30T18:43:04.237535Z,1.4277,1.4278,0.0001,1.42775,-0.1904752498525405787013855684
XRP-USD,2026-08-30T18:43:04.3659Z,1.4277,1.4278,0.0001,1.42775,-0.04997487457406200880651764613
XRP-USD,2026-08-30T18:43:04.456987Z,1.4277,1.4278,0.0001,1.42775,-0.04997487457406200880651764613
XRP-USD,2026-08-30T18:43:04.585948Z,1.4277,1.4278,0.0001,1.42775,-0.2233143329871526976904564560
XRP-USD,2026-08-30T18:43:04.707355Z,1.4277,1.4278,0.0001,1.42775,-0.2074188245098222055048588351
XRP-USD,2026-08-30T18:43:04.758928Z,1.4277,1.4278,0.0001,1.42775,-0.1376230474380950783047733004
XRP-USD,2026-08-30T18:43:04.815433Z,1.4278,1.4279,0.0001,1.42785,0.3080643247446629823113464098
XRP-USD,2026-08-30T18:43:04.864663Z,1.4278,1.4279,0.0001,1.42785,-0.04846580322338713561088189930
XRP-USD,2026-08-30T18:43:04.89917Z,1.4278,1.4279,0.0001,1.42785,-0.2676880199414152404899801340
XRP-USD,2026-08-30T18:43:04.955891Z,1.4278,1.4279,0.0001,1.42785,-0.1499824313267256419182717771
XRP-USD,2026-08-30T18:43:04.99668Z,1.4276,1.4279,0.0003,1.42775,-0.1444995054111337120088736529
XRP-USD,2026-08-30T18:43:05.059752Z,1.4276,1.4279,0.0003,1.42775,-0.04936559167560960426508661729
XRP-USD,2026-08-30T18:43:05.11473Z,1.4277,1.4279,0.0002,1.4278,-0.2999311922833791164790311859
XRP-USD,2026-08-30T18:43:05.13241Z,1.4277,1.4279,0.0002,1.4278,-0.2656238017275043528275582059
XRP-USD,2026-08-30T18:43:05.191282Z,1.4277,1.4279,0.0002,1.4278,-0.2656639946685758023281628984
XRP-USD,2026-08-30T18:43:05.262304Z,1.4277,1.4279,0.0002,1.4278,-0.2999311922833791164790311859
XRP-USD,2026-08-30T18:43:05.304058Z,1.4277,1.4279,0.0002,1.4278,-0.3253794203543486438787708289
XRP-USD,2026-08-30T18:43:05.468441Z,1.4277,1.4279,0.0002,1.4278,-0.2814390986693092182305284643
XRP-USD,2026-08-30T18:43:05.525119Z,1.4276,1.4277,0.0001,1.42765,-0.2204630071098666087569109283
XRP-USD,2026-08-30T18:43:05.54264Z,1.4276,1.4277,0.0001,1.42765,-0.1351677669718074977740652212
XRP-USD,2026-08-30T18:43:05.664705Z,1.4276,1.4277,0.0001,1.42765,-0.3325460341738718951844427639
XRP-USD,2026-08-30T18:43:05.75913Z,1.4276,1.4277,0.0001,1.42765,-0.2513707630525190622563304988
XRP-USD,2026-08-30T18:43:05.822348Z,1.4276,1.4277,0.0001,1.42765,-0.2352252919731822595693217779
XRP-USD,2026-08-30T18:43:05.863622Z,1.4276,1.4277,0.0001,1.42765,-0.3872326557753358575732321391
XRP-USD,2026-08-30T18:43:05.922568Z,1.4276,1.4277,0.0001,1.42765,-0.2985763680648783261690048550
XRP-USD,2026-08-30T18:43:05.964421Z,1.4276,1.4277,0.0001,1.42765,-0.3886702858538965423342960884
XRP-USD,2026-08-30T18:43:06.028375Z,1.4276,1.4277,0.0001,1.42765,-0.3941991354182402912687219434
XRP-USD,2026-08-30T18:43:06.080796Z,1.4275,1.4276,0.0001,1.42755,-0.4376247786837380741631401986
XRP-USD,2026-08-30T18:43:06.108055Z,1.4273,1.4275,0.0002,1.4274,-0.1025113366514830273953060724
XRP-USD,2026-08-30T18:43:06.116622Z,1.4273,1.4275,0.0002,1.4274,-0.1603059509804990039364111009
XRP-USD,2026-08-30T18:43:06.148604Z,1.4272,1.4274,0.0002,1.4273,-0.1160590769399777410865928425
XRP-USD,2026-08-30T18:43:06.312263Z,1.4272,1.4274,0.0002,1.4273,-0.1276690707839186129724640493
XRP-USD,2026-08-30T18:43:06.365503Z,1.4273,1.4275,0.0002,1.4274,-0.3701987472984993391691706578
XRP-USD,2026-08-30T18:43:06.413497Z,1.4273,1.4275,0.0002,1.4274,-0.4168347578697908822230891268
XRP-USD,2026-08-30T18:43:06.465175Z,1.4273,1.4275,0.0002,1.4274,-0.4137457060262874315600726138
XRP-USD,2026-08-30T18:43:06.501376Z,1.4273,1.4275,0.0002,1.4274,-0.4998102536787328096168523278
XRP-USD,2026-08-30T18:43:06.566069Z,1.4273,1.4275,0.0002,1.4274,-0.3634728180330904579881260823
XRP-USD,2026-08-30T18:43:06.656995Z,1.4273,1.4275,0.0002,1.4274,-0.3634728180330904579881260823
XRP-USD,2026-08-30T18:43:06.709916Z,1.4274,1.4275,0.0001,1.42745,-0.4103418632815077601484428143
XRP-USD,2026-08-30T18:43:06.763542Z,1.4274,1.4275,0.0001,1.42745,-0.3028382429914513381295863124
XRP-USD,2026-08-30T18:43:06.798432Z,1.4274,1.4275,0.0001,1.42745,-0.4879701755315314757816356359
XRP-USD,2026-08-30T18:43:06.853583Z,1.4275,1.4276,0.0001,1.42755,-0.6506739998793173508822347438
XRP-USD,2026-08-30T18:43:06.903229Z,1.4275,1.4276,0.0001,1.42755,-0.6436744824484180849488571504
XRP-USD,2026-08-30T18:43:06.969962Z,1.4275,1.4276,0.0001,1.42755,-0.5442495701966785554885168485
XRP-USD,2026-08-30T18:43:07.021386Z,1.4275,1.4276,0.0001,1.42755,-0.6401342671683672458158538860
XRP-USD,2026-08-30T18:43:07.068811Z,1.4275,1.4276,0.0001,1.42755,-0.6401342671683672458158538860
XRP-USD,2026-08-30T18:43:07.12509Z,1.4275,1.4276,0.0001,1.42755,-0.6717267202070436880723194398
XRP-USD,2026-08-30T18:43:07.163964Z,1.4275,1.4276,0.0001,1.42755,-0.6717267202070436880723194398
XRP-USD,2026-08-30T18:43:07.205424Z,1.4275,1.4276,0.0001,1.42755,-0.6717267202070436880723194398
XRP-USD,2026-08-30T18:43:07.226372Z,1.4275,1.4276,0.0001,1.42755,-0.6717267202070436880723194398
XRP-USD,2026-08-30T18:43:07.314922Z,1.4274,1.4276,0.0002,1.4275,-0.7288581975906497893764540063
XRP-USD,2026-08-30T18:43:07.360881Z,1.4274,1.4276,0.0002,1.4275,-0.6374079143277787730949813678
XRP-USD,2026-08-30T18:43:07.411263Z,1.4274,1.4276,0.0002,1.4275,-0.6374079143277787730949813678
XRP-USD,2026-08-30T18:43:07.421368Z,1.4274,1.4276,0.0002,1.4275,-0.6374585176731414763130060650
XRP-USD,2026-08-30T18:43:07.492047Z,1.4274,1.4276,0.0002,1.4275,-0.6374585176731414763130060650
XRP-USD,2026-08-30T18:43:07.598389Z,1.4274,1.4276,0.0002,1.4275,-0.6293411552432425536949120302
XRP-USD,2026-08-30T18:43:07.662189Z,1.4274,1.4276,0.0002,1.4275,-0.6191420956068101300348516344
XRP-USD,2026-08-30T18:43:07.721326Z,1.4274,1.4276,0.0002,1.4275,-0.6191420956068101300348516344
XRP-USD,2026-08-30T18:43:07.822453Z,1.4274,1.4276,0.0002,1.4275,-0.5939613055489182147922122183
XRP-USD,2026-08-30T18:43:08.020442Z,1.4274,1.4276,0.0002,1.4275,-0.5939613055489182147922122183
XRP-USD,2026-08-30T18:43:08.028856Z,1.4274,1.4276,0.0002,1.4275,-0.6190439070059868430270808805
XRP-USD,2026-08-30T18:43:08.112149Z,1.4274,1.4276,0.0002,1.4275,-0.6190439070059868430270808805
XRP-USD,2026-08-30T18:43:08.161129Z,1.4274,1.4276,0.0002,1.4275,-0.6190439070059868430270808805
XRP-USD,2026-08-30T18:43:08.209563Z,1.4274,1.4276,0.0002,1.4275,-0.6190439070059868430270808805
XRP-USD,2026-08-30T18:43:08.218246Z,1.4274,1.4276,0.0002,1.4275,-0.6190439070059868430270808805
XRP-USD,2026-08-30T18:43:08.289532Z,1.4274,1.4276,0.0002,1.4275,-0.6631356541715199510115367565
XRP-USD,2026-08-30T18:43:08.339535Z,1.4274,1.4276,0.0002,1.4275,-0.6631356541715199510115367565
XRP-USD,2026-08-30T18:43:08.426952Z,1.4274,1.4276,0.0002,1.4275,-0.6604086983919677461304551851
XRP-USD,2026-08-30T18:43:08.474197Z,1.4274,1.4276,0.0002,1.4275,-0.6604494796190118211892011235
XRP-USD,2026-08-30T18:43:08.525557Z,1.4274,1.4276,0.0002,1.4275,-0.6576319350189520569889462492
XRP-USD,2026-08-30T18:43:08.613194Z,1.4274,1.4276,0.0002,1.4275,-0.6576319350189520569889462492
XRP-USD,2026-08-30T18:43:08.720883Z,1.4274,1.4276,0.0002,1.4275,-0.5994767496886302188729770219
XRP-USD,2026-08-30T18:43:08.731639Z,1.4274,1.4276,0.0002,1.4275,-0.6069203484110441931893912089
XRP-USD,2026-08-30T18:43:08.811995Z,1.4274,1.4276,0.0002,1.4275,-0.6069203483423886337299287554
XRP-USD,2026-08-30T18:43:08.871753Z,1.4274,1.4275,0.0001,1.42745,-0.4208304404496728581482722124
XRP-USD,2026-08-30T18:43:08.899962Z,1.4274,1.4275,0.0001,1.42745,-0.2884827704678318319701806804
XRP-USD,2026-08-30T18:43:08.94983Z,1.4274,1.4275,0.0001,1.42745,-0.2986442293982369031510004671
XRP-USD,2026-08-30T18:43:09.000444Z,1.4274,1.4275,0.0001,1.42745,-0.2450938525598488678901715361
XRP-USD,2026-08-30T18:43:09.064056Z,1.4275,1.4277,0.0002,1.4276,-0.2900021422956163005714927371
XRP-USD,2026-08-30T18:43:09.118418Z,1.4275,1.4277,0.0002,1.4276,-0.3651767400832620018661390429
XRP-USD,2026-08-30T18:43:09.171589Z,1.4275,1.4277,0.0002,1.4276,-0.3999058909516257617298241207
XRP-USD,2026-08-30T18:43:09.25754Z,1.4275,1.4277,0.0002,1.4276,-0.3999058909516257617298241207
XRP-USD,2026-08-30T18:43:09.311665Z,1.4275,1.4277,0.0002,1.4276,-0.4864277709736713042861389259
XRP-USD,2026-08-30T18:43:09.422653Z,1.4275,1.4277,0.0002,1.4276,-0.4905862094802927834199521874
XRP-USD,2026-08-30T18:43:09.472538Z,1.4275,1.4277,0.0002,1.4276,-0.4923224033644495873462966556
XRP-USD,2026-08-30T18:43:09.517961Z,1.4275,1.4277,0.0002,1.4276,-0.4923224033644495873462966556
XRP-USD,2026-08-30T18:43:09.523975Z,1.4275,1.4277,0.0002,1.4276,-0.4923955521984243712205702195
XRP-USD,2026-08-30T18:43:09.60512Z,1.4275,1.4277,0.0002,1.4276,-0.4923955521984243712205702195
XRP-USD,2026-08-30T18:43:09.717391Z,1.4275,1.4277,0.0002,1.4276,-0.4064970168819106408232036265
XRP-USD,2026-08-30T18:43:09.742791Z,1.4275,1.4277,0.0002,1.4276,-0.4064970168819106408232036265
XRP-USD,2026-08-30T18:43:09.955929Z,1.4275,1.4277,0.0002,1.4276,-0.4064970168819106408232036265
XRP-USD,2026-08-30T18:43:10.017715Z,1.4275,1.4277,0.0002,1.4276,-0.4064970168819106408232036265
XRP-USD,2026-08-30T18:43:10.070598Z,1.4275,1.4277,0.0002,1.4276,-0.4923955521984243712205702195
XRP-USD,2026-08-30T18:43:10.177817Z,1.4275,1.4277,0.0002,1.4276,-0.4923955521984243712205702195
XRP-USD,2026-08-30T18:43:10.191988Z,1.4275,1.4277,0.0002,1.4276,-0.4064970168819106408232036265
XRP-USD,2026-08-30T18:43:10.273207Z,1.4275,1.4277,0.0002,1.4276,-0.4064970168819106408232036265
XRP-USD,2026-08-30T18:43:10.312687Z,1.4275,1.4277,0.0002,1.4276,-0.4064970168819106408232036265
XRP-USD,2026-08-30T18:43:10.599578Z,1.4275,1.4277,0.0002,1.4276,-0.4063970138946835414989903682
XRP-USD,2026-08-30T18:43:10.650905Z,1.4275,1.4277,0.0002,1.4276,-0.4064970168819106408232036265
XRP-USD,2026-08-30T18:43:10.731083Z,1.4275,1.4277,0.0002,1.4276,-0.4923955521984243712205702195
XRP-USD,2026-08-30T18:43:11.017706Z,1.4275,1.4277,0.0002,1.4276,-0.4923955521984243712205702195
XRP-USD,2026-08-30T18:43:11.036871Z,1.4275,1.4277,0.0002,1.4276,-0.4064970168819106408232036265
XRP-USD,2026-08-30T18:43:11.269282Z,1.4275,1.4277,0.0002,1.4276,-0.4064970168819106408232036265
XRP-USD,2026-08-30T18:43:11.368281Z,1.4275,1.4277,0.0002,1.4276,-0.4064970168819106408232036265
XRP-USD,2026-08-30T18:43:11.41064Z,1.4275,1.4277,0.0002,1.4276,-0.4634140714482533619610499480
XRP-USD,2026-08-30T18:43:11.475245Z,1.4275,1.4277,0.0002,1.4276,-0.5084240371778053270832419181
XRP-USD,2026-08-30T18:43:11.666738Z,1.4275,1.4277,0.0002,1.4276,-0.5084240371778053270832419181
XRP-USD,2026-08-30T18:43:11.771614Z,1.4275,1.4277,0.0002,1.4276,-0.5083526577715488364738535673
XRP-USD,2026-08-30T18:43:11.795648Z,1.4275,1.4277,0.0002,1.4276,-0.5084240371778053270832419181
XRP-USD,2026-08-30T18:43:11.837671Z,1.4275,1.4277,0.0002,1.4276,-0.5084240371778053270832419181
XRP-USD,2026-08-30T18:43:11.965469Z,1.4275,1.4277,0.0002,1.4276,-0.4244951042897705685634552271
XRP-USD,2026-08-30T18:43:12.016375Z,1.4275,1.4277,0.0002,1.4276,-0.4244951042897705685634552271
XRP-USD,2026-08-30T18:43:12.049685Z,1.4275,1.4277,0.0002,1.4276,-0.4244951042897705685634552271
XRP-USD,2026-08-30T18:43:12.267944Z,1.4275,1.4277,0.0002,1.4276,-0.4120284661527140021775801940
XRP-USD,2026-08-30T18:43:12.329834Z,1.4274,1.4276,0.0002,1.4275,-0.5147367143441948044930731140
XRP-USD,2026-08-30T18:43:12.375796Z,1.4274,1.4276,0.0002,1.4275,-0.3615295288910083668356438142
XRP-USD,2026-08-30T18:43:12.422463Z,1.4274,1.4276,0.0002,1.4275,-0.3615295288910083668356438142
XRP-USD,2026-08-30T18:43:12.448845Z,1.4274,1.4276,0.0002,1.4275,-0.3799513269793004120182417134
XRP-USD,2026-08-30T18:43:12.553225Z,1.4274,1.4276,0.0002,1.4275,-0.3799513269793004120182417134
XRP-USD,2026-08-30T18:43:12.596775Z,1.4274,1.4276,0.0002,1.4275,-0.3799513269793004120182417134
XRP-USD,2026-08-30T18:43:12.827079Z,1.4274,1.4276,0.0002,1.4275,-0.3799513269793004120182417134
XRP-USD,2026-08-30T18:43:12.866956Z,1.4274,1.4276,0.0002,1.4275,-0.3798446005889275184551336495
XRP-USD,2026-08-30T18:43:12.89292Z,1.4274,1.4276,0.0002,1.4275,-0.3799513269793004120182417134
XRP-USD,2026-08-30T18:43:12.938264Z,1.4274,1.4276,0.0002,1.4275,-0.3725509466954828839237510409
XRP-USD,2026-08-30T18:43:13.017319Z,1.4274,1.4276,0.0002,1.4275,-0.3725509466954828839237510409
XRP-USD,2026-08-30T18:43:13.029685Z,1.4274,1.4276,0.0002,1.4275,-0.3725509466954828839237510409
XRP-USD,2026-08-30T18:43:13.325846Z,1.4274,1.4276,0.0002,1.4275,-0.3725509466954828839237510409
XRP-USD,2026-08-30T18:43:13.418882Z,1.4274,1.4276,0.0002,1.4275,-0.3725509466954828839237510409
XRP-USD,2026-08-30T18:43:13.467419Z,1.4274,1.4276,0.0002,1.4275,-0.3725509466954828839237510409
XRP-USD,2026-08-30T18:43:13.479766Z,1.4274,1.4276,0.0002,1.4275,-0.3725509466954828839237510409
XRP-USD,2026-08-30T18:43:13.63644Z,1.4274,1.4276,0.0002,1.4275,-0.3721361904907899823433828718
XRP-USD,2026-08-30T18:43:13.754396Z,1.4274,1.4276,0.0002,1.4275,-0.3795462998313289376862612899
XRP-USD,2026-08-30T18:43:13.809715Z,1.4274,1.4276,0.0002,1.4275,-0.3721361904907899823433828718
XRP-USD,2026-08-30T18:43:13.964244Z,1.4274,1.4276,0.0002,1.4275,-0.3794394339521356956744360546
XRP-USD,2026-08-30T18:43:14.000691Z,1.4274,1.4276,0.0002,1.4275,-0.3855519366557636775251787318
XRP-USD,2026-08-30T18:43:14.052695Z,1.4274,1.4276,0.0002,1.4275,-0.3845450966913661042363350349
XRP-USD,2026-08-30T18:43:14.316732Z,1.4274,1.4276,0.0002,1.4275,-0.3845450966913661042363350349
XRP-USD,2026-08-30T18:43:14.468676Z,1.4274,1.4276,0.0002,1.4275,-0.3845450966913661042363350349
XRP-USD,2026-08-30T18:43:14.526232Z,1.4274,1.4276,0.0002,1.4275,-0.3845450966913661042363350349
XRP-USD,2026-08-30T18:43:14.533476Z,1.4274,1.4276,0.0002,1.4275,-0.3845450966913661042363350349
XRP-USD,2026-08-30T18:43:14.819113Z,1.4274,1.4276,0.0002,1.4275,-0.3845450965595838496064641103
XRP-USD,2026-08-30T18:43:15.103425Z,1.4274,1.4276,0.0002,1.4275,-0.3495750316862548937226856656
XRP-USD,2026-08-30T18:43:15.524463Z,1.4274,1.4276,0.0002,1.4275,-0.3495750316862548937226856656
XRP-USD,2026-08-30T18:43:15.613025Z,1.4274,1.4276,0.0002,1.4275,-0.3495750316862548937226856656
XRP-USD,2026-08-30T18:43:15.643819Z,1.4274,1.4276,0.0002,1.4275,-0.3495750316862548937226856656
XRP-USD,2026-08-30T18:43:15.867107Z,1.4274,1.4276,0.0002,1.4275,-0.3495750316862548937226856656
XRP-USD,2026-08-30T18:43:16.029395Z,1.4274,1.4276,0.0002,1.4275,-0.3494628505892659180755865375
XRP-USD,2026-08-30T18:43:16.149815Z,1.4274,1.4276,0.0002,1.4275,-0.3495750316862548937226856656
XRP-USD,2026-08-30T18:43:16.212854Z,1.4274,1.4276,0.0002,1.4275,-0.3685270769074757740916031942
XRP-USD,2026-08-30T18:43:16.422784Z,1.4274,1.4276,0.0002,1.4275,-0.3685270769074757740916031942
XRP-USD,2026-08-30T18:43:16.472259Z,1.4274,1.4276,0.0002,1.4275,-0.3760046235634874649960479765
XRP-USD,2026-08-30T18:43:16.507354Z,1.4274,1.4275,0.0001,1.42745,-0.4519577107676208422643073147
XRP-USD,2026-08-30T18:43:16.547791Z,1.4274,1.4275,0.0001,1.42745,-0.4519577107676208422643073147
XRP-USD,2026-08-30T18:43:16.603815Z,1.4274,1.4275,0.0001,1.42745,-0.4604284424156067810654226563
XRP-USD,2026-08-30T18:43:16.667188Z,1.4274,1.4275,0.0001,1.42745,-0.4685936625993318054346196525
XRP-USD,2026-08-30T18:43:16.695793Z,1.4274,1.4275,0.0001,1.42745,-0.4685936625993318054346196525
XRP-USD,2026-08-30T18:43:16.755441Z,1.4274,1.4275,0.0001,1.42745,-0.2511560444674385056796916239
XRP-USD,2026-08-30T18:43:16.800286Z,1.4274,1.4275,0.0001,1.42745,-0.2511560444674385056796916239
XRP-USD,2026-08-30T18:43:16.868978Z,1.4274,1.4275,0.0001,1.42745,-0.3549467987932109820081689068
XRP-USD,2026-08-30T18:43:17.021403Z,1.4274,1.4275,0.0001,1.42745,-0.2510379655304264005224449141
XRP-USD,2026-08-30T18:43:17.060066Z,1.4274,1.4275,0.0001,1.42745,-0.3907052240966385841007096200
XRP-USD,2026-08-30T18:43:17.174824Z,1.4274,1.4275,0.0001,1.42745,-0.3907052240966385841007096200
XRP-USD,2026-08-30T18:43:17.222662Z,1.4274,1.4275,0.0001,1.42745,-0.3908120058477137292641016654
XRP-USD,2026-08-30T18:43:17.249495Z,1.4274,1.4275,0.0001,1.42745,-0.4499601041797015805024710628
XRP-USD,2026-08-30T18:43:17.320724Z,1.4274,1.4275,0.0001,1.42745,-0.4499601041797015805024710628
XRP-USD,2026-08-30T18:43:17.433532Z,1.4274,1.4275,0.0001,1.42745,-0.4499601041797015805024710628
XRP-USD,2026-08-30T18:43:17.502099Z,1.4274,1.4275,0.0001,1.42745,-0.4624263386628567215030894895
XRP-USD,2026-08-30T18:43:17.594801Z,1.4274,1.4275,0.0001,1.42745,-0.4040678235443486298293752496
XRP-USD,2026-08-30T18:43:17.640596Z,1.4274,1.4275,0.0001,1.42745,-0.4040678235443486298293752496
XRP-USD,2026-08-30T18:43:17.688Z,1.4274,1.4275,0.0001,1.42745,-0.4040678235443486298293752496
XRP-USD,2026-08-30T18:43:17.735148Z,1.4274,1.4275,0.0001,1.42745,-0.4040678235443486298293752496
XRP-USD,2026-08-30T18:43:17.80339Z,1.4274,1.4275,0.0001,1.42745,-0.4040678235443486298293752496
XRP-USD,2026-08-30T18:43:17.862245Z,1.4274,1.4275,0.0001,1.42745,-0.4040678235443486298293752496
XRP-USD,2026-08-30T18:43:17.913549Z,1.4274,1.4275,0.0001,1.42745,-0.4040678235443486298293752496
XRP-USD,2026-08-30T18:43:17.974415Z,1.4274,1.4275,0.0001,1.42745,-0.4040678235443486298293752496
XRP-USD,2026-08-30T18:43:18.027336Z,1.4274,1.4275,0.0001,1.42745,-0.4623405285974092545651602680
XRP-USD,2026-08-30T18:43:18.061679Z,1.4274,1.4275,0.0001,1.42745,-0.4039623694454338256990011836
XRP-USD,2026-08-30T18:43:18.159245Z,1.4274,1.4275,0.0001,1.42745,-0.3910098840844981604303118273
XRP-USD,2026-08-30T18:43:18.214925Z,1.4274,1.4275,0.0001,1.42745,-0.3910098840844981604303118273
XRP-USD,2026-08-30T18:43:18.258589Z,1.4274,1.4275,0.0001,1.42745,-0.3911166432920416338618223450
XRP-USD,2026-08-30T18:43:18.304575Z,1.4274,1.4275,0.0001,1.42745,-0.2573097292175256984273115499
XRP-USD,2026-08-30T18:43:18.327125Z,1.4274,1.4275,0.0001,1.42745,-0.2573097292175256984273115499
XRP-USD,2026-08-30T18:43:18.46508Z,1.4274,1.4275,0.0001,1.42745,-0.2573097292175256984273115499
XRP-USD,2026-08-30T18:43:18.527466Z,1.4274,1.4275,0.0001,1.42745,-0.2573097292175256984273115499
XRP-USD,2026-08-30T18:43:18.562336Z,1.4274,1.4275,0.0001,1.42745,-0.2573097292175256984273115499
XRP-USD,2026-08-30T18:43:18.726924Z,1.4274,1.4275,0.0001,1.42745,-0.2573097292175256984273115499
XRP-USD,2026-08-30T18:43:18.772081Z,1.4272,1.4274,0.0002,1.4273,-0.3810393943721637358618534121
XRP-USD,2026-08-30T18:43:18.816254Z,1.4272,1.4274,0.0002,1.4273,-0.7425212812292022514969169307
XRP-USD,2026-08-30T18:43:18.865848Z,1.427,1.4271,0.0001,1.42705,-0.6754038622184234888322557522
XRP-USD,2026-08-30T18:43:18.91551Z,1.427,1.4271,0.0001,1.42705,-0.3392213935807884879421123790
XRP-USD,2026-08-30T18:43:18.967854Z,1.427,1.4271,0.0001,1.42705,-0.2116928541960909556729674094
XRP-USD,2026-08-30T18:43:19.033056Z,1.427,1.4271,0.0001,1.42705,-0.3198586105051009177332869184
XRP-USD,2026-08-30T18:43:19.070877Z,1.427,1.4271,0.0001,1.42705,-0.2859918120177066545470097185
XRP-USD,2026-08-30T18:43:19.088776Z,1.427,1.4271,0.0001,1.42705,-0.3813720153101511858372031622
XRP-USD,2026-08-30T18:43:19.137266Z,1.4268,1.427,0.0002,1.4269,-0.7489080547723527378997246645
XRP-USD,2026-08-30T18:43:19.192109Z,1.4268,1.427,0.0002,1.4269,-0.6651213038144093708973951496
XRP-USD,2026-08-30T18:43:19.271883Z,1.4268,1.427,0.0002,1.4269,-0.5939715282525052786954459240
XRP-USD,2026-08-30T18:43:19.335282Z,1.4268,1.427,0.0002,1.4269,-0.5123659423243183993202264263
XRP-USD,2026-08-30T18:43:19.371213Z,1.4268,1.427,0.0002,1.4269,-0.6475280921419808674067201800
XRP-USD,2026-08-30T18:43:19.423923Z,1.4268,1.4269,0.0001,1.42685,-0.6145672504266274335691703736
XRP-USD,2026-08-30T18:43:19.451481Z,1.4268,1.4269,0.0001,1.42685,-0.4638698362276136105818638423
XRP-USD,2026-08-30T18:43:19.533121Z,1.4268,1.4269,0.0001,1.42685,-0.4638698362276136105818638423
XRP-USD,2026-08-30T18:43:19.563334Z,1.4268,1.4269,0.0001,1.42685,-0.5361704335949045028448134675
XRP-USD,2026-08-30T18:43:19.671253Z,1.4268,1.4269,0.0001,1.42685,-0.5361704335949045028448134675
XRP-USD,2026-08-30T18:43:19.680055Z,1.4268,1.4269,0.0001,1.42685,-0.5311572244469751065233044816
XRP-USD,2026-08-30T18:43:19.771342Z,1.4268,1.4269,0.0001,1.42685,-0.5311572244469751065233044816
XRP-USD,2026-08-30T18:43:19.843085Z,1.4268,1.4269,0.0001,1.42685,-0.5381677997279438836152565867
XRP-USD,2026-08-30T18:43:19.873176Z,1.4268,1.4269,0.0001,1.42685,-0.6027995192487462205018239065
XRP-USD,2026-08-30T18:43:19.912012Z,1.4268,1.4269,0.0001,1.42685,-0.5995194094326402461779703154
XRP-USD,2026-08-30T18:43:19.970076Z,1.4268,1.4269,0.0001,1.42685,-0.5995194094326402461779703154
XRP-USD,2026-08-30T18:43:20.05854Z,1.4268,1.4269,0.0001,1.42685,-0.5264846195958245318325906041
XRP-USD,2026-08-30T18:43:20.125365Z,1.4268,1.4269,0.0001,1.42685,-0.4110308596969881597397326133
XRP-USD,2026-08-30T18:43:20.176201Z,1.4268,1.4269,0.0001,1.42685,-0.4110306280295299803541564035
XRP-USD,2026-08-30T18:43:20.184177Z,1.4268,1.4269,0.0001,1.42685,-0.4652915074258500687231348565
XRP-USD,2026-08-30T18:43:20.267376Z,1.4268,1.4271,0.0003,1.42695,-0.7120097520505225171540741391
XRP-USD,2026-08-30T18:43:20.308509Z,1.427,1.4272,0.0002,1.4271,-0.6313238098231314673625423510
XRP-USD,2026-08-30T18:43:20.363928Z,1.427,1.4272,0.0002,1.4271,-0.4313278915186480271380789254
XRP-USD,2026-08-30T18:43:20.414719Z,1.427,1.4272,0.0002,1.4271,-0.6828774799211317361378089430
XRP-USD,2026-08-30T18:43:20.46465Z,1.427,1.4272,0.0002,1.4271,-0.6888306288433376093857279472
XRP-USD,2026-08-30T18:43:20.513865Z,1.427,1.4273,0.0003,1.42715,-0.7727416413211349484193409499
XRP-USD,2026-08-30T18:43:20.562833Z,1.4272,1.4273,0.0001,1.42725,-0.4086897974651930512072831860
XRP-USD,2026-08-30T18:43:20.614052Z,1.4272,1.4273,0.0001,1.42725,0.1887670778883974019903825631
XRP-USD,2026-08-30T18:43:20.661633Z,1.4272,1.4273,0.0001,1.42725,0.1805870654372579814366264063
XRP-USD,2026-08-30T18:43:20.716246Z,1.4272,1.4273,0.0001,1.42725,-0.5592062189333082264034488479
XRP-USD,2026-08-30T18:43:20.767334Z,1.4272,1.4273,0.0001,1.42725,-0.4640516866234443470431862754
XRP-USD,2026-08-30T18:43:20.814008Z,1.4275,1.4276,0.0001,1.42755,-0.5947125750685232043113598375
XRP-USD,2026-08-30T18:43:20.864065Z,1.4275,1.4276,0.0001,1.42755,-0.4084964949753329337883361952
XRP-USD,2026-08-30T18:43:20.916027Z,1.4275,1.4276,0.0001,1.42755,-0.6343567529291357639286992976
XRP-USD,2026-08-30T18:43:20.969125Z,1.4275,1.4276,0.0001,1.42755,-0.6343567529291357639286992976
XRP-USD,2026-08-30T18:43:21.00121Z,1.4275,1.4276,0.0001,1.42755,-0.6421024293233000223965635820
XRP-USD,2026-08-30T18:43:21.074082Z,1.4275,1.4276,0.0001,1.42755,-0.6379600947029029332791916812
XRP-USD,2026-08-30T18:43:21.080228Z,1.4275,1.4276,0.0001,1.42755,-0.6379600947029029332791916812
XRP-USD,2026-08-30T18:43:21.177646Z,1.4275,1.4276,0.0001,1.42755,-0.6401583176278245761428859341
XRP-USD,2026-08-30T18:43:21.21175Z,1.4275,1.4276,0.0001,1.42755,-0.6204055870685087447672146546
XRP-USD,2026-08-30T18:43:21.272248Z,1.4275,1.4276,0.0001,1.42755,-0.3908813059208966464169358623
XRP-USD,2026-08-30T18:43:21.321414Z,1.4275,1.4276,0.0001,1.42755,-0.4425932067247354218903814341
XRP-USD,2026-08-30T18:43:21.365392Z,1.4277,1.4278,0.0001,1.42775,-0.5338819427619361324164265616
XRP-USD,2026-08-30T18:43:21.375195Z,1.4277,1.4278,0.0001,1.42775,-0.6451368778099128843209233766
XRP-USD,2026-08-30T18:43:21.414806Z,1.4277,1.4278,0.0001,1.42775,-0.5007644130862305683127414795
XRP-USD,2026-08-30T18:43:21.522599Z,1.4277,1.4278,0.0001,1.42775,-0.5007644130862305683127414795
XRP-USD,2026-08-30T18:43:21.567694Z,1.4275,1.4277,0.0002,1.4276,-0.3160934118883143263023850219
XRP-USD,2026-08-30T18:43:21.581447Z,1.4275,1.4277,0.0002,1.4276,-0.4834143384727695016248997977
XRP-USD,2026-08-30T18:43:21.734879Z,1.4274,1.4277,0.0003,1.42755,-0.3062600301413838618094309812
XRP-USD,2026-08-30T18:43:21.767509Z,1.4274,1.4277,0.0003,1.42755,-0.3062600299948587164582378923
XRP-USD,2026-08-30T18:43:21.810247Z,1.4274,1.4276,0.0002,1.4275,-0.1397888392467716338209498793
XRP-USD,2026-08-30T18:43:21.859393Z,1.4274,1.4276,0.0002,1.4275,-0.1359059862648752088643041093
XRP-USD,2026-08-30T18:43:21.922549Z,1.4274,1.4276,0.0002,1.4275,-0.1204182905210543591792407084
XRP-USD,2026-08-30T18:43:21.947828Z,1.4271,1.4273,0.0002,1.4272,0.02435276248956295446013104943
XRP-USD,2026-08-30T18:43:21.981106Z,1.4271,1.4273,0.0002,1.4272,-0.1286645635616602416338546490
XRP-USD,2026-08-30T18:43:22.026419Z,1.4271,1.4273,0.0002,1.4272,0.05511788130195500321062314372
XRP-USD,2026-08-30T18:43:22.08547Z,1.4272,1.4275,0.0003,1.42735,-0.4495138145079104645962296189
XRP-USD,2026-08-30T18:43:22.160925Z,1.4272,1.4274,0.0002,1.4273,-0.06527543159267506267331925042
XRP-USD,2026-08-30T18:43:22.202751Z,1.4272,1.4274,0.0002,1.4273,-0.06527543159267506267331925042
XRP-USD,2026-08-30T18:43:22.283676Z,1.4272,1.4274,0.0002,1.4273,-0.1908606170926124458379026961
XRP-USD,2026-08-30T18:43:22.368334Z,1.4273,1.4275,0.0002,1.4274,-0.3859941477717624136307866418
XRP-USD,2026-08-30T18:43:22.40396Z,1.4274,1.4276,0.0002,1.4275,-0.4652653459346678351947966937
XRP-USD,2026-08-30T18:43:22.458134Z,1.4274,1.4275,0.0001,1.42745,-0.3808014668481921920855663152
XRP-USD,2026-08-30T18:43:22.513566Z,1.4274,1.4275,0.0001,1.42745,-0.4826171796689162671413669424
XRP-USD,2026-08-30T18:43:22.542653Z,1.4274,1.4275,0.0001,1.42745,-0.5535057779471358006575338570
XRP-USD,2026-08-30T18:43:22.716763Z,1.4274,1.4275,0.0001,1.42745,-0.5535057779471358006575338570
XRP-USD,2026-08-30T18:43:22.765418Z,1.4274,1.4275,0.0001,1.42745,-0.5535057779471358006575338570
XRP-USD,2026-08-30T18:43:22.799666Z,1.4274,1.4275,0.0001,1.42745,-0.5182217831098655262329104631
XRP-USD,2026-08-30T18:43:22.919307Z,1.4274,1.4275,0.0001,1.42745,-0.5182217831098655262329104631
XRP-USD,2026-08-30T18:43:22.960043Z,1.4274,1.4275,0.0001,1.42745,-0.5182217831098655262329104631
XRP-USD,2026-08-30T18:43:23.019337Z,1.4274,1.4275,0.0001,1.42745,-0.5182217831098655262329104631
XRP-USD,2026-08-30T18:43:23.075528Z,1.4273,1.4275,0.0002,1.4274,-0.4554561648303676414588088613
XRP-USD,2026-08-30T18:43:23.175809Z,1.4273,1.4275,0.0002,1.4274,-0.4846880595862346338954783943
XRP-USD,2026-08-30T18:43:23.198116Z,1.4273,1.4275,0.0002,1.4274,-0.4846880595862346338954783943
XRP-USD,2026-08-30T18:43:23.242244Z,1.4273,1.4275,0.0002,1.4274,-0.4846880595862346338954783943
XRP-USD,2026-08-30T18:43:23.317513Z,1.4273,1.4275,0.0002,1.4274,-0.4846880595862346338954783943
XRP-USD,2026-08-30T18:43:23.413782Z,1.4273,1.4275,0.0002,1.4274,-0.4668498187610786780973427512
XRP-USD,2026-08-30T18:43:23.469825Z,1.4273,1.4275,0.0002,1.4274,-0.4727975542016410965224626695
XRP-USD,2026-08-30T18:43:23.519204Z,1.4273,1.4275,0.0002,1.4274,-0.4727975542016410965224626695
XRP-USD,2026-08-30T18:43:23.525218Z,1.4273,1.4275,0.0002,1.4274,-0.4728833696321135682366225733
XRP-USD,2026-08-30T18:43:23.915488Z,1.4273,1.4275,0.0002,1.4274,-0.4763107084146320462628745881
XRP-USD,2026-08-30T18:43:24.018123Z,1.4273,1.4275,0.0002,1.4274,-0.4599880796034580551110093170
XRP-USD,2026-08-30T18:43:24.029817Z,1.4273,1.4275,0.0002,1.4274,-0.4599880796034580551110093170
XRP-USD,2026-08-30T18:43:24.105998Z,1.4273,1.4275,0.0002,1.4274,-0.4599880796034580551110093170
XRP-USD,2026-08-30T18:43:24.21357Z,1.4273,1.4275,0.0002,1.4274,-0.4599880796034580551110093170
XRP-USD,2026-08-30T18:43:24.241281Z,1.4274,1.4275,0.0001,1.42745,-0.5403979491184196294208088693
XRP-USD,2026-08-30T18:43:24.301607Z,1.4273,1.4275,0.0002,1.4274,-0.3579322745625259787219773025
XRP-USD,2026-08-30T18:43:24.352742Z,1.4273,1.4275,0.0002,1.4274,-0.5836325343382456130236582499
XRP-USD,2026-08-30T18:43:24.41369Z,1.4273,1.4275,0.0002,1.4274,-0.4703889301093914117894174000
XRP-USD,2026-08-30T18:43:24.453043Z,1.4272,1.4273,0.0001,1.42725,-0.4864406031646120995333785983
XRP-USD,2026-08-30T18:43:24.512009Z,1.4272,1.4273,0.0001,1.42725,-0.3513537962155452265436659702
XRP-USD,2026-08-30T18:43:24.56691Z,1.4271,1.4273,0.0002,1.4272,-0.4652589703622474527304956378
XRP-USD,2026-08-30T18:43:24.62687Z,1.4271,1.4273,0.0002,1.4272,-0.3685071779685882759447984885
XRP-USD,2026-08-30T18:43:24.693631Z,1.4271,1.4273,0.0002,1.4272,-0.3306169556988766181589192469
XRP-USD,2026-08-30T18:43:24.757799Z,1.4271,1.4273,0.0002,1.4272,-0.3306169556988766181589192469
XRP-USD,2026-08-30T18:43:24.781666Z,1.4271,1.4273,0.0002,1.4272,-0.3306169556988766181589192469
XRP-USD,2026-08-30T18:43:24.875068Z,1.4272,1.4273,0.0001,1.42725,-0.5482985291591641688398889391
XRP-USD,2026-08-30T18:43:24.908847Z,1.4272,1.4273,0.0001,1.42725,-0.3081792035851345966458724847
XRP-USD,2026-08-30T18:43:24.946305Z,1.4272,1.4273,0.0001,1.42725,-0.4312324240299581641465490143
XRP-USD,2026-08-30T18:43:25.025893Z,1.4272,1.4273,0.0001,1.42725,-0.4312324240299581641465490143
XRP-USD,2026-08-30T18:43:25.087831Z,1.4272,1.4273,0.0001,1.42725,-0.4312324240299581641465490143
XRP-USD,2026-08-30T18:43:25.251471Z,1.4272,1.4273,0.0001,1.42725,-0.4312324240299581641465490143
XRP-USD,2026-08-30T18:43:25.295894Z,1.4272,1.4273,0.0001,1.42725,-0.4257166740895175603609690991
XRP-USD,2026-08-30T18:43:25.366324Z,1.4272,1.4273,0.0001,1.42725,-0.4257169126390441876654978041
XRP-USD,2026-08-30T18:43:25.426145Z,1.4272,1.4273,0.0001,1.42725,-0.4255424216454121105265375986
XRP-USD,2026-08-30T18:43:25.467897Z,1.4272,1.4273,0.0001,1.42725,-0.4255329039613942855269566822
XRP-USD,2026-08-30T18:43:25.565291Z,1.4272,1.4273,0.0001,1.42725,-0.4255329039613942855269566822
XRP-USD,2026-08-30T18:43:25.576204Z,1.4272,1.4273,0.0001,1.42725,-0.4255329039613942855269566822
XRP-USD,2026-08-30T18:43:25.71896Z,1.4272,1.4273,0.0001,1.42725,-0.4254127112369662600548754696
XRP-USD,2026-08-30T18:43:25.759847Z,1.4272,1.4273,0.0001,1.42725,-0.4255329208006944259316306994
XRP-USD,2026-08-30T18:43:25.814653Z,1.4272,1.4273,0.0001,1.42725,-0.4423647578038718883172901767
XRP-USD,2026-08-30T18:43:25.856957Z,1.4272,1.4273,0.0001,1.42725,-0.2834354697219512845353112326
XRP-USD,2026-08-30T18:43:25.920837Z,1.4272,1.4273,0.0001,1.42725,-0.2834354695029729029404399290
XRP-USD,2026-08-30T18:43:25.951756Z,1.4272,1.4273,0.0001,1.42725,-0.2623928869898417854275044631
XRP-USD,2026-08-30T18:43:25.997102Z,1.4272,1.4273,0.0001,1.42725,-0.2623928869898417854275044631
XRP-USD,2026-08-30T18:43:26.036124Z,1.4272,1.4273,0.0001,1.42725,-0.2473194740993723921032813383
XRP-USD,2026-08-30T18:43:26.101528Z,1.4272,1.4273,0.0001,1.42725,-0.2473194740993723921032813383
XRP-USD,2026-08-30T18:43:26.14087Z,1.4272,1.4273,0.0001,1.42725,-0.2473194740993723921032813383
XRP-USD,2026-08-30T18:43:26.272568Z,1.4272,1.4273,0.0001,1.42725,-0.2678584571928861184148211546
XRP-USD,2026-08-30T18:43:26.318657Z,1.4272,1.4273,0.0001,1.42725,-0.2951839123481796402861768795
XRP-USD,2026-08-30T18:43:26.35858Z,1.4272,1.4273,0.0001,1.42725,-0.2951839123481796402861768795
XRP-USD,2026-08-30T18:43:26.420584Z,1.4272,1.4273,0.0001,1.42725,-0.2655409336055340824965986608
XRP-USD,2026-08-30T18:43:26.464761Z,1.4272,1.4273,0.0001,1.42725,-0.2655409336055340824965986608
XRP-USD,2026-08-30T18:43:26.489904Z,1.4272,1.4273,0.0001,1.42725,-0.2655409336055340824965986608
XRP-USD,2026-08-30T18:43:26.582906Z,1.4272,1.4273,0.0001,1.42725,-0.2442822824032068974260272432
XRP-USD,2026-08-30T18:43:26.707659Z,1.4272,1.4274,0.0002,1.4273,-0.4605003589505801353290978017
XRP-USD,2026-08-30T18:43:26.77673Z,1.4272,1.4274,0.0002,1.4273,-0.4371533214637933148940228770
XRP-USD,2026-08-30T18:43:26.784033Z,1.4272,1.4274,0.0002,1.4273,-0.4326411660170339089964165906
XRP-USD,2026-08-30T18:43:26.87249Z,1.4272,1.4274,0.0002,1.4273,-0.5160309735871531537566120228
XRP-USD,2026-08-30T18:43:26.879822Z,1.4272,1.4274,0.0002,1.4273,-0.5160309735871531537566120228
XRP-USD,2026-08-30T18:43:26.940649Z,1.4271,1.4274,0.0003,1.42725,-0.3392636851483472122679374144
XRP-USD,2026-08-30T18:43:27.007614Z,1.4271,1.4274,0.0003,1.42725,-0.3392636851483472122679374144
XRP-USD,2026-08-30T18:43:27.076423Z,1.4273,1.4274,0.0001,1.42735,-0.3964119199545288776499421402
XRP-USD,2026-08-30T18:43:27.177041Z,1.4272,1.4273,0.0001,1.42725,-0.3987905356302007557734424270
XRP-USD,2026-08-30T18:43:27.183104Z,1.4272,1.4274,0.0002,1.4273,-0.4767104721599398669643105118
XRP-USD,2026-08-30T18:43:27.267047Z,1.4272,1.4274,0.0002,1.4273,-0.3805604251838885036004732839
XRP-USD,2026-08-30T18:43:27.284628Z,1.4272,1.4274,0.0002,1.4273,-0.4519695442978269654616687260
XRP-USD,2026-08-30T18:43:27.361035Z,1.4272,1.4274,0.0002,1.4273,-0.5451522879948322360896606320
XRP-USD,2026-08-30T18:43:27.419891Z,1.4272,1.4274,0.0002,1.4273,-0.5451522879948322360896606320
XRP-USD,2026-08-30T18:43:27.797431Z,1.4272,1.4274,0.0002,1.4273,-0.5451522879948322360896606320
XRP-USD,2026-08-30T18:43:27.966783Z,1.4272,1.4274,0.0002,1.4273,-0.5451522879948322360896606320
XRP-USD,2026-08-30T18:43:28.018052Z,1.4272,1.4274,0.0002,1.4273,-0.5452276054619140686306246145
XRP-USD,2026-08-30T18:43:28.059439Z,1.4272,1.4274,0.0002,1.4273,-0.5451781079458962130713088963
XRP-USD,2026-08-30T18:43:28.113167Z,1.4272,1.4274,0.0002,1.4273,-0.5451666557109074093720599527
XRP-USD,2026-08-30T18:43:28.142163Z,1.4272,1.4274,0.0002,1.4273,-0.5450938395693562641146497295
XRP-USD,2026-08-30T18:43:28.294161Z,1.4272,1.4274,0.0002,1.4273,-0.5450938395693562641146497295
XRP-USD,2026-08-30T18:43:28.401655Z,1.4272,1.4274,0.0002,1.4273,-0.5450938395693562641146497295
XRP-USD,2026-08-30T18:43:28.466271Z,1.4272,1.4274,0.0002,1.4273,-0.5450938395693562641146497295
XRP-USD,2026-08-30T18:43:28.671262Z,1.4272,1.4274,0.0002,1.4273,-0.5369146116433518015557166190
XRP-USD,2026-08-30T18:43:28.721986Z,1.4272,1.4274,0.0002,1.4273,-0.4308877423922371505329389834
XRP-USD,2026-08-30T18:43:28.747656Z,1.4272,1.4274,0.0002,1.4273,-0.5453029428151533857254576166
XRP-USD,2026-08-30T18:43:28.814678Z,1.4272,1.4274,0.0002,1.4273,-0.5453029428151533857254576166
XRP-USD,2026-08-30T18:43:28.8826Z,1.4272,1.4274,0.0002,1.4273,-0.5453029428151533857254576166
XRP-USD,2026-08-30T18:43:29.023372Z,1.4272,1.4274,0.0002,1.4273,-0.5452276609094348966221985767
XRP-USD,2026-08-30T18:43:29.075671Z,1.4272,1.4274,0.0002,1.4273,-0.5452850582743684415678882389
XRP-USD,2026-08-30T18:43:29.095006Z,1.4272,1.4274,0.0002,1.4273,-0.4299775237091789183171712966
XRP-USD,2026-08-30T18:43:29.149058Z,1.4272,1.4274,0.0002,1.4273,-0.4299775235687889189998044784
XRP-USD,2026-08-30T18:43:29.268424Z,1.4272,1.4274,0.0002,1.4273,-0.4299775235687889189998044784
XRP-USD,2026-08-30T18:43:29.318126Z,1.4272,1.4274,0.0002,1.4273,-0.4067463036770538159190172535
XRP-USD,2026-08-30T18:43:29.365092Z,1.4272,1.4274,0.0002,1.4273,-0.4067463036770538159190172535
XRP-USD,2026-08-30T18:43:29.476491Z,1.4272,1.4274,0.0002,1.4273,-0.4067463036770538159190172535
XRP-USD,2026-08-30T18:43:29.531473Z,1.4272,1.4274,0.0002,1.4273,-0.4067463036770538159190172535
XRP-USD,2026-08-30T18:43:29.563682Z,1.4272,1.4274,0.0002,1.4273,-0.4067463036770538159190172535
XRP-USD,2026-08-30T18:43:29.567629Z,1.4272,1.4274,0.0002,1.4273,-0.4067463036770538159190172535
XRP-USD,2026-08-30T18:43:29.74309Z,1.4272,1.4274,0.0002,1.4273,-0.4067463036770538159190172535
XRP-USD,2026-08-30T18:43:30.017873Z,1.4272,1.4274,0.0002,1.4273,-0.4066296657651069720061336024
XRP-USD,2026-08-30T18:43:30.093097Z,1.4272,1.4274,0.0002,1.4273,-0.4066296657651069720061336024
XRP-USD,2026-08-30T18:43:30.099309Z,1.4272,1.4274,0.0002,1.4273,-0.4066296657651069720061336024
XRP-USD,2026-08-30T18:43:30.104678Z,1.4272,1.4274,0.0002,1.4273,-0.4067463036770538159190172535
XRP-USD,2026-08-30T18:43:30.243378Z,1.4272,1.4274,0.0002,1.4273,-0.4142394015694444365245647435
XRP-USD,2026-08-30T18:43:30.339715Z,1.4272,1.4274,0.0002,1.4273,-0.4142394015694444365245647435
XRP-USD,2026-08-30T18:43:30.38661Z,1.4272,1.4274,0.0002,1.4273,-0.4142394015694444365245647435
XRP-USD,2026-08-30T18:43:30.447983Z,1.4272,1.4273,0.0001,1.42725,-0.4245061242242306008304154847
XRP-USD,2026-08-30T18:43:30.511551Z,1.4272,1.4273,0.0001,1.42725,-0.4245061242242306008304154847
XRP-USD,2026-08-30T18:43:30.532257Z,1.4272,1.4273,0.0001,1.42725,-0.4245061242242306008304154847
XRP-USD,2026-08-30T18:43:30.601067Z,1.4272,1.4273,0.0001,1.42725,-0.4092778207818406508127990399
XRP-USD,2026-08-30T18:43:30.628617Z,1.4272,1.4273,0.0001,1.42725,-0.3959989786608080256560497402
XRP-USD,2026-08-30T18:43:30.750984Z,1.4272,1.4273,0.0001,1.42725,-0.3959989786608080256560497402
XRP-USD,2026-08-30T18:43:31.037308Z,1.4272,1.4273,0.0001,1.42725,-0.3787388364252946228154325416
XRP-USD,2026-08-30T18:43:31.150868Z,1.4272,1.4273,0.0001,1.42725,-0.3788674214424832897631644181
XRP-USD,2026-08-30T18:43:31.18725Z,1.4272,1.4273,0.0001,1.42725,-0.3788674214424832897631644181
XRP-USD,2026-08-30T18:43:31.276861Z,1.4272,1.4273,0.0001,1.42725,-0.3433432639645015263634191764
XRP-USD,2026-08-30T18:43:31.28305Z,1.4272,1.4273,0.0001,1.42725,-0.3605911534664632135405982261
XRP-USD,2026-08-30T18:43:31.365487Z,1.4272,1.4273,0.0001,1.42725,-0.3091997461700910291033269209
XRP-USD,2026-08-30T18:43:31.415113Z,1.4274,1.4275,0.0001,1.42745,-0.2645403634605963222272963468
XRP-USD,2026-08-30T18:43:31.45437Z,1.4274,1.4275,0.0001,1.42745,-0.1370515820957327980003790951
XRP-USD,2026-08-30T18:43:31.520018Z,1.4274,1.4275,0.0001,1.42745,-0.2344286875014243940298983230
XRP-USD,2026-08-30T18:43:31.568377Z,1.4274,1.4275,0.0001,1.42745,-0.3564499019955920276979745815
XRP-USD,2026-08-30T18:43:31.594555Z,1.4273,1.4275,0.0002,1.4274,-0.2690219717326246767368934610
XRP-USD,2026-08-30T18:43:31.673506Z,1.4274,1.4275,0.0001,1.42745,-0.1088045798416162377845250953
XRP-USD,2026-08-30T18:43:31.717003Z,1.4274,1.4275,0.0001,1.42745,-0.1088045798416162377845250953
XRP-USD,2026-08-30T18:43:31.74597Z,1.4274,1.4275,0.0001,1.42745,-0.1408353651976430887688291927
XRP-USD,2026-08-30T18:43:31.822255Z,1.4274,1.4275,0.0001,1.42745,-0.3160585933316205193284343262
XRP-USD,2026-08-30T18:43:31.88047Z,1.4274,1.4275,0.0001,1.42745,-0.1045094212062699736679175147
XRP-USD,2026-08-30T18:43:31.923286Z,1.4274,1.4277,0.0003,1.42755,-0.5883604196256523500873850470
XRP-USD,2026-08-30T18:43:31.969529Z,1.4274,1.4276,0.0002,1.4275,-0.5214753457052203236877144575
XRP-USD,2026-08-30T18:43:32.022403Z,1.4275,1.4277,0.0002,1.4276,-0.6219172655580043857382635304
XRP-USD,2026-08-30T18:43:32.06644Z,1.4275,1.4277,0.0002,1.4276,-0.5402302574446988343295040174
XRP-USD,2026-08-30T18:43:32.073815Z,1.4275,1.4277,0.0002,1.4276,-0.5381154572716640426053460204
XRP-USD,2026-08-30T18:43:32.137384Z,1.4275,1.4277,0.0002,1.4276,-0.5742819819483898417862542475
XRP-USD,2026-08-30T18:43:32.20394Z,1.4275,1.4277,0.0002,1.4276,-0.6241408278139208224096180230
XRP-USD,2026-08-30T18:43:32.306789Z,1.4275,1.4276,0.0001,1.42755,-0.5643078471697169701744489734
XRP-USD,2026-08-30T18:43:32.352031Z,1.4275,1.4276,0.0001,1.42755,-0.5763620093296701281440086103
XRP-USD,2026-08-30T18:43:32.40973Z,1.4275,1.4276,0.0001,1.42755,-0.6197466372510434128043590832
XRP-USD,2026-08-30T18:43:32.449603Z,1.4275,1.4276,0.0001,1.42755,-0.6236044643868339873385021068
XRP-USD,2026-08-30T18:43:32.695545Z,1.4275,1.4276,0.0001,1.42755,-0.6236044643868339873385021068
XRP-USD,2026-08-30T18:43:32.737626Z,1.4275,1.4276,0.0001,1.42755,-0.6236044643868339873385021068
XRP-USD,2026-08-30T18:43:32.842367Z,1.4275,1.4276,0.0001,1.42755,-0.6236044643868339873385021068
XRP-USD,2026-08-30T18:43:32.916633Z,1.4275,1.4276,0.0001,1.42755,-0.6061081871930786809307220547
XRP-USD,2026-08-30T18:43:33.028965Z,1.4275,1.4276,0.0001,1.42755,-0.6060504971930793048170521762
XRP-USD,2026-08-30T18:43:33.137703Z,1.4275,1.4276,0.0001,1.42755,-0.6060504971930793048170521762
XRP-USD,2026-08-30T18:43:33.15767Z,1.4275,1.4276,0.0001,1.42755,-0.6060504971930793048170521762
XRP-USD,2026-08-30T18:43:33.262538Z,1.4275,1.4276,0.0001,1.42755,-0.6061081871930786809307220547
XRP-USD,2026-08-30T18:43:33.320225Z,1.4274,1.4276,0.0002,1.4275,-0.5533199362416258162901624993
XRP-USD,2026-08-30T18:43:33.371772Z,1.4274,1.4276,0.0002,1.4275,-0.5065513926558688415895286140
XRP-USD,2026-08-30T18:43:33.668052Z,1.4275,1.4276,0.0001,1.42755,-0.5562354404629658403913275624
XRP-USD,2026-08-30T18:43:33.720297Z,1.4275,1.4276,0.0001,1.42755,-0.5111308681022376898261544943
XRP-USD,2026-08-30T18:43:33.776184Z,1.4275,1.4276,0.0001,1.42755,-0.5574715137444174781057199558
XRP-USD,2026-08-30T18:43:33.822718Z,1.4275,1.4276,0.0001,1.42755,-0.6068050946652360984331151567
XRP-USD,2026-08-30T18:43:33.878734Z,1.4275,1.4276,0.0001,1.42755,-0.6068050946652360984331151567
XRP-USD,2026-08-30T18:43:33.923416Z,1.4275,1.4276,0.0001,1.42755,-0.5559337589215734380733625216
XRP-USD,2026-08-30T18:43:33.952805Z,1.4275,1.4276,0.0001,1.42755,-0.4914829528178170280159325876
XRP-USD,2026-08-30T18:43:34.007521Z,1.4275,1.4276,0.0001,1.42755,-0.4913085893136100314000785074
XRP-USD,2026-08-30T18:43:34.07311Z,1.4275,1.4276,0.0001,1.42755,-0.5413820877808624500733393707
XRP-USD,2026-08-30T18:43:34.099804Z,1.4275,1.4276,0.0001,1.42755,-0.4946359951908731189381154709
XRP-USD,2026-08-30T18:43:34.165604Z,1.4275,1.4276,0.0001,1.42755,-0.4946359951908731189381154709
XRP-USD,2026-08-30T18:43:34.212924Z,1.4275,1.4276,0.0001,1.42755,-0.4966506768191196425181266603
XRP-USD,2026-08-30T18:43:34.260527Z,1.4275,1.4276,0.0001,1.42755,-0.4966506768191196425181266603
XRP-USD,2026-08-30T18:43:34.325362Z,1.4275,1.4276,0.0001,1.42755,-0.4967385068948693189524527646
XRP-USD,2026-08-30T18:43:34.38012Z,1.4275,1.4276,0.0001,1.42755,-0.4967385068948693189524527646
XRP-USD,2026-08-30T18:43:34.476604Z,1.4275,1.4276,0.0001,1.42755,-0.4995269264205104240603550223
XRP-USD,2026-08-30T18:43:34.516661Z,1.4275,1.4276,0.0001,1.42755,-0.5950312232018521776924766765
XRP-USD,2026-08-30T18:43:34.564695Z,1.4275,1.4276,0.0001,1.42755,-0.5073158249444074988383676611
XRP-USD,2026-08-30T18:43:34.662735Z,1.4275,1.4276,0.0001,1.42755,-0.5073158249444074988383676611
XRP-USD,2026-08-30T18:43:34.706853Z,1.4275,1.4276,0.0001,1.42755,-0.5194126843718661552137147559
XRP-USD,2026-08-30T18:43:34.749304Z,1.4275,1.4276,0.0001,1.42755,-0.5194126843718661552137147559
XRP-USD,2026-08-30T18:43:34.788458Z,1.4275,1.4276,0.0001,1.42755,-0.5194126843718661552137147559
XRP-USD,2026-08-30T18:43:34.876696Z,1.4275,1.4276,0.0001,1.42755,-0.5249516175739986321982595474
XRP-USD,2026-08-30T18:43:34.931728Z,1.4275,1.4276,0.0001,1.42755,-0.5249516175739986321982595474
XRP-USD,2026-08-30T18:43:34.94658Z,1.4275,1.4276,0.0001,1.42755,-0.5249516175739986321982595474
XRP-USD,2026-08-30T18:43:35.018198Z,1.4275,1.4276,0.0001,1.42755,-0.5249516175739986321982595474
XRP-USD,2026-08-30T18:43:35.060283Z,1.4275,1.4276,0.0001,1.42755,-0.5248717094574820510279261711
XRP-USD,2026-08-30T18:43:35.084415Z,1.4275,1.4276,0.0001,1.42755,-0.5924546888046475448723417932
XRP-USD,2026-08-30T18:43:35.165526Z,1.4275,1.4276,0.0001,1.42755,-0.5924546888046475448723417932
XRP-USD,2026-08-30T18:43:35.238971Z,1.4275,1.4276,0.0001,1.42755,-0.5248717093570715357833472019
XRP-USD,2026-08-30T18:43:35.396689Z,1.4275,1.4276,0.0001,1.42755,-0.5249516174736218886342881707
XRP-USD,2026-08-30T18:43:35.588124Z,1.4275,1.4276,0.0001,1.42755,-0.5693884124176898645290133001
XRP-USD,2026-08-30T18:43:35.619673Z,1.4275,1.4276,0.0001,1.42755,-0.5925134825002222145028605595
XRP-USD,2026-08-30T18:43:35.629786Z,1.4275,1.4276,0.0001,1.42755,-0.5925134825002222145028605595
XRP-USD,2026-08-30T18:43:35.770239Z,1.4275,1.4276,0.0001,1.42755,-0.5884447667293472320749559286
XRP-USD,2026-08-30T18:43:35.875539Z,1.4275,1.4276,0.0001,1.42755,-0.5131354199879116980119873942
XRP-USD,2026-08-30T18:43:35.975391Z,1.4275,1.4276,0.0001,1.42755,-0.5131354199879116980119873942
XRP-USD,2026-08-30T18:43:36.018078Z,1.4275,1.4276,0.0001,1.42755,-0.5865638849412898571069474116
XRP-USD,2026-08-30T18:43:36.065124Z,1.4275,1.4276,0.0001,1.42755,-0.5865033616475931379542180621
XRP-USD,2026-08-30T18:43:36.118564Z,1.4275,1.4276,0.0001,1.42755,-0.5865033616475931379542180621
XRP-USD,2026-08-30T18:43:36.175613Z,1.4275,1.4276,0.0001,1.42755,-0.5130514868645622764909863284
XRP-USD,2026-08-30T18:43:36.205724Z,1.4275,1.4276,0.0001,1.42755,-0.5865033616475931379542180621
XRP-USD,2026-08-30T18:43:36.258593Z,1.4275,1.4276,0.0001,1.42755,-0.5130514868645622764909863284
XRP-USD,2026-08-30T18:43:36.348346Z,1.4275,1.4276,0.0001,1.42755,-0.5212024189991497166177673211
XRP-USD,2026-08-30T18:43:36.452886Z,1.4275,1.4276,0.0001,1.42755,-0.5212835659946541266347760535
XRP-USD,2026-08-30T18:43:36.52432Z,1.4275,1.4276,0.0001,1.42755,-0.5352475463642462983893786745
XRP-USD,2026-08-30T18:43:36.575058Z,1.4275,1.4276,0.0001,1.42755,-0.6077437227730479754432514768
XRP-USD,2026-08-30T18:43:36.617323Z,1.4275,1.4276,0.0001,1.42755,-0.5206341876466706152563055648
XRP-USD,2026-08-30T18:43:36.867686Z,1.4275,1.4276,0.0001,1.42755,-0.5206341876466706152563055648
XRP-USD,2026-08-30T18:43:37.024844Z,1.4275,1.4276,0.0001,1.42755,-0.5205675465482343046925369256
XRP-USD,2026-08-30T18:43:37.080287Z,1.4275,1.4276,0.0001,1.42755,-0.5003313239397086333073560958
XRP-USD,2026-08-30T18:43:37.152968Z,1.4275,1.4276,0.0001,1.42755,-0.5024125275774534044655168952
XRP-USD,2026-08-30T18:43:37.277055Z,1.4275,1.4276,0.0001,1.42755,-0.5024125275774534044655168952
XRP-USD,2026-08-30T18:43:37.524778Z,1.4275,1.4276,0.0001,1.42755,0.3792203074026433956737306981
XRP-USD,2026-08-30T18:43:37.572922Z,1.4275,1.4276,0.0001,1.42755,0.3792203074026433956737306981
XRP-USD,2026-08-30T18:43:37.62082Z,1.4275,1.4276,0.0001,1.42755,0.3427661771204976456357172111
XRP-USD,2026-08-30T18:43:37.67133Z,1.4276,1.4277,0.0001,1.42765,-0.1063003210125673675556771592
XRP-USD,2026-08-30T18:43:37.723712Z,1.4276,1.4277,0.0001,1.42765,0.3038468571711166838417222169
XRP-USD,2026-08-30T18:43:37.778971Z,1.4276,1.4277,0.0001,1.42765,0.3287419881880337430566372257
XRP-USD,2026-08-30T18:43:37.825466Z,1.4276,1.4277,0.0001,1.42765,0.3033342727934417832469801226
XRP-USD,2026-08-30T18:43:37.874466Z,1.4276,1.4277,0.0001,1.42765,0.2819306892392004375444297319
XRP-USD,2026-08-30T18:43:37.896862Z,1.4276,1.4277,0.0001,1.42765,0.2662385334878035323917631557
XRP-USD,2026-08-30T18:43:37.9658Z,1.4276,1.4277,0.0001,1.42765,0.2948797489520969522859707142
XRP-USD,2026-08-30T18:43:38.019073Z,1.4276,1.4277,0.0001,1.42765,0.3690433997051725532044794080
XRP-USD,2026-08-30T18:43:38.058853Z,1.4277,1.4278,0.0001,1.42775,-0.4710823898712440558019873665
XRP-USD,2026-08-30T18:43:38.13962Z,1.4277,1.4278,0.0001,1.42775,-0.5290183827673722334378155806
XRP-USD,2026-08-30T18:43:38.18747Z,1.4277,1.4278,0.0001,1.42775,-0.5146177752888584903033640784
XRP-USD,2026-08-30T18:43:38.208531Z,1.4277,1.4278,0.0001,1.42775,-0.5056223580275870147151937258
XRP-USD,2026-08-30T18:43:38.298663Z,1.4277,1.4278,0.0001,1.42775,-0.4968490009122506514481380398
XRP-USD,2026-08-30T18:43:38.33698Z,1.4277,1.4278,0.0001,1.42775,-0.4968490009122506514481380398
XRP-USD,2026-08-30T18:43:38.47538Z,1.4277,1.4278,0.0001,1.42775,-0.5062909357491738997935851487
XRP-USD,2026-08-30T18:43:38.522021Z,1.4274,1.4276,0.0002,1.4275,-0.5242727202239057140829582247
XRP-USD,2026-08-30T18:43:38.57497Z,1.4273,1.4276,0.0003,1.42745,-0.2726305650472120528024246000
XRP-USD,2026-08-30T18:43:38.58906Z,1.4273,1.4276,0.0003,1.42745,-0.3131351390116749526864423751
XRP-USD,2026-08-30T18:43:38.647054Z,1.4275,1.4276,0.0001,1.42755,-0.3371169175129011254036747176
XRP-USD,2026-08-30T18:43:38.697229Z,1.4275,1.4276,0.0001,1.42755,-0.2744304373510961962409814085
XRP-USD,2026-08-30T18:43:38.773819Z,1.4275,1.4276,0.0001,1.42755,-0.4270154727839714263743257052
XRP-USD,2026-08-30T18:43:38.793891Z,1.4275,1.4276,0.0001,1.42755,-0.5915652225966145841778577999
XRP-USD,2026-08-30T18:43:38.872121Z,1.4275,1.4276,0.0001,1.42755,-0.5915652225966145841778577999
XRP-USD,2026-08-30T18:43:38.887775Z,1.4275,1.4276,0.0001,1.42755,-0.5915652225966145841778577999
XRP-USD,2026-08-30T18:43:38.956889Z,1.4275,1.4276,0.0001,1.42755,-0.5867989412906004164460064689
XRP-USD,2026-08-30T18:43:39.015782Z,1.4275,1.4276,0.0001,1.42755,-0.5867989412906004164460064689
XRP-USD,2026-08-30T18:43:39.068152Z,1.4276,1.4277,0.0001,1.42765,-0.5654466605973285133459808813
XRP-USD,2026-08-30T18:43:39.121393Z,1.4276,1.4277,0.0001,1.42765,-0.3311310198150265167370267367
XRP-USD,2026-08-30T18:43:39.178046Z,1.4276,1.4277,0.0001,1.42765,-0.5412175305337033484415235105
XRP-USD,2026-08-30T18:43:39.213576Z,1.4276,1.4277,0.0001,1.42765,-0.5466660015620230358939404771
XRP-USD,2026-08-30T18:43:39.277435Z,1.4276,1.4277,0.0001,1.42765,-0.4491904029559559890086402518
XRP-USD,2026-08-30T18:43:39.284903Z,1.4276,1.4277,0.0001,1.42765,-0.4491904029559559890086402518
XRP-USD,2026-08-30T18:43:39.377271Z,1.4275,1.4277,0.0002,1.4276,-0.3681267458701914737828760662
XRP-USD,2026-08-30T18:43:39.408592Z,1.4275,1.4277,0.0002,1.4276,-0.4673677023182006487905773854
XRP-USD,2026-08-30T18:43:39.510981Z,1.4275,1.4277,0.0002,1.4276,-0.3681267458701914737828760662
XRP-USD,2026-08-30T18:43:39.578369Z,1.4275,1.4277,0.0002,1.4276,-0.4673677023182006487905773854
XRP-USD,2026-08-30T18:43:39.632398Z,1.4275,1.4277,0.0002,1.4276,-0.4672820435777828102969101089
XRP-USD,2026-08-30T18:43:39.658551Z,1.4275,1.4277,0.0002,1.4276,-0.4667967424814722696155323421
XRP-USD,2026-08-30T18:43:39.703725Z,1.4275,1.4277,0.0002,1.4276,-0.4668824509034672937178884516
XRP-USD,2026-08-30T18:43:39.82227Z,1.4275,1.4277,0.0002,1.4276,-0.3675900479597078473034140603
XRP-USD,2026-08-30T18:43:39.848226Z,1.4275,1.4277,0.0002,1.4276,-0.4668824509034672937178884516
XRP-USD,2026-08-30T18:43:39.915021Z,1.4276,1.4277,0.0001,1.42765,-0.4821791552584237003109657338
XRP-USD,2026-08-30T18:43:39.958963Z,1.4276,1.4277,0.0001,1.42765,-0.3608425309498608539333170343
XRP-USD,2026-08-30T18:43:40.016776Z,1.4276,1.4277,0.0001,1.42765,-0.3608425309498608539333170343
XRP-USD,2026-08-30T18:43:40.062236Z,1.4276,1.4277,0.0001,1.42765,-0.5738215882134950260822974977
XRP-USD,2026-08-30T18:43:40.121602Z,1.4276,1.4277,0.0001,1.42765,-0.5688180971974863296667939293
XRP-USD,2026-08-30T18:43:40.137354Z,1.4276,1.4277,0.0001,1.42765,-0.4739779327577503362679967947
XRP-USD,2026-08-30T18:43:40.265554Z,1.4276,1.4277,0.0001,1.42765,-0.4739779327577503362679967947
XRP-USD,2026-08-30T18:43:40.311151Z,1.4276,1.4277,0.0001,1.42765,-0.4739779327577503362679967947
XRP-USD,2026-08-30T18:43:40.369358Z,1.4276,1.4277,0.0001,1.42765,-0.4814056084349225206872380664
XRP-USD,2026-08-30T18:43:40.72286Z,1.4276,1.4277,0.0001,1.42765,-0.4814056084349225206872380664
XRP-USD,2026-08-30T18:43:40.777382Z,1.4276,1.4277,0.0001,1.42765,-0.4886264476616487738037989189
XRP-USD,2026-08-30T18:43:40.878546Z,1.4276,1.4277,0.0001,1.42765,-0.5136468627593038139712504739
XRP-USD,2026-08-30T18:43:40.925615Z,1.4276,1.4277,0.0001,1.42765,-0.2247558400027829336803896693
XRP-USD,2026-08-30T18:43:40.968274Z,1.4276,1.4277,0.0001,1.42765,-0.1701635254629236540994663626
XRP-USD,2026-08-30T18:43:41.017696Z,1.4275,1.4277,0.0002,1.4276,-0.003707575117045377691917634287
XRP-USD,2026-08-30T18:43:41.070249Z,1.4276,1.4277,0.0001,1.42765,-0.2941869388767650130368213708
XRP-USD,2026-08-30T18:43:41.104226Z,1.4276,1.4277,0.0001,1.42765,-0.1655271463044533545183245232
XRP-USD,2026-08-30T18:43:41.248114Z,1.4276,1.4277,0.0001,1.42765,-0.1507780724927853781974958149
XRP-USD,2026-08-30T18:43:41.324926Z,1.4276,1.4277,0.0001,1.42765,-0.1507780724927853781974958149
XRP-USD,2026-08-30T18:43:41.357783Z,1.4276,1.4277,0.0001,1.42765,-0.1507780724927853781974958149
XRP-USD,2026-08-30T18:43:41.382546Z,1.4276,1.4277,0.0001,1.42765,-0.1419585238633383288068092535
XRP-USD,2026-08-30T18:43:41.503132Z,1.4276,1.4277,0.0001,1.42765,-0.1419585238633383288068092535
XRP-USD,2026-08-30T18:43:41.584693Z,1.4276,1.4277,0.0001,1.42765,-0.1614235452181436596389561226
XRP-USD,2026-08-30T18:43:41.670514Z,1.4276,1.4277,0.0001,1.42765,-0.1929044051743352548908935235
XRP-USD,2026-08-30T18:43:41.682052Z,1.4276,1.4277,0.0001,1.42765,-0.3132879998417384070849444148
XRP-USD,2026-08-30T18:43:41.775632Z,1.4276,1.4277,0.0001,1.42765,-0.3319381859734533206067810331
XRP-USD,2026-08-30T18:43:41.82031Z,1.4276,1.4277,0.0001,1.42765,-0.1561019376697561592982260822
XRP-USD,2026-08-30T18:43:41.87185Z,1.4276,1.4277,0.0001,1.42765,-0.1561019376697561592982260822
XRP-USD,2026-08-30T18:43:42.013436Z,1.4276,1.4277,0.0001,1.42765,-0.1561019376697561592982260822
XRP-USD,2026-08-30T18:43:42.030864Z,1.4276,1.4277,0.0001,1.42765,-0.1561019376697561592982260822
XRP-USD,2026-08-30T18:43:42.122979Z,1.4276,1.4277,0.0001,1.42765,-0.1697866502159110992989031533
XRP-USD,2026-08-30T18:43:42.171052Z,1.4276,1.4277,0.0001,1.42765,-0.1697866502159110992989031533
XRP-USD,2026-08-30T18:43:42.206488Z,1.4276,1.4277,0.0001,1.42765,-0.1697866502159110992989031533
XRP-USD,2026-08-30T18:43:42.214333Z,1.4276,1.4277,0.0001,1.42765,-0.1832750046504216890115251011
XRP-USD,2026-08-30T18:43:42.310513Z,1.4276,1.4277,0.0001,1.42765,-0.3355733925741331819598562996
XRP-USD,2026-08-30T18:43:42.369449Z,1.4276,1.4277,0.0001,1.42765,-0.1832750046504216890115251011
XRP-USD,2026-08-30T18:43:42.403499Z,1.4276,1.4277,0.0001,1.42765,-0.1832750046504216890115251011
XRP-USD,2026-08-30T18:43:42.441488Z,1.4276,1.4277,0.0001,1.42765,-0.1591106158902076295507556794
XRP-USD,2026-08-30T18:43:42.51344Z,1.4276,1.4277,0.0001,1.42765,-0.1591106158902076295507556794
XRP-USD,2026-08-30T18:43:42.69746Z,1.4276,1.4277,0.0001,1.42765,-0.1591106158902076295507556794
XRP-USD,2026-08-30T18:43:42.766067Z,1.4276,1.4277,0.0001,1.42765,-0.3133000165443038761053438096
XRP-USD,2026-08-30T18:43:42.874824Z,1.4276,1.4277,0.0001,1.42765,-0.4265724728578883959611665113
XRP-USD,2026-08-30T18:43:42.932679Z,1.4276,1.4277,0.0001,1.42765,-0.4265724728578883959611665113
XRP-USD,2026-08-30T18:43:43.024835Z,1.4276,1.4277,0.0001,1.42765,-0.4264797726419274915145536895
XRP-USD,2026-08-30T18:43:43.037494Z,1.4276,1.4277,0.0001,1.42765,-0.4265724728578883959611665113
XRP-USD,2026-08-30T18:43:43.114155Z,1.4275,1.4277,0.0002,1.4276,-0.4259213843112287607954423512
XRP-USD,2026-08-30T18:43:43.179313Z,1.4275,1.4277,0.0002,1.4276,-0.3539449171024329494507128077
XRP-USD,2026-08-30T18:43:43.279509Z,1.4276,1.4277,0.0001,1.42765,-0.3044969182130501171873532704
XRP-USD,2026-08-30T18:43:43.303867Z,1.4276,1.4277,0.0001,1.42765,-0.2069126752124080320810707777
XRP-USD,2026-08-30T18:43:43.33498Z,1.4276,1.4277,0.0001,1.42765,-0.2213716976504619565953982030
XRP-USD,2026-08-30T18:43:43.42653Z,1.4276,1.4277,0.0001,1.42765,-0.3741091083828765612975521038
XRP-USD,2026-08-30T18:43:43.455944Z,1.4276,1.4277,0.0001,1.42765,-0.3741091083828765612975521038
XRP-USD,2026-08-30T18:43:43.513359Z,1.4276,1.4277,0.0001,1.42765,-0.4712263993716232478400299735
XRP-USD,2026-08-30T18:43:43.593729Z,1.4276,1.4277,0.0001,1.42765,-0.4712263993716232478400299735
XRP-USD,2026-08-30T18:43:43.744933Z,1.4275,1.4277,0.0002,1.4276,-0.3310767062816905350537605549
XRP-USD,2026-08-30T18:43:43.772282Z,1.4275,1.4277,0.0002,1.4276,-0.2441234669220058460459116931
XRP-USD,2026-08-30T18:43:43.810859Z,1.4276,1.4277,0.0001,1.42765,-0.3853296862208759038614798642
XRP-USD,2026-08-30T18:43:44.023966Z,1.4276,1.4277,0.0001,1.42765,-0.2592874119821528614088991428
XRP-USD,2026-08-30T18:43:44.05979Z,1.4276,1.4277,0.0001,1.42765,-0.2103721138612549686673722467
XRP-USD,2026-08-30T18:43:44.094288Z,1.4276,1.4277,0.0001,1.42765,-0.1035844652060850361281885720
XRP-USD,2026-08-30T18:43:44.1282Z,1.4276,1.4277,0.0001,1.42765,-0.4455878417241619751775248916
XRP-USD,2026-08-30T18:43:44.246566Z,1.4275,1.4277,0.0002,1.4276,-0.3109479380419961250558631988
XRP-USD,2026-08-30T18:43:44.302296Z,1.4275,1.4277,0.0002,1.4276,-0.2339214867622784981476836952
XRP-USD,2026-08-30T18:43:44.410761Z,1.4275,1.4277,0.0002,1.4276,-0.2339214867622784981476836952
XRP-USD,2026-08-30T18:43:44.475044Z,1.4275,1.4277,0.0002,1.4276,-0.2339214867622784981476836952
XRP-USD,2026-08-30T18:43:44.512754Z,1.4275,1.4277,0.0002,1.4276,-0.2339214867622784981476836952
XRP-USD,2026-08-30T18:43:44.568139Z,1.4275,1.4277,0.0002,1.4276,-0.3089933724763148830695776910
XRP-USD,2026-08-30T18:43:44.599669Z,1.4275,1.4277,0.0002,1.4276,-0.2431053907121030162998871768
XRP-USD,2026-08-30T18:43:44.775304Z,1.4275,1.4277,0.0002,1.4276,-0.3699985215138786319060704755
XRP-USD,2026-08-30T18:43:44.812545Z,1.4275,1.4277,0.0002,1.4276,-0.2778954925946497962071864652
XRP-USD,2026-08-30T18:43:44.853336Z,1.4276,1.4277,0.0001,1.42765,-0.2748480798513605782624244959
XRP-USD,2026-08-30T18:43:44.919216Z,1.4276,1.4277,0.0001,1.42765,-0.3891628369010641245390107239
XRP-USD,2026-08-30T18:43:44.950266Z,1.4276,1.4277,0.0001,1.42765,-0.4920990194347753224734431794
XRP-USD,2026-08-30T18:43:45.021182Z,1.4276,1.4277,0.0001,1.42765,-0.4920132499069829048486306924
XRP-USD,2026-08-30T18:43:45.056963Z,1.4276,1.4277,0.0001,1.42765,-0.4785432166002351815863585897
XRP-USD,2026-08-30T18:43:45.111375Z,1.4276,1.4277,0.0001,1.42765,-0.4785432166002351815863585897
XRP-USD,2026-08-30T18:43:45.156775Z,1.4276,1.4277,0.0001,1.42765,-0.4786304657012784677393690939
XRP-USD,2026-08-30T18:43:45.186683Z,1.4276,1.4277,0.0001,1.42765,-0.4786304657012784677393690939
XRP-USD,2026-08-30T18:43:45.265825Z,1.4276,1.4277,0.0001,1.42765,-0.4189758133088260262982090528
XRP-USD,2026-08-30T18:43:45.326387Z,1.4276,1.4277,0.0001,1.42765,-0.4786304657012784677393690939
XRP-USD,2026-08-30T18:43:45.472948Z,1.4276,1.4277,0.0001,1.42765,-0.3886229074584263313636463448
XRP-USD,2026-08-30T18:43:45.571982Z,1.4276,1.4277,0.0001,1.42765,-0.3886229074584263313636463448
XRP-USD,2026-08-30T18:43:45.582338Z,1.4276,1.4277,0.0001,1.42765,-0.3970216971688792288291893637
XRP-USD,2026-08-30T18:43:45.644647Z,1.4276,1.4277,0.0001,1.42765,-0.3970216971688792288291893637
XRP-USD,2026-08-30T18:43:45.866201Z,1.4275,1.4277,0.0002,1.4276,-0.4104273176795186426440733041
XRP-USD,2026-08-30T18:43:45.921582Z,1.4275,1.4277,0.0002,1.4276,-0.5147150832644910631032855136
XRP-USD,2026-08-30T18:43:45.967027Z,1.4275,1.4277,0.0002,1.4276,-0.3622516357033497873856650942
XRP-USD,2026-08-30T18:43:46.025787Z,1.4275,1.4277,0.0002,1.4276,-0.3621536766587970199912515458
XRP-USD,2026-08-30T18:43:46.031954Z,1.4275,1.4277,0.0002,1.4276,-0.3621536766587970199912515458
XRP-USD,2026-08-30T18:43:46.122844Z,1.4275,1.4277,0.0002,1.4276,-0.3621536766587970199912515458
XRP-USD,2026-08-30T18:43:46.21222Z,1.4275,1.4277,0.0002,1.4276,-0.2462051618628951344765523660
XRP-USD,2026-08-30T18:43:46.34047Z,1.4275,1.4277,0.0002,1.4276,-0.2554674914764510934379836525
XRP-USD,2026-08-30T18:43:46.414312Z,1.4275,1.4277,0.0002,1.4276,-0.3688941873720992024520681388
XRP-USD,2026-08-30T18:43:46.469561Z,1.4276,1.4277,0.0001,1.42765,-0.4426590411492750138406166122
XRP-USD,2026-08-30T18:43:46.517818Z,1.4276,1.4277,0.0001,1.42765,-0.2294894082713860971987646375
XRP-USD,2026-08-30T18:43:46.577201Z,1.4276,1.4277,0.0001,1.42765,-0.2884513034034446758811378139
XRP-USD,2026-08-30T18:43:46.590314Z,1.4276,1.4277,0.0001,1.42765,-0.2884513034034446758811378139
XRP-USD,2026-08-30T18:43:46.625891Z,1.4276,1.4277,0.0001,1.42765,-0.4104613279928256379824093326
XRP-USD,2026-08-30T18:43:46.685301Z,1.4276,1.4277,0.0001,1.42765,-0.4104613279928256379824093326
XRP-USD,2026-08-30T18:43:46.739264Z,1.4276,1.4277,0.0001,1.42765,-0.4104613279928256379824093326
XRP-USD,2026-08-30T18:43:47.029308Z,1.4276,1.4277,0.0001,1.42765,-0.4103442455838166770166288028
XRP-USD,2026-08-30T18:43:47.17781Z,1.4276,1.4277,0.0001,1.42765,-0.4743978998128864610021260903
XRP-USD,2026-08-30T18:43:47.260891Z,1.4276,1.4277,0.0001,1.42765,-0.4744909287627780880773120850
XRP-USD,2026-08-30T18:43:47.420133Z,1.4276,1.4277,0.0001,1.42765,-0.4625060941184415222636238933
XRP-USD,2026-08-30T18:43:47.469919Z,1.4276,1.4277,0.0001,1.42765,-0.4625060941184415222636238933
XRP-USD,2026-08-30T18:43:47.529967Z,1.4275,1.4277,0.0002,1.4276,-0.4800568268603391781759520815
XRP-USD,2026-08-30T18:43:47.576177Z,1.4275,1.4277,0.0002,1.4276,-0.2203573670962406409650647544
XRP-USD,2026-08-30T18:43:47.61887Z,1.4275,1.4277,0.0002,1.4276,-0.1408219704319413962715012472
XRP-USD,2026-08-30T18:43:47.645549Z,1.4275,1.4277,0.0002,1.4276,-0.1408219704319413962715012472
XRP-USD,2026-08-30T18:43:47.729557Z,1.4275,1.4277,0.0002,1.4276,-0.2760134101071887107974183600
XRP-USD,2026-08-30T18:43:47.738054Z,1.4275,1.4277,0.0002,1.4276,-0.2760134101071887107974183600
XRP-USD,2026-08-30T18:43:47.790061Z,1.4275,1.4277,0.0002,1.4276,-0.2760134101071887107974183600
XRP-USD,2026-08-30T18:43:47.832366Z,1.4275,1.4277,0.0002,1.4276,-0.1539698630227262809468596721
XRP-USD,2026-08-30T18:43:47.898492Z,1.4275,1.4276,0.0001,1.42755,-0.1247820286450171843530609503
XRP-USD,2026-08-30T18:43:48.022884Z,1.4275,1.4276,0.0001,1.42755,-0.1145071212821809180788567873
XRP-USD,2026-08-30T18:43:48.160221Z,1.4275,1.4276,0.0001,1.42755,-0.1145071212821809180788567873
XRP-USD,2026-08-30T18:43:48.280184Z,1.4275,1.4276,0.0001,1.42755,0.08168455260905353106847821762
XRP-USD,2026-08-30T18:43:48.327046Z,1.4272,1.4274,0.0002,1.4273,0.06732850419476569830724338791
XRP-USD,2026-08-30T18:43:48.373362Z,1.4272,1.4274,0.0002,1.4273,-0.4858556824155660561802665543
XRP-USD,2026-08-30T18:43:48.405471Z,1.4272,1.4274,0.0002,1.4273,-0.3757560957038433264943470085
XRP-USD,2026-08-30T18:43:48.466218Z,1.4272,1.4274,0.0002,1.4273,-0.3079215227530734241545158713
XRP-USD,2026-08-30T18:43:48.521396Z,1.4272,1.4274,0.0002,1.4273,-0.2334598625220519169802229019
XRP-USD,2026-08-30T18:43:48.567375Z,1.4272,1.4274,0.0002,1.4273,-0.2355089333983278088453190636
XRP-USD,2026-08-30T18:43:48.620561Z,1.4272,1.4274,0.0002,1.4273,-0.2355089333983278088453190636
XRP-USD,2026-08-30T18:43:48.67169Z,1.4272,1.4273,0.0001,1.42725,-0.2412858772181149648202778866
XRP-USD,2026-08-30T18:43:48.728013Z,1.4272,1.4273,0.0001,1.42725,-0.3579726610664558767117128994
XRP-USD,2026-08-30T18:43:48.772968Z,1.4272,1.4273,0.0001,1.42725,-0.4379673533945104824372967341
XRP-USD,2026-08-30T18:43:48.828289Z,1.4272,1.4273,0.0001,1.42725,-0.5147146590704206737336944347
XRP-USD,2026-08-30T18:43:48.876619Z,1.4272,1.4273,0.0001,1.42725,-0.4546294663698716589486681092
XRP-USD,2026-08-30T18:43:48.92029Z,1.4272,1.4273,0.0001,1.42725,-0.5140605213148031894833535734
XRP-USD,2026-08-30T18:43:49.017191Z,1.4272,1.4273,0.0001,1.42725,-0.5140605213148031894833535734
XRP-USD,2026-08-30T18:43:49.363318Z,1.4272,1.4273,0.0001,1.42725,-0.5527792184055183849442997093
XRP-USD,2026-08-30T18:43:49.408304Z,1.4272,1.4273,0.0001,1.42725,-0.5527792184055183849442997093
XRP-USD,2026-08-30T18:43:49.480526Z,1.4272,1.4273,0.0001,1.42725,-0.5341731227783319805248842111
XRP-USD,2026-08-30T18:43:49.621412Z,1.4272,1.4273,0.0001,1.42725,-0.5341731227783319805248842111
XRP-USD,2026-08-30T18:43:49.649215Z,1.4272,1.4273,0.0001,1.42725,-0.5488374247853812875903171301
XRP-USD,2026-08-30T18:43:49.66454Z,1.4272,1.4273,0.0001,1.42725,-0.5283924845622771291729213024
XRP-USD,2026-08-30T18:43:49.726323Z,1.4272,1.4273,0.0001,1.42725,-0.5283924845622771291729213024
XRP-USD,2026-08-30T18:43:49.812396Z,1.4272,1.4273,0.0001,1.42725,-0.1890853207466537103413455789
XRP-USD,2026-08-30T18:43:49.874592Z,1.4272,1.4273,0.0001,1.42725,-0.2196996466723386894009366502
XRP-USD,2026-08-30T18:43:49.885221Z,1.4272,1.4273,0.0001,1.42725,-0.2196996466723386894009366502
XRP-USD,2026-08-30T18:43:49.955211Z,1.4272,1.4273,0.0001,1.42725,-0.2196996466723386894009366502
XRP-USD,2026-08-30T18:43:50.007373Z,1.4272,1.4273,0.0001,1.42725,-0.2196996466723386894009366502
XRP-USD,2026-08-30T18:43:50.032668Z,1.4272,1.4273,0.0001,1.42725,-0.2329738159333149148260314965
XRP-USD,2026-08-30T18:43:50.084949Z,1.4272,1.4273,0.0001,1.42725,-0.2329738159333149148260314965
XRP-USD,2026-08-30T18:43:50.1606Z,1.4272,1.4273,0.0001,1.42725,-0.2329738159333149148260314965
XRP-USD,2026-08-30T18:43:50.201221Z,1.4272,1.4273,0.0001,1.42725,-0.2329738159333149148260314965
XRP-USD,2026-08-30T18:43:50.364625Z,1.4272,1.4273,0.0001,1.42725,-0.2459906925722097398071625672
XRP-USD,2026-08-30T18:43:50.415353Z,1.4272,1.4273,0.0001,1.42725,-0.2566224921257521927717805147
XRP-USD,2026-08-30T18:43:50.762617Z,1.4272,1.4273,0.0001,1.42725,-0.2566224921257521927717805147
XRP-USD,2026-08-30T18:43:50.810106Z,1.4272,1.4273,0.0001,1.42725,-0.2709175927712824474668993939
XRP-USD,2026-08-30T18:43:50.87024Z,1.4272,1.4273,0.0001,1.42725,-0.4797489635490084651788180539
XRP-USD,2026-08-30T18:43:50.907222Z,1.4272,1.4273,0.0001,1.42725,-0.7583116586514627918796650628
XRP-USD,2026-08-30T18:43:50.947023Z,1.4272,1.4273,0.0001,1.42725,-0.5666293337858275985193896472
XRP-USD,2026-08-30T18:43:50.996078Z,1.4272,1.4273,0.0001,1.42725,-0.5666293337858275985193896472
XRP-USD,2026-08-30T18:43:51.055502Z,1.4272,1.4273,0.0001,1.42725,-0.5803470519518341043405998378
XRP-USD,2026-08-30T18:43:51.156037Z,1.4271,1.4272,0.0001,1.42715,-0.5754924304146773477059802085
XRP-USD,2026-08-30T18:43:51.220205Z,1.4271,1.4272,0.0001,1.42715,-0.6598252396533163736107396743
XRP-USD,2026-08-30T18:43:51.269523Z,1.427,1.4271,0.0001,1.42705,-0.5829173087746032954995272795
XRP-USD,2026-08-30T18:43:51.321659Z,1.427,1.4271,0.0001,1.42705,-0.5061924417271298584036974348
XRP-USD,2026-08-30T18:43:51.357606Z,1.427,1.4271,0.0001,1.42705,-0.4990926296390974513360089077
XRP-USD,2026-08-30T18:43:51.425885Z,1.427,1.4271,0.0001,1.42705,-0.6301990650871109011578895450
XRP-USD,2026-08-30T18:43:51.465042Z,1.427,1.4271,0.0001,1.42705,-0.6329567418954903494302734030
XRP-USD,2026-08-30T18:43:51.520191Z,1.427,1.4271,0.0001,1.42705,-0.6163823638189190001768490502
XRP-USD,2026-08-30T18:43:51.552602Z,1.427,1.4271,0.0001,1.42705,-0.6163823638189190001768490502
XRP-USD,2026-08-30T18:43:51.652309Z,1.427,1.4271,0.0001,1.42705,-0.5984472731764021177662117884
XRP-USD,2026-08-30T18:43:51.725793Z,1.427,1.4271,0.0001,1.42705,-0.5898414128268466012304766773
XRP-USD,2026-08-30T18:43:51.748432Z,1.427,1.4271,0.0001,1.42705,-0.5898414128268466012304766773
XRP-USD,2026-08-30T18:43:51.827769Z,1.427,1.4271,0.0001,1.42705,-0.5898414128268466012304766773
XRP-USD,2026-08-30T18:43:51.837651Z,1.427,1.4271,0.0001,1.42705,-0.5898414128268466012304766773
XRP-USD,2026-08-30T18:43:51.916629Z,1.427,1.4271,0.0001,1.42705,-0.5898414128268466012304766773
XRP-USD,2026-08-30T18:43:52.004796Z,1.427,1.4271,0.0001,1.42705,-0.5584302480572737912607487817
XRP-USD,2026-08-30T18:43:52.075703Z,1.427,1.4271,0.0001,1.42705,-0.5583397274060215620887211833
XRP-USD,2026-08-30T18:43:52.097252Z,1.427,1.4271,0.0001,1.42705,-0.5583397274060215620887211833
XRP-USD,2026-08-30T18:43:52.15558Z,1.427,1.4271,0.0001,1.42705,-0.6141505310104173041246996899
XRP-USD,2026-08-30T18:43:52.255748Z,1.427,1.4271,0.0001,1.42705,-0.7239459672708813827613402195
XRP-USD,2026-08-30T18:43:52.284447Z,1.427,1.4271,0.0001,1.42705,-0.7239459672708813827613402195
XRP-USD,2026-08-30T18:43:52.423102Z,1.427,1.4271,0.0001,1.42705,-0.6701168768417988539042293267
XRP-USD,2026-08-30T18:43:52.457203Z,1.427,1.4271,0.0001,1.42705,-0.6680431839706655211487675949
XRP-USD,2026-08-30T18:43:52.511133Z,1.427,1.4271,0.0001,1.42705,-0.5933068471737591134331080814
XRP-USD,2026-08-30T18:43:52.537449Z,1.427,1.4271,0.0001,1.42705,-0.6681176415780005031026602945
XRP-USD,2026-08-30T18:43:52.624755Z,1.427,1.4271,0.0001,1.42705,-0.6681176415780005031026602945
XRP-USD,2026-08-30T18:43:52.71736Z,1.427,1.4271,0.0001,1.42705,-0.6824359064262644903156021737
XRP-USD,2026-08-30T18:43:52.743547Z,1.427,1.4271,0.0001,1.42705,-0.6824359064262644903156021737
XRP-USD,2026-08-30T18:43:52.819716Z,1.427,1.4271,0.0001,1.42705,-0.9154508075859458662235922270
XRP-USD,2026-08-30T18:43:52.864997Z,1.427,1.4271,0.0001,1.42705,-0.6673137240431351502564534428
XRP-USD,2026-08-30T18:43:52.920153Z,1.427,1.4271,0.0001,1.42705,-0.7066080794159876692654995767
XRP-USD,2026-08-30T18:43:52.966737Z,1.427,1.4271,0.0001,1.42705,-0.7876496224929524549795798341
XRP-USD,2026-08-30T18:43:53.017779Z,1.427,1.4271,0.0001,1.42705,-0.7745519024310468582031259219
XRP-USD,2026-08-30T18:43:53.043377Z,1.427,1.4271,0.0001,1.42705,-0.7745083319467989249794862396
XRP-USD,2026-08-30T18:43:53.119634Z,1.427,1.4271,0.0001,1.42705,-0.7745083319467989249794862396
XRP-USD,2026-08-30T18:43:53.152743Z,1.4265,1.4269,0.0004,1.4267,-0.3302387379446554621473162747
XRP-USD,2026-08-30T18:43:53.206702Z,1.4262,1.4264,0.0002,1.4263,0.3277902162909360842416458721
XRP-USD,2026-08-30T18:43:53.264426Z,1.4262,1.4264,0.0002,1.4263,-0.1572407010146489558457038948
XRP-USD,2026-08-30T18:43:53.314907Z,1.4262,1.4264,0.0002,1.4263,-0.5783662061583078141563652219
XRP-USD,2026-08-30T18:43:53.361074Z,1.4262,1.4263,0.0001,1.42625,-0.5425025098767399008693073794
XRP-USD,2026-08-30T18:43:53.41845Z,1.4262,1.4263,0.0001,1.42625,-0.2804365771385015566541123672
XRP-USD,2026-08-30T18:43:53.458528Z,1.4262,1.4263,0.0001,1.42625,0.07835007866401840385491368212
XRP-USD,2026-08-30T18:43:53.509622Z,1.4262,1.4263,0.0001,1.42625,-0.3633243044643202839850164588
XRP-USD,2026-08-30T18:43:53.569551Z,1.426,1.4262,0.0002,1.4261,0.2346240096856649537203597016
XRP-USD,2026-08-30T18:43:53.602921Z,1.426,1.4262,0.0002,1.4261,-0.09832793888050255676248579321
XRP-USD,2026-08-30T18:43:53.62348Z,1.426,1.4261,0.0001,1.42605,-0.01208156128214154435172075094
XRP-USD,2026-08-30T18:43:53.662244Z,1.426,1.4261,0.0001,1.42605,-0.001187671998269767558210390761
XRP-USD,2026-08-30T18:43:53.817812Z,1.4258,1.4259,0.0001,1.42585,0.5358466500967441928654696718
XRP-USD,2026-08-30T18:43:53.859057Z,1.4258,1.4259,0.0001,1.42585,0.4555712129355805001778926366
XRP-USD,2026-08-30T18:43:53.913343Z,1.4258,1.4259,0.0001,1.42585,0.07588648675770667430777006646
XRP-USD,2026-08-30T18:43:53.979193Z,1.4258,1.4259,0.0001,1.42585,-0.2914061078327743593220118537
XRP-USD,2026-08-30T18:43:54.373944Z,1.4256,1.4257,0.0001,1.42565,-0.2346266834454352206888290337
XRP-USD,2026-08-30T18:43:54.443785Z,1.4256,1.4257,0.0001,1.42565,-0.2402271954735868758370108284
XRP-USD,2026-08-30T18:43:54.490753Z,1.4256,1.4257,0.0001,1.42565,-0.1641716920960476308062989511
XRP-USD,2026-08-30T18:43:54.966202Z,1.4261,1.4263,0.0002,1.4262,0.5561169292812876486248234420
XRP-USD,2026-08-30T18:43:55.015437Z,1.4259,1.4261,0.0002,1.4260,-0.1902968595761599414000734555
XRP-USD,2026-08-30T18:43:55.063651Z,1.4259,1.426,0.0001,1.42595,0.05215974077864499736743142987
XRP-USD,2026-08-30T18:43:55.116643Z,1.4259,1.4261,0.0002,1.4260,-0.1150199120558862409720741931
XRP-USD,2026-08-30T18:43:55.167916Z,1.4259,1.4261,0.0002,1.4260,-0.03620564459522116388327108130
XRP-USD,2026-08-30T18:43:55.216504Z,1.426,1.4262,0.0002,1.4261,-0.5260719075324554219609852263
XRP-USD,2026-08-30T18:43:55.264839Z,1.426,1.4261,0.0001,1.42605,-0.06067400152035348461828525304
XRP-USD,2026-08-30T18:43:55.321541Z,1.426,1.4261,0.0001,1.42605,-0.2974549988127367567051997003
XRP-USD,2026-08-30T18:43:55.360901Z,1.426,1.4261,0.0001,1.42605,-0.2974549988127367567051997003
XRP-USD,2026-08-30T18:43:55.419624Z,1.426,1.4262,0.0002,1.4261,-0.4630350636660876645885710034
XRP-USD,2026-08-30T18:43:55.47077Z,1.4261,1.4262,0.0001,1.42615,-0.3590191619594156503237159425
XRP-USD,2026-08-30T18:43:55.499363Z,1.4261,1.4262,0.0001,1.42615,-0.3447015394134034162401359393
XRP-USD,2026-08-30T18:43:55.565211Z,1.4261,1.4262,0.0001,1.42615,-0.3392568845670894319055030958
XRP-USD,2026-08-30T18:43:55.631891Z,1.4261,1.4262,0.0001,1.42615,-0.2113642776210820122784695016
XRP-USD,2026-08-30T18:43:55.664764Z,1.4261,1.4262,0.0001,1.42615,-0.1502716031968440711637176326
XRP-USD,2026-08-30T18:43:55.715329Z,1.4261,1.4262,0.0001,1.42615,-0.3212457806009380553788635687
XRP-USD,2026-08-30T18:43:55.750639Z,1.4261,1.4262,0.0001,1.42615,-0.2508804425878836097269748635
XRP-USD,2026-08-30T18:43:55.776723Z,1.4261,1.4262,0.0001,1.42615,-0.3419635658766124392527562534
XRP-USD,2026-08-30T18:43:55.890455Z,1.4261,1.4262,0.0001,1.42615,-0.3419635658766124392527562534
XRP-USD,2026-08-30T18:43:55.961108Z,1.4261,1.4262,0.0001,1.42615,-0.3386472071722623803739192247
XRP-USD,2026-08-30T18:43:55.993103Z,1.4261,1.4262,0.0001,1.42615,-0.3327787523986478572794827920
XRP-USD,2026-08-30T18:43:56.028366Z,1.4261,1.4262,0.0001,1.42615,-0.3327787523986478572794827920
XRP-USD,2026-08-30T18:43:56.108022Z,1.4261,1.4262,0.0001,1.42615,-0.4082063344798140565334080312
XRP-USD,2026-08-30T18:43:56.115051Z,1.4261,1.4262,0.0001,1.42615,-0.5029093680730051846124241612
XRP-USD,2026-08-30T18:43:56.216202Z,1.4261,1.4262,0.0001,1.42615,-0.5029093679690024346364246167
XRP-USD,2026-08-30T18:43:56.25459Z,1.4261,1.4262,0.0001,1.42615,-0.2631474659175826458508802473
XRP-USD,2026-08-30T18:43:56.365937Z,1.4261,1.4263,0.0002,1.4262,-0.2005006203586782736501232024
XRP-USD,2026-08-30T18:43:56.411756Z,1.4263,1.4264,0.0001,1.42635,-0.4684742465727474635326411962
XRP-USD,2026-08-30T18:43:56.430007Z,1.4263,1.4264,0.0001,1.42635,-0.1850354900989232565517830067
XRP-USD,2026-08-30T18:43:56.486285Z,1.4263,1.4264,0.0001,1.42635,-0.2211629401875533832816670029
XRP-USD,2026-08-30T18:43:56.49535Z,1.4263,1.4264,0.0001,1.42635,-0.2244598115420410335372105875
XRP-USD,2026-08-30T18:43:56.506061Z,1.4263,1.4264,0.0001,1.42635,-0.2755499978485240734165756367
XRP-USD,2026-08-30T18:43:56.651401Z,1.4261,1.4263,0.0002,1.4262,-0.1454571671576605379727341759
XRP-USD,2026-08-30T18:43:56.758892Z,1.4261,1.4263,0.0002,1.4262,-0.09454880642723511136339074845
XRP-USD,2026-08-30T18:43:56.765959Z,1.4261,1.4263,0.0002,1.4262,-0.2506368819541580879882098365
XRP-USD,2026-08-30T18:43:56.868671Z,1.4261,1.4263,0.0002,1.4262,-0.08167218733327942303818981636
XRP-USD,2026-08-30T18:43:56.925503Z,1.4261,1.4262,0.0001,1.42615,-0.2273879071785004244591724961
XRP-USD,2026-08-30T18:43:56.970694Z,1.4261,1.4262,0.0001,1.42615,-0.2306286820846682482231930592
XRP-USD,2026-08-30T18:43:57.016613Z,1.4261,1.4262,0.0001,1.42615,-0.1796728570715195949833900376
XRP-USD,2026-08-30T18:43:57.073656Z,1.4261,1.4262,0.0001,1.42615,-0.1839367084923361536642261982
XRP-USD,2026-08-30T18:43:57.140446Z,1.4261,1.4262,0.0001,1.42615,-0.2067204209041114648823003642
XRP-USD,2026-08-30T18:43:57.170696Z,1.4261,1.4262,0.0001,1.42615,-0.2067204209041114648823003642
XRP-USD,2026-08-30T18:43:57.269322Z,1.4261,1.4262,0.0001,1.42615,-0.2067204209041114648823003642
XRP-USD,2026-08-30T18:43:57.301553Z,1.4261,1.4262,0.0001,1.42615,-0.2067204209041114648823003642
XRP-USD,2026-08-30T18:43:57.365885Z,1.4261,1.4262,0.0001,1.42615,-0.2067204209041114648823003642
XRP-USD,2026-08-30T18:43:57.38709Z,1.4261,1.4262,0.0001,1.42615,-0.2067204209041114648823003642
XRP-USD,2026-08-30T18:43:57.448853Z,1.4261,1.4262,0.0001,1.42615,-0.2161389420064723341677324640
XRP-USD,2026-08-30T18:43:57.507675Z,1.4261,1.4262,0.0001,1.42615,-0.2067204209041114648823003642
XRP-USD,2026-08-30T18:43:57.576769Z,1.4261,1.4262,0.0001,1.42615,-0.2067204209041114648823003642
XRP-USD,2026-08-30T18:43:57.652631Z,1.4261,1.4262,0.0001,1.42615,-0.2067204209041114648823003642
XRP-USD,2026-08-30T18:43:57.822863Z,1.4261,1.4262,0.0001,1.42615,-0.02847476297334410597225084633
XRP-USD,2026-08-30T18:43:57.868146Z,1.4261,1.4262,0.0001,1.42615,-0.08868011497697790627051528804
XRP-USD,2026-08-30T18:43:57.967564Z,1.4261,1.4262,0.0001,1.42615,-0.07265543535531431505832891234
XRP-USD,2026-08-30T18:43:57.997153Z,1.4261,1.4262,0.0001,1.42615,-0.05340554891473906303425143694
XRP-USD,2026-08-30T18:43:58.028841Z,1.4261,1.4262,0.0001,1.42615,-0.05340554891473906303425143694
XRP-USD,2026-08-30T18:43:58.1217Z,1.4261,1.4262,0.0001,1.42615,-0.08294203587231540101621513523
XRP-USD,2026-08-30T18:43:58.17798Z,1.4261,1.4262,0.0001,1.42615,-0.07017824709303519202549764703
XRP-USD,2026-08-30T18:43:58.319575Z,1.4261,1.4262,0.0001,1.42615,-0.09715579880648114877515105495
XRP-USD,2026-08-30T18:43:58.378404Z,1.4261,1.4262,0.0001,1.42615,-0.09715579880648114877515105495
XRP-USD,2026-08-30T18:43:58.411542Z,1.4261,1.4262,0.0001,1.42615,-0.1174523659449511137078454311
XRP-USD,2026-08-30T18:43:58.460198Z,1.4261,1.4262,0.0001,1.42615,-0.4038085571415127797514216113
XRP-USD,2026-08-30T18:43:58.497172Z,1.4261,1.4262,0.0001,1.42615,-0.2944902035014169862600010582
XRP-USD,2026-08-30T18:43:58.549147Z,1.4261,1.4262,0.0001,1.42615,-0.2944902035014169862600010582
XRP-USD,2026-08-30T18:43:58.618521Z,1.4261,1.4262,0.0001,1.42615,-0.3841048183303847582180527237
XRP-USD,2026-08-30T18:43:58.660361Z,1.4261,1.4262,0.0001,1.42615,-0.4273784980599386075978315663
XRP-USD,2026-08-30T18:43:58.69545Z,1.4261,1.4262,0.0001,1.42615,-0.3845539584330983557061305509
XRP-USD,2026-08-30T18:43:58.737808Z,1.4261,1.4262,0.0001,1.42615,-0.3373522931413300746242468516
XRP-USD,2026-08-30T18:43:58.815072Z,1.4261,1.4262,0.0001,1.42615,-0.2662943755947349135464788781
XRP-USD,2026-08-30T18:43:58.852216Z,1.4261,1.4262,0.0001,1.42615,-0.2955382229058420950492364633
XRP-USD,2026-08-30T18:43:58.883298Z,1.4261,1.4262,0.0001,1.42615,-0.3050574523423490266994415882
XRP-USD,2026-08-30T18:43:58.947825Z,1.4261,1.4262,0.0001,1.42615,-0.3050574523423490266994415882
XRP-USD,2026-08-30T18:43:59.027366Z,1.4261,1.4262,0.0001,1.42615,-0.4151669771108884449928413378
XRP-USD,2026-08-30T18:43:59.075405Z,1.4261,1.4262,0.0001,1.42615,-0.4151669771108884449928413378
XRP-USD,2026-08-30T18:43:59.095024Z,1.4261,1.4262,0.0001,1.42615,-0.3025292726147079416513107270
XRP-USD,2026-08-30T18:43:59.173076Z,1.4261,1.4262,0.0001,1.42615,-0.3025292726147079416513107270
XRP-USD,2026-08-30T18:43:59.271574Z,1.4261,1.4262,0.0001,1.42615,-0.2380667295323931689992815059
XRP-USD,2026-08-30T18:43:59.288661Z,1.4261,1.4262,0.0001,1.42615,-0.3712623565783562114933022265
XRP-USD,2026-08-30T18:43:59.352858Z,1.4261,1.4262,0.0001,1.42615,-0.3712623565783562114933022265
XRP-USD,2026-08-30T18:43:59.425822Z,1.4261,1.4262,0.0001,1.42615,-0.1215362812642528740642450683
XRP-USD,2026-08-30T18:43:59.461303Z,1.4261,1.4262,0.0001,1.42615,-0.1362895235728897887633437930
XRP-USD,2026-08-30T18:43:59.490412Z,1.4261,1.4262,0.0001,1.42615,-0.1362895235728897887633437930
XRP-USD,2026-08-30T18:43:59.578779Z,1.4261,1.4262,0.0001,1.42615,-0.1362895235728897887633437930
XRP-USD,2026-08-30T18:43:59.590064Z,1.4261,1.4262,0.0001,1.42615,-0.1362895235728897887633437930
XRP-USD,2026-08-30T18:43:59.647829Z,1.4261,1.4262,0.0001,1.42615,-0.1362895233069561547966636593
XRP-USD,2026-08-30T18:43:59.733941Z,1.4261,1.4262,0.0001,1.42615,-0.1505554077524555899623900169
XRP-USD,2026-08-30T18:43:59.889157Z,1.4261,1.4262,0.0001,1.42615,-0.1505554077524555899623900169
