currency,order_book_timestamp,best_bid,best_ask,spread,mid_price,obi
XRP-USD,2026-08-28T20:32:39.421993Z,1.3794,1.3796,0.0002,1.3795,0.3912266662075649657150683044
XRP-USD,2026-08-28T20:32:39.56874Z,1.3794,1.3796,0.0002,1.3795,0.3814485465363746736149437070
XRP-USD,2026-08-28T20:32:39.594954Z,1.3794,1.3796,0.0002,1.3795,0.3814485465363746736149437070
XRP-USD,2026-08-28T20:32:39.758987Z,1.3794,1.3796,0.0002,1.3795,0.3814485465363746736149437070
XRP-USD,2026-08-28T20:32:40.032223Z,1.3794,1.3796,0.0002,1.3795,0.3814485465363746736149437070
XRP-USD,2026-08-28T20:32:40.095848Z,1.3794,1.3796,0.0002,1.3795,0.3814485465363746736149437070
XRP-USD,2026-08-28T20:32:40.151513Z,1.3794,1.3796,0.0002,1.3795,0.3814485465363746736149437070
XRP-USD,2026-08-28T20:32:40.226807Z,1.3794,1.3796,0.0002,1.3795,0.2760509027989081784496272896
XRP-USD,2026-08-28T20:32:40.271663Z,1.3794,1.3796,0.0002,1.3795,0.2760509027989081784496272896
XRP-USD,2026-08-28T20:32:40.37966Z,1.3794,1.3796,0.0002,1.3795,0.2760509027989081784496272896
XRP-USD,2026-08-28T20:32:40.408005Z,1.3794,1.3796,0.0002,1.3795,0.2760509027989081784496272896
XRP-USD,2026-08-28T20:32:40.455722Z,1.3794,1.3796,0.0002,1.3795,0.3814485465363746736149437070
XRP-USD,2026-08-28T20:32:40.520924Z,1.3794,1.3795,0.0001,1.37945,0.4711516160072338991552186804
XRP-USD,2026-08-28T20:32:40.530293Z,1.3794,1.3795,0.0001,1.37945,0.4822459296774334561361570526
XRP-USD,2026-08-28T20:32:40.673818Z,1.3794,1.3796,0.0002,1.3795,0.3814485465363746736149437070
XRP-USD,2026-08-28T20:32:41.025353Z,1.3794,1.3796,0.0002,1.3795,0.3814485465363746736149437070
XRP-USD,2026-08-28T20:32:41.03235Z,1.3794,1.3796,0.0002,1.3795,0.3814485465363746736149437070
XRP-USD,2026-08-28T20:32:41.150083Z,1.3794,1.3796,0.0002,1.3795,0.3814485465363746736149437070
XRP-USD,2026-08-28T20:32:41.404456Z,1.3794,1.3796,0.0002,1.3795,0.3911513538527929318609310205
XRP-USD,2026-08-28T20:32:41.449157Z,1.3794,1.3796,0.0002,1.3795,0.3955594776695214531359689846
XRP-USD,2026-08-28T20:32:41.533855Z,1.3794,1.3796,0.0002,1.3795,0.3955594776695214531359689846
XRP-USD,2026-08-28T20:32:41.59566Z,1.3794,1.3796,0.0002,1.3795,0.3955594776695214531359689846
XRP-USD,2026-08-28T20:32:41.695198Z,1.3794,1.3796,0.0002,1.3795,0.3955594776695214531359689846
XRP-USD,2026-08-28T20:32:41.739606Z,1.3794,1.3796,0.0002,1.3795,0.3955594776695214531359689846
XRP-USD,2026-08-28T20:32:41.793355Z,1.3794,1.3796,0.0002,1.3795,0.3955594776695214531359689846
XRP-USD,2026-08-28T20:32:41.909736Z,1.3794,1.3796,0.0002,1.3795,0.4141347544740803900283844553
XRP-USD,2026-08-28T20:32:41.973597Z,1.3794,1.3796,0.0002,1.3795,0.4099321483423831964815668705
XRP-USD,2026-08-28T20:32:42.023876Z,1.3794,1.3796,0.0002,1.3795,0.4099321483423831964815668705
XRP-USD,2026-08-28T20:32:42.027809Z,1.3794,1.3796,0.0002,1.3795,0.4099321483423831964815668705
XRP-USD,2026-08-28T20:32:42.127175Z,1.3794,1.3796,0.0002,1.3795,0.4243614689121284661732631422
XRP-USD,2026-08-28T20:32:42.228874Z,1.3794,1.3796,0.0002,1.3795,0.4347693954617446274181600316
XRP-USD,2026-08-28T20:32:42.276166Z,1.3794,1.3796,0.0002,1.3795,0.4347693954617446274181600316
XRP-USD,2026-08-28T20:32:42.315495Z,1.3795,1.3797,0.0002,1.3796,0.1347965942662851700305858076
XRP-USD,2026-08-28T20:32:42.352965Z,1.3795,1.3798,0.0003,1.37965,-0.1424991698309286178277352668
XRP-USD,2026-08-28T20:32:42.386732Z,1.3795,1.3797,0.0002,1.3796,0.06198558507022999900889289519
XRP-USD,2026-08-28T20:32:42.46808Z,1.3795,1.3797,0.0002,1.3796,0.06631056301582914695720749246
XRP-USD,2026-08-28T20:32:42.504975Z,1.3794,1.3796,0.0002,1.3795,0.4441257477568995352010286400
XRP-USD,2026-08-28T20:32:42.527682Z,1.3794,1.3796,0.0002,1.3795,0.4441257477568995352010286400
XRP-USD,2026-08-28T20:32:42.609403Z,1.3794,1.3796,0.0002,1.3795,0.4441257477568995352010286400
XRP-USD,2026-08-28T20:32:42.774511Z,1.3794,1.3796,0.0002,1.3795,0.4343581869911940814303523864
XRP-USD,2026-08-28T20:32:43.01956Z,1.3794,1.3796,0.0002,1.3795,0.4343581869911940814303523864
XRP-USD,2026-08-28T20:32:43.028513Z,1.3794,1.3796,0.0002,1.3795,0.4343581869911940814303523864
XRP-USD,2026-08-28T20:32:43.288876Z,1.3794,1.3796,0.0002,1.3795,0.4478714176917032898193865827
XRP-USD,2026-08-28T20:32:43.361689Z,1.3794,1.3796,0.0002,1.3795,0.3276254082219983070149173612
XRP-USD,2026-08-28T20:32:43.413124Z,1.3794,1.3796,0.0002,1.3795,0.4267021751105697662291329580
XRP-USD,2026-08-28T20:32:43.434419Z,1.3794,1.3795,0.0001,1.37945,0.4399148759695116857331561264
XRP-USD,2026-08-28T20:32:43.482239Z,1.3794,1.3795,0.0001,1.37945,0.4399148759695116857331561264
XRP-USD,2026-08-28T20:32:43.616042Z,1.3794,1.3795,0.0001,1.37945,0.4071667592049209740441827638
XRP-USD,2026-08-28T20:32:43.675953Z,1.3794,1.3796,0.0002,1.3795,0.3703313151067023534881853705
XRP-USD,2026-08-28T20:32:43.705849Z,1.3794,1.3796,0.0002,1.3795,0.3703313151067023534881853705
XRP-USD,2026-08-28T20:32:43.947236Z,1.3794,1.3796,0.0002,1.3795,0.3713110482524140672039558494
XRP-USD,2026-08-28T20:32:43.955233Z,1.3794,1.3796,0.0002,1.3795,0.3713110482524140672039558494
XRP-USD,2026-08-28T20:32:44.028245Z,1.3794,1.3796,0.0002,1.3795,0.3713110482524140672039558494
XRP-USD,2026-08-28T20:32:44.074906Z,1.3794,1.3796,0.0002,1.3795,0.4156070367607884706588183638
XRP-USD,2026-08-28T20:32:44.092394Z,1.3794,1.3796,0.0002,1.3795,0.4156070367607884706588183638
XRP-USD,2026-08-28T20:32:44.254273Z,1.3794,1.3796,0.0002,1.3795,0.4399864829724577211449894218
XRP-USD,2026-08-28T20:32:44.317867Z,1.3794,1.3796,0.0002,1.3795,0.3764549464391701481217536834
XRP-USD,2026-08-28T20:32:44.345858Z,1.3794,1.3796,0.0002,1.3795,0.3772638458962645805126173450
XRP-USD,2026-08-28T20:32:44.426281Z,1.3793,1.3796,0.0003,1.37945,0.4072308086136128606306070085
XRP-USD,2026-08-28T20:32:44.470486Z,1.3793,1.3796,0.0003,1.37945,0.4058996470177956907891501223
XRP-USD,2026-08-28T20:32:44.519318Z,1.3793,1.3796,0.0003,1.37945,0.3801375897254015783018723272
XRP-USD,2026-08-28T20:32:44.572105Z,1.3793,1.3796,0.0003,1.37945,0.4125110640558564995533354924
XRP-USD,2026-08-28T20:32:44.627557Z,1.3793,1.3796,0.0003,1.37945,0.4040746835992118492787534258
XRP-USD,2026-08-28T20:32:44.65544Z,1.3793,1.3796,0.0003,1.37945,0.4125110640558564995533354924
XRP-USD,2026-08-28T20:32:44.80177Z,1.3793,1.3796,0.0003,1.37945,0.4125110640558564995533354924
XRP-USD,2026-08-28T20:32:44.867234Z,1.3793,1.3796,0.0003,1.37945,0.3138288523168803748021643337
XRP-USD,2026-08-28T20:32:44.908707Z,1.3793,1.3796,0.0003,1.37945,0.3947191437765852592728447322
XRP-USD,2026-08-28T20:32:44.952555Z,1.3793,1.3795,0.0002,1.3794,0.1910390220118573121297242531
XRP-USD,2026-08-28T20:32:45.013879Z,1.3792,1.3794,0.0002,1.3793,-0.07024799104661511123990640075
XRP-USD,2026-08-28T20:32:45.06451Z,1.3792,1.3794,0.0002,1.3793,-0.2342467225981013180218457577
XRP-USD,2026-08-28T20:32:45.111991Z,1.379,1.3792,0.0002,1.3791,0.1687293733232045676754466765
XRP-USD,2026-08-28T20:32:45.16459Z,1.379,1.3792,0.0002,1.3791,0.2158711904604433129188763854
XRP-USD,2026-08-28T20:32:45.221277Z,1.379,1.3791,0.0001,1.37905,0.006933407921297341266203621158
XRP-USD,2026-08-28T20:32:45.266547Z,1.3789,1.3791,0.0002,1.3790,0.2305747121465352011427245609
XRP-USD,2026-08-28T20:32:45.323486Z,1.3788,1.379,0.0002,1.3789,0.4926384268590147388327554771
XRP-USD,2026-08-28T20:32:45.378944Z,1.3788,1.379,0.0002,1.3789,0.4458215890858408600376375396
XRP-USD,2026-08-28T20:32:45.414399Z,1.3788,1.379,0.0002,1.3789,0.4458215890858408600376375396
XRP-USD,2026-08-28T20:32:45.465243Z,1.3788,1.379,0.0002,1.3789,0.4634371250271514879403831237
XRP-USD,2026-08-28T20:32:45.485642Z,1.3788,1.379,0.0002,1.3789,0.4634371250271514879403831237
XRP-USD,2026-08-28T20:32:45.572106Z,1.3789,1.379,0.0001,1.37895,0.3147823344463350163779769926
XRP-USD,2026-08-28T20:32:45.591858Z,1.3789,1.3791,0.0002,1.3790,0.3109523687624380950390691595
XRP-USD,2026-08-28T20:32:45.656063Z,1.3788,1.3791,0.0003,1.37895,0.4532511428612865525626213810
XRP-USD,2026-08-28T20:32:45.723903Z,1.3788,1.3791,0.0003,1.37895,0.4570381326920205419360890818
XRP-USD,2026-08-28T20:32:45.779381Z,1.3788,1.3791,0.0003,1.37895,0.4570381326920205419360890818
XRP-USD,2026-08-28T20:32:45.84768Z,1.3789,1.3791,0.0002,1.3790,0.3018311359980953572528249798
XRP-USD,2026-08-28T20:32:45.985229Z,1.3789,1.3791,0.0002,1.3790,0.3217963601955578591886393659
XRP-USD,2026-08-28T20:32:46.053911Z,1.3789,1.3791,0.0002,1.3790,0.3400316211124111960114939198
XRP-USD,2026-08-28T20:32:46.111208Z,1.379,1.3792,0.0002,1.3791,0.2845991424789241118224995541
XRP-USD,2026-08-28T20:32:46.183841Z,1.3791,1.3794,0.0003,1.37925,-0.2972947744939871417352592332
XRP-USD,2026-08-28T20:32:46.226479Z,1.3791,1.3793,0.0002,1.3792,0.06660867741519773864635728059
XRP-USD,2026-08-28T20:32:46.269847Z,1.3791,1.3794,0.0003,1.37925,-0.009038553479727657305038096750
XRP-USD,2026-08-28T20:32:46.318258Z,1.3792,1.3794,0.0002,1.3793,0.1425276562747681834124791447
XRP-USD,2026-08-28T20:32:46.356523Z,1.3792,1.3794,0.0002,1.3793,0.1391831693866569558545684317
XRP-USD,2026-08-28T20:32:46.420017Z,1.3792,1.3794,0.0002,1.3793,0.1114580116856680913015338543
XRP-USD,2026-08-28T20:32:46.437317Z,1.3792,1.3794,0.0002,1.3793,0.03538980199878623743019731063
XRP-USD,2026-08-28T20:32:46.462367Z,1.3793,1.3794,0.0001,1.37935,-0.1727046347551870955326181880
XRP-USD,2026-08-28T20:32:46.57287Z,1.3793,1.3794,0.0001,1.37935,-0.1727046347551870955326181880
XRP-USD,2026-08-28T20:32:46.616129Z,1.3793,1.3794,0.0001,1.37935,-0.2429019388150746153516973624
XRP-USD,2026-08-28T20:32:46.62616Z,1.3793,1.3794,0.0001,1.37935,-0.001227599020369181426963350015
XRP-USD,2026-08-28T20:32:46.686906Z,1.3793,1.3794,0.0001,1.37935,-0.01501820751594818193401916485
XRP-USD,2026-08-28T20:32:46.741855Z,1.3793,1.3794,0.0001,1.37935,-0.01501820751594818193401916485
XRP-USD,2026-08-28T20:32:46.814156Z,1.3793,1.3794,0.0001,1.37935,-0.01501820751594818193401916485
XRP-USD,2026-08-28T20:32:46.830787Z,1.3793,1.3794,0.0001,1.37935,-0.01501820751594818193401916485
XRP-USD,2026-08-28T20:32:46.91946Z,1.3793,1.3794,0.0001,1.37935,-0.01501820751594818193401916485
XRP-USD,2026-08-28T20:32:47.028995Z,1.3793,1.3794,0.0001,1.37935,-0.005951851639158661829611051435
XRP-USD,2026-08-28T20:32:47.177056Z,1.3793,1.3794,0.0001,1.37935,0.003007219569883515942869391349
XRP-USD,2026-08-28T20:32:47.218486Z,1.3793,1.3795,0.0002,1.3794,0.02573818892542472242577767206
XRP-USD,2026-08-28T20:32:47.2755Z,1.3794,1.3796,0.0002,1.3795,-0.01059027737835769925399050645
XRP-USD,2026-08-28T20:32:47.321638Z,1.3794,1.3796,0.0002,1.3795,-0.1002710606612696784121295596
XRP-USD,2026-08-28T20:32:47.365828Z,1.3794,1.3796,0.0002,1.3795,-0.3338181930028171010864361078
XRP-USD,2026-08-28T20:32:47.420705Z,1.3795,1.3796,0.0001,1.37955,-0.5951409698172394612840907926
XRP-USD,2026-08-28T20:32:47.456665Z,1.3795,1.3796,0.0001,1.37955,-0.4706111691966778671402439795
XRP-USD,2026-08-28T20:32:47.51089Z,1.3795,1.3796,0.0001,1.37955,-0.4706111691966778671402439795
XRP-USD,2026-08-28T20:32:47.560715Z,1.3794,1.3796,0.0002,1.3795,0.1685710684517256677166727465
XRP-USD,2026-08-28T20:32:47.617925Z,1.3795,1.3797,0.0002,1.3796,-0.06273300782170007370695251776
XRP-USD,2026-08-28T20:32:47.66725Z,1.3795,1.3797,0.0002,1.3796,-0.1401665747902246989264439148
XRP-USD,2026-08-28T20:32:47.716565Z,1.3795,1.3797,0.0002,1.3796,-0.1345133194082990347847979970
XRP-USD,2026-08-28T20:32:47.774638Z,1.3795,1.3797,0.0002,1.3796,-0.1362623573790645032773228928
XRP-USD,2026-08-28T20:32:47.817346Z,1.3796,1.3797,0.0001,1.37965,-0.2358714589546177354384428500
XRP-USD,2026-08-28T20:32:47.917648Z,1.3796,1.3797,0.0001,1.37965,-0.2358714589546177354384428500
XRP-USD,2026-08-28T20:32:47.973521Z,1.3796,1.3797,0.0001,1.37965,-0.2358714589546177354384428500
XRP-USD,2026-08-28T20:32:47.987228Z,1.3796,1.3797,0.0001,1.37965,-0.2358714589546177354384428500
XRP-USD,2026-08-28T20:32:48.069865Z,1.3796,1.3797,0.0001,1.37965,-0.2358714589546177354384428500
XRP-USD,2026-08-28T20:32:48.097307Z,1.3796,1.3797,0.0001,1.37965,-0.2369556579772576940414643290
XRP-USD,2026-08-28T20:32:48.154108Z,1.3796,1.3797,0.0001,1.37965,-0.2369556579772576940414643290
XRP-USD,2026-08-28T20:32:48.213586Z,1.3796,1.3797,0.0001,1.37965,-0.2369556579772576940414643290
XRP-USD,2026-08-28T20:32:48.247756Z,1.3796,1.3797,0.0001,1.37965,-0.2562071406196057500675954996
XRP-USD,2026-08-28T20:32:48.359933Z,1.3796,1.3797,0.0001,1.37965,-0.2609364704692036089880524569
XRP-USD,2026-08-28T20:32:48.378651Z,1.3796,1.3797,0.0001,1.37965,-0.2609364704692036089880524569
XRP-USD,2026-08-28T20:32:48.467249Z,1.3796,1.3797,0.0001,1.37965,-0.2681363471840138044319018185
XRP-USD,2026-08-28T20:32:48.511327Z,1.3796,1.3797,0.0001,1.37965,-0.2681363471840138044319018185
XRP-USD,2026-08-28T20:32:48.626452Z,1.3796,1.3797,0.0001,1.37965,-0.3036108576432749552814709538
XRP-USD,2026-08-28T20:32:48.669046Z,1.3796,1.3797,0.0001,1.37965,-0.3036108576432749552814709538
XRP-USD,2026-08-28T20:32:48.952005Z,1.3796,1.3797,0.0001,1.37965,-0.2914739870473907851067908438
XRP-USD,2026-08-28T20:32:49.002785Z,1.3796,1.3797,0.0001,1.37965,-0.2914739870473907851067908438
XRP-USD,2026-08-28T20:32:49.039669Z,1.3796,1.3797,0.0001,1.37965,-0.2914077686309092730276663849
XRP-USD,2026-08-28T20:32:49.119385Z,1.3796,1.3797,0.0001,1.37965,-0.2914077686309092730276663849
XRP-USD,2026-08-28T20:32:49.165334Z,1.3796,1.3798,0.0002,1.3797,-0.1287470337601236944798466768
XRP-USD,2026-08-28T20:32:49.216628Z,1.3796,1.3798,0.0002,1.3797,-0.006616323004022177584468007402
XRP-USD,2026-08-28T20:32:49.268392Z,1.3797,1.3798,0.0001,1.37975,-0.1007969838888820368974544819
XRP-USD,2026-08-28T20:32:49.303323Z,1.3797,1.3798,0.0001,1.37975,-0.1028018937151754063580200663
XRP-USD,2026-08-28T20:32:49.424408Z,1.3797,1.3798,0.0001,1.37975,0.02638306477607138665320466930
XRP-USD,2026-08-28T20:32:49.519028Z,1.3797,1.3798,0.0001,1.37975,-0.3416414535070515806819184617
XRP-USD,2026-08-28T20:32:49.568173Z,1.3797,1.3798,0.0001,1.37975,-0.1345824262197416532285016375
XRP-USD,2026-08-28T20:32:49.617094Z,1.3797,1.3798,0.0001,1.37975,-0.1275714581660976444013367204
XRP-USD,2026-08-28T20:32:49.732568Z,1.3797,1.3798,0.0001,1.37975,-0.1276557491184599565915278897
XRP-USD,2026-08-28T20:32:49.780611Z,1.3797,1.3798,0.0001,1.37975,-0.1276557491184599565915278897
XRP-USD,2026-08-28T20:32:49.784508Z,1.3797,1.3798,0.0001,1.37975,-0.1276557491184599565915278897
XRP-USD,2026-08-28T20:32:49.837709Z,1.3797,1.3798,0.0001,1.37975,-0.1276557491184599565915278897
XRP-USD,2026-08-28T20:32:49.885132Z,1.3797,1.3798,0.0001,1.37975,-0.1276557491184599565915278897
XRP-USD,2026-08-28T20:32:50.020937Z,1.3797,1.3798,0.0001,1.37975,-0.1276557491184599565915278897
XRP-USD,2026-08-28T20:32:50.065736Z,1.3797,1.3798,0.0001,1.37975,-0.1276557491184599565915278897
XRP-USD,2026-08-28T20:32:50.111945Z,1.3797,1.3798,0.0001,1.37975,-0.1105294776410409103019134154
XRP-USD,2026-08-28T20:32:50.174722Z,1.3797,1.3798,0.0001,1.37975,-0.1425321865161221331597045302
XRP-USD,2026-08-28T20:32:50.215874Z,1.3797,1.3798,0.0001,1.37975,-0.1425321865161221331597045302
XRP-USD,2026-08-28T20:32:50.267997Z,1.3798,1.38,0.0002,1.3799,-0.4128934872217271063549877195
XRP-USD,2026-08-28T20:32:50.325262Z,1.3798,1.38,0.0002,1.3799,-0.4197781194873244708139151901
XRP-USD,2026-08-28T20:32:50.371654Z,1.3798,1.38,0.0002,1.3799,-0.4205273138132706857040534347
XRP-USD,2026-08-28T20:32:50.392139Z,1.3798,1.38,0.0002,1.3799,-0.4239869127428991619732482986
XRP-USD,2026-08-28T20:32:50.538945Z,1.3799,1.38,0.0001,1.37995,-0.2299156200141726554539310473
XRP-USD,2026-08-28T20:32:50.736345Z,1.38,1.3802,0.0002,1.3801,-0.1615148253636941068728021456
XRP-USD,2026-08-28T20:32:51.050869Z,1.38,1.3802,0.0002,1.3801,-0.08147521521911973072749920895
XRP-USD,2026-08-28T20:32:51.356003Z,1.3798,1.3801,0.0003,1.37995,0.02665617488550582181025629008
XRP-USD,2026-08-28T20:32:51.63934Z,1.38,1.3802,0.0002,1.3801,-0.2521777449957273430452211557
XRP-USD,2026-08-28T20:32:51.755841Z,1.38,1.3802,0.0002,1.3801,-0.2784233406709367072400707817
XRP-USD,2026-08-28T20:32:51.798575Z,1.38,1.3802,0.0002,1.3801,-0.2784233406709367072400707817
XRP-USD,2026-08-28T20:32:51.917561Z,1.38,1.3802,0.0002,1.3801,-0.2784233406709367072400707817
XRP-USD,2026-08-28T20:32:51.974887Z,1.38,1.3802,0.0002,1.3801,-0.2784845748089923645739683505
XRP-USD,2026-08-28T20:32:52.020047Z,1.38,1.3802,0.0002,1.3801,-0.2784845748089923645739683505
XRP-USD,2026-08-28T20:32:52.040846Z,1.38,1.3802,0.0002,1.3801,-0.2633803097469724410998205743
XRP-USD,2026-08-28T20:32:52.154647Z,1.38,1.3802,0.0002,1.3801,-0.2461107477526300729676313142
XRP-USD,2026-08-28T20:32:52.262959Z,1.38,1.3802,0.0002,1.3801,-0.2344789195587999054945878159
XRP-USD,2026-08-28T20:32:52.317722Z,1.38,1.3802,0.0002,1.3801,-0.1306990421881184406894073193
XRP-USD,2026-08-28T20:32:52.324525Z,1.38,1.3802,0.0002,1.3801,-0.1483579789363349910569209537
XRP-USD,2026-08-28T20:32:52.365499Z,1.3798,1.3801,0.0003,1.37995,-0.004087521366795343997014198624
XRP-USD,2026-08-28T20:32:52.421239Z,1.3799,1.3801,0.0002,1.3800,-0.1715114650952615719777849676
XRP-USD,2026-08-28T20:32:52.5012Z,1.3799,1.3802,0.0003,1.38005,-0.1732373050228925129372109157
XRP-USD,2026-08-28T20:32:52.555484Z,1.38,1.3802,0.0002,1.3801,-0.3185307184854300669151787179
XRP-USD,2026-08-28T20:32:52.623999Z,1.38,1.3802,0.0002,1.3801,-0.3185307184854300669151787179
XRP-USD,2026-08-28T20:32:52.636904Z,1.38,1.3802,0.0002,1.3801,-0.3185307184854300669151787179
XRP-USD,2026-08-28T20:32:52.717473Z,1.38,1.3802,0.0002,1.3801,-0.3185307184854300669151787179
XRP-USD,2026-08-28T20:32:52.788524Z,1.38,1.3802,0.0002,1.3801,-0.3185307184854300669151787179
XRP-USD,2026-08-28T20:32:52.865323Z,1.38,1.3802,0.0002,1.3801,-0.2320192466369080993309004795
XRP-USD,2026-08-28T20:32:52.955719Z,1.38,1.3802,0.0002,1.3801,-0.2320192466369080993309004795
XRP-USD,2026-08-28T20:32:52.994988Z,1.38,1.3802,0.0002,1.3801,-0.2202321271792419766378353240
XRP-USD,2026-08-28T20:32:53.035102Z,1.38,1.3802,0.0002,1.3801,-0.2364638976088817274171017179
XRP-USD,2026-08-28T20:32:53.134259Z,1.38,1.3802,0.0002,1.3801,-0.2381879193292562020701965788
XRP-USD,2026-08-28T20:32:53.154597Z,1.38,1.3802,0.0002,1.3801,-0.2320192466369080993309004795
XRP-USD,2026-08-28T20:32:53.227552Z,1.38,1.3802,0.0002,1.3801,-0.2320192466369080993309004795
XRP-USD,2026-08-28T20:32:53.243613Z,1.38,1.3802,0.0002,1.3801,-0.2320192466369080993309004795
XRP-USD,2026-08-28T20:32:53.320706Z,1.38,1.3802,0.0002,1.3801,-0.09069768006663435970763906011
XRP-USD,2026-08-28T20:32:53.361382Z,1.38,1.3802,0.0002,1.3801,-0.05934586488537398264160705834
XRP-USD,2026-08-28T20:32:53.396009Z,1.38,1.3802,0.0002,1.3801,-0.05934586488537398264160705834
XRP-USD,2026-08-28T20:32:53.471267Z,1.38,1.3802,0.0002,1.3801,-0.05934586488537398264160705834
XRP-USD,2026-08-28T20:32:53.509735Z,1.38,1.3802,0.0002,1.3801,0.00004541210549368402676014185371
XRP-USD,2026-08-28T20:32:53.572911Z,1.38,1.3802,0.0002,1.3801,0.003868801062979815755429301328
XRP-USD,2026-08-28T20:32:53.627641Z,1.3801,1.3802,0.0001,1.38015,-0.1322283209896606114408032076
XRP-USD,2026-08-28T20:32:53.654773Z,1.3801,1.3802,0.0001,1.38015,-0.1322283209896606114408032076
XRP-USD,2026-08-28T20:32:53.724089Z,1.3801,1.3802,0.0001,1.38015,-0.1359986208500331197263465321
XRP-USD,2026-08-28T20:32:53.8582Z,1.3801,1.3802,0.0001,1.38015,-0.1322283209896606114408032076
XRP-USD,2026-08-28T20:32:54.003187Z,1.3801,1.3802,0.0001,1.38015,-0.1322283209896606114408032076
XRP-USD,2026-08-28T20:32:54.052793Z,1.3801,1.3802,0.0001,1.38015,-0.1247794404415599172686727601
XRP-USD,2026-08-28T20:32:54.105803Z,1.3801,1.3802,0.0001,1.38015,-0.1247794404415599172686727601
XRP-USD,2026-08-28T20:32:54.172385Z,1.3801,1.3803,0.0002,1.3802,-0.2196168738782360939145977534
XRP-USD,2026-08-28T20:32:54.218612Z,1.38,1.3801,0.0001,1.38005,0.2072191178634282286355473144
XRP-USD,2026-08-28T20:32:54.278681Z,1.38,1.3801,0.0001,1.38005,0.009295109661166701606322519142
XRP-USD,2026-08-28T20:32:54.321464Z,1.38,1.3801,0.0001,1.38005,-0.1687525029747849143606285002
XRP-USD,2026-08-28T20:32:54.375464Z,1.3799,1.3801,0.0002,1.3800,0.1643909571968023196621971597
XRP-USD,2026-08-28T20:32:54.422419Z,1.3799,1.3801,0.0002,1.3800,0.1574672750525517587899686814
XRP-USD,2026-08-28T20:32:54.46945Z,1.3799,1.3801,0.0002,1.3800,0.1643909571968023196621971597
XRP-USD,2026-08-28T20:32:54.521876Z,1.3799,1.3801,0.0002,1.3800,0.1643909571968023196621971597
XRP-USD,2026-08-28T20:32:54.565023Z,1.3799,1.3801,0.0002,1.3800,0.1643909571968023196621971597
XRP-USD,2026-08-28T20:32:54.605524Z,1.38,1.3801,0.0001,1.38005,0.01673150310264913974597692542
XRP-USD,2026-08-28T20:32:54.648983Z,1.38,1.3801,0.0001,1.38005,0.01673150310264913974597692542
XRP-USD,2026-08-28T20:32:54.957735Z,1.38,1.3801,0.0001,1.38005,0.01673150310264913974597692542
XRP-USD,2026-08-28T20:32:55.027491Z,1.38,1.3801,0.0001,1.38005,0.01673150310264913974597692542
XRP-USD,2026-08-28T20:32:55.053573Z,1.38,1.3801,0.0001,1.38005,-0.2807627779057541788092798686
XRP-USD,2026-08-28T20:32:55.076533Z,1.38,1.3801,0.0001,1.38005,-0.2807627779057541788092798686
XRP-USD,2026-08-28T20:32:55.209793Z,1.38,1.3801,0.0001,1.38005,-0.3107189178320624476816138613
XRP-USD,2026-08-28T20:32:55.270875Z,1.3797,1.3801,0.0004,1.3799,0.07754985879111674292201712184
XRP-USD,2026-08-28T20:32:55.288989Z,1.3799,1.38,0.0001,1.37995,-0.3600219718646807904027355398
XRP-USD,2026-08-28T20:32:55.299364Z,1.3799,1.38,0.0001,1.37995,-0.3400588988976428053832395650
XRP-USD,2026-08-28T20:32:55.369751Z,1.3799,1.38,0.0001,1.37995,-0.3750786228207769080131118903
XRP-USD,2026-08-28T20:32:55.447Z,1.3799,1.38,0.0001,1.37995,-0.3648485816260368604523952268
XRP-USD,2026-08-28T20:32:55.553905Z,1.3799,1.38,0.0001,1.37995,-0.3242483023354163355179389533
XRP-USD,2026-08-28T20:32:55.581253Z,1.3799,1.38,0.0001,1.37995,-0.3242483023354163355179389533
XRP-USD,2026-08-28T20:32:55.671283Z,1.3798,1.38,0.0002,1.3799,0.01788975717591232674383871527
XRP-USD,2026-08-28T20:32:55.707878Z,1.3798,1.38,0.0002,1.3799,0.01788975717591232674383871527
XRP-USD,2026-08-28T20:32:55.760941Z,1.3798,1.38,0.0002,1.3799,0.05332343089266175359616396243
XRP-USD,2026-08-28T20:32:55.821473Z,1.3798,1.38,0.0002,1.3799,0.01416937942526772797963031091
XRP-USD,2026-08-28T20:32:55.977779Z,1.3799,1.38,0.0001,1.37995,-0.2915967055199921733931671009
XRP-USD,2026-08-28T20:32:56.03584Z,1.3799,1.38,0.0001,1.37995,-0.2914549761171237409604433874
XRP-USD,2026-08-28T20:32:56.253696Z,1.3799,1.3801,0.0002,1.3800,-0.09837529537963727218893389751
XRP-USD,2026-08-28T20:32:56.318975Z,1.3799,1.3801,0.0002,1.3800,-0.08693531355284431729194084513
XRP-USD,2026-08-28T20:32:56.342313Z,1.3799,1.3801,0.0002,1.3800,-0.06958942008063426587872861644
XRP-USD,2026-08-28T20:32:56.367233Z,1.3799,1.3801,0.0002,1.3800,-0.06958942008063426587872861644
XRP-USD,2026-08-28T20:32:56.462433Z,1.3799,1.3801,0.0002,1.3800,-0.06958942008063426587872861644
XRP-USD,2026-08-28T20:32:56.521565Z,1.3799,1.3801,0.0002,1.3800,-0.02772504693593700682288281103
XRP-USD,2026-08-28T20:32:56.57196Z,1.3799,1.3801,0.0002,1.3800,-0.06599223367453826649055086938
XRP-USD,2026-08-28T20:32:56.617334Z,1.3799,1.3801,0.0002,1.3800,-0.03031688508045090713736312111
XRP-USD,2026-08-28T20:32:56.670595Z,1.3799,1.3801,0.0002,1.3800,-0.07751160019100480619900412664
XRP-USD,2026-08-28T20:32:56.682992Z,1.3799,1.3801,0.0002,1.3800,-0.03862300065729335761096592819
XRP-USD,2026-08-28T20:32:56.780894Z,1.3799,1.3801,0.0002,1.3800,-0.07751160019100480619900412664
XRP-USD,2026-08-28T20:32:56.879714Z,1.3799,1.3801,0.0002,1.3800,-0.03862300065729335761096592819
XRP-USD,2026-08-28T20:32:56.92599Z,1.3799,1.3801,0.0002,1.3800,-0.07751160019100480619900412664
XRP-USD,2026-08-28T20:32:56.969509Z,1.3799,1.3801,0.0002,1.3800,-0.06908510875142071124013354053
XRP-USD,2026-08-28T20:32:57.025296Z,1.38,1.3801,0.0001,1.38005,-0.2296679607963617382472781623
XRP-USD,2026-08-28T20:32:57.065423Z,1.3799,1.3801,0.0002,1.3800,-0.1318140877314190991716589759
XRP-USD,2026-08-28T20:32:57.106329Z,1.3799,1.3801,0.0002,1.3800,-0.1318140877314190991716589759
XRP-USD,2026-08-28T20:32:57.166202Z,1.3801,1.3803,0.0002,1.3802,-0.2037748010822533126078758879
XRP-USD,2026-08-28T20:32:57.214144Z,1.3801,1.3803,0.0002,1.3802,-0.3494695012561197352751065699
XRP-USD,2026-08-28T20:32:57.274201Z,1.3801,1.3803,0.0002,1.3802,-0.3494695012561197352751065699
XRP-USD,2026-08-28T20:32:57.317989Z,1.3801,1.3803,0.0002,1.3802,-0.5059335858374669614108525840
XRP-USD,2026-08-28T20:32:57.370878Z,1.3801,1.3803,0.0002,1.3802,-0.5101530264561276181250447252
XRP-USD,2026-08-28T20:32:57.386455Z,1.3801,1.3803,0.0002,1.3802,-0.5101530264561276181250447252
XRP-USD,2026-08-28T20:32:57.457985Z,1.3801,1.3803,0.0002,1.3802,-0.5021618799745811233165302680
XRP-USD,2026-08-28T20:32:57.52936Z,1.3801,1.3803,0.0002,1.3802,-0.4005318494337734832827589981
XRP-USD,2026-08-28T20:32:57.564941Z,1.3801,1.3803,0.0002,1.3802,-0.4005318494337734832827589981
XRP-USD,2026-08-28T20:32:57.637882Z,1.3801,1.3803,0.0002,1.3802,-0.2593405638045990734898330766
XRP-USD,2026-08-28T20:32:57.671133Z,1.3801,1.3803,0.0002,1.3802,-0.3920507255805670906272223673
XRP-USD,2026-08-28T20:32:57.687403Z,1.3801,1.3803,0.0002,1.3802,-0.3920507255805670906272223673
XRP-USD,2026-08-28T20:32:57.702892Z,1.3801,1.3803,0.0002,1.3802,-0.3920507255805670906272223673
XRP-USD,2026-08-28T20:32:57.759924Z,1.3801,1.3803,0.0002,1.3802,-0.4311509462690997749727228423
XRP-USD,2026-08-28T20:32:57.840541Z,1.3801,1.3803,0.0002,1.3802,-0.4197390555167561060594996949
XRP-USD,2026-08-28T20:32:57.884872Z,1.3801,1.3803,0.0002,1.3802,-0.4287321876677737764611553673
XRP-USD,2026-08-28T20:32:58.005708Z,1.3801,1.3803,0.0002,1.3802,-0.4266000612916108014063694612
XRP-USD,2026-08-28T20:32:58.048535Z,1.3802,1.3803,0.0001,1.38025,-0.3810059287794262638132895592
XRP-USD,2026-08-28T20:32:58.068577Z,1.3802,1.3803,0.0001,1.38025,-0.3818502183191227223456015847
XRP-USD,2026-08-28T20:32:58.152654Z,1.3802,1.3803,0.0001,1.38025,-0.3961745277151822532116708561
XRP-USD,2026-08-28T20:32:58.243334Z,1.3802,1.3803,0.0001,1.38025,-0.3961745277151822532116708561
XRP-USD,2026-08-28T20:32:58.317119Z,1.3802,1.3803,0.0001,1.38025,-0.3961745277151822532116708561
XRP-USD,2026-08-28T20:32:58.331614Z,1.3802,1.3803,0.0001,1.38025,-0.3961745277151822532116708561
XRP-USD,2026-08-28T20:32:58.475019Z,1.3802,1.3803,0.0001,1.38025,-0.3962310054331072856280685217
XRP-USD,2026-08-28T20:32:58.549046Z,1.3802,1.3803,0.0001,1.38025,-0.3962310054331072856280685217
XRP-USD,2026-08-28T20:32:58.639082Z,1.3802,1.3803,0.0001,1.38025,-0.3908421650688833729958084694
XRP-USD,2026-08-28T20:32:58.675533Z,1.3802,1.3803,0.0001,1.38025,-0.3908421650688833729958084694
XRP-USD,2026-08-28T20:32:58.732428Z,1.3802,1.3803,0.0001,1.38025,-0.3908421650688833729958084694
XRP-USD,2026-08-28T20:32:58.771531Z,1.3802,1.3803,0.0001,1.38025,-0.3908421650688833729958084694
XRP-USD,2026-08-28T20:32:58.861273Z,1.3802,1.3803,0.0001,1.38025,-0.3860377332065244920416393740
XRP-USD,2026-08-28T20:32:58.920573Z,1.3802,1.3803,0.0001,1.38025,-0.3860377332065244920416393740
XRP-USD,2026-08-28T20:32:58.972849Z,1.3802,1.3803,0.0001,1.38025,-0.3860377332065244920416393740
XRP-USD,2026-08-28T20:32:59.002591Z,1.3802,1.3803,0.0001,1.38025,-0.3860377332065244920416393740
XRP-USD,2026-08-28T20:32:59.077916Z,1.3802,1.3803,0.0001,1.38025,-0.3859793323019648618278940584
XRP-USD,2026-08-28T20:32:59.119577Z,1.3802,1.3803,0.0001,1.38025,-0.3859793323019648618278940584
XRP-USD,2026-08-28T20:32:59.193852Z,1.3802,1.3803,0.0001,1.38025,-0.3859793323019648618278940584
XRP-USD,2026-08-28T20:32:59.242439Z,1.3802,1.3803,0.0001,1.38025,-0.3859793323019648618278940584
XRP-USD,2026-08-28T20:32:59.365578Z,1.3802,1.3803,0.0001,1.38025,-0.6638011810399756784064493291
XRP-USD,2026-08-28T20:32:59.408262Z,1.3802,1.3803,0.0001,1.38025,-0.3977189057060296222150827155
XRP-USD,2026-08-28T20:32:59.467972Z,1.3801,1.3802,0.0001,1.38015,-0.2203737623200112041401889371
XRP-USD,2026-08-28T20:32:59.491223Z,1.3801,1.3802,0.0001,1.38015,-0.2294429223820984772805847293
XRP-USD,2026-08-28T20:32:59.540444Z,1.3801,1.3802,0.0001,1.38015,-0.2294429223820984772805847293
XRP-USD,2026-08-28T20:32:59.623886Z,1.3801,1.3802,0.0001,1.38015,-0.2294429223820984772805847293
XRP-USD,2026-08-28T20:32:59.659977Z,1.3801,1.3802,0.0001,1.38015,-0.2285997662361449714181130471
XRP-USD,2026-08-28T20:32:59.719515Z,1.3801,1.3802,0.0001,1.38015,-0.2285997662361449714181130471
XRP-USD,2026-08-28T20:32:59.759042Z,1.3801,1.3802,0.0001,1.38015,-0.2285997662361449714181130471
XRP-USD,2026-08-28T20:32:59.825469Z,1.3801,1.3802,0.0001,1.38015,-0.05305718777514831129826404705
XRP-USD,2026-08-28T20:32:59.895222Z,1.3801,1.3802,0.0001,1.38015,-0.2285997662361449714181130471
XRP-USD,2026-08-28T20:32:59.975828Z,1.3801,1.3802,0.0001,1.38015,-0.2285997662361449714181130471
XRP-USD,2026-08-28T20:33:00.023175Z,1.3801,1.3802,0.0001,1.38015,-0.2285997662361449714181130471
XRP-USD,2026-08-28T20:33:00.036103Z,1.3801,1.3802,0.0001,1.38015,-0.2103471063797948434230799794
XRP-USD,2026-08-28T20:33:00.164767Z,1.3801,1.3802,0.0001,1.38015,-0.2103471063797948434230799794
XRP-USD,2026-08-28T20:33:00.179981Z,1.3801,1.3802,0.0001,1.38015,-0.2103471063797948434230799794
XRP-USD,2026-08-28T20:33:00.269665Z,1.3801,1.3802,0.0001,1.38015,-0.2103471063797948434230799794
XRP-USD,2026-08-28T20:33:00.312843Z,1.3801,1.3802,0.0001,1.38015,-0.2336739788825866058731299535
XRP-USD,2026-08-28T20:33:00.336078Z,1.3801,1.3802,0.0001,1.38015,-0.2336739788825866058731299535
XRP-USD,2026-08-28T20:33:00.423658Z,1.3801,1.3802,0.0001,1.38015,-0.2191634104527580623132342786
XRP-USD,2026-08-28T20:33:00.449641Z,1.3801,1.3802,0.0001,1.38015,-0.2103471063797948434230799794
XRP-USD,2026-08-28T20:33:00.508499Z,1.3801,1.3802,0.0001,1.38015,-0.2104534202172915096017114302
XRP-USD,2026-08-28T20:33:00.541654Z,1.3801,1.3802,0.0001,1.38015,-0.2104534202172915096017114302
XRP-USD,2026-08-28T20:33:00.614161Z,1.3801,1.3802,0.0001,1.38015,-0.2104534202172915096017114302
XRP-USD,2026-08-28T20:33:00.652686Z,1.3801,1.3803,0.0002,1.3802,-0.2036249865758284416021093845
XRP-USD,2026-08-28T20:33:00.678914Z,1.3801,1.3803,0.0002,1.3802,-0.2036249865758284416021093845
XRP-USD,2026-08-28T20:33:00.776594Z,1.3801,1.3803,0.0002,1.3802,-0.4376888028754057645754723175
XRP-USD,2026-08-28T20:33:00.812089Z,1.3801,1.3803,0.0002,1.3802,-0.4330281659803702937408780309
XRP-USD,2026-08-28T20:33:00.895164Z,1.3801,1.3803,0.0002,1.3802,-0.4330281659803702937408780309
XRP-USD,2026-08-28T20:33:00.950715Z,1.38,1.3802,0.0002,1.3801,0.007459684799704308366897764603
XRP-USD,2026-08-28T20:33:01.033327Z,1.38,1.3802,0.0002,1.3801,0.007570199932620765419347128582
XRP-USD,2026-08-28T20:33:01.083259Z,1.3801,1.3802,0.0001,1.38015,-0.1982095326010494960794522382
XRP-USD,2026-08-28T20:33:01.163601Z,1.3801,1.3802,0.0001,1.38015,-0.1982095326010494960794522382
XRP-USD,2026-08-28T20:33:01.177844Z,1.3801,1.3802,0.0001,1.38015,-0.2071805513162144501592493757
XRP-USD,2026-08-28T20:33:01.237361Z,1.3801,1.3802,0.0001,1.38015,-0.2071805513162144501592493757
XRP-USD,2026-08-28T20:33:01.286869Z,1.3801,1.3802,0.0001,1.38015,-0.2071805513162144501592493757
XRP-USD,2026-08-28T20:33:01.406771Z,1.3801,1.3802,0.0001,1.38015,-0.1931392003918944092928678521
XRP-USD,2026-08-28T20:33:01.573232Z,1.3801,1.3802,0.0001,1.38015,-0.1794904579838262643854217520
XRP-USD,2026-08-28T20:33:01.608858Z,1.3801,1.3802,0.0001,1.38015,-0.1891575986632955678837590976
XRP-USD,2026-08-28T20:33:01.676362Z,1.3801,1.3802,0.0001,1.38015,-0.1891575986632955678837590976
XRP-USD,2026-08-28T20:33:01.689409Z,1.3801,1.3802,0.0001,1.38015,-0.1891575986632955678837590976
XRP-USD,2026-08-28T20:33:01.781111Z,1.3801,1.3802,0.0001,1.38015,-0.1686804049462467759278357019
XRP-USD,2026-08-28T20:33:01.810754Z,1.3801,1.3802,0.0001,1.38015,-0.2028660469640247036349081372
XRP-USD,2026-08-28T20:33:01.849591Z,1.3801,1.3802,0.0001,1.38015,-0.2028660469640247036349081372
XRP-USD,2026-08-28T20:33:02.021288Z,1.3801,1.3802,0.0001,1.38015,-0.2028660469640247036349081372
XRP-USD,2026-08-28T20:33:02.053824Z,1.3801,1.3802,0.0001,1.38015,-0.1891575986632955678837590976
XRP-USD,2026-08-28T20:33:02.269271Z,1.3801,1.3802,0.0001,1.38015,-0.2025551793617583723888331297
XRP-USD,2026-08-28T20:33:02.299396Z,1.3801,1.3802,0.0001,1.38015,-0.2025551793617583723888331297
XRP-USD,2026-08-28T20:33:02.376338Z,1.3801,1.3802,0.0001,1.38015,-0.2196797503607313202027223687
XRP-USD,2026-08-28T20:33:02.408561Z,1.3801,1.3802,0.0001,1.38015,-0.1812857203894986067162019351
XRP-USD,2026-08-28T20:33:02.440466Z,1.3801,1.3802,0.0001,1.38015,-0.1812857203894986067162019351
XRP-USD,2026-08-28T20:33:02.521374Z,1.3801,1.3802,0.0001,1.38015,-0.1812857203894986067162019351
XRP-USD,2026-08-28T20:33:02.548267Z,1.3801,1.3802,0.0001,1.38015,-0.1812857203894986067162019351
XRP-USD,2026-08-28T20:33:02.633904Z,1.3801,1.3803,0.0002,1.3802,-0.3988913728210893519356597974
XRP-USD,2026-08-28T20:33:02.63877Z,1.3801,1.3803,0.0002,1.3802,-0.3988913728210893519356597974
XRP-USD,2026-08-28T20:33:02.728385Z,1.3801,1.3803,0.0002,1.3802,-0.3905766579972986509302002105
XRP-USD,2026-08-28T20:33:02.788671Z,1.3801,1.3803,0.0002,1.3802,-0.3905182766633461217669650245
XRP-USD,2026-08-28T20:33:02.823681Z,1.3801,1.3803,0.0002,1.3802,-0.3905182766633461217669650245
XRP-USD,2026-08-28T20:33:02.883476Z,1.3801,1.3803,0.0002,1.3802,-0.3905182766633461217669650245
XRP-USD,2026-08-28T20:33:02.932334Z,1.3801,1.3803,0.0002,1.3802,-0.3905182766633461217669650245
XRP-USD,2026-08-28T20:33:02.968862Z,1.3801,1.3803,0.0002,1.3802,-0.3991248969105431310586526832
XRP-USD,2026-08-28T20:33:03.039292Z,1.3801,1.3803,0.0002,1.3802,-0.3991248969105431310586526832
XRP-USD,2026-08-28T20:33:03.079597Z,1.3801,1.3803,0.0002,1.3802,-0.3991248969105431310586526832
XRP-USD,2026-08-28T20:33:03.128549Z,1.3801,1.3803,0.0002,1.3802,-0.3991816411326766811927774108
XRP-USD,2026-08-28T20:33:03.151942Z,1.3801,1.3803,0.0002,1.3802,-0.3991816411326766811927774108
XRP-USD,2026-08-28T20:33:03.220435Z,1.3801,1.3803,0.0002,1.3802,-0.3991816411326766811927774108
XRP-USD,2026-08-28T20:33:03.254807Z,1.3801,1.3803,0.0002,1.3802,-0.1632727222371198435157250299
XRP-USD,2026-08-28T20:33:03.321038Z,1.3801,1.3803,0.0002,1.3802,-0.1632727222371198435157250299
XRP-USD,2026-08-28T20:33:03.395084Z,1.3801,1.3803,0.0002,1.3802,-0.3643570070838515472199005894
XRP-USD,2026-08-28T20:33:03.620952Z,1.3798,1.38,0.0002,1.3799,-0.03545256441341334859708675534
XRP-USD,2026-08-28T20:33:03.994522Z,1.3798,1.3799,0.0001,1.37985,0.3148056497743704162460223563
XRP-USD,2026-08-28T20:33:04.183285Z,1.3798,1.3799,0.0001,1.37985,0.02820633562494650991945417654
XRP-USD,2026-08-28T20:33:04.204135Z,1.3798,1.3799,0.0001,1.37985,0.02820633562494650991945417654
XRP-USD,2026-08-28T20:33:04.40389Z,1.3798,1.3799,0.0001,1.37985,0.02820633562494650991945417654
XRP-USD,2026-08-28T20:33:04.456129Z,1.3798,1.3799,0.0001,1.37985,0.05243100701521676174132142839
XRP-USD,2026-08-28T20:33:04.630295Z,1.3798,1.3799,0.0001,1.37985,0.05243100701521676174132142839
XRP-USD,2026-08-28T20:33:04.676189Z,1.3798,1.3799,0.0001,1.37985,0.05243100701521676174132142839
XRP-USD,2026-08-28T20:33:04.822708Z,1.3798,1.3799,0.0001,1.37985,0.05243100701521676174132142839
XRP-USD,2026-08-28T20:33:04.91067Z,1.3798,1.3799,0.0001,1.37985,0.03397739611226309955483573048
XRP-USD,2026-08-28T20:33:04.981523Z,1.3798,1.3799,0.0001,1.37985,0.03397739611226309955483573048
XRP-USD,2026-08-28T20:33:04.991635Z,1.3798,1.3799,0.0001,1.37985,0.03397739611226309955483573048
XRP-USD,2026-08-28T20:33:05.068602Z,1.3798,1.3799,0.0001,1.37985,0.03416518466086526048303868699
XRP-USD,2026-08-28T20:33:05.074896Z,1.3798,1.3799,0.0001,1.37985,0.03416518466086526048303868699
XRP-USD,2026-08-28T20:33:05.161701Z,1.3798,1.3799,0.0001,1.37985,0.03416518466086526048303868699
XRP-USD,2026-08-28T20:33:05.222846Z,1.3798,1.3799,0.0001,1.37985,0.03397739611226309955483573048
XRP-USD,2026-08-28T20:33:05.249106Z,1.3798,1.3799,0.0001,1.37985,0.03397739611226309955483573048
XRP-USD,2026-08-28T20:33:05.310048Z,1.3798,1.3799,0.0001,1.37985,0.04846571511770602315253208588
XRP-USD,2026-08-28T20:33:05.375793Z,1.3798,1.3799,0.0001,1.37985,0.2766320565515999687543249371
XRP-USD,2026-08-28T20:33:05.430756Z,1.3798,1.3799,0.0001,1.37985,0.2766320565515999687543249371
XRP-USD,2026-08-28T20:33:05.439054Z,1.3798,1.3799,0.0001,1.37985,0.2766320565515999687543249371
XRP-USD,2026-08-28T20:33:05.492671Z,1.3798,1.3799,0.0001,1.37985,0.2766320565515999687543249371
XRP-USD,2026-08-28T20:33:05.53917Z,1.3798,1.3799,0.0001,1.37985,0.2966359813713130660975605499
XRP-USD,2026-08-28T20:33:05.591365Z,1.3798,1.3799,0.0001,1.37985,0.2966359813713130660975605499
XRP-USD,2026-08-28T20:33:05.672907Z,1.3798,1.3799,0.0001,1.37985,0.2966359813713130660975605499
XRP-USD,2026-08-28T20:33:05.930215Z,1.3798,1.3799,0.0001,1.37985,0.2966359813713130660975605499
XRP-USD,2026-08-28T20:33:05.957291Z,1.3798,1.3799,0.0001,1.37985,0.2966359813713130660975605499
XRP-USD,2026-08-28T20:33:06.001752Z,1.3798,1.3799,0.0001,1.37985,0.02057242853964370285831381203
XRP-USD,2026-08-28T20:33:06.034598Z,1.3798,1.3799,0.0001,1.37985,0.02770708102280168035674065571
XRP-USD,2026-08-28T20:33:06.256385Z,1.3797,1.3799,0.0002,1.3798,0.2701590608073424240604552381
XRP-USD,2026-08-28T20:33:06.299747Z,1.3797,1.3799,0.0002,1.3798,0.2699879777070130603789947860
XRP-USD,2026-08-28T20:33:06.477884Z,1.3797,1.3799,0.0002,1.3798,0.2564678779048853140700742663
XRP-USD,2026-08-28T20:33:06.503305Z,1.3797,1.3799,0.0002,1.3798,0.3107558007436227304471461106
XRP-USD,2026-08-28T20:33:06.578741Z,1.3797,1.3799,0.0002,1.3798,0.3217525649457631367924887815
XRP-USD,2026-08-28T20:33:06.587521Z,1.3797,1.3799,0.0002,1.3798,0.3147165803464922605400954116
XRP-USD,2026-08-28T20:33:06.658748Z,1.3797,1.3799,0.0002,1.3798,0.3147165803464922605400954116
XRP-USD,2026-08-28T20:33:06.723054Z,1.3797,1.3799,0.0002,1.3798,0.3111343162131365635306916680
XRP-USD,2026-08-28T20:33:06.727055Z,1.3797,1.3799,0.0002,1.3798,0.3111343162131365635306916680
XRP-USD,2026-08-28T20:33:06.937916Z,1.3797,1.3799,0.0002,1.3798,0.3111343162131365635306916680
XRP-USD,2026-08-28T20:33:06.964653Z,1.3796,1.3799,0.0003,1.37975,0.2338703415476430788921749160
XRP-USD,2026-08-28T20:33:07.02397Z,1.3796,1.3798,0.0002,1.3797,0.07387471382094351529061217271
XRP-USD,2026-08-28T20:33:07.265721Z,1.3796,1.3797,0.0001,1.37965,0.1977586017952156988738663288
XRP-USD,2026-08-28T20:33:07.313212Z,1.3796,1.3797,0.0001,1.37965,0.2141322543210243287735045120
XRP-USD,2026-08-28T20:33:07.379551Z,1.3796,1.3798,0.0002,1.3797,-0.07794699963147091736376729500
XRP-USD,2026-08-28T20:33:07.417189Z,1.3796,1.3798,0.0002,1.3797,-0.04403963778183189340422458111
XRP-USD,2026-08-28T20:33:07.430974Z,1.3796,1.3798,0.0002,1.3797,-0.04403963778183189340422458111
XRP-USD,2026-08-28T20:33:07.518082Z,1.3796,1.3798,0.0002,1.3797,-0.08298764042017606093145873711
XRP-USD,2026-08-28T20:33:07.569828Z,1.3796,1.3797,0.0001,1.37965,0.1787474254573789714479121541
XRP-USD,2026-08-28T20:33:07.617494Z,1.3796,1.3797,0.0001,1.37965,0.1787474254573789714479121541
XRP-USD,2026-08-28T20:33:07.669911Z,1.3796,1.3797,0.0001,1.37965,0.1949748355120384519676955497
XRP-USD,2026-08-28T20:33:07.713248Z,1.3796,1.3797,0.0001,1.37965,0.1949748355120384519676955497
XRP-USD,2026-08-28T20:33:07.776697Z,1.3796,1.3797,0.0001,1.37965,-0.6159370128763739597468460861
XRP-USD,2026-08-28T20:33:07.820979Z,1.3796,1.3797,0.0001,1.37965,-0.5870611773547537588616767069
XRP-USD,2026-08-28T20:33:07.934929Z,1.3796,1.3797,0.0001,1.37965,-0.7112112285415123329101252225
XRP-USD,2026-08-28T20:33:07.971348Z,1.3796,1.3797,0.0001,1.37965,-0.6995198045901583060805170430
XRP-USD,2026-08-28T20:33:08.037292Z,1.3796,1.3797,0.0001,1.37965,-0.8573950291234099723371312361
XRP-USD,2026-08-28T20:33:08.070264Z,1.3796,1.3797,0.0001,1.37965,-0.8574972101746876912885048062
XRP-USD,2026-08-28T20:33:08.124509Z,1.3794,1.3795,0.0001,1.37945,0.4833428621220894342484012345
XRP-USD,2026-08-28T20:33:08.182467Z,1.3794,1.3795,0.0001,1.37945,0.5012087073902520611892312389
XRP-USD,2026-08-28T20:33:08.231326Z,1.3794,1.3795,0.0001,1.37945,0.5076247789542931423914383640
XRP-USD,2026-08-28T20:33:08.26543Z,1.3794,1.3795,0.0001,1.37945,0.5136294298613451616483309257
XRP-USD,2026-08-28T20:33:08.290249Z,1.3794,1.3795,0.0001,1.37945,0.5136294298613451616483309257
XRP-USD,2026-08-28T20:33:08.352728Z,1.3794,1.3795,0.0001,1.37945,0.5136294298613451616483309257
XRP-USD,2026-08-28T20:33:08.433301Z,1.3794,1.3795,0.0001,1.37945,0.5142928259888554431043636825
XRP-USD,2026-08-28T20:33:08.471995Z,1.3794,1.3795,0.0001,1.37945,0.4034220694962503143122970368
XRP-USD,2026-08-28T20:33:08.478348Z,1.3794,1.3795,0.0001,1.37945,0.4034220694962503143122970368
XRP-USD,2026-08-28T20:33:08.616944Z,1.3794,1.3795,0.0001,1.37945,0.4034220694962503143122970368
XRP-USD,2026-08-28T20:33:08.66301Z,1.3794,1.3795,0.0001,1.37945,0.4092484819598150175601102607
XRP-USD,2026-08-28T20:33:08.71423Z,1.3794,1.3795,0.0001,1.37945,0.4092484819598150175601102607
XRP-USD,2026-08-28T20:33:08.744617Z,1.3794,1.3795,0.0001,1.37945,0.4092484819598150175601102607
XRP-USD,2026-08-28T20:33:08.786872Z,1.3794,1.3795,0.0001,1.37945,0.4092484819598150175601102607
XRP-USD,2026-08-28T20:33:08.872808Z,1.3794,1.3795,0.0001,1.37945,0.4092484819598150175601102607
XRP-USD,2026-08-28T20:33:09.023589Z,1.3794,1.3795,0.0001,1.37945,0.4246830535724035870569165560
XRP-USD,2026-08-28T20:33:09.037544Z,1.3794,1.3795,0.0001,1.37945,0.4246830535724035870569165560
XRP-USD,2026-08-28T20:33:09.175093Z,1.3794,1.3795,0.0001,1.37945,0.4246830535724035870569165560
XRP-USD,2026-08-28T20:33:09.195594Z,1.3794,1.3795,0.0001,1.37945,0.4174371836469148607285485910
XRP-USD,2026-08-28T20:33:09.280459Z,1.3794,1.3795,0.0001,1.37945,0.4174371836469148607285485910
XRP-USD,2026-08-28T20:33:09.314771Z,1.3793,1.3795,0.0002,1.3794,0.4751006960730260906614323940
XRP-USD,2026-08-28T20:33:09.348654Z,1.3793,1.3795,0.0002,1.3794,0.4791746162229688659492177107
XRP-USD,2026-08-28T20:33:09.3965Z,1.3793,1.3795,0.0002,1.3794,0.4920583555144592488987296208
XRP-USD,2026-08-28T20:33:09.461008Z,1.3793,1.3795,0.0002,1.3794,0.4920583555144592488987296208
XRP-USD,2026-08-28T20:33:09.538303Z,1.3793,1.3795,0.0002,1.3794,0.4920583555144592488987296208
XRP-USD,2026-08-28T20:33:09.542906Z,1.3793,1.3795,0.0002,1.3794,0.4920583555144592488987296208
XRP-USD,2026-08-28T20:33:09.618922Z,1.3793,1.3795,0.0002,1.3794,0.4671881058735230226804057141
XRP-USD,2026-08-28T20:33:09.648607Z,1.3793,1.3795,0.0002,1.3794,0.4339546482478468447117142779
XRP-USD,2026-08-28T20:33:09.726686Z,1.3793,1.3795,0.0002,1.3794,0.4339546482478468447117142779
XRP-USD,2026-08-28T20:33:09.768843Z,1.3793,1.3795,0.0002,1.3794,0.4382262968958168843182415254
XRP-USD,2026-08-28T20:33:09.828338Z,1.3793,1.3795,0.0002,1.3794,0.4382262968958168843182415254
XRP-USD,2026-08-28T20:33:09.853575Z,1.3793,1.3795,0.0002,1.3794,0.4382262968958168843182415254
XRP-USD,2026-08-28T20:33:09.91252Z,1.3793,1.3795,0.0002,1.3794,0.4382262968958168843182415254
XRP-USD,2026-08-28T20:33:10.023534Z,1.3793,1.3795,0.0002,1.3794,0.4382262968958168843182415254
XRP-USD,2026-08-28T20:33:10.082938Z,1.3793,1.3795,0.0002,1.3794,0.4382262968958168843182415254
XRP-USD,2026-08-28T20:33:10.132304Z,1.3793,1.3795,0.0002,1.3794,0.4382262968958168843182415254
XRP-USD,2026-08-28T20:33:10.286044Z,1.3793,1.3795,0.0002,1.3794,0.4382262968958168843182415254
XRP-USD,2026-08-28T20:33:10.435981Z,1.3793,1.3795,0.0002,1.3794,0.4375330557735555860823950842
XRP-USD,2026-08-28T20:33:10.478812Z,1.3794,1.3795,0.0001,1.37945,0.3695567388972007882083765488
XRP-USD,2026-08-28T20:33:10.499114Z,1.3794,1.3795,0.0001,1.37945,0.3695567388972007882083765488
XRP-USD,2026-08-28T20:33:10.577916Z,1.3794,1.3795,0.0001,1.37945,0.3695567388972007882083765488
XRP-USD,2026-08-28T20:33:10.627931Z,1.3794,1.3795,0.0001,1.37945,0.3695567388972007882083765488
XRP-USD,2026-08-28T20:33:10.638652Z,1.3794,1.3795,0.0001,1.37945,0.3695567388972007882083765488
XRP-USD,2026-08-28T20:33:10.704295Z,1.3793,1.3795,0.0002,1.3794,0.4831051702618115523071121897
XRP-USD,2026-08-28T20:33:10.739723Z,1.3793,1.3795,0.0002,1.3794,0.4831051702618115523071121897
XRP-USD,2026-08-28T20:33:10.830212Z,1.3793,1.3795,0.0002,1.3794,0.4800716600416047732562439323
XRP-USD,2026-08-28T20:33:10.911739Z,1.3793,1.3795,0.0002,1.3794,0.4800716600416047732562439323
XRP-USD,2026-08-28T20:33:10.939156Z,1.3793,1.3795,0.0002,1.3794,0.4800716600416047732562439323
XRP-USD,2026-08-28T20:33:11.02232Z,1.3793,1.3795,0.0002,1.3794,0.4800716600416047732562439323
XRP-USD,2026-08-28T20:33:11.029829Z,1.3793,1.3795,0.0002,1.3794,0.4800716600416047732562439323
XRP-USD,2026-08-28T20:33:11.11386Z,1.3793,1.3795,0.0002,1.3794,0.4790511670488118685160508461
XRP-USD,2026-08-28T20:33:11.14949Z,1.3793,1.3795,0.0002,1.3794,0.4790511670488118685160508461
XRP-USD,2026-08-28T20:33:11.220504Z,1.3793,1.3795,0.0002,1.3794,0.4790511670488118685160508461
XRP-USD,2026-08-28T20:33:11.266057Z,1.3793,1.3795,0.0002,1.3794,0.4528787507712264547921164194
XRP-USD,2026-08-28T20:33:11.321144Z,1.3793,1.3795,0.0002,1.3794,0.4650761531776435628487854010
XRP-USD,2026-08-28T20:33:11.335729Z,1.3793,1.3795,0.0002,1.3794,0.4661322493596837482589048969
XRP-USD,2026-08-28T20:33:11.423227Z,1.3793,1.3796,0.0003,1.37945,0.4021130169328139821432068385
XRP-USD,2026-08-28T20:33:11.478313Z,1.3793,1.3796,0.0003,1.37945,0.3800361183145899342821688919
XRP-USD,2026-08-28T20:33:11.554518Z,1.3793,1.3796,0.0003,1.37945,0.3800361183145899342821688919
XRP-USD,2026-08-28T20:33:11.604444Z,1.3793,1.3796,0.0003,1.37945,0.3800361183145899342821688919
XRP-USD,2026-08-28T20:33:11.668788Z,1.3793,1.3796,0.0003,1.37945,0.3800361183145899342821688919
XRP-USD,2026-08-28T20:33:11.673336Z,1.3793,1.3796,0.0003,1.37945,0.3800361183145899342821688919
XRP-USD,2026-08-28T20:33:11.778912Z,1.3794,1.3796,0.0002,1.3795,0.2653529166748322938474476476
XRP-USD,2026-08-28T20:33:11.809592Z,1.3794,1.3796,0.0002,1.3795,0.2755053828924421905954050526
XRP-USD,2026-08-28T20:33:11.863932Z,1.3793,1.3795,0.0002,1.3794,0.3200995455349776353686695847
XRP-USD,2026-08-28T20:33:11.886241Z,1.3793,1.3795,0.0002,1.3794,0.3200995455349776353686695847
XRP-USD,2026-08-28T20:33:11.904815Z,1.3793,1.3796,0.0003,1.37945,0.2167637880081568235146760169
XRP-USD,2026-08-28T20:33:12.039566Z,1.3793,1.3795,0.0002,1.3794,0.3317622018460387602056348609
XRP-USD,2026-08-28T20:33:12.059888Z,1.3793,1.3795,0.0002,1.3794,0.3054721867919542314506600380
XRP-USD,2026-08-28T20:33:12.181595Z,1.3793,1.3795,0.0002,1.3794,0.3122910355222975066184284510
XRP-USD,2026-08-28T20:33:12.222167Z,1.3793,1.3795,0.0002,1.3794,0.3001284023199774769152097414
XRP-USD,2026-08-28T20:33:12.31486Z,1.3793,1.3795,0.0002,1.3794,0.09515691321322023456508476878
XRP-USD,2026-08-28T20:33:12.32437Z,1.3792,1.3794,0.0002,1.3793,0.2561490851709469416721099854
XRP-USD,2026-08-28T20:33:12.335727Z,1.3792,1.3794,0.0002,1.3793,0.1044336445191973241574510804
XRP-USD,2026-08-28T20:33:12.374305Z,1.3792,1.3794,0.0002,1.3793,0.3772868935922075670364230225
XRP-USD,2026-08-28T20:33:12.415756Z,1.3793,1.3795,0.0002,1.3794,0.2675536486020754503123774637
XRP-USD,2026-08-28T20:33:12.577244Z,1.3793,1.3795,0.0002,1.3794,0.2446766357153924175240374024
XRP-USD,2026-08-28T20:33:12.650328Z,1.3793,1.3795,0.0002,1.3794,0.2446766357153924175240374024
XRP-USD,2026-08-28T20:33:12.704309Z,1.3792,1.3794,0.0002,1.3793,0.02608354965440877369766329490
XRP-USD,2026-08-28T20:33:12.820154Z,1.3792,1.3794,0.0002,1.3793,0.08040483637165992766850649086
XRP-USD,2026-08-28T20:33:12.840803Z,1.3792,1.3794,0.0002,1.3793,-0.01498986498059923123162226547
XRP-USD,2026-08-28T20:33:12.918352Z,1.3792,1.3794,0.0002,1.3793,0.2182294913721929380845352399
XRP-USD,2026-08-28T20:33:12.975675Z,1.3792,1.3794,0.0002,1.3793,0.2049358442437977214218286288
XRP-USD,2026-08-28T20:33:13.024331Z,1.3792,1.3794,0.0002,1.3793,0.2049358442437977214218286288
XRP-USD,2026-08-28T20:33:13.047767Z,1.3792,1.3794,0.0002,1.3793,0.1663233304960776850924306135
XRP-USD,2026-08-28T20:33:13.262949Z,1.3792,1.3794,0.0002,1.3793,0.1787742294770591140175669025
XRP-USD,2026-08-28T20:33:13.311478Z,1.3792,1.3794,0.0002,1.3793,-0.05601244666100422198444937396
XRP-USD,2026-08-28T20:33:13.337778Z,1.3792,1.3794,0.0002,1.3793,-0.05601244666100422198444937396
XRP-USD,2026-08-28T20:33:13.424038Z,1.3792,1.3794,0.0002,1.3793,-0.02325474620592052380751075544
XRP-USD,2026-08-28T20:33:13.46886Z,1.3792,1.3794,0.0002,1.3793,-0.02325474620592052380751075544
XRP-USD,2026-08-28T20:33:13.492162Z,1.3792,1.3794,0.0002,1.3793,-0.02325474620592052380751075544
XRP-USD,2026-08-28T20:33:13.548598Z,1.3792,1.3794,0.0002,1.3793,-0.03724868390458124262164361233
XRP-USD,2026-08-28T20:33:13.630162Z,1.3792,1.3794,0.0002,1.3793,-0.02273786363001562597615642579
XRP-USD,2026-08-28T20:33:13.66486Z,1.3792,1.3794,0.0002,1.3793,-0.006820774310001852519310134008
XRP-USD,2026-08-28T20:33:13.720257Z,1.3792,1.3794,0.0002,1.3793,-0.006820774310001852519310134008
XRP-USD,2026-08-28T20:33:13.740196Z,1.3792,1.3794,0.0002,1.3793,-0.006820774310001852519310134008
XRP-USD,2026-08-28T20:33:13.820018Z,1.3792,1.3794,0.0002,1.3793,-0.006820774310001852519310134008
XRP-USD,2026-08-28T20:33:13.861037Z,1.3792,1.3794,0.0002,1.3793,-0.006820774310001852519310134008
XRP-USD,2026-08-28T20:33:13.916072Z,1.3792,1.3794,0.0002,1.3793,-0.006820774310001852519310134008
XRP-USD,2026-08-28T20:33:13.970797Z,1.3792,1.3794,0.0002,1.3793,-0.006820774310001852519310134008
XRP-USD,2026-08-28T20:33:14.02872Z,1.3792,1.3794,0.0002,1.3793,-0.006820774310001852519310134008
XRP-USD,2026-08-28T20:33:14.110472Z,1.3792,1.3794,0.0002,1.3793,0.2232227510768492574558387126
XRP-USD,2026-08-28T20:33:14.169352Z,1.3792,1.3794,0.0002,1.3793,0.2439104750170987375440848161
XRP-USD,2026-08-28T20:33:14.226478Z,1.3792,1.3794,0.0002,1.3793,0.2439104750170987375440848161
XRP-USD,2026-08-28T20:33:14.27096Z,1.3793,1.3795,0.0002,1.3794,-0.04029450040789403844013723086
XRP-USD,2026-08-28T20:33:14.315644Z,1.3793,1.3795,0.0002,1.3794,-0.04029450040789403844013723086
XRP-USD,2026-08-28T20:33:14.368795Z,1.3793,1.3795,0.0002,1.3794,-0.04029450040789403844013723086
XRP-USD,2026-08-28T20:33:14.452571Z,1.3792,1.3795,0.0003,1.37935,0.1011370374270557007201991568
XRP-USD,2026-08-28T20:33:14.522388Z,1.3793,1.3795,0.0002,1.3794,-0.02453545398981343209843457148
XRP-USD,2026-08-28T20:33:14.57326Z,1.3793,1.3795,0.0002,1.3794,0.1290423206089803034280888451
XRP-USD,2026-08-28T20:33:14.627425Z,1.3793,1.3795,0.0002,1.3794,0.1290423206089803034280888451
XRP-USD,2026-08-28T20:33:14.689027Z,1.3793,1.3795,0.0002,1.3794,0.1290423206089803034280888451
XRP-USD,2026-08-28T20:33:14.764734Z,1.3793,1.3795,0.0002,1.3794,0.1290423206089803034280888451
XRP-USD,2026-08-28T20:33:14.978048Z,1.3793,1.3795,0.0002,1.3794,-0.05299308943571788679257319869
XRP-USD,2026-08-28T20:33:15.023384Z,1.3793,1.3795,0.0002,1.3794,-0.05299308943571788679257319869
XRP-USD,2026-08-28T20:33:15.030885Z,1.3793,1.3795,0.0002,1.3794,-0.05299308943571788679257319869
XRP-USD,2026-08-28T20:33:15.101883Z,1.3793,1.3795,0.0002,1.3794,-0.05299308943571788679257319869
XRP-USD,2026-08-28T20:33:15.168848Z,1.3792,1.3794,0.0002,1.3793,0.1777562267431870917775304884
XRP-USD,2026-08-28T20:33:15.218815Z,1.3792,1.3794,0.0002,1.3793,0.2226805633602483842518682714
XRP-USD,2026-08-28T20:33:15.279469Z,1.3793,1.3795,0.0002,1.3794,-0.05941754653582929516517989464
XRP-USD,2026-08-28T20:33:15.427263Z,1.3793,1.3795,0.0002,1.3794,-0.05606777105729573805827819807
XRP-USD,2026-08-28T20:33:15.473937Z,1.3793,1.3794,0.0001,1.37935,0.04559915301520453525203133878
XRP-USD,2026-08-28T20:33:15.507413Z,1.3793,1.3794,0.0001,1.37935,0.04559915301520453525203133878
XRP-USD,2026-08-28T20:33:15.630003Z,1.3793,1.3794,0.0001,1.37935,0.04559915301520453525203133878
XRP-USD,2026-08-28T20:33:15.670877Z,1.3793,1.3794,0.0001,1.37935,0.06174304028170038309063346584
XRP-USD,2026-08-28T20:33:15.67663Z,1.3793,1.3794,0.0001,1.37935,0.06174304028170038309063346584
XRP-USD,2026-08-28T20:33:15.761079Z,1.3793,1.3794,0.0001,1.37935,0.06174304028170038309063346584
XRP-USD,2026-08-28T20:33:15.855609Z,1.3793,1.3794,0.0001,1.37935,0.05437843920244924450574700036
XRP-USD,2026-08-28T20:33:15.907387Z,1.3793,1.3794,0.0001,1.37935,0.05437843920244924450574700036
XRP-USD,2026-08-28T20:33:15.964991Z,1.3793,1.3795,0.0002,1.3794,-0.06363580029002049958997749767
XRP-USD,2026-08-28T20:33:15.98273Z,1.3793,1.3795,0.0002,1.3794,-0.06363580029002049958997749767
XRP-USD,2026-08-28T20:33:16.053753Z,1.3793,1.3795,0.0002,1.3794,-0.06363580029002049958997749767
XRP-USD,2026-08-28T20:33:16.122594Z,1.3793,1.3795,0.0002,1.3794,-0.06042842210832319698511030922
XRP-USD,2026-08-28T20:33:16.163532Z,1.3793,1.3795,0.0002,1.3794,-0.06042842210832319698511030922
XRP-USD,2026-08-28T20:33:16.191974Z,1.3793,1.3795,0.0002,1.3794,-0.06042842210832319698511030922
XRP-USD,2026-08-28T20:33:16.432335Z,1.3793,1.3795,0.0002,1.3794,-0.06042842210832319698511030922
XRP-USD,2026-08-28T20:33:16.524841Z,1.3793,1.3795,0.0002,1.3794,-0.06042842210832319698511030922
XRP-USD,2026-08-28T20:33:16.564145Z,1.3793,1.3795,0.0002,1.3794,-0.07271033430194159009796441763
XRP-USD,2026-08-28T20:33:16.599661Z,1.3793,1.3795,0.0002,1.3794,-0.07271033430194159009796441763
XRP-USD,2026-08-28T20:33:16.973451Z,1.3793,1.3795,0.0002,1.3794,-0.07121346616797068339163108533
XRP-USD,2026-08-28T20:33:17.058293Z,1.3793,1.3795,0.0002,1.3794,-0.06855919670650390074400409033
XRP-USD,2026-08-28T20:33:17.152677Z,1.3793,1.3795,0.0002,1.3794,-0.06804180589757126870657947617
XRP-USD,2026-08-28T20:33:17.221313Z,1.3793,1.3795,0.0002,1.3794,-0.06804180589757126870657947617
XRP-USD,2026-08-28T20:33:17.264487Z,1.3793,1.3794,0.0001,1.37935,-0.01731234773329440934440700984
XRP-USD,2026-08-28T20:33:17.326426Z,1.3793,1.3794,0.0001,1.37935,-0.02143135820240684747068679825
XRP-USD,2026-08-28T20:33:17.386638Z,1.3793,1.3794,0.0001,1.37935,-0.02115888125037100609082880869
XRP-USD,2026-08-28T20:33:17.448698Z,1.3793,1.3794,0.0001,1.37935,-0.02115888125037100609082880869
XRP-USD,2026-08-28T20:33:17.488187Z,1.3793,1.3794,0.0001,1.37935,0.09780927834757117708268892150
XRP-USD,2026-08-28T20:33:17.672737Z,1.3793,1.3794,0.0001,1.37935,0.09780927834757117708268892150
XRP-USD,2026-08-28T20:33:17.714821Z,1.3793,1.3794,0.0001,1.37935,0.09780927834757117708268892150
XRP-USD,2026-08-28T20:33:17.799476Z,1.3793,1.3794,0.0001,1.37935,0.09780927834757117708268892150
XRP-USD,2026-08-28T20:33:18.023812Z,1.3793,1.3794,0.0001,1.37935,0.09780927834757117708268892150
XRP-USD,2026-08-28T20:33:18.140231Z,1.3793,1.3794,0.0001,1.37935,0.09780927834757117708268892150
XRP-USD,2026-08-28T20:33:18.325489Z,1.3793,1.3794,0.0001,1.37935,0.09780927834757117708268892150
XRP-USD,2026-08-28T20:33:18.468483Z,1.3793,1.3794,0.0001,1.37935,0.09780927834757117708268892150
XRP-USD,2026-08-28T20:33:18.473862Z,1.3793,1.3794,0.0001,1.37935,0.09780927834757117708268892150
XRP-USD,2026-08-28T20:33:18.534422Z,1.3793,1.3794,0.0001,1.37935,0.09780927834757117708268892150
XRP-USD,2026-08-28T20:33:18.653266Z,1.3793,1.3794,0.0001,1.37935,0.09780927834757117708268892150
XRP-USD,2026-08-28T20:33:18.700592Z,1.3793,1.3794,0.0001,1.37935,0.09780927834757117708268892150
XRP-USD,2026-08-28T20:33:18.818946Z,1.3793,1.3794,0.0001,1.37935,0.09780927834757117708268892150
XRP-USD,2026-08-28T20:33:18.863733Z,1.3793,1.3795,0.0002,1.3794,-0.04470682087822145802250327302
XRP-USD,2026-08-28T20:33:18.892455Z,1.3793,1.3795,0.0002,1.3794,-0.08213111553838784506930511250
XRP-USD,2026-08-28T20:33:18.944927Z,1.3793,1.3795,0.0002,1.3794,-0.08213111553838784506930511250
XRP-USD,2026-08-28T20:33:19.021751Z,1.3793,1.3795,0.0002,1.3794,-0.08213111553838784506930511250
XRP-USD,2026-08-28T20:33:19.062622Z,1.3793,1.3795,0.0002,1.3794,-0.08213111553838784506930511250
XRP-USD,2026-08-28T20:33:19.22677Z,1.3793,1.3795,0.0002,1.3794,-0.08213111553838784506930511250
XRP-USD,2026-08-28T20:33:19.265336Z,1.3793,1.3795,0.0002,1.3794,-0.08213111553838784506930511250
XRP-USD,2026-08-28T20:33:19.331515Z,1.3793,1.3794,0.0001,1.37935,-0.2894360240731146214399124825
XRP-USD,2026-08-28T20:33:19.37999Z,1.3792,1.3794,0.0002,1.3793,-0.7208940684764971177210275647
XRP-USD,2026-08-28T20:33:19.434953Z,1.3792,1.3793,0.0001,1.37925,-0.6156647957943710845199550379
XRP-USD,2026-08-28T20:33:19.477741Z,1.3792,1.3793,0.0001,1.37925,-0.7403716091438385227062464450
XRP-USD,2026-08-28T20:33:19.529026Z,1.3792,1.3793,0.0001,1.37925,-0.7063269842138216115254270158
XRP-USD,2026-08-28T20:33:19.579053Z,1.3792,1.3793,0.0001,1.37925,-0.7063269842138216115254270158
XRP-USD,2026-08-28T20:33:19.617875Z,1.3792,1.3793,0.0001,1.37925,-0.8844340721772710384924099281
XRP-USD,2026-08-28T20:33:19.684493Z,1.3792,1.3793,0.0001,1.37925,-0.8844340721772710384924099281
XRP-USD,2026-08-28T20:33:19.731374Z,1.3792,1.3793,0.0001,1.37925,-0.8844340721772710384924099281
XRP-USD,2026-08-28T20:33:19.780423Z,1.3792,1.3793,0.0001,1.37925,-0.8809897562903501044814466227
XRP-USD,2026-08-28T20:33:19.830121Z,1.3792,1.3793,0.0001,1.37925,-0.8809897562903501044814466227
XRP-USD,2026-08-28T20:33:19.85159Z,1.3792,1.3793,0.0001,1.37925,-0.8808433255782121941845461467
XRP-USD,2026-08-28T20:33:19.914149Z,1.3792,1.3793,0.0001,1.37925,-0.8808433255782121941845461467
XRP-USD,2026-08-28T20:33:20.027236Z,1.3792,1.3793,0.0001,1.37925,-0.8808433255782121941845461467
XRP-USD,2026-08-28T20:33:20.126027Z,1.3792,1.3793,0.0001,1.37925,-0.8640957496358265711632569111
XRP-USD,2026-08-28T20:33:20.166719Z,1.3792,1.3793,0.0001,1.37925,-0.8652762072118108929389927841
XRP-USD,2026-08-28T20:33:20.259907Z,1.3789,1.3792,0.0003,1.37905,0.01007372310292773936397756235
XRP-USD,2026-08-28T20:33:20.303891Z,1.3789,1.3792,0.0003,1.37905,0.01007372310292773936397756235
XRP-USD,2026-08-28T20:33:20.421512Z,1.3791,1.3792,0.0001,1.37915,-0.5877047276547028137421439482
XRP-USD,2026-08-28T20:33:20.436374Z,1.3791,1.3792,0.0001,1.37915,-0.5877047276547028137421439482
XRP-USD,2026-08-28T20:33:20.563481Z,1.3791,1.3792,0.0001,1.37915,-0.5877047276547028137421439482
XRP-USD,2026-08-28T20:33:20.615824Z,1.3791,1.3792,0.0001,1.37915,-0.5877047276547028137421439482
XRP-USD,2026-08-28T20:33:20.650381Z,1.3791,1.3792,0.0001,1.37915,-0.5877047276547028137421439482
XRP-USD,2026-08-28T20:33:20.742718Z,1.3791,1.3792,0.0001,1.37915,-0.6068639343689469021933035113
XRP-USD,2026-08-28T20:33:20.772548Z,1.3791,1.3792,0.0001,1.37915,-0.7041107807372557474617047099
XRP-USD,2026-08-28T20:33:20.822427Z,1.3791,1.3792,0.0001,1.37915,-0.7041107807372557474617047099
XRP-USD,2026-08-28T20:33:20.887301Z,1.3791,1.3792,0.0001,1.37915,-0.7041107807372557474617047099
XRP-USD,2026-08-28T20:33:20.924068Z,1.3791,1.3792,0.0001,1.37915,-0.6766252570366306353687428936
XRP-USD,2026-08-28T20:33:20.96336Z,1.3791,1.3792,0.0001,1.37915,-0.5019515773209785595147348034
XRP-USD,2026-08-28T20:33:21.022965Z,1.3791,1.3792,0.0001,1.37915,-0.5018601952225187740812230348
XRP-USD,2026-08-28T20:33:21.078921Z,1.3791,1.3792,0.0001,1.37915,-0.5139815850181349299447181482
XRP-USD,2026-08-28T20:33:21.115363Z,1.3791,1.3792,0.0001,1.37915,-0.5139815850181349299447181482
XRP-USD,2026-08-28T20:33:21.16576Z,1.3791,1.3792,0.0001,1.37915,-0.5389313108958191404207900742
XRP-USD,2026-08-28T20:33:21.218981Z,1.3791,1.3792,0.0001,1.37915,-0.4062530824606314129941674160
XRP-USD,2026-08-28T20:33:21.279334Z,1.3791,1.3792,0.0001,1.37915,-0.4062530824606314129941674160
XRP-USD,2026-08-28T20:33:21.32607Z,1.379,1.3792,0.0002,1.3791,-0.4326073145915319029251589615
XRP-USD,2026-08-28T20:33:21.342151Z,1.379,1.3792,0.0002,1.3791,-0.4753873869244614853448845666
XRP-USD,2026-08-28T20:33:21.412008Z,1.379,1.3792,0.0002,1.3791,-0.5901553064741703971254478192
XRP-USD,2026-08-28T20:33:21.480288Z,1.379,1.3792,0.0002,1.3791,-0.5901553064741703971254478192
XRP-USD,2026-08-28T20:33:21.526848Z,1.379,1.3792,0.0002,1.3791,-0.6293647787301489249179150631
XRP-USD,2026-08-28T20:33:21.57523Z,1.379,1.3792,0.0002,1.3791,-0.6293647787301489249179150631
XRP-USD,2026-08-28T20:33:21.62479Z,1.379,1.3792,0.0002,1.3791,-0.6293647787301489249179150631
XRP-USD,2026-08-28T20:33:21.678493Z,1.3788,1.379,0.0002,1.3789,0.1756370026352819276417351492
XRP-USD,2026-08-28T20:33:21.718659Z,1.3788,1.379,0.0002,1.3789,0.09301115890276955543120098359
XRP-USD,2026-08-28T20:33:21.770172Z,1.3789,1.379,0.0001,1.37895,-0.1516556812051805105944438112
XRP-USD,2026-08-28T20:33:21.822962Z,1.3789,1.379,0.0001,1.37895,-0.1629088466373810104694694033
XRP-USD,2026-08-28T20:33:21.852356Z,1.3789,1.379,0.0001,1.37895,-0.1060324568469883622555701878
XRP-USD,2026-08-28T20:33:21.866719Z,1.3789,1.379,0.0001,1.37895,-0.1060324568469883622555701878
XRP-USD,2026-08-28T20:33:21.943571Z,1.3789,1.379,0.0001,1.37895,-0.1060324568469883622555701878
XRP-USD,2026-08-28T20:33:21.992538Z,1.3789,1.379,0.0001,1.37895,-0.1060324568469883622555701878
XRP-USD,2026-08-28T20:33:22.074294Z,1.3789,1.3792,0.0003,1.37905,-0.2074406834786658904805017301
XRP-USD,2026-08-28T20:33:22.087667Z,1.3789,1.3792,0.0003,1.37905,-0.2074133951978356729468502430
XRP-USD,2026-08-28T20:33:22.17598Z,1.379,1.3792,0.0002,1.3791,-0.2751073719340224602524714533
XRP-USD,2026-08-28T20:33:22.218856Z,1.3791,1.3792,0.0001,1.37915,-0.4473403190912431127611195295
XRP-USD,2026-08-28T20:33:22.22725Z,1.3791,1.3792,0.0001,1.37915,-0.4118772917744696904041021408
XRP-USD,2026-08-28T20:33:22.322711Z,1.3793,1.3794,0.0001,1.37935,-0.3215385045949574066150383935
XRP-USD,2026-08-28T20:33:22.368849Z,1.3793,1.3794,0.0001,1.37935,-0.3272878405083643149505953595
XRP-USD,2026-08-28T20:33:22.424633Z,1.3793,1.3794,0.0001,1.37935,-0.1123553587441374116492192833
XRP-USD,2026-08-28T20:33:22.431097Z,1.3793,1.3794,0.0001,1.37935,-0.09834669572507829379372044200
XRP-USD,2026-08-28T20:33:22.512547Z,1.3793,1.3794,0.0001,1.37935,-0.08653229772404531998431834846
XRP-USD,2026-08-28T20:33:22.568232Z,1.3793,1.3794,0.0001,1.37935,-0.08653229772404531998431834846
XRP-USD,2026-08-28T20:33:22.609187Z,1.3793,1.3794,0.0001,1.37935,-0.1998704581780026408274702298
XRP-USD,2026-08-28T20:33:22.652785Z,1.3793,1.3794,0.0001,1.37935,-0.2698374771481311010710395526
XRP-USD,2026-08-28T20:33:22.72221Z,1.3793,1.3794,0.0001,1.37935,-0.2698374771481311010710395526
XRP-USD,2026-08-28T20:33:22.761036Z,1.3793,1.3794,0.0001,1.37935,-0.2698374771481311010710395526
XRP-USD,2026-08-28T20:33:22.799561Z,1.3793,1.3794,0.0001,1.37935,-0.2698374771481311010710395526
XRP-USD,2026-08-28T20:33:22.845951Z,1.3793,1.3794,0.0001,1.37935,-0.3614875201637714899684633919
XRP-USD,2026-08-28T20:33:22.989098Z,1.3793,1.3794,0.0001,1.37935,-0.3614875201637714899684633919
XRP-USD,2026-08-28T20:33:23.058213Z,1.3793,1.3794,0.0001,1.37935,-0.2796793157235680498120625606
XRP-USD,2026-08-28T20:33:23.117547Z,1.3793,1.3794,0.0001,1.37935,-0.2852747150344695339411742178
XRP-USD,2026-08-28T20:33:23.166981Z,1.3793,1.3794,0.0001,1.37935,-0.2739209676941194059751412834
XRP-USD,2026-08-28T20:33:23.210438Z,1.3793,1.3794,0.0001,1.37935,-0.2592720169377090357117966530
XRP-USD,2026-08-28T20:33:23.27592Z,1.3793,1.3794,0.0001,1.37935,-0.2769152382355897977253707858
XRP-USD,2026-08-28T20:33:23.305773Z,1.3793,1.3794,0.0001,1.37935,-0.2658642783315655966968609441
XRP-USD,2026-08-28T20:33:23.430125Z,1.3793,1.3795,0.0002,1.3794,-0.2972230006293860106023392898
XRP-USD,2026-08-28T20:33:23.481877Z,1.3794,1.3795,0.0001,1.37945,-0.3899647693059593645294631903
XRP-USD,2026-08-28T20:33:23.570094Z,1.3794,1.3795,0.0001,1.37945,-0.3531563848530100926071697425
XRP-USD,2026-08-28T20:33:23.578769Z,1.3794,1.3795,0.0001,1.37945,-0.3531563848530100926071697425
XRP-USD,2026-08-28T20:33:23.638405Z,1.3792,1.3794,0.0002,1.3793,-0.3005188012904073980638821548
XRP-USD,2026-08-28T20:33:23.702399Z,1.3792,1.3794,0.0002,1.3793,-0.2758755475770926512105007510
XRP-USD,2026-08-28T20:33:23.784737Z,1.3792,1.3794,0.0002,1.3793,-0.2493810805145706516030114655
XRP-USD,2026-08-28T20:33:23.829898Z,1.3794,1.3795,0.0001,1.37945,-0.5832514924714589921550235890
XRP-USD,2026-08-28T20:33:23.859588Z,1.3794,1.3795,0.0001,1.37945,-0.5832514924714589921550235890
XRP-USD,2026-08-28T20:33:23.920781Z,1.3794,1.3795,0.0001,1.37945,-0.5714604840172700513818947801
XRP-USD,2026-08-28T20:33:23.944067Z,1.3794,1.3795,0.0001,1.37945,-0.5714604840172700513818947801
XRP-USD,2026-08-28T20:33:24.020876Z,1.3794,1.3795,0.0001,1.37945,-0.5714604840172700513818947801
XRP-USD,2026-08-28T20:33:24.063513Z,1.3794,1.3795,0.0001,1.37945,-0.5832044684496158462826012403
XRP-USD,2026-08-28T20:33:24.091493Z,1.3794,1.3795,0.0001,1.37945,-0.5832044684496158462826012403
XRP-USD,2026-08-28T20:33:24.155409Z,1.3794,1.3795,0.0001,1.37945,-0.5832044684496158462826012403
XRP-USD,2026-08-28T20:33:24.232676Z,1.3792,1.3795,0.0003,1.37935,-0.3676373265195442719412045525
XRP-USD,2026-08-28T20:33:24.272222Z,1.3791,1.3794,0.0003,1.37925,-0.2062278339379049746078670961
XRP-USD,2026-08-28T20:33:24.331777Z,1.3791,1.3794,0.0003,1.37925,-0.2062278339379049746078670961
XRP-USD,2026-08-28T20:33:24.346275Z,1.3791,1.3794,0.0003,1.37925,-0.1468421541586877197740833755
XRP-USD,2026-08-28T20:33:24.421218Z,1.3792,1.3794,0.0002,1.3793,-0.2730507425574044921285963928
XRP-USD,2026-08-28T20:33:24.445826Z,1.3793,1.3794,0.0001,1.37935,-0.3610969509000511856487602881
XRP-USD,2026-08-28T20:33:24.601817Z,1.3793,1.3794,0.0001,1.37935,-0.3610969509000511856487602881
XRP-USD,2026-08-28T20:33:24.658739Z,1.3793,1.3794,0.0001,1.37935,-0.07365331425378377381161876148
XRP-USD,2026-08-28T20:33:24.726185Z,1.3793,1.3794,0.0001,1.37935,-0.07365331425378377381161876148
XRP-USD,2026-08-28T20:33:24.774285Z,1.3794,1.3795,0.0001,1.37945,-0.1105655960237464276663453059
XRP-USD,2026-08-28T20:33:24.805941Z,1.3794,1.3795,0.0001,1.37945,-0.2418363688844445029320037321
XRP-USD,2026-08-28T20:33:24.87317Z,1.3794,1.3795,0.0001,1.37945,-0.2418363688844445029320037321
XRP-USD,2026-08-28T20:33:24.921044Z,1.3794,1.3795,0.0001,1.37945,-0.2438004575688960541385933119
XRP-USD,2026-08-28T20:33:24.970183Z,1.3793,1.3795,0.0002,1.3794,-0.1267143264287255330890629697
XRP-USD,2026-08-28T20:33:25.025021Z,1.3793,1.3795,0.0002,1.3794,-0.1266214953087663930088493467
XRP-USD,2026-08-28T20:33:25.059886Z,1.3793,1.3795,0.0002,1.3794,-0.1266214953087663930088493467
XRP-USD,2026-08-28T20:33:25.118272Z,1.3793,1.3795,0.0002,1.3794,-0.1266214953087663930088493467
XRP-USD,2026-08-28T20:33:25.15717Z,1.3794,1.3795,0.0001,1.37945,-0.2770680020110755030351724622
XRP-USD,2026-08-28T20:33:25.209856Z,1.3794,1.3795,0.0001,1.37945,-0.2770680020110755030351724622
XRP-USD,2026-08-28T20:33:25.279392Z,1.3794,1.3795,0.0001,1.37945,-0.2770680020110755030351724622
XRP-USD,2026-08-28T20:33:25.317623Z,1.3794,1.3795,0.0001,1.37945,-0.2770680020110755030351724622
XRP-USD,2026-08-28T20:33:25.404339Z,1.3794,1.3795,0.0001,1.37945,-0.2771534936191148121254353200
XRP-USD,2026-08-28T20:33:25.52085Z,1.3794,1.3795,0.0001,1.37945,-0.2771534936191148121254353200
XRP-USD,2026-08-28T20:33:25.680867Z,1.3794,1.3795,0.0001,1.37945,-0.2771534936191148121254353200
XRP-USD,2026-08-28T20:33:25.685602Z,1.3794,1.3795,0.0001,1.37945,-0.2847521833208756828306281915
XRP-USD,2026-08-28T20:33:25.760844Z,1.3794,1.3795,0.0001,1.37945,-0.3203234993295258179136053853
XRP-USD,2026-08-28T20:33:25.836264Z,1.3794,1.3795,0.0001,1.37945,-0.3203234993295258179136053853
XRP-USD,2026-08-28T20:33:25.844804Z,1.3794,1.3795,0.0001,1.37945,-0.3203234993295258179136053853
XRP-USD,2026-08-28T20:33:25.905657Z,1.3794,1.3795,0.0001,1.37945,-0.4077716365641629473773363973
XRP-USD,2026-08-28T20:33:25.961169Z,1.3794,1.3795,0.0001,1.37945,-0.6443345609825020783362719709
XRP-USD,2026-08-28T20:33:26.025842Z,1.3794,1.3795,0.0001,1.37945,-0.6442919694422654707805497081
XRP-USD,2026-08-28T20:33:26.072956Z,1.3794,1.3795,0.0001,1.37945,-0.6442919694422654707805497081
XRP-USD,2026-08-28T20:33:26.119399Z,1.3794,1.3795,0.0001,1.37945,-0.6442919694422654707805497081
XRP-USD,2026-08-28T20:33:26.172942Z,1.3793,1.3794,0.0001,1.37935,-0.2690203921370391755537125456
XRP-USD,2026-08-28T20:33:26.181585Z,1.3793,1.3794,0.0001,1.37935,-0.2739387590769425896239072359
XRP-USD,2026-08-28T20:33:26.312417Z,1.3793,1.3794,0.0001,1.37935,-0.2677358400600707719562119825
XRP-USD,2026-08-28T20:33:26.350761Z,1.3793,1.3794,0.0001,1.37935,-0.2677358400600707719562119825
XRP-USD,2026-08-28T20:33:26.449279Z,1.3793,1.3794,0.0001,1.37935,-0.2677358400600707719562119825
XRP-USD,2026-08-28T20:33:26.502362Z,1.3793,1.3794,0.0001,1.37935,-0.2627089225760843892880868337
XRP-USD,2026-08-28T20:33:26.649733Z,1.3793,1.3794,0.0001,1.37935,-0.2627089225760843892880868337
XRP-USD,2026-08-28T20:33:26.912321Z,1.3793,1.3794,0.0001,1.37935,-0.2627089225760843892880868337
XRP-USD,2026-08-28T20:33:26.961053Z,1.3793,1.3795,0.0002,1.3794,-0.3247251974813269079096902350
XRP-USD,2026-08-28T20:33:27.029177Z,1.3793,1.3795,0.0002,1.3794,-0.3246681183294957026713885845
XRP-USD,2026-08-28T20:33:27.12937Z,1.3793,1.3795,0.0002,1.3794,-0.1922540505592667156406301654
XRP-USD,2026-08-28T20:33:27.187217Z,1.3793,1.3795,0.0002,1.3794,-0.2089386536578753557437380142
XRP-USD,2026-08-28T20:33:27.222958Z,1.3793,1.3795,0.0002,1.3794,-0.3317859696834921698606106133
XRP-USD,2026-08-28T20:33:27.252401Z,1.3793,1.3795,0.0002,1.3794,-0.3317859696834921698606106133
XRP-USD,2026-08-28T20:33:27.413329Z,1.3793,1.3795,0.0002,1.3794,-0.6459093300740444490388973998
XRP-USD,2026-08-28T20:33:27.470884Z,1.3793,1.3795,0.0002,1.3794,-0.6385139492155852699015426298
XRP-USD,2026-08-28T20:33:27.500388Z,1.3793,1.3795,0.0002,1.3794,-0.6385525853216308082857737085
XRP-USD,2026-08-28T20:33:27.577355Z,1.3793,1.3795,0.0002,1.3794,-0.6304976613085367379726486239
XRP-USD,2026-08-28T20:33:27.611412Z,1.3793,1.3795,0.0002,1.3794,-0.6435986660560918666499817416
XRP-USD,2026-08-28T20:33:27.637453Z,1.3793,1.3795,0.0002,1.3794,-0.6469369505638696900720164337
XRP-USD,2026-08-28T20:33:27.781101Z,1.3793,1.3795,0.0002,1.3794,-0.6469369505638696900720164337
XRP-USD,2026-08-28T20:33:27.799757Z,1.3793,1.3795,0.0002,1.3794,-0.6469369505638696900720164337
XRP-USD,2026-08-28T20:33:27.843199Z,1.3793,1.3795,0.0002,1.3794,-0.6469369505638696900720164337
XRP-USD,2026-08-28T20:33:27.968073Z,1.3793,1.3795,0.0002,1.3794,-0.6356265968408471787335308255
XRP-USD,2026-08-28T20:33:28.02388Z,1.3793,1.3795,0.0002,1.3794,-0.6356265968408471787335308255
XRP-USD,2026-08-28T20:33:28.02951Z,1.3793,1.3795,0.0002,1.3794,-0.6355888128486395956925253201
XRP-USD,2026-08-28T20:33:28.176922Z,1.3793,1.3795,0.0002,1.3794,-0.6321667559507069991801063235
XRP-USD,2026-08-28T20:33:28.295754Z,1.3793,1.3795,0.0002,1.3794,-0.6321667559507069991801063235
XRP-USD,2026-08-28T20:33:28.343671Z,1.3793,1.3795,0.0002,1.3794,-0.6321667559507069991801063235
XRP-USD,2026-08-28T20:33:28.470372Z,1.3793,1.3795,0.0002,1.3794,-0.6321667559507069991801063235
XRP-USD,2026-08-28T20:33:28.556772Z,1.3793,1.3795,0.0002,1.3794,-0.6322052532223543147513010081
XRP-USD,2026-08-28T20:33:28.951248Z,1.3793,1.3795,0.0002,1.3794,-0.6209687107213062172213205613
XRP-USD,2026-08-28T20:33:29.042243Z,1.3793,1.3795,0.0002,1.3794,-0.6322052532223543147513010081
XRP-USD,2026-08-28T20:33:29.119186Z,1.3793,1.3795,0.0002,1.3794,-0.6322052532223543147513010081
XRP-USD,2026-08-28T20:33:29.224863Z,1.3793,1.3795,0.0002,1.3794,-0.6322052532223543147513010081
XRP-USD,2026-08-28T20:33:29.239358Z,1.3793,1.3795,0.0002,1.3794,-0.6322052532223543147513010081
XRP-USD,2026-08-28T20:33:29.347148Z,1.3793,1.3795,0.0002,1.3794,-0.6322052532223543147513010081
XRP-USD,2026-08-28T20:33:29.412266Z,1.3793,1.3795,0.0002,1.3794,-0.6322052532223543147513010081
XRP-USD,2026-08-28T20:33:29.417683Z,1.3793,1.3795,0.0002,1.3794,-0.6322052532223543147513010081
XRP-USD,2026-08-28T20:33:29.521228Z,1.3793,1.3795,0.0002,1.3794,-0.6322052532223543147513010081
XRP-USD,2026-08-28T20:33:29.620923Z,1.3793,1.3795,0.0002,1.3794,-0.6382781211195562053341410356
XRP-USD,2026-08-28T20:33:29.668752Z,1.3793,1.3795,0.0002,1.3794,-0.6382781211195562053341410356
XRP-USD,2026-08-28T20:33:29.825408Z,1.3793,1.3795,0.0002,1.3794,-0.5688550917431667800580038215
XRP-USD,2026-08-28T20:33:29.908464Z,1.3793,1.3795,0.0002,1.3794,-0.5688550917431667800580038215
XRP-USD,2026-08-28T20:33:29.964109Z,1.3791,1.3793,0.0002,1.3792,-0.09252375406391277006990215527
XRP-USD,2026-08-28T20:33:29.990301Z,1.3791,1.3794,0.0003,1.37925,-0.2391470326078793876129651624
XRP-USD,2026-08-28T20:33:30.029572Z,1.3791,1.3794,0.0003,1.37925,-0.2391470326078793876129651624
XRP-USD,2026-08-28T20:33:30.111719Z,1.3793,1.3794,0.0001,1.37935,-0.5598876468822883559238107776
XRP-USD,2026-08-28T20:33:30.224012Z,1.3793,1.3794,0.0001,1.37935,-0.5598876468822883559238107776
XRP-USD,2026-08-28T20:33:30.273345Z,1.3793,1.3794,0.0001,1.37935,-0.5598876468822883559238107776
XRP-USD,2026-08-28T20:33:30.307907Z,1.3793,1.3794,0.0001,1.37935,-0.5664438321164881824312679139
XRP-USD,2026-08-28T20:33:30.359045Z,1.3793,1.3794,0.0001,1.37935,-0.6594217402216911465321784006
XRP-USD,2026-08-28T20:33:30.408513Z,1.3793,1.3794,0.0001,1.37935,-0.5664438321164881824312679139
XRP-USD,2026-08-28T20:33:30.578149Z,1.3793,1.3794,0.0001,1.37935,-0.5493821699840550754465756593
XRP-USD,2026-08-28T20:33:30.61524Z,1.3793,1.3794,0.0001,1.37935,-0.5493821699840550754465756593
XRP-USD,2026-08-28T20:33:30.638144Z,1.3793,1.3794,0.0001,1.37935,-0.5105878215119949006834829950
XRP-USD,2026-08-28T20:33:30.718123Z,1.3793,1.3794,0.0001,1.37935,-0.5105878215119949006834829950
XRP-USD,2026-08-28T20:33:30.829949Z,1.3793,1.3794,0.0001,1.37935,-0.4109169826361770754660004381
XRP-USD,2026-08-28T20:33:30.853292Z,1.3793,1.3794,0.0001,1.37935,-0.4109959498197823263564645703
XRP-USD,2026-08-28T20:33:30.9692Z,1.3793,1.3794,0.0001,1.37935,-0.4109959498197823263564645703
XRP-USD,2026-08-28T20:33:31.028293Z,1.3793,1.3794,0.0001,1.37935,-0.4109959498197823263564645703
XRP-USD,2026-08-28T20:33:31.115382Z,1.3793,1.3794,0.0001,1.37935,-0.4041659871125193043501561307
XRP-USD,2026-08-28T20:33:31.371299Z,1.3793,1.3794,0.0001,1.37935,-0.4041659871125193043501561307
XRP-USD,2026-08-28T20:33:31.461243Z,1.3796,1.3798,0.0002,1.3797,0.2517347621665595884727393513
XRP-USD,2026-08-28T20:33:31.5313Z,1.3797,1.3798,0.0001,1.37975,0.09028809950209766720355547183
XRP-USD,2026-08-28T20:33:31.573955Z,1.3797,1.3798,0.0001,1.37975,-0.2831284264335786614177243958
XRP-USD,2026-08-28T20:33:31.622037Z,1.3797,1.3798,0.0001,1.37975,-0.2798596575188836938709826331
XRP-USD,2026-08-28T20:33:31.680647Z,1.3797,1.3798,0.0001,1.37975,-0.2798596575188836938709826331
XRP-USD,2026-08-28T20:33:31.734809Z,1.3797,1.3798,0.0001,1.37975,-0.2798596575188836938709826331
XRP-USD,2026-08-28T20:33:31.773015Z,1.3797,1.3798,0.0001,1.37975,-0.2870995702404027843402348098
XRP-USD,2026-08-28T20:33:31.819705Z,1.3797,1.3798,0.0001,1.37975,-0.2870995702404027843402348098
XRP-USD,2026-08-28T20:33:31.897255Z,1.3797,1.3798,0.0001,1.37975,-0.1259586997864866136957735445
XRP-USD,2026-08-28T20:33:31.955936Z,1.3797,1.3798,0.0001,1.37975,-0.1259587007089570452712469471
XRP-USD,2026-08-28T20:33:32.019238Z,1.3797,1.3798,0.0001,1.37975,-0.1373236585314880629266250365
XRP-USD,2026-08-28T20:33:32.031592Z,1.3797,1.3798,0.0001,1.37975,-0.3624601683657679844397746599
XRP-USD,2026-08-28T20:33:32.113247Z,1.3797,1.3798,0.0001,1.37975,-0.3624601683657679844397746599
XRP-USD,2026-08-28T20:33:32.154013Z,1.3797,1.3798,0.0001,1.37975,-0.3638961372285286688353477342
XRP-USD,2026-08-28T20:33:32.235369Z,1.3797,1.3798,0.0001,1.37975,-0.3497549570296432967933164277
XRP-USD,2026-08-28T20:33:32.268085Z,1.3797,1.3798,0.0001,1.37975,-0.3497549570296432967933164277
XRP-USD,2026-08-28T20:33:32.319467Z,1.3797,1.3798,0.0001,1.37975,-0.3078794830486583377661149399
XRP-USD,2026-08-28T20:33:32.342437Z,1.3797,1.3798,0.0001,1.37975,-0.3078378960803775568656099477
XRP-USD,2026-08-28T20:33:32.424745Z,1.3797,1.3798,0.0001,1.37975,-0.3078378960803775568656099477
XRP-USD,2026-08-28T20:33:32.472057Z,1.3797,1.3798,0.0001,1.37975,-0.3366097148630231046320219440
XRP-USD,2026-08-28T20:33:32.518765Z,1.3797,1.3798,0.0001,1.37975,-0.3366097148630231046320219440
XRP-USD,2026-08-28T20:33:32.582851Z,1.3797,1.3798,0.0001,1.37975,-0.3366097148630231046320219440
XRP-USD,2026-08-28T20:33:32.61922Z,1.3797,1.3798,0.0001,1.37975,-0.3366020729230318267950965750
XRP-USD,2026-08-28T20:33:32.662362Z,1.3797,1.3798,0.0001,1.37975,-0.3366020729230318267950965750
XRP-USD,2026-08-28T20:33:32.696498Z,1.3797,1.3798,0.0001,1.37975,-0.3366020729230318267950965750
XRP-USD,2026-08-28T20:33:32.763775Z,1.3797,1.3798,0.0001,1.37975,-0.4658162982336048989318165958
XRP-USD,2026-08-28T20:33:32.813819Z,1.3797,1.3798,0.0001,1.37975,-0.3082502261917710728685394108
XRP-USD,2026-08-28T20:33:32.859538Z,1.3797,1.3798,0.0001,1.37975,-0.3082502261917710728685394108
XRP-USD,2026-08-28T20:33:32.908008Z,1.3797,1.3798,0.0001,1.37975,-0.3082502261917710728685394108
XRP-USD,2026-08-28T20:33:32.967297Z,1.3797,1.3798,0.0001,1.37975,-0.3082502261917710728685394108
XRP-USD,2026-08-28T20:33:33.018848Z,1.3797,1.3798,0.0001,1.37975,-0.3081453368159351175789914635
XRP-USD,2026-08-28T20:33:33.068827Z,1.3797,1.3798,0.0001,1.37975,-0.3082502224177889978677011625
XRP-USD,2026-08-28T20:33:33.107381Z,1.3797,1.3798,0.0001,1.37975,-0.3082502224177889978677011625
XRP-USD,2026-08-28T20:33:33.13781Z,1.3797,1.3798,0.0001,1.37975,-0.3215198319168084402315282012
XRP-USD,2026-08-28T20:33:33.214902Z,1.3797,1.3798,0.0001,1.37975,-0.3215198319168084402315282012
XRP-USD,2026-08-28T20:33:33.369152Z,1.3797,1.3798,0.0001,1.37975,-0.09972852579790885292185179014
XRP-USD,2026-08-28T20:33:33.405924Z,1.3797,1.3798,0.0001,1.37975,-0.1212452226795993776974889511
XRP-USD,2026-08-28T20:33:33.473799Z,1.3797,1.3798,0.0001,1.37975,-0.09105866542245174974738913978
XRP-USD,2026-08-28T20:33:33.524039Z,1.3797,1.3798,0.0001,1.37975,-0.1212452226795993776974889511
XRP-USD,2026-08-28T20:33:33.575133Z,1.3797,1.3798,0.0001,1.37975,-0.09398855021921556366532908436
XRP-USD,2026-08-28T20:33:33.634524Z,1.3797,1.3798,0.0001,1.37975,-0.09377472522534625019155283601
XRP-USD,2026-08-28T20:33:33.677129Z,1.3797,1.3798,0.0001,1.37975,-0.09377472522534625019155283601
XRP-USD,2026-08-28T20:33:33.706582Z,1.3797,1.3798,0.0001,1.37975,-0.09377472522534625019155283601
XRP-USD,2026-08-28T20:33:33.830341Z,1.3797,1.3798,0.0001,1.37975,-0.09377472522534625019155283601
XRP-USD,2026-08-28T20:33:33.920396Z,1.3797,1.3798,0.0001,1.37975,-0.09377472522534625019155283601
XRP-USD,2026-08-28T20:33:33.936015Z,1.3797,1.3798,0.0001,1.37975,-0.1210326620323352770165805886
XRP-USD,2026-08-28T20:33:34.022354Z,1.3797,1.3798,0.0001,1.37975,-0.09205264518258101987071557869
XRP-USD,2026-08-28T20:33:34.043331Z,1.3797,1.3798,0.0001,1.37975,-0.1207156399192731583855088458
XRP-USD,2026-08-28T20:33:34.135461Z,1.3797,1.3798,0.0001,1.37975,-0.1208250675083668136162786303
XRP-USD,2026-08-28T20:33:34.166244Z,1.3797,1.3798,0.0001,1.37975,-0.2706777811237162791640867624
XRP-USD,2026-08-28T20:33:34.236777Z,1.3797,1.3798,0.0001,1.37975,-0.2706777811237162791640867624
XRP-USD,2026-08-28T20:33:34.275467Z,1.3797,1.3798,0.0001,1.37975,-0.09928753819751952146095623747
XRP-USD,2026-08-28T20:33:34.300663Z,1.3797,1.3798,0.0001,1.37975,-0.09928753819751952146095623747
XRP-USD,2026-08-28T20:33:34.411705Z,1.3797,1.3798,0.0001,1.37975,-0.09928753819751952146095623747
XRP-USD,2026-08-28T20:33:34.448399Z,1.3797,1.3798,0.0001,1.37975,-0.09928753819751952146095623747
XRP-USD,2026-08-28T20:33:34.515396Z,1.3797,1.3798,0.0001,1.37975,-0.1621713781113725794059427603
XRP-USD,2026-08-28T20:33:34.531823Z,1.3797,1.3798,0.0001,1.37975,-0.1617276326481638035269676202
XRP-USD,2026-08-28T20:33:34.61186Z,1.3797,1.3798,0.0001,1.37975,-0.1617276326481638035269676202
XRP-USD,2026-08-28T20:33:34.684558Z,1.3797,1.3798,0.0001,1.37975,-0.1617276326481638035269676202
XRP-USD,2026-08-28T20:33:34.73046Z,1.3793,1.3795,0.0002,1.3794,-0.2440350329057301379024707179
XRP-USD,2026-08-28T20:33:34.78322Z,1.3793,1.3796,0.0003,1.37945,-0.1771795228154454968595646552
XRP-USD,2026-08-28T20:33:34.829702Z,1.3793,1.3795,0.0002,1.3794,-0.3523962547828171474690343567
XRP-USD,2026-08-28T20:33:34.879697Z,1.3794,1.3795,0.0001,1.37945,-0.6245478830696790212188946441
XRP-USD,2026-08-28T20:33:34.933519Z,1.3794,1.3795,0.0001,1.37945,-0.4789582054051888780067482228
XRP-USD,2026-08-28T20:33:34.973331Z,1.3794,1.3795,0.0001,1.37945,-0.5039691315442910554581712164
XRP-USD,2026-08-28T20:33:35.027077Z,1.3794,1.3795,0.0001,1.37945,-0.5039691315442910554581712164
XRP-USD,2026-08-28T20:33:35.033573Z,1.3794,1.3795,0.0001,1.37945,-0.4944471415480377660647348803
XRP-USD,2026-08-28T20:33:35.114908Z,1.3794,1.3795,0.0001,1.37945,-0.4944471415480377660647348803
XRP-USD,2026-08-28T20:33:35.172367Z,1.3794,1.3795,0.0001,1.37945,-0.5073299702838289790639482562
XRP-USD,2026-08-28T20:33:35.204727Z,1.3794,1.3795,0.0001,1.37945,-0.5073940858350617783531413697
XRP-USD,2026-08-28T20:33:35.265609Z,1.3794,1.3795,0.0001,1.37945,-0.5073940858350617783531413697
XRP-USD,2026-08-28T20:33:35.288594Z,1.3794,1.3795,0.0001,1.37945,-0.5073940858350617783531413697
XRP-USD,2026-08-28T20:33:35.433775Z,1.3794,1.3795,0.0001,1.37945,-0.5073940858350617783531413697
XRP-USD,2026-08-28T20:33:35.441161Z,1.3794,1.3795,0.0001,1.37945,-0.5012663039761990661290181696
XRP-USD,2026-08-28T20:33:35.555689Z,1.3794,1.3795,0.0001,1.37945,-0.5071281608846610736903941849
XRP-USD,2026-08-28T20:33:35.726949Z,1.3794,1.3795,0.0001,1.37945,-0.5071281608846610736903941849
XRP-USD,2026-08-28T20:33:35.770955Z,1.3794,1.3795,0.0001,1.37945,-0.5080402663696511190343643899
XRP-USD,2026-08-28T20:33:35.790709Z,1.3794,1.3795,0.0001,1.37945,-0.5080402663696511190343643899
XRP-USD,2026-08-28T20:33:35.877923Z,1.3794,1.3795,0.0001,1.37945,-0.5080402663696511190343643899
XRP-USD,2026-08-28T20:33:35.9103Z,1.3794,1.3795,0.0001,1.37945,-0.5080402663696511190343643899
XRP-USD,2026-08-28T20:33:36.018582Z,1.3794,1.3795,0.0001,1.37945,-0.5080402663696511190343643899
XRP-USD,2026-08-28T20:33:36.065998Z,1.3794,1.3795,0.0001,1.37945,-0.5079763189273908647286465650
XRP-USD,2026-08-28T20:33:36.17878Z,1.3794,1.3795,0.0001,1.37945,-0.5095619309567524302740826269
XRP-USD,2026-08-28T20:33:36.201487Z,1.3792,1.3794,0.0002,1.3793,0.1320553009787593237994767189
XRP-USD,2026-08-28T20:33:36.260687Z,1.3792,1.3794,0.0002,1.3793,0.1319408864520004765919093146
XRP-USD,2026-08-28T20:33:36.379611Z,1.3793,1.3795,0.0002,1.3794,-0.1976809983610858572124710029
XRP-USD,2026-08-28T20:33:36.417312Z,1.3793,1.3795,0.0002,1.3794,-0.1897254370359387570426227521
XRP-USD,2026-08-28T20:33:36.585226Z,1.3793,1.3795,0.0002,1.3794,-0.2062115155240436020332026959
XRP-USD,2026-08-28T20:33:36.676717Z,1.3793,1.3795,0.0002,1.3794,-0.2062115155240436020332026959
XRP-USD,2026-08-28T20:33:36.806605Z,1.3793,1.3795,0.0002,1.3794,-0.2062115155240436020332026959
XRP-USD,2026-08-28T20:33:36.902926Z,1.3793,1.3795,0.0002,1.3794,-0.2062115155240436020332026959
XRP-USD,2026-08-28T20:33:36.972204Z,1.3793,1.3795,0.0002,1.3794,-0.2062115155240436020332026959
XRP-USD,2026-08-28T20:33:37.021931Z,1.3793,1.3795,0.0002,1.3794,-0.1995047335243399997755477318
XRP-USD,2026-08-28T20:33:37.064785Z,1.3793,1.3795,0.0002,1.3794,-0.1995047335243399997755477318
XRP-USD,2026-08-28T20:33:37.335897Z,1.3793,1.3795,0.0002,1.3794,-0.1995838655588249179068561735
XRP-USD,2026-08-28T20:33:37.411497Z,1.3793,1.3795,0.0002,1.3794,-0.1995838655588249179068561735
XRP-USD,2026-08-28T20:33:37.517242Z,1.3793,1.3795,0.0002,1.3794,-0.1995838655588249179068561735
XRP-USD,2026-08-28T20:33:37.713362Z,1.3793,1.3795,0.0002,1.3794,-0.1995838655588249179068561735
XRP-USD,2026-08-28T20:33:37.782038Z,1.3793,1.3795,0.0002,1.3794,-0.2071798543931496226708741770
XRP-USD,2026-08-28T20:33:38.026393Z,1.3793,1.3795,0.0002,1.3794,-0.2071022172386599653813606773
XRP-USD,2026-08-28T20:33:38.081811Z,1.3793,1.3795,0.0002,1.3794,-0.2071022172386599653813606773
XRP-USD,2026-08-28T20:33:38.085982Z,1.3793,1.3795,0.0002,1.3794,-0.2071022172386599653813606773
XRP-USD,2026-08-28T20:33:38.170239Z,1.3793,1.3795,0.0002,1.3794,-0.2071022172386599653813606773
XRP-USD,2026-08-28T20:33:38.37235Z,1.3793,1.3795,0.0002,1.3794,-0.2071022172386599653813606773
XRP-USD,2026-08-28T20:33:38.398131Z,1.3793,1.3795,0.0002,1.3794,-0.2071798548815916236664150024
XRP-USD,2026-08-28T20:33:38.525352Z,1.3793,1.3795,0.0002,1.3794,-0.2071798548815916236664150024
XRP-USD,2026-08-28T20:33:38.537779Z,1.3793,1.3795,0.0002,1.3794,-0.2071798548815916236664150024
XRP-USD,2026-08-28T20:33:38.671394Z,1.3793,1.3795,0.0002,1.3794,-0.2071798548815916236664150024
XRP-USD,2026-08-28T20:33:38.724144Z,1.3793,1.3795,0.0002,1.3794,-0.2071798548815916236664150024
XRP-USD,2026-08-28T20:33:38.855786Z,1.3793,1.3795,0.0002,1.3794,-0.2071798548815916236664150024
XRP-USD,2026-08-28T20:33:38.988604Z,1.3793,1.3795,0.0002,1.3794,-0.2071798548815916236664150024
XRP-USD,2026-08-28T20:33:38.993024Z,1.3793,1.3795,0.0002,1.3794,-0.1986383006573709771706491263
XRP-USD,2026-08-28T20:33:39.034185Z,1.3793,1.3795,0.0002,1.3794,-0.1985603818821908119940907420
XRP-USD,2026-08-28T20:33:39.136854Z,1.3793,1.3795,0.0002,1.3794,-0.1985603818821908119940907420
XRP-USD,2026-08-28T20:33:39.188211Z,1.3793,1.3795,0.0002,1.3794,-0.1985603818821908119940907420
XRP-USD,2026-08-28T20:33:39.302177Z,1.3793,1.3795,0.0002,1.3794,-0.1716923919076493168179553496
XRP-USD,2026-08-28T20:33:39.376772Z,1.3793,1.3795,0.0002,1.3794,-0.1716923919076493168179553496
XRP-USD,2026-08-28T20:33:39.428856Z,1.3793,1.3795,0.0002,1.3794,-0.1716923919076493168179553496
XRP-USD,2026-08-28T20:33:39.504502Z,1.3793,1.3795,0.0002,1.3794,-0.1717723698268969561256793966
XRP-USD,2026-08-28T20:33:39.569945Z,1.3793,1.3795,0.0002,1.3794,-0.1660000952239935163971007956
XRP-USD,2026-08-28T20:33:39.584081Z,1.3794,1.3795,0.0001,1.37945,-0.1869029784694761938499284475
XRP-USD,2026-08-28T20:33:39.691971Z,1.3796,1.3797,0.0001,1.37965,-0.3224755266566086735850934950
XRP-USD,2026-08-28T20:33:39.814458Z,1.3796,1.3797,0.0001,1.37965,-0.3224755266566086735850934950
XRP-USD,2026-08-28T20:33:39.880438Z,1.3794,1.3797,0.0003,1.37955,-0.4311284039687888160978243927
XRP-USD,2026-08-28T20:33:39.908968Z,1.3793,1.3796,0.0003,1.37945,-0.1057104432956143706468405801
XRP-USD,2026-08-28T20:33:40.088354Z,1.3795,1.3796,0.0001,1.37955,-0.4288782462657855209506937064
XRP-USD,2026-08-28T20:33:40.199701Z,1.3795,1.3796,0.0001,1.37955,-0.4288782462657855209506937064
XRP-USD,2026-08-28T20:33:40.34969Z,1.3795,1.3796,0.0001,1.37955,-0.4288782462657855209506937064
XRP-USD,2026-08-28T20:33:40.392914Z,1.3795,1.3796,0.0001,1.37955,-0.4288782462657855209506937064
XRP-USD,2026-08-28T20:33:40.46015Z,1.3795,1.3796,0.0001,1.37955,-0.4237172162279940850840083498
XRP-USD,2026-08-28T20:33:40.498678Z,1.3795,1.3796,0.0001,1.37955,-0.4237172162279940850840083498
XRP-USD,2026-08-28T20:33:40.549854Z,1.3795,1.3796,0.0001,1.37955,-0.4237785643801342842421416233
XRP-USD,2026-08-28T20:33:40.602901Z,1.3795,1.3796,0.0001,1.37955,-0.4237785643801342842421416233
XRP-USD,2026-08-28T20:33:40.653827Z,1.3795,1.3796,0.0001,1.37955,-0.4237785643801342842421416233
XRP-USD,2026-08-28T20:33:40.709968Z,1.3795,1.3796,0.0001,1.37955,-0.4237785643801342842421416233
XRP-USD,2026-08-28T20:33:40.772247Z,1.3795,1.3796,0.0001,1.37955,-0.4237785643801342842421416233
XRP-USD,2026-08-28T20:33:41.024754Z,1.3795,1.3796,0.0001,1.37955,-0.4237785643801342842421416233
XRP-USD,2026-08-28T20:33:41.081446Z,1.3795,1.3796,0.0001,1.37955,-0.4237785643801342842421416233
XRP-USD,2026-08-28T20:33:41.090201Z,1.3795,1.3796,0.0001,1.37955,-0.4237785643801342842421416233
XRP-USD,2026-08-28T20:33:41.14895Z,1.3795,1.3796,0.0001,1.37955,-0.4237785643801342842421416233
XRP-USD,2026-08-28T20:33:41.301706Z,1.3795,1.3796,0.0001,1.37955,-0.4237785643801342842421416233
XRP-USD,2026-08-28T20:33:41.351437Z,1.3795,1.3796,0.0001,1.37955,-0.4237552925184555021747317256
XRP-USD,2026-08-28T20:33:41.424198Z,1.3795,1.3796,0.0001,1.37955,-0.2711450858281856994218588638
XRP-USD,2026-08-28T20:33:41.470087Z,1.3795,1.3796,0.0001,1.37955,-0.4277053750317021741234618253
XRP-USD,2026-08-28T20:33:41.538332Z,1.3795,1.3796,0.0001,1.37955,-0.4277053750317021741234618253
XRP-USD,2026-08-28T20:33:41.651572Z,1.3795,1.3796,0.0001,1.37955,-0.4277053750317021741234618253
XRP-USD,2026-08-28T20:33:41.71874Z,1.3795,1.3796,0.0001,1.37955,-0.4277053750317021741234618253
XRP-USD,2026-08-28T20:33:41.760105Z,1.3795,1.3796,0.0001,1.37955,-0.2908505473774289903870295775
XRP-USD,2026-08-28T20:33:41.802812Z,1.3795,1.3796,0.0001,1.37955,-0.2908505473774289903870295775
XRP-USD,2026-08-28T20:33:41.866027Z,1.3795,1.3796,0.0001,1.37955,-0.2631275150718054030071381934
XRP-USD,2026-08-28T20:33:41.914818Z,1.3795,1.3797,0.0002,1.3796,-0.5072049420024951400522961557
XRP-USD,2026-08-28T20:33:41.9276Z,1.3795,1.3797,0.0002,1.3796,-0.5069648336529018156828480241
XRP-USD,2026-08-28T20:33:42.008715Z,1.3794,1.3797,0.0003,1.37955,-0.3187206146929156927110290435
XRP-USD,2026-08-28T20:33:42.030517Z,1.3796,1.3797,0.0001,1.37965,-0.4854799148684477127641485443
XRP-USD,2026-08-28T20:33:42.161297Z,1.3796,1.3797,0.0001,1.37965,-0.4237883705682699692483462637
XRP-USD,2026-08-28T20:33:42.196965Z,1.3796,1.3797,0.0001,1.37965,-0.4237883705682699692483462637
XRP-USD,2026-08-28T20:33:42.266355Z,1.3796,1.3797,0.0001,1.37965,-0.4237883705682699692483462637
XRP-USD,2026-08-28T20:33:42.291558Z,1.3796,1.3797,0.0001,1.37965,-0.4237883705682699692483462637
XRP-USD,2026-08-28T20:33:42.572684Z,1.3796,1.3797,0.0001,1.37965,-0.4117389309133774536607336261
XRP-USD,2026-08-28T20:33:42.607829Z,1.3796,1.3797,0.0001,1.37965,-0.4117389309133774536607336261
XRP-USD,2026-08-28T20:33:42.664858Z,1.3796,1.3797,0.0001,1.37965,-0.4185126635898105387903314049
XRP-USD,2026-08-28T20:33:42.700419Z,1.3796,1.3797,0.0001,1.37965,-0.4300346335224252113078871531
XRP-USD,2026-08-28T20:33:42.777792Z,1.3796,1.3797,0.0001,1.37965,-0.4301045269651936789729165405
XRP-USD,2026-08-28T20:33:42.913338Z,1.3793,1.3796,0.0003,1.37945,-0.2381656058132097056514288947
XRP-USD,2026-08-28T20:33:42.998539Z,1.3793,1.3796,0.0003,1.37945,-0.3337318645923675058025847715
XRP-USD,2026-08-28T20:33:43.070034Z,1.3794,1.3795,0.0001,1.37945,-0.3902800741867143745633884177
XRP-USD,2026-08-28T20:33:43.140777Z,1.3794,1.3795,0.0001,1.37945,-0.4023175055231713414731257889
XRP-USD,2026-08-28T20:33:43.194115Z,1.3794,1.3795,0.0001,1.37945,-0.4023175055231713414731257889
XRP-USD,2026-08-28T20:33:43.270609Z,1.3794,1.3795,0.0001,1.37945,-0.4023175055231713414731257889
XRP-USD,2026-08-28T20:33:43.302696Z,1.3794,1.3795,0.0001,1.37945,-0.4023175055231713414731257889
XRP-USD,2026-08-28T20:33:43.47024Z,1.3794,1.3795,0.0001,1.37945,-0.4408037980000003715520453647
XRP-USD,2026-08-28T20:33:43.779044Z,1.3794,1.3795,0.0001,1.37945,-0.4471683570851162022067792396
XRP-USD,2026-08-28T20:33:43.833251Z,1.3794,1.3795,0.0001,1.37945,-0.4471683570851162022067792396
XRP-USD,2026-08-28T20:33:43.85473Z,1.3794,1.3795,0.0001,1.37945,-0.4471683570851162022067792396
XRP-USD,2026-08-28T20:33:43.929217Z,1.3794,1.3795,0.0001,1.37945,-0.4471683570851162022067792396
XRP-USD,2026-08-28T20:33:43.940948Z,1.3794,1.3795,0.0001,1.37945,-0.4471683570851162022067792396
XRP-USD,2026-08-28T20:33:44.020426Z,1.3794,1.3795,0.0001,1.37945,-0.4838224565075742017284827482
XRP-USD,2026-08-28T20:33:44.064137Z,1.3794,1.3795,0.0001,1.37945,-0.4779996761254358419737826374
XRP-USD,2026-08-28T20:33:44.110501Z,1.3794,1.3795,0.0001,1.37945,-0.4818324438122030773680061684
XRP-USD,2026-08-28T20:33:44.176541Z,1.3794,1.3795,0.0001,1.37945,-0.4818324438122030773680061684
XRP-USD,2026-08-28T20:33:44.215244Z,1.3794,1.3795,0.0001,1.37945,-0.4818324438122030773680061684
XRP-USD,2026-08-28T20:33:44.329821Z,1.3794,1.3795,0.0001,1.37945,-0.4818324438122030773680061684
XRP-USD,2026-08-28T20:33:44.429954Z,1.3794,1.3795,0.0001,1.37945,-0.4818324438122030773680061684
XRP-USD,2026-08-28T20:33:44.475643Z,1.3794,1.3795,0.0001,1.37945,-0.4903878965018039995467443344
XRP-USD,2026-08-28T20:33:44.524931Z,1.3794,1.3795,0.0001,1.37945,-0.4953125569752895434480332146
XRP-USD,2026-08-28T20:33:44.672517Z,1.3794,1.3795,0.0001,1.37945,-0.3464573010999309568288294444
XRP-USD,2026-08-28T20:33:44.749369Z,1.3794,1.3795,0.0001,1.37945,-0.3574444232880111465197633601
XRP-USD,2026-08-28T20:33:44.806313Z,1.3793,1.3795,0.0002,1.3794,-0.3939228587159121822871331158
XRP-USD,2026-08-28T20:33:44.861701Z,1.3793,1.3795,0.0002,1.3794,-0.3939228587159121822871331158
XRP-USD,2026-08-28T20:33:44.909397Z,1.3793,1.3795,0.0002,1.3794,-0.3939228587159121822871331158
XRP-USD,2026-08-28T20:33:44.960301Z,1.3793,1.3795,0.0002,1.3794,-0.3939228587159121822871331158
XRP-USD,2026-08-28T20:33:44.989888Z,1.3793,1.3795,0.0002,1.3794,-0.3939847537602570269149648373
XRP-USD,2026-08-28T20:33:45.035472Z,1.3793,1.3795,0.0002,1.3794,-0.3939847537602570269149648373
XRP-USD,2026-08-28T20:33:45.129013Z,1.3793,1.3795,0.0002,1.3794,-0.3939781842690467541639384784
XRP-USD,2026-08-28T20:33:45.173963Z,1.3793,1.3795,0.0002,1.3794,-0.3939781842690467541639384784
XRP-USD,2026-08-28T20:33:45.321861Z,1.3793,1.3795,0.0002,1.3794,-0.3939781842690467541639384784
XRP-USD,2026-08-28T20:33:45.366628Z,1.3793,1.3795,0.0002,1.3794,-0.3939781842690467541639384784
XRP-USD,2026-08-28T20:33:45.447587Z,1.3793,1.3795,0.0002,1.3794,-0.3980710130044312994684452419
XRP-USD,2026-08-28T20:33:45.529135Z,1.3793,1.3795,0.0002,1.3794,-0.3980710130044312994684452419
XRP-USD,2026-08-28T20:33:45.53526Z,1.3793,1.3795,0.0002,1.3794,-0.3980710130044312994684452419
XRP-USD,2026-08-28T20:33:45.656149Z,1.3793,1.3795,0.0002,1.3794,-0.4884932772317636291959458373
XRP-USD,2026-08-28T20:33:45.765864Z,1.3793,1.3794,0.0001,1.37935,-0.6102967278119604354077167004
XRP-USD,2026-08-28T20:33:45.9585Z,1.3793,1.3794,0.0001,1.37935,-0.6058346025617304662394817168
XRP-USD,2026-08-28T20:33:46.083355Z,1.3793,1.3794,0.0001,1.37935,-0.6171191863302258397527195787
XRP-USD,2026-08-28T20:33:46.116184Z,1.3793,1.3794,0.0001,1.37935,-0.6171656104500901896163405515
XRP-USD,2026-08-28T20:33:46.160346Z,1.3793,1.3794,0.0001,1.37935,-0.6171656104500901896163405515
XRP-USD,2026-08-28T20:33:46.35577Z,1.3793,1.3794,0.0001,1.37935,-0.6171656104500901896163405515
XRP-USD,2026-08-28T20:33:46.418939Z,1.3793,1.3794,0.0001,1.37935,-0.6130506004732320689142697448
XRP-USD,2026-08-28T20:33:46.451098Z,1.3793,1.3794,0.0001,1.37935,-0.6130506004732320689142697448
XRP-USD,2026-08-28T20:33:46.499682Z,1.3793,1.3794,0.0001,1.37935,-0.6130506004732320689142697448
XRP-USD,2026-08-28T20:33:46.570568Z,1.3793,1.3794,0.0001,1.37935,-0.6126903790477927145147291709
XRP-USD,2026-08-28T20:33:46.609347Z,1.3793,1.3794,0.0001,1.37935,-0.6126903790477927145147291709
XRP-USD,2026-08-28T20:33:46.645092Z,1.3793,1.3794,0.0001,1.37935,-0.6126903790477927145147291709
XRP-USD,2026-08-28T20:33:46.732669Z,1.3793,1.3794,0.0001,1.37935,-0.6126903790477927145147291709
XRP-USD,2026-08-28T20:33:46.739877Z,1.3793,1.3794,0.0001,1.37935,-0.3841329628250610829094757166
XRP-USD,2026-08-28T20:33:46.812317Z,1.3793,1.3794,0.0001,1.37935,-0.2620130942941989099224358264
XRP-USD,2026-08-28T20:33:46.852216Z,1.3793,1.3794,0.0001,1.37935,-0.4069655747204706187202122108
XRP-USD,2026-08-28T20:33:46.897142Z,1.3793,1.3794,0.0001,1.37935,-0.4069655747204706187202122108
XRP-USD,2026-08-28T20:33:47.02407Z,1.3793,1.3794,0.0001,1.37935,-0.4069655747204706187202122108
XRP-USD,2026-08-28T20:33:47.065483Z,1.3793,1.3794,0.0001,1.37935,-0.2307168246391193420131144608
XRP-USD,2026-08-28T20:33:47.111144Z,1.3793,1.3794,0.0001,1.37935,-0.2359424333554728876473983399
XRP-USD,2026-08-28T20:33:47.172132Z,1.3793,1.3794,0.0001,1.37935,-0.4186451923677846076316500735
XRP-USD,2026-08-28T20:33:47.214454Z,1.3793,1.3794,0.0001,1.37935,-0.4409497912251171703424220986
XRP-USD,2026-08-28T20:33:47.264951Z,1.3792,1.3793,0.0001,1.37925,0.06979125542302927364586783313
XRP-USD,2026-08-28T20:33:47.299377Z,1.3792,1.3793,0.0001,1.37925,0.06979125542302927364586783313
XRP-USD,2026-08-28T20:33:47.372143Z,1.3792,1.3793,0.0001,1.37925,0.06157294206828895726548948180
XRP-USD,2026-08-28T20:33:47.398475Z,1.3792,1.3793,0.0001,1.37925,0.05347993497492678355765695510
XRP-USD,2026-08-28T20:33:47.472519Z,1.3792,1.3793,0.0001,1.37925,0.05560387927919339306912757736
XRP-USD,2026-08-28T20:33:47.51367Z,1.3792,1.3793,0.0001,1.37925,0.05560387927919339306912757736
XRP-USD,2026-08-28T20:33:47.562254Z,1.3792,1.3793,0.0001,1.37925,0.05560387927919339306912757736
XRP-USD,2026-08-28T20:33:47.631971Z,1.3792,1.3793,0.0001,1.37925,0.05560387927919339306912757736
XRP-USD,2026-08-28T20:33:47.674112Z,1.3792,1.3793,0.0001,1.37925,0.03090523727225825112956577975
XRP-USD,2026-08-28T20:33:47.722209Z,1.3792,1.3793,0.0001,1.37925,0.03090523727225825112956577975
XRP-USD,2026-08-28T20:33:47.74975Z,1.3792,1.3793,0.0001,1.37925,0.03090523727225825112956577975
XRP-USD,2026-08-28T20:33:47.82869Z,1.3792,1.3793,0.0001,1.37925,0.03090523727225825112956577975
XRP-USD,2026-08-28T20:33:47.918184Z,1.3792,1.3793,0.0001,1.37925,0.2689498009497452432097752171
XRP-USD,2026-08-28T20:33:47.970649Z,1.3792,1.3793,0.0001,1.37925,-0.002862517797739029630211534896
XRP-USD,2026-08-28T20:33:48.006459Z,1.379,1.3793,0.0003,1.37915,0.1772710598727381042237351958
XRP-USD,2026-08-28T20:33:48.068237Z,1.379,1.3793,0.0003,1.37915,0.1751874749998910918298145058
XRP-USD,2026-08-28T20:33:48.128509Z,1.379,1.3792,0.0002,1.3791,0.3069342934369071264934599488
XRP-USD,2026-08-28T20:33:48.171053Z,1.3792,1.3793,0.0001,1.37925,-0.1408170224484753321359627405
XRP-USD,2026-08-28T20:33:48.216159Z,1.3792,1.3793,0.0001,1.37925,-0.3538585191828964917412831418
XRP-USD,2026-08-28T20:33:48.253509Z,1.3792,1.3793,0.0001,1.37925,0.2632608153685005321317333356
XRP-USD,2026-08-28T20:33:48.273238Z,1.3792,1.3793,0.0001,1.37925,0.2632608153685005321317333356
XRP-USD,2026-08-28T20:33:48.370126Z,1.3792,1.3793,0.0001,1.37925,0.1628848157801094267111834426
XRP-USD,2026-08-28T20:33:48.485107Z,1.3792,1.3793,0.0001,1.37925,0.2528430947669182233915065659
XRP-USD,2026-08-28T20:33:48.540719Z,1.3792,1.3793,0.0001,1.37925,0.2528430947669182233915065659
XRP-USD,2026-08-28T20:33:48.626882Z,1.3792,1.3793,0.0001,1.37925,0.2528430947669182233915065659
XRP-USD,2026-08-28T20:33:48.712713Z,1.3792,1.3793,0.0001,1.37925,0.2528430947669182233915065659
XRP-USD,2026-08-28T20:33:48.785948Z,1.3792,1.3793,0.0001,1.37925,0.2583836400859185399084395715
XRP-USD,2026-08-28T20:33:48.805005Z,1.3792,1.3794,0.0002,1.3793,0.003453524763735107005298176074
XRP-USD,2026-08-28T20:33:48.865918Z,1.3792,1.3794,0.0002,1.3793,0.003453524763735107005298176074
XRP-USD,2026-08-28T20:33:48.869894Z,1.3792,1.3794,0.0002,1.3793,0.003453524763735107005298176074
XRP-USD,2026-08-28T20:33:49.023608Z,1.3792,1.3794,0.0002,1.3793,0.003453524763735107005298176074
XRP-USD,2026-08-28T20:33:49.077285Z,1.3792,1.3794,0.0002,1.3793,0.003546209715347783406303309449
XRP-USD,2026-08-28T20:33:49.131317Z,1.3792,1.3794,0.0002,1.3793,-0.05569025881961015790854314075
XRP-USD,2026-08-28T20:33:49.172335Z,1.3792,1.3794,0.0002,1.3793,-0.3713226838518165271942430702
XRP-USD,2026-08-28T20:33:49.221829Z,1.3794,1.3796,0.0002,1.3795,-0.2859854542874717037586365144
XRP-USD,2026-08-28T20:33:49.271463Z,1.3795,1.3796,0.0001,1.37955,-0.7655487275341391975424570353
XRP-USD,2026-08-28T20:33:49.314132Z,1.3795,1.3796,0.0001,1.37955,-0.7650099421289606131399403162
XRP-USD,2026-08-28T20:33:49.347781Z,1.3795,1.3796,0.0001,1.37955,-0.7715206174834939269437526006
XRP-USD,2026-08-28T20:33:49.398164Z,1.3795,1.3796,0.0001,1.37955,-0.7750008716585184684028330387
XRP-USD,2026-08-28T20:33:49.48175Z,1.3795,1.3796,0.0001,1.37955,-0.7756373513492168356169485114
XRP-USD,2026-08-28T20:33:49.534681Z,1.3795,1.3796,0.0001,1.37955,-0.7386754870007392122836383365
XRP-USD,2026-08-28T20:33:49.580711Z,1.3795,1.3796,0.0001,1.37955,-0.7121226390359620091580512124
XRP-USD,2026-08-28T20:33:49.618916Z,1.3795,1.3796,0.0001,1.37955,-0.5080426013757201812907242598
XRP-USD,2026-08-28T20:33:49.661713Z,1.3795,1.3796,0.0001,1.37955,-0.5080426013757201812907242598
XRP-USD,2026-08-28T20:33:49.724945Z,1.3795,1.3796,0.0001,1.37955,-0.7216521511709043750661160779
XRP-USD,2026-08-28T20:33:49.768038Z,1.3795,1.3796,0.0001,1.37955,-0.7259815517220237508221290706
XRP-USD,2026-08-28T20:33:49.820625Z,1.3795,1.3796,0.0001,1.37955,-0.7259815517220237508221290706
XRP-USD,2026-08-28T20:33:49.863489Z,1.3795,1.3796,0.0001,1.37955,-0.6580789340104558435471273737
XRP-USD,2026-08-28T20:33:49.881944Z,1.3795,1.3796,0.0001,1.37955,-0.6580789340104558435471273737
XRP-USD,2026-08-28T20:33:49.964716Z,1.3795,1.3796,0.0001,1.37955,-0.7305664347949132475049898785
XRP-USD,2026-08-28T20:33:50.026499Z,1.3795,1.3796,0.0001,1.37955,-0.7305332558566077686069017679
XRP-USD,2026-08-28T20:33:50.033217Z,1.3795,1.3796,0.0001,1.37955,-0.7305332558566077686069017679
XRP-USD,2026-08-28T20:33:50.115305Z,1.3793,1.3795,0.0002,1.3794,-0.3706032728864166507563153540
XRP-USD,2026-08-28T20:33:50.187511Z,1.3793,1.3795,0.0002,1.3794,-0.2797990691035514721951674550
XRP-USD,2026-08-28T20:33:50.222334Z,1.3793,1.3795,0.0002,1.3794,-0.2797990691035514721951674550
XRP-USD,2026-08-28T20:33:50.306497Z,1.3793,1.3795,0.0002,1.3794,-0.2875794162401727814172550103
XRP-USD,2026-08-28T20:33:50.379896Z,1.3794,1.3795,0.0001,1.37945,-0.5416149281946822612361076494
XRP-USD,2026-08-28T20:33:50.421247Z,1.3794,1.3795,0.0001,1.37945,-0.5272484279977144921841394858
XRP-USD,2026-08-28T20:33:50.474971Z,1.3794,1.3795,0.0001,1.37945,-0.5272484279977144921841394858
XRP-USD,2026-08-28T20:33:50.602982Z,1.3794,1.3795,0.0001,1.37945,-0.5272484279977144921841394858
XRP-USD,2026-08-28T20:33:50.680525Z,1.3794,1.3795,0.0001,1.37945,-0.5416149281946822612361076494
XRP-USD,2026-08-28T20:33:50.729434Z,1.3794,1.3795,0.0001,1.37945,-0.5416149281946822612361076494
XRP-USD,2026-08-28T20:33:50.76329Z,1.3794,1.3795,0.0001,1.37945,-0.5416149281946822612361076494
XRP-USD,2026-08-28T20:33:50.923429Z,1.3794,1.3795,0.0001,1.37945,-0.5277247816985870986824115580
XRP-USD,2026-08-28T20:33:51.022613Z,1.3794,1.3795,0.0001,1.37945,-0.5277247816985870986824115580
XRP-USD,2026-08-28T20:33:51.062489Z,1.3794,1.3795,0.0001,1.37945,-0.5276582957528561902689773498
XRP-USD,2026-08-28T20:33:51.139363Z,1.3794,1.3795,0.0001,1.37945,-0.5276582957528561902689773498
XRP-USD,2026-08-28T20:33:51.215239Z,1.3794,1.3795,0.0001,1.37945,-0.5276582957528561902689773498
XRP-USD,2026-08-28T20:33:51.273942Z,1.3794,1.3795,0.0001,1.37945,-0.5276582957528561902689773498
XRP-USD,2026-08-28T20:33:51.278526Z,1.3794,1.3795,0.0001,1.37945,-0.5276582957528561902689773498
XRP-USD,2026-08-28T20:33:51.364378Z,1.3794,1.3795,0.0001,1.37945,-0.5276582957528561902689773498
XRP-USD,2026-08-28T20:33:51.407463Z,1.3794,1.3795,0.0001,1.37945,-0.5755932888212451055404686559
XRP-USD,2026-08-28T20:33:51.412314Z,1.3794,1.3795,0.0001,1.37945,-0.5755932888212451055404686559
XRP-USD,2026-08-28T20:33:51.512387Z,1.3794,1.3795,0.0001,1.37945,-0.5755932888212451055404686559
XRP-USD,2026-08-28T20:33:51.522017Z,1.3794,1.3795,0.0001,1.37945,-0.5755932888212451055404686559
XRP-USD,2026-08-28T20:33:51.677207Z,1.3794,1.3795,0.0001,1.37945,-0.5755932888212451055404686559
XRP-USD,2026-08-28T20:33:51.691542Z,1.3794,1.3795,0.0001,1.37945,-0.5663074704908757514130614241
XRP-USD,2026-08-28T20:33:51.784275Z,1.3794,1.3795,0.0001,1.37945,-0.2715838153835502686689216889
XRP-USD,2026-08-28T20:33:51.824044Z,1.3794,1.3795,0.0001,1.37945,-0.2715838153835502686689216889
XRP-USD,2026-08-28T20:33:51.866161Z,1.3794,1.3795,0.0001,1.37945,-0.2715838153835502686689216889
XRP-USD,2026-08-28T20:33:51.925505Z,1.3794,1.3795,0.0001,1.37945,-0.2586057138690788564379657961
XRP-USD,2026-08-28T20:33:51.955981Z,1.3794,1.3795,0.0001,1.37945,-0.2513528477566752567563126109
XRP-USD,2026-08-28T20:33:52.021623Z,1.3794,1.3795,0.0001,1.37945,-0.2513528477566752567563126109
XRP-USD,2026-08-28T20:33:52.058452Z,1.3794,1.3795,0.0001,1.37945,-0.06293658846634742987193437438
XRP-USD,2026-08-28T20:33:52.096853Z,1.3794,1.3795,0.0001,1.37945,-0.06293658846634742987193437438
XRP-USD,2026-08-28T20:33:52.17341Z,1.3794,1.3796,0.0002,1.3795,-0.2702374431431504430461393374
XRP-USD,2026-08-28T20:33:52.262972Z,1.3794,1.3796,0.0002,1.3795,-0.2773352054396702693526474960
XRP-USD,2026-08-28T20:33:52.3258Z,1.3794,1.3796,0.0002,1.3795,-0.2773352054396702693526474960
XRP-USD,2026-08-28T20:33:52.455184Z,1.3794,1.3796,0.0002,1.3795,-0.2774182713499872905369524992
XRP-USD,2026-08-28T20:33:52.520378Z,1.3794,1.3796,0.0002,1.3795,-0.3882693401049903217174119950
XRP-USD,2026-08-28T20:33:52.570464Z,1.3794,1.3796,0.0002,1.3795,-0.3882693401049903217174119950
XRP-USD,2026-08-28T20:33:52.926766Z,1.3794,1.3796,0.0002,1.3795,-0.2680874804466065458296872409
XRP-USD,2026-08-28T20:33:52.968494Z,1.3794,1.3796,0.0002,1.3795,-0.2680874804466065458296872409
XRP-USD,2026-08-28T20:33:53.022792Z,1.3794,1.3796,0.0002,1.3795,-0.2680874804466065458296872409
XRP-USD,2026-08-28T20:33:53.028166Z,1.3794,1.3796,0.0002,1.3795,-0.2680039565483730849584117593
XRP-USD,2026-08-28T20:33:53.115136Z,1.3794,1.3796,0.0002,1.3795,-0.2762473020301782851717088260
XRP-USD,2026-08-28T20:33:53.154121Z,1.3794,1.3796,0.0002,1.3795,-0.2394619492331928389887456804
XRP-USD,2026-08-28T20:33:53.278491Z,1.3794,1.3796,0.0002,1.3795,-0.2129807534797180822918788478
XRP-USD,2026-08-28T20:33:53.312787Z,1.3794,1.3796,0.0002,1.3795,-0.2012962742519333324800475467
XRP-USD,2026-08-28T20:33:53.417351Z,1.3795,1.3797,0.0002,1.3796,-0.5850681622125552816518957852
XRP-USD,2026-08-28T20:33:53.459592Z,1.3796,1.3798,0.0002,1.3797,-0.4877987997251136569488314389
XRP-USD,2026-08-28T20:33:53.510551Z,1.3796,1.3798,0.0002,1.3797,-0.5718737160877690010309064923
XRP-USD,2026-08-28T20:33:53.560401Z,1.3796,1.3798,0.0002,1.3797,-0.6010732567730647376738268430
XRP-USD,2026-08-28T20:33:53.613659Z,1.3797,1.3798,0.0001,1.37975,-0.3942250297045196546483944232
XRP-USD,2026-08-28T20:33:53.66225Z,1.3797,1.3798,0.0001,1.37975,-0.3942250297045196546483944232
XRP-USD,2026-08-28T20:33:53.67004Z,1.3797,1.3798,0.0001,1.37975,-0.3942250297045196546483944232
XRP-USD,2026-08-28T20:33:53.769345Z,1.3797,1.3798,0.0001,1.37975,-0.3942118426180966174170067018
XRP-USD,2026-08-28T20:33:53.78911Z,1.3797,1.3798,0.0001,1.37975,-0.3942118426180966174170067018
XRP-USD,2026-08-28T20:33:53.841015Z,1.3797,1.3798,0.0001,1.37975,-0.3942118426180966174170067018
XRP-USD,2026-08-28T20:33:53.945341Z,1.3797,1.3798,0.0001,1.37975,-0.4193305974207228457193585424
XRP-USD,2026-08-28T20:33:54.030449Z,1.3797,1.3798,0.0001,1.37975,-0.4256081091132257657384353853
XRP-USD,2026-08-28T20:33:54.061333Z,1.3797,1.3798,0.0001,1.37975,-0.4256081091132257657384353853
XRP-USD,2026-08-28T20:33:54.122721Z,1.3797,1.3798,0.0001,1.37975,-0.7225998039923329515956921778
XRP-USD,2026-08-28T20:33:54.214464Z,1.3797,1.3798,0.0001,1.37975,-0.6855668504320918787961567854
XRP-USD,2026-08-28T20:33:54.431661Z,1.3797,1.3798,0.0001,1.37975,-0.6855668504320918787961567854
XRP-USD,2026-08-28T20:33:54.504105Z,1.3797,1.3798,0.0001,1.37975,-0.6855668504320918787961567854
XRP-USD,2026-08-28T20:33:54.543251Z,1.3797,1.3798,0.0001,1.37975,-0.6855668504320918787961567854
XRP-USD,2026-08-28T20:33:54.596118Z,1.3797,1.3798,0.0001,1.37975,-0.6856137247024318121841846062
XRP-USD,2026-08-28T20:33:54.675019Z,1.3797,1.3798,0.0001,1.37975,-0.6856137247024318121841846062
XRP-USD,2026-08-28T20:33:54.718822Z,1.3797,1.3798,0.0001,1.37975,-0.7018531598824238770382608837
XRP-USD,2026-08-28T20:33:54.742495Z,1.3797,1.3798,0.0001,1.37975,-0.7018531598824238770382608837
XRP-USD,2026-08-28T20:33:54.815612Z,1.3797,1.3798,0.0001,1.37975,-0.7018531598824238770382608837
XRP-USD,2026-08-28T20:33:54.868959Z,1.3797,1.3798,0.0001,1.37975,-0.7018531598824238770382608837
XRP-USD,2026-08-28T20:33:54.917694Z,1.3797,1.3798,0.0001,1.37975,-0.7018531598824238770382608837
XRP-USD,2026-08-28T20:33:54.97495Z,1.3797,1.3798,0.0001,1.37975,-0.6704668363148856650286616996
XRP-USD,2026-08-28T20:33:55.021042Z,1.3797,1.3798,0.0001,1.37975,-0.6661892093240411257515207335
XRP-USD,2026-08-28T20:33:55.265063Z,1.3797,1.3798,0.0001,1.37975,-0.6661892093240411257515207335
XRP-USD,2026-08-28T20:33:55.378961Z,1.3797,1.3798,0.0001,1.37975,-0.6661892093240411257515207335
XRP-USD,2026-08-28T20:33:55.480331Z,1.3797,1.3798,0.0001,1.37975,-0.7200087908199581648682037572
XRP-USD,2026-08-28T20:33:55.490269Z,1.3797,1.3798,0.0001,1.37975,-0.7200087908199581648682037572
XRP-USD,2026-08-28T20:33:55.57223Z,1.3796,1.3798,0.0002,1.3797,-0.6011641199855670888792337160
XRP-USD,2026-08-28T20:33:55.583614Z,1.3796,1.3798,0.0002,1.3797,-0.6011641199855670888792337160
XRP-USD,2026-08-28T20:33:55.670843Z,1.3796,1.3798,0.0002,1.3797,-0.6011641199855670888792337160
XRP-USD,2026-08-28T20:33:55.704584Z,1.3796,1.3798,0.0002,1.3797,-0.6011641199855670888792337160
XRP-USD,2026-08-28T20:33:55.786115Z,1.3796,1.3798,0.0002,1.3797,-0.6011609910327862830893438985
XRP-USD,2026-08-28T20:33:55.868138Z,1.3796,1.3798,0.0002,1.3797,-0.5838191527690562065216155460
XRP-USD,2026-08-28T20:33:55.899548Z,1.3796,1.3798,0.0002,1.3797,-0.5838191527690562065216155460
XRP-USD,2026-08-28T20:33:55.970529Z,1.3796,1.3798,0.0002,1.3797,-0.5838191527690562065216155460
XRP-USD,2026-08-28T20:33:56.030744Z,1.3796,1.3798,0.0002,1.3797,-0.5837653741264963238923932669
XRP-USD,2026-08-28T20:33:56.058079Z,1.3796,1.3798,0.0002,1.3797,-0.5837653741264963238923932669
XRP-USD,2026-08-28T20:33:56.124142Z,1.3796,1.3798,0.0002,1.3797,-0.5837653741264963238923932669
XRP-USD,2026-08-28T20:33:56.166766Z,1.3796,1.3798,0.0002,1.3797,-0.5837653741264963238923932669
XRP-USD,2026-08-28T20:33:56.208829Z,1.3796,1.3798,0.0002,1.3797,-0.5837653741264963238923932669
XRP-USD,2026-08-28T20:33:56.313864Z,1.3796,1.3798,0.0002,1.3797,-0.5837653741264963238923932669
XRP-USD,2026-08-28T20:33:56.374025Z,1.3796,1.3798,0.0002,1.3797,-0.6124412832761159876650270722
XRP-USD,2026-08-28T20:33:56.378426Z,1.3796,1.3798,0.0002,1.3797,-0.6124412832761159876650270722
XRP-USD,2026-08-28T20:33:56.407361Z,1.3796,1.3798,0.0002,1.3797,-0.5616738957748130845916685517
XRP-USD,2026-08-28T20:33:56.521272Z,1.3796,1.3798,0.0002,1.3797,-0.5616738957748130845916685517
XRP-USD,2026-08-28T20:33:56.564692Z,1.3796,1.3798,0.0002,1.3797,-0.5790897442920437562026583338
XRP-USD,2026-08-28T20:33:56.614359Z,1.3796,1.3798,0.0002,1.3797,-0.5790897442920437562026583338
XRP-USD,2026-08-28T20:33:56.657535Z,1.3796,1.3798,0.0002,1.3797,-0.5790897442920437562026583338
XRP-USD,2026-08-28T20:33:56.69065Z,1.3796,1.3798,0.0002,1.3797,-0.5790897442920437562026583338
XRP-USD,2026-08-28T20:33:56.775559Z,1.3796,1.3798,0.0002,1.3797,-0.5790897442920437562026583338
XRP-USD,2026-08-28T20:33:56.834047Z,1.3795,1.3797,0.0002,1.3796,-0.09236319479587099096219974788
XRP-USD,2026-08-28T20:33:56.8448Z,1.3795,1.3797,0.0002,1.3796,-0.09249906776640167187355989935
XRP-USD,2026-08-28T20:33:56.925193Z,1.3796,1.3798,0.0002,1.3797,-0.5601825216383245082948559199
XRP-USD,2026-08-28T20:33:56.968326Z,1.3796,1.3798,0.0002,1.3797,-0.5601825216383245082948559199
XRP-USD,2026-08-28T20:33:57.066689Z,1.3796,1.3798,0.0002,1.3797,-0.5553642981443972120042476836
XRP-USD,2026-08-28T20:33:57.127776Z,1.3796,1.3798,0.0002,1.3797,-0.6522496810986550528057503095
XRP-USD,2026-08-28T20:33:57.224257Z,1.3796,1.3798,0.0002,1.3797,-0.6522496810986550528057503095
XRP-USD,2026-08-28T20:33:57.270412Z,1.3796,1.3798,0.0002,1.3797,-0.6522496810986550528057503095
XRP-USD,2026-08-28T20:33:57.27653Z,1.3796,1.3798,0.0002,1.3797,-0.6522496810986550528057503095
XRP-USD,2026-08-28T20:33:57.373237Z,1.3796,1.3798,0.0002,1.3797,-0.6522496810986550528057503095
XRP-USD,2026-08-28T20:33:57.504913Z,1.3796,1.3798,0.0002,1.3797,-0.6522496810986550528057503095
XRP-USD,2026-08-28T20:33:57.632754Z,1.3796,1.3798,0.0002,1.3797,-0.6705739500615117021610760039
XRP-USD,2026-08-28T20:33:57.651385Z,1.3796,1.3798,0.0002,1.3797,-0.6950578592193243839772411057
XRP-USD,2026-08-28T20:33:57.694585Z,1.3796,1.3798,0.0002,1.3797,-0.6950578592193243839772411057
XRP-USD,2026-08-28T20:33:57.806343Z,1.3796,1.3798,0.0002,1.3797,-0.6950578592193243839772411057
XRP-USD,2026-08-28T20:33:57.884185Z,1.3796,1.3798,0.0002,1.3797,-0.7070728895684818984616301081
XRP-USD,2026-08-28T20:33:57.927992Z,1.3797,1.3798,0.0001,1.37975,-0.6717276380652742133376654570
XRP-USD,2026-08-28T20:33:57.986346Z,1.3797,1.3798,0.0001,1.37975,-0.6593075770515628758931002432
XRP-USD,2026-08-28T20:33:58.031667Z,1.3797,1.3798,0.0001,1.37975,-0.6592693574686331911194753977
XRP-USD,2026-08-28T20:33:58.072929Z,1.3797,1.3798,0.0001,1.37975,-0.6592693574686331911194753977
XRP-USD,2026-08-28T20:33:58.2568Z,1.3797,1.3798,0.0001,1.37975,-0.6339881350005903033015551326
XRP-USD,2026-08-28T20:33:58.294927Z,1.3797,1.3798,0.0001,1.37975,-0.6339881350005903033015551326
XRP-USD,2026-08-28T20:33:58.356338Z,1.3797,1.3798,0.0001,1.37975,-0.6302930661433800798717673124
XRP-USD,2026-08-28T20:33:58.415993Z,1.3797,1.3798,0.0001,1.37975,-0.6302930661433800798717673124
XRP-USD,2026-08-28T20:33:58.540645Z,1.3797,1.3798,0.0001,1.37975,-0.6302930661433800798717673124
XRP-USD,2026-08-28T20:33:58.593443Z,1.3797,1.3798,0.0001,1.37975,-0.6302930661433800798717673124
XRP-USD,2026-08-28T20:33:58.822116Z,1.3797,1.3798,0.0001,1.37975,-0.6302930661433800798717673124
XRP-USD,2026-08-28T20:33:58.865718Z,1.3797,1.3798,0.0001,1.37975,-0.6682988243615576038513882162
XRP-USD,2026-08-28T20:33:58.899898Z,1.3797,1.3798,0.0001,1.37975,-0.6844225580958396306640013199
XRP-USD,2026-08-28T20:33:58.942563Z,1.3797,1.3798,0.0001,1.37975,-0.6844225580958396306640013199
XRP-USD,2026-08-28T20:33:59.023587Z,1.3797,1.3798,0.0001,1.37975,-0.6844225580958396306640013199
XRP-USD,2026-08-28T20:33:59.075104Z,1.3797,1.3798,0.0001,1.37975,-0.6844589377994653419388468889
XRP-USD,2026-08-28T20:33:59.13046Z,1.3797,1.3798,0.0001,1.37975,-0.6844589377994653419388468889
XRP-USD,2026-08-28T20:33:59.278208Z,1.3797,1.3798,0.0001,1.37975,-0.6101219557302299677392296047
XRP-USD,2026-08-28T20:33:59.304389Z,1.3797,1.3798,0.0001,1.37975,-0.6865887323762930422681916552
XRP-USD,2026-08-28T20:33:59.348263Z,1.3797,1.3798,0.0001,1.37975,-0.6865887323762930422681916552
XRP-USD,2026-08-28T20:33:59.465064Z,1.3797,1.3798,0.0001,1.37975,-0.6829372017530303870966026325
XRP-USD,2026-08-28T20:33:59.489262Z,1.3797,1.3798,0.0001,1.37975,-0.6701234987875649866515346725
XRP-USD,2026-08-28T20:33:59.663995Z,1.3797,1.3798,0.0001,1.37975,-0.6829372017530303870966026325
XRP-USD,2026-08-28T20:33:59.828964Z,1.3797,1.3798,0.0001,1.37975,-0.6872679111876816824682467207
XRP-USD,2026-08-28T20:33:59.926696Z,1.3794,1.3797,0.0003,1.37955,-0.1741630323821928952904455261
XRP-USD,2026-08-28T20:33:59.971992Z,1.3795,1.3797,0.0002,1.3796,-0.4085999663410268925677096494
XRP-USD,2026-08-28T20:34:00.022877Z,1.3794,1.3797,0.0003,1.37955,-0.1764255310140804196863845712
XRP-USD,2026-08-28T20:34:00.050586Z,1.3796,1.3797,0.0001,1.37965,-0.5227766908556088433850602480
XRP-USD,2026-08-28T20:34:00.086307Z,1.3796,1.3797,0.0001,1.37965,-0.5227766908556088433850602480
XRP-USD,2026-08-28T20:34:00.165095Z,1.3796,1.3797,0.0001,1.37965,-0.4983737860497237385993839741
XRP-USD,2026-08-28T20:34:00.234284Z,1.3796,1.3797,0.0001,1.37965,-0.5042215611119565124886295438
XRP-USD,2026-08-28T20:34:00.276043Z,1.3796,1.3797,0.0001,1.37965,-0.5042215611119565124886295438
XRP-USD,2026-08-28T20:34:00.304617Z,1.3796,1.3797,0.0001,1.37965,-0.5042215611119565124886295438
XRP-USD,2026-08-28T20:34:00.339886Z,1.3796,1.3797,0.0001,1.37965,-0.4983737860497237385993839741
XRP-USD,2026-08-28T20:34:00.453294Z,1.3796,1.3797,0.0001,1.37965,-0.5042215611119565124886295438
XRP-USD,2026-08-28T20:34:00.518521Z,1.3796,1.3797,0.0001,1.37965,-0.5042215611119565124886295438
XRP-USD,2026-08-28T20:34:00.575048Z,1.3796,1.3797,0.0001,1.37965,-0.5042215611119565124886295438
XRP-USD,2026-08-28T20:34:00.608651Z,1.3796,1.3797,0.0001,1.37965,-0.6995476085044921278869910333
XRP-USD,2026-08-28T20:34:00.716201Z,1.3796,1.3798,0.0002,1.3797,-0.7634912915109076274237067276
XRP-USD,2026-08-28T20:34:00.763678Z,1.3796,1.3798,0.0002,1.3797,-0.7634912915109076274237067276
XRP-USD,2026-08-28T20:34:00.811797Z,1.3794,1.3796,0.0002,1.3795,-0.3019127151053874067347359352
XRP-USD,2026-08-28T20:34:00.866235Z,1.3794,1.3796,0.0002,1.3795,-0.5502771698695881104558205834
XRP-USD,2026-08-28T20:34:00.921766Z,1.3793,1.3795,0.0002,1.3794,-0.1275873955816378486827750489
XRP-USD,2026-08-28T20:34:00.963404Z,1.3794,1.3796,0.0002,1.3795,-0.6055074453024992109879231042
XRP-USD,2026-08-28T20:34:01.004584Z,1.3793,1.3795,0.0002,1.3794,-0.1017494686676801851222316674
XRP-USD,2026-08-28T20:34:01.052437Z,1.3794,1.3796,0.0002,1.3795,-0.6162096991626092663940572589
XRP-USD,2026-08-28T20:34:01.109541Z,1.3794,1.3795,0.0001,1.37945,-0.1280252691299992497019195780
XRP-USD,2026-08-28T20:34:01.17412Z,1.3794,1.3796,0.0002,1.3795,-0.1475032273458206328648122342
XRP-USD,2026-08-28T20:34:01.216344Z,1.3794,1.3796,0.0002,1.3795,-0.08340192370853796351261058152
XRP-USD,2026-08-28T20:34:01.265058Z,1.3794,1.3796,0.0002,1.3795,-0.06666350302047798514094113057
XRP-USD,2026-08-28T20:34:01.280245Z,1.3794,1.3796,0.0002,1.3795,-0.07580700843859527285852384456
XRP-USD,2026-08-28T20:34:01.340528Z,1.3794,1.3796,0.0002,1.3795,-0.09159764007410072518543819346
XRP-USD,2026-08-28T20:34:01.44744Z,1.3794,1.3796,0.0002,1.3795,-0.07256627560920846949262891231
XRP-USD,2026-08-28T20:34:01.522301Z,1.3794,1.3796,0.0002,1.3795,-0.07256627560920846949262891231
XRP-USD,2026-08-28T20:34:01.563702Z,1.3794,1.3796,0.0002,1.3795,-0.07256627560920846949262891231
XRP-USD,2026-08-28T20:34:01.6222Z,1.3794,1.3796,0.0002,1.3795,-0.07256627560920846949262891231
XRP-USD,2026-08-28T20:34:01.635335Z,1.3794,1.3796,0.0002,1.3795,-0.07256627560920846949262891231
XRP-USD,2026-08-28T20:34:01.712134Z,1.3795,1.3796,0.0001,1.37955,-0.4091769977176208263248099856
XRP-USD,2026-08-28T20:34:01.754767Z,1.3795,1.3796,0.0001,1.37955,-0.4143286396161485962538917769
XRP-USD,2026-08-28T20:34:01.794643Z,1.3795,1.3796,0.0001,1.37955,-0.4143286396161485962538917769
XRP-USD,2026-08-28T20:34:01.882452Z,1.3795,1.3796,0.0001,1.37955,-0.4308684835994666514183425157
XRP-USD,2026-08-28T20:34:02.027076Z,1.3795,1.3796,0.0001,1.37955,-0.4233336322931468546595012254
XRP-USD,2026-08-28T20:34:02.057232Z,1.3795,1.3796,0.0001,1.37955,-0.4307797594392928858231903269
XRP-USD,2026-08-28T20:34:02.141114Z,1.3795,1.3796,0.0001,1.37955,-0.4307797594392928858231903269
XRP-USD,2026-08-28T20:34:02.147278Z,1.3795,1.3796,0.0001,1.37955,-0.4307797594392928858231903269
XRP-USD,2026-08-28T20:34:02.274366Z,1.3795,1.3796,0.0001,1.37955,-0.4497251443470157079035019734
XRP-USD,2026-08-28T20:34:02.282075Z,1.3795,1.3796,0.0001,1.37955,-0.05731886320934600581546627841
XRP-USD,2026-08-28T20:34:02.335231Z,1.3795,1.3796,0.0001,1.37955,-0.05731886320934600581546627841
XRP-USD,2026-08-28T20:34:02.389087Z,1.3795,1.3796,0.0001,1.37955,-0.4233336322931468546595012254
XRP-USD,2026-08-28T20:34:02.504645Z,1.3795,1.3796,0.0001,1.37955,-0.4233336322931468546595012254
XRP-USD,2026-08-28T20:34:02.620292Z,1.3795,1.3796,0.0001,1.37955,-0.4233336322931468546595012254
XRP-USD,2026-08-28T20:34:02.662704Z,1.3795,1.3796,0.0001,1.37955,-0.4233336322931468546595012254
XRP-USD,2026-08-28T20:34:02.677008Z,1.3795,1.3796,0.0001,1.37955,-0.4233336322931468546595012254
XRP-USD,2026-08-28T20:34:02.766135Z,1.3795,1.3796,0.0001,1.37955,-0.4233336322931468546595012254
XRP-USD,2026-08-28T20:34:02.839945Z,1.3795,1.3796,0.0001,1.37955,-0.4198572183723647446326371119
XRP-USD,2026-08-28T20:34:02.977172Z,1.3795,1.3796,0.0001,1.37955,-0.4198572183723647446326371119
XRP-USD,2026-08-28T20:34:03.022856Z,1.3795,1.3796,0.0001,1.37955,-0.4280982998058886909871200860
XRP-USD,2026-08-28T20:34:03.029285Z,1.3795,1.3796,0.0001,1.37955,-0.4280087097659413601701190663
XRP-USD,2026-08-28T20:34:03.086553Z,1.3795,1.3796,0.0001,1.37955,-0.4279590259691253488052670617
XRP-USD,2026-08-28T20:34:03.202361Z,1.3795,1.3796,0.0001,1.37955,-0.4279590259691253488052670617
XRP-USD,2026-08-28T20:34:03.322396Z,1.3795,1.3796,0.0001,1.37955,-0.4279590259691253488052670617
XRP-USD,2026-08-28T20:34:03.366822Z,1.3795,1.3796,0.0001,1.37955,-0.4004112830933414109675106104
XRP-USD,2026-08-28T20:34:03.42472Z,1.3795,1.3796,0.0001,1.37955,-0.4191805345372754768683678672
XRP-USD,2026-08-28T20:34:03.469944Z,1.3795,1.3796,0.0001,1.37955,-0.4191805345372754768683678672
XRP-USD,2026-08-28T20:34:03.508515Z,1.3795,1.3796,0.0001,1.37955,-0.4191805345372754768683678672
XRP-USD,2026-08-28T20:34:03.564348Z,1.3795,1.3796,0.0001,1.37955,-0.4191805345372754768683678672
XRP-USD,2026-08-28T20:34:03.61826Z,1.3795,1.3796,0.0001,1.37955,-0.4189289848892456755399622411
XRP-USD,2026-08-28T20:34:03.648839Z,1.3795,1.3796,0.0001,1.37955,-0.4189289848892456755399622411
XRP-USD,2026-08-28T20:34:03.734144Z,1.3795,1.3796,0.0001,1.37955,-0.4182089966773363434733324798
XRP-USD,2026-08-28T20:34:03.8222Z,1.3795,1.3796,0.0001,1.37955,-0.4182089966773363434733324798
XRP-USD,2026-08-28T20:34:03.872175Z,1.3795,1.3796,0.0001,1.37955,-0.4182089966773363434733324798
XRP-USD,2026-08-28T20:34:03.995009Z,1.3795,1.3796,0.0001,1.37955,-0.4182089966773363434733324798
XRP-USD,2026-08-28T20:34:04.02929Z,1.3795,1.3796,0.0001,1.37955,-0.4181162710267998065457667748
XRP-USD,2026-08-28T20:34:04.074355Z,1.3795,1.3796,0.0001,1.37955,-0.4181162710267998065457667748
XRP-USD,2026-08-28T20:34:04.226146Z,1.3795,1.3796,0.0001,1.37955,-0.4181162710267998065457667748
XRP-USD,2026-08-28T20:34:04.261862Z,1.3795,1.3796,0.0001,1.37955,-0.4181162710267998065457667748
XRP-USD,2026-08-28T20:34:04.339441Z,1.3795,1.3796,0.0001,1.37955,-0.4334728986216447702430644652
XRP-USD,2026-08-28T20:34:04.481034Z,1.3795,1.3796,0.0001,1.37955,-0.4335607950824545389346746879
XRP-USD,2026-08-28T20:34:04.52239Z,1.3795,1.3796,0.0001,1.37955,-0.5538869625111331156527720260
XRP-USD,2026-08-28T20:34:04.540481Z,1.3795,1.3796,0.0001,1.37955,-0.5584097050185566811858863284
XRP-USD,2026-08-28T20:34:04.619227Z,1.3795,1.3796,0.0001,1.37955,-0.5584097050185566811858863284
XRP-USD,2026-08-28T20:34:04.70622Z,1.3795,1.3796,0.0001,1.37955,-0.5538869625111331156527720260
XRP-USD,2026-08-28T20:34:04.776632Z,1.3795,1.3796,0.0001,1.37955,-0.4335607950824545389346746879
XRP-USD,2026-08-28T20:34:04.960246Z,1.3795,1.3796,0.0001,1.37955,-0.4335607950824545389346746879
XRP-USD,2026-08-28T20:34:04.984Z,1.3795,1.3796,0.0001,1.37955,-0.4408324405946627822595141334
XRP-USD,2026-08-28T20:34:05.032098Z,1.3795,1.3796,0.0001,1.37955,-0.4407467865552025833755413420
XRP-USD,2026-08-28T20:34:05.127904Z,1.3795,1.3796,0.0001,1.37955,-0.4407467865552025833755413420
XRP-USD,2026-08-28T20:34:05.174632Z,1.3795,1.3796,0.0001,1.37955,-0.4477547839253538478534254987
XRP-USD,2026-08-28T20:34:05.450516Z,1.3795,1.3796,0.0001,1.37955,-0.4334728986216447702430644652
XRP-USD,2026-08-28T20:34:05.497317Z,1.3795,1.3796,0.0001,1.37955,-0.4335607952279599016404575353
XRP-USD,2026-08-28T20:34:05.614913Z,1.3795,1.3796,0.0001,1.37955,-0.4408324407364562832844427716
XRP-USD,2026-08-28T20:34:05.64623Z,1.3795,1.3796,0.0001,1.37955,-0.4408324407364562832844427716
XRP-USD,2026-08-28T20:34:05.717484Z,1.3795,1.3796,0.0001,1.37955,-0.4408324407364562832844427716
XRP-USD,2026-08-28T20:34:05.750093Z,1.3795,1.3796,0.0001,1.37955,-0.4408324407364562832844427716
XRP-USD,2026-08-28T20:34:05.818147Z,1.3795,1.3796,0.0001,1.37955,-0.4408324407364562832844427716
XRP-USD,2026-08-28T20:34:05.828169Z,1.3795,1.3796,0.0001,1.37955,-0.4408324407364562832844427716
XRP-USD,2026-08-28T20:34:05.962629Z,1.3795,1.3796,0.0001,1.37955,-0.5584097051069890851552743751
XRP-USD,2026-08-28T20:34:06.021995Z,1.3795,1.3796,0.0001,1.37955,-0.5743708480395778786575630828
XRP-USD,2026-08-28T20:34:06.059129Z,1.3795,1.3796,0.0001,1.37955,-0.4407467865552025833755413420
XRP-USD,2026-08-28T20:34:06.113032Z,1.3795,1.3796,0.0001,1.37955,-0.5743188331759349823957728252
XRP-USD,2026-08-28T20:34:06.128668Z,1.3795,1.3796,0.0001,1.37955,-0.5583562868534350527877370571
XRP-USD,2026-08-28T20:34:06.191006Z,1.3795,1.3796,0.0001,1.37955,-0.5583562868534350527877370571
XRP-USD,2026-08-28T20:34:06.266248Z,1.3795,1.3796,0.0001,1.37955,-0.5627995963498895470550615050
XRP-USD,2026-08-28T20:34:06.372533Z,1.3793,1.3796,0.0003,1.37945,-0.06701272293365957403009630202
XRP-USD,2026-08-28T20:34:06.432189Z,1.3794,1.3796,0.0002,1.3795,-0.4764265331921458565089861093
XRP-USD,2026-08-28T20:34:06.529333Z,1.3794,1.3796,0.0002,1.3795,-0.5796919504541930176934790511
XRP-USD,2026-08-28T20:34:06.568193Z,1.3794,1.3796,0.0002,1.3795,-0.5809285942458082991189033289
XRP-USD,2026-08-28T20:34:06.737722Z,1.3794,1.3796,0.0002,1.3795,-0.4731202802057082172778598856
XRP-USD,2026-08-28T20:34:06.787456Z,1.3794,1.3796,0.0002,1.3795,-0.4731202802057082172778598856
XRP-USD,2026-08-28T20:34:06.833406Z,1.3794,1.3796,0.0002,1.3795,-0.2533524784686190398409472493
XRP-USD,2026-08-28T20:34:06.876477Z,1.3794,1.3795,0.0001,1.37945,-0.1774375118788940111417682014
XRP-USD,2026-08-28T20:34:06.979064Z,1.3794,1.3795,0.0001,1.37945,-0.1774375118788940111417682014
XRP-USD,2026-08-28T20:34:07.029942Z,1.3794,1.3795,0.0001,1.37945,-0.1774375118788940111417682014
XRP-USD,2026-08-28T20:34:07.082122Z,1.3794,1.3795,0.0001,1.37945,-0.1774375118788940111417682014
XRP-USD,2026-08-28T20:34:07.126372Z,1.3794,1.3795,0.0001,1.37945,-0.1694089017414553777613740410
XRP-USD,2026-08-28T20:34:07.146772Z,1.3794,1.3795,0.0001,1.37945,-0.1768261307602633665539530625
XRP-USD,2026-08-28T20:34:07.233988Z,1.3794,1.3795,0.0001,1.37945,-0.1713078619665429370222215788
XRP-USD,2026-08-28T20:34:07.367272Z,1.3794,1.3795,0.0001,1.37945,-0.1678483111526016353042379046
XRP-USD,2026-08-28T20:34:07.422345Z,1.3794,1.3795,0.0001,1.37945,-0.1678483111526016353042379046
XRP-USD,2026-08-28T20:34:07.624646Z,1.3794,1.3795,0.0001,1.37945,-0.1564972422984292107806481701
XRP-USD,2026-08-28T20:34:07.668243Z,1.3794,1.3795,0.0001,1.37945,0.03263713295987157673471688462
XRP-USD,2026-08-28T20:34:07.792295Z,1.3794,1.3796,0.0002,1.3795,-0.3984401599103161944594380169
XRP-USD,2026-08-28T20:34:08.036204Z,1.3794,1.3796,0.0002,1.3795,-0.3710438079223373265083165528
XRP-USD,2026-08-28T20:34:08.105829Z,1.3794,1.3796,0.0002,1.3795,-0.3710438079223373265083165528
XRP-USD,2026-08-28T20:34:08.208752Z,1.3795,1.3796,0.0001,1.37955,-0.5999637918134769381933025550
XRP-USD,2026-08-28T20:34:08.264552Z,1.3794,1.3796,0.0002,1.3795,-0.3710438080845808260534161767
XRP-USD,2026-08-28T20:34:08.432365Z,1.3794,1.3796,0.0002,1.3795,-0.3792456580111128177924307349
XRP-USD,2026-08-28T20:34:08.47163Z,1.3794,1.3796,0.0002,1.3795,-0.3792456580111128177924307349
XRP-USD,2026-08-28T20:34:08.622168Z,1.3795,1.3796,0.0001,1.37955,-0.6090529188709854902510845789
XRP-USD,2026-08-28T20:34:08.728536Z,1.3795,1.3796,0.0001,1.37955,-0.6089848020076743655502815679
XRP-USD,2026-08-28T20:34:08.771723Z,1.3795,1.3796,0.0001,1.37955,-0.6090457445076377666741462884
XRP-USD,2026-08-28T20:34:08.789147Z,1.3795,1.3796,0.0001,1.37955,-0.6090457445076377666741462884
XRP-USD,2026-08-28T20:34:08.902452Z,1.3795,1.3796,0.0001,1.37955,-0.6090457445076377666741462884
XRP-USD,2026-08-28T20:34:09.028925Z,1.3795,1.3796,0.0001,1.37955,-0.6090457445076377666741462884
XRP-USD,2026-08-28T20:34:09.070524Z,1.3795,1.3796,0.0001,1.37955,-0.6090457445076377666741462884
XRP-USD,2026-08-28T20:34:09.115344Z,1.3795,1.3796,0.0001,1.37955,-0.6090457445076377666741462884
XRP-USD,2026-08-28T20:34:09.206219Z,1.3795,1.3796,0.0001,1.37955,-0.4505854693344422086521824850
XRP-USD,2026-08-28T20:34:09.238907Z,1.3795,1.3796,0.0001,1.37955,-0.4505854693344422086521824850
XRP-USD,2026-08-28T20:34:09.442074Z,1.3795,1.3796,0.0001,1.37955,-0.4505854693344422086521824850
XRP-USD,2026-08-28T20:34:09.528768Z,1.3795,1.3796,0.0001,1.37955,-0.4420968853339039205026831465
XRP-USD,2026-08-28T20:34:09.582385Z,1.3795,1.3796,0.0001,1.37955,-0.4420968853339039205026831465
XRP-USD,2026-08-28T20:34:09.600209Z,1.3795,1.3796,0.0001,1.37955,-0.4419613224747357129113516985
XRP-USD,2026-08-28T20:34:09.734208Z,1.3795,1.3796,0.0001,1.37955,-0.4419613224747357129113516985
XRP-USD,2026-08-28T20:34:09.828828Z,1.3795,1.3796,0.0001,1.37955,-0.4419613224747357129113516985
XRP-USD,2026-08-28T20:34:09.843574Z,1.3795,1.3796,0.0001,1.37955,-0.4418757130133267142673215830
XRP-USD,2026-08-28T20:34:09.849648Z,1.3795,1.3796,0.0001,1.37955,-0.4418757130133267142673215830
XRP-USD,2026-08-28T20:34:09.869861Z,1.3795,1.3796,0.0001,1.37955,-0.4419613226542453767314933314
XRP-USD,2026-08-28T20:34:10.027636Z,1.3795,1.3796,0.0001,1.37955,-0.4419613226542453767314933314
XRP-USD,2026-08-28T20:34:10.130476Z,1.3795,1.3796,0.0001,1.37955,-0.4419613226542453767314933314
XRP-USD,2026-08-28T20:34:10.15839Z,1.3795,1.3796,0.0001,1.37955,-0.4419613226542453767314933314
XRP-USD,2026-08-28T20:34:10.309785Z,1.3795,1.3796,0.0001,1.37955,-0.4493749020339304225815522817
XRP-USD,2026-08-28T20:34:10.473532Z,1.3795,1.3796,0.0001,1.37955,-0.4423000306344513080433449771
XRP-USD,2026-08-28T20:34:10.565738Z,1.3795,1.3796,0.0001,1.37955,-0.4346934002351015271658540689
XRP-USD,2026-08-28T20:34:10.628051Z,1.3795,1.3796,0.0001,1.37955,-0.4346934002351015271658540689
XRP-USD,2026-08-28T20:34:10.6497Z,1.3795,1.3796,0.0001,1.37955,-0.4429524674112824664370971073
XRP-USD,2026-08-28T20:34:10.871689Z,1.3795,1.3797,0.0002,1.3796,-0.5209246232605158417226144068
XRP-USD,2026-08-28T20:34:10.896827Z,1.3795,1.3797,0.0002,1.3796,-0.4999714379950407922190444196
XRP-USD,2026-08-28T20:34:10.960908Z,1.3795,1.3797,0.0002,1.3796,-0.4839083867990392254384330609
XRP-USD,2026-08-28T20:34:11.01753Z,1.3795,1.3797,0.0002,1.3796,-0.4839083867990392254384330609
XRP-USD,2026-08-28T20:34:11.061741Z,1.3795,1.3797,0.0002,1.3796,-0.6902360016399087280749348327
XRP-USD,2026-08-28T20:34:11.17658Z,1.3795,1.3797,0.0002,1.3796,-0.6902360016399087280749348327
XRP-USD,2026-08-28T20:34:11.210276Z,1.3795,1.3797,0.0002,1.3796,-0.6587051519013355751292709805
XRP-USD,2026-08-28T20:34:11.273765Z,1.3795,1.3797,0.0002,1.3796,-0.6587051519013355751292709805
XRP-USD,2026-08-28T20:34:11.279055Z,1.3795,1.3797,0.0002,1.3796,-0.6744797448708940929946108918
XRP-USD,2026-08-28T20:34:11.372611Z,1.3795,1.3797,0.0002,1.3796,-0.4717502504085891830123868969
XRP-USD,2026-08-28T20:34:11.425388Z,1.3795,1.3797,0.0002,1.3796,-0.4717502504085891830123868969
XRP-USD,2026-08-28T20:34:11.721833Z,1.3795,1.3797,0.0002,1.3796,-0.4717502504085891830123868969
XRP-USD,2026-08-28T20:34:11.770745Z,1.3795,1.3797,0.0002,1.3796,-0.4595501832861764842869639266
XRP-USD,2026-08-28T20:34:11.923837Z,1.3795,1.3797,0.0002,1.3796,-0.4717502504085891830123868969
XRP-USD,2026-08-28T20:34:11.955959Z,1.3795,1.3797,0.0002,1.3796,-0.4938458291387094482754361581
XRP-USD,2026-08-28T20:34:12.077437Z,1.3795,1.3797,0.0002,1.3796,-0.4991519308931792915698056015
XRP-USD,2026-08-28T20:34:12.082629Z,1.3795,1.3797,0.0002,1.3796,-0.4991519308931792915698056015
XRP-USD,2026-08-28T20:34:12.241843Z,1.3795,1.3797,0.0002,1.3796,-0.4939095878376821814579300461
XRP-USD,2026-08-28T20:34:12.314263Z,1.3795,1.3797,0.0002,1.3796,-0.4718169156412188834760596574
XRP-USD,2026-08-28T20:34:12.330974Z,1.3795,1.3797,0.0002,1.3796,-0.4718169156412188834760596574
XRP-USD,2026-08-28T20:34:12.422214Z,1.3795,1.3797,0.0002,1.3796,-0.4718169156412188834760596574
XRP-USD,2026-08-28T20:34:12.518629Z,1.3795,1.3797,0.0002,1.3796,-0.4718169156412188834760596574
XRP-USD,2026-08-28T20:34:12.548659Z,1.3795,1.3797,0.0002,1.3796,-0.4875518719180367613434510055
XRP-USD,2026-08-28T20:34:12.644043Z,1.3795,1.3797,0.0002,1.3796,-0.4875518719180367613434510055
XRP-USD,2026-08-28T20:34:12.678702Z,1.3795,1.3797,0.0002,1.3796,-0.4875518719180367613434510055
XRP-USD,2026-08-28T20:34:12.823771Z,1.3795,1.3797,0.0002,1.3796,-0.4875518719180367613434510055
XRP-USD,2026-08-28T20:34:12.865517Z,1.3795,1.3796,0.0001,1.37955,-0.4170924862463653086335094661
XRP-USD,2026-08-28T20:34:12.941494Z,1.3793,1.3795,0.0002,1.3794,0.1750114846065016567132594561
XRP-USD,2026-08-28T20:34:13.025567Z,1.3794,1.3796,0.0002,1.3795,-0.3876833620959264671942339938
XRP-USD,2026-08-28T20:34:13.324961Z,1.3794,1.3796,0.0002,1.3795,-0.3795974562018970328828559650
XRP-USD,2026-08-28T20:34:13.466531Z,1.3794,1.3796,0.0002,1.3795,-0.3795974562018970328828559650
XRP-USD,2026-08-28T20:34:13.531376Z,1.3794,1.3796,0.0002,1.3795,-0.3795974562018970328828559650
XRP-USD,2026-08-28T20:34:13.537987Z,1.3794,1.3796,0.0002,1.3795,-0.3718609296030164006199830140
XRP-USD,2026-08-28T20:34:13.625756Z,1.3795,1.3796,0.0001,1.37955,-0.6111209335584397106465525031
XRP-USD,2026-08-28T20:34:13.645266Z,1.3795,1.3796,0.0001,1.37955,-0.6111209335584397106465525031
XRP-USD,2026-08-28T20:34:13.687277Z,1.3795,1.3796,0.0001,1.37955,-0.6111209335584397106465525031
XRP-USD,2026-08-28T20:34:13.766431Z,1.3795,1.3796,0.0001,1.37955,-0.5957166786011941001214097459
XRP-USD,2026-08-28T20:34:13.815939Z,1.3795,1.3796,0.0001,1.37955,-0.5957166786011941001214097459
XRP-USD,2026-08-28T20:34:13.867222Z,1.3795,1.3796,0.0001,1.37955,-0.5957166786011941001214097459
XRP-USD,2026-08-28T20:34:13.907346Z,1.3795,1.3796,0.0001,1.37955,-0.5957166786011941001214097459
XRP-USD,2026-08-28T20:34:13.956975Z,1.3795,1.3796,0.0001,1.37955,-0.5957166786011941001214097459
XRP-USD,2026-08-28T20:34:13.999615Z,1.3795,1.3796,0.0001,1.37955,-0.5957166786011941001214097459
XRP-USD,2026-08-28T20:34:14.056063Z,1.3795,1.3796,0.0001,1.37955,-0.5956478184392970514881642514
XRP-USD,2026-08-28T20:34:14.097918Z,1.3795,1.3796,0.0001,1.37955,-0.5956478184392970514881642514
XRP-USD,2026-08-28T20:34:14.142722Z,1.3795,1.3796,0.0001,1.37955,-0.5957166786847858196422531209
XRP-USD,2026-08-28T20:34:14.305653Z,1.3795,1.3796,0.0001,1.37955,-0.6022723356265404965109195191
XRP-USD,2026-08-28T20:34:14.372319Z,1.3795,1.3796,0.0001,1.37955,-0.6022723356265404965109195191
XRP-USD,2026-08-28T20:34:14.377253Z,1.3795,1.3796,0.0001,1.37955,-0.6022723356265404965109195191
XRP-USD,2026-08-28T20:34:14.464174Z,1.3795,1.3796,0.0001,1.37955,-0.6604333543473310314541790967
XRP-USD,2026-08-28T20:34:14.504418Z,1.3795,1.3796,0.0001,1.37955,-0.6604333543473310314541790967
XRP-USD,2026-08-28T20:34:14.657749Z,1.3795,1.3796,0.0001,1.37955,-0.6604333543473310314541790967
XRP-USD,2026-08-28T20:34:14.878484Z,1.3795,1.3796,0.0001,1.37955,-0.6604333543473310314541790967
XRP-USD,2026-08-28T20:34:14.886558Z,1.3795,1.3796,0.0001,1.37955,-0.6546297141728745960750746144
XRP-USD,2026-08-28T20:34:14.977979Z,1.3792,1.3794,0.0002,1.3793,-0.1417149756421511803613594201
XRP-USD,2026-08-28T20:34:15.025782Z,1.3792,1.3793,0.0001,1.37925,0.07127195803011878720139698794
XRP-USD,2026-08-28T20:34:15.06212Z,1.3792,1.3793,0.0001,1.37925,-0.1871348396702442622279728084
XRP-USD,2026-08-28T20:34:15.109894Z,1.3789,1.3791,0.0002,1.3790,-0.06016728170147531629915211334
XRP-USD,2026-08-28T20:34:15.172198Z,1.379,1.3791,0.0001,1.37905,-0.3196028352141386892948520731
XRP-USD,2026-08-28T20:34:15.189141Z,1.3788,1.3791,0.0003,1.37895,-0.1859839028148427894869814487
XRP-USD,2026-08-28T20:34:15.237235Z,1.3788,1.379,0.0002,1.3789,0.1478001788749141984447917372
XRP-USD,2026-08-28T20:34:15.270865Z,1.3789,1.379,0.0001,1.37895,-0.1900829645897962801734342660
XRP-USD,2026-08-28T20:34:15.289488Z,1.3789,1.3791,0.0002,1.3790,-0.4430038539316159837545772830
XRP-USD,2026-08-28T20:34:15.30524Z,1.3789,1.3791,0.0002,1.3790,-0.4430038539316159837545772830
XRP-USD,2026-08-28T20:34:15.340363Z,1.3788,1.3791,0.0003,1.37895,-0.04698937011344209243202687465
XRP-USD,2026-08-28T20:34:15.416781Z,1.3789,1.3791,0.0002,1.3790,-0.3884710046572476311165175705
XRP-USD,2026-08-28T20:34:15.493618Z,1.3788,1.3789,0.0001,1.37885,-0.1403644754858539033376608479
XRP-USD,2026-08-28T20:34:15.613714Z,1.3788,1.3789,0.0001,1.37885,-0.8020672249890091297759712119
XRP-USD,2026-08-28T20:34:15.672891Z,1.3786,1.3788,0.0002,1.3787,0.2945023700323692699041441334
XRP-USD,2026-08-28T20:34:15.709094Z,1.3786,1.3789,0.0003,1.37875,-0.2603932211852583503980297317
XRP-USD,2026-08-28T20:34:15.769576Z,1.3786,1.3789,0.0003,1.37875,-0.2603932211852583503980297317
XRP-USD,2026-08-28T20:34:15.79988Z,1.3786,1.3789,0.0003,1.37875,-0.2580730761651579521827181516
XRP-USD,2026-08-28T20:34:15.871842Z,1.3788,1.3789,0.0001,1.37885,-0.6006712875597787138375430925
XRP-USD,2026-08-28T20:34:15.944803Z,1.3788,1.3789,0.0001,1.37885,-0.5795555888496456920098312714
XRP-USD,2026-08-28T20:34:16.03327Z,1.3788,1.3789,0.0001,1.37885,-0.6239935094572769249800060579
XRP-USD,2026-08-28T20:34:16.077608Z,1.3788,1.3789,0.0001,1.37885,-0.6239935094572769249800060579
XRP-USD,2026-08-28T20:34:16.132412Z,1.3788,1.3789,0.0001,1.37885,-0.6130475091519253971044958719
XRP-USD,2026-08-28T20:34:16.170603Z,1.3788,1.3789,0.0001,1.37885,-0.6130475091519253971044958719
XRP-USD,2026-08-28T20:34:16.210865Z,1.3788,1.3789,0.0001,1.37885,-0.6130475091519253971044958719
XRP-USD,2026-08-28T20:34:16.243803Z,1.3788,1.3789,0.0001,1.37885,-0.6130475091519253971044958719
XRP-USD,2026-08-28T20:34:16.316943Z,1.3788,1.3789,0.0001,1.37885,-0.6130475091519253971044958719
XRP-USD,2026-08-28T20:34:16.359551Z,1.3788,1.3789,0.0001,1.37885,-0.5904683475092247966226470634
XRP-USD,2026-08-28T20:34:16.468546Z,1.3788,1.3789,0.0001,1.37885,-0.6221046318010590537662527734
XRP-USD,2026-08-28T20:34:16.519838Z,1.3786,1.3789,0.0003,1.37875,-0.1350012521891592891701129692
XRP-USD,2026-08-28T20:34:16.569725Z,1.3786,1.3789,0.0003,1.37875,-0.1057853182724103114569158205
XRP-USD,2026-08-28T20:34:16.604294Z,1.3786,1.3789,0.0003,1.37875,-0.1057853182724103114569158205
XRP-USD,2026-08-28T20:34:16.669374Z,1.3786,1.3789,0.0003,1.37875,-0.1057853182724103114569158205
XRP-USD,2026-08-28T20:34:16.72288Z,1.3788,1.379,0.0002,1.3789,-0.5820385439777581133997874152
XRP-USD,2026-08-28T20:34:16.772449Z,1.3789,1.379,0.0001,1.37895,-0.7216935444559841536867652460
XRP-USD,2026-08-28T20:34:16.87408Z,1.3787,1.3789,0.0002,1.3788,-0.5775092725032484035364728227
XRP-USD,2026-08-28T20:34:16.91407Z,1.3788,1.379,0.0002,1.3789,-0.6862904665816754726586586172
XRP-USD,2026-08-28T20:34:16.974453Z,1.3788,1.379,0.0002,1.3789,-0.6314679173929164429173794240
XRP-USD,2026-08-28T20:34:16.998077Z,1.3788,1.379,0.0002,1.3789,-0.6314679173929164429173794240
XRP-USD,2026-08-28T20:34:17.061808Z,1.3789,1.379,0.0001,1.37895,-0.7113079397454461239693906025
XRP-USD,2026-08-28T20:34:17.098084Z,1.3789,1.379,0.0001,1.37895,-0.7113116987907388490622530083
XRP-USD,2026-08-28T20:34:17.157381Z,1.3789,1.379,0.0001,1.37895,-0.7113116987907388490622530083
XRP-USD,2026-08-28T20:34:17.225742Z,1.3789,1.379,0.0001,1.37895,-0.7147957186679720522746233088
XRP-USD,2026-08-28T20:34:17.232289Z,1.3789,1.379,0.0001,1.37895,-0.6892324188414249462728327159
XRP-USD,2026-08-28T20:34:17.321787Z,1.3789,1.379,0.0001,1.37895,-0.6980020736163045656454146947
XRP-USD,2026-08-28T20:34:17.366458Z,1.3789,1.379,0.0001,1.37895,-0.6943584563819406282899857757
XRP-USD,2026-08-28T20:34:17.417217Z,1.3789,1.379,0.0001,1.37895,-0.7414843086604387684760903809
XRP-USD,2026-08-28T20:34:17.476615Z,1.3789,1.379,0.0001,1.37895,-0.7414843086604387684760903809
XRP-USD,2026-08-28T20:34:17.532004Z,1.3789,1.379,0.0001,1.37895,-0.7414843086604387684760903809
XRP-USD,2026-08-28T20:34:17.55997Z,1.3789,1.379,0.0001,1.37895,-0.7245867848609275399174866671
XRP-USD,2026-08-28T20:34:17.644875Z,1.3789,1.379,0.0001,1.37895,-0.7245867848609275399174866671
XRP-USD,2026-08-28T20:34:17.714207Z,1.3789,1.379,0.0001,1.37895,-0.7359563441141602730308426058
XRP-USD,2026-08-28T20:34:17.778479Z,1.3789,1.379,0.0001,1.37895,-0.7359563441141602730308426058
XRP-USD,2026-08-28T20:34:17.821259Z,1.3789,1.379,0.0001,1.37895,-0.7294279791810555597641436065
XRP-USD,2026-08-28T20:34:17.855047Z,1.3789,1.379,0.0001,1.37895,-0.7294279791810555597641436065
XRP-USD,2026-08-28T20:34:17.866432Z,1.3789,1.379,0.0001,1.37895,-0.7294279791810555597641436065
XRP-USD,2026-08-28T20:34:18.024393Z,1.3789,1.379,0.0001,1.37895,-0.7294279791810555597641436065
XRP-USD,2026-08-28T20:34:18.072531Z,1.3789,1.379,0.0001,1.37895,-0.7294279791810555597641436065
XRP-USD,2026-08-28T20:34:18.174485Z,1.3789,1.379,0.0001,1.37895,-0.7294279791810555597641436065
XRP-USD,2026-08-28T20:34:18.228882Z,1.3789,1.379,0.0001,1.37895,-0.7294279791810555597641436065
XRP-USD,2026-08-28T20:34:18.237481Z,1.3789,1.379,0.0001,1.37895,-0.7294279791810555597641436065
XRP-USD,2026-08-28T20:34:18.323485Z,1.3789,1.379,0.0001,1.37895,-0.7295641238761127266551688518
XRP-USD,2026-08-28T20:34:18.352653Z,1.3789,1.379,0.0001,1.37895,-0.7295641238761127266551688518
XRP-USD,2026-08-28T20:34:18.422894Z,1.3789,1.379,0.0001,1.37895,-0.7295641238761127266551688518
XRP-USD,2026-08-28T20:34:18.524751Z,1.3789,1.379,0.0001,1.37895,-0.7462012119631480332240745575
XRP-USD,2026-08-28T20:34:18.572345Z,1.3789,1.379,0.0001,1.37895,-0.7453810110913023021322302348
XRP-USD,2026-08-28T20:34:18.612307Z,1.3789,1.379,0.0001,1.37895,-0.7453810110913023021322302348
XRP-USD,2026-08-28T20:34:18.718757Z,1.3788,1.379,0.0002,1.3789,-0.6864920781253463976906948302
XRP-USD,2026-08-28T20:34:18.761827Z,1.3788,1.379,0.0002,1.3789,-0.6864920781253463976906948302
XRP-USD,2026-08-28T20:34:18.812153Z,1.3788,1.379,0.0002,1.3789,-0.6864920781253463976906948302
XRP-USD,2026-08-28T20:34:18.843732Z,1.3788,1.379,0.0002,1.3789,-0.6864920781253463976906948302
XRP-USD,2026-08-28T20:34:18.887747Z,1.3789,1.379,0.0001,1.37895,-0.7453810110913023021322302348
XRP-USD,2026-08-28T20:34:18.963205Z,1.3789,1.379,0.0001,1.37895,-0.7453810110913023021322302348
XRP-USD,2026-08-28T20:34:19.024628Z,1.3789,1.379,0.0001,1.37895,-0.7453810110913023021322302348
XRP-USD,2026-08-28T20:34:19.2239Z,1.3789,1.379,0.0001,1.37895,-0.7286985104209853116362353292
XRP-USD,2026-08-28T20:34:19.284537Z,1.3789,1.379,0.0001,1.37895,-0.7286985104209853116362353292
XRP-USD,2026-08-28T20:34:19.384132Z,1.3789,1.379,0.0001,1.37895,-0.7286985104209853116362353292
XRP-USD,2026-08-28T20:34:19.420479Z,1.3789,1.379,0.0001,1.37895,-0.7321096824988006329228645407
XRP-USD,2026-08-28T20:34:19.485321Z,1.3789,1.379,0.0001,1.37895,-0.7321096824988006329228645407
XRP-USD,2026-08-28T20:34:19.516015Z,1.3788,1.379,0.0002,1.3789,-0.4204361851050862003204127039
XRP-USD,2026-08-28T20:34:19.585338Z,1.3788,1.379,0.0002,1.3789,-0.4204361851050862003204127039
XRP-USD,2026-08-28T20:34:19.635989Z,1.3788,1.379,0.0002,1.3789,-0.4204361851050862003204127039
XRP-USD,2026-08-28T20:34:19.648385Z,1.3789,1.379,0.0001,1.37895,-0.7321096824988006329228645407
XRP-USD,2026-08-28T20:34:19.719036Z,1.3789,1.379,0.0001,1.37895,-0.7486129305936410581536458461
XRP-USD,2026-08-28T20:34:19.76029Z,1.3789,1.379,0.0001,1.37895,-0.7486129305936410581536458461
XRP-USD,2026-08-28T20:34:19.88251Z,1.3789,1.379,0.0001,1.37895,-0.7486129305936410581536458461
XRP-USD,2026-08-28T20:34:19.90537Z,1.3789,1.379,0.0001,1.37895,-0.7486129305936410581536458461
XRP-USD,2026-08-28T20:34:19.978403Z,1.3789,1.379,0.0001,1.37895,-0.7486129305936410581536458461
XRP-USD,2026-08-28T20:34:20.023246Z,1.3789,1.379,0.0001,1.37895,-0.7486129305936410581536458461
XRP-USD,2026-08-28T20:34:20.069372Z,1.3789,1.379,0.0001,1.37895,-0.7486129305936410581536458461
XRP-USD,2026-08-28T20:34:20.125876Z,1.3789,1.379,0.0001,1.37895,-0.7486129305936410581536458461
XRP-USD,2026-08-28T20:34:20.170419Z,1.3789,1.379,0.0001,1.37895,-0.7486129305936410581536458461
XRP-USD,2026-08-28T20:34:20.209082Z,1.3789,1.379,0.0001,1.37895,-0.7453810110913023021322302348
XRP-USD,2026-08-28T20:34:20.271801Z,1.3789,1.379,0.0001,1.37895,-0.7453810110913023021322302348
XRP-USD,2026-08-28T20:34:20.294568Z,1.3789,1.379,0.0001,1.37895,-0.7453810110913023021322302348
XRP-USD,2026-08-28T20:34:20.342674Z,1.3789,1.379,0.0001,1.37895,-0.7453810110913023021322302348
XRP-USD,2026-08-28T20:34:20.474342Z,1.3787,1.3788,0.0001,1.37875,-0.4968101169030015536666654978
XRP-USD,2026-08-28T20:34:20.521007Z,1.3787,1.3788,0.0001,1.37875,-0.5044512592114917007494109998
XRP-USD,2026-08-28T20:34:20.574977Z,1.3788,1.379,0.0002,1.3789,-0.6877716918355039304382168975
XRP-USD,2026-08-28T20:34:20.643287Z,1.3789,1.3791,0.0002,1.3790,-0.6619877360421330880894395087
XRP-USD,2026-08-28T20:34:20.687316Z,1.3789,1.3791,0.0002,1.3790,-0.6669239368890577110332623889
XRP-USD,2026-08-28T20:34:20.723837Z,1.379,1.3791,0.0001,1.37905,-0.6316030728233021074733543098
XRP-USD,2026-08-28T20:34:20.767522Z,1.379,1.3791,0.0001,1.37905,-0.6388768793848477831546678706
XRP-USD,2026-08-28T20:34:20.996342Z,1.379,1.3791,0.0001,1.37905,-0.5954166853769500528486430383
XRP-USD,2026-08-28T20:34:21.070878Z,1.379,1.3791,0.0001,1.37905,-0.5954166853769500528486430383
XRP-USD,2026-08-28T20:34:21.102794Z,1.379,1.3791,0.0001,1.37905,-0.5849229078619912911104861902
XRP-USD,2026-08-28T20:34:21.139566Z,1.379,1.3791,0.0001,1.37905,-0.5849229078619912911104861902
XRP-USD,2026-08-28T20:34:21.261916Z,1.379,1.3791,0.0001,1.37905,-0.5849229078619912911104861902
XRP-USD,2026-08-28T20:34:21.381719Z,1.379,1.3791,0.0001,1.37905,-0.5849229078619912911104861902
XRP-USD,2026-08-28T20:34:21.508155Z,1.3791,1.3792,0.0001,1.37915,-0.3134620232502780043148225070
XRP-USD,2026-08-28T20:34:21.577085Z,1.3791,1.3792,0.0001,1.37915,-0.3662314391404147859785984270
XRP-USD,2026-08-28T20:34:21.607654Z,1.3791,1.3792,0.0001,1.37915,-0.6096499971400028289562743659
XRP-USD,2026-08-28T20:34:21.660016Z,1.3791,1.3792,0.0001,1.37915,-0.6105280108494210254957089153
XRP-USD,2026-08-28T20:34:21.721862Z,1.3787,1.3789,0.0002,1.3788,-0.3874695238456460471992227874
XRP-USD,2026-08-28T20:34:21.763355Z,1.3788,1.379,0.0002,1.3789,-0.5485054376016750959125040821
XRP-USD,2026-08-28T20:34:21.826637Z,1.3788,1.379,0.0002,1.3789,-0.4696136654423540626254281265
XRP-USD,2026-08-28T20:34:21.868327Z,1.3789,1.3791,0.0002,1.3790,-0.5694434590662255993583373249
XRP-USD,2026-08-28T20:34:21.922252Z,1.3789,1.3791,0.0002,1.3790,-0.5457274862229827230532621587
XRP-USD,2026-08-28T20:34:22.020831Z,1.3789,1.3791,0.0002,1.3790,-0.5778880913908457790514231774
XRP-USD,2026-08-28T20:34:22.073782Z,1.3789,1.3791,0.0002,1.3790,-0.5778880913908457790514231774
XRP-USD,2026-08-28T20:34:22.123787Z,1.3789,1.3791,0.0002,1.3790,-0.5778880913908457790514231774
XRP-USD,2026-08-28T20:34:22.160612Z,1.3789,1.3791,0.0002,1.3790,-0.5778880913908457790514231774
XRP-USD,2026-08-28T20:34:22.214718Z,1.379,1.3791,0.0001,1.37905,-0.5400016915649213993400326269
XRP-USD,2026-08-28T20:34:22.265102Z,1.379,1.3791,0.0001,1.37905,-0.4691708964314057201348206625
XRP-USD,2026-08-28T20:34:22.295159Z,1.379,1.3791,0.0001,1.37905,-0.4691708964314057201348206625
XRP-USD,2026-08-28T20:34:22.354888Z,1.379,1.3791,0.0001,1.37905,-0.4480297291948643083019225664
XRP-USD,2026-08-28T20:34:22.391188Z,1.379,1.3791,0.0001,1.37905,-0.4506646824295774213705441375
XRP-USD,2026-08-28T20:34:22.449622Z,1.379,1.3791,0.0001,1.37905,-0.4506646824295774213705441375
XRP-USD,2026-08-28T20:34:22.52883Z,1.379,1.3791,0.0001,1.37905,-0.4506646824295774213705441375
XRP-USD,2026-08-28T20:34:22.569459Z,1.379,1.3791,0.0001,1.37905,-0.4506646824295774213705441375
XRP-USD,2026-08-28T20:34:22.618617Z,1.379,1.3791,0.0001,1.37905,-0.4506646824295774213705441375
XRP-USD,2026-08-28T20:34:22.646457Z,1.379,1.3791,0.0001,1.37905,-0.3815691490887349874573859069
XRP-USD,2026-08-28T20:34:22.708694Z,1.379,1.3791,0.0001,1.37905,-0.4363486291060172340234635151
XRP-USD,2026-08-28T20:34:22.766894Z,1.3791,1.3792,0.0001,1.37915,-0.6151153103849595868554107010
XRP-USD,2026-08-28T20:34:22.863133Z,1.3791,1.3792,0.0001,1.37915,-0.5040456850648889967499748416
XRP-USD,2026-08-28T20:34:22.926222Z,1.3791,1.3792,0.0001,1.37915,-0.5040456850648889967499748416
XRP-USD,2026-08-28T20:34:23.02451Z,1.3791,1.3792,0.0001,1.37915,-0.5113357264988088578510796272
XRP-USD,2026-08-28T20:34:23.07071Z,1.3791,1.3792,0.0001,1.37915,-0.4832519117955183023367946482
XRP-USD,2026-08-28T20:34:23.123224Z,1.3791,1.3792,0.0001,1.37915,-0.4832519117955183023367946482
XRP-USD,2026-08-28T20:34:23.167809Z,1.3791,1.3792,0.0001,1.37915,-0.4832519117955183023367946482
XRP-USD,2026-08-28T20:34:23.217326Z,1.3791,1.3792,0.0001,1.37915,-0.3037802869638912205453642383
XRP-USD,2026-08-28T20:34:23.251961Z,1.3791,1.3792,0.0001,1.37915,-0.3037802869638912205453642383
XRP-USD,2026-08-28T20:34:23.307431Z,1.3791,1.3792,0.0001,1.37915,-0.4741152407701151439928726625
XRP-USD,2026-08-28T20:34:23.35305Z,1.3791,1.3792,0.0001,1.37915,-0.4741152407701151439928726625
XRP-USD,2026-08-28T20:34:23.42583Z,1.3791,1.3792,0.0001,1.37915,-0.3037802869638912205453642383
XRP-USD,2026-08-28T20:34:23.430941Z,1.3791,1.3792,0.0001,1.37915,-0.2455752929895101163334874555
XRP-USD,2026-08-28T20:34:23.503753Z,1.3791,1.3792,0.0001,1.37915,-0.2455752929895101163334874555
XRP-USD,2026-08-28T20:34:23.564542Z,1.3791,1.3792,0.0001,1.37915,-0.2455752929895101163334874555
XRP-USD,2026-08-28T20:34:23.593893Z,1.3791,1.3792,0.0001,1.37915,-0.2455752929895101163334874555
XRP-USD,2026-08-28T20:34:23.694552Z,1.3791,1.3792,0.0001,1.37915,-0.2455752929895101163334874555
XRP-USD,2026-08-28T20:34:23.748207Z,1.3791,1.3792,0.0001,1.37915,-0.2455752929895101163334874555
XRP-USD,2026-08-28T20:34:23.799991Z,1.3791,1.3792,0.0001,1.37915,-0.2591815370097734471951106803
XRP-USD,2026-08-28T20:34:23.898408Z,1.3791,1.3792,0.0001,1.37915,-0.2591815370097734471951106803
XRP-USD,2026-08-28T20:34:23.941361Z,1.3791,1.3792,0.0001,1.37915,-0.4318270255713480012930637156
XRP-USD,2026-08-28T20:34:23.949951Z,1.3791,1.3792,0.0001,1.37915,-0.4318270255713480012930637156
XRP-USD,2026-08-28T20:34:24.029824Z,1.3791,1.3792,0.0001,1.37915,-0.4317452938193693411539503536
XRP-USD,2026-08-28T20:34:24.106355Z,1.3791,1.3792,0.0001,1.37915,-0.4317452938193693411539503536
XRP-USD,2026-08-28T20:34:24.174373Z,1.3791,1.3792,0.0001,1.37915,-0.4317452938193693411539503536
XRP-USD,2026-08-28T20:34:24.233265Z,1.3791,1.3792,0.0001,1.37915,-0.4317452938193693411539503536
XRP-USD,2026-08-28T20:34:24.265261Z,1.3791,1.3792,0.0001,1.37915,-0.4317452938193693411539503536
XRP-USD,2026-08-28T20:34:24.312362Z,1.3791,1.3792,0.0001,1.37915,-0.4317452938193693411539503536
XRP-USD,2026-08-28T20:34:24.376173Z,1.3791,1.3792,0.0001,1.37915,-0.4317452938193693411539503536
XRP-USD,2026-08-28T20:34:24.395313Z,1.3791,1.3792,0.0001,1.37915,-0.4317452938193693411539503536
XRP-USD,2026-08-28T20:34:24.472601Z,1.3791,1.3792,0.0001,1.37915,-0.4317452938193693411539503536
XRP-USD,2026-08-28T20:34:24.509432Z,1.3791,1.3792,0.0001,1.37915,-0.4316546029000655228348393462
XRP-USD,2026-08-28T20:34:24.551306Z,1.3791,1.3792,0.0001,1.37915,-0.4316546029000655228348393462
XRP-USD,2026-08-28T20:34:24.615448Z,1.3791,1.3792,0.0001,1.37915,-0.4316546029000655228348393462
XRP-USD,2026-08-28T20:34:24.638573Z,1.3791,1.3792,0.0001,1.37915,-0.4316546029000655228348393462
XRP-USD,2026-08-28T20:34:24.70584Z,1.3791,1.3792,0.0001,1.37915,-0.4316546029000655228348393462
XRP-USD,2026-08-28T20:34:24.769059Z,1.3791,1.3792,0.0001,1.37915,-0.4316546029000655228348393462
XRP-USD,2026-08-28T20:34:24.826476Z,1.3791,1.3792,0.0001,1.37915,-0.2590273962855448067984413753
XRP-USD,2026-08-28T20:34:24.896571Z,1.3791,1.3792,0.0001,1.37915,-0.2842831758382895536763505045
XRP-USD,2026-08-28T20:34:24.969803Z,1.3791,1.3792,0.0001,1.37915,-0.2842831758382895536763505045
XRP-USD,2026-08-28T20:34:25.028048Z,1.3791,1.3792,0.0001,1.37915,-0.2842831758382895536763505045
XRP-USD,2026-08-28T20:34:25.122075Z,1.3791,1.3792,0.0001,1.37915,-0.2842831758382895536763505045
XRP-USD,2026-08-28T20:34:25.178274Z,1.3791,1.3792,0.0001,1.37915,-0.4926982706759496374923388123
XRP-USD,2026-08-28T20:34:25.227513Z,1.3791,1.3792,0.0001,1.37915,-0.4926982706759496374923388123
XRP-USD,2026-08-28T20:34:25.274641Z,1.3791,1.3792,0.0001,1.37915,-0.4926982706759496374923388123
XRP-USD,2026-08-28T20:34:25.362594Z,1.3791,1.3792,0.0001,1.37915,-0.4926982706759496374923388123
XRP-USD,2026-08-28T20:34:25.439461Z,1.3791,1.3792,0.0001,1.37915,-0.4993706685458855706234011255
XRP-USD,2026-08-28T20:34:25.568968Z,1.3791,1.3792,0.0001,1.37915,-0.4993706685458855706234011255
XRP-USD,2026-08-28T20:34:25.62616Z,1.3791,1.3792,0.0001,1.37915,-0.4993706685458855706234011255
XRP-USD,2026-08-28T20:34:25.662693Z,1.3791,1.3792,0.0001,1.37915,-0.4993706685458855706234011255
XRP-USD,2026-08-28T20:34:25.836312Z,1.3791,1.3792,0.0001,1.37915,-0.4993706685458855706234011255
XRP-USD,2026-08-28T20:34:25.867949Z,1.3791,1.3792,0.0001,1.37915,-0.4993706685458855706234011255
XRP-USD,2026-08-28T20:34:25.907788Z,1.3791,1.3792,0.0001,1.37915,-0.4996853043772906236564634749
XRP-USD,2026-08-28T20:34:26.01832Z,1.3791,1.3792,0.0001,1.37915,-0.4996134214704203642903991403
XRP-USD,2026-08-28T20:34:26.065411Z,1.3791,1.3792,0.0001,1.37915,-0.4996134214704203642903991403
XRP-USD,2026-08-28T20:34:26.109545Z,1.3791,1.3792,0.0001,1.37915,-0.4996134214704203642903991403
XRP-USD,2026-08-28T20:34:26.176251Z,1.3791,1.3792,0.0001,1.37915,-0.4996134214704203642903991403
XRP-USD,2026-08-28T20:34:26.282552Z,1.3791,1.3792,0.0001,1.37915,-0.4996134214704203642903991403
XRP-USD,2026-08-28T20:34:26.328244Z,1.3791,1.3792,0.0001,1.37915,-0.4996134214704203642903991403
XRP-USD,2026-08-28T20:34:26.41498Z,1.3791,1.3792,0.0001,1.37915,-0.5067229353206054278085909881
XRP-USD,2026-08-28T20:34:26.514374Z,1.3791,1.3792,0.0001,1.37915,-0.5067229353206054278085909881
XRP-USD,2026-08-28T20:34:26.666111Z,1.3791,1.3792,0.0001,1.37915,-0.5067229353206054278085909881
XRP-USD,2026-08-28T20:34:26.731113Z,1.3791,1.3792,0.0001,1.37915,-0.4584367959455002266880589131
XRP-USD,2026-08-28T20:34:26.768002Z,1.3791,1.3792,0.0001,1.37915,-0.4753888137842364265190386523
XRP-USD,2026-08-28T20:34:26.779998Z,1.3791,1.3792,0.0001,1.37915,-0.4753888137842364265190386523
XRP-USD,2026-08-28T20:34:26.856746Z,1.3791,1.3792,0.0001,1.37915,-0.4753888137842364265190386523
XRP-USD,2026-08-28T20:34:26.900827Z,1.3791,1.3792,0.0001,1.37915,-0.4822726228739885882872300376
XRP-USD,2026-08-28T20:34:26.98136Z,1.3791,1.3792,0.0001,1.37915,-0.4822726228739885882872300376
XRP-USD,2026-08-28T20:34:27.034047Z,1.3791,1.3792,0.0001,1.37915,-0.3166603176794524171486371393
XRP-USD,2026-08-28T20:34:27.075239Z,1.3791,1.3792,0.0001,1.37915,-0.3166603176794524171486371393
XRP-USD,2026-08-28T20:34:27.122393Z,1.3791,1.3792,0.0001,1.37915,-0.3166603176794524171486371393
XRP-USD,2026-08-28T20:34:27.166082Z,1.3791,1.3792,0.0001,1.37915,-0.3166603176794524171486371393
XRP-USD,2026-08-28T20:34:27.327949Z,1.3791,1.3792,0.0001,1.37915,-0.3040482715114312242651006875
XRP-USD,2026-08-28T20:34:27.43376Z,1.3791,1.3792,0.0001,1.37915,-0.3164132917277098532698123088
XRP-USD,2026-08-28T20:34:27.470855Z,1.3791,1.3792,0.0001,1.37915,-0.3283466019068376048437245513
XRP-USD,2026-08-28T20:34:27.630698Z,1.3791,1.3792,0.0001,1.37915,-0.3283466019068376048437245513
XRP-USD,2026-08-28T20:34:27.782677Z,1.3791,1.3792,0.0001,1.37915,-0.3283466019068376048437245513
XRP-USD,2026-08-28T20:34:27.875176Z,1.3791,1.3792,0.0001,1.37915,-0.3166781960681810263182557685
XRP-USD,2026-08-28T20:34:27.932245Z,1.3791,1.3792,0.0001,1.37915,-0.3166781960681810263182557685
XRP-USD,2026-08-28T20:34:28.065932Z,1.3791,1.3792,0.0001,1.37915,-0.3166781967493588600879822419
XRP-USD,2026-08-28T20:34:28.122522Z,1.3791,1.3792,0.0001,1.37915,-0.3806499141416097492380299191
XRP-USD,2026-08-28T20:34:28.165461Z,1.3791,1.3792,0.0001,1.37915,-0.3166781967493588600879822419
XRP-USD,2026-08-28T20:34:28.221936Z,1.3791,1.3792,0.0001,1.37915,-0.4894580798609356297038214776
XRP-USD,2026-08-28T20:34:28.244167Z,1.3791,1.3792,0.0001,1.37915,-0.4894580798609356297038214776
XRP-USD,2026-08-28T20:34:28.382971Z,1.3791,1.3792,0.0001,1.37915,-0.4894580798609356297038214776
XRP-USD,2026-08-28T20:34:28.402145Z,1.3791,1.3792,0.0001,1.37915,-0.4894580798609356297038214776
XRP-USD,2026-08-28T20:34:28.523806Z,1.3791,1.3792,0.0001,1.37915,-0.4894580798609356297038214776
XRP-USD,2026-08-28T20:34:28.54798Z,1.3791,1.3792,0.0001,1.37915,-0.4894580798609356297038214776
XRP-USD,2026-08-28T20:34:28.707338Z,1.3791,1.3792,0.0001,1.37915,-0.4954885557845809757397018491
XRP-USD,2026-08-28T20:34:28.809257Z,1.3791,1.3792,0.0001,1.37915,-0.4954885557845809757397018491
XRP-USD,2026-08-28T20:34:28.855469Z,1.3791,1.3792,0.0001,1.37915,-0.4954885557845809757397018491
XRP-USD,2026-08-28T20:34:28.975018Z,1.379,1.3792,0.0002,1.3791,-0.3542233091199171260522252403
XRP-USD,2026-08-28T20:34:29.025782Z,1.379,1.3792,0.0002,1.3791,-0.3542233091199171260522252403
XRP-USD,2026-08-28T20:34:29.078537Z,1.3791,1.3792,0.0001,1.37915,-0.5507499490684341220721969021
XRP-USD,2026-08-28T20:34:29.129796Z,1.3791,1.3792,0.0001,1.37915,-0.5462378035947032277208119842
XRP-USD,2026-08-28T20:34:29.16876Z,1.3791,1.3792,0.0001,1.37915,-0.5463013862112180188079068621
XRP-USD,2026-08-28T20:34:29.229043Z,1.3791,1.3792,0.0001,1.37915,-0.5519169109804876749565300184
XRP-USD,2026-08-28T20:34:29.283255Z,1.3791,1.3792,0.0001,1.37915,-0.5519169109804876749565300184
XRP-USD,2026-08-28T20:34:29.438729Z,1.3791,1.3792,0.0001,1.37915,-0.5519169109804876749565300184
XRP-USD,2026-08-28T20:34:29.507545Z,1.3791,1.3792,0.0001,1.37915,-0.5519169109804876749565300184
XRP-USD,2026-08-28T20:34:29.567387Z,1.3791,1.3792,0.0001,1.37915,-0.5519169109804876749565300184
XRP-USD,2026-08-28T20:34:29.590885Z,1.3791,1.3792,0.0001,1.37915,-0.5519169109804876749565300184
XRP-USD,2026-08-28T20:34:29.625817Z,1.3791,1.3792,0.0001,1.37915,-0.5341240782437959284051840141
XRP-USD,2026-08-28T20:34:29.749859Z,1.3791,1.3792,0.0001,1.37915,-0.5573182332188299271250701384
XRP-USD,2026-08-28T20:34:29.801256Z,1.3791,1.3792,0.0001,1.37915,-0.5573182332188299271250701384
XRP-USD,2026-08-28T20:34:29.902843Z,1.3791,1.3792,0.0001,1.37915,-0.5571885924124664134657799496
XRP-USD,2026-08-28T20:34:30.063913Z,1.3791,1.3792,0.0001,1.37915,-0.5571280476905931484730130553
XRP-USD,2026-08-28T20:34:30.09406Z,1.3791,1.3792,0.0001,1.37915,-0.5571280476905931484730130553
XRP-USD,2026-08-28T20:34:30.181099Z,1.3791,1.3792,0.0001,1.37915,-0.5571885927799235871595971093
XRP-USD,2026-08-28T20:34:30.214057Z,1.3791,1.3792,0.0001,1.37915,-0.6085274266622796570790368762
XRP-USD,2026-08-28T20:34:30.258153Z,1.3791,1.3792,0.0001,1.37915,-0.6370613921727247940908860806
XRP-USD,2026-08-28T20:34:30.297295Z,1.3791,1.3792,0.0001,1.37915,-0.7061081843316519213245061505
XRP-USD,2026-08-28T20:34:30.344153Z,1.379,1.3792,0.0002,1.3791,-0.5239953169971629068244319457
XRP-USD,2026-08-28T20:34:30.419709Z,1.379,1.3792,0.0002,1.3791,-0.4225082691164141996937178036
XRP-USD,2026-08-28T20:34:30.525005Z,1.379,1.3792,0.0002,1.3791,-0.4155123944477190214384899745
XRP-USD,2026-08-28T20:34:30.555302Z,1.379,1.3792,0.0002,1.3791,-0.4155123944477190214384899745
XRP-USD,2026-08-28T20:34:30.619849Z,1.379,1.3792,0.0002,1.3791,-0.4155123944477190214384899745
XRP-USD,2026-08-28T20:34:30.711155Z,1.379,1.3792,0.0002,1.3791,-0.4155123944477190214384899745
XRP-USD,2026-08-28T20:34:30.739978Z,1.379,1.3792,0.0002,1.3791,-0.4155123944477190214384899745
XRP-USD,2026-08-28T20:34:30.815915Z,1.379,1.3792,0.0002,1.3791,-0.4277235053569865843094947141
XRP-USD,2026-08-28T20:34:30.871988Z,1.3791,1.3792,0.0001,1.37915,-0.5721514353878893111111345926
XRP-USD,2026-08-28T20:34:30.878804Z,1.3791,1.3792,0.0001,1.37915,-0.5679306056928981825366272757
XRP-USD,2026-08-28T20:34:30.958515Z,1.3791,1.3792,0.0001,1.37915,-0.5679306056928981825366272757
XRP-USD,2026-08-28T20:34:31.018086Z,1.3791,1.3792,0.0001,1.37915,-0.5679306056928981825366272757
XRP-USD,2026-08-28T20:34:31.034213Z,1.3791,1.3792,0.0001,1.37915,-0.5678711217618172035618568352
XRP-USD,2026-08-28T20:34:31.117108Z,1.3791,1.3792,0.0001,1.37915,-0.5678711217618172035618568352
XRP-USD,2026-08-28T20:34:31.165736Z,1.3791,1.3792,0.0001,1.37915,-0.5678711217618172035618568352
XRP-USD,2026-08-28T20:34:31.240731Z,1.3791,1.3792,0.0001,1.37915,-0.5679306060473507510471419648
XRP-USD,2026-08-28T20:34:31.29047Z,1.3791,1.3792,0.0001,1.37915,-0.5679306060473507510471419648
XRP-USD,2026-08-28T20:34:31.300767Z,1.3791,1.3792,0.0001,1.37915,-0.5679306060473507510471419648
XRP-USD,2026-08-28T20:34:31.310525Z,1.3791,1.3792,0.0001,1.37915,-0.5679306060473507510471419648
XRP-USD,2026-08-28T20:34:31.476379Z,1.3791,1.3792,0.0001,1.37915,-0.5728328611896591634769276256
XRP-USD,2026-08-28T20:34:31.515355Z,1.3791,1.3792,0.0001,1.37915,-0.5728328611896591634769276256
XRP-USD,2026-08-28T20:34:31.568641Z,1.3791,1.3792,0.0001,1.37915,-0.5728328611896591634769276256
XRP-USD,2026-08-28T20:34:31.624104Z,1.3791,1.3792,0.0001,1.37915,-0.5728328611896591634769276256
XRP-USD,2026-08-28T20:34:31.6722Z,1.3791,1.3792,0.0001,1.37915,-0.5728328611896591634769276256
XRP-USD,2026-08-28T20:34:31.704371Z,1.3791,1.3792,0.0001,1.37915,-0.5728328611896591634769276256
XRP-USD,2026-08-28T20:34:31.76724Z,1.3791,1.3792,0.0001,1.37915,-0.5728328611896591634769276256
XRP-USD,2026-08-28T20:34:31.792369Z,1.3791,1.3792,0.0001,1.37915,-0.5679306060473507510471419648
XRP-USD,2026-08-28T20:34:31.82515Z,1.3791,1.3792,0.0001,1.37915,-0.5679306060473507510471419648
XRP-USD,2026-08-28T20:34:31.862641Z,1.3791,1.3792,0.0001,1.37915,-0.5679306060473507510471419648
XRP-USD,2026-08-28T20:34:32.123951Z,1.3791,1.3792,0.0001,1.37915,-0.5678711217618172035618568352
XRP-USD,2026-08-28T20:34:32.167676Z,1.3791,1.3792,0.0001,1.37915,-0.5678711217618172035618568352
XRP-USD,2026-08-28T20:34:32.304281Z,1.3791,1.3792,0.0001,1.37915,-0.5730262561614179219928943404
XRP-USD,2026-08-28T20:34:32.432645Z,1.3791,1.3792,0.0001,1.37915,-0.5730262561614179219928943404
XRP-USD,2026-08-28T20:34:32.481194Z,1.3791,1.3792,0.0001,1.37915,-0.5679230619112652871842879369
XRP-USD,2026-08-28T20:34:32.566827Z,1.3791,1.3792,0.0001,1.37915,-0.5732351221267971748919868540
XRP-USD,2026-08-28T20:34:32.669057Z,1.3791,1.3792,0.0001,1.37915,-0.5732351221267971748919868540
XRP-USD,2026-08-28T20:34:32.729753Z,1.3791,1.3792,0.0001,1.37915,-0.5732351221267971748919868540
XRP-USD,2026-08-28T20:34:32.774306Z,1.3791,1.3792,0.0001,1.37915,-0.5732351221267971748919868540
XRP-USD,2026-08-28T20:34:32.933861Z,1.3791,1.3792,0.0001,1.37915,-0.5732351221267971748919868540
XRP-USD,2026-08-28T20:34:32.987227Z,1.3791,1.3792,0.0001,1.37915,-0.5784770790463179550606819606
XRP-USD,2026-08-28T20:34:33.033035Z,1.3791,1.3792,0.0001,1.37915,-0.5784204631137331526962573211
XRP-USD,2026-08-28T20:34:33.131918Z,1.3791,1.3792,0.0001,1.37915,-0.5784204631137331526962573211
XRP-USD,2026-08-28T20:34:33.218595Z,1.3791,1.3792,0.0001,1.37915,-0.5784204631137331526962573211
XRP-USD,2026-08-28T20:34:33.371949Z,1.3791,1.3792,0.0001,1.37915,-0.5784204631137331526962573211
XRP-USD,2026-08-28T20:34:33.41883Z,1.3791,1.3792,0.0001,1.37915,-0.5784770793336986439911545273
XRP-USD,2026-08-28T20:34:33.667589Z,1.3791,1.3792,0.0001,1.37915,-0.5679230622132169077651213781
XRP-USD,2026-08-28T20:34:33.827152Z,1.3791,1.3792,0.0001,1.37915,-0.5679230622132169077651213781
XRP-USD,2026-08-28T20:34:33.849984Z,1.3791,1.3792,0.0001,1.37915,-0.5679230622132169077651213781
XRP-USD,2026-08-28T20:34:34.028788Z,1.3791,1.3792,0.0001,1.37915,-0.5678635752068924505354665350
XRP-USD,2026-08-28T20:34:34.068821Z,1.3791,1.3792,0.0001,1.37915,-0.5678635752068924505354665350
XRP-USD,2026-08-28T20:34:34.272315Z,1.3791,1.3792,0.0001,1.37915,-0.5678635752068924505354665350
XRP-USD,2026-08-28T20:34:34.306209Z,1.3791,1.3792,0.0001,1.37915,-0.5678635752068924505354665350
XRP-USD,2026-08-28T20:34:34.393322Z,1.3791,1.3792,0.0001,1.37915,-0.5678635752068924505354665350
XRP-USD,2026-08-28T20:34:34.463503Z,1.3791,1.3792,0.0001,1.37915,-0.5679230624954760309699103937
XRP-USD,2026-08-28T20:34:34.528901Z,1.3791,1.3792,0.0001,1.37915,-0.5679230624954760309699103937
XRP-USD,2026-08-28T20:34:34.583761Z,1.3791,1.3792,0.0001,1.37915,-0.5679230624954760309699103937
XRP-USD,2026-08-28T20:34:34.619999Z,1.3791,1.3792,0.0001,1.37915,-0.5679230624954760309699103937
XRP-USD,2026-08-28T20:34:34.686972Z,1.3791,1.3792,0.0001,1.37915,-0.5679230624954760309699103937
XRP-USD,2026-08-28T20:34:34.768829Z,1.3791,1.3792,0.0001,1.37915,-0.5679230624954760309699103937
XRP-USD,2026-08-28T20:34:34.920992Z,1.3791,1.3792,0.0001,1.37915,-0.5679230624954760309699103937
XRP-USD,2026-08-28T20:34:34.955661Z,1.3791,1.3792,0.0001,1.37915,-0.5679230624954760309699103937
XRP-USD,2026-08-28T20:34:35.024689Z,1.3791,1.3792,0.0001,1.37915,-0.5679230624954760309699103937
XRP-USD,2026-08-28T20:34:35.034542Z,1.3791,1.3792,0.0001,1.37915,-0.5678635752068924505354665350
XRP-USD,2026-08-28T20:34:35.101501Z,1.3791,1.3792,0.0001,1.37915,-0.5678635752068924505354665350
XRP-USD,2026-08-28T20:34:35.243741Z,1.3791,1.3792,0.0001,1.37915,-0.5678635752068924505354665350
XRP-USD,2026-08-28T20:34:35.320824Z,1.3791,1.3792,0.0001,1.37915,-0.5678635752068924505354665350
XRP-USD,2026-08-28T20:34:35.325603Z,1.3791,1.3792,0.0001,1.37915,-0.5678635752068924505354665350
XRP-USD,2026-08-28T20:34:35.426813Z,1.3791,1.3792,0.0001,1.37915,-0.5132562006018673843241773734
XRP-USD,2026-08-28T20:34:35.582981Z,1.379,1.3792,0.0002,1.3791,-0.3418487000057138999405082433
XRP-USD,2026-08-28T20:34:35.631494Z,1.3791,1.3792,0.0001,1.37915,-0.4728268061358745533920340313
XRP-USD,2026-08-28T20:34:35.640141Z,1.3791,1.3792,0.0001,1.37915,-0.4728268061358745533920340313
XRP-USD,2026-08-28T20:34:35.764028Z,1.3791,1.3792,0.0001,1.37915,-0.4675653890739194576707990692
XRP-USD,2026-08-28T20:34:35.854668Z,1.3791,1.3792,0.0001,1.37915,-0.4675653890739194576707990692
XRP-USD,2026-08-28T20:34:35.915482Z,1.3791,1.3792,0.0001,1.37915,-0.4493973431937288248459171539
XRP-USD,2026-08-28T20:34:35.97842Z,1.3791,1.3792,0.0001,1.37915,-0.4493973431937288248459171539
XRP-USD,2026-08-28T20:34:36.023019Z,1.3791,1.3792,0.0001,1.37915,-0.4493973431937288248459171539
XRP-USD,2026-08-28T20:34:36.057423Z,1.3791,1.3792,0.0001,1.37915,-0.4493973431937288248459171539
XRP-USD,2026-08-28T20:34:36.099531Z,1.3791,1.3792,0.0001,1.37915,-0.4493973431937288248459171539
XRP-USD,2026-08-28T20:34:36.164541Z,1.3791,1.3792,0.0001,1.37915,-0.4493973431937288248459171539
XRP-USD,2026-08-28T20:34:36.222617Z,1.3791,1.3792,0.0001,1.37915,-0.4493973431937288248459171539
XRP-USD,2026-08-28T20:34:36.241041Z,1.3791,1.3792,0.0001,1.37915,-0.4493973431937288248459171539
XRP-USD,2026-08-28T20:34:36.280342Z,1.3791,1.3792,0.0001,1.37915,-0.4493973431937288248459171539
XRP-USD,2026-08-28T20:34:36.378948Z,1.3791,1.3792,0.0001,1.37915,-0.4493973431937288248459171539
XRP-USD,2026-08-28T20:34:36.384414Z,1.3791,1.3792,0.0001,1.37915,-0.4493973431937288248459171539
XRP-USD,2026-08-28T20:34:36.442535Z,1.3791,1.3792,0.0001,1.37915,-0.4493973431937288248459171539
XRP-USD,2026-08-28T20:34:36.529816Z,1.3791,1.3792,0.0001,1.37915,-0.4493973431937288248459171539
XRP-USD,2026-08-28T20:34:36.622055Z,1.3791,1.3792,0.0001,1.37915,-0.4562494288108725148584453987
XRP-USD,2026-08-28T20:34:36.702333Z,1.3791,1.3792,0.0001,1.37915,-0.4562494291689355526426066365
XRP-USD,2026-08-28T20:34:36.775992Z,1.3791,1.3792,0.0001,1.37915,-0.4562494291689355526426066365
XRP-USD,2026-08-28T20:34:36.854899Z,1.379,1.3792,0.0002,1.3791,-0.2799765780900175429207596971
XRP-USD,2026-08-28T20:34:36.910067Z,1.3791,1.3792,0.0001,1.37915,-0.4946267791269197465061900751
XRP-USD,2026-08-28T20:34:36.914809Z,1.3791,1.3792,0.0001,1.37915,-0.4880197972664154771166290826
XRP-USD,2026-08-28T20:34:37.02194Z,1.3791,1.3792,0.0001,1.37915,-0.4754404012172954937542227255
XRP-USD,2026-08-28T20:34:37.065715Z,1.3791,1.3792,0.0001,1.37915,-0.4722538859711031203302860963
XRP-USD,2026-08-28T20:34:37.100928Z,1.3791,1.3792,0.0001,1.37915,-0.4722538859711031203302860963
XRP-USD,2026-08-28T20:34:37.224321Z,1.3791,1.3792,0.0001,1.37915,-0.4722538859711031203302860963
XRP-USD,2026-08-28T20:34:37.341708Z,1.3791,1.3792,0.0001,1.37915,-0.4786758130266596791442342630
XRP-USD,2026-08-28T20:34:37.372928Z,1.3791,1.3792,0.0001,1.37915,-0.4786758130266596791442342630
XRP-USD,2026-08-28T20:34:37.444219Z,1.3791,1.3792,0.0001,1.37915,-0.3341696133256686041988547113
XRP-USD,2026-08-28T20:34:37.556441Z,1.3791,1.3792,0.0001,1.37915,-0.3236581710822139427463492631
XRP-USD,2026-08-28T20:34:37.629671Z,1.3791,1.3792,0.0001,1.37915,-0.3236581710822139427463492631
XRP-USD,2026-08-28T20:34:37.67019Z,1.3791,1.3792,0.0001,1.37915,-0.3236581710822139427463492631
XRP-USD,2026-08-28T20:34:37.696303Z,1.3791,1.3792,0.0001,1.37915,-0.3236581710822139427463492631
XRP-USD,2026-08-28T20:34:37.766984Z,1.3791,1.3792,0.0001,1.37915,-0.3235444820960438199525916011
XRP-USD,2026-08-28T20:34:37.791363Z,1.3791,1.3792,0.0001,1.37915,-0.3235444820960438199525916011
XRP-USD,2026-08-28T20:34:37.852316Z,1.3791,1.3792,0.0001,1.37915,-0.3236581716718094747100612216
XRP-USD,2026-08-28T20:34:37.882515Z,1.3791,1.3792,0.0001,1.37915,-0.3090898081329899469352777555
XRP-USD,2026-08-28T20:34:38.052109Z,1.3791,1.3792,0.0001,1.37915,-0.3203281385396945091014751786
XRP-USD,2026-08-28T20:34:38.126698Z,1.3793,1.3794,0.0001,1.37935,-0.3280800752635350393727460224
XRP-USD,2026-08-28T20:34:38.154487Z,1.3793,1.3794,0.0001,1.37935,-0.3155070044255401797612896104
XRP-USD,2026-08-28T20:34:38.218441Z,1.3793,1.3794,0.0001,1.37935,-0.1245300619926582394934861752
XRP-USD,2026-08-28T20:34:38.266851Z,1.3793,1.3794,0.0001,1.37935,-0.08023486021508929970068615429
XRP-USD,2026-08-28T20:34:38.291626Z,1.3793,1.3794,0.0001,1.37935,-0.08023486021508929970068615429
XRP-USD,2026-08-28T20:34:38.374751Z,1.3793,1.3794,0.0001,1.37935,-0.1968330926094365085508058188
XRP-USD,2026-08-28T20:34:38.42783Z,1.3793,1.3794,0.0001,1.37935,-0.1968330926094365085508058188
XRP-USD,2026-08-28T20:34:38.503264Z,1.3793,1.3794,0.0001,1.37935,-0.1968330926094365085508058188
XRP-USD,2026-08-28T20:34:38.574313Z,1.3794,1.3796,0.0002,1.3795,-0.5922065453913284851665695954
XRP-USD,2026-08-28T20:34:38.619458Z,1.3795,1.3796,0.0001,1.37955,-0.7300288593403376592232884195
XRP-USD,2026-08-28T20:34:38.650072Z,1.3795,1.3796,0.0001,1.37955,-0.7044747679737955201170389954
XRP-USD,2026-08-28T20:34:38.698662Z,1.3795,1.3796,0.0001,1.37955,-0.7089799194381479833127304937
XRP-USD,2026-08-28T20:34:38.751076Z,1.3795,1.3796,0.0001,1.37955,-0.7097577748562292254732210813
XRP-USD,2026-08-28T20:34:38.79862Z,1.3795,1.3796,0.0001,1.37955,-0.7104936756345969217498957221
XRP-USD,2026-08-28T20:34:38.857647Z,1.3795,1.3796,0.0001,1.37955,-0.7109663209384814808414215971
XRP-USD,2026-08-28T20:34:38.912365Z,1.3795,1.3796,0.0001,1.37955,-0.7109663209384814808414215971
XRP-USD,2026-08-28T20:34:38.962041Z,1.3795,1.3796,0.0001,1.37955,-0.7109994630326795809781259315
XRP-USD,2026-08-28T20:34:38.997994Z,1.3795,1.3796,0.0001,1.37955,-0.7109994630326795809781259315
XRP-USD,2026-08-28T20:34:39.050502Z,1.3795,1.3796,0.0001,1.37955,-0.7065971606096117190198511803
XRP-USD,2026-08-28T20:34:39.111601Z,1.3795,1.3796,0.0001,1.37955,-0.7169333081884209728128926094
XRP-USD,2026-08-28T20:34:39.176762Z,1.3795,1.3796,0.0001,1.37955,-0.7169333081884209728128926094
XRP-USD,2026-08-28T20:34:39.20653Z,1.3795,1.3796,0.0001,1.37955,-0.7223322462934415570348366473
XRP-USD,2026-08-28T20:34:39.308003Z,1.3795,1.3796,0.0001,1.37955,-0.7223322462934415570348366473
XRP-USD,2026-08-28T20:34:39.356695Z,1.3795,1.3796,0.0001,1.37955,-0.7223322462934415570348366473
XRP-USD,2026-08-28T20:34:39.410422Z,1.3795,1.3796,0.0001,1.37955,-0.7223322462934415570348366473
XRP-USD,2026-08-28T20:34:39.458515Z,1.3795,1.3796,0.0001,1.37955,-0.6380728843880696901027509865
XRP-USD,2026-08-28T20:34:39.509129Z,1.3795,1.3796,0.0001,1.37955,-0.6380728843880696901027509865
XRP-USD,2026-08-28T20:34:39.561182Z,1.3795,1.3796,0.0001,1.37955,-0.6380728843880696901027509865
XRP-USD,2026-08-28T20:34:39.775664Z,1.3796,1.3797,0.0001,1.37965,-0.8231556097094694295099257671
XRP-USD,2026-08-28T20:34:39.818107Z,1.3796,1.3797,0.0001,1.37965,-0.8213128483159911698160627943
XRP-USD,2026-08-28T20:34:40.25589Z,1.3798,1.3799,0.0001,1.37985,-0.6447340911162195167467233180
XRP-USD,2026-08-28T20:34:40.296682Z,1.3798,1.3799,0.0001,1.37985,-0.6447340911162195167467233180
XRP-USD,2026-08-28T20:34:40.428033Z,1.3798,1.3799,0.0001,1.37985,-0.6786975226171631867451789305
XRP-USD,2026-08-28T20:34:40.530561Z,1.3798,1.3799,0.0001,1.37985,-0.6786975226171631867451789305
XRP-USD,2026-08-28T20:34:40.579445Z,1.3798,1.3799,0.0001,1.37985,-0.6816271136156434037519314904
XRP-USD,2026-08-28T20:34:40.614145Z,1.3798,1.3799,0.0001,1.37985,-0.6816271136156434037519314904
XRP-USD,2026-08-28T20:34:40.659124Z,1.3798,1.3799,0.0001,1.37985,-0.6816271136156434037519314904
XRP-USD,2026-08-28T20:34:40.716842Z,1.3798,1.3799,0.0001,1.37985,-0.6957938870474306592886190672
XRP-USD,2026-08-28T20:34:40.770767Z,1.3798,1.3799,0.0001,1.37985,-0.6925658858013454284030037295
XRP-USD,2026-08-28T20:34:40.799503Z,1.3798,1.3799,0.0001,1.37985,-0.6925658858013454284030037295
XRP-USD,2026-08-28T20:34:40.844675Z,1.3798,1.3799,0.0001,1.37985,-0.6925658858013454284030037295
XRP-USD,2026-08-28T20:34:41.022136Z,1.3798,1.3799,0.0001,1.37985,-0.6925658858013454284030037295
XRP-USD,2026-08-28T20:34:41.031243Z,1.3798,1.3799,0.0001,1.37985,-0.6925658858013454284030037295
XRP-USD,2026-08-28T20:34:41.106215Z,1.3798,1.3799,0.0001,1.37985,-0.6925997681252631549791564347
XRP-USD,2026-08-28T20:34:41.18348Z,1.3798,1.3799,0.0001,1.37985,-0.6925997681252631549791564347
XRP-USD,2026-08-28T20:34:41.221996Z,1.3798,1.3799,0.0001,1.37985,-0.6925997681252631549791564347
XRP-USD,2026-08-28T20:34:41.371779Z,1.3797,1.3799,0.0002,1.3798,-0.4907380526770280496153978978
XRP-USD,2026-08-28T20:34:41.475158Z,1.3797,1.3799,0.0002,1.3798,-0.4907380526770280496153978978
XRP-USD,2026-08-28T20:34:41.570056Z,1.3798,1.3799,0.0001,1.37985,-0.7074873031191962395341077649
XRP-USD,2026-08-28T20:34:41.618161Z,1.3798,1.3799,0.0001,1.37985,-0.7074873031191962395341077649
XRP-USD,2026-08-28T20:34:41.723482Z,1.3798,1.3799,0.0001,1.37985,-0.7074873031191962395341077649
XRP-USD,2026-08-28T20:34:41.750374Z,1.3798,1.3799,0.0001,1.37985,-0.7074873031191962395341077649
XRP-USD,2026-08-28T20:34:41.825686Z,1.3798,1.3799,0.0001,1.37985,-0.7074873031191962395341077649
XRP-USD,2026-08-28T20:34:41.833333Z,1.3798,1.3799,0.0001,1.37985,-0.7074873031191962395341077649
XRP-USD,2026-08-28T20:34:41.962317Z,1.3798,1.3799,0.0001,1.37985,-0.6954219608695163606394576904
XRP-USD,2026-08-28T20:34:42.072471Z,1.3798,1.3799,0.0001,1.37985,-0.6953883336318998041749810433
XRP-USD,2026-08-28T20:34:42.111608Z,1.3798,1.3799,0.0001,1.37985,-0.6953718021721085081533714889
XRP-USD,2026-08-28T20:34:42.167512Z,1.3798,1.3799,0.0001,1.37985,-0.6830980751109073892263500604
XRP-USD,2026-08-28T20:34:42.413751Z,1.3798,1.3799,0.0001,1.37985,-0.6830980751109073892263500604
XRP-USD,2026-08-28T20:34:42.572297Z,1.3798,1.3799,0.0001,1.37985,-0.6830980751109073892263500604
XRP-USD,2026-08-28T20:34:42.633961Z,1.3798,1.3799,0.0001,1.37985,-0.6830980751109073892263500604
XRP-USD,2026-08-28T20:34:42.64989Z,1.3798,1.3799,0.0001,1.37985,-0.6830980751109073892263500604
XRP-USD,2026-08-28T20:34:42.748106Z,1.3798,1.3799,0.0001,1.37985,-0.6830980751109073892263500604
XRP-USD,2026-08-28T20:34:42.81179Z,1.3798,1.3799,0.0001,1.37985,-0.6830980751109073892263500604
XRP-USD,2026-08-28T20:34:42.8966Z,1.3798,1.3799,0.0001,1.37985,-0.6830980751109073892263500604
XRP-USD,2026-08-28T20:34:42.937471Z,1.3798,1.3799,0.0001,1.37985,-0.7173010675212073951826219959
XRP-USD,2026-08-28T20:34:43.114683Z,1.3798,1.3799,0.0001,1.37985,-0.6709323125947011375358809455
XRP-USD,2026-08-28T20:34:43.123982Z,1.3798,1.3799,0.0001,1.37985,-0.6709323125947011375358809455
XRP-USD,2026-08-28T20:34:43.223501Z,1.3798,1.3799,0.0001,1.37985,-0.6826886178029172198663917240
XRP-USD,2026-08-28T20:34:43.239358Z,1.3798,1.3799,0.0001,1.37985,-0.6826886178029172198663917240
XRP-USD,2026-08-28T20:34:43.298142Z,1.3798,1.3799,0.0001,1.37985,-0.6826886178029172198663917240
XRP-USD,2026-08-28T20:34:43.431847Z,1.3798,1.3799,0.0001,1.37985,-0.6826886178029172198663917240
XRP-USD,2026-08-28T20:34:43.461836Z,1.3798,1.3799,0.0001,1.37985,-0.6826886178029172198663917240
XRP-USD,2026-08-28T20:34:43.552532Z,1.3798,1.3799,0.0001,1.37985,-0.6826886178029172198663917240
XRP-USD,2026-08-28T20:34:43.599709Z,1.3798,1.3799,0.0001,1.37985,-0.6826886178029172198663917240
XRP-USD,2026-08-28T20:34:43.647528Z,1.3798,1.3799,0.0001,1.37985,-0.6826886178029172198663917240
XRP-USD,2026-08-28T20:34:43.742234Z,1.3798,1.3799,0.0001,1.37985,-0.6797400595386853384752288169
XRP-USD,2026-08-28T20:34:43.97175Z,1.3798,1.3799,0.0001,1.37985,-0.6797400595386853384752288169
XRP-USD,2026-08-28T20:34:44.022491Z,1.3798,1.3799,0.0001,1.37985,-0.6797400595386853384752288169
XRP-USD,2026-08-28T20:34:44.076051Z,1.3798,1.3799,0.0001,1.37985,-0.6797046403811135892861182296
XRP-USD,2026-08-28T20:34:44.126521Z,1.3798,1.3799,0.0001,1.37985,-0.6797046403811135892861182296
XRP-USD,2026-08-28T20:34:44.169458Z,1.3798,1.3799,0.0001,1.37985,-0.7262328148240266868805808723
XRP-USD,2026-08-28T20:34:44.277735Z,1.3798,1.3799,0.0001,1.37985,-0.7262602813974555262001076742
XRP-USD,2026-08-28T20:34:44.290969Z,1.3798,1.3799,0.0001,1.37985,-0.7262602813974555262001076742
XRP-USD,2026-08-28T20:34:44.370978Z,1.3798,1.3799,0.0001,1.37985,-0.6921640760287976265642269278
XRP-USD,2026-08-28T20:34:44.407582Z,1.3798,1.3799,0.0001,1.37985,-0.6921640760287976265642269278
XRP-USD,2026-08-28T20:34:44.437223Z,1.3798,1.3799,0.0001,1.37985,-0.6921640760287976265642269278
XRP-USD,2026-08-28T20:34:44.576424Z,1.3798,1.3799,0.0001,1.37985,-0.6921640760287976265642269278
XRP-USD,2026-08-28T20:34:44.618662Z,1.3798,1.3799,0.0001,1.37985,-0.6921640760287976265642269278
XRP-USD,2026-08-28T20:34:44.625949Z,1.3798,1.3799,0.0001,1.37985,-0.6921640760287976265642269278
XRP-USD,2026-08-28T20:34:44.6989Z,1.3798,1.3799,0.0001,1.37985,-0.6921640760287976265642269278
XRP-USD,2026-08-28T20:34:44.75167Z,1.3798,1.3799,0.0001,1.37985,-0.6921640760287976265642269278
XRP-USD,2026-08-28T20:34:44.830923Z,1.3798,1.3799,0.0001,1.37985,-0.6921640760287976265642269278
XRP-USD,2026-08-28T20:34:45.020328Z,1.3798,1.3799,0.0001,1.37985,-0.6921640760287976265642269278
XRP-USD,2026-08-28T20:34:45.055669Z,1.3798,1.3799,0.0001,1.37985,-0.6889898086018896330887515496
XRP-USD,2026-08-28T20:34:45.101491Z,1.3798,1.3799,0.0001,1.37985,-0.6889898086018896330887515496
XRP-USD,2026-08-28T20:34:45.167869Z,1.3797,1.3799,0.0002,1.3798,-0.5276486162155082334254663662
XRP-USD,2026-08-28T20:34:45.245617Z,1.3797,1.3799,0.0002,1.3798,-0.5949546152706877037766041854
XRP-USD,2026-08-28T20:34:45.288517Z,1.3797,1.3799,0.0002,1.3798,-0.5949546152706877037766041854
XRP-USD,2026-08-28T20:34:45.355122Z,1.3797,1.3799,0.0002,1.3798,-0.5949892316870665926633636775
XRP-USD,2026-08-28T20:34:45.359482Z,1.3798,1.3799,0.0001,1.37985,-0.7738648803860263779204356569
XRP-USD,2026-08-28T20:34:45.367403Z,1.3798,1.3799,0.0001,1.37985,-0.7738648803860263779204356569
XRP-USD,2026-08-28T20:34:45.448111Z,1.3799,1.38,0.0001,1.37995,-0.8858054634545719535750350163
XRP-USD,2026-08-28T20:34:45.4733Z,1.3799,1.38,0.0001,1.37995,-0.8714662775449933404346978044
XRP-USD,2026-08-28T20:34:45.625079Z,1.3799,1.38,0.0001,1.37995,-0.8877082761303353357222979326
XRP-USD,2026-08-28T20:34:45.63831Z,1.3799,1.38,0.0001,1.37995,-0.8890719347911075843486571427
XRP-USD,2026-08-28T20:34:45.722273Z,1.3799,1.38,0.0001,1.37995,-0.7630914057608579901624273372
XRP-USD,2026-08-28T20:34:45.764824Z,1.38,1.3801,0.0001,1.38005,-0.7958419712736095444925916571
XRP-USD,2026-08-28T20:34:45.82202Z,1.38,1.3801,0.0001,1.38005,-0.8094444050953345879908692633
XRP-USD,2026-08-28T20:34:45.867604Z,1.38,1.3801,0.0001,1.38005,-0.7992600540272262147343739937
XRP-USD,2026-08-28T20:34:45.931459Z,1.38,1.3801,0.0001,1.38005,-0.7987451399994970337199837151
XRP-USD,2026-08-28T20:34:45.950507Z,1.38,1.3801,0.0001,1.38005,-0.7987451399994970337199837151
XRP-USD,2026-08-28T20:34:46.021466Z,1.38,1.3801,0.0001,1.38005,-0.7987451399994970337199837151
XRP-USD,2026-08-28T20:34:46.074427Z,1.38,1.3801,0.0001,1.38005,-0.7982275775870641353471231042
XRP-USD,2026-08-28T20:34:46.11319Z,1.38,1.3801,0.0001,1.38005,-0.7982090799382725629295397225
XRP-USD,2026-08-28T20:34:46.167326Z,1.38,1.3801,0.0001,1.38005,-0.7982090799382725629295397225
XRP-USD,2026-08-28T20:34:46.174176Z,1.38,1.3801,0.0001,1.38005,-0.7992416404642454809864418512
XRP-USD,2026-08-28T20:34:46.261657Z,1.3799,1.38,0.0001,1.37995,-0.7793040113008028800097039556
XRP-USD,2026-08-28T20:34:46.303194Z,1.3799,1.3801,0.0002,1.3800,-0.7919526102914810107766334873
XRP-USD,2026-08-28T20:34:46.361307Z,1.3799,1.3801,0.0002,1.3800,-0.8151575574309699932880026742
XRP-USD,2026-08-28T20:34:46.427953Z,1.3799,1.3801,0.0002,1.3800,-0.8151761096943166836449182015
XRP-USD,2026-08-28T20:34:46.450387Z,1.38,1.3801,0.0001,1.38005,-0.8372412267120447436244793328
XRP-USD,2026-08-28T20:34:46.525654Z,1.38,1.3801,0.0001,1.38005,-0.8358354924860706928862720661
XRP-USD,2026-08-28T20:34:46.568302Z,1.38,1.3801,0.0001,1.38005,-0.8358354924860706928862720661
XRP-USD,2026-08-28T20:34:46.734595Z,1.38,1.3801,0.0001,1.38005,-0.8358354924860706928862720661
XRP-USD,2026-08-28T20:34:46.739275Z,1.38,1.3801,0.0001,1.38005,-0.8358354924860706928862720661
XRP-USD,2026-08-28T20:34:46.813644Z,1.38,1.3801,0.0001,1.38005,-0.8539715553051691596317325271
XRP-USD,2026-08-28T20:34:46.873264Z,1.38,1.3801,0.0001,1.38005,-0.8539715553051691596317325271
XRP-USD,2026-08-28T20:34:46.919164Z,1.38,1.3801,0.0001,1.38005,-0.8539715553051691596317325271
XRP-USD,2026-08-28T20:34:46.970641Z,1.38,1.3801,0.0001,1.38005,-0.8188190178506564535552505612
XRP-USD,2026-08-28T20:34:47.018219Z,1.38,1.3801,0.0001,1.38005,-0.8188190178506564535552505612
XRP-USD,2026-08-28T20:34:47.02856Z,1.38,1.3801,0.0001,1.38005,-0.8188010531603604675222024202
XRP-USD,2026-08-28T20:34:47.103259Z,1.38,1.3801,0.0001,1.38005,-0.8188010531603604675222024202
XRP-USD,2026-08-28T20:34:47.165936Z,1.38,1.3801,0.0001,1.38005,-0.8188010531603604675222024202
XRP-USD,2026-08-28T20:34:47.224401Z,1.38,1.3801,0.0001,1.38005,-0.8188010531603604675222024202
XRP-USD,2026-08-28T20:34:47.249492Z,1.38,1.3801,0.0001,1.38005,-0.8188010531603604675222024202
XRP-USD,2026-08-28T20:34:47.331364Z,1.38,1.3801,0.0001,1.38005,-0.8188010531603604675222024202
XRP-USD,2026-08-28T20:34:47.380096Z,1.3797,1.38,0.0003,1.37985,-0.4279913293603505121500549687
XRP-USD,2026-08-28T20:34:47.443242Z,1.3797,1.38,0.0003,1.37985,-0.4280357269356698258581382010
XRP-USD,2026-08-28T20:34:47.527112Z,1.3799,1.38,0.0001,1.37995,-0.6464374790083480106549009767
XRP-USD,2026-08-28T20:34:47.5684Z,1.3799,1.38,0.0001,1.37995,-0.6464374790083480106549009767
XRP-USD,2026-08-28T20:34:47.601833Z,1.3799,1.38,0.0001,1.37995,-0.6464374790083480106549009767
XRP-USD,2026-08-28T20:34:47.671032Z,1.3799,1.38,0.0001,1.37995,-0.5906585263844580866331513207
XRP-USD,2026-08-28T20:34:47.722668Z,1.38,1.3801,0.0001,1.38005,-0.8176690180393232308814412181
XRP-USD,2026-08-28T20:34:47.798717Z,1.38,1.3801,0.0001,1.38005,-0.8176690180393232308814412181
XRP-USD,2026-08-28T20:34:47.97338Z,1.38,1.3801,0.0001,1.38005,-0.7597793393133764191500460858
XRP-USD,2026-08-28T20:34:48.021007Z,1.38,1.3801,0.0001,1.38005,-0.7597793393133764191500460858
XRP-USD,2026-08-28T20:34:48.059836Z,1.3799,1.3801,0.0002,1.3800,-0.6875409623068633792485407749
XRP-USD,2026-08-28T20:34:48.114885Z,1.3799,1.3801,0.0002,1.3800,-0.7775411350175214201724789818
XRP-USD,2026-08-28T20:34:48.138866Z,1.3799,1.3801,0.0002,1.3800,-0.7775411350175214201724789818
XRP-USD,2026-08-28T20:34:48.223036Z,1.3799,1.3801,0.0002,1.3800,-0.7775411350175214201724789818
XRP-USD,2026-08-28T20:34:48.260407Z,1.38,1.3801,0.0001,1.38005,-0.7696140412697161274695909045
XRP-USD,2026-08-28T20:34:48.358189Z,1.38,1.3801,0.0001,1.38005,-0.7582642192590229122337866368
XRP-USD,2026-08-28T20:34:48.499898Z,1.38,1.3801,0.0001,1.38005,-0.7582876201032767624068924631
XRP-USD,2026-08-28T20:34:48.622776Z,1.3798,1.38,0.0002,1.3799,-0.6104676222992859894419411207
XRP-USD,2026-08-28T20:34:48.772163Z,1.3798,1.38,0.0002,1.3799,-0.6064164419277320208253858715
XRP-USD,2026-08-28T20:34:48.825581Z,1.3799,1.3801,0.0002,1.3800,-0.7961074493887759789865065576
XRP-USD,2026-08-28T20:34:48.884649Z,1.3799,1.3801,0.0002,1.3800,-0.7961218257249530265048133411
XRP-USD,2026-08-28T20:34:48.930031Z,1.3799,1.3801,0.0002,1.3800,-0.7961218257249530265048133411
XRP-USD,2026-08-28T20:34:48.963564Z,1.3799,1.3801,0.0002,1.3800,-0.7961218257249530265048133411
XRP-USD,2026-08-28T20:34:49.025193Z,1.3799,1.3801,0.0002,1.3800,-0.7961218257249530265048133411
XRP-USD,2026-08-28T20:34:49.052636Z,1.3799,1.3801,0.0002,1.3800,-0.7564074296850472749329945981
XRP-USD,2026-08-28T20:34:49.12177Z,1.3799,1.3801,0.0002,1.3800,-0.7669069995019646807002569597
XRP-USD,2026-08-28T20:34:49.173184Z,1.3799,1.3801,0.0002,1.3800,-0.7669069995019646807002569597
XRP-USD,2026-08-28T20:34:49.265767Z,1.3799,1.3801,0.0002,1.3800,-0.7669069995019646807002569597
XRP-USD,2026-08-28T20:34:49.320141Z,1.3799,1.3801,0.0002,1.3800,-0.7669069995019646807002569597
XRP-USD,2026-08-28T20:34:49.431299Z,1.3799,1.3801,0.0002,1.3800,-0.7669069995019646807002569597
XRP-USD,2026-08-28T20:34:49.464557Z,1.3799,1.3801,0.0002,1.3800,-0.7669069995019646807002569597
XRP-USD,2026-08-28T20:34:49.507243Z,1.3799,1.3801,0.0002,1.3800,-0.7669069995019646807002569597
XRP-USD,2026-08-28T20:34:49.555464Z,1.3799,1.3801,0.0002,1.3800,-0.7669280304292972339737791271
XRP-USD,2026-08-28T20:34:49.621246Z,1.3799,1.3801,0.0002,1.3800,-0.7564292773504310139137912524
XRP-USD,2026-08-28T20:34:49.955505Z,1.3799,1.3801,0.0002,1.3800,-0.7433193328702055299455677213
XRP-USD,2026-08-28T20:34:50.028448Z,1.3799,1.3801,0.0002,1.3800,-0.7433193328702055299455677213
XRP-USD,2026-08-28T20:34:50.123254Z,1.3799,1.3801,0.0002,1.3800,-0.7433193328702055299455677213
XRP-USD,2026-08-28T20:34:50.180926Z,1.3799,1.3801,0.0002,1.3800,-0.7433193328702055299455677213
XRP-USD,2026-08-28T20:34:50.225953Z,1.3799,1.3801,0.0002,1.3800,-0.7564292773504310139137912524
XRP-USD,2026-08-28T20:34:50.252945Z,1.3799,1.3801,0.0002,1.3800,-0.7564292773504310139137912524
XRP-USD,2026-08-28T20:34:50.298375Z,1.3799,1.3801,0.0002,1.3800,-0.7669280304292972339737791271
XRP-USD,2026-08-28T20:34:50.334988Z,1.3799,1.3801,0.0002,1.3800,-0.7669280304292972339737791271
XRP-USD,2026-08-28T20:34:50.526275Z,1.3799,1.3801,0.0002,1.3800,-0.7669280304292972339737791271
XRP-USD,2026-08-28T20:34:50.566327Z,1.3799,1.3801,0.0002,1.3800,-0.7669280304292972339737791271
XRP-USD,2026-08-28T20:34:50.631761Z,1.3799,1.3801,0.0002,1.3800,-0.7669069995019646807002569597
XRP-USD,2026-08-28T20:34:50.676272Z,1.3799,1.3801,0.0002,1.3800,-0.7669069995019646807002569597
XRP-USD,2026-08-28T20:34:50.700082Z,1.3799,1.3801,0.0002,1.3800,-0.7669069995019646807002569597
XRP-USD,2026-08-28T20:34:50.731178Z,1.3799,1.3801,0.0002,1.3800,-0.7536394234616905854533359577
XRP-USD,2026-08-28T20:34:50.976217Z,1.3799,1.3801,0.0002,1.3800,-0.7669069995019646807002569597
XRP-USD,2026-08-28T20:34:51.032164Z,1.3799,1.3801,0.0002,1.3800,-0.7669069995019646807002569597
XRP-USD,2026-08-28T20:34:51.040048Z,1.3799,1.3801,0.0002,1.3800,-0.7669069995019646807002569597
XRP-USD,2026-08-28T20:34:51.117447Z,1.3799,1.38,0.0001,1.37995,-0.7179136183351051552271872247
XRP-USD,2026-08-28T20:34:51.172444Z,1.3799,1.38,0.0001,1.37995,-0.7179136183351051552271872247
XRP-USD,2026-08-28T20:34:51.227778Z,1.3799,1.38,0.0001,1.37995,-0.7694323030832971964889307698
XRP-USD,2026-08-28T20:34:51.23212Z,1.3799,1.38,0.0001,1.37995,-0.7694323030832971964889307698
XRP-USD,2026-08-28T20:34:51.317335Z,1.3799,1.3801,0.0002,1.3800,-0.7685312416314106063799222399
XRP-USD,2026-08-28T20:34:51.344536Z,1.38,1.3801,0.0001,1.38005,-0.7647332280630442126593284494
XRP-USD,2026-08-28T20:34:51.416095Z,1.38,1.3801,0.0001,1.38005,-0.7615606831498802827118661777
XRP-USD,2026-08-28T20:34:51.454469Z,1.38,1.3801,0.0001,1.38005,-0.7610368715710490062881417612
XRP-USD,2026-08-28T20:34:51.51653Z,1.38,1.3801,0.0001,1.38005,-0.7640252704993751480194054499
XRP-USD,2026-08-28T20:34:51.565359Z,1.38,1.3801,0.0001,1.38005,-0.7786758544782957038789724741
XRP-USD,2026-08-28T20:34:51.575065Z,1.38,1.3801,0.0001,1.38005,-0.7791589173977423279244535335
XRP-USD,2026-08-28T20:34:51.640999Z,1.38,1.3801,0.0001,1.38005,-0.7791589173977423279244535335
XRP-USD,2026-08-28T20:34:51.753704Z,1.38,1.3801,0.0001,1.38005,-0.7791807424474747782686733271
XRP-USD,2026-08-28T20:34:51.912578Z,1.38,1.3801,0.0001,1.38005,-0.7955456629301466284983806865
XRP-USD,2026-08-28T20:34:52.024674Z,1.38,1.3801,0.0001,1.38005,-0.7955456629301466284983806865
XRP-USD,2026-08-28T20:34:52.068586Z,1.3797,1.3798,0.0001,1.37975,-0.2254434502398559464711232462
XRP-USD,2026-08-28T20:34:52.124979Z,1.3795,1.3797,0.0002,1.3796,-0.3352646661046341632298583488
XRP-USD,2026-08-28T20:34:52.168042Z,1.3794,1.3796,0.0002,1.3795,0.1360819635794192591707109652
XRP-USD,2026-08-28T20:34:52.217882Z,1.3794,1.3796,0.0002,1.3795,0.1128640162534287541451831539
XRP-USD,2026-08-28T20:34:52.272176Z,1.3794,1.3796,0.0002,1.3795,0.1122024856150365305314737027
XRP-USD,2026-08-28T20:34:52.323193Z,1.3795,1.3797,0.0002,1.3796,-0.4517117902823960548472087192
XRP-USD,2026-08-28T20:34:52.360311Z,1.3795,1.3797,0.0002,1.3796,-0.4288195449836206986108089031
XRP-USD,2026-08-28T20:34:52.425858Z,1.3794,1.3797,0.0003,1.37955,0.02752235316188418579496498895
XRP-USD,2026-08-28T20:34:52.482297Z,1.3794,1.3797,0.0003,1.37955,0.01087010357930742686627848357
XRP-USD,2026-08-28T20:34:52.528848Z,1.3794,1.3796,0.0002,1.3795,-0.05887544410160033152203931913
XRP-USD,2026-08-28T20:34:52.635098Z,1.3794,1.3796,0.0002,1.3795,-0.06664028474851572254148749926
XRP-USD,2026-08-28T20:34:52.687268Z,1.3795,1.3797,0.0002,1.3796,-0.4089180145672224613574269032
XRP-USD,2026-08-28T20:34:52.761803Z,1.3795,1.3797,0.0002,1.3796,-0.4089180145672224613574269032
XRP-USD,2026-08-28T20:34:52.849215Z,1.3795,1.3797,0.0002,1.3796,-0.4089952287437475413850223960
XRP-USD,2026-08-28T20:34:53.038567Z,1.3795,1.3797,0.0002,1.3796,-0.5256935930448314305668502664
XRP-USD,2026-08-28T20:34:53.116466Z,1.3795,1.3797,0.0002,1.3796,-0.4056252858900125058195250277
XRP-USD,2026-08-28T20:34:53.161144Z,1.3795,1.3797,0.0002,1.3796,-0.4056252858900125058195250277
XRP-USD,2026-08-28T20:34:53.263275Z,1.3795,1.3797,0.0002,1.3796,-0.4056252858900125058195250277
XRP-USD,2026-08-28T20:34:53.295251Z,1.3795,1.3797,0.0002,1.3796,-0.3751619694292209312940800361
XRP-USD,2026-08-28T20:34:53.327329Z,1.3795,1.3797,0.0002,1.3796,-0.3751619694292209312940800361
XRP-USD,2026-08-28T20:34:53.392409Z,1.3795,1.3797,0.0002,1.3796,-0.3346572622389410731479769439
XRP-USD,2026-08-28T20:34:53.508659Z,1.3795,1.3797,0.0002,1.3796,-0.3346572622389410731479769439
XRP-USD,2026-08-28T20:34:53.701778Z,1.3795,1.3797,0.0002,1.3796,-0.3424160334241556313238070067
XRP-USD,2026-08-28T20:34:53.849423Z,1.3795,1.3797,0.0002,1.3796,-0.3559279365276419608883339610
XRP-USD,2026-08-28T20:34:53.911827Z,1.3795,1.3797,0.0002,1.3796,-0.4976377602337651231971828614
XRP-USD,2026-08-28T20:34:53.95012Z,1.3795,1.3797,0.0002,1.3796,-0.4976377602337651231971828614
XRP-USD,2026-08-28T20:34:54.019504Z,1.3795,1.3797,0.0002,1.3796,-0.4976377602337651231971828614
XRP-USD,2026-08-28T20:34:54.046957Z,1.3795,1.3797,0.0002,1.3796,-0.4976377602337651231971828614
XRP-USD,2026-08-28T20:34:54.269043Z,1.3795,1.3797,0.0002,1.3796,-0.3775678175277439661233609597
XRP-USD,2026-08-28T20:34:54.289636Z,1.3796,1.3797,0.0001,1.37965,-0.6933273310224530268968938080
XRP-USD,2026-08-28T20:34:54.370959Z,1.3796,1.3797,0.0001,1.37965,-0.6933273310224530268968938080
XRP-USD,2026-08-28T20:34:54.379108Z,1.3796,1.3797,0.0001,1.37965,-0.6943754001619607162129061746
XRP-USD,2026-08-28T20:34:54.490318Z,1.3796,1.3797,0.0001,1.37965,-0.6539363531139737748119653603
XRP-USD,2026-08-28T20:34:54.570388Z,1.3796,1.3798,0.0002,1.3797,-0.7336395053349378628156150602
XRP-USD,2026-08-28T20:34:54.673891Z,1.3796,1.3798,0.0002,1.3797,-0.7362197802211488548056005555
XRP-USD,2026-08-28T20:34:54.721644Z,1.3796,1.3798,0.0002,1.3797,-0.7362197802211488548056005555
XRP-USD,2026-08-28T20:34:54.769515Z,1.3796,1.3798,0.0002,1.3797,-0.7362197802211488548056005555
XRP-USD,2026-08-28T20:34:54.933244Z,1.3796,1.3798,0.0002,1.3797,-0.7362197802211488548056005555
XRP-USD,2026-08-28T20:34:54.986497Z,1.3796,1.3798,0.0002,1.3797,-0.7117409649929901436307676515
XRP-USD,2026-08-28T20:34:55.065905Z,1.3796,1.3798,0.0002,1.3797,-0.7117409649929901436307676515
XRP-USD,2026-08-28T20:34:55.118049Z,1.3795,1.3797,0.0002,1.3796,-0.2989299738258922427638761851
XRP-USD,2026-08-28T20:34:55.147699Z,1.3795,1.3797,0.0002,1.3796,-0.2989299738258922427638761851
XRP-USD,2026-08-28T20:34:55.358518Z,1.3796,1.3798,0.0002,1.3797,-0.6877076929067253832536995207
XRP-USD,2026-08-28T20:34:55.437555Z,1.3796,1.3798,0.0002,1.3797,-0.6877076929067253832536995207
XRP-USD,2026-08-28T20:34:55.618788Z,1.3796,1.3798,0.0002,1.3797,-0.6906227823570976378013826170
XRP-USD,2026-08-28T20:34:55.664396Z,1.3796,1.3798,0.0002,1.3797,-0.6906227823570976378013826170
XRP-USD,2026-08-28T20:34:55.726217Z,1.3796,1.3798,0.0002,1.3797,-0.6784453353473895315641109143
XRP-USD,2026-08-28T20:34:55.933992Z,1.3796,1.3798,0.0002,1.3797,-0.3815293229332289134082075265
XRP-USD,2026-08-28T20:34:55.949108Z,1.3796,1.3798,0.0002,1.3797,-0.3712401373880360997399310377
XRP-USD,2026-08-28T20:34:56.021Z,1.3796,1.3798,0.0002,1.3797,-0.3711842662795548251361541248
XRP-USD,2026-08-28T20:34:56.041404Z,1.3796,1.3798,0.0002,1.3797,-0.3615791221046489991121248620
XRP-USD,2026-08-28T20:34:56.119714Z,1.3796,1.3798,0.0002,1.3797,-0.3615791221046489991121248620
XRP-USD,2026-08-28T20:34:56.173058Z,1.3796,1.3798,0.0002,1.3797,-0.3565107040937400661406862908
XRP-USD,2026-08-28T20:34:56.225816Z,1.3797,1.3799,0.0002,1.3798,-0.5336429255934092200235092530
XRP-USD,2026-08-28T20:34:56.26287Z,1.3797,1.3799,0.0002,1.3798,-0.5336429255934092200235092530
XRP-USD,2026-08-28T20:34:56.319794Z,1.3797,1.3799,0.0002,1.3798,-0.5388835457397927169559027042
XRP-USD,2026-08-28T20:34:56.343842Z,1.3797,1.3799,0.0002,1.3798,-0.5427373627830478158976280739
XRP-USD,2026-08-28T20:34:56.451456Z,1.3797,1.3799,0.0002,1.3798,-0.5427849662888157116880875001
XRP-USD,2026-08-28T20:34:56.509347Z,1.3797,1.3799,0.0002,1.3798,-0.5592788415088893551381723082
XRP-USD,2026-08-28T20:34:56.624548Z,1.3797,1.3799,0.0002,1.3798,-0.5648206862638726810020129230
XRP-USD,2026-08-28T20:34:56.660245Z,1.3797,1.3799,0.0002,1.3798,-0.5429495517118292537338891701
XRP-USD,2026-08-28T20:34:56.67951Z,1.3797,1.3799,0.0002,1.3798,-0.5237548702428263564829869211
XRP-USD,2026-08-28T20:34:56.7759Z,1.3798,1.3799,0.0001,1.37985,-0.6255151551600879941409927060
XRP-USD,2026-08-28T20:34:56.81791Z,1.3798,1.3799,0.0001,1.37985,-0.6255151551600879941409927060
XRP-USD,2026-08-28T20:34:56.857943Z,1.3798,1.3799,0.0001,1.37985,-0.6255151551600879941409927060
XRP-USD,2026-08-28T20:34:56.961014Z,1.3798,1.3799,0.0001,1.37985,-0.6255151551600879941409927060
XRP-USD,2026-08-28T20:34:57.024194Z,1.3798,1.3799,0.0001,1.37985,-0.6255151551600879941409927060
XRP-USD,2026-08-28T20:34:57.057726Z,1.3798,1.3799,0.0001,1.37985,-0.6088084464974891123310992819
XRP-USD,2026-08-28T20:34:57.117854Z,1.3798,1.3799,0.0001,1.37985,-0.6086419618068974664060067282
XRP-USD,2026-08-28T20:34:57.175143Z,1.3799,1.38,0.0001,1.37995,-0.6135797608018730268960738414
XRP-USD,2026-08-28T20:34:57.229042Z,1.3799,1.38,0.0001,1.37995,-0.6136290582957672195231298374
XRP-USD,2026-08-28T20:34:57.271103Z,1.3799,1.38,0.0001,1.37995,-0.6195173731551558862838774955
XRP-USD,2026-08-28T20:34:57.318905Z,1.38,1.3801,0.0001,1.38005,-0.5222393985704088645483159834
XRP-USD,2026-08-28T20:34:57.37807Z,1.38,1.3801,0.0001,1.38005,-0.4782983974034528925088654954
XRP-USD,2026-08-28T20:34:57.426331Z,1.38,1.3801,0.0001,1.38005,-0.5852655429586711247742610101
XRP-USD,2026-08-28T20:34:57.456331Z,1.38,1.3801,0.0001,1.38005,-0.6390815281853406935651480781
XRP-USD,2026-08-28T20:34:57.509329Z,1.38,1.3801,0.0001,1.38005,-0.6390815281853406935651480781
XRP-USD,2026-08-28T20:34:57.543233Z,1.38,1.3801,0.0001,1.38005,-0.6390815281853406935651480781
XRP-USD,2026-08-28T20:34:57.623833Z,1.38,1.3801,0.0001,1.38005,-0.6849500490445852181010044623
XRP-USD,2026-08-28T20:34:57.63272Z,1.38,1.3801,0.0001,1.38005,-0.6849500490445852181010044623
XRP-USD,2026-08-28T20:34:57.685308Z,1.38,1.3801,0.0001,1.38005,-0.6849500490445852181010044623
XRP-USD,2026-08-28T20:34:57.774255Z,1.38,1.3801,0.0001,1.38005,-0.6622532104709684924647475447
XRP-USD,2026-08-28T20:34:57.81387Z,1.38,1.3801,0.0001,1.38005,-0.6622532104709684924647475447
XRP-USD,2026-08-28T20:34:57.861766Z,1.38,1.3801,0.0001,1.38005,-0.6622532104709684924647475447
XRP-USD,2026-08-28T20:34:57.971339Z,1.38,1.3801,0.0001,1.38005,-0.6622532104709684924647475447
XRP-USD,2026-08-28T20:34:58.028764Z,1.38,1.3801,0.0001,1.38005,-0.6622532104709684924647475447
XRP-USD,2026-08-28T20:34:58.279688Z,1.38,1.3801,0.0001,1.38005,-0.08988194912777562151323334198
XRP-USD,2026-08-28T20:34:58.300466Z,1.38,1.3801,0.0001,1.38005,-0.08988194912777562151323334198
XRP-USD,2026-08-28T20:34:58.421276Z,1.38,1.3801,0.0001,1.38005,-0.08988194912777562151323334198
XRP-USD,2026-08-28T20:34:58.469374Z,1.3801,1.3802,0.0001,1.38015,-0.2250452997030125858979522321
XRP-USD,2026-08-28T20:34:58.503447Z,1.3801,1.3802,0.0001,1.38015,-0.2396976960068020616595893149
XRP-USD,2026-08-28T20:34:58.566642Z,1.3801,1.3802,0.0001,1.38015,-0.2774605686549751923450964120
XRP-USD,2026-08-28T20:34:58.615036Z,1.3801,1.3802,0.0001,1.38015,-0.2652891462766329778601713233
XRP-USD,2026-08-28T20:34:58.678669Z,1.3801,1.3802,0.0001,1.38015,-0.2652891462766329778601713233
XRP-USD,2026-08-28T20:34:58.715752Z,1.3801,1.3802,0.0001,1.38015,-0.1008491447252172165729430958
XRP-USD,2026-08-28T20:34:58.788653Z,1.3801,1.3802,0.0001,1.38015,-0.1304012411135281788661197023
XRP-USD,2026-08-28T20:34:58.798196Z,1.3801,1.3802,0.0001,1.38015,-0.1440629830212748687394928233
XRP-USD,2026-08-28T20:34:58.867931Z,1.3801,1.3802,0.0001,1.38015,-0.1440629830212748687394928233
XRP-USD,2026-08-28T20:34:58.912176Z,1.3801,1.3802,0.0001,1.38015,-0.07757177462269030920207237806
XRP-USD,2026-08-28T20:34:58.960897Z,1.3801,1.3802,0.0001,1.38015,-0.1169545072464116991075602633
XRP-USD,2026-08-28T20:34:59.022135Z,1.3802,1.3804,0.0002,1.3803,-0.1298395412251182138981072700
XRP-USD,2026-08-28T20:34:59.072837Z,1.3803,1.3804,0.0001,1.38035,-0.4857261141329841005924612712
XRP-USD,2026-08-28T20:34:59.123164Z,1.3803,1.3804,0.0001,1.38035,-0.5773728178674056087408740100
XRP-USD,2026-08-28T20:34:59.177644Z,1.3803,1.3804,0.0001,1.38035,-0.5898823674032008838132156244
XRP-USD,2026-08-28T20:34:59.215545Z,1.38,1.3801,0.0001,1.38005,-0.2317162218186925287109316351
XRP-USD,2026-08-28T20:34:59.272597Z,1.38,1.3801,0.0001,1.38005,-0.4190710937799322974178664702
XRP-USD,2026-08-28T20:34:59.320419Z,1.38,1.3801,0.0001,1.38005,-0.4287691646986626074968944968
XRP-USD,2026-08-28T20:34:59.373205Z,1.38,1.3802,0.0002,1.3801,-0.4103288340542954851960899561
XRP-USD,2026-08-28T20:34:59.417518Z,1.38,1.3802,0.0002,1.3801,-0.5226321200966552817886484287
XRP-USD,2026-08-28T20:34:59.467885Z,1.38,1.3802,0.0002,1.3801,-0.5534919604888072864994668617
XRP-USD,2026-08-28T20:34:59.518591Z,1.38,1.3802,0.0002,1.3801,-0.3509800938265498125221017401
XRP-USD,2026-08-28T20:34:59.567785Z,1.3801,1.3802,0.0001,1.38015,-0.4407264586599155612716175416
XRP-USD,2026-08-28T20:34:59.599009Z,1.3801,1.3802,0.0001,1.38015,-0.3652927930031418499282109562
XRP-USD,2026-08-28T20:34:59.667405Z,1.3801,1.3802,0.0001,1.38015,-0.3780156693765857391469642388
XRP-USD,2026-08-28T20:34:59.714867Z,1.3801,1.3802,0.0001,1.38015,-0.3727607229135248637113197467
XRP-USD,2026-08-28T20:34:59.769442Z,1.3801,1.3802,0.0001,1.38015,-0.3727607229135248637113197467
XRP-USD,2026-08-28T20:34:59.870559Z,1.3801,1.3802,0.0001,1.38015,-0.3727607229135248637113197467
XRP-USD,2026-08-28T20:34:59.96997Z,1.3801,1.3802,0.0001,1.38015,-0.3727607229135248637113197467
XRP-USD,2026-08-28T20:35:00.02097Z,1.3801,1.3802,0.0001,1.38015,-0.5127971878838353798652910874
XRP-USD,2026-08-28T20:35:00.07728Z,1.3801,1.3802,0.0001,1.38015,-0.5940167481056083626730972495
XRP-USD,2026-08-28T20:35:00.098769Z,1.38,1.3801,0.0001,1.38005,-0.1631022086992255274626740126
XRP-USD,2026-08-28T20:35:00.172548Z,1.3798,1.3799,0.0001,1.37985,-0.2823549075877142576240898831
XRP-USD,2026-08-28T20:35:00.224747Z,1.3797,1.38,0.0003,1.37985,-0.2959541794725537675994313263
XRP-USD,2026-08-28T20:35:00.276371Z,1.3798,1.3799,0.0001,1.37985,-0.4473134334604443985740060015
XRP-USD,2026-08-28T20:35:00.31781Z,1.3798,1.3799,0.0001,1.37985,-0.4177206238935613334697412574
XRP-USD,2026-08-28T20:35:00.380387Z,1.3798,1.3799,0.0001,1.37985,-0.4178049776624502876031410942
XRP-USD,2026-08-28T20:35:00.427978Z,1.3798,1.3799,0.0001,1.37985,-0.4178049776624502876031410942
XRP-USD,2026-08-28T20:35:00.457478Z,1.3798,1.3799,0.0001,1.37985,-0.4178049776624502876031410942
XRP-USD,2026-08-28T20:35:00.51454Z,1.3798,1.3801,0.0003,1.37995,-0.4370749356024661161023950220
XRP-USD,2026-08-28T20:35:00.555496Z,1.3798,1.3801,0.0003,1.37995,-0.4370749356024661161023950220
XRP-USD,2026-08-28T20:35:00.620392Z,1.3798,1.38,0.0002,1.3799,-0.4300296336704248373302594822
XRP-USD,2026-08-28T20:35:00.672785Z,1.3799,1.38,0.0001,1.37995,-0.7109521888557802647520339181
XRP-USD,2026-08-28T20:35:00.718766Z,1.3799,1.38,0.0001,1.37995,-0.7109521888557802647520339181
XRP-USD,2026-08-28T20:35:00.761675Z,1.3799,1.38,0.0001,1.37995,-0.7109521888557802647520339181
XRP-USD,2026-08-28T20:35:00.804605Z,1.3799,1.38,0.0001,1.37995,-0.7120568988702093111582848689
XRP-USD,2026-08-28T20:35:00.835016Z,1.3799,1.38,0.0001,1.37995,-0.7120568988702093111582848689
XRP-USD,2026-08-28T20:35:00.841241Z,1.3799,1.38,0.0001,1.37995,-0.7120568988702093111582848689
XRP-USD,2026-08-28T20:35:00.914456Z,1.3799,1.38,0.0001,1.37995,-0.6926495191636839840266982140
XRP-USD,2026-08-28T20:35:01.022328Z,1.3799,1.38,0.0001,1.37995,-0.6926495191636839840266982140
XRP-USD,2026-08-28T20:35:01.059649Z,1.3799,1.38,0.0001,1.37995,-0.6925969161569216417084403390
XRP-USD,2026-08-28T20:35:01.117689Z,1.3799,1.38,0.0001,1.37995,-0.6925969161569216417084403390
XRP-USD,2026-08-28T20:35:01.222753Z,1.3799,1.38,0.0001,1.37995,-0.6925969161569216417084403390
XRP-USD,2026-08-28T20:35:01.251942Z,1.3799,1.38,0.0001,1.37995,-0.6925969161569216417084403390
XRP-USD,2026-08-28T20:35:01.306036Z,1.3799,1.38,0.0001,1.37995,-0.6925969161569216417084403390
XRP-USD,2026-08-28T20:35:01.36762Z,1.3799,1.38,0.0001,1.37995,-0.6925969161569216417084403390
XRP-USD,2026-08-28T20:35:01.466934Z,1.3799,1.38,0.0001,1.37995,-0.2925917727153243401461946234
XRP-USD,2026-08-28T20:35:01.514455Z,1.3799,1.38,0.0001,1.37995,-0.4298923735437673076036716241
XRP-USD,2026-08-28T20:35:01.615637Z,1.3799,1.38,0.0001,1.37995,-0.4790883959104364226125931797
XRP-USD,2026-08-28T20:35:01.695535Z,1.3799,1.38,0.0001,1.37995,-0.5020743804997951671072878261
XRP-USD,2026-08-28T20:35:01.826946Z,1.3799,1.38,0.0001,1.37995,-0.5519055490109201748857967479
XRP-USD,2026-08-28T20:35:01.849904Z,1.3799,1.38,0.0001,1.37995,-0.5575129372032508751694462977
XRP-USD,2026-08-28T20:35:01.926249Z,1.3799,1.38,0.0001,1.37995,-0.5415168290216489216125887137
XRP-USD,2026-08-28T20:35:01.930507Z,1.3799,1.38,0.0001,1.37995,-0.5415168290216489216125887137
XRP-USD,2026-08-28T20:35:01.996575Z,1.3799,1.38,0.0001,1.37995,-0.5415168290216489216125887137
XRP-USD,2026-08-28T20:35:02.056844Z,1.3799,1.38,0.0001,1.37995,-0.3005540842611103463421570490
XRP-USD,2026-08-28T20:35:02.089661Z,1.3799,1.38,0.0001,1.37995,-0.3005540842611103463421570490
XRP-USD,2026-08-28T20:35:02.175792Z,1.3799,1.38,0.0001,1.37995,-0.2887810150235825412982509483
XRP-USD,2026-08-28T20:35:02.217326Z,1.38,1.3802,0.0002,1.3801,-0.3565943078455202793225135973
XRP-USD,2026-08-28T20:35:02.267768Z,1.3801,1.3802,0.0001,1.38015,-0.4447008759118579048181888398
XRP-USD,2026-08-28T20:35:02.31184Z,1.3801,1.3802,0.0001,1.38015,-0.4117406021060275695904165658
XRP-USD,2026-08-28T20:35:02.342229Z,1.3801,1.3802,0.0001,1.38015,-0.4269591291627929051265189785
XRP-USD,2026-08-28T20:35:02.40666Z,1.3801,1.3802,0.0001,1.38015,-0.4081315199257867319041171933
XRP-USD,2026-08-28T20:35:02.475464Z,1.3801,1.3802,0.0001,1.38015,-0.3889532352037847813566035247
XRP-USD,2026-08-28T20:35:02.521257Z,1.3801,1.3802,0.0001,1.38015,-0.2353470970976650913968690157
XRP-USD,2026-08-28T20:35:02.571323Z,1.3801,1.3802,0.0001,1.38015,-0.3449940679908337147717193149
XRP-USD,2026-08-28T20:35:02.617316Z,1.3801,1.3802,0.0001,1.38015,-0.4317647103637052682030473211
XRP-USD,2026-08-28T20:35:02.629762Z,1.3801,1.3802,0.0001,1.38015,-0.4465720951618879710085245463
XRP-USD,2026-08-28T20:35:02.753801Z,1.3801,1.3802,0.0001,1.38015,-0.4534965281586919171109627717
XRP-USD,2026-08-28T20:35:02.757637Z,1.3801,1.3802,0.0001,1.38015,-0.2353309155935223205554974537
XRP-USD,2026-08-28T20:35:03.025059Z,1.3801,1.3802,0.0001,1.38015,-0.2843165039455351117637922728
XRP-USD,2026-08-28T20:35:03.065457Z,1.3801,1.3802,0.0001,1.38015,-0.2439149987974431674441431016
XRP-USD,2026-08-28T20:35:03.104381Z,1.3801,1.3802,0.0001,1.38015,-0.2439149987974431674441431016
XRP-USD,2026-08-28T20:35:03.221153Z,1.3801,1.3802,0.0001,1.38015,-0.2843165039455351117637922728
XRP-USD,2026-08-28T20:35:03.257422Z,1.3801,1.3802,0.0001,1.38015,-0.2843165039455351117637922728
XRP-USD,2026-08-28T20:35:03.305832Z,1.3801,1.3802,0.0001,1.38015,-0.2439149987974431674441431016
XRP-USD,2026-08-28T20:35:03.372675Z,1.3801,1.3802,0.0001,1.38015,-0.2843165039455351117637922728
XRP-USD,2026-08-28T20:35:03.422062Z,1.3801,1.3802,0.0001,1.38015,-0.2843165039455351117637922728
XRP-USD,2026-08-28T20:35:03.493389Z,1.3801,1.3802,0.0001,1.38015,-0.2439149987974431674441431016
XRP-USD,2026-08-28T20:35:03.566774Z,1.3801,1.3802,0.0001,1.38015,-0.2843165039455351117637922728
XRP-USD,2026-08-28T20:35:03.607507Z,1.3801,1.3802,0.0001,1.38015,-0.2843165039455351117637922728
XRP-USD,2026-08-28T20:35:03.633499Z,1.3801,1.3802,0.0001,1.38015,-0.2843165039455351117637922728
XRP-USD,2026-08-28T20:35:03.72275Z,1.3801,1.3802,0.0001,1.38015,-0.2843165039455351117637922728
XRP-USD,2026-08-28T20:35:03.727775Z,1.3801,1.3802,0.0001,1.38015,-0.2703972390966224123150008245
XRP-USD,2026-08-28T20:35:03.795818Z,1.38,1.3802,0.0002,1.3801,-0.3807389313566200109910865538
XRP-USD,2026-08-28T20:35:03.808365Z,1.38,1.3802,0.0002,1.3801,-0.3858466019048190011444159367
XRP-USD,2026-08-28T20:35:03.82791Z,1.38,1.3802,0.0002,1.3801,-0.3837270351051014761342331413
XRP-USD,2026-08-28T20:35:03.966347Z,1.38,1.3802,0.0002,1.3801,-0.3837270351051014761342331413
XRP-USD,2026-08-28T20:35:03.978312Z,1.38,1.3802,0.0002,1.3801,-0.3837270351051014761342331413
XRP-USD,2026-08-28T20:35:04.048654Z,1.38,1.3802,0.0002,1.3801,-0.3836565293351101277349121314
XRP-USD,2026-08-28T20:35:04.11783Z,1.38,1.3802,0.0002,1.3801,-0.1753936890740853751845073091
XRP-USD,2026-08-28T20:35:04.168561Z,1.3801,1.3802,0.0001,1.38015,-0.2001178682801556944664126062
XRP-USD,2026-08-28T20:35:04.216732Z,1.3801,1.3802,0.0001,1.38015,-0.1697561587477006767051899332
XRP-USD,2026-08-28T20:35:04.264237Z,1.3801,1.3802,0.0001,1.38015,-0.1460157891146030623809861719
XRP-USD,2026-08-28T20:35:04.323368Z,1.3801,1.3802,0.0001,1.38015,-0.1566790747467687144068047727
XRP-USD,2026-08-28T20:35:04.359276Z,1.3801,1.3802,0.0001,1.38015,-0.1713045856162757673508218541
XRP-USD,2026-08-28T20:35:04.428272Z,1.3801,1.3802,0.0001,1.38015,-0.1740551569489538128727502263
XRP-USD,2026-08-28T20:35:04.468157Z,1.3801,1.3802,0.0001,1.38015,-0.1740551569489538128727502263
XRP-USD,2026-08-28T20:35:04.517399Z,1.3801,1.3802,0.0001,1.38015,-0.1740551569489538128727502263
XRP-USD,2026-08-28T20:35:04.522628Z,1.3801,1.3802,0.0001,1.38015,-0.1740551569489538128727502263
XRP-USD,2026-08-28T20:35:04.620908Z,1.3801,1.3802,0.0001,1.38015,-0.1740551569489538128727502263
XRP-USD,2026-08-28T20:35:04.650221Z,1.3801,1.3802,0.0001,1.38015,-0.1740551569489538128727502263
XRP-USD,2026-08-28T20:35:04.689907Z,1.3801,1.3802,0.0001,1.38015,-0.1740551569489538128727502263
XRP-USD,2026-08-28T20:35:04.74704Z,1.3801,1.3802,0.0001,1.38015,-0.1740551569489538128727502263
XRP-USD,2026-08-28T20:35:04.812473Z,1.3801,1.3802,0.0001,1.38015,-0.1741792723540317877056571273
XRP-USD,2026-08-28T20:35:04.900014Z,1.3801,1.3802,0.0001,1.38015,-0.1741792723540317877056571273
XRP-USD,2026-08-28T20:35:04.969488Z,1.3801,1.3802,0.0001,1.38015,-0.1852824006944307832723138506
XRP-USD,2026-08-28T20:35:05.000809Z,1.3801,1.3802,0.0001,1.38015,-0.1852824006944307832723138506
XRP-USD,2026-08-28T20:35:05.069632Z,1.3799,1.3802,0.0003,1.38005,-0.1894736863095939470550592458
XRP-USD,2026-08-28T20:35:05.112008Z,1.3799,1.3801,0.0002,1.3800,-0.6048129050723834853229131102
XRP-USD,2026-08-28T20:35:05.169257Z,1.3799,1.3801,0.0002,1.3800,-0.5412707234085994376551041836
XRP-USD,2026-08-28T20:35:05.21779Z,1.3799,1.3801,0.0002,1.3800,-0.5487973925941584873509914209
XRP-USD,2026-08-28T20:35:05.267467Z,1.3799,1.3801,0.0002,1.3800,-0.6694760226266204300284788349
XRP-USD,2026-08-28T20:35:05.324313Z,1.3799,1.3801,0.0002,1.3800,-0.6731219321552692200983301523
XRP-USD,2026-08-28T20:35:05.363394Z,1.3799,1.38,0.0001,1.37995,-0.6286427326575107549741272238
XRP-USD,2026-08-28T20:35:05.411703Z,1.3798,1.38,0.0002,1.3799,-0.4728776039258281098517924703
XRP-USD,2026-08-28T20:35:05.471704Z,1.3798,1.38,0.0002,1.3799,-0.4587494539441207176818520261
XRP-USD,2026-08-28T20:35:05.513183Z,1.3797,1.3799,0.0002,1.3798,-0.07130209119782094763360746139
XRP-USD,2026-08-28T20:35:05.559745Z,1.3797,1.3799,0.0002,1.3798,-0.07267691363150155533863598407
XRP-USD,2026-08-28T20:35:05.596191Z,1.3796,1.3798,0.0002,1.3797,0.2047891529266667419072418566
XRP-USD,2026-08-28T20:35:05.663032Z,1.3796,1.3798,0.0002,1.3797,0.2047891529266667419072418566
XRP-USD,2026-08-28T20:35:05.720342Z,1.3797,1.3798,0.0001,1.37975,0.04710356010240478752547343659
XRP-USD,2026-08-28T20:35:05.742503Z,1.3797,1.3799,0.0002,1.3798,-0.1577864515537572137775242885
XRP-USD,2026-08-28T20:35:05.803215Z,1.3797,1.3799,0.0002,1.3798,-0.1666458541480085863934264527
XRP-USD,2026-08-28T20:35:05.837248Z,1.3797,1.3799,0.0002,1.3798,-0.1666458541480085863934264527
XRP-USD,2026-08-28T20:35:05.914993Z,1.3797,1.3799,0.0002,1.3798,-0.1699974486799985725809990575
XRP-USD,2026-08-28T20:35:05.982287Z,1.3797,1.3798,0.0001,1.37975,-0.4437571925702781904325885047
XRP-USD,2026-08-28T20:35:06.021367Z,1.3797,1.3798,0.0001,1.37975,-0.4437571925702781904325885047
XRP-USD,2026-08-28T20:35:06.071921Z,1.3797,1.3798,0.0001,1.37975,-0.2878107644362984769935065176
XRP-USD,2026-08-28T20:35:06.120593Z,1.3797,1.3799,0.0002,1.3798,-0.5687984617054306596752891007
XRP-USD,2026-08-28T20:35:06.173428Z,1.3797,1.3799,0.0002,1.3798,-0.5568293689912905328827461442
XRP-USD,2026-08-28T20:35:06.212754Z,1.3797,1.3799,0.0002,1.3798,-0.5568293689912905328827461442
XRP-USD,2026-08-28T20:35:06.272503Z,1.3797,1.3799,0.0002,1.3798,-0.4670550467944260783585983015
XRP-USD,2026-08-28T20:35:06.327143Z,1.3797,1.3799,0.0002,1.3798,-0.4808255239763996198938054556
XRP-USD,2026-08-28T20:35:06.399372Z,1.3797,1.3799,0.0002,1.3798,-0.4860092671290342636765918072
XRP-USD,2026-08-28T20:35:06.41828Z,1.3797,1.3799,0.0002,1.3798,-0.4860092671290342636765918072
XRP-USD,2026-08-28T20:35:06.479005Z,1.3797,1.3799,0.0002,1.3798,-0.4808255239763996198938054556
XRP-USD,2026-08-28T20:35:06.541556Z,1.3797,1.3799,0.0002,1.3798,-0.4808255239763996198938054556
XRP-USD,2026-08-28T20:35:06.674751Z,1.3797,1.3799,0.0002,1.3798,-0.5626529844171518245114217151
XRP-USD,2026-08-28T20:35:06.719491Z,1.3797,1.3799,0.0002,1.3798,-0.5587544633309097926418538681
XRP-USD,2026-08-28T20:35:06.759229Z,1.3797,1.3799,0.0002,1.3798,-0.5587544633309097926418538681
XRP-USD,2026-08-28T20:35:06.872676Z,1.3797,1.3798,0.0001,1.37975,-0.4327646369997101063297523884
XRP-USD,2026-08-28T20:35:06.921232Z,1.3797,1.3799,0.0002,1.3798,-0.4735260775780685233987113726
XRP-USD,2026-08-28T20:35:06.971964Z,1.3797,1.3799,0.0002,1.3798,-0.4734663346902334586602475269
XRP-USD,2026-08-28T20:35:07.022132Z,1.3797,1.3799,0.0002,1.3798,-0.4735260775780685233987113726
XRP-USD,2026-08-28T20:35:07.028622Z,1.3797,1.3799,0.0002,1.3798,-0.4735260775780685233987113726
XRP-USD,2026-08-28T20:35:07.116996Z,1.3797,1.3799,0.0002,1.3798,-0.4735260775780685233987113726
XRP-USD,2026-08-28T20:35:07.148825Z,1.3797,1.3799,0.0002,1.3798,-0.4545017193733621322103290657
XRP-USD,2026-08-28T20:35:07.213525Z,1.3797,1.3799,0.0002,1.3798,-0.4545017193733621322103290657
XRP-USD,2026-08-28T20:35:07.273907Z,1.3797,1.3799,0.0002,1.3798,-0.3317996832787727225862880267
XRP-USD,2026-08-28T20:35:07.281948Z,1.3797,1.3799,0.0002,1.3798,-0.2737424139834024311417344869
XRP-USD,2026-08-28T20:35:07.37356Z,1.3797,1.3799,0.0002,1.3798,-0.2801073813739046099683027309
XRP-USD,2026-08-28T20:35:07.42469Z,1.3797,1.3799,0.0002,1.3798,-0.2801073813739046099683027309
XRP-USD,2026-08-28T20:35:07.463503Z,1.3797,1.3799,0.0002,1.3798,-0.2801073813739046099683027309
XRP-USD,2026-08-28T20:35:07.51118Z,1.3797,1.3799,0.0002,1.3798,-0.2797465150958913556102853198
XRP-USD,2026-08-28T20:35:07.58118Z,1.3797,1.3799,0.0002,1.3798,-0.2797465150958913556102853198
XRP-USD,2026-08-28T20:35:07.585626Z,1.3797,1.3799,0.0002,1.3798,-0.2797465150958913556102853198
XRP-USD,2026-08-28T20:35:07.658782Z,1.3797,1.3799,0.0002,1.3798,-0.2797465150958913556102853198
XRP-USD,2026-08-28T20:35:07.873778Z,1.3797,1.3799,0.0002,1.3798,-0.2793452064764033281737302620
XRP-USD,2026-08-28T20:35:08.026457Z,1.3797,1.3799,0.0002,1.3798,-0.2792724695319170553503292326
XRP-USD,2026-08-28T20:35:08.050416Z,1.3797,1.3799,0.0002,1.3798,-0.2793452064764033281737302620
XRP-USD,2026-08-28T20:35:08.122512Z,1.3797,1.3799,0.0002,1.3798,-0.3834003566126670892599457824
XRP-USD,2026-08-28T20:35:08.256584Z,1.3797,1.3799,0.0002,1.3798,-0.2793452064764033281737302620
XRP-USD,2026-08-28T20:35:08.319983Z,1.3797,1.3799,0.0002,1.3798,-0.3878318551404489698277763868
XRP-USD,2026-08-28T20:35:08.324622Z,1.3797,1.3799,0.0002,1.3798,-0.3878318551404489698277763868
XRP-USD,2026-08-28T20:35:08.437188Z,1.3797,1.3799,0.0002,1.3798,-0.3834003566126670892599457824
XRP-USD,2026-08-28T20:35:08.572611Z,1.3797,1.3799,0.0002,1.3798,-0.2694028364915235577632447345
XRP-USD,2026-08-28T20:35:08.612061Z,1.3798,1.3799,0.0001,1.37985,-0.5987847814592243086701407373
XRP-USD,2026-08-28T20:35:08.67079Z,1.3798,1.38,0.0002,1.3799,-0.6594504725209743955504942556
XRP-USD,2026-08-28T20:35:08.742767Z,1.3798,1.38,0.0002,1.3799,-0.3440236988971414492686456758
XRP-USD,2026-08-28T20:35:08.76382Z,1.3798,1.38,0.0002,1.3799,-0.3440236988971414492686456758
XRP-USD,2026-08-28T20:35:08.824975Z,1.3798,1.38,0.0002,1.3799,-0.3284027649587100696241471965
XRP-USD,2026-08-28T20:35:08.830333Z,1.3798,1.38,0.0002,1.3799,-0.3313163739077506330063569042
XRP-USD,2026-08-28T20:35:09.036531Z,1.3798,1.38,0.0002,1.3799,-0.3312574225572864662435376921
XRP-USD,2026-08-28T20:35:09.108034Z,1.3798,1.38,0.0002,1.3799,-0.3420224366472061977392684488
XRP-USD,2026-08-28T20:35:09.227324Z,1.3798,1.38,0.0002,1.3799,-0.3122482282136441550099272748
XRP-USD,2026-08-28T20:35:09.332659Z,1.3798,1.38,0.0002,1.3799,-0.3045827823361014065837063903
XRP-USD,2026-08-28T20:35:09.372449Z,1.3798,1.38,0.0002,1.3799,-0.3382819615987504621300390109
XRP-USD,2026-08-28T20:35:09.412885Z,1.3798,1.38,0.0002,1.3799,-0.3382819615987504621300390109
XRP-USD,2026-08-28T20:35:09.528168Z,1.3798,1.38,0.0002,1.3799,-0.2214845964245554662922113549
XRP-USD,2026-08-28T20:35:09.575474Z,1.3799,1.38,0.0001,1.37995,-0.5474570593196710091924614093
XRP-USD,2026-08-28T20:35:09.622689Z,1.3799,1.38,0.0001,1.37995,-0.3109085705822625694637902700
XRP-USD,2026-08-28T20:35:09.668304Z,1.3799,1.38,0.0001,1.37995,-0.3071367637681724449100973541
XRP-USD,2026-08-28T20:35:09.721149Z,1.3799,1.38,0.0001,1.37995,-0.4900187788399805126873801329
XRP-USD,2026-08-28T20:35:09.771897Z,1.3799,1.38,0.0001,1.37995,-0.5010877624686136984699611412
XRP-USD,2026-08-28T20:35:09.815909Z,1.3799,1.38,0.0001,1.37995,-0.4868088433265502599754033882
XRP-USD,2026-08-28T20:35:09.868541Z,1.3799,1.38,0.0001,1.37995,-0.4937252847827442807192480910
XRP-USD,2026-08-28T20:35:09.973512Z,1.3799,1.38,0.0001,1.37995,-0.4937252847827442807192480910
XRP-USD,2026-08-28T20:35:09.992618Z,1.3799,1.38,0.0001,1.37995,-0.3823583741773967587661946006
XRP-USD,2026-08-28T20:35:10.075499Z,1.38,1.3801,0.0001,1.38005,-0.6823514683335875495485988981
XRP-USD,2026-08-28T20:35:10.122317Z,1.38,1.3801,0.0001,1.38005,-0.6823514683335875495485988981
XRP-USD,2026-08-28T20:35:10.171367Z,1.38,1.3801,0.0001,1.38005,-0.6823915552510983990114096226
XRP-USD,2026-08-28T20:35:10.365072Z,1.38,1.3801,0.0001,1.38005,-0.6829614362774386075212860318
XRP-USD,2026-08-28T20:35:10.452435Z,1.38,1.3801,0.0001,1.38005,-0.6829614362774386075212860318
XRP-USD,2026-08-28T20:35:10.598949Z,1.38,1.3801,0.0001,1.38005,-0.6829614362774386075212860318
XRP-USD,2026-08-28T20:35:10.72086Z,1.38,1.3801,0.0001,1.38005,-0.5627148912788130290259463174
XRP-USD,2026-08-28T20:35:10.751326Z,1.38,1.3801,0.0001,1.38005,-0.5747677351293106398129265228
XRP-USD,2026-08-28T20:35:10.780739Z,1.38,1.3801,0.0001,1.38005,-0.5747677351293106398129265228
XRP-USD,2026-08-28T20:35:10.898826Z,1.38,1.3801,0.0001,1.38005,-0.5747677351293106398129265228
XRP-USD,2026-08-28T20:35:10.984791Z,1.38,1.3801,0.0001,1.38005,-0.5824055085733365730413629933
XRP-USD,2026-08-28T20:35:11.005392Z,1.38,1.3801,0.0001,1.38005,-0.4817110754916685838303191424
XRP-USD,2026-08-28T20:35:11.069664Z,1.38,1.3801,0.0001,1.38005,-0.5881518343835627554005593456
XRP-USD,2026-08-28T20:35:11.123371Z,1.38,1.3801,0.0001,1.38005,-0.5881518343835627554005593456
XRP-USD,2026-08-28T20:35:11.165033Z,1.38,1.3801,0.0001,1.38005,-0.5298012520299788892191025009
XRP-USD,2026-08-28T20:35:11.219409Z,1.38,1.3801,0.0001,1.38005,-0.5298554820031755212742784928
XRP-USD,2026-08-28T20:35:11.252301Z,1.38,1.3801,0.0001,1.38005,-0.5298554820031755212742784928
XRP-USD,2026-08-28T20:35:11.373007Z,1.38,1.3801,0.0001,1.38005,-0.5298554820031755212742784928
XRP-USD,2026-08-28T20:35:11.474974Z,1.38,1.3801,0.0001,1.38005,-0.4998620780952660105717393313
XRP-USD,2026-08-28T20:35:11.519492Z,1.38,1.3801,0.0001,1.38005,-0.4998620780952660105717393313
XRP-USD,2026-08-28T20:35:11.565419Z,1.38,1.3801,0.0001,1.38005,-0.4742245723455906417982931997
XRP-USD,2026-08-28T20:35:11.588281Z,1.38,1.3801,0.0001,1.38005,-0.4742245723455906417982931997
XRP-USD,2026-08-28T20:35:11.668284Z,1.3801,1.3802,0.0001,1.38015,-0.6582376312679515972307432433
XRP-USD,2026-08-28T20:35:11.71259Z,1.3801,1.3802,0.0001,1.38015,-0.5538105924612487397216410604
XRP-USD,2026-08-28T20:35:11.776694Z,1.3799,1.3801,0.0002,1.3800,-0.2095080591636360160393778056
XRP-USD,2026-08-28T20:35:11.827817Z,1.3799,1.3801,0.0002,1.3800,-0.2746947854118368167815792026
XRP-USD,2026-08-28T20:35:11.832786Z,1.3799,1.3801,0.0002,1.3800,-0.3034797490728855870217980763
XRP-USD,2026-08-28T20:35:11.96814Z,1.38,1.3802,0.0002,1.3801,-0.5527236338579613551951340508
XRP-USD,2026-08-28T20:35:12.019913Z,1.38,1.3802,0.0002,1.3801,-0.5527236338579613551951340508
XRP-USD,2026-08-28T20:35:12.066052Z,1.3798,1.38,0.0002,1.3799,-0.2270297494700072843861512300
XRP-USD,2026-08-28T20:35:12.100408Z,1.3799,1.38,0.0001,1.37995,-0.6071840948273272873558380122
XRP-USD,2026-08-28T20:35:12.156603Z,1.3799,1.38,0.0001,1.37995,-0.6071840948273272873558380122
XRP-USD,2026-08-28T20:35:12.221723Z,1.3799,1.38,0.0001,1.37995,-0.4998913821513879365369953285
XRP-USD,2026-08-28T20:35:12.272046Z,1.3799,1.38,0.0001,1.37995,-0.4827630798373525091388515471
XRP-USD,2026-08-28T20:35:12.370836Z,1.3799,1.38,0.0001,1.37995,-0.4615326282149053981402787389
XRP-USD,2026-08-28T20:35:12.419706Z,1.3799,1.3801,0.0002,1.3800,-0.5484332804622944477354282807
XRP-USD,2026-08-28T20:35:12.435852Z,1.3799,1.3801,0.0002,1.3800,-0.5034039763908021796459461836
XRP-USD,2026-08-28T20:35:12.488248Z,1.3799,1.3801,0.0002,1.3800,-0.4885637261849821876544450281
XRP-USD,2026-08-28T20:35:12.572584Z,1.3799,1.3801,0.0002,1.3800,-0.4918149198440362698163103983
XRP-USD,2026-08-28T20:35:12.623409Z,1.38,1.3802,0.0002,1.3801,-0.7132568850910461931886229401
XRP-USD,2026-08-28T20:35:12.629523Z,1.38,1.3802,0.0002,1.3801,-0.6734023049720703417921401212
XRP-USD,2026-08-28T20:35:12.741502Z,1.38,1.3802,0.0002,1.3801,-0.6734023049720703417921401212
XRP-USD,2026-08-28T20:35:12.780771Z,1.38,1.3802,0.0002,1.3801,-0.6608338190316539665634707041
XRP-USD,2026-08-28T20:35:12.868576Z,1.38,1.3802,0.0002,1.3801,-0.6608338190316539665634707041
XRP-USD,2026-08-28T20:35:12.875717Z,1.38,1.3802,0.0002,1.3801,-0.7000849515706928730051946290
XRP-USD,2026-08-28T20:35:12.978337Z,1.38,1.3802,0.0002,1.3801,-0.7000849515706928730051946290
XRP-USD,2026-08-28T20:35:13.020246Z,1.38,1.3802,0.0002,1.3801,-0.7000849515706928730051946290
XRP-USD,2026-08-28T20:35:13.04362Z,1.38,1.3802,0.0002,1.3801,-0.7000501445878088437514358894
XRP-USD,2026-08-28T20:35:13.117678Z,1.38,1.3801,0.0001,1.38005,-0.6585995366728327304426702227
XRP-USD,2026-08-28T20:35:13.136272Z,1.38,1.3801,0.0001,1.38005,-0.6585995366728327304426702227
XRP-USD,2026-08-28T20:35:13.225252Z,1.38,1.3801,0.0001,1.38005,-0.6542457448231974689613132613
XRP-USD,2026-08-28T20:35:13.264522Z,1.38,1.3801,0.0001,1.38005,-0.6542457448231974689613132613
XRP-USD,2026-08-28T20:35:13.274013Z,1.38,1.3801,0.0001,1.38005,-0.6542457448231974689613132613
XRP-USD,2026-08-28T20:35:13.328567Z,1.38,1.3801,0.0001,1.38005,-0.4578591442079804773076463732
XRP-USD,2026-08-28T20:35:13.528448Z,1.38,1.3801,0.0001,1.38005,-0.4578591442079804773076463732
XRP-USD,2026-08-28T20:35:13.543207Z,1.38,1.3801,0.0001,1.38005,-0.4578591442079804773076463732
XRP-USD,2026-08-28T20:35:13.624611Z,1.38,1.3801,0.0001,1.38005,-0.5213197175139309532428901066
XRP-USD,2026-08-28T20:35:13.673622Z,1.38,1.3801,0.0001,1.38005,-0.5213197175139309532428901066
XRP-USD,2026-08-28T20:35:13.779236Z,1.38,1.3801,0.0001,1.38005,-0.5066698623602316860212284820
XRP-USD,2026-08-28T20:35:13.797489Z,1.38,1.3801,0.0001,1.38005,-0.5205711555935499887775094529
XRP-USD,2026-08-28T20:35:14.02002Z,1.38,1.3801,0.0001,1.38005,-0.5205711555935499887775094529
XRP-USD,2026-08-28T20:35:14.034242Z,1.38,1.3801,0.0001,1.38005,-0.5205034264576010703560832505
XRP-USD,2026-08-28T20:35:14.193751Z,1.38,1.3801,0.0001,1.38005,-0.5205034264576010703560832505
XRP-USD,2026-08-28T20:35:14.380183Z,1.38,1.3801,0.0001,1.38005,-0.5205711555935499887775094529
XRP-USD,2026-08-28T20:35:14.4145Z,1.38,1.3801,0.0001,1.38005,-0.4444006038257489038491811356
XRP-USD,2026-08-28T20:35:14.465546Z,1.38,1.3801,0.0001,1.38005,-0.4444006038257489038491811356
XRP-USD,2026-08-28T20:35:14.520402Z,1.38,1.3801,0.0001,1.38005,-0.4444006038257489038491811356
XRP-USD,2026-08-28T20:35:14.575645Z,1.38,1.3801,0.0001,1.38005,-0.5066698623602316860212284820
XRP-USD,2026-08-28T20:35:14.631759Z,1.38,1.3801,0.0001,1.38005,-0.5066698623602316860212284820
XRP-USD,2026-08-28T20:35:14.660556Z,1.38,1.3801,0.0001,1.38005,-0.5066698623602316860212284820
XRP-USD,2026-08-28T20:35:14.72548Z,1.38,1.3801,0.0001,1.38005,-0.4444006038257489038491811356
XRP-USD,2026-08-28T20:35:14.7701Z,1.38,1.3801,0.0001,1.38005,-0.5066698623602316860212284820
XRP-USD,2026-08-28T20:35:14.81469Z,1.38,1.3801,0.0001,1.38005,-0.4444006038257489038491811356
XRP-USD,2026-08-28T20:35:14.907598Z,1.38,1.3801,0.0001,1.38005,-0.5066698623602316860212284820
XRP-USD,2026-08-28T20:35:15.023862Z,1.38,1.3801,0.0001,1.38005,-0.5066698623602316860212284820
XRP-USD,2026-08-28T20:35:15.060199Z,1.38,1.3801,0.0001,1.38005,-0.4276404583642051923527911733
XRP-USD,2026-08-28T20:35:15.122565Z,1.38,1.3801,0.0001,1.38005,-0.4884548321045577269256279730
XRP-USD,2026-08-28T20:35:15.168901Z,1.38,1.3801,0.0001,1.38005,-0.5065981483035553360110632137
XRP-USD,2026-08-28T20:35:15.201775Z,1.38,1.3801,0.0001,1.38005,-0.5361885237978720809799697646
XRP-USD,2026-08-28T20:35:15.252695Z,1.38,1.3801,0.0001,1.38005,-0.5361885237978720809799697646
XRP-USD,2026-08-28T20:35:15.31529Z,1.38,1.3801,0.0001,1.38005,-0.5212494563745729628880060300
XRP-USD,2026-08-28T20:35:15.344073Z,1.38,1.3801,0.0001,1.38005,-0.5212494563745729628880060300
XRP-USD,2026-08-28T20:35:15.439123Z,1.38,1.3801,0.0001,1.38005,-0.5213197175139309532428901066
XRP-USD,2026-08-28T20:35:15.53166Z,1.38,1.3801,0.0001,1.38005,-0.3479376681760255351177225896
XRP-USD,2026-08-28T20:35:15.544961Z,1.38,1.3801,0.0001,1.38005,-0.5213197175139309532428901066
XRP-USD,2026-08-28T20:35:15.610822Z,1.38,1.3801,0.0001,1.38005,-0.5213197175139309532428901066
XRP-USD,2026-08-28T20:35:15.712251Z,1.38,1.3801,0.0001,1.38005,-0.5213197175139309532428901066
XRP-USD,2026-08-28T20:35:15.763613Z,1.38,1.3801,0.0001,1.38005,-0.5213197175139309532428901066
XRP-USD,2026-08-28T20:35:15.983719Z,1.38,1.3801,0.0001,1.38005,-0.3479376681760255351177225896
XRP-USD,2026-08-28T20:35:16.007706Z,1.38,1.3801,0.0001,1.38005,-0.2724833484525268186450410872
XRP-USD,2026-08-28T20:35:16.052889Z,1.38,1.3801,0.0001,1.38005,-0.5212494563745729628880060300
XRP-USD,2026-08-28T20:35:16.159343Z,1.3798,1.3801,0.0003,1.37995,-0.3232089920500694427868136394
XRP-USD,2026-08-28T20:35:16.21114Z,1.3798,1.3801,0.0003,1.37995,-0.2737931827948146089369526819
XRP-USD,2026-08-28T20:35:16.259318Z,1.3798,1.3801,0.0003,1.37995,-0.2805426947639444174833085276
XRP-USD,2026-08-28T20:35:16.294416Z,1.3798,1.3801,0.0003,1.37995,-0.2805426947639444174833085276
XRP-USD,2026-08-28T20:35:16.299751Z,1.3798,1.3801,0.0003,1.37995,-0.2805426947639444174833085276
XRP-USD,2026-08-28T20:35:16.380596Z,1.38,1.3801,0.0001,1.38005,-0.5257033452003873488310505522
XRP-USD,2026-08-28T20:35:16.406784Z,1.38,1.3801,0.0001,1.38005,-0.4887451613495160390540101507
XRP-USD,2026-08-28T20:35:16.505139Z,1.38,1.3801,0.0001,1.38005,-0.4752103562428464278036248452
XRP-USD,2026-08-28T20:35:16.576906Z,1.38,1.3801,0.0001,1.38005,-0.4577560066286418696701120987
XRP-USD,2026-08-28T20:35:16.585939Z,1.38,1.3801,0.0001,1.38005,-0.4577560066286418696701120987
XRP-USD,2026-08-28T20:35:16.646471Z,1.38,1.3801,0.0001,1.38005,-0.4577560066286418696701120987
XRP-USD,2026-08-28T20:35:16.742482Z,1.38,1.3801,0.0001,1.38005,-0.4298720713562105215773921359
XRP-USD,2026-08-28T20:35:16.822148Z,1.38,1.3801,0.0001,1.38005,-0.4298720713562105215773921359
XRP-USD,2026-08-28T20:35:16.873865Z,1.38,1.3801,0.0001,1.38005,-0.4298720713562105215773921359
XRP-USD,2026-08-28T20:35:16.879703Z,1.38,1.3801,0.0001,1.38005,-0.4298720713562105215773921359
XRP-USD,2026-08-28T20:35:17.033052Z,1.38,1.3801,0.0001,1.38005,-0.4297958366243486720073933418
XRP-USD,2026-08-28T20:35:17.113581Z,1.38,1.3801,0.0001,1.38005,-0.4297958366243486720073933418
XRP-USD,2026-08-28T20:35:17.231396Z,1.38,1.3801,0.0001,1.38005,-0.4361182511316122637524119018
XRP-USD,2026-08-28T20:35:17.268186Z,1.3801,1.3802,0.0001,1.38015,-0.2442800659282043814731056085
XRP-USD,2026-08-28T20:35:17.319049Z,1.3801,1.3802,0.0001,1.38015,-0.2004603556104919549642987324
XRP-USD,2026-08-28T20:35:17.359172Z,1.3801,1.3802,0.0001,1.38015,-0.1910006636398518895898238210
XRP-USD,2026-08-28T20:35:17.413391Z,1.3801,1.3802,0.0001,1.38015,-0.2380314092790287636093310818
XRP-USD,2026-08-28T20:35:17.452764Z,1.3801,1.3802,0.0001,1.38015,-0.2380314092790287636093310818
XRP-USD,2026-08-28T20:35:17.513366Z,1.3801,1.3802,0.0001,1.38015,-0.2237773954895583507205735577
XRP-USD,2026-08-28T20:35:17.548246Z,1.3801,1.3802,0.0001,1.38015,-0.2381371764104787952579249362
XRP-USD,2026-08-28T20:35:17.625015Z,1.3801,1.3802,0.0001,1.38015,-0.2381371764104787952579249362
XRP-USD,2026-08-28T20:35:17.651997Z,1.3801,1.3802,0.0001,1.38015,-0.2381371764104787952579249362
XRP-USD,2026-08-28T20:35:17.683996Z,1.3801,1.3802,0.0001,1.38015,-0.2381371764104787952579249362
XRP-USD,2026-08-28T20:35:17.791381Z,1.3801,1.3802,0.0001,1.38015,-0.2381371764104787952579249362
XRP-USD,2026-08-28T20:35:17.860025Z,1.3801,1.3802,0.0001,1.38015,-0.2751593593613668681915540210
XRP-USD,2026-08-28T20:35:17.923294Z,1.3801,1.3802,0.0001,1.38015,-0.2751593593613668681915540210
XRP-USD,2026-08-28T20:35:17.971116Z,1.3801,1.3802,0.0001,1.38015,-0.4183610374751430557017503151
XRP-USD,2026-08-28T20:35:18.022438Z,1.3801,1.3802,0.0001,1.38015,-0.4183610374751430557017503151
XRP-USD,2026-08-28T20:35:18.06894Z,1.3801,1.3802,0.0001,1.38015,-0.2655676874210744454588332711
XRP-USD,2026-08-28T20:35:18.112404Z,1.3801,1.3802,0.0001,1.38015,-0.4183610374751430557017503151
XRP-USD,2026-08-28T20:35:18.174479Z,1.3801,1.3802,0.0001,1.38015,-0.4183610374751430557017503151
XRP-USD,2026-08-28T20:35:18.189831Z,1.3801,1.3802,0.0001,1.38015,-0.2655676874210744454588332711
XRP-USD,2026-08-28T20:35:18.266943Z,1.3801,1.3802,0.0001,1.38015,-0.2655676874210744454588332711
XRP-USD,2026-08-28T20:35:18.288574Z,1.3801,1.3802,0.0001,1.38015,-0.2655676874210744454588332711
XRP-USD,2026-08-28T20:35:18.419429Z,1.3801,1.3802,0.0001,1.38015,-0.2412757050143541017742404773
XRP-USD,2026-08-28T20:35:18.444842Z,1.3801,1.3802,0.0001,1.38015,-0.2412757050143541017742404773
XRP-USD,2026-08-28T20:35:18.512791Z,1.3801,1.3802,0.0001,1.38015,-0.1531565215159681987515741108
XRP-USD,2026-08-28T20:35:18.577202Z,1.3801,1.3802,0.0001,1.38015,-0.2243409114196737562957421794
XRP-USD,2026-08-28T20:35:18.621539Z,1.3801,1.3802,0.0001,1.38015,-0.2397348111436109510021978653
XRP-USD,2026-08-28T20:35:18.658099Z,1.3801,1.3802,0.0001,1.38015,-0.2614572998045246498352806723
XRP-USD,2026-08-28T20:35:18.724703Z,1.3801,1.3802,0.0001,1.38015,-0.2614572998045246498352806723
XRP-USD,2026-08-28T20:35:18.741578Z,1.3801,1.3802,0.0001,1.38015,-0.2614572998045246498352806723
XRP-USD,2026-08-28T20:35:18.832716Z,1.3801,1.3802,0.0001,1.38015,-0.2614572998045246498352806723
XRP-USD,2026-08-28T20:35:18.944463Z,1.3801,1.3802,0.0001,1.38015,-0.2522033584520178167796410897
XRP-USD,2026-08-28T20:35:19.020317Z,1.3801,1.3802,0.0001,1.38015,-0.2520930527666557979956235257
XRP-USD,2026-08-28T20:35:19.069257Z,1.3801,1.3802,0.0001,1.38015,-0.2421308286782213741801876116
XRP-USD,2026-08-28T20:35:19.116092Z,1.3801,1.3802,0.0001,1.38015,-0.2421308286782213741801876116
XRP-USD,2026-08-28T20:35:19.170004Z,1.3801,1.3802,0.0001,1.38015,-0.2421308286782213741801876116
XRP-USD,2026-08-28T20:35:19.219146Z,1.3801,1.3802,0.0001,1.38015,-0.2421308286782213741801876116
XRP-USD,2026-08-28T20:35:19.256401Z,1.3801,1.3802,0.0001,1.38015,-0.2518877706018675549462934011
XRP-USD,2026-08-28T20:35:19.308438Z,1.3801,1.3802,0.0001,1.38015,-0.2518877706018675549462934011
XRP-USD,2026-08-28T20:35:19.345322Z,1.3801,1.3802,0.0001,1.38015,-0.2429632509071194427752847165
XRP-USD,2026-08-28T20:35:19.467409Z,1.3802,1.3803,0.0001,1.38025,-0.4638711695261337176861258047
XRP-USD,2026-08-28T20:35:19.520009Z,1.3802,1.3803,0.0001,1.38025,-0.4656400482895526279648645948
XRP-USD,2026-08-28T20:35:19.532022Z,1.3802,1.3803,0.0001,1.38025,-0.4638711695261337176861258047
XRP-USD,2026-08-28T20:35:19.617026Z,1.3802,1.3804,0.0002,1.3803,-0.5535690806650804173959286764
XRP-USD,2026-08-28T20:35:19.653359Z,1.3802,1.3804,0.0002,1.3803,-0.5535612740298215080594153264
XRP-USD,2026-08-28T20:35:19.707644Z,1.3802,1.3804,0.0002,1.3803,-0.5431377817311446645499077636
XRP-USD,2026-08-28T20:35:19.772973Z,1.3802,1.3804,0.0002,1.3803,-0.4212447066569462997137378768
XRP-USD,2026-08-28T20:35:19.781439Z,1.3802,1.3804,0.0002,1.3803,-0.5247416167250241486490090572
XRP-USD,2026-08-28T20:35:19.859602Z,1.3802,1.3804,0.0002,1.3803,-0.4362845998938411523480784811
XRP-USD,2026-08-28T20:35:19.954237Z,1.3802,1.3804,0.0002,1.3803,-0.4362845998938411523480784811
XRP-USD,2026-08-28T20:35:20.035094Z,1.3802,1.3804,0.0002,1.3803,-0.5247416167250241486490090572
XRP-USD,2026-08-28T20:35:20.118401Z,1.3802,1.3804,0.0002,1.3803,-0.5247416167250241486490090572
XRP-USD,2026-08-28T20:35:20.17547Z,1.3802,1.3804,0.0002,1.3803,-0.4762921781720233173265361902
XRP-USD,2026-08-28T20:35:20.179595Z,1.3802,1.3804,0.0002,1.3803,-0.4362845998938411523480784811
XRP-USD,2026-08-28T20:35:20.270871Z,1.3802,1.3804,0.0002,1.3803,-0.4821029069883956892539192829
XRP-USD,2026-08-28T20:35:20.31842Z,1.3803,1.3804,0.0001,1.38035,-0.6732199914284983864267873661
XRP-USD,2026-08-28T20:35:20.369123Z,1.3803,1.3804,0.0001,1.38035,-0.6732199914284983864267873661
XRP-USD,2026-08-28T20:35:20.427615Z,1.3803,1.3804,0.0001,1.38035,-0.6980042228803948994150843951
XRP-USD,2026-08-28T20:35:20.454231Z,1.3803,1.3804,0.0001,1.38035,-0.6988233315624380022259710661
XRP-USD,2026-08-28T20:35:20.519272Z,1.3803,1.3804,0.0001,1.38035,-0.6988233315624380022259710661
XRP-USD,2026-08-28T20:35:20.545524Z,1.3803,1.3804,0.0001,1.38035,-0.6988233315624380022259710661
XRP-USD,2026-08-28T20:35:20.662088Z,1.3803,1.3804,0.0001,1.38035,-0.6988233315624380022259710661
XRP-USD,2026-08-28T20:35:20.70255Z,1.3803,1.3804,0.0001,1.38035,-0.6851116538787060411726856661
XRP-USD,2026-08-28T20:35:20.754339Z,1.3803,1.3804,0.0001,1.38035,-0.6680719437843891646273670214
XRP-USD,2026-08-28T20:35:20.79699Z,1.3803,1.3804,0.0001,1.38035,-0.6462447853627451427769941067
XRP-USD,2026-08-28T20:35:20.867513Z,1.3803,1.3804,0.0001,1.38035,-0.6462447853627451427769941067
XRP-USD,2026-08-28T20:35:20.915661Z,1.3803,1.3804,0.0001,1.38035,-0.6630670204726103942181994898
XRP-USD,2026-08-28T20:35:21.021782Z,1.3803,1.3804,0.0001,1.38035,-0.6630259584908152084874373398
XRP-USD,2026-08-28T20:35:21.027564Z,1.3803,1.3804,0.0001,1.38035,-0.6630259584908152084874373398
XRP-USD,2026-08-28T20:35:21.160593Z,1.3803,1.3804,0.0001,1.38035,-0.6630259584908152084874373398
XRP-USD,2026-08-28T20:35:21.218217Z,1.38,1.3803,0.0003,1.38015,-0.3629562836545663290979767755
XRP-USD,2026-08-28T20:35:21.251461Z,1.38,1.3803,0.0003,1.38015,-0.3629562836545663290979767755
XRP-USD,2026-08-28T20:35:21.33031Z,1.38,1.3803,0.0003,1.38015,-0.2973841602563387140523374752
XRP-USD,2026-08-28T20:35:21.362801Z,1.3802,1.3803,0.0001,1.38025,-0.4095587153179067049213418143
XRP-USD,2026-08-28T20:35:21.4007Z,1.3802,1.3803,0.0001,1.38025,-0.3914777019274890264886265646
XRP-USD,2026-08-28T20:35:21.426336Z,1.3801,1.3803,0.0002,1.3802,-0.5402145393056321655132237726
XRP-USD,2026-08-28T20:35:21.463239Z,1.3801,1.3803,0.0002,1.3802,-0.3956961773013908532456723139
XRP-USD,2026-08-28T20:35:21.556339Z,1.3801,1.3803,0.0002,1.3802,-0.3935602773062050312921991145
XRP-USD,2026-08-28T20:35:21.623925Z,1.3801,1.3803,0.0002,1.3802,-0.3919191192349338054453108028
XRP-USD,2026-08-28T20:35:21.677906Z,1.3801,1.3803,0.0002,1.3802,-0.3919191192349338054453108028
XRP-USD,2026-08-28T20:35:21.68317Z,1.3801,1.3803,0.0002,1.3802,-0.3807096157418684493895023116
XRP-USD,2026-08-28T20:35:21.769062Z,1.3801,1.3803,0.0002,1.3802,-0.3823676030046521018868138966
XRP-USD,2026-08-28T20:35:21.888172Z,1.3801,1.3803,0.0002,1.3802,-0.3597965453097919573767352904
XRP-USD,2026-08-28T20:35:21.951219Z,1.3801,1.3803,0.0002,1.3802,-0.3597965453097919573767352904
XRP-USD,2026-08-28T20:35:22.077791Z,1.3801,1.3803,0.0002,1.3802,-0.3404753034419934352507279179
XRP-USD,2026-08-28T20:35:22.216932Z,1.3801,1.3803,0.0002,1.3802,-0.3599165104721857766828906547
XRP-USD,2026-08-28T20:35:22.247322Z,1.3801,1.3803,0.0002,1.3802,-0.3879611344500318293947396886
XRP-USD,2026-08-28T20:35:22.333133Z,1.3801,1.3803,0.0002,1.3802,-0.3879611344500318293947396886
XRP-USD,2026-08-28T20:35:22.337757Z,1.3801,1.3803,0.0002,1.3802,-0.3879611344500318293947396886
XRP-USD,2026-08-28T20:35:22.401236Z,1.3801,1.3803,0.0002,1.3802,-0.3879611344500318293947396886
XRP-USD,2026-08-28T20:35:22.578863Z,1.3801,1.3803,0.0002,1.3802,-0.3656367186963647104323356760
XRP-USD,2026-08-28T20:35:22.667957Z,1.3801,1.3803,0.0002,1.3802,-0.3656367186963647104323356760
XRP-USD,2026-08-28T20:35:22.720116Z,1.3801,1.3803,0.0002,1.3802,-0.3656367186963647104323356760
XRP-USD,2026-08-28T20:35:22.753026Z,1.3801,1.3803,0.0002,1.3802,-0.3429240214176281217301478560
XRP-USD,2026-08-28T20:35:22.818527Z,1.3801,1.3803,0.0002,1.3802,-0.3412108596617343673757587663
XRP-USD,2026-08-28T20:35:22.844328Z,1.3801,1.3803,0.0002,1.3802,-0.3363986114113039110744005833
XRP-USD,2026-08-28T20:35:22.88669Z,1.3801,1.3803,0.0002,1.3802,-0.3363986114113039110744005833
XRP-USD,2026-08-28T20:35:22.96439Z,1.3801,1.3803,0.0002,1.3802,-0.3186786256719438210416444649
XRP-USD,2026-08-28T20:35:22.982849Z,1.3801,1.3803,0.0002,1.3802,-0.3262548504281574833381221379
XRP-USD,2026-08-28T20:35:23.06402Z,1.3801,1.3803,0.0002,1.3802,-0.3262548504281574833381221379
XRP-USD,2026-08-28T20:35:23.08754Z,1.3801,1.3803,0.0002,1.3802,-0.3262548504281574833381221379
XRP-USD,2026-08-28T20:35:23.204484Z,1.3801,1.3803,0.0002,1.3802,-0.3262548504281574833381221379
XRP-USD,2026-08-28T20:35:23.267365Z,1.3801,1.3803,0.0002,1.3802,-0.3262548504281574833381221379
XRP-USD,2026-08-28T20:35:23.374791Z,1.3801,1.3803,0.0002,1.3802,-0.3262548504281574833381221379
XRP-USD,2026-08-28T20:35:23.446644Z,1.3801,1.3803,0.0002,1.3802,-0.3262548504281574833381221379
XRP-USD,2026-08-28T20:35:23.551528Z,1.3801,1.3803,0.0002,1.3802,-0.3814126224980518027833019604
XRP-USD,2026-08-28T20:35:23.587431Z,1.3801,1.3803,0.0002,1.3802,-0.3814126224980518027833019604
XRP-USD,2026-08-28T20:35:23.657733Z,1.3801,1.3803,0.0002,1.3802,-0.3814126224980518027833019604
XRP-USD,2026-08-28T20:35:23.716476Z,1.3801,1.3803,0.0002,1.3802,-0.3923992543765197001478467924
XRP-USD,2026-08-28T20:35:23.782819Z,1.3801,1.3803,0.0002,1.3802,-0.3607781889696766383782159157
XRP-USD,2026-08-28T20:35:23.882729Z,1.3801,1.3803,0.0002,1.3802,-0.3607781889696766383782159157
XRP-USD,2026-08-28T20:35:23.910638Z,1.3801,1.3803,0.0002,1.3802,-0.3607781889696766383782159157
XRP-USD,2026-08-28T20:35:23.9601Z,1.3801,1.3803,0.0002,1.3802,-0.3607781889696766383782159157
XRP-USD,2026-08-28T20:35:24.009732Z,1.3801,1.3803,0.0002,1.3802,-0.3607781889696766383782159157
XRP-USD,2026-08-28T20:35:24.057797Z,1.3801,1.3803,0.0002,1.3802,-0.3606974580147269098145923076
XRP-USD,2026-08-28T20:35:24.112677Z,1.3801,1.3803,0.0002,1.3802,-0.3210906347489693082281606043
XRP-USD,2026-08-28T20:35:24.172115Z,1.3801,1.3803,0.0002,1.3802,-0.3346467947636085978673311038
XRP-USD,2026-08-28T20:35:24.224137Z,1.3801,1.3803,0.0002,1.3802,-0.3057109203816481205298618022
XRP-USD,2026-08-28T20:35:24.279578Z,1.3801,1.3803,0.0002,1.3802,-0.2971425540342870508382475279
XRP-USD,2026-08-28T20:35:24.316257Z,1.3801,1.3803,0.0002,1.3802,-0.2971425540342870508382475279
XRP-USD,2026-08-28T20:35:24.426527Z,1.3801,1.3803,0.0002,1.3802,-0.2971425540342870508382475279
XRP-USD,2026-08-28T20:35:24.465825Z,1.3801,1.3803,0.0002,1.3802,-0.2971425540342870508382475279
XRP-USD,2026-08-28T20:35:24.522216Z,1.38,1.3802,0.0002,1.3801,-0.2059200219250244962678537315
XRP-USD,2026-08-28T20:35:24.563192Z,1.3799,1.3801,0.0002,1.3800,0.1905032354636811730956719091
XRP-USD,2026-08-28T20:35:24.61664Z,1.38,1.3803,0.0003,1.38015,-0.3510158639770219732424806243
XRP-USD,2026-08-28T20:35:24.670266Z,1.3801,1.3802,0.0001,1.38015,-0.2408924485372689225672251774
XRP-USD,2026-08-28T20:35:24.720367Z,1.38,1.3801,0.0001,1.38005,-0.2134617013550501582638926057
XRP-USD,2026-08-28T20:35:24.763368Z,1.38,1.3801,0.0001,1.38005,-0.2141991561526828753957308816
XRP-USD,2026-08-28T20:35:24.802899Z,1.38,1.3801,0.0001,1.38005,-0.3455731517643754612885058628
XRP-USD,2026-08-28T20:35:24.874571Z,1.38,1.3801,0.0001,1.38005,-0.3616203991949327037518364120
XRP-USD,2026-08-28T20:35:24.880335Z,1.38,1.3801,0.0001,1.38005,-0.3616203991949327037518364120
XRP-USD,2026-08-28T20:35:24.984663Z,1.38,1.3801,0.0001,1.38005,-0.3616203991949327037518364120
XRP-USD,2026-08-28T20:35:25.027484Z,1.38,1.3801,0.0001,1.38005,-0.3615389183200057499496120617
XRP-USD,2026-08-28T20:35:25.032942Z,1.38,1.3801,0.0001,1.38005,-0.3615389183200057499496120617
XRP-USD,2026-08-28T20:35:25.178462Z,1.38,1.3801,0.0001,1.38005,-0.3465908162226649267425482854
XRP-USD,2026-08-28T20:35:25.204581Z,1.38,1.3801,0.0001,1.38005,-0.3465908162226649267425482854
XRP-USD,2026-08-28T20:35:25.274625Z,1.38,1.3801,0.0001,1.38005,-0.1267386405330569933071889699
XRP-USD,2026-08-28T20:35:25.37716Z,1.38,1.3801,0.0001,1.38005,-0.1391641276345714997953445291
XRP-USD,2026-08-28T20:35:25.382193Z,1.38,1.3801,0.0001,1.38005,-0.1452452077891183281232360194
XRP-USD,2026-08-28T20:35:25.48851Z,1.38,1.3801,0.0001,1.38005,-0.1452452077891183281232360194
XRP-USD,2026-08-28T20:35:25.578329Z,1.38,1.3801,0.0001,1.38005,-0.1452452077891183281232360194
XRP-USD,2026-08-28T20:35:25.775399Z,1.38,1.3802,0.0002,1.3801,-0.1540520560908488376003181978
XRP-USD,2026-08-28T20:35:25.826637Z,1.3801,1.3803,0.0002,1.3802,-0.4008109004572652367391546587
XRP-USD,2026-08-28T20:35:25.870344Z,1.3801,1.3803,0.0002,1.3802,-0.4008109004572652367391546587
XRP-USD,2026-08-28T20:35:25.917549Z,1.3801,1.3803,0.0002,1.3802,-0.6046820045898208282820483098
XRP-USD,2026-08-28T20:35:25.97434Z,1.3799,1.3801,0.0002,1.3800,-0.4006797423970226510871626858
XRP-USD,2026-08-28T20:35:26.000109Z,1.3799,1.3801,0.0002,1.3800,-0.2130302281931176013897332755
XRP-USD,2026-08-28T20:35:26.071562Z,1.3799,1.3802,0.0003,1.38005,-0.2607920411551606178034573372
XRP-USD,2026-08-28T20:35:26.107827Z,1.3799,1.3802,0.0003,1.38005,-0.2625986422624712036413489971
XRP-USD,2026-08-28T20:35:26.17268Z,1.3799,1.3802,0.0003,1.38005,-0.2625986422624712036413489971
XRP-USD,2026-08-28T20:35:26.213363Z,1.38,1.3803,0.0003,1.38015,-0.2448789074607360303548210217
XRP-USD,2026-08-28T20:35:26.263486Z,1.38,1.3803,0.0003,1.38015,-0.2768008254738517683144149025
XRP-USD,2026-08-28T20:35:26.30635Z,1.38,1.3803,0.0003,1.38015,-0.2948308986939648737966900931
XRP-USD,2026-08-28T20:35:26.375541Z,1.38,1.3803,0.0003,1.38015,-0.3024201211820223472341536592
XRP-USD,2026-08-28T20:35:26.464541Z,1.38,1.3803,0.0003,1.38015,-0.3103073560934339908854828063
XRP-USD,2026-08-28T20:35:26.528028Z,1.38,1.3803,0.0003,1.38015,-0.3103073560934339908854828063
XRP-USD,2026-08-28T20:35:26.539432Z,1.38,1.3803,0.0003,1.38015,-0.3103073560934339908854828063
XRP-USD,2026-08-28T20:35:26.645965Z,1.38,1.3803,0.0003,1.38015,-0.2962046304596276736554860145
XRP-USD,2026-08-28T20:35:26.689347Z,1.38,1.3803,0.0003,1.38015,-0.2962046304596276736554860145
XRP-USD,2026-08-28T20:35:26.832096Z,1.38,1.3803,0.0003,1.38015,-0.2962046304596276736554860145
XRP-USD,2026-08-28T20:35:26.842527Z,1.38,1.3803,0.0003,1.38015,-0.2994897331579988034211272893
XRP-USD,2026-08-28T20:35:26.851901Z,1.38,1.3802,0.0002,1.3801,-0.1644375381963900616288025867
XRP-USD,2026-08-28T20:35:26.954532Z,1.3801,1.3802,0.0001,1.38015,-0.2137422349762216272520546592
XRP-USD,2026-08-28T20:35:27.023236Z,1.3801,1.3802,0.0001,1.38015,-0.2137422349762216272520546592
XRP-USD,2026-08-28T20:35:27.026918Z,1.3801,1.3802,0.0001,1.38015,-0.2136313335661867406683512423
XRP-USD,2026-08-28T20:35:27.158424Z,1.3801,1.3802,0.0001,1.38015,-0.2136313335661867406683512423
XRP-USD,2026-08-28T20:35:27.220836Z,1.3801,1.3802,0.0001,1.38015,-0.1934253119149565790474324484
XRP-USD,2026-08-28T20:35:27.27175Z,1.3801,1.3802,0.0001,1.38015,-0.1934253119149565790474324484
XRP-USD,2026-08-28T20:35:27.304934Z,1.3801,1.3803,0.0002,1.3802,-0.3324539967186963827526067434
XRP-USD,2026-08-28T20:35:27.36066Z,1.3801,1.3803,0.0002,1.3802,-0.3966693095690470503970691144
XRP-USD,2026-08-28T20:35:27.392848Z,1.3801,1.3803,0.0002,1.3802,-0.3966693095690470503970691144
XRP-USD,2026-08-28T20:35:27.468637Z,1.3801,1.3803,0.0002,1.3802,-0.3966606735734871735084992598
XRP-USD,2026-08-28T20:35:27.492676Z,1.3801,1.3803,0.0002,1.3802,-0.3966606735734871735084992598
XRP-USD,2026-08-28T20:35:27.610834Z,1.3801,1.3803,0.0002,1.3802,-0.3723020493564704069078727952
XRP-USD,2026-08-28T20:35:27.653418Z,1.3802,1.3803,0.0001,1.38025,-0.5759777048094288407250413732
XRP-USD,2026-08-28T20:35:27.702159Z,1.3802,1.3803,0.0001,1.38025,-0.5913769574910459186125780545
XRP-USD,2026-08-28T20:35:27.772871Z,1.3802,1.3803,0.0001,1.38025,-0.3572981843183332924543794702
XRP-USD,2026-08-28T20:35:27.803157Z,1.3802,1.3803,0.0001,1.38025,-0.3590878454288773833993293055
XRP-USD,2026-08-28T20:35:27.922157Z,1.3802,1.3803,0.0001,1.38025,-0.3831477190236663639126576901
XRP-USD,2026-08-28T20:35:27.940227Z,1.3802,1.3803,0.0001,1.38025,-0.3831477190236663639126576901
XRP-USD,2026-08-28T20:35:28.065342Z,1.3802,1.3803,0.0001,1.38025,-0.3830685544001277309415791751
XRP-USD,2026-08-28T20:35:28.142319Z,1.3802,1.3803,0.0001,1.38025,-0.3830685544001277309415791751
XRP-USD,2026-08-28T20:35:28.219969Z,1.3802,1.3803,0.0001,1.38025,-0.3830685544001277309415791751
XRP-USD,2026-08-28T20:35:28.248523Z,1.3802,1.3803,0.0001,1.38025,-0.3830685544001277309415791751
XRP-USD,2026-08-28T20:35:28.319046Z,1.3802,1.3803,0.0001,1.38025,-0.3830685544001277309415791751
XRP-USD,2026-08-28T20:35:28.365977Z,1.3802,1.3803,0.0001,1.38025,-0.3831477132899351102463562352
XRP-USD,2026-08-28T20:35:28.430214Z,1.3802,1.3803,0.0001,1.38025,-0.3831477132899351102463562352
XRP-USD,2026-08-28T20:35:28.475486Z,1.3802,1.3803,0.0001,1.38025,-0.3662443166885477022129276284
XRP-USD,2026-08-28T20:35:28.525514Z,1.3802,1.3803,0.0001,1.38025,-0.3662443166885477022129276284
XRP-USD,2026-08-28T20:35:28.56001Z,1.3802,1.3803,0.0001,1.38025,-0.3662443166885477022129276284
XRP-USD,2026-08-28T20:35:28.665237Z,1.3802,1.3803,0.0001,1.38025,-0.3662443166885477022129276284
XRP-USD,2026-08-28T20:35:28.726932Z,1.3801,1.3803,0.0002,1.3802,-0.4234139560174139089385427893
XRP-USD,2026-08-28T20:35:28.748442Z,1.3801,1.3803,0.0002,1.3802,-0.4234139560174139089385427893
XRP-USD,2026-08-28T20:35:28.824343Z,1.3801,1.3803,0.0002,1.3802,-0.4234139560174139089385427893
XRP-USD,2026-08-28T20:35:28.834293Z,1.3801,1.3803,0.0002,1.3802,-0.4234139560174139089385427893
XRP-USD,2026-08-28T20:35:28.914746Z,1.3801,1.3803,0.0002,1.3802,-0.4173237016944097881902959365
XRP-USD,2026-08-28T20:35:28.97187Z,1.3801,1.3803,0.0002,1.3802,-0.4173217761048048643810468846
XRP-USD,2026-08-28T20:35:29.023214Z,1.3801,1.3803,0.0002,1.3802,-0.4173217761048048643810468846
XRP-USD,2026-08-28T20:35:29.042529Z,1.3801,1.3803,0.0002,1.3802,-0.4172490883009475323102929505
XRP-USD,2026-08-28T20:35:29.148899Z,1.38,1.3803,0.0003,1.38015,-0.3128863183734784149231323171
XRP-USD,2026-08-28T20:35:29.191424Z,1.38,1.3803,0.0003,1.38015,-0.3128863183734784149231323171
XRP-USD,2026-08-28T20:35:29.269943Z,1.38,1.3802,0.0002,1.3801,-0.1999106410416265015229692611
XRP-USD,2026-08-28T20:35:29.315247Z,1.38,1.3802,0.0002,1.3801,-0.1999106410416265015229692611
XRP-USD,2026-08-28T20:35:29.36583Z,1.3801,1.3803,0.0002,1.3802,-0.4180079075697930994137792979
XRP-USD,2026-08-28T20:35:29.436517Z,1.3801,1.3803,0.0002,1.3802,-0.4180805395872120129502188297
XRP-USD,2026-08-28T20:35:29.441018Z,1.3801,1.3803,0.0002,1.3802,-0.4180805395872120129502188297
XRP-USD,2026-08-28T20:35:29.584708Z,1.3801,1.3803,0.0002,1.3802,-0.4305417195603956503066824820
XRP-USD,2026-08-28T20:35:29.629018Z,1.3801,1.3803,0.0002,1.3802,-0.4305417195603956503066824820
XRP-USD,2026-08-28T20:35:29.652614Z,1.38,1.3803,0.0003,1.38015,-0.3207497706641959824868802585
XRP-USD,2026-08-28T20:35:29.708875Z,1.38,1.3803,0.0003,1.38015,-0.3023016377240533353785682667
XRP-USD,2026-08-28T20:35:29.764824Z,1.38,1.3803,0.0003,1.38015,-0.3086989999591832252650908424
XRP-USD,2026-08-28T20:35:29.78626Z,1.38,1.3803,0.0003,1.38015,-0.3086989999591832252650908424
XRP-USD,2026-08-28T20:35:29.859256Z,1.38,1.3803,0.0003,1.38015,-0.2639418183250472394354432557
XRP-USD,2026-08-28T20:35:29.974302Z,1.38,1.3803,0.0003,1.38015,-0.2713762191541424768063991781
XRP-USD,2026-08-28T20:35:30.031225Z,1.38,1.3803,0.0003,1.38015,-0.2638623863028857434025747000
XRP-USD,2026-08-28T20:35:30.051372Z,1.3801,1.3803,0.0002,1.3802,-0.3727677040126053429124593959
XRP-USD,2026-08-28T20:35:30.113785Z,1.38,1.3803,0.0003,1.38015,-0.2638623863028857434025747000
XRP-USD,2026-08-28T20:35:30.177175Z,1.38,1.3803,0.0003,1.38015,-0.2638623863028857434025747000
XRP-USD,2026-08-28T20:35:30.197972Z,1.38,1.3803,0.0003,1.38015,-0.2638623863028857434025747000
XRP-USD,2026-08-28T20:35:30.223764Z,1.38,1.3803,0.0003,1.38015,-0.2621036595985107099908774763
XRP-USD,2026-08-28T20:35:30.291576Z,1.38,1.3803,0.0003,1.38015,-0.2621036595985107099908774763
XRP-USD,2026-08-28T20:35:30.375924Z,1.3801,1.3803,0.0002,1.3802,-0.3800843042478451574859780372
XRP-USD,2026-08-28T20:35:30.429708Z,1.3801,1.3803,0.0002,1.3802,-0.3449279233867147042460654210
XRP-USD,2026-08-28T20:35:30.439403Z,1.3801,1.3803,0.0002,1.3802,-0.3665800623419375496743919528
XRP-USD,2026-08-28T20:35:30.502832Z,1.3801,1.3803,0.0002,1.3802,-0.3666539649596261006491150753
XRP-USD,2026-08-28T20:35:30.580158Z,1.3801,1.3803,0.0002,1.3802,-0.3561700611653301430438485885
XRP-USD,2026-08-28T20:35:30.589131Z,1.3801,1.3803,0.0002,1.3802,-0.3315448055943799130996320088
XRP-USD,2026-08-28T20:35:30.668841Z,1.3801,1.3803,0.0002,1.3802,-0.3074836454622249353191964689
XRP-USD,2026-08-28T20:35:30.723822Z,1.3801,1.3803,0.0002,1.3802,-0.3074836454622249353191964689
XRP-USD,2026-08-28T20:35:30.772165Z,1.3801,1.3803,0.0002,1.3802,-0.3074836454622249353191964689
XRP-USD,2026-08-28T20:35:30.892395Z,1.3801,1.3803,0.0002,1.3802,-0.3074836454622249353191964689
XRP-USD,2026-08-28T20:35:30.962351Z,1.3801,1.3803,0.0002,1.3802,-0.3074836454622249353191964689
XRP-USD,2026-08-28T20:35:30.981486Z,1.3801,1.3803,0.0002,1.3802,-0.3074836454622249353191964689
XRP-USD,2026-08-28T20:35:31.07796Z,1.3801,1.3803,0.0002,1.3802,-0.3174494408651732518161359136
XRP-USD,2026-08-28T20:35:31.107325Z,1.3801,1.3803,0.0002,1.3802,-0.3174494408651732518161359136
XRP-USD,2026-08-28T20:35:31.128547Z,1.3801,1.3803,0.0002,1.3802,-0.3174494408651732518161359136
XRP-USD,2026-08-28T20:35:31.216489Z,1.3801,1.3803,0.0002,1.3802,-0.3444324414793366689155098108
XRP-USD,2026-08-28T20:35:31.256872Z,1.3799,1.3801,0.0002,1.3800,0.06060958085189015569376921513
XRP-USD,2026-08-28T20:35:31.283294Z,1.3799,1.3801,0.0002,1.3800,-0.2807895951233228228547194477
XRP-USD,2026-08-28T20:35:31.317533Z,1.38,1.3801,0.0001,1.38005,-0.3232217788528100595649237734
XRP-USD,2026-08-28T20:35:31.442774Z,1.38,1.3801,0.0001,1.38005,-0.1824763587314332041401268188
XRP-USD,2026-08-28T20:35:31.568403Z,1.38,1.3801,0.0001,1.38005,-0.09764117985769777067701328100
XRP-USD,2026-08-28T20:35:31.58677Z,1.38,1.3801,0.0001,1.38005,-0.09764117985769777067701328100
XRP-USD,2026-08-28T20:35:31.665493Z,1.38,1.3801,0.0001,1.38005,-0.07810435764557859469642155226
XRP-USD,2026-08-28T20:35:31.698371Z,1.38,1.3801,0.0001,1.38005,-0.07810435764557859469642155226
XRP-USD,2026-08-28T20:35:31.777288Z,1.38,1.3801,0.0001,1.38005,-0.08834000333763821105240013561
XRP-USD,2026-08-28T20:35:31.849019Z,1.38,1.3801,0.0001,1.38005,-0.08834000333763821105240013561
XRP-USD,2026-08-28T20:35:31.896542Z,1.38,1.3801,0.0001,1.38005,-0.08834000333763821105240013561
XRP-USD,2026-08-28T20:35:32.030095Z,1.38,1.3801,0.0001,1.38005,-0.08834000333763821105240013561
XRP-USD,2026-08-28T20:35:32.167533Z,1.38,1.3801,0.0001,1.38005,-0.08825217647816040394193435959
XRP-USD,2026-08-28T20:35:32.200329Z,1.38,1.3801,0.0001,1.38005,-0.08825217647816040394193435959
XRP-USD,2026-08-28T20:35:32.252923Z,1.38,1.3801,0.0001,1.38005,0.1832336471590265252145801106
XRP-USD,2026-08-28T20:35:32.316712Z,1.38,1.3801,0.0001,1.38005,0.1832336471590265252145801106
XRP-USD,2026-08-28T20:35:32.374825Z,1.38,1.3801,0.0001,1.38005,0.1723255519790911730810821983
XRP-USD,2026-08-28T20:35:32.406027Z,1.38,1.3801,0.0001,1.38005,0.1723255519790911730810821983
XRP-USD,2026-08-28T20:35:32.468747Z,1.38,1.3801,0.0001,1.38005,0.1723255519790911730810821983
XRP-USD,2026-08-28T20:35:32.49971Z,1.38,1.3801,0.0001,1.38005,-0.08831959026290223019130047819
XRP-USD,2026-08-28T20:35:32.58325Z,1.38,1.3801,0.0001,1.38005,-0.08831959026290223019130047819
XRP-USD,2026-08-28T20:35:32.618264Z,1.38,1.3801,0.0001,1.38005,-0.08831959026290223019130047819
XRP-USD,2026-08-28T20:35:32.661395Z,1.38,1.3801,0.0001,1.38005,-0.08831960662223651552678055032
XRP-USD,2026-08-28T20:35:32.7742Z,1.38,1.3801,0.0001,1.38005,-0.08831960662223651552678055032
XRP-USD,2026-08-28T20:35:32.844569Z,1.38,1.3801,0.0001,1.38005,-0.1098124903581900104659914163
XRP-USD,2026-08-28T20:35:32.925545Z,1.38,1.3801,0.0001,1.38005,-0.1098124903581900104659914163
XRP-USD,2026-08-28T20:35:32.945911Z,1.38,1.3801,0.0001,1.38005,-0.07195017889447157097263143840
XRP-USD,2026-08-28T20:35:33.00154Z,1.38,1.3801,0.0001,1.38005,-0.07195017889447157097263143840
XRP-USD,2026-08-28T20:35:33.078008Z,1.38,1.3801,0.0001,1.38005,-0.07195017889447157097263143840
XRP-USD,2026-08-28T20:35:33.227141Z,1.38,1.3801,0.0001,1.38005,-0.07195017889447157097263143840
XRP-USD,2026-08-28T20:35:33.272913Z,1.38,1.3801,0.0001,1.38005,0.1818780683033666583141839051
XRP-USD,2026-08-28T20:35:33.304572Z,1.38,1.3801,0.0001,1.38005,-0.1097466596591755852660774051
XRP-USD,2026-08-28T20:35:33.340888Z,1.38,1.3801,0.0001,1.38005,-0.1097466596591755852660774051
XRP-USD,2026-08-28T20:35:33.415088Z,1.38,1.3801,0.0001,1.38005,-0.1095128365372078726572919861
XRP-USD,2026-08-28T20:35:33.472701Z,1.3796,1.3798,0.0002,1.3797,0.3127038566286028349558711131
XRP-USD,2026-08-28T20:35:33.520452Z,1.3794,1.3796,0.0002,1.3795,0.4533737900651110226873837289
XRP-USD,2026-08-28T20:35:33.572783Z,1.3794,1.3798,0.0004,1.3796,-0.4488285575009391230122973797
XRP-USD,2026-08-28T20:35:33.627821Z,1.3795,1.3796,0.0001,1.37955,-0.4323792615898985049810142026
XRP-USD,2026-08-28T20:35:33.669177Z,1.3795,1.3796,0.0001,1.37955,-0.2775191795183193758747852490
XRP-USD,2026-08-28T20:35:33.728979Z,1.3795,1.3796,0.0001,1.37955,-0.2857825566883455943178694979
XRP-USD,2026-08-28T20:35:33.760156Z,1.3795,1.3796,0.0001,1.37955,-0.2857825566883455943178694979
XRP-USD,2026-08-28T20:35:33.893704Z,1.3795,1.3796,0.0001,1.37955,-0.3039848724413013158759922294
XRP-USD,2026-08-28T20:35:33.903295Z,1.3795,1.3796,0.0001,1.37955,-0.3039848724413013158759922294
XRP-USD,2026-08-28T20:35:34.023253Z,1.3795,1.3796,0.0001,1.37955,-0.2790056115095287335139008628
XRP-USD,2026-08-28T20:35:34.04349Z,1.3795,1.3796,0.0001,1.37955,-0.2921452181412881828381429544
XRP-USD,2026-08-28T20:35:34.113683Z,1.3795,1.3796,0.0001,1.37955,-0.2921452181412881828381429544
XRP-USD,2026-08-28T20:35:34.158466Z,1.3795,1.3796,0.0001,1.37955,-0.3011224338224824337444281116
XRP-USD,2026-08-28T20:35:34.266753Z,1.3795,1.3796,0.0001,1.37955,-0.3011224338224824337444281116
XRP-USD,2026-08-28T20:35:34.31489Z,1.3795,1.3796,0.0001,1.37955,-0.2926373077354641414939974295
XRP-USD,2026-08-28T20:35:34.387908Z,1.3795,1.3796,0.0001,1.37955,-0.3107267004778826723133222365
XRP-USD,2026-08-28T20:35:34.461268Z,1.3795,1.3796,0.0001,1.37955,-0.3191091349688046767398632279
XRP-USD,2026-08-28T20:35:34.51461Z,1.3795,1.3796,0.0001,1.37955,-0.08755090976676228228787214409
XRP-USD,2026-08-28T20:35:34.572785Z,1.3794,1.3796,0.0002,1.3795,-0.3858206546586908905660684339
XRP-USD,2026-08-28T20:35:34.616316Z,1.3794,1.3796,0.0002,1.3795,-0.3858491837281726355522132784
XRP-USD,2026-08-28T20:35:34.664545Z,1.3794,1.3796,0.0002,1.3795,-0.3876500531390069064747047930
XRP-USD,2026-08-28T20:35:34.691726Z,1.3794,1.3796,0.0002,1.3795,-0.3876500531390069064747047930
XRP-USD,2026-08-28T20:35:34.772979Z,1.3794,1.3795,0.0001,1.37945,-0.4367071964101635055735994511
XRP-USD,2026-08-28T20:35:34.822306Z,1.3794,1.3795,0.0001,1.37945,-0.4336380670713456758663674361
XRP-USD,2026-08-28T20:35:34.856936Z,1.3794,1.3795,0.0001,1.37945,-0.4831913151771596388986241084
XRP-USD,2026-08-28T20:35:34.92527Z,1.3794,1.3795,0.0001,1.37945,-0.5213408292950432413359404380
XRP-USD,2026-08-28T20:35:34.973893Z,1.3792,1.3794,0.0002,1.3793,0.09866157689818916200848461922
XRP-USD,2026-08-28T20:35:35.026581Z,1.3792,1.3794,0.0002,1.3793,0.2852017105849353179702007628
XRP-USD,2026-08-28T20:35:35.073521Z,1.3792,1.3794,0.0002,1.3793,0.2852017105849353179702007628
XRP-USD,2026-08-28T20:35:35.119926Z,1.3792,1.3794,0.0002,1.3793,0.2325880631159308545810896451
XRP-USD,2026-08-28T20:35:35.171756Z,1.3793,1.3795,0.0002,1.3794,-0.2740358762209407674776160343
XRP-USD,2026-08-28T20:35:35.222101Z,1.3794,1.3795,0.0001,1.37945,-0.2508248756113872441962720320
XRP-USD,2026-08-28T20:35:35.25463Z,1.3794,1.3795,0.0001,1.37945,-0.2508248756113872441962720320
XRP-USD,2026-08-28T20:35:35.325271Z,1.3794,1.3795,0.0001,1.37945,-0.2508248756113872441962720320
XRP-USD,2026-08-28T20:35:35.372627Z,1.3794,1.3795,0.0001,1.37945,-0.2508248756113872441962720320
XRP-USD,2026-08-28T20:35:35.410803Z,1.3794,1.3795,0.0001,1.37945,-0.2508248756113872441962720320
XRP-USD,2026-08-28T20:35:35.462747Z,1.3794,1.3795,0.0001,1.37945,-0.2508248756113872441962720320
XRP-USD,2026-08-28T20:35:35.50679Z,1.3794,1.3795,0.0001,1.37945,-0.2611828980207784911325794348
XRP-USD,2026-08-28T20:35:35.559756Z,1.3794,1.3795,0.0001,1.37945,-0.2611828980207784911325794348
XRP-USD,2026-08-28T20:35:35.603387Z,1.3794,1.3795,0.0001,1.37945,-0.2611828980207784911325794348
XRP-USD,2026-08-28T20:35:35.642246Z,1.3794,1.3795,0.0001,1.37945,-0.2611828980207784911325794348
XRP-USD,2026-08-28T20:35:35.736849Z,1.3794,1.3795,0.0001,1.37945,-0.2611828980207784911325794348
XRP-USD,2026-08-28T20:35:35.779737Z,1.3794,1.3795,0.0001,1.37945,-0.2611828980207784911325794348
XRP-USD,2026-08-28T20:35:35.944234Z,1.3794,1.3795,0.0001,1.37945,-0.2611828980207784911325794348
XRP-USD,2026-08-28T20:35:36.004866Z,1.3794,1.3795,0.0001,1.37945,-0.2612922828549953876235557285
XRP-USD,2026-08-28T20:35:36.037068Z,1.3794,1.3795,0.0001,1.37945,-0.2612922828549953876235557285
XRP-USD,2026-08-28T20:35:36.161675Z,1.3794,1.3795,0.0001,1.37945,-0.2272517474464334182706956055
XRP-USD,2026-08-28T20:35:36.269441Z,1.3794,1.3795,0.0001,1.37945,-0.2180156966344766862230438005
XRP-USD,2026-08-28T20:35:36.317956Z,1.3794,1.3795,0.0001,1.37945,-0.2072259284737004573239489079
XRP-USD,2026-08-28T20:35:36.373486Z,1.3794,1.3795,0.0001,1.37945,-0.2072259284737004573239489079
XRP-USD,2026-08-28T20:35:36.481218Z,1.3794,1.3795,0.0001,1.37945,-0.2193266456947040810796187748
XRP-USD,2026-08-28T20:35:36.519665Z,1.3794,1.3795,0.0001,1.37945,-0.2076486915900245312026509593
XRP-USD,2026-08-28T20:35:36.567631Z,1.3794,1.3795,0.0001,1.37945,-0.3777624066578169404076660332
XRP-USD,2026-08-28T20:35:36.58452Z,1.3794,1.3795,0.0001,1.37945,-0.2193266456947040810796187748
XRP-USD,2026-08-28T20:35:36.658308Z,1.3794,1.3795,0.0001,1.37945,-0.2305371309163133331834874260
XRP-USD,2026-08-28T20:35:36.698965Z,1.3794,1.3795,0.0001,1.37945,-0.2218330041881668183928734744
XRP-USD,2026-08-28T20:35:36.818719Z,1.3794,1.3795,0.0001,1.37945,-0.2218330041881668183928734744
XRP-USD,2026-08-28T20:35:37.023592Z,1.3794,1.3795,0.0001,1.37945,-0.2217197435903571156309521947
XRP-USD,2026-08-28T20:35:37.036172Z,1.3794,1.3795,0.0001,1.37945,-0.2217197435903571156309521947
XRP-USD,2026-08-28T20:35:37.10824Z,1.3794,1.3795,0.0001,1.37945,-0.2126812328774100039628227721
XRP-USD,2026-08-28T20:35:37.146836Z,1.3794,1.3795,0.0001,1.37945,-0.2103655704669335340629994878
XRP-USD,2026-08-28T20:35:37.223242Z,1.3794,1.3795,0.0001,1.37945,-0.1933881217288477598668301008
XRP-USD,2026-08-28T20:35:37.257186Z,1.3794,1.3795,0.0001,1.37945,-0.1822561155929405052854786043
XRP-USD,2026-08-28T20:35:37.370449Z,1.3794,1.3795,0.0001,1.37945,-0.1822561155929405052854786043
XRP-USD,2026-08-28T20:35:37.4207Z,1.3794,1.3795,0.0001,1.37945,-0.1822561155929405052854786043
XRP-USD,2026-08-28T20:35:37.427208Z,1.3794,1.3795,0.0001,1.37945,-0.1822561155929405052854786043
XRP-USD,2026-08-28T20:35:37.513033Z,1.3794,1.3795,0.0001,1.37945,-0.1713320741066916720277689255
XRP-USD,2026-08-28T20:35:37.653316Z,1.3794,1.3795,0.0001,1.37945,-0.1713320741066916720277689255
XRP-USD,2026-08-28T20:35:38.025522Z,1.3794,1.3795,0.0001,1.37945,-0.1712164550972922056281918970
XRP-USD,2026-08-28T20:35:38.094678Z,1.3794,1.3795,0.0001,1.37945,-0.1712164550972922056281918970
XRP-USD,2026-08-28T20:35:38.21153Z,1.3794,1.3795,0.0001,1.37945,-0.1712164550972922056281918970
XRP-USD,2026-08-28T20:35:38.262032Z,1.3794,1.3795,0.0001,1.37945,-0.1713320747830501216648881408
XRP-USD,2026-08-28T20:35:38.319317Z,1.3794,1.3795,0.0001,1.37945,-0.1713320747830501216648881408
XRP-USD,2026-08-28T20:35:38.343442Z,1.3794,1.3795,0.0001,1.37945,-0.1713320747830501216648881408
XRP-USD,2026-08-28T20:35:38.415808Z,1.3794,1.3795,0.0001,1.37945,-0.1690363248638212867110811377
XRP-USD,2026-08-28T20:35:38.456353Z,1.3794,1.3795,0.0001,1.37945,-0.1690363248638212867110811377
XRP-USD,2026-08-28T20:35:38.490546Z,1.3794,1.3795,0.0001,1.37945,-0.1583039503587567792728110667
XRP-USD,2026-08-28T20:35:38.807328Z,1.3794,1.3795,0.0001,1.37945,-0.1571075313584887985411813777
XRP-USD,2026-08-28T20:35:38.830613Z,1.3794,1.3795,0.0001,1.37945,-0.1571075313584887985411813777
XRP-USD,2026-08-28T20:35:38.927221Z,1.3794,1.3795,0.0001,1.37945,-0.1678442013882045473458820800
XRP-USD,2026-08-28T20:35:38.981663Z,1.3794,1.3795,0.0001,1.37945,-0.1678442013882045473458820800
XRP-USD,2026-08-28T20:35:39.02415Z,1.3794,1.3795,0.0001,1.37945,-0.1678442013882045473458820800
XRP-USD,2026-08-28T20:35:39.032902Z,1.3794,1.3795,0.0001,1.37945,-0.1677276062963490646831413765
XRP-USD,2026-08-28T20:35:39.227417Z,1.3794,1.3795,0.0001,1.37945,-0.1677276062963490646831413765
XRP-USD,2026-08-28T20:35:39.232868Z,1.3794,1.3795,0.0001,1.37945,-0.1561734080304259013994259632
XRP-USD,2026-08-28T20:35:39.314649Z,1.3794,1.3795,0.0001,1.37945,-0.1562904529216828196393730149
XRP-USD,2026-08-28T20:35:39.424645Z,1.3794,1.3795,0.0001,1.37945,-0.1696382976172438294557039546
XRP-USD,2026-08-28T20:35:39.511402Z,1.3794,1.3795,0.0001,1.37945,-0.1808822801067126987996116846
XRP-USD,2026-08-28T20:35:39.561379Z,1.3794,1.3795,0.0001,1.37945,-0.1808822801067126987996116846
XRP-USD,2026-08-28T20:35:39.621224Z,1.3794,1.3795,0.0001,1.37945,-0.09179924329177269706129742996
XRP-USD,2026-08-28T20:35:39.660751Z,1.3794,1.3795,0.0001,1.37945,-0.5194120066736450292406774760
XRP-USD,2026-08-28T20:35:39.692544Z,1.3794,1.3795,0.0001,1.37945,-0.5194120066736450292406774760
XRP-USD,2026-08-28T20:35:39.756215Z,1.3794,1.3795,0.0001,1.37945,-0.5194120066736450292406774760
XRP-USD,2026-08-28T20:35:39.823193Z,1.3794,1.3795,0.0001,1.37945,-0.5194120066736450292406774760
XRP-USD,2026-08-28T20:35:39.865242Z,1.3794,1.3795,0.0001,1.37945,-0.5194120066736450292406774760
XRP-USD,2026-08-28T20:35:39.988212Z,1.3794,1.3795,0.0001,1.37945,-0.5194120066736450292406774760
XRP-USD,2026-08-28T20:35:40.073248Z,1.3794,1.3795,0.0001,1.37945,-0.5007557990833825857595391947
XRP-USD,2026-08-28T20:35:40.296121Z,1.3794,1.3795,0.0001,1.37945,-0.5007557990833825857595391947
XRP-USD,2026-08-28T20:35:40.369745Z,1.3794,1.3795,0.0001,1.37945,-0.4920817059110263479807033663
XRP-USD,2026-08-28T20:35:40.398116Z,1.3794,1.3795,0.0001,1.37945,-0.4920817059110263479807033663
XRP-USD,2026-08-28T20:35:40.468592Z,1.3794,1.3795,0.0001,1.37945,-0.4737591474662081716166418257
XRP-USD,2026-08-28T20:35:40.516418Z,1.3794,1.3795,0.0001,1.37945,-0.4737591474662081716166418257
XRP-USD,2026-08-28T20:35:40.557857Z,1.3794,1.3795,0.0001,1.37945,-0.4737591474662081716166418257
XRP-USD,2026-08-28T20:35:40.633544Z,1.3794,1.3795,0.0001,1.37945,-0.4737591474662081716166418257
XRP-USD,2026-08-28T20:35:40.665969Z,1.3794,1.3795,0.0001,1.37945,-0.4737591474662081716166418257
XRP-USD,2026-08-28T20:35:40.800523Z,1.3794,1.3795,0.0001,1.37945,-0.4737591474662081716166418257
XRP-USD,2026-08-28T20:35:41.058343Z,1.3794,1.3795,0.0001,1.37945,-0.4736615626203311303911988837
XRP-USD,2026-08-28T20:35:41.202221Z,1.3794,1.3795,0.0001,1.37945,-0.5107726033236560447293107738
XRP-USD,2026-08-28T20:35:41.236753Z,1.3794,1.3795,0.0001,1.37945,-0.5107726033236560447293107738
XRP-USD,2026-08-28T20:35:41.336371Z,1.3794,1.3795,0.0001,1.37945,-0.5107726033236560447293107738
XRP-USD,2026-08-28T20:35:41.46322Z,1.3794,1.3795,0.0001,1.37945,-0.6326398915050199565842683347
XRP-USD,2026-08-28T20:35:41.611109Z,1.3794,1.3795,0.0001,1.37945,-0.6275560505398538803009245991
XRP-USD,2026-08-28T20:35:41.720675Z,1.3794,1.3795,0.0001,1.37945,-0.6275560505398538803009245991
XRP-USD,2026-08-28T20:35:41.762737Z,1.3794,1.3795,0.0001,1.37945,-0.5018111591675231357874967100
XRP-USD,2026-08-28T20:35:41.785553Z,1.3794,1.3795,0.0001,1.37945,-0.5018111591675231357874967100
XRP-USD,2026-08-28T20:35:41.844537Z,1.3794,1.3795,0.0001,1.37945,-0.5018111591675231357874967100
XRP-USD,2026-08-28T20:35:41.935057Z,1.3794,1.3795,0.0001,1.37945,-0.5018111591675231357874967100
XRP-USD,2026-08-28T20:35:42.02608Z,1.3794,1.3795,0.0001,1.37945,-0.5018111591675231357874967100
XRP-USD,2026-08-28T20:35:42.031123Z,1.3794,1.3795,0.0001,1.37945,-0.5017146957110817504447273273
XRP-USD,2026-08-28T20:35:42.09608Z,1.3794,1.3795,0.0001,1.37945,-0.5013322355285023493654047423
XRP-USD,2026-08-28T20:35:42.220064Z,1.3794,1.3795,0.0001,1.37945,-0.5013322355285023493654047423
XRP-USD,2026-08-28T20:35:42.271684Z,1.3794,1.3795,0.0001,1.37945,-0.6325084590510781631364535241
XRP-USD,2026-08-28T20:35:42.323901Z,1.3794,1.3795,0.0001,1.37945,-0.5077827361118475440979065555
XRP-USD,2026-08-28T20:35:42.383389Z,1.3794,1.3795,0.0001,1.37945,-0.5077827361118475440979065555
XRP-USD,2026-08-28T20:35:42.432033Z,1.3794,1.3795,0.0001,1.37945,-0.6325084590510781631364535241
XRP-USD,2026-08-28T20:35:42.470696Z,1.3792,1.3794,0.0002,1.3793,-0.1045859274569927393494714444
XRP-USD,2026-08-28T20:35:42.505956Z,1.3792,1.3794,0.0002,1.3793,-0.07669971866024813242394880957
XRP-USD,2026-08-28T20:35:42.577101Z,1.3792,1.3794,0.0002,1.3793,-0.07669971866024813242394880957
XRP-USD,2026-08-28T20:35:42.611712Z,1.3792,1.3794,0.0002,1.3793,-0.1067979895227849162084275972
XRP-USD,2026-08-28T20:35:42.709862Z,1.3792,1.3794,0.0002,1.3793,-0.1048169002609748850877631299
XRP-USD,2026-08-28T20:35:42.728154Z,1.3792,1.3794,0.0002,1.3793,-0.1048169002609748850877631299
XRP-USD,2026-08-28T20:35:42.818238Z,1.3792,1.3794,0.0002,1.3793,-0.1048169002609748850877631299
XRP-USD,2026-08-28T20:35:42.845857Z,1.3793,1.3794,0.0001,1.37935,-0.3125635707915385558341866825
XRP-USD,2026-08-28T20:35:42.892857Z,1.3793,1.3794,0.0001,1.37935,-0.3125635707915385558341866825
XRP-USD,2026-08-28T20:35:42.94648Z,1.3793,1.3794,0.0001,1.37935,-0.3125635707915385558341866825
XRP-USD,2026-08-28T20:35:43.028306Z,1.3793,1.3794,0.0001,1.37935,-0.3124673512104959352330154596
XRP-USD,2026-08-28T20:35:43.042093Z,1.3793,1.3794,0.0001,1.37935,-0.3124673512104959352330154596
XRP-USD,2026-08-28T20:35:43.113668Z,1.3793,1.3794,0.0001,1.37935,-0.3124673512104959352330154596
XRP-USD,2026-08-28T20:35:43.190161Z,1.3793,1.3794,0.0001,1.37935,-0.3038539419166719940763910215
XRP-USD,2026-08-28T20:35:43.3359Z,1.3793,1.3794,0.0001,1.37935,-0.3038539419166719940763910215
XRP-USD,2026-08-28T20:35:43.437908Z,1.3793,1.3794,0.0001,1.37935,-0.3038539419166719940763910215
XRP-USD,2026-08-28T20:35:43.528319Z,1.3793,1.3794,0.0001,1.37935,-0.2942575390504367082983505887
XRP-USD,2026-08-28T20:35:43.548315Z,1.3793,1.3794,0.0001,1.37935,-0.2942575390504367082983505887
XRP-USD,2026-08-28T20:35:43.602538Z,1.3793,1.3794,0.0001,1.37935,-0.3026561492761800288396332916
XRP-USD,2026-08-28T20:35:43.649632Z,1.3793,1.3794,0.0001,1.37935,-0.3026561492761800288396332916
XRP-USD,2026-08-28T20:35:43.690012Z,1.3793,1.3794,0.0001,1.37935,-0.3026561492761800288396332916
XRP-USD,2026-08-28T20:35:43.779437Z,1.3793,1.3794,0.0001,1.37935,-0.2942575390504367082983505887
XRP-USD,2026-08-28T20:35:43.803774Z,1.3793,1.3794,0.0001,1.37935,-0.3029837582478772768200109711
XRP-USD,2026-08-28T20:35:43.972942Z,1.3793,1.3794,0.0001,1.37935,-0.3029837582478772768200109711
XRP-USD,2026-08-28T20:35:44.02488Z,1.3793,1.3794,0.0001,1.37935,-0.3029837582478772768200109711
XRP-USD,2026-08-28T20:35:44.03324Z,1.3793,1.3794,0.0001,1.37935,-0.3029837582478772768200109711
XRP-USD,2026-08-28T20:35:44.106253Z,1.3793,1.3794,0.0001,1.37935,-0.3029837582478772768200109711
XRP-USD,2026-08-28T20:35:44.258431Z,1.3793,1.3794,0.0001,1.37935,-0.3029837582478772768200109711
XRP-USD,2026-08-28T20:35:44.432028Z,1.3793,1.3794,0.0001,1.37935,-0.2908518682421518480377346745
XRP-USD,2026-08-28T20:35:44.468928Z,1.3793,1.3794,0.0001,1.37935,-0.3111771672707948563591032119
XRP-USD,2026-08-28T20:35:44.496872Z,1.3793,1.3794,0.0001,1.37935,-0.3111771672707948563591032119
XRP-USD,2026-08-28T20:35:44.569971Z,1.3793,1.3794,0.0001,1.37935,-0.3111771672707948563591032119
XRP-USD,2026-08-28T20:35:44.674868Z,1.3793,1.3794,0.0001,1.37935,-0.3267733559023401331026301762
XRP-USD,2026-08-28T20:35:44.701336Z,1.3793,1.3794,0.0001,1.37935,-0.4559953089142752443464921697
XRP-USD,2026-08-28T20:35:44.766416Z,1.3793,1.3794,0.0001,1.37935,-0.4687327168851526529515152531
XRP-USD,2026-08-28T20:35:44.791304Z,1.3793,1.3794,0.0001,1.37935,-0.4687327168851526529515152531
XRP-USD,2026-08-28T20:35:44.870199Z,1.3793,1.3794,0.0001,1.37935,-0.3938005837646435850976883819
XRP-USD,2026-08-28T20:35:44.914773Z,1.3793,1.3794,0.0001,1.37935,-0.3307993637452683946564507268
XRP-USD,2026-08-28T20:35:44.949492Z,1.3793,1.3794,0.0001,1.37935,-0.3307993637452683946564507268
XRP-USD,2026-08-28T20:35:45.023006Z,1.3793,1.3794,0.0001,1.37935,-0.3307081810598573791777177911
XRP-USD,2026-08-28T20:35:45.05296Z,1.3793,1.3794,0.0001,1.37935,-0.3307081810598573791777177911
XRP-USD,2026-08-28T20:35:45.097687Z,1.3793,1.3794,0.0001,1.37935,-0.3307081810598573791777177911
XRP-USD,2026-08-28T20:35:45.173221Z,1.3793,1.3794,0.0001,1.37935,-0.3307081810598573791777177911
XRP-USD,2026-08-28T20:35:45.209239Z,1.3793,1.3794,0.0001,1.37935,-0.3307081810598573791777177911
XRP-USD,2026-08-28T20:35:45.324961Z,1.3793,1.3794,0.0001,1.37935,-0.3307081810598573791777177911
XRP-USD,2026-08-28T20:35:45.338259Z,1.3793,1.3794,0.0001,1.37935,-0.3307081810598573791777177911
XRP-USD,2026-08-28T20:35:45.382405Z,1.3793,1.3794,0.0001,1.37935,-0.3307081810598573791777177911
XRP-USD,2026-08-28T20:35:45.539659Z,1.3793,1.3794,0.0001,1.37935,-0.3307081810598573791777177911
XRP-USD,2026-08-28T20:35:45.647958Z,1.3793,1.3794,0.0001,1.37935,-0.3307081810598573791777177911
XRP-USD,2026-08-28T20:35:45.713567Z,1.3793,1.3794,0.0001,1.37935,-0.3307993649529483099291943224
XRP-USD,2026-08-28T20:35:45.755968Z,1.3793,1.3794,0.0001,1.37935,-0.3307993649529483099291943224
XRP-USD,2026-08-28T20:35:45.900397Z,1.3793,1.3794,0.0001,1.37935,-0.3307993649529483099291943224
XRP-USD,2026-08-28T20:35:46.021996Z,1.3793,1.3794,0.0001,1.37935,-0.3307993649529483099291943224
XRP-USD,2026-08-28T20:35:46.058554Z,1.3793,1.3794,0.0001,1.37935,-0.3307993649529483099291943224
XRP-USD,2026-08-28T20:35:46.123749Z,1.3793,1.3794,0.0001,1.37935,-0.3307993649529483099291943224
XRP-USD,2026-08-28T20:35:46.139073Z,1.3793,1.3794,0.0001,1.37935,-0.3461728158132731973228978535
XRP-USD,2026-08-28T20:35:46.217289Z,1.3793,1.3794,0.0001,1.37935,-0.3461728158132731973228978535
XRP-USD,2026-08-28T20:35:46.262023Z,1.3793,1.3794,0.0001,1.37935,-0.3461728158132731973228978535
XRP-USD,2026-08-28T20:35:46.303924Z,1.3793,1.3794,0.0001,1.37935,-0.3461728158132731973228978535
XRP-USD,2026-08-28T20:35:46.35934Z,1.3793,1.3794,0.0001,1.37935,-0.3461728158132731973228978535
XRP-USD,2026-08-28T20:35:46.395032Z,1.3793,1.3794,0.0001,1.37935,-0.3461728158132731973228978535
XRP-USD,2026-08-28T20:35:46.522149Z,1.3793,1.3794,0.0001,1.37935,-0.3461728158132731973228978535
XRP-USD,2026-08-28T20:35:46.620052Z,1.3793,1.3794,0.0001,1.37935,-0.3461728158132731973228978535
XRP-USD,2026-08-28T20:35:46.658186Z,1.3793,1.3794,0.0001,1.37935,-0.3461728158132731973228978535
XRP-USD,2026-08-28T20:35:46.817152Z,1.3793,1.3794,0.0001,1.37935,-0.3460826973714005711312084114
XRP-USD,2026-08-28T20:35:46.846977Z,1.3793,1.3794,0.0001,1.37935,-0.3460826973714005711312084114
XRP-USD,2026-08-28T20:35:46.883527Z,1.3793,1.3794,0.0001,1.37935,-0.3461728163901637810314895522
XRP-USD,2026-08-28T20:35:46.896513Z,1.3793,1.3794,0.0001,1.37935,-0.3654614285573778309966775830
XRP-USD,2026-08-28T20:35:47.020137Z,1.3793,1.3794,0.0001,1.37935,-0.3654614285573778309966775830
XRP-USD,2026-08-28T20:35:47.048152Z,1.3793,1.3794,0.0001,1.37935,-0.3654614285573778309966775830
XRP-USD,2026-08-28T20:35:47.125426Z,1.3793,1.3794,0.0001,1.37935,-0.3654614285573778309966775830
XRP-USD,2026-08-28T20:35:47.144616Z,1.3793,1.3794,0.0001,1.37935,-0.3654614285573778309966775830
XRP-USD,2026-08-28T20:35:47.207009Z,1.3793,1.3794,0.0001,1.37935,-0.3816510151632697509820041456
XRP-USD,2026-08-28T20:35:47.359573Z,1.3793,1.3794,0.0001,1.37935,-0.3816510151632697509820041456
XRP-USD,2026-08-28T20:35:47.526204Z,1.3793,1.3794,0.0001,1.37935,-0.3816510151632697509820041456
XRP-USD,2026-08-28T20:35:47.548252Z,1.3793,1.3794,0.0001,1.37935,-0.3816510151632697509820041456
XRP-USD,2026-08-28T20:35:47.660239Z,1.3793,1.3794,0.0001,1.37935,-0.3816510151632697509820041456
XRP-USD,2026-08-28T20:35:47.729762Z,1.3793,1.3794,0.0001,1.37935,-0.3816510151632697509820041456
XRP-USD,2026-08-28T20:35:47.784171Z,1.3793,1.3794,0.0001,1.37935,-0.3816510151632697509820041456
XRP-USD,2026-08-28T20:35:47.811137Z,1.3793,1.3794,0.0001,1.37935,-0.3816510151632697509820041456
XRP-USD,2026-08-28T20:35:47.924865Z,1.3793,1.3794,0.0001,1.37935,-0.3816510151632697509820041456
XRP-USD,2026-08-28T20:35:47.96636Z,1.3793,1.3794,0.0001,1.37935,-0.3815635396991958877680201582
XRP-USD,2026-08-28T20:35:48.029418Z,1.3793,1.3794,0.0001,1.37935,-0.3815635396991958877680201582
XRP-USD,2026-08-28T20:35:48.113834Z,1.3793,1.3794,0.0001,1.37935,-0.3815635396991958877680201582
XRP-USD,2026-08-28T20:35:48.203618Z,1.3793,1.3794,0.0001,1.37935,-0.3815635396991958877680201582
XRP-USD,2026-08-28T20:35:48.269705Z,1.3793,1.3794,0.0001,1.37935,-0.3815635396991958877680201582
XRP-USD,2026-08-28T20:35:48.321755Z,1.3793,1.3794,0.0001,1.37935,-0.3653727147975042714422726637
XRP-USD,2026-08-28T20:35:48.427291Z,1.3793,1.3794,0.0001,1.37935,-0.3653727147975042714422726637
XRP-USD,2026-08-28T20:35:48.557913Z,1.3793,1.3794,0.0001,1.37935,-0.3650358865352947618619562942
XRP-USD,2026-08-28T20:35:48.58967Z,1.3793,1.3794,0.0001,1.37935,-0.3650358865352947618619562942
XRP-USD,2026-08-28T20:35:48.742581Z,1.3793,1.3794,0.0001,1.37935,-0.3650358865352947618619562942
XRP-USD,2026-08-28T20:35:48.848316Z,1.3793,1.3794,0.0001,1.37935,-0.3650358865352947618619562942
XRP-USD,2026-08-28T20:35:48.927503Z,1.3793,1.3794,0.0001,1.37935,-0.3650358865352947618619562942
XRP-USD,2026-08-28T20:35:48.932244Z,1.3793,1.3794,0.0001,1.37935,-0.3650358865352947618619562942
XRP-USD,2026-08-28T20:35:49.027907Z,1.3793,1.3794,0.0001,1.37935,-0.3650358865352947618619562942
XRP-USD,2026-08-28T20:35:49.07213Z,1.3793,1.3794,0.0001,1.37935,-0.3651246955711634390809575823
XRP-USD,2026-08-28T20:35:49.137314Z,1.3793,1.3794,0.0001,1.37935,-0.3651246955711634390809575823
XRP-USD,2026-08-28T20:35:49.143724Z,1.3793,1.3794,0.0001,1.37935,-0.3651246955711634390809575823
XRP-USD,2026-08-28T20:35:49.28267Z,1.3793,1.3794,0.0001,1.37935,-0.3651246955711634390809575823
XRP-USD,2026-08-28T20:35:49.52782Z,1.3793,1.3794,0.0001,1.37935,-0.3651246955711634390809575823
XRP-USD,2026-08-28T20:35:49.581241Z,1.3793,1.3794,0.0001,1.37935,-0.3651246955711634390809575823
XRP-USD,2026-08-28T20:35:49.663954Z,1.3793,1.3794,0.0001,1.37935,-0.3575932577170607447086133865
XRP-USD,2026-08-28T20:35:49.721018Z,1.3793,1.3794,0.0001,1.37935,-0.3575932577170607447086133865
XRP-USD,2026-08-28T20:35:49.735936Z,1.3793,1.3794,0.0001,1.37935,-0.3575932577170607447086133865
XRP-USD,2026-08-28T20:35:49.789049Z,1.3793,1.3794,0.0001,1.37935,-0.3575932577170607447086133865
XRP-USD,2026-08-28T20:35:49.917084Z,1.3793,1.3794,0.0001,1.37935,-0.3575932577170607447086133865
XRP-USD,2026-08-28T20:35:49.98452Z,1.3793,1.3794,0.0001,1.37935,-0.3575932577170607447086133865
XRP-USD,2026-08-28T20:35:49.989389Z,1.3793,1.3794,0.0001,1.37935,-0.3575932577170607447086133865
XRP-USD,2026-08-28T20:35:50.050818Z,1.3793,1.3794,0.0001,1.37935,-0.3575023289738318869710644628
XRP-USD,2026-08-28T20:35:50.124023Z,1.3793,1.3794,0.0001,1.37935,-0.3575932582589830382126966964
XRP-USD,2026-08-28T20:35:50.305037Z,1.3793,1.3794,0.0001,1.37935,-0.3568648996142154400887295147
XRP-USD,2026-08-28T20:35:50.3786Z,1.3793,1.3794,0.0001,1.37935,-0.3491193360825902815584403764
XRP-USD,2026-08-28T20:35:50.398064Z,1.3793,1.3794,0.0001,1.37935,-0.3491193360825902815584403764
XRP-USD,2026-08-28T20:35:50.509824Z,1.3793,1.3794,0.0001,1.37935,-0.3491193360825902815584403764
XRP-USD,2026-08-28T20:35:50.587532Z,1.3793,1.3794,0.0001,1.37935,-0.3491193360825902815584403764
XRP-USD,2026-08-28T20:35:50.747292Z,1.3793,1.3794,0.0001,1.37935,-0.3491193360825902815584403764
XRP-USD,2026-08-28T20:35:50.794877Z,1.3793,1.3794,0.0001,1.37935,-0.3491193360825902815584403764
XRP-USD,2026-08-28T20:35:50.954771Z,1.3793,1.3794,0.0001,1.37935,-0.3491193360825902815584403764
XRP-USD,2026-08-28T20:35:51.028255Z,1.3793,1.3794,0.0001,1.37935,-0.3490294664751898132217574813
XRP-USD,2026-08-28T20:35:51.103924Z,1.3793,1.3794,0.0001,1.37935,-0.3655718296068242684029809844
XRP-USD,2026-08-28T20:35:51.150182Z,1.3793,1.3794,0.0001,1.37935,-0.3656604898346687256764017376
XRP-USD,2026-08-28T20:35:51.292008Z,1.3793,1.3794,0.0001,1.37935,-0.3656604898346687256764017376
XRP-USD,2026-08-28T20:35:51.357844Z,1.3793,1.3794,0.0001,1.37935,-0.3656604898346687256764017376
XRP-USD,2026-08-28T20:35:51.418036Z,1.3793,1.3794,0.0001,1.37935,-0.3521835329031597992803154820
XRP-USD,2026-08-28T20:35:51.456521Z,1.3793,1.3794,0.0001,1.37935,-0.3521835329031597992803154820
XRP-USD,2026-08-28T20:35:51.480554Z,1.3793,1.3794,0.0001,1.37935,-0.3521835329031597992803154820
XRP-USD,2026-08-28T20:35:51.598503Z,1.3793,1.3794,0.0001,1.37935,-0.3521835329031597992803154820
XRP-USD,2026-08-28T20:35:51.686624Z,1.3793,1.3794,0.0001,1.37935,-0.3521835329031597992803154820
XRP-USD,2026-08-28T20:35:51.845963Z,1.3793,1.3794,0.0001,1.37935,-0.3521835329031597992803154820
XRP-USD,2026-08-28T20:35:52.022533Z,1.3793,1.3794,0.0001,1.37935,-0.3521835329031597992803154820
XRP-USD,2026-08-28T20:35:52.068711Z,1.3793,1.3794,0.0001,1.37935,-0.3520938826825452361607337932
XRP-USD,2026-08-28T20:35:52.161743Z,1.3793,1.3794,0.0001,1.37935,-0.3520938826825452361607337932
XRP-USD,2026-08-28T20:35:52.227501Z,1.3793,1.3794,0.0001,1.37935,-0.3521835334176689035201469021
XRP-USD,2026-08-28T20:35:52.297847Z,1.3793,1.3794,0.0001,1.37935,-0.3521835334176689035201469021
XRP-USD,2026-08-28T20:35:52.424916Z,1.3793,1.3794,0.0001,1.37935,-0.3521835334176689035201469021
XRP-USD,2026-08-28T20:35:52.448869Z,1.3793,1.3794,0.0001,1.37935,-0.3521835334176689035201469021
XRP-USD,2026-08-28T20:35:52.564618Z,1.3793,1.3794,0.0001,1.37935,-0.3521835334176689035201469021
XRP-USD,2026-08-28T20:35:52.601183Z,1.3793,1.3794,0.0001,1.37935,-0.3351654103652535427949701747
XRP-USD,2026-08-28T20:35:52.720296Z,1.3793,1.3794,0.0001,1.37935,-0.3351654103652535427949701747
XRP-USD,2026-08-28T20:35:52.751095Z,1.3793,1.3794,0.0001,1.37935,-0.3351654103652535427949701747
XRP-USD,2026-08-28T20:35:52.833303Z,1.3793,1.3794,0.0001,1.37935,-0.3351295854317783260474092607
XRP-USD,2026-08-28T20:35:52.838262Z,1.3793,1.3794,0.0001,1.37935,-0.3351295854317783260474092607
XRP-USD,2026-08-28T20:35:52.911921Z,1.3793,1.3794,0.0001,1.37935,-0.3351295854317783260474092607
XRP-USD,2026-08-28T20:35:53.024222Z,1.3793,1.3794,0.0001,1.37935,-0.3351295854317783260474092607
XRP-USD,2026-08-28T20:35:53.0711Z,1.3793,1.3794,0.0001,1.37935,-0.3350351520619630602389990165
XRP-USD,2026-08-28T20:35:53.2251Z,1.3793,1.3794,0.0001,1.37935,-0.3350351520619630602389990165
XRP-USD,2026-08-28T20:35:53.267258Z,1.3793,1.3794,0.0001,1.37935,-0.3350351520619630602389990165
XRP-USD,2026-08-28T20:35:53.294811Z,1.3793,1.3794,0.0001,1.37935,-0.3351295859528887664920141388
XRP-USD,2026-08-28T20:35:53.375614Z,1.3793,1.3794,0.0001,1.37935,-0.3351295859528887664920141388
XRP-USD,2026-08-28T20:35:53.426487Z,1.3793,1.3794,0.0001,1.37935,-0.3060372674461882799932268599
XRP-USD,2026-08-28T20:35:53.534949Z,1.3793,1.3794,0.0001,1.37935,-0.3060372674461882799932268599
XRP-USD,2026-08-28T20:35:53.667643Z,1.3793,1.3794,0.0001,1.37935,-0.3156961447970209940238178749
XRP-USD,2026-08-28T20:35:53.688245Z,1.3793,1.3794,0.0001,1.37935,-0.3156961447970209940238178749
XRP-USD,2026-08-28T20:35:53.849769Z,1.3793,1.3794,0.0001,1.37935,-0.3156961447970209940238178749
XRP-USD,2026-08-28T20:35:53.92365Z,1.3793,1.3794,0.0001,1.37935,-0.3336462335441389095954535626
XRP-USD,2026-08-28T20:35:54.035593Z,1.3793,1.3794,0.0001,1.37935,-0.3335513777815533538575007280
XRP-USD,2026-08-28T20:35:54.164025Z,1.3793,1.3794,0.0001,1.37935,-0.3335513777815533538575007280
XRP-USD,2026-08-28T20:35:54.261687Z,1.3793,1.3794,0.0001,1.37935,-0.3335513777815533538575007280
XRP-USD,2026-08-28T20:35:54.319547Z,1.3793,1.3794,0.0001,1.37935,-0.3335513777815533538575007280
XRP-USD,2026-08-28T20:35:54.381253Z,1.3793,1.3794,0.0001,1.37935,-0.3336462340571084140268018248
XRP-USD,2026-08-28T20:35:54.474654Z,1.3793,1.3794,0.0001,1.37935,-0.3336462340571084140268018248
XRP-USD,2026-08-28T20:35:54.504566Z,1.3793,1.3794,0.0001,1.37935,-0.3492532877846162245634136416
XRP-USD,2026-08-28T20:35:54.559628Z,1.3793,1.3794,0.0001,1.37935,-0.3492532877846162245634136416
XRP-USD,2026-08-28T20:35:54.620924Z,1.3793,1.3794,0.0001,1.37935,-0.3492532877846162245634136416
XRP-USD,2026-08-28T20:35:54.640701Z,1.3793,1.3794,0.0001,1.37935,-0.3492532877846162245634136416
XRP-USD,2026-08-28T20:35:54.787363Z,1.3793,1.3794,0.0001,1.37935,-0.2920505640312783939355256343
XRP-USD,2026-08-28T20:35:54.792928Z,1.3793,1.3794,0.0001,1.37935,-0.2920505640312783939355256343
XRP-USD,2026-08-28T20:35:54.92877Z,1.3793,1.3794,0.0001,1.37935,-0.2920505640312783939355256343
XRP-USD,2026-08-28T20:35:54.93987Z,1.3793,1.3794,0.0001,1.37935,-0.3094941268520156375376066819
XRP-USD,2026-08-28T20:35:55.02862Z,1.3793,1.3794,0.0001,1.37935,-0.3093972752129587285261330618
XRP-USD,2026-08-28T20:35:55.074845Z,1.3793,1.3794,0.0001,1.37935,-0.3093972752129587285261330618
XRP-USD,2026-08-28T20:35:55.311314Z,1.3793,1.3794,0.0001,1.37935,-0.3093972752129587285261330618
XRP-USD,2026-08-28T20:35:55.429271Z,1.3793,1.3794,0.0001,1.37935,-0.3227238409817644478192738232
XRP-USD,2026-08-28T20:35:55.466784Z,1.3793,1.3794,0.0001,1.37935,-0.3227238409817644478192738232
XRP-USD,2026-08-28T20:35:55.484371Z,1.3793,1.3794,0.0001,1.37935,-0.3227238409817644478192738232
XRP-USD,2026-08-28T20:35:55.62638Z,1.3793,1.3794,0.0001,1.37935,-0.3227238409817644478192738232
XRP-USD,2026-08-28T20:35:55.661292Z,1.3793,1.3794,0.0001,1.37935,-0.3415181248362379339421595305
XRP-USD,2026-08-28T20:35:55.79416Z,1.3793,1.3794,0.0001,1.37935,-0.3415181248362379339421595305
XRP-USD,2026-08-28T20:35:55.853589Z,1.3793,1.3794,0.0001,1.37935,-0.3415181248362379339421595305
XRP-USD,2026-08-28T20:35:55.939378Z,1.3793,1.3794,0.0001,1.37935,-0.3415181248362379339421595305
XRP-USD,2026-08-28T20:35:56.029098Z,1.3793,1.3794,0.0001,1.37935,-0.3414235054332091627179173295
XRP-USD,2026-08-28T20:35:56.096769Z,1.3793,1.3794,0.0001,1.37935,-0.3414235054332091627179173295
XRP-USD,2026-08-28T20:35:56.249051Z,1.3793,1.3794,0.0001,1.37935,-0.3414235054332091627179173295
XRP-USD,2026-08-28T20:35:56.362897Z,1.3793,1.3794,0.0001,1.37935,-0.3414235054332091627179173295
XRP-USD,2026-08-28T20:35:56.422957Z,1.3793,1.3794,0.0001,1.37935,-0.3414235054332091627179173295
XRP-USD,2026-08-28T20:35:56.458286Z,1.3793,1.3794,0.0001,1.37935,-0.3414235054332091627179173295
XRP-USD,2026-08-28T20:35:56.490158Z,1.3793,1.3794,0.0001,1.37935,-0.3415181253270379589391656834
XRP-USD,2026-08-28T20:35:56.582963Z,1.3793,1.3794,0.0001,1.37935,-0.3394034238575704412809419701
XRP-USD,2026-08-28T20:35:56.588193Z,1.3793,1.3794,0.0001,1.37935,-0.3394034238575704412809419701
XRP-USD,2026-08-28T20:35:56.675019Z,1.3793,1.3794,0.0001,1.37935,-0.3394034238575704412809419701
XRP-USD,2026-08-28T20:35:56.688637Z,1.3793,1.3794,0.0001,1.37935,-0.3394034238575704412809419701
XRP-USD,2026-08-28T20:35:56.745579Z,1.3793,1.3794,0.0001,1.37935,-0.3394034238575704412809419701
XRP-USD,2026-08-28T20:35:56.913388Z,1.3793,1.3794,0.0001,1.37935,-0.3394034238575704412809419701
XRP-USD,2026-08-28T20:35:56.949078Z,1.3793,1.3794,0.0001,1.37935,-0.3233700070672667615255511138
XRP-USD,2026-08-28T20:35:57.022713Z,1.3793,1.3794,0.0001,1.37935,-0.3233700070672667615255511138
XRP-USD,2026-08-28T20:35:57.064388Z,1.3793,1.3794,0.0001,1.37935,-0.3232736348828092613908298584
XRP-USD,2026-08-28T20:35:57.098814Z,1.3793,1.3794,0.0001,1.37935,-0.3230875958698801019156235906
XRP-USD,2026-08-28T20:35:57.179468Z,1.3793,1.3794,0.0001,1.37935,-0.3230875958698801019156235906
XRP-USD,2026-08-28T20:35:57.231797Z,1.3793,1.3794,0.0001,1.37935,-0.3230875958698801019156235906
XRP-USD,2026-08-28T20:35:57.339346Z,1.3793,1.3794,0.0001,1.37935,-0.3272619870919294919228359544
XRP-USD,2026-08-28T20:35:57.409692Z,1.3793,1.3794,0.0001,1.37935,-0.3272619870919294919228359544
XRP-USD,2026-08-28T20:35:57.476084Z,1.3793,1.3794,0.0001,1.37935,-0.3272619870919294919228359544
XRP-USD,2026-08-28T20:35:57.518239Z,1.3793,1.3794,0.0001,1.37935,-0.3272619870919294919228359544
XRP-USD,2026-08-28T20:35:57.554924Z,1.3793,1.3794,0.0001,1.37935,-0.3273581204252107237489369242
XRP-USD,2026-08-28T20:35:57.605834Z,1.3793,1.3794,0.0001,1.37935,-0.3273581204252107237489369242
XRP-USD,2026-08-28T20:35:57.703425Z,1.3793,1.3794,0.0001,1.37935,-0.3273581204252107237489369242
XRP-USD,2026-08-28T20:35:57.768377Z,1.3793,1.3794,0.0001,1.37935,-0.3273581204252107237489369242
XRP-USD,2026-08-28T20:35:57.819575Z,1.3793,1.3794,0.0001,1.37935,-0.3272058069958812430623421204
XRP-USD,2026-08-28T20:35:57.864869Z,1.3793,1.3794,0.0001,1.37935,-0.3272058069958812430623421204
XRP-USD,2026-08-28T20:35:57.900075Z,1.3793,1.3794,0.0001,1.37935,-0.3272058069958812430623421204
XRP-USD,2026-08-28T20:35:57.947855Z,1.3793,1.3794,0.0001,1.37935,-0.3272058069958812430623421204
XRP-USD,2026-08-28T20:35:58.055167Z,1.3793,1.3794,0.0001,1.37935,-0.3272058069958812430623421204
XRP-USD,2026-08-28T20:35:58.128421Z,1.3793,1.3794,0.0001,1.37935,-0.3272058069958812430623421204
XRP-USD,2026-08-28T20:35:58.218935Z,1.3793,1.3794,0.0001,1.37935,-0.3272058069958812430623421204
XRP-USD,2026-08-28T20:35:58.269077Z,1.3793,1.3794,0.0001,1.37935,-0.3272058069958812430623421204
XRP-USD,2026-08-28T20:35:58.331323Z,1.3793,1.3794,0.0001,1.37935,-0.3272058069958812430623421204
XRP-USD,2026-08-28T20:35:58.366149Z,1.3793,1.3794,0.0001,1.37935,-0.3272058069958812430623421204
XRP-USD,2026-08-28T20:35:58.388048Z,1.3793,1.3794,0.0001,1.37935,-0.3272058069958812430623421204
XRP-USD,2026-08-28T20:35:58.463941Z,1.3793,1.3794,0.0001,1.37935,-0.3272058069958812430623421204
XRP-USD,2026-08-28T20:35:58.518237Z,1.3793,1.3794,0.0001,1.37935,-0.3272058069958812430623421204
XRP-USD,2026-08-28T20:35:58.563905Z,1.3793,1.3794,0.0001,1.37935,-0.3272058069958812430623421204
XRP-USD,2026-08-28T20:35:58.61147Z,1.3793,1.3794,0.0001,1.37935,-0.3272058069958812430623421204
XRP-USD,2026-08-28T20:35:58.666913Z,1.3793,1.3794,0.0001,1.37935,-0.3272058074735266094428675518
XRP-USD,2026-08-28T20:35:58.685873Z,1.3793,1.3794,0.0001,1.37935,-0.3272058074735266094428675518
XRP-USD,2026-08-28T20:35:58.838587Z,1.3793,1.3794,0.0001,1.37935,-0.3272058074735266094428675518
XRP-USD,2026-08-28T20:35:58.973209Z,1.3791,1.3794,0.0003,1.37925,0.1189918723235888555525828823
XRP-USD,2026-08-28T20:35:59.00418Z,1.3791,1.3794,0.0003,1.37925,0.1300958239499407121506388642
XRP-USD,2026-08-28T20:35:59.035999Z,1.3793,1.3794,0.0001,1.37935,-0.07510272992613566945164278308
XRP-USD,2026-08-28T20:35:59.131655Z,1.3792,1.3793,0.0001,1.37925,0.1216014101736041802230058891
XRP-USD,2026-08-28T20:35:59.144922Z,1.3792,1.3793,0.0001,1.37925,0.1074447661207949814183552604
XRP-USD,2026-08-28T20:35:59.200395Z,1.3792,1.3794,0.0002,1.3793,-0.1515783143863144508877354347
XRP-USD,2026-08-28T20:35:59.303471Z,1.3792,1.3794,0.0002,1.3793,-0.1515783143863144508877354347
XRP-USD,2026-08-28T20:35:59.47095Z,1.3792,1.3794,0.0002,1.3793,-0.1395096862571804738504696593
XRP-USD,2026-08-28T20:35:59.52003Z,1.3792,1.3794,0.0002,1.3793,-0.1395096862571804738504696593
XRP-USD,2026-08-28T20:35:59.525159Z,1.3792,1.3794,0.0002,1.3793,-0.1395096862571804738504696593
XRP-USD,2026-08-28T20:35:59.612733Z,1.3792,1.3794,0.0002,1.3793,-0.1395096862571804738504696593
XRP-USD,2026-08-28T20:35:59.680892Z,1.3792,1.3794,0.0002,1.3793,-0.1395096862571804738504696593
XRP-USD,2026-08-28T20:35:59.729179Z,1.3792,1.3794,0.0002,1.3793,-0.1394114452140839577051810883
XRP-USD,2026-08-28T20:35:59.780956Z,1.3792,1.3794,0.0002,1.3793,-0.1395096868101432045657445690
XRP-USD,2026-08-28T20:35:59.791188Z,1.3792,1.3794,0.0002,1.3793,-0.1395096868101432045657445690
XRP-USD,2026-08-28T20:35:59.830582Z,1.3792,1.3794,0.0002,1.3793,-0.1287098225049198726617902734
XRP-USD,2026-08-28T20:35:59.851032Z,1.3792,1.3794,0.0002,1.3793,-0.1287098225049198726617902734
XRP-USD,2026-08-28T20:35:59.925892Z,1.3792,1.3794,0.0002,1.3793,-0.1227034500465397251194464272
XRP-USD,2026-08-28T20:36:00.03279Z,1.3791,1.3794,0.0003,1.37925,0.1175413522468063994029306540
XRP-USD,2026-08-28T20:36:00.0491Z,1.3792,1.3794,0.0002,1.3793,-0.1421810501417151444713909759
XRP-USD,2026-08-28T20:36:00.117079Z,1.3792,1.3794,0.0002,1.3793,-0.1421810501417151444713909759
XRP-USD,2026-08-28T20:36:00.188009Z,1.3792,1.3794,0.0002,1.3793,-0.1421810501417151444713909759
XRP-USD,2026-08-28T20:36:00.246633Z,1.3792,1.3794,0.0002,1.3793,-0.1507816347824604893011394538
XRP-USD,2026-08-28T20:36:00.397138Z,1.3792,1.3794,0.0002,1.3793,-0.1278612264459550270148133916
XRP-USD,2026-08-28T20:36:00.480792Z,1.3792,1.3794,0.0002,1.3793,-0.1052323370728220365981399394
XRP-USD,2026-08-28T20:36:00.570522Z,1.3792,1.3794,0.0002,1.3793,-0.1167606536318400524321745204
XRP-USD,2026-08-28T20:36:00.623043Z,1.3793,1.3794,0.0001,1.37935,-0.1538868236807894843192701040
XRP-USD,2026-08-28T20:36:00.663844Z,1.3793,1.3794,0.0001,1.37935,0.02885226809941095280590343288
XRP-USD,2026-08-28T20:36:00.714476Z,1.3793,1.3795,0.0002,1.3794,-0.4260946708783609696402852561
XRP-USD,2026-08-28T20:36:00.772285Z,1.3794,1.3795,0.0001,1.37945,-0.2539712521539964125299322680
XRP-USD,2026-08-28T20:36:00.82253Z,1.3791,1.3794,0.0003,1.37925,0.1074616938793612288861513867
XRP-USD,2026-08-28T20:36:00.865169Z,1.3791,1.3794,0.0003,1.37925,0.09776419122988633768399188717
XRP-USD,2026-08-28T20:36:00.911892Z,1.3791,1.3794,0.0003,1.37925,0.09765898770908147435582364561
XRP-USD,2026-08-28T20:36:01.020438Z,1.3793,1.3794,0.0001,1.37935,-0.09647171436388341825132117522
XRP-USD,2026-08-28T20:36:01.067071Z,1.379,1.3792,0.0002,1.3791,0.2683619078882279547990957963
XRP-USD,2026-08-28T20:36:01.121205Z,1.379,1.3792,0.0002,1.3791,0.04632298803939996589026744298
XRP-USD,2026-08-28T20:36:01.172152Z,1.379,1.3792,0.0002,1.3791,-0.1551209662358618568731735185
XRP-USD,2026-08-28T20:36:01.224195Z,1.379,1.3792,0.0002,1.3791,-0.2774608903768975874156966845
XRP-USD,2026-08-28T20:36:01.26846Z,1.379,1.3792,0.0002,1.3791,-0.6956092612062925528380717227
XRP-USD,2026-08-28T20:36:01.30993Z,1.379,1.3792,0.0002,1.3791,-0.6994946033154156985023453515
XRP-USD,2026-08-28T20:36:01.338252Z,1.379,1.3792,0.0002,1.3791,-0.6994946033154156985023453515
XRP-USD,2026-08-28T20:36:01.401787Z,1.379,1.3792,0.0002,1.3791,-0.6836729815693141929696400393
XRP-USD,2026-08-28T20:36:01.521499Z,1.379,1.3792,0.0002,1.3791,-0.6836729815693141929696400393
XRP-USD,2026-08-28T20:36:01.54923Z,1.379,1.3792,0.0002,1.3791,-0.6878218968614128094699516818
XRP-USD,2026-08-28T20:36:01.671291Z,1.3789,1.379,0.0001,1.37895,-0.1815113043494533988462957647
XRP-USD,2026-08-28T20:36:01.726527Z,1.3789,1.379,0.0001,1.37895,-0.1873450884476755113404314920
XRP-USD,2026-08-28T20:36:01.77265Z,1.3788,1.379,0.0002,1.3789,-0.1395312467569175955831834579
XRP-USD,2026-08-28T20:36:01.994508Z,1.3788,1.379,0.0002,1.3789,-0.08090084738789953354058821066
XRP-USD,2026-08-28T20:36:02.066907Z,1.3788,1.379,0.0002,1.3789,-0.08090084738789953354058821066
XRP-USD,2026-08-28T20:36:02.078571Z,1.3788,1.379,0.0002,1.3789,-0.09049974033343329515616551525
XRP-USD,2026-08-28T20:36:02.14928Z,1.3788,1.379,0.0002,1.3789,-0.09049974033343329515616551525
XRP-USD,2026-08-28T20:36:02.262306Z,1.3788,1.379,0.0002,1.3789,-0.09049974033343329515616551525
XRP-USD,2026-08-28T20:36:02.287965Z,1.3788,1.379,0.0002,1.3789,-0.09049974033343329515616551525
XRP-USD,2026-08-28T20:36:02.433482Z,1.3788,1.379,0.0002,1.3789,-0.1086870975714496329635032741
XRP-USD,2026-08-28T20:36:02.487998Z,1.3788,1.379,0.0002,1.3789,-0.1086870975714496329635032741
XRP-USD,2026-08-28T20:36:02.584599Z,1.3788,1.379,0.0002,1.3789,-0.1584622702175450847048887262
XRP-USD,2026-08-28T20:36:02.6691Z,1.3788,1.379,0.0002,1.3789,-0.1584622702175450847048887262
XRP-USD,2026-08-28T20:36:02.730332Z,1.3788,1.379,0.0002,1.3789,-0.1584622702175450847048887262
XRP-USD,2026-08-28T20:36:02.747661Z,1.3788,1.379,0.0002,1.3789,-0.1584622702175450847048887262
XRP-USD,2026-08-28T20:36:02.826358Z,1.3788,1.379,0.0002,1.3789,0.09822156346862094708214211782
XRP-USD,2026-08-28T20:36:02.859771Z,1.3788,1.379,0.0002,1.3789,0.09822156346862094708214211782
XRP-USD,2026-08-28T20:36:02.922896Z,1.3788,1.379,0.0002,1.3789,0.09822156346862094708214211782
XRP-USD,2026-08-28T20:36:02.974003Z,1.3788,1.379,0.0002,1.3789,0.09822156346862094708214211782
XRP-USD,2026-08-28T20:36:03.015703Z,1.3789,1.379,0.0001,1.37895,-0.03089090319294102755636294593
XRP-USD,2026-08-28T20:36:03.065344Z,1.3789,1.379,0.0001,1.37895,-0.02600188506525859797645362382
XRP-USD,2026-08-28T20:36:03.120498Z,1.3789,1.379,0.0001,1.37895,-0.02600188506525859797645362382
XRP-USD,2026-08-28T20:36:03.169433Z,1.3789,1.379,0.0001,1.37895,-0.03051656331986393488108946576
XRP-USD,2026-08-28T20:36:03.206347Z,1.3789,1.379,0.0001,1.37895,-0.03051656331986393488108946576
XRP-USD,2026-08-28T20:36:03.263758Z,1.3789,1.379,0.0001,1.37895,-0.04897782143266747838201027599
XRP-USD,2026-08-28T20:36:03.307175Z,1.3789,1.379,0.0001,1.37895,-0.04897782143266747838201027599
XRP-USD,2026-08-28T20:36:03.350145Z,1.3789,1.379,0.0001,1.37895,-0.04897782143266747838201027599
XRP-USD,2026-08-28T20:36:03.528292Z,1.3789,1.379,0.0001,1.37895,-0.07976167755901415943632071396
XRP-USD,2026-08-28T20:36:03.534343Z,1.3789,1.379,0.0001,1.37895,-0.07976167755901415943632071396
XRP-USD,2026-08-28T20:36:03.625495Z,1.3789,1.379,0.0001,1.37895,-0.07976167755901415943632071396
XRP-USD,2026-08-28T20:36:03.713174Z,1.3789,1.379,0.0001,1.37895,-0.07976167755901415943632071396
XRP-USD,2026-08-28T20:36:03.755026Z,1.3789,1.379,0.0001,1.37895,-0.07976167755901415943632071396
XRP-USD,2026-08-28T20:36:03.820655Z,1.3789,1.379,0.0001,1.37895,-0.07976167755901415943632071396
XRP-USD,2026-08-28T20:36:03.862531Z,1.3789,1.379,0.0001,1.37895,-0.3319349277807266761891600337
XRP-USD,2026-08-28T20:36:03.892084Z,1.3789,1.379,0.0001,1.37895,-0.3319349277807266761891600337
XRP-USD,2026-08-28T20:36:04.021929Z,1.3789,1.379,0.0001,1.37895,-0.3319349277807266761891600337
XRP-USD,2026-08-28T20:36:04.049082Z,1.3789,1.379,0.0001,1.37895,-0.3319349277807266761891600337
XRP-USD,2026-08-28T20:36:04.122024Z,1.3789,1.379,0.0001,1.37895,-0.3319349277807266761891600337
XRP-USD,2026-08-28T20:36:04.176358Z,1.3789,1.379,0.0001,1.37895,-0.3319349277807266761891600337
XRP-USD,2026-08-28T20:36:04.297007Z,1.3789,1.379,0.0001,1.37895,-0.07976167755901415943632071396
XRP-USD,2026-08-28T20:36:04.373665Z,1.3789,1.379,0.0001,1.37895,-0.3319349277807266761891600337
XRP-USD,2026-08-28T20:36:04.629782Z,1.3789,1.379,0.0001,1.37895,-0.07976167755901415943632071396
XRP-USD,2026-08-28T20:36:04.663014Z,1.3789,1.379,0.0001,1.37895,-0.3319349277807266761891600337
XRP-USD,2026-08-28T20:36:04.729483Z,1.3789,1.379,0.0001,1.37895,-0.3305958318243688037196849676
XRP-USD,2026-08-28T20:36:05.027405Z,1.3789,1.379,0.0001,1.37895,-0.3305958318243688037196849676
XRP-USD,2026-08-28T20:36:05.069939Z,1.3789,1.379,0.0001,1.37895,-0.3305958318243688037196849676
XRP-USD,2026-08-28T20:36:05.122311Z,1.3789,1.379,0.0001,1.37895,-0.3305958318243688037196849676
XRP-USD,2026-08-28T20:36:05.174973Z,1.3789,1.379,0.0001,1.37895,-0.3305958318243688037196849676
XRP-USD,2026-08-28T20:36:05.219095Z,1.3789,1.379,0.0001,1.37895,-0.3305958318243688037196849676
XRP-USD,2026-08-28T20:36:05.318024Z,1.3789,1.3791,0.0002,1.3790,-0.4748571772800342008456982153
XRP-USD,2026-08-28T20:36:05.396591Z,1.3789,1.3791,0.0002,1.3790,-0.4748571772800342008456982153
XRP-USD,2026-08-28T20:36:05.454924Z,1.3789,1.3791,0.0002,1.3790,-0.4748571772800342008456982153
XRP-USD,2026-08-28T20:36:05.720574Z,1.3789,1.3791,0.0002,1.3790,-0.4637607792170481195871304106
XRP-USD,2026-08-28T20:36:05.743963Z,1.3789,1.3791,0.0002,1.3790,-0.4637607792170481195871304106
XRP-USD,2026-08-28T20:36:06.026852Z,1.3789,1.3791,0.0002,1.3790,-0.4637607792170481195871304106
XRP-USD,2026-08-28T20:36:06.120788Z,1.3789,1.3791,0.0002,1.3790,-0.4562478825623754956840720432
XRP-USD,2026-08-28T20:36:06.158644Z,1.3789,1.3791,0.0002,1.3790,-0.3099315161036609161514169026
XRP-USD,2026-08-28T20:36:06.204698Z,1.3789,1.3791,0.0002,1.3790,-0.4562480636559701540564507944
XRP-USD,2026-08-28T20:36:06.274034Z,1.3789,1.3791,0.0002,1.3790,-0.4562480636559701540564507944
XRP-USD,2026-08-28T20:36:06.321512Z,1.3788,1.379,0.0002,1.3789,-0.1412623672263132526086214940
XRP-USD,2026-08-28T20:36:06.33904Z,1.3788,1.379,0.0002,1.3789,-0.1276437231843857104627881421
XRP-USD,2026-08-28T20:36:06.507253Z,1.3788,1.379,0.0002,1.3789,-0.1276437231843857104627881421
XRP-USD,2026-08-28T20:36:06.587616Z,1.3788,1.379,0.0002,1.3789,-0.1276437231843857104627881421
XRP-USD,2026-08-28T20:36:06.63269Z,1.3788,1.379,0.0002,1.3789,-0.1412623672263132526086214940
XRP-USD,2026-08-28T20:36:06.66761Z,1.3788,1.379,0.0002,1.3789,-0.1412623672263132526086214940
XRP-USD,2026-08-28T20:36:06.71026Z,1.3788,1.379,0.0002,1.3789,-0.1412623672263132526086214940
XRP-USD,2026-08-28T20:36:06.819631Z,1.3788,1.379,0.0002,1.3789,-0.1412623672263132526086214940
XRP-USD,2026-08-28T20:36:07.01965Z,1.3788,1.379,0.0002,1.3789,-0.1412623672263132526086214940
XRP-USD,2026-08-28T20:36:07.03361Z,1.3788,1.379,0.0002,1.3789,-0.1412623672263132526086214940
XRP-USD,2026-08-28T20:36:07.183346Z,1.3788,1.379,0.0002,1.3789,-0.1412623672263132526086214940
XRP-USD,2026-08-28T20:36:07.269976Z,1.3788,1.379,0.0002,1.3789,-0.1412623672263132526086214940
XRP-USD,2026-08-28T20:36:07.32439Z,1.3788,1.379,0.0002,1.3789,-0.1412623672263132526086214940
XRP-USD,2026-08-28T20:36:07.377816Z,1.3788,1.379,0.0002,1.3789,-0.1686962538330241832706138537
XRP-USD,2026-08-28T20:36:07.382478Z,1.3788,1.379,0.0002,1.3789,-0.1956034190742343348463780223
XRP-USD,2026-08-28T20:36:07.446534Z,1.3788,1.379,0.0002,1.3789,-0.2102164893273039476126837042
XRP-USD,2026-08-28T20:36:07.521379Z,1.3788,1.379,0.0002,1.3789,-0.2068247342433695863105137767
XRP-USD,2026-08-28T20:36:07.567526Z,1.3788,1.379,0.0002,1.3789,-0.2080930052272213500918889196
XRP-USD,2026-08-28T20:36:07.609995Z,1.3788,1.379,0.0002,1.3789,-0.2080930052272213500918889196
XRP-USD,2026-08-28T20:36:07.652453Z,1.3789,1.379,0.0001,1.37895,-0.3608656699390245878452825362
XRP-USD,2026-08-28T20:36:07.7228Z,1.3788,1.379,0.0002,1.3789,-0.1941179705778151415049192843
XRP-USD,2026-08-28T20:36:07.780798Z,1.3788,1.379,0.0002,1.3789,-0.1941179705778151415049192843
XRP-USD,2026-08-28T20:36:07.787421Z,1.3788,1.379,0.0002,1.3789,-0.1941179705778151415049192843
XRP-USD,2026-08-28T20:36:07.911651Z,1.3788,1.379,0.0002,1.3789,-0.2573324721710332692805477838
XRP-USD,2026-08-28T20:36:08.025425Z,1.3788,1.379,0.0002,1.3789,-0.2573324721710332692805477838
XRP-USD,2026-08-28T20:36:08.030658Z,1.3788,1.379,0.0002,1.3789,-0.2573324721710332692805477838
XRP-USD,2026-08-28T20:36:08.16215Z,1.3788,1.379,0.0002,1.3789,-0.2801970699998502216839511735
XRP-USD,2026-08-28T20:36:08.229179Z,1.3788,1.379,0.0002,1.3789,-0.2801970699998502216839511735
XRP-USD,2026-08-28T20:36:08.307332Z,1.3788,1.379,0.0002,1.3789,-0.2764722911433939366124463539
XRP-USD,2026-08-28T20:36:08.381227Z,1.3788,1.379,0.0002,1.3789,-0.2764722911433939366124463539
XRP-USD,2026-08-28T20:36:08.537267Z,1.3787,1.379,0.0003,1.37885,-0.1945992851410926195726118088
XRP-USD,2026-08-28T20:36:08.573221Z,1.3787,1.379,0.0003,1.37885,-0.1849952629115466879311090129
XRP-USD,2026-08-28T20:36:08.620118Z,1.3787,1.379,0.0003,1.37885,-0.1849952629115466879311090129
XRP-USD,2026-08-28T20:36:08.671786Z,1.3788,1.379,0.0002,1.3789,-0.2134424896904575999522540036
XRP-USD,2026-08-28T20:36:08.718641Z,1.3788,1.379,0.0002,1.3789,-0.2721477682357097308517856383
XRP-USD,2026-08-28T20:36:08.798864Z,1.3788,1.379,0.0002,1.3789,-0.2684050188636371050483479086
XRP-USD,2026-08-28T20:36:08.835856Z,1.3788,1.379,0.0002,1.3789,-0.2684050188636371050483479086
XRP-USD,2026-08-28T20:36:08.934828Z,1.3788,1.379,0.0002,1.3789,-0.2684050188636371050483479086
XRP-USD,2026-08-28T20:36:09.023523Z,1.3788,1.379,0.0002,1.3789,-0.2684050188636371050483479086
XRP-USD,2026-08-28T20:36:09.054664Z,1.3788,1.379,0.0002,1.3789,-0.2707260281110364881868244365
XRP-USD,2026-08-28T20:36:09.121702Z,1.3788,1.379,0.0002,1.3789,-0.7509779018163359571601782866
XRP-USD,2026-08-28T20:36:09.173293Z,1.3787,1.379,0.0003,1.37885,-0.7471342752481758262462496824
XRP-USD,2026-08-28T20:36:09.218619Z,1.3787,1.3788,0.0001,1.37875,-0.6066308282872388820412804531
XRP-USD,2026-08-28T20:36:09.271765Z,1.3787,1.3788,0.0001,1.37875,-0.6080722038152717448888821454
XRP-USD,2026-08-28T20:36:09.321585Z,1.3787,1.3788,0.0001,1.37875,-0.6080722038152717448888821454
XRP-USD,2026-08-28T20:36:09.380579Z,1.3787,1.3788,0.0001,1.37875,-0.5852508228022126330161252969
XRP-USD,2026-08-28T20:36:09.471901Z,1.3787,1.3788,0.0001,1.37875,-0.5968419215049419183736728003
XRP-USD,2026-08-28T20:36:09.484463Z,1.3787,1.3788,0.0001,1.37875,-0.5629937788403802509624387596
XRP-USD,2026-08-28T20:36:09.567264Z,1.3787,1.3788,0.0001,1.37875,-0.5629937788403802509624387596
XRP-USD,2026-08-28T20:36:09.626097Z,1.3787,1.3788,0.0001,1.37875,-0.5629937788403802509624387596
XRP-USD,2026-08-28T20:36:09.70908Z,1.3787,1.3788,0.0001,1.37875,-0.5629937788403802509624387596
XRP-USD,2026-08-28T20:36:09.773572Z,1.3787,1.3788,0.0001,1.37875,-0.5629937788403802509624387596
XRP-USD,2026-08-28T20:36:09.857474Z,1.3787,1.3788,0.0001,1.37875,-0.5629937788403802509624387596
XRP-USD,2026-08-28T20:36:09.970284Z,1.3787,1.3788,0.0001,1.37875,-0.4641485077618754718721102450
XRP-USD,2026-08-28T20:36:10.02039Z,1.3787,1.3788,0.0001,1.37875,-0.4248233162770490385907004436
XRP-USD,2026-08-28T20:36:10.064453Z,1.3787,1.3789,0.0002,1.3788,-0.6565487115826366595953754917
XRP-USD,2026-08-28T20:36:10.122825Z,1.3788,1.379,0.0002,1.3789,-0.7034570734781421349970865657
XRP-USD,2026-08-28T20:36:10.16066Z,1.3788,1.379,0.0002,1.3789,-0.6870918385090057293914441004
XRP-USD,2026-08-28T20:36:10.169647Z,1.3788,1.379,0.0002,1.3789,-0.6870918385090057293914441004
XRP-USD,2026-08-28T20:36:10.328093Z,1.3788,1.379,0.0002,1.3789,-0.6788613915502124273419912708
XRP-USD,2026-08-28T20:36:10.420627Z,1.3788,1.379,0.0002,1.3789,-0.6788613915502124273419912708
XRP-USD,2026-08-28T20:36:10.511271Z,1.3788,1.379,0.0002,1.3789,-0.6788613915502124273419912708
XRP-USD,2026-08-28T20:36:10.630918Z,1.3788,1.379,0.0002,1.3789,-0.6788613915502124273419912708
XRP-USD,2026-08-28T20:36:10.669263Z,1.3788,1.379,0.0002,1.3789,-0.6788613915502124273419912708
XRP-USD,2026-08-28T20:36:10.718719Z,1.3788,1.379,0.0002,1.3789,-0.7797669949999480509288643446
XRP-USD,2026-08-28T20:36:10.749155Z,1.3788,1.379,0.0002,1.3789,-0.7148504791706692001668602489
XRP-USD,2026-08-28T20:36:10.813995Z,1.3788,1.379,0.0002,1.3789,-0.7148504791706692001668602489
XRP-USD,2026-08-28T20:36:10.88863Z,1.3788,1.379,0.0002,1.3789,-0.7148504791706692001668602489
XRP-USD,2026-08-28T20:36:10.965809Z,1.3788,1.379,0.0002,1.3789,-0.7148504791706692001668602489
XRP-USD,2026-08-28T20:36:11.029569Z,1.3788,1.379,0.0002,1.3789,-0.7148504791706692001668602489
XRP-USD,2026-08-28T20:36:11.034536Z,1.3788,1.379,0.0002,1.3789,-0.6974610348435322235002317453
XRP-USD,2026-08-28T20:36:11.112867Z,1.3788,1.379,0.0002,1.3789,-0.6964349341472072314245350033
XRP-USD,2026-08-28T20:36:11.135246Z,1.3788,1.379,0.0002,1.3789,-0.6964349341472072314245350033
XRP-USD,2026-08-28T20:36:11.23757Z,1.3788,1.379,0.0002,1.3789,-0.5226048254837027212756237271
XRP-USD,2026-08-28T20:36:11.263292Z,1.3788,1.379,0.0002,1.3789,-0.5244832254359900668405401090
XRP-USD,2026-08-28T20:36:11.289497Z,1.3788,1.379,0.0002,1.3789,-0.5244832254359900668405401090
XRP-USD,2026-08-28T20:36:11.337354Z,1.3788,1.379,0.0002,1.3789,-0.5244832254359900668405401090
XRP-USD,2026-08-28T20:36:11.41466Z,1.3788,1.379,0.0002,1.3789,-0.5244832254359900668405401090
XRP-USD,2026-08-28T20:36:11.447842Z,1.3788,1.379,0.0002,1.3789,-0.5020434330657754145709771082
XRP-USD,2026-08-28T20:36:11.566339Z,1.3788,1.379,0.0002,1.3789,-0.4941392750179706117429071275
XRP-USD,2026-08-28T20:36:11.722596Z,1.3788,1.379,0.0002,1.3789,-0.4941392750179706117429071275
XRP-USD,2026-08-28T20:36:11.886561Z,1.3788,1.379,0.0002,1.3789,-0.5654756246218819438666519248
XRP-USD,2026-08-28T20:36:11.919041Z,1.3788,1.379,0.0002,1.3789,-0.5407667046164134756821472422
XRP-USD,2026-08-28T20:36:11.981019Z,1.3788,1.379,0.0002,1.3789,-0.5407667046164134756821472422
XRP-USD,2026-08-28T20:36:12.021659Z,1.3788,1.379,0.0002,1.3789,-0.5407667046164134756821472422
XRP-USD,2026-08-28T20:36:12.045141Z,1.3788,1.379,0.0002,1.3789,-0.5407667046164134756821472422
XRP-USD,2026-08-28T20:36:12.117511Z,1.3788,1.379,0.0002,1.3789,-0.4824977104798295942976452215
XRP-USD,2026-08-28T20:36:12.172737Z,1.3789,1.379,0.0001,1.37895,-0.5853633910666088071301848228
XRP-USD,2026-08-28T20:36:12.178267Z,1.3789,1.379,0.0001,1.37895,-0.5779049632304667690031921727
XRP-USD,2026-08-28T20:36:12.298005Z,1.3789,1.379,0.0001,1.37895,-0.5779049632304667690031921727
XRP-USD,2026-08-28T20:36:12.328968Z,1.3789,1.379,0.0001,1.37895,-0.5779049632304667690031921727
XRP-USD,2026-08-28T20:36:12.40492Z,1.3789,1.379,0.0001,1.37895,-0.5779049632304667690031921727
XRP-USD,2026-08-28T20:36:12.438401Z,1.3789,1.379,0.0001,1.37895,-0.5779049632304667690031921727
XRP-USD,2026-08-28T20:36:12.522498Z,1.3789,1.379,0.0001,1.37895,-0.5779049632304667690031921727
XRP-USD,2026-08-28T20:36:12.530071Z,1.3789,1.379,0.0001,1.37895,-0.5779049632304667690031921727
XRP-USD,2026-08-28T20:36:12.636676Z,1.3789,1.379,0.0001,1.37895,-0.5779049632304667690031921727
XRP-USD,2026-08-28T20:36:12.670079Z,1.3789,1.379,0.0001,1.37895,-0.5779049632304667690031921727
XRP-USD,2026-08-28T20:36:12.708774Z,1.3789,1.379,0.0001,1.37895,-0.5779049632304667690031921727
XRP-USD,2026-08-28T20:36:12.793351Z,1.3789,1.379,0.0001,1.37895,-0.5779049632304667690031921727
XRP-USD,2026-08-28T20:36:12.82424Z,1.3789,1.379,0.0001,1.37895,-0.5583855088070894902580426730
XRP-USD,2026-08-28T20:36:12.883861Z,1.3789,1.379,0.0001,1.37895,-0.5583855088070894902580426730
XRP-USD,2026-08-28T20:36:12.981335Z,1.3788,1.379,0.0002,1.3789,-0.2027420545150053841165967728
XRP-USD,2026-08-28T20:36:13.051778Z,1.3788,1.379,0.0002,1.3789,-0.2027420545150053841165967728
XRP-USD,2026-08-28T20:36:13.130564Z,1.3788,1.379,0.0002,1.3789,-0.2027420545150053841165967728
XRP-USD,2026-08-28T20:36:13.167804Z,1.3789,1.379,0.0001,1.37895,-0.2637349689246850745078473865
XRP-USD,2026-08-28T20:36:13.218787Z,1.3789,1.379,0.0001,1.37895,-0.2637349689246850745078473865
XRP-USD,2026-08-28T20:36:13.260854Z,1.3788,1.379,0.0002,1.3789,-0.2494472518707672002206943138
XRP-USD,2026-08-28T20:36:13.322191Z,1.3788,1.379,0.0002,1.3789,-0.2647337660663500527840225430
XRP-USD,2026-08-28T20:36:13.378801Z,1.3789,1.379,0.0001,1.37895,-0.3246137179029258757599174166
XRP-USD,2026-08-28T20:36:13.41129Z,1.3789,1.379,0.0001,1.37895,-0.3246137179029258757599174166
XRP-USD,2026-08-28T20:36:13.434984Z,1.3789,1.379,0.0001,1.37895,-0.3246137179029258757599174166
XRP-USD,2026-08-28T20:36:13.514143Z,1.3789,1.379,0.0001,1.37895,-0.3246137179029258757599174166
XRP-USD,2026-08-28T20:36:13.576847Z,1.3789,1.379,0.0001,1.37895,-0.3246137179029258757599174166
XRP-USD,2026-08-28T20:36:13.624448Z,1.3789,1.379,0.0001,1.37895,-0.3246137179029258757599174166
XRP-USD,2026-08-28T20:36:13.642206Z,1.3789,1.379,0.0001,1.37895,-0.3246137179029258757599174166
XRP-USD,2026-08-28T20:36:13.726443Z,1.3789,1.379,0.0001,1.37895,-0.3246137179029258757599174166
XRP-USD,2026-08-28T20:36:13.773587Z,1.3789,1.379,0.0001,1.37895,-0.3246137179029258757599174166
XRP-USD,2026-08-28T20:36:13.83178Z,1.3789,1.379,0.0001,1.37895,-0.3246137179029258757599174166
XRP-USD,2026-08-28T20:36:13.876247Z,1.3789,1.379,0.0001,1.37895,-0.3142400272121277152769790907
XRP-USD,2026-08-28T20:36:13.919135Z,1.3789,1.3791,0.0002,1.3790,-0.4751920063034979232757540291
XRP-USD,2026-08-28T20:36:14.027976Z,1.3789,1.3791,0.0002,1.3790,-0.4751920063034979232757540291
XRP-USD,2026-08-28T20:36:14.03672Z,1.3789,1.3791,0.0002,1.3790,-0.4751920063034979232757540291
XRP-USD,2026-08-28T20:36:14.108194Z,1.3789,1.3791,0.0002,1.3790,-0.5001951352711476043816673331
XRP-USD,2026-08-28T20:36:14.173804Z,1.3789,1.3791,0.0002,1.3790,-0.4741238009238227445254484557
XRP-USD,2026-08-28T20:36:14.181381Z,1.3789,1.3791,0.0002,1.3790,-0.4741238009238227445254484557
XRP-USD,2026-08-28T20:36:14.330149Z,1.3789,1.3791,0.0002,1.3790,-0.4741238009238227445254484557
XRP-USD,2026-08-28T20:36:14.338019Z,1.3789,1.3791,0.0002,1.3790,-0.4741238009238227445254484557
XRP-USD,2026-08-28T20:36:14.420065Z,1.3791,1.3793,0.0002,1.3792,-0.3835692395696584740863040444
XRP-USD,2026-08-28T20:36:14.470378Z,1.3792,1.3793,0.0001,1.37925,-0.4642181163771535743269507836
XRP-USD,2026-08-28T20:36:14.517734Z,1.3792,1.3793,0.0001,1.37925,-0.6546892565058530683787618666
XRP-USD,2026-08-28T20:36:14.571426Z,1.3792,1.3793,0.0001,1.37925,-0.6128185050700483691798766190
XRP-USD,2026-08-28T20:36:14.608919Z,1.3792,1.3793,0.0001,1.37925,-0.6128185050700483691798766190
XRP-USD,2026-08-28T20:36:14.670913Z,1.3792,1.3793,0.0001,1.37925,-0.6128185050700483691798766190
XRP-USD,2026-08-28T20:36:14.728079Z,1.3792,1.3793,0.0001,1.37925,-0.7042673378059874468292983564
XRP-USD,2026-08-28T20:36:14.774952Z,1.3792,1.3793,0.0001,1.37925,-0.7042673378059874468292983564
XRP-USD,2026-08-28T20:36:14.79688Z,1.3792,1.3793,0.0001,1.37925,-0.7042673378059874468292983564
XRP-USD,2026-08-28T20:36:14.921926Z,1.3792,1.3793,0.0001,1.37925,-0.6505983938019032504945913082
XRP-USD,2026-08-28T20:36:14.981024Z,1.3792,1.3793,0.0001,1.37925,-0.6546158310997479522835448615
XRP-USD,2026-08-28T20:36:15.02819Z,1.3792,1.3793,0.0001,1.37925,-0.6410616392445389971436740180
XRP-USD,2026-08-28T20:36:15.100603Z,1.3792,1.3793,0.0001,1.37925,-0.6410616392445389971436740180
XRP-USD,2026-08-28T20:36:15.224533Z,1.3792,1.3793,0.0001,1.37925,-0.6410616392445389971436740180
XRP-USD,2026-08-28T20:36:15.255669Z,1.3792,1.3793,0.0001,1.37925,-0.6410616392445389971436740180
XRP-USD,2026-08-28T20:36:15.32164Z,1.3792,1.3793,0.0001,1.37925,-0.6410616392445389971436740180
XRP-USD,2026-08-28T20:36:15.365081Z,1.3792,1.3793,0.0001,1.37925,-0.6410616392445389971436740180
XRP-USD,2026-08-28T20:36:15.428114Z,1.3792,1.3793,0.0001,1.37925,-0.6410616392445389971436740180
XRP-USD,2026-08-28T20:36:15.43385Z,1.3792,1.3793,0.0001,1.37925,-0.6410616392445389971436740180
XRP-USD,2026-08-28T20:36:15.58398Z,1.3792,1.3793,0.0001,1.37925,-0.6196387923812531956582829590
XRP-USD,2026-08-28T20:36:15.610729Z,1.3792,1.3793,0.0001,1.37925,-0.6196387923812531956582829590
XRP-USD,2026-08-28T20:36:15.68299Z,1.3792,1.3793,0.0001,1.37925,-0.6196387923812531956582829590
XRP-USD,2026-08-28T20:36:15.722594Z,1.3792,1.3793,0.0001,1.37925,-0.6196387923812531956582829590
XRP-USD,2026-08-28T20:36:15.787625Z,1.3792,1.3793,0.0001,1.37925,-0.6152484564110533951488333890
XRP-USD,2026-08-28T20:36:15.825867Z,1.3792,1.3793,0.0001,1.37925,-0.6152484564110533951488333890
XRP-USD,2026-08-28T20:36:15.876215Z,1.3792,1.3793,0.0001,1.37925,-0.6152484564110533951488333890
XRP-USD,2026-08-28T20:36:15.913626Z,1.3792,1.3793,0.0001,1.37925,-0.4844757241008107796246096134
XRP-USD,2026-08-28T20:36:15.983171Z,1.3792,1.3793,0.0001,1.37925,-0.5931504783348557146573443158
XRP-USD,2026-08-28T20:36:16.022155Z,1.3792,1.3793,0.0001,1.37925,-0.5931011353592553963951176985
XRP-USD,2026-08-28T20:36:16.0656Z,1.3792,1.3793,0.0001,1.37925,-0.5931504785363186222525169730
XRP-USD,2026-08-28T20:36:16.134666Z,1.3792,1.3793,0.0001,1.37925,-0.5778710428446712075959615301
XRP-USD,2026-08-28T20:36:16.182644Z,1.3792,1.3793,0.0001,1.37925,-0.5778710428446712075959615301
XRP-USD,2026-08-28T20:36:16.200515Z,1.3792,1.3793,0.0001,1.37925,-0.5778710428446712075959615301
XRP-USD,2026-08-28T20:36:16.261967Z,1.3792,1.3793,0.0001,1.37925,-0.5915009384245693261729439948
XRP-USD,2026-08-28T20:36:16.314763Z,1.3792,1.3793,0.0001,1.37925,-0.5370456363081950104198808529
XRP-USD,2026-08-28T20:36:16.384766Z,1.3792,1.3793,0.0001,1.37925,-0.5358470186603371303588285908
XRP-USD,2026-08-28T20:36:16.530826Z,1.3792,1.3793,0.0001,1.37925,-0.5321455066857207672481477221
XRP-USD,2026-08-28T20:36:16.661244Z,1.3792,1.3793,0.0001,1.37925,-0.5474790749514591088531931992
XRP-USD,2026-08-28T20:36:16.701163Z,1.3792,1.3793,0.0001,1.37925,-0.6034798684463780780341406040
XRP-USD,2026-08-28T20:36:16.782863Z,1.3792,1.3793,0.0001,1.37925,-0.6034798684463780780341406040
XRP-USD,2026-08-28T20:36:16.809459Z,1.3792,1.3793,0.0001,1.37925,-0.6034798684463780780341406040
XRP-USD,2026-08-28T20:36:16.858653Z,1.3792,1.3793,0.0001,1.37925,-0.6034798684463780780341406040
XRP-USD,2026-08-28T20:36:16.979255Z,1.3792,1.3793,0.0001,1.37925,-0.6034798684463780780341406040
XRP-USD,2026-08-28T20:36:17.026869Z,1.3792,1.3793,0.0001,1.37925,-0.5904483069149442875227295226
XRP-USD,2026-08-28T20:36:17.034195Z,1.3792,1.3793,0.0001,1.37925,-0.5903980350732973045810299193
XRP-USD,2026-08-28T20:36:17.122465Z,1.3792,1.3793,0.0001,1.37925,-0.5904483071146511198127830439
XRP-USD,2026-08-28T20:36:17.268071Z,1.3792,1.3793,0.0001,1.37925,-0.5904483071146511198127830439
XRP-USD,2026-08-28T20:36:17.423903Z,1.3792,1.3793,0.0001,1.37925,-0.5904483071146511198127830439
XRP-USD,2026-08-28T20:36:17.501355Z,1.3792,1.3793,0.0001,1.37925,-0.6172157086995247815759047484
XRP-USD,2026-08-28T20:36:17.562458Z,1.3792,1.3793,0.0001,1.37925,-0.6172157086995247815759047484
XRP-USD,2026-08-28T20:36:17.611415Z,1.3792,1.3793,0.0001,1.37925,-0.6172157086995247815759047484
XRP-USD,2026-08-28T20:36:17.660854Z,1.3792,1.3793,0.0001,1.37925,-0.6130411153314244219268545855
XRP-USD,2026-08-28T20:36:17.744069Z,1.3792,1.3793,0.0001,1.37925,-0.6082559748892808323648442719
XRP-USD,2026-08-28T20:36:17.9288Z,1.3792,1.3793,0.0001,1.37925,-0.5951469837665900932668329765
XRP-USD,2026-08-28T20:36:17.962504Z,1.3792,1.3793,0.0001,1.37925,-0.5951469837665900932668329765
XRP-USD,2026-08-28T20:36:18.024595Z,1.3792,1.3793,0.0001,1.37925,-0.5950971416495472417360739907
XRP-USD,2026-08-28T20:36:18.039574Z,1.3792,1.3793,0.0001,1.37925,-0.5903980350732973045810299193
XRP-USD,2026-08-28T20:36:18.07708Z,1.3792,1.3793,0.0001,1.37925,-0.5903980350732973045810299193
XRP-USD,2026-08-28T20:36:18.178702Z,1.3792,1.3794,0.0002,1.3793,-0.5612376504856244831291195527
XRP-USD,2026-08-28T20:36:18.224655Z,1.3793,1.3794,0.0001,1.37935,-0.6644008377473544784829926415
XRP-USD,2026-08-28T20:36:18.248842Z,1.3793,1.3794,0.0001,1.37935,-0.6643911644187701320761523929
XRP-USD,2026-08-28T20:36:18.326556Z,1.3793,1.3794,0.0001,1.37935,-0.6695574603924467048426092964
XRP-USD,2026-08-28T20:36:18.369391Z,1.3793,1.3794,0.0001,1.37935,-0.6643911644187701320761523929
XRP-USD,2026-08-28T20:36:18.415078Z,1.3794,1.3795,0.0001,1.37945,-0.1781998641921038109676037341
XRP-USD,2026-08-28T20:36:18.463286Z,1.3794,1.3796,0.0002,1.3795,-0.7067145932885378584385628391
XRP-USD,2026-08-28T20:36:18.521495Z,1.3795,1.3796,0.0001,1.37955,-0.5085318081485049752093063224
XRP-USD,2026-08-28T20:36:18.561275Z,1.3795,1.3796,0.0001,1.37955,-0.5271876942228919999546169251
XRP-USD,2026-08-28T20:36:18.623783Z,1.3795,1.3796,0.0001,1.37955,-0.5246097548972561739081389782
XRP-USD,2026-08-28T20:36:18.633526Z,1.3795,1.3796,0.0001,1.37955,-0.5365833163942420577921242806
XRP-USD,2026-08-28T20:36:18.724776Z,1.3795,1.3796,0.0001,1.37955,-0.5566313736027459956448024858
XRP-USD,2026-08-28T20:36:18.752746Z,1.3795,1.3796,0.0001,1.37955,-0.5590058497638459993705072657
XRP-USD,2026-08-28T20:36:18.822706Z,1.3795,1.3796,0.0001,1.37955,-0.5574773457170028936439314634
XRP-USD,2026-08-28T20:36:18.849294Z,1.3795,1.3796,0.0001,1.37955,-0.5173179846250478668379746306
XRP-USD,2026-08-28T20:36:18.926978Z,1.3795,1.3796,0.0001,1.37955,-0.4935996984310600893914146676
XRP-USD,2026-08-28T20:36:18.968536Z,1.3795,1.3796,0.0001,1.37955,-0.4935996984310600893914146676
XRP-USD,2026-08-28T20:36:19.005763Z,1.3795,1.3796,0.0001,1.37955,-0.4963148302714906088563926806
XRP-USD,2026-08-28T20:36:19.069092Z,1.3795,1.3796,0.0001,1.37955,-0.4726277677115286711736473737
XRP-USD,2026-08-28T20:36:19.166206Z,1.3795,1.3796,0.0001,1.37955,-0.4851454513689570150100855913
XRP-USD,2026-08-28T20:36:19.174854Z,1.3795,1.3796,0.0001,1.37955,-0.4851454513689570150100855913
XRP-USD,2026-08-28T20:36:19.267373Z,1.3795,1.3796,0.0001,1.37955,-0.4620407004997564610646537829
XRP-USD,2026-08-28T20:36:19.325235Z,1.3795,1.3796,0.0001,1.37955,-0.4620407004997564610646537829
XRP-USD,2026-08-28T20:36:19.36415Z,1.3795,1.3796,0.0001,1.37955,-0.4620407004997564610646537829
XRP-USD,2026-08-28T20:36:19.416273Z,1.3795,1.3796,0.0001,1.37955,-0.4620407004997564610646537829
XRP-USD,2026-08-28T20:36:19.481177Z,1.3795,1.3797,0.0002,1.3796,-0.5211173367619419563546765731
XRP-USD,2026-08-28T20:36:19.487289Z,1.3795,1.3797,0.0002,1.3796,-0.5211173367619419563546765731
XRP-USD,2026-08-28T20:36:19.563648Z,1.3795,1.3797,0.0002,1.3796,-0.5211173367619419563546765731
XRP-USD,2026-08-28T20:36:19.609388Z,1.3795,1.3797,0.0002,1.3796,-0.5211173367619419563546765731
XRP-USD,2026-08-28T20:36:19.641171Z,1.3795,1.3797,0.0002,1.3796,-0.5211173367619419563546765731
XRP-USD,2026-08-28T20:36:19.809366Z,1.3795,1.3797,0.0002,1.3796,-0.5100170044242310679245744649
XRP-USD,2026-08-28T20:36:19.899957Z,1.3795,1.3797,0.0002,1.3796,-0.5100170044242310679245744649
XRP-USD,2026-08-28T20:36:19.971178Z,1.3795,1.3797,0.0002,1.3796,-0.4657623438845599291916316668
XRP-USD,2026-08-28T20:36:20.023584Z,1.3795,1.3797,0.0002,1.3796,-0.4657623438845599291916316668
XRP-USD,2026-08-28T20:36:20.03465Z,1.3795,1.3797,0.0002,1.3796,-0.4656595394374451671886483400
XRP-USD,2026-08-28T20:36:20.096143Z,1.3795,1.3797,0.0002,1.3796,-0.4656595394374451671886483400
XRP-USD,2026-08-28T20:36:20.142637Z,1.3795,1.3797,0.0002,1.3796,-0.4656595394374451671886483400
XRP-USD,2026-08-28T20:36:20.206457Z,1.3795,1.3797,0.0002,1.3796,-0.4819192855548845227515471240
XRP-USD,2026-08-28T20:36:20.277419Z,1.3795,1.3797,0.0002,1.3796,-0.4820226402274030262845952240
XRP-USD,2026-08-28T20:36:20.294154Z,1.3795,1.3797,0.0002,1.3796,-0.4820226402274030262845952240
XRP-USD,2026-08-28T20:36:20.310683Z,1.3795,1.3797,0.0002,1.3796,-0.4820226402274030262845952240
XRP-USD,2026-08-28T20:36:20.399536Z,1.3795,1.3797,0.0002,1.3796,-0.4820226402274030262845952240
XRP-USD,2026-08-28T20:36:20.464778Z,1.3795,1.3797,0.0002,1.3796,-0.4820226402274030262845952240
XRP-USD,2026-08-28T20:36:20.507143Z,1.3795,1.3797,0.0002,1.3796,-0.4820226402274030262845952240
XRP-USD,2026-08-28T20:36:20.626033Z,1.3795,1.3797,0.0002,1.3796,-0.4820226402274030262845952240
XRP-USD,2026-08-28T20:36:20.725425Z,1.3795,1.3797,0.0002,1.3796,-0.5018660290369675135773981157
XRP-USD,2026-08-28T20:36:20.769381Z,1.3794,1.3796,0.0002,1.3795,-0.3315561735108738828556335769
XRP-USD,2026-08-28T20:36:20.784414Z,1.3794,1.3796,0.0002,1.3795,-0.3494631087064717800824075199
XRP-USD,2026-08-28T20:36:20.896268Z,1.3794,1.3796,0.0002,1.3795,-0.3592855799353334012449060357
XRP-USD,2026-08-28T20:36:20.97442Z,1.3794,1.3796,0.0002,1.3795,-0.3576464077579950001854801116
XRP-USD,2026-08-28T20:36:21.019775Z,1.3794,1.3796,0.0002,1.3795,-0.3576464077579950001854801116
XRP-USD,2026-08-28T20:36:21.062462Z,1.3794,1.3796,0.0002,1.3795,-0.3597517941373677367554339252
XRP-USD,2026-08-28T20:36:21.098488Z,1.3794,1.3796,0.0002,1.3795,-0.6211640660662437153513686072
XRP-USD,2026-08-28T20:36:21.181145Z,1.3794,1.3796,0.0002,1.3795,-0.6136875179477105222022914541
XRP-USD,2026-08-28T20:36:21.2238Z,1.3794,1.3796,0.0002,1.3795,-0.6086260915005233401715339883
XRP-USD,2026-08-28T20:36:21.323748Z,1.3794,1.3796,0.0002,1.3795,-0.6086933195540455744255369463
XRP-USD,2026-08-28T20:36:21.329876Z,1.3794,1.3796,0.0002,1.3795,-0.6325550720166381434091666988
XRP-USD,2026-08-28T20:36:21.447333Z,1.3794,1.3796,0.0002,1.3795,-0.6325550720166381434091666988
XRP-USD,2026-08-28T20:36:21.491046Z,1.3794,1.3796,0.0002,1.3795,-0.6272039461755091928806717695
XRP-USD,2026-08-28T20:36:21.668466Z,1.3794,1.3796,0.0002,1.3795,-0.6512830258236430150292329428
XRP-USD,2026-08-28T20:36:21.701249Z,1.3794,1.3796,0.0002,1.3795,-0.6461455211395023630154914826
XRP-USD,2026-08-28T20:36:21.782058Z,1.3794,1.3796,0.0002,1.3795,-0.6461455211395023630154914826
XRP-USD,2026-08-28T20:36:21.84731Z,1.3794,1.3796,0.0002,1.3795,-0.6512830258236430150292329428
XRP-USD,2026-08-28T20:36:22.000921Z,1.3794,1.3796,0.0002,1.3795,-0.6325550720166381434091666988
XRP-USD,2026-08-28T20:36:22.0346Z,1.3794,1.3796,0.0002,1.3795,-0.6380610074181699773981413050
XRP-USD,2026-08-28T20:36:22.115061Z,1.3794,1.3796,0.0002,1.3795,-0.6584751398192236344119419778
XRP-USD,2026-08-28T20:36:22.16102Z,1.3794,1.3796,0.0002,1.3795,-0.6068654916192025170914825663
XRP-USD,2026-08-28T20:36:22.224874Z,1.3794,1.3796,0.0002,1.3795,-0.6068654916192025170914825663
XRP-USD,2026-08-28T20:36:22.271064Z,1.3794,1.3796,0.0002,1.3795,-0.6068654916192025170914825663
XRP-USD,2026-08-28T20:36:22.287594Z,1.3794,1.3796,0.0002,1.3795,-0.6003971379821969513638576741
XRP-USD,2026-08-28T20:36:22.378029Z,1.3795,1.3797,0.0002,1.3796,-0.6925396321061405398137099581
XRP-USD,2026-08-28T20:36:22.454023Z,1.3795,1.3797,0.0002,1.3796,-0.6925396321061405398137099581
XRP-USD,2026-08-28T20:36:22.501968Z,1.3795,1.3797,0.0002,1.3796,-0.6937131774285306878695778561
XRP-USD,2026-08-28T20:36:22.616559Z,1.3795,1.3797,0.0002,1.3796,-0.6937131774285306878695778561
XRP-USD,2026-08-28T20:36:22.680095Z,1.3795,1.3797,0.0002,1.3796,-0.6745385414974237118509130553
XRP-USD,2026-08-28T20:36:22.819374Z,1.3795,1.3797,0.0002,1.3796,-0.6700336755283116820315325254
XRP-USD,2026-08-28T20:36:22.855331Z,1.3796,1.3797,0.0001,1.37965,-0.6091305154107031590208512022
XRP-USD,2026-08-28T20:36:22.988126Z,1.3795,1.3797,0.0002,1.3796,-0.5640626873351869053576501433
XRP-USD,2026-08-28T20:36:22.997931Z,1.3795,1.3797,0.0002,1.3796,-0.5980362660020354041246956112
XRP-USD,2026-08-28T20:36:23.076278Z,1.3795,1.3797,0.0002,1.3796,-0.5716414931607401792861297184
XRP-USD,2026-08-28T20:36:23.121386Z,1.3795,1.3797,0.0002,1.3796,-0.5716414931607401792861297184
XRP-USD,2026-08-28T20:36:23.161993Z,1.3796,1.3797,0.0001,1.37965,-0.4619785736820344181183357572
XRP-USD,2026-08-28T20:36:23.22595Z,1.3797,1.3798,0.0001,1.37975,-0.5743894761607233268026924343
XRP-USD,2026-08-28T20:36:23.259853Z,1.3797,1.3798,0.0001,1.37975,-0.5270257829818185937048378581
XRP-USD,2026-08-28T20:36:23.320638Z,1.3797,1.3798,0.0001,1.37975,-0.3554332886709780457559970215
XRP-USD,2026-08-28T20:36:23.330254Z,1.3797,1.3798,0.0001,1.37975,-0.3807536911360258428097276163
XRP-USD,2026-08-28T20:36:23.42868Z,1.3797,1.3798,0.0001,1.37975,-0.4688453026958400504575473711
XRP-USD,2026-08-28T20:36:23.479612Z,1.3797,1.3798,0.0001,1.37975,-0.5654974737210111783141094239
XRP-USD,2026-08-28T20:36:23.526826Z,1.3795,1.3797,0.0002,1.3796,-0.5314947000263542827055678033
XRP-USD,2026-08-28T20:36:23.576048Z,1.3795,1.3797,0.0002,1.3796,-0.4776312693368670680615251399
XRP-USD,2026-08-28T20:36:23.621307Z,1.3796,1.3798,0.0002,1.3797,-0.6231275937470969590490693192
XRP-USD,2026-08-28T20:36:23.676024Z,1.3795,1.3796,0.0001,1.37955,-0.5142508937998808443652305113
XRP-USD,2026-08-28T20:36:23.722289Z,1.3795,1.3796,0.0001,1.37955,-0.6093984870465238439914907931
XRP-USD,2026-08-28T20:36:23.77539Z,1.3795,1.3796,0.0001,1.37955,-0.6093984870465238439914907931
XRP-USD,2026-08-28T20:36:23.806504Z,1.3795,1.3796,0.0001,1.37955,-0.6213056518857847758300222376
XRP-USD,2026-08-28T20:36:23.915393Z,1.3795,1.3796,0.0001,1.37955,-0.6079183468183890091868706004
XRP-USD,2026-08-28T20:36:23.982234Z,1.3792,1.3794,0.0002,1.3793,0.1361184523211716417948581493
XRP-USD,2026-08-28T20:36:24.018166Z,1.3792,1.3794,0.0002,1.3793,-0.05651372359897862743406275148
XRP-USD,2026-08-28T20:36:24.069729Z,1.3792,1.3794,0.0002,1.3793,-0.5832579492239294209952846648
XRP-USD,2026-08-28T20:36:24.116622Z,1.3792,1.3794,0.0002,1.3793,-0.6408858192068749520181513614
XRP-USD,2026-08-28T20:36:24.16976Z,1.3792,1.3794,0.0002,1.3793,-0.6443160908025556670904862852
XRP-USD,2026-08-28T20:36:24.226558Z,1.3792,1.3794,0.0002,1.3793,-0.6609971456306547534124867946
XRP-USD,2026-08-28T20:36:24.264729Z,1.3792,1.3794,0.0002,1.3793,-0.6609971456306547534124867946
XRP-USD,2026-08-28T20:36:24.325845Z,1.3792,1.3794,0.0002,1.3793,-0.5341099366448379638372297799
XRP-USD,2026-08-28T20:36:24.364471Z,1.3792,1.3794,0.0002,1.3793,-0.4781658836061242712817236160
XRP-USD,2026-08-28T20:36:24.46014Z,1.3792,1.3794,0.0002,1.3793,-0.4800601363597691007256734051
XRP-USD,2026-08-28T20:36:24.523722Z,1.3792,1.3794,0.0002,1.3793,-0.4600259540903285571640992838
XRP-USD,2026-08-28T20:36:24.556597Z,1.3792,1.3794,0.0002,1.3793,-0.4909908655151473282770309828
XRP-USD,2026-08-28T20:36:24.62036Z,1.3792,1.3794,0.0002,1.3793,-0.3867176070781484158445697817
XRP-USD,2026-08-28T20:36:24.665097Z,1.3792,1.3794,0.0002,1.3793,-0.3483266438926735016256341337
XRP-USD,2026-08-28T20:36:24.699856Z,1.3792,1.3794,0.0002,1.3793,-0.3456960040392879426871855912
XRP-USD,2026-08-28T20:36:24.77096Z,1.3793,1.3794,0.0001,1.37935,-0.3314675095175513553437455024
XRP-USD,2026-08-28T20:36:24.814669Z,1.3793,1.3794,0.0001,1.37935,-0.3490700886774883108127595188
XRP-USD,2026-08-28T20:36:24.854293Z,1.3793,1.3794,0.0001,1.37935,-0.3490700886774883108127595188
XRP-USD,2026-08-28T20:36:24.91231Z,1.3793,1.3794,0.0001,1.37935,-0.3442844761303144252995635450
XRP-USD,2026-08-28T20:36:25.024911Z,1.3793,1.3794,0.0001,1.37935,-0.3442844761303144252995635450
XRP-USD,2026-08-28T20:36:25.213037Z,1.3793,1.3794,0.0001,1.37935,-0.3485112512790125295498082812
XRP-USD,2026-08-28T20:36:25.299088Z,1.3793,1.3794,0.0001,1.37935,-0.3745351244040785229265510213
XRP-USD,2026-08-28T20:36:25.424714Z,1.3793,1.3794,0.0001,1.37935,-0.3745351244040785229265510213
XRP-USD,2026-08-28T20:36:25.447768Z,1.3793,1.3794,0.0001,1.37935,-0.3745351244040785229265510213
XRP-USD,2026-08-28T20:36:25.529292Z,1.3793,1.3794,0.0001,1.37935,-0.3961870116886999931366112539
XRP-USD,2026-08-28T20:36:25.621972Z,1.3793,1.3794,0.0001,1.37935,-0.3962520852335738377109739879
XRP-USD,2026-08-28T20:36:25.66428Z,1.3793,1.3794,0.0001,1.37935,-0.3962520852335738377109739879
XRP-USD,2026-08-28T20:36:25.71426Z,1.3793,1.3794,0.0001,1.37935,-0.3962520852335738377109739879
XRP-USD,2026-08-28T20:36:25.776754Z,1.3793,1.3794,0.0001,1.37935,-0.3902251804662774489260307234
XRP-USD,2026-08-28T20:36:25.833575Z,1.3793,1.3794,0.0001,1.37935,-0.3902251804662774489260307234
XRP-USD,2026-08-28T20:36:25.87686Z,1.3793,1.3794,0.0001,1.37935,-0.3738633411040108918834960001
XRP-USD,2026-08-28T20:36:25.911022Z,1.3793,1.3794,0.0001,1.37935,-0.3738633411040108918834960001
XRP-USD,2026-08-28T20:36:25.980337Z,1.3793,1.3794,0.0001,1.37935,-0.4268795754712034580572546273
XRP-USD,2026-08-28T20:36:26.030829Z,1.3793,1.3794,0.0001,1.37935,-0.4267737652070097167112919202
XRP-USD,2026-08-28T20:36:26.062046Z,1.3793,1.3794,0.0001,1.37935,-0.4444328540229505951657911743
XRP-USD,2026-08-28T20:36:26.164987Z,1.3793,1.3794,0.0001,1.37935,-0.4444328540229505951657911743
XRP-USD,2026-08-28T20:36:26.196381Z,1.3793,1.3794,0.0001,1.37935,-0.4444328540229505951657911743
XRP-USD,2026-08-28T20:36:26.273035Z,1.3793,1.3794,0.0001,1.37935,-0.4444328540229505951657911743
XRP-USD,2026-08-28T20:36:26.283446Z,1.3793,1.3794,0.0001,1.37935,-0.4444328540229505951657911743
XRP-USD,2026-08-28T20:36:26.361901Z,1.3793,1.3794,0.0001,1.37935,-0.4345925331918137319063927353
XRP-USD,2026-08-28T20:36:26.518011Z,1.3793,1.3794,0.0001,1.37935,-0.4167469621354378602164025785
XRP-USD,2026-08-28T20:36:26.543293Z,1.3793,1.3794,0.0001,1.37935,-0.4213485345640464528189451729
XRP-USD,2026-08-28T20:36:26.720824Z,1.3793,1.3794,0.0001,1.37935,-0.4214506528389867525082225905
XRP-USD,2026-08-28T20:36:26.783395Z,1.3793,1.3794,0.0001,1.37935,-0.4109597992998256919562129800
XRP-USD,2026-08-28T20:36:26.833282Z,1.3793,1.3794,0.0001,1.37935,-0.4109597992998256919562129800
XRP-USD,2026-08-28T20:36:26.877611Z,1.3793,1.3794,0.0001,1.37935,-0.4109597992998256919562129800
XRP-USD,2026-08-28T20:36:26.892115Z,1.3793,1.3794,0.0001,1.37935,-0.4109597992998256919562129800
XRP-USD,2026-08-28T20:36:26.986834Z,1.3793,1.3794,0.0001,1.37935,-0.4109597992998256919562129800
XRP-USD,2026-08-28T20:36:27.02802Z,1.3793,1.3794,0.0001,1.37935,-0.4109597992998256919562129800
XRP-USD,2026-08-28T20:36:27.066365Z,1.3793,1.3794,0.0001,1.37935,-0.4273762128695067982040841917
XRP-USD,2026-08-28T20:36:27.119904Z,1.3793,1.3794,0.0001,1.37935,-0.4273762128695067982040841917
XRP-USD,2026-08-28T20:36:27.141288Z,1.3793,1.3794,0.0001,1.37935,-0.4273762128695067982040841917
XRP-USD,2026-08-28T20:36:27.192202Z,1.3793,1.3794,0.0001,1.37935,-0.4273762128695067982040841917
XRP-USD,2026-08-28T20:36:27.272856Z,1.3793,1.3794,0.0001,1.37935,-0.4273762128695067982040841917
XRP-USD,2026-08-28T20:36:27.293723Z,1.3793,1.3794,0.0001,1.37935,-0.4059590781169028293797237401
XRP-USD,2026-08-28T20:36:27.345109Z,1.3793,1.3794,0.0001,1.37935,-0.4059590781169028293797237401
XRP-USD,2026-08-28T20:36:27.364108Z,1.3793,1.3794,0.0001,1.37935,-0.4059590781169028293797237401
XRP-USD,2026-08-28T20:36:27.446274Z,1.3793,1.3794,0.0001,1.37935,-0.4059590781169028293797237401
XRP-USD,2026-08-28T20:36:27.52233Z,1.3793,1.3794,0.0001,1.37935,-0.4059590781169028293797237401
XRP-USD,2026-08-28T20:36:27.541317Z,1.3793,1.3794,0.0001,1.37935,-0.4059590781169028293797237401
XRP-USD,2026-08-28T20:36:27.604443Z,1.3793,1.3794,0.0001,1.37935,-0.4059590781169028293797237401
XRP-USD,2026-08-28T20:36:27.637633Z,1.3793,1.3794,0.0001,1.37935,-0.4281546246976594279520377445
XRP-USD,2026-08-28T20:36:27.708801Z,1.3793,1.3794,0.0001,1.37935,-0.4111605761505339476113001832
XRP-USD,2026-08-28T20:36:27.759255Z,1.3793,1.3794,0.0001,1.37935,-0.4273450680320438996787794404
XRP-USD,2026-08-28T20:36:27.844959Z,1.3793,1.3794,0.0001,1.37935,-0.4273450680320438996787794404
XRP-USD,2026-08-28T20:36:27.879579Z,1.3793,1.3794,0.0001,1.37935,-0.4674394031963734204421008840
XRP-USD,2026-08-28T20:36:27.977488Z,1.3793,1.3794,0.0001,1.37935,-0.4500601137379059884919530742
XRP-USD,2026-08-28T20:36:28.020787Z,1.3793,1.3794,0.0001,1.37935,-0.4500601137379059884919530742
XRP-USD,2026-08-28T20:36:28.075428Z,1.3793,1.3794,0.0001,1.37935,-0.4499583440291638490743771160
XRP-USD,2026-08-28T20:36:28.225645Z,1.3793,1.3794,0.0001,1.37935,-0.4499583440291638490743771160
XRP-USD,2026-08-28T20:36:28.280417Z,1.3793,1.3794,0.0001,1.37935,-0.4499583440291638490743771160
XRP-USD,2026-08-28T20:36:28.373328Z,1.3793,1.3794,0.0001,1.37935,-0.2606594590358629475109920299
XRP-USD,2026-08-28T20:36:28.384089Z,1.3793,1.3794,0.0001,1.37935,-0.1769274486574168560496923463
XRP-USD,2026-08-28T20:36:28.475365Z,1.3793,1.3794,0.0001,1.37935,-0.1769274486574168560496923463
XRP-USD,2026-08-28T20:36:28.531322Z,1.3793,1.3794,0.0001,1.37935,-0.1769274486574168560496923463
XRP-USD,2026-08-28T20:36:28.576636Z,1.3793,1.3794,0.0001,1.37935,0.1165228829656459032868937149
XRP-USD,2026-08-28T20:36:28.623154Z,1.3794,1.3796,0.0002,1.3795,-0.3736784360690121849156539304
XRP-USD,2026-08-28T20:36:28.671466Z,1.3794,1.3796,0.0002,1.3795,-0.4156266805853448645460140166
XRP-USD,2026-08-28T20:36:28.723482Z,1.3794,1.3796,0.0002,1.3795,-0.4156266805853448645460140166
XRP-USD,2026-08-28T20:36:28.73227Z,1.3794,1.3796,0.0002,1.3795,-0.3991490063322577665198248267
XRP-USD,2026-08-28T20:36:28.814859Z,1.3794,1.3796,0.0002,1.3795,-0.3991490063322577665198248267
XRP-USD,2026-08-28T20:36:28.839854Z,1.3794,1.3796,0.0002,1.3795,-0.3991490063322577665198248267
XRP-USD,2026-08-28T20:36:28.897177Z,1.3794,1.3796,0.0002,1.3795,-0.4080653962844024880394210959
XRP-USD,2026-08-28T20:36:28.967771Z,1.3794,1.3796,0.0002,1.3795,-0.4263427742057103608696348528
XRP-USD,2026-08-28T20:36:29.025306Z,1.3794,1.3796,0.0002,1.3795,-0.4263427742057103608696348528
XRP-USD,2026-08-28T20:36:29.029771Z,1.3794,1.3796,0.0002,1.3795,-0.4263427742057103608696348528
XRP-USD,2026-08-28T20:36:29.08264Z,1.3794,1.3796,0.0002,1.3795,-0.4263427742057103608696348528
XRP-USD,2026-08-28T20:36:29.172613Z,1.3794,1.3796,0.0002,1.3795,-0.4340602085488399987825490318
XRP-USD,2026-08-28T20:36:29.276449Z,1.3794,1.3796,0.0002,1.3795,-0.4340602085488399987825490318
XRP-USD,2026-08-28T20:36:29.314138Z,1.3794,1.3796,0.0002,1.3795,-0.4340602085488399987825490318
XRP-USD,2026-08-28T20:36:29.462763Z,1.3794,1.3796,0.0002,1.3795,-0.4340602085488399987825490318
XRP-USD,2026-08-28T20:36:29.618234Z,1.3794,1.3796,0.0002,1.3795,-0.4340602085488399987825490318
XRP-USD,2026-08-28T20:36:29.65661Z,1.3794,1.3796,0.0002,1.3795,-0.4525446982307388055539390325
XRP-USD,2026-08-28T20:36:29.728491Z,1.3794,1.3796,0.0002,1.3795,-0.4525446982307388055539390325
XRP-USD,2026-08-28T20:36:29.774749Z,1.3794,1.3796,0.0002,1.3795,-0.4525446982307388055539390325
XRP-USD,2026-08-28T20:36:29.812129Z,1.3794,1.3796,0.0002,1.3795,-0.4525446982307388055539390325
XRP-USD,2026-08-28T20:36:29.868648Z,1.3794,1.3796,0.0002,1.3795,-0.4637241699117470696921512927
XRP-USD,2026-08-28T20:36:29.927164Z,1.3794,1.3796,0.0002,1.3795,-0.4637241699117470696921512927
XRP-USD,2026-08-28T20:36:30.02677Z,1.3794,1.3796,0.0002,1.3795,-0.4636522731388950284508139820
XRP-USD,2026-08-28T20:36:30.078954Z,1.3794,1.3796,0.0002,1.3795,-0.4636522731388950284508139820
XRP-USD,2026-08-28T20:36:30.084345Z,1.3794,1.3796,0.0002,1.3795,-0.4637241699117470696921512927
XRP-USD,2026-08-28T20:36:30.159237Z,1.3794,1.3796,0.0002,1.3795,-0.4637241699117470696921512927
XRP-USD,2026-08-28T20:36:30.237839Z,1.3794,1.3796,0.0002,1.3795,-0.4637241699117470696921512927
XRP-USD,2026-08-28T20:36:30.393002Z,1.3794,1.3796,0.0002,1.3795,-0.4637241699117470696921512927
XRP-USD,2026-08-28T20:36:30.524797Z,1.3794,1.3796,0.0002,1.3795,-0.4637241699117470696921512927
XRP-USD,2026-08-28T20:36:30.574041Z,1.3794,1.3796,0.0002,1.3795,-0.4637241699117470696921512927
XRP-USD,2026-08-28T20:36:30.594735Z,1.3794,1.3796,0.0002,1.3795,-0.4637241699117470696921512927
XRP-USD,2026-08-28T20:36:30.709402Z,1.3794,1.3796,0.0002,1.3795,-0.4637241699117470696921512927
XRP-USD,2026-08-28T20:36:30.830665Z,1.3794,1.3796,0.0002,1.3795,-0.4637241699117470696921512927
XRP-USD,2026-08-28T20:36:30.865251Z,1.3794,1.3796,0.0002,1.3795,-0.4637241699117470696921512927
XRP-USD,2026-08-28T20:36:30.894813Z,1.3794,1.3796,0.0002,1.3795,-0.4637241699117470696921512927
XRP-USD,2026-08-28T20:36:30.95456Z,1.3794,1.3796,0.0002,1.3795,-0.4637241699117470696921512927
XRP-USD,2026-08-28T20:36:31.021466Z,1.3794,1.3796,0.0002,1.3795,-0.4637241699117470696921512927
XRP-USD,2026-08-28T20:36:31.066425Z,1.3794,1.3796,0.0002,1.3795,-0.4635739723297644938150698560
XRP-USD,2026-08-28T20:36:31.170321Z,1.3794,1.3796,0.0002,1.3795,-0.4636458757524486952779469486
XRP-USD,2026-08-28T20:36:31.214504Z,1.3794,1.3796,0.0002,1.3795,-0.4636458757524486952779469486
XRP-USD,2026-08-28T20:36:31.246474Z,1.3794,1.3796,0.0002,1.3795,-0.4636458757524486952779469486
XRP-USD,2026-08-28T20:36:31.319063Z,1.3794,1.3796,0.0002,1.3795,-0.4636458757524486952779469486
XRP-USD,2026-08-28T20:36:31.415272Z,1.3794,1.3796,0.0002,1.3795,-0.4684970015232474614429194615
XRP-USD,2026-08-28T20:36:31.476386Z,1.3794,1.3796,0.0002,1.3795,-0.4555345155027519038127493028
XRP-USD,2026-08-28T20:36:31.502337Z,1.3794,1.3796,0.0002,1.3795,-0.4555345155027519038127493028
XRP-USD,2026-08-28T20:36:31.54632Z,1.3794,1.3796,0.0002,1.3795,-0.4555345155027519038127493028
XRP-USD,2026-08-28T20:36:31.625597Z,1.3794,1.3796,0.0002,1.3795,-0.4555345155027519038127493028
XRP-USD,2026-08-28T20:36:31.781717Z,1.3794,1.3796,0.0002,1.3795,-0.4555345155027519038127493028
XRP-USD,2026-08-28T20:36:31.838818Z,1.3795,1.3796,0.0001,1.37955,-0.5557643991171825340395346521
XRP-USD,2026-08-28T20:36:31.880973Z,1.3795,1.3796,0.0001,1.37955,-0.5345909898155731842682117863
XRP-USD,2026-08-28T20:36:31.934624Z,1.3795,1.3796,0.0001,1.37955,-0.4923360990151040881649172407
XRP-USD,2026-08-28T20:36:31.986688Z,1.3795,1.3796,0.0001,1.37955,-0.2830457123271720501699581844
XRP-USD,2026-08-28T20:36:32.024211Z,1.3796,1.3798,0.0002,1.3797,-0.5674315571293010669820086693
XRP-USD,2026-08-28T20:36:32.083619Z,1.3796,1.3798,0.0002,1.3797,-0.5133611651685902294032307322
XRP-USD,2026-08-28T20:36:32.108071Z,1.3796,1.3798,0.0002,1.3797,-0.5299729175331103513207013093
XRP-USD,2026-08-28T20:36:32.171274Z,1.3796,1.3798,0.0002,1.3797,-0.5538970548609837246172793629
XRP-USD,2026-08-28T20:36:32.206328Z,1.3796,1.3798,0.0002,1.3797,-0.5539524930690462816149415475
XRP-USD,2026-08-28T20:36:32.275194Z,1.3796,1.3798,0.0002,1.3797,-0.5539524930690462816149415475
XRP-USD,2026-08-28T20:36:32.302245Z,1.3796,1.3798,0.0002,1.3797,-0.5668484341498258843844257331
XRP-USD,2026-08-28T20:36:32.379635Z,1.3796,1.3798,0.0002,1.3797,-0.5676198490543189240367116797
XRP-USD,2026-08-28T20:36:32.450018Z,1.3796,1.3798,0.0002,1.3797,-0.5762065460049465372304075599
XRP-USD,2026-08-28T20:36:32.53671Z,1.3796,1.3798,0.0002,1.3797,-0.5762065460049465372304075599
XRP-USD,2026-08-28T20:36:32.713422Z,1.3796,1.3798,0.0002,1.3797,-0.5635116026716321743410303745
XRP-USD,2026-08-28T20:36:32.746159Z,1.3796,1.3798,0.0002,1.3797,-0.5635116026716321743410303745
XRP-USD,2026-08-28T20:36:32.845153Z,1.3796,1.3798,0.0002,1.3797,-0.5635116026716321743410303745
XRP-USD,2026-08-28T20:36:32.919118Z,1.3796,1.3798,0.0002,1.3797,-0.5817053885959681455459102855
XRP-USD,2026-08-28T20:36:33.023977Z,1.3796,1.3798,0.0002,1.3797,-0.5817053885959681455459102855
XRP-USD,2026-08-28T20:36:33.059286Z,1.3796,1.3798,0.0002,1.3797,-0.5907165818105866555706218606
XRP-USD,2026-08-28T20:36:33.117627Z,1.3796,1.3798,0.0002,1.3797,-0.5907165818105866555706218606
XRP-USD,2026-08-28T20:36:33.182673Z,1.3796,1.3798,0.0002,1.3797,-0.5907165818105866555706218606
XRP-USD,2026-08-28T20:36:33.262147Z,1.3796,1.3798,0.0002,1.3797,-0.5907658428898076201446692665
XRP-USD,2026-08-28T20:36:33.329507Z,1.3796,1.3798,0.0002,1.3797,-0.5607091277688798730730381162
XRP-USD,2026-08-28T20:36:33.371615Z,1.3797,1.3798,0.0001,1.37975,-0.4028960255002214232112041942
XRP-USD,2026-08-28T20:36:33.424532Z,1.3797,1.3798,0.0001,1.37975,-0.4028960255002214232112041942
XRP-USD,2026-08-28T20:36:33.459686Z,1.3797,1.3798,0.0001,1.37975,-0.4028960255002214232112041942
XRP-USD,2026-08-28T20:36:33.492885Z,1.3797,1.3798,0.0001,1.37975,-0.4154692462283150955973638752
XRP-USD,2026-08-28T20:36:33.541968Z,1.3797,1.3798,0.0001,1.37975,-0.4154692462283150955973638752
XRP-USD,2026-08-28T20:36:33.617104Z,1.3797,1.3798,0.0001,1.37975,-0.4154692462283150955973638752
XRP-USD,2026-08-28T20:36:33.633491Z,1.3797,1.3798,0.0001,1.37975,-0.4154692462283150955973638752
XRP-USD,2026-08-28T20:36:33.765829Z,1.3797,1.3798,0.0001,1.37975,-0.4154692462283150955973638752
XRP-USD,2026-08-28T20:36:33.877067Z,1.3797,1.3798,0.0001,1.37975,-0.4007217445991063406661586054
XRP-USD,2026-08-28T20:36:33.881352Z,1.3797,1.3798,0.0001,1.37975,-0.4007217445991063406661586054
XRP-USD,2026-08-28T20:36:33.998687Z,1.3797,1.3798,0.0001,1.37975,-0.4007217445991063406661586054
XRP-USD,2026-08-28T20:36:34.075397Z,1.3797,1.3798,0.0001,1.37975,-0.3919293532443131371679608565
XRP-USD,2026-08-28T20:36:34.132093Z,1.3798,1.38,0.0002,1.3799,-0.6073640874060336757219160403
XRP-USD,2026-08-28T20:36:34.162668Z,1.3798,1.38,0.0002,1.3799,-0.3578124097619424854133214157
XRP-USD,2026-08-28T20:36:34.323726Z,1.3795,1.3798,0.0003,1.37965,-0.4150687460815615091641320682
XRP-USD,2026-08-28T20:36:34.374971Z,1.3794,1.3796,0.0002,1.3795,-0.2701659807966479010881987914
XRP-USD,2026-08-28T20:36:34.42587Z,1.3794,1.3796,0.0002,1.3795,-0.4895042051513489315469583276
XRP-USD,2026-08-28T20:36:34.466951Z,1.3795,1.3796,0.0001,1.37955,-0.6954232373255712867340000356
XRP-USD,2026-08-28T20:36:34.491576Z,1.3795,1.3796,0.0001,1.37955,-0.6390870774195087869280135144
XRP-USD,2026-08-28T20:36:34.575385Z,1.3795,1.3796,0.0001,1.37955,-0.6679804995074072780423743682
XRP-USD,2026-08-28T20:36:34.583822Z,1.3795,1.3796,0.0001,1.37955,-0.6690857328015997623619812035
XRP-USD,2026-08-28T20:36:34.677751Z,1.3795,1.3796,0.0001,1.37955,-0.6612375082081635459555529850
XRP-USD,2026-08-28T20:36:34.725828Z,1.3795,1.3796,0.0001,1.37955,-0.6612375082081635459555529850
XRP-USD,2026-08-28T20:36:34.770639Z,1.3795,1.3796,0.0001,1.37955,-0.6612375082081635459555529850
XRP-USD,2026-08-28T20:36:34.818905Z,1.3796,1.3798,0.0002,1.3797,-0.6812838315850909030168282776
XRP-USD,2026-08-28T20:36:34.867131Z,1.3796,1.3798,0.0002,1.3797,-0.6842790497298285407672576287
XRP-USD,2026-08-28T20:36:34.92342Z,1.3796,1.3798,0.0002,1.3797,-0.6842790497298285407672576287
XRP-USD,2026-08-28T20:36:34.970923Z,1.3795,1.3798,0.0003,1.37965,-0.4901248413532088547526587407
XRP-USD,2026-08-28T20:36:35.026945Z,1.3795,1.3798,0.0003,1.37965,-0.4915764561027672366266763418
XRP-USD,2026-08-28T20:36:35.082682Z,1.3795,1.3797,0.0002,1.3796,-0.6248723565272261134499140457
XRP-USD,2026-08-28T20:36:35.123741Z,1.3796,1.3798,0.0002,1.3797,-0.7413623891542954571499891306
XRP-USD,2026-08-28T20:36:35.178943Z,1.3796,1.3797,0.0001,1.37965,-0.7137806534541842399217860597
XRP-USD,2026-08-28T20:36:35.234933Z,1.3796,1.3798,0.0002,1.3797,-0.4638270677261358406035708519
XRP-USD,2026-08-28T20:36:35.262045Z,1.3796,1.3798,0.0002,1.3797,-0.4775854274910218222469795951
XRP-USD,2026-08-28T20:36:35.301762Z,1.3796,1.3797,0.0001,1.37965,-0.5312657068454687840043642892
XRP-USD,2026-08-28T20:36:35.436422Z,1.3795,1.3796,0.0001,1.37955,-0.7022327520028649172384660250
XRP-USD,2026-08-28T20:36:35.49719Z,1.3795,1.3796,0.0001,1.37955,-0.6098614640851849822496030357
XRP-USD,2026-08-28T20:36:35.572167Z,1.3795,1.3796,0.0001,1.37955,-0.6178230560430657845597282857
XRP-USD,2026-08-28T20:36:35.61781Z,1.3794,1.3796,0.0002,1.3795,-0.4099277493902082194395524872
XRP-USD,2026-08-28T20:36:35.666803Z,1.3794,1.3796,0.0002,1.3795,-0.3935775355989380280187114875
XRP-USD,2026-08-28T20:36:35.74875Z,1.3794,1.3796,0.0002,1.3795,-0.4008617524852447500778597485
XRP-USD,2026-08-28T20:36:35.844606Z,1.3794,1.3796,0.0002,1.3795,-0.3876914588519027036438941104
XRP-USD,2026-08-28T20:36:35.893952Z,1.3794,1.3796,0.0002,1.3795,-0.3876914588519027036438941104
XRP-USD,2026-08-28T20:36:35.973199Z,1.3794,1.3796,0.0002,1.3795,-0.5429016987254068731414976249
XRP-USD,2026-08-28T20:36:36.000845Z,1.3794,1.3796,0.0002,1.3795,-0.5429016987254068731414976249
XRP-USD,2026-08-28T20:36:36.047938Z,1.3794,1.3796,0.0002,1.3795,-0.4293603101174765363635294776
XRP-USD,2026-08-28T20:36:36.104171Z,1.3794,1.3796,0.0002,1.3795,-0.4293603101174765363635294776
XRP-USD,2026-08-28T20:36:36.223975Z,1.3794,1.3796,0.0002,1.3795,-0.4293603101174765363635294776
XRP-USD,2026-08-28T20:36:36.324697Z,1.3795,1.3796,0.0001,1.37955,-0.6556194656287312559976092626
XRP-USD,2026-08-28T20:36:36.368309Z,1.3795,1.3796,0.0001,1.37955,-0.6609620857210158360660526944
XRP-USD,2026-08-28T20:36:36.415093Z,1.3795,1.3796,0.0001,1.37955,-0.6067627924206808496155631604
XRP-USD,2026-08-28T20:36:36.459654Z,1.3795,1.3796,0.0001,1.37955,-0.6008380643653171846157913193
XRP-USD,2026-08-28T20:36:36.518729Z,1.3795,1.3796,0.0001,1.37955,-0.6008380643653171846157913193
XRP-USD,2026-08-28T20:36:36.550342Z,1.3795,1.3797,0.0002,1.3796,-0.6601649664646234049092241216
XRP-USD,2026-08-28T20:36:36.618957Z,1.3795,1.3797,0.0002,1.3796,-0.6415213003229190153184679037
XRP-USD,2026-08-28T20:36:36.798763Z,1.3795,1.3797,0.0002,1.3796,-0.6041940543849340332617253739
XRP-USD,2026-08-28T20:36:36.897564Z,1.3795,1.3796,0.0001,1.37955,-0.5422856012554489901030633117
XRP-USD,2026-08-28T20:36:37.028027Z,1.3795,1.3796,0.0001,1.37955,-0.5668703442989227033389248288
XRP-USD,2026-08-28T20:36:37.206369Z,1.3795,1.3797,0.0002,1.3796,-0.6262699333067889224386250171
XRP-USD,2026-08-28T20:36:37.269315Z,1.3795,1.3796,0.0001,1.37955,-0.5805156857993062637131867306
XRP-USD,2026-08-28T20:36:37.309215Z,1.3795,1.3796,0.0001,1.37955,-0.5616430321356594982154469719
XRP-USD,2026-08-28T20:36:37.351846Z,1.3795,1.3796,0.0001,1.37955,-0.5616430321356594982154469719
XRP-USD,2026-08-28T20:36:37.435863Z,1.3795,1.3796,0.0001,1.37955,-0.5616430321356594982154469719
XRP-USD,2026-08-28T20:36:37.505966Z,1.3795,1.3796,0.0001,1.37955,-0.5449404859220011242326721430
XRP-USD,2026-08-28T20:36:37.557369Z,1.3795,1.3796,0.0001,1.37955,-0.5449404859220011242326721430
XRP-USD,2026-08-28T20:36:37.610759Z,1.3795,1.3796,0.0001,1.37955,-0.5387588547911958990546424966
XRP-USD,2026-08-28T20:36:37.770575Z,1.3794,1.3796,0.0002,1.3795,-0.3207764847473960064405763476
XRP-USD,2026-08-28T20:36:37.824569Z,1.3794,1.3796,0.0002,1.3795,-0.3295984518712785446954339070
XRP-USD,2026-08-28T20:36:37.902844Z,1.3794,1.3796,0.0002,1.3795,-0.3295984518712785446954339070
XRP-USD,2026-08-28T20:36:37.936928Z,1.3794,1.3796,0.0002,1.3795,-0.3415245008610711727408265835
XRP-USD,2026-08-28T20:36:38.023051Z,1.3794,1.3796,0.0002,1.3795,-0.3415245008610711727408265835
XRP-USD,2026-08-28T20:36:38.044316Z,1.3795,1.3796,0.0001,1.37955,-0.5537544403137785304591225905
XRP-USD,2026-08-28T20:36:38.168585Z,1.3795,1.3796,0.0001,1.37955,-0.5370332053553150148031456643
XRP-USD,2026-08-28T20:36:38.27842Z,1.3795,1.3796,0.0001,1.37955,-0.5622377302927751584379990289
XRP-USD,2026-08-28T20:36:38.333956Z,1.3795,1.3796,0.0001,1.37955,-0.5622377302927751584379990289
XRP-USD,2026-08-28T20:36:38.367597Z,1.3795,1.3796,0.0001,1.37955,-0.5622377302927751584379990289
XRP-USD,2026-08-28T20:36:38.388715Z,1.3795,1.3796,0.0001,1.37955,-0.5622377302927751584379990289
XRP-USD,2026-08-28T20:36:38.519984Z,1.3795,1.3796,0.0001,1.37955,-0.5622377302927751584379990289
XRP-USD,2026-08-28T20:36:38.567654Z,1.3795,1.3797,0.0002,1.3796,-0.6346961210269936250500513188
XRP-USD,2026-08-28T20:36:38.619543Z,1.3795,1.3797,0.0002,1.3796,-0.6144440121668551102786483061
XRP-USD,2026-08-28T20:36:38.659568Z,1.3795,1.3797,0.0002,1.3796,-0.6144440121668551102786483061
XRP-USD,2026-08-28T20:36:38.98542Z,1.3795,1.3796,0.0001,1.37955,-0.5477246151363203155558069856
XRP-USD,2026-08-28T20:36:39.029007Z,1.3795,1.3796,0.0001,1.37955,-0.5436819733852960682489727799
XRP-USD,2026-08-28T20:36:39.193221Z,1.3795,1.3796,0.0001,1.37955,-0.5436819733852960682489727799
XRP-USD,2026-08-28T20:36:39.273809Z,1.3795,1.3797,0.0002,1.3796,-0.6119676983611974028652156581
XRP-USD,2026-08-28T20:36:39.304484Z,1.3795,1.3797,0.0002,1.3796,-0.6119676983611974028652156581
XRP-USD,2026-08-28T20:36:39.365858Z,1.3795,1.3797,0.0002,1.3796,-0.6119676983611974028652156581
XRP-USD,2026-08-28T20:36:39.415116Z,1.3795,1.3797,0.0002,1.3796,-0.5973604698707754584050732054
XRP-USD,2026-08-28T20:36:39.424549Z,1.3795,1.3797,0.0002,1.3796,-0.5973604698707754584050732054
XRP-USD,2026-08-28T20:36:39.621098Z,1.3795,1.3797,0.0002,1.3796,-0.5973604698707754584050732054
XRP-USD,2026-08-28T20:36:39.654806Z,1.3795,1.3797,0.0002,1.3796,-0.5973053679340058274494913103
XRP-USD,2026-08-28T20:36:39.699106Z,1.3795,1.3797,0.0002,1.3796,-0.6026205831042012064684330234
XRP-USD,2026-08-28T20:36:39.758092Z,1.3795,1.3797,0.0002,1.3796,-0.6026205831042012064684330234
XRP-USD,2026-08-28T20:36:39.944229Z,1.3795,1.3797,0.0002,1.3796,-0.6026205831042012064684330234
XRP-USD,2026-08-28T20:36:40.029271Z,1.3795,1.3797,0.0002,1.3796,-0.6026205831042012064684330234
XRP-USD,2026-08-28T20:36:40.074838Z,1.3795,1.3796,0.0001,1.37955,-0.5474687265711353799718848379
XRP-USD,2026-08-28T20:36:40.242505Z,1.3792,1.3795,0.0003,1.37935,0.2586801146028741035566381507
XRP-USD,2026-08-28T20:36:40.251601Z,1.3792,1.3794,0.0002,1.3793,0.3286525798565834125376438678
XRP-USD,2026-08-28T20:36:40.263719Z,1.3792,1.3794,0.0002,1.3793,0.2207895093383899842913382969
XRP-USD,2026-08-28T20:36:40.273286Z,1.3792,1.3794,0.0002,1.3793,0.3435464315385152969386926690
XRP-USD,2026-08-28T20:36:40.284988Z,1.3792,1.3794,0.0002,1.3793,0.3480951028050701049421145097
XRP-USD,2026-08-28T20:36:40.437673Z,1.3792,1.3793,0.0001,1.37925,-0.2660623751287536814215829581
XRP-USD,2026-08-28T20:36:40.541786Z,1.3793,1.3795,0.0002,1.3794,-0.3467769097653372720642789061
XRP-USD,2026-08-28T20:36:40.620249Z,1.3794,1.3795,0.0001,1.37945,-0.3873460798620192555342621514
XRP-USD,2026-08-28T20:36:40.644257Z,1.3794,1.3796,0.0002,1.3795,-0.5587115594878447676233349044
XRP-USD,2026-08-28T20:36:40.715374Z,1.3794,1.3796,0.0002,1.3795,-0.4695167930991975668299490516
XRP-USD,2026-08-28T20:36:40.781125Z,1.3794,1.3796,0.0002,1.3795,-0.4694388399563810459248999982
XRP-USD,2026-08-28T20:36:40.831708Z,1.3794,1.3796,0.0002,1.3795,-0.4177012737482128516576602339
XRP-USD,2026-08-28T20:36:40.837733Z,1.3794,1.3796,0.0002,1.3795,-0.4007757150509327456044370390
XRP-USD,2026-08-28T20:36:40.884042Z,1.3794,1.3796,0.0002,1.3795,-0.4007757150509327456044370390
XRP-USD,2026-08-28T20:36:40.924317Z,1.3794,1.3796,0.0002,1.3795,-0.4007757150509327456044370390
XRP-USD,2026-08-28T20:36:41.025123Z,1.3794,1.3796,0.0002,1.3795,-0.4007757150509327456044370390
XRP-USD,2026-08-28T20:36:41.069747Z,1.3794,1.3796,0.0002,1.3795,-0.4177012737482128516576602339
XRP-USD,2026-08-28T20:36:41.119319Z,1.3794,1.3796,0.0002,1.3795,-0.4042943997306911803135611107
XRP-USD,2026-08-28T20:36:41.139845Z,1.3794,1.3796,0.0002,1.3795,-0.4042943997306911803135611107
XRP-USD,2026-08-28T20:36:41.264624Z,1.3794,1.3796,0.0002,1.3795,-0.4188698991612145521973906765
XRP-USD,2026-08-28T20:36:41.311251Z,1.3794,1.3796,0.0002,1.3795,-0.4188698991612145521973906765
XRP-USD,2026-08-28T20:36:41.332582Z,1.3794,1.3796,0.0002,1.3795,-0.4188698991612145521973906765
XRP-USD,2026-08-28T20:36:41.408495Z,1.3794,1.3796,0.0002,1.3795,-0.5300656524261124529869225519
XRP-USD,2026-08-28T20:36:41.463704Z,1.3794,1.3796,0.0002,1.3795,-0.5300656524261124529869225519
XRP-USD,2026-08-28T20:36:41.520649Z,1.3794,1.3796,0.0002,1.3795,-0.5300656524261124529869225519
XRP-USD,2026-08-28T20:36:41.573007Z,1.3794,1.3796,0.0002,1.3795,-0.5300656524261124529869225519
XRP-USD,2026-08-28T20:36:41.606893Z,1.3794,1.3796,0.0002,1.3795,-0.5300656524261124529869225519
XRP-USD,2026-08-28T20:36:41.727375Z,1.3794,1.3796,0.0002,1.3795,-0.5300656524261124529869225519
XRP-USD,2026-08-28T20:36:41.759352Z,1.3794,1.3796,0.0002,1.3795,-0.5300656524261124529869225519
XRP-USD,2026-08-28T20:36:41.82221Z,1.3794,1.3796,0.0002,1.3795,-0.5300656524261124529869225519
XRP-USD,2026-08-28T20:36:41.875587Z,1.3794,1.3796,0.0002,1.3795,-0.5300656524261124529869225519
XRP-USD,2026-08-28T20:36:41.91077Z,1.3794,1.3796,0.0002,1.3795,-0.5346039346764848229848965265
XRP-USD,2026-08-28T20:36:41.982535Z,1.3794,1.3796,0.0002,1.3795,-0.5346039346764848229848965265
XRP-USD,2026-08-28T20:36:41.988652Z,1.3794,1.3796,0.0002,1.3795,-0.5346039346764848229848965265
XRP-USD,2026-08-28T20:36:42.068886Z,1.3794,1.3796,0.0002,1.3795,-0.5345520087182976695090748531
XRP-USD,2026-08-28T20:36:42.117048Z,1.3794,1.3796,0.0002,1.3795,-0.5055967686147514537446725893
XRP-USD,2026-08-28T20:36:42.157956Z,1.3794,1.3796,0.0002,1.3795,-0.5055182850701788017871754257
XRP-USD,2026-08-28T20:36:42.224829Z,1.3794,1.3796,0.0002,1.3795,-0.5285896001547394971600610586
XRP-USD,2026-08-28T20:36:42.276988Z,1.3794,1.3795,0.0001,1.37945,-0.4717585917436286184146402215
XRP-USD,2026-08-28T20:36:42.288988Z,1.3794,1.3795,0.0001,1.37945,-0.4717585917436286184146402215
XRP-USD,2026-08-28T20:36:42.352912Z,1.3794,1.3795,0.0001,1.37945,-0.4717585917436286184146402215
XRP-USD,2026-08-28T20:36:42.397034Z,1.3794,1.3795,0.0001,1.37945,-0.4717585917436286184146402215
XRP-USD,2026-08-28T20:36:42.584364Z,1.3794,1.3795,0.0001,1.37945,-0.4717585917436286184146402215
XRP-USD,2026-08-28T20:36:42.626882Z,1.3794,1.3795,0.0001,1.37945,-0.4717585917436286184146402215
XRP-USD,2026-08-28T20:36:42.683945Z,1.3794,1.3795,0.0001,1.37945,-0.4717585917436286184146402215
XRP-USD,2026-08-28T20:36:42.853841Z,1.3794,1.3795,0.0001,1.37945,-0.4714629299791006562039132938
XRP-USD,2026-08-28T20:36:42.980475Z,1.3794,1.3795,0.0001,1.37945,-0.4582261495357354785961560019
XRP-USD,2026-08-28T20:36:43.021109Z,1.3794,1.3795,0.0001,1.37945,-0.4582261495357354785961560019
XRP-USD,2026-08-28T20:36:43.083889Z,1.3794,1.3795,0.0001,1.37945,-0.4583007566470933991211637876
XRP-USD,2026-08-28T20:36:43.123267Z,1.3794,1.3796,0.0002,1.3795,-0.5461569411460334353874364161
XRP-USD,2026-08-28T20:36:43.179298Z,1.3794,1.3796,0.0002,1.3795,-0.5461569411460334353874364161
XRP-USD,2026-08-28T20:36:43.200553Z,1.3794,1.3796,0.0002,1.3795,-0.5313495666802732790626834598
XRP-USD,2026-08-28T20:36:43.256462Z,1.3794,1.3796,0.0002,1.3795,-0.5505033460563626436199923638
XRP-USD,2026-08-28T20:36:43.301901Z,1.3794,1.3796,0.0002,1.3795,-0.5505033460563626436199923638
XRP-USD,2026-08-28T20:36:43.345704Z,1.3794,1.3796,0.0002,1.3795,-0.5505033460563626436199923638
XRP-USD,2026-08-28T20:36:43.465811Z,1.3794,1.3796,0.0002,1.3795,-0.5505033460563626436199923638
XRP-USD,2026-08-28T20:36:43.627221Z,1.3794,1.3796,0.0002,1.3795,-0.3868687916131390620680654511
XRP-USD,2026-08-28T20:36:43.680761Z,1.3794,1.3796,0.0002,1.3795,-0.3856125399988406649871596822
XRP-USD,2026-08-28T20:36:43.734697Z,1.3794,1.3796,0.0002,1.3795,-0.3251468798833864349698757233
XRP-USD,2026-08-28T20:36:43.785671Z,1.3794,1.3796,0.0002,1.3795,-0.2736664480660666661728367586
XRP-USD,2026-08-28T20:36:43.827637Z,1.3795,1.3796,0.0001,1.37955,-0.5011209312112843599556648060
XRP-USD,2026-08-28T20:36:43.852814Z,1.3795,1.3796,0.0001,1.37955,-0.4945150006775794746226190242
XRP-USD,2026-08-28T20:36:43.901623Z,1.3795,1.3796,0.0001,1.37955,-0.5072611437893386709756018315
XRP-USD,2026-08-28T20:36:43.937194Z,1.3795,1.3796,0.0001,1.37955,-0.5072611437893386709756018315
XRP-USD,2026-08-28T20:36:44.024615Z,1.3795,1.3796,0.0001,1.37955,-0.5573346316082938258202161286
XRP-USD,2026-08-28T20:36:44.074287Z,1.3795,1.3796,0.0001,1.37955,-0.5425279590743045857397524887
XRP-USD,2026-08-28T20:36:44.119034Z,1.3795,1.3796,0.0001,1.37955,-0.5425279590743045857397524887
XRP-USD,2026-08-28T20:36:44.141116Z,1.3795,1.3796,0.0001,1.37955,-0.5425988593931162181331448088
XRP-USD,2026-08-28T20:36:44.243576Z,1.3795,1.3796,0.0001,1.37955,-0.5425988593931162181331448088
XRP-USD,2026-08-28T20:36:44.43006Z,1.3795,1.3796,0.0001,1.37955,-0.5399617176847372766589954422
XRP-USD,2026-08-28T20:36:44.553797Z,1.3795,1.3796,0.0001,1.37955,-0.5399617176847372766589954422
XRP-USD,2026-08-28T20:36:44.711941Z,1.3795,1.3796,0.0001,1.37955,-0.5336693325973787786024990603
XRP-USD,2026-08-28T20:36:44.762162Z,1.3795,1.3796,0.0001,1.37955,-0.5336693325973787786024990603
XRP-USD,2026-08-28T20:36:44.821433Z,1.3795,1.3796,0.0001,1.37955,-0.5336693325973787786024990603
XRP-USD,2026-08-28T20:36:44.865679Z,1.3795,1.3796,0.0001,1.37955,-0.5336693325973787786024990603
XRP-USD,2026-08-28T20:36:44.972939Z,1.3794,1.3796,0.0002,1.3795,-0.3674804250500273782234958677
XRP-USD,2026-08-28T20:36:45.027646Z,1.3794,1.3796,0.0002,1.3795,-0.3673971319653431156413053977
XRP-USD,2026-08-28T20:36:45.123716Z,1.3794,1.3796,0.0002,1.3795,-0.3673971319653431156413053977
XRP-USD,2026-08-28T20:36:45.17786Z,1.3794,1.3796,0.0002,1.3795,-0.3505024822859256240414445623
XRP-USD,2026-08-28T20:36:45.233325Z,1.3795,1.3796,0.0001,1.37955,-0.5553914770915741301197452314
XRP-USD,2026-08-28T20:36:45.280143Z,1.3795,1.3796,0.0001,1.37955,-0.5490712391515973668352401866
XRP-USD,2026-08-28T20:36:45.317966Z,1.3795,1.3796,0.0001,1.37955,-0.5490712391515973668352401866
XRP-USD,2026-08-28T20:36:45.365262Z,1.3795,1.3796,0.0001,1.37955,-0.5334163627110364530165825404
XRP-USD,2026-08-28T20:36:45.477714Z,1.3795,1.3796,0.0001,1.37955,-0.5334163627110364530165825404
XRP-USD,2026-08-28T20:36:45.633332Z,1.3795,1.3796,0.0001,1.37955,-0.5334163627110364530165825404
XRP-USD,2026-08-28T20:36:45.725508Z,1.3794,1.3795,0.0001,1.37945,-0.1090748399285811067733329043
XRP-USD,2026-08-28T20:36:45.780613Z,1.3794,1.3795,0.0001,1.37945,-0.1165568693908305136790911548
XRP-USD,2026-08-28T20:36:45.837468Z,1.3794,1.3795,0.0001,1.37945,-0.4528089298310927709049744254
XRP-USD,2026-08-28T20:36:45.913473Z,1.3794,1.3795,0.0001,1.37945,-0.4528089298310927709049744254
XRP-USD,2026-08-28T20:36:45.98586Z,1.3794,1.3795,0.0001,1.37945,-0.4594137736449313327842782575
XRP-USD,2026-08-28T20:36:45.991339Z,1.3794,1.3795,0.0001,1.37945,-0.4594137736449313327842782575
XRP-USD,2026-08-28T20:36:46.036394Z,1.3794,1.3795,0.0001,1.37945,-0.4593430487721529656023034689
XRP-USD,2026-08-28T20:36:46.089807Z,1.3794,1.3795,0.0001,1.37945,-0.4593430487721529656023034689
XRP-USD,2026-08-28T20:36:46.284082Z,1.3794,1.3795,0.0001,1.37945,-0.4773363700082549414385869601
XRP-USD,2026-08-28T20:36:46.431395Z,1.3794,1.3795,0.0001,1.37945,-0.4773363700082549414385869601
XRP-USD,2026-08-28T20:36:46.577781Z,1.3794,1.3795,0.0001,1.37945,-0.4773912984504518945836121521
XRP-USD,2026-08-28T20:36:46.700467Z,1.3794,1.3795,0.0001,1.37945,-0.4773912984504518945836121521
XRP-USD,2026-08-28T20:36:46.810168Z,1.3794,1.3795,0.0001,1.37945,-0.4773912984504518945836121521
XRP-USD,2026-08-28T20:36:46.859154Z,1.3794,1.3795,0.0001,1.37945,-0.4708711103179027984710671185
XRP-USD,2026-08-28T20:36:46.910517Z,1.3794,1.3795,0.0001,1.37945,-0.4708711103179027984710671185
XRP-USD,2026-08-28T20:36:46.981643Z,1.3794,1.3795,0.0001,1.37945,-0.4708711103179027984710671185
XRP-USD,2026-08-28T20:36:47.026846Z,1.3794,1.3795,0.0001,1.37945,-0.4708001672076383196573809307
XRP-USD,2026-08-28T20:36:47.072206Z,1.3792,1.3793,0.0001,1.37925,0.1364077944196468880136796303
XRP-USD,2026-08-28T20:36:47.124393Z,1.3792,1.3794,0.0002,1.3793,-0.4592661697644653164060744153
XRP-USD,2026-08-28T20:36:47.170925Z,1.3791,1.3793,0.0002,1.3792,-0.008576133848911660261934323075
XRP-USD,2026-08-28T20:36:47.219675Z,1.3791,1.3793,0.0002,1.3792,-0.2314555567063215726783647926
XRP-USD,2026-08-28T20:36:47.264898Z,1.3791,1.3793,0.0002,1.3792,-0.01235724400331433619950227250
XRP-USD,2026-08-28T20:36:47.328967Z,1.3792,1.3793,0.0001,1.37925,-0.2402216376897524742299652620
XRP-USD,2026-08-28T20:36:47.376433Z,1.3792,1.3793,0.0001,1.37925,-0.2262992484475082692290256552
XRP-USD,2026-08-28T20:36:47.469415Z,1.3792,1.3793,0.0001,1.37925,-0.2262992484475082692290256552
XRP-USD,2026-08-28T20:36:47.475377Z,1.3792,1.3793,0.0001,1.37925,-0.4248612797928934165708882268
XRP-USD,2026-08-28T20:36:47.519481Z,1.3792,1.3793,0.0001,1.37925,-0.4248612797928934165708882268
XRP-USD,2026-08-28T20:36:47.7691Z,1.3792,1.3793,0.0001,1.37925,-0.2345870467587841695227617964
XRP-USD,2026-08-28T20:36:47.801661Z,1.3792,1.3793,0.0001,1.37925,-0.2227924272208800997736934476
XRP-USD,2026-08-28T20:36:47.976358Z,1.3792,1.3793,0.0001,1.37925,-0.2227924272208800997736934476
XRP-USD,2026-08-28T20:36:47.994659Z,1.3792,1.3793,0.0001,1.37925,-0.2227924272208800997736934476
XRP-USD,2026-08-28T20:36:48.044399Z,1.3792,1.3793,0.0001,1.37925,0.1507449935375341774060076867
XRP-USD,2026-08-28T20:36:48.10768Z,1.3792,1.3794,0.0002,1.3793,-0.09679795428767029716764409171
XRP-USD,2026-08-28T20:36:48.163587Z,1.3792,1.3794,0.0002,1.3793,-0.09679795428767029716764409171
XRP-USD,2026-08-28T20:36:48.198719Z,1.3792,1.3794,0.0002,1.3793,-0.09679795428767029716764409171
XRP-USD,2026-08-28T20:36:48.323247Z,1.3793,1.3794,0.0001,1.37935,-0.2086016815113179895054990311
XRP-USD,2026-08-28T20:36:48.334855Z,1.3793,1.3794,0.0001,1.37935,-0.2086016815113179895054990311
XRP-USD,2026-08-28T20:36:48.394545Z,1.3793,1.3794,0.0001,1.37935,-0.1907651874114306269371463773
XRP-USD,2026-08-28T20:36:48.460587Z,1.3793,1.3794,0.0001,1.37935,-0.2193548431741461801022554068
XRP-USD,2026-08-28T20:36:48.522688Z,1.3793,1.3794,0.0001,1.37935,-0.2370867171533378033760851460
XRP-USD,2026-08-28T20:36:48.908574Z,1.3793,1.3794,0.0001,1.37935,-0.2369530057793035361077904300
XRP-USD,2026-08-28T20:36:48.984309Z,1.3793,1.3794,0.0001,1.37935,-0.2369530057793035361077904300
XRP-USD,2026-08-28T20:36:49.01994Z,1.3793,1.3795,0.0002,1.3794,-0.3857481077479594069283579093
XRP-USD,2026-08-28T20:36:49.027751Z,1.3793,1.3795,0.0002,1.3794,-0.3856765986583421205265407159
XRP-USD,2026-08-28T20:36:49.10676Z,1.3793,1.3795,0.0002,1.3794,-0.4020639231992995756282066947
XRP-USD,2026-08-28T20:36:49.157903Z,1.3793,1.3795,0.0002,1.3794,-0.4020639231992995756282066947
XRP-USD,2026-08-28T20:36:49.207889Z,1.3793,1.3794,0.0001,1.37935,-0.2813397309321685309367470528
XRP-USD,2026-08-28T20:36:49.24517Z,1.3793,1.3794,0.0001,1.37935,-0.2813397309321685309367470528
XRP-USD,2026-08-28T20:36:49.328518Z,1.3793,1.3794,0.0001,1.37935,-0.2813397309321685309367470528
XRP-USD,2026-08-28T20:36:49.372286Z,1.3793,1.3794,0.0001,1.37935,-0.2813397309321685309367470528
XRP-USD,2026-08-28T20:36:49.416703Z,1.3793,1.3794,0.0001,1.37935,-0.2813397309321685309367470528
XRP-USD,2026-08-28T20:36:49.455069Z,1.3793,1.3794,0.0001,1.37935,-0.2814536574473304108292778891
XRP-USD,2026-08-28T20:36:49.520954Z,1.3793,1.3794,0.0001,1.37935,-0.2814536574473304108292778891
XRP-USD,2026-08-28T20:36:49.569457Z,1.3793,1.3794,0.0001,1.37935,-0.2738859872876099053131407288
XRP-USD,2026-08-28T20:36:49.625112Z,1.3793,1.3794,0.0001,1.37935,-0.2736685131410937808154142196
XRP-USD,2026-08-28T20:36:49.676867Z,1.3793,1.3794,0.0001,1.37935,-0.2736685131410937808154142196
XRP-USD,2026-08-28T20:36:49.804692Z,1.3793,1.3794,0.0001,1.37935,-0.2736685131410937808154142196
XRP-USD,2026-08-28T20:36:49.939367Z,1.3793,1.3794,0.0001,1.37935,-0.2735798426567798995977214465
XRP-USD,2026-08-28T20:36:50.031394Z,1.3793,1.3794,0.0001,1.37935,-0.2734678566749750667664471818
XRP-USD,2026-08-28T20:36:50.066322Z,1.3793,1.3794,0.0001,1.37935,-0.2734678566749750667664471818
XRP-USD,2026-08-28T20:36:50.113927Z,1.3793,1.3794,0.0001,1.37935,-0.2913989177698816075655165540
XRP-USD,2026-08-28T20:36:50.220321Z,1.3793,1.3794,0.0001,1.37935,-0.2913989177698816075655165540
XRP-USD,2026-08-28T20:36:50.27471Z,1.3793,1.3794,0.0001,1.37935,-0.2913989177698816075655165540
XRP-USD,2026-08-28T20:36:50.378379Z,1.3793,1.3794,0.0001,1.37935,-0.2913989177698816075655165540
XRP-USD,2026-08-28T20:36:50.512428Z,1.3793,1.3794,0.0001,1.37935,-0.2915096777443350703835528455
XRP-USD,2026-08-28T20:36:50.558245Z,1.3793,1.3795,0.0002,1.3794,-0.4658840595831010288246779605
XRP-USD,2026-08-28T20:36:50.595372Z,1.3793,1.3795,0.0002,1.3794,-0.4658840595831010288246779605
XRP-USD,2026-08-28T20:36:50.676899Z,1.3793,1.3795,0.0002,1.3794,-0.4153903119256488776418839504
XRP-USD,2026-08-28T20:36:50.682922Z,1.3793,1.3795,0.0002,1.3794,-0.4153903119256488776418839504
XRP-USD,2026-08-28T20:36:50.738672Z,1.3793,1.3795,0.0002,1.3794,-0.4153903119256488776418839504
XRP-USD,2026-08-28T20:36:50.869299Z,1.3793,1.3795,0.0002,1.3794,-0.4196855366030014517747174258
XRP-USD,2026-08-28T20:36:50.916222Z,1.3793,1.3795,0.0002,1.3794,-0.4033917989875253703652553815
XRP-USD,2026-08-28T20:36:50.965983Z,1.3793,1.3795,0.0002,1.3794,-0.4014855697372515729320690476
XRP-USD,2026-08-28T20:36:51.027683Z,1.3793,1.3795,0.0002,1.3794,-0.4014160337076956732488551578
XRP-USD,2026-08-28T20:36:51.070114Z,1.3793,1.3795,0.0002,1.3794,-0.4029471185017633842513813089
XRP-USD,2026-08-28T20:36:51.210008Z,1.3793,1.3795,0.0002,1.3794,-0.4029471185017633842513813089
XRP-USD,2026-08-28T20:36:51.278224Z,1.3793,1.3795,0.0002,1.3794,-0.4029471185017633842513813089
XRP-USD,2026-08-28T20:36:51.295373Z,1.3793,1.3795,0.0002,1.3794,-0.4029471185017633842513813089
XRP-USD,2026-08-28T20:36:51.419867Z,1.3793,1.3795,0.0002,1.3794,-0.4029471185017633842513813089
XRP-USD,2026-08-28T20:36:51.470847Z,1.3793,1.3795,0.0002,1.3794,-0.3922635369950690044737615654
XRP-USD,2026-08-28T20:36:51.611851Z,1.3793,1.3795,0.0002,1.3794,-0.4030162993889749002914244973
XRP-USD,2026-08-28T20:36:51.728416Z,1.3793,1.3795,0.0002,1.3794,-0.4030162993889749002914244973
XRP-USD,2026-08-28T20:36:51.747782Z,1.3793,1.3795,0.0002,1.3794,-0.4150220855617992446001398931
XRP-USD,2026-08-28T20:36:51.833638Z,1.3793,1.3795,0.0002,1.3794,-0.4150220855617992446001398931
XRP-USD,2026-08-28T20:36:51.875963Z,1.3793,1.3795,0.0002,1.3794,-0.4150220855617992446001398931
XRP-USD,2026-08-28T20:36:51.884927Z,1.3793,1.3795,0.0002,1.3794,-0.4150220855617992446001398931
XRP-USD,2026-08-28T20:36:51.953172Z,1.3793,1.3795,0.0002,1.3794,-0.4150220855617992446001398931
XRP-USD,2026-08-28T20:36:52.028242Z,1.3793,1.3795,0.0002,1.3794,-0.4150220855617992446001398931
XRP-USD,2026-08-28T20:36:52.047374Z,1.3793,1.3795,0.0002,1.3794,-0.4150220855617992446001398931
XRP-USD,2026-08-28T20:36:52.203513Z,1.3793,1.3795,0.0002,1.3794,-0.4150220855617992446001398931
XRP-USD,2026-08-28T20:36:52.319664Z,1.3793,1.3795,0.0002,1.3794,-0.4090707424838785204971326963
XRP-USD,2026-08-28T20:36:52.348846Z,1.3793,1.3795,0.0002,1.3794,-0.4090707424838785204971326963
XRP-USD,2026-08-28T20:36:52.387753Z,1.3793,1.3795,0.0002,1.3794,-0.3918201456833931404117676034
XRP-USD,2026-08-28T20:36:52.457955Z,1.3793,1.3795,0.0002,1.3794,-0.3918201456833931404117676034
XRP-USD,2026-08-28T20:36:52.616604Z,1.3793,1.3795,0.0002,1.3794,-0.3918201456833931404117676034
XRP-USD,2026-08-28T20:36:52.727138Z,1.3793,1.3795,0.0002,1.3794,-0.3918201457943166151016047329
XRP-USD,2026-08-28T20:36:52.772802Z,1.3793,1.3795,0.0002,1.3794,-0.3918201457943166151016047329
XRP-USD,2026-08-28T20:36:52.811368Z,1.3793,1.3795,0.0002,1.3794,-0.3918201457943166151016047329
XRP-USD,2026-08-28T20:36:52.925918Z,1.3793,1.3795,0.0002,1.3794,-0.3918201457943166151016047329
XRP-USD,2026-08-28T20:36:52.958776Z,1.3793,1.3795,0.0002,1.3794,-0.3918201457943166151016047329
XRP-USD,2026-08-28T20:36:53.076119Z,1.3793,1.3795,0.0002,1.3794,-0.3918201457943166151016047329
XRP-USD,2026-08-28T20:36:53.229631Z,1.3793,1.3795,0.0002,1.3794,-0.3918201457943166151016047329
XRP-USD,2026-08-28T20:36:53.379668Z,1.3793,1.3795,0.0002,1.3794,-0.2994693309824518075269877101
XRP-USD,2026-08-28T20:36:53.4301Z,1.3794,1.3795,0.0001,1.37945,-0.3219303402477157908430139796
XRP-USD,2026-08-28T20:36:53.477583Z,1.3794,1.3795,0.0001,1.37945,-0.3437392456254430969067539043
XRP-USD,2026-08-28T20:36:53.527286Z,1.3794,1.3795,0.0001,1.37945,-0.3337209453389741954967469141
XRP-USD,2026-08-28T20:36:53.57211Z,1.3794,1.3796,0.0002,1.3795,-0.3460133471289224807901070538
XRP-USD,2026-08-28T20:36:53.621815Z,1.3794,1.3797,0.0003,1.37955,-0.4154268274083581480090888565
XRP-USD,2026-08-28T20:36:53.672434Z,1.3795,1.3797,0.0002,1.3796,-0.5676368288542270131876667410
XRP-USD,2026-08-28T20:36:53.713064Z,1.3792,1.3795,0.0003,1.37935,0.1893050878568348657589839225
XRP-USD,2026-08-28T20:36:53.774173Z,1.3794,1.3795,0.0001,1.37945,-0.1985113210191202231476504701
XRP-USD,2026-08-28T20:36:53.820633Z,1.3794,1.3795,0.0001,1.37945,0.02737257603296712534553708913
XRP-USD,2026-08-28T20:36:53.850304Z,1.3794,1.3795,0.0001,1.37945,-0.2020454569390047530246431119
XRP-USD,2026-08-28T20:36:53.946265Z,1.3794,1.3795,0.0001,1.37945,-0.2020454569390047530246431119
XRP-USD,2026-08-28T20:36:54.027424Z,1.3794,1.3795,0.0001,1.37945,-0.1816638514016484435471434431
XRP-USD,2026-08-28T20:36:54.073914Z,1.3794,1.3795,0.0001,1.37945,-0.1904986143720340018252161045
XRP-USD,2026-08-28T20:36:54.120164Z,1.3791,1.3793,0.0002,1.3792,0.4955792241154730882982028123
XRP-USD,2026-08-28T20:36:54.168017Z,1.3791,1.3794,0.0003,1.37925,0.05402075406429378944033332403
XRP-USD,2026-08-28T20:36:54.223715Z,1.3792,1.3794,0.0002,1.3793,-0.3799851708896526420339003915
XRP-USD,2026-08-28T20:36:54.27046Z,1.3792,1.3794,0.0002,1.3793,-0.3904750852847928435918025943
XRP-USD,2026-08-28T20:36:54.354016Z,1.3792,1.3794,0.0002,1.3793,-0.2984428138123677580534188351
XRP-USD,2026-08-28T20:36:54.427442Z,1.379,1.3792,0.0002,1.3791,0.1239350515869928199114932432
XRP-USD,2026-08-28T20:36:54.452934Z,1.379,1.3792,0.0002,1.3791,0.1239350515869928199114932432
XRP-USD,2026-08-28T20:36:54.512358Z,1.379,1.3792,0.0002,1.3791,0.03637283794972597989883738582
XRP-USD,2026-08-28T20:36:54.582195Z,1.379,1.3792,0.0002,1.3791,-0.005922343069502906514689358168
XRP-USD,2026-08-28T20:36:54.624995Z,1.3791,1.3792,0.0001,1.37915,-0.2645560385150448041148742895
XRP-USD,2026-08-28T20:36:54.681413Z,1.3791,1.3792,0.0001,1.37915,-0.2644217527355241628581234585
XRP-USD,2026-08-28T20:36:54.731725Z,1.3791,1.3792,0.0001,1.37915,-0.2339572726579707874866758939
XRP-USD,2026-08-28T20:36:54.772281Z,1.3791,1.3793,0.0002,1.3792,-0.3203215576686798129596004998
XRP-USD,2026-08-28T20:36:54.815304Z,1.3791,1.3793,0.0002,1.3792,-0.3203215576686798129596004998
XRP-USD,2026-08-28T20:36:54.889489Z,1.3791,1.3793,0.0002,1.3792,-0.3032655833442532372217090852
XRP-USD,2026-08-28T20:36:54.957994Z,1.3791,1.3793,0.0002,1.3792,-0.2917008538140557063759352599
XRP-USD,2026-08-28T20:36:55.069687Z,1.3791,1.3793,0.0002,1.3792,-0.04854009785784809320335342409
XRP-USD,2026-08-28T20:36:55.114917Z,1.3791,1.3793,0.0002,1.3792,-0.04854009785784809320335342409
XRP-USD,2026-08-28T20:36:55.180803Z,1.3792,1.3794,0.0002,1.3793,-0.5099647413853343195245590127
XRP-USD,2026-08-28T20:36:55.232682Z,1.3792,1.3793,0.0001,1.37925,-0.4513418573072643387130977205
XRP-USD,2026-08-28T20:36:55.260051Z,1.3792,1.3794,0.0002,1.3793,-0.5872398831299172751883942606
XRP-USD,2026-08-28T20:36:55.327805Z,1.3792,1.3794,0.0002,1.3793,-0.5872429879472125783336311191
XRP-USD,2026-08-28T20:36:55.377595Z,1.3792,1.3794,0.0002,1.3793,-0.5872429879472125783336311191
XRP-USD,2026-08-28T20:36:55.434832Z,1.3792,1.3794,0.0002,1.3793,-0.6505608574646674666681211903
XRP-USD,2026-08-28T20:36:55.47125Z,1.3792,1.3793,0.0001,1.37925,-0.3080480776470081505351778734
XRP-USD,2026-08-28T20:36:55.510867Z,1.3792,1.3793,0.0001,1.37925,-0.3080480776470081505351778734
XRP-USD,2026-08-28T20:36:55.573836Z,1.3792,1.3794,0.0002,1.3793,-0.5861437938906120908448284527
XRP-USD,2026-08-28T20:36:55.579422Z,1.3792,1.3794,0.0002,1.3793,-0.3191162287988871975462896618
XRP-USD,2026-08-28T20:36:55.713591Z,1.3792,1.3794,0.0002,1.3793,-0.4539673953183279760959969320
XRP-USD,2026-08-28T20:36:55.7597Z,1.3792,1.3793,0.0001,1.37925,-0.03681708381715779589769416303
XRP-USD,2026-08-28T20:36:55.813944Z,1.3792,1.3793,0.0001,1.37925,-0.2780302458606688865517080910
XRP-USD,2026-08-28T20:36:55.866143Z,1.3792,1.3793,0.0001,1.37925,-0.03681708381715779589769416303
XRP-USD,2026-08-28T20:36:55.919333Z,1.3792,1.3793,0.0001,1.37925,-0.04975035113599449804531186733
XRP-USD,2026-08-28T20:36:55.962898Z,1.3792,1.3794,0.0002,1.3793,-0.3527173321641125939418168149
XRP-USD,2026-08-28T20:36:56.01365Z,1.3792,1.3795,0.0003,1.37935,-0.4937542649683393048362815071
XRP-USD,2026-08-28T20:36:56.033488Z,1.3793,1.3796,0.0003,1.37945,-0.6671611170465235529185482891
XRP-USD,2026-08-28T20:36:56.166067Z,1.3793,1.3796,0.0003,1.37945,-0.6671611170465235529185482891
XRP-USD,2026-08-28T20:36:56.220577Z,1.3793,1.3794,0.0001,1.37935,-0.2809189054139065336361405832
XRP-USD,2026-08-28T20:36:56.244623Z,1.3793,1.3794,0.0001,1.37935,-0.2809189054139065336361405832
XRP-USD,2026-08-28T20:36:56.277719Z,1.3793,1.3794,0.0001,1.37935,-0.2703177506785719342164220318
XRP-USD,2026-08-28T20:36:56.339924Z,1.3793,1.3794,0.0001,1.37935,-0.2703177506785719342164220318
XRP-USD,2026-08-28T20:36:56.40949Z,1.3793,1.3794,0.0001,1.37935,-0.2703177506785719342164220318
XRP-USD,2026-08-28T20:36:56.464832Z,1.3793,1.3795,0.0002,1.3794,-0.4405461969259580134793484670
XRP-USD,2026-08-28T20:36:56.557405Z,1.3793,1.3795,0.0002,1.3794,-0.4012341942619055438554724258
XRP-USD,2026-08-28T20:36:56.65988Z,1.3794,1.3796,0.0002,1.3795,-0.6883463908378695077198009964
XRP-USD,2026-08-28T20:36:56.70465Z,1.3794,1.3796,0.0002,1.3795,-0.7095636776284158610737289471
XRP-USD,2026-08-28T20:36:56.739082Z,1.3794,1.3796,0.0002,1.3795,-0.7334693120567767959820235442
XRP-USD,2026-08-28T20:36:56.801402Z,1.3794,1.3796,0.0002,1.3795,-0.3912205902335753058172861471
XRP-USD,2026-08-28T20:36:56.952322Z,1.3794,1.3795,0.0001,1.37945,-0.4110101941948154992447312389
XRP-USD,2026-08-28T20:36:57.018808Z,1.3794,1.3795,0.0001,1.37945,-0.4220954439583441084966953399
XRP-USD,2026-08-28T20:36:57.064354Z,1.3794,1.3795,0.0001,1.37945,-0.3209605111467097965840616938
XRP-USD,2026-08-28T20:36:57.166252Z,1.3794,1.3795,0.0001,1.37945,-0.3210415885585587054944432866
XRP-USD,2026-08-28T20:36:57.224629Z,1.3794,1.3795,0.0001,1.37945,-0.3065433168407175971314604200
XRP-USD,2026-08-28T20:36:57.239732Z,1.3794,1.3795,0.0001,1.37945,-0.2980385645091566328183733363
XRP-USD,2026-08-28T20:36:57.411198Z,1.3794,1.3796,0.0002,1.3795,-0.2769936115135945530380466527
XRP-USD,2026-08-28T20:36:57.442964Z,1.3794,1.3796,0.0002,1.3795,-0.2769936115135945530380466527
XRP-USD,2026-08-28T20:36:57.505472Z,1.3794,1.3796,0.0002,1.3795,-0.2846930385485116143723116120
XRP-USD,2026-08-28T20:36:57.544708Z,1.3794,1.3796,0.0002,1.3795,-0.2846930385485116143723116120
XRP-USD,2026-08-28T20:36:57.624083Z,1.3794,1.3796,0.0002,1.3795,-0.2676644433573845784667558778
XRP-USD,2026-08-28T20:36:57.669746Z,1.3794,1.3796,0.0002,1.3795,-0.2676644433573845784667558778
XRP-USD,2026-08-28T20:36:57.695657Z,1.3794,1.3795,0.0001,1.37945,-0.08530339103192306760166153343
XRP-USD,2026-08-28T20:36:57.815073Z,1.3794,1.3795,0.0001,1.37945,-0.06444574122703964112665752624
XRP-USD,2026-08-28T20:36:57.906857Z,1.3794,1.3795,0.0001,1.37945,-0.06444574122703964112665752624
XRP-USD,2026-08-28T20:36:58.009075Z,1.3794,1.3795,0.0001,1.37945,-0.04592866305706674244741710350
XRP-USD,2026-08-28T20:36:58.068448Z,1.3794,1.3796,0.0002,1.3795,-0.2233109259496746983262712164
XRP-USD,2026-08-28T20:36:58.123707Z,1.3794,1.3795,0.0001,1.37945,-0.2598126811151364011222747405
XRP-USD,2026-08-28T20:36:58.171577Z,1.3794,1.3795,0.0001,1.37945,-0.2727087319137562055066521318
XRP-USD,2026-08-28T20:36:58.223355Z,1.3794,1.3795,0.0001,1.37945,-0.2727933265442074088464291309
XRP-USD,2026-08-28T20:36:58.282295Z,1.3794,1.3795,0.0001,1.37945,-0.2727933265442074088464291309
XRP-USD,2026-08-28T20:36:58.327775Z,1.3794,1.3795,0.0001,1.37945,-0.08531107225823046979021316241
XRP-USD,2026-08-28T20:36:58.51459Z,1.3794,1.3796,0.0002,1.3795,-0.2231539776038408149949820792
XRP-USD,2026-08-28T20:36:58.703216Z,1.3794,1.3796,0.0002,1.3795,-0.2312117049208580620491837903
XRP-USD,2026-08-28T20:36:58.769555Z,1.3794,1.3795,0.0001,1.37945,-0.08313550184420256889265391130
XRP-USD,2026-08-28T20:36:58.802509Z,1.3794,1.3795,0.0001,1.37945,-0.1087668580329081556914846524
XRP-USD,2026-08-28T20:36:58.837195Z,1.3794,1.3795,0.0001,1.37945,-0.09733651314246706335868048543
XRP-USD,2026-08-28T20:36:58.98593Z,1.3794,1.3796,0.0002,1.3795,-0.2475901440503742192184734567
XRP-USD,2026-08-28T20:36:59.020845Z,1.3794,1.3796,0.0002,1.3795,-0.2475014626980164994813400748
XRP-USD,2026-08-28T20:36:59.059199Z,1.3794,1.3796,0.0002,1.3795,-0.2475014626980164994813400748
XRP-USD,2026-08-28T20:36:59.114139Z,1.3794,1.3796,0.0002,1.3795,-0.2211476363291611039032425061
XRP-USD,2026-08-28T20:36:59.134018Z,1.3794,1.3796,0.0002,1.3795,-0.2211476363291611039032425061
XRP-USD,2026-08-28T20:36:59.268371Z,1.3794,1.3796,0.0002,1.3795,-0.2212402073702364327733296223
XRP-USD,2026-08-28T20:36:59.345936Z,1.3794,1.3796,0.0002,1.3795,-0.2335285902515667091163429637
XRP-USD,2026-08-28T20:36:59.397028Z,1.3794,1.3796,0.0002,1.3795,-0.1179934186943099209544452168
XRP-USD,2026-08-28T20:36:59.475092Z,1.3794,1.3796,0.0002,1.3795,-0.1491768342776672487042464923
XRP-USD,2026-08-28T20:36:59.525465Z,1.3794,1.3796,0.0002,1.3795,-0.1489294062362330000622880504
XRP-USD,2026-08-28T20:36:59.563465Z,1.3794,1.3796,0.0002,1.3795,-0.1090854793268031138978060150
XRP-USD,2026-08-28T20:36:59.612209Z,1.3794,1.3796,0.0002,1.3795,-0.07990236298343247373008424892
XRP-USD,2026-08-28T20:36:59.653352Z,1.3794,1.3797,0.0003,1.37955,-0.03313395978921344634019214961
XRP-USD,2026-08-28T20:36:59.676129Z,1.3794,1.3797,0.0003,1.37955,-0.03313395978921344634019214961
XRP-USD,2026-08-28T20:36:59.778727Z,1.3792,1.3796,0.0004,1.3794,-0.01756040830480837026016688651
XRP-USD,2026-08-28T20:36:59.833426Z,1.3792,1.3796,0.0004,1.3794,0.006789465345561646556529588176
XRP-USD,2026-08-28T20:36:59.874491Z,1.3792,1.3796,0.0004,1.3794,0.006789465345561646556529588176
XRP-USD,2026-08-28T20:36:59.91901Z,1.3794,1.3796,0.0002,1.3795,-0.06407304516447088919938977401
XRP-USD,2026-08-28T20:36:59.971728Z,1.3794,1.3796,0.0002,1.3795,-0.1545555919929293769114230029
XRP-USD,2026-08-28T20:37:00.026327Z,1.3794,1.3796,0.0002,1.3795,-0.1545555919929293769114230029
XRP-USD,2026-08-28T20:37:00.083937Z,1.3794,1.3795,0.0001,1.37945,0.001657181493545017425089062301
XRP-USD,2026-08-28T20:37:00.108561Z,1.3794,1.3795,0.0001,1.37945,0.01377991790259417778843403460
XRP-USD,2026-08-28T20:37:00.159792Z,1.3794,1.3795,0.0001,1.37945,-0.02790847674412977949865686162
XRP-USD,2026-08-28T20:37:00.215247Z,1.3794,1.3795,0.0001,1.37945,-0.04065785752204044498250966272
XRP-USD,2026-08-28T20:37:00.320976Z,1.3794,1.3795,0.0001,1.37945,-0.04065785752204044498250966272
XRP-USD,2026-08-28T20:37:00.374325Z,1.3794,1.3795,0.0001,1.37945,0.01985609371836763848677982464
XRP-USD,2026-08-28T20:37:00.410707Z,1.3794,1.3795,0.0001,1.37945,0.01985609371836763848677982464
XRP-USD,2026-08-28T20:37:00.457633Z,1.3794,1.3796,0.0002,1.3795,-0.1178952127528928475128781650
XRP-USD,2026-08-28T20:37:00.519042Z,1.3794,1.3796,0.0002,1.3795,-0.1432671907161392094257056696
XRP-USD,2026-08-28T20:37:00.565802Z,1.3794,1.3796,0.0002,1.3795,-0.1341587502873476710329711117
XRP-USD,2026-08-28T20:37:00.623248Z,1.3794,1.3796,0.0002,1.3795,-0.1067144865584508861821849119
XRP-USD,2026-08-28T20:37:00.67937Z,1.3794,1.3797,0.0003,1.37955,-0.1031488061938340190941364388
XRP-USD,2026-08-28T20:37:00.779166Z,1.3794,1.3797,0.0003,1.37955,-0.1031488061938340190941364388
XRP-USD,2026-08-28T20:37:00.81522Z,1.3794,1.3796,0.0002,1.3795,-0.1021273108450378267986574332
XRP-USD,2026-08-28T20:37:00.853295Z,1.3794,1.3796,0.0002,1.3795,-0.1021273108450378267986574332
XRP-USD,2026-08-28T20:37:00.916089Z,1.3794,1.3796,0.0002,1.3795,-0.3212434357195563402654367308
XRP-USD,2026-08-28T20:37:00.973048Z,1.3794,1.3796,0.0002,1.3795,-0.3054437528604387073794261383
XRP-USD,2026-08-28T20:37:01.022112Z,1.3794,1.3796,0.0002,1.3795,-0.3054437528604387073794261383
XRP-USD,2026-08-28T20:37:01.070671Z,1.3794,1.3796,0.0002,1.3795,-0.3053414512390943796274413816
XRP-USD,2026-08-28T20:37:01.116346Z,1.3794,1.3797,0.0003,1.37955,-0.3923876315516568313445765148
XRP-USD,2026-08-28T20:37:01.17165Z,1.3794,1.3796,0.0002,1.3795,-0.3099362549106993972125083535
XRP-USD,2026-08-28T20:37:01.205308Z,1.3794,1.3796,0.0002,1.3795,-0.3512724884128179583762984021
XRP-USD,2026-08-28T20:37:01.258431Z,1.3794,1.3796,0.0002,1.3795,-0.3512724884128179583762984021
XRP-USD,2026-08-28T20:37:01.301953Z,1.3795,1.3796,0.0001,1.37955,-0.5383245708515503282178877482
XRP-USD,2026-08-28T20:37:01.327743Z,1.3795,1.3797,0.0002,1.3796,-0.5640631240423884595600249080
XRP-USD,2026-08-28T20:37:01.377732Z,1.3795,1.3797,0.0002,1.3796,-0.5338016963837758863012967563
XRP-USD,2026-08-28T20:37:01.404257Z,1.3795,1.3797,0.0002,1.3796,-0.5338712152952294251068856045
XRP-USD,2026-08-28T20:37:01.572575Z,1.3795,1.3797,0.0002,1.3796,-0.5338712152952294251068856045
XRP-USD,2026-08-28T20:37:01.607422Z,1.3795,1.3797,0.0002,1.3796,-0.5013894719455936829631544099
XRP-USD,2026-08-28T20:37:01.626521Z,1.3795,1.3797,0.0002,1.3796,-0.5013894719455936829631544099
XRP-USD,2026-08-28T20:37:01.715294Z,1.3795,1.3797,0.0002,1.3796,-0.4493873583804455014301904218
XRP-USD,2026-08-28T20:37:01.755751Z,1.3795,1.3797,0.0002,1.3796,-0.4493873583804455014301904218
XRP-USD,2026-08-28T20:37:01.80537Z,1.3795,1.3797,0.0002,1.3796,-0.4493873583804455014301904218
XRP-USD,2026-08-28T20:37:01.920358Z,1.3795,1.3797,0.0002,1.3796,-0.4493873583804455014301904218
XRP-USD,2026-08-28T20:37:01.954646Z,1.3795,1.3798,0.0003,1.37965,-0.2854661118035924687165410429
XRP-USD,2026-08-28T20:37:02.003877Z,1.3796,1.3798,0.0002,1.3797,-0.3171834305900380765101471221
XRP-USD,2026-08-28T20:37:02.029108Z,1.3796,1.3798,0.0002,1.3797,-0.3291449413958856754726886772
XRP-USD,2026-08-28T20:37:02.11797Z,1.3796,1.3798,0.0002,1.3797,-0.3282278384013869852460012550
XRP-USD,2026-08-28T20:37:02.159511Z,1.3796,1.3798,0.0002,1.3797,-0.3434375630891622607199801516
XRP-USD,2026-08-28T20:37:02.199622Z,1.3796,1.3798,0.0002,1.3797,-0.3234326378514102687612183047
XRP-USD,2026-08-28T20:37:02.248658Z,1.3796,1.3798,0.0002,1.3797,-0.3234326378514102687612183047
XRP-USD,2026-08-28T20:37:02.312603Z,1.3796,1.3798,0.0002,1.3797,-0.3301329578996361908025159341
XRP-USD,2026-08-28T20:37:02.413875Z,1.3796,1.3798,0.0002,1.3797,-0.3301329578996361908025159341
XRP-USD,2026-08-28T20:37:02.473243Z,1.3796,1.3798,0.0002,1.3797,-0.3302120922066105303071086050
XRP-USD,2026-08-28T20:37:02.551655Z,1.3796,1.3798,0.0002,1.3797,-0.3198853258357618584624857627
XRP-USD,2026-08-28T20:37:02.587183Z,1.3796,1.3798,0.0002,1.3797,-0.3198853258357618584624857627
XRP-USD,2026-08-28T20:37:02.638156Z,1.3796,1.3798,0.0002,1.3797,-0.2814192522503008579307953231
XRP-USD,2026-08-28T20:37:02.722338Z,1.3797,1.3798,0.0001,1.37975,-0.1221848829582016200599704449
XRP-USD,2026-08-28T20:37:02.762521Z,1.3797,1.3798,0.0001,1.37975,-0.2915681350452558901393277141
XRP-USD,2026-08-28T20:37:02.821934Z,1.3797,1.3798,0.0001,1.37975,-0.2915681350452558901393277141
XRP-USD,2026-08-28T20:37:02.875275Z,1.3797,1.3798,0.0001,1.37975,-0.3022887175308589199637052726
XRP-USD,2026-08-28T20:37:02.917663Z,1.3797,1.3798,0.0001,1.37975,-0.3060095782933799440069776394
XRP-USD,2026-08-28T20:37:02.96653Z,1.3797,1.3798,0.0001,1.37975,-0.3060095782933799440069776394
XRP-USD,2026-08-28T20:37:03.022758Z,1.3797,1.3798,0.0001,1.37975,-0.3060095782933799440069776394
XRP-USD,2026-08-28T20:37:03.068063Z,1.3794,1.3796,0.0002,1.3795,-0.09772226594793591827321537419
XRP-USD,2026-08-28T20:37:03.125422Z,1.3794,1.3796,0.0002,1.3795,-0.08069410530843837999312829287
XRP-USD,2026-08-28T20:37:03.174089Z,1.3794,1.3796,0.0002,1.3795,-0.1037514210195352326472427190
XRP-USD,2026-08-28T20:37:03.225652Z,1.3794,1.3796,0.0002,1.3795,-0.08613520014446084971227283295
XRP-USD,2026-08-28T20:37:03.27237Z,1.3794,1.3796,0.0002,1.3795,-0.1423076611119585403739963944
XRP-USD,2026-08-28T20:37:03.315168Z,1.3794,1.3796,0.0002,1.3795,-0.3174116871054564210088245343
XRP-USD,2026-08-28T20:37:03.400549Z,1.3794,1.3796,0.0002,1.3795,-0.3431500138768135828252032260
XRP-USD,2026-08-28T20:37:03.443514Z,1.3794,1.3796,0.0002,1.3795,-0.3431500138768135828252032260
XRP-USD,2026-08-28T20:37:03.51588Z,1.3794,1.3796,0.0002,1.3795,-0.3432508372775833995141493658
XRP-USD,2026-08-28T20:37:03.576541Z,1.3794,1.3796,0.0002,1.3795,-0.3110393951461792460108667137
XRP-USD,2026-08-28T20:37:03.664944Z,1.3794,1.3796,0.0002,1.3795,-0.3277101521903967049755735574
XRP-USD,2026-08-28T20:37:03.898418Z,1.3794,1.3796,0.0002,1.3795,-0.3406917552869707087621880800
XRP-USD,2026-08-28T20:37:04.027606Z,1.3794,1.3796,0.0002,1.3795,-0.3406917552869707087621880800
XRP-USD,2026-08-28T20:37:04.057643Z,1.3794,1.3796,0.0002,1.3795,-0.3782859333767113228368668567
XRP-USD,2026-08-28T20:37:04.129107Z,1.3794,1.3796,0.0002,1.3795,-0.3782859333767113228368668567
XRP-USD,2026-08-28T20:37:04.21752Z,1.3794,1.3796,0.0002,1.3795,-0.3782859333767113228368668567
XRP-USD,2026-08-28T20:37:04.239843Z,1.3794,1.3796,0.0002,1.3795,-0.3696896296630691345562286784
XRP-USD,2026-08-28T20:37:04.487428Z,1.3794,1.3796,0.0002,1.3795,-0.2979660912828089262957247447
XRP-USD,2026-08-28T20:37:04.521366Z,1.3794,1.3796,0.0002,1.3795,-0.2852038699693374314949925711
XRP-USD,2026-08-28T20:37:04.574149Z,1.3794,1.3796,0.0002,1.3795,-0.2852038699693374314949925711
XRP-USD,2026-08-28T20:37:04.61366Z,1.3794,1.3796,0.0002,1.3795,-0.2852038699693374314949925711
XRP-USD,2026-08-28T20:37:04.718859Z,1.3794,1.3796,0.0002,1.3795,-0.1843904307859930961758296650
XRP-USD,2026-08-28T20:37:04.763411Z,1.3794,1.3796,0.0002,1.3795,-0.1843904307859930961758296650
XRP-USD,2026-08-28T20:37:04.899249Z,1.3794,1.3796,0.0002,1.3795,-0.1544696209848448217926242208
XRP-USD,2026-08-28T20:37:05.024911Z,1.3794,1.3796,0.0002,1.3795,-0.1544696209848448217926242208
XRP-USD,2026-08-28T20:37:05.066259Z,1.3793,1.3796,0.0003,1.37945,0.05345129779599679872394213053
XRP-USD,2026-08-28T20:37:05.122035Z,1.3793,1.3795,0.0002,1.3794,0.1868176948591960695698561265
XRP-USD,2026-08-28T20:37:05.155682Z,1.3793,1.3795,0.0002,1.3794,-0.03765448840388389833322481896
XRP-USD,2026-08-28T20:37:05.214175Z,1.3793,1.3795,0.0002,1.3794,0.2005435808830517420147573896
XRP-USD,2026-08-28T20:37:05.254649Z,1.3793,1.3795,0.0002,1.3794,0.2005435808830517420147573896
XRP-USD,2026-08-28T20:37:05.314734Z,1.3793,1.3795,0.0002,1.3794,0.2005435808830517420147573896
XRP-USD,2026-08-28T20:37:05.3771Z,1.3794,1.3795,0.0001,1.37945,-0.1207222278535527246809163442
XRP-USD,2026-08-28T20:37:05.424215Z,1.3794,1.3796,0.0002,1.3795,-0.2949257429039688902098906024
XRP-USD,2026-08-28T20:37:05.451785Z,1.3794,1.3796,0.0002,1.3795,-0.2949257429039688902098906024
XRP-USD,2026-08-28T20:37:05.510121Z,1.3794,1.3796,0.0002,1.3795,-0.2822229473107078699186497096
XRP-USD,2026-08-28T20:37:05.554139Z,1.3794,1.3796,0.0002,1.3795,-0.2822229473107078699186497096
XRP-USD,2026-08-28T20:37:05.675036Z,1.3794,1.3796,0.0002,1.3795,-0.2822229473107078699186497096
XRP-USD,2026-08-28T20:37:05.723568Z,1.3794,1.3796,0.0002,1.3795,-0.2925723167871281569374335998
XRP-USD,2026-08-28T20:37:05.78279Z,1.3794,1.3796,0.0002,1.3795,-0.2925723167871281569374335998
XRP-USD,2026-08-28T20:37:05.823381Z,1.3794,1.3796,0.0002,1.3795,-0.2925723167871281569374335998
XRP-USD,2026-08-28T20:37:05.899467Z,1.3794,1.3796,0.0002,1.3795,-0.2925723167871281569374335998
XRP-USD,2026-08-28T20:37:05.956651Z,1.3794,1.3796,0.0002,1.3795,-0.2889253548360428652698379085
XRP-USD,2026-08-28T20:37:06.022906Z,1.3794,1.3796,0.0002,1.3795,-0.2400120694555765701581895924
XRP-USD,2026-08-28T20:37:06.064816Z,1.3794,1.3796,0.0002,1.3795,0.01742764937219063964576971397
XRP-USD,2026-08-28T20:37:06.106246Z,1.3794,1.3796,0.0002,1.3795,0.01742764937219063964576971397
XRP-USD,2026-08-28T20:37:06.162317Z,1.3794,1.3796,0.0002,1.3795,0.01742764937219063964576971397
XRP-USD,2026-08-28T20:37:06.278353Z,1.3794,1.3796,0.0002,1.3795,-0.2574869898691834973795708295
XRP-USD,2026-08-28T20:37:06.385612Z,1.3794,1.3796,0.0002,1.3795,-0.2113378075587898195281373521
XRP-USD,2026-08-28T20:37:06.456129Z,1.3794,1.3796,0.0002,1.3795,-0.2113378075587898195281373521
XRP-USD,2026-08-28T20:37:06.766179Z,1.3794,1.3796,0.0002,1.3795,0.04279490765227298185896866787
XRP-USD,2026-08-28T20:37:06.992591Z,1.3795,1.3798,0.0003,1.37965,-0.3663710851662695379328274204
XRP-USD,2026-08-28T20:37:07.066666Z,1.3795,1.3798,0.0003,1.37965,-0.3663710851662695379328274204
XRP-USD,2026-08-28T20:37:07.100575Z,1.3795,1.3798,0.0003,1.37965,-0.4583745870930820600667340077
XRP-USD,2026-08-28T20:37:07.174323Z,1.3795,1.3798,0.0003,1.37965,-0.4583745870930820600667340077
XRP-USD,2026-08-28T20:37:07.203734Z,1.3795,1.3798,0.0003,1.37965,-0.4583745870930820600667340077
XRP-USD,2026-08-28T20:37:07.244124Z,1.3795,1.3798,0.0003,1.37965,-0.4802919943155633745478530232
XRP-USD,2026-08-28T20:37:07.295816Z,1.3795,1.3797,0.0002,1.3796,-0.2980581086408193276071305308
XRP-USD,2026-08-28T20:37:07.361502Z,1.3795,1.3797,0.0002,1.3796,-0.3655148079899105104471777267
XRP-USD,2026-08-28T20:37:07.415297Z,1.3795,1.3797,0.0002,1.3796,-0.3655148079899105104471777267
XRP-USD,2026-08-28T20:37:07.45221Z,1.3795,1.3797,0.0002,1.3796,-0.3655148079899105104471777267
XRP-USD,2026-08-28T20:37:07.534651Z,1.3795,1.3798,0.0003,1.37965,-0.4668320741886204277362933136
XRP-USD,2026-08-28T20:37:07.575882Z,1.3795,1.3798,0.0003,1.37965,-0.4872584860837137527587534426
XRP-USD,2026-08-28T20:37:07.759334Z,1.3795,1.3798,0.0003,1.37965,-0.4439432274090450564300392435
XRP-USD,2026-08-28T20:37:07.820466Z,1.3795,1.3798,0.0003,1.37965,-0.4439432274090450564300392435
XRP-USD,2026-08-28T20:37:07.86728Z,1.3795,1.3798,0.0003,1.37965,-0.2257973583272501772930070804
XRP-USD,2026-08-28T20:37:07.917262Z,1.3795,1.3798,0.0003,1.37965,-0.2744331951390500118555287520
XRP-USD,2026-08-28T20:37:07.949208Z,1.3795,1.3798,0.0003,1.37965,-0.2744331951390500118555287520
XRP-USD,2026-08-28T20:37:08.027609Z,1.3795,1.3798,0.0003,1.37965,-0.2744331951390500118555287520
XRP-USD,2026-08-28T20:37:08.102425Z,1.3795,1.3798,0.0003,1.37965,-0.2744331951390500118555287520
XRP-USD,2026-08-28T20:37:08.2237Z,1.3797,1.3799,0.0002,1.3798,0.08530338868465775294668885790
XRP-USD,2026-08-28T20:37:08.251231Z,1.3797,1.3799,0.0002,1.3798,0.1105907730480309968471639005
XRP-USD,2026-08-28T20:37:08.319833Z,1.3797,1.3799,0.0002,1.3798,-0.2534346897073527650118427947
XRP-USD,2026-08-28T20:37:08.370022Z,1.3797,1.3799,0.0002,1.3798,-0.2849473650041507842840526110
XRP-USD,2026-08-28T20:37:08.424308Z,1.3797,1.3799,0.0002,1.3798,-0.2846647244488869849940953021
XRP-USD,2026-08-28T20:37:08.476125Z,1.3798,1.3799,0.0001,1.37985,-0.5410805481982492150142173525
XRP-USD,2026-08-28T20:37:08.52412Z,1.3798,1.3799,0.0001,1.37985,-0.4982535120884809103576619298
XRP-USD,2026-08-28T20:37:08.545296Z,1.3798,1.3799,0.0001,1.37985,-0.4998040377762672725312783066
XRP-USD,2026-08-28T20:37:08.620316Z,1.3797,1.3799,0.0002,1.3798,-0.2939247519457902097378298091
XRP-USD,2026-08-28T20:37:08.669203Z,1.3797,1.3799,0.0002,1.3798,-0.2959445564412790022885690380
XRP-USD,2026-08-28T20:37:08.981082Z,1.3797,1.3799,0.0002,1.3798,-0.2925439087748958654047690744
XRP-USD,2026-08-28T20:37:09.021342Z,1.3797,1.3799,0.0002,1.3798,-0.2924598149461226734179047970
XRP-USD,2026-08-28T20:37:09.057207Z,1.3797,1.3799,0.0002,1.3798,-0.2633856930950036423165699807
XRP-USD,2026-08-28T20:37:09.113946Z,1.3797,1.3799,0.0002,1.3798,-0.2633856930950036423165699807
XRP-USD,2026-08-28T20:37:09.66682Z,1.3799,1.3802,0.0003,1.38005,-0.03701217630142603877074746213
XRP-USD,2026-08-28T20:37:09.717633Z,1.3799,1.3802,0.0003,1.38005,0.04921047316262217507634697599
XRP-USD,2026-08-28T20:37:09.777948Z,1.38,1.3802,0.0002,1.3801,-0.2301057869536887127782889252
XRP-USD,2026-08-28T20:37:09.815349Z,1.38,1.3802,0.0002,1.3801,-0.2395873595835526576201327888
XRP-USD,2026-08-28T20:37:09.863273Z,1.3801,1.3802,0.0001,1.38015,-0.4004538513759203219493142388
XRP-USD,2026-08-28T20:37:09.930229Z,1.3801,1.3802,0.0001,1.38015,-0.3924135521960270618341991408
XRP-USD,2026-08-28T20:37:09.978007Z,1.3801,1.3802,0.0001,1.38015,-0.3812600598767507786990921082
XRP-USD,2026-08-28T20:37:10.004355Z,1.3801,1.3802,0.0001,1.38015,-0.3592772950325307794970405682
XRP-USD,2026-08-28T20:37:10.035863Z,1.3801,1.3802,0.0001,1.38015,-0.3789067359084607664840191458
XRP-USD,2026-08-28T20:37:10.244436Z,1.3801,1.3802,0.0001,1.38015,-0.3798509812988772489215318992
XRP-USD,2026-08-28T20:37:10.316468Z,1.3801,1.3802,0.0001,1.38015,-0.3798509812988772489215318992
XRP-USD,2026-08-28T20:37:10.375204Z,1.3801,1.3802,0.0001,1.38015,-0.2386623711243261721876250069
XRP-USD,2026-08-28T20:37:10.421185Z,1.3801,1.3802,0.0001,1.38015,-0.2300018074034932125087640810
XRP-USD,2026-08-28T20:37:10.466629Z,1.3801,1.3802,0.0001,1.38015,-0.2177951594144113503972376682
XRP-USD,2026-08-28T20:37:10.517632Z,1.3801,1.3802,0.0001,1.38015,-0.2177951594144113503972376682
XRP-USD,2026-08-28T20:37:10.620756Z,1.3801,1.3802,0.0001,1.38015,-0.2177855394259398474208612925
XRP-USD,2026-08-28T20:37:10.677832Z,1.3801,1.3802,0.0001,1.38015,-0.2177855394259398474208612925
XRP-USD,2026-08-28T20:37:10.733755Z,1.3801,1.3802,0.0001,1.38015,-0.2177855394259398474208612925
XRP-USD,2026-08-28T20:37:10.77064Z,1.3801,1.3802,0.0001,1.38015,-0.2496861393889392878789383753
XRP-USD,2026-08-28T20:37:10.827492Z,1.3801,1.3802,0.0001,1.38015,-0.2496861393889392878789383753
XRP-USD,2026-08-28T20:37:10.874771Z,1.3801,1.3802,0.0001,1.38015,-0.2292659665812795544759447475
XRP-USD,2026-08-28T20:37:10.895957Z,1.3801,1.3802,0.0001,1.38015,-0.1980977752244348281280743074
XRP-USD,2026-08-28T20:37:10.94517Z,1.3801,1.3802,0.0001,1.38015,-0.1980977752244348281280743074
XRP-USD,2026-08-28T20:37:11.004585Z,1.3801,1.3802,0.0001,1.38015,-0.2292659665812795544759447475
XRP-USD,2026-08-28T20:37:11.099781Z,1.3801,1.3802,0.0001,1.38015,-0.1342013693888142666258224843
XRP-USD,2026-08-28T20:37:11.172927Z,1.3801,1.3802,0.0001,1.38015,-0.1343301752047821588107344457
XRP-USD,2026-08-28T20:37:11.220614Z,1.3801,1.3802,0.0001,1.38015,-0.1134276564859284666034837244
XRP-USD,2026-08-28T20:37:11.273669Z,1.3801,1.3803,0.0002,1.3802,-0.3305104347580534902256512976
XRP-USD,2026-08-28T20:37:11.285228Z,1.3801,1.3803,0.0002,1.3802,-0.3305104347580534902256512976
XRP-USD,2026-08-28T20:37:11.35899Z,1.3801,1.3803,0.0002,1.3802,-0.2866030855636539447991477297
XRP-USD,2026-08-28T20:37:11.47043Z,1.3801,1.3803,0.0002,1.3802,-0.2866030855636539447991477297
XRP-USD,2026-08-28T20:37:11.483318Z,1.3801,1.3803,0.0002,1.3802,-0.2607480775322894656352531488
XRP-USD,2026-08-28T20:37:11.574188Z,1.3801,1.3803,0.0002,1.3802,-0.2607480775322894656352531488
XRP-USD,2026-08-28T20:37:11.592966Z,1.3801,1.3803,0.0002,1.3802,-0.2607480775322894656352531488
XRP-USD,2026-08-28T20:37:11.67348Z,1.3801,1.3803,0.0002,1.3802,-0.3283854520462383115986216526
XRP-USD,2026-08-28T20:37:11.682849Z,1.3801,1.3803,0.0002,1.3802,-0.3283854520462383115986216526
XRP-USD,2026-08-28T20:37:11.741319Z,1.3801,1.3803,0.0002,1.3802,-0.2607480775322894656352531488
XRP-USD,2026-08-28T20:37:11.891415Z,1.3801,1.3803,0.0002,1.3802,-0.2607480775322894656352531488
XRP-USD,2026-08-28T20:37:12.023564Z,1.3801,1.3803,0.0002,1.3802,-0.2607480775322894656352531488
XRP-USD,2026-08-28T20:37:12.032417Z,1.3801,1.3803,0.0002,1.3802,-0.3028010277866616039658926783
XRP-USD,2026-08-28T20:37:12.268653Z,1.3801,1.3803,0.0002,1.3802,-0.2461479234758162270536354072
XRP-USD,2026-08-28T20:37:12.322729Z,1.3801,1.3803,0.0002,1.3802,-0.2320648827109708260363136144
XRP-USD,2026-08-28T20:37:12.377014Z,1.3801,1.3803,0.0002,1.3802,-0.1900141141151398712907617327
XRP-USD,2026-08-28T20:37:12.387229Z,1.3801,1.3803,0.0002,1.3802,-0.1900141141151398712907617327
XRP-USD,2026-08-28T20:37:12.432444Z,1.3801,1.3803,0.0002,1.3802,-0.1810104167132526032380810453
XRP-USD,2026-08-28T20:37:12.579527Z,1.3801,1.3803,0.0002,1.3802,-0.1906132269881223488567169889
XRP-USD,2026-08-28T20:37:12.598511Z,1.3801,1.3803,0.0002,1.3802,-0.2318492981193165713763507753
XRP-USD,2026-08-28T20:37:12.67337Z,1.3801,1.3803,0.0002,1.3802,-0.1906132269881223488567169889
XRP-USD,2026-08-28T20:37:12.721942Z,1.3801,1.3803,0.0002,1.3802,-0.2318492981193165713763507753
XRP-USD,2026-08-28T20:37:12.757988Z,1.3801,1.3803,0.0002,1.3802,-0.1906132269881223488567169889
XRP-USD,2026-08-28T20:37:12.927518Z,1.3801,1.3803,0.0002,1.3802,-0.1906132269881223488567169889
XRP-USD,2026-08-28T20:37:12.941716Z,1.3801,1.3803,0.0002,1.3802,-0.1906132269881223488567169889
XRP-USD,2026-08-28T20:37:13.024635Z,1.3801,1.3803,0.0002,1.3802,-0.1906132269881223488567169889
XRP-USD,2026-08-28T20:37:13.041389Z,1.3801,1.3803,0.0002,1.3802,-0.2317596051760955263384664097
XRP-USD,2026-08-28T20:37:13.180432Z,1.3801,1.3803,0.0002,1.3802,-0.1763915644464278674423915045
XRP-USD,2026-08-28T20:37:13.189203Z,1.3801,1.3803,0.0002,1.3802,-0.2226839595776490699108848665
XRP-USD,2026-08-28T20:37:13.279789Z,1.3801,1.3803,0.0002,1.3802,-0.2226839595776490699108848665
XRP-USD,2026-08-28T20:37:13.316221Z,1.3801,1.3803,0.0002,1.3802,-0.2227757840957346514390107774
XRP-USD,2026-08-28T20:37:13.377273Z,1.3801,1.3803,0.0002,1.3802,-0.1813647521530967540909949737
XRP-USD,2026-08-28T20:37:13.421075Z,1.3801,1.3803,0.0002,1.3802,-0.1801290069678711525171705888
XRP-USD,2026-08-28T20:37:13.456412Z,1.3802,1.3804,0.0002,1.3803,-0.4501158593617228827501323376
XRP-USD,2026-08-28T20:37:13.515285Z,1.3802,1.3805,0.0003,1.38035,-0.4172132986312871473686785065
XRP-USD,2026-08-28T20:37:13.570822Z,1.3802,1.3804,0.0002,1.3803,-0.4241977956477048209612031671
XRP-USD,2026-08-28T20:37:13.617289Z,1.3802,1.3804,0.0002,1.3803,-0.4332372085984897255173327771
XRP-USD,2026-08-28T20:37:13.662846Z,1.3802,1.3804,0.0002,1.3803,-0.4294969735668831920798804945
XRP-USD,2026-08-28T20:37:13.681179Z,1.3802,1.3804,0.0002,1.3803,-0.3810911500952228403437510131
XRP-USD,2026-08-28T20:37:13.76241Z,1.3802,1.3804,0.0002,1.3803,-0.4294969735668831920798804945
XRP-USD,2026-08-28T20:37:13.828427Z,1.3802,1.3804,0.0002,1.3803,-0.4294969735668831920798804945
XRP-USD,2026-08-28T20:37:13.833274Z,1.3802,1.3804,0.0002,1.3803,-0.4294969735668831920798804945
XRP-USD,2026-08-28T20:37:13.912257Z,1.3802,1.3804,0.0002,1.3803,-0.4294969735668831920798804945
XRP-USD,2026-08-28T20:37:13.981773Z,1.3802,1.3804,0.0002,1.3803,-0.4294969735668831920798804945
XRP-USD,2026-08-28T20:37:14.025496Z,1.3802,1.3804,0.0002,1.3803,-0.4294295612743683440414048725
XRP-USD,2026-08-28T20:37:14.064322Z,1.3802,1.3804,0.0002,1.3803,-0.3810204947209630475542526626
XRP-USD,2026-08-28T20:37:14.118477Z,1.3802,1.3804,0.0002,1.3803,-0.3810204947209630475542526626
XRP-USD,2026-08-28T20:37:14.138882Z,1.3802,1.3804,0.0002,1.3803,-0.4294295612743683440414048725
XRP-USD,2026-08-28T20:37:14.194978Z,1.3802,1.3804,0.0002,1.3803,-0.4294295612743683440414048725
XRP-USD,2026-08-28T20:37:14.266786Z,1.3802,1.3804,0.0002,1.3803,-0.4294295612743683440414048725
XRP-USD,2026-08-28T20:37:14.51313Z,1.3802,1.3804,0.0002,1.3803,-0.3676238448691749006006654149
XRP-USD,2026-08-28T20:37:14.523494Z,1.3802,1.3804,0.0002,1.3803,-0.4453473816452605022786711135
XRP-USD,2026-08-28T20:37:14.565954Z,1.38,1.3802,0.0002,1.3801,-0.2794170315455064366200486678
XRP-USD,2026-08-28T20:37:14.625109Z,1.38,1.3802,0.0002,1.3801,-0.5233582739850177778901041893
XRP-USD,2026-08-28T20:37:14.674178Z,1.3799,1.38,0.0001,1.37995,-0.1350700669860008533652842065
XRP-USD,2026-08-28T20:37:14.720629Z,1.38,1.3802,0.0002,1.3801,-0.5935677474389625963412255340
XRP-USD,2026-08-28T20:37:14.77691Z,1.38,1.3802,0.0002,1.3801,-0.5299031356275000500772257624
XRP-USD,2026-08-28T20:37:14.822865Z,1.3799,1.3801,0.0002,1.3800,-0.2857959762119384633689368665
XRP-USD,2026-08-28T20:37:14.870227Z,1.3799,1.3801,0.0002,1.3800,-0.2689890393623539675858500998
XRP-USD,2026-08-28T20:37:14.918192Z,1.3799,1.3801,0.0002,1.3800,-0.2689890393623539675858500998
XRP-USD,2026-08-28T20:37:14.970445Z,1.3799,1.3801,0.0002,1.3800,0.01623938966711032293334416510
XRP-USD,2026-08-28T20:37:15.02618Z,1.3799,1.3801,0.0002,1.3800,0.002627064427724846206383733866
XRP-USD,2026-08-28T20:37:15.060891Z,1.3799,1.3801,0.0002,1.3800,-0.07869761597651462649982996306
XRP-USD,2026-08-28T20:37:15.114953Z,1.3799,1.3801,0.0002,1.3800,-0.07869761597651462649982996306
XRP-USD,2026-08-28T20:37:15.14656Z,1.3799,1.3801,0.0002,1.3800,-0.06515451022281258212425088495
XRP-USD,2026-08-28T20:37:15.220969Z,1.3799,1.3801,0.0002,1.3800,-0.06515451022281258212425088495
XRP-USD,2026-08-28T20:37:15.238697Z,1.3799,1.3801,0.0002,1.3800,-0.06515451022281258212425088495
XRP-USD,2026-08-28T20:37:15.325627Z,1.3799,1.3801,0.0002,1.3800,-0.04276915527601217937175343426
XRP-USD,2026-08-28T20:37:15.38482Z,1.3799,1.3801,0.0002,1.3800,-0.05625320598165108588135408542
XRP-USD,2026-08-28T20:37:15.409487Z,1.3799,1.38,0.0001,1.37995,0.09379409261992453348199775093
XRP-USD,2026-08-28T20:37:15.484705Z,1.3799,1.38,0.0001,1.37995,0.09379409261992453348199775093
XRP-USD,2026-08-28T20:37:15.574856Z,1.3799,1.38,0.0001,1.37995,0.1053508501166101441699056062
XRP-USD,2026-08-28T20:37:15.668888Z,1.3799,1.38,0.0001,1.37995,0.1376316399186306200860863830
XRP-USD,2026-08-28T20:37:15.677898Z,1.3799,1.38,0.0001,1.37995,0.1376316399186306200860863830
XRP-USD,2026-08-28T20:37:15.738459Z,1.3799,1.38,0.0001,1.37995,0.1376316399186306200860863830
XRP-USD,2026-08-28T20:37:15.858677Z,1.3799,1.38,0.0001,1.37995,0.1497823227981082055517675034
XRP-USD,2026-08-28T20:37:15.9255Z,1.3799,1.38,0.0001,1.37995,0.1079571629348091575968708132
XRP-USD,2026-08-28T20:37:15.974654Z,1.3799,1.38,0.0001,1.37995,-0.1446325048605236980504533714
XRP-USD,2026-08-28T20:37:16.025993Z,1.3799,1.38,0.0001,1.37995,-0.1346503874245404377168726263
XRP-USD,2026-08-28T20:37:16.1179Z,1.3799,1.38,0.0001,1.37995,-0.1495867385219558144111590703
XRP-USD,2026-08-28T20:37:16.169005Z,1.3799,1.38,0.0001,1.37995,-0.1495867385219558144111590703
XRP-USD,2026-08-28T20:37:16.222218Z,1.3799,1.38,0.0001,1.37995,0.09254774374896460272992223845
XRP-USD,2026-08-28T20:37:16.240857Z,1.3799,1.38,0.0001,1.37995,-0.1624408219175629963376259120
XRP-USD,2026-08-28T20:37:16.298619Z,1.3799,1.38,0.0001,1.37995,-0.1624408219175629963376259120
XRP-USD,2026-08-28T20:37:16.437919Z,1.3799,1.38,0.0001,1.37995,0.1055932032627191884310928825
XRP-USD,2026-08-28T20:37:16.472209Z,1.3799,1.38,0.0001,1.37995,0.1054036888955523451222614765
XRP-USD,2026-08-28T20:37:16.516935Z,1.3799,1.38,0.0001,1.37995,0.1054036888955523451222614765
XRP-USD,2026-08-28T20:37:16.569612Z,1.38,1.3802,0.0002,1.3801,-0.4539236531568990321672705428
XRP-USD,2026-08-28T20:37:16.620617Z,1.38,1.3802,0.0002,1.3801,-0.4389608646061603068889483250
XRP-USD,2026-08-28T20:37:16.687965Z,1.38,1.3802,0.0002,1.3801,-0.4389608646061603068889483250
XRP-USD,2026-08-28T20:37:16.716083Z,1.38,1.3802,0.0002,1.3801,-0.4389608646061603068889483250
XRP-USD,2026-08-28T20:37:16.787198Z,1.38,1.3802,0.0002,1.3801,-0.4389608646061603068889483250
XRP-USD,2026-08-28T20:37:16.953124Z,1.38,1.3802,0.0002,1.3801,-0.3797826943719637366155373950
XRP-USD,2026-08-28T20:37:17.021776Z,1.38,1.3802,0.0002,1.3801,-0.3797826943719637366155373950
XRP-USD,2026-08-28T20:37:17.029587Z,1.38,1.3802,0.0002,1.3801,-0.3796931060366555915303946167
XRP-USD,2026-08-28T20:37:17.147822Z,1.38,1.3802,0.0002,1.3801,-0.4162085948703933177169919599
XRP-USD,2026-08-28T20:37:17.21991Z,1.38,1.3802,0.0002,1.3801,-0.3363617808238528788405236057
XRP-USD,2026-08-28T20:37:17.252274Z,1.38,1.3802,0.0002,1.3801,-0.4162085948703933177169919599
XRP-USD,2026-08-28T20:37:17.29924Z,1.38,1.3802,0.0002,1.3801,-0.4162085948703933177169919599
XRP-USD,2026-08-28T20:37:17.5154Z,1.38,1.3802,0.0002,1.3801,-0.4013979503061097951125485713
XRP-USD,2026-08-28T20:37:17.567709Z,1.3801,1.3803,0.0002,1.3802,-0.3814543299227213340948767720
XRP-USD,2026-08-28T20:37:17.62086Z,1.3801,1.3803,0.0002,1.3802,-0.3787813614425393582282731335
XRP-USD,2026-08-28T20:37:17.675453Z,1.3801,1.3803,0.0002,1.3802,-0.4389863561508028598348557036
XRP-USD,2026-08-28T20:37:17.712281Z,1.3801,1.3803,0.0002,1.3802,-0.3913382214454390120404794346
XRP-USD,2026-08-28T20:37:17.775915Z,1.3801,1.3803,0.0002,1.3802,-0.3913382214454390120404794346
XRP-USD,2026-08-28T20:37:17.816949Z,1.3801,1.3803,0.0002,1.3802,-0.3913382214454390120404794346
XRP-USD,2026-08-28T20:37:17.946176Z,1.3801,1.3803,0.0002,1.3802,-0.4494552532894043664272535673
XRP-USD,2026-08-28T20:37:18.020014Z,1.3801,1.3803,0.0002,1.3802,-0.4014876253173012223487408995
XRP-USD,2026-08-28T20:37:18.043734Z,1.3801,1.3803,0.0002,1.3802,-0.5044991190755308071425224386
XRP-USD,2026-08-28T20:37:18.084009Z,1.3801,1.3803,0.0002,1.3802,-0.4434035493714809167567709208
XRP-USD,2026-08-28T20:37:18.166657Z,1.3801,1.3803,0.0002,1.3802,-0.4618237590247447749833083331
XRP-USD,2026-08-28T20:37:18.207281Z,1.3801,1.3803,0.0002,1.3802,-0.3505760353961199084191624337
XRP-USD,2026-08-28T20:37:18.305585Z,1.3801,1.3803,0.0002,1.3802,-0.3990530675683670144715957447
XRP-USD,2026-08-28T20:37:18.480039Z,1.3801,1.3803,0.0002,1.3802,-0.4079528299986238662911194403
XRP-USD,2026-08-28T20:37:18.49891Z,1.3801,1.3803,0.0002,1.3802,-0.4060284751744035048210196036
XRP-USD,2026-08-28T20:37:18.570816Z,1.3801,1.3803,0.0002,1.3802,-0.3205763089354781216367416566
XRP-USD,2026-08-28T20:37:18.625026Z,1.3799,1.3801,0.0002,1.3800,-0.004182308760667816260848454740
XRP-USD,2026-08-28T20:37:18.668145Z,1.3799,1.3801,0.0002,1.3800,0.004351150628146559686224145071
XRP-USD,2026-08-28T20:37:18.721571Z,1.3799,1.3801,0.0002,1.3800,0.004351150628146559686224145071
XRP-USD,2026-08-28T20:37:18.771172Z,1.3799,1.3801,0.0002,1.3800,0.05358378081023855461928097920
XRP-USD,2026-08-28T20:37:19.031814Z,1.38,1.3802,0.0002,1.3801,-0.2453405933819293164895599585
XRP-USD,2026-08-28T20:37:19.078135Z,1.38,1.3802,0.0002,1.3801,-0.2453405933819293164895599585
XRP-USD,2026-08-28T20:37:19.119798Z,1.38,1.3802,0.0002,1.3801,-0.2203331050926636411409299329
XRP-USD,2026-08-28T20:37:19.155236Z,1.38,1.3802,0.0002,1.3801,-0.3033944950301423570705667677
XRP-USD,2026-08-28T20:37:19.219879Z,1.38,1.3802,0.0002,1.3801,-0.3033944950301423570705667677
XRP-USD,2026-08-28T20:37:19.255866Z,1.38,1.3802,0.0002,1.3801,-0.3033944950301423570705667677
XRP-USD,2026-08-28T20:37:19.569545Z,1.3802,1.3804,0.0002,1.3803,-0.3642630741039197138678736747
XRP-USD,2026-08-28T20:37:19.633363Z,1.3802,1.3804,0.0002,1.3803,-0.3134759180996905741440945316
XRP-USD,2026-08-28T20:37:19.671685Z,1.3801,1.3804,0.0003,1.38025,-0.1477255723765527605710894865
XRP-USD,2026-08-28T20:37:19.718683Z,1.3801,1.3804,0.0003,1.38025,-0.1477255723765527605710894865
XRP-USD,2026-08-28T20:37:19.766687Z,1.3802,1.3804,0.0002,1.3803,-0.4252091415433504494968426804
XRP-USD,2026-08-28T20:37:19.822568Z,1.3802,1.3803,0.0001,1.38025,-0.1787133329818656847087104284
XRP-USD,2026-08-28T20:37:19.866659Z,1.3802,1.3803,0.0001,1.38025,-0.1768810753189817601706713049
XRP-USD,2026-08-28T20:37:19.900609Z,1.3802,1.3803,0.0001,1.38025,-0.1768810753189817601706713049
XRP-USD,2026-08-28T20:37:19.941751Z,1.3802,1.3803,0.0001,1.38025,-0.1768810753189817601706713049
XRP-USD,2026-08-28T20:37:20.023492Z,1.3802,1.3803,0.0001,1.38025,-0.1768810753189817601706713049
XRP-USD,2026-08-28T20:37:20.072462Z,1.3802,1.3803,0.0001,1.38025,-0.1823514230249168472600082558
XRP-USD,2026-08-28T20:37:20.125192Z,1.3802,1.3803,0.0001,1.38025,-0.1823514230249168472600082558
XRP-USD,2026-08-28T20:37:20.160327Z,1.3802,1.3803,0.0001,1.38025,-0.1823514230249168472600082558
XRP-USD,2026-08-28T20:37:20.221946Z,1.3803,1.3804,0.0001,1.38035,-0.3923787834465567131489025695
XRP-USD,2026-08-28T20:37:20.26571Z,1.3803,1.3804,0.0001,1.38035,-0.3721655551560484737888583556
XRP-USD,2026-08-28T20:37:20.32342Z,1.3803,1.3804,0.0001,1.38035,-0.2423132443303374529861852610
XRP-USD,2026-08-28T20:37:20.36136Z,1.3803,1.3804,0.0001,1.38035,-0.3046859536712034374315226352
XRP-USD,2026-08-28T20:37:20.414087Z,1.3803,1.3804,0.0001,1.38035,-0.1489819448750321793660108696
XRP-USD,2026-08-28T20:37:20.46256Z,1.3803,1.3804,0.0001,1.38035,-0.1341502684156293982756433945
XRP-USD,2026-08-28T20:37:20.5195Z,1.3803,1.3804,0.0001,1.38035,0.5477393146942992719163469038
XRP-USD,2026-08-28T20:37:20.568189Z,1.3804,1.3806,0.0002,1.3805,0.06899646448806299134356499507
XRP-USD,2026-08-28T20:37:20.617877Z,1.3804,1.3806,0.0002,1.3805,0.07782411800732380028847077572
XRP-USD,2026-08-28T20:37:20.664957Z,1.3804,1.3806,0.0002,1.3805,0.1309810744041332764181630279
XRP-USD,2026-08-28T20:37:20.711403Z,1.3804,1.3806,0.0002,1.3805,0.07956983047615715300886660550
XRP-USD,2026-08-28T20:37:20.775244Z,1.3804,1.3806,0.0002,1.3805,0.1445859143118865830451607099
XRP-USD,2026-08-28T20:37:20.825379Z,1.3804,1.3806,0.0002,1.3805,0.09293756483417444041815663812
XRP-USD,2026-08-28T20:37:20.872008Z,1.3804,1.3806,0.0002,1.3805,0.08782578223647183629175395905
XRP-USD,2026-08-28T20:37:20.89607Z,1.3804,1.3806,0.0002,1.3805,0.1037057009326500553445626293
XRP-USD,2026-08-28T20:37:20.971061Z,1.3804,1.3806,0.0002,1.3805,0.05099210350015221697316337564
XRP-USD,2026-08-28T20:37:21.021505Z,1.3804,1.3806,0.0002,1.3805,0.05099210350015221697316337564
XRP-USD,2026-08-28T20:37:21.066193Z,1.3804,1.3806,0.0002,1.3805,0.08687933874196935128375161915
XRP-USD,2026-08-28T20:37:21.100335Z,1.3804,1.3806,0.0002,1.3805,0.03088122179254973959337308098
XRP-USD,2026-08-28T20:37:21.173124Z,1.3804,1.3806,0.0002,1.3805,0.02643577507708259427832816679
XRP-USD,2026-08-28T20:37:21.21994Z,1.3804,1.3806,0.0002,1.3805,0.02643577507708259427832816679
XRP-USD,2026-08-28T20:37:21.269819Z,1.3804,1.3806,0.0002,1.3805,0.06545407210005037523734483760
XRP-USD,2026-08-28T20:37:21.471587Z,1.3804,1.3806,0.0002,1.3805,0.1238585771143010553359069689
XRP-USD,2026-08-28T20:37:21.489132Z,1.3804,1.3806,0.0002,1.3805,0.1238585771143010553359069689
XRP-USD,2026-08-28T20:37:21.530492Z,1.3804,1.3806,0.0002,1.3805,0.07232960278088779525874329260
XRP-USD,2026-08-28T20:37:21.671279Z,1.3804,1.3806,0.0002,1.3805,0.01551695040465963873773507138
XRP-USD,2026-08-28T20:37:21.71823Z,1.3804,1.3806,0.0002,1.3805,0.05769407082009665532963302917
XRP-USD,2026-08-28T20:37:21.723331Z,1.3804,1.3806,0.0002,1.3805,0.05233762869180992122438635870
XRP-USD,2026-08-28T20:37:21.989754Z,1.3804,1.3806,0.0002,1.3805,0.05233762869180992122438635870
XRP-USD,2026-08-28T20:37:21.993791Z,1.3804,1.3806,0.0002,1.3805,0.05233762869180992122438635870
XRP-USD,2026-08-28T20:37:22.070663Z,1.3804,1.3806,0.0002,1.3805,0.05233762869180992122438635870
XRP-USD,2026-08-28T20:37:22.086372Z,1.3804,1.3806,0.0002,1.3805,0.05233762869180992122438635870
XRP-USD,2026-08-28T20:37:22.242749Z,1.3804,1.3806,0.0002,1.3805,0.05233762869180992122438635870
XRP-USD,2026-08-28T20:37:22.301752Z,1.3804,1.3806,0.0002,1.3805,0.05233762869180992122438635870
XRP-USD,2026-08-28T20:37:22.383644Z,1.3803,1.3806,0.0003,1.38045,0.1660346704996807471820194470
XRP-USD,2026-08-28T20:37:22.433231Z,1.3803,1.3806,0.0003,1.38045,0.1791657700954163053028035747
XRP-USD,2026-08-28T20:37:22.43834Z,1.3803,1.3806,0.0003,1.38045,0.1791657700954163053028035747
XRP-USD,2026-08-28T20:37:22.529338Z,1.3803,1.3806,0.0003,1.38045,0.005492803791019604565561978187
XRP-USD,2026-08-28T20:37:22.567504Z,1.3803,1.3806,0.0003,1.38045,0.005492803791019604565561978187
XRP-USD,2026-08-28T20:37:22.587853Z,1.3803,1.3806,0.0003,1.38045,0.005492803791019604565561978187
XRP-USD,2026-08-28T20:37:22.652364Z,1.3803,1.3806,0.0003,1.38045,-0.05099010936050943966143291528
XRP-USD,2026-08-28T20:37:22.74366Z,1.3803,1.3806,0.0003,1.38045,-0.05099010936050943966143291528
XRP-USD,2026-08-28T20:37:22.882734Z,1.3803,1.3806,0.0003,1.38045,0.1357743874391406756569924848
XRP-USD,2026-08-28T20:37:22.927889Z,1.3804,1.3806,0.0002,1.3805,0.03159172986036010532807421469
XRP-USD,2026-08-28T20:37:23.024513Z,1.3804,1.3806,0.0002,1.3805,0.03179772908312276615310729124
XRP-USD,2026-08-28T20:37:23.081506Z,1.3804,1.3806,0.0002,1.3805,0.03159172986036010532807421469
XRP-USD,2026-08-28T20:37:23.132809Z,1.3804,1.3806,0.0002,1.3805,0.03159172986036010532807421469
XRP-USD,2026-08-28T20:37:23.138559Z,1.3804,1.3806,0.0002,1.3805,0.03159172986036010532807421469
XRP-USD,2026-08-28T20:37:23.221794Z,1.3804,1.3806,0.0002,1.3805,0.1733959327914282052094020950
XRP-USD,2026-08-28T20:37:23.358623Z,1.3804,1.3806,0.0002,1.3805,0.1631840541433573129100335884
XRP-USD,2026-08-28T20:37:23.524301Z,1.3804,1.3806,0.0002,1.3805,0.1631553286821236244044727136
XRP-USD,2026-08-28T20:37:23.571595Z,1.3804,1.3806,0.0002,1.3805,0.1141603793793064862444231791
XRP-USD,2026-08-28T20:37:23.595277Z,1.3804,1.3806,0.0002,1.3805,0.1631553286821236244044727136
XRP-USD,2026-08-28T20:37:23.761943Z,1.3803,1.3806,0.0003,1.38045,0.007377353551160466428879356062
XRP-USD,2026-08-28T20:37:23.791211Z,1.3803,1.3806,0.0003,1.38045,0.007377353551160466428879356062
XRP-USD,2026-08-28T20:37:23.844544Z,1.3803,1.3806,0.0003,1.38045,0.007377353551160466428879356062
XRP-USD,2026-08-28T20:37:23.860057Z,1.3803,1.3806,0.0003,1.38045,-0.002225179013891053142832089556
XRP-USD,2026-08-28T20:37:23.979734Z,1.3803,1.3806,0.0003,1.38045,-0.01238951316662576572803027638
XRP-USD,2026-08-28T20:37:24.021701Z,1.3802,1.3804,0.0002,1.3803,0.1869661259791943946080736586
XRP-USD,2026-08-28T20:37:24.059032Z,1.3802,1.3804,0.0002,1.3803,0.1839210358434562637551074684
XRP-USD,2026-08-28T20:37:24.121943Z,1.3802,1.3804,0.0002,1.3803,0.03025968992360990590240840345
XRP-USD,2026-08-28T20:37:24.1641Z,1.3802,1.3804,0.0002,1.3803,-0.08288070062278168959971229086
XRP-USD,2026-08-28T20:37:24.222225Z,1.3802,1.3804,0.0002,1.3803,-0.07760397247587123342196331114
XRP-USD,2026-08-28T20:37:24.269967Z,1.3802,1.3804,0.0002,1.3803,-0.01582683509262953881235801661
XRP-USD,2026-08-28T20:37:24.390813Z,1.3803,1.3804,0.0001,1.38035,-0.09008313303658095973157822619
XRP-USD,2026-08-28T20:37:24.500116Z,1.3802,1.3804,0.0002,1.3803,-0.003098083257747466092156498982
XRP-USD,2026-08-28T20:37:24.552405Z,1.3802,1.3804,0.0002,1.3803,-0.003098083257747466092156498982
XRP-USD,2026-08-28T20:37:24.63654Z,1.3802,1.3804,0.0002,1.3803,-0.02018714267271975756838052976
XRP-USD,2026-08-28T20:37:24.663672Z,1.3802,1.3804,0.0002,1.3803,-0.02018714267271975756838052976
XRP-USD,2026-08-28T20:37:24.822219Z,1.3801,1.3804,0.0003,1.38025,0.04097506588501030131960050636
XRP-USD,2026-08-28T20:37:24.861519Z,1.3802,1.3804,0.0002,1.3803,-0.2515082279786747146998034998
XRP-USD,2026-08-28T20:37:24.919721Z,1.3801,1.3804,0.0003,1.38025,-0.02908117458597049758550665048
XRP-USD,2026-08-28T20:37:24.979038Z,1.3801,1.3804,0.0003,1.38025,-0.01300646530355479879194075095
XRP-USD,2026-08-28T20:37:25.010433Z,1.3801,1.3804,0.0003,1.38025,-0.2024786865918482131114158917
XRP-USD,2026-08-28T20:37:25.043064Z,1.3801,1.3803,0.0002,1.3802,-0.05726344500439171482883976455
XRP-USD,2026-08-28T20:37:25.104034Z,1.3801,1.3804,0.0003,1.38025,-0.2193837978906506544845197972
XRP-USD,2026-08-28T20:37:25.162282Z,1.3801,1.3804,0.0003,1.38025,-0.09496271603186820414145645019
XRP-USD,2026-08-28T20:37:25.214621Z,1.3801,1.3804,0.0003,1.38025,-0.1083046378286433874588111766
XRP-USD,2026-08-28T20:37:25.270699Z,1.38,1.3802,0.0002,1.3801,-0.4350811735646844738164256166
XRP-USD,2026-08-28T20:37:25.307864Z,1.38,1.3802,0.0002,1.3801,-0.4174771742961299784705165841
XRP-USD,2026-08-28T20:37:25.352215Z,1.3801,1.3802,0.0001,1.38015,-0.1085655995275965303274613202
XRP-USD,2026-08-28T20:37:25.422144Z,1.3801,1.3804,0.0003,1.38025,-0.2992808092050912270408184889
XRP-USD,2026-08-28T20:37:25.461747Z,1.3801,1.3804,0.0003,1.38025,-0.2865292358851166386791648617
XRP-USD,2026-08-28T20:37:25.520451Z,1.3801,1.3804,0.0003,1.38025,-0.2395069718423683031046246243
XRP-USD,2026-08-28T20:37:25.551812Z,1.3801,1.3804,0.0003,1.38025,-0.3295820115710449731779096061
XRP-USD,2026-08-28T20:37:25.604993Z,1.3801,1.3804,0.0003,1.38025,-0.3295820115710449731779096061
XRP-USD,2026-08-28T20:37:25.642284Z,1.3801,1.3803,0.0002,1.3802,-0.06955193440445084404570651735
XRP-USD,2026-08-28T20:37:25.709696Z,1.3801,1.3803,0.0002,1.3802,-0.06955193440445084404570651735
XRP-USD,2026-08-28T20:37:25.773201Z,1.3801,1.3804,0.0003,1.38025,-0.2842268583129461432133615616
XRP-USD,2026-08-28T20:37:25.823296Z,1.3801,1.3804,0.0003,1.38025,-0.1014376936975774834645554414
XRP-USD,2026-08-28T20:37:25.8677Z,1.3802,1.3804,0.0002,1.3803,-0.3742360423467570155219357998
XRP-USD,2026-08-28T20:37:25.919451Z,1.3801,1.3804,0.0003,1.38025,-0.1178710927863122265151072407
XRP-USD,2026-08-28T20:37:25.956478Z,1.3801,1.3804,0.0003,1.38025,-0.06183195925725477171183000659
XRP-USD,2026-08-28T20:37:26.019584Z,1.3801,1.3804,0.0003,1.38025,-0.1172606913969486625352184761
XRP-USD,2026-08-28T20:37:26.025239Z,1.3801,1.3804,0.0003,1.38025,-0.1171035102764243047805635992
XRP-USD,2026-08-28T20:37:26.128634Z,1.3801,1.3804,0.0003,1.38025,-0.1173561663644347216287283748
XRP-USD,2026-08-28T20:37:26.17422Z,1.3801,1.3804,0.0003,1.38025,-0.1173561663644347216287283748
XRP-USD,2026-08-28T20:37:26.225852Z,1.3801,1.3804,0.0003,1.38025,-0.02122112190194352400058375581
XRP-USD,2026-08-28T20:37:26.262144Z,1.3801,1.3804,0.0003,1.38025,-0.04945618970586702268246191465
XRP-USD,2026-08-28T20:37:26.323524Z,1.3801,1.3804,0.0003,1.38025,-0.02442305030222512405811651593
XRP-USD,2026-08-28T20:37:26.446929Z,1.3803,1.3805,0.0002,1.3804,-0.3387181316936956237536893219
XRP-USD,2026-08-28T20:37:26.474434Z,1.3803,1.3805,0.0002,1.3804,-0.3387181316936956237536893219
XRP-USD,2026-08-28T20:37:26.567563Z,1.3803,1.3805,0.0002,1.3804,-0.3607203009393362396031270653
XRP-USD,2026-08-28T20:37:26.626116Z,1.3803,1.3805,0.0002,1.3804,-0.3467074175882162140948693911
XRP-USD,2026-08-28T20:37:26.680411Z,1.3803,1.3805,0.0002,1.3804,-0.3500039429676593572292866603
XRP-USD,2026-08-28T20:37:26.77937Z,1.3803,1.3805,0.0002,1.3804,-0.3500039429676593572292866603
XRP-USD,2026-08-28T20:37:26.802981Z,1.3803,1.3805,0.0002,1.3804,-0.3500039429676593572292866603
XRP-USD,2026-08-28T20:37:26.881697Z,1.3803,1.3805,0.0002,1.3804,-0.3500039429676593572292866603
XRP-USD,2026-08-28T20:37:26.932168Z,1.3803,1.3805,0.0002,1.3804,-0.3298722693258167367261676098
XRP-USD,2026-08-28T20:37:26.961379Z,1.3803,1.3805,0.0002,1.3804,-0.3298722693258167367261676098
XRP-USD,2026-08-28T20:37:27.019894Z,1.3803,1.3805,0.0002,1.3804,-0.3297214253614972380505973288
XRP-USD,2026-08-28T20:37:27.028494Z,1.3803,1.3805,0.0002,1.3804,-0.3297214253614972380505973288
XRP-USD,2026-08-28T20:37:27.122432Z,1.3803,1.3805,0.0002,1.3804,-0.3297214253614972380505973288
XRP-USD,2026-08-28T20:37:27.179086Z,1.3803,1.3805,0.0002,1.3804,-0.3296980966995530537481074832
XRP-USD,2026-08-28T20:37:27.28074Z,1.3803,1.3806,0.0003,1.38045,-0.3760299480610684119433121721
XRP-USD,2026-08-28T20:37:27.327884Z,1.3804,1.3805,0.0001,1.38045,-0.3290582624799198152340615511
XRP-USD,2026-08-28T20:37:27.37917Z,1.3804,1.3805,0.0001,1.38045,-0.3290582624799198152340615511
XRP-USD,2026-08-28T20:37:27.431668Z,1.3804,1.3806,0.0002,1.3805,-0.3745832579670390040281838995
XRP-USD,2026-08-28T20:37:27.475086Z,1.3804,1.3806,0.0002,1.3805,-0.3666401817159448848889319696
XRP-USD,2026-08-28T20:37:27.529435Z,1.3804,1.3806,0.0002,1.3805,-0.4709205681550199676438288207
XRP-USD,2026-08-28T20:37:27.572026Z,1.3804,1.3806,0.0002,1.3805,-0.4880092533967239766885153332
XRP-USD,2026-08-28T20:37:27.617321Z,1.3804,1.3806,0.0002,1.3805,-0.4880092533967239766885153332
XRP-USD,2026-08-28T20:37:27.72155Z,1.3804,1.3806,0.0002,1.3805,-0.4880092533967239766885153332
XRP-USD,2026-08-28T20:37:27.762442Z,1.3804,1.3806,0.0002,1.3805,-0.4880092533967239766885153332
XRP-USD,2026-08-28T20:37:27.869462Z,1.3804,1.3806,0.0002,1.3805,-0.3557996992755043685224796529
XRP-USD,2026-08-28T20:37:27.918918Z,1.3804,1.3806,0.0002,1.3805,-0.3412385246916008397125515535
XRP-USD,2026-08-28T20:37:27.959143Z,1.3804,1.3806,0.0002,1.3805,-0.3412385246916008397125515535
XRP-USD,2026-08-28T20:37:28.019432Z,1.3804,1.3806,0.0002,1.3805,-0.3412385246916008397125515535
XRP-USD,2026-08-28T20:37:28.07256Z,1.3804,1.3806,0.0002,1.3805,-0.3435884595785102440928881335
XRP-USD,2026-08-28T20:37:28.165554Z,1.3804,1.3806,0.0002,1.3805,-0.3435884595785102440928881335
XRP-USD,2026-08-28T20:37:28.254806Z,1.3804,1.3806,0.0002,1.3805,-0.3293621518102242736084890066
XRP-USD,2026-08-28T20:37:28.332819Z,1.3804,1.3806,0.0002,1.3805,-0.2445161879678751933067934006
XRP-USD,2026-08-28T20:37:28.37302Z,1.3804,1.3806,0.0002,1.3805,-0.3172785254961681047047651414
XRP-USD,2026-08-28T20:37:28.457142Z,1.3805,1.3806,0.0001,1.38055,-0.3980317777210781428489240899
XRP-USD,2026-08-28T20:37:28.519564Z,1.3804,1.3806,0.0002,1.3805,-0.3172785254961681047047651414
XRP-USD,2026-08-28T20:37:28.524924Z,1.3804,1.3806,0.0002,1.3805,-0.2446565685781021164753500226
XRP-USD,2026-08-28T20:37:28.669423Z,1.3804,1.3806,0.0002,1.3805,-0.3172785254961681047047651414
XRP-USD,2026-08-28T20:37:28.742899Z,1.3804,1.3806,0.0002,1.3805,-0.3003312759638455922737333768
XRP-USD,2026-08-28T20:37:28.817123Z,1.3804,1.3806,0.0002,1.3805,-0.3003312759638455922737333768
XRP-USD,2026-08-28T20:37:28.843462Z,1.3804,1.3806,0.0002,1.3805,-0.3172785254961681047047651414
XRP-USD,2026-08-28T20:37:28.964993Z,1.3804,1.3806,0.0002,1.3805,-0.2446565685781021164753500226
XRP-USD,2026-08-28T20:37:29.024072Z,1.3804,1.3806,0.0002,1.3805,-0.2446565685781021164753500226
XRP-USD,2026-08-28T20:37:29.074851Z,1.3804,1.3806,0.0002,1.3805,-0.2032551722139568140021817297
XRP-USD,2026-08-28T20:37:29.223946Z,1.3804,1.3806,0.0002,1.3805,-0.08848775012840585593370907050
XRP-USD,2026-08-28T20:37:29.242811Z,1.3804,1.3806,0.0002,1.3805,-0.02784487328571342584330654944
XRP-USD,2026-08-28T20:37:29.401854Z,1.3805,1.3806,0.0001,1.38055,-0.1448088868410878862842567106
XRP-USD,2026-08-28T20:37:29.504979Z,1.3805,1.3806,0.0001,1.38055,-0.1448088868410878862842567106
XRP-USD,2026-08-28T20:37:29.549502Z,1.3805,1.3806,0.0001,1.38055,-0.1317336262522540924590514632
XRP-USD,2026-08-28T20:37:29.615174Z,1.3804,1.3807,0.0003,1.38055,-0.1886654903787652962332725218
XRP-USD,2026-08-28T20:37:29.651145Z,1.3804,1.3807,0.0003,1.38055,-0.2356278749803799119676441931
XRP-USD,2026-08-28T20:37:29.72136Z,1.3804,1.3807,0.0003,1.38055,-0.2356278749803799119676441931
XRP-USD,2026-08-28T20:37:29.817619Z,1.3804,1.3807,0.0003,1.38055,-0.1886654903787652962332725218
XRP-USD,2026-08-28T20:37:29.833191Z,1.3804,1.3807,0.0003,1.38055,-0.2356278749803799119676441931
XRP-USD,2026-08-28T20:37:29.999909Z,1.3804,1.3807,0.0003,1.38055,-0.1886654903787652962332725218
XRP-USD,2026-08-28T20:37:30.074438Z,1.3804,1.3807,0.0003,1.38055,-0.1886654903787652962332725218
XRP-USD,2026-08-28T20:37:30.09863Z,1.3804,1.3807,0.0003,1.38055,-0.1849280378641844226538339768
XRP-USD,2026-08-28T20:37:30.142683Z,1.3804,1.3807,0.0003,1.38055,-0.2025394089130531199919585881
XRP-USD,2026-08-28T20:37:30.197901Z,1.3804,1.3806,0.0002,1.3805,-0.1094716676632333759236116165
XRP-USD,2026-08-28T20:37:30.273149Z,1.3804,1.3806,0.0002,1.3805,-0.09568624628017589453403933724
XRP-USD,2026-08-28T20:37:30.300804Z,1.3804,1.3807,0.0003,1.38055,-0.2383502010218614855548252810
XRP-USD,2026-08-28T20:37:30.41452Z,1.3804,1.3807,0.0003,1.38055,-0.2290612034756362782582810187
XRP-USD,2026-08-28T20:37:30.456418Z,1.3804,1.3807,0.0003,1.38055,-0.2291613744578903301159682758
XRP-USD,2026-08-28T20:37:30.507898Z,1.3804,1.3807,0.0003,1.38055,-0.2291613744578903301159682758
XRP-USD,2026-08-28T20:37:30.578872Z,1.3804,1.3807,0.0003,1.38055,-0.2165275288820299712052091097
XRP-USD,2026-08-28T20:37:30.606911Z,1.3804,1.3807,0.0003,1.38055,-0.1949518830972502885958453197
XRP-USD,2026-08-28T20:37:30.670251Z,1.3805,1.3807,0.0002,1.3806,-0.2627989754071875653184851347
XRP-USD,2026-08-28T20:37:30.769944Z,1.3805,1.3807,0.0002,1.3806,-0.2772766647671164349362547383
XRP-USD,2026-08-28T20:37:30.826666Z,1.3805,1.3807,0.0002,1.3806,-0.2633941287680487656190567586
XRP-USD,2026-08-28T20:37:30.833214Z,1.3805,1.3807,0.0002,1.3806,-0.2633941287680487656190567586
XRP-USD,2026-08-28T20:37:30.920838Z,1.3805,1.3807,0.0002,1.3806,-0.2633941287680487656190567586
XRP-USD,2026-08-28T20:37:30.938566Z,1.3805,1.3807,0.0002,1.3806,-0.2633941287680487656190567586
XRP-USD,2026-08-28T20:37:31.07402Z,1.3805,1.3807,0.0002,1.3806,-0.2632939475111843401659146394
XRP-USD,2026-08-28T20:37:31.124921Z,1.3805,1.3807,0.0002,1.3806,-0.2632939475111843401659146394
XRP-USD,2026-08-28T20:37:31.17693Z,1.3805,1.3807,0.0002,1.3806,-0.2800054704314593394238541232
XRP-USD,2026-08-28T20:37:31.226146Z,1.3805,1.3807,0.0002,1.3806,-0.2554358629597988537253445310
XRP-USD,2026-08-28T20:37:31.319382Z,1.3805,1.3807,0.0002,1.3806,-0.2471362786575129498708973719
XRP-USD,2026-08-28T20:37:31.36378Z,1.3806,1.3809,0.0003,1.38075,-0.07620228088256439472984878465
XRP-USD,2026-08-28T20:37:31.586081Z,1.3809,1.381,0.0001,1.38095,0.4767146012103693621586334523
XRP-USD,2026-08-28T20:37:31.683277Z,1.3808,1.381,0.0002,1.3809,-0.1738107918264917758897763151
XRP-USD,2026-08-28T20:37:31.787968Z,1.3806,1.3808,0.0002,1.3807,-0.2987713887652138613398536832
XRP-USD,2026-08-28T20:37:31.977404Z,1.3805,1.3808,0.0003,1.38065,-0.05764877292977269046252193481
XRP-USD,2026-08-28T20:37:32.032838Z,1.3805,1.3808,0.0003,1.38065,-0.07204220078425202005721529529
XRP-USD,2026-08-28T20:37:32.215872Z,1.3805,1.3808,0.0003,1.38065,-0.08110572301380886667955949543
XRP-USD,2026-08-28T20:37:32.257242Z,1.3805,1.3808,0.0003,1.38065,-0.07748198756562370447120140522
XRP-USD,2026-08-28T20:37:32.29483Z,1.3805,1.3808,0.0003,1.38065,-0.05940706696435323710444570117
XRP-USD,2026-08-28T20:37:32.341434Z,1.3805,1.3808,0.0003,1.38065,0.05774040256799256411564117849
XRP-USD,2026-08-28T20:37:32.397679Z,1.3805,1.3808,0.0003,1.38065,0.05401309202226950625989776776
XRP-USD,2026-08-28T20:37:32.524166Z,1.3805,1.3808,0.0003,1.38065,0.07315271143967784679908550376
XRP-USD,2026-08-28T20:37:32.561532Z,1.3805,1.3808,0.0003,1.38065,0.07315271143967784679908550376
XRP-USD,2026-08-28T20:37:32.620104Z,1.3805,1.3808,0.0003,1.38065,0.07297871044704720402107365288
XRP-USD,2026-08-28T20:37:32.625096Z,1.3805,1.3808,0.0003,1.38065,0.07297871044704720402107365288
XRP-USD,2026-08-28T20:37:32.706038Z,1.3805,1.3808,0.0003,1.38065,-0.008261024074212738271929261237
XRP-USD,2026-08-28T20:37:32.730668Z,1.3805,1.3808,0.0003,1.38065,-0.008261024074212738271929261237
XRP-USD,2026-08-28T20:37:32.81504Z,1.3805,1.3808,0.0003,1.38065,-0.008261024074212738271929261237
XRP-USD,2026-08-28T20:37:32.841294Z,1.3805,1.3808,0.0003,1.38065,-0.008261024074212738271929261237
XRP-USD,2026-08-28T20:37:33.028111Z,1.3805,1.3808,0.0003,1.38065,-0.008261024074212738271929261237
XRP-USD,2026-08-28T20:37:33.118773Z,1.3805,1.3807,0.0002,1.3806,0.2296614687748532497508768684
XRP-USD,2026-08-28T20:37:33.147234Z,1.3805,1.3808,0.0003,1.38065,0.01983637117706471497393233699
XRP-USD,2026-08-28T20:37:33.266411Z,1.3805,1.3808,0.0003,1.38065,-0.009775998908826704144120775659
XRP-USD,2026-08-28T20:37:33.289756Z,1.3805,1.3808,0.0003,1.38065,-0.009775998908826704144120775659
XRP-USD,2026-08-28T20:37:33.427368Z,1.3805,1.3808,0.0003,1.38065,0.005786774005756437753749106554
XRP-USD,2026-08-28T20:37:33.457864Z,1.3805,1.3808,0.0003,1.38065,0.005786774005756437753749106554
XRP-USD,2026-08-28T20:37:33.519342Z,1.3805,1.3808,0.0003,1.38065,0.03599710320724947429227400338
XRP-USD,2026-08-28T20:37:33.563425Z,1.3805,1.3808,0.0003,1.38065,0.02195699903014946456147780355
XRP-USD,2026-08-28T20:37:33.621501Z,1.3805,1.3808,0.0003,1.38065,0.02195699903014946456147780355
XRP-USD,2026-08-28T20:37:33.678685Z,1.3805,1.3808,0.0003,1.38065,0.02195699903014946456147780355
XRP-USD,2026-08-28T20:37:33.737748Z,1.3805,1.3808,0.0003,1.38065,0.007956146992348844516551961780
XRP-USD,2026-08-28T20:37:33.751013Z,1.3805,1.3808,0.0003,1.38065,0.007956146992348844516551961780
XRP-USD,2026-08-28T20:37:33.828191Z,1.3805,1.3808,0.0003,1.38065,-0.01935010427988058061466238482
XRP-USD,2026-08-28T20:37:33.86798Z,1.3805,1.3808,0.0003,1.38065,-0.01935010427988058061466238482
XRP-USD,2026-08-28T20:37:33.929671Z,1.3805,1.3808,0.0003,1.38065,-0.01935010427988058061466238482
XRP-USD,2026-08-28T20:37:34.027025Z,1.3805,1.3808,0.0003,1.38065,-0.01935010427988058061466238482
XRP-USD,2026-08-28T20:37:34.27554Z,1.3805,1.3808,0.0003,1.38065,-0.01935010427988058061466238482
XRP-USD,2026-08-28T20:37:34.327035Z,1.3805,1.3808,0.0003,1.38065,-0.008095830397026702086913541994
XRP-USD,2026-08-28T20:37:34.423597Z,1.3806,1.3809,0.0003,1.38075,-0.1707529484830261087076623747
XRP-USD,2026-08-28T20:37:34.473205Z,1.3806,1.3809,0.0003,1.38075,-0.1707529484830261087076623747
XRP-USD,2026-08-28T20:37:34.522807Z,1.3806,1.3809,0.0003,1.38075,-0.1515524490971678833161998205
XRP-USD,2026-08-28T20:37:34.558503Z,1.3806,1.3809,0.0003,1.38075,-0.1758562348324274195673290520
XRP-USD,2026-08-28T20:37:34.625365Z,1.3806,1.3809,0.0003,1.38075,-0.1724698625054071258331674945
XRP-USD,2026-08-28T20:37:34.672681Z,1.3806,1.3809,0.0003,1.38075,-0.2429013273431989593345528750
XRP-USD,2026-08-28T20:37:34.714542Z,1.3806,1.3808,0.0002,1.3807,-0.2015127558137680863155017935
XRP-USD,2026-08-28T20:37:34.781863Z,1.3804,1.3808,0.0004,1.3806,0.1760332552442254687203449495
XRP-USD,2026-08-28T20:37:34.815436Z,1.3804,1.3808,0.0004,1.3806,0.1954457752023091797364456163
XRP-USD,2026-08-28T20:37:34.842287Z,1.3805,1.3808,0.0003,1.38065,-0.06782593874566617401879761376
XRP-USD,2026-08-28T20:37:34.910982Z,1.3805,1.3808,0.0003,1.38065,-0.06054068332661677125690262671
XRP-USD,2026-08-28T20:37:34.948338Z,1.3805,1.3808,0.0003,1.38065,-0.07396260200636078247408242347
XRP-USD,2026-08-28T20:37:35.026623Z,1.3805,1.3808,0.0003,1.38065,-0.07396260200636078247408242347
XRP-USD,2026-08-28T20:37:35.037358Z,1.3805,1.3808,0.0003,1.38065,-0.05714630069264623641243224361
XRP-USD,2026-08-28T20:37:35.104984Z,1.3805,1.3808,0.0003,1.38065,-0.02131904613933750599868678740
XRP-USD,2026-08-28T20:37:35.176309Z,1.3805,1.3808,0.0003,1.38065,0.003011125496547612057056801982
XRP-USD,2026-08-28T20:37:35.189096Z,1.3805,1.3808,0.0003,1.38065,0.003011125496547612057056801982
XRP-USD,2026-08-28T20:37:35.338436Z,1.3805,1.3808,0.0003,1.38065,0.003011125496547612057056801982
XRP-USD,2026-08-28T20:37:35.39683Z,1.3805,1.3808,0.0003,1.38065,-0.009843892136968161866567903090
XRP-USD,2026-08-28T20:37:35.577648Z,1.3805,1.3808,0.0003,1.38065,-0.04642955140704443547321347219
XRP-USD,2026-08-28T20:37:35.72289Z,1.3805,1.3808,0.0003,1.38065,-0.04642955140704443547321347219
XRP-USD,2026-08-28T20:37:35.772575Z,1.3806,1.3808,0.0002,1.3807,-0.2449590553084389753108951239
XRP-USD,2026-08-28T20:37:35.825225Z,1.3806,1.3809,0.0003,1.38075,-0.1723837804569359017125742298
XRP-USD,2026-08-28T20:37:35.868332Z,1.3806,1.3809,0.0003,1.38075,-0.1073831776067108697492787350
XRP-USD,2026-08-28T20:37:35.915864Z,1.3806,1.3809,0.0003,1.38075,-0.1106259345359335427488837837
XRP-USD,2026-08-28T20:37:35.946448Z,1.3806,1.3809,0.0003,1.38075,-0.1304775864455716062271498628
XRP-USD,2026-08-28T20:37:36.04605Z,1.3806,1.3809,0.0003,1.38075,-0.09971632604825602664745673446
XRP-USD,2026-08-28T20:37:36.167686Z,1.3806,1.3809,0.0003,1.38075,-0.08790518226222281706941849744
XRP-USD,2026-08-28T20:37:36.252097Z,1.3806,1.3809,0.0003,1.38075,-0.09971632604825602664745673446
XRP-USD,2026-08-28T20:37:36.310213Z,1.3806,1.3809,0.0003,1.38075,-0.09971632604825602664745673446
XRP-USD,2026-08-28T20:37:36.428255Z,1.3806,1.3809,0.0003,1.38075,-0.09971632604825602664745673446
XRP-USD,2026-08-28T20:37:36.45912Z,1.3806,1.3809,0.0003,1.38075,-0.09971632604825602664745673446
XRP-USD,2026-08-28T20:37:36.610864Z,1.3806,1.3809,0.0003,1.38075,-0.09971632604825602664745673446
XRP-USD,2026-08-28T20:37:36.679749Z,1.3806,1.3809,0.0003,1.38075,-0.08268518417358132660558597294
XRP-USD,2026-08-28T20:37:36.774571Z,1.3806,1.3809,0.0003,1.38075,-0.08268518417358132660558597294
XRP-USD,2026-08-28T20:37:36.917127Z,1.3806,1.3809,0.0003,1.38075,-0.1370969898839382166802903222
XRP-USD,2026-08-28T20:37:36.982309Z,1.3806,1.3809,0.0003,1.38075,-0.1244738582288828827829434879
XRP-USD,2026-08-28T20:37:37.024053Z,1.3806,1.3809,0.0003,1.38075,-0.1244738582288828827829434879
XRP-USD,2026-08-28T20:37:37.073476Z,1.3806,1.3809,0.0003,1.38075,-0.1246204696892417747793814388
XRP-USD,2026-08-28T20:37:37.228921Z,1.3806,1.3809,0.0003,1.38075,-0.1246204696892417747793814388
XRP-USD,2026-08-28T20:37:37.383438Z,1.3806,1.3809,0.0003,1.38075,-0.1246204696892417747793814388
XRP-USD,2026-08-28T20:37:37.387508Z,1.3806,1.3809,0.0003,1.38075,-0.1410906012884368789254003999
XRP-USD,2026-08-28T20:37:37.446207Z,1.3806,1.3809,0.0003,1.38075,-0.1410906012884368789254003999
XRP-USD,2026-08-28T20:37:37.502293Z,1.3806,1.3809,0.0003,1.38075,-0.1410906012884368789254003999
XRP-USD,2026-08-28T20:37:37.543283Z,1.3806,1.3809,0.0003,1.38075,-0.1600191286826315401037392783
XRP-USD,2026-08-28T20:37:37.691857Z,1.3806,1.3809,0.0003,1.38075,-0.1600191286826315401037392783
XRP-USD,2026-08-28T20:37:37.778579Z,1.3806,1.3808,0.0002,1.3807,-0.1115429558913960860126514304
XRP-USD,2026-08-28T20:37:37.822069Z,1.3806,1.3808,0.0002,1.3807,-0.1115429558913960860126514304
XRP-USD,2026-08-28T20:37:37.867191Z,1.3806,1.3809,0.0003,1.38075,-0.09733542800703374538389521250
XRP-USD,2026-08-28T20:37:37.924893Z,1.3806,1.3809,0.0003,1.38075,-0.1098491436082417863099154897
XRP-USD,2026-08-28T20:37:37.96112Z,1.3806,1.3809,0.0003,1.38075,-0.1670797805959391498957381617
XRP-USD,2026-08-28T20:37:38.020546Z,1.3806,1.3809,0.0003,1.38075,-0.1669350127058780669431472347
XRP-USD,2026-08-28T20:37:38.031281Z,1.3806,1.3809,0.0003,1.38075,-0.1669350127058780669431472347
XRP-USD,2026-08-28T20:37:38.114406Z,1.3806,1.3809,0.0003,1.38075,-0.1990028579439358357364187467
XRP-USD,2026-08-28T20:37:38.142054Z,1.3806,1.3809,0.0003,1.38075,-0.1846254859085726733509285910
XRP-USD,2026-08-28T20:37:38.275401Z,1.3806,1.3808,0.0002,1.3807,-0.09805185739454360683824557967
XRP-USD,2026-08-28T20:37:38.42407Z,1.3806,1.3808,0.0002,1.3807,-0.09805185739454360683824557967
XRP-USD,2026-08-28T20:37:38.447973Z,1.3806,1.3808,0.0002,1.3807,-0.09945626230972039503098897352
XRP-USD,2026-08-28T20:37:38.502933Z,1.3806,1.3808,0.0002,1.3807,-0.09945626230972039503098897352
XRP-USD,2026-08-28T20:37:38.594976Z,1.3806,1.3808,0.0002,1.3807,-0.09945626230972039503098897352
XRP-USD,2026-08-28T20:37:38.629875Z,1.3806,1.3808,0.0002,1.3807,-0.1134014819209865470905426160
XRP-USD,2026-08-28T20:37:38.870085Z,1.3806,1.3808,0.0002,1.3807,-0.1134014819209865470905426160
XRP-USD,2026-08-28T20:37:38.927276Z,1.3806,1.3808,0.0002,1.3807,-0.1124633747874939397154173805
XRP-USD,2026-08-28T20:37:39.028694Z,1.3806,1.3808,0.0002,1.3807,-0.1695290888531920267363837124
XRP-USD,2026-08-28T20:37:39.169998Z,1.3806,1.3808,0.0002,1.3807,-0.1124633747874939397154173805
XRP-USD,2026-08-28T20:37:39.326118Z,1.3806,1.3809,0.0003,1.38075,-0.1849955571035794711442628898
XRP-USD,2026-08-28T20:37:39.413562Z,1.3806,1.3809,0.0003,1.38075,-0.1665158286273608013712751223
XRP-USD,2026-08-28T20:37:39.562646Z,1.3806,1.3809,0.0003,1.38075,-0.1665158286273608013712751223
XRP-USD,2026-08-28T20:37:39.596734Z,1.3806,1.3809,0.0003,1.38075,-0.1665158286273608013712751223
XRP-USD,2026-08-28T20:37:39.673791Z,1.3806,1.3809,0.0003,1.38075,-0.1665158286273608013712751223
XRP-USD,2026-08-28T20:37:39.743864Z,1.3806,1.3809,0.0003,1.38075,-0.1665158286273608013712751223
XRP-USD,2026-08-28T20:37:39.896983Z,1.3806,1.3809,0.0003,1.38075,-0.1665158286273608013712751223
XRP-USD,2026-08-28T20:37:39.966441Z,1.3806,1.3809,0.0003,1.38075,-0.1665158286273608013712751223
XRP-USD,2026-08-28T20:37:40.023962Z,1.3806,1.3809,0.0003,1.38075,-0.1663714746388860541362822991
XRP-USD,2026-08-28T20:37:40.053391Z,1.3806,1.3809,0.0003,1.38075,-0.1663714746388860541362822991
XRP-USD,2026-08-28T20:37:40.111456Z,1.3806,1.3808,0.0002,1.3807,-0.2355364808575033548238754481
XRP-USD,2026-08-28T20:37:40.148208Z,1.3806,1.3808,0.0002,1.3807,-0.2469941425198606234770319643
XRP-USD,2026-08-28T20:37:40.204767Z,1.3806,1.3808,0.0002,1.3807,-0.2170184500886262407961354750
XRP-USD,2026-08-28T20:37:40.23357Z,1.3806,1.3808,0.0002,1.3807,-0.1472290963720897938071992687
XRP-USD,2026-08-28T20:37:40.383254Z,1.3806,1.3808,0.0002,1.3807,-0.1472290963720897938071992687
XRP-USD,2026-08-28T20:37:40.435763Z,1.3806,1.3808,0.0002,1.3807,-0.1340761815825337558767463471
XRP-USD,2026-08-28T20:37:40.559915Z,1.3806,1.3808,0.0002,1.3807,-0.1340761815825337558767463471
XRP-USD,2026-08-28T20:37:40.628321Z,1.3807,1.3808,0.0001,1.38075,-0.2619972893501326315617244961
XRP-USD,2026-08-28T20:37:40.670773Z,1.3807,1.3808,0.0001,1.38075,-0.2619972893501326315617244961
XRP-USD,2026-08-28T20:37:40.726026Z,1.3807,1.3808,0.0001,1.38075,-0.2619972893501326315617244961
XRP-USD,2026-08-28T20:37:40.77408Z,1.3807,1.3808,0.0001,1.38075,-0.2560569483864004856883852280
XRP-USD,2026-08-28T20:37:40.797874Z,1.3807,1.3808,0.0001,1.38075,-0.2560569483864004856883852280
XRP-USD,2026-08-28T20:37:40.852177Z,1.3806,1.3808,0.0002,1.3807,-0.1173461638443122086995480355
XRP-USD,2026-08-28T20:37:41.024693Z,1.3806,1.3808,0.0002,1.3807,-0.1171841608840123959572710267
XRP-USD,2026-08-28T20:37:41.031044Z,1.3806,1.3808,0.0002,1.3807,-0.1382966809371468397572773438
XRP-USD,2026-08-28T20:37:41.189277Z,1.3806,1.3808,0.0002,1.3807,-0.1382966809371468397572773438
XRP-USD,2026-08-28T20:37:41.278078Z,1.3806,1.3808,0.0002,1.3807,-0.1382966809371468397572773438
XRP-USD,2026-08-28T20:37:41.334259Z,1.3806,1.3809,0.0003,1.38075,-0.1326769966243105230840152192
XRP-USD,2026-08-28T20:37:41.372454Z,1.3806,1.3809,0.0003,1.38075,-0.1435940657634223986405540234
XRP-USD,2026-08-28T20:37:41.454611Z,1.3806,1.3809,0.0003,1.38075,-0.1435940657634223986405540234
XRP-USD,2026-08-28T20:37:41.504477Z,1.3806,1.3809,0.0003,1.38075,-0.1435940657634223986405540234
XRP-USD,2026-08-28T20:37:41.667651Z,1.3806,1.3809,0.0003,1.38075,-0.1435940657634223986405540234
XRP-USD,2026-08-28T20:37:41.719415Z,1.3806,1.3809,0.0003,1.38075,-0.1435940657634223986405540234
XRP-USD,2026-08-28T20:37:41.767794Z,1.3806,1.3809,0.0003,1.38075,-0.1435940657634223986405540234
XRP-USD,2026-08-28T20:37:41.836395Z,1.3806,1.3809,0.0003,1.38075,-0.1435940657634223986405540234
XRP-USD,2026-08-28T20:37:41.84588Z,1.3806,1.3809,0.0003,1.38075,-0.1435940657634223986405540234
XRP-USD,2026-08-28T20:37:41.903871Z,1.3806,1.3809,0.0003,1.38075,-0.1435940657634223986405540234
XRP-USD,2026-08-28T20:37:41.960117Z,1.3806,1.3809,0.0003,1.38075,-0.1435940657634223986405540234
XRP-USD,2026-08-28T20:37:42.022436Z,1.3806,1.3809,0.0003,1.38075,-0.1435940657634223986405540234
XRP-USD,2026-08-28T20:37:42.027661Z,1.3807,1.3809,0.0002,1.3808,-0.2713806358089027881418858788
XRP-USD,2026-08-28T20:37:42.114712Z,1.3807,1.3809,0.0002,1.3808,-0.2713806358089027881418858788
XRP-USD,2026-08-28T20:37:42.156727Z,1.3807,1.3809,0.0002,1.3808,-0.2713806358089027881418858788
XRP-USD,2026-08-28T20:37:42.270765Z,1.3807,1.3809,0.0002,1.3808,-0.2713806358089027881418858788
XRP-USD,2026-08-28T20:37:42.283558Z,1.3807,1.3809,0.0002,1.3808,-0.2525064821574929549441866866
XRP-USD,2026-08-28T20:37:42.348803Z,1.3807,1.3809,0.0002,1.3808,-0.2526452640222769995014138485
XRP-USD,2026-08-28T20:37:42.43594Z,1.3807,1.3809,0.0002,1.3808,-0.2486374263884887556417061869
XRP-USD,2026-08-28T20:37:42.440279Z,1.3807,1.3809,0.0002,1.3808,-0.2601840838603678394611079684
XRP-USD,2026-08-28T20:37:42.525899Z,1.3807,1.3809,0.0002,1.3808,-0.2114468715910183644302955833
XRP-USD,2026-08-28T20:37:42.57682Z,1.3807,1.381,0.0003,1.38085,-0.4142296369008001895395561963
XRP-USD,2026-08-28T20:37:42.638176Z,1.3807,1.381,0.0003,1.38085,-0.4142296369008001895395561963
XRP-USD,2026-08-28T20:37:42.675428Z,1.3807,1.381,0.0003,1.38085,-0.4142296369008001895395561963
XRP-USD,2026-08-28T20:37:42.729257Z,1.3807,1.381,0.0003,1.38085,-0.4142296369008001895395561963
XRP-USD,2026-08-28T20:37:42.781106Z,1.3807,1.381,0.0003,1.38085,-0.4142296369008001895395561963
XRP-USD,2026-08-28T20:37:42.833608Z,1.3807,1.381,0.0003,1.38085,-0.4142296369008001895395561963
XRP-USD,2026-08-28T20:37:42.842097Z,1.3807,1.381,0.0003,1.38085,-0.4142296369008001895395561963
XRP-USD,2026-08-28T20:37:42.923614Z,1.3807,1.381,0.0003,1.38085,-0.4142296369008001895395561963
XRP-USD,2026-08-28T20:37:42.979186Z,1.3807,1.381,0.0003,1.38085,-0.4142296369008001895395561963
XRP-USD,2026-08-28T20:37:43.027855Z,1.3807,1.381,0.0003,1.38085,-0.4141404670615213949526483896
XRP-USD,2026-08-28T20:37:43.063319Z,1.3807,1.381,0.0003,1.38085,-0.4000123776211914978342872252
XRP-USD,2026-08-28T20:37:43.100774Z,1.3807,1.381,0.0003,1.38085,-0.3268512521581101364433748877
XRP-USD,2026-08-28T20:37:43.167958Z,1.3807,1.381,0.0003,1.38085,-0.3268512521581101364433748877
XRP-USD,2026-08-28T20:37:43.229224Z,1.3807,1.381,0.0003,1.38085,-0.3268512521581101364433748877
XRP-USD,2026-08-28T20:37:43.259995Z,1.3807,1.381,0.0003,1.38085,-0.3268512521581101364433748877
XRP-USD,2026-08-28T20:37:43.4138Z,1.3807,1.381,0.0003,1.38085,-0.3269500306719900514828841720
XRP-USD,2026-08-28T20:37:43.476276Z,1.3807,1.381,0.0003,1.38085,-0.3269500306719900514828841720
XRP-USD,2026-08-28T20:37:43.524575Z,1.3807,1.381,0.0003,1.38085,-0.3453994257292075334402357447
XRP-USD,2026-08-28T20:37:43.575543Z,1.3807,1.381,0.0003,1.38085,-0.3453994257292075334402357447
XRP-USD,2026-08-28T20:37:43.606653Z,1.3807,1.381,0.0003,1.38085,-0.3453994257292075334402357447
XRP-USD,2026-08-28T20:37:43.685019Z,1.3807,1.381,0.0003,1.38085,-0.3453994257292075334402357447
XRP-USD,2026-08-28T20:37:43.730431Z,1.3807,1.381,0.0003,1.38085,-0.3453994257292075334402357447
XRP-USD,2026-08-28T20:37:43.783468Z,1.3808,1.381,0.0002,1.3809,0.2756616921006205629100926574
XRP-USD,2026-08-28T20:37:43.827011Z,1.3807,1.3809,0.0002,1.3808,0.4681053043566541694649897246
XRP-USD,2026-08-28T20:37:43.879712Z,1.3807,1.381,0.0003,1.38085,0.1444185546959245270390012367
XRP-USD,2026-08-28T20:37:43.929512Z,1.3807,1.381,0.0003,1.38085,-0.09819198182407316719294781685
XRP-USD,2026-08-28T20:37:43.981374Z,1.3807,1.3809,0.0002,1.3808,0.08326304271664584775285720310
XRP-USD,2026-08-28T20:37:44.027523Z,1.3807,1.3809,0.0002,1.3808,0.08347886466662083768872702036
XRP-USD,2026-08-28T20:37:44.068213Z,1.3807,1.3809,0.0002,1.3808,0.08347886466662083768872702036
XRP-USD,2026-08-28T20:37:44.120057Z,1.3807,1.3809,0.0002,1.3808,0.08347886466662083768872702036
XRP-USD,2026-08-28T20:37:44.203375Z,1.3807,1.3809,0.0002,1.3808,0.08347886466662083768872702036
XRP-USD,2026-08-28T20:37:44.300486Z,1.3807,1.3809,0.0002,1.3808,0.04352883313807702211835660491
XRP-USD,2026-08-28T20:37:44.348607Z,1.3807,1.3809,0.0002,1.3808,0.03120520851500911090421111794
XRP-USD,2026-08-28T20:37:44.436029Z,1.3807,1.3809,0.0002,1.3808,0.03120520851500911090421111794
XRP-USD,2026-08-28T20:37:44.473956Z,1.3807,1.3809,0.0002,1.3808,0.03100480851078821838329416435
XRP-USD,2026-08-28T20:37:44.478749Z,1.3807,1.3809,0.0002,1.3808,0.03100480851078821838329416435
XRP-USD,2026-08-28T20:37:44.619994Z,1.3807,1.3809,0.0002,1.3808,0.03100480851078821838329416435
XRP-USD,2026-08-28T20:37:44.678929Z,1.3807,1.3809,0.0002,1.3808,0.03100480851078821838329416435
XRP-USD,2026-08-28T20:37:44.755495Z,1.3807,1.3809,0.0002,1.3808,0.03100480851078821838329416435
XRP-USD,2026-08-28T20:37:44.824884Z,1.3807,1.3809,0.0002,1.3808,0.04332861738606755038561396956
XRP-USD,2026-08-28T20:37:44.857471Z,1.3807,1.3809,0.0002,1.3808,0.04332861738606755038561396956
XRP-USD,2026-08-28T20:37:44.900811Z,1.3807,1.3809,0.0002,1.3808,0.1003592208632299107412332819
XRP-USD,2026-08-28T20:37:44.977542Z,1.3807,1.3809,0.0002,1.3808,0.1003592208632299107412332819
XRP-USD,2026-08-28T20:37:45.027018Z,1.3807,1.3809,0.0002,1.3808,0.1005660066553332567502698254
XRP-USD,2026-08-28T20:37:45.080225Z,1.3807,1.3809,0.0002,1.3808,0.08922036498687812572286634589
XRP-USD,2026-08-28T20:37:45.123633Z,1.3807,1.3809,0.0002,1.3808,0.05144606929016349720427466261
XRP-USD,2026-08-28T20:37:45.128713Z,1.3807,1.3809,0.0002,1.3808,0.05144606929016349720427466261
XRP-USD,2026-08-28T20:37:45.373518Z,1.3807,1.3809,0.0002,1.3808,0.06695971688261615854308342464
XRP-USD,2026-08-28T20:37:45.415108Z,1.3807,1.3809,0.0002,1.3808,0.05144606929016349720427466261
XRP-USD,2026-08-28T20:37:45.440866Z,1.3807,1.3809,0.0002,1.3808,0.03253101308641984536864486481
XRP-USD,2026-08-28T20:37:45.514908Z,1.3807,1.3809,0.0002,1.3808,0.04787327724536174358156513627
XRP-USD,2026-08-28T20:37:45.615734Z,1.3807,1.3809,0.0002,1.3808,0.06544781130868231627947535484
XRP-USD,2026-08-28T20:37:45.781136Z,1.3807,1.3809,0.0002,1.3808,0.06544781130868231627947535484
XRP-USD,2026-08-28T20:37:45.784862Z,1.3807,1.3809,0.0002,1.3808,0.04787327724536174358156513627
XRP-USD,2026-08-28T20:37:45.959911Z,1.3807,1.3809,0.0002,1.3808,0.04787327724536174358156513627
XRP-USD,2026-08-28T20:37:46.078956Z,1.3807,1.3809,0.0002,1.3808,0.04807394147915543481643718844
XRP-USD,2026-08-28T20:37:46.116139Z,1.3808,1.381,0.0002,1.3809,-0.1818702786083819252014756747
XRP-USD,2026-08-28T20:37:46.172038Z,1.3807,1.3809,0.0002,1.3808,0.05508155770181184573555326774
XRP-USD,2026-08-28T20:37:46.21952Z,1.3808,1.3809,0.0001,1.38085,-0.05122607012986178009184341958
XRP-USD,2026-08-28T20:37:46.278235Z,1.3808,1.3809,0.0001,1.38085,-0.05122607012986178009184341958
XRP-USD,2026-08-28T20:37:46.28601Z,1.3808,1.3809,0.0001,1.38085,-0.05122607012986178009184341958
XRP-USD,2026-08-28T20:37:46.426848Z,1.3808,1.3809,0.0001,1.38085,-0.05122607012986178009184341958
XRP-USD,2026-08-28T20:37:46.446105Z,1.3808,1.3809,0.0001,1.38085,-0.03650916761394353651988758443
XRP-USD,2026-08-28T20:37:46.532354Z,1.3807,1.3809,0.0002,1.3808,0.06698926386272102887481057331
XRP-USD,2026-08-28T20:37:46.582918Z,1.3807,1.3809,0.0002,1.3808,0.08231689769477633680752898963
XRP-USD,2026-08-28T20:37:46.624517Z,1.3807,1.3809,0.0002,1.3808,0.09725492307340036319062091034
XRP-USD,2026-08-28T20:37:46.71062Z,1.3807,1.381,0.0003,1.38085,-0.1215060639874735370738997627
XRP-USD,2026-08-28T20:37:46.750981Z,1.3807,1.381,0.0003,1.38085,-0.1215060639874735370738997627
XRP-USD,2026-08-28T20:37:46.814642Z,1.3807,1.3809,0.0002,1.3808,0.03051401682811401151810559804
XRP-USD,2026-08-28T20:37:46.867596Z,1.3807,1.3809,0.0002,1.3808,0.06461098747159803739305272786
XRP-USD,2026-08-28T20:37:46.921756Z,1.3807,1.3809,0.0002,1.3808,0.05276446330037503378751271604
XRP-USD,2026-08-28T20:37:46.934479Z,1.3807,1.3809,0.0002,1.3808,0.03733398580804460244161973198
XRP-USD,2026-08-28T20:37:47.02227Z,1.3807,1.3809,0.0002,1.3808,0.03733398580804460244161973198
XRP-USD,2026-08-28T20:37:47.072067Z,1.3807,1.3809,0.0002,1.3808,0.02215611482853907102256927838
XRP-USD,2026-08-28T20:37:47.111398Z,1.3807,1.3809,0.0002,1.3808,0.02215611482853907102256927838
XRP-USD,2026-08-28T20:37:47.141125Z,1.3807,1.3809,0.0002,1.3808,0.04095675015400886979496777257
XRP-USD,2026-08-28T20:37:47.184024Z,1.3807,1.3809,0.0002,1.3808,0.04095675015400886979496777257
XRP-USD,2026-08-28T20:37:47.290649Z,1.3807,1.3809,0.0002,1.3808,0.05889596731857615514773123387
XRP-USD,2026-08-28T20:37:47.384513Z,1.3807,1.3809,0.0002,1.3808,-0.1011204819701430534348310306
XRP-USD,2026-08-28T20:37:47.395851Z,1.3807,1.3809,0.0002,1.3808,-0.08392846432808595463238699460
XRP-USD,2026-08-28T20:37:47.439032Z,1.3807,1.3809,0.0002,1.3808,-0.2310477043667108222268986213
XRP-USD,2026-08-28T20:37:47.632716Z,1.3807,1.3809,0.0002,1.3808,-0.2090045311453463941894853534
XRP-USD,2026-08-28T20:37:47.831053Z,1.3807,1.381,0.0003,1.38085,-0.3236950797123767104267512437
XRP-USD,2026-08-28T20:37:47.963981Z,1.3807,1.381,0.0003,1.38085,-0.3236950797123767104267512437
XRP-USD,2026-08-28T20:37:48.064447Z,1.3807,1.3809,0.0002,1.3808,-0.1062363286919619201716747137
XRP-USD,2026-08-28T20:37:48.095261Z,1.3807,1.3809,0.0002,1.3808,-0.1236422558783712808582861753
XRP-USD,2026-08-28T20:37:48.212716Z,1.3807,1.381,0.0003,1.38085,-0.2312877841388977581041134627
XRP-USD,2026-08-28T20:37:48.268391Z,1.3807,1.381,0.0003,1.38085,-0.1962069489437997269883972764
XRP-USD,2026-08-28T20:37:48.291204Z,1.3807,1.3809,0.0002,1.3808,-0.06285704224796217171049216809
XRP-USD,2026-08-28T20:37:48.393758Z,1.3807,1.3809,0.0002,1.3808,-0.06285704224796217171049216809
XRP-USD,2026-08-28T20:37:48.470735Z,1.3807,1.3809,0.0002,1.3808,-0.07502565941849559783962929673
XRP-USD,2026-08-28T20:37:48.491634Z,1.3807,1.3809,0.0002,1.3808,-0.07502565941849559783962929673
XRP-USD,2026-08-28T20:37:48.567549Z,1.3806,1.3808,0.0002,1.3807,0.04365338674592078061347831729
XRP-USD,2026-08-28T20:37:48.664442Z,1.3806,1.3808,0.0002,1.3807,0.04620421970158841809670765381
XRP-USD,2026-08-28T20:37:48.716574Z,1.3806,1.3808,0.0002,1.3807,0.05401629181613041357459258973
XRP-USD,2026-08-28T20:37:48.767045Z,1.3807,1.3808,0.0001,1.38075,-0.2073748397191745404426824961
XRP-USD,2026-08-28T20:37:48.8082Z,1.3807,1.3808,0.0001,1.38075,-0.2075541221771521791795535038
XRP-USD,2026-08-28T20:37:48.853021Z,1.3807,1.3808,0.0001,1.38075,-0.1897175303563120417812131362
XRP-USD,2026-08-28T20:37:48.912421Z,1.3804,1.3806,0.0002,1.3805,0.4636546748677243492028983311
XRP-USD,2026-08-28T20:37:48.972298Z,1.3804,1.3806,0.0002,1.3805,0.3189207002710532113812412037
XRP-USD,2026-08-28T20:37:49.022257Z,1.3804,1.3806,0.0002,1.3805,0.2061177531574194277603324457
XRP-USD,2026-08-28T20:37:49.072947Z,1.3804,1.3806,0.0002,1.3805,0.2311518882485212136181855279
XRP-USD,2026-08-28T20:37:49.112417Z,1.3804,1.3806,0.0002,1.3805,0.2014004715560145466964163028
XRP-USD,2026-08-28T20:37:49.173837Z,1.3804,1.3806,0.0002,1.3805,0.1854903753961986675192232509
XRP-USD,2026-08-28T20:37:49.220785Z,1.3804,1.3806,0.0002,1.3805,0.1776964681927215132745259488
XRP-USD,2026-08-28T20:37:49.247807Z,1.3804,1.3806,0.0002,1.3805,0.1776964681927215132745259488
XRP-USD,2026-08-28T20:37:49.294992Z,1.3804,1.3806,0.0002,1.3805,0.1776964681927215132745259488
XRP-USD,2026-08-28T20:37:49.385286Z,1.3804,1.3806,0.0002,1.3805,0.06846828114117003972593420906
XRP-USD,2026-08-28T20:37:49.444103Z,1.3804,1.3806,0.0002,1.3805,0.08302648998069685428950445177
XRP-USD,2026-08-28T20:37:49.523232Z,1.3804,1.3806,0.0002,1.3805,0.1890615755513550926493459900
XRP-USD,2026-08-28T20:37:49.62281Z,1.3806,1.3808,0.0002,1.3807,0.01360601826418870158041404103
XRP-USD,2026-08-28T20:37:49.664118Z,1.3806,1.3808,0.0002,1.3807,-0.02237360727689052858000602400
XRP-USD,2026-08-28T20:37:49.719777Z,1.3806,1.3808,0.0002,1.3807,-0.2675775134030695256767210990
XRP-USD,2026-08-28T20:37:49.762558Z,1.3806,1.3808,0.0002,1.3807,-0.2942907851991307014710184615
XRP-USD,2026-08-28T20:37:49.821206Z,1.3806,1.3808,0.0002,1.3807,-0.3333652215917040652924384560
XRP-USD,2026-08-28T20:37:49.935938Z,1.3806,1.3808,0.0002,1.3807,-0.3529490271328642749067383718
XRP-USD,2026-08-28T20:37:49.967105Z,1.3806,1.3808,0.0002,1.3807,-0.3529490271328642749067383718
XRP-USD,2026-08-28T20:37:50.023279Z,1.3806,1.3808,0.0002,1.3807,-0.3527996637523286148125257456
XRP-USD,2026-08-28T20:37:50.053008Z,1.3806,1.3808,0.0002,1.3807,-0.2753764354827575559822413644
XRP-USD,2026-08-28T20:37:50.123883Z,1.3806,1.3808,0.0002,1.3807,-0.2636503426608780177519003354
XRP-USD,2026-08-28T20:37:50.162055Z,1.3806,1.3808,0.0002,1.3807,-0.2636503426608780177519003354
XRP-USD,2026-08-28T20:37:50.221906Z,1.3806,1.3809,0.0003,1.38075,-0.3096518790242907622305709207
XRP-USD,2026-08-28T20:37:50.281997Z,1.3807,1.3809,0.0002,1.3808,-0.4872193230088294458049113225
XRP-USD,2026-08-28T20:37:50.314489Z,1.3807,1.3809,0.0002,1.3808,-0.4872193230088294458049113225
XRP-USD,2026-08-28T20:37:50.382153Z,1.3807,1.3809,0.0002,1.3808,-0.4645561742075355663491599588
XRP-USD,2026-08-28T20:37:50.419871Z,1.3807,1.381,0.0003,1.38085,-0.5572514581882764098990675392
XRP-USD,2026-08-28T20:37:50.478351Z,1.3807,1.381,0.0003,1.38085,-0.5538131298315319552600744234
XRP-USD,2026-08-28T20:37:50.506406Z,1.3807,1.3809,0.0002,1.3808,-0.3596730380618508081625096017
XRP-USD,2026-08-28T20:37:50.535307Z,1.3807,1.3809,0.0002,1.3808,-0.3404925048329953869624012821
XRP-USD,2026-08-28T20:37:50.632956Z,1.3807,1.381,0.0003,1.38085,-0.3813508878936449360670087120
XRP-USD,2026-08-28T20:37:50.674185Z,1.3807,1.381,0.0003,1.38085,-0.3933240424621960985413101789
XRP-USD,2026-08-28T20:37:50.728257Z,1.3807,1.381,0.0003,1.38085,-0.3854951743322519038261987984
XRP-USD,2026-08-28T20:37:50.770268Z,1.3807,1.381,0.0003,1.38085,-0.3823672280774097591526378368
XRP-USD,2026-08-28T20:37:50.868688Z,1.3807,1.381,0.0003,1.38085,-0.3657445470730826398856284528
XRP-USD,2026-08-28T20:37:50.935633Z,1.3807,1.381,0.0003,1.38085,-0.3657445470730826398856284528
XRP-USD,2026-08-28T20:37:50.959426Z,1.3807,1.381,0.0003,1.38085,-0.3657445470730826398856284528
XRP-USD,2026-08-28T20:37:51.028307Z,1.3807,1.381,0.0003,1.38085,-0.4418740158131756851119350991
XRP-USD,2026-08-28T20:37:51.079353Z,1.3807,1.381,0.0003,1.38085,-0.4328256189142830368768671488
XRP-USD,2026-08-28T20:37:51.123965Z,1.3807,1.381,0.0003,1.38085,-0.4267895113946968319169424530
XRP-USD,2026-08-28T20:37:51.167295Z,1.3807,1.381,0.0003,1.38085,-0.4346916895453187797633333625
XRP-USD,2026-08-28T20:37:51.254939Z,1.3807,1.381,0.0003,1.38085,-0.4346916895453187797633333625
XRP-USD,2026-08-28T20:37:51.292963Z,1.3807,1.381,0.0003,1.38085,-0.4359550518173069940042758387
XRP-USD,2026-08-28T20:37:51.36781Z,1.3807,1.381,0.0003,1.38085,-0.4510389864071151099932842927
XRP-USD,2026-08-28T20:37:51.417641Z,1.3807,1.381,0.0003,1.38085,-0.4421384919812642653772103228
XRP-USD,2026-08-28T20:37:51.470983Z,1.3807,1.381,0.0003,1.38085,-0.4421384919812642653772103228
XRP-USD,2026-08-28T20:37:51.570238Z,1.3807,1.381,0.0003,1.38085,-0.4421384919812642653772103228
XRP-USD,2026-08-28T20:37:51.730711Z,1.3807,1.381,0.0003,1.38085,-0.4421384919812642653772103228
XRP-USD,2026-08-28T20:37:51.736633Z,1.3807,1.381,0.0003,1.38085,-0.4421384919812642653772103228
XRP-USD,2026-08-28T20:37:52.000034Z,1.3807,1.381,0.0003,1.38085,-0.4421384919812642653772103228
XRP-USD,2026-08-28T20:37:52.04298Z,1.3807,1.381,0.0003,1.38085,-0.4018648659212818634941516466
XRP-USD,2026-08-28T20:37:52.175441Z,1.3808,1.381,0.0002,1.3809,-0.1405420246358402931142754096
XRP-USD,2026-08-28T20:37:52.224171Z,1.3809,1.3811,0.0002,1.3810,0.1092830263239078487501994679
XRP-USD,2026-08-28T20:37:52.270732Z,1.3809,1.3811,0.0002,1.3810,0.1395315272409448747560847605
XRP-USD,2026-08-28T20:37:52.326214Z,1.3809,1.3811,0.0002,1.3810,0.1232547188942525920393328672
XRP-USD,2026-08-28T20:37:52.376769Z,1.3809,1.3811,0.0002,1.3810,0.06075229720591631710270536245
XRP-USD,2026-08-28T20:37:52.42337Z,1.3809,1.3811,0.0002,1.3810,-0.1492595972081528027770944735
XRP-USD,2026-08-28T20:37:52.452693Z,1.3809,1.3811,0.0002,1.3810,-0.2064383619218022707653910541
XRP-USD,2026-08-28T20:37:52.577668Z,1.3809,1.3811,0.0002,1.3810,-0.2188315192606430459229224329
XRP-USD,2026-08-28T20:37:52.631477Z,1.3809,1.3811,0.0002,1.3810,-0.2188315192606430459229224329
XRP-USD,2026-08-28T20:37:52.653971Z,1.3809,1.3811,0.0002,1.3810,-0.2188315192606430459229224329
XRP-USD,2026-08-28T20:37:52.762531Z,1.3809,1.3811,0.0002,1.3810,-0.1677533460623141063296315305
XRP-USD,2026-08-28T20:37:52.799618Z,1.3809,1.3811,0.0002,1.3810,-0.1677533460623141063296315305
XRP-USD,2026-08-28T20:37:52.924633Z,1.3809,1.381,0.0001,1.38095,0.01680929054763621851087093004
XRP-USD,2026-08-28T20:37:52.974863Z,1.3809,1.3811,0.0002,1.3810,-0.2068221221351465509317902940
XRP-USD,2026-08-28T20:37:53.074197Z,1.3808,1.3811,0.0003,1.38095,-0.07598628172922605061667054149
XRP-USD,2026-08-28T20:37:53.123833Z,1.3808,1.3811,0.0003,1.38095,-0.07598628172922605061667054149
XRP-USD,2026-08-28T20:37:53.197016Z,1.3808,1.3811,0.0003,1.38095,-0.07613309169918726526035019944
XRP-USD,2026-08-28T20:37:53.273357Z,1.3808,1.3811,0.0003,1.38095,-0.08758912824135666000475677887
XRP-USD,2026-08-28T20:37:53.477396Z,1.3808,1.3811,0.0003,1.38095,-0.08758912824135666000475677887
XRP-USD,2026-08-28T20:37:53.483394Z,1.3808,1.3811,0.0003,1.38095,-0.08758912824135666000475677887
XRP-USD,2026-08-28T20:37:53.594139Z,1.3808,1.3811,0.0003,1.38095,-0.08758912824135666000475677887
XRP-USD,2026-08-28T20:37:53.711492Z,1.3808,1.3811,0.0003,1.38095,-0.08758912824135666000475677887
XRP-USD,2026-08-28T20:37:53.76357Z,1.3808,1.3811,0.0003,1.38095,-0.08758912824135666000475677887
XRP-USD,2026-08-28T20:37:54.031948Z,1.3808,1.3811,0.0003,1.38095,-0.08744259498677297408376790601
XRP-USD,2026-08-28T20:37:54.180959Z,1.3808,1.3811,0.0003,1.38095,-0.08744259498677297408376790601
XRP-USD,2026-08-28T20:37:54.212595Z,1.3808,1.3811,0.0003,1.38095,-0.06522582288849098599401396706
XRP-USD,2026-08-28T20:37:54.28158Z,1.3808,1.3811,0.0003,1.38095,-0.09429871092339621233901267252
XRP-USD,2026-08-28T20:37:54.314655Z,1.3808,1.3811,0.0003,1.38095,-0.09929170108788205535776197765
XRP-USD,2026-08-28T20:37:54.389195Z,1.3808,1.3811,0.0003,1.38095,-0.1116771743571938675280521112
XRP-USD,2026-08-28T20:37:54.429928Z,1.3808,1.3811,0.0003,1.38095,-0.09929170108788205535776197765
XRP-USD,2026-08-28T20:37:54.447281Z,1.3808,1.3811,0.0003,1.38095,-0.09929170108788205535776197765
XRP-USD,2026-08-28T20:37:54.530559Z,1.3808,1.3811,0.0003,1.38095,-0.09929170108788205535776197765
XRP-USD,2026-08-28T20:37:54.536335Z,1.3808,1.3811,0.0003,1.38095,-0.09929170108788205535776197765
XRP-USD,2026-08-28T20:37:54.611555Z,1.3808,1.3811,0.0003,1.38095,0.09753478477424770606777852533
XRP-USD,2026-08-28T20:37:54.649774Z,1.3808,1.3811,0.0003,1.38095,0.09753478477424770606777852533
XRP-USD,2026-08-28T20:37:54.727297Z,1.3808,1.3811,0.0003,1.38095,0.09304426701396050599226126160
XRP-USD,2026-08-28T20:37:54.77187Z,1.3808,1.3811,0.0003,1.38095,0.1079212370825423921234160976
XRP-USD,2026-08-28T20:37:54.832724Z,1.3808,1.3811,0.0003,1.38095,0.1079212370825423921234160976
XRP-USD,2026-08-28T20:37:54.843179Z,1.3808,1.3811,0.0003,1.38095,0.1089447192818021454503452443
XRP-USD,2026-08-28T20:37:54.903968Z,1.3809,1.3811,0.0002,1.3810,0.03636737027779421212180804248
XRP-USD,2026-08-28T20:37:54.970768Z,1.3809,1.3811,0.0002,1.3810,0.03545812495608676123193803788
XRP-USD,2026-08-28T20:37:55.023805Z,1.3809,1.3811,0.0002,1.3810,0.03545812495608676123193803788
XRP-USD,2026-08-28T20:37:55.047594Z,1.3809,1.3811,0.0002,1.3810,0.09829747823189377236313623348
XRP-USD,2026-08-28T20:37:55.116278Z,1.3809,1.3811,0.0002,1.3810,0.09829747823189377236313623348
XRP-USD,2026-08-28T20:37:55.158363Z,1.3809,1.3811,0.0002,1.3810,0.07922731076020042314814854792
XRP-USD,2026-08-28T20:37:55.2095Z,1.3809,1.3811,0.0002,1.3810,0.07922731076020042314814854792
XRP-USD,2026-08-28T20:37:55.238355Z,1.3809,1.3811,0.0002,1.3810,0.07922731076020042314814854792
XRP-USD,2026-08-28T20:37:55.331387Z,1.3809,1.3811,0.0002,1.3810,0.09500950656004925593304531402
XRP-USD,2026-08-28T20:37:55.429421Z,1.3809,1.3811,0.0002,1.3810,0.09500950656004925593304531402
XRP-USD,2026-08-28T20:37:55.470957Z,1.3809,1.3811,0.0002,1.3810,0.09500950656004925593304531402
XRP-USD,2026-08-28T20:37:55.577084Z,1.3809,1.3811,0.0002,1.3810,0.09500950656004925593304531402
XRP-USD,2026-08-28T20:37:55.59157Z,1.3809,1.3811,0.0002,1.3810,0.09500950656004925593304531402
XRP-USD,2026-08-28T20:37:55.698428Z,1.3809,1.3811,0.0002,1.3810,0.1149621462832864175845608922
XRP-USD,2026-08-28T20:37:55.779644Z,1.3809,1.3811,0.0002,1.3810,0.07416449565699684495038878522
XRP-USD,2026-08-28T20:37:55.783366Z,1.3809,1.3811,0.0002,1.3810,0.05123111551529013480227991260
XRP-USD,2026-08-28T20:37:55.864567Z,1.3809,1.3811,0.0002,1.3810,0.03747685257290829705745185699
XRP-USD,2026-08-28T20:37:55.919602Z,1.3807,1.3809,0.0002,1.3808,-0.2381037000329693620386257538
XRP-USD,2026-08-28T20:37:55.96158Z,1.3806,1.3809,0.0003,1.38075,-0.3821376869636100667739319689
XRP-USD,2026-08-28T20:37:56.018687Z,1.3806,1.3808,0.0002,1.3807,-0.4320714046206845497175987148
XRP-USD,2026-08-28T20:37:56.061969Z,1.3806,1.3809,0.0003,1.38075,-0.3272455392176867951778454655
XRP-USD,2026-08-28T20:37:56.107017Z,1.3806,1.3808,0.0002,1.3807,-0.3437180337465072100764356754
XRP-USD,2026-08-28T20:37:56.16213Z,1.3806,1.3808,0.0002,1.3807,-0.3437180337465072100764356754
XRP-USD,2026-08-28T20:37:56.207779Z,1.3806,1.3808,0.0002,1.3807,-0.3697668456792339633224170799
XRP-USD,2026-08-28T20:37:56.267653Z,1.3806,1.3808,0.0002,1.3807,-0.3817519692515088410205335773
XRP-USD,2026-08-28T20:37:56.327174Z,1.3805,1.3808,0.0003,1.38065,-0.05481063268276761198187706552
XRP-USD,2026-08-28T20:37:56.359572Z,1.3805,1.3808,0.0003,1.38065,-0.03776453144144229127785780152
XRP-USD,2026-08-28T20:37:56.424806Z,1.3805,1.3808,0.0003,1.38065,-0.03779233616674802180730984711
XRP-USD,2026-08-28T20:37:56.471823Z,1.3805,1.3808,0.0003,1.38065,-0.03711972742502924337751249346
XRP-USD,2026-08-28T20:37:56.519046Z,1.3805,1.3807,0.0002,1.3806,0.02071073429796370173877024494
XRP-USD,2026-08-28T20:37:56.574769Z,1.3804,1.3806,0.0002,1.3805,0.5147973801967640034011087887
XRP-USD,2026-08-28T20:37:56.61973Z,1.3804,1.3806,0.0002,1.3805,0.1737202390819149399532046957
XRP-USD,2026-08-28T20:37:56.675229Z,1.3804,1.3806,0.0002,1.3805,0.1787604304296342836224819301
XRP-USD,2026-08-28T20:37:56.715457Z,1.3804,1.3806,0.0002,1.3805,0.1482590227704195991149225182
XRP-USD,2026-08-28T20:37:56.749028Z,1.3804,1.3806,0.0002,1.3805,0.1224059830528614694722062241
XRP-USD,2026-08-28T20:37:56.821619Z,1.3804,1.3806,0.0002,1.3805,0.1224059830528614694722062241
XRP-USD,2026-08-28T20:37:56.861687Z,1.3804,1.3806,0.0002,1.3805,0.1224059830528614694722062241
XRP-USD,2026-08-28T20:37:56.90136Z,1.3804,1.3806,0.0002,1.3805,0.1224059830528614694722062241
XRP-USD,2026-08-28T20:37:56.971537Z,1.3804,1.3807,0.0003,1.38055,0.3074245785455760425259624944
XRP-USD,2026-08-28T20:37:57.012109Z,1.3805,1.3807,0.0002,1.3806,-0.07764090156455161369532407713
XRP-USD,2026-08-28T20:37:57.07912Z,1.3804,1.3807,0.0003,1.38055,0.3626907252428614226370472617
XRP-USD,2026-08-28T20:37:57.089593Z,1.3804,1.3807,0.0003,1.38055,0.3626907252428614226370472617
XRP-USD,2026-08-28T20:37:57.172809Z,1.3804,1.3807,0.0003,1.38055,0.3698771769060129499329387552
XRP-USD,2026-08-28T20:37:57.21411Z,1.3804,1.3807,0.0003,1.38055,0.3698771769060129499329387552
XRP-USD,2026-08-28T20:37:57.329712Z,1.3804,1.3807,0.0003,1.38055,0.3589470896491141619021852943
XRP-USD,2026-08-28T20:37:57.404081Z,1.3804,1.3807,0.0003,1.38055,0.3589470896491141619021852943
XRP-USD,2026-08-28T20:37:57.471998Z,1.3804,1.3807,0.0003,1.38055,0.3611544011753628642912169379
XRP-USD,2026-08-28T20:37:57.503319Z,1.3804,1.3807,0.0003,1.38055,0.3046784234518210460277966945
